# Nv = 1628  Nvt = 0  Nvn = 1363  Npoly = 3688
# Blender 5.0.1
# www.blender.org
mtllib haedosat_sim42.mtl
o haedosat_sim42
v 0.013330 -0.154346 0.049000
v 0.010699 -0.154149 0.049000
v 0.013293 -0.154149 0.047000
v 0.012150 -0.157026 0.049000
v 0.011842 -0.157026 0.047000
v 0.010662 -0.154346 0.047000
v -0.014158 0.157026 0.049000
v 0.011842 0.157026 0.049000
v -0.015301 -0.154149 0.049000
v 0.010895 0.153953 0.049000
v -0.012707 0.154149 0.049000
v 0.013446 0.154547 0.049000
v -0.012670 -0.154346 0.049000
v 0.038498 0.149894 0.049000
v 0.038640 -0.149752 0.049000
v 0.021996 0.160250 0.049000
v -0.013850 -0.157026 0.049000
v -0.024004 0.160250 0.048250
v -0.040506 -0.149894 0.049000
v -0.040648 0.149752 0.049000
v 0.021996 0.150250 0.047800
v -0.024004 -0.160250 0.049000
v 0.021996 -0.160250 0.048000
v 0.021996 -0.150250 0.049000
v -0.024004 -0.150250 0.049000
v -0.024004 0.150250 0.049000
v -0.015338 0.154346 0.049000
v 0.012150 0.157026 0.047000
v -0.012670 0.154346 0.047000
v -0.013850 0.157026 0.047000
v -0.015301 0.154149 0.047000
v -0.012402 -0.155823 0.047000
v 0.038498 -0.149894 0.047000
v 0.038640 0.149752 0.047000
v 0.021996 0.160250 0.047000
v 0.013330 0.154346 0.047000
v -0.040506 0.149894 0.047000
v -0.040648 -0.149752 0.047000
v -0.024004 -0.160250 0.047000
v -0.014908 -0.156584 0.047000
v 0.010699 0.154149 0.047000
v -0.024004 0.150250 0.047000
v -0.024004 -0.150250 0.047000
v 0.021996 -0.150250 0.047000
v -0.014759 -0.153635 0.047000
v 0.029311 0.159250 0.016500
v 0.034000 0.159250 -0.001000
v 0.016500 0.159250 0.029311
v -0.001000 0.159250 0.034000
v -0.018500 0.159250 0.029311
v -0.031311 0.159250 0.016500
v -0.036000 0.159250 -0.001000
v -0.031311 0.159250 -0.018500
v -0.018500 0.159250 -0.031311
v -0.001000 0.159250 -0.036000
v 0.016500 0.159250 -0.031311
v 0.029311 0.159250 -0.018500
v 0.045000 0.157470 -0.036940
v -0.036943 0.157409 -0.047000
v -0.014145 0.157338 -0.047000
v 0.011868 0.157470 -0.047000
v 0.034663 0.157338 -0.047000
v -0.047000 0.158250 -0.047000
v 0.045000 0.158250 -0.047000
v 0.045000 0.157338 -0.014145
v 0.045000 0.157470 0.011868
v 0.045000 0.157409 0.034665
v 0.045000 0.158250 0.045000
v -0.047000 0.158250 0.045000
v -0.049000 0.160250 -0.049000
v -0.049000 0.160250 0.047000
v 0.047000 0.160250 -0.033054
v 0.031054 0.160250 -0.049000
v 0.047000 0.160250 -0.021654
v 0.047000 0.160250 -0.049000
v -0.021654 0.160250 -0.049000
v -0.033054 0.160250 -0.049000
v 0.047000 0.160250 -0.001000
v 0.019654 0.160250 -0.049000
v -0.001000 0.160250 -0.049000
v 0.047000 0.160250 0.031054
v 0.047000 0.160250 0.047000
v 0.047000 0.160250 0.019654
v -0.047000 0.150250 0.045000
v -0.047000 0.157026 0.034958
v -0.047000 0.150250 0.031054
v -0.047000 0.154149 0.033507
v -0.047000 0.154346 0.036138
v -0.047000 0.157026 0.027458
v -0.047000 0.150250 0.009327
v -0.047000 0.154149 0.026007
v -0.047000 0.154346 0.028638
v -0.047000 0.154149 0.010707
v -0.047000 0.156393 0.010971
v -0.047000 0.155561 0.013787
v -0.047000 0.150250 -0.021654
v -0.047000 0.154149 -0.015301
v -0.047000 0.157026 -0.013850
v -0.047000 0.154346 -0.012670
v -0.047000 0.150250 -0.033054
v -0.047000 0.154149 -0.030601
v -0.047000 0.157026 -0.029150
v -0.047000 0.154346 -0.027970
v -0.047000 0.150250 -0.047000
v -0.047000 0.154149 -0.038101
v -0.047000 0.157026 -0.036650
v -0.047000 0.154346 -0.035470
v -0.047000 0.157500 0.019654
v -0.049000 0.150250 -0.049000
v -0.049000 0.150250 -0.033054
v -0.049000 0.154149 -0.035507
v -0.049000 0.154346 -0.038138
v -0.049000 0.157026 -0.036958
v -0.049000 0.154149 -0.028007
v -0.049000 0.154346 -0.030638
v -0.049000 0.150250 -0.021654
v -0.049000 0.157026 -0.029458
v -0.049000 0.150250 -0.001000
v -0.049000 0.154149 -0.012707
v -0.049000 0.154346 -0.015338
v -0.049000 0.157026 -0.014158
v -0.049000 0.150250 0.025354
v -0.049000 0.154346 0.010670
v -0.049000 0.154149 0.013301
v -0.049000 0.157026 0.011850
v -0.049000 0.154939 0.029087
v -0.049000 0.156584 0.026400
v -0.049000 0.154346 0.025970
v -0.049000 0.154346 0.033470
v -0.049000 0.150250 0.047000
v -0.049000 0.154149 0.036101
v -0.049000 0.157026 0.034650
v 0.047000 0.150250 0.047000
v 0.045000 0.150250 0.045000
v -0.033054 0.150250 0.047000
v -0.021654 0.150250 0.047000
v -0.033054 0.150250 0.045000
v 0.047000 0.150250 -0.049000
v -0.021654 0.150250 0.045000
v -0.001000 0.150250 0.047000
v 0.045000 0.150250 -0.047000
v 0.009327 0.150250 0.045000
v 0.025354 0.150250 0.047000
v 0.031054 0.150250 0.045000
v 0.034958 0.157026 0.045000
v 0.033507 0.154149 0.045000
v 0.036138 0.154346 0.045000
v 0.027458 0.157026 0.045000
v 0.026007 0.154149 0.045000
v 0.028638 0.154346 0.045000
v 0.010707 0.154149 0.045000
v 0.010971 0.156393 0.045000
v 0.013787 0.155561 0.045000
v -0.012670 0.154346 0.045000
v -0.013850 0.157026 0.045000
v -0.015301 0.154149 0.045000
v -0.029150 0.157026 0.045000
v -0.027970 0.154346 0.045000
v -0.030601 0.154149 0.045000
v -0.036650 0.157026 0.045000
v -0.038101 0.154149 0.045000
v -0.035470 0.154346 0.045000
v 0.019654 0.157500 0.045000
v -0.038138 0.154346 0.047000
v -0.035507 0.154149 0.047000
v -0.036958 0.157026 0.047000
v -0.030638 0.154346 0.047000
v -0.028007 0.154149 0.047000
v -0.029458 0.157026 0.047000
v -0.012707 0.154149 0.047000
v -0.015338 0.154346 0.047000
v -0.014158 0.157026 0.047000
v 0.010670 0.154346 0.047000
v 0.013301 0.154149 0.047000
v 0.011850 0.157026 0.047000
v 0.025970 0.154346 0.047000
v 0.029087 0.154939 0.047000
v 0.026400 0.156584 0.047000
v 0.033470 0.154346 0.047000
v 0.036101 0.154149 0.047000
v 0.034650 0.157026 0.047000
v 0.045000 0.154149 0.036101
v 0.045000 0.154346 0.033470
v 0.045000 0.154346 0.025970
v 0.045000 0.154149 0.028601
v 0.045000 0.157026 0.027150
v 0.045000 0.154547 0.013454
v 0.045000 0.153953 0.010903
v 0.045000 0.154149 -0.012707
v 0.045000 0.154346 -0.015338
v 0.045000 0.154346 -0.030638
v 0.045000 0.154149 -0.028007
v 0.045000 0.157026 -0.029458
v 0.045000 0.154346 -0.038138
v 0.045000 0.154149 -0.035507
v 0.047000 0.154149 -0.038101
v 0.047000 0.157026 -0.036650
v 0.047000 0.154346 -0.035470
v 0.047000 0.154149 -0.030601
v 0.047000 0.157026 -0.029150
v 0.047000 0.154346 -0.027970
v 0.047000 0.157026 -0.013850
v 0.047000 0.154149 -0.015301
v 0.047000 0.154346 -0.012670
v 0.047000 0.157026 0.012158
v 0.047000 0.154149 0.010707
v 0.047000 0.154346 0.013338
v 0.047000 0.157026 0.027458
v 0.047000 0.154346 0.028638
v 0.047000 0.154149 0.026007
v 0.047000 0.157026 0.034958
v 0.047000 0.154149 0.033507
v 0.047000 0.154346 0.036138
v 0.047000 0.152000 -0.001000
v 0.047000 0.152000 0.019654
v 0.036101 0.154149 -0.047000
v 0.033470 0.154346 -0.047000
v 0.028601 0.154149 -0.047000
v 0.027150 0.157026 -0.047000
v 0.025970 0.154346 -0.047000
v 0.010903 0.153953 -0.047000
v 0.013454 0.154547 -0.047000
v -0.012707 0.154149 -0.047000
v -0.015338 0.154346 -0.047000
v -0.030638 0.154346 -0.047000
v -0.028007 0.154149 -0.047000
v -0.029458 0.157026 -0.047000
v -0.038138 0.154346 -0.047000
v -0.035507 0.154149 -0.047000
v -0.038101 0.154149 -0.049000
v -0.036650 0.157026 -0.049000
v -0.035470 0.154346 -0.049000
v -0.030601 0.154149 -0.049000
v -0.029150 0.157026 -0.049000
v -0.027970 0.154346 -0.049000
v -0.012670 0.154346 -0.049000
v -0.013850 0.157026 -0.049000
v -0.015301 0.154149 -0.049000
v 0.012158 0.157026 -0.049000
v 0.010707 0.154149 -0.049000
v 0.013338 0.154346 -0.049000
v 0.027458 0.157026 -0.049000
v 0.028638 0.154346 -0.049000
v 0.026007 0.154149 -0.049000
v 0.034958 0.157026 -0.049000
v 0.036138 0.154346 -0.049000
v 0.033507 0.154149 -0.049000
v -0.001000 0.152000 -0.049000
v 0.019654 0.152000 -0.049000
v -0.015338 0.154346 -0.049000
v -0.012707 0.154149 -0.049000
v -0.015301 0.154149 -0.051000
v -0.014158 0.157026 -0.049000
v -0.013850 0.157026 -0.051000
v -0.012670 0.154346 -0.051000
v 0.012150 -0.157026 -0.049000
v -0.013850 -0.157026 -0.049000
v 0.013293 0.154149 -0.049000
v -0.012903 -0.153953 -0.049000
v 0.010699 -0.154149 -0.049000
v -0.015454 -0.154547 -0.049000
v 0.010662 0.154346 -0.049000
v -0.040506 -0.149894 -0.049000
v -0.040648 0.149752 -0.049000
v -0.024004 -0.160250 -0.049000
v 0.011842 0.157026 -0.049000
v 0.021996 -0.160250 -0.049750
v 0.038498 0.149894 -0.049000
v 0.038640 -0.149752 -0.049000
v -0.024004 -0.150250 -0.050200
v 0.021996 0.160250 -0.049000
v -0.024004 0.160250 -0.050000
v -0.024004 0.150250 -0.049000
v 0.021996 0.150250 -0.049000
v 0.021996 -0.150250 -0.049000
v 0.013330 -0.154346 -0.049000
v -0.014158 -0.157026 -0.051000
v 0.010662 -0.154346 -0.051000
v 0.011842 -0.157026 -0.051000
v 0.013293 -0.154149 -0.051000
v 0.010394 0.155823 -0.051000
v -0.040506 0.149894 -0.051000
v -0.040648 -0.149752 -0.051000
v -0.024004 -0.160250 -0.051000
v -0.015338 -0.154346 -0.051000
v 0.038498 -0.149894 -0.051000
v 0.038640 0.149752 -0.051000
v 0.021996 0.160250 -0.051000
v 0.012900 0.156584 -0.051000
v -0.012707 -0.154149 -0.051000
v 0.021996 -0.150250 -0.051000
v 0.021996 0.150250 -0.051000
v -0.024004 0.150250 -0.051000
v 0.012751 0.153635 -0.051000
v -0.051000 -0.154346 0.013330
v -0.051000 -0.154149 0.010699
v -0.049000 -0.154149 0.013293
v -0.051000 -0.157026 0.012150
v -0.049000 -0.157026 0.011842
v -0.049000 -0.154346 0.010662
v -0.051000 0.157026 -0.014158
v -0.051000 0.157026 0.011842
v -0.051000 -0.154149 -0.015301
v -0.051000 0.153953 0.010895
v -0.051000 0.154149 -0.012707
v -0.051000 0.154547 0.013446
v -0.051000 -0.154346 -0.012670
v -0.051000 0.149894 0.038498
v -0.051000 -0.149752 0.038640
v -0.051000 0.160250 0.021996
v -0.051000 -0.157026 -0.013850
v -0.050250 0.160250 -0.024004
v -0.051000 -0.149894 -0.040506
v -0.051000 0.149752 -0.040648
v -0.049800 0.150250 0.021996
v -0.051000 -0.160250 -0.024004
v -0.050000 -0.160250 0.021996
v -0.051000 -0.150250 0.021996
v -0.051000 -0.150250 -0.024004
v -0.051000 0.150250 -0.024004
v -0.051000 0.154346 -0.015338
v -0.049000 0.157026 0.012150
v -0.049000 0.154346 -0.012670
v -0.049000 0.157026 -0.013850
v -0.049000 0.154149 -0.015301
v -0.049000 -0.155823 -0.012402
v -0.049000 -0.149894 0.038498
v -0.049000 0.149752 0.038640
v -0.049000 0.160250 0.021996
v -0.049000 0.154346 0.013330
v -0.049000 0.149894 -0.040506
v -0.049000 -0.149752 -0.040648
v -0.049000 -0.160250 -0.024004
v -0.049000 -0.156584 -0.014908
v -0.049000 0.154149 0.010699
v -0.049000 0.150250 -0.024004
v -0.049000 -0.150250 -0.024004
v -0.049000 -0.150250 0.021996
v -0.049000 -0.153635 -0.014759
v -0.049000 0.043026 0.038776
v -0.049000 0.041846 0.036096
v -0.051000 0.041404 0.037154
v -0.051000 0.044477 0.038101
v -0.049000 0.044477 0.035899
v -0.051000 0.043883 0.035550
v -0.050000 0.150250 0.022000
v -0.050000 0.160250 0.022000
v -0.049000 0.154319 0.025313
v -0.049000 0.150250 0.031054
v -0.049000 0.154135 0.028950
v -0.049000 0.160250 0.031054
v -0.049000 0.157226 0.028010
v -0.049667 0.170250 0.039000
v -0.049000 0.170250 0.047000
v -0.050000 -0.150250 0.022000
v -0.049000 -0.150250 0.031054
v -0.049000 -0.153650 0.025947
v -0.049000 -0.154383 0.029093
v -0.050000 -0.160250 0.022000
v -0.049000 -0.160250 0.031054
v -0.049000 -0.157441 0.027115
v -0.049000 -0.149998 0.038531
v -0.049000 -0.160502 0.038531
v -0.050000 -0.170250 0.039000
v -0.049000 -0.170250 0.047000
v -0.049000 -0.038180 0.034000
v -0.049000 -0.048180 0.034000
v -0.049000 0.048180 0.034000
v -0.049000 0.038180 0.034000
v -0.049000 0.160542 0.038655
v -0.049000 0.149998 0.038531
v -0.049000 0.099040 0.047000
v -0.049000 -0.157441 0.034615
v -0.049000 -0.153650 0.033447
v -0.049000 -0.154383 0.036593
v -0.049000 0.154319 0.032813
v -0.049000 0.157226 0.035510
v -0.049000 0.154135 0.036450
v -0.049000 -0.043334 0.038776
v -0.049000 -0.037824 0.038502
v -0.049000 0.000000 0.047000
v -0.049000 -0.048632 0.038712
v -0.049000 -0.041730 0.036297
v -0.049000 -0.044281 0.035703
v -0.049000 0.048632 0.038712
v -0.049000 0.037711 0.038748
v -0.051000 0.150250 0.031054
v -0.051000 0.149998 0.038446
v -0.051000 0.160250 0.031054
v -0.051000 0.160538 0.038548
v -0.051000 -0.160581 0.038669
v -0.051000 -0.160250 0.031054
v -0.051000 -0.150250 0.031054
v -0.051000 -0.149998 0.038446
v -0.051000 -0.048752 0.038780
v -0.051000 -0.048180 0.034000
v -0.051000 -0.038180 0.034000
v -0.051000 -0.037608 0.038780
v -0.051000 0.037732 0.038552
v -0.051000 0.038180 0.034000
v -0.051000 0.048180 0.034000
v -0.051000 0.048752 0.038780
v -0.051000 -0.043935 0.038615
v -0.051000 -0.041578 0.036427
v -0.051000 -0.044084 0.035666
v -0.051000 0.157441 0.027115
v -0.051000 0.154383 0.029093
v -0.051000 0.153650 0.025947
v -0.051000 0.157441 0.034615
v -0.051000 0.154383 0.036593
v -0.051000 0.153650 0.033447
v -0.051000 -0.154135 0.036450
v -0.051000 -0.157226 0.035510
v -0.051000 -0.154319 0.032813
v -0.051000 -0.154135 0.028950
v -0.051000 -0.157226 0.028010
v -0.051000 -0.154319 0.025313
v -0.051000 0.170250 0.049000
v -0.051000 0.049520 0.049000
v -0.051000 -0.170250 0.049000
v -0.041000 -0.170250 0.048000
v -0.041000 0.170250 0.047667
v -0.040655 -0.160542 0.047000
v -0.040708 -0.160595 0.049000
v -0.033054 -0.160250 0.049000
v -0.033054 -0.160250 0.047000
v -0.024000 -0.160250 0.048000
v -0.024000 -0.150250 0.048000
v -0.033054 -0.150250 0.047000
v -0.033054 -0.150250 0.049000
v -0.040428 -0.150030 0.049000
v -0.040548 -0.149962 0.047000
v -0.040712 -0.048632 0.047000
v -0.040780 -0.048752 0.049000
v -0.036000 -0.048180 0.047000
v -0.036000 -0.048180 0.049000
v -0.036000 -0.038180 0.047000
v -0.036000 -0.038180 0.049000
v -0.040502 -0.037824 0.049000
v -0.040780 -0.037608 0.047000
v -0.040780 0.037608 0.049000
v -0.040502 0.037824 0.047000
v -0.036000 0.038180 0.047000
v -0.036000 0.038180 0.049000
v -0.036000 0.048180 0.047000
v -0.036000 0.048180 0.049000
v -0.040712 0.048632 0.049000
v -0.040780 0.048752 0.047000
v -0.040531 0.160502 0.049000
v -0.040446 0.160502 0.047000
v -0.024000 0.160250 0.048000
v -0.033054 0.160250 0.047000
v -0.033054 0.160250 0.049000
v -0.024000 0.150250 0.048000
v -0.033054 0.150250 0.049000
v -0.033054 0.150250 0.047000
v -0.040548 0.149962 0.049000
v -0.040428 0.150030 0.047000
v -0.030950 0.154135 0.049000
v -0.027313 0.154319 0.049000
v -0.030010 0.157226 0.049000
v -0.031093 -0.154383 0.049000
v -0.029115 -0.157441 0.049000
v -0.027947 -0.153650 0.049000
v -0.037510 0.157226 0.049000
v -0.038450 0.154135 0.049000
v -0.034813 0.154319 0.049000
v -0.038593 -0.154383 0.049000
v -0.035447 -0.153650 0.049000
v -0.036615 -0.157441 0.049000
v -0.040334 0.042276 0.049000
v -0.038689 0.044963 0.049000
v -0.038096 0.041846 0.049000
v -0.040297 -0.042079 0.049000
v -0.037666 -0.042276 0.049000
v -0.038846 -0.044956 0.049000
v -0.031093 0.154383 0.047000
v -0.027947 0.153650 0.047000
v -0.029115 0.157441 0.047000
v -0.027313 -0.154319 0.047000
v -0.030010 -0.157226 0.047000
v -0.030950 -0.154135 0.047000
v -0.036615 0.157441 0.047000
v -0.035447 0.153650 0.047000
v -0.038593 0.154383 0.047000
v -0.034813 -0.154319 0.047000
v -0.037510 -0.157226 0.047000
v -0.038450 -0.154135 0.047000
v -0.040615 0.042425 0.047000
v -0.038427 0.044782 0.047000
v -0.037666 0.042276 0.047000
v -0.040334 -0.042276 0.047000
v -0.038689 -0.044963 0.047000
v -0.038096 -0.041846 0.047000
v 0.047000 0.154346 -0.015330
v 0.047000 0.154149 -0.012699
v 0.049000 0.154149 -0.015293
v 0.047000 0.157026 -0.014150
v 0.049000 0.157026 -0.013842
v 0.049000 0.154346 -0.012662
v 0.047000 -0.157026 0.012158
v 0.047000 -0.157026 -0.013842
v 0.047000 0.154149 0.013301
v 0.047000 -0.153953 -0.012895
v 0.047000 -0.154149 0.010707
v 0.047000 -0.154547 -0.015446
v 0.047000 0.154346 0.010670
v 0.047000 -0.149894 -0.040498
v 0.047000 0.149752 -0.040640
v 0.047000 -0.160250 -0.023996
v 0.047000 0.157026 0.011850
v 0.047750 -0.160250 0.022004
v 0.047000 0.149894 0.038506
v 0.047000 -0.149752 0.038648
v 0.048200 -0.150250 -0.023996
v 0.047000 0.160250 0.022004
v 0.048000 0.160250 -0.023996
v 0.047000 0.150250 -0.023996
v 0.047000 0.150250 0.022004
v 0.047000 -0.150250 0.022004
v 0.047000 -0.154346 0.013338
v 0.049000 -0.157026 -0.014150
v 0.049000 -0.154346 0.010670
v 0.049000 -0.157026 0.011850
v 0.049000 -0.154149 0.013301
v 0.049000 0.155823 0.010402
v 0.049000 0.149894 -0.040498
v 0.049000 -0.149752 -0.040640
v 0.049000 -0.160250 -0.023996
v 0.049000 -0.154346 -0.015330
v 0.049000 -0.149894 0.038506
v 0.049000 0.149752 0.038648
v 0.049000 0.160250 0.022004
v 0.049000 0.156584 0.012908
v 0.049000 -0.154149 -0.012699
v 0.049000 -0.150250 0.022004
v 0.049000 0.150250 0.022004
v 0.049000 0.150250 -0.023996
v 0.049000 0.153635 0.012759
v 0.038776 0.043026 0.047000
v 0.036096 0.041846 0.047000
v 0.036297 0.041730 0.049000
v 0.038776 0.043334 0.049000
v 0.035899 0.044477 0.047000
v 0.035703 0.044281 0.049000
v 0.022000 0.150250 0.048000
v 0.022000 0.160250 0.048000
v 0.025313 0.154319 0.047000
v 0.031054 0.150250 0.047000
v 0.028950 0.154135 0.047000
v 0.031054 0.160250 0.047000
v 0.028010 0.157226 0.047000
v 0.039000 0.170250 0.047667
v 0.047000 0.170250 0.047000
v 0.022000 -0.150250 0.048000
v 0.031054 -0.150250 0.047000
v 0.025947 -0.153650 0.047000
v 0.029093 -0.154383 0.047000
v 0.022000 -0.160250 0.048000
v 0.031054 -0.160250 0.047000
v 0.027115 -0.157441 0.047000
v 0.038531 -0.149998 0.047000
v 0.038531 -0.160502 0.047000
v 0.039000 -0.170250 0.048000
v 0.047000 -0.170250 0.047000
v 0.034000 -0.038180 0.047000
v 0.034000 -0.048180 0.047000
v 0.034000 0.048180 0.047000
v 0.034000 0.038180 0.047000
v 0.038655 0.160542 0.047000
v 0.038531 0.149998 0.047000
v 0.047000 0.099040 0.047000
v 0.034615 -0.157441 0.047000
v 0.033447 -0.153650 0.047000
v 0.036593 -0.154383 0.047000
v 0.032813 0.154319 0.047000
v 0.035510 0.157226 0.047000
v 0.036450 0.154135 0.047000
v 0.038143 -0.042147 0.047000
v 0.038502 -0.037824 0.047000
v 0.047000 0.000000 0.047000
v 0.038712 -0.048632 0.047000
v 0.038101 -0.044477 0.047000
v 0.035301 -0.042558 0.047000
v 0.038712 0.048632 0.047000
v 0.038748 0.037711 0.047000
v 0.031054 0.150250 0.049000
v 0.038446 0.149998 0.049000
v 0.031054 0.160250 0.049000
v 0.038548 0.160538 0.049000
v 0.038669 -0.160581 0.049000
v 0.031054 -0.160250 0.049000
v 0.031054 -0.150250 0.049000
v 0.038446 -0.149998 0.049000
v 0.038780 -0.048752 0.049000
v 0.034000 -0.048180 0.049000
v 0.034000 -0.038180 0.049000
v 0.038780 -0.037608 0.049000
v 0.038552 0.037732 0.049000
v 0.034000 0.038180 0.049000
v 0.034000 0.048180 0.049000
v 0.038780 0.048752 0.049000
v 0.038615 -0.043935 0.049000
v 0.036427 -0.041578 0.049000
v 0.035666 -0.044084 0.049000
v 0.027115 0.157441 0.049000
v 0.029093 0.154383 0.049000
v 0.025947 0.153650 0.049000
v 0.034615 0.157441 0.049000
v 0.036593 0.154383 0.049000
v 0.033447 0.153650 0.049000
v 0.036450 -0.154135 0.049000
v 0.035510 -0.157226 0.049000
v 0.032813 -0.154319 0.049000
v 0.028950 -0.154135 0.049000
v 0.028010 -0.157226 0.049000
v 0.025313 -0.154319 0.049000
v 0.049000 0.170250 0.049000
v 0.049000 0.049520 0.049000
v 0.049000 -0.170250 0.049000
v 0.048000 -0.170250 0.039000
v 0.047667 0.170250 0.039000
v 0.047000 -0.160542 0.038655
v 0.049000 -0.160595 0.038708
v 0.049000 -0.160250 0.031054
v 0.047000 -0.160250 0.031054
v 0.048000 -0.160250 0.022000
v 0.048000 -0.150250 0.022000
v 0.047000 -0.150250 0.031054
v 0.049000 -0.150250 0.031054
v 0.049000 -0.150030 0.038428
v 0.047000 -0.149962 0.038548
v 0.047000 -0.048632 0.038712
v 0.049000 -0.048752 0.038780
v 0.047000 -0.048180 0.034000
v 0.049000 -0.048180 0.034000
v 0.047000 -0.038180 0.034000
v 0.049000 -0.038180 0.034000
v 0.049000 -0.037824 0.038502
v 0.047000 -0.037608 0.038780
v 0.049000 0.037608 0.038780
v 0.047000 0.037824 0.038502
v 0.047000 0.038180 0.034000
v 0.049000 0.038180 0.034000
v 0.047000 0.048180 0.034000
v 0.049000 0.048180 0.034000
v 0.049000 0.048632 0.038712
v 0.047000 0.048752 0.038780
v 0.049000 0.160502 0.038531
v 0.047000 0.160502 0.038446
v 0.048000 0.160250 0.022000
v 0.047000 0.160250 0.031054
v 0.049000 0.160250 0.031054
v 0.048000 0.150250 0.022000
v 0.049000 0.150250 0.031054
v 0.047000 0.150250 0.031054
v 0.049000 0.149962 0.038548
v 0.047000 0.150030 0.038428
v 0.049000 0.154135 0.028950
v 0.049000 0.154319 0.025313
v 0.049000 0.157226 0.028010
v 0.049000 -0.154383 0.029093
v 0.049000 -0.157441 0.027115
v 0.049000 -0.153650 0.025947
v 0.049000 0.157226 0.035510
v 0.049000 0.154135 0.036450
v 0.049000 0.154319 0.032813
v 0.049000 -0.154383 0.036593
v 0.049000 -0.153650 0.033448
v 0.049000 -0.157441 0.034615
v 0.049000 0.043491 0.038783
v 0.049000 0.044084 0.035666
v 0.049000 0.041846 0.036096
v 0.049000 -0.044202 0.038461
v 0.049000 -0.041506 0.036695
v 0.049000 -0.043883 0.035550
v 0.047000 0.154383 0.029093
v 0.047000 0.153650 0.025947
v 0.047000 0.157441 0.027115
v 0.047000 -0.154319 0.025313
v 0.047000 -0.157226 0.028010
v 0.047000 -0.154135 0.028950
v 0.047000 0.157441 0.034615
v 0.047000 0.153650 0.033448
v 0.047000 0.154383 0.036593
v 0.047000 -0.154319 0.032813
v 0.047000 -0.157226 0.035510
v 0.047000 -0.154135 0.036450
v 0.047000 0.042875 0.038674
v 0.047000 0.044641 0.035978
v 0.047000 0.041730 0.036297
v 0.047000 -0.043491 0.038783
v 0.047000 -0.044084 0.035666
v 0.047000 -0.041846 0.036096
v 0.047000 0.043026 -0.040776
v 0.047000 0.041846 -0.038096
v 0.049000 0.041846 -0.039904
v 0.049000 0.044477 -0.040101
v 0.047000 0.044477 -0.037899
v 0.049000 0.043026 -0.037224
v 0.048000 0.150250 -0.024000
v 0.048000 0.160250 -0.024000
v 0.047000 0.154319 -0.027313
v 0.047000 0.150250 -0.033054
v 0.047000 0.154135 -0.030950
v 0.047000 0.160250 -0.033054
v 0.047000 0.157226 -0.030010
v 0.047667 0.170250 -0.041000
v 0.047000 0.170250 -0.049000
v 0.048000 -0.150250 -0.024000
v 0.047000 -0.150250 -0.033054
v 0.047000 -0.153650 -0.027947
v 0.047000 -0.154383 -0.031093
v 0.048000 -0.160250 -0.024000
v 0.047000 -0.160250 -0.033054
v 0.047000 -0.157441 -0.029115
v 0.047000 -0.149998 -0.040531
v 0.047000 -0.160502 -0.040531
v 0.048000 -0.170250 -0.041000
v 0.047000 -0.170250 -0.049000
v 0.047000 -0.038180 -0.036000
v 0.047000 -0.048180 -0.036000
v 0.047000 0.048180 -0.036000
v 0.047000 0.038180 -0.036000
v 0.047000 0.160542 -0.040655
v 0.047000 0.149998 -0.040531
v 0.047000 -0.157441 -0.036615
v 0.047000 -0.153650 -0.035447
v 0.047000 -0.154383 -0.038593
v 0.047000 0.154319 -0.034813
v 0.047000 0.157226 -0.037510
v 0.047000 0.154135 -0.038450
v 0.047000 -0.041846 -0.039904
v 0.047000 -0.037824 -0.040502
v 0.047000 0.000000 -0.049000
v 0.047000 -0.048632 -0.040712
v 0.047000 -0.044477 -0.040101
v 0.047000 -0.043026 -0.037224
v 0.047000 0.048632 -0.040712
v 0.047000 0.037711 -0.040748
v 0.049000 0.150250 -0.033054
v 0.049000 0.149998 -0.040446
v 0.049000 0.160250 -0.033054
v 0.049000 0.160538 -0.040548
v 0.049000 -0.160581 -0.040669
v 0.049000 -0.160250 -0.033054
v 0.049000 -0.150250 -0.033054
v 0.049000 -0.149998 -0.040446
v 0.049000 -0.048752 -0.040780
v 0.049000 -0.048180 -0.036000
v 0.049000 -0.038180 -0.036000
v 0.049000 -0.037608 -0.040780
v 0.049000 0.037732 -0.040552
v 0.049000 0.038180 -0.036000
v 0.049000 0.048180 -0.036000
v 0.049000 0.048752 -0.040780
v 0.049000 -0.043935 -0.040615
v 0.049000 -0.041578 -0.038427
v 0.049000 -0.044084 -0.037666
v 0.049000 0.157441 -0.029115
v 0.049000 0.154383 -0.031093
v 0.049000 0.153650 -0.027947
v 0.049000 0.157441 -0.036615
v 0.049000 0.154383 -0.038593
v 0.049000 0.153650 -0.035447
v 0.049000 -0.154135 -0.038450
v 0.049000 -0.157226 -0.037510
v 0.049000 -0.154319 -0.034813
v 0.049000 -0.154135 -0.030950
v 0.049000 -0.157226 -0.030010
v 0.049000 -0.154319 -0.027313
v 0.049000 0.170250 -0.051000
v 0.049000 0.049520 -0.051000
v 0.049000 -0.170250 -0.051000
v 0.039000 -0.170250 -0.050000
v 0.039000 0.170250 -0.049667
v 0.038655 -0.160542 -0.049000
v 0.038708 -0.160595 -0.051000
v 0.031054 -0.160250 -0.051000
v 0.031054 -0.160250 -0.049000
v 0.022000 -0.160250 -0.050000
v 0.022000 -0.150250 -0.050000
v 0.031054 -0.150250 -0.049000
v 0.031054 -0.150250 -0.051000
v 0.038428 -0.150030 -0.051000
v 0.038548 -0.149962 -0.049000
v 0.038712 -0.048632 -0.049000
v 0.038780 -0.048752 -0.051000
v 0.034000 -0.048180 -0.049000
v 0.034000 -0.048180 -0.051000
v 0.034000 -0.038180 -0.049000
v 0.034000 -0.038180 -0.051000
v 0.038502 -0.037824 -0.051000
v 0.038780 -0.037608 -0.049000
v 0.038780 0.037608 -0.051000
v 0.038502 0.037824 -0.049000
v 0.034000 0.038180 -0.049000
v 0.034000 0.038180 -0.051000
v 0.034000 0.048180 -0.049000
v 0.034000 0.048180 -0.051000
v 0.038712 0.048632 -0.051000
v 0.038780 0.048752 -0.049000
v 0.038531 0.160502 -0.051000
v 0.038446 0.160502 -0.049000
v 0.022000 0.160250 -0.050000
v 0.031054 0.160250 -0.049000
v 0.031054 0.160250 -0.051000
v 0.022000 0.150250 -0.050000
v 0.031054 0.150250 -0.051000
v 0.031054 0.150250 -0.049000
v 0.038548 0.149962 -0.051000
v 0.038428 0.150030 -0.049000
v 0.028950 0.154135 -0.051000
v 0.025313 0.154319 -0.051000
v 0.028010 0.157226 -0.051000
v 0.029093 -0.154383 -0.051000
v 0.027115 -0.157441 -0.051000
v 0.025947 -0.153650 -0.051000
v 0.035510 0.157226 -0.051000
v 0.036450 0.154135 -0.051000
v 0.032813 0.154319 -0.051000
v 0.036593 -0.154383 -0.051000
v 0.033448 -0.153650 -0.051000
v 0.034615 -0.157441 -0.051000
v 0.038783 0.043491 -0.051000
v 0.035666 0.044084 -0.051000
v 0.036096 0.041846 -0.051000
v 0.038461 -0.044202 -0.051000
v 0.036695 -0.041506 -0.051000
v 0.035550 -0.043883 -0.051000
v 0.029093 0.154383 -0.049000
v 0.025947 0.153650 -0.049000
v 0.027115 0.157441 -0.049000
v 0.025313 -0.154319 -0.049000
v 0.028010 -0.157226 -0.049000
v 0.028950 -0.154135 -0.049000
v 0.034615 0.157441 -0.049000
v 0.033448 0.153650 -0.049000
v 0.036593 0.154383 -0.049000
v 0.032813 -0.154319 -0.049000
v 0.035510 -0.157226 -0.049000
v 0.036450 -0.154135 -0.049000
v 0.038674 0.042875 -0.049000
v 0.035978 0.044641 -0.049000
v 0.036297 0.041730 -0.049000
v 0.038783 -0.043491 -0.049000
v 0.035666 -0.044084 -0.049000
v 0.036096 -0.041846 -0.049000
v -0.049000 -0.043026 -0.040776
v -0.049000 -0.041846 -0.038096
v -0.051000 -0.041846 -0.039904
v -0.051000 -0.044477 -0.040101
v -0.049000 -0.044477 -0.037899
v -0.051000 -0.043026 -0.037224
v -0.050000 -0.150250 -0.024000
v -0.050000 -0.160250 -0.024000
v -0.049000 -0.154319 -0.027313
v -0.049000 -0.150250 -0.033054
v -0.049000 -0.154135 -0.030950
v -0.049000 -0.160250 -0.033054
v -0.049000 -0.157226 -0.030010
v -0.049667 -0.170250 -0.041000
v -0.049000 -0.170250 -0.049000
v -0.050000 0.150250 -0.024000
v -0.049000 0.150250 -0.033054
v -0.049000 0.153650 -0.027947
v -0.049000 0.154383 -0.031093
v -0.050000 0.160250 -0.024000
v -0.049000 0.160250 -0.033054
v -0.049000 0.157441 -0.029115
v -0.049000 0.149998 -0.040531
v -0.049000 0.160502 -0.040531
v -0.050000 0.170250 -0.041000
v -0.049000 0.170250 -0.049000
v -0.049000 0.038180 -0.036000
v -0.049000 0.048180 -0.036000
v -0.049000 -0.048180 -0.036000
v -0.049000 -0.038180 -0.036000
v -0.049000 -0.160542 -0.040655
v -0.049000 -0.149998 -0.040531
v -0.049000 0.157441 -0.036615
v -0.049000 0.153650 -0.035447
v -0.049000 0.154383 -0.038593
v -0.049000 -0.154319 -0.034813
v -0.049000 -0.157226 -0.037510
v -0.049000 -0.154135 -0.038450
v -0.049000 0.041846 -0.039904
v -0.049000 0.037824 -0.040502
v -0.049000 0.000000 -0.049000
v -0.049000 0.048632 -0.040712
v -0.049000 0.044477 -0.040101
v -0.049000 0.043026 -0.037224
v -0.049000 -0.048632 -0.040712
v -0.049000 -0.037711 -0.040748
v -0.051000 -0.150250 -0.033054
v -0.051000 -0.149998 -0.040446
v -0.051000 -0.160250 -0.033054
v -0.051000 -0.160538 -0.040548
v -0.051000 0.160581 -0.040669
v -0.051000 0.160250 -0.033054
v -0.051000 0.150250 -0.033054
v -0.051000 0.149998 -0.040446
v -0.051000 0.048752 -0.040780
v -0.051000 0.048180 -0.036000
v -0.051000 0.038180 -0.036000
v -0.051000 0.037608 -0.040780
v -0.051000 -0.037732 -0.040552
v -0.051000 -0.038180 -0.036000
v -0.051000 -0.048180 -0.036000
v -0.051000 -0.048752 -0.040780
v -0.051000 0.043935 -0.040615
v -0.051000 0.041578 -0.038427
v -0.051000 0.044084 -0.037666
v -0.051000 -0.157441 -0.029115
v -0.051000 -0.154383 -0.031093
v -0.051000 -0.153650 -0.027947
v -0.051000 -0.157441 -0.036615
v -0.051000 -0.154383 -0.038593
v -0.051000 -0.153650 -0.035447
v -0.051000 0.154135 -0.038450
v -0.051000 0.157226 -0.037510
v -0.051000 0.154319 -0.034813
v -0.051000 0.154135 -0.030950
v -0.051000 0.157226 -0.030010
v -0.051000 0.154319 -0.027313
v -0.051000 -0.170250 -0.051000
v -0.051000 -0.049520 -0.051000
v -0.051000 0.170250 -0.051000
v -0.041000 0.170250 -0.050000
v -0.041000 -0.170250 -0.049667
v -0.040655 0.160542 -0.049000
v -0.040708 0.160595 -0.051000
v -0.033054 0.160250 -0.051000
v -0.033054 0.160250 -0.049000
v -0.024000 0.160250 -0.050000
v -0.024000 0.150250 -0.050000
v -0.033054 0.150250 -0.049000
v -0.033054 0.150250 -0.051000
v -0.040428 0.150030 -0.051000
v -0.040548 0.149962 -0.049000
v -0.040712 0.048632 -0.049000
v -0.040780 0.048752 -0.051000
v -0.036000 0.048180 -0.049000
v -0.036000 0.048180 -0.051000
v -0.036000 0.038180 -0.049000
v -0.036000 0.038180 -0.051000
v -0.040502 0.037824 -0.051000
v -0.040780 0.037608 -0.049000
v -0.040780 -0.037608 -0.051000
v -0.040502 -0.037824 -0.049000
v -0.036000 -0.038180 -0.049000
v -0.036000 -0.038180 -0.051000
v -0.036000 -0.048180 -0.049000
v -0.036000 -0.048180 -0.051000
v -0.040712 -0.048632 -0.051000
v -0.040780 -0.048752 -0.049000
v -0.040531 -0.160502 -0.051000
v -0.040446 -0.160502 -0.049000
v -0.024000 -0.160250 -0.050000
v -0.033054 -0.160250 -0.049000
v -0.033054 -0.160250 -0.051000
v -0.024000 -0.150250 -0.050000
v -0.033054 -0.150250 -0.051000
v -0.033054 -0.150250 -0.049000
v -0.040548 -0.149962 -0.051000
v -0.040428 -0.150030 -0.049000
v -0.030950 -0.154135 -0.051000
v -0.027313 -0.154319 -0.051000
v -0.030010 -0.157226 -0.051000
v -0.031093 0.154383 -0.051000
v -0.029115 0.157441 -0.051000
v -0.027947 0.153650 -0.051000
v -0.037510 -0.157226 -0.051000
v -0.038450 -0.154135 -0.051000
v -0.034813 -0.154319 -0.051000
v -0.038593 0.154383 -0.051000
v -0.035447 0.153650 -0.051000
v -0.036615 0.157441 -0.051000
v -0.040334 -0.042276 -0.051000
v -0.038689 -0.044963 -0.051000
v -0.038096 -0.041846 -0.051000
v -0.040297 0.042079 -0.051000
v -0.037666 0.042276 -0.051000
v -0.038846 0.044956 -0.051000
v -0.031093 -0.154383 -0.049000
v -0.027947 -0.153650 -0.049000
v -0.029115 -0.157441 -0.049000
v -0.027313 0.154319 -0.049000
v -0.030010 0.157226 -0.049000
v -0.030950 0.154135 -0.049000
v -0.036615 -0.157441 -0.049000
v -0.035447 -0.153650 -0.049000
v -0.038593 -0.154383 -0.049000
v -0.034813 0.154319 -0.049000
v -0.037510 0.157226 -0.049000
v -0.038450 0.154135 -0.049000
v -0.040615 -0.042425 -0.049000
v -0.038427 -0.044782 -0.049000
v -0.037666 -0.042276 -0.049000
v -0.040334 0.042276 -0.049000
v -0.038689 0.044963 -0.049000
v -0.038096 0.041846 -0.049000
v -0.014146 -0.157338 0.045000
v -0.013850 -0.157026 0.047000
v -0.012707 -0.154149 0.045000
v -0.012670 -0.154346 0.047000
v -0.015338 -0.154346 0.045000
v -0.015301 -0.154149 0.047000
v 0.045000 -0.158250 0.045000
v 0.045000 -0.150250 0.045000
v 0.036101 -0.154149 0.045000
v 0.033470 -0.154346 0.045000
v 0.034662 -0.157338 0.045000
v 0.025970 -0.154346 0.045000
v 0.028601 -0.154149 0.045000
v 0.011870 -0.157523 0.045000
v 0.027150 -0.157026 0.045000
v -0.047000 -0.150250 0.045000
v 0.013454 -0.154547 0.045000
v 0.010903 -0.153953 0.045000
v -0.030638 -0.154346 0.045000
v -0.028007 -0.154149 0.045000
v -0.036943 -0.157409 0.045000
v -0.029458 -0.157026 0.045000
v -0.038138 -0.154346 0.045000
v -0.035507 -0.154149 0.045000
v -0.047000 -0.158250 0.045000
v 0.012158 -0.157026 0.047000
v 0.013338 -0.154346 0.047000
v 0.010707 -0.154149 0.047000
v -0.035470 -0.154346 0.047000
v -0.038101 -0.154149 0.047000
v -0.036650 -0.157026 0.047000
v -0.027970 -0.154346 0.047000
v -0.030601 -0.154149 0.047000
v -0.029150 -0.157026 0.047000
v 0.028638 -0.154346 0.047000
v 0.026007 -0.154149 0.047000
v 0.027458 -0.157026 0.047000
v 0.036138 -0.154346 0.047000
v 0.033507 -0.154149 0.047000
v 0.034958 -0.157026 0.047000
v -0.049000 -0.160250 0.047000
v -0.033054 -0.160250 0.047000
v -0.021654 -0.160250 0.047000
v -0.001000 -0.160250 0.047000
v 0.019654 -0.160250 0.047000
v 0.047000 -0.150250 0.047000
v 0.031054 -0.160250 0.047000
v -0.001000 -0.152000 0.047000
v 0.019654 -0.152000 0.047000
v -0.049000 -0.150250 -0.049000
v -0.047000 -0.150250 -0.047000
v 0.047000 -0.150250 -0.033054
v 0.047000 -0.150250 -0.049000
v 0.045000 -0.150250 -0.047000
v 0.047000 -0.150250 -0.021654
v 0.045000 -0.150250 -0.033054
v 0.045000 -0.150250 -0.021654
v 0.047000 -0.150250 -0.001000
v -0.033054 -0.150250 -0.049000
v -0.021654 -0.150250 -0.049000
v -0.033054 -0.150250 -0.047000
v -0.049000 -0.150250 0.047000
v 0.045000 -0.150250 0.009327
v 0.047000 -0.150250 0.025354
v -0.021654 -0.150250 -0.047000
v -0.001000 -0.150250 -0.049000
v 0.009327 -0.150250 -0.047000
v 0.025354 -0.150250 -0.049000
v 0.045000 -0.150250 0.031054
v 0.031054 -0.150250 -0.047000
v 0.034958 -0.157026 -0.047000
v 0.033507 -0.154149 -0.047000
v 0.036138 -0.154346 -0.047000
v 0.027458 -0.157026 -0.047000
v 0.026007 -0.154149 -0.047000
v 0.028638 -0.154346 -0.047000
v -0.047000 -0.158250 -0.047000
v 0.010707 -0.154149 -0.047000
v 0.010971 -0.156393 -0.047000
v 0.013787 -0.155561 -0.047000
v -0.015301 -0.154149 -0.047000
v -0.013850 -0.157026 -0.047000
v -0.012670 -0.154346 -0.047000
v -0.030601 -0.154149 -0.047000
v -0.029150 -0.157026 -0.047000
v -0.027970 -0.154346 -0.047000
v -0.038101 -0.154149 -0.047000
v -0.036650 -0.157026 -0.047000
v -0.035470 -0.154346 -0.047000
v 0.019654 -0.157500 -0.047000
v -0.049000 -0.160250 -0.049000
v -0.035507 -0.154149 -0.049000
v -0.038138 -0.154346 -0.049000
v -0.036958 -0.157026 -0.049000
v -0.028007 -0.154149 -0.049000
v -0.030638 -0.154346 -0.049000
v -0.029458 -0.157026 -0.049000
v -0.012707 -0.154149 -0.049000
v -0.015338 -0.154346 -0.049000
v -0.014158 -0.157026 -0.049000
v 0.010670 -0.154346 -0.049000
v 0.013301 -0.154149 -0.049000
v 0.011850 -0.157026 -0.049000
v 0.047000 -0.160250 -0.049000
v 0.029087 -0.154939 -0.049000
v 0.026400 -0.156584 -0.049000
v 0.025970 -0.154346 -0.049000
v 0.033470 -0.154346 -0.049000
v 0.036101 -0.154149 -0.049000
v 0.034650 -0.157026 -0.049000
v 0.045000 -0.157026 0.034958
v 0.045000 -0.154149 0.033507
v 0.045000 -0.154346 0.036138
v 0.045000 -0.157026 0.027458
v 0.045000 -0.154149 0.026007
v 0.045000 -0.154346 0.028638
v 0.045000 -0.158250 -0.047000
v 0.045000 -0.154149 0.010707
v 0.045000 -0.156393 0.010971
v 0.045000 -0.155561 0.013787
v 0.045000 -0.154346 -0.012670
v 0.045000 -0.157026 -0.013850
v 0.045000 -0.154149 -0.015301
v 0.045000 -0.157026 -0.029150
v 0.045000 -0.154346 -0.027970
v 0.045000 -0.154149 -0.030601
v 0.045000 -0.157026 -0.036650
v 0.045000 -0.154149 -0.038101
v 0.045000 -0.154346 -0.035470
v 0.045000 -0.157500 0.019654
v 0.047000 -0.154346 -0.038138
v 0.047000 -0.154149 -0.035507
v 0.047000 -0.157026 -0.036958
v 0.047000 -0.154346 -0.030638
v 0.047000 -0.154149 -0.028007
v 0.047000 -0.157026 -0.029458
v 0.047000 -0.154149 -0.012707
v 0.047000 -0.154346 -0.015338
v 0.047000 -0.157026 -0.014158
v 0.047000 -0.154346 0.010670
v 0.047000 -0.154149 0.013301
v 0.047000 -0.157026 0.011850
v 0.047000 -0.160250 0.047000
v 0.047000 -0.154346 0.025970
v 0.047000 -0.154939 0.029087
v 0.047000 -0.156584 0.026400
v 0.047000 -0.154346 0.033470
v 0.047000 -0.154149 0.036101
v 0.047000 -0.157026 0.034650
v -0.047000 -0.154149 0.036101
v -0.047000 -0.154346 0.033470
v -0.047000 -0.157338 0.034662
v -0.047000 -0.154149 0.028601
v -0.047000 -0.157470 0.011868
v -0.047000 -0.157026 0.027150
v -0.047000 -0.154346 0.025970
v -0.047000 -0.153953 0.010903
v -0.047000 -0.154547 0.013454
v -0.047000 -0.154149 -0.012707
v -0.047000 -0.157026 -0.014158
v -0.047000 -0.154346 -0.015338
v -0.047000 -0.157470 -0.029440
v -0.047000 -0.154346 -0.030638
v -0.047000 -0.154149 -0.028007
v -0.047000 -0.154346 -0.038138
v -0.047000 -0.154149 -0.035507
v -0.047000 -0.157026 -0.036958
v -0.049000 -0.154149 -0.038101
v -0.049000 -0.160250 -0.033054
v -0.049000 -0.157026 -0.036650
v -0.049000 -0.154346 -0.035470
v -0.049000 -0.154149 -0.030601
v -0.049000 -0.160250 -0.021654
v -0.049000 -0.157026 -0.029150
v -0.049000 -0.154346 -0.027970
v -0.049000 -0.160250 -0.001000
v -0.049000 -0.154346 -0.012670
v -0.049000 -0.157026 -0.013850
v -0.049000 -0.154149 -0.015301
v -0.049000 -0.157026 0.012158
v -0.049000 -0.154149 0.010707
v -0.049000 -0.160250 0.019654
v -0.049000 -0.154346 0.013338
v -0.049000 -0.160250 0.031054
v -0.049000 -0.157026 0.027458
v -0.049000 -0.154346 0.028638
v -0.049000 -0.154149 0.026007
v -0.049000 -0.157026 0.034958
v -0.049000 -0.154346 0.036138
v -0.049000 -0.154149 0.033507
v -0.049000 -0.152000 -0.001000
v -0.049000 -0.152000 0.019654
v 0.015753 -0.158250 0.023467
v -0.017967 -0.158250 0.023253
v 0.015967 -0.158250 -0.025253
v -0.017753 -0.158250 -0.025467
v 0.015753 -0.160250 -0.025467
v -0.017967 -0.160250 -0.025253
v -0.017753 -0.160250 0.023467
v 0.015967 -0.160250 0.023253
v 0.034496 -0.161050 0.253960
v 0.034496 -0.160050 0.253960
v -0.035504 -0.160550 0.253960
v -0.035504 -0.160550 0.229979
v -0.020504 -0.160550 0.213960
v 0.019496 -0.160550 0.213960
v 0.034496 -0.160550 0.228960
v 0.038654 -0.158902 0.372724
v 0.039296 -0.158930 0.367854
v 0.034455 -0.158902 0.368681
v 0.035273 -0.159491 0.372165
v 0.035774 -0.160099 0.368583
v 0.039674 -0.160029 0.370318
v -0.042504 -0.158750 0.049000
v -0.042504 -0.159297 0.377100
v -0.037646 -0.158902 0.053318
v -0.036542 -0.159810 0.056159
v -0.037546 -0.158902 0.058544
v -0.041105 -0.158901 0.058038
v -0.041745 -0.158902 0.054501
v -0.036537 -0.159606 0.370958
v -0.037805 -0.159452 0.367577
v -0.035304 -0.158750 0.377100
v -0.037546 -0.158902 0.372724
v -0.041745 -0.158902 0.368681
v -0.041105 -0.158901 0.372218
v -0.030046 -0.158902 0.053318
v -0.032266 -0.158944 0.059037
v -0.034145 -0.158902 0.054501
v -0.001004 -0.158750 0.377100
v -0.028704 -0.158901 0.370832
v -0.029371 -0.159462 0.368395
v -0.033066 -0.159477 0.367741
v -0.034279 -0.158880 0.370944
v -0.031445 -0.158902 0.373157
v 0.040496 -0.159400 0.049000
v 0.028693 -0.158880 0.053185
v 0.032079 -0.158902 0.054401
v 0.026607 -0.159350 0.055960
v 0.030374 -0.158943 0.059006
v 0.032079 -0.158902 0.368581
v 0.028271 -0.159585 0.367694
v 0.026479 -0.158902 0.370198
v 0.033296 -0.158750 0.377100
v 0.031573 -0.158901 0.372142
v 0.028519 -0.159462 0.372718
v 0.038554 -0.158902 0.053318
v 0.040132 -0.158761 0.055934
v 0.038654 -0.158902 0.058544
v 0.035273 -0.159491 0.057985
v 0.034455 -0.158902 0.054501
v 0.040496 -0.159400 0.377100
v -0.038742 -0.158750 0.213050
v -0.035304 -0.158750 0.051105
v 0.016146 -0.158750 0.213050
v -0.001004 -0.158750 0.051105
v 0.033296 -0.158750 0.051105
v -0.042504 -0.160050 0.049000
v -0.035304 -0.160050 0.377100
v -0.001004 -0.160050 0.377100
v 0.033296 -0.160050 0.377100
v 0.031540 -0.160174 0.370317
v -0.031682 -0.160174 0.372184
v -0.040973 -0.160164 0.371013
v 0.029870 -0.160061 0.058011
v 0.030718 -0.160107 0.054213
v 0.035774 -0.160099 0.054403
v 0.039140 -0.160174 0.056137
v -0.040426 -0.160099 0.054403
v -0.040208 -0.160070 0.057588
v -0.031683 -0.160164 0.058015
v -0.032846 -0.160072 0.054379
v -0.028843 -0.159755 0.056181
v -0.038517 -0.160050 0.213050
v 0.034496 -0.161050 0.353960
v 0.034496 -0.160050 0.353960
v -0.035504 -0.160550 0.353960
v -0.035504 -0.160550 0.329979
v -0.020504 -0.160550 0.313960
v 0.019496 -0.160550 0.313960
v 0.034496 -0.160550 0.328960
v 0.034496 -0.161050 0.153960
v 0.034496 -0.160050 0.153960
v -0.035504 -0.160550 0.153960
v -0.035504 -0.160550 0.129979
v -0.020504 -0.160550 0.113960
v 0.019496 -0.160550 0.113960
v 0.034496 -0.160550 0.128960
v 0.034496 -0.161050 0.103960
v 0.034496 -0.160050 0.103960
v -0.035504 -0.160550 0.103960
v -0.035504 -0.160550 0.079979
v -0.020504 -0.160550 0.063960
v 0.019496 -0.160550 0.063960
v 0.034496 -0.160550 0.078960
v 0.034496 -0.161050 0.203960
v 0.034496 -0.160050 0.203960
v -0.035504 -0.160550 0.203960
v -0.035504 -0.160550 0.179979
v -0.020504 -0.160550 0.163960
v 0.019496 -0.160550 0.163960
v 0.034496 -0.160550 0.178960
v 0.034496 -0.161050 0.303960
v 0.034496 -0.160050 0.303960
v -0.035504 -0.160550 0.303960
v -0.035504 -0.160550 0.279979
v -0.020504 -0.160550 0.263960
v 0.019496 -0.160550 0.263960
v 0.034496 -0.160550 0.278960
v -0.303960 -0.161250 0.034500
v -0.303960 -0.160250 0.034500
v -0.303960 -0.160750 -0.035500
v -0.279979 -0.160750 -0.035500
v -0.263960 -0.160750 -0.020500
v -0.263960 -0.160750 0.019500
v -0.278960 -0.160750 0.034500
v -0.153960 -0.161250 0.034500
v -0.153960 -0.160250 0.034500
v -0.153960 -0.160750 -0.035500
v -0.129979 -0.160750 -0.035500
v -0.113960 -0.160750 -0.020500
v -0.113960 -0.160750 0.019500
v -0.128960 -0.160750 0.034500
v -0.372723 -0.159102 0.038660
v -0.368580 -0.159102 0.039683
v -0.367638 -0.159550 0.035655
v -0.371700 -0.159102 0.034517
v -0.371984 -0.160472 0.036425
v -0.369728 -0.160167 0.039653
v -0.049000 -0.158950 -0.042500
v -0.377100 -0.159600 -0.042500
v -0.053377 -0.159102 -0.040660
v -0.054400 -0.159102 -0.036517
v -0.058462 -0.159550 -0.037655
v -0.057520 -0.159102 -0.041683
v -0.368580 -0.159102 -0.036517
v -0.367557 -0.159102 -0.040660
v -0.377100 -0.159600 -0.035300
v -0.372723 -0.159102 -0.037540
v -0.371700 -0.159102 -0.041683
v -0.055902 -0.159102 -0.028483
v -0.052914 -0.159144 -0.032379
v -0.377100 -0.159600 -0.001000
v -0.371599 -0.159102 -0.028858
v -0.367496 -0.159089 -0.030040
v -0.368139 -0.159101 -0.033578
v -0.372424 -0.159143 -0.033699
v -0.049000 -0.159600 0.040500
v -0.053507 -0.159760 0.028262
v -0.054515 -0.159550 0.032002
v -0.058627 -0.159883 0.029072
v -0.056018 -0.159102 0.026483
v -0.057961 -0.159101 0.031578
v -0.369261 -0.159144 0.032546
v -0.367538 -0.158984 0.027921
v -0.377100 -0.158950 0.033300
v -0.371700 -0.159102 0.026917
v -0.372743 -0.159652 0.030355
v -0.053377 -0.159102 0.035540
v -0.054542 -0.159010 0.039922
v -0.058543 -0.159102 0.038660
v -0.057399 -0.159583 0.034609
v -0.377100 -0.159600 0.040500
v -0.213050 -0.158950 -0.038738
v -0.051105 -0.158950 -0.035300
v -0.051105 -0.158950 -0.001000
v -0.051105 -0.158950 0.033300
v -0.049000 -0.160250 -0.042500
v -0.377100 -0.160250 0.033300
v -0.370998 -0.160270 0.027730
v -0.368281 -0.160459 0.030181
v -0.368371 -0.160270 -0.032358
v -0.371458 -0.160305 -0.033052
v -0.370319 -0.160364 -0.029445
v -0.369471 -0.160487 -0.040927
v -0.371910 -0.160270 -0.038242
v -0.369281 -0.160267 -0.037328
v -0.054190 -0.160270 0.036242
v -0.056629 -0.160487 0.038927
v -0.056818 -0.160270 -0.040870
v -0.054003 -0.160372 -0.038383
v -0.058554 -0.159681 -0.030654
v -0.057405 -0.159550 -0.034002
v -0.053998 -0.160368 -0.030782
v -0.051555 -0.160250 0.033300
v -0.213050 -0.160250 -0.011181
v -0.353960 -0.161250 0.034500
v -0.353960 -0.160250 0.034500
v -0.353960 -0.160750 -0.035500
v -0.329979 -0.160750 -0.035500
v -0.313960 -0.160750 -0.020500
v -0.313960 -0.160750 0.019500
v -0.328960 -0.160750 0.034500
v -0.103960 -0.161250 0.034500
v -0.103960 -0.160250 0.034500
v -0.103960 -0.160750 -0.035500
v -0.079979 -0.160750 -0.035500
v -0.063960 -0.160750 -0.020500
v -0.063960 -0.160750 0.019500
v -0.078960 -0.160750 0.034500
v -0.203960 -0.161250 0.034500
v -0.203960 -0.160250 0.034500
v -0.203960 -0.160750 -0.035500
v -0.179979 -0.160750 -0.035500
v -0.163960 -0.160750 -0.020500
v -0.163960 -0.160750 0.019500
v -0.178960 -0.160750 0.034500
v -0.253960 -0.161250 0.034500
v -0.253960 -0.160250 0.034500
v -0.253960 -0.160750 -0.035500
v -0.229979 -0.160750 -0.035500
v -0.213960 -0.160750 -0.020500
v -0.213960 -0.160750 0.019500
v -0.228960 -0.160750 0.034500
v -0.036500 -0.160250 -0.303960
v -0.036500 -0.159250 -0.303960
v 0.033500 -0.159750 -0.303960
v 0.033500 -0.159750 -0.279979
v 0.018500 -0.159750 -0.263960
v -0.021500 -0.159750 -0.263960
v -0.036500 -0.159750 -0.278960
v -0.036500 -0.160250 -0.153960
v -0.036500 -0.159250 -0.153960
v 0.033500 -0.159750 -0.153960
v 0.033500 -0.159750 -0.129979
v 0.018500 -0.159750 -0.113960
v -0.021500 -0.159750 -0.113960
v -0.036500 -0.159750 -0.128960
v -0.040660 -0.158102 -0.372723
v -0.041683 -0.158102 -0.368580
v -0.037655 -0.158550 -0.367638
v -0.036517 -0.158102 -0.371700
v -0.038425 -0.159472 -0.371984
v -0.041653 -0.159167 -0.369728
v 0.040500 -0.157950 -0.049000
v 0.040500 -0.158497 -0.377100
v 0.038660 -0.158102 -0.053377
v 0.034517 -0.158102 -0.054400
v 0.035655 -0.158550 -0.058462
v 0.039683 -0.158102 -0.057520
v 0.034517 -0.158102 -0.368580
v 0.038660 -0.158102 -0.367557
v 0.033300 -0.158600 -0.377100
v 0.035540 -0.158102 -0.372723
v 0.039683 -0.158102 -0.371700
v 0.026483 -0.158103 -0.055902
v 0.030379 -0.158144 -0.052914
v -0.001000 -0.158600 -0.377100
v 0.026858 -0.158102 -0.371599
v 0.028040 -0.158089 -0.367496
v 0.031578 -0.158101 -0.368139
v 0.031699 -0.158143 -0.372424
v -0.042500 -0.158600 -0.049000
v -0.030262 -0.158760 -0.053507
v -0.034002 -0.158550 -0.054515
v -0.031072 -0.158883 -0.058627
v -0.028483 -0.158103 -0.056018
v -0.033578 -0.158101 -0.057961
v -0.034546 -0.158144 -0.369261
v -0.029921 -0.157984 -0.367538
v -0.035300 -0.157950 -0.377100
v -0.028917 -0.158102 -0.371700
v -0.032355 -0.158652 -0.372743
v -0.037540 -0.158102 -0.053377
v -0.041922 -0.158010 -0.054542
v -0.040660 -0.158102 -0.058543
v -0.036609 -0.158583 -0.057399
v -0.042500 -0.158600 -0.377100
v 0.036738 -0.157950 -0.213050
v 0.033300 -0.157950 -0.051105
v -0.001000 -0.157950 -0.051105
v -0.035300 -0.157950 -0.051105
v 0.040500 -0.159250 -0.049000
v -0.035300 -0.159250 -0.377100
v -0.029730 -0.159270 -0.370998
v -0.032181 -0.159459 -0.368281
v 0.030358 -0.159270 -0.368371
v 0.031052 -0.159305 -0.371458
v 0.027445 -0.159364 -0.370319
v 0.038927 -0.159487 -0.369471
v 0.036242 -0.159270 -0.371910
v 0.035328 -0.159267 -0.369281
v -0.038242 -0.159270 -0.054190
v -0.040927 -0.159487 -0.056629
v 0.038870 -0.159270 -0.056818
v 0.036383 -0.159372 -0.054003
v 0.028654 -0.158681 -0.058554
v 0.032002 -0.158550 -0.057405
v 0.028782 -0.159368 -0.053998
v -0.035300 -0.159250 -0.051555
v 0.009181 -0.159250 -0.213050
v -0.036500 -0.160250 -0.353960
v -0.036500 -0.159250 -0.353960
v 0.033500 -0.159750 -0.353960
v 0.033500 -0.159750 -0.329979
v 0.018500 -0.159750 -0.313960
v -0.021500 -0.159750 -0.313960
v -0.036500 -0.159750 -0.328960
v -0.036500 -0.160250 -0.103960
v -0.036500 -0.159250 -0.103960
v 0.033500 -0.159750 -0.103960
v 0.033500 -0.159750 -0.079979
v 0.018500 -0.159750 -0.063960
v -0.021500 -0.159750 -0.063960
v -0.036500 -0.159750 -0.078960
v -0.036500 -0.160250 -0.203960
v -0.036500 -0.159250 -0.203960
v 0.033500 -0.159750 -0.203960
v 0.033500 -0.159750 -0.179979
v 0.018500 -0.159750 -0.163960
v -0.021500 -0.159750 -0.163960
v -0.036500 -0.159750 -0.178960
v -0.036500 -0.160250 -0.253960
v -0.036500 -0.159250 -0.253960
v 0.033500 -0.159750 -0.253960
v 0.033500 -0.159750 -0.229979
v 0.018500 -0.159750 -0.213960
v -0.021500 -0.159750 -0.213960
v -0.036500 -0.159750 -0.228960
v 0.303960 -0.161250 -0.036496
v 0.303960 -0.160250 -0.036496
v 0.303960 -0.160750 0.033504
v 0.279979 -0.160750 0.033504
v 0.263960 -0.160750 0.018504
v 0.263960 -0.160750 -0.021496
v 0.278960 -0.160750 -0.036496
v 0.153960 -0.161250 -0.036496
v 0.153960 -0.160250 -0.036496
v 0.153960 -0.160750 0.033504
v 0.129979 -0.160750 0.033504
v 0.113960 -0.160750 0.018504
v 0.113960 -0.160750 -0.021496
v 0.128960 -0.160750 -0.036496
v 0.372724 -0.159102 -0.040654
v 0.367854 -0.159130 -0.041296
v 0.368503 -0.159697 -0.036745
v 0.372165 -0.159691 -0.037273
v 0.370318 -0.160229 -0.041674
v 0.049000 -0.158950 0.040504
v 0.377100 -0.159600 0.040504
v 0.053318 -0.159102 0.035646
v 0.056159 -0.160010 0.034542
v 0.058544 -0.159102 0.035546
v 0.058038 -0.159101 0.039105
v 0.054501 -0.159102 0.039745
v 0.370958 -0.159806 0.034537
v 0.367577 -0.159652 0.035805
v 0.377100 -0.158950 0.033304
v 0.372724 -0.159102 0.035546
v 0.368681 -0.159102 0.039745
v 0.372218 -0.159101 0.039105
v 0.053318 -0.159102 0.028046
v 0.059037 -0.159144 0.030266
v 0.054501 -0.159102 0.032145
v 0.377100 -0.158950 -0.000996
v 0.370832 -0.159101 0.026704
v 0.368395 -0.159662 0.027371
v 0.367741 -0.159677 0.031066
v 0.370944 -0.159080 0.032279
v 0.373157 -0.159102 0.029445
v 0.049000 -0.159600 -0.042496
v 0.053185 -0.159080 -0.030693
v 0.054401 -0.159102 -0.034079
v 0.055960 -0.159550 -0.028607
v 0.059006 -0.159143 -0.032374
v 0.368581 -0.159102 -0.034079
v 0.367694 -0.159785 -0.030271
v 0.370198 -0.159102 -0.028479
v 0.377100 -0.158950 -0.035296
v 0.372142 -0.159101 -0.033573
v 0.372718 -0.159662 -0.030519
v 0.053318 -0.159102 -0.040554
v 0.055934 -0.158961 -0.042132
v 0.058544 -0.159102 -0.040654
v 0.057985 -0.159691 -0.037273
v 0.054323 -0.159697 -0.036745
v 0.377100 -0.159600 -0.042496
v 0.213050 -0.158950 0.036742
v 0.051105 -0.158950 0.033304
v 0.213050 -0.158950 -0.018146
v 0.051105 -0.158950 -0.000996
v 0.051105 -0.158950 -0.035296
v 0.049000 -0.160250 0.040504
v 0.377100 -0.160250 0.033304
v 0.377100 -0.160250 -0.000996
v 0.377100 -0.160250 -0.035296
v 0.370317 -0.160374 -0.033540
v 0.372184 -0.160374 0.029682
v 0.371013 -0.160364 0.038973
v 0.058011 -0.160261 -0.031870
v 0.054213 -0.160307 -0.032718
v 0.056137 -0.160374 -0.041140
v 0.054403 -0.160299 0.038426
v 0.057588 -0.160270 0.038208
v 0.058015 -0.160364 0.029683
v 0.054379 -0.160272 0.030846
v 0.056181 -0.159955 0.026843
v 0.213050 -0.160250 0.036517
v 0.353960 -0.161250 -0.036496
v 0.353960 -0.160250 -0.036496
v 0.353960 -0.160750 0.033504
v 0.329979 -0.160750 0.033504
v 0.313960 -0.160750 0.018504
v 0.313960 -0.160750 -0.021496
v 0.328960 -0.160750 -0.036496
v 0.103960 -0.161250 -0.036496
v 0.103960 -0.160250 -0.036496
v 0.103960 -0.160750 0.033504
v 0.079979 -0.160750 0.033504
v 0.063960 -0.160750 0.018504
v 0.063960 -0.160750 -0.021496
v 0.078960 -0.160750 -0.036496
v 0.203960 -0.161250 -0.036496
v 0.203960 -0.160250 -0.036496
v 0.203960 -0.160750 0.033504
v 0.179979 -0.160750 0.033504
v 0.163960 -0.160750 0.018504
v 0.163960 -0.160750 -0.021496
v 0.178960 -0.160750 -0.036496
v 0.253960 -0.161250 -0.036496
v 0.253960 -0.160250 -0.036496
v 0.253960 -0.160750 0.033504
v 0.229979 -0.160750 0.033504
v 0.213960 -0.160750 0.018504
v 0.213960 -0.160750 -0.021496
v 0.228960 -0.160750 -0.036496
vn -0.0741 -0.9926 -0.0961
vn -0.9137 0.4023 0.0566
vn 0.8845 0.4461 -0.1363
vn 0.0741 -0.9926 0.0961
vn 0.9137 0.4023 -0.0566
vn -0.8845 0.4461 0.1363
vn -0.0000 -0.0000 1.0000
vn -0.0160 0.1799 0.9836
vn 0.1384 -0.0012 0.9904
vn 0.0211 -0.2368 0.9713
vn 0.0470 -0.0994 0.9939
vn -0.0353 0.0747 0.9966
vn -0.0664 0.0292 0.9974
vn -0.0014 0.0040 1.0000
vn 0.0884 -0.0389 0.9953
vn -0.0724 0.0040 0.9974
vn 0.0792 -0.1188 0.9898
vn -0.0000 -0.0000 -1.0000
vn 0.0543 -0.0796 -0.9953
vn -0.0260 0.2892 -0.9569
vn 0.0124 -0.1663 -0.9860
vn 0.0845 -0.0426 -0.9955
vn -0.0479 0.0027 -0.9988
vn 0.0715 0.0027 -0.9974
vn -0.0825 0.1236 -0.9889
vn 0.0211 -0.2349 -0.9718
vn 0.0445 -0.0994 -0.9940
vn -0.9975 -0.0005 0.0709
vn -0.9975 0.0005 -0.0709
vn -0.0215 -0.9998 -0.0000
vn -0.0298 -0.9972 -0.0688
vn -1.0000 -0.0000 -0.0000
vn -0.0000 -1.0000 -0.0000
vn 1.0000 -0.0000 -0.0000
vn 0.0298 -0.9972 0.0688
vn 0.0215 -0.9998 -0.0000
vn 0.9975 0.0005 0.0709
vn 0.9975 -0.0005 -0.0709
vn 0.0265 0.9973 -0.0690
vn -0.0000 1.0000 -0.0000
vn -0.0298 0.9972 0.0688
vn -0.0215 0.9998 -0.0000
vn -0.8326 -0.5387 -0.1283
vn -0.2259 0.9705 -0.0844
vn 0.9486 -0.2922 -0.1218
vn 0.8845 -0.4461 0.1363
vn -0.0740 0.9917 0.1046
vn -0.9112 -0.4012 0.0932
vn -0.0717 -0.9611 -0.2668
vn -0.8438 0.3716 -0.3872
vn 0.8366 0.4219 -0.3495
vn 0.9671 -0.0490 0.2496
vn -0.2731 0.8987 0.3431
vn -0.6205 -0.6682 0.4105
vn -0.8845 -0.4461 -0.1363
vn 0.0741 0.9926 -0.0961
vn 0.9137 -0.4023 0.0566
vn -0.0741 0.9926 0.0961
vn -0.9137 -0.4023 -0.0566
vn -0.0520 -0.9973 0.0520
vn 0.0538 -0.9971 0.0538
vn 0.0050 -0.9862 0.1654
vn -0.0327 -0.9920 0.1222
vn -0.0496 -0.9967 0.0641
vn 0.0428 -0.9990 0.0115
vn -0.0031 -0.9928 0.1201
vn 0.0876 -0.9932 -0.0770
vn -0.1654 -0.9862 0.0050
vn 0.0350 -0.9908 0.1305
vn -0.1194 -0.9928 -0.0058
vn -0.0794 -0.9936 0.0808
vn -0.0830 -0.9933 0.0806
vn -0.1305 -0.9908 0.0350
vn -0.1222 -0.9920 -0.0327
vn -0.0542 -0.9971 -0.0542
vn -0.0000 -0.9959 -0.0905
vn 0.0115 -0.9990 -0.0428
vn -0.0058 -0.9934 0.1144
vn 0.0905 -0.9959 -0.0000
vn -0.1135 -0.9935 -0.0027
vn -0.0115 -0.9990 -0.0428
vn 0.0226 -0.9995 -0.0226
vn 0.0428 -0.9990 -0.0115
vn 0.0386 0.9992 -0.0104
vn 0.0207 0.9996 -0.0207
vn -0.0310 0.9990 0.0310
vn 0.0767 0.9971 -0.0000
vn -0.0539 0.9984 0.0144
vn 0.0144 0.9984 0.0539
vn -0.0000 0.9995 0.0328
vn -0.0767 0.9971 -0.0000
vn -0.0000 0.9971 0.0767
vn 0.0310 0.9990 0.0310
vn -0.0310 0.9990 -0.0310
vn -0.0000 0.9984 0.0564
vn 0.0104 0.9992 -0.0386
vn -0.0104 0.9992 -0.0386
vn -0.0328 0.9995 -0.0000
vn -0.0144 0.9984 0.0539
vn 0.0386 0.9992 0.0104
vn -0.0000 0.9971 -0.0767
vn -0.0564 0.9984 -0.0000
vn -0.0539 0.9984 -0.0144
vn 0.1363 -0.4461 -0.8845
vn 0.0961 0.9926 0.0741
vn -0.0566 -0.4024 0.9137
vn -0.1363 -0.4461 0.8845
vn -0.0961 0.9926 -0.0741
vn 0.0566 -0.4024 -0.9137
vn 0.4715 -0.3971 -0.7874
vn -0.3937 -0.8816 -0.2604
vn 0.3709 -0.1086 0.9223
vn -0.4755 0.7997 -0.3666
vn 0.4215 -0.7733 -0.4736
vn 0.0995 0.9775 -0.1860
vn -0.0369 -0.1886 0.9814
vn -0.3495 -0.4219 0.8366
vn 0.2689 0.9605 -0.0717
vn -0.3088 -0.3833 -0.8705
vn -0.3666 0.7997 0.4755
vn -0.2604 -0.8816 0.3937
vn 0.9223 -0.1086 -0.3709
vn -0.7874 -0.3971 -0.4715
vn -0.4736 -0.7733 -0.4215
vn -0.1861 0.9775 -0.0995
vn 0.9814 -0.1886 0.0369
vn 0.8366 -0.4219 0.3495
vn -0.0717 0.9605 -0.2689
vn -0.8705 -0.3833 0.3088
vn 0.9137 -0.4024 0.0566
vn 0.0705 -0.4102 -0.9093
vn -0.0537 -0.3698 0.9276
vn -0.1981 -0.4414 0.8752
vn 0.0217 -0.4769 -0.8787
vn 0.0844 0.9705 -0.2259
vn 0.1198 -0.2626 0.9574
vn -0.2237 -0.4389 0.8702
vn -0.1046 0.9918 -0.0740
vn -0.0932 -0.4012 -0.9112
vn -0.2236 -0.4389 0.8702
vn -0.0525 -0.3576 0.9324
vn 0.0453 -0.3959 -0.9172
vn -0.2119 -0.4401 0.8726
vn -0.0530 -0.3631 0.9302
vn 0.0567 -0.4024 -0.9137
vn 0.8752 -0.4414 0.1981
vn 0.9276 -0.3698 0.0537
vn -0.9093 -0.4102 -0.0705
vn 0.8702 -0.4389 0.2237
vn 0.9574 -0.2626 -0.1198
vn -0.8787 -0.4769 -0.0217
vn 0.8726 -0.4401 0.2119
vn 0.9302 -0.3631 0.0530
vn -0.9137 -0.4024 -0.0567
vn 0.0160 -0.1799 0.9836
vn -0.1384 0.0012 0.9904
vn -0.0211 0.2368 0.9713
vn -0.0470 0.0994 0.9939
vn 0.0353 -0.0747 0.9966
vn 0.0664 -0.0292 0.9974
vn 0.0014 -0.0040 1.0000
vn -0.0884 0.0389 0.9953
vn 0.0724 -0.0040 0.9974
vn -0.0792 0.1188 0.9898
vn -0.0543 0.0796 -0.9953
vn 0.0260 -0.2892 -0.9569
vn -0.0124 0.1663 -0.9860
vn -0.0845 0.0426 -0.9955
vn 0.0479 -0.0027 -0.9988
vn -0.0715 -0.0027 -0.9974
vn 0.0825 -0.1236 -0.9889
vn -0.0211 0.2349 -0.9718
vn -0.0445 0.0994 -0.9940
vn 0.0215 0.9998 -0.0000
vn 0.0298 0.9972 -0.0688
vn -0.0265 -0.9973 -0.0690
vn 0.8326 0.5387 -0.1283
vn 0.2259 -0.9705 -0.0844
vn -0.9486 0.2922 -0.1218
vn 0.0740 -0.9917 0.1046
vn 0.9112 0.4012 0.0932
vn 0.0717 0.9611 -0.2668
vn 0.8438 -0.3716 -0.3873
vn -0.8366 -0.4219 -0.3495
vn -0.9671 0.0490 0.2496
vn 0.2731 -0.8987 0.3431
vn 0.6205 0.6682 0.4105
vn 0.0961 -0.9926 -0.0741
vn -0.0566 0.4023 -0.9137
vn 0.1363 0.4461 0.8845
vn -0.0961 -0.9926 0.0741
vn 0.0566 0.4023 0.9137
vn -0.1363 0.4461 -0.8845
vn -0.9836 0.1799 -0.0160
vn -0.9904 -0.0012 0.1384
vn -0.9713 -0.2368 0.0211
vn -0.9939 -0.0994 0.0470
vn -0.9966 0.0747 -0.0353
vn -0.9974 0.0292 -0.0664
vn -1.0000 0.0040 -0.0014
vn -0.9953 -0.0389 0.0884
vn -0.9974 0.0040 -0.0724
vn -0.9898 -0.1188 0.0792
vn 1.0000 -0.0003 -0.0000
vn 0.9953 -0.0796 0.0543
vn 0.9569 0.2892 -0.0260
vn 0.9860 -0.1663 0.0124
vn 0.9955 -0.0426 0.0845
vn 0.9988 0.0027 -0.0479
vn 0.9974 0.0027 0.0715
vn 0.9889 0.1236 -0.0825
vn 0.9718 -0.2349 0.0211
vn 0.9940 -0.0994 0.0445
vn -0.0709 -0.0005 -0.9975
vn 0.0709 0.0005 -0.9975
vn -0.0000 -0.9998 -0.0215
vn 0.0688 -0.9972 -0.0298
vn -0.0688 -0.9972 0.0298
vn -0.0000 -0.9998 0.0215
vn -0.0709 0.0005 0.9975
vn 0.0709 -0.0005 0.9975
vn 0.0690 0.9973 0.0265
vn -0.0688 0.9972 -0.0298
vn -0.0000 0.9998 -0.0215
vn 0.1283 -0.5388 -0.8326
vn 0.1218 -0.2922 0.9486
vn -0.0931 -0.4012 -0.9112
vn 0.2668 -0.9611 -0.0717
vn 0.3872 0.3716 -0.8438
vn 0.3495 0.4219 0.8366
vn -0.2496 -0.0490 0.9671
vn -0.3431 0.8987 -0.2731
vn -0.4105 -0.6682 -0.6205
vn -0.0566 -0.4023 0.9137
vn 0.0566 -0.4023 -0.9137
vn -0.3837 0.8452 -0.3721
vn -0.4441 -0.8000 -0.4035
vn -0.1928 0.0730 0.9785
vn 0.3084 0.5167 0.7986
vn 0.2421 -0.9450 0.2199
vn 0.4727 0.2594 -0.8422
vn 0.9573 -0.0000 -0.2890
vn 0.9879 0.1098 -0.1091
vn 0.9882 0.1040 -0.1121
vn 0.9807 0.1627 -0.1083
vn 0.9694 -0.0000 -0.2456
vn 0.9850 -0.0507 -0.1647
vn 0.9866 -0.1071 -0.1233
vn 0.9824 -0.1521 -0.1085
vn 0.9940 0.0712 -0.0828
vn 0.9822 -0.1531 -0.1085
vn -0.0000 -0.9994 -0.0337
vn 0.0012 -0.9994 -0.0341
vn 0.0002 0.9993 -0.0384
vn -0.0000 0.9993 -0.0383
vn 0.0537 0.0391 -0.9978
vn -0.0672 -0.0411 -0.9969
vn 0.0362 -0.9984 -0.0434
vn 0.0012 0.9994 -0.0341
vn -0.0000 0.9994 -0.0337
vn 0.0427 0.0033 -0.9991
vn -0.0341 0.0018 -0.9994
vn 0.0551 -0.9914 -0.1186
vn -0.0000 -0.9954 -0.0956
vn -0.0000 0.9969 -0.0787
vn 0.0905 0.9889 -0.1183
vn -0.1373 0.0032 -0.9905
vn 0.0971 -0.0030 -0.9953
vn -0.0010 -0.9952 -0.0978
vn -0.0000 -0.9952 -0.0983
vn -0.0000 0.9954 -0.0956
vn 0.0551 0.9914 -0.1186
vn -0.0341 -0.0018 -0.9994
vn 0.0427 -0.0033 -0.9991
vn -0.2547 0.9242 -0.2847
vn -0.0985 -0.8355 -0.5406
vn 0.0464 -0.2264 0.9729
vn 0.0986 0.9939 -0.0504
vn -0.0464 -0.2904 0.9558
vn 0.2547 -0.6580 -0.7086
vn 0.3028 -0.5177 -0.8002
vn 0.1039 0.9687 -0.2255
vn 0.3729 -0.2731 0.8868
vn -0.3725 -0.6314 0.6801
vn -0.3031 0.9517 0.0483
vn -0.1039 -0.2892 -0.9516
vn 0.3031 -0.9517 0.0483
vn 0.1039 0.2892 -0.9516
vn 0.3725 0.6314 0.6801
vn -0.3729 0.2731 0.8868
vn -0.3028 0.5177 -0.8002
vn -0.1039 -0.9687 -0.2255
vn -0.9694 -0.0000 -0.2456
vn -0.9807 -0.1627 -0.1083
vn -0.9850 0.0507 -0.1647
vn -0.9814 0.1408 -0.1308
vn -0.9573 -0.0000 -0.2890
vn -0.9879 -0.1098 -0.1091
vn -0.9882 -0.1040 -0.1121
vn -0.9895 -0.1057 -0.0989
vn -0.9822 0.1531 -0.1085
vn -0.9824 0.1521 -0.1085
vn 0.9991 -0.0328 0.0256
vn 0.0450 -0.9987 -0.0253
vn 0.0383 -0.9993 -0.0000
vn 0.0298 0.9996 -0.0000
vn 0.0384 0.9988 0.0317
vn 0.9994 0.0016 0.0341
vn 0.9982 0.0035 -0.0594
vn 0.0956 -0.9954 -0.0000
vn 0.1186 -0.9914 -0.0551
vn 0.0787 0.9969 -0.0000
vn 0.1183 0.9889 0.0905
vn 0.9905 -0.0036 0.1372
vn 0.9905 0.0036 -0.1372
vn 0.0787 -0.9969 -0.0000
vn 0.1183 -0.9889 -0.0905
vn 0.0956 0.9954 -0.0000
vn 0.1186 0.9914 0.0551
vn 0.9976 0.0538 0.0426
vn 0.0337 0.9994 -0.0000
vn 0.0341 0.9994 0.0012
vn 0.0384 -0.9988 -0.0317
vn 0.0298 -0.9996 -0.0000
vn 0.9994 -0.0016 -0.0341
vn 0.9982 -0.0035 0.0594
vn 0.2890 -0.0000 0.9573
vn 0.1121 0.1040 0.9882
vn 0.1091 0.1098 0.9879
vn 0.0989 -0.1055 0.9895
vn 0.2456 -0.0000 0.9694
vn 0.1083 0.1627 0.9807
vn 0.1647 -0.0507 0.9850
vn 0.1085 -0.1522 0.9824
vn 0.1309 0.1405 0.9814
vn 0.1085 -0.1531 0.9822
vn 0.2456 -0.0000 -0.9694
vn 0.1083 -0.1627 -0.9807
vn 0.1647 0.0507 -0.9850
vn 0.0828 0.0727 -0.9939
vn 0.1091 -0.1098 -0.9879
vn 0.1121 -0.1040 -0.9882
vn 0.2890 -0.0000 -0.9573
vn 0.1233 -0.1060 -0.9867
vn 0.1085 0.1531 -0.9822
vn 0.1085 0.1521 -0.9824
vn 0.8908 0.4493 0.0685
vn -0.0730 -0.9781 -0.1947
vn -0.9128 0.4019 -0.0729
vn -0.9527 0.1813 0.2439
vn 0.1879 -0.9778 0.0925
vn 0.8509 0.5211 -0.0671
vn 0.1885 0.9810 0.0469
vn 0.8422 -0.5158 -0.1569
vn -0.9527 -0.1813 -0.2439
vn 0.0494 0.9742 0.2202
vn -0.9521 -0.2893 -0.0985
vn 0.7239 -0.6722 0.1555
vn 0.8002 0.5177 -0.3027
vn 0.2255 -0.9687 -0.1039
vn -0.8868 0.2731 -0.3729
vn -0.6801 0.6314 0.3725
vn -0.0483 -0.9517 0.3031
vn 0.9516 0.2892 0.1039
vn -0.0483 0.9517 -0.3031
vn 0.9516 -0.2892 -0.1039
vn -0.6801 -0.6314 -0.3725
vn -0.8868 -0.2731 0.3729
vn 0.8002 -0.5177 0.3027
vn 0.2255 0.9687 0.1039
vn -0.9836 -0.1799 0.0160
vn -0.9904 0.0012 -0.1384
vn -0.9713 0.2368 -0.0211
vn -0.9939 0.0994 -0.0470
vn -0.9966 -0.0747 0.0353
vn -0.9974 -0.0292 0.0664
vn -1.0000 -0.0040 0.0014
vn -0.9953 0.0389 -0.0884
vn -0.9974 -0.0040 0.0724
vn -0.9898 0.1188 -0.0792
vn 0.9953 0.0796 -0.0543
vn 0.9569 -0.2892 0.0260
vn 0.9860 0.1663 -0.0124
vn 0.9955 0.0426 -0.0845
vn 0.9988 -0.0027 0.0479
vn 0.9974 -0.0027 -0.0715
vn 0.9889 -0.1236 0.0825
vn 0.9718 0.2349 -0.0211
vn 0.9940 0.0994 -0.0445
vn -0.0000 0.9998 0.0215
vn 0.0688 0.9972 0.0298
vn 0.0690 -0.9973 -0.0265
vn 0.1283 0.5387 0.8326
vn 0.0844 -0.9705 0.2259
vn 0.1218 0.2922 -0.9486
vn -0.1046 -0.9918 0.0740
vn -0.0932 0.4012 0.9112
vn 0.2668 0.9611 0.0717
vn 0.3872 -0.3715 0.8438
vn 0.3495 -0.4219 -0.8366
vn -0.2496 0.0490 -0.9671
vn -0.3431 -0.8987 0.2731
vn -0.4105 0.6682 0.6205
vn -0.0566 0.4024 -0.9137
vn 0.0566 0.4024 0.9137
vn -0.4012 0.9112 0.0932
vn -0.4461 -0.8845 0.1363
vn 0.9918 0.0740 0.1046
vn 0.9705 0.2259 -0.0844
vn -0.2922 -0.9486 -0.1218
vn -0.5387 0.8326 -0.1283
vn -0.2890 -0.0000 -0.9573
vn -0.1091 0.1098 -0.9879
vn -0.1121 0.1040 -0.9882
vn -0.1083 0.1627 -0.9807
vn -0.2456 -0.0000 -0.9694
vn -0.1647 -0.0507 -0.9850
vn -0.1233 -0.1071 -0.9866
vn -0.1085 -0.1521 -0.9824
vn -0.0828 0.0712 -0.9940
vn -0.1085 -0.1531 -0.9822
vn -0.0337 -0.9994 -0.0000
vn -0.0341 -0.9994 -0.0012
vn -0.0384 0.9993 -0.0002
vn -0.0383 0.9993 -0.0000
vn -0.9978 0.0391 -0.0537
vn -0.9969 -0.0411 0.0672
vn -0.0434 -0.9984 -0.0362
vn -0.0341 0.9994 -0.0012
vn -0.0337 0.9994 -0.0000
vn -0.9991 0.0033 -0.0427
vn -0.9994 0.0018 0.0341
vn -0.1186 -0.9914 -0.0551
vn -0.0956 -0.9954 -0.0000
vn -0.0787 0.9969 -0.0000
vn -0.1183 0.9889 -0.0905
vn -0.9905 0.0032 0.1373
vn -0.9953 -0.0030 -0.0971
vn -0.0978 -0.9952 0.0010
vn -0.0983 -0.9952 -0.0000
vn -0.0956 0.9954 -0.0000
vn -0.1186 0.9914 -0.0551
vn -0.9994 -0.0018 0.0341
vn -0.9991 -0.0033 -0.0427
vn -0.9694 0.0175 0.2447
vn 0.1327 -0.9176 0.3748
vn 0.5003 0.7299 0.4658
vn -0.0490 0.9671 -0.2496
vn 0.8894 -0.2703 -0.3685
vn -0.6720 -0.6240 -0.3989
vn -0.8002 -0.5177 -0.3028
vn -0.2255 0.9687 -0.1039
vn 0.8868 -0.2731 -0.3729
vn 0.6801 -0.6314 0.3725
vn 0.0483 0.9517 0.3031
vn -0.9516 -0.2892 0.1039
vn -0.8002 -0.5177 -0.3027
vn 0.0483 -0.9517 -0.3031
vn -0.9516 0.2892 -0.1039
vn 0.6801 0.6314 -0.3725
vn 0.8868 0.2731 0.3729
vn -0.8002 0.5177 0.3027
vn -0.2255 -0.9687 0.1039
vn -0.8002 0.5177 0.3028
vn -0.2456 -0.0000 0.9694
vn -0.1083 -0.1627 0.9807
vn -0.1647 0.0507 0.9850
vn -0.1308 0.1408 0.9814
vn -0.2890 -0.0000 0.9573
vn -0.1091 -0.1098 0.9879
vn -0.1121 -0.1040 0.9882
vn -0.0989 -0.1057 0.9895
vn -0.1085 0.1531 0.9822
vn -0.1085 0.1522 0.9824
vn 0.0256 -0.0328 -0.9991
vn -0.0253 -0.9987 -0.0450
vn -0.0000 -0.9993 -0.0383
vn -0.0000 0.9996 -0.0298
vn 0.0317 0.9988 -0.0384
vn 0.0341 0.0016 -0.9994
vn -0.0594 0.0035 -0.9982
vn -0.0551 -0.9914 -0.1186
vn 0.1372 -0.0036 -0.9905
vn -0.1372 0.0036 -0.9905
vn -0.0000 -0.9969 -0.0787
vn -0.0905 -0.9889 -0.1183
vn 0.0426 0.0538 -0.9976
vn -0.0317 -0.9988 -0.0384
vn -0.0000 -0.9996 -0.0298
vn -0.0341 -0.0016 -0.9994
vn 0.0594 -0.0035 -0.9982
vn 0.9895 -0.1055 -0.0989
vn 0.9824 -0.1522 -0.1085
vn 0.9814 0.1405 -0.1309
vn -0.9939 0.0727 -0.0828
vn -0.9867 -0.1060 -0.1233
vn -0.9824 0.1522 -0.1085
vn -0.3126 -0.5206 -0.7945
vn -0.1927 -0.4260 0.8839
vn -0.0931 0.9898 0.1082
vn 0.3039 0.9359 -0.1781
vn 0.0757 -0.1881 0.9792
vn 0.2884 -0.8166 -0.5000
vn -0.1014 0.8484 -0.5195
vn -0.2899 -0.9402 -0.1790
vn 0.2019 0.1848 0.9618
vn 0.0931 0.1082 0.9898
vn 0.2762 -0.8039 -0.5267
vn -0.2459 0.8732 -0.4208
vn 0.3725 0.6314 0.6802
vn 0.3424 0.8599 0.3786
vn 0.4441 -0.8000 0.4035
vn 0.3641 0.0693 -0.9288
vn -0.3424 0.8599 -0.3786
vn -0.3641 0.0693 0.9288
vn -0.9573 -0.0000 0.2890
vn -0.9879 0.1098 0.1091
vn -0.9882 0.1040 0.1121
vn -0.9807 0.1627 0.1083
vn -0.9694 -0.0000 0.2456
vn -0.9850 -0.0507 0.1647
vn -0.9866 -0.1071 0.1233
vn -0.9824 -0.1522 0.1085
vn -0.9940 0.0712 0.0828
vn -0.9822 -0.1531 0.1085
vn -0.0000 -0.9994 0.0337
vn -0.0012 -0.9994 0.0341
vn -0.0002 0.9993 0.0384
vn -0.0000 0.9993 0.0383
vn -0.0537 0.0391 0.9978
vn 0.0672 -0.0411 0.9969
vn -0.0362 -0.9984 0.0434
vn -0.0012 0.9994 0.0341
vn -0.0000 0.9994 0.0337
vn -0.0427 0.0033 0.9991
vn 0.0341 0.0018 0.9994
vn -0.0551 -0.9914 0.1186
vn -0.0000 -0.9954 0.0956
vn -0.0000 0.9969 0.0787
vn -0.0905 0.9889 0.1183
vn 0.1373 0.0032 0.9905
vn -0.0971 -0.0030 0.9953
vn 0.0010 -0.9952 0.0978
vn -0.0000 -0.9952 0.0983
vn -0.0000 0.9954 0.0956
vn -0.0551 0.9914 0.1186
vn 0.0341 -0.0018 0.9994
vn -0.0427 -0.0033 0.9991
vn 0.2668 -0.0717 0.9611
vn 0.3872 -0.8438 -0.3716
vn 0.3495 0.8366 -0.4219
vn -0.2496 0.9671 0.0490
vn -0.3431 -0.2731 -0.8987
vn -0.4105 -0.6205 0.6682
vn -0.3028 -0.5177 0.8002
vn -0.1039 0.9687 0.2255
vn -0.3729 -0.2731 -0.8868
vn 0.3725 -0.6314 -0.6802
vn 0.3031 0.9517 -0.0483
vn 0.1039 -0.2892 0.9516
vn -0.3027 -0.5177 0.8002
vn 0.3725 -0.6314 -0.6801
vn -0.3031 -0.9517 -0.0483
vn -0.1039 0.2892 0.9516
vn -0.3725 0.6314 -0.6801
vn 0.3729 0.2731 -0.8868
vn 0.3027 0.5177 0.8002
vn 0.1039 -0.9687 0.2255
vn -0.3725 0.6314 -0.6802
vn 0.3028 0.5177 0.8002
vn 0.9694 -0.0000 0.2456
vn 0.9807 -0.1627 0.1083
vn 0.9850 0.0507 0.1647
vn 0.9814 0.1408 0.1308
vn 0.9573 -0.0000 0.2890
vn 0.9879 -0.1098 0.1091
vn 0.9882 -0.1040 0.1121
vn 0.9895 -0.1057 0.0989
vn 0.9822 0.1531 0.1085
vn 0.9824 0.1522 0.1085
vn -0.9991 -0.0328 -0.0256
vn -0.0450 -0.9987 0.0253
vn -0.0383 -0.9993 -0.0000
vn -0.0298 0.9996 -0.0000
vn -0.0384 0.9988 -0.0317
vn -0.9994 0.0016 -0.0341
vn -0.9982 0.0035 0.0594
vn -0.1186 -0.9914 0.0551
vn -0.9905 -0.0036 -0.1372
vn -0.9905 0.0036 0.1372
vn -0.0787 -0.9969 -0.0000
vn -0.1183 -0.9889 0.0905
vn -0.9976 0.0538 -0.0426
vn -0.0384 -0.9988 0.0317
vn -0.0298 -0.9996 -0.0000
vn -0.9994 -0.0016 0.0341
vn -0.9982 -0.0035 -0.0594
vn -0.0989 -0.1055 -0.9895
vn -0.1085 -0.1522 -0.9824
vn -0.1309 0.1405 -0.9814
vn -0.0828 0.0727 0.9939
vn -0.1233 -0.1060 0.9867
vn -0.1085 0.1521 0.9824
vn -0.7945 -0.5206 0.3126
vn 0.8839 -0.4260 0.1927
vn 0.1082 0.9898 0.0931
vn -0.1781 0.9359 -0.3039
vn 0.9792 -0.1882 -0.0757
vn -0.5000 -0.8166 -0.2884
vn -0.5195 0.8484 0.1014
vn -0.1790 -0.9402 0.2899
vn 0.9618 0.1848 -0.2019
vn 0.9898 0.1082 -0.0931
vn -0.5267 -0.8039 -0.2762
vn -0.4208 0.8732 0.2459
vn -0.3424 -0.8599 0.3786
vn -0.4441 0.8000 0.4035
vn -0.3641 -0.0693 -0.9288
vn 0.3424 -0.8599 -0.3786
vn 0.4441 0.8000 -0.4035
vn 0.3641 -0.0693 0.9288
vn 0.9866 0.1071 0.1233
vn 0.9824 0.1521 0.1085
vn 0.9940 -0.0712 0.0828
vn 0.0012 0.9994 0.0341
vn 0.0002 -0.9993 0.0384
vn -0.0000 -0.9993 0.0383
vn 0.0537 -0.0391 0.9978
vn -0.0672 0.0411 0.9969
vn 0.0362 0.9984 0.0434
vn 0.0012 -0.9994 0.0341
vn 0.0427 -0.0033 0.9991
vn -0.0341 -0.0018 0.9994
vn 0.0551 0.9914 0.1186
vn -0.0000 -0.9969 0.0787
vn 0.0905 -0.9889 0.1183
vn -0.1373 -0.0032 0.9905
vn 0.0971 0.0030 0.9953
vn -0.0010 0.9952 0.0978
vn -0.0000 0.9952 0.0983
vn 0.0551 -0.9914 0.1186
vn -0.0341 0.0018 0.9994
vn 0.0427 0.0033 0.9991
vn -0.2668 0.0717 0.9611
vn -0.3872 0.8438 -0.3716
vn -0.3495 -0.8366 -0.4219
vn 0.2496 -0.9671 0.0490
vn 0.3431 0.2731 -0.8987
vn 0.4105 0.6205 0.6682
vn -0.9814 -0.1408 0.1308
vn -0.9895 0.1057 0.0989
vn 0.9991 0.0328 -0.0256
vn 0.0450 0.9987 0.0253
vn 0.0383 0.9993 -0.0000
vn 0.9976 -0.0538 -0.0426
vn 0.0337 -0.9994 -0.0000
vn 0.0341 -0.9994 -0.0012
vn 0.0989 0.1055 -0.9895
vn 0.1309 -0.1405 -0.9814
vn 0.0828 -0.0727 0.9939
vn 0.1233 0.1060 0.9867
vn 0.1085 -0.1521 0.9824
vn 0.8908 -0.4493 -0.0685
vn -0.0730 0.9781 0.1947
vn -0.9128 -0.4019 0.0729
vn 0.1879 0.9778 -0.0925
vn 0.8509 -0.5211 0.0671
vn 0.1885 -0.9810 -0.0469
vn 0.8422 0.5158 0.1569
vn 0.0494 -0.9742 -0.2202
vn -0.9521 0.2893 0.0985
vn 0.7239 0.6722 -0.1555
vn -0.9093 0.4102 0.0705
vn 0.9276 0.3698 -0.0537
vn 0.8752 0.4414 -0.1981
vn -0.8827 0.4699 0.0105
vn -0.2259 -0.9705 0.0844
vn 0.9583 0.2595 0.1196
vn 0.8681 0.4379 -0.2337
vn -0.0740 -0.9917 -0.1046
vn -0.9112 0.4012 -0.0932
vn -0.9137 0.4024 0.0566
vn 0.8726 0.4401 -0.2119
vn 0.9302 0.3631 -0.0530
vn -0.9137 0.4024 0.0567
vn -0.7874 0.3971 0.4715
vn -0.2604 0.8816 -0.3937
vn 0.9223 0.1086 0.3709
vn -0.3666 -0.7997 -0.4755
vn -0.4736 0.7733 0.4215
vn -0.1861 -0.9775 0.0995
vn 0.9814 0.1886 -0.0369
vn -0.0717 -0.9605 0.2689
vn -0.8705 0.3833 -0.3088
vn 0.4755 -0.7997 -0.3666
vn 0.3937 0.8816 -0.2604
vn -0.3709 0.1086 0.9223
vn -0.4715 0.3971 -0.7874
vn -0.4215 0.7733 -0.4736
vn -0.0995 -0.9775 -0.1860
vn 0.0369 0.1886 0.9814
vn -0.2689 -0.9605 -0.0717
vn 0.3088 0.3833 -0.8705
vn 1.0000 -0.0001 -0.0000
vn 0.1046 -0.9918 -0.0740
vn 0.0932 0.4012 -0.9112
vn 0.2237 0.4389 0.8702
vn -0.1198 0.2626 0.9574
vn -0.0217 0.4769 -0.8787
vn -0.0844 -0.9705 -0.2259
vn 0.0525 0.3576 0.9324
vn -0.0453 0.3959 -0.9172
vn 0.1981 0.4414 0.8752
vn 0.0537 0.3698 0.9276
vn -0.0705 0.4102 -0.9093
vn 0.0002 0.9994 -0.0337
vn 0.0071 0.9990 -0.0432
vn -0.0828 0.9904 -0.1106
vn -0.0081 0.9993 -0.0352
vn 0.0268 0.9996 0.0001
vn 0.0873 0.9891 -0.1185
vn 0.0327 0.9985 -0.0443
vn 0.0267 0.9996 -0.0000
vn -0.0031 0.9991 -0.0414
vn 0.0291 0.9996 -0.0058
vn 0.0657 0.9940 0.0877
vn -0.9944 -0.1056 -0.0044
vn -0.9944 0.1056 0.0044
vn -0.0063 -0.1054 0.9944
vn 0.0063 0.1054 0.9944
vn 0.9944 -0.1056 0.0044
vn 0.9944 0.1056 -0.0044
vn 0.0063 -0.1054 -0.9944
vn -0.0063 0.1054 -0.9944
vn -0.0000 0.9999 -0.0125
vn 0.0200 0.9996 -0.0200
vn -0.0054 1.0000 -0.0051
vn -0.0071 1.0000 -0.0000
vn -0.0054 -1.0000 -0.0051
vn -0.0000 -0.9999 -0.0125
vn -0.0071 -1.0000 -0.0000
vn 0.0200 -0.9996 -0.0200
vn 0.1681 0.1051 0.9802
vn -0.8407 -0.5306 -0.1077
vn -0.2048 0.8819 0.4245
vn -0.0804 0.8892 -0.4504
vn 0.6703 0.7414 -0.0321
vn -0.0153 0.9985 0.0525
vn -0.6838 0.7295 -0.0145
vn 0.0077 0.9996 0.0266
vn 0.6764 0.7366 0.0045
vn 0.0033 1.0000 -0.0010
vn 0.1655 0.9563 0.2410
vn 0.2343 0.9721 -0.0054
vn 0.0005 1.0000 -0.0010
vn 0.1107 0.9938 0.0038
vn 0.1391 0.9903 0.0037
vn 0.3124 0.9303 -0.1924
vn -0.5442 0.8389 -0.0097
vn -0.6128 0.7901 0.0128
vn -0.1719 0.9846 0.0307
vn -0.0107 0.9969 0.0779
vn -0.0354 0.9994 0.0037
vn 0.0162 0.9601 0.2792
vn -0.0000 0.9976 0.0687
vn 0.0226 0.9997 -0.0003
vn 0.0118 0.9991 0.0408
vn 0.1229 0.9924 0.0026
vn 0.1835 0.9812 -0.0589
vn 0.0483 0.9704 -0.2366
vn -0.0000 1.0000 0.0047
vn 0.1122 0.9937 -0.0024
vn -0.0243 0.9997 -0.0025
vn 0.4180 0.9084 -0.0111
vn 0.0216 0.9996 -0.0176
vn -0.0047 1.0000 0.0032
vn -0.0000 0.9993 -0.0386
vn -0.0044 1.0000 -0.0045
vn 0.0077 0.9883 -0.1526
vn -0.1730 0.9848 -0.0183
vn -0.0000 0.9980 0.0625
vn -0.0989 0.9950 -0.0104
vn -0.0366 0.9993 -0.0046
vn -0.0088 0.9990 0.0429
vn 0.0221 0.9998 -0.0023
vn -0.0070 0.9868 0.1617
vn 0.0057 1.0000 0.0006
vn -0.0612 0.9981 -0.0091
vn -0.1808 0.9833 0.0195
vn 0.0501 0.9828 0.1777
vn -0.4228 0.9051 0.0442
vn 0.3305 0.9436 -0.0208
vn -0.0000 0.9871 -0.1604
vn 0.0648 0.9942 -0.0854
vn 0.4359 0.8986 0.0495
vn 0.0578 0.9944 -0.0886
vn 0.0999 0.9949 0.0106
vn -0.1299 0.9913 -0.0199
vn -0.1674 0.9856 -0.0254
vn 0.0058 1.0000 0.0003
vn 0.0041 1.0000 0.0006
vn 0.2113 0.9772 0.0222
vn 0.0746 0.9972 -0.0078
vn 0.3547 0.9350 0.0015
vn 0.4484 0.8927 0.0455
vn 0.0897 0.9931 0.0752
vn -0.1358 0.9703 -0.2001
vn -0.1750 0.9841 0.0309
vn -0.0000 0.9555 -0.2950
vn -0.0000 1.0000 -0.0013
vn -0.0758 0.9971 0.0041
vn -0.0725 0.9974 0.0017
vn 0.6191 -0.7853 -0.0023
vn 0.8833 0.4687 0.0032
vn -0.2501 0.7962 -0.5510
vn -0.9654 0.2218 -0.1374
vn -0.2660 0.8152 0.5144
vn 0.3083 0.9505 -0.0386
vn 0.5556 0.4376 -0.7070
vn -0.5291 0.5755 -0.6236
vn -0.4260 0.9001 -0.0907
vn 0.4452 0.8954 0.0017
vn 0.9494 0.2630 -0.1720
vn 0.1017 0.6921 -0.7146
vn -0.1182 0.8973 -0.4253
vn 0.2357 0.8852 0.4010
vn 0.5484 0.4039 -0.7322
vn -0.6278 0.7449 -0.2258
vn -0.3279 0.2275 0.9169
vn -0.8206 0.5391 -0.1896
vn 0.3242 0.8620 0.3896
vn 0.2704 0.2214 0.9369
vn -0.7727 0.4834 -0.4113
vn -0.7201 0.5640 0.4041
vn -0.2061 0.8752 0.4376
vn -0.0735 0.8755 -0.4775
vn 0.6702 0.7414 -0.0321
vn 0.7595 0.6357 -0.1378
vn 0.1264 0.4398 -0.8892
vn -0.2377 0.8947 0.3781
vn -0.2292 0.8738 -0.4289
vn 0.6688 0.7416 -0.0526
vn -0.1736 -0.9848 0.0008
vn 0.1050 -0.9945 -0.0032
vn 0.0010 -0.9999 0.0121
vn 0.0060 -0.9924 -0.1232
vn 0.4940 -0.8695 -0.0004
vn 0.1041 -0.9780 0.1807
vn -0.0786 -0.9917 0.1015
vn 0.0896 -0.9930 -0.0766
vn -0.0191 -0.9998 0.0002
vn 0.0183 -0.9998 -0.0005
vn 0.7189 -0.6617 0.2130
vn -0.0109 -0.9879 -0.1544
vn 0.0056 -0.9420 -0.3356
vn 0.0083 -0.9103 0.4139
vn 0.0733 -0.9973 -0.0008
vn -0.0000 -0.9911 -0.1330
vn -0.1801 -0.9815 0.0646
vn 0.0234 -0.9995 0.0233
vn 0.0164 -0.9999 0.0016
vn 0.3181 -0.7544 -0.5742
vn 0.0017 -1.0000 0.0008
vn -0.0718 -0.9974 -0.0024
vn 0.0016 -0.9766 -0.2153
vn -0.0000 -0.9997 0.0252
vn 0.0037 -1.0000 0.0026
vn -0.0201 -0.9998 -0.0019
vn 0.2302 -0.9731 -0.0045
vn 0.0307 -0.9856 -0.1665
vn -0.1702 -0.9802 -0.1007
vn 0.0706 -0.9975 -0.0006
vn -0.0254 -0.9997 0.0006
vn 0.0041 -0.9880 0.1541
vn -0.0720 -0.9974 -0.0024
vn 0.1569 -0.9876 -0.0016
vn -0.1033 -0.9880 0.1148
vn 0.1231 -0.9877 -0.0961
vn -0.3705 -0.9288 0.0073
vn -0.5188 -0.8548 -0.0087
vn -0.1325 -0.9912 0.0044
vn 0.2222 -0.9750 0.0028
vn -0.0940 -0.9956 0.0023
vn 0.0036 -0.9999 -0.0105
vn 0.0076 -1.0000 0.0034
vn -0.1778 -0.9841 0.0006
vn 0.0078 -0.9996 0.0261
vn 0.0305 -0.9943 -0.1020
vn 0.2715 0.2036 0.9407
vn 0.7381 0.6042 -0.3003
vn -0.5407 0.3727 -0.7541
vn -0.2365 0.8995 0.3674
vn 0.6472 0.7387 -0.1883
vn 0.0125 0.9999 -0.0000
vn 0.0200 0.9996 0.0200
vn 0.0051 1.0000 -0.0054
vn -0.0000 1.0000 -0.0071
vn 0.0051 -1.0000 -0.0054
vn 0.0125 -0.9999 -0.0000
vn -0.0000 -1.0000 -0.0071
vn 0.0200 -0.9996 0.0200
vn -0.0712 0.8153 0.5747
vn 0.9624 0.1315 0.2378
vn 0.2337 -0.2251 -0.9459
vn -0.6579 0.7160 -0.2334
vn 0.4178 0.8297 -0.3703
vn -0.0397 0.9991 -0.0116
vn 0.0028 0.9913 -0.1318
vn 0.0063 0.9228 -0.3852
vn -0.0423 0.9990 -0.0105
vn -0.0129 0.9986 0.0521
vn 0.0055 0.9712 0.2383
vn 0.0031 0.9938 0.1111
vn -0.0366 0.9883 0.1481
vn -0.0010 1.0000 -0.0002
vn 0.0097 0.8241 -0.5664
vn 0.0049 0.9130 0.4079
vn -0.0010 1.0000 0.0042
vn -0.0885 0.9958 -0.0219
vn -0.0006 1.0000 -0.0054
vn -0.1064 0.9943 -0.0000
vn 0.0053 1.0000 -0.0065
vn -0.0930 0.9956 0.0083
vn -0.0082 0.9223 0.3864
vn 0.0026 0.9992 0.0400
vn -0.0382 0.9762 -0.2133
vn 0.0020 0.9998 0.0183
vn -0.0010 1.0000 -0.0018
vn -0.0091 0.9683 -0.2496
vn -0.0587 0.9983 -0.0019
vn -0.0011 1.0000 -0.0031
vn -0.0058 0.9895 -0.1442
vn -0.0901 0.9959 -0.0000
vn 0.1526 0.9883 0.0077
vn 0.0073 0.9003 -0.4352
vn -0.3197 0.9475 -0.0000
vn 0.0017 0.9569 0.2904
vn -0.0087 0.6504 0.7596
vn -0.1381 0.9861 -0.0928
vn 0.0004 1.0000 0.0056
vn 0.2231 0.9738 0.0453
vn -0.0254 0.9996 -0.0129
vn -0.0290 -0.9985 -0.0454
vn 0.0020 0.9734 -0.2292
vn 0.3113 0.9191 0.2415
vn 0.0058 0.9998 -0.0189
vn 0.0170 0.9962 0.0850
vn 0.1052 0.9944 0.0069
vn -0.1088 0.9931 -0.0428
vn -0.0070 0.9129 0.4081
vn 0.0033 0.9965 -0.0835
vn 0.0044 0.9932 -0.1167
vn -0.0027 0.9973 0.0730
vn -0.0414 0.9850 0.1678
vn -0.0002 0.9939 -0.1104
vn 0.0211 0.9993 0.0313
vn -0.0006 0.8570 0.5154
vn 0.0887 0.9933 0.0739
vn -0.0752 0.9931 0.0897
vn 0.0267 0.9996 0.0066
vn 0.0039 0.9543 -0.2989
vn 0.2950 0.9555 -0.0000
vn -0.1001 0.9949 0.0086
vn 0.0042 0.9999 0.0102
vn -0.1130 0.9936 -0.0000
vn -0.0020 0.9963 -0.0861
vn 0.0025 -0.8206 0.5716
vn -0.0031 0.6845 0.7290
vn -0.2201 0.4653 0.8573
vn -0.9343 -0.0658 -0.3504
vn 0.1437 0.8890 -0.4349
vn 0.7004 0.6404 0.3150
vn -0.3346 0.8357 0.4356
vn -0.9198 0.3556 0.1661
vn -0.0295 0.4675 0.8835
vn 0.6684 0.7340 -0.1202
vn -0.2736 0.1628 -0.9480
vn -0.4430 0.8553 -0.2685
vn 0.8079 0.5353 -0.2463
vn -0.1582 0.7279 0.6672
vn -0.2374 0.1427 0.9609
vn 0.8569 0.4701 0.2117
vn 0.2118 0.4696 -0.8571
vn -0.5674 0.8115 -0.1402
vn -0.8614 0.5078 0.0146
vn 0.2564 0.6229 -0.7391
vn 0.4218 0.8505 0.3143
vn 0.1619 0.9290 -0.3329
vn 0.0268 0.9493 0.3134
vn 0.5786 0.8129 0.0669
vn 0.2889 0.2195 -0.9319
vn -0.8581 0.4552 -0.2378
vn -0.4363 0.8377 -0.3285
vn -0.2467 0.6197 0.7451
vn -0.2117 0.4700 0.8569
vn 0.0631 0.8314 -0.5521
vn -0.9697 0.0486 -0.2396
vn 0.7470 0.6186 0.2434
vn -0.3167 0.8627 0.3942
vn 0.0020 -1.0000 0.0078
vn -0.0015 -0.9789 -0.2046
vn -0.0612 -0.9731 0.2223
vn -0.1418 -0.9808 -0.1337
vn 0.0772 -0.9951 0.0624
vn 0.0002 -0.8715 0.4903
vn 0.2515 -0.4856 0.8373
vn -0.0977 -0.9912 0.0895
vn -0.0133 -0.9987 -0.0492
vn -0.0598 -0.9813 -0.1828
vn -0.0605 -0.9889 0.1357
vn 0.2689 -0.9631 -0.0085
vn -0.0424 -0.9843 0.1715
vn 0.0003 -1.0000 0.0081
vn 0.2212 -0.5534 -0.8030
vn -0.2727 -0.9620 0.0122
vn 0.0256 -0.9996 0.0101
vn 0.0746 -0.9585 0.2752
vn -0.0206 -0.9996 -0.0189
vn -0.1764 -0.8806 -0.4398
vn 0.4200 -0.7806 0.4629
vn -0.0600 -0.9981 -0.0105
vn -0.0056 -0.9996 -0.0260
vn 0.0249 -0.9997 0.0005
vn 0.0353 -0.9769 0.2108
vn -0.0013 -0.9992 -0.0395
vn -0.2342 -0.9722 0.0007
vn -0.1039 -0.5324 -0.8401
vn -0.1341 -0.9906 0.0260
vn -0.1120 -0.9937 -0.0000
vn -0.0170 -0.9920 0.1254
vn 0.0042 -0.9996 -0.0296
vn -0.0023 -0.9997 0.0263
vn 0.0601 -0.8995 -0.4328
vn -0.0273 -0.9893 -0.1431
vn -0.1685 -0.0406 -0.9849
vn 0.0456 -0.9696 0.2405
vn -0.0049 -0.9994 -0.0356
vn -0.1280 -0.9918 -0.0000
vn -0.0327 -0.9800 0.1963
vn -0.1113 -0.9936 -0.0207
vn 0.1854 -0.1324 -0.9737
vn -0.0102 -0.9981 0.0615
vn -0.0479 -0.9889 0.1406
vn -0.0020 -0.9999 -0.0104
vn -0.2276 -0.9737 -0.0064
vn 0.0420 -0.9991 0.0078
vn 0.1113 -0.9936 0.0207
vn -0.7908 -0.0898 -0.6055
vn 0.1261 0.9094 -0.3963
vn -0.2487 0.8428 0.4773
vn -0.0000 0.9999 0.0125
vn -0.0200 0.9996 0.0200
vn 0.0054 1.0000 0.0051
vn 0.0071 1.0000 -0.0000
vn 0.0054 -1.0000 0.0051
vn -0.0000 -0.9999 0.0125
vn 0.0071 -1.0000 -0.0000
vn -0.0200 -0.9996 0.0200
vn -0.5747 0.8153 -0.0712
vn -0.2378 0.1315 0.9624
vn 0.9459 -0.2251 0.2337
vn 0.2334 0.7160 -0.6580
vn 0.3703 0.8296 0.4178
vn 0.0116 0.9991 -0.0397
vn 0.1317 0.9913 0.0028
vn 0.3852 0.9228 0.0063
vn 0.0105 0.9990 -0.0423
vn -0.0521 0.9986 -0.0129
vn -0.2382 0.9712 0.0055
vn -0.1111 0.9938 0.0031
vn -0.1481 0.9883 -0.0366
vn 0.0002 1.0000 -0.0010
vn 0.4779 0.8784 0.0080
vn -0.4079 0.9130 0.0049
vn -0.0042 1.0000 -0.0010
vn 0.0174 0.9974 -0.0703
vn 0.0054 1.0000 -0.0006
vn -0.0000 0.9943 -0.1064
vn 0.0065 1.0000 0.0053
vn -0.0084 0.9956 -0.0930
vn -0.3864 0.9223 -0.0082
vn -0.0400 0.9992 0.0026
vn 0.2133 0.9762 -0.0382
vn -0.0183 0.9998 0.0020
vn 0.0018 1.0000 -0.0010
vn 0.2496 0.9683 -0.0091
vn 0.0019 0.9983 -0.0587
vn 0.0031 1.0000 -0.0011
vn 0.1442 0.9895 -0.0058
vn -0.0000 0.9959 -0.0901
vn -0.0077 0.9883 0.1526
vn 0.4352 0.9003 0.0073
vn -0.0000 0.9475 -0.3197
vn -0.2904 0.9569 0.0017
vn -0.7595 0.6504 -0.0087
vn 0.0928 0.9861 -0.1381
vn -0.0056 1.0000 0.0004
vn -0.0453 0.9738 0.2231
vn 0.0129 0.9996 -0.0254
vn 0.0454 -0.9985 -0.0290
vn 0.2292 0.9734 0.0020
vn -0.2415 0.9191 0.3114
vn 0.0189 0.9998 0.0058
vn -0.0850 0.9962 0.0170
vn -0.0069 0.9944 0.1052
vn 0.0428 0.9931 -0.1088
vn -0.4081 0.9129 -0.0070
vn 0.0835 0.9965 0.0033
vn 0.1167 0.9932 0.0044
vn -0.0730 0.9973 -0.0027
vn -0.1677 0.9850 -0.0414
vn 0.1104 0.9939 -0.0002
vn -0.0313 0.9993 0.0211
vn -0.5154 0.8570 -0.0006
vn -0.0739 0.9933 0.0887
vn -0.0897 0.9931 -0.0752
vn -0.0066 0.9996 0.0267
vn 0.2989 0.9543 0.0039
vn -0.0000 0.9555 0.2951
vn -0.0086 0.9949 -0.1001
vn -0.0102 0.9999 0.0042
vn -0.0142 0.9943 -0.1058
vn 0.0726 0.9974 -0.0017
vn -0.5715 -0.8206 0.0025
vn -0.7290 0.6845 -0.0031
vn -0.8573 0.4653 -0.2201
vn 0.3504 -0.0658 -0.9343
vn 0.4349 0.8890 0.1437
vn -0.3150 0.6404 0.7004
vn -0.4356 0.8357 -0.3346
vn -0.1660 0.3556 -0.9198
vn -0.8835 0.4675 -0.0295
vn 0.1202 0.7340 0.6684
vn 0.9480 0.1628 -0.2736
vn 0.2685 0.8553 -0.4430
vn 0.2463 0.5353 0.8080
vn -0.6672 0.7279 -0.1582
vn -0.9609 0.1427 -0.2374
vn 0.8571 0.4696 0.2118
vn 0.1402 0.8115 -0.5674
vn -0.0146 0.5077 -0.8614
vn 0.7391 0.6229 0.2564
vn -0.3143 0.8505 0.4218
vn 0.3329 0.9290 0.1619
vn -0.3133 0.9493 0.0268
vn -0.0669 0.8129 0.5786
vn 0.9319 0.2195 0.2889
vn 0.2378 0.4552 -0.8581
vn 0.3285 0.8377 -0.4363
vn -0.7451 0.6197 -0.2467
vn -0.8569 0.4700 -0.2117
vn 0.5521 0.8314 0.0631
vn 0.2396 0.0486 -0.9697
vn -0.2435 0.6186 0.7470
vn -0.3942 0.8627 -0.3167
vn -0.0078 -1.0000 0.0020
vn 0.2046 -0.9788 -0.0015
vn -0.2223 -0.9731 -0.0612
vn 0.1337 -0.9808 -0.1418
vn -0.0624 -0.9951 0.0772
vn -0.4903 -0.8715 0.0002
vn -0.8373 -0.4856 0.2515
vn -0.0895 -0.9912 -0.0977
vn 0.0492 -0.9987 -0.0133
vn 0.1828 -0.9813 -0.0598
vn -0.1357 -0.9889 -0.0605
vn 0.0085 -0.9631 0.2689
vn -0.1715 -0.9843 -0.0424
vn -0.0081 -1.0000 0.0003
vn 0.8030 -0.5534 0.2212
vn -0.0122 -0.9620 -0.2727
vn -0.0101 -0.9996 0.0256
vn -0.2752 -0.9585 0.0746
vn 0.0189 -0.9996 -0.0206
vn 0.4398 -0.8806 -0.1764
vn -0.4629 -0.7806 0.4200
vn 0.0105 -0.9981 -0.0600
vn 0.0260 -0.9996 -0.0056
vn -0.0005 -0.9997 0.0249
vn -0.2108 -0.9769 0.0353
vn 0.0395 -0.9992 -0.0013
vn -0.0007 -0.9722 -0.2342
vn 0.8401 -0.5324 -0.1039
vn -0.0260 -0.9906 -0.1341
vn -0.0000 -0.9937 -0.1120
vn -0.1254 -0.9920 -0.0170
vn 0.0296 -0.9996 0.0042
vn -0.0263 -0.9997 -0.0023
vn 0.4328 -0.8995 0.0601
vn 0.1430 -0.9893 -0.0273
vn 0.9849 -0.0406 -0.1685
vn -0.2405 -0.9696 0.0456
vn 0.0356 -0.9994 -0.0049
vn 0.0141 -0.9906 -0.1359
vn -0.1963 -0.9800 -0.0327
vn 0.0309 -0.9920 -0.1223
vn 0.9754 -0.1190 0.1857
vn -0.0614 -0.9981 -0.0102
vn -0.1406 -0.9889 -0.0479
vn 0.0120 -0.9999 -0.0023
vn 0.0064 -0.9737 -0.2276
vn -0.0078 -0.9991 0.0420
vn -0.0207 -0.9936 0.1113
vn 0.6055 -0.0898 -0.7908
vn 0.3963 0.9094 0.1261
vn -0.4773 0.8428 -0.2487
vn -0.0125 0.9999 -0.0000
vn -0.0200 0.9996 -0.0200
vn -0.0051 1.0000 0.0054
vn -0.0000 1.0000 0.0071
vn -0.0051 -1.0000 0.0054
vn -0.0125 -0.9999 -0.0000
vn -0.0000 -1.0000 0.0071
vn -0.0200 -0.9996 -0.0200
vn -0.1077 -0.5306 0.8407
vn 0.4134 0.9089 0.0543
vn -0.4503 0.8892 0.0804
vn 0.0525 0.9985 0.0153
vn -0.0145 0.7295 0.6838
vn 0.0266 0.9996 -0.0077
vn 0.0045 0.7366 -0.6763
vn -0.0010 1.0000 -0.0033
vn 0.2410 0.9563 -0.1655
vn -0.0054 0.9721 -0.2343
vn -0.0010 1.0000 -0.0005
vn 0.0038 0.9938 -0.1107
vn 0.0037 0.9903 -0.1391
vn -0.1924 0.9303 -0.3124
vn -0.0115 0.7728 0.6345
vn 0.0128 0.7901 0.6128
vn 0.0384 0.9760 0.2143
vn 0.0979 0.9951 0.0135
vn 0.0037 0.9994 0.0354
vn 0.2792 0.9601 -0.0162
vn 0.0687 0.9976 -0.0000
vn -0.0003 0.9997 -0.0226
vn 0.0408 0.9991 -0.0118
vn 0.0026 0.9924 -0.1229
vn -0.0589 0.9812 -0.1835
vn -0.2366 0.9704 -0.0483
vn 0.0047 1.0000 -0.0000
vn -0.0023 0.9937 -0.1121
vn -0.0025 0.9997 0.0243
vn -0.0111 0.9084 -0.4180
vn -0.0176 0.9996 -0.0216
vn 0.0032 1.0000 0.0047
vn -0.0386 0.9993 -0.0000
vn -0.0045 1.0000 0.0044
vn -0.1526 0.9883 -0.0077
vn -0.0183 0.9848 0.1730
vn 0.0625 0.9980 -0.0000
vn -0.0104 0.9950 0.0989
vn -0.0046 0.9993 0.0366
vn 0.0429 0.9990 0.0088
vn -0.0023 0.9998 -0.0221
vn 0.1617 0.9868 0.0070
vn 0.0006 1.0000 -0.0057
vn -0.0091 0.9981 0.0612
vn 0.0195 0.9833 0.1808
vn 0.1777 0.9828 -0.0501
vn 0.0442 0.9051 0.4229
vn -0.0208 0.9436 -0.3305
vn -0.1604 0.9871 -0.0000
vn 0.2602 0.9621 0.0817
vn -0.0854 0.9942 -0.0648
vn -0.0034 0.9999 -0.0115
vn -0.0886 0.9944 -0.0578
vn 0.0408 0.9220 -0.3850
vn -0.0199 0.9913 0.1299
vn -0.0254 0.9856 0.1674
vn 0.0192 0.9925 0.1209
vn 0.0006 1.0000 -0.0041
vn 0.0222 0.9772 -0.2113
vn -0.0317 0.9524 -0.3032
vn 0.0015 0.9350 -0.3547
vn -0.0395 0.9640 -0.2628
vn 0.0752 0.9931 -0.0897
vn -0.2001 0.9703 0.1358
vn 0.0309 0.9841 0.1750
vn -0.2950 0.9555 -0.0000
vn -0.0013 1.0000 -0.0000
vn 0.0114 0.9959 0.0899
vn 0.0020 0.9963 0.0861
vn -0.0023 -0.7853 -0.6191
vn 0.0032 0.4688 -0.8833
vn -0.5510 0.7962 0.2501
vn -0.1374 0.2218 0.9654
vn 0.5144 0.8152 0.2660
vn -0.0386 0.9505 -0.3083
vn -0.7070 0.4376 -0.5555
vn -0.6236 0.5755 0.5291
vn -0.0907 0.9002 0.4260
vn 0.0017 0.8954 -0.4452
vn -0.1720 0.2630 -0.9494
vn -0.7146 0.6921 -0.1018
vn -0.4253 0.8973 0.1182
vn 0.4010 0.8852 -0.2357
vn -0.7322 0.4040 -0.5484
vn -0.2258 0.7449 0.6278
vn 0.9169 0.2275 0.3279
vn -0.1896 0.5391 0.8206
vn 0.3896 0.8620 -0.3242
vn -0.4113 0.4834 0.7727
vn 0.4041 0.5640 0.7201
vn 0.4165 0.9086 0.0321
vn -0.4775 0.8755 0.0735
vn 0.9370 0.2214 -0.2704
vn -0.1378 0.6357 -0.7595
vn -0.8892 0.4398 -0.1264
vn 0.3781 0.8947 0.2377
vn -0.4289 0.8738 0.2292
vn -0.0526 0.7416 -0.6688
vn 0.0008 -0.9848 0.1736
vn -0.0032 -0.9945 -0.1050
vn 0.0449 -0.9879 -0.1483
vn 0.1382 -0.9798 -0.1445
vn -0.0004 -0.8695 -0.4940
vn -0.0134 -0.9944 -0.1049
vn 0.1015 -0.9917 0.0786
vn -0.0766 -0.9930 -0.0896
vn -0.0036 -0.9413 -0.3377
vn 0.0035 -0.9941 0.1085
vn -0.0281 -0.9781 -0.2065
vn -0.1544 -0.9879 0.0109
vn -0.3356 -0.9420 -0.0056
vn 0.4139 -0.9103 -0.0083
vn -0.0008 -0.9973 -0.0733
vn -0.1330 -0.9911 -0.0000
vn 0.0646 -0.9815 0.1801
vn 0.0233 -0.9995 -0.0234
vn 0.0016 -0.9999 -0.0164
vn -0.5742 -0.7544 -0.3181
vn 0.0008 -1.0000 -0.0017
vn -0.0024 -0.9974 0.0718
vn -0.2153 -0.9765 -0.0016
vn 0.0252 -0.9997 -0.0000
vn 0.0026 -1.0000 -0.0037
vn -0.0019 -0.9998 0.0201
vn -0.0045 -0.9731 -0.2302
vn -0.1665 -0.9856 -0.0307
vn -0.1007 -0.9803 0.1702
vn -0.0006 -0.9975 -0.0706
vn 0.0006 -0.9997 0.0254
vn 0.1541 -0.9881 -0.0041
vn -0.0024 -0.9974 0.0720
vn -0.0016 -0.9876 -0.1568
vn 0.1019 -0.9908 0.0894
vn -0.0961 -0.9877 -0.1231
vn 0.0073 -0.9288 0.3705
vn -0.0080 -0.8815 0.4720
vn 0.0044 -0.9912 0.1325
vn 0.0028 -0.9750 -0.2222
vn 0.0020 -0.9967 0.0812
vn -0.0105 -0.9999 -0.0036
vn 0.0034 -1.0000 -0.0076
vn 0.0006 -0.9841 0.1778
vn 0.0261 -0.9996 -0.0078
vn -0.1260 -0.9870 0.0999
vn 0.9407 0.2036 -0.2715
vn -0.3003 0.6042 -0.7381
vn -0.7541 0.3727 0.5407
vn 0.3674 0.8995 0.2365
vn -0.1883 0.7387 -0.6472
s 0
usemtl haedosat_sim42Material0
f 1//1 2//1 3//1
f 4//2 1//2 3//2
f 2//3 4//3 5//3
f 6//4 3//4 2//4
f 5//5 6//5 2//5
f 3//6 5//6 4//6
f 10//7 8//7 7//7
f 9//7 12//7 10//7
f 10//7 11//7 9//7
f 10//7 7//7 11//7
f 12//7 9//7 13//7
f 8//7 16//7 7//7
f 13//7 2//7 12//7
f 16//8 18//8 7//8
f 12//9 2//9 21//9
f 13//7 17//7 2//7
f 22//10 23//10 4//10
f 23//11 24//11 1//11
f 18//12 26//12 27//12
f 26//7 9//7 27//7
f 16//7 8//7 12//7
f 14//7 24//7 15//7
f 17//7 22//7 2//7
f 24//7 2//7 1//7
f 9//7 26//7 25//7
f 25//7 17//7 9//7
f 27//13 7//13 18//13
f 22//7 4//7 2//7
f 21//14 2//14 24//14
f 1//15 4//15 23//15
f 25//7 26//7 20//7
f 11//7 27//7 9//7
f 14//16 21//16 24//16
f 19//7 25//7 20//7
f 17//7 25//7 22//7
f 21//17 16//17 12//17
f 28//18 41//18 29//18
f 29//18 30//18 28//18
f 32//18 3//18 6//18
f 3//18 31//18 29//18
f 3//18 32//18 31//18
f 29//18 41//18 3//18
f 30//18 35//18 28//18
f 35//19 21//19 36//19
f 5//18 39//18 40//18
f 30//20 18//20 35//20
f 36//18 28//18 35//18
f 21//21 41//21 36//21
f 39//18 43//18 45//18
f 3//18 41//18 44//18
f 40//18 32//18 5//18
f 23//22 5//22 3//22
f 44//23 21//23 34//23
f 30//18 31//18 42//18
f 45//18 40//18 39//18
f 31//18 32//18 45//18
f 44//24 41//24 21//24
f 6//18 5//18 32//18
f 31//18 43//18 42//18
f 42//18 43//18 38//18
f 45//18 43//18 31//18
f 33//18 44//18 34//18
f 30//25 42//25 18//25
f 37//18 42//18 38//18
f 5//26 23//26 39//26
f 44//27 23//27 3//27
f 38//28 19//28 20//28
f 20//29 37//29 38//29
f 43//30 25//30 19//30
f 19//31 38//31 43//31
f 39//32 22//32 25//32
f 25//32 43//32 39//32
f 22//33 39//33 23//33
f 44//34 24//34 23//34
f 33//35 15//35 24//35
f 24//36 44//36 33//36
f 34//37 14//37 15//37
f 15//38 33//38 34//38
f 14//39 34//39 21//39
f 35//34 16//34 21//34
f 16//40 35//40 18//40
f 42//32 26//32 18//32
f 37//41 20//41 26//41
f 26//42 42//42 37//42
f 12//43 8//43 28//43
f 10//44 12//44 36//44
f 8//45 10//45 41//45
f 41//46 28//46 8//46
f 36//47 41//47 10//47
f 28//48 36//48 12//48
f 13//49 9//49 45//49
f 17//50 13//50 32//50
f 9//51 17//51 40//51
f 40//52 45//52 9//52
f 32//53 40//53 17//53
f 45//54 32//54 13//54
f 11//55 7//55 30//55
f 27//56 11//56 31//56
f 7//57 27//57 31//57
f 31//46 30//46 7//46
f 29//58 31//58 11//58
f 30//59 29//59 11//59
f 58//60 57//60 56//60
f 59//61 54//61 53//61
f 60//62 61//62 55//62
f 61//63 56//63 55//63
f 56//64 62//64 58//64
f 63//65 53//65 52//65
f 54//66 59//66 60//66
f 62//67 64//67 58//67
f 65//68 66//68 47//68
f 55//69 54//69 60//69
f 57//70 58//70 65//70
f 67//71 68//71 48//71
f 53//72 63//72 59//72
f 47//73 57//73 65//73
f 66//74 46//74 47//74
f 48//75 46//75 67//75
f 68//76 69//76 49//76
f 69//77 50//77 49//77
f 61//78 62//78 56//78
f 69//79 63//79 52//79
f 66//80 67//80 46//80
f 49//81 48//81 68//81
f 51//82 50//82 69//82
f 52//83 51//83 69//83
f 71//84 51//84 52//84
f 71//85 50//85 51//85
f 72//86 73//86 56//86
f 52//87 70//87 71//87
f 74//88 57//88 47//88
f 72//40 75//40 73//40
f 76//89 54//89 55//89
f 77//90 70//90 53//90
f 47//91 78//91 74//91
f 79//92 80//92 55//92
f 55//92 80//92 76//92
f 53//93 54//93 77//93
f 81//94 46//94 48//94
f 56//86 57//86 72//86
f 56//95 73//95 79//95
f 49//96 50//96 71//96
f 82//97 48//97 49//97
f 48//98 82//98 81//98
f 55//99 56//99 79//99
f 52//100 53//100 70//100
f 49//101 71//101 82//101
f 76//95 77//95 54//95
f 83//91 78//91 47//91
f 46//102 81//102 83//102
f 47//103 46//103 83//103
f 74//102 72//102 57//102
f 86//34 85//34 87//34
f 69//34 88//34 85//34
f 84//34 86//34 87//34
f 87//34 88//34 84//34
f 88//34 69//34 84//34
f 108//34 85//34 89//34
f 90//34 108//34 91//34
f 85//34 92//34 89//34
f 89//34 91//34 108//34
f 86//34 91//34 92//34
f 92//34 85//34 86//34
f 63//34 69//34 108//34
f 90//34 94//34 93//34
f 94//34 108//34 95//34
f 90//34 93//34 95//34
f 95//34 108//34 90//34
f 96//34 98//34 97//34
f 94//34 99//34 98//34
f 90//34 96//34 97//34
f 97//34 99//34 90//34
f 99//34 94//34 90//34
f 100//34 102//34 101//34
f 98//34 103//34 102//34
f 96//34 100//34 101//34
f 101//34 103//34 96//34
f 103//34 98//34 96//34
f 104//34 63//34 105//34
f 63//34 102//34 106//34
f 63//34 106//34 105//34
f 107//34 102//34 100//34
f 107//34 106//34 102//34
f 100//34 105//34 107//34
f 105//34 100//34 104//34
f 98//34 102//34 63//34
f 94//34 98//34 63//34
f 108//34 94//34 63//34
f 91//34 86//34 90//34
f 85//34 108//34 69//34
f 109//32 110//32 111//32
f 110//32 117//32 111//32
f 111//32 112//32 109//32
f 117//32 113//32 111//32
f 112//32 70//32 109//32
f 112//32 113//32 70//32
f 70//32 117//32 121//32
f 110//32 114//32 115//32
f 114//32 110//32 116//32
f 116//32 121//32 114//32
f 115//32 117//32 110//32
f 117//32 114//32 121//32
f 70//32 121//32 125//32
f 118//32 125//32 119//32
f 119//32 116//32 118//32
f 121//32 119//32 125//32
f 119//32 120//32 116//32
f 120//32 121//32 116//32
f 122//32 125//32 124//32
f 118//32 122//32 124//32
f 123//32 125//32 118//32
f 124//32 123//32 118//32
f 71//32 125//32 132//32
f 122//32 132//32 126//32
f 128//32 125//32 122//32
f 126//32 128//32 122//32
f 128//32 127//32 125//32
f 132//32 127//32 126//32
f 131//32 122//32 130//32
f 130//32 71//32 131//32
f 131//32 129//32 122//32
f 129//32 132//32 122//32
f 132//32 131//32 71//32
f 127//32 132//32 125//32
f 125//32 71//32 70//32
f 113//32 117//32 70//32
f 135//33 130//33 84//33
f 136//33 135//33 137//33
f 141//33 104//33 109//33
f 138//33 133//33 134//33
f 137//33 139//33 136//33
f 140//33 136//33 139//33
f 110//33 109//33 104//33
f 116//33 110//33 100//33
f 109//33 138//33 141//33
f 134//33 141//33 138//33
f 139//33 142//33 140//33
f 143//33 140//33 142//33
f 100//33 96//33 116//33
f 118//33 116//33 96//33
f 96//33 90//33 118//33
f 122//33 118//33 90//33
f 142//33 144//33 143//33
f 143//33 144//33 134//33
f 134//33 133//33 143//33
f 90//33 86//33 122//33
f 122//33 86//33 84//33
f 84//33 130//33 122//33
f 84//33 137//33 135//33
f 104//33 100//33 110//33
f 119//104 121//104 98//104
f 120//105 119//105 97//105
f 121//106 120//106 97//106
f 97//107 98//107 121//107
f 99//108 97//108 119//108
f 98//109 99//109 119//109
f 124//110 125//110 95//110
f 123//105 124//105 93//105
f 125//106 123//106 93//106
f 94//111 95//111 125//111
f 93//112 94//112 125//112
f 95//113 93//113 124//113
f 131//104 132//104 85//104
f 129//105 131//105 87//105
f 132//106 129//106 87//106
f 87//107 85//107 132//107
f 88//108 87//108 131//108
f 85//109 88//109 131//109
f 126//114 127//114 89//114
f 128//115 126//115 91//115
f 127//116 128//116 91//116
f 91//117 89//117 127//117
f 92//118 91//118 126//118
f 89//119 92//119 126//119
f 114//104 117//104 102//104
f 115//105 114//105 101//105
f 117//106 115//106 101//106
f 101//107 102//107 117//107
f 103//108 101//108 114//108
f 102//109 103//109 114//109
f 111//104 113//104 106//104
f 112//105 111//105 105//105
f 113//106 112//106 105//106
f 105//107 106//107 113//107
f 107//108 105//108 111//108
f 106//109 107//109 111//109
f 144//18 145//18 146//18
f 68//18 147//18 145//18
f 134//18 144//18 146//18
f 146//18 147//18 134//18
f 147//18 68//18 134//18
f 163//18 145//18 148//18
f 142//18 163//18 149//18
f 145//18 150//18 148//18
f 148//18 149//18 163//18
f 144//18 149//18 150//18
f 150//18 145//18 144//18
f 69//18 68//18 163//18
f 142//18 152//18 151//18
f 152//18 163//18 153//18
f 153//18 163//18 142//18
f 142//18 151//18 153//18
f 154//18 152//18 142//18
f 154//18 155//18 152//18
f 139//18 155//18 156//18
f 142//18 139//18 156//18
f 156//18 154//18 142//18
f 137//18 157//18 159//18
f 158//18 155//18 139//18
f 139//18 137//18 159//18
f 158//18 157//18 155//18
f 159//18 158//18 139//18
f 69//18 157//18 160//18
f 84//18 69//18 161//18
f 157//18 162//18 160//18
f 160//18 161//18 69//18
f 137//18 161//18 162//18
f 162//18 157//18 137//18
f 161//18 137//18 84//18
f 155//18 157//18 69//18
f 152//18 155//18 69//18
f 163//18 152//18 69//18
f 149//18 144//18 142//18
f 145//18 163//18 68//18
f 130//7 135//7 165//7
f 135//7 169//7 165//7
f 71//7 164//7 166//7
f 165//7 164//7 130//7
f 164//7 71//7 130//7
f 166//7 165//7 169//7
f 71//7 169//7 172//7
f 167//7 169//7 135//7
f 168//7 135//7 136//7
f 136//7 172//7 168//7
f 168//7 167//7 135//7
f 172//7 169//7 168//7
f 71//7 172//7 175//7
f 140//7 175//7 170//7
f 136//7 170//7 171//7
f 175//7 172//7 170//7
f 170//7 136//7 140//7
f 171//7 172//7 136//7
f 140//7 143//7 174//7
f 174//7 173//7 140//7
f 143//7 175//7 174//7
f 173//7 175//7 140//7
f 82//7 175//7 181//7
f 143//7 181//7 177//7
f 175//7 176//7 178//7
f 177//7 176//7 143//7
f 176//7 175//7 143//7
f 181//7 178//7 177//7
f 180//7 143//7 133//7
f 133//7 82//7 180//7
f 180//7 179//7 143//7
f 179//7 181//7 143//7
f 181//7 180//7 82//7
f 178//7 181//7 175//7
f 175//7 82//7 71//7
f 166//7 169//7 71//7
f 154//58 156//58 170//58
f 155//59 154//59 170//59
f 156//46 155//46 172//46
f 171//56 170//56 156//56
f 172//57 171//57 156//57
f 170//55 172//55 155//55
f 153//120 151//120 174//120
f 152//121 153//121 175//121
f 151//122 152//122 175//122
f 173//56 174//56 151//56
f 175//57 173//57 151//57
f 174//123 175//123 153//123
f 180//55 181//55 145//55
f 179//56 180//56 146//56
f 181//57 179//57 146//57
f 146//46 145//46 181//46
f 147//58 146//58 180//58
f 145//59 147//59 180//59
f 177//124 178//124 148//124
f 176//125 177//125 149//125
f 178//126 176//126 149//126
f 149//127 148//127 178//127
f 150//128 149//128 177//128
f 148//129 150//129 177//129
f 168//55 169//55 157//55
f 167//56 168//56 159//56
f 169//57 167//57 159//57
f 159//46 157//46 169//46
f 158//58 159//58 168//58
f 157//59 158//59 168//59
f 165//55 166//55 160//55
f 164//56 165//56 161//56
f 166//130 164//130 161//130
f 161//46 160//46 166//46
f 162//58 161//58 165//58
f 160//59 162//59 165//59
f 182//32 185//32 134//32
f 134//32 68//32 182//32
f 182//32 183//32 185//32
f 68//32 67//32 182//32
f 183//32 67//32 185//32
f 67//32 186//32 185//32
f 66//32 184//32 186//32
f 141//32 134//32 184//32
f 184//32 66//32 187//32
f 187//32 188//32 184//32
f 188//32 66//32 189//32
f 189//32 192//32 188//32
f 189//32 190//32 192//32
f 190//32 65//32 192//32
f 65//32 189//32 66//32
f 58//32 191//32 193//32
f 65//32 58//32 193//32
f 193//32 192//32 65//32
f 191//32 58//32 195//32
f 141//32 191//32 195//32
f 64//32 194//32 58//32
f 195//32 194//32 141//32
f 194//32 64//32 141//32
f 192//32 191//32 141//32
f 188//32 192//32 141//32
f 184//32 188//32 141//32
f 186//32 67//32 66//32
f 185//32 184//32 134//32
f 75//34 197//34 196//34
f 75//34 72//34 197//34
f 72//34 199//34 198//34
f 198//34 197//34 72//34
f 196//34 138//34 75//34
f 199//34 196//34 198//34
f 138//34 199//34 201//34
f 72//34 200//34 199//34
f 200//34 72//34 74//34
f 201//34 200//34 74//34
f 138//34 201//34 214//34
f 74//34 202//34 203//34
f 78//34 214//34 204//34
f 202//34 74//34 78//34
f 204//34 202//34 78//34
f 214//34 201//34 203//34
f 203//34 201//34 74//34
f 203//34 204//34 214//34
f 138//34 214//34 215//34
f 78//34 205//34 206//34
f 206//34 214//34 78//34
f 78//34 83//34 205//34
f 83//34 215//34 207//34
f 207//34 205//34 83//34
f 215//34 206//34 207//34
f 133//34 215//34 209//34
f 83//34 208//34 210//34
f 83//34 81//34 208//34
f 209//34 208//34 81//34
f 210//34 215//34 83//34
f 133//34 209//34 212//34
f 211//34 81//34 82//34
f 82//34 133//34 213//34
f 212//34 213//34 133//34
f 81//34 211//34 212//34
f 213//34 211//34 82//34
f 212//34 209//34 81//34
f 210//34 209//34 215//34
f 206//34 215//34 214//34
f 215//34 133//34 138//34
f 196//34 199//34 138//34
f 189//131 65//131 202//131
f 190//105 189//105 203//105
f 65//132 190//132 203//132
f 203//133 202//133 65//133
f 204//108 203//108 189//108
f 202//109 204//109 189//109
f 187//134 66//134 205//134
f 188//135 187//135 207//135
f 66//136 188//136 206//136
f 206//137 205//137 66//137
f 207//138 206//138 188//138
f 205//139 207//139 187//139
f 198//108 196//108 195//108
f 197//109 198//109 195//109
f 196//140 197//140 58//140
f 194//105 195//105 196//105
f 58//141 194//141 196//141
f 195//142 58//142 197//142
f 201//108 199//108 192//108
f 200//109 201//109 192//109
f 199//107 200//107 193//107
f 191//105 192//105 199//105
f 193//106 191//106 199//106
f 192//104 193//104 200//104
f 209//108 210//108 185//108
f 208//109 209//109 185//109
f 210//107 208//107 186//107
f 184//105 185//105 210//105
f 186//106 184//106 210//106
f 185//104 186//104 208//104
f 213//108 212//108 182//108
f 211//109 213//109 182//109
f 212//143 211//143 67//143
f 183//105 182//105 212//105
f 67//144 183//144 212//144
f 182//145 67//145 211//145
f 216//7 218//7 141//7
f 141//7 64//7 216//7
f 216//7 217//7 218//7
f 64//7 62//7 216//7
f 217//7 62//7 218//7
f 220//7 219//7 61//7
f 219//7 218//7 62//7
f 104//7 141//7 220//7
f 220//7 61//7 222//7
f 222//7 221//7 220//7
f 221//7 61//7 223//7
f 61//7 60//7 223//7
f 226//7 223//7 224//7
f 224//7 60//7 226//7
f 223//7 226//7 221//7
f 59//7 225//7 227//7
f 60//7 59//7 227//7
f 227//7 226//7 60//7
f 104//7 225//7 229//7
f 229//7 228//7 104//7
f 225//7 59//7 229//7
f 63//7 228//7 59//7
f 228//7 63//7 104//7
f 226//7 225//7 104//7
f 221//7 226//7 104//7
f 220//7 221//7 104//7
f 219//7 62//7 61//7
f 218//7 220//7 141//7
f 231//18 230//18 70//18
f 70//18 77//18 231//18
f 109//18 70//18 230//18
f 77//18 233//18 232//18
f 232//18 231//18 77//18
f 233//18 230//18 232//18
f 109//18 233//18 235//18
f 77//18 234//18 233//18
f 234//18 77//18 76//18
f 235//18 234//18 76//18
f 109//18 235//18 248//18
f 80//18 248//18 236//18
f 236//18 237//18 80//18
f 76//18 237//18 238//18
f 248//18 235//18 238//18
f 238//18 235//18 76//18
f 237//18 76//18 80//18
f 238//18 236//18 248//18
f 109//18 248//18 249//18
f 80//18 239//18 240//18
f 80//18 79//18 239//18
f 79//18 249//18 241//18
f 249//18 240//18 241//18
f 240//18 248//18 80//18
f 241//18 239//18 79//18
f 138//18 249//18 243//18
f 79//18 73//18 242//18
f 79//18 242//18 244//18
f 243//18 242//18 73//18
f 244//18 249//18 79//18
f 73//18 245//18 247//18
f 75//18 138//18 246//18
f 138//18 243//18 247//18
f 245//18 73//18 75//18
f 247//18 246//18 138//18
f 246//18 245//18 75//18
f 247//18 243//18 73//18
f 244//18 243//18 249//18
f 240//18 249//18 248//18
f 249//18 138//18 109//18
f 230//18 233//18 109//18
f 236//58 238//58 223//58
f 237//59 236//59 223//59
f 238//146 237//146 60//146
f 224//56 223//56 238//56
f 60//147 224//147 238//147
f 223//148 60//148 237//148
f 241//47 240//47 221//47
f 239//48 241//48 222//48
f 240//149 239//149 61//149
f 61//150 221//150 240//150
f 222//151 61//151 239//151
f 221//44 222//44 241//44
f 232//58 230//58 229//58
f 231//59 232//59 229//59
f 230//152 231//152 59//152
f 228//56 229//56 230//56
f 59//153 228//153 230//153
f 229//154 59//154 231//154
f 235//58 233//58 226//58
f 234//59 235//59 226//59
f 233//46 234//46 227//46
f 225//56 226//56 233//56
f 227//57 225//57 233//57
f 226//55 227//55 234//55
f 243//58 244//58 218//58
f 242//59 243//59 218//59
f 244//46 242//46 219//46
f 220//56 218//56 244//56
f 219//57 220//57 244//57
f 218//55 219//55 242//55
f 246//58 247//58 216//58
f 245//59 246//59 216//59
f 247//146 245//146 62//146
f 217//56 216//56 247//56
f 62//147 217//147 247//147
f 216//148 62//148 245//148
f 250//56 251//56 252//56
f 253//57 250//57 252//57
f 251//55 253//55 254//55
f 255//58 252//58 251//58
f 254//59 255//59 251//59
f 252//46 254//46 253//46
f 259//7 257//7 256//7
f 258//7 261//7 259//7
f 259//7 260//7 258//7
f 259//7 256//7 260//7
f 261//7 258//7 262//7
f 257//7 265//7 256//7
f 262//7 251//7 261//7
f 265//155 267//155 256//155
f 261//156 251//156 270//156
f 262//7 266//7 251//7
f 271//157 272//157 253//157
f 272//158 273//158 250//158
f 267//159 275//159 276//159
f 275//7 258//7 276//7
f 265//7 257//7 261//7
f 263//7 273//7 264//7
f 266//7 271//7 251//7
f 273//7 251//7 250//7
f 258//7 275//7 274//7
f 274//7 266//7 258//7
f 276//160 256//160 267//160
f 271//7 253//7 251//7
f 270//161 251//161 273//161
f 250//162 253//162 272//162
f 274//7 275//7 269//7
f 260//7 276//7 258//7
f 263//163 270//163 273//163
f 268//7 274//7 269//7
f 266//7 274//7 271//7
f 270//164 265//164 261//164
f 277//18 290//18 278//18
f 278//18 279//18 277//18
f 281//18 252//18 255//18
f 252//18 280//18 278//18
f 252//18 281//18 280//18
f 278//18 290//18 252//18
f 279//18 284//18 277//18
f 284//165 270//165 285//165
f 254//18 288//18 289//18
f 279//166 267//166 284//166
f 285//18 277//18 284//18
f 270//167 290//167 285//167
f 288//18 292//18 294//18
f 252//18 290//18 293//18
f 289//18 281//18 254//18
f 272//168 254//168 252//168
f 293//169 270//169 283//169
f 279//18 280//18 291//18
f 294//18 289//18 288//18
f 280//18 281//18 294//18
f 293//170 290//170 270//170
f 255//18 254//18 281//18
f 280//18 292//18 291//18
f 291//18 292//18 287//18
f 294//18 292//18 280//18
f 282//18 293//18 283//18
f 279//171 291//171 267//171
f 286//18 291//18 287//18
f 254//172 272//172 288//172
f 293//173 272//173 252//173
f 287//37 268//37 269//37
f 269//38 286//38 287//38
f 292//174 274//174 268//174
f 268//175 287//175 292//175
f 288//34 271//34 274//34
f 274//34 292//34 288//34
f 271//40 288//40 272//40
f 293//32 273//32 272//32
f 282//41 264//41 273//41
f 273//42 293//42 282//42
f 283//28 263//28 264//28
f 264//29 282//29 283//29
f 263//176 283//176 270//176
f 284//32 265//32 270//32
f 265//33 284//33 267//33
f 291//34 275//34 267//34
f 286//35 269//35 275//35
f 275//36 291//36 286//36
f 261//177 257//177 277//177
f 259//178 261//178 285//178
f 257//179 259//179 290//179
f 290//6 277//6 257//6
f 285//180 290//180 259//180
f 277//181 285//181 261//181
f 262//182 258//182 294//182
f 266//183 262//183 281//183
f 258//184 266//184 289//184
f 289//185 294//185 258//185
f 281//186 289//186 266//186
f 294//187 281//187 262//187
f 260//3 256//3 279//3
f 276//1 260//1 280//1
f 256//2 276//2 280//2
f 280//6 279//6 256//6
f 278//4 280//4 260//4
f 279//5 278//5 260//5
f 295//188 296//188 297//188
f 298//189 295//189 297//189
f 296//190 298//190 299//190
f 300//191 297//191 296//191
f 299//192 300//192 296//192
f 297//193 299//193 298//193
f 304//32 302//32 301//32
f 303//32 306//32 304//32
f 304//32 305//32 303//32
f 304//32 301//32 305//32
f 306//32 303//32 307//32
f 302//32 310//32 301//32
f 307//32 296//32 306//32
f 310//194 312//194 301//194
f 306//195 296//195 315//195
f 307//32 311//32 296//32
f 316//196 317//196 298//196
f 317//197 318//197 295//197
f 312//198 320//198 321//198
f 320//32 303//32 321//32
f 310//32 302//32 306//32
f 308//32 318//32 309//32
f 311//32 316//32 296//32
f 318//32 296//32 295//32
f 303//32 320//32 319//32
f 319//32 311//32 303//32
f 321//199 301//199 312//199
f 316//32 298//32 296//32
f 315//200 296//200 318//200
f 295//201 298//201 317//201
f 319//32 320//32 314//32
f 305//32 321//32 303//32
f 308//202 315//202 318//202
f 313//32 319//32 314//32
f 311//32 319//32 316//32
f 315//203 310//203 306//203
f 322//34 335//34 323//34
f 323//34 324//34 322//34
f 326//204 297//204 300//204
f 297//34 325//34 323//34
f 297//34 326//34 325//34
f 323//34 335//34 297//34
f 324//34 329//34 322//34
f 329//205 315//205 330//205
f 299//34 333//34 334//34
f 324//206 312//206 329//206
f 330//34 322//34 329//34
f 315//207 335//207 330//207
f 333//34 337//34 339//34
f 297//34 335//34 338//34
f 334//34 326//34 299//34
f 317//208 299//208 297//208
f 338//209 315//209 328//209
f 324//34 325//34 336//34
f 339//34 334//34 333//34
f 325//34 326//34 339//34
f 338//210 335//210 315//210
f 300//34 299//34 326//34
f 325//34 337//34 336//34
f 336//34 337//34 332//34
f 339//34 337//34 325//34
f 327//34 338//34 328//34
f 324//211 336//211 312//211
f 331//34 336//34 332//34
f 299//212 317//212 333//212
f 338//213 317//213 297//213
f 332//214 313//214 314//214
f 314//215 331//215 332//215
f 337//216 319//216 313//216
f 313//217 332//217 337//217
f 333//18 316//18 319//18
f 319//18 337//18 333//18
f 316//33 333//33 317//33
f 338//7 318//7 317//7
f 327//218 309//218 318//218
f 318//219 338//219 327//219
f 328//220 308//220 309//220
f 309//221 327//221 328//221
f 308//222 328//222 315//222
f 329//7 310//7 315//7
f 310//40 329//40 312//40
f 336//18 320//18 312//18
f 331//223 314//223 320//223
f 320//224 336//224 331//224
f 306//225 302//225 322//225
f 304//135 306//135 330//135
f 302//226 304//226 335//226
f 335//107 322//107 302//107
f 330//138 335//138 304//138
f 322//227 330//227 306//227
f 307//228 303//228 339//228
f 311//229 307//229 326//229
f 303//230 311//230 334//230
f 334//231 339//231 303//231
f 326//232 334//232 311//232
f 339//233 326//233 307//233
f 305//104 301//104 324//104
f 321//105 305//105 325//105
f 301//234 321//234 325//234
f 325//107 324//107 301//107
f 323//108 325//108 305//108
f 324//235 323//235 305//235
f 340//236 341//236 342//236
f 344//237 340//237 343//237
f 341//238 344//238 345//238
f 345//239 342//239 341//239
f 343//240 345//240 344//240
f 342//241 343//241 340//241
f 346//242 347//242 348//242
f 347//243 351//243 352//243
f 350//34 351//34 349//34
f 350//34 352//34 351//34
f 349//34 348//34 350//34
f 352//244 348//244 347//244
f 355//245 356//245 357//245
f 359//246 355//246 357//246
f 360//34 361//34 358//34
f 358//34 356//34 360//34
f 357//247 361//247 359//247
f 358//34 357//34 356//34
f 364//248 363//248 365//248
f 362//34 365//34 363//34
f 372//34 385//34 371//34
f 370//34 354//34 371//34
f 371//34 354//34 372//34
f 360//34 356//34 374//34
f 356//34 362//34 374//34
f 374//34 373//34 360//34
f 362//34 375//34 374//34
f 363//34 373//34 375//34
f 375//34 362//34 363//34
f 349//34 351//34 376//34
f 351//34 370//34 377//34
f 377//34 376//34 351//34
f 370//34 371//34 378//34
f 376//34 378//34 371//34
f 378//34 377//34 370//34
f 380//34 381//34 379//34
f 379//34 381//34 382//34
f 382//34 381//34 365//34
f 366//34 383//34 384//34
f 384//34 382//34 367//34
f 384//34 367//34 366//34
f 366//34 380//34 383//34
f 380//34 379//34 383//34
f 385//34 372//34 340//34
f 340//34 381//34 386//34
f 372//34 381//34 340//34
f 369//34 344//34 341//34
f 341//34 386//34 369//34
f 344//34 369//34 368//34
f 368//34 385//34 344//34
f 385//34 340//34 344//34
f 386//34 341//34 340//34
f 382//34 384//34 379//34
f 380//34 386//34 381//34
f 376//34 371//34 349//34
f 373//34 363//34 360//34
f 362//34 382//34 365//34
f 361//249 360//249 359//249
f 354//250 370//250 353//250
f 348//251 349//251 346//251
f 346//33 349//33 387//33
f 387//252 349//252 371//252
f 371//253 388//253 387//253
f 389//254 390//254 370//254
f 370//255 351//255 389//255
f 347//40 389//40 351//40
f 370//256 390//256 353//256
f 391//257 363//257 364//257
f 359//33 360//33 392//33
f 392//252 360//252 363//252
f 363//258 391//258 392//258
f 393//259 394//259 362//259
f 362//260 356//260 393//260
f 355//40 393//40 356//40
f 362//261 394//261 395//261
f 395//262 382//262 362//262
f 382//263 395//263 396//263
f 396//264 367//264 382//264
f 367//18 396//18 397//18
f 397//18 366//18 367//18
f 380//265 366//265 397//265
f 397//266 398//266 380//266
f 386//267 380//267 398//267
f 398//268 399//268 386//268
f 386//269 399//269 400//269
f 400//270 369//270 386//270
f 369//18 400//18 401//18
f 401//18 368//18 369//18
f 385//271 368//271 401//271
f 401//272 402//272 385//272
f 371//273 385//273 402//273
f 402//274 388//274 371//274
f 379//275 384//275 403//275
f 383//276 379//276 404//276
f 384//277 383//277 404//277
f 405//278 403//278 384//278
f 404//279 405//279 384//279
f 403//280 404//280 379//280
f 407//281 406//281 352//281
f 408//282 407//282 350//282
f 406//283 408//283 348//283
f 348//284 352//284 406//284
f 350//285 348//285 408//285
f 352//286 350//286 407//286
f 410//281 409//281 377//281
f 411//282 410//282 378//282
f 409//283 411//283 376//283
f 376//284 377//284 409//284
f 378//285 376//285 411//285
f 377//286 378//286 410//286
f 412//287 414//287 374//287
f 413//288 412//288 375//288
f 414//289 413//289 373//289
f 373//290 374//290 414//290
f 375//291 373//291 413//291
f 374//292 375//292 412//292
f 415//287 417//287 357//287
f 416//288 415//288 358//288
f 417//289 416//289 361//289
f 361//290 357//290 417//290
f 358//291 361//291 416//291
f 357//292 358//292 415//292
f 347//293 346//293 408//293
f 346//294 387//294 408//294
f 387//32 389//32 407//32
f 408//295 406//295 347//295
f 406//32 407//32 389//32
f 407//32 408//32 387//32
f 389//32 387//32 411//32
f 387//32 388//32 411//32
f 411//32 409//32 389//32
f 388//32 410//32 411//32
f 390//32 409//32 410//32
f 410//32 388//32 390//32
f 419//32 418//32 388//32
f 418//296 353//296 390//296
f 390//32 388//32 418//32
f 355//297 359//297 417//297
f 393//32 417//32 415//32
f 359//298 392//298 416//298
f 392//32 415//32 416//32
f 359//299 416//299 417//299
f 415//32 392//32 393//32
f 393//32 392//32 414//32
f 392//32 391//32 413//32
f 413//32 414//32 392//32
f 412//32 391//32 394//32
f 414//32 412//32 394//32
f 412//32 413//32 391//32
f 420//32 395//32 394//32
f 391//32 420//32 394//32
f 403//32 419//32 398//32
f 395//32 419//32 403//32
f 420//32 419//32 395//32
f 398//32 404//32 403//32
f 397//32 396//32 405//32
f 405//32 404//32 397//32
f 404//32 398//32 397//32
f 396//32 395//32 403//32
f 403//32 405//32 396//32
f 343//32 419//32 402//32
f 399//32 419//32 343//32
f 399//32 343//32 342//32
f 400//32 342//32 345//32
f 401//32 345//32 343//32
f 343//32 402//32 401//32
f 345//32 401//32 400//32
f 400//32 399//32 342//32
f 399//32 398//32 419//32
f 420//300 391//300 364//300
f 414//32 394//32 393//32
f 417//301 393//301 355//301
f 388//32 402//32 419//32
f 409//32 390//32 389//32
f 406//302 389//302 347//302
f 421//33 420//33 365//33
f 365//33 420//33 364//33
f 353//40 418//40 354//40
f 354//40 418//40 422//40
f 421//303 423//303 424//303
f 425//304 424//304 423//304
f 423//305 426//305 425//305
f 427//33 425//33 426//33
f 428//40 429//40 430//40
f 431//306 430//306 429//306
f 429//307 432//307 431//307
f 432//308 433//308 434//308
f 434//309 431//309 432//309
f 433//310 435//310 436//310
f 436//311 434//311 433//311
f 437//34 438//34 436//34
f 436//34 435//34 437//34
f 439//312 438//312 437//312
f 437//313 440//313 439//313
f 440//314 442//314 441//314
f 441//315 439//315 440//315
f 442//316 443//316 444//316
f 444//317 441//317 442//317
f 445//34 446//34 444//34
f 444//34 443//34 445//34
f 447//318 446//318 445//318
f 445//319 448//319 447//319
f 449//320 450//320 422//320
f 451//40 452//40 453//40
f 449//321 453//321 452//321
f 452//322 450//322 449//322
f 455//323 457//323 458//323
f 458//324 456//324 455//324
f 454//33 455//33 456//33
f 457//325 447//325 448//325
f 448//326 458//326 457//326
f 459//7 453//7 455//7
f 455//7 460//7 459//7
f 454//327 451//327 460//327
f 451//328 461//328 460//328
f 451//329 453//329 461//329
f 459//7 461//7 453//7
f 419//7 447//7 457//7
f 418//7 419//7 449//7
f 457//7 449//7 419//7
f 421//330 424//330 420//330
f 425//7 463//7 462//7
f 462//7 430//7 425//7
f 427//331 428//331 464//331
f 428//332 430//332 464//332
f 464//333 463//333 427//333
f 462//7 464//7 430//7
f 431//7 420//7 424//7
f 466//7 449//7 457//7
f 466//7 465//7 449//7
f 467//7 466//7 457//7
f 455//7 453//7 467//7
f 453//7 449//7 465//7
f 465//7 467//7 453//7
f 431//7 468//7 469//7
f 424//7 470//7 468//7
f 468//7 431//7 424//7
f 425//7 430//7 469//7
f 430//7 431//7 469//7
f 469//7 470//7 425//7
f 471//7 419//7 441//7
f 447//7 419//7 472//7
f 471//7 472//7 419//7
f 444//7 472//7 473//7
f 446//7 447//7 472//7
f 472//7 444//7 446//7
f 473//7 441//7 444//7
f 439//7 419//7 474//7
f 434//7 476//7 474//7
f 474//7 419//7 434//7
f 434//7 419//7 420//7
f 436//7 475//7 476//7
f 438//7 439//7 474//7
f 475//7 436//7 438//7
f 476//7 434//7 436//7
f 474//7 475//7 438//7
f 439//7 441//7 419//7
f 441//7 473//7 471//7
f 470//7 424//7 425//7
f 467//7 457//7 455//7
f 431//7 434//7 420//7
f 463//334 425//334 427//334
f 449//335 422//335 418//335
f 460//336 455//336 454//336
f 452//18 479//18 477//18
f 477//18 456//18 452//18
f 451//337 454//337 478//337
f 454//338 456//338 478//338
f 478//339 479//339 451//339
f 477//18 478//18 456//18
f 372//18 354//18 458//18
f 458//18 354//18 450//18
f 422//340 450//340 354//340
f 429//18 480//18 482//18
f 427//341 426//341 481//341
f 426//18 429//18 482//18
f 427//342 481//342 480//342
f 482//18 481//18 426//18
f 480//343 428//343 427//343
f 365//18 433//18 432//18
f 423//18 365//18 432//18
f 458//18 485//18 484//18
f 458//18 450//18 485//18
f 450//18 483//18 485//18
f 452//18 456//18 484//18
f 456//18 458//18 484//18
f 484//18 483//18 452//18
f 486//18 488//18 432//18
f 423//18 432//18 488//18
f 488//18 487//18 423//18
f 426//18 423//18 487//18
f 487//18 486//18 426//18
f 486//18 429//18 426//18
f 489//18 372//18 448//18
f 442//18 381//18 489//18
f 448//18 490//18 489//18
f 489//18 381//18 372//18
f 445//18 491//18 490//18
f 443//18 442//18 489//18
f 491//18 445//18 443//18
f 490//18 448//18 445//18
f 489//18 491//18 443//18
f 492//18 381//18 440//18
f 433//18 381//18 492//18
f 365//18 381//18 433//18
f 492//18 493//18 433//18
f 437//18 435//18 493//18
f 493//18 494//18 437//18
f 435//18 433//18 493//18
f 494//18 440//18 437//18
f 494//18 492//18 440//18
f 442//18 440//18 381//18
f 486//18 432//18 429//18
f 483//18 450//18 452//18
f 365//344 423//344 421//344
f 480//345 429//345 428//345
f 458//18 448//18 372//18
f 479//346 452//346 451//346
f 474//347 476//347 493//347
f 475//348 474//348 494//348
f 476//349 475//349 493//349
f 494//350 493//350 475//350
f 492//351 494//351 474//351
f 493//352 492//352 474//352
f 471//353 473//353 489//353
f 472//354 471//354 489//354
f 473//355 472//355 491//355
f 491//356 489//356 473//356
f 490//357 491//357 472//357
f 489//358 490//358 472//358
f 468//359 470//359 487//359
f 469//360 468//360 488//360
f 470//361 469//361 486//361
f 486//362 487//362 470//362
f 488//363 486//363 469//363
f 487//364 488//364 468//364
f 462//359 463//359 481//359
f 464//360 462//360 482//360
f 463//361 464//361 480//361
f 480//362 481//362 463//362
f 482//363 480//363 464//363
f 481//364 482//364 462//364
f 459//365 460//365 478//365
f 461//366 459//366 477//366
f 460//367 461//367 479//367
f 479//368 478//368 460//368
f 477//369 479//369 461//369
f 478//370 477//370 459//370
f 466//365 467//365 484//365
f 465//366 466//366 485//366
f 467//367 465//367 483//367
f 483//368 484//368 467//368
f 485//369 483//369 465//369
f 484//370 485//370 466//370
f 495//105 496//105 497//105
f 498//106 495//106 497//106
f 496//104 498//104 499//104
f 500//108 497//108 496//108
f 499//109 500//109 496//109
f 497//107 499//107 498//107
f 504//32 502//32 501//32
f 503//32 506//32 504//32
f 504//32 505//32 503//32
f 504//32 501//32 505//32
f 506//32 503//32 507//32
f 502//32 510//32 501//32
f 507//32 496//32 506//32
f 510//371 512//371 501//371
f 506//372 496//372 515//372
f 507//32 511//32 496//32
f 516//373 517//373 498//373
f 517//374 518//374 495//374
f 512//375 520//375 521//375
f 520//32 503//32 521//32
f 510//32 502//32 506//32
f 508//32 518//32 509//32
f 511//32 516//32 496//32
f 518//32 496//32 495//32
f 503//32 520//32 519//32
f 519//32 511//32 503//32
f 521//376 501//376 512//376
f 516//32 498//32 496//32
f 515//377 496//377 518//377
f 495//378 498//378 517//378
f 519//32 520//32 514//32
f 505//32 521//32 503//32
f 508//379 515//379 518//379
f 513//32 519//32 514//32
f 511//32 519//32 516//32
f 515//380 510//380 506//380
f 522//34 535//34 523//34
f 523//34 524//34 522//34
f 526//34 497//34 500//34
f 497//34 525//34 523//34
f 497//34 526//34 525//34
f 523//34 535//34 497//34
f 524//34 529//34 522//34
f 529//381 515//381 530//381
f 499//34 533//34 534//34
f 524//382 512//382 529//382
f 530//34 522//34 529//34
f 515//383 535//383 530//383
f 533//34 537//34 539//34
f 497//34 535//34 538//34
f 534//34 526//34 499//34
f 517//384 499//384 497//384
f 538//385 515//385 528//385
f 524//34 525//34 536//34
f 539//34 534//34 533//34
f 525//34 526//34 539//34
f 538//386 535//386 515//386
f 500//34 499//34 526//34
f 525//34 537//34 536//34
f 536//34 537//34 532//34
f 539//34 537//34 525//34
f 527//34 538//34 528//34
f 524//387 536//387 512//387
f 531//34 536//34 532//34
f 499//388 517//388 533//388
f 538//389 517//389 497//389
f 532//220 513//220 514//220
f 514//221 531//221 532//221
f 537//390 519//390 513//390
f 513//391 532//391 537//391
f 533//7 516//7 519//7
f 519//7 537//7 533//7
f 516//40 533//40 517//40
f 538//18 518//18 517//18
f 527//223 509//223 518//223
f 518//224 538//224 527//224
f 528//214 508//214 509//214
f 509//215 527//215 528//215
f 508//392 528//392 515//392
f 529//18 510//18 515//18
f 510//33 529//33 512//33
f 536//7 520//7 512//7
f 531//218 514//218 520//218
f 520//219 536//219 531//219
f 506//393 502//393 522//393
f 504//394 506//394 530//394
f 502//395 504//395 535//395
f 535//193 522//193 502//193
f 530//396 535//396 504//396
f 522//397 530//397 506//397
f 507//398 503//398 539//398
f 511//399 507//399 526//399
f 503//400 511//400 534//400
f 534//401 539//401 503//401
f 526//402 534//402 511//402
f 539//403 526//403 507//403
f 505//190 501//190 524//190
f 521//188 505//188 525//188
f 501//404 521//404 525//404
f 525//193 524//193 501//193
f 523//191 525//191 505//191
f 524//405 523//405 505//405
f 540//406 541//406 542//406
f 544//407 540//407 543//407
f 541//408 544//408 545//408
f 545//409 542//409 541//409
f 543//410 545//410 544//410
f 542//411 543//411 540//411
f 546//412 547//412 548//412
f 547//413 551//413 552//413
f 550//18 551//18 549//18
f 550//18 552//18 551//18
f 549//18 548//18 550//18
f 552//414 548//414 547//414
f 555//415 556//415 557//415
f 559//416 555//416 557//416
f 560//18 561//18 558//18
f 558//18 556//18 560//18
f 557//417 561//417 559//417
f 558//18 557//18 556//18
f 564//418 563//418 565//418
f 562//18 565//18 563//18
f 572//18 585//18 571//18
f 570//18 554//18 571//18
f 571//18 554//18 572//18
f 560//18 556//18 574//18
f 556//18 562//18 574//18
f 574//18 573//18 560//18
f 562//18 575//18 574//18
f 563//18 573//18 575//18
f 575//18 562//18 563//18
f 549//18 551//18 576//18
f 551//18 570//18 577//18
f 577//18 576//18 551//18
f 570//18 571//18 578//18
f 576//18 578//18 571//18
f 578//18 577//18 570//18
f 580//18 581//18 579//18
f 581//18 583//18 579//18
f 583//18 581//18 582//18
f 582//18 581//18 565//18
f 567//18 584//18 583//18
f 583//18 582//18 567//18
f 584//18 567//18 566//18
f 566//18 580//18 584//18
f 580//18 579//18 584//18
f 585//18 572//18 540//18
f 540//18 581//18 586//18
f 572//18 581//18 540//18
f 569//18 544//18 541//18
f 541//18 586//18 569//18
f 544//18 569//18 568//18
f 568//18 585//18 544//18
f 585//18 540//18 544//18
f 586//18 541//18 540//18
f 580//18 586//18 581//18
f 576//18 571//18 549//18
f 573//18 563//18 560//18
f 562//18 582//18 565//18
f 561//419 560//419 559//419
f 554//420 570//420 553//420
f 548//421 549//421 546//421
f 546//33 549//33 587//33
f 587//422 549//422 571//422
f 571//423 588//423 587//423
f 589//424 590//424 570//424
f 570//425 551//425 589//425
f 547//40 589//40 551//40
f 570//426 590//426 553//426
f 591//427 563//427 564//427
f 559//33 560//33 592//33
f 592//422 560//422 563//422
f 563//428 591//428 592//428
f 593//429 594//429 562//429
f 562//430 556//430 593//430
f 555//40 593//40 556//40
f 562//431 594//431 595//431
f 595//432 582//432 562//432
f 582//433 595//433 596//433
f 596//434 567//434 582//434
f 567//32 596//32 597//32
f 597//32 566//32 567//32
f 580//435 566//435 597//435
f 597//436 598//436 580//436
f 586//437 580//437 598//437
f 598//438 599//438 586//438
f 586//439 599//439 600//439
f 600//440 569//440 586//440
f 569//32 600//32 601//32
f 601//32 568//32 569//32
f 585//441 568//441 601//441
f 601//442 602//442 585//442
f 571//443 585//443 602//443
f 602//444 588//444 571//444
f 579//445 583//445 603//445
f 584//446 579//446 604//446
f 583//447 584//447 605//447
f 605//448 603//448 583//448
f 604//449 605//449 584//449
f 603//450 604//450 579//450
f 607//451 606//451 552//451
f 608//452 607//452 550//452
f 606//453 608//453 548//453
f 548//454 552//454 606//454
f 550//455 548//455 608//455
f 552//456 550//456 607//456
f 610//457 609//457 577//457
f 611//452 610//452 578//452
f 609//453 611//453 576//453
f 576//454 577//454 609//454
f 578//455 576//455 611//455
f 577//456 578//456 610//456
f 612//458 614//458 574//458
f 613//459 612//459 575//459
f 614//460 613//460 573//460
f 573//461 574//461 614//461
f 575//462 573//462 613//462
f 574//463 575//463 612//463
f 615//458 617//458 557//458
f 616//459 615//459 558//459
f 617//460 616//460 561//460
f 561//461 557//461 617//461
f 558//464 561//464 616//464
f 557//463 558//463 615//463
f 547//465 546//465 608//465
f 546//466 587//466 608//466
f 587//7 589//7 607//7
f 608//467 606//467 547//467
f 606//7 607//7 589//7
f 607//7 608//7 587//7
f 589//7 587//7 611//7
f 587//7 588//7 611//7
f 611//7 609//7 589//7
f 588//7 610//7 611//7
f 590//7 609//7 610//7
f 610//7 588//7 590//7
f 619//7 618//7 588//7
f 618//468 553//468 590//468
f 590//7 588//7 618//7
f 555//469 559//469 617//469
f 593//7 617//7 615//7
f 559//470 592//470 616//470
f 592//7 615//7 616//7
f 559//471 616//471 617//471
f 615//7 592//7 593//7
f 593//7 592//7 614//7
f 592//7 591//7 613//7
f 613//7 614//7 592//7
f 612//7 591//7 594//7
f 614//7 612//7 594//7
f 612//7 613//7 591//7
f 620//7 595//7 594//7
f 591//7 620//7 594//7
f 603//7 619//7 598//7
f 595//7 619//7 603//7
f 620//7 619//7 595//7
f 598//7 604//7 603//7
f 597//7 596//7 605//7
f 605//7 604//7 597//7
f 604//7 598//7 597//7
f 596//7 595//7 603//7
f 603//7 605//7 596//7
f 543//7 619//7 602//7
f 599//7 619//7 543//7
f 600//7 542//7 545//7
f 545//7 602//7 601//7
f 545//7 601//7 600//7
f 600//7 599//7 542//7
f 543//7 542//7 599//7
f 545//7 543//7 602//7
f 599//7 598//7 619//7
f 620//472 591//472 564//472
f 614//7 594//7 593//7
f 617//473 593//473 555//473
f 588//7 602//7 619//7
f 609//7 590//7 589//7
f 606//474 589//474 547//474
f 621//33 620//33 565//33
f 565//33 620//33 564//33
f 553//40 618//40 554//40
f 554//40 618//40 622//40
f 621//475 623//475 624//475
f 625//476 624//476 623//476
f 623//477 626//477 625//477
f 627//33 625//33 626//33
f 628//40 629//40 630//40
f 631//478 630//478 629//478
f 629//479 632//479 631//479
f 632//480 633//480 634//480
f 634//481 631//481 632//481
f 633//264 635//264 636//264
f 636//482 634//482 633//482
f 637//18 638//18 636//18
f 636//18 635//18 637//18
f 639//265 638//265 637//265
f 637//266 640//266 639//266
f 640//483 642//483 641//483
f 641//484 639//484 640//484
f 642//485 643//485 644//485
f 644//486 641//486 642//486
f 645//18 646//18 644//18
f 644//18 643//18 645//18
f 647//271 646//271 645//271
f 645//272 648//272 647//272
f 649//487 650//487 622//487
f 651//40 652//40 653//40
f 649//260 653//260 652//260
f 652//259 650//259 649//259
f 655//488 657//488 658//488
f 658//489 656//489 655//489
f 654//33 655//33 656//33
f 657//490 647//490 648//490
f 648//491 658//491 657//491
f 659//34 653//34 655//34
f 655//34 660//34 659//34
f 654//242 651//242 660//242
f 651//244 661//244 660//244
f 651//243 653//243 661//243
f 659//34 661//34 653//34
f 619//34 647//34 657//34
f 618//34 619//34 649//34
f 657//34 649//34 619//34
f 621//492 624//492 620//492
f 625//34 663//34 662//34
f 662//34 630//34 625//34
f 627//246 628//246 664//246
f 628//245 630//245 664//245
f 664//247 663//247 627//247
f 662//34 664//34 630//34
f 631//34 620//34 624//34
f 666//34 649//34 657//34
f 666//34 665//34 649//34
f 667//34 666//34 657//34
f 655//34 653//34 667//34
f 653//34 649//34 665//34
f 665//34 667//34 653//34
f 631//34 668//34 669//34
f 624//34 670//34 668//34
f 668//34 631//34 624//34
f 625//34 630//34 669//34
f 630//34 631//34 669//34
f 669//34 670//34 625//34
f 671//34 619//34 641//34
f 647//34 619//34 671//34
f 644//34 672//34 673//34
f 646//34 647//34 671//34
f 672//34 644//34 646//34
f 673//34 641//34 644//34
f 671//34 672//34 646//34
f 639//34 619//34 674//34
f 674//34 675//34 639//34
f 674//34 619//34 634//34
f 634//34 619//34 620//34
f 638//34 675//34 676//34
f 638//34 639//34 675//34
f 636//34 676//34 674//34
f 676//34 636//34 638//34
f 674//34 634//34 636//34
f 639//34 641//34 619//34
f 641//34 673//34 671//34
f 670//34 624//34 625//34
f 667//34 657//34 655//34
f 631//34 634//34 620//34
f 663//493 625//493 627//493
f 649//494 622//494 618//494
f 660//251 655//251 654//251
f 652//32 679//32 677//32
f 677//32 656//32 652//32
f 651//293 654//293 678//293
f 654//294 656//294 678//294
f 678//295 679//295 651//295
f 677//32 678//32 656//32
f 572//32 554//32 658//32
f 658//32 554//32 650//32
f 622//495 650//495 554//495
f 629//32 680//32 682//32
f 627//298 626//298 681//298
f 626//32 629//32 682//32
f 627//299 681//299 680//299
f 682//32 681//32 626//32
f 680//297 628//297 627//297
f 565//32 633//32 632//32
f 623//32 565//32 632//32
f 658//32 685//32 684//32
f 658//32 650//32 685//32
f 650//32 683//32 685//32
f 652//32 656//32 684//32
f 656//32 658//32 684//32
f 684//32 683//32 652//32
f 686//32 688//32 632//32
f 623//32 632//32 688//32
f 688//32 687//32 623//32
f 626//32 623//32 687//32
f 687//32 686//32 626//32
f 686//32 629//32 626//32
f 689//32 572//32 648//32
f 642//32 581//32 689//32
f 648//32 690//32 689//32
f 689//32 581//32 572//32
f 643//32 691//32 690//32
f 643//32 642//32 691//32
f 689//32 691//32 642//32
f 690//32 645//32 643//32
f 690//32 648//32 645//32
f 692//32 581//32 640//32
f 633//32 581//32 692//32
f 565//32 581//32 633//32
f 637//32 635//32 693//32
f 693//32 694//32 637//32
f 635//32 633//32 692//32
f 694//32 640//32 637//32
f 692//32 693//32 635//32
f 694//32 692//32 640//32
f 642//32 640//32 581//32
f 686//32 632//32 629//32
f 683//32 650//32 652//32
f 565//496 623//496 621//496
f 680//301 629//301 628//301
f 658//32 648//32 572//32
f 679//497 652//497 651//497
f 675//498 674//498 692//498
f 676//499 675//499 694//499
f 674//500 676//500 693//500
f 693//501 692//501 674//501
f 694//502 693//502 676//502
f 692//503 694//503 675//503
f 671//504 673//504 691//504
f 672//505 671//505 690//505
f 673//506 672//506 690//506
f 690//507 691//507 673//507
f 689//508 690//508 671//508
f 691//509 689//509 671//509
f 668//291 670//291 687//291
f 669//292 668//292 688//292
f 670//290 669//290 686//290
f 686//510 687//510 670//510
f 688//287 686//287 669//287
f 687//288 688//288 668//288
f 662//291 663//291 681//291
f 664//292 662//292 682//292
f 663//290 664//290 680//290
f 680//510 681//510 663//510
f 682//287 680//287 664//287
f 681//288 682//288 662//288
f 659//285 660//285 678//285
f 661//286 659//286 677//286
f 660//284 661//284 679//284
f 679//283 678//283 660//283
f 677//281 679//281 661//281
f 678//282 677//282 659//282
f 666//285 667//285 684//285
f 665//286 666//286 685//286
f 667//284 665//284 683//284
f 683//283 684//283 667//283
f 685//281 683//281 665//281
f 684//282 685//282 666//282
f 695//511 696//511 697//511
f 699//512 695//512 698//512
f 696//513 699//513 700//513
f 700//514 697//514 696//514
f 698//237 700//237 699//237
f 697//515 698//515 695//515
f 701//516 702//516 703//516
f 702//517 706//517 707//517
f 705//32 706//32 704//32
f 705//32 707//32 706//32
f 704//32 703//32 705//32
f 707//518 703//518 702//518
f 710//519 711//519 712//519
f 714//520 710//520 712//520
f 715//32 716//32 713//32
f 713//32 711//32 715//32
f 712//521 716//521 714//521
f 713//32 712//32 711//32
f 719//522 718//522 720//522
f 717//32 720//32 718//32
f 709//32 739//32 726//32
f 725//32 709//32 726//32
f 715//32 711//32 728//32
f 711//32 717//32 728//32
f 728//32 727//32 715//32
f 717//32 729//32 728//32
f 718//32 727//32 729//32
f 729//32 717//32 718//32
f 704//32 706//32 730//32
f 706//32 725//32 731//32
f 731//32 730//32 706//32
f 725//32 726//32 732//32
f 730//32 732//32 726//32
f 732//32 731//32 725//32
f 734//32 735//32 733//32
f 735//32 737//32 733//32
f 737//32 735//32 736//32
f 736//32 735//32 720//32
f 722//32 738//32 737//32
f 737//32 736//32 722//32
f 738//32 722//32 721//32
f 721//32 734//32 733//32
f 733//32 738//32 721//32
f 739//32 709//32 695//32
f 695//32 735//32 740//32
f 709//32 735//32 695//32
f 724//32 699//32 696//32
f 696//32 740//32 724//32
f 699//32 724//32 723//32
f 723//32 739//32 699//32
f 739//32 695//32 699//32
f 740//32 696//32 695//32
f 734//32 740//32 735//32
f 730//32 726//32 704//32
f 727//32 718//32 715//32
f 717//32 736//32 720//32
f 716//523 715//523 714//523
f 709//524 725//524 708//524
f 703//525 704//525 701//525
f 701//33 704//33 741//33
f 741//526 704//526 726//526
f 726//527 742//527 741//527
f 743//528 744//528 725//528
f 725//529 706//529 743//529
f 702//40 743//40 706//40
f 725//530 744//530 708//530
f 745//531 718//531 719//531
f 714//33 715//33 746//33
f 746//526 715//526 718//526
f 718//532 745//532 746//532
f 747//533 748//533 717//533
f 717//534 711//534 747//534
f 710//40 747//40 711//40
f 717//535 748//535 749//535
f 749//536 736//536 717//536
f 736//537 749//537 750//537
f 750//538 722//538 736//538
f 722//7 750//7 751//7
f 751//7 721//7 722//7
f 734//539 721//539 751//539
f 751//540 752//540 734//540
f 740//541 734//541 752//541
f 752//542 753//542 740//542
f 740//543 753//543 754//543
f 754//544 724//544 740//544
f 724//7 754//7 755//7
f 755//7 723//7 724//7
f 739//545 723//545 755//545
f 755//546 756//546 739//546
f 726//547 739//547 756//547
f 756//548 742//548 726//548
f 733//549 737//549 757//549
f 738//550 733//550 758//550
f 737//551 738//551 759//551
f 759//552 757//552 737//552
f 758//553 759//553 738//553
f 757//554 758//554 733//554
f 761//555 760//555 707//555
f 762//556 761//556 705//556
f 760//557 762//557 703//557
f 703//558 707//558 760//558
f 705//559 703//559 762//559
f 707//560 705//560 761//560
f 764//561 763//561 731//561
f 765//556 764//556 732//556
f 763//557 765//557 730//557
f 730//562 731//562 763//562
f 732//559 730//559 765//559
f 731//560 732//560 764//560
f 766//563 768//563 728//563
f 767//564 766//564 729//564
f 768//565 767//565 727//565
f 727//566 728//566 768//566
f 729//567 727//567 767//567
f 728//568 729//568 766//568
f 769//563 771//563 712//563
f 770//564 769//564 713//564
f 771//569 770//569 716//569
f 716//566 712//566 771//566
f 713//570 716//570 770//570
f 712//568 713//568 769//568
f 702//571 701//571 762//571
f 701//572 741//572 762//572
f 741//34 743//34 761//34
f 762//573 760//573 702//573
f 760//34 761//34 743//34
f 761//34 762//34 741//34
f 743//34 741//34 765//34
f 741//34 742//34 765//34
f 765//34 763//34 743//34
f 742//34 764//34 765//34
f 744//34 763//34 764//34
f 764//34 742//34 744//34
f 773//34 772//34 742//34
f 772//574 708//574 744//574
f 744//34 742//34 772//34
f 710//575 714//575 771//575
f 747//34 771//34 769//34
f 714//576 746//576 770//576
f 746//34 769//34 770//34
f 714//577 770//577 771//577
f 769//34 746//34 747//34
f 747//34 746//34 768//34
f 746//34 745//34 767//34
f 767//34 768//34 746//34
f 766//34 745//34 748//34
f 768//34 766//34 748//34
f 766//34 767//34 745//34
f 774//34 749//34 748//34
f 745//34 774//34 748//34
f 757//34 773//34 752//34
f 749//34 773//34 757//34
f 774//34 773//34 749//34
f 752//34 758//34 757//34
f 751//34 750//34 759//34
f 759//34 758//34 751//34
f 758//34 752//34 751//34
f 750//34 749//34 757//34
f 757//34 759//34 750//34
f 698//34 773//34 756//34
f 753//34 773//34 698//34
f 753//34 698//34 697//34
f 755//34 700//34 698//34
f 698//34 756//34 755//34
f 700//34 755//34 754//34
f 754//34 753//34 697//34
f 697//34 700//34 754//34
f 753//34 752//34 773//34
f 774//578 745//578 719//578
f 768//34 748//34 747//34
f 771//579 747//579 710//579
f 742//34 756//34 773//34
f 763//34 744//34 743//34
f 760//580 743//580 702//580
f 775//33 774//33 720//33
f 720//33 774//33 719//33
f 708//40 772//40 709//40
f 709//40 772//40 776//40
f 775//581 777//581 778//581
f 779//582 778//582 777//582
f 777//583 780//583 779//583
f 781//33 779//33 780//33
f 782//40 783//40 784//40
f 785//584 784//584 783//584
f 783//585 786//585 785//585
f 786//586 787//586 788//586
f 788//587 785//587 786//587
f 787//434 789//434 790//434
f 790//588 788//588 787//588
f 791//32 792//32 790//32
f 790//32 789//32 791//32
f 793//435 792//435 791//435
f 791//436 794//436 793//436
f 794//589 796//589 795//589
f 795//590 793//590 794//590
f 796//591 797//591 798//591
f 798//592 795//592 796//592
f 799//32 800//32 798//32
f 798//32 797//32 799//32
f 801//441 800//441 799//441
f 799//442 802//442 801//442
f 803//593 804//593 776//593
f 805//40 806//40 807//40
f 803//430 807//430 806//430
f 806//429 804//429 803//429
f 809//594 811//594 812//594
f 812//595 810//595 809//595
f 808//33 809//33 810//33
f 811//596 801//596 802//596
f 802//597 812//597 811//597
f 813//18 807//18 809//18
f 809//18 814//18 813//18
f 808//412 805//412 814//412
f 805//414 815//414 814//414
f 805//413 807//413 815//413
f 813//18 815//18 807//18
f 773//18 801//18 811//18
f 772//18 773//18 803//18
f 811//18 803//18 773//18
f 775//598 778//598 774//598
f 779//18 817//18 816//18
f 816//18 784//18 779//18
f 781//416 782//416 818//416
f 782//415 784//415 818//415
f 818//417 817//417 781//417
f 816//18 818//18 784//18
f 785//18 774//18 778//18
f 820//18 803//18 811//18
f 820//18 819//18 803//18
f 821//18 820//18 811//18
f 809//18 807//18 821//18
f 807//18 803//18 819//18
f 819//18 821//18 807//18
f 785//18 822//18 823//18
f 778//18 824//18 822//18
f 822//18 785//18 778//18
f 779//18 784//18 823//18
f 784//18 785//18 823//18
f 823//18 824//18 779//18
f 825//18 773//18 795//18
f 801//18 773//18 825//18
f 798//18 826//18 827//18
f 800//18 801//18 825//18
f 826//18 798//18 800//18
f 827//18 795//18 798//18
f 825//18 826//18 800//18
f 793//18 773//18 828//18
f 828//18 829//18 793//18
f 828//18 773//18 788//18
f 788//18 773//18 774//18
f 792//18 829//18 830//18
f 792//18 793//18 829//18
f 790//18 830//18 828//18
f 830//18 790//18 792//18
f 828//18 788//18 790//18
f 793//18 795//18 773//18
f 795//18 827//18 825//18
f 824//18 778//18 779//18
f 821//18 811//18 809//18
f 785//18 788//18 774//18
f 817//599 779//599 781//599
f 803//600 776//600 772//600
f 814//421 809//421 808//421
f 806//7 833//7 831//7
f 831//7 810//7 806//7
f 805//465 808//465 832//465
f 808//466 810//466 832//466
f 832//467 833//467 805//467
f 831//7 832//7 810//7
f 812//7 709//7 804//7
f 776//601 804//601 709//601
f 783//7 834//7 836//7
f 781//470 780//470 835//470
f 780//7 783//7 836//7
f 781//471 835//471 834//471
f 836//7 835//7 780//7
f 834//469 782//469 781//469
f 720//7 787//7 786//7
f 777//7 720//7 786//7
f 812//7 839//7 838//7
f 812//7 804//7 839//7
f 804//7 837//7 839//7
f 806//7 810//7 838//7
f 810//7 812//7 838//7
f 838//7 837//7 806//7
f 840//7 842//7 786//7
f 777//7 786//7 842//7
f 842//7 841//7 777//7
f 780//7 777//7 841//7
f 841//7 840//7 780//7
f 840//7 783//7 780//7
f 843//7 709//7 802//7
f 796//7 735//7 843//7
f 802//7 844//7 843//7
f 843//7 735//7 709//7
f 797//7 845//7 844//7
f 797//7 796//7 845//7
f 843//7 845//7 796//7
f 844//7 799//7 797//7
f 844//7 802//7 799//7
f 846//7 735//7 794//7
f 787//7 735//7 846//7
f 720//7 735//7 787//7
f 791//7 789//7 847//7
f 847//7 848//7 791//7
f 789//7 787//7 846//7
f 848//7 794//7 791//7
f 846//7 847//7 789//7
f 848//7 846//7 794//7
f 796//7 794//7 735//7
f 840//7 786//7 783//7
f 837//7 804//7 806//7
f 720//602 777//602 775//602
f 834//473 783//473 782//473
f 812//7 802//7 709//7
f 833//603 806//603 805//603
f 829//604 828//604 846//604
f 830//605 829//605 848//605
f 828//606 830//606 847//606
f 847//607 846//607 828//607
f 848//608 847//608 830//608
f 846//609 848//609 829//609
f 825//610 827//610 845//610
f 826//611 825//611 844//611
f 827//612 826//612 844//612
f 844//613 845//613 827//613
f 843//614 844//614 825//614
f 845//615 843//615 825//615
f 822//462 824//462 841//462
f 823//463 822//463 842//463
f 824//461 823//461 840//461
f 840//460 841//460 824//460
f 842//458 840//458 823//458
f 841//459 842//459 822//459
f 816//464 817//464 835//464
f 818//463 816//463 836//463
f 817//461 818//461 834//461
f 834//460 835//460 817//460
f 836//458 834//458 818//458
f 835//459 836//459 816//459
f 813//455 814//455 832//455
f 815//456 813//456 831//456
f 814//454 815//454 833//454
f 833//453 832//453 814//453
f 831//451 833//451 815//451
f 832//452 831//452 813//452
f 820//455 821//455 838//455
f 819//456 820//456 839//456
f 821//454 819//454 837//454
f 837//453 838//453 821//453
f 839//457 837//457 819//457
f 838//452 839//452 820//452
f 849//616 850//616 851//616
f 853//617 849//617 852//617
f 850//618 853//618 854//618
f 854//619 851//619 850//619
f 852//620 854//620 853//620
f 851//621 852//621 849//621
f 855//575 856//575 857//575
f 856//576 860//576 861//576
f 859//34 860//34 858//34
f 859//34 861//34 860//34
f 858//34 857//34 859//34
f 861//577 857//577 856//577
f 864//572 865//572 866//572
f 868//571 864//571 866//571
f 869//34 870//34 867//34
f 867//34 865//34 869//34
f 866//573 870//573 868//573
f 867//34 866//34 865//34
f 873//622 872//622 874//622
f 871//34 874//34 872//34
f 863//34 893//34 880//34
f 879//34 863//34 880//34
f 869//34 865//34 882//34
f 865//34 871//34 882//34
f 882//34 881//34 869//34
f 871//34 883//34 882//34
f 872//34 881//34 883//34
f 883//34 871//34 872//34
f 858//34 860//34 884//34
f 860//34 879//34 885//34
f 885//34 884//34 860//34
f 879//34 880//34 886//34
f 884//34 886//34 880//34
f 886//34 885//34 879//34
f 888//34 889//34 887//34
f 889//34 891//34 887//34
f 891//34 889//34 890//34
f 890//34 889//34 874//34
f 876//34 892//34 891//34
f 891//34 890//34 876//34
f 892//34 876//34 875//34
f 875//34 888//34 887//34
f 887//34 892//34 875//34
f 893//34 863//34 849//34
f 849//34 889//34 894//34
f 863//34 889//34 849//34
f 878//34 853//34 850//34
f 850//34 894//34 878//34
f 853//34 878//34 877//34
f 877//34 893//34 853//34
f 893//34 849//34 853//34
f 894//34 850//34 849//34
f 888//34 894//34 889//34
f 884//34 880//34 858//34
f 881//34 872//34 869//34
f 871//34 890//34 874//34
f 870//623 869//623 868//623
f 863//624 879//624 862//624
f 857//579 858//579 855//579
f 855//40 858//40 895//40
f 895//534 858//534 880//534
f 880//625 896//625 895//625
f 897//626 898//626 879//626
f 879//627 860//627 897//627
f 856//33 897//33 860//33
f 879//628 898//628 862//628
f 899//629 872//629 873//629
f 868//40 869//40 900//40
f 900//534 869//534 872//534
f 872//630 899//630 900//630
f 901//631 902//631 871//631
f 871//526 865//526 901//526
f 864//33 901//33 865//33
f 871//632 902//632 903//632
f 903//633 890//633 871//633
f 890//634 903//634 904//634
f 904//545 876//545 890//545
f 876//7 904//7 905//7
f 905//7 875//7 876//7
f 888//635 875//635 905//635
f 905//636 906//636 888//636
f 894//637 888//637 906//637
f 906//638 907//638 894//638
f 894//639 907//639 908//639
f 908//640 878//640 894//640
f 878//7 908//7 909//7
f 909//7 877//7 878//7
f 893//538 877//538 909//538
f 909//641 910//641 893//641
f 880//642 893//642 910//642
f 910//643 896//643 880//643
f 887//644 891//644 911//644
f 892//645 887//645 912//645
f 891//646 892//646 913//646
f 913//647 911//647 891//647
f 912//648 913//648 892//648
f 911//649 912//649 887//649
f 915//570 914//570 861//570
f 916//568 915//568 859//568
f 914//566 916//566 857//566
f 857//565 861//565 914//565
f 859//563 857//563 916//563
f 861//564 859//564 915//564
f 918//570 917//570 885//570
f 919//568 918//568 886//568
f 917//566 919//566 884//566
f 884//565 885//565 917//565
f 886//563 884//563 919//563
f 885//564 886//564 918//564
f 920//559 922//559 882//559
f 921//560 920//560 883//560
f 922//562 921//562 881//562
f 881//557 882//557 922//557
f 883//555 881//555 921//555
f 882//556 883//556 920//556
f 923//559 925//559 866//559
f 924//560 923//560 867//560
f 925//562 924//562 870//562
f 870//557 866//557 925//557
f 867//555 870//555 924//555
f 866//556 867//556 923//556
f 856//520 855//520 916//520
f 855//519 895//519 916//519
f 895//32 897//32 915//32
f 916//521 914//521 856//521
f 914//32 915//32 897//32
f 915//32 916//32 895//32
f 897//32 895//32 919//32
f 895//32 896//32 919//32
f 919//32 917//32 897//32
f 896//32 918//32 919//32
f 898//32 917//32 918//32
f 918//32 896//32 898//32
f 927//32 926//32 896//32
f 926//650 862//650 898//650
f 898//32 896//32 926//32
f 864//516 868//516 925//516
f 901//32 925//32 923//32
f 868//517 900//517 924//517
f 900//32 923//32 924//32
f 868//518 924//518 925//518
f 923//32 900//32 901//32
f 901//32 900//32 922//32
f 900//32 899//32 921//32
f 921//32 922//32 900//32
f 920//32 899//32 902//32
f 922//32 920//32 902//32
f 920//32 921//32 899//32
f 928//32 903//32 902//32
f 899//32 928//32 902//32
f 911//32 927//32 906//32
f 903//32 927//32 911//32
f 928//32 927//32 903//32
f 906//32 912//32 911//32
f 905//32 904//32 913//32
f 913//32 912//32 905//32
f 912//32 906//32 905//32
f 904//32 903//32 911//32
f 911//32 913//32 904//32
f 852//32 927//32 910//32
f 907//32 927//32 852//32
f 907//32 852//32 851//32
f 909//32 854//32 852//32
f 852//32 910//32 909//32
f 854//32 909//32 908//32
f 908//32 907//32 851//32
f 851//32 854//32 908//32
f 907//32 906//32 927//32
f 928//651 899//651 873//651
f 922//32 902//32 901//32
f 925//525 901//525 864//525
f 896//32 910//32 927//32
f 917//32 898//32 897//32
f 914//523 897//523 856//523
f 929//40 928//40 874//40
f 874//40 928//40 873//40
f 862//33 926//33 863//33
f 863//33 926//33 930//33
f 929//652 931//652 932//652
f 933//653 932//653 931//653
f 931//654 934//654 933//654
f 935//40 933//40 934//40
f 936//33 937//33 938//33
f 939//324 938//324 937//324
f 937//323 940//323 939//323
f 940//325 941//325 942//325
f 942//326 939//326 940//326
f 941//318 943//318 944//318
f 944//319 942//319 941//319
f 945//34 946//34 944//34
f 944//34 943//34 945//34
f 947//316 946//316 945//316
f 945//317 948//317 947//317
f 948//315 950//315 949//315
f 949//314 947//314 948//314
f 950//312 951//312 952//312
f 952//313 949//313 950//313
f 953//34 954//34 952//34
f 952//34 951//34 953//34
f 955//310 954//310 953//310
f 953//311 956//311 955//311
f 957//655 958//655 930//655
f 959//33 960//33 961//33
f 957//656 961//656 960//656
f 960//657 958//657 957//657
f 963//307 965//307 966//307
f 966//306 964//306 963//306
f 962//40 963//40 964//40
f 965//308 955//308 956//308
f 956//309 966//309 965//309
f 967//18 961//18 963//18
f 963//18 968//18 967//18
f 962//343 959//343 968//343
f 959//342 969//342 968//342
f 959//341 961//341 969//341
f 967//18 969//18 961//18
f 927//18 955//18 965//18
f 926//18 927//18 957//18
f 965//18 957//18 927//18
f 929//658 932//658 928//658
f 933//18 971//18 970//18
f 970//18 938//18 933//18
f 935//337 936//337 972//337
f 936//338 938//338 972//338
f 972//339 971//339 935//339
f 970//18 972//18 938//18
f 939//18 928//18 932//18
f 974//18 957//18 965//18
f 974//18 973//18 957//18
f 975//18 974//18 965//18
f 963//18 961//18 975//18
f 961//18 957//18 973//18
f 973//18 975//18 961//18
f 939//18 976//18 977//18
f 932//18 978//18 976//18
f 976//18 939//18 932//18
f 933//18 938//18 977//18
f 938//18 939//18 977//18
f 977//18 978//18 933//18
f 979//18 927//18 949//18
f 955//18 927//18 980//18
f 979//18 980//18 927//18
f 952//18 980//18 981//18
f 954//18 955//18 980//18
f 980//18 952//18 954//18
f 981//18 949//18 952//18
f 947//18 927//18 982//18
f 942//18 984//18 982//18
f 982//18 927//18 942//18
f 942//18 927//18 928//18
f 944//18 983//18 984//18
f 946//18 947//18 982//18
f 983//18 944//18 946//18
f 984//18 942//18 944//18
f 982//18 983//18 946//18
f 947//18 949//18 927//18
f 949//18 981//18 979//18
f 978//18 932//18 933//18
f 975//18 965//18 963//18
f 939//18 942//18 928//18
f 971//346 933//346 935//346
f 957//659 930//659 926//659
f 968//345 963//345 962//345
f 960//7 987//7 985//7
f 985//7 964//7 960//7
f 959//331 962//331 986//331
f 962//332 964//332 986//332
f 986//333 987//333 959//333
f 985//7 986//7 964//7
f 966//7 863//7 958//7
f 930//660 958//660 863//660
f 937//7 988//7 990//7
f 935//329 934//329 989//329
f 934//7 937//7 990//7
f 935//328 989//328 988//328
f 990//7 989//7 934//7
f 988//327 936//327 935//327
f 874//7 941//7 940//7
f 931//7 874//7 940//7
f 966//7 993//7 992//7
f 966//7 958//7 993//7
f 958//7 991//7 993//7
f 960//7 964//7 992//7
f 964//7 966//7 992//7
f 992//7 991//7 960//7
f 994//7 996//7 940//7
f 931//7 940//7 996//7
f 996//7 995//7 931//7
f 934//7 931//7 995//7
f 995//7 994//7 934//7
f 994//7 937//7 934//7
f 997//7 863//7 956//7
f 950//7 889//7 997//7
f 956//7 998//7 997//7
f 997//7 889//7 863//7
f 953//7 999//7 998//7
f 951//7 950//7 997//7
f 999//7 953//7 951//7
f 998//7 956//7 953//7
f 997//7 999//7 951//7
f 1000//7 889//7 948//7
f 941//7 889//7 1000//7
f 874//7 889//7 941//7
f 1000//7 1001//7 941//7
f 945//7 943//7 1001//7
f 1001//7 1002//7 945//7
f 943//7 941//7 1001//7
f 1002//7 948//7 945//7
f 1002//7 1000//7 948//7
f 950//7 948//7 889//7
f 994//7 940//7 937//7
f 991//7 958//7 960//7
f 874//661 931//661 929//661
f 988//336 937//336 936//336
f 966//7 956//7 863//7
f 987//662 960//662 959//662
f 982//663 984//663 1001//663
f 983//664 982//664 1002//664
f 984//665 983//665 1001//665
f 1002//355 1001//355 983//355
f 1000//666 1002//666 982//666
f 1001//667 1000//667 982//667
f 979//668 981//668 997//668
f 980//669 979//669 997//669
f 981//350 980//350 999//350
f 999//670 997//670 981//670
f 998//671 999//671 980//671
f 997//672 998//672 980//672
f 976//369 978//369 995//369
f 977//370 976//370 996//370
f 978//368 977//368 994//368
f 994//367 995//367 978//367
f 996//365 994//365 977//365
f 995//366 996//366 976//366
f 970//369 971//369 989//369
f 972//370 970//370 990//370
f 971//368 972//368 988//368
f 988//367 989//367 971//367
f 990//365 988//365 972//365
f 989//366 990//366 970//366
f 967//363 968//363 986//363
f 969//364 967//364 985//364
f 968//362 969//362 987//362
f 987//361 986//361 968//361
f 985//359 987//359 969//359
f 986//360 985//360 967//360
f 974//363 975//363 992//363
f 973//364 974//364 993//364
f 975//362 973//362 991//362
f 991//361 992//361 975//361
f 993//359 991//359 973//359
f 992//360 993//360 974//360
f 1005//673 1003//673 1004//673
f 1007//4 1005//4 1008//4
f 1003//674 1007//674 1008//674
f 1008//675 1004//675 1003//675
f 1006//1 1008//1 1005//1
f 1004//2 1006//2 1005//2
f 1011//18 1015//18 1010//18
f 1010//18 1009//18 1011//18
f 1011//18 1012//18 1015//18
f 1009//18 1013//18 1011//18
f 1012//18 1013//18 1015//18
f 1013//18 1017//18 1015//18
f 1016//18 1014//18 1017//18
f 1018//18 1010//18 1014//18
f 1014//18 1016//18 1019//18
f 1019//18 1020//18 1014//18
f 1020//18 1016//18 1005//18
f 1005//18 1022//18 1020//18
f 1005//18 1007//18 1022//18
f 1007//18 1003//18 1022//18
f 1003//18 1005//18 1016//18
f 1023//18 1021//18 1024//18
f 1003//18 1023//18 1024//18
f 1024//18 1022//18 1003//18
f 1021//18 1023//18 1026//18
f 1018//18 1021//18 1026//18
f 1027//18 1025//18 1023//18
f 1026//18 1025//18 1018//18
f 1025//18 1027//18 1018//18
f 1022//18 1021//18 1018//18
f 1020//18 1022//18 1018//18
f 1014//18 1020//18 1018//18
f 1017//18 1013//18 1016//18
f 1015//18 1014//18 1010//18
f 1019//676 1016//676 1028//676
f 1020//677 1019//677 1029//677
f 1016//678 1020//678 1030//678
f 1030//679 1028//679 1016//679
f 1029//680 1030//680 1020//680
f 1028//681 1029//681 1019//681
f 1031//1 1032//1 1026//1
f 1033//682 1031//682 1026//682
f 1032//683 1033//683 1023//683
f 1025//4 1026//4 1032//4
f 1023//684 1025//684 1032//684
f 1026//685 1023//685 1033//685
f 1034//1 1035//1 1022//1
f 1036//2 1034//2 1022//2
f 1035//3 1036//3 1024//3
f 1021//4 1022//4 1035//4
f 1024//5 1021//5 1035//5
f 1022//6 1024//6 1036//6
f 1037//1 1038//1 1015//1
f 1039//2 1037//2 1015//2
f 1038//3 1039//3 1017//3
f 1014//4 1015//4 1038//4
f 1017//5 1014//5 1038//5
f 1015//6 1017//6 1039//6
f 1040//1 1041//1 1011//1
f 1042//682 1040//682 1011//682
f 1041//675 1042//675 1013//675
f 1012//4 1011//4 1041//4
f 1013//674 1012//674 1041//674
f 1011//673 1013//673 1042//673
f 1043//7 1033//7 1032//7
f 1043//7 1044//7 1033//7
f 1044//7 1035//7 1031//7
f 1031//7 1033//7 1044//7
f 1032//7 1064//7 1043//7
f 1035//7 1032//7 1031//7
f 1064//7 1035//7 1034//7
f 1044//7 1036//7 1035//7
f 1036//7 1044//7 1045//7
f 1034//7 1036//7 1045//7
f 1064//7 1034//7 1050//7
f 1045//7 1004//7 1008//7
f 1046//7 1050//7 1006//7
f 1004//7 1045//7 1046//7
f 1006//7 1004//7 1046//7
f 1050//7 1034//7 1008//7
f 1008//7 1034//7 1045//7
f 1008//7 1006//7 1050//7
f 1064//7 1050//7 1051//7
f 1046//7 1028//7 1030//7
f 1030//7 1050//7 1046//7
f 1046//7 1047//7 1028//7
f 1047//7 1051//7 1029//7
f 1029//7 1028//7 1047//7
f 1051//7 1030//7 1029//7
f 1048//7 1051//7 1037//7
f 1047//7 1039//7 1038//7
f 1047//7 1049//7 1039//7
f 1037//7 1039//7 1049//7
f 1038//7 1051//7 1047//7
f 1048//7 1037//7 1041//7
f 1042//7 1049//7 1145//7
f 1145//7 1048//7 1040//7
f 1041//7 1040//7 1048//7
f 1049//7 1042//7 1041//7
f 1040//7 1042//7 1145//7
f 1041//7 1037//7 1049//7
f 1038//7 1037//7 1051//7
f 1030//7 1051//7 1050//7
f 1051//7 1048//7 1064//7
f 1032//7 1035//7 1064//7
f 1054//40 1055//40 1056//40
f 1057//40 1054//40 1058//40
f 1018//40 1053//40 1052//40
f 1064//40 1048//40 1010//40
f 1058//40 1059//40 1057//40
f 1060//40 1057//40 1059//40
f 1061//40 1052//40 1053//40
f 1062//40 1061//40 1063//40
f 1052//40 1064//40 1018//40
f 1010//40 1018//40 1064//40
f 1059//40 1065//40 1060//40
f 1066//40 1060//40 1065//40
f 1063//40 1067//40 1062//40
f 1068//40 1062//40 1067//40
f 1067//40 1069//40 1068//40
f 1070//40 1068//40 1069//40
f 1065//40 1071//40 1066//40
f 1066//40 1071//40 1010//40
f 1010//40 1048//40 1066//40
f 1069//40 1072//40 1070//40
f 1070//40 1072//40 1056//40
f 1056//40 1055//40 1070//40
f 1056//40 1058//40 1054//40
f 1053//40 1063//40 1061//40
f 1072//7 1073//7 1074//7
f 1119//7 1075//7 1073//7
f 1056//7 1072//7 1074//7
f 1074//7 1075//7 1056//7
f 1075//7 1119//7 1056//7
f 1092//7 1073//7 1076//7
f 1069//7 1092//7 1077//7
f 1073//7 1078//7 1076//7
f 1076//7 1077//7 1092//7
f 1072//7 1077//7 1078//7
f 1078//7 1073//7 1072//7
f 1079//7 1119//7 1092//7
f 1069//7 1081//7 1080//7
f 1081//7 1092//7 1082//7
f 1069//7 1080//7 1082//7
f 1082//7 1092//7 1069//7
f 1067//7 1084//7 1083//7
f 1081//7 1085//7 1084//7
f 1069//7 1067//7 1083//7
f 1083//7 1085//7 1069//7
f 1085//7 1081//7 1069//7
f 1063//7 1087//7 1086//7
f 1084//7 1088//7 1087//7
f 1067//7 1063//7 1086//7
f 1086//7 1088//7 1067//7
f 1088//7 1084//7 1067//7
f 1053//7 1079//7 1089//7
f 1079//7 1087//7 1090//7
f 1079//7 1090//7 1089//7
f 1091//7 1087//7 1063//7
f 1091//7 1090//7 1087//7
f 1063//7 1089//7 1091//7
f 1089//7 1063//7 1053//7
f 1084//7 1087//7 1079//7
f 1081//7 1084//7 1079//7
f 1092//7 1081//7 1079//7
f 1077//7 1072//7 1069//7
f 1073//7 1092//7 1119//7
f 1052//18 1061//18 1094//18
f 1061//18 1099//18 1094//18
f 1094//18 1095//18 1052//18
f 1099//18 1096//18 1094//18
f 1095//18 1093//18 1052//18
f 1095//18 1096//18 1093//18
f 1093//18 1099//18 1102//18
f 1061//18 1097//18 1098//18
f 1097//18 1061//18 1062//18
f 1062//18 1102//18 1097//18
f 1098//18 1099//18 1061//18
f 1099//18 1097//18 1102//18
f 1093//18 1102//18 1105//18
f 1068//18 1105//18 1100//18
f 1100//18 1062//18 1068//18
f 1102//18 1100//18 1105//18
f 1100//18 1101//18 1062//18
f 1101//18 1102//18 1062//18
f 1070//18 1105//18 1104//18
f 1068//18 1070//18 1104//18
f 1103//18 1105//18 1068//18
f 1104//18 1103//18 1068//18
f 1106//18 1105//18 1112//18
f 1070//18 1112//18 1107//18
f 1109//18 1105//18 1070//18
f 1107//18 1109//18 1070//18
f 1109//18 1108//18 1105//18
f 1112//18 1108//18 1107//18
f 1111//18 1070//18 1055//18
f 1055//18 1106//18 1111//18
f 1111//18 1110//18 1070//18
f 1110//18 1112//18 1070//18
f 1112//18 1111//18 1106//18
f 1108//18 1112//18 1105//18
f 1105//18 1106//18 1093//18
f 1096//18 1099//18 1093//18
f 1100//6 1102//6 1084//6
f 1101//4 1100//4 1083//4
f 1102//5 1101//5 1083//5
f 1083//3 1084//3 1102//3
f 1085//1 1083//1 1100//1
f 1084//2 1085//2 1100//2
f 1104//686 1105//686 1082//686
f 1103//4 1104//4 1080//4
f 1105//5 1103//5 1080//5
f 1081//687 1082//687 1105//687
f 1080//688 1081//688 1105//688
f 1082//689 1080//689 1104//689
f 1111//6 1112//6 1073//6
f 1110//4 1111//4 1074//4
f 1112//5 1110//5 1074//5
f 1074//3 1073//3 1112//3
f 1075//1 1074//1 1111//1
f 1073//2 1075//2 1111//2
f 1107//690 1108//690 1076//690
f 1109//691 1107//691 1077//691
f 1108//692 1109//692 1077//692
f 1077//51 1076//51 1108//51
f 1078//693 1077//693 1107//693
f 1076//694 1078//694 1107//694
f 1097//6 1099//6 1087//6
f 1098//4 1097//4 1086//4
f 1099//5 1098//5 1086//5
f 1086//3 1087//3 1099//3
f 1088//1 1086//1 1097//1
f 1087//2 1088//2 1097//2
f 1094//6 1096//6 1090//6
f 1095//4 1094//4 1089//4
f 1096//5 1095//5 1089//5
f 1089//3 1090//3 1096//3
f 1091//1 1089//1 1094//1
f 1090//2 1091//2 1094//2
f 1071//32 1113//32 1114//32
f 1009//32 1115//32 1113//32
f 1010//32 1071//32 1114//32
f 1114//32 1115//32 1010//32
f 1115//32 1009//32 1010//32
f 1132//32 1113//32 1116//32
f 1065//32 1132//32 1117//32
f 1113//32 1118//32 1116//32
f 1116//32 1117//32 1132//32
f 1071//32 1117//32 1118//32
f 1118//32 1113//32 1071//32
f 1119//32 1009//32 1132//32
f 1065//32 1121//32 1120//32
f 1121//32 1132//32 1122//32
f 1122//32 1132//32 1065//32
f 1065//32 1120//32 1122//32
f 1123//32 1121//32 1065//32
f 1123//32 1124//32 1121//32
f 1059//32 1124//32 1125//32
f 1065//32 1059//32 1125//32
f 1125//32 1123//32 1065//32
f 1058//32 1126//32 1128//32
f 1127//32 1124//32 1059//32
f 1059//32 1058//32 1128//32
f 1127//32 1126//32 1124//32
f 1128//32 1127//32 1059//32
f 1119//32 1126//32 1129//32
f 1056//32 1119//32 1130//32
f 1126//32 1131//32 1129//32
f 1129//32 1130//32 1119//32
f 1058//32 1130//32 1131//32
f 1131//32 1126//32 1058//32
f 1130//32 1058//32 1056//32
f 1124//32 1126//32 1119//32
f 1121//32 1124//32 1119//32
f 1132//32 1121//32 1119//32
f 1117//32 1071//32 1065//32
f 1113//32 1132//32 1009//32
f 1055//34 1054//34 1134//34
f 1054//34 1138//34 1134//34
f 1106//34 1133//34 1135//34
f 1134//34 1133//34 1055//34
f 1133//34 1106//34 1055//34
f 1135//34 1134//34 1138//34
f 1106//34 1138//34 1141//34
f 1136//34 1138//34 1054//34
f 1137//34 1054//34 1057//34
f 1057//34 1141//34 1137//34
f 1137//34 1136//34 1054//34
f 1141//34 1138//34 1137//34
f 1106//34 1141//34 1144//34
f 1060//34 1144//34 1139//34
f 1057//34 1139//34 1140//34
f 1144//34 1141//34 1139//34
f 1139//34 1057//34 1060//34
f 1140//34 1141//34 1057//34
f 1060//34 1066//34 1143//34
f 1143//34 1142//34 1060//34
f 1066//34 1144//34 1143//34
f 1142//34 1144//34 1060//34
f 1145//34 1144//34 1151//34
f 1066//34 1151//34 1147//34
f 1144//34 1146//34 1148//34
f 1147//34 1146//34 1066//34
f 1146//34 1144//34 1066//34
f 1151//34 1148//34 1147//34
f 1150//34 1066//34 1048//34
f 1048//34 1145//34 1150//34
f 1150//34 1149//34 1066//34
f 1149//34 1151//34 1066//34
f 1151//34 1150//34 1145//34
f 1148//34 1151//34 1144//34
f 1144//34 1145//34 1106//34
f 1135//34 1138//34 1106//34
f 1123//188 1125//188 1139//188
f 1124//404 1123//404 1139//404
f 1125//190 1124//190 1141//190
f 1140//191 1139//191 1125//191
f 1141//405 1140//405 1125//405
f 1139//193 1141//193 1124//193
f 1122//695 1120//695 1143//695
f 1121//696 1122//696 1144//696
f 1120//697 1121//697 1144//697
f 1142//191 1143//191 1120//191
f 1144//405 1142//405 1120//405
f 1143//698 1144//698 1122//698
f 1150//193 1151//193 1113//193
f 1149//191 1150//191 1114//191
f 1151//405 1149//405 1114//405
f 1114//190 1113//190 1151//190
f 1115//188 1114//188 1150//188
f 1113//404 1115//404 1150//404
f 1147//699 1148//699 1116//699
f 1146//700 1147//700 1117//700
f 1148//701 1146//701 1117//701
f 1117//230 1116//230 1148//230
f 1118//702 1117//702 1147//702
f 1116//703 1118//703 1147//703
f 1137//193 1138//193 1126//193
f 1136//191 1137//191 1128//191
f 1138//405 1136//405 1128//405
f 1128//190 1126//190 1138//190
f 1127//188 1128//188 1137//188
f 1126//404 1127//404 1137//404
f 1134//193 1135//193 1129//193
f 1133//191 1134//191 1130//191
f 1135//192 1133//192 1130//192
f 1130//190 1129//190 1135//190
f 1131//188 1130//188 1134//188
f 1129//404 1131//404 1134//404
f 1152//34 1155//34 1018//34
f 1018//34 1027//34 1152//34
f 1152//34 1153//34 1155//34
f 1027//34 1154//34 1152//34
f 1153//34 1154//34 1155//34
f 1158//34 1157//34 1156//34
f 1157//34 1155//34 1154//34
f 1053//34 1018//34 1158//34
f 1158//34 1156//34 1160//34
f 1160//34 1159//34 1158//34
f 1159//34 1156//34 1161//34
f 1156//34 1162//34 1161//34
f 1166//34 1161//34 1163//34
f 1156//34 1164//34 1162//34
f 1163//34 1164//34 1166//34
f 1161//704 1166//704 1159//704
f 1163//34 1162//34 1164//34
f 1053//34 1165//34 1168//34
f 1168//34 1167//34 1053//34
f 1165//34 1164//34 1168//34
f 1079//34 1167//34 1169//34
f 1167//34 1079//34 1053//34
f 1169//34 1168//34 1164//34
f 1169//34 1164//34 1079//34
f 1166//34 1165//34 1053//34
f 1159//34 1166//34 1053//34
f 1158//34 1159//34 1053//34
f 1157//34 1154//34 1156//34
f 1155//34 1158//34 1018//34
f 1172//32 1170//32 1093//32
f 1093//32 1171//32 1172//32
f 1052//32 1093//32 1170//32
f 1171//32 1174//32 1173//32
f 1173//32 1172//32 1171//32
f 1174//32 1170//32 1173//32
f 1052//32 1174//32 1177//32
f 1171//32 1176//32 1174//32
f 1176//32 1171//32 1175//32
f 1177//32 1176//32 1175//32
f 1052//32 1177//32 1193//32
f 1178//32 1193//32 1179//32
f 1179//32 1180//32 1178//32
f 1175//32 1180//32 1181//32
f 1193//32 1177//32 1181//32
f 1181//32 1177//32 1175//32
f 1180//32 1175//32 1178//32
f 1181//32 1179//32 1193//32
f 1052//32 1193//32 1194//32
f 1178//32 1182//32 1183//32
f 1178//32 1184//32 1182//32
f 1184//32 1194//32 1185//32
f 1194//32 1183//32 1185//32
f 1183//32 1193//32 1178//32
f 1185//32 1182//32 1184//32
f 1064//32 1194//32 1188//32
f 1184//32 1186//32 1187//32
f 1184//32 1187//32 1189//32
f 1188//32 1187//32 1186//32
f 1189//32 1194//32 1184//32
f 1186//32 1190//32 1192//32
f 1043//32 1064//32 1191//32
f 1064//32 1188//32 1192//32
f 1190//32 1186//32 1043//32
f 1192//32 1191//32 1064//32
f 1191//32 1190//32 1043//32
f 1192//32 1188//32 1186//32
f 1189//32 1188//32 1194//32
f 1183//32 1194//32 1193//32
f 1194//32 1064//32 1052//32
f 1170//32 1174//32 1052//32
f 1179//188 1181//188 1161//188
f 1180//404 1179//404 1161//404
f 1181//190 1180//190 1162//190
f 1163//191 1161//191 1181//191
f 1162//405 1163//405 1181//405
f 1161//193 1162//193 1180//193
f 1185//705 1183//705 1159//705
f 1182//706 1185//706 1160//706
f 1183//707 1182//707 1156//707
f 1156//708 1159//708 1183//708
f 1160//709 1156//709 1182//709
f 1159//710 1160//710 1185//710
f 1173//188 1170//188 1168//188
f 1172//404 1173//404 1168//404
f 1170//190 1172//190 1169//190
f 1167//191 1168//191 1170//191
f 1169//192 1167//192 1170//192
f 1168//193 1169//193 1172//193
f 1177//188 1174//188 1166//188
f 1176//404 1177//404 1166//404
f 1174//707 1176//707 1164//707
f 1165//191 1166//191 1174//191
f 1164//711 1165//711 1174//711
f 1166//712 1164//712 1176//712
f 1188//188 1189//188 1155//188
f 1187//404 1188//404 1155//404
f 1189//190 1187//190 1157//190
f 1158//191 1155//191 1189//191
f 1157//405 1158//405 1189//405
f 1155//193 1157//193 1187//193
f 1191//188 1192//188 1152//188
f 1190//404 1191//404 1152//404
f 1192//713 1190//713 1154//713
f 1153//191 1152//191 1192//191
f 1154//714 1153//714 1192//714
f 1152//715 1154//715 1190//715
f 1195//716 1196//716 1016//716
f 1196//717 1003//717 1016//717
f 1196//718 1027//718 1023//718
f 1016//719 1013//719 1195//719
f 1195//40 1009//40 1119//40
f 1196//720 1198//720 1156//720
f 1013//721 1009//721 1195//721
f 1119//40 1197//40 1195//40
f 1197//40 1119//40 1079//40
f 1198//722 1079//722 1164//722
f 1198//723 1164//723 1156//723
f 1196//724 1023//724 1003//724
f 1079//40 1198//40 1197//40
f 1196//725 1156//725 1154//725
f 1154//726 1027//726 1196//726
f 1199//33 1200//33 1093//33
f 1202//33 1047//33 1046//33
f 1186//33 1184//33 1201//33
f 1201//33 1184//33 1178//33
f 1046//33 1201//33 1202//33
f 1045//33 1044//33 1201//33
f 1201//33 1043//33 1186//33
f 1178//33 1200//33 1201//33
f 1093//33 1106//33 1199//33
f 1202//33 1199//33 1106//33
f 1202//33 1145//33 1049//33
f 1044//33 1043//33 1201//33
f 1178//33 1175//33 1200//33
f 1200//33 1175//33 1171//33
f 1171//33 1093//33 1200//33
f 1106//33 1145//33 1202//33
f 1202//33 1049//33 1047//33
f 1046//33 1045//33 1201//33
f 1202//727 1195//727 1197//727
f 1197//728 1199//728 1202//728
f 1199//729 1197//729 1198//729
f 1198//730 1200//730 1199//730
f 1200//731 1198//731 1196//731
f 1196//732 1201//732 1200//732
f 1201//733 1196//733 1195//733
f 1195//734 1202//734 1201//734
usemtl haedosat_sim42Material1
f 1203//7 1204//7 1205//7
f 1204//735 1208//735 1207//735
f 1204//736 1209//736 1208//736
f 1207//737 1206//737 1204//737
f 1206//738 1205//738 1204//738
f 1203//739 1206//739 1207//739
f 1207//740 1208//740 1203//740
f 1203//741 1205//741 1206//741
f 1208//742 1209//742 1203//742
f 1204//34 1203//34 1209//34
f 1277//7 1278//7 1279//7
f 1278//735 1282//735 1281//735
f 1278//736 1283//736 1282//736
f 1281//737 1280//737 1278//737
f 1280//738 1279//738 1278//738
f 1277//739 1280//739 1281//739
f 1281//740 1282//740 1277//740
f 1277//741 1279//741 1280//741
f 1282//742 1283//742 1277//742
f 1278//34 1277//34 1283//34
f 1284//7 1285//7 1286//7
f 1285//735 1289//735 1288//735
f 1285//736 1290//736 1289//736
f 1288//737 1287//737 1285//737
f 1287//738 1286//738 1285//738
f 1284//739 1287//739 1288//739
f 1288//740 1289//740 1284//740
f 1284//741 1286//741 1287//741
f 1289//742 1290//742 1284//742
f 1285//34 1284//34 1290//34
f 1291//7 1292//7 1293//7
f 1292//735 1296//735 1295//735
f 1292//736 1297//736 1296//736
f 1295//737 1294//737 1292//737
f 1294//738 1293//738 1292//738
f 1291//739 1294//739 1295//739
f 1295//740 1296//740 1291//740
f 1291//741 1293//741 1294//741
f 1296//742 1297//742 1291//742
f 1292//34 1291//34 1297//34
f 1298//7 1299//7 1300//7
f 1299//735 1303//735 1302//735
f 1299//736 1304//736 1303//736
f 1302//737 1301//737 1299//737
f 1301//738 1300//738 1299//738
f 1298//739 1301//739 1302//739
f 1302//740 1303//740 1298//740
f 1298//741 1300//741 1301//741
f 1303//742 1304//742 1298//742
f 1299//34 1298//34 1304//34
f 1305//7 1306//7 1307//7
f 1306//735 1310//735 1309//735
f 1306//736 1311//736 1310//736
f 1309//737 1308//737 1306//737
f 1308//738 1307//738 1306//738
f 1305//739 1308//739 1309//739
f 1309//740 1310//740 1305//740
f 1305//741 1307//741 1308//741
f 1310//742 1311//742 1305//742
f 1306//34 1305//34 1311//34
f 1312//32 1313//32 1314//32
f 1313//894 1317//894 1316//894
f 1313//895 1318//895 1317//895
f 1316//896 1315//896 1313//896
f 1315//897 1314//897 1313//897
f 1312//898 1315//898 1316//898
f 1316//899 1317//899 1312//899
f 1312//900 1314//900 1315//900
f 1317//901 1318//901 1312//901
f 1313//7 1312//7 1318//7
f 1319//32 1320//32 1321//32
f 1320//894 1324//894 1323//894
f 1320//895 1325//895 1324//895
f 1323//896 1322//896 1320//896
f 1322//897 1321//897 1320//897
f 1319//898 1322//898 1323//898
f 1323//899 1324//899 1319//899
f 1319//900 1321//900 1322//900
f 1324//901 1325//901 1319//901
f 1320//7 1319//7 1325//7
f 1389//32 1390//32 1391//32
f 1390//894 1394//894 1393//894
f 1390//895 1395//895 1394//895
f 1393//896 1392//896 1390//896
f 1392//897 1391//897 1390//897
f 1389//898 1392//898 1393//898
f 1393//899 1394//899 1389//899
f 1389//900 1391//900 1392//900
f 1394//901 1395//901 1389//901
f 1390//7 1389//7 1395//7
f 1396//32 1397//32 1398//32
f 1397//894 1401//894 1400//894
f 1397//895 1402//895 1401//895
f 1400//896 1399//896 1397//896
f 1399//897 1398//897 1397//897
f 1396//898 1399//898 1400//898
f 1400//899 1401//899 1396//899
f 1396//900 1398//900 1399//900
f 1401//901 1402//901 1396//901
f 1397//7 1396//7 1402//7
f 1403//32 1404//32 1405//32
f 1404//894 1408//894 1407//894
f 1404//895 1409//895 1408//895
f 1407//896 1406//896 1404//896
f 1406//897 1405//897 1404//897
f 1403//898 1406//898 1407//898
f 1407//899 1408//899 1403//899
f 1403//900 1405//900 1406//900
f 1408//901 1409//901 1403//901
f 1404//7 1403//7 1409//7
f 1410//32 1411//32 1412//32
f 1411//894 1415//894 1414//894
f 1411//895 1416//895 1415//895
f 1414//896 1413//896 1411//896
f 1413//897 1412//897 1411//897
f 1410//898 1413//898 1414//898
f 1414//899 1415//899 1410//899
f 1410//900 1412//900 1413//900
f 1415//901 1416//901 1410//901
f 1411//7 1410//7 1416//7
f 1417//18 1418//18 1419//18
f 1418//1051 1422//1051 1421//1051
f 1418//1052 1423//1052 1422//1052
f 1421//1053 1420//1053 1418//1053
f 1420//1054 1419//1054 1418//1054
f 1417//1055 1420//1055 1421//1055
f 1421//1056 1422//1056 1417//1056
f 1417//1057 1419//1057 1420//1057
f 1422//1058 1423//1058 1417//1058
f 1418//32 1417//32 1423//32
f 1424//18 1425//18 1426//18
f 1425//1051 1429//1051 1428//1051
f 1425//1052 1430//1052 1429//1052
f 1428//1053 1427//1053 1425//1053
f 1427//1054 1426//1054 1425//1054
f 1424//1055 1427//1055 1428//1055
f 1428//1056 1429//1056 1424//1056
f 1424//1057 1426//1057 1427//1057
f 1429//1058 1430//1058 1424//1058
f 1425//32 1424//32 1430//32
f 1494//18 1495//18 1496//18
f 1495//1051 1499//1051 1498//1051
f 1495//1052 1500//1052 1499//1052
f 1498//1053 1497//1053 1495//1053
f 1497//1054 1496//1054 1495//1054
f 1494//1055 1497//1055 1498//1055
f 1498//1056 1499//1056 1494//1056
f 1494//1057 1496//1057 1497//1057
f 1499//1058 1500//1058 1494//1058
f 1495//32 1494//32 1500//32
f 1501//18 1502//18 1503//18
f 1502//1051 1506//1051 1505//1051
f 1502//1052 1507//1052 1506//1052
f 1505//1053 1504//1053 1502//1053
f 1504//1054 1503//1054 1502//1054
f 1501//1055 1504//1055 1505//1055
f 1505//1056 1506//1056 1501//1056
f 1501//1057 1503//1057 1504//1057
f 1506//1058 1507//1058 1501//1058
f 1502//32 1501//32 1507//32
f 1508//18 1509//18 1510//18
f 1509//1051 1513//1051 1512//1051
f 1509//1052 1514//1052 1513//1052
f 1512//1053 1511//1053 1509//1053
f 1511//1054 1510//1054 1509//1054
f 1508//1055 1511//1055 1512//1055
f 1512//1056 1513//1056 1508//1056
f 1508//1057 1510//1057 1511//1057
f 1513//1058 1514//1058 1508//1058
f 1509//32 1508//32 1514//32
f 1515//18 1516//18 1517//18
f 1516//1051 1520//1051 1519//1051
f 1516//1052 1521//1052 1520//1052
f 1519//1053 1518//1053 1516//1053
f 1518//1054 1517//1054 1516//1054
f 1515//1055 1518//1055 1519//1055
f 1519//1056 1520//1056 1515//1056
f 1515//1057 1517//1057 1518//1057
f 1520//1058 1521//1058 1515//1058
f 1516//32 1515//32 1521//32
f 1522//34 1523//34 1524//34
f 1523//1207 1527//1207 1526//1207
f 1523//1208 1528//1208 1527//1208
f 1526//1209 1525//1209 1523//1209
f 1525//1210 1524//1210 1523//1210
f 1522//1211 1525//1211 1526//1211
f 1526//1212 1527//1212 1522//1212
f 1522//1213 1524//1213 1525//1213
f 1527//1214 1528//1214 1522//1214
f 1523//18 1522//18 1528//18
f 1529//34 1530//34 1531//34
f 1530//1207 1534//1207 1533//1207
f 1530//1208 1535//1208 1534//1208
f 1533//1209 1532//1209 1530//1209
f 1532//1210 1531//1210 1530//1210
f 1529//1211 1532//1211 1533//1211
f 1533//1212 1534//1212 1529//1212
f 1529//1213 1531//1213 1532//1213
f 1534//1214 1535//1214 1529//1214
f 1530//18 1529//18 1535//18
f 1601//34 1602//34 1603//34
f 1602//1207 1606//1207 1605//1207
f 1602//1208 1607//1208 1606//1208
f 1605//1209 1604//1209 1602//1209
f 1604//1210 1603//1210 1602//1210
f 1601//1211 1604//1211 1605//1211
f 1605//1212 1606//1212 1601//1212
f 1601//1213 1603//1213 1604//1213
f 1606//1214 1607//1214 1601//1214
f 1602//18 1601//18 1607//18
f 1608//34 1609//34 1610//34
f 1609//1207 1613//1207 1612//1207
f 1609//1208 1614//1208 1613//1208
f 1612//1209 1611//1209 1609//1209
f 1611//1210 1610//1210 1609//1210
f 1608//1211 1611//1211 1612//1211
f 1612//1212 1613//1212 1608//1212
f 1608//1213 1610//1213 1611//1213
f 1613//1214 1614//1214 1608//1214
f 1609//18 1608//18 1614//18
f 1615//34 1616//34 1617//34
f 1616//1207 1620//1207 1619//1207
f 1616//1208 1621//1208 1620//1208
f 1619//1209 1618//1209 1616//1209
f 1618//1210 1617//1210 1616//1210
f 1615//1211 1618//1211 1619//1211
f 1619//1212 1620//1212 1615//1212
f 1615//1213 1617//1213 1618//1213
f 1620//1214 1621//1214 1615//1214
f 1616//18 1615//18 1621//18
f 1622//34 1623//34 1624//34
f 1623//1207 1627//1207 1626//1207
f 1623//1208 1628//1208 1627//1208
f 1626//1209 1625//1209 1623//1209
f 1625//1210 1624//1210 1623//1210
f 1622//1211 1625//1211 1626//1211
f 1626//1212 1627//1212 1622//1212
f 1622//1213 1624//1213 1625//1213
f 1627//1214 1628//1214 1622//1214
f 1623//18 1622//18 1628//18
usemtl haedosat_sim42Material2
f 1211//743 1212//743 1214//743
f 1210//744 1211//744 1215//744
f 1214//745 1215//745 1211//745
f 1215//746 1213//746 1210//746
f 1213//747 1214//747 1212//747
f 1256//748 1216//748 1218//748
f 1255//749 1256//749 1219//749
f 1216//750 1222//750 1218//750
f 1219//751 1220//751 1255//751
f 1255//752 1221//752 1222//752
f 1218//753 1219//753 1256//753
f 1222//754 1216//754 1255//754
f 1255//755 1220//755 1221//755
f 1255//756 1224//756 1223//756
f 1255//757 1227//757 1224//757
f 1225//758 1223//758 1226//758
f 1255//759 1217//759 1227//759
f 1223//760 1225//760 1255//760
f 1228//761 1227//761 1217//761
f 1217//762 1226//762 1228//762
f 1257//763 1258//763 1275//763
f 1258//764 1229//764 1275//764
f 1258//765 1256//765 1229//765
f 1255//766 1230//766 1231//766
f 1256//767 1231//767 1229//767
f 1231//768 1256//768 1255//768
f 1275//769 1230//769 1257//769
f 1232//770 1234//770 1233//770
f 1257//771 1255//771 1235//771
f 1255//772 1225//772 1236//772
f 1234//773 1232//773 1257//773
f 1236//774 1235//774 1255//774
f 1225//775 1237//775 1236//775
f 1235//776 1234//776 1257//776
f 1225//777 1232//777 1237//777
f 1233//778 1237//778 1232//778
f 1238//779 1216//779 1258//779
f 1257//780 1259//780 1240//780
f 1239//781 1259//781 1258//781
f 1257//782 1242//782 1241//782
f 1240//783 1242//783 1257//783
f 1239//784 1240//784 1259//784
f 1241//785 1258//785 1257//785
f 1241//786 1239//786 1258//786
f 1257//787 1232//787 1245//787
f 1246//788 1243//788 1247//788
f 1244//789 1243//789 1257//789
f 1232//790 1248//790 1245//790
f 1243//791 1246//791 1257//791
f 1245//792 1244//792 1257//792
f 1248//793 1232//793 1246//793
f 1259//767 1253//767 1249//767
f 1249//794 1238//794 1259//794
f 1257//795 1252//795 1253//795
f 1249//796 1250//796 1238//796
f 1253//797 1259//797 1257//797
f 1257//798 1250//798 1251//798
f 1251//799 1252//799 1257//799
f 1257//800 1212//800 1211//800
f 1211//801 1250//801 1257//801
f 1254//802 1211//802 1210//802
f 1257//803 1246//803 1212//803
f 1211//804 1254//804 1250//804
f 1213//805 1212//805 1246//805
f 1246//806 1254//806 1210//806
f 1210//807 1213//807 1246//807
f 1247//808 1248//808 1246//808
f 1258//809 1259//809 1238//809
f 1230//810 1255//810 1257//810
f 1256//40 1258//40 1216//40
f 1226//811 1217//811 1225//811
f 1217//812 1255//812 1216//812
f 1238//18 1260//18 1216//18
f 1254//813 1215//813 1250//813
f 1250//814 1215//814 1238//814
f 1217//7 1261//7 1225//7
f 1232//7 1225//7 1261//7
f 1261//7 1262//7 1232//7
f 1246//7 1232//7 1262//7
f 1262//7 1263//7 1246//7
f 1254//7 1246//7 1263//7
f 1217//32 1216//32 1260//32
f 1248//815 1247//815 1264//815
f 1247//816 1243//816 1264//816
f 1244//817 1264//817 1243//817
f 1248//818 1244//818 1245//818
f 1236//819 1237//819 1265//819
f 1237//820 1233//820 1265//820
f 1234//821 1265//821 1233//821
f 1265//822 1235//822 1236//822
f 1227//823 1228//823 1266//823
f 1228//824 1226//824 1266//824
f 1223//825 1266//825 1226//825
f 1266//826 1224//826 1227//826
f 1241//827 1242//827 1267//827
f 1242//828 1240//828 1268//828
f 1240//829 1239//829 1268//829
f 1268//830 1267//830 1242//830
f 1241//831 1268//831 1239//831
f 1249//832 1253//832 1269//832
f 1251//833 1250//833 1270//833
f 1250//834 1249//834 1270//834
f 1269//835 1270//835 1249//835
f 1270//836 1252//836 1251//836
f 1252//837 1269//837 1253//837
f 1218//832 1222//832 1271//832
f 1222//838 1221//838 1272//838
f 1221//839 1220//839 1272//839
f 1271//840 1219//840 1218//840
f 1219//841 1272//841 1220//841
f 1272//842 1271//842 1222//842
f 1215//843 1252//843 1270//843
f 1252//844 1215//844 1267//844
f 1267//845 1268//845 1269//845
f 1268//846 1238//846 1269//846
f 1270//847 1238//847 1215//847
f 1269//848 1252//848 1267//848
f 1254//849 1213//849 1215//849
f 1213//850 1254//850 1263//850
f 1214//851 1263//851 1267//851
f 1267//852 1215//852 1214//852
f 1214//853 1213//853 1263//853
f 1238//854 1268//854 1275//854
f 1267//855 1275//855 1241//855
f 1268//856 1241//856 1275//856
f 1267//857 1263//857 1264//857
f 1263//858 1262//858 1248//858
f 1263//859 1248//859 1264//859
f 1244//860 1248//860 1262//860
f 1244//861 1262//861 1267//861
f 1260//862 1275//862 1274//862
f 1267//863 1276//863 1273//863
f 1274//864 1273//864 1276//864
f 1273//865 1275//865 1267//865
f 1265//866 1262//866 1261//866
f 1267//867 1234//867 1235//867
f 1267//868 1262//868 1234//868
f 1235//869 1261//869 1276//869
f 1262//870 1265//870 1234//870
f 1235//871 1265//871 1261//871
f 1272//872 1219//872 1276//872
f 1276//873 1260//873 1271//873
f 1274//874 1219//874 1271//874
f 1219//875 1274//875 1276//875
f 1271//876 1272//876 1276//876
f 1261//877 1217//877 1266//877
f 1266//878 1223//878 1261//878
f 1276//879 1261//879 1223//879
f 1266//880 1217//880 1276//880
f 1223//881 1224//881 1276//881
f 1224//882 1266//882 1276//882
f 1217//883 1260//883 1276//883
f 1271//884 1260//884 1274//884
f 1235//885 1276//885 1267//885
f 1264//886 1244//886 1267//886
f 1275//887 1260//887 1238//887
f 1270//888 1269//888 1238//888
f 1229//889 1231//889 1274//889
f 1231//890 1230//890 1273//890
f 1230//891 1275//891 1273//891
f 1274//892 1275//892 1229//892
f 1273//893 1274//893 1231//893
f 1328//902 1329//902 1330//902
f 1329//903 1326//903 1330//903
f 1326//904 1327//904 1331//904
f 1328//905 1331//905 1327//905
f 1331//906 1330//906 1326//906
f 1367//907 1332//907 1334//907
f 1366//908 1367//908 1335//908
f 1335//909 1336//909 1366//909
f 1334//910 1335//910 1367//910
f 1332//911 1337//911 1334//911
f 1337//912 1332//912 1366//912
f 1366//913 1336//913 1337//913
f 1340//914 1338//914 1341//914
f 1339//915 1338//915 1366//915
f 1366//916 1333//916 1342//916
f 1338//917 1340//917 1366//917
f 1342//918 1339//918 1366//918
f 1333//919 1341//919 1342//919
f 1357//920 1368//920 1343//920
f 1368//921 1367//921 1344//921
f 1368//922 1344//922 1343//922
f 1367//923 1385//923 1344//923
f 1385//924 1367//924 1366//924
f 1366//925 1384//925 1385//925
f 1343//926 1384//926 1357//926
f 1345//927 1347//927 1346//927
f 1357//928 1366//928 1347//928
f 1366//929 1340//929 1349//929
f 1347//930 1345//930 1357//930
f 1366//931 1348//931 1347//931
f 1349//932 1348//932 1366//932
f 1340//933 1345//933 1346//933
f 1350//934 1332//934 1368//934
f 1357//935 1369//935 1352//935
f 1351//936 1369//936 1368//936
f 1357//937 1353//937 1354//937
f 1352//938 1355//938 1357//938
f 1351//939 1352//939 1369//939
f 1354//940 1368//940 1357//940
f 1354//941 1351//941 1368//941
f 1345//942 1359//942 1357//942
f 1356//943 1358//943 1357//943
f 1356//944 1360//944 1358//944
f 1358//945 1360//945 1359//945
f 1359//946 1345//946 1358//946
f 1361//947 1350//947 1369//947
f 1361//948 1362//948 1350//948
f 1369//949 1364//949 1361//949
f 1364//950 1369//950 1357//950
f 1357//951 1362//951 1363//951
f 1363//952 1364//952 1357//952
f 1328//953 1362//953 1357//953
f 1365//954 1327//954 1326//954
f 1328//955 1327//955 1362//955
f 1357//956 1358//956 1329//956
f 1327//957 1365//957 1362//957
f 1329//958 1328//958 1357//958
f 1358//959 1365//959 1326//959
f 1326//960 1329//960 1358//960
f 1355//961 1353//961 1357//961
f 1368//962 1369//962 1350//962
f 1346//963 1349//963 1340//963
f 1384//964 1366//964 1357//964
f 1367//40 1368//40 1332//40
f 1341//965 1333//965 1340//965
f 1333//966 1366//966 1332//966
f 1350//34 1370//34 1332//34
f 1365//967 1331//967 1362//967
f 1362//968 1331//968 1350//968
f 1345//32 1371//32 1358//32
f 1365//32 1358//32 1371//32
f 1333//18 1332//18 1370//18
f 1357//969 1359//969 1372//969
f 1356//970 1357//970 1373//970
f 1373//971 1360//971 1356//971
f 1360//972 1372//972 1359//972
f 1372//973 1373//973 1357//973
f 1347//974 1348//974 1374//974
f 1348//975 1349//975 1375//975
f 1349//976 1346//976 1376//976
f 1346//977 1347//977 1376//977
f 1374//978 1376//978 1347//978
f 1376//979 1375//979 1349//979
f 1375//980 1374//980 1348//980
f 1339//981 1342//981 1377//981
f 1342//982 1341//982 1378//982
f 1341//983 1338//983 1379//983
f 1338//984 1339//984 1377//984
f 1377//985 1379//985 1338//985
f 1379//986 1378//986 1341//986
f 1378//987 1377//987 1342//987
f 1352//988 1353//988 1355//988
f 1353//989 1351//989 1354//989
f 1364//990 1363//990 1381//990
f 1363//991 1362//991 1381//991
f 1362//992 1361//992 1380//992
f 1380//993 1381//993 1362//993
f 1364//994 1380//994 1361//994
f 1334//995 1337//995 1382//995
f 1336//996 1335//996 1383//996
f 1335//997 1334//997 1383//997
f 1336//998 1382//998 1337//998
f 1382//999 1383//999 1334//999
f 1364//1000 1331//1000 1388//1000
f 1364//1001 1381//1001 1331//1001
f 1388//1002 1387//1002 1364//1002
f 1387//1003 1380//1003 1364//1003
f 1387//1004 1350//1004 1380//1004
f 1381//1005 1350//1005 1331//1005
f 1388//1006 1328//1006 1330//1006
f 1330//1007 1365//1007 1371//1007
f 1330//1008 1371//1008 1388//1008
f 1388//1009 1331//1009 1328//1009
f 1365//1010 1330//1010 1331//1010
f 1350//1011 1387//1011 1386//1011
f 1388//1012 1353//1012 1352//1012
f 1388//1013 1386//1013 1353//1013
f 1352//1014 1387//1014 1388//1014
f 1386//1015 1387//1015 1351//1015
f 1351//1016 1353//1016 1386//1016
f 1388//1017 1371//1017 1373//1017
f 1371//1018 1345//1018 1372//1018
f 1371//1019 1360//1019 1373//1019
f 1372//1020 1360//1020 1371//1020
f 1345//1021 1373//1021 1372//1021
f 1373//1022 1345//1022 1388//1022
f 1370//1023 1386//1023 1383//1023
f 1388//1024 1383//1024 1385//1024
f 1385//1025 1384//1025 1388//1025
f 1383//1026 1386//1026 1385//1026
f 1384//1027 1386//1027 1388//1027
f 1340//1028 1375//1028 1376//1028
f 1376//1029 1345//1029 1340//1029
f 1388//1030 1374//1030 1375//1030
f 1388//1031 1376//1031 1374//1031
f 1388//1032 1345//1032 1376//1032
f 1375//1033 1340//1033 1388//1033
f 1388//1034 1370//1034 1382//1034
f 1388//1035 1336//1035 1383//1035
f 1382//1036 1336//1036 1388//1036
f 1370//1037 1383//1037 1382//1037
f 1340//1038 1333//1038 1378//1038
f 1388//1039 1340//1039 1379//1039
f 1377//1040 1378//1040 1333//1040
f 1377//1041 1333//1041 1388//1041
f 1379//1042 1377//1042 1388//1042
f 1340//1043 1378//1043 1379//1043
f 1370//1044 1388//1044 1333//1044
f 1352//1045 1351//1045 1387//1045
f 1386//1046 1370//1046 1350//1046
f 1381//1047 1380//1047 1350//1047
f 1343//1048 1344//1048 1386//1048
f 1386//1049 1384//1049 1343//1049
f 1385//1050 1386//1050 1344//1050
f 1433//1059 1434//1059 1435//1059
f 1434//1060 1431//1060 1435//1060
f 1431//1061 1432//1061 1436//1061
f 1433//1062 1436//1062 1432//1062
f 1436//1063 1435//1063 1431//1063
f 1472//1064 1437//1064 1439//1064
f 1471//1065 1472//1065 1440//1065
f 1440//1066 1441//1066 1471//1066
f 1439//1067 1440//1067 1472//1067
f 1437//1068 1442//1068 1439//1068
f 1442//1069 1437//1069 1471//1069
f 1471//1070 1441//1070 1442//1070
f 1445//1071 1443//1071 1446//1071
f 1444//1072 1443//1072 1471//1072
f 1471//1073 1438//1073 1447//1073
f 1443//1074 1445//1074 1471//1074
f 1447//1075 1444//1075 1471//1075
f 1438//1076 1446//1076 1447//1076
f 1462//1077 1473//1077 1448//1077
f 1473//1078 1472//1078 1449//1078
f 1473//1079 1449//1079 1448//1079
f 1472//1080 1490//1080 1449//1080
f 1490//1081 1472//1081 1471//1081
f 1471//1082 1489//1082 1490//1082
f 1448//1083 1489//1083 1462//1083
f 1450//1084 1452//1084 1451//1084
f 1462//1085 1471//1085 1452//1085
f 1471//1086 1445//1086 1454//1086
f 1452//1087 1450//1087 1462//1087
f 1471//1088 1453//1088 1452//1088
f 1454//1089 1453//1089 1471//1089
f 1445//1090 1450//1090 1451//1090
f 1455//1091 1437//1091 1473//1091
f 1462//1092 1474//1092 1457//1092
f 1456//1093 1474//1093 1473//1093
f 1462//1094 1458//1094 1459//1094
f 1457//1095 1460//1095 1462//1095
f 1456//1096 1457//1096 1474//1096
f 1459//1097 1473//1097 1462//1097
f 1459//1098 1456//1098 1473//1098
f 1450//1099 1464//1099 1462//1099
f 1461//1100 1463//1100 1462//1100
f 1461//1101 1465//1101 1463//1101
f 1463//1102 1465//1102 1464//1102
f 1464//1103 1450//1103 1463//1103
f 1466//1104 1455//1104 1474//1104
f 1466//1105 1467//1105 1455//1105
f 1474//1106 1469//1106 1466//1106
f 1469//1107 1474//1107 1462//1107
f 1462//1108 1467//1108 1468//1108
f 1468//1109 1469//1109 1462//1109
f 1433//1110 1467//1110 1462//1110
f 1470//1111 1432//1111 1431//1111
f 1433//1112 1432//1112 1467//1112
f 1462//1113 1463//1113 1434//1113
f 1432//1114 1470//1114 1467//1114
f 1434//1115 1433//1115 1462//1115
f 1463//1116 1470//1116 1431//1116
f 1431//1117 1434//1117 1463//1117
f 1460//1118 1458//1118 1462//1118
f 1473//1119 1474//1119 1455//1119
f 1451//1120 1454//1120 1445//1120
f 1489//1121 1471//1121 1462//1121
f 1472//40 1473//40 1437//40
f 1446//1122 1438//1122 1445//1122
f 1438//1123 1471//1123 1437//1123
f 1455//7 1475//7 1437//7
f 1470//1124 1436//1124 1467//1124
f 1467//1125 1436//1125 1455//1125
f 1450//18 1476//18 1463//18
f 1470//18 1463//18 1476//18
f 1438//34 1437//34 1475//34
f 1462//1126 1464//1126 1477//1126
f 1461//1127 1462//1127 1478//1127
f 1478//1128 1465//1128 1461//1128
f 1465//1129 1477//1129 1464//1129
f 1477//1130 1478//1130 1462//1130
f 1452//1131 1453//1131 1479//1131
f 1453//1132 1454//1132 1480//1132
f 1454//1133 1451//1133 1481//1133
f 1451//1134 1452//1134 1481//1134
f 1479//1135 1481//1135 1452//1135
f 1481//1136 1480//1136 1454//1136
f 1480//1137 1479//1137 1453//1137
f 1444//1138 1447//1138 1482//1138
f 1447//995 1446//995 1483//995
f 1446//1139 1443//1139 1484//1139
f 1443//1140 1444//1140 1482//1140
f 1482//1141 1484//1141 1443//1141
f 1484//1142 1483//1142 1446//1142
f 1483//1143 1482//1143 1447//1143
f 1457//1144 1458//1144 1460//1144
f 1458//1145 1456//1145 1459//1145
f 1469//1146 1468//1146 1486//1146
f 1468//1147 1467//1147 1486//1147
f 1467//1148 1466//1148 1485//1148
f 1485//1149 1486//1149 1467//1149
f 1469//1150 1485//1150 1466//1150
f 1439//1151 1442//1151 1487//1151
f 1441//1152 1440//1152 1488//1152
f 1440//1153 1439//1153 1488//1153
f 1441//1154 1487//1154 1442//1154
f 1487//1155 1488//1155 1439//1155
f 1469//1156 1436//1156 1493//1156
f 1469//1157 1486//1157 1436//1157
f 1493//1158 1492//1158 1469//1158
f 1492//1159 1485//1159 1469//1159
f 1492//1160 1455//1160 1485//1160
f 1486//1161 1455//1161 1436//1161
f 1493//1162 1433//1162 1435//1162
f 1435//1163 1470//1163 1476//1163
f 1435//1164 1476//1164 1493//1164
f 1493//1165 1436//1165 1433//1165
f 1470//1166 1435//1166 1436//1166
f 1455//1167 1492//1167 1491//1167
f 1493//1168 1458//1168 1457//1168
f 1493//1169 1491//1169 1458//1169
f 1457//1170 1492//1170 1493//1170
f 1491//1171 1492//1171 1456//1171
f 1456//1172 1458//1172 1491//1172
f 1493//1173 1476//1173 1478//1173
f 1476//1174 1450//1174 1477//1174
f 1476//1175 1465//1175 1478//1175
f 1477//1176 1465//1176 1476//1176
f 1450//1177 1478//1177 1477//1177
f 1478//1178 1450//1178 1493//1178
f 1475//1179 1491//1179 1488//1179
f 1493//1180 1488//1180 1490//1180
f 1490//1181 1489//1181 1493//1181
f 1488//1182 1491//1182 1490//1182
f 1489//1183 1491//1183 1493//1183
f 1445//1184 1480//1184 1481//1184
f 1481//1185 1450//1185 1445//1185
f 1493//1186 1479//1186 1480//1186
f 1493//1187 1481//1187 1479//1187
f 1493//1188 1450//1188 1481//1188
f 1480//1189 1445//1189 1493//1189
f 1493//1190 1475//1190 1487//1190
f 1493//1191 1441//1191 1488//1191
f 1487//1192 1441//1192 1493//1192
f 1475//1193 1488//1193 1487//1193
f 1445//1194 1438//1194 1483//1194
f 1493//1195 1445//1195 1484//1195
f 1482//1196 1483//1196 1438//1196
f 1482//1197 1438//1197 1493//1197
f 1484//1198 1482//1198 1493//1198
f 1445//1199 1483//1199 1484//1199
f 1438//1200 1475//1200 1493//1200
f 1457//1201 1456//1201 1492//1201
f 1491//1202 1475//1202 1455//1202
f 1486//1203 1485//1203 1455//1203
f 1448//1204 1449//1204 1491//1204
f 1491//1205 1489//1205 1448//1205
f 1490//1206 1491//1206 1449//1206
f 1536//1215 1537//1215 1540//1215
f 1538//1216 1540//1216 1537//1216
f 1540//1217 1539//1217 1536//1217
f 1581//1218 1541//1218 1543//1218
f 1580//1219 1581//1219 1544//1219
f 1541//1220 1547//1220 1543//1220
f 1544//1221 1545//1221 1580//1221
f 1580//1222 1546//1222 1547//1222
f 1543//1223 1544//1223 1581//1223
f 1547//1224 1541//1224 1580//1224
f 1580//1225 1545//1225 1546//1225
f 1580//1226 1549//1226 1548//1226
f 1580//1227 1552//1227 1549//1227
f 1550//1228 1548//1228 1551//1228
f 1580//1229 1542//1229 1552//1229
f 1548//1230 1550//1230 1580//1230
f 1553//1231 1552//1231 1542//1231
f 1542//1232 1551//1232 1553//1232
f 1582//1233 1583//1233 1599//1233
f 1583//1234 1554//1234 1599//1234
f 1583//1235 1581//1235 1554//1235
f 1580//1236 1555//1236 1556//1236
f 1581//1237 1556//1237 1554//1237
f 1556//1238 1581//1238 1580//1238
f 1599//1239 1555//1239 1582//1239
f 1557//1240 1559//1240 1558//1240
f 1582//1241 1580//1241 1560//1241
f 1580//1242 1550//1242 1561//1242
f 1559//1243 1557//1243 1582//1243
f 1561//1244 1560//1244 1580//1244
f 1550//1245 1562//1245 1561//1245
f 1560//1246 1559//1246 1582//1246
f 1550//1247 1557//1247 1562//1247
f 1558//1248 1562//1248 1557//1248
f 1563//1249 1541//1249 1583//1249
f 1582//1250 1584//1250 1565//1250
f 1564//1251 1584//1251 1583//1251
f 1582//1252 1567//1252 1566//1252
f 1565//1253 1567//1253 1582//1253
f 1564//1254 1565//1254 1584//1254
f 1566//1255 1583//1255 1582//1255
f 1566//1256 1564//1256 1583//1256
f 1582//1257 1557//1257 1570//1257
f 1571//1258 1568//1258 1572//1258
f 1569//1259 1568//1259 1582//1259
f 1557//1260 1573//1260 1570//1260
f 1568//1261 1571//1261 1582//1261
f 1570//1262 1569//1262 1582//1262
f 1573//1263 1557//1263 1571//1263
f 1584//1264 1578//1264 1574//1264
f 1574//1265 1563//1265 1584//1265
f 1582//1266 1577//1266 1578//1266
f 1574//1267 1575//1267 1563//1267
f 1578//1268 1584//1268 1582//1268
f 1582//1269 1575//1269 1576//1269
f 1576//1270 1577//1270 1582//1270
f 1582//1271 1538//1271 1537//1271
f 1537//1272 1575//1272 1582//1272
f 1579//1273 1537//1273 1536//1273
f 1582//1274 1571//1274 1538//1274
f 1537//1275 1579//1275 1575//1275
f 1539//1276 1538//1276 1571//1276
f 1571//1277 1579//1277 1536//1277
f 1536//1278 1539//1278 1571//1278
f 1572//1279 1573//1279 1571//1279
f 1583//1280 1584//1280 1563//1280
f 1555//1281 1580//1281 1582//1281
f 1581//40 1583//40 1541//40
f 1551//1282 1542//1282 1550//1282
f 1542//1283 1580//1283 1541//1283
f 1563//32 1585//32 1541//32
f 1579//1284 1540//1284 1575//1284
f 1575//1285 1540//1285 1563//1285
f 1542//34 1586//34 1550//34
f 1557//34 1550//34 1586//34
f 1586//34 1587//34 1557//34
f 1571//34 1557//34 1587//34
f 1587//34 1588//34 1571//34
f 1579//34 1571//34 1588//34
f 1542//7 1541//7 1585//7
f 1573//1286 1572//1286 1589//1286
f 1572//1287 1568//1287 1589//1287
f 1569//1288 1589//1288 1568//1288
f 1573//1289 1569//1289 1570//1289
f 1561//1290 1562//1290 1590//1290
f 1562//1291 1558//1291 1590//1291
f 1559//1292 1590//1292 1558//1292
f 1590//1293 1560//1293 1561//1293
f 1552//1294 1553//1294 1591//1294
f 1553//1295 1551//1295 1591//1295
f 1548//1296 1591//1296 1551//1296
f 1591//1297 1549//1297 1552//1297
f 1566//1298 1567//1298 1592//1298
f 1567//1299 1565//1299 1593//1299
f 1565//1300 1564//1300 1593//1300
f 1593//1301 1592//1301 1567//1301
f 1566//1302 1593//1302 1564//1302
f 1576//1303 1575//1303 1594//1303
f 1575//1304 1574//1304 1594//1304
f 1578//1305 1594//1305 1574//1305
f 1594//1306 1577//1306 1576//1306
f 1543//1307 1547//1307 1595//1307
f 1547//1308 1546//1308 1596//1308
f 1546//1309 1545//1309 1596//1309
f 1595//1310 1544//1310 1543//1310
f 1544//1311 1596//1311 1545//1311
f 1596//1312 1595//1312 1547//1312
f 1540//1313 1577//1313 1594//1313
f 1577//1314 1540//1314 1592//1314
f 1592//1315 1593//1315 1578//1315
f 1593//1316 1563//1316 1578//1316
f 1594//1317 1563//1317 1540//1317
f 1578//1318 1577//1318 1592//1318
f 1579//1319 1539//1319 1540//1319
f 1539//1320 1579//1320 1588//1320
f 1538//1321 1588//1321 1592//1321
f 1592//1322 1540//1322 1538//1322
f 1538//1323 1539//1323 1588//1323
f 1563//1324 1593//1324 1599//1324
f 1592//1325 1599//1325 1566//1325
f 1593//1326 1566//1326 1599//1326
f 1592//1327 1588//1327 1589//1327
f 1588//1328 1587//1328 1573//1328
f 1588//1329 1573//1329 1589//1329
f 1569//1330 1573//1330 1587//1330
f 1569//1331 1587//1331 1592//1331
f 1585//1332 1599//1332 1598//1332
f 1592//1333 1600//1333 1597//1333
f 1598//1334 1597//1334 1600//1334
f 1597//1335 1599//1335 1592//1335
f 1590//1336 1587//1336 1586//1336
f 1592//1337 1559//1337 1560//1337
f 1592//1338 1587//1338 1559//1338
f 1560//1339 1586//1339 1600//1339
f 1587//1340 1590//1340 1559//1340
f 1560//1341 1590//1341 1586//1341
f 1596//1342 1544//1342 1600//1342
f 1600//1343 1585//1343 1595//1343
f 1598//1344 1544//1344 1595//1344
f 1544//1345 1598//1345 1600//1345
f 1595//1346 1596//1346 1600//1346
f 1586//1347 1542//1347 1591//1347
f 1591//1348 1548//1348 1586//1348
f 1600//1349 1586//1349 1548//1349
f 1591//1350 1542//1350 1600//1350
f 1548//1351 1549//1351 1600//1351
f 1549//1352 1591//1352 1600//1352
f 1585//1353 1600//1353 1542//1353
f 1595//1354 1585//1354 1598//1354
f 1560//1355 1600//1355 1592//1355
f 1589//1356 1569//1356 1592//1356
f 1599//1357 1585//1357 1563//1357
f 1594//1358 1578//1358 1563//1358
f 1554//1359 1556//1359 1598//1359
f 1556//1360 1555//1360 1597//1360
f 1555//1361 1599//1361 1597//1361
f 1598//1362 1599//1362 1554//1362
f 1597//1363 1598//1363 1556//1363
