8.469471e+05 -3.082635e+05 6.846071e+06
8.443551e+05 -3.153835e+05 6.846066e+06
8.417621e+05 -3.225030e+05 6.846054e+06
8.391681e+05 -3.296222e+05 6.846034e+06
8.365731e+05 -3.367410e+05 6.846005e+06
8.339771e+05 -3.438594e+05 6.845968e+06
8.313801e+05 -3.509774e+05 6.845924e+06
8.287821e+05 -3.580949e+05 6.845870e+06
8.261831e+05 -3.652121e+05 6.845809e+06
8.235832e+05 -3.723288e+05 6.845740e+06
8.209823e+05 -3.794450e+05 6.845662e+06
8.183804e+05 -3.865608e+05 6.845576e+06
8.157775e+05 -3.936762e+05 6.845483e+06
8.131737e+05 -4.007911e+05 6.845380e+06
8.105689e+05 -4.079055e+05 6.845270e+06
8.079631e+05 -4.150194e+05 6.845152e+06
8.053564e+05 -4.221329e+05 6.845025e+06
8.027487e+05 -4.292458e+05 6.844891e+06
8.001401e+05 -4.363583e+05 6.844748e+06
7.975305e+05 -4.434702e+05 6.844597e+06
7.949200e+05 -4.505816e+05 6.844437e+06
7.923086e+05 -4.576924e+05 6.844270e+06
7.896961e+05 -4.648028e+05 6.844094e+06
7.870828e+05 -4.719125e+05 6.843911e+06
7.844685e+05 -4.790217e+05 6.843719e+06
7.818533e+05 -4.861304e+05 6.843519e+06
7.792372e+05 -4.932384e+05 6.843310e+06
7.766201e+05 -5.003459e+05 6.843094e+06
7.740021e+05 -5.074528e+05 6.842870e+06
7.713832e+05 -5.145591e+05 6.842637e+06
7.687634e+05 -5.216648e+05 6.842396e+06
7.661427e+05 -5.287699e+05 6.842147e+06
7.635210e+05 -5.358743e+05 6.841890e+06
7.608985e+05 -5.429781e+05 6.841624e+06
7.582750e+05 -5.500813e+05 6.841351e+06
7.556507e+05 -5.571838e+05 6.841069e+06
7.530254e+05 -5.642857e+05 6.840779e+06
7.503993e+05 -5.713869e+05 6.840481e+06
7.477723e+05 -5.784874e+05 6.840175e+06
7.451443e+05 -5.855872e+05 6.839861e+06
7.425155e+05 -5.926864e+05 6.839538e+06
7.398858e+05 -5.997848e+05 6.839208e+06
7.372553e+05 -6.068825e+05 6.838869e+06
7.346238e+05 -6.139796e+05 6.838522e+06
7.319915e+05 -6.210758e+05 6.838167e+06
7.293583e+05 -6.281714e+05 6.837804e+06
7.267243e+05 -6.352662e+05 6.837432e+06
7.240894e+05 -6.423603e+05 6.837053e+06
7.214536e+05 -6.494536e+05 6.836665e+06
7.188170e+05 -6.565461e+05 6.836269e+06
7.161795e+05 -6.636379e+05 6.835865e+06
7.135411e+05 -6.707289e+05 6.835453e+06
7.109019e+05 -6.778191e+05 6.835032e+06
7.082619e+05 -6.849084e+05 6.834604e+06
7.056210e+05 -6.919970e+05 6.834167e+06
7.029793e+05 -6.990848e+05 6.833722e+06
7.003368e+05 -7.061717e+05 6.833269e+06
6.976934e+05 -7.132578e+05 6.832808e+06
6.950492e+05 -7.203431e+05 6.832339e+06
6.924042e+05 -7.274275e+05 6.831862e+06
6.897583e+05 -7.345110e+05 6.831376e+06
6.871116e+05 -7.415937e+05 6.830882e+06
6.844641e+05 -7.486755e+05 6.830380e+06
6.818158e+05 -7.557565e+05 6.829870e+06
6.791667e+05 -7.628365e+05 6.829352e+06
6.765168e+05 -7.699156e+05 6.828826e+06
6.738661e+05 -7.769938e+05 6.828291e+06
6.712145e+05 -7.840711e+05 6.827749e+06
6.685622e+05 -7.911475e+05 6.827198e+06
6.659091e+05 -7.982230e+05 6.826639e+06
6.632552e+05 -8.052975e+05 6.826072e+06
6.606005e+05 -8.123710e+05 6.825497e+06
6.579450e+05 -8.194436e+05 6.824914e+06
6.552887e+05 -8.265152e+05 6.824322e+06
6.526317e+05 -8.335859e+05 6.823723e+06
6.499738e+05 -8.406556e+05 6.823115e+06
6.473152e+05 -8.477242e+05 6.822499e+06
6.446559e+05 -8.547919e+05 6.821875e+06
6.419957e+05 -8.618586e+05 6.821243e+06
6.393348e+05 -8.689242e+05 6.820602e+06
6.366732e+05 -8.759889e+05 6.819954e+06
6.340107e+05 -8.830524e+05 6.819297e+06
6.313476e+05 -8.901150e+05 6.818633e+06
6.286836e+05 -8.971765e+05 6.817960e+06
6.260190e+05 -9.042369e+05 6.817279e+06
6.233536e+05 -9.112963e+05 6.816590e+06
6.206874e+05 -9.183546e+05 6.815892e+06
6.180205e+05 -9.254118e+05 6.815187e+06
6.153529e+05 -9.324679e+05 6.814473e+06
6.126845e+05 -9.395230e+05 6.813752e+06
6.100154e+05 -9.465769e+05 6.813022e+06
6.073456e+05 -9.536297e+05 6.812284e+06
6.046750e+05 -9.606813e+05 6.811538e+06
6.020038e+05 -9.677319e+05 6.810784e+06
5.993318e+05 -9.747813e+05 6.810022e+06
5.966591e+05 -9.818295e+05 6.809251e+06
5.939857e+05 -9.888766e+05 6.808473e+06
5.913116e+05 -9.959225e+05 6.807686e+06
5.886368e+05 -1.002967e+06 6.806891e+06
5.859613e+05 -1.010011e+06 6.806088e+06
5.832850e+05 -1.017053e+06 6.805277e+06
5.806081e+05 -1.024094e+06 6.804458e+06
5.779305e+05 -1.031134e+06 6.803631e+06
5.752522e+05 -1.038173e+06 6.802795e+06
5.725733e+05 -1.045211e+06 6.801952e+06
5.698936e+05 -1.052247e+06 6.801100e+06
5.672133e+05 -1.059282e+06 6.800241e+06
5.645323e+05 -1.066316e+06 6.799373e+06
5.618506e+05 -1.073348e+06 6.798497e+06
5.591682e+05 -1.080380e+06 6.797613e+06
5.564852e+05 -1.087410e+06 6.796720e+06
5.538015e+05 -1.094438e+06 6.795820e+06
5.511172e+05 -1.101466e+06 6.794912e+06
5.484322e+05 -1.108492e+06 6.793995e+06
5.457465e+05 -1.115517e+06 6.793071e+06
5.430602e+05 -1.122540e+06 6.792138e+06
5.403733e+05 -1.129562e+06 6.791197e+06
5.376857e+05 -1.136583e+06 6.790248e+06
5.349974e+05 -1.143603e+06 6.789291e+06
5.323086e+05 -1.150621e+06 6.788326e+06
5.296191e+05 -1.157638e+06 6.787353e+06
5.269289e+05 -1.164653e+06 6.786371e+06
5.242382e+05 -1.171667e+06 6.785382e+06
5.215468e+05 -1.178680e+06 6.784384e+06
5.188547e+05 -1.185691e+06 6.783379e+06
5.161621e+05 -1.192701e+06 6.782365e+06
5.134689e+05 -1.199710e+06 6.781343e+06
5.107750e+05 -1.206717e+06 6.780313e+06
5.080805e+05 -1.213722e+06 6.779275e+06
5.053854e+05 -1.220726e+06 6.778229e+06
5.026898e+05 -1.227729e+06 6.777175e+06
4.999935e+05 -1.234731e+06 6.776113e+06
4.972966e+05 -1.241730e+06 6.775042e+06
4.945991e+05 -1.248729e+06 6.773964e+06
4.919011e+05 -1.255726e+06 6.772877e+06
4.892024e+05 -1.262721e+06 6.771783e+06
4.865032e+05 -1.269715e+06 6.770680e+06
4.838034e+05 -1.276708e+06 6.769569e+06
4.811030e+05 -1.283699e+06 6.768450e+06
4.784020e+05 -1.290688e+06 6.767323e+06
4.757005e+05 -1.297676e+06 6.766188e+06
4.729984e+05 -1.304662e+06 6.765045e+06
4.702957e+05 -1.311647e+06 6.763894e+06
4.675925e+05 -1.318631e+06 6.762735e+06
4.648887e+05 -1.325612e+06 6.761568e+06
4.621843e+05 -1.332592e+06 6.760392e+06
4.594794e+05 -1.339571e+06 6.759209e+06
4.567740e+05 -1.346548e+06 6.758017e+06
4.540680e+05 -1.353524e+06 6.756818e+06
4.513614e+05 -1.360497e+06 6.755610e+06
4.486544e+05 -1.367470e+06 6.754394e+06
4.459467e+05 -1.374440e+06 6.753171e+06
4.432386e+05 -1.381409e+06 6.751939e+06
4.405299e+05 -1.388377e+06 6.750699e+06
4.378207e+05 -1.395343e+06 6.749451e+06
4.351110e+05 -1.402307e+06 6.748195e+06
4.324007e+05 -1.409269e+06 6.746931e+06
4.296900e+05 -1.416230e+06 6.745659e+06
4.269787e+05 -1.423189e+06 6.744379e+06
4.242669e+05 -1.430146e+06 6.743090e+06
4.215546e+05 -1.437102e+06 6.741794e+06
4.188418e+05 -1.444056e+06 6.740490e+06
4.161285e+05 -1.451009e+06 6.739177e+06
4.134147e+05 -1.457959e+06 6.737857e+06
4.107004e+05 -1.464908e+06 6.736529e+06
4.079856e+05 -1.471855e+06 6.735192e+06
4.052703e+05 -1.478801e+06 6.733847e+06
4.025546e+05 -1.485745e+06 6.732495e+06
3.998383e+05 -1.492687e+06 6.731134e+06
3.971216e+05 -1.499627e+06 6.729766e+06
3.944044e+05 -1.506565e+06 6.728389e+06
3.916867e+05 -1.513502e+06 6.727004e+06
3.889686e+05 -1.520437e+06 6.725612e+06
3.862500e+05 -1.527370e+06 6.724211e+06
3.835309e+05 -1.534301e+06 6.722802e+06
3.808114e+05 -1.541231e+06 6.721385e+06
3.780914e+05 -1.548158e+06 6.719960e+06
3.753710e+05 -1.555084e+06 6.718527e+06
3.726501e+05 -1.562008e+06 6.717087e+06
3.699287e+05 -1.568930e+06 6.715638e+06
3.672070e+05 -1.575851e+06 6.714181e+06
3.644847e+05 -1.582769e+06 6.712716e+06
3.617621e+05 -1.589686e+06 6.711243e+06
3.590390e+05 -1.596600e+06 6.709762e+06
3.563155e+05 -1.603513e+06 6.708273e+06
3.535915e+05 -1.610424e+06 6.706776e+06
3.508671e+05 -1.617333e+06 6.705271e+06
3.481423e+05 -1.624240e+06 6.703758e+06
3.454171e+05 -1.631145e+06 6.702237e+06
3.426915e+05 -1.638049e+06 6.700708e+06
3.399655e+05 -1.644950e+06 6.699171e+06
3.372390e+05 -1.651849e+06 6.697626e+06
3.345122e+05 -1.658747e+06 6.696073e+06
3.317849e+05 -1.665642e+06 6.694512e+06
3.290572e+05 -1.672536e+06 6.692943e+06
3.263292e+05 -1.679428e+06 6.691366e+06
3.236007e+05 -1.686317e+06 6.689781e+06
3.208719e+05 -1.693205e+06 6.688188e+06
3.181427e+05 -1.700090e+06 6.686587e+06
3.154131e+05 -1.706974e+06 6.684978e+06
3.126831e+05 -1.713856e+06 6.683361e+06
3.099527e+05 -1.720735e+06 6.681736e+06
3.072220e+05 -1.727613e+06 6.680103e+06
3.044909e+05 -1.734488e+06 6.678462e+06
3.017594e+05 -1.741362e+06 6.676814e+06
2.990276e+05 -1.748233e+06 6.675157e+06
2.962954e+05 -1.755102e+06 6.673492e+06
2.935629e+05 -1.761970e+06 6.671819e+06
2.908300e+05 -1.768835e+06 6.670139e+06
2.880967e+05 -1.775698e+06 6.668450e+06
2.853631e+05 -1.782559e+06 6.666753e+06
2.826292e+05 -1.789418e+06 6.665049e+06
2.798949e+05 -1.796275e+06 6.663336e+06
2.771603e+05 -1.803129e+06 6.661616e+06
2.744253e+05 -1.809982e+06 6.659887e+06
2.716900e+05 -1.816832e+06 6.658151e+06
2.689544e+05 -1.823681e+06 6.656406e+06
2.662184e+05 -1.830527e+06 6.654654e+06
2.634822e+05 -1.837371e+06 6.652894e+06
2.607456e+05 -1.844212e+06 6.651125e+06
2.580087e+05 -1.851052e+06 6.649349e+06
2.552715e+05 -1.857889e+06 6.647565e+06
2.525340e+05 -1.864725e+06 6.645773e+06
2.497961e+05 -1.871558e+06 6.643973e+06
2.470580e+05 -1.878389e+06 6.642165e+06
2.443196e+05 -1.885217e+06 6.640349e+06
2.415809e+05 -1.892044e+06 6.638525e+06
2.388418e+05 -1.898868e+06 6.636694e+06
2.361025e+05 -1.905690e+06 6.634854e+06
2.333629e+05 -1.912509e+06 6.633006e+06
2.306231e+05 -1.919327e+06 6.631151e+06
2.278829e+05 -1.926142e+06 6.629288e+06
2.251425e+05 -1.932955e+06 6.627416e+06
2.224018e+05 -1.939765e+06 6.625537e+06
2.196608e+05 -1.946574e+06 6.623650e+06
2.169196e+05 -1.953380e+06 6.621755e+06
2.141781e+05 -1.960184e+06 6.619852e+06
2.114363e+05 -1.966985e+06 6.617941e+06
2.086943e+05 -1.973784e+06 6.616022e+06
2.059520e+05 -1.980581e+06 6.614095e+06
2.032095e+05 -1.987375e+06 6.612161e+06
2.004667e+05 -1.994167e+06 6.610218e+06
1.977237e+05 -2.000957e+06 6.608268e+06
1.949804e+05 -2.007744e+06 6.606309e+06
1.922369e+05 -2.014529e+06 6.604343e+06
1.894932e+05 -2.021312e+06 6.602369e+06
1.867492e+05 -2.028092e+06 6.600387e+06
1.840050e+05 -2.034870e+06 6.598397e+06
1.812606e+05 -2.041646e+06 6.596399e+06
1.785160e+05 -2.048419e+06 6.594394e+06
1.757711e+05 -2.055189e+06 6.592380e+06
1.730261e+05 -2.061957e+06 6.590359e+06
1.702808e+05 -2.068723e+06 6.588330e+06
1.675353e+05 -2.075486e+06 6.586292e+06
1.647896e+05 -2.082247e+06 6.584247e+06
1.620437e+05 -2.089006e+06 6.582195e+06
1.592976e+05 -2.095762e+06 6.580134e+06
1.565513e+05 -2.102515e+06 6.578065e+06
1.538048e+05 -2.109266e+06 6.575989e+06
1.510581e+05 -2.116015e+06 6.573904e+06
1.483113e+05 -2.122761e+06 6.571812e+06
1.455642e+05 -2.129504e+06 6.569712e+06
1.428170e+05 -2.136245e+06 6.567604e+06
1.400696e+05 -2.142984e+06 6.565489e+06
1.373220e+05 -2.149720e+06 6.563365e+06
1.345743e+05 -2.156453e+06 6.561234e+06
1.318264e+05 -2.163184e+06 6.559094e+06
1.290783e+05 -2.169912e+06 6.556947e+06
1.263301e+05 -2.176638e+06 6.554792e+06
1.235817e+05 -2.183361e+06 6.552629e+06
1.208331e+05 -2.190082e+06 6.550459e+06
1.180844e+05 -2.196800e+06 6.548280e+06
1.153356e+05 -2.203515e+06 6.546094e+06
1.125866e+05 -2.210228e+06 6.543900e+06
1.098375e+05 -2.216938e+06 6.541698e+06
1.070882e+05 -2.223646e+06 6.539488e+06
1.043388e+05 -2.230351e+06 6.537271e+06
1.015893e+05 -2.237053e+06 6.535045e+06
9.883963e+04 -2.243753e+06 6.532812e+06
9.608985e+04 -2.250450e+06 6.530571e+06
9.333994e+04 -2.257144e+06 6.528323e+06
9.058992e+04 -2.263836e+06 6.526066e+06
8.783979e+04 -2.270525e+06 6.523802e+06
8.508954e+04 -2.277211e+06 6.521529e+06
8.233918e+04 -2.283895e+06 6.519249e+06
7.958872e+04 -2.290576e+06 6.516962e+06
7.683816e+04 -2.297254e+06 6.514666e+06
7.408750e+04 -2.303930e+06 6.512363e+06
7.133675e+04 -2.310603e+06 6.510052e+06
6.858590e+04 -2.317273e+06 6.507733e+06
6.583496e+04 -2.323940e+06 6.505406e+06
6.308394e+04 -2.330605e+06 6.503071e+06
6.033283e+04 -2.337267e+06 6.500729e+06
5.758165e+04 -2.343926e+06 6.498379e+06
5.483039e+04 -2.350583e+06 6.496021e+06
5.207906e+04 -2.357236e+06 6.493656e+06
4.932766e+04 -2.363887e+06 6.491282e+06
4.657619e+04 -2.370535e+06 6.488901e+06
4.382466e+04 -2.377180e+06 6.486512e+06
4.107307e+04 -2.383823e+06 6.484116e+06
3.832142e+04 -2.390462e+06 6.481712e+06
3.556972e+04 -2.397099e+06 6.479299e+06
3.281797e+04 -2.403733e+06 6.476880e+06
3.006618e+04 -2.410364e+06 6.474452e+06
2.731434e+04 -2.416993e+06 6.472017e+06
2.456246e+04 -2.423618e+06 6.469574e+06
2.181054e+04 -2.430241e+06 6.467123e+06
1.905859e+04 -2.436860e+06 6.464664e+06
1.630661e+04 -2.443477e+06 6.462198e+06
1.355460e+04 -2.450091e+06 6.459724e+06
1.080257e+04 -2.456702e+06 6.457242e+06
8.050521e+03 -2.463310e+06 6.454753e+06
5.298452e+03 -2.469916e+06 6.452255e+06
2.546369e+03 -2.476518e+06 6.449751e+06
-2.057251e+02 -2.483117e+06 6.447238e+06
-2.957827e+03 -2.489714e+06 6.444718e+06
-5.709933e+03 -2.496307e+06 6.442190e+06
-8.462040e+03 -2.502898e+06 6.439654e+06
-1.121415e+04 -2.509486e+06 6.437110e+06
-1.396625e+04 -2.516070e+06 6.434559e+06
-1.671834e+04 -2.522652e+06 6.432000e+06
-1.947042e+04 -2.529231e+06 6.429434e+06
-2.222248e+04 -2.535806e+06 6.426860e+06
-2.497453e+04 -2.542379e+06 6.424278e+06
-2.772655e+04 -2.548949e+06 6.421688e+06
-3.047855e+04 -2.555516e+06 6.419091e+06
-3.323052e+04 -2.562079e+06 6.416486e+06
-3.598246e+04 -2.568640e+06 6.413873e+06
-3.873436e+04 -2.575198e+06 6.411253e+06
-4.148623e+04 -2.581752e+06 6.408625e+06
-4.423806e+04 -2.588304e+06 6.405990e+06
-4.698984e+04 -2.594852e+06 6.403346e+06
-4.974157e+04 -2.601398e+06 6.400695e+06
-5.249326e+04 -2.607940e+06 6.398037e+06
-5.524489e+04 -2.614479e+06 6.395370e+06
-5.799646e+04 -2.621016e+06 6.392697e+06
-6.074797e+04 -2.627549e+06 6.390015e+06
-6.349942e+04 -2.634079e+06 6.387326e+06
-6.625080e+04 -2.640606e+06 6.384629e+06
-6.900211e+04 -2.647129e+06 6.381924e+06
-7.175334e+04 -2.653650e+06 6.379212e+06
-7.450450e+04 -2.660168e+06 6.376493e+06
-7.725558e+04 -2.666682e+06 6.373765e+06
-8.000658e+04 -2.673193e+06 6.371030e+06
-8.275748e+04 -2.679701e+06 6.368288e+06
-8.550830e+04 -2.686206e+06 6.365537e+06
-8.825903e+04 -2.692708e+06 6.362779e+06
-9.100966e+04 -2.699206e+06 6.360014e+06
-9.376019e+04 -2.705702e+06 6.357241e+06
-9.651062e+04 -2.712194e+06 6.354460e+06
-9.926094e+04 -2.718683e+06 6.351672e+06
-1.020111e+05 -2.725169e+06 6.348876e+06
-1.047612e+05 -2.731651e+06 6.346072e+06
-1.075112e+05 -2.738130e+06 6.343261e+06
-1.102611e+05 -2.744607e+06 6.340443e+06
-1.130108e+05 -2.751079e+06 6.337616e+06
-1.157604e+05 -2.757549e+06 6.334782e+06
-1.185099e+05 -2.764015e+06 6.331941e+06
-1.212593e+05 -2.770478e+06 6.329092e+06
-1.240085e+05 -2.776938e+06 6.326235e+06
-1.267576e+05 -2.783395e+06 6.323371e+06
-1.295065e+05 -2.789848e+06 6.320499e+06
-1.322553e+05 -2.796298e+06 6.317620e+06
-1.350040e+05 -2.802744e+06 6.314733e+06
-1.377525e+05 -2.809188e+06 6.311839e+06
-1.405008e+05 -2.815628e+06 6.308937e+06
-1.432490e+05 -2.822064e+06 6.306027e+06
-1.459970e+05 -2.828498e+06 6.303110e+06
-1.487449e+05 -2.834928e+06 6.300186e+06
-1.514925e+05 -2.841354e+06 6.297253e+06
-1.542401e+05 -2.847777e+06 6.294314e+06
-1.569874e+05 -2.854197e+06 6.291367e+06
-1.597346e+05 -2.860614e+06 6.288412e+06
-1.624815e+05 -2.867027e+06 6.285449e+06
-1.652283e+05 -2.873437e+06 6.282480e+06
-1.679749e+05 -2.879843e+06 6.279502e+06
-1.707214e+05 -2.886246e+06 6.276517e+06
-1.734676e+05 -2.892646e+06 6.273525e+06
-1.762136e+05 -2.899042e+06 6.270525e+06
-1.789595e+05 -2.905435e+06 6.267518e+06
-1.817051e+05 -2.911824e+06 6.264503e+06
-1.844505e+05 -2.918210e+06 6.261480e+06
-1.871957e+05 -2.924592e+06 6.258451e+06
-1.899407e+05 -2.930971e+06 6.255413e+06
-1.926855e+05 -2.937346e+06 6.252368e+06
-1.954300e+05 -2.943718e+06 6.249316e+06
-1.981744e+05 -2.950087e+06 6.246256e+06
-2.009185e+05 -2.956452e+06 6.243189e+06
-2.036624e+05 -2.962814e+06 6.240114e+06
-2.064060e+05 -2.969172e+06 6.237032e+06
-2.091494e+05 -2.975526e+06 6.233942e+06
-2.118926e+05 -2.981877e+06 6.230845e+06
-2.146355e+05 -2.988225e+06 6.227740e+06
-2.173782e+05 -2.994569e+06 6.224628e+06
-2.201206e+05 -3.000909e+06 6.221508e+06
-2.228628e+05 -3.007246e+06 6.218381e+06
-2.256047e+05 -3.013579e+06 6.215247e+06
-2.283464e+05 -3.019909e+06 6.212105e+06
-2.310878e+05 -3.026235e+06 6.208955e+06
-2.338289e+05 -3.032558e+06 6.205799e+06
-2.365698e+05 -3.038877e+06 6.202634e+06
-2.393104e+05 -3.045192e+06 6.199463e+06
-2.420507e+05 -3.051504e+06 6.196284e+06
-2.447908e+05 -3.057812e+06 6.193097e+06
-2.475305e+05 -3.064117e+06 6.189903e+06
-2.502700e+05 -3.070418e+06 6.186702e+06
-2.530092e+05 -3.076715e+06 6.183493e+06
-2.557481e+05 -3.083009e+06 6.180277e+06
-2.584867e+05 -3.089299e+06 6.177053e+06
-2.612250e+05 -3.095585e+06 6.173822e+06
-2.639630e+05 -3.101868e+06 6.170584e+06
-2.667007e+05 -3.108147e+06 6.167338e+06
-2.694381e+05 -3.114423e+06 6.164085e+06
-2.721752e+05 -3.120694e+06 6.160825e+06
-2.749119e+05 -3.126962e+06 6.157557e+06
-2.776484e+05 -3.133227e+06 6.154281e+06
-2.803845e+05 -3.139487e+06 6.150999e+06
-2.831203e+05 -3.145744e+06 6.147709e+06
-2.858558e+05 -3.151997e+06 6.144411e+06
-2.885909e+05 -3.158247e+06 6.141107e+06
-2.913258e+05 -3.164493e+06 6.137794e+06
-2.940602e+05 -3.170735e+06 6.134475e+06
-2.967944e+05 -3.176973e+06 6.131148e+06
-2.995282e+05 -3.183207e+06 6.127814e+06
-3.022616e+05 -3.189438e+06 6.124472e+06
-3.049947e+05 -3.195665e+06 6.121124e+06
-3.077275e+05 -3.201888e+06 6.117767e+06
-3.104599e+05 -3.208108e+06 6.114404e+06
-3.131919e+05 -3.214323e+06 6.111033e+06
-3.159235e+05 -3.220535e+06 6.107655e+06
-3.186548e+05 -3.226743e+06 6.104269e+06
-3.213858e+05 -3.232947e+06 6.100877e+06
-3.241163e+05 -3.239147e+06 6.097476e+06
-3.268465e+05 -3.245344e+06 6.094069e+06
-3.295763e+05 -3.251537e+06 6.090654e+06
-3.323057e+05 -3.257725e+06 6.087232e+06
-3.350348e+05 -3.263910e+06 6.083803e+06
-3.377634e+05 -3.270092e+06 6.080366e+06
-3.404917e+05 -3.276269e+06 6.076922e+06
-3.432196e+05 -3.282442e+06 6.073471e+06
-3.459470e+05 -3.288612e+06 6.070013e+06
-3.486741e+05 -3.294777e+06 6.066547e+06
-3.514007e+05 -3.300939e+06 6.063074e+06
-3.541270e+05 -3.307097e+06 6.059594e+06
-3.568528e+05 -3.313251e+06 6.056106e+06
-3.595782e+05 -3.319401e+06 6.052611e+06
-3.623033e+05 -3.325547e+06 6.049109e+06
-3.650278e+05 -3.331689e+06 6.045600e+06
-3.677520e+05 -3.337827e+06 6.042083e+06
-3.704757e+05 -3.343961e+06 6.038560e+06
-3.731990e+05 -3.350091e+06 6.035028e+06
-3.759219e+05 -3.356218e+06 6.031490e+06
-3.786443e+05 -3.362340e+06 6.027945e+06
-3.813663e+05 -3.368458e+06 6.024392e+06
-3.840879e+05 -3.374573e+06 6.020832e+06
-3.868090e+05 -3.380683e+06 6.017265e+06
-3.895296e+05 -3.386789e+06 6.013690e+06
-3.922498e+05 -3.392892e+06 6.010109e+06
-3.949696e+05 -3.398990e+06 6.006520e+06
-3.976888e+05 -3.405084e+06 6.002924e+06
-4.004076e+05 -3.411175e+06 5.999321e+06
-4.031260e+05 -3.417261e+06 5.995710e+06
-4.058439e+05 -3.423343e+06 5.992093e+06
-4.085613e+05 -3.429421e+06 5.988468e+06
-4.112782e+05 -3.435495e+06 5.984836e+06
-4.139947e+05 -3.441565e+06 5.981197e+06
-4.167106e+05 -3.447631e+06 5.977550e+06
-4.194261e+05 -3.453693e+06 5.973897e+06
-4.221411e+05 -3.459751e+06 5.970236e+06
-4.248556e+05 -3.465805e+06 5.966568e+06
-4.275696e+05 -3.471854e+06 5.962893e+06
-4.302832e+05 -3.477900e+06 5.959211e+06
-4.329962e+05 -3.483941e+06 5.955522e+06
-4.357087e+05 -3.489978e+06 5.951826e+06
-4.384207e+05 -3.496011e+06 5.948122e+06
-4.411322e+05 -3.502040e+06 5.944411e+06
-4.438431e+05 -3.508065e+06 5.940694e+06
-4.465536e+05 -3.514086e+06 5.936969e+06
-4.492635e+05 -3.520102e+06 5.933237e+06
-4.519729e+05 -3.526115e+06 5.929497e+06
-4.546818e+05 -3.532123e+06 5.925751e+06
-4.573901e+05 -3.538127e+06 5.921998e+06
-4.600980e+05 -3.544126e+06 5.918237e+06
-4.628052e+05 -3.550122e+06 5.914470e+06
-4.655120e+05 -3.556113e+06 5.910695e+06
-4.682182e+05 -3.562101e+06 5.906913e+06
-4.709238e+05 -3.568084e+06 5.903124e+06
-4.736289e+05 -3.574062e+06 5.899328e+06
-4.763335e+05 -3.580037e+06 5.895525e+06
-4.790374e+05 -3.586007e+06 5.891715e+06
-4.817409e+05 -3.591973e+06 5.887898e+06
-4.844437e+05 -3.597935e+06 5.884074e+06
-4.871460e+05 -3.603892e+06 5.880242e+06
-4.898478e+05 -3.609846e+06 5.876404e+06
-4.925489e+05 -3.615795e+06 5.872558e+06
-4.952495e+05 -3.621739e+06 5.868706e+06
-4.979495e+05 -3.627680e+06 5.864846e+06
-5.006489e+05 -3.633616e+06 5.860980e+06
-5.033477e+05 -3.639547e+06 5.857106e+06
-5.060460e+05 -3.645475e+06 5.853226e+06
-5.087436e+05 -3.651398e+06 5.849338e+06
-5.114407e+05 -3.657317e+06 5.845443e+06
-5.141372e+05 -3.663231e+06 5.841542e+06
-5.168330e+05 -3.669142e+06 5.837633e+06
-5.195283e+05 -3.675047e+06 5.833717e+06
-5.222229e+05 -3.680949e+06 5.829795e+06
-5.249170e+05 -3.686846e+06 5.825865e+06
-5.276104e+05 -3.692739e+06 5.821928e+06
-5.303032e+05 -3.698627e+06 5.817984e+06
-5.329954e+05 -3.704511e+06 5.814034e+06
-5.356869e+05 -3.710391e+06 5.810076e+06
-5.383779e+05 -3.716266e+06 5.806112e+06
-5.410682e+05 -3.722137e+06 5.802140e+06
-5.437578e+05 -3.728003e+06 5.798161e+06
-5.464469e+05 -3.733865e+06 5.794176e+06
-5.491352e+05 -3.739723e+06 5.790183e+06
-5.518230e+05 -3.745576e+06 5.786184e+06
-5.545101e+05 -3.751424e+06 5.782178e+06
-5.571965e+05 -3.757269e+06 5.778164e+06
-5.598823e+05 -3.763108e+06 5.774144e+06
-5.625675e+05 -3.768944e+06 5.770117e+06
-5.652520e+05 -3.774775e+06 5.766083e+06
-5.679358e+05 -3.780601e+06 5.762042e+06
-5.706189e+05 -3.786423e+06 5.757994e+06
-5.733014e+05 -3.792240e+06 5.753939e+06
-5.759833e+05 -3.798053e+06 5.749877e+06
-5.786644e+05 -3.803862e+06 5.745808e+06
-5.813449e+05 -3.809666e+06 5.741733e+06
-5.840246e+05 -3.815465e+06 5.737650e+06
-5.867037e+05 -3.821260e+06 5.733561e+06
-5.893821e+05 -3.827050e+06 5.729465e+06
-5.920599e+05 -3.832836e+06 5.725362e+06
-5.947369e+05 -3.838617e+06 5.721252e+06
-5.974132e+05 -3.844394e+06 5.717135e+06
-6.000888e+05 -3.850166e+06 5.713011e+06
-6.027637e+05 -3.855934e+06 5.708880e+06
-6.054380e+05 -3.861697e+06 5.704743e+06
-6.081115e+05 -3.867455e+06 5.700599e+06
-6.107842e+05 -3.873209e+06 5.696447e+06
-6.134563e+05 -3.878958e+06 5.692289e+06
-6.161277e+05 -3.884703e+06 5.688125e+06
-6.187983e+05 -3.890443e+06 5.683953e+06
-6.214682e+05 -3.896179e+06 5.679774e+06
-6.241374e+05 -3.901909e+06 5.675589e+06
-6.268058e+05 -3.907636e+06 5.671397e+06
-6.294735e+05 -3.913357e+06 5.667198e+06
-6.321405e+05 -3.919074e+06 5.662992e+06
-6.348067e+05 -3.924786e+06 5.658780e+06
-6.374722e+05 -3.930494e+06 5.654560e+06
-6.401369e+05 -3.936197e+06 5.650334e+06
-6.428009e+05 -3.941895e+06 5.646101e+06
-6.454641e+05 -3.947589e+06 5.641861e+06
-6.481266e+05 -3.953278e+06 5.637615e+06
-6.507883e+05 -3.958962e+06 5.633362e+06
-6.534492e+05 -3.964642e+06 5.629102e+06
-6.561094e+05 -3.970317e+06 5.624835e+06
-6.587688e+05 -3.975987e+06 5.620561e+06
-6.614275e+05 -3.981652e+06 5.616281e+06
-6.640853e+05 -3.987313e+06 5.611994e+06
-6.667424e+05 -3.992969e+06 5.607700e+06
-6.693987e+05 -3.998620e+06 5.603399e+06
-6.720542e+05 -4.004267e+06 5.599092e+06
-6.747089e+05 -4.009909e+06 5.594778e+06
-6.773628e+05 -4.015546e+06 5.590457e+06
-6.800159e+05 -4.021178e+06 5.586130e+06
-6.826682e+05 -4.026805e+06 5.581796e+06
-6.853198e+05 -4.032428e+06 5.577455e+06
-6.879705e+05 -4.038046e+06 5.573107e+06
-6.906204e+05 -4.043659e+06 5.568753e+06
-6.932695e+05 -4.049268e+06 5.564392e+06
-6.959178e+05 -4.054871e+06 5.560024e+06
-6.985652e+05 -4.060470e+06 5.555650e+06
-7.012119e+05 -4.066064e+06 5.551269e+06
-7.038577e+05 -4.071653e+06 5.546881e+06
-7.065027e+05 -4.077237e+06 5.542487e+06
-7.091468e+05 -4.082817e+06 5.538086e+06
-7.117901e+05 -4.088391e+06 5.533678e+06
-7.144326e+05 -4.093961e+06 5.529264e+06
-7.170743e+05 -4.099526e+06 5.524843e+06
-7.197151e+05 -4.105086e+06 5.520415e+06
-7.223550e+05 -4.110641e+06 5.515981e+06
-7.249941e+05 -4.116191e+06 5.511540e+06
-7.276324e+05 -4.121737e+06 5.507092e+06
-7.302698e+05 -4.127277e+06 5.502638e+06
-7.329063e+05 -4.132813e+06 5.498177e+06
-7.355420e+05 -4.138343e+06 5.493710e+06
-7.381768e+05 -4.143869e+06 5.489236e+06
-7.408107e+05 -4.149390e+06 5.484755e+06
-7.434438e+05 -4.154906e+06 5.480268e+06
-7.460760e+05 -4.160417e+06 5.475774e+06
-7.487073e+05 -4.165923e+06 5.471274e+06
-7.513378e+05 -4.171424e+06 5.466767e+06
-7.539673e+05 -4.176920e+06 5.462253e+06
-7.565960e+05 -4.182412e+06 5.457733e+06
-7.592237e+05 -4.187898e+06 5.453207e+06
-7.618506e+05 -4.193379e+06 5.448673e+06
-7.644766e+05 -4.198855e+06 5.444134e+06
-7.671017e+05 -4.204327e+06 5.439587e+06
-7.697258e+05 -4.209793e+06 5.435035e+06
-7.723491e+05 -4.215254e+06 5.430475e+06
-7.749715e+05 -4.220711e+06 5.425909e+06
-7.775929e+05 -4.226162e+06 5.421337e+06
-7.802134e+05 -4.231608e+06 5.416758e+06
-7.828331e+05 -4.237050e+06 5.412172e+06
-7.854517e+05 -4.242486e+06 5.407580e+06
-7.880695e+05 -4.247917e+06 5.402982e+06
-7.906863e+05 -4.253343e+06 5.398377e+06
-7.933023e+05 -4.258765e+06 5.393765e+06
-7.959172e+05 -4.264181e+06 5.389147e+06
-7.985313e+05 -4.269592e+06 5.384523e+06
-8.011443e+05 -4.274998e+06 5.379892e+06
-8.037565e+05 -4.280398e+06 5.375255e+06
-8.063677e+05 -4.285794e+06 5.370611e+06
-8.089779e+05 -4.291185e+06 5.365960e+06
-8.115872e+05 -4.296571e+06 5.361303e+06
-8.141956e+05 -4.301951e+06 5.356640e+06
-8.168030e+05 -4.307326e+06 5.351971e+06
-8.194094e+05 -4.312697e+06 5.347294e+06
-8.220148e+05 -4.318062e+06 5.342612e+06
-8.246193e+05 -4.323422e+06 5.337923e+06
-8.272228e+05 -4.328777e+06 5.333227e+06
-8.298253e+05 -4.334127e+06 5.328525e+06
-8.324269e+05 -4.339471e+06 5.323817e+06
-8.350275e+05 -4.344811e+06 5.319103e+06
-8.376271e+05 -4.350145e+06 5.314382e+06
-8.402257e+05 -4.355474e+06 5.309654e+06
-8.428233e+05 -4.360798e+06 5.304920e+06
-8.454199e+05 -4.366117e+06 5.300180e+06
-8.480155e+05 -4.371430e+06 5.295433e+06
-8.506101e+05 -4.376739e+06 5.290680e+06
-8.532037e+05 -4.382042e+06 5.285921e+06
-8.557964e+05 -4.387340e+06 5.281155e+06
-8.583880e+05 -4.392633e+06 5.276383e+06
-8.609785e+05 -4.397920e+06 5.271605e+06
-8.635681e+05 -4.403203e+06 5.266820e+06
-8.661567e+05 -4.408480e+06 5.262029e+06
-8.687442e+05 -4.413752e+06 5.257231e+06
-8.713307e+05 -4.419018e+06 5.252428e+06
-8.739162e+05 -4.424280e+06 5.247618e+06
-8.765006e+05 -4.429536e+06 5.242801e+06
-8.790840e+05 -4.434787e+06 5.237978e+06
-8.816664e+05 -4.440032e+06 5.233149e+06
-8.842477e+05 -4.445273e+06 5.228314e+06
-8.868280e+05 -4.450508e+06 5.223472e+06
-8.894073e+05 -4.455737e+06 5.218624e+06
-8.919855e+05 -4.460962e+06 5.213770e+06
-8.945626e+05 -4.466181e+06 5.208910e+06
-8.971387e+05 -4.471395e+06 5.204043e+06
-8.997137e+05 -4.476603e+06 5.199170e+06
-9.022877e+05 -4.481807e+06 5.194291e+06
-9.048606e+05 -4.487005e+06 5.189405e+06
-9.074324e+05 -4.492197e+06 5.184513e+06
-9.100032e+05 -4.497384e+06 5.179615e+06
-9.125728e+05 -4.502566e+06 5.174711e+06
-9.151414e+05 -4.507743e+06 5.169801e+06
-9.177090e+05 -4.512914e+06 5.164884e+06
-9.202754e+05 -4.518080e+06 5.159961e+06
-9.228408e+05 -4.523240e+06 5.155032e+06
-9.254050e+05 -4.528395e+06 5.150096e+06
-9.279682e+05 -4.533545e+06 5.145155e+06
-9.305303e+05 -4.538689e+06 5.140207e+06
-9.330912e+05 -4.543828e+06 5.135253e+06
-9.356511e+05 -4.548962e+06 5.130293e+06
-9.382099e+05 -4.554090e+06 5.125327e+06
-9.407675e+05 -4.559212e+06 5.120354e+06
-9.433241e+05 -4.564330e+06 5.115375e+06
-9.458795e+05 -4.569441e+06 5.110391e+06
-9.484338e+05 -4.574548e+06 5.105400e+06
-9.509870e+05 -4.579649e+06 5.100402e+06
-9.535391e+05 -4.584744e+06 5.095399e+06
-9.560901e+05 -4.589834e+06 5.090390e+06
-9.586399e+05 -4.594919e+06 5.085374e+06
-9.611885e+05 -4.599998e+06 5.080352e+06
-9.637361e+05 -4.605072e+06 5.075325e+06
-9.662825e+05 -4.610140e+06 5.070291e+06
-9.688278e+05 -4.615203e+06 5.065251e+06
-9.713719e+05 -4.620260e+06 5.060205e+06
-9.739149e+05 -4.625312e+06 5.055152e+06
-9.764567e+05 -4.630358e+06 5.050094e+06
-9.789973e+05 -4.635399e+06 5.045030e+06
-9.815368e+05 -4.640434e+06 5.039959e+06
-9.840752e+05 -4.645464e+06 5.034883e+06
-9.866124e+05 -4.650488e+06 5.029800e+06
-9.891484e+05 -4.655507e+06 5.024711e+06
-9.916832e+05 -4.660520e+06 5.019616e+06
-9.942169e+05 -4.665527e+06 5.014516e+06
-9.967494e+05 -4.670529e+06 5.009409e+06
-9.992807e+05 -4.675526e+06 5.004296e+06
-1.001811e+06 -4.680517e+06 4.999177e+06
-1.004340e+06 -4.685502e+06 4.994052e+06
-1.006868e+06 -4.690482e+06 4.988921e+06
-1.009394e+06 -4.695456e+06 4.983784e+06
-1.011920e+06 -4.700425e+06 4.978641e+06
-1.014444e+06 -4.705388e+06 4.973492e+06
-1.016967e+06 -4.710345e+06 4.968337e+06
-1.019488e+06 -4.715297e+06 4.963176e+06
-1.022009e+06 -4.720243e+06 4.958009e+06
-1.024528e+06 -4.725184e+06 4.952837e+06
-1.027047e+06 -4.730119e+06 4.947658e+06
-1.029564e+06 -4.735048e+06 4.942473e+06
-1.032079e+06 -4.739972e+06 4.937282e+06
-1.034594e+06 -4.744890e+06 4.932085e+06
-1.037107e+06 -4.749802e+06 4.926883e+06
-1.039619e+06 -4.754709e+06 4.921674e+06
-1.042130e+06 -4.759610e+06 4.916459e+06
-1.044639e+06 -4.764506e+06 4.911239e+06
-1.047148e+06 -4.769395e+06 4.906012e+06
-1.049655e+06 -4.774279e+06 4.900780e+06
-1.052161e+06 -4.779158e+06 4.895542e+06
-1.054665e+06 -4.784031e+06 4.890298e+06
-1.057169e+06 -4.788898e+06 4.885048e+06
-1.059671e+06 -4.793759e+06 4.879792e+06
-1.062172e+06 -4.798615e+06 4.874530e+06
-1.064671e+06 -4.803465e+06 4.869262e+06
-1.067170e+06 -4.808309e+06 4.863988e+06
-1.069667e+06 -4.813147e+06 4.858709e+06
-1.072163e+06 -4.817980e+06 4.853424e+06
-1.074657e+06 -4.822807e+06 4.848133e+06
-1.077150e+06 -4.827629e+06 4.842836e+06
-1.079642e+06 -4.832444e+06 4.837533e+06
-1.082133e+06 -4.837254e+06 4.832224e+06
-1.084623e+06 -4.842058e+06 4.826910e+06
-1.087111e+06 -4.846856e+06 4.821589e+06
-1.089598e+06 -4.851649e+06 4.816263e+06
-1.092083e+06 -4.856436e+06 4.810931e+06
-1.094567e+06 -4.861217e+06 4.805593e+06
-1.097050e+06 -4.865992e+06 4.800250e+06
-1.099532e+06 -4.870761e+06 4.794900e+06
-1.102013e+06 -4.875525e+06 4.789545e+06
-1.104492e+06 -4.880282e+06 4.784184e+06
-1.106969e+06 -4.885034e+06 4.778818e+06
-1.109446e+06 -4.889781e+06 4.773445e+06
-1.111921e+06 -4.894521e+06 4.768067e+06
-1.114395e+06 -4.899255e+06 4.762683e+06
-1.116867e+06 -4.903984e+06 4.757293e+06
-1.119338e+06 -4.908707e+06 4.751898e+06
-1.121808e+06 -4.913424e+06 4.746497e+06
-1.124277e+06 -4.918135e+06 4.741090e+06
-1.126744e+06 -4.922840e+06 4.735677e+06
-1.129210e+06 -4.927540e+06 4.730259e+06
-1.131674e+06 -4.932233e+06 4.724835e+06
-1.134138e+06 -4.936921e+06 4.719405e+06
-1.136599e+06 -4.941603e+06 4.713970e+06
-1.139060e+06 -4.946279e+06 4.708529e+06
-1.141519e+06 -4.950949e+06 4.703082e+06
-1.143977e+06 -4.955613e+06 4.697629e+06
-1.146433e+06 -4.960271e+06 4.692171e+06
-1.148888e+06 -4.964924e+06 4.686707e+06
-1.151342e+06 -4.969570e+06 4.681238e+06
-1.153794e+06 -4.974211e+06 4.675763e+06
-1.156245e+06 -4.978845e+06 4.670282e+06
-1.158695e+06 -4.983474e+06 4.664795e+06
-1.161143e+06 -4.988097e+06 4.659303e+06
-1.163590e+06 -4.992713e+06 4.653806e+06
-1.166036e+06 -4.997324e+06 4.648302e+06
-1.168480e+06 -5.001929e+06 4.642794e+06
-1.170922e+06 -5.006528e+06 4.637279e+06
-1.173364e+06 -5.011121e+06 4.631759e+06
-1.175804e+06 -5.015708e+06 4.626233e+06
-1.178242e+06 -5.020289e+06 4.620702e+06
-1.180679e+06 -5.024864e+06 4.615165e+06
-1.183115e+06 -5.029433e+06 4.609623e+06
-1.185549e+06 -5.033996e+06 4.604075e+06
-1.187982e+06 -5.038553e+06 4.598521e+06
-1.190414e+06 -5.043104e+06 4.592962e+06
-1.192844e+06 -5.047649e+06 4.587398e+06
-1.195273e+06 -5.052188e+06 4.581827e+06
-1.197700e+06 -5.056721e+06 4.576252e+06
-1.200126e+06 -5.061248e+06 4.570670e+06
-1.202550e+06 -5.065769e+06 4.565084e+06
-1.204973e+06 -5.070284e+06 4.559491e+06
-1.207395e+06 -5.074793e+06 4.553894e+06
-1.209815e+06 -5.079296e+06 4.548290e+06
-1.212234e+06 -5.083793e+06 4.542682e+06
-1.214651e+06 -5.088283e+06 4.537067e+06
-1.217067e+06 -5.092768e+06 4.531448e+06
-1.219481e+06 -5.097247e+06 4.525822e+06
-1.221894e+06 -5.101719e+06 4.520192e+06
-1.224306e+06 -5.106186e+06 4.514556e+06
-1.226716e+06 -5.110646e+06 4.508914e+06
-1.229124e+06 -5.115100e+06 4.503267e+06
-1.231531e+06 -5.119548e+06 4.497615e+06
-1.233937e+06 -5.123990e+06 4.491957e+06
-1.236341e+06 -5.128426e+06 4.486293e+06
-1.238744e+06 -5.132856e+06 4.480625e+06
-1.241145e+06 -5.137280e+06 4.474950e+06
-1.243545e+06 -5.141698e+06 4.469271e+06
-1.245943e+06 -5.146109e+06 4.463586e+06
-1.248340e+06 -5.150514e+06 4.457896e+06
-1.250735e+06 -5.154914e+06 4.452200e+06
-1.253129e+06 -5.159307e+06 4.446499e+06
-1.255522e+06 -5.163694e+06 4.440792e+06
-1.257912e+06 -5.168074e+06 4.435080e+06
-1.260302e+06 -5.172449e+06 4.429363e+06
-1.262690e+06 -5.176817e+06 4.423641e+06
-1.265076e+06 -5.181180e+06 4.417913e+06
-1.267461e+06 -5.185536e+06 4.412180e+06
-1.269844e+06 -5.189886e+06 4.406441e+06
-1.272226e+06 -5.194229e+06 4.400697e+06
-1.274607e+06 -5.198567e+06 4.394948e+06
-1.276985e+06 -5.202898e+06 4.389193e+06
-1.279363e+06 -5.207223e+06 4.383434e+06
-1.281739e+06 -5.211542e+06 4.377668e+06
-1.284113e+06 -5.215855e+06 4.371898e+06
-1.286486e+06 -5.220162e+06 4.366122e+06
-1.288857e+06 -5.224462e+06 4.360341e+06
-1.291227e+06 -5.228756e+06 4.354555e+06
-1.293595e+06 -5.233044e+06 4.348764e+06
-1.295961e+06 -5.237325e+06 4.342967e+06
-1.298326e+06 -5.241601e+06 4.337165e+06
-1.300690e+06 -5.245870e+06 4.331358e+06
-1.303052e+06 -5.250132e+06 4.325545e+06
-1.305412e+06 -5.254389e+06 4.319728e+06
-1.307771e+06 -5.258639e+06 4.313905e+06
-1.310129e+06 -5.262883e+06 4.308077e+06
-1.312485e+06 -5.267121e+06 4.302243e+06
-1.314839e+06 -5.271352e+06 4.296405e+06
-1.317191e+06 -5.275578e+06 4.290561e+06
-1.319543e+06 -5.279796e+06 4.284712e+06
-1.321892e+06 -5.284009e+06 4.278858e+06
-1.324240e+06 -5.288215e+06 4.272999e+06
-1.326586e+06 -5.292415e+06 4.267134e+06
-1.328931e+06 -5.296609e+06 4.261265e+06
-1.331275e+06 -5.300796e+06 4.255390e+06
-1.333616e+06 -5.304977e+06 4.249510e+06
-1.335956e+06 -5.309152e+06 4.243625e+06
-1.338295e+06 -5.313320e+06 4.237735e+06
-1.340632e+06 -5.317482e+06 4.231839e+06
-1.342967e+06 -5.321638e+06 4.225939e+06
-1.345301e+06 -5.325787e+06 4.220034e+06
-1.347633e+06 -5.329930e+06 4.214123e+06
-1.349963e+06 -5.334067e+06 4.208207e+06
-1.352292e+06 -5.338197e+06 4.202286e+06
-1.354619e+06 -5.342321e+06 4.196361e+06
-1.356945e+06 -5.346438e+06 4.190430e+06
-1.359269e+06 -5.350550e+06 4.184494e+06
-1.361592e+06 -5.354654e+06 4.178553e+06
-1.363913e+06 -5.358753e+06 4.172606e+06
-1.366232e+06 -5.362845e+06 4.166655e+06
-1.368549e+06 -5.366930e+06 4.160699e+06
-1.370865e+06 -5.371009e+06 4.154738e+06
-1.373180e+06 -5.375082e+06 4.148772e+06
-1.375492e+06 -5.379148e+06 4.142800e+06
-1.377803e+06 -5.383208e+06 4.136824e+06
-1.380113e+06 -5.387262e+06 4.130843e+06
-1.382421e+06 -5.391309e+06 4.124856e+06
-1.384727e+06 -5.395349e+06 4.118865e+06
-1.387031e+06 -5.399384e+06 4.112869e+06
-1.389334e+06 -5.403411e+06 4.106868e+06
-1.391635e+06 -5.407433e+06 4.100861e+06
-1.393935e+06 -5.411448e+06 4.094850e+06
-1.396233e+06 -5.415456e+06 4.088834e+06
-1.398529e+06 -5.419458e+06 4.082813e+06
-1.400823e+06 -5.423453e+06 4.076787e+06
-1.403116e+06 -5.427442e+06 4.070756e+06
-1.405407e+06 -5.431425e+06 4.064720e+06
-1.407697e+06 -5.435401e+06 4.058680e+06
-1.409985e+06 -5.439370e+06 4.052634e+06
-1.412271e+06 -5.443333e+06 4.046583e+06
-1.414556e+06 -5.447290e+06 4.040528e+06
-1.416838e+06 -5.451240e+06 4.034467e+06
-1.419120e+06 -5.455183e+06 4.028402e+06
-1.421399e+06 -5.459120e+06 4.022332e+06
-1.423677e+06 -5.463051e+06 4.016257e+06
-1.425953e+06 -5.466975e+06 4.010177e+06
-1.428227e+06 -5.470892e+06 4.004093e+06
-1.430500e+06 -5.474803e+06 3.998003e+06
-1.432771e+06 -5.478708e+06 3.991909e+06
-1.435040e+06 -5.482606e+06 3.985809e+06
-1.437308e+06 -5.486497e+06 3.979705e+06
-1.439574e+06 -5.490382e+06 3.973597e+06
-1.441838e+06 -5.494260e+06 3.967483e+06
-1.444100e+06 -5.498131e+06 3.961364e+06
-1.446361e+06 -5.501997e+06 3.955241e+06
-1.448620e+06 -5.505855e+06 3.949113e+06
-1.450877e+06 -5.509707e+06 3.942980e+06
-1.453132e+06 -5.513552e+06 3.936843e+06
-1.455386e+06 -5.517391e+06 3.930700e+06
-1.457638e+06 -5.521223e+06 3.924553e+06
-1.459889e+06 -5.525049e+06 3.918401e+06
-1.462137e+06 -5.528868e+06 3.912245e+06
-1.464384e+06 -5.532680e+06 3.906083e+06
-1.466629e+06 -5.536486e+06 3.899917e+06
-1.468873e+06 -5.540285e+06 3.893747e+06
-1.471114e+06 -5.544078e+06 3.887571e+06
-1.473354e+06 -5.547864e+06 3.881391e+06
-1.475592e+06 -5.551643e+06 3.875206e+06
-1.477828e+06 -5.555416e+06 3.869016e+06
-1.480063e+06 -5.559182e+06 3.862822e+06
-1.482296e+06 -5.562941e+06 3.856623e+06
-1.484527e+06 -5.566694e+06 3.850420e+06
-1.486756e+06 -5.570440e+06 3.844211e+06
-1.488984e+06 -5.574179e+06 3.837998e+06
-1.491209e+06 -5.577912e+06 3.831781e+06
-1.493433e+06 -5.581638e+06 3.825559e+06
-1.495656e+06 -5.585358e+06 3.819332e+06
-1.497876e+06 -5.589070e+06 3.813100e+06
-1.500095e+06 -5.592777e+06 3.806864e+06
-1.502312e+06 -5.596476e+06 3.800624e+06
-1.504527e+06 -5.600169e+06 3.794378e+06
-1.506740e+06 -5.603855e+06 3.788128e+06
-1.508951e+06 -5.607534e+06 3.781874e+06
-1.511161e+06 -5.611207e+06 3.775615e+06
-1.513369e+06 -5.614873e+06 3.769351e+06
-1.515575e+06 -5.618532e+06 3.763083e+06
-1.517779e+06 -5.622185e+06 3.756810e+06
-1.519982e+06 -5.625830e+06 3.750533e+06
-1.522182e+06 -5.629469e+06 3.744251e+06
-1.524381e+06 -5.633102e+06 3.737965e+06
-1.526578e+06 -5.636728e+06 3.731674e+06
-1.528773e+06 -5.640346e+06 3.725379e+06
-1.530967e+06 -5.643959e+06 3.719079e+06
-1.533158e+06 -5.647564e+06 3.712774e+06
-1.535348e+06 -5.651163e+06 3.706465e+06
-1.537536e+06 -5.654755e+06 3.700152e+06
-1.539722e+06 -5.658340e+06 3.693834e+06
-1.541906e+06 -5.661918e+06 3.687512e+06
-1.544088e+06 -5.665490e+06 3.681185e+06
-1.546269e+06 -5.669055e+06 3.674853e+06
-1.548448e+06 -5.672613e+06 3.668518e+06
-1.550624e+06 -5.676164e+06 3.662178e+06
-1.552799e+06 -5.679709e+06 3.655833e+06
-1.554973e+06 -5.683246e+06 3.649484e+06
-1.557144e+06 -5.686777e+06 3.643130e+06
-1.559313e+06 -5.690302e+06 3.636773e+06
-1.561481e+06 -5.693819e+06 3.630410e+06
-1.563647e+06 -5.697329e+06 3.624044e+06
-1.565810e+06 -5.700833e+06 3.617673e+06
-1.567972e+06 -5.704330e+06 3.611297e+06
-1.570133e+06 -5.707820e+06 3.604917e+06
-1.572291e+06 -5.711303e+06 3.598533e+06
-1.574447e+06 -5.714780e+06 3.592144e+06
-1.576602e+06 -5.718250e+06 3.585752e+06
-1.578754e+06 -5.721712e+06 3.579354e+06
-1.580905e+06 -5.725168e+06 3.572953e+06
-1.583054e+06 -5.728617e+06 3.566547e+06
-1.585201e+06 -5.732060e+06 3.560137e+06
-1.587346e+06 -5.735495e+06 3.553722e+06
-1.589489e+06 -5.738924e+06 3.547303e+06
-1.591630e+06 -5.742345e+06 3.540880e+06
-1.593770e+06 -5.745760e+06 3.534453e+06
-1.595907e+06 -5.749168e+06 3.528021e+06
-1.598043e+06 -5.752569e+06 3.521585e+06
-1.600177e+06 -5.755963e+06 3.515145e+06
-1.602308e+06 -5.759351e+06 3.508700e+06
-1.604438e+06 -5.762731e+06 3.502251e+06
-1.606566e+06 -5.766105e+06 3.495798e+06
-1.608692e+06 -5.769471e+06 3.489341e+06
-1.610816e+06 -5.772831e+06 3.482880e+06
-1.612938e+06 -5.776184e+06 3.476414e+06
-1.615059e+06 -5.779530e+06 3.469944e+06
-1.617177e+06 -5.782869e+06 3.463470e+06
-1.619294e+06 -5.786201e+06 3.456992e+06
-1.621408e+06 -5.789526e+06 3.450509e+06
-1.623521e+06 -5.792845e+06 3.444022e+06
-1.625631e+06 -5.796156e+06 3.437531e+06
-1.627740e+06 -5.799461e+06 3.431036e+06
-1.629847e+06 -5.802758e+06 3.424537e+06
-1.631951e+06 -5.806049e+06 3.418034e+06
-1.634054e+06 -5.809332e+06 3.411526e+06
-1.636155e+06 -5.812609e+06 3.405015e+06
-1.638254e+06 -5.815879e+06 3.398499e+06
-1.640351e+06 -5.819141e+06 3.391979e+06
-1.642446e+06 -5.822397e+06 3.385455e+06
-1.644539e+06 -5.825646e+06 3.378927e+06
-1.646630e+06 -5.828888e+06 3.372395e+06
-1.648719e+06 -5.832123e+06 3.365859e+06
-1.650806e+06 -5.835351e+06 3.359318e+06
-1.652892e+06 -5.838572e+06 3.352774e+06
-1.654975e+06 -5.841786e+06 3.346226e+06
-1.657056e+06 -5.844993e+06 3.339673e+06
-1.659135e+06 -5.848193e+06 3.333117e+06
-1.661213e+06 -5.851386e+06 3.326556e+06
-1.663288e+06 -5.854571e+06 3.319991e+06
-1.665361e+06 -5.857750e+06 3.313423e+06
-1.667433e+06 -5.860922e+06 3.306850e+06
-1.669502e+06 -5.864087e+06 3.300273e+06
-1.671569e+06 -5.867245e+06 3.293692e+06
-1.673635e+06 -5.870396e+06 3.287108e+06
-1.675698e+06 -5.873540e+06 3.280519e+06
-1.677759e+06 -5.876677e+06 3.273926e+06
-1.679819e+06 -5.879807e+06 3.267330e+06
-1.681876e+06 -5.882930e+06 3.260729e+06
-1.683932e+06 -5.886046e+06 3.254125e+06
-1.685985e+06 -5.889154e+06 3.247516e+06
-1.688036e+06 -5.892256e+06 3.240904e+06
-1.690086e+06 -5.895351e+06 3.234287e+06
-1.692133e+06 -5.898438e+06 3.227667e+06
-1.694178e+06 -5.901519e+06 3.221043e+06
-1.696221e+06 -5.904592e+06 3.214415e+06
-1.698263e+06 -5.907659e+06 3.207783e+06
-1.700302e+06 -5.910718e+06 3.201147e+06
-1.702339e+06 -5.913770e+06 3.194507e+06
-1.704374e+06 -5.916816e+06 3.187864e+06
-1.706407e+06 -5.919854e+06 3.181216e+06
-1.708438e+06 -5.922885e+06 3.174565e+06
-1.710467e+06 -5.925909e+06 3.167910e+06
-1.712494e+06 -5.928926e+06 3.161251e+06
-1.714519e+06 -5.931935e+06 3.154588e+06
-1.716542e+06 -5.934938e+06 3.147921e+06
-1.718563e+06 -5.937934e+06 3.141250e+06
-1.720582e+06 -5.940922e+06 3.134576e+06
-1.722598e+06 -5.943903e+06 3.127898e+06
-1.724613e+06 -5.946878e+06 3.121216e+06
-1.726626e+06 -5.949845e+06 3.114530e+06
-1.728636e+06 -5.952805e+06 3.107841e+06
-1.730645e+06 -5.955758e+06 3.101148e+06
-1.732651e+06 -5.958703e+06 3.094451e+06
-1.734656e+06 -5.961642e+06 3.087750e+06
-1.736658e+06 -5.964573e+06 3.081045e+06
-1.738658e+06 -5.967498e+06 3.074337e+06
-1.740656e+06 -5.970415e+06 3.067625e+06
-1.742652e+06 -5.973325e+06 3.060909e+06
-1.744646e+06 -5.976228e+06 3.054190e+06
-1.746638e+06 -5.979124e+06 3.047467e+06
-1.748628e+06 -5.982012e+06 3.040740e+06
-1.750616e+06 -5.984894e+06 3.034009e+06
-1.752601e+06 -5.987768e+06 3.027275e+06
-1.754585e+06 -5.990635e+06 3.020537e+06
-1.756566e+06 -5.993495e+06 3.013796e+06
-1.758545e+06 -5.996348e+06 3.007051e+06
-1.760523e+06 -5.999193e+06 3.000302e+06
-1.762498e+06 -6.002032e+06 2.993549e+06
-1.764471e+06 -6.004863e+06 2.986793e+06
-1.766442e+06 -6.007687e+06 2.980034e+06
-1.768411e+06 -6.010504e+06 2.973270e+06
-1.770377e+06 -6.013314e+06 2.966503e+06
-1.772342e+06 -6.016116e+06 2.959733e+06
-1.774304e+06 -6.018911e+06 2.952959e+06
-1.776265e+06 -6.021699e+06 2.946181e+06
-1.778223e+06 -6.024480e+06 2.939400e+06
-1.780179e+06 -6.027254e+06 2.932615e+06
-1.782133e+06 -6.030020e+06 2.925826e+06
-1.784085e+06 -6.032779e+06 2.919034e+06
-1.786034e+06 -6.035531e+06 2.912239e+06
-1.787982e+06 -6.038276e+06 2.905440e+06
-1.789927e+06 -6.041014e+06 2.898637e+06
-1.791871e+06 -6.043744e+06 2.891831e+06
-1.793812e+06 -6.046467e+06 2.885022e+06
-1.795751e+06 -6.049183e+06 2.878209e+06
-1.797688e+06 -6.051891e+06 2.871392e+06
-1.799622e+06 -6.054593e+06 2.864572e+06
-1.801555e+06 -6.057287e+06 2.857748e+06
-1.803485e+06 -6.059973e+06 2.850921e+06
-1.805414e+06 -6.062653e+06 2.844091e+06
-1.807340e+06 -6.065325e+06 2.837257e+06
-1.809264e+06 -6.067990e+06 2.830420e+06
-1.811185e+06 -6.070648e+06 2.823579e+06
-1.813105e+06 -6.073299e+06 2.816734e+06
-1.815022e+06 -6.075942e+06 2.809887e+06
-1.816938e+06 -6.078578e+06 2.803036e+06
-1.818851e+06 -6.081207e+06 2.796181e+06
-1.820762e+06 -6.083828e+06 2.789323e+06
-1.822671e+06 -6.086442e+06 2.782462e+06
-1.824577e+06 -6.089049e+06 2.775598e+06
-1.826481e+06 -6.091648e+06 2.768730e+06
-1.828384e+06 -6.094241e+06 2.761858e+06
-1.830284e+06 -6.096826e+06 2.754984e+06
-1.832182e+06 -6.099403e+06 2.748106e+06
-1.834077e+06 -6.101973e+06 2.741224e+06
-1.835971e+06 -6.104537e+06 2.734340e+06
-1.837862e+06 -6.107092e+06 2.727451e+06
-1.839751e+06 -6.109641e+06 2.720560e+06
-1.841638e+06 -6.112182e+06 2.713666e+06
-1.843522e+06 -6.114715e+06 2.706768e+06
-1.845405e+06 -6.117242e+06 2.699866e+06
-1.847285e+06 -6.119761e+06 2.692962e+06
-1.849163e+06 -6.122273e+06 2.686054e+06
-1.851039e+06 -6.124777e+06 2.679143e+06
-1.852913e+06 -6.127274e+06 2.672229e+06
-1.854784e+06 -6.129764e+06 2.665311e+06
-1.856653e+06 -6.132247e+06 2.658391e+06
-1.858520e+06 -6.134722e+06 2.651467e+06
-1.860385e+06 -6.137189e+06 2.644539e+06
-1.862247e+06 -6.139650e+06 2.637609e+06
-1.864108e+06 -6.142103e+06 2.630675e+06
-1.865966e+06 -6.144548e+06 2.623739e+06
-1.867821e+06 -6.146987e+06 2.616799e+06
-1.869675e+06 -6.149418e+06 2.609855e+06
-1.871526e+06 -6.151841e+06 2.602909e+06
-1.873376e+06 -6.154258e+06 2.595960e+06
-1.875222e+06 -6.156666e+06 2.589007e+06
-1.877067e+06 -6.159068e+06 2.582051e+06
-1.878909e+06 -6.161462e+06 2.575092e+06
-1.880750e+06 -6.163849e+06 2.568130e+06
-1.882587e+06 -6.166228e+06 2.561165e+06
-1.884423e+06 -6.168600e+06 2.554197e+06
-1.886256e+06 -6.170965e+06 2.547225e+06
-1.888088e+06 -6.173322e+06 2.540251e+06
-1.889916e+06 -6.175671e+06 2.533273e+06
-1.891743e+06 -6.178014e+06 2.526293e+06
-1.893567e+06 -6.180349e+06 2.519309e+06
-1.895389e+06 -6.182676e+06 2.512322e+06
-1.897209e+06 -6.184997e+06 2.505333e+06
-1.899027e+06 -6.187309e+06 2.498340e+06
-1.900842e+06 -6.189615e+06 2.491344e+06
-1.902655e+06 -6.191913e+06 2.484345e+06
-1.904466e+06 -6.194203e+06 2.477343e+06
-1.906274e+06 -6.196486e+06 2.470338e+06
-1.908080e+06 -6.198762e+06 2.463330e+06
-1.909884e+06 -6.201030e+06 2.456319e+06
-1.911686e+06 -6.203291e+06 2.449305e+06
-1.913485e+06 -6.205544e+06 2.442289e+06
-1.915282e+06 -6.207790e+06 2.435269e+06
-1.917077e+06 -6.210029e+06 2.428246e+06
-1.918869e+06 -6.212260e+06 2.421220e+06
-1.920660e+06 -6.214483e+06 2.414191e+06
-1.922447e+06 -6.216699e+06 2.407160e+06
-1.924233e+06 -6.218908e+06 2.400125e+06
-1.926016e+06 -6.221109e+06 2.393088e+06
-1.927797e+06 -6.223303e+06 2.386047e+06
-1.929576e+06 -6.225490e+06 2.379004e+06
-1.931352e+06 -6.227668e+06 2.371958e+06
-1.933126e+06 -6.229840e+06 2.364909e+06
-1.934898e+06 -6.232004e+06 2.357857e+06
-1.936667e+06 -6.234160e+06 2.350802e+06
-1.938434e+06 -6.236309e+06 2.343745e+06
-1.940199e+06 -6.238451e+06 2.336684e+06
-1.941961e+06 -6.240585e+06 2.329621e+06
-1.943721e+06 -6.242712e+06 2.322555e+06
-1.945479e+06 -6.244831e+06 2.315486e+06
-1.947235e+06 -6.246942e+06 2.308414e+06
-1.948988e+06 -6.249046e+06 2.301340e+06
-1.950738e+06 -6.251143e+06 2.294262e+06
-1.952487e+06 -6.253232e+06 2.287182e+06
-1.954233e+06 -6.255314e+06 2.280099e+06
-1.955977e+06 -6.257388e+06 2.273013e+06
-1.957718e+06 -6.259455e+06 2.265925e+06
-1.959457e+06 -6.261514e+06 2.258834e+06
-1.961194e+06 -6.263566e+06 2.251740e+06
-1.962928e+06 -6.265610e+06 2.244643e+06
-1.964660e+06 -6.267647e+06 2.237544e+06
-1.966390e+06 -6.269676e+06 2.230442e+06
-1.968117e+06 -6.271697e+06 2.223337e+06
-1.969842e+06 -6.273711e+06 2.216229e+06
-1.971565e+06 -6.275718e+06 2.209119e+06
-1.973285e+06 -6.277717e+06 2.202006e+06
-1.975003e+06 -6.279709e+06 2.194891e+06
-1.976719e+06 -6.281693e+06 2.187772e+06
-1.978432e+06 -6.283669e+06 2.180651e+06
-1.980143e+06 -6.285638e+06 2.173528e+06
-1.981851e+06 -6.287600e+06 2.166402e+06
-1.983557e+06 -6.289553e+06 2.159273e+06
-1.985261e+06 -6.291500e+06 2.152141e+06
-1.986962e+06 -6.293439e+06 2.145007e+06
-1.988661e+06 -6.295370e+06 2.137871e+06
-1.990358e+06 -6.297294e+06 2.130731e+06
-1.992052e+06 -6.299210e+06 2.123589e+06
-1.993744e+06 -6.301118e+06 2.116445e+06
-1.995433e+06 -6.303020e+06 2.109298e+06
-1.997120e+06 -6.304913e+06 2.102148e+06
-1.998805e+06 -6.306799e+06 2.094996e+06
-2.000487e+06 -6.308677e+06 2.087842e+06
-2.002167e+06 -6.310548e+06 2.080684e+06
-2.003844e+06 -6.312412e+06 2.073525e+06
-2.005519e+06 -6.314267e+06 2.066362e+06
-2.007192e+06 -6.316115e+06 2.059198e+06
-2.008862e+06 -6.317956e+06 2.052030e+06
-2.010530e+06 -6.319789e+06 2.044861e+06
-2.012195e+06 -6.321614e+06 2.037688e+06
-2.013858e+06 -6.323432e+06 2.030514e+06
-2.015519e+06 -6.325243e+06 2.023336e+06
-2.017177e+06 -6.327045e+06 2.016157e+06
-2.018833e+06 -6.328840e+06 2.008975e+06
-2.020486e+06 -6.330628e+06 2.001790e+06
-2.022137e+06 -6.332408e+06 1.994603e+06
-2.023786e+06 -6.334180e+06 1.987414e+06
-2.025432e+06 -6.335945e+06 1.980222e+06
-2.027075e+06 -6.337702e+06 1.973028e+06
-2.028716e+06 -6.339452e+06 1.965831e+06
-2.030355e+06 -6.341193e+06 1.958632e+06
-2.031992e+06 -6.342928e+06 1.951431e+06
-2.033626e+06 -6.344655e+06 1.944227e+06
-2.035257e+06 -6.346374e+06 1.937021e+06
-2.036886e+06 -6.348085e+06 1.929812e+06
-2.038513e+06 -6.349789e+06 1.922602e+06
-2.040137e+06 -6.351485e+06 1.915389e+06
-2.041759e+06 -6.353174e+06 1.908173e+06
-2.043378e+06 -6.354855e+06 1.900955e+06
-2.044995e+06 -6.356529e+06 1.893735e+06
-2.046609e+06 -6.358195e+06 1.886513e+06
-2.048221e+06 -6.359853e+06 1.879288e+06
-2.049831e+06 -6.361503e+06 1.872061e+06
-2.051438e+06 -6.363146e+06 1.864832e+06
-2.053042e+06 -6.364782e+06 1.857600e+06
-2.054644e+06 -6.366409e+06 1.850367e+06
-2.056244e+06 -6.368029e+06 1.843131e+06
-2.057841e+06 -6.369642e+06 1.835892e+06
-2.059436e+06 -6.371247e+06 1.828652e+06
-2.061028e+06 -6.372844e+06 1.821409e+06
-2.062618e+06 -6.374433e+06 1.814164e+06
-2.064205e+06 -6.376015e+06 1.806917e+06
-2.065790e+06 -6.377589e+06 1.799668e+06
-2.067373e+06 -6.379156e+06 1.792416e+06
-2.068953e+06 -6.380715e+06 1.785163e+06
-2.070530e+06 -6.382266e+06 1.777907e+06
-2.072105e+06 -6.383810e+06 1.770649e+06
-2.073677e+06 -6.385346e+06 1.763388e+06
-2.075247e+06 -6.386874e+06 1.756126e+06
-2.076815e+06 -6.388395e+06 1.748862e+06
-2.078380e+06 -6.389908e+06 1.741595e+06
-2.079942e+06 -6.391413e+06 1.734326e+06
-2.081502e+06 -6.392911e+06 1.727056e+06
-2.083060e+06 -6.394401e+06 1.719783e+06
-2.084615e+06 -6.395883e+06 1.712508e+06
-2.086168e+06 -6.397358e+06 1.705231e+06
-2.087718e+06 -6.398825e+06 1.697952e+06
-2.089265e+06 -6.400284e+06 1.690670e+06
-2.090810e+06 -6.401736e+06 1.683387e+06
-2.092353e+06 -6.403180e+06 1.676102e+06
-2.093893e+06 -6.404616e+06 1.668814e+06
-2.095430e+06 -6.406045e+06 1.661525e+06
-2.096965e+06 -6.407466e+06 1.654234e+06
-2.098498e+06 -6.408879e+06 1.646940e+06
-2.100028e+06 -6.410285e+06 1.639645e+06
-2.101555e+06 -6.411683e+06 1.632348e+06
-2.103080e+06 -6.413073e+06 1.625048e+06
-2.104603e+06 -6.414455e+06 1.617747e+06
-2.106122e+06 -6.415830e+06 1.610444e+06
-2.107640e+06 -6.417197e+06 1.603138e+06
-2.109155e+06 -6.418557e+06 1.595831e+06
-2.110667e+06 -6.419909e+06 1.588522e+06
-2.112177e+06 -6.421253e+06 1.581211e+06
-2.113684e+06 -6.422589e+06 1.573898e+06
-2.115189e+06 -6.423918e+06 1.566583e+06
-2.116691e+06 -6.425239e+06 1.559266e+06
-2.118191e+06 -6.426552e+06 1.551947e+06
-2.119688e+06 -6.427857e+06 1.544627e+06
-2.121183e+06 -6.429155e+06 1.537304e+06
-2.122675e+06 -6.430445e+06 1.529980e+06
-2.124164e+06 -6.431728e+06 1.522654e+06
-2.125651e+06 -6.433002e+06 1.515326e+06
-2.127135e+06 -6.434269e+06 1.507996e+06
-2.128617e+06 -6.435529e+06 1.500664e+06
-2.130097e+06 -6.436780e+06 1.493330e+06
-2.131573e+06 -6.438024e+06 1.485995e+06
-2.133048e+06 -6.439260e+06 1.478658e+06
-2.134519e+06 -6.440488e+06 1.471319e+06
-2.135988e+06 -6.441709e+06 1.463978e+06
-2.137455e+06 -6.442922e+06 1.456636e+06
-2.138919e+06 -6.444127e+06 1.449291e+06
-2.140380e+06 -6.445325e+06 1.441945e+06
-2.141839e+06 -6.446515e+06 1.434597e+06
-2.143295e+06 -6.447697e+06 1.427248e+06
-2.144749e+06 -6.448871e+06 1.419896e+06
-2.146200e+06 -6.450037e+06 1.412543e+06
-2.147649e+06 -6.451196e+06 1.405189e+06
-2.149095e+06 -6.452347e+06 1.397832e+06
-2.150538e+06 -6.453491e+06 1.390474e+06
-2.151979e+06 -6.454626e+06 1.383114e+06
-2.153417e+06 -6.455754e+06 1.375753e+06
-2.154853e+06 -6.456874e+06 1.368390e+06
-2.156286e+06 -6.457987e+06 1.361025e+06
-2.157717e+06 -6.459091e+06 1.353658e+06
-2.159145e+06 -6.460188e+06 1.346290e+06
-2.160570e+06 -6.461277e+06 1.338920e+06
-2.161993e+06 -6.462359e+06 1.331549e+06
-2.163413e+06 -6.463433e+06 1.324176e+06
-2.164831e+06 -6.464498e+06 1.316801e+06
-2.166246e+06 -6.465557e+06 1.309425e+06
-2.167658e+06 -6.466607e+06 1.302047e+06
-2.169068e+06 -6.467650e+06 1.294668e+06
-2.170475e+06 -6.468685e+06 1.287287e+06
-2.171880e+06 -6.469712e+06 1.279904e+06
-2.173282e+06 -6.470731e+06 1.272520e+06
-2.174681e+06 -6.471743e+06 1.265134e+06
-2.176078e+06 -6.472747e+06 1.257747e+06
-2.177472e+06 -6.473743e+06 1.250358e+06
-2.178863e+06 -6.474731e+06 1.242968e+06
-2.180252e+06 -6.475712e+06 1.235576e+06
-2.181639e+06 -6.476684e+06 1.228183e+06
-2.183022e+06 -6.477649e+06 1.220788e+06
-2.184404e+06 -6.478607e+06 1.213392e+06
-2.185782e+06 -6.479556e+06 1.205994e+06
-2.187158e+06 -6.480498e+06 1.198595e+06
-2.188531e+06 -6.481432e+06 1.191195e+06
-2.189902e+06 -6.482358e+06 1.183792e+06
-2.191270e+06 -6.483276e+06 1.176389e+06
-2.192635e+06 -6.484187e+06 1.168984e+06
-2.193998e+06 -6.485090e+06 1.161578e+06
-2.195358e+06 -6.485985e+06 1.154170e+06
-2.196715e+06 -6.486872e+06 1.146761e+06
-2.198070e+06 -6.487752e+06 1.139350e+06
-2.199423e+06 -6.488624e+06 1.131938e+06
-2.200772e+06 -6.489488e+06 1.124525e+06
-2.202119e+06 -6.490344e+06 1.117110e+06
-2.203463e+06 -6.491192e+06 1.109694e+06
-2.204805e+06 -6.492033e+06 1.102277e+06
-2.206144e+06 -6.492866e+06 1.094858e+06
-2.207480e+06 -6.493691e+06 1.087438e+06
-2.208814e+06 -6.494508e+06 1.080016e+06
-2.210145e+06 -6.495317e+06 1.072594e+06
-2.211474e+06 -6.496119e+06 1.065170e+06
-2.212800e+06 -6.496913e+06 1.057744e+06
-2.214123e+06 -6.497699e+06 1.050318e+06
-2.215443e+06 -6.498477e+06 1.042890e+06
-2.216761e+06 -6.499248e+06 1.035461e+06
-2.218076e+06 -6.500011e+06 1.028030e+06
-2.219389e+06 -6.500766e+06 1.020599e+06
-2.220698e+06 -6.501513e+06 1.013166e+06
-2.222006e+06 -6.502252e+06 1.005732e+06
-2.223310e+06 -6.502984e+06 9.982963e+05
-2.224612e+06 -6.503707e+06 9.908598e+05
-2.225911e+06 -6.504423e+06 9.834220e+05
-2.227208e+06 -6.505131e+06 9.759831e+05
-2.228502e+06 -6.505832e+06 9.685429e+05
-2.229793e+06 -6.506524e+06 9.611016e+05
-2.231081e+06 -6.507209e+06 9.536591e+05
-2.232367e+06 -6.507886e+06 9.462155e+05
-2.233650e+06 -6.508555e+06 9.387707e+05
-2.234931e+06 -6.509217e+06 9.313248e+05
-2.236209e+06 -6.509870e+06 9.238777e+05
-2.237484e+06 -6.510516e+06 9.164295e+05
-2.238756e+06 -6.511154e+06 9.089802e+05
-2.240026e+06 -6.511784e+06 9.015298e+05
-2.241293e+06 -6.512406e+06 8.940783e+05
-2.242557e+06 -6.513021e+06 8.866257e+05
-2.243819e+06 -6.513627e+06 8.791720e+05
-2.245078e+06 -6.514226e+06 8.717173e+05
-2.246335e+06 -6.514817e+06 8.642615e+05
-2.247588e+06 -6.515400e+06 8.568047e+05
-2.248839e+06 -6.515976e+06 8.493468e+05
-2.250087e+06 -6.516543e+06 8.418879e+05
-2.251333e+06 -6.517103e+06 8.344279e+05
-2.252576e+06 -6.517655e+06 8.269670e+05
-2.253816e+06 -6.518199e+06 8.195050e+05
-2.255053e+06 -6.518736e+06 8.120421e+05
-2.256288e+06 -6.519264e+06 8.045781e+05
-2.257520e+06 -6.519785e+06 7.971132e+05
-2.258749e+06 -6.520298e+06 7.896473e+05
-2.259976e+06 -6.520803e+06 7.821805e+05
-2.261200e+06 -6.521300e+06 7.747127e+05
-2.262421e+06 -6.521790e+06 7.672439e+05
-2.263640e+06 -6.522271e+06 7.597743e+05
-2.264855e+06 -6.522745e+06 7.523037e+05
-2.266069e+06 -6.523211e+06 7.448322e+05
-2.267279e+06 -6.523669e+06 7.373597e+05
-2.268487e+06 -6.524120e+06 7.298864e+05
-2.269691e+06 -6.524562e+06 7.224122e+05
-2.270894e+06 -6.524997e+06 7.149372e+05
-2.272093e+06 -6.525424e+06 7.074612e+05
-2.273290e+06 -6.525843e+06 6.999844e+05
-2.274484e+06 -6.526254e+06 6.925068e+05
-2.275675e+06 -6.526658e+06 6.850283e+05
-2.276864e+06 -6.527053e+06 6.775489e+05
-2.278050e+06 -6.527441e+06 6.700688e+05
-2.279233e+06 -6.527821e+06 6.625878e+05
-2.280413e+06 -6.528193e+06 6.551061e+05
-2.281591e+06 -6.528557e+06 6.476235e+05
-2.282766e+06 -6.528914e+06 6.401401e+05
-2.283938e+06 -6.529262e+06 6.326560e+05
-2.285107e+06 -6.529603e+06 6.251711e+05
-2.286274e+06 -6.529936e+06 6.176855e+05
-2.287438e+06 -6.530261e+06 6.101991e+05
-2.288599e+06 -6.530579e+06 6.027119e+05
-2.289758e+06 -6.530888e+06 5.952240e+05
-2.290913e+06 -6.531190e+06 5.877354e+05
-2.292066e+06 -6.531483e+06 5.802461e+05
-2.293217e+06 -6.531769e+06 5.727561e+05
-2.294364e+06 -6.532048e+06 5.652654e+05
-2.295509e+06 -6.532318e+06 5.577740e+05
-2.296651e+06 -6.532580e+06 5.502819e+05
-2.297790e+06 -6.532835e+06 5.427891e+05
-2.298927e+06 -6.533082e+06 5.352957e+05
-2.300060e+06 -6.533321e+06 5.278017e+05
-2.301191e+06 -6.533552e+06 5.203070e+05
-2.302319e+06 -6.533775e+06 5.128116e+05
-2.303445e+06 -6.533991e+06 5.053157e+05
-2.304568e+06 -6.534199e+06 4.978191e+05
-2.305687e+06 -6.534398e+06 4.903219e+05
-2.306805e+06 -6.534590e+06 4.828242e+05
-2.307919e+06 -6.534775e+06 4.753258e+05
-2.309031e+06 -6.534951e+06 4.678269e+05
-2.310140e+06 -6.535119e+06 4.603274e+05
-2.311246e+06 -6.535280e+06 4.528273e+05
-2.312349e+06 -6.535433e+06 4.453267e+05
-2.313450e+06 -6.535578e+06 4.378255e+05
-2.314547e+06 -6.535715e+06 4.303239e+05
-2.315642e+06 -6.535844e+06 4.228217e+05
-2.316735e+06 -6.535966e+06 4.153189e+05
-2.317824e+06 -6.536080e+06 4.078157e+05
-2.318911e+06 -6.536185e+06 4.003120e+05
-2.319995e+06 -6.536283e+06 3.928078e+05
-2.321076e+06 -6.536373e+06 3.853031e+05
-2.322154e+06 -6.536456e+06 3.777980e+05
-2.323230e+06 -6.536530e+06 3.702923e+05
-2.324302e+06 -6.536597e+06 3.627863e+05
-2.325372e+06 -6.536656e+06 3.552798e+05
-2.326440e+06 -6.536707e+06 3.477729e+05
-2.327504e+06 -6.536750e+06 3.402655e+05
-2.328566e+06 -6.536785e+06 3.327577e+05
-2.329624e+06 -6.536813e+06 3.252496e+05
-2.330680e+06 -6.536832e+06 3.177410e+05
-2.331734e+06 -6.536844e+06 3.102321e+05
-2.332784e+06 -6.536848e+06 3.027227e+05
-2.333832e+06 -6.536844e+06 2.952130e+05
-2.334877e+06 -6.536832e+06 2.877030e+05
-2.335919e+06 -6.536813e+06 2.801926e+05
-2.336958e+06 -6.536786e+06 2.726818e+05
-2.337994e+06 -6.536750e+06 2.651708e+05
-2.339028e+06 -6.536707e+06 2.576594e+05
-2.340059e+06 -6.536656e+06 2.501477e+05
-2.341087e+06 -6.536598e+06 2.426356e+05
-2.342112e+06 -6.536531e+06 2.351233e+05
-2.343135e+06 -6.536457e+06 2.276107e+05
-2.344154e+06 -6.536375e+06 2.200979e+05
-2.345171e+06 -6.536284e+06 2.125847e+05
-2.346185e+06 -6.536187e+06 2.050713e+05
-2.347196e+06 -6.536081e+06 1.975577e+05
-2.348205e+06 -6.535967e+06 1.900438e+05
-2.349210e+06 -6.535846e+06 1.825297e+05
-2.350213e+06 -6.535717e+06 1.750154e+05
-2.351213e+06 -6.535580e+06 1.675008e+05
-2.352210e+06 -6.535435e+06 1.599861e+05
-2.353205e+06 -6.535282e+06 1.524711e+05
-2.354196e+06 -6.535122e+06 1.449560e+05
-2.355185e+06 -6.534953e+06 1.374407e+05
-2.356171e+06 -6.534777e+06 1.299252e+05
-2.357154e+06 -6.534593e+06 1.224096e+05
-2.358134e+06 -6.534401e+06 1.148938e+05
-2.359111e+06 -6.534201e+06 1.073779e+05
-2.360086e+06 -6.533994e+06 9.986187e+04
-2.361057e+06 -6.533778e+06 9.234570e+04
-2.362026e+06 -6.533555e+06 8.482942e+04
-2.362992e+06 -6.533324e+06 7.731304e+04
-2.363956e+06 -6.533085e+06 6.979656e+04
-2.364916e+06 -6.532839e+06 6.228000e+04
-2.365873e+06 -6.532584e+06 5.476337e+04
-2.366828e+06 -6.532322e+06 4.724667e+04
-2.367780e+06 -6.532052e+06 3.972991e+04
-2.368729e+06 -6.531774e+06 3.221310e+04
-2.369675e+06 -6.531488e+06 2.469625e+04
-2.370619e+06 -6.531194e+06 1.717938e+04
-2.371559e+06 -6.530893e+06 9.662483e+03
-2.372497e+06 -6.530584e+06 2.145576e+03
-2.373432e+06 -6.530266e+06 -5.371333e+03
-2.374364e+06 -6.529942e+06 -1.288824e+04
-2.375293e+06 -6.529609e+06 -2.040512e+04
-2.376219e+06 -6.529268e+06 -2.792198e+04
-2.377143e+06 -6.528920e+06 -3.543881e+04
-2.378063e+06 -6.528564e+06 -4.295560e+04
-2.378981e+06 -6.528200e+06 -5.047233e+04
-2.379896e+06 -6.527828e+06 -5.798900e+04
-2.380808e+06 -6.527448e+06 -6.550560e+04
-2.381717e+06 -6.527060e+06 -7.302212e+04
-2.382624e+06 -6.526665e+06 -8.053855e+04
-2.383527e+06 -6.526262e+06 -8.805488e+04
-2.384428e+06 -6.525851e+06 -9.557111e+04
-2.385326e+06 -6.525432e+06 -1.030872e+05
-2.386221e+06 -6.525006e+06 -1.106032e+05
-2.387113e+06 -6.524571e+06 -1.181190e+05
-2.388002e+06 -6.524129e+06 -1.256348e+05
-2.388888e+06 -6.523679e+06 -1.331503e+05
-2.389772e+06 -6.523221e+06 -1.406657e+05
-2.390652e+06 -6.522755e+06 -1.481809e+05
-2.391530e+06 -6.522282e+06 -1.556960e+05
-2.392405e+06 -6.521801e+06 -1.632108e+05
-2.393277e+06 -6.521311e+06 -1.707255e+05
-2.394146e+06 -6.520815e+06 -1.782399e+05
-2.395013e+06 -6.520310e+06 -1.857541e+05
-2.395876e+06 -6.519797e+06 -1.932681e+05
-2.396737e+06 -6.519277e+06 -2.007819e+05
-2.397594e+06 -6.518749e+06 -2.082954e+05
-2.398449e+06 -6.518213e+06 -2.158087e+05
-2.399301e+06 -6.517669e+06 -2.233217e+05
-2.400150e+06 -6.517117e+06 -2.308344e+05
-2.400996e+06 -6.516558e+06 -2.383469e+05
-2.401840e+06 -6.515991e+06 -2.458590e+05
-2.402680e+06 -6.515416e+06 -2.533709e+05
-2.403518e+06 -6.514833e+06 -2.608825e+05
-2.404352e+06 -6.514242e+06 -2.683937e+05
-2.405184e+06 -6.513644e+06 -2.759046e+05
-2.406013e+06 -6.513038e+06 -2.834152e+05
-2.406839e+06 -6.512424e+06 -2.909254e+05
-2.407662e+06 -6.511802e+06 -2.984353e+05
-2.408482e+06 -6.511172e+06 -3.059448e+05
-2.409300e+06 -6.510535e+06 -3.134540e+05
-2.410114e+06 -6.509890e+06 -3.209628e+05
-2.410926e+06 -6.509237e+06 -3.284711e+05
-2.411735e+06 -6.508576e+06 -3.359791e+05
-2.412541e+06 -6.507907e+06 -3.434867e+05
-2.413344e+06 -6.507231e+06 -3.509938e+05
-2.414144e+06 -6.506547e+06 -3.585006e+05
-2.414941e+06 -6.505855e+06 -3.660069e+05
-2.415735e+06 -6.505155e+06 -3.735127e+05
-2.416526e+06 -6.504447e+06 -3.810181e+05
-2.417315e+06 -6.503732e+06 -3.885230e+05
-2.418101e+06 -6.503009e+06 -3.960275e+05
-2.418883e+06 -6.502278e+06 -4.035315e+05
-2.419663e+06 -6.501539e+06 -4.110349e+05
-2.420440e+06 -6.500793e+06 -4.185379e+05
-2.421214e+06 -6.500039e+06 -4.260404e+05
-2.421985e+06 -6.499277e+06 -4.335424e+05
-2.422753e+06 -6.498507e+06 -4.410438e+05
-2.423519e+06 -6.497729e+06 -4.485447e+05
-2.424281e+06 -6.496944e+06 -4.560451e+05
-2.425040e+06 -6.496151e+06 -4.635449e+05
-2.425797e+06 -6.495350e+06 -4.710441e+05
-2.426551e+06 -6.494541e+06 -4.785428e+05
-2.427302e+06 -6.493724e+06 -4.860409e+05
-2.428049e+06 -6.492900e+06 -4.935384e+05
-2.428794e+06 -6.492068e+06 -5.010352e+05
-2.429536e+06 -6.491228e+06 -5.085315e+05
-2.430276e+06 -6.490381e+06 -5.160272e+05
-2.431012e+06 -6.489525e+06 -5.235222e+05
-2.431745e+06 -6.488662e+06 -5.310167e+05
-2.432476e+06 -6.487791e+06 -5.385104e+05
-2.433203e+06 -6.486913e+06 -5.460035e+05
-2.433928e+06 -6.486026e+06 -5.534960e+05
-2.434649e+06 -6.485132e+06 -5.609878e+05
-2.435368e+06 -6.484230e+06 -5.684788e+05
-2.436084e+06 -6.483320e+06 -5.759693e+05
-2.436797e+06 -6.482403e+06 -5.834590e+05
-2.437507e+06 -6.481478e+06 -5.909480e+05
-2.438214e+06 -6.480545e+06 -5.984362e+05
-2.438918e+06 -6.479604e+06 -6.059238e+05
-2.439620e+06 -6.478655e+06 -6.134106e+05
-2.440318e+06 -6.477699e+06 -6.208967e+05
-2.441013e+06 -6.476735e+06 -6.283820e+05
-2.441706e+06 -6.475763e+06 -6.358666e+05
-2.442395e+06 -6.474784e+06 -6.433503e+05
-2.443082e+06 -6.473797e+06 -6.508333e+05
-2.443766e+06 -6.472802e+06 -6.583156e+05
-2.444446e+06 -6.471799e+06 -6.657970e+05
-2.445124e+06 -6.470788e+06 -6.732776e+05
-2.445799e+06 -6.469770e+06 -6.807574e+05
-2.446471e+06 -6.468744e+06 -6.882363e+05
-2.447140e+06 -6.467710e+06 -6.957145e+05
-2.447807e+06 -6.466669e+06 -7.031917e+05
-2.448470e+06 -6.465620e+06 -7.106682e+05
-2.449130e+06 -6.464563e+06 -7.181437e+05
-2.449787e+06 -6.463498e+06 -7.256184e+05
-2.450442e+06 -6.462426e+06 -7.330923e+05
-2.451093e+06 -6.461346e+06 -7.405652e+05
-2.451742e+06 -6.460258e+06 -7.480372e+05
-2.452388e+06 -6.459162e+06 -7.555083e+05
-2.453030e+06 -6.458059e+06 -7.629785e+05
-2.453670e+06 -6.456948e+06 -7.704478e+05
-2.454307e+06 -6.455829e+06 -7.779162e+05
-2.454941e+06 -6.454703e+06 -7.853836e+05
-2.455572e+06 -6.453568e+06 -7.928500e+05
-2.456200e+06 -6.452426e+06 -8.003155e+05
-2.456825e+06 -6.451277e+06 -8.077800e+05
-2.457447e+06 -6.450119e+06 -8.152436e+05
-2.458066e+06 -6.448954e+06 -8.227061e+05
-2.458682e+06 -6.447781e+06 -8.301676e+05
-2.459296e+06 -6.446601e+06 -8.376282e+05
-2.459906e+06 -6.445413e+06 -8.450877e+05
-2.460513e+06 -6.444217e+06 -8.525462e+05
-2.461118e+06 -6.443013e+06 -8.600037e+05
-2.461719e+06 -6.441802e+06 -8.674601e+05
-2.462318e+06 -6.440583e+06 -8.749155e+05
-2.462914e+06 -6.439356e+06 -8.823698e+05
-2.463506e+06 -6.438121e+06 -8.898230e+05
-2.464096e+06 -6.436879e+06 -8.972752e+05
-2.464683e+06 -6.435629e+06 -9.047263e+05
-2.465267e+06 -6.434372e+06 -9.121762e+05
-2.465848e+06 -6.433106e+06 -9.196251e+05
-2.466426e+06 -6.431833e+06 -9.270728e+05
-2.467001e+06 -6.430553e+06 -9.345195e+05
-2.467573e+06 -6.429264e+06 -9.419650e+05
-2.468142e+06 -6.427968e+06 -9.494093e+05
-2.468708e+06 -6.426665e+06 -9.568525e+05
-2.469271e+06 -6.425353e+06 -9.642946e+05
-2.469831e+06 -6.424034e+06 -9.717354e+05
-2.470388e+06 -6.422707e+06 -9.791751e+05
-2.470943e+06 -6.421373e+06 -9.866136e+05
-2.471494e+06 -6.420031e+06 -9.940509e+05
-2.472042e+06 -6.418681e+06 -1.001487e+06
-2.472588e+06 -6.417323e+06 -1.008922e+06
-2.473130e+06 -6.415958e+06 -1.016356e+06
-2.473670e+06 -6.414585e+06 -1.023788e+06
-2.474207e+06 -6.413205e+06 -1.031219e+06
-2.474740e+06 -6.411817e+06 -1.038649e+06
-2.475271e+06 -6.410421e+06 -1.046078e+06
-2.475798e+06 -6.409017e+06 -1.053505e+06
-2.476323e+06 -6.407606e+06 -1.060931e+06
-2.476845e+06 -6.406187e+06 -1.068356e+06
-2.477364e+06 -6.404761e+06 -1.075780e+06
-2.477880e+06 -6.403327e+06 -1.083202e+06
-2.478392e+06 -6.401885e+06 -1.090623e+06
-2.478902e+06 -6.400436e+06 -1.098043e+06
-2.479409e+06 -6.398978e+06 -1.105461e+06
-2.479913e+06 -6.397514e+06 -1.112878e+06
-2.480414e+06 -6.396041e+06 -1.120293e+06
-2.480912e+06 -6.394561e+06 -1.127708e+06
-2.481407e+06 -6.393074e+06 -1.135121e+06
-2.481899e+06 -6.391578e+06 -1.142532e+06
-2.482389e+06 -6.390075e+06 -1.149942e+06
-2.482875e+06 -6.388565e+06 -1.157351e+06
-2.483358e+06 -6.387046e+06 -1.164758e+06
-2.483838e+06 -6.385520e+06 -1.172164e+06
-2.484315e+06 -6.383987e+06 -1.179569e+06
-2.484790e+06 -6.382446e+06 -1.186972e+06
-2.485261e+06 -6.380897e+06 -1.194373e+06
-2.485729e+06 -6.379341e+06 -1.201773e+06
-2.486195e+06 -6.377777e+06 -1.209172e+06
-2.486657e+06 -6.376205e+06 -1.216569e+06
-2.487117e+06 -6.374626e+06 -1.223965e+06
-2.487573e+06 -6.373039e+06 -1.231359e+06
-2.488027e+06 -6.371444e+06 -1.238752e+06
-2.488477e+06 -6.369842e+06 -1.246144e+06
-2.488925e+06 -6.368232e+06 -1.253533e+06
-2.489369e+06 -6.366615e+06 -1.260922e+06
-2.489811e+06 -6.364990e+06 -1.268308e+06
-2.490249e+06 -6.363358e+06 -1.275694e+06
-2.490685e+06 -6.361718e+06 -1.283077e+06
-2.491118e+06 -6.360070e+06 -1.290459e+06
-2.491547e+06 -6.358414e+06 -1.297840e+06
-2.491974e+06 -6.356751e+06 -1.305219e+06
-2.492398e+06 -6.355081e+06 -1.312596e+06
-2.492818e+06 -6.353403e+06 -1.319972e+06
-2.493236e+06 -6.351717e+06 -1.327346e+06
-2.493651e+06 -6.350024e+06 -1.334719e+06
-2.494063e+06 -6.348323e+06 -1.342090e+06
-2.494471e+06 -6.346614e+06 -1.349459e+06
-2.494877e+06 -6.344898e+06 -1.356827e+06
-2.495280e+06 -6.343175e+06 -1.364193e+06
-2.495680e+06 -6.341443e+06 -1.371557e+06
-2.496077e+06 -6.339705e+06 -1.378920e+06
-2.496471e+06 -6.337958e+06 -1.386281e+06
-2.496862e+06 -6.336204e+06 -1.393641e+06
-2.497250e+06 -6.334443e+06 -1.400998e+06
-2.497635e+06 -6.332674e+06 -1.408354e+06
-2.498016e+06 -6.330897e+06 -1.415709e+06
-2.498395e+06 -6.329113e+06 -1.423061e+06
-2.498771e+06 -6.327321e+06 -1.430412e+06
-2.499144e+06 -6.325522e+06 -1.437761e+06
-2.499514e+06 -6.323715e+06 -1.445109e+06
-2.499881e+06 -6.321900e+06 -1.452454e+06
-2.500245e+06 -6.320078e+06 -1.459798e+06
-2.500606e+06 -6.318249e+06 -1.467140e+06
-2.500965e+06 -6.316412e+06 -1.474481e+06
-2.501320e+06 -6.314567e+06 -1.481819e+06
-2.501672e+06 -6.312715e+06 -1.489156e+06
-2.502021e+06 -6.310855e+06 -1.496491e+06
-2.502367e+06 -6.308988e+06 -1.503824e+06
-2.502710e+06 -6.307113e+06 -1.511155e+06
-2.503050e+06 -6.305231e+06 -1.518485e+06
-2.503387e+06 -6.303341e+06 -1.525813e+06
-2.503721e+06 -6.301444e+06 -1.533138e+06
-2.504053e+06 -6.299539e+06 -1.540462e+06
-2.504381e+06 -6.297627e+06 -1.547784e+06
-2.504706e+06 -6.295707e+06 -1.555105e+06
-2.505028e+06 -6.293779e+06 -1.562423e+06
-2.505347e+06 -6.291844e+06 -1.569740e+06
-2.505663e+06 -6.289902e+06 -1.577054e+06
-2.505977e+06 -6.287952e+06 -1.584367e+06
-2.506287e+06 -6.285994e+06 -1.591677e+06
-2.506594e+06 -6.284030e+06 -1.598986e+06
-2.506898e+06 -6.282057e+06 -1.606293e+06
-2.507199e+06 -6.280077e+06 -1.613598e+06
-2.507498e+06 -6.278090e+06 -1.620901e+06
-2.507793e+06 -6.276095e+06 -1.628202e+06
-2.508085e+06 -6.274092e+06 -1.635501e+06
-2.508374e+06 -6.272082e+06 -1.642798e+06
-2.508660e+06 -6.270065e+06 -1.650093e+06
-2.508944e+06 -6.268040e+06 -1.657386e+06
-2.509224e+06 -6.266008e+06 -1.664677e+06
-2.509501e+06 -6.263968e+06 -1.671966e+06
-2.509775e+06 -6.261920e+06 -1.679253e+06
-2.510047e+06 -6.259865e+06 -1.686538e+06
-2.510315e+06 -6.257803e+06 -1.693821e+06
-2.510580e+06 -6.255733e+06 -1.701102e+06
-2.510842e+06 -6.253656e+06 -1.708381e+06
-2.511102e+06 -6.251572e+06 -1.715658e+06
-2.511358e+06 -6.249479e+06 -1.722933e+06
-2.511611e+06 -6.247380e+06 -1.730205e+06
-2.511861e+06 -6.245273e+06 -1.737476e+06
-2.512109e+06 -6.243158e+06 -1.744744e+06
-2.512353e+06 -6.241036e+06 -1.752010e+06
-2.512594e+06 -6.238907e+06 -1.759275e+06
-2.512832e+06 -6.236770e+06 -1.766537e+06
-2.513068e+06 -6.234626e+06 -1.773797e+06
-2.513300e+06 -6.232474e+06 -1.781054e+06
-2.513529e+06 -6.230315e+06 -1.788310e+06
-2.513755e+06 -6.228148e+06 -1.795563e+06
-2.513979e+06 -6.225974e+06 -1.802815e+06
-2.514199e+06 -6.223793e+06 -1.810064e+06
-2.514416e+06 -6.221604e+06 -1.817311e+06
-2.514630e+06 -6.219408e+06 -1.824556e+06
-2.514842e+06 -6.217204e+06 -1.831798e+06
-2.515050e+06 -6.214993e+06 -1.839038e+06
-2.515255e+06 -6.212774e+06 -1.846276e+06
-2.515457e+06 -6.210548e+06 -1.853512e+06
-2.515657e+06 -6.208315e+06 -1.860746e+06
-2.515853e+06 -6.206074e+06 -1.867977e+06
-2.516046e+06 -6.203826e+06 -1.875206e+06
-2.516236e+06 -6.201570e+06 -1.882433e+06
-2.516424e+06 -6.199308e+06 -1.889658e+06
-2.516608e+06 -6.197037e+06 -1.896880e+06
-2.516789e+06 -6.194759e+06 -1.904100e+06
-2.516967e+06 -6.192474e+06 -1.911318e+06
-2.517142e+06 -6.190182e+06 -1.918533e+06
-2.517315e+06 -6.187882e+06 -1.925746e+06
-2.517484e+06 -6.185575e+06 -1.932957e+06
-2.517650e+06 -6.183260e+06 -1.940165e+06
-2.517813e+06 -6.180938e+06 -1.947371e+06
-2.517973e+06 -6.178609e+06 -1.954575e+06
-2.518131e+06 -6.176272e+06 -1.961776e+06
-2.518285e+06 -6.173928e+06 -1.968975e+06
-2.518436e+06 -6.171576e+06 -1.976172e+06
-2.518584e+06 -6.169217e+06 -1.983366e+06
-2.518729e+06 -6.166851e+06 -1.990558e+06
-2.518871e+06 -6.164478e+06 -1.997747e+06
-2.519011e+06 -6.162097e+06 -2.004934e+06
-2.519147e+06 -6.159709e+06 -2.012118e+06
-2.519280e+06 -6.157313e+06 -2.019301e+06
-2.519410e+06 -6.154910e+06 -2.026480e+06
-2.519537e+06 -6.152500e+06 -2.033657e+06
-2.519661e+06 -6.150082e+06 -2.040832e+06
-2.519782e+06 -6.147657e+06 -2.048004e+06
-2.519900e+06 -6.145225e+06 -2.055174e+06
-2.520016e+06 -6.142785e+06 -2.062342e+06
-2.520128e+06 -6.140339e+06 -2.069506e+06
-2.520237e+06 -6.137884e+06 -2.076669e+06
-2.520343e+06 -6.135423e+06 -2.083829e+06
-2.520446e+06 -6.132954e+06 -2.090986e+06
-2.520546e+06 -6.130478e+06 -2.098141e+06
-2.520643e+06 -6.127994e+06 -2.105293e+06
-2.520737e+06 -6.125504e+06 -2.112443e+06
-2.520828e+06 -6.123006e+06 -2.119590e+06
-2.520916e+06 -6.120500e+06 -2.126734e+06
-2.521001e+06 -6.117988e+06 -2.133876e+06
-2.521083e+06 -6.115468e+06 -2.141016e+06
-2.521162e+06 -6.112941e+06 -2.148153e+06
-2.521238e+06 -6.110406e+06 -2.155287e+06
-2.521311e+06 -6.107864e+06 -2.162419e+06
-2.521381e+06 -6.105315e+06 -2.169548e+06
-2.521448e+06 -6.102759e+06 -2.176674e+06
-2.521512e+06 -6.100195e+06 -2.183798e+06
-2.521573e+06 -6.097625e+06 -2.190919e+06
-2.521631e+06 -6.095046e+06 -2.198038e+06
-2.521686e+06 -6.092461e+06 -2.205153e+06
-2.521738e+06 -6.089868e+06 -2.212267e+06
-2.521787e+06 -6.087268e+06 -2.219377e+06
-2.521833e+06 -6.084661e+06 -2.226485e+06
-2.521876e+06 -6.082047e+06 -2.233590e+06
-2.521916e+06 -6.079425e+06 -2.240693e+06
-2.521953e+06 -6.076796e+06 -2.247792e+06
-2.521987e+06 -6.074160e+06 -2.254889e+06
-2.522018e+06 -6.071517e+06 -2.261984e+06
-2.522046e+06 -6.068866e+06 -2.269075e+06
-2.522070e+06 -6.066209e+06 -2.276164e+06
-2.522092e+06 -6.063544e+06 -2.283250e+06
-2.522111e+06 -6.060871e+06 -2.290334e+06
-2.522127e+06 -6.058192e+06 -2.297414e+06
-2.522140e+06 -6.055505e+06 -2.304492e+06
-2.522150e+06 -6.052811e+06 -2.311567e+06
-2.522157e+06 -6.050110e+06 -2.318639e+06
-2.522161e+06 -6.047402e+06 -2.325709e+06
-2.522161e+06 -6.044687e+06 -2.332775e+06
-2.522159e+06 -6.041964e+06 -2.339839e+06
-2.522154e+06 -6.039234e+06 -2.346900e+06
-2.522146e+06 -6.036497e+06 -2.353958e+06
-2.522135e+06 -6.033753e+06 -2.361013e+06
-2.522121e+06 -6.031001e+06 -2.368066e+06
-2.522103e+06 -6.028243e+06 -2.375116e+06
-2.522083e+06 -6.025477e+06 -2.382162e+06
-2.522060e+06 -6.022704e+06 -2.389206e+06
-2.522034e+06 -6.019924e+06 -2.396247e+06
-2.522005e+06 -6.017136e+06 -2.403285e+06
-2.521972e+06 -6.014342e+06 -2.410320e+06
-2.521937e+06 -6.011540e+06 -2.417353e+06
-2.521899e+06 -6.008732e+06 -2.424382e+06
-2.521858e+06 -6.005916e+06 -2.431408e+06
-2.521814e+06 -6.003093e+06 -2.438432e+06
-2.521766e+06 -6.000262e+06 -2.445452e+06
-2.521716e+06 -5.997425e+06 -2.452470e+06
-2.521663e+06 -5.994581e+06 -2.459485e+06
-2.521607e+06 -5.991729e+06 -2.466496e+06
-2.521547e+06 -5.988870e+06 -2.473505e+06
-2.521485e+06 -5.986004e+06 -2.480511e+06
-2.521420e+06 -5.983131e+06 -2.487514e+06
-2.521352e+06 -5.980251e+06 -2.494513e+06
-2.521280e+06 -5.977364e+06 -2.501510e+06
-2.521206e+06 -5.974470e+06 -2.508504e+06
-2.521129e+06 -5.971568e+06 -2.515494e+06
-2.521049e+06 -5.968660e+06 -2.522482e+06
-2.520965e+06 -5.965744e+06 -2.529467e+06
-2.520879e+06 -5.962821e+06 -2.536448e+06
-2.520790e+06 -5.959891e+06 -2.543427e+06
-2.520697e+06 -5.956954e+06 -2.550402e+06
-2.520602e+06 -5.954010e+06 -2.557374e+06
-2.520504e+06 -5.951059e+06 -2.564344e+06
-2.520403e+06 -5.948101e+06 -2.571310e+06
-2.520298e+06 -5.945136e+06 -2.578273e+06
-2.520191e+06 -5.942164e+06 -2.585233e+06
-2.520081e+06 -5.939184e+06 -2.592190e+06
-2.519967e+06 -5.936198e+06 -2.599143e+06
-2.519851e+06 -5.933204e+06 -2.606094e+06
-2.519732e+06 -5.930204e+06 -2.613041e+06
-2.519610e+06 -5.927196e+06 -2.619986e+06
-2.519484e+06 -5.924182e+06 -2.626927e+06
-2.519356e+06 -5.921160e+06 -2.633865e+06
-2.519225e+06 -5.918131e+06 -2.640800e+06
-2.519090e+06 -5.915095e+06 -2.647731e+06
-2.518953e+06 -5.912052e+06 -2.654660e+06
-2.518813e+06 -5.909003e+06 -2.661585e+06
-2.518670e+06 -5.905946e+06 -2.668507e+06
-2.518523e+06 -5.902882e+06 -2.675426e+06
-2.518374e+06 -5.899811e+06 -2.682341e+06
-2.518222e+06 -5.896733e+06 -2.689253e+06
-2.518066e+06 -5.893648e+06 -2.696163e+06
-2.517908e+06 -5.890556e+06 -2.703068e+06
-2.517747e+06 -5.887457e+06 -2.709971e+06
-2.517583e+06 -5.884351e+06 -2.716870e+06
-2.517415e+06 -5.881238e+06 -2.723766e+06
-2.517245e+06 -5.878119e+06 -2.730659e+06
-2.517072e+06 -5.874992e+06 -2.737549e+06
-2.516896e+06 -5.871858e+06 -2.744435e+06
-2.516716e+06 -5.868717e+06 -2.751318e+06
-2.516534e+06 -5.865569e+06 -2.758197e+06
-2.516349e+06 -5.862414e+06 -2.765073e+06
-2.516161e+06 -5.859253e+06 -2.771946e+06
-2.515970e+06 -5.856084e+06 -2.778816e+06
-2.515775e+06 -5.852908e+06 -2.785682e+06
-2.515578e+06 -5.849725e+06 -2.792545e+06
-2.515378e+06 -5.846536e+06 -2.799404e+06
-2.515175e+06 -5.843339e+06 -2.806260e+06
-2.514969e+06 -5.840136e+06 -2.813113e+06
-2.514759e+06 -5.836925e+06 -2.819963e+06
-2.514547e+06 -5.833708e+06 -2.826808e+06
-2.514332e+06 -5.830484e+06 -2.833651e+06
-2.514114e+06 -5.827253e+06 -2.840490e+06
-2.513893e+06 -5.824014e+06 -2.847326e+06
-2.513669e+06 -5.820769e+06 -2.854158e+06
-2.513442e+06 -5.817517e+06 -2.860987e+06
-2.513211e+06 -5.814259e+06 -2.867812e+06
-2.512978e+06 -5.810993e+06 -2.874634e+06
-2.512742e+06 -5.807720e+06 -2.881453e+06
-2.512503e+06 -5.804441e+06 -2.888268e+06
-2.512261e+06 -5.801154e+06 -2.895079e+06
-2.512016e+06 -5.797861e+06 -2.901887e+06
-2.511768e+06 -5.794560e+06 -2.908692e+06
-2.511517e+06 -5.791253e+06 -2.915493e+06
-2.511263e+06 -5.787939e+06 -2.922290e+06
-2.511006e+06 -5.784618e+06 -2.929085e+06
-2.510746e+06 -5.781291e+06 -2.935875e+06
-2.510483e+06 -5.777956e+06 -2.942662e+06
-2.510217e+06 -5.774615e+06 -2.949445e+06
-2.509948e+06 -5.771266e+06 -2.956225e+06
-2.509676e+06 -5.767911e+06 -2.963002e+06
-2.509401e+06 -5.764549e+06 -2.969774e+06
-2.509123e+06 -5.761180e+06 -2.976543e+06
-2.508843e+06 -5.757805e+06 -2.983309e+06
-2.508559e+06 -5.754422e+06 -2.990071e+06
-2.508272e+06 -5.751033e+06 -2.996829e+06
-2.507982e+06 -5.747637e+06 -3.003584e+06
-2.507689e+06 -5.744234e+06 -3.010335e+06
-2.507394e+06 -5.740824e+06 -3.017083e+06
-2.507095e+06 -5.737407e+06 -3.023827e+06
-2.506793e+06 -5.733984e+06 -3.030567e+06
-2.506488e+06 -5.730553e+06 -3.037304e+06
-2.506181e+06 -5.727116e+06 -3.044037e+06
-2.505870e+06 -5.723672e+06 -3.050766e+06
-2.505556e+06 -5.720222e+06 -3.057492e+06
-2.505240e+06 -5.716764e+06 -3.064214e+06
-2.504920e+06 -5.713300e+06 -3.070932e+06
-2.504598e+06 -5.709829e+06 -3.077647e+06
-2.504272e+06 -5.706351e+06 -3.084357e+06
-2.503943e+06 -5.702867e+06 -3.091065e+06
-2.503612e+06 -5.699375e+06 -3.097768e+06
-2.503277e+06 -5.695877e+06 -3.104468e+06
-2.502940e+06 -5.692373e+06 -3.111164e+06
-2.502600e+06 -5.688861e+06 -3.117856e+06
-2.502256e+06 -5.685343e+06 -3.124544e+06
-2.501910e+06 -5.681818e+06 -3.131229e+06
-2.501560e+06 -5.678286e+06 -3.137910e+06
-2.501208e+06 -5.674747e+06 -3.144587e+06
-2.500853e+06 -5.671202e+06 -3.151261e+06
-2.500495e+06 -5.667650e+06 -3.157930e+06
-2.500133e+06 -5.664091e+06 -3.164596e+06
-2.499769e+06 -5.660526e+06 -3.171258e+06
-2.499402e+06 -5.656954e+06 -3.177916e+06
-2.499032e+06 -5.653375e+06 -3.184571e+06
-2.498659e+06 -5.649789e+06 -3.191221e+06
-2.498283e+06 -5.646197e+06 -3.197868e+06
-2.497904e+06 -5.642598e+06 -3.204511e+06
-2.497522e+06 -5.638992e+06 -3.211150e+06
-2.497137e+06 -5.635380e+06 -3.217785e+06
-2.496749e+06 -5.631761e+06 -3.224417e+06
-2.496358e+06 -5.628135e+06 -3.231044e+06
-2.495964e+06 -5.624503e+06 -3.237667e+06
-2.495567e+06 -5.620864e+06 -3.244287e+06
-2.495167e+06 -5.617218e+06 -3.250903e+06
-2.494765e+06 -5.613566e+06 -3.257515e+06
-2.494359e+06 -5.609907e+06 -3.264123e+06
-2.493950e+06 -5.606241e+06 -3.270727e+06
-2.493539e+06 -5.602569e+06 -3.277327e+06
-2.493124e+06 -5.598890e+06 -3.283923e+06
-2.492706e+06 -5.595204e+06 -3.290515e+06
-2.492286e+06 -5.591512e+06 -3.297103e+06
-2.491862e+06 -5.587813e+06 -3.303687e+06
-2.491436e+06 -5.584108e+06 -3.310268e+06
-2.491007e+06 -5.580396e+06 -3.316844e+06
-2.490574e+06 -5.576677e+06 -3.323416e+06
-2.490139e+06 -5.572952e+06 -3.329985e+06
-2.489701e+06 -5.569220e+06 -3.336549e+06
-2.489259e+06 -5.565481e+06 -3.343109e+06
-2.488815e+06 -5.561736e+06 -3.349666e+06
-2.488368e+06 -5.557984e+06 -3.356218e+06
-2.487918e+06 -5.554226e+06 -3.362766e+06
-2.487465e+06 -5.550461e+06 -3.369310e+06
-2.487009e+06 -5.546690e+06 -3.375851e+06
-2.486550e+06 -5.542912e+06 -3.382387e+06
-2.486088e+06 -5.539127e+06 -3.388919e+06
-2.485623e+06 -5.535336e+06 -3.395447e+06
-2.485156e+06 -5.531539e+06 -3.401971e+06
-2.484685e+06 -5.527734e+06 -3.408490e+06
-2.484211e+06 -5.523923e+06 -3.415006e+06
-2.483735e+06 -5.520106e+06 -3.421518e+06
-2.483255e+06 -5.516282e+06 -3.428025e+06
-2.482772e+06 -5.512452e+06 -3.434529e+06
-2.482287e+06 -5.508615e+06 -3.441028e+06
-2.481799e+06 -5.504772e+06 -3.447523e+06
-2.481307e+06 -5.500922e+06 -3.454014e+06
-2.480813e+06 -5.497065e+06 -3.460501e+06
-2.480316e+06 -5.493202e+06 -3.466984e+06
-2.479816e+06 -5.489333e+06 -3.473462e+06
-2.479312e+06 -5.485457e+06 -3.479937e+06
-2.478806e+06 -5.481574e+06 -3.486407e+06
-2.478297e+06 -5.477685e+06 -3.492873e+06
-2.477785e+06 -5.473790e+06 -3.499334e+06
-2.477271e+06 -5.469888e+06 -3.505792e+06
-2.476753e+06 -5.465979e+06 -3.512245e+06
-2.476232e+06 -5.462064e+06 -3.518695e+06
-2.475708e+06 -5.458143e+06 -3.525140e+06
-2.475182e+06 -5.454215e+06 -3.531580e+06
-2.474652e+06 -5.450281e+06 -3.538017e+06
-2.474120e+06 -5.446340e+06 -3.544449e+06
-2.473584e+06 -5.442393e+06 -3.550877e+06
-2.473046e+06 -5.438439e+06 -3.557301e+06
-2.472505e+06 -5.434479e+06 -3.563720e+06
-2.471960e+06 -5.430513e+06 -3.570135e+06
-2.471413e+06 -5.426540e+06 -3.576546e+06
-2.470863e+06 -5.422561e+06 -3.582953e+06
-2.470310e+06 -5.418575e+06 -3.589355e+06
-2.469754e+06 -5.414583e+06 -3.595753e+06
-2.469195e+06 -5.410584e+06 -3.602147e+06
-2.468633e+06 -5.406579e+06 -3.608536e+06
-2.468069e+06 -5.402568e+06 -3.614921e+06
-2.467501e+06 -5.398550e+06 -3.621302e+06
-2.466930e+06 -5.394526e+06 -3.627678e+06
-2.466357e+06 -5.390495e+06 -3.634050e+06
-2.465781e+06 -5.386458e+06 -3.640418e+06
-2.465201e+06 -5.382415e+06 -3.646781e+06
-2.464619e+06 -5.378366e+06 -3.653140e+06
-2.464034e+06 -5.374310e+06 -3.659495e+06
-2.463446e+06 -5.370247e+06 -3.665845e+06
-2.462855e+06 -5.366178e+06 -3.672190e+06
-2.462261e+06 -5.362103e+06 -3.678532e+06
-2.461664e+06 -5.358022e+06 -3.684869e+06
-2.461064e+06 -5.353934e+06 -3.691201e+06
-2.460461e+06 -5.349840e+06 -3.697529e+06
-2.459856e+06 -5.345740e+06 -3.703853e+06
-2.459247e+06 -5.341633e+06 -3.710172e+06
-2.458636e+06 -5.337520e+06 -3.716487e+06
-2.458022e+06 -5.333401e+06 -3.722797e+06
-2.457404e+06 -5.329275e+06 -3.729103e+06
-2.456784e+06 -5.325143e+06 -3.735404e+06
-2.456161e+06 -5.321005e+06 -3.741701e+06
-2.455535e+06 -5.316860e+06 -3.747993e+06
-2.454906e+06 -5.312709e+06 -3.754281e+06
-2.454274e+06 -5.308552e+06 -3.760565e+06
-2.453640e+06 -5.304389e+06 -3.766844e+06
-2.453002e+06 -5.300219e+06 -3.773118e+06
-2.452362e+06 -5.296043e+06 -3.779388e+06
-2.451718e+06 -5.291861e+06 -3.785653e+06
-2.451072e+06 -5.287673e+06 -3.791914e+06
-2.450423e+06 -5.283478e+06 -3.798170e+06
-2.449770e+06 -5.279277e+06 -3.804422e+06
-2.449115e+06 -5.275070e+06 -3.810669e+06
-2.448457e+06 -5.270857e+06 -3.816912e+06
-2.447797e+06 -5.266637e+06 -3.823150e+06
-2.447133e+06 -5.262411e+06 -3.829383e+06
-2.446466e+06 -5.258179e+06 -3.835612e+06
-2.445797e+06 -5.253941e+06 -3.841836e+06
-2.445124e+06 -5.249696e+06 -3.848056e+06
-2.444449e+06 -5.245446e+06 -3.854271e+06
-2.443771e+06 -5.241189e+06 -3.860481e+06
-2.443090e+06 -5.236926e+06 -3.866687e+06
-2.442406e+06 -5.232656e+06 -3.872888e+06
-2.441719e+06 -5.228381e+06 -3.879084e+06
-2.441029e+06 -5.224099e+06 -3.885276e+06
-2.440336e+06 -5.219811e+06 -3.891463e+06
-2.439641e+06 -5.215518e+06 -3.897646e+06
-2.438942e+06 -5.211217e+06 -3.903824e+06
-2.438241e+06 -5.206911e+06 -3.909997e+06
-2.437537e+06 -5.202599e+06 -3.916165e+06
-2.436830e+06 -5.198280e+06 -3.922329e+06
-2.436120e+06 -5.193955e+06 -3.928488e+06
-2.435407e+06 -5.189625e+06 -3.934643e+06
-2.434691e+06 -5.185288e+06 -3.940792e+06
-2.433973e+06 -5.180944e+06 -3.946937e+06
-2.433251e+06 -5.176595e+06 -3.953078e+06
-2.432527e+06 -5.172240e+06 -3.959213e+06
-2.431800e+06 -5.167878e+06 -3.965344e+06
-2.431069e+06 -5.163511e+06 -3.971470e+06
-2.430336e+06 -5.159137e+06 -3.977591e+06
-2.429601e+06 -5.154758e+06 -3.983708e+06
-2.428862e+06 -5.150372e+06 -3.989820e+06
-2.428120e+06 -5.145980e+06 -3.995926e+06
-2.427376e+06 -5.141582e+06 -4.002029e+06
-2.426628e+06 -5.137178e+06 -4.008126e+06
-2.425878e+06 -5.132768e+06 -4.014219e+06
-2.425125e+06 -5.128352e+06 -4.020306e+06
-2.424369e+06 -5.123929e+06 -4.026389e+06
-2.423610e+06 -5.119501e+06 -4.032468e+06
-2.422848e+06 -5.115067e+06 -4.038541e+06
-2.422084e+06 -5.110626e+06 -4.044609e+06
-2.421316e+06 -5.106180e+06 -4.050673e+06
-2.420546e+06 -5.101728e+06 -4.056732e+06
-2.419773e+06 -5.097269e+06 -4.062786e+06
-2.418997e+06 -5.092805e+06 -4.068835e+06
-2.418218e+06 -5.088334e+06 -4.074879e+06
-2.417436e+06 -5.083858e+06 -4.080918e+06
-2.416652e+06 -5.079375e+06 -4.086953e+06
-2.415864e+06 -5.074887e+06 -4.092983e+06
-2.415074e+06 -5.070393e+06 -4.099007e+06
-2.414281e+06 -5.065892e+06 -4.105027e+06
-2.413485e+06 -5.061386e+06 -4.111042e+06
-2.412686e+06 -5.056873e+06 -4.117052e+06
-2.411884e+06 -5.052355e+06 -4.123057e+06
-2.411079e+06 -5.047831e+06 -4.129057e+06
-2.410272e+06 -5.043301e+06 -4.135052e+06
-2.409462e+06 -5.038764e+06 -4.141042e+06
-2.408649e+06 -5.034222e+06 -4.147027e+06
-2.407833e+06 -5.029674e+06 -4.153008e+06
-2.407014e+06 -5.025120e+06 -4.158983e+06
-2.406192e+06 -5.020560e+06 -4.164953e+06
-2.405368e+06 -5.015995e+06 -4.170919e+06
-2.404540e+06 -5.011423e+06 -4.176879e+06
-2.403710e+06 -5.006845e+06 -4.182835e+06
-2.402877e+06 -5.002262e+06 -4.188785e+06
-2.402041e+06 -4.997672e+06 -4.194730e+06
-2.401202e+06 -4.993077e+06 -4.200671e+06
-2.400361e+06 -4.988475e+06 -4.206606e+06
-2.399516e+06 -4.983868e+06 -4.212536e+06
-2.398669e+06 -4.979255e+06 -4.218462e+06
-2.397819e+06 -4.974636e+06 -4.224382e+06
-2.396966e+06 -4.970012e+06 -4.230297e+06
-2.396111e+06 -4.965381e+06 -4.236207e+06
-2.395252e+06 -4.960745e+06 -4.242112e+06
-2.394391e+06 -4.956102e+06 -4.248012e+06
-2.393526e+06 -4.951454e+06 -4.253907e+06
-2.392659e+06 -4.946800e+06 -4.259797e+06
-2.391790e+06 -4.942140e+06 -4.265682e+06
-2.390917e+06 -4.937475e+06 -4.271561e+06
-2.390041e+06 -4.932803e+06 -4.277436e+06
-2.389163e+06 -4.928126e+06 -4.283305e+06
-2.388282e+06 -4.923443e+06 -4.289170e+06
-2.387398e+06 -4.918754e+06 -4.295029e+06
-2.386511e+06 -4.914060e+06 -4.300883e+06
-2.385621e+06 -4.909359e+06 -4.306732e+06
-2.384729e+06 -4.904653e+06 -4.312575e+06
-2.383834e+06 -4.899941e+06 -4.318414e+06
-2.382936e+06 -4.895223e+06 -4.324248e+06
-2.382035e+06 -4.890499e+06 -4.330076e+06
-2.381131e+06 -4.885770e+06 -4.335899e+06
-2.380225e+06 -4.881035e+06 -4.341717e+06
-2.379315e+06 -4.876294e+06 -4.347530e+06
-2.378403e+06 -4.871548e+06 -4.353337e+06
-2.377488e+06 -4.866795e+06 -4.359140e+06
-2.376571e+06 -4.862037e+06 -4.364937e+06
-2.375650e+06 -4.857274e+06 -4.370729e+06
-2.374727e+06 -4.852504e+06 -4.376515e+06
-2.373801e+06 -4.847729e+06 -4.382297e+06
-2.372872e+06 -4.842948e+06 -4.388073e+06
-2.371940e+06 -4.838161e+06 -4.393844e+06
-2.371005e+06 -4.833369e+06 -4.399610e+06
-2.370068e+06 -4.828571e+06 -4.405370e+06
-2.369128e+06 -4.823767e+06 -4.411126e+06
-2.368185e+06 -4.818958e+06 -4.416876e+06
-2.367239e+06 -4.814143e+06 -4.422620e+06
-2.366291e+06 -4.809322e+06 -4.428360e+06
-2.365339e+06 -4.804496e+06 -4.434094e+06
-2.364385e+06 -4.799664e+06 -4.439823e+06
-2.363428e+06 -4.794826e+06 -4.445546e+06
-2.362469e+06 -4.789983e+06 -4.451264e+06
-2.361506e+06 -4.785134e+06 -4.456977e+06
-2.360541e+06 -4.780279e+06 -4.462685e+06
-2.359573e+06 -4.775419e+06 -4.468387e+06
-2.358602e+06 -4.770553e+06 -4.474084e+06
-2.357629e+06 -4.765682e+06 -4.479776e+06
-2.356652e+06 -4.760805e+06 -4.485462e+06
-2.355673e+06 -4.755922e+06 -4.491143e+06
-2.354691e+06 -4.751034e+06 -4.496819e+06
-2.353706e+06 -4.746140e+06 -4.502489e+06
-2.352719e+06 -4.741240e+06 -4.508154e+06
-2.351729e+06 -4.736335e+06 -4.513813e+06
-2.350736e+06 -4.731425e+06 -4.519467e+06
-2.349740e+06 -4.726509e+06 -4.525116e+06
-2.348741e+06 -4.721587e+06 -4.530759e+06
-2.347740e+06 -4.716660e+06 -4.536397e+06
-2.346736e+06 -4.711727e+06 -4.542029e+06
-2.345729e+06 -4.706789e+06 -4.547656e+06
-2.344719e+06 -4.701845e+06 -4.553278e+06
-2.343707e+06 -4.696895e+06 -4.558894e+06
-2.342691e+06 -4.691940e+06 -4.564505e+06
-2.341673e+06 -4.686980e+06 -4.570110e+06
-2.340653e+06 -4.682014e+06 -4.575710e+06
-2.339629e+06 -4.677042e+06 -4.581304e+06
-2.338603e+06 -4.672065e+06 -4.586893e+06
-2.337574e+06 -4.667083e+06 -4.592476e+06
-2.336542e+06 -4.662095e+06 -4.598054e+06
-2.335508e+06 -4.657101e+06 -4.603627e+06
-2.334471e+06 -4.652102e+06 -4.609194e+06
-2.333431e+06 -4.647098e+06 -4.614755e+06
-2.332388e+06 -4.642088e+06 -4.620311e+06
-2.331342e+06 -4.637073e+06 -4.625862e+06
-2.330294e+06 -4.632052e+06 -4.631407e+06
-2.329243e+06 -4.627026e+06 -4.636946e+06
-2.328189e+06 -4.621994e+06 -4.642480e+06
-2.327133e+06 -4.616957e+06 -4.648008e+06
-2.326074e+06 -4.611915e+06 -4.653531e+06
-2.325012e+06 -4.606867e+06 -4.659049e+06
-2.323947e+06 -4.601813e+06 -4.664560e+06
-2.322880e+06 -4.596754e+06 -4.670066e+06
-2.321809e+06 -4.591690e+06 -4.675567e+06
-2.320736e+06 -4.586621e+06 -4.681062e+06
-2.319661e+06 -4.581546e+06 -4.686552e+06
-2.318582e+06 -4.576465e+06 -4.692035e+06
-2.317501e+06 -4.571380e+06 -4.697514e+06
-2.316417e+06 -4.566289e+06 -4.702986e+06
-2.315331e+06 -4.561192e+06 -4.708453e+06
-2.314242e+06 -4.556090e+06 -4.713915e+06
-2.313150e+06 -4.550983e+06 -4.719371e+06
-2.312055e+06 -4.545871e+06 -4.724821e+06
-2.310957e+06 -4.540753e+06 -4.730265e+06
-2.309857e+06 -4.535629e+06 -4.735704e+06
-2.308754e+06 -4.530501e+06 -4.741138e+06
-2.307649e+06 -4.525367e+06 -4.746565e+06
-2.306540e+06 -4.520228e+06 -4.751987e+06
-2.305429e+06 -4.515083e+06 -4.757404e+06
-2.304315e+06 -4.509934e+06 -4.762814e+06
-2.303199e+06 -4.504779e+06 -4.768219e+06
-2.302080e+06 -4.499618e+06 -4.773619e+06
-2.300958e+06 -4.494453e+06 -4.779012e+06
-2.299833e+06 -4.489282e+06 -4.784400e+06
-2.298706e+06 -4.484105e+06 -4.789783e+06
-2.297576e+06 -4.478924e+06 -4.795159e+06
-2.296443e+06 -4.473737e+06 -4.800530e+06
-2.295307e+06 -4.468545e+06 -4.805895e+06
-2.294169e+06 -4.463348e+06 -4.811254e+06
-2.293028e+06 -4.458145e+06 -4.816608e+06
-2.291885e+06 -4.452938e+06 -4.821956e+06
-2.290739e+06 -4.447725e+06 -4.827298e+06
-2.289590e+06 -4.442507e+06 -4.832635e+06
-2.288438e+06 -4.437283e+06 -4.837965e+06
-2.287284e+06 -4.432055e+06 -4.843290e+06
-2.286127e+06 -4.426821e+06 -4.848609e+06
-2.284967e+06 -4.421582e+06 -4.853923e+06
-2.283805e+06 -4.416338e+06 -4.859230e+06
-2.282639e+06 -4.411088e+06 -4.864532e+06
-2.281472e+06 -4.405834e+06 -4.869828e+06
-2.280301e+06 -4.400574e+06 -4.875118e+06
-2.279128e+06 -4.395309e+06 -4.880403e+06
-2.277952e+06 -4.390039e+06 -4.885681e+06
-2.276774e+06 -4.384764e+06 -4.890954e+06
-2.275593e+06 -4.379484e+06 -4.896221e+06
-2.274409e+06 -4.374198e+06 -4.901482e+06
-2.273222e+06 -4.368908e+06 -4.906738e+06
-2.272033e+06 -4.363612e+06 -4.911987e+06
-2.270841e+06 -4.358311e+06 -4.917231e+06
-2.269646e+06 -4.353005e+06 -4.922469e+06
-2.268449e+06 -4.347694e+06 -4.927700e+06
-2.267249e+06 -4.342378e+06 -4.932927e+06
-2.266047e+06 -4.337057e+06 -4.938147e+06
-2.264841e+06 -4.331730e+06 -4.943361e+06
-2.263634e+06 -4.326399e+06 -4.948569e+06
-2.262423e+06 -4.321062e+06 -4.953772e+06
-2.261210e+06 -4.315721e+06 -4.958969e+06
-2.259994e+06 -4.310374e+06 -4.964159e+06
-2.258775e+06 -4.305022e+06 -4.969344e+06
-2.257554e+06 -4.299666e+06 -4.974523e+06
-2.256330e+06 -4.294304e+06 -4.979696e+06
-2.255104e+06 -4.288937e+06 -4.984863e+06
-2.253875e+06 -4.283565e+06 -4.990025e+06
-2.252643e+06 -4.278188e+06 -4.995180e+06
-2.251408e+06 -4.272806e+06 -5.000329e+06
-2.250171e+06 -4.267419e+06 -5.005472e+06
-2.248932e+06 -4.262027e+06 -5.010610e+06
-2.247689e+06 -4.256631e+06 -5.015741e+06
-2.246444e+06 -4.251229e+06 -5.020867e+06
-2.245196e+06 -4.245822e+06 -5.025986e+06
-2.243946e+06 -4.240410e+06 -5.031100e+06
-2.242693e+06 -4.234993e+06 -5.036207e+06
-2.241438e+06 -4.229571e+06 -5.041309e+06
-2.240179e+06 -4.224144e+06 -5.046404e+06
-2.238918e+06 -4.218713e+06 -5.051494e+06
-2.237655e+06 -4.213276e+06 -5.056577e+06
-2.236389e+06 -4.207834e+06 -5.061655e+06
-2.235120e+06 -4.202388e+06 -5.066727e+06
-2.233849e+06 -4.196936e+06 -5.071792e+06
-2.232575e+06 -4.191480e+06 -5.076852e+06
-2.231298e+06 -4.186019e+06 -5.081905e+06
-2.230019e+06 -4.180553e+06 -5.086952e+06
-2.228737e+06 -4.175082e+06 -5.091994e+06
-2.227452e+06 -4.169606e+06 -5.097029e+06
-2.226165e+06 -4.164125e+06 -5.102058e+06
-2.224876e+06 -4.158639e+06 -5.107081e+06
-2.223583e+06 -4.153148e+06 -5.112099e+06
-2.222288e+06 -4.147653e+06 -5.117110e+06
-2.220991e+06 -4.142152e+06 -5.122115e+06
-2.219691e+06 -4.136647e+06 -5.127113e+06
-2.218388e+06 -4.131137e+06 -5.132106e+06
-2.217082e+06 -4.125622e+06 -5.137093e+06
-2.215774e+06 -4.120103e+06 -5.142073e+06
-2.214464e+06 -4.114578e+06 -5.147048e+06
-2.213151e+06 -4.109049e+06 -5.152016e+06
-2.211835e+06 -4.103514e+06 -5.156978e+06
-2.210517e+06 -4.097975e+06 -5.161935e+06
-2.209196e+06 -4.092432e+06 -5.166885e+06
-2.207872e+06 -4.086883e+06 -5.171828e+06
-2.206546e+06 -4.081330e+06 -5.176766e+06
-2.205217e+06 -4.075772e+06 -5.181698e+06
-2.203886e+06 -4.070209e+06 -5.186623e+06
-2.202552e+06 -4.064641e+06 -5.191542e+06
-2.201215e+06 -4.059069e+06 -5.196455e+06
-2.199876e+06 -4.053491e+06 -5.201362e+06
-2.198534e+06 -4.047909e+06 -5.206263e+06
-2.197190e+06 -4.042323e+06 -5.211157e+06
-2.195843e+06 -4.036731e+06 -5.216046e+06
-2.194494e+06 -4.031135e+06 -5.220928e+06
-2.193142e+06 -4.025534e+06 -5.225804e+06
-2.191787e+06 -4.019929e+06 -5.230674e+06
-2.190430e+06 -4.014318e+06 -5.235537e+06
-2.189070e+06 -4.008703e+06 -5.240394e+06
-2.187708e+06 -4.003084e+06 -5.245246e+06
-2.186343e+06 -3.997459e+06 -5.250090e+06
-2.184976e+06 -3.991830e+06 -5.254929e+06
-2.183606e+06 -3.986197e+06 -5.259761e+06
-2.182233e+06 -3.980558e+06 -5.264588e+06
-2.180858e+06 -3.974915e+06 -5.269408e+06
-2.179480e+06 -3.969268e+06 -5.274221e+06
-2.178100e+06 -3.963615e+06 -5.279029e+06
-2.176717e+06 -3.957958e+06 -5.283830e+06
-2.175332e+06 -3.952297e+06 -5.288625e+06
-2.173944e+06 -3.946630e+06 -5.293413e+06
-2.172554e+06 -3.940960e+06 -5.298195e+06
-2.171160e+06 -3.935284e+06 -5.302971e+06
-2.169765e+06 -3.929604e+06 -5.307741e+06
-2.168367e+06 -3.923919e+06 -5.312505e+06
-2.166966e+06 -3.918230e+06 -5.317262e+06
-2.165563e+06 -3.912536e+06 -5.322013e+06
-2.164157e+06 -3.906838e+06 -5.326757e+06
-2.162749e+06 -3.901135e+06 -5.331495e+06
-2.161338e+06 -3.895427e+06 -5.336227e+06
-2.159925e+06 -3.889715e+06 -5.340953e+06
-2.158509e+06 -3.883999e+06 -5.345672e+06
-2.157091e+06 -3.878277e+06 -5.350385e+06
-2.155670e+06 -3.872552e+06 -5.355091e+06
-2.154246e+06 -3.866821e+06 -5.359791e+06
-2.152820e+06 -3.861087e+06 -5.364485e+06
-2.151392e+06 -3.855347e+06 -5.369172e+06
-2.149961e+06 -3.849603e+06 -5.373853e+06
-2.148527e+06 -3.843855e+06 -5.378528e+06
-2.147091e+06 -3.838102e+06 -5.383196e+06
-2.145652e+06 -3.832345e+06 -5.387858e+06
-2.144211e+06 -3.826583e+06 -5.392514e+06
-2.142768e+06 -3.820817e+06 -5.397163e+06
-2.141321e+06 -3.815046e+06 -5.401806e+06
-2.139873e+06 -3.809271e+06 -5.406442e+06
-2.138422e+06 -3.803492e+06 -5.411072e+06
-2.136968e+06 -3.797707e+06 -5.415695e+06
-2.135512e+06 -3.791919e+06 -5.420313e+06
-2.134053e+06 -3.786126e+06 -5.424923e+06
-2.132592e+06 -3.780329e+06 -5.429527e+06
-2.131128e+06 -3.774527e+06 -5.434125e+06
-2.129662e+06 -3.768721e+06 -5.438716e+06
-2.128193e+06 -3.762910e+06 -5.443301e+06
-2.126722e+06 -3.757095e+06 -5.447880e+06
-2.125248e+06 -3.751276e+06 -5.452452e+06
-2.123772e+06 -3.745452e+06 -5.457017e+06
-2.122294e+06 -3.739624e+06 -5.461576e+06
-2.120812e+06 -3.733791e+06 -5.466129e+06
-2.119329e+06 -3.727954e+06 -5.470675e+06
-2.117843e+06 -3.722113e+06 -5.475215e+06
-2.116354e+06 -3.716267e+06 -5.479748e+06
-2.114863e+06 -3.710417e+06 -5.484274e+06
-2.113369e+06 -3.704563e+06 -5.488795e+06
-2.111873e+06 -3.698705e+06 -5.493308e+06
-2.110375e+06 -3.692842e+06 -5.497815e+06
-2.108874e+06 -3.686974e+06 -5.502316e+06
-2.107370e+06 -3.681103e+06 -5.506810e+06
-2.105865e+06 -3.675227e+06 -5.511297e+06
-2.104356e+06 -3.669347e+06 -5.515779e+06
-2.102845e+06 -3.663462e+06 -5.520253e+06
-2.101332e+06 -3.657574e+06 -5.524721e+06
-2.099816e+06 -3.651681e+06 -5.529182e+06
-2.098298e+06 -3.645783e+06 -5.533637e+06
-2.096777e+06 -3.639882e+06 -5.538086e+06
-2.095254e+06 -3.633976e+06 -5.542527e+06
-2.093729e+06 -3.628066e+06 -5.546962e+06
-2.092200e+06 -3.622152e+06 -5.551391e+06
-2.090670e+06 -3.616234e+06 -5.555813e+06
-2.089137e+06 -3.610311e+06 -5.560229e+06
-2.087602e+06 -3.604384e+06 -5.564637e+06
-2.086064e+06 -3.598453e+06 -5.569040e+06
-2.084523e+06 -3.592518e+06 -5.573435e+06
-2.082981e+06 -3.586578e+06 -5.577824e+06
-2.081435e+06 -3.580634e+06 -5.582207e+06
-2.079888e+06 -3.574686e+06 -5.586583e+06
-2.078338e+06 -3.568734e+06 -5.590952e+06
-2.076785e+06 -3.562778e+06 -5.595315e+06
-2.075230e+06 -3.556818e+06 -5.599671e+06
-2.073673e+06 -3.550853e+06 -5.604020e+06
-2.072113e+06 -3.544885e+06 -5.608363e+06
-2.070551e+06 -3.538912e+06 -5.612699e+06
-2.068986e+06 -3.532935e+06 -5.617028e+06
-2.067419e+06 -3.526954e+06 -5.621351e+06
-2.065850e+06 -3.520969e+06 -5.625667e+06
-2.064278e+06 -3.514979e+06 -5.629977e+06
-2.062704e+06 -3.508986e+06 -5.634280e+06
-2.061127e+06 -3.502989e+06 -5.638576e+06
-2.059548e+06 -3.496987e+06 -5.642865e+06
-2.057966e+06 -3.490981e+06 -5.647148e+06
-2.056382e+06 -3.484972e+06 -5.651424e+06
-2.054796e+06 -3.478958e+06 -5.655694e+06
-2.053207e+06 -3.472940e+06 -5.659956e+06
-2.051616e+06 -3.466918e+06 -5.664212e+06
-2.050022e+06 -3.460892e+06 -5.668462e+06
-2.048426e+06 -3.454862e+06 -5.672704e+06
-2.046828e+06 -3.448828e+06 -5.676940e+06
-2.045227e+06 -3.442790e+06 -5.681169e+06
-2.043624e+06 -3.436748e+06 -5.685392e+06
-2.042019e+06 -3.430702e+06 -5.689608e+06
-2.040411e+06 -3.424652e+06 -5.693817e+06
-2.038800e+06 -3.418598e+06 -5.698019e+06
-2.037187e+06 -3.412540e+06 -5.702215e+06
-2.035572e+06 -3.406478e+06 -5.706403e+06
-2.033955e+06 -3.400412e+06 -5.710585e+06
-2.032335e+06 -3.394342e+06 -5.714761e+06
-2.030713e+06 -3.388268e+06 -5.718929e+06
-2.029088e+06 -3.382190e+06 -5.723091e+06
-2.027461e+06 -3.376108e+06 -5.727246e+06
-2.025832e+06 -3.370022e+06 -5.731394e+06
-2.024200e+06 -3.363933e+06 -5.735536e+06
-2.022566e+06 -3.357839e+06 -5.739670e+06
-2.020929e+06 -3.351741e+06 -5.743798e+06
-2.019291e+06 -3.345640e+06 -5.747919e+06
-2.017649e+06 -3.339535e+06 -5.752034e+06
-2.016006e+06 -3.333425e+06 -5.756141e+06
-2.014360e+06 -3.327312e+06 -5.760242e+06
-2.012712e+06 -3.321195e+06 -5.764336e+06
-2.011061e+06 -3.315074e+06 -5.768423e+06
-2.009408e+06 -3.308950e+06 -5.772503e+06
-2.007753e+06 -3.302821e+06 -5.776576e+06
-2.006095e+06 -3.296689e+06 -5.780643e+06
-2.004435e+06 -3.290552e+06 -5.784702e+06
-2.002773e+06 -3.284412e+06 -5.788755e+06
-2.001108e+06 -3.278268e+06 -5.792801e+06
-1.999441e+06 -3.272121e+06 -5.796841e+06
-1.997771e+06 -3.265969e+06 -5.800873e+06
-1.996100e+06 -3.259814e+06 -5.804898e+06
-1.994426e+06 -3.253654e+06 -5.808917e+06
-1.992749e+06 -3.247491e+06 -5.812929e+06
-1.991070e+06 -3.241325e+06 -5.816934e+06
-1.989389e+06 -3.235154e+06 -5.820932e+06
-1.987706e+06 -3.228980e+06 -5.824923e+06
-1.986020e+06 -3.222802e+06 -5.828907e+06
-1.984332e+06 -3.216620e+06 -5.832884e+06
-1.982642e+06 -3.210434e+06 -5.836855e+06
-1.980949e+06 -3.204245e+06 -5.840819e+06
-1.979254e+06 -3.198052e+06 -5.844775e+06
-1.977557e+06 -3.191855e+06 -5.848725e+06
-1.975857e+06 -3.185655e+06 -5.852668e+06
-1.974155e+06 -3.179451e+06 -5.856604e+06
-1.972451e+06 -3.173243e+06 -5.860533e+06
-1.970745e+06 -3.167031e+06 -5.864455e+06
-1.969036e+06 -3.160816e+06 -5.868370e+06
-1.967325e+06 -3.154597e+06 -5.872278e+06
-1.965611e+06 -3.148374e+06 -5.876180e+06
-1.963896e+06 -3.142148e+06 -5.880074e+06
-1.962178e+06 -3.135918e+06 -5.883961e+06
-1.960457e+06 -3.129684e+06 -5.887842e+06
-1.958735e+06 -3.123447e+06 -5.891715e+06
-1.957010e+06 -3.117206e+06 -5.895582e+06
-1.955282e+06 -3.110962e+06 -5.899441e+06
-1.953553e+06 -3.104713e+06 -5.903294e+06
-1.951821e+06 -3.098462e+06 -5.907140e+06
-1.950087e+06 -3.092206e+06 -5.910978e+06
-1.948351e+06 -3.085947e+06 -5.914810e+06
-1.946612e+06 -3.079685e+06 -5.918635e+06
-1.944871e+06 -3.073418e+06 -5.922452e+06
-1.943128e+06 -3.067149e+06 -5.926263e+06
-1.941383e+06 -3.060875e+06 -5.930067e+06
-1.939635e+06 -3.054599e+06 -5.933863e+06
-1.937885e+06 -3.048318e+06 -5.937653e+06
-1.936133e+06 -3.042034e+06 -5.941436e+06
-1.934378e+06 -3.035747e+06 -5.945211e+06
-1.932622e+06 -3.029456e+06 -5.948980e+06
-1.930863e+06 -3.023161e+06 -5.952742e+06
-1.929101e+06 -3.016863e+06 -5.956496e+06
-1.927338e+06 -3.010561e+06 -5.960244e+06
-1.925572e+06 -3.004256e+06 -5.963984e+06
-1.923804e+06 -2.997948e+06 -5.967718e+06
-1.922034e+06 -2.991635e+06 -5.971444e+06
-1.920261e+06 -2.985320e+06 -5.975164e+06
-1.918487e+06 -2.979001e+06 -5.978876e+06
-1.916710e+06 -2.972678e+06 -5.982581e+06
-1.914930e+06 -2.966352e+06 -5.986280e+06
-1.913149e+06 -2.960023e+06 -5.989971e+06
-1.911365e+06 -2.953690e+06 -5.993655e+06
-1.909579e+06 -2.947354e+06 -5.997332e+06
-1.907791e+06 -2.941014e+06 -6.001002e+06
-1.906001e+06 -2.934671e+06 -6.004665e+06
-1.904208e+06 -2.928324e+06 -6.008320e+06
-1.902413e+06 -2.921974e+06 -6.011969e+06
-1.900616e+06 -2.915621e+06 -6.015611e+06
-1.898817e+06 -2.909264e+06 -6.019245e+06
-1.897016e+06 -2.902904e+06 -6.022872e+06
-1.895212e+06 -2.896540e+06 -6.026493e+06
-1.893406e+06 -2.890173e+06 -6.030106e+06
-1.891598e+06 -2.883803e+06 -6.033712e+06
-1.889787e+06 -2.877430e+06 -6.037311e+06
-1.887975e+06 -2.871053e+06 -6.040903e+06
-1.886160e+06 -2.864672e+06 -6.044487e+06
-1.884343e+06 -2.858289e+06 -6.048065e+06
-1.882524e+06 -2.851902e+06 -6.051635e+06
-1.880703e+06 -2.845511e+06 -6.055199e+06
-1.878879e+06 -2.839118e+06 -6.058755e+06
-1.877053e+06 -2.832721e+06 -6.062304e+06
-1.875225e+06 -2.826321e+06 -6.065845e+06
-1.873395e+06 -2.819917e+06 -6.069380e+06
-1.871563e+06 -2.813510e+06 -6.072908e+06
-1.869729e+06 -2.807100e+06 -6.076428e+06
-1.867892e+06 -2.800687e+06 -6.079941e+06
-1.866053e+06 -2.794271e+06 -6.083447e+06
-1.864212e+06 -2.787851e+06 -6.086946e+06
-1.862369e+06 -2.781428e+06 -6.090438e+06
-1.860523e+06 -2.775002e+06 -6.093922e+06
-1.858676e+06 -2.768572e+06 -6.097399e+06
-1.856826e+06 -2.762139e+06 -6.100870e+06
-1.854974e+06 -2.755703e+06 -6.104332e+06
-1.853120e+06 -2.749264e+06 -6.107788e+06
-1.851264e+06 -2.742822e+06 -6.111237e+06
-1.849406e+06 -2.736376e+06 -6.114678e+06
-1.847545e+06 -2.729928e+06 -6.118112e+06
-1.845682e+06 -2.723476e+06 -6.121539e+06
-1.843817e+06 -2.717021e+06 -6.124959e+06
-1.841950e+06 -2.710563e+06 -6.128371e+06
-1.840081e+06 -2.704101e+06 -6.131776e+06
-1.838210e+06 -2.697637e+06 -6.135174e+06
-1.836337e+06 -2.691169e+06 -6.138565e+06
-1.834461e+06 -2.684698e+06 -6.141949e+06
-1.832583e+06 -2.678225e+06 -6.145325e+06
-1.830703e+06 -2.671748e+06 -6.148694e+06
-1.828821e+06 -2.665268e+06 -6.152056e+06
-1.826937e+06 -2.658784e+06 -6.155410e+06
-1.825051e+06 -2.652298e+06 -6.158757e+06
-1.823163e+06 -2.645809e+06 -6.162097e+06
-1.821272e+06 -2.639316e+06 -6.165430e+06
-1.819379e+06 -2.632821e+06 -6.168756e+06
-1.817485e+06 -2.626322e+06 -6.172074e+06
-1.815588e+06 -2.619821e+06 -6.175385e+06
-1.813689e+06 -2.613316e+06 -6.178689e+06
-1.811788e+06 -2.606808e+06 -6.181985e+06
-1.809884e+06 -2.600298e+06 -6.185274e+06
-1.807979e+06 -2.593784e+06 -6.188556e+06
-1.806072e+06 -2.587267e+06 -6.191830e+06
-1.804162e+06 -2.580747e+06 -6.195098e+06
-1.802250e+06 -2.574225e+06 -6.198357e+06
-1.800337e+06 -2.567699e+06 -6.201610e+06
-1.798421e+06 -2.561170e+06 -6.204855e+06
-1.796503e+06 -2.554639e+06 -6.208093e+06
-1.794583e+06 -2.548104e+06 -6.211324e+06
-1.792661e+06 -2.541566e+06 -6.214547e+06
-1.790736e+06 -2.535026e+06 -6.217764e+06
-1.788810e+06 -2.528482e+06 -6.220972e+06
-1.786882e+06 -2.521936e+06 -6.224174e+06
-1.784951e+06 -2.515386e+06 -6.227368e+06
-1.783019e+06 -2.508834e+06 -6.230554e+06
-1.781084e+06 -2.502279e+06 -6.233734e+06
-1.779147e+06 -2.495721e+06 -6.236906e+06
-1.777208e+06 -2.489160e+06 -6.240071e+06
-1.775267e+06 -2.482596e+06 -6.243228e+06
-1.773324e+06 -2.476029e+06 -6.246378e+06
-1.771379e+06 -2.469459e+06 -6.249521e+06
-1.769432e+06 -2.462887e+06 -6.252656e+06
-1.767483e+06 -2.456312e+06 -6.255784e+06
-1.765532e+06 -2.449733e+06 -6.258904e+06
-1.763579e+06 -2.443152e+06 -6.262017e+06
-1.761623e+06 -2.436568e+06 -6.265123e+06
-1.759666e+06 -2.429982e+06 -6.268222e+06
-1.757707e+06 -2.423392e+06 -6.271313e+06
-1.755745e+06 -2.416800e+06 -6.274396e+06
-1.753782e+06 -2.410204e+06 -6.277473e+06
-1.751816e+06 -2.403606e+06 -6.280542e+06
-1.749848e+06 -2.397006e+06 -6.283603e+06
-1.747879e+06 -2.390402e+06 -6.286657e+06
-1.745907e+06 -2.383796e+06 -6.289704e+06
-1.743933e+06 -2.377187e+06 -6.292743e+06
-1.741958e+06 -2.370575e+06 -6.295775e+06
-1.739980e+06 -2.363960e+06 -6.298799e+06
-1.738000e+06 -2.357343e+06 -6.301816e+06
-1.736018e+06 -2.350723e+06 -6.304826e+06
-1.734034e+06 -2.344100e+06 -6.307828e+06
-1.732048e+06 -2.337474e+06 -6.310823e+06
-1.730060e+06 -2.330846e+06 -6.313810e+06
-1.728071e+06 -2.324215e+06 -6.316790e+06
-1.726079e+06 -2.317582e+06 -6.319763e+06
-1.724085e+06 -2.310945e+06 -6.322728e+06
-1.722089e+06 -2.304306e+06 -6.325685e+06
-1.720091e+06 -2.297665e+06 -6.328636e+06
-1.718091e+06 -2.291020e+06 -6.331578e+06
-1.716089e+06 -2.284373e+06 -6.334514e+06
-1.714085e+06 -2.277724e+06 -6.337441e+06
-1.712079e+06 -2.271071e+06 -6.340362e+06
-1.710071e+06 -2.264416e+06 -6.343275e+06
-1.708061e+06 -2.257759e+06 -6.346180e+06
-1.706049e+06 -2.251099e+06 -6.349078e+06
-1.704035e+06 -2.244436e+06 -6.351968e+06
-1.702019e+06 -2.237770e+06 -6.354851e+06
-1.700001e+06 -2.231102e+06 -6.357727e+06
-1.697981e+06 -2.224432e+06 -6.360595e+06
-1.695959e+06 -2.217759e+06 -6.363456e+06
-1.693936e+06 -2.211083e+06 -6.366309e+06
-1.691910e+06 -2.204405e+06 -6.369154e+06
-1.689882e+06 -2.197724e+06 -6.371992e+06
-1.687852e+06 -2.191040e+06 -6.374823e+06
-1.685821e+06 -2.184354e+06 -6.377646e+06
-1.683787e+06 -2.177666e+06 -6.380462e+06
-1.681751e+06 -2.170975e+06 -6.383270e+06
-1.679714e+06 -2.164282e+06 -6.386070e+06
-1.677674e+06 -2.157585e+06 -6.388863e+06
-1.675633e+06 -2.150887e+06 -6.391649e+06
-1.673589e+06 -2.144186e+06 -6.394427e+06
-1.671544e+06 -2.137482e+06 -6.397197e+06
-1.669496e+06 -2.130776e+06 -6.399960e+06
-1.667447e+06 -2.124068e+06 -6.402716e+06
-1.665396e+06 -2.117357e+06 -6.405464e+06
-1.663343e+06 -2.110644e+06 -6.408204e+06
-1.661287e+06 -2.103928e+06 -6.410937e+06
-1.659230e+06 -2.097210e+06 -6.413662e+06
-1.657171e+06 -2.090489e+06 -6.416380e+06
-1.655110e+06 -2.083766e+06 -6.419090e+06
-1.653048e+06 -2.077040e+06 -6.421793e+06
-1.650983e+06 -2.070312e+06 -6.424488e+06
-1.648916e+06 -2.063582e+06 -6.427176e+06
-1.646848e+06 -2.056849e+06 -6.429856e+06
-1.644777e+06 -2.050114e+06 -6.432528e+06
-1.642705e+06 -2.043377e+06 -6.435193e+06
-1.640630e+06 -2.036637e+06 -6.437850e+06
-1.638554e+06 -2.029895e+06 -6.440500e+06
-1.636476e+06 -2.023150e+06 -6.443142e+06
-1.634396e+06 -2.016403e+06 -6.445777e+06
-1.632314e+06 -2.009654e+06 -6.448404e+06
-1.630230e+06 -2.002902e+06 -6.451023e+06
-1.628144e+06 -1.996148e+06 -6.453635e+06
-1.626056e+06 -1.989392e+06 -6.456240e+06
-1.623967e+06 -1.982634e+06 -6.458836e+06
-1.621875e+06 -1.975873e+06 -6.461425e+06
-1.619782e+06 -1.969110e+06 -6.464007e+06
-1.617687e+06 -1.962344e+06 -6.466581e+06
-1.615589e+06 -1.955577e+06 -6.469147e+06
-1.613490e+06 -1.948807e+06 -6.471706e+06
-1.611390e+06 -1.942035e+06 -6.474257e+06
-1.609287e+06 -1.935260e+06 -6.476800e+06
-1.607182e+06 -1.928483e+06 -6.479336e+06
-1.605076e+06 -1.921705e+06 -6.481864e+06
-1.602967e+06 -1.914923e+06 -6.484385e+06
-1.600857e+06 -1.908140e+06 -6.486898e+06
-1.598745e+06 -1.901355e+06 -6.489403e+06
-1.596631e+06 -1.894567e+06 -6.491901e+06
-1.594515e+06 -1.887777e+06 -6.494391e+06
-1.592397e+06 -1.880985e+06 -6.496874e+06
-1.590278e+06 -1.874190e+06 -6.499348e+06
-1.588157e+06 -1.867394e+06 -6.501816e+06
-1.586033e+06 -1.860595e+06 -6.504275e+06
-1.583908e+06 -1.853794e+06 -6.506727e+06
-1.581781e+06 -1.846991e+06 -6.509171e+06
-1.579652e+06 -1.840186e+06 -6.511608e+06
-1.577522e+06 -1.833379e+06 -6.514037e+06
-1.575389e+06 -1.826570e+06 -6.516458e+06
-1.573255e+06 -1.819758e+06 -6.518872e+06
-1.571119e+06 -1.812945e+06 -6.521278e+06
-1.568981e+06 -1.806129e+06 -6.523676e+06
-1.566841e+06 -1.799311e+06 -6.526067e+06
-1.564700e+06 -1.792491e+06 -6.528450e+06
-1.562556e+06 -1.785669e+06 -6.530825e+06
-1.560411e+06 -1.778845e+06 -6.533193e+06
-1.558264e+06 -1.772019e+06 -6.535553e+06
-1.556115e+06 -1.765191e+06 -6.537905e+06
-1.553965e+06 -1.758361e+06 -6.540250e+06
-1.551812e+06 -1.751529e+06 -6.542587e+06
-1.549658e+06 -1.744695e+06 -6.544916e+06
-1.547502e+06 -1.737858e+06 -6.547238e+06
-1.545344e+06 -1.731020e+06 -6.549552e+06
-1.543184e+06 -1.724180e+06 -6.551858e+06
-1.541023e+06 -1.717338e+06 -6.554156e+06
-1.538859e+06 -1.710493e+06 -6.556447e+06
-1.536694e+06 -1.703647e+06 -6.558730e+06
-1.534527e+06 -1.696799e+06 -6.561006e+06
-1.532359e+06 -1.689949e+06 -6.563273e+06
-1.530188e+06 -1.683097e+06 -6.565533e+06
-1.528016e+06 -1.676243e+06 -6.567786e+06
-1.525842e+06 -1.669387e+06 -6.570030e+06
-1.523666e+06 -1.662529e+06 -6.572267e+06
-1.521489e+06 -1.655669e+06 -6.574496e+06
-1.519310e+06 -1.648807e+06 -6.576718e+06
-1.517128e+06 -1.641943e+06 -6.578931e+06
-1.514946e+06 -1.635078e+06 -6.581137e+06
-1.512761e+06 -1.628210e+06 -6.583335e+06
-1.510575e+06 -1.621341e+06 -6.585526e+06
-1.508387e+06 -1.614470e+06 -6.587709e+06
-1.506197e+06 -1.607597e+06 -6.589884e+06
-1.504005e+06 -1.600722e+06 -6.592051e+06
-1.501812e+06 -1.593845e+06 -6.594210e+06
-1.499617e+06 -1.586966e+06 -6.596362e+06
-1.497420e+06 -1.580086e+06 -6.598506e+06
-1.495221e+06 -1.573203e+06 -6.600643e+06
-1.493021e+06 -1.566319e+06 -6.602771e+06
-1.490819e+06 -1.559433e+06 -6.604892e+06
-1.488615e+06 -1.552546e+06 -6.607005e+06
-1.486409e+06 -1.545656e+06 -6.609110e+06
-1.484202e+06 -1.538765e+06 -6.611208e+06
-1.481993e+06 -1.531872e+06 -6.613298e+06
-1.479782e+06 -1.524977e+06 -6.615380e+06
-1.477570e+06 -1.518080e+06 -6.617454e+06
-1.475356e+06 -1.511182e+06 -6.619520e+06
-1.473140e+06 -1.504281e+06 -6.621579e+06
-1.470922e+06 -1.497380e+06 -6.623630e+06
-1.468703e+06 -1.490476e+06 -6.625673e+06
-1.466482e+06 -1.483571e+06 -6.627708e+06
-1.464259e+06 -1.476663e+06 -6.629736e+06
-1.462035e+06 -1.469755e+06 -6.631756e+06
-1.459808e+06 -1.462844e+06 -6.633768e+06
-1.457581e+06 -1.455932e+06 -6.635772e+06
-1.455351e+06 -1.449018e+06 -6.637769e+06
-1.453120e+06 -1.442103e+06 -6.639757e+06
-1.450887e+06 -1.435185e+06 -6.641738e+06
-1.448652e+06 -1.428267e+06 -6.643711e+06
-1.446416e+06 -1.421346e+06 -6.645676e+06
-1.444178e+06 -1.414424e+06 -6.647634e+06
-1.441939e+06 -1.407500e+06 -6.649584e+06
-1.439697e+06 -1.400575e+06 -6.651525e+06
-1.437454e+06 -1.393648e+06 -6.653459e+06
-1.435210e+06 -1.386719e+06 -6.655386e+06
-1.432963e+06 -1.379789e+06 -6.657304e+06
-1.430715e+06 -1.372857e+06 -6.659215e+06
-1.428465e+06 -1.365923e+06 -6.661118e+06
-1.426214e+06 -1.358988e+06 -6.663013e+06
-1.423961e+06 -1.352052e+06 -6.664900e+06
-1.421707e+06 -1.345114e+06 -6.666779e+06
-1.419450e+06 -1.338174e+06 -6.668651e+06
-1.417192e+06 -1.331233e+06 -6.670514e+06
-1.414933e+06 -1.324290e+06 -6.672370e+06
-1.412671e+06 -1.317345e+06 -6.674218e+06
-1.410409e+06 -1.310400e+06 -6.676058e+06
-1.408144e+06 -1.303452e+06 -6.677891e+06
-1.405878e+06 -1.296503e+06 -6.679715e+06
-1.403610e+06 -1.289553e+06 -6.681532e+06
-1.401341e+06 -1.282601e+06 -6.683341e+06
-1.399070e+06 -1.275648e+06 -6.685142e+06
-1.396797e+06 -1.268693e+06 -6.686935e+06
-1.394522e+06 -1.261737e+06 -6.688721e+06
-1.392247e+06 -1.254779e+06 -6.690498e+06
-1.389969e+06 -1.247820e+06 -6.692268e+06
-1.387690e+06 -1.240859e+06 -6.694029e+06
-1.385409e+06 -1.233897e+06 -6.695783e+06
-1.383127e+06 -1.226933e+06 -6.697529e+06
-1.380843e+06 -1.219968e+06 -6.699268e+06
-1.378557e+06 -1.213002e+06 -6.700998e+06
-1.376270e+06 -1.206034e+06 -6.702721e+06
-1.373981e+06 -1.199065e+06 -6.704435e+06
-1.371691e+06 -1.192095e+06 -6.706142e+06
-1.369399e+06 -1.185123e+06 -6.707841e+06
-1.367105e+06 -1.178150e+06 -6.709532e+06
-1.364810e+06 -1.171175e+06 -6.711215e+06
-1.362513e+06 -1.164199e+06 -6.712890e+06
-1.360215e+06 -1.157222e+06 -6.714558e+06
-1.357915e+06 -1.150243e+06 -6.716217e+06
-1.355613e+06 -1.143263e+06 -6.717869e+06
-1.353310e+06 -1.136282e+06 -6.719513e+06
-1.351005e+06 -1.129299e+06 -6.721149e+06
-1.348699e+06 -1.122315e+06 -6.722777e+06
-1.346391e+06 -1.115330e+06 -6.724397e+06
-1.344082e+06 -1.108343e+06 -6.726009e+06
-1.341771e+06 -1.101356e+06 -6.727614e+06
-1.339458e+06 -1.094367e+06 -6.729210e+06
-1.337144e+06 -1.087376e+06 -6.730799e+06
-1.334829e+06 -1.080385e+06 -6.732379e+06
-1.332512e+06 -1.073392e+06 -6.733952e+06
-1.330193e+06 -1.066398e+06 -6.735517e+06
-1.327873e+06 -1.059402e+06 -6.737074e+06
-1.325551e+06 -1.052406e+06 -6.738623e+06
-1.323227e+06 -1.045408e+06 -6.740164e+06
-1.320902e+06 -1.038409e+06 -6.741698e+06
-1.318576e+06 -1.031409e+06 -6.743223e+06
-1.316248e+06 -1.024408e+06 -6.744740e+06
-1.313919e+06 -1.017405e+06 -6.746250e+06
-1.311588e+06 -1.010401e+06 -6.747752e+06
-1.309255e+06 -1.003397e+06 -6.749245e+06
-1.306921e+06 -9.963905e+05 -6.750731e+06
-1.304585e+06 -9.893833e+05 -6.752209e+06
-1.302248e+06 -9.823750e+05 -6.753679e+06
-1.299910e+06 -9.753655e+05 -6.755141e+06
-1.297569e+06 -9.683549e+05 -6.756595e+06
-1.295228e+06 -9.613432e+05 -6.758042e+06
-1.292885e+06 -9.543304e+05 -6.759480e+06
-1.290540e+06 -9.473165e+05 -6.760910e+06
-1.288194e+06 -9.403014e+05 -6.762333e+06
-1.285846e+06 -9.332853e+05 -6.763747e+06
-1.283497e+06 -9.262682e+05 -6.765154e+06
-1.281146e+06 -9.192499e+05 -6.766553e+06
-1.278794e+06 -9.122306e+05 -6.767943e+06
-1.276441e+06 -9.052102e+05 -6.769326e+06
-1.274086e+06 -8.981888e+05 -6.770701e+06
-1.271729e+06 -8.911664e+05 -6.772068e+06
-1.269371e+06 -8.841429e+05 -6.773427e+06
-1.267011e+06 -8.771184e+05 -6.774778e+06
-1.264650e+06 -8.700929e+05 -6.776121e+06
-1.262288e+06 -8.630664e+05 -6.777456e+06
-1.259924e+06 -8.560389e+05 -6.778783e+06
-1.257559e+06 -8.490104e+05 -6.780103e+06
-1.255192e+06 -8.419809e+05 -6.781414e+06
-1.252823e+06 -8.349504e+05 -6.782717e+06
-1.250454e+06 -8.279190e+05 -6.784013e+06
-1.248082e+06 -8.208866e+05 -6.785300e+06
-1.245710e+06 -8.138533e+05 -6.786580e+06
-1.243335e+06 -8.068190e+05 -6.787851e+06
-1.240960e+06 -7.997839e+05 -6.789115e+06
-1.238583e+06 -7.927477e+05 -6.790371e+06
-1.236204e+06 -7.857107e+05 -6.791618e+06
-1.233824e+06 -7.786728e+05 -6.792858e+06
-1.231443e+06 -7.716339e+05 -6.794090e+06
-1.229060e+06 -7.645942e+05 -6.795314e+06
-1.226676e+06 -7.575536e+05 -6.796529e+06
-1.224290e+06 -7.505121e+05 -6.797737e+06
-1.221903e+06 -7.434698e+05 -6.798937e+06
-1.219515e+06 -7.364266e+05 -6.800129e+06
-1.217125e+06 -7.293825e+05 -6.801313e+06
-1.214734e+06 -7.223376e+05 -6.802489e+06
-1.212341e+06 -7.152919e+05 -6.803657e+06
-1.209947e+06 -7.082453e+05 -6.804817e+06
-1.207551e+06 -7.011979e+05 -6.805969e+06
-1.205154e+06 -6.941497e+05 -6.807113e+06
-1.202756e+06 -6.871007e+05 -6.808249e+06
-1.200356e+06 -6.800510e+05 -6.809377e+06
-1.197955e+06 -6.730004e+05 -6.810498e+06
-1.195553e+06 -6.659490e+05 -6.811610e+06
-1.193149e+06 -6.588969e+05 -6.812714e+06
-1.190743e+06 -6.518441e+05 -6.813810e+06
-1.188337e+06 -6.447904e+05 -6.814898e+06
-1.185929e+06 -6.377361e+05 -6.815979e+06
-1.183519e+06 -6.306810e+05 -6.817051e+06
-1.181108e+06 -6.236251e+05 -6.818115e+06
-1.178696e+06 -6.165686e+05 -6.819171e+06
-1.176282e+06 -6.095113e+05 -6.820220e+06
-1.173867e+06 -6.024534e+05 -6.821260e+06
-1.171451e+06 -5.953947e+05 -6.822292e+06
-1.169033e+06 -5.883353e+05 -6.823317e+06
-1.166614e+06 -5.812753e+05 -6.824333e+06
-1.164194e+06 -5.742146e+05 -6.825341e+06
-1.161772e+06 -5.671533e+05 -6.826341e+06
-1.159349e+06 -5.600912e+05 -6.827334e+06
-1.156925e+06 -5.530286e+05 -6.828318e+06
-1.154499e+06 -5.459653e+05 -6.829294e+06
-1.152072e+06 -5.389014e+05 -6.830263e+06
-1.149643e+06 -5.318368e+05 -6.831223e+06
-1.147214e+06 -5.247716e+05 -6.832175e+06
-1.144782e+06 -5.177059e+05 -6.833119e+06
-1.142350e+06 -5.106395e+05 -6.834056e+06
-1.139916e+06 -5.035726e+05 -6.834984e+06
-1.137481e+06 -4.965050e+05 -6.835904e+06
-1.135044e+06 -4.894369e+05 -6.836817e+06
-1.132607e+06 -4.823682e+05 -6.837721e+06
-1.130168e+06 -4.752990e+05 -6.838617e+06
-1.127727e+06 -4.682292e+05 -6.839505e+06
-1.125285e+06 -4.611589e+05 -6.840385e+06
-1.122842e+06 -4.540881e+05 -6.841258e+06
-1.120398e+06 -4.470167e+05 -6.842122e+06
-1.117952e+06 -4.399448e+05 -6.842978e+06
-1.115506e+06 -4.328724e+05 -6.843826e+06
-1.113057e+06 -4.257995e+05 -6.844666e+06
-1.110608e+06 -4.187261e+05 -6.845498e+06
-1.108157e+06 -4.116523e+05 -6.846322e+06
-1.105705e+06 -4.045779e+05 -6.847138e+06
-1.103251e+06 -3.975031e+05 -6.847946e+06
-1.100797e+06 -3.904279e+05 -6.848747e+06
-1.098341e+06 -3.833521e+05 -6.849539e+06
-1.095884e+06 -3.762760e+05 -6.850322e+06
-1.093425e+06 -3.691994e+05 -6.851098e+06
-1.090965e+06 -3.621224e+05 -6.851866e+06
-1.088504e+06 -3.550450e+05 -6.852626e+06
-1.086042e+06 -3.479671e+05 -6.853378e+06
-1.083578e+06 -3.408889e+05 -6.854122e+06
-1.081113e+06 -3.338102e+05 -6.854858e+06
-1.078647e+06 -3.267312e+05 -6.855585e+06
-1.076180e+06 -3.196518e+05 -6.856305e+06
-1.073711e+06 -3.125720e+05 -6.857017e+06
-1.071241e+06 -3.054919e+05 -6.857721e+06
-1.068770e+06 -2.984114e+05 -6.858416e+06
-1.066298e+06 -2.913306e+05 -6.859104e+06
-1.063824e+06 -2.842495e+05 -6.859783e+06
-1.061350e+06 -2.771680e+05 -6.860455e+06
-1.058873e+06 -2.700862e+05 -6.861118e+06
-1.056396e+06 -2.630041e+05 -6.861774e+06
-1.053918e+06 -2.559216e+05 -6.862421e+06
-1.051438e+06 -2.488389e+05 -6.863061e+06
-1.048957e+06 -2.417559e+05 -6.863692e+06
-1.046475e+06 -2.346727e+05 -6.864315e+06
-1.043991e+06 -2.275891e+05 -6.864931e+06
-1.041507e+06 -2.205053e+05 -6.865538e+06
-1.039021e+06 -2.134212e+05 -6.866137e+06
-1.036534e+06 -2.063369e+05 -6.866728e+06
-1.034046e+06 -1.992524e+05 -6.867311e+06
-1.031556e+06 -1.921676e+05 -6.867886e+06
-1.029065e+06 -1.850826e+05 -6.868453e+06
-1.026574e+06 -1.779974e+05 -6.869012e+06
-1.024081e+06 -1.709120e+05 -6.869563e+06
-1.021586e+06 -1.638264e+05 -6.870106e+06
-1.019091e+06 -1.567406e+05 -6.870641e+06
-1.016594e+06 -1.496546e+05 -6.871168e+06
-1.014096e+06 -1.425685e+05 -6.871686e+06
-1.011597e+06 -1.354822e+05 -6.872197e+06
-1.009097e+06 -1.283957e+05 -6.872700e+06
-1.006596e+06 -1.213091e+05 -6.873194e+06
-1.004093e+06 -1.142223e+05 -6.873681e+06
-1.001590e+06 -1.071355e+05 -6.874159e+06
-9.990849e+05 -1.000485e+05 -6.874630e+06
-9.965789e+05 -9.296133e+04 -6.875092e+06
-9.940718e+05 -8.587411e+04 -6.875546e+06
-9.915634e+05 -7.878678e+04 -6.875993e+06
-9.890540e+05 -7.169937e+04 -6.876431e+06
-9.865433e+05 -6.461187e+04 -6.876861e+06
-9.840316e+05 -5.752430e+04 -6.877283e+06
-9.815186e+05 -5.043666e+04 -6.877697e+06
-9.790046e+05 -4.334897e+04 -6.878103e+06
-9.764894e+05 -3.626123e+04 -6.878501e+06
-9.739730e+05 -2.917345e+04 -6.878891e+06
-9.714556e+05 -2.208563e+04 -6.879273e+06
-9.689370e+05 -1.499779e+04 -6.879646e+06
-9.664172e+05 -7.909935e+03 -6.880012e+06
-9.638964e+05 -8.220714e+02 -6.880370e+06
-9.613744e+05 6.265793e+03 -6.880719e+06
-9.588513e+05 1.335365e+04 -6.881061e+06
-9.563271e+05 2.044149e+04 -6.881394e+06
-9.538018e+05 2.752930e+04 -6.881720e+06
-9.512753e+05 3.461708e+04 -6.882037e+06
-9.487478e+05 4.170482e+04 -6.882346e+06
-9.462191e+05 4.879252e+04 -6.882648e+06
-9.436894e+05 5.588015e+04 -6.882941e+06
-9.411585e+05 6.296772e+04 -6.883226e+06
-9.386266e+05 7.005521e+04 -6.883503e+06
-9.360936e+05 7.714262e+04 -6.883772e+06
-9.335594e+05 8.422995e+04 -6.884033e+06
-9.310242e+05 9.131717e+04 -6.884286e+06
-9.284879e+05 9.840429e+04 -6.884530e+06
-9.259505e+05 1.054913e+05 -6.884767e+06
-9.234121e+05 1.125782e+05 -6.884996e+06
-9.208725e+05 1.196649e+05 -6.885216e+06
-9.183319e+05 1.267515e+05 -6.885429e+06
-9.157903e+05 1.338380e+05 -6.885633e+06
-9.132475e+05 1.409243e+05 -6.885830e+06
-9.107037e+05 1.480104e+05 -6.886018e+06
-9.081589e+05 1.550964e+05 -6.886198e+06
-9.056129e+05 1.621822e+05 -6.886371e+06
-9.030659e+05 1.692678e+05 -6.886535e+06
-9.005179e+05 1.763532e+05 -6.886691e+06
-8.979688e+05 1.834384e+05 -6.886839e+06
-8.954187e+05 1.905234e+05 -6.886979e+06
-8.928675e+05 1.976082e+05 -6.887111e+06
-8.903153e+05 2.046927e+05 -6.887235e+06
-8.877621e+05 2.117770e+05 -6.887350e+06
-8.852078e+05 2.188611e+05 -6.887458e+06
-8.826525e+05 2.259449e+05 -6.887558e+06
-8.800962e+05 2.330284e+05 -6.887649e+06
-8.775388e+05 2.401117e+05 -6.887733e+06
-8.749804e+05 2.471947e+05 -6.887808e+06
-8.724210e+05 2.542774e+05 -6.887875e+06
-8.698606e+05 2.613598e+05 -6.887935e+06
-8.672991e+05 2.684419e+05 -6.887986e+06
-8.647367e+05 2.755237e+05 -6.888029e+06
-8.621732e+05 2.826051e+05 -6.888064e+06
-8.596088e+05 2.896863e+05 -6.888091e+06
-8.570433e+05 2.967671e+05 -6.888110e+06
-8.544768e+05 3.038476e+05 -6.888121e+06
-8.519094e+05 3.109277e+05 -6.888124e+06
-8.493409e+05 3.180074e+05 -6.888119e+06
-8.467715e+05 3.250868e+05 -6.888105e+06
-8.442011e+05 3.321658e+05 -6.888084e+06
-8.416297e+05 3.392445e+05 -6.888054e+06
-8.390573e+05 3.463227e+05 -6.888017e+06
-8.364839e+05 3.534005e+05 -6.887971e+06
-8.339096e+05 3.604780e+05 -6.887918e+06
-8.313343e+05 3.675550e+05 -6.887856e+06
-8.287580e+05 3.746316e+05 -6.887786e+06
-8.261807e+05 3.817077e+05 -6.887708e+06
-8.236025e+05 3.887834e+05 -6.887622e+06
-8.210233e+05 3.958587e+05 -6.887528e+06
-8.184432e+05 4.029335e+05 -6.887426e+06
-8.158621e+05 4.100078e+05 -6.887316e+06
-8.132801e+05 4.170816e+05 -6.887198e+06
-8.106971e+05 4.241550e+05 -6.887072e+06
-8.081132e+05 4.312279e+05 -6.886937e+06
-8.055283e+05 4.383003e+05 -6.886795e+06
-8.029425e+05 4.453722e+05 -6.886644e+06
-8.003557e+05 4.524435e+05 -6.886486e+06
-7.977681e+05 4.595144e+05 -6.886319e+06
-7.951795e+05 4.665847e+05 -6.886145e+06
-7.925899e+05 4.736544e+05 -6.885962e+06
-7.899995e+05 4.807236e+05 -6.885771e+06
-7.874081e+05 4.877923e+05 -6.885572e+06
-7.848158e+05 4.948604e+05 -6.885365e+06
-7.822225e+05 5.019279e+05 -6.885150e+06
-7.796284e+05 5.089949e+05 -6.884927e+06
-7.770334e+05 5.160612e+05 -6.884696e+06
-7.744374e+05 5.231270e+05 -6.884457e+06
-7.718406e+05 5.301921e+05 -6.884210e+06
-7.692428e+05 5.372567e+05 -6.883955e+06
-7.666442e+05 5.443206e+05 -6.883691e+06
-7.640447e+05 5.513839e+05 -6.883420e+06
-7.614442e+05 5.584465e+05 -6.883140e+06
-7.588429e+05 5.655085e+05 -6.882853e+06
-7.562407e+05 5.725699e+05 -6.882557e+06
-7.536376e+05 5.796306e+05 -6.882253e+06
-7.510336e+05 5.866906e+05 -6.881942e+06
-7.484288e+05 5.937499e+05 -6.881622e+06
-7.458231e+05 6.008086e+05 -6.881294e+06
-7.432165e+05 6.078665e+05 -6.880958e+06
-7.406090e+05 6.149238e+05 -6.880614e+06
-7.380007e+05 6.219803e+05 -6.880262e+06
-7.353915e+05 6.290361e+05 -6.879902e+06
-7.327815e+05 6.360912e+05 -6.879534e+06
-7.301706e+05 6.431456e+05 -6.879158e+06
-7.275589e+05 6.501992e+05 -6.878773e+06
-7.249463e+05 6.572521e+05 -6.878381e+06
-7.223328e+05 6.643042e+05 -6.877981e+06
-7.197185e+05 6.713555e+05 -6.877572e+06
-7.171034e+05 6.784060e+05 -6.877156e+06
-7.144875e+05 6.854558e+05 -6.876731e+06
-7.118707e+05 6.925048e+05 -6.876299e+06
-7.092530e+05 6.995530e+05 -6.875858e+06
-7.066346e+05 7.066003e+05 -6.875409e+06
-7.040153e+05 7.136469e+05 -6.874952e+06
-7.013952e+05 7.206926e+05 -6.874488e+06
-6.987743e+05 7.277375e+05 -6.874015e+06
-6.961525e+05 7.347816e+05 -6.873534e+06
-6.935300e+05 7.418248e+05 -6.873045e+06
-6.909066e+05 7.488671e+05 -6.872548e+06
-6.882824e+05 7.559086e+05 -6.872043e+06
-6.856575e+05 7.629492e+05 -6.871530e+06
-6.830317e+05 7.699889e+05 -6.871008e+06
-6.804051e+05 7.770277e+05 -6.870479e+06
-6.777778e+05 7.840657e+05 -6.869942e+06
-6.751496e+05 7.911027e+05 -6.869397e+06
-6.725207e+05 7.981388e+05 -6.868843e+06
-6.698909e+05 8.051740e+05 -6.868282e+06
-6.672604e+05 8.122083e+05 -6.867712e+06
-6.646291e+05 8.192416e+05 -6.867135e+06
-6.619970e+05 8.262739e+05 -6.866549e+06
-6.593642e+05 8.333054e+05 -6.865956e+06
-6.567306e+05 8.403358e+05 -6.865354e+06
-6.540962e+05 8.473653e+05 -6.864744e+06
-6.514611e+05 8.543938e+05 -6.864127e+06
-6.488251e+05 8.614213e+05 -6.863501e+06
-6.461885e+05 8.684478e+05 -6.862867e+06
-6.435511e+05 8.754733e+05 -6.862225e+06
-6.409129e+05 8.824978e+05 -6.861575e+06
-6.382740e+05 8.895213e+05 -6.860917e+06
-6.356343e+05 8.965437e+05 -6.860251e+06
-6.329939e+05 9.035651e+05 -6.859577e+06
-6.303527e+05 9.105855e+05 -6.858895e+06
-6.277108e+05 9.176048e+05 -6.858205e+06
-6.250682e+05 9.246231e+05 -6.857507e+06
-6.224248e+05 9.316403e+05 -6.856801e+06
-6.197808e+05 9.386564e+05 -6.856087e+06
-6.171359e+05 9.456714e+05 -6.855365e+06
-6.144904e+05 9.526853e+05 -6.854634e+06
-6.118442e+05 9.596981e+05 -6.853896e+06
-6.091972e+05 9.667098e+05 -6.853150e+06
-6.065495e+05 9.737204e+05 -6.852396e+06
-6.039011e+05 9.807299e+05 -6.851633e+06
-6.012520e+05 9.877383e+05 -6.850863e+06
-5.986022e+05 9.947454e+05 -6.850084e+06
-5.959517e+05 1.001751e+06 -6.849298e+06
-5.933005e+05 1.008756e+06 -6.848504e+06
-5.906487e+05 1.015760e+06 -6.847701e+06
-5.879961e+05 1.022763e+06 -6.846891e+06
-5.853428e+05 1.029764e+06 -6.846072e+06
-5.826888e+05 1.036764e+06 -6.845245e+06
-5.800342e+05 1.043763e+06 -6.844411e+06
-5.773789e+05 1.050761e+06 -6.843568e+06
-5.747229e+05 1.057757e+06 -6.842718e+06
-5.720662e+05 1.064753e+06 -6.841859e+06
-5.694089e+05 1.071747e+06 -6.840992e+06
-5.667509e+05 1.078740e+06 -6.840118e+06
-5.640922e+05 1.085731e+06 -6.839235e+06
-5.614329e+05 1.092722e+06 -6.838344e+06
-5.587729e+05 1.099711e+06 -6.837446e+06
-5.561123e+05 1.106699e+06 -6.836539e+06
-5.534510e+05 1.113685e+06 -6.835624e+06
-5.507891e+05 1.120670e+06 -6.834701e+06
-5.481265e+05 1.127654e+06 -6.833771e+06
-5.454632e+05 1.134637e+06 -6.832832e+06
-5.427994e+05 1.141618e+06 -6.831885e+06
-5.401349e+05 1.148598e+06 -6.830930e+06
-5.374697e+05 1.155577e+06 -6.829968e+06
-5.348040e+05 1.162554e+06 -6.828997e+06
-5.321376e+05 1.169530e+06 -6.828018e+06
-5.294706e+05 1.176505e+06 -6.827031e+06
-5.268029e+05 1.183478e+06 -6.826036e+06
-5.241347e+05 1.190450e+06 -6.825034e+06
-5.214658e+05 1.197421e+06 -6.824023e+06
-5.187963e+05 1.204390e+06 -6.823004e+06
-5.161262e+05 1.211358e+06 -6.821977e+06
-5.134555e+05 1.218324e+06 -6.820942e+06
-5.107843e+05 1.225289e+06 -6.819900e+06
-5.081124e+05 1.232253e+06 -6.818849e+06
-5.054399e+05 1.239215e+06 -6.817790e+06
-5.027668e+05 1.246175e+06 -6.816723e+06
-5.000931e+05 1.253135e+06 -6.815649e+06
-4.974188e+05 1.260092e+06 -6.814566e+06
-4.947440e+05 1.267049e+06 -6.813475e+06
-4.920686e+05 1.274004e+06 -6.812376e+06
-4.893926e+05 1.280957e+06 -6.811270e+06
-4.867160e+05 1.287909e+06 -6.810155e+06
-4.840388e+05 1.294859e+06 -6.809032e+06
-4.813611e+05 1.301808e+06 -6.807902e+06
-4.786828e+05 1.308756e+06 -6.806763e+06
-4.760040e+05 1.315702e+06 -6.805617e+06
-4.733246e+05 1.322646e+06 -6.804462e+06
-4.706446e+05 1.329589e+06 -6.803300e+06
-4.679641e+05 1.336530e+06 -6.802129e+06
-4.652831e+05 1.343470e+06 -6.800951e+06
-4.626015e+05 1.350408e+06 -6.799764e+06
-4.599193e+05 1.357345e+06 -6.798570e+06
-4.572366e+05 1.364280e+06 -6.797367e+06
-4.545534e+05 1.371213e+06 -6.796157e+06
-4.518696e+05 1.378145e+06 -6.794938e+06
-4.491853e+05 1.385076e+06 -6.793712e+06
-4.465005e+05 1.392004e+06 -6.792478e+06
-4.438151e+05 1.398931e+06 -6.791236e+06
-4.411293e+05 1.405857e+06 -6.789985e+06
-4.384429e+05 1.412781e+06 -6.788727e+06
-4.357560e+05 1.419703e+06 -6.787461e+06
-4.330686e+05 1.426624e+06 -6.786187e+06
-4.303806e+05 1.433543e+06 -6.784905e+06
-4.276922e+05 1.440460e+06 -6.783615e+06
-4.250033e+05 1.447375e+06 -6.782317e+06
-4.223138e+05 1.454289e+06 -6.781011e+06
-4.196239e+05 1.461202e+06 -6.779697e+06
-4.169335e+05 1.468112e+06 -6.778376e+06
-4.142425e+05 1.475021e+06 -6.777046e+06
-4.115511e+05 1.481928e+06 -6.775708e+06
-4.088592e+05 1.488834e+06 -6.774363e+06
-4.061669e+05 1.495737e+06 -6.773009e+06
-4.034740e+05 1.502639e+06 -6.771647e+06
-4.007807e+05 1.509540e+06 -6.770278e+06
-3.980869e+05 1.516438e+06 -6.768901e+06
-3.953926e+05 1.523335e+06 -6.767515e+06
-3.926979e+05 1.530230e+06 -6.766122e+06
-3.900027e+05 1.537123e+06 -6.764721e+06
-3.873070e+05 1.544015e+06 -6.763312e+06
-3.846109e+05 1.550904e+06 -6.761895e+06
-3.819144e+05 1.557792e+06 -6.760470e+06
-3.792173e+05 1.564678e+06 -6.759037e+06
-3.765199e+05 1.571562e+06 -6.757596e+06
-3.738220e+05 1.578445e+06 -6.756147e+06
-3.711236e+05 1.585325e+06 -6.754690e+06
-3.684248e+05 1.592204e+06 -6.753226e+06
-3.657256e+05 1.599081e+06 -6.751753e+06
-3.630259e+05 1.605956e+06 -6.750273e+06
-3.603259e+05 1.612829e+06 -6.748784e+06
-3.576254e+05 1.619701e+06 -6.747288e+06
-3.549244e+05 1.626570e+06 -6.745784e+06
-3.522231e+05 1.633438e+06 -6.744272e+06
-3.495213e+05 1.640304e+06 -6.742752e+06
-3.468191e+05 1.647167e+06 -6.741224e+06
-3.441165e+05 1.654029e+06 -6.739688e+06
-3.414135e+05 1.660889e+06 -6.738144e+06
-3.387101e+05 1.667747e+06 -6.736593e+06
-3.360063e+05 1.674603e+06 -6.735033e+06
-3.333021e+05 1.681458e+06 -6.733466e+06
-3.305976e+05 1.688310e+06 -6.731890e+06
-3.278926e+05 1.695160e+06 -6.730307e+06
-3.251872e+05 1.702009e+06 -6.728716e+06
-3.224814e+05 1.708855e+06 -6.727117e+06
-3.197753e+05 1.715699e+06 -6.725510e+06
-3.170688e+05 1.722542e+06 -6.723895e+06
-3.143619e+05 1.729382e+06 -6.722272e+06
-3.116546e+05 1.736221e+06 -6.720642e+06
-3.089470e+05 1.743057e+06 -6.719003e+06
-3.062390e+05 1.749891e+06 -6.717357e+06
-3.035306e+05 1.756724e+06 -6.715703e+06
-3.008219e+05 1.763554e+06 -6.714041e+06
-2.981128e+05 1.770382e+06 -6.712371e+06
-2.954034e+05 1.777208e+06 -6.710693e+06
-2.926936e+05 1.784033e+06 -6.709007e+06
-2.899835e+05 1.790855e+06 -6.707313e+06
-2.872730e+05 1.797675e+06 -6.705612e+06
-2.845622e+05 1.804493e+06 -6.703903e+06
-2.818510e+05 1.811309e+06 -6.702185e+06
-2.791395e+05 1.818122e+06 -6.700460e+06
-2.764277e+05 1.824934e+06 -6.698727e+06
-2.737156e+05 1.831744e+06 -6.696987e+06
-2.710031e+05 1.838551e+06 -6.695238e+06
-2.682903e+05 1.845356e+06 -6.693481e+06
-2.655772e+05 1.852159e+06 -6.691717e+06
-2.628638e+05 1.858960e+06 -6.689945e+06
-2.601500e+05 1.865759e+06 -6.688165e+06
-2.574360e+05 1.872556e+06 -6.686377e+06
-2.547216e+05 1.879351e+06 -6.684581e+06
-2.520069e+05 1.886143e+06 -6.682777e+06
-2.492920e+05 1.892933e+06 -6.680966e+06
-2.465767e+05 1.899721e+06 -6.679147e+06
-2.438611e+05 1.906507e+06 -6.677319e+06
-2.411453e+05 1.913290e+06 -6.675485e+06
-2.384292e+05 1.920072e+06 -6.673642e+06
-2.357127e+05 1.926851e+06 -6.671791e+06
-2.329960e+05 1.933628e+06 -6.669933e+06
-2.302791e+05 1.940402e+06 -6.668066e+06
-2.275618e+05 1.947175e+06 -6.666192e+06
-2.248443e+05 1.953945e+06 -6.664310e+06
-2.221265e+05 1.960713e+06 -6.662420e+06
-2.194084e+05 1.967479e+06 -6.660523e+06
-2.166901e+05 1.974242e+06 -6.658617e+06
-2.139715e+05 1.981003e+06 -6.656704e+06
-2.112527e+05 1.987762e+06 -6.654783e+06
-2.085336e+05 1.994518e+06 -6.652854e+06
-2.058142e+05 2.001272e+06 -6.650918e+06
-2.030947e+05 2.008024e+06 -6.648973e+06
-2.003748e+05 2.014774e+06 -6.647021e+06
-1.976548e+05 2.021521e+06 -6.645061e+06
-1.949344e+05 2.028266e+06 -6.643093e+06
-1.922139e+05 2.035008e+06 -6.641117e+06
-1.894931e+05 2.041748e+06 -6.639134e+06
-1.867721e+05 2.048486e+06 -6.637143e+06
-1.840509e+05 2.055222e+06 -6.635143e+06
-1.813294e+05 2.061955e+06 -6.633137e+06
-1.786078e+05 2.068685e+06 -6.631122e+06
-1.758859e+05 2.075413e+06 -6.629100e+06
-1.731638e+05 2.082139e+06 -6.627069e+06
-1.704415e+05 2.088863e+06 -6.625031e+06
-1.677190e+05 2.095584e+06 -6.622986e+06
-1.649962e+05 2.102302e+06 -6.620932e+06
-1.622733e+05 2.109018e+06 -6.618871e+06
-1.595502e+05 2.115732e+06 -6.616802e+06
-1.568269e+05 2.122443e+06 -6.614725e+06
-1.541034e+05 2.129152e+06 -6.612640e+06
-1.513797e+05 2.135858e+06 -6.610548e+06
-1.486559e+05 2.142562e+06 -6.608448e+06
-1.459318e+05 2.149264e+06 -6.606340e+06
-1.432076e+05 2.155962e+06 -6.604224e+06
-1.404832e+05 2.162659e+06 -6.602101e+06
-1.377586e+05 2.169353e+06 -6.599969e+06
-1.350339e+05 2.176044e+06 -6.597830e+06
-1.323090e+05 2.182733e+06 -6.595684e+06
-1.295839e+05 2.189419e+06 -6.593529e+06
-1.268587e+05 2.196103e+06 -6.591367e+06
-1.241333e+05 2.202784e+06 -6.589197e+06
-1.214078e+05 2.209463e+06 -6.587020e+06
-1.186821e+05 2.216139e+06 -6.584834e+06
-1.159563e+05 2.222812e+06 -6.582641e+06
-1.132303e+05 2.229483e+06 -6.580440e+06
-1.105042e+05 2.236152e+06 -6.578232e+06
-1.077780e+05 2.242818e+06 -6.576015e+06
-1.050516e+05 2.249481e+06 -6.573791e+06
-1.023251e+05 2.256141e+06 -6.571559e+06
-9.959843e+04 2.262799e+06 -6.569320e+06
-9.687167e+04 2.269455e+06 -6.567073e+06
-9.414478e+04 2.276107e+06 -6.564818e+06
-9.141779e+04 2.282757e+06 -6.562555e+06
-8.869067e+04 2.289405e+06 -6.560285e+06
-8.596345e+04 2.296050e+06 -6.558007e+06
-8.323612e+04 2.302692e+06 -6.555721e+06
-8.050868e+04 2.309331e+06 -6.553428e+06
-7.778114e+04 2.315968e+06 -6.551126e+06
-7.505350e+04 2.322602e+06 -6.548818e+06
-7.232577e+04 2.329233e+06 -6.546501e+06
-6.959794e+04 2.335862e+06 -6.544177e+06
-6.687003e+04 2.342488e+06 -6.541845e+06
-6.414203e+04 2.349111e+06 -6.539505e+06
-6.141394e+04 2.355732e+06 -6.537158e+06
-5.868578e+04 2.362350e+06 -6.534803e+06
-5.595754e+04 2.368965e+06 -6.532440e+06
-5.322923e+04 2.375577e+06 -6.530070e+06
-5.050084e+04 2.382187e+06 -6.527692e+06
-4.777239e+04 2.388793e+06 -6.525306e+06
-4.504388e+04 2.395397e+06 -6.522913e+06
-4.231530e+04 2.401999e+06 -6.520512e+06
-3.958667e+04 2.408597e+06 -6.518103e+06
-3.685799e+04 2.415193e+06 -6.515687e+06
-3.412925e+04 2.421786e+06 -6.513263e+06
-3.140046e+04 2.428376e+06 -6.510831e+06
-2.867163e+04 2.434963e+06 -6.508392e+06
-2.594276e+04 2.441547e+06 -6.505945e+06
-2.321385e+04 2.448129e+06 -6.503490e+06
-2.048490e+04 2.454708e+06 -6.501028e+06
-1.775593e+04 2.461284e+06 -6.498558e+06
-1.502692e+04 2.467857e+06 -6.496080e+06
-1.229789e+04 2.474427e+06 -6.493595e+06
-9.568829e+03 2.480994e+06 -6.491102e+06
-6.839754e+03 2.487559e+06 -6.488602e+06
-4.110663e+03 2.494120e+06 -6.486094e+06
-1.381558e+03 2.500679e+06 -6.483578e+06
1.347557e+03 2.507235e+06 -6.481055e+06
4.076678e+03 2.513788e+06 -6.478524e+06
6.805803e+03 2.520338e+06 -6.475985e+06
9.534929e+03 2.526885e+06 -6.473439e+06
1.226405e+04 2.533429e+06 -6.470886e+06
1.499317e+04 2.539970e+06 -6.468324e+06
1.772228e+04 2.546508e+06 -6.465755e+06
2.045137e+04 2.553043e+06 -6.463179e+06
2.318045e+04 2.559576e+06 -6.460594e+06
2.590952e+04 2.566105e+06 -6.458003e+06
2.863856e+04 2.572631e+06 -6.455403e+06
3.136757e+04 2.579155e+06 -6.452796e+06
3.409656e+04 2.585675e+06 -6.450182e+06
3.682552e+04 2.592192e+06 -6.447559e+06
3.955444e+04 2.598707e+06 -6.444930e+06
4.228332e+04 2.605218e+06 -6.442292e+06
4.501217e+04 2.611726e+06 -6.439647e+06
4.774097e+04 2.618232e+06 -6.436995e+06
5.046972e+04 2.624734e+06 -6.434335e+06
5.319842e+04 2.631233e+06 -6.431667e+06
5.592707e+04 2.637729e+06 -6.428992e+06
5.865566e+04 2.644222e+06 -6.426309e+06
6.138420e+04 2.650712e+06 -6.423619e+06
6.411267e+04 2.657199e+06 -6.420921e+06
6.684107e+04 2.663683e+06 -6.418216e+06
6.956941e+04 2.670164e+06 -6.415503e+06
7.229767e+04 2.676642e+06 -6.412782e+06
7.502586e+04 2.683116e+06 -6.410054e+06
7.775396e+04 2.689588e+06 -6.407319e+06
8.048199e+04 2.696056e+06 -6.404576e+06
8.320993e+04 2.702521e+06 -6.401825e+06
8.593778e+04 2.708983e+06 -6.399067e+06
8.866554e+04 2.715442e+06 -6.396301e+06
9.139321e+04 2.721898e+06 -6.393528e+06
9.412078e+04 2.728350e+06 -6.390747e+06
9.684825e+04 2.734800e+06 -6.387959e+06
9.957561e+04 2.741246e+06 -6.385163e+06
1.023029e+05 2.747689e+06 -6.382360e+06
1.050300e+05 2.754129e+06 -6.379549e+06
1.077570e+05 2.760566e+06 -6.376730e+06
1.104840e+05 2.766999e+06 -6.373905e+06
1.132108e+05 2.773430e+06 -6.371071e+06
1.159374e+05 2.779857e+06 -6.368230e+06
1.186640e+05 2.786280e+06 -6.365382e+06
1.213904e+05 2.792701e+06 -6.362526e+06
1.241167e+05 2.799118e+06 -6.359663e+06
1.268428e+05 2.805532e+06 -6.356792e+06
1.295688e+05 2.811943e+06 -6.353914e+06
1.322947e+05 2.818351e+06 -6.351028e+06
1.350204e+05 2.824755e+06 -6.348135e+06
1.377460e+05 2.831156e+06 -6.345234e+06
1.404714e+05 2.837554e+06 -6.342326e+06
1.431967e+05 2.843948e+06 -6.339410e+06
1.459218e+05 2.850340e+06 -6.336487e+06
1.486467e+05 2.856727e+06 -6.333557e+06
1.513715e+05 2.863112e+06 -6.330619e+06
1.540961e+05 2.869493e+06 -6.327673e+06
1.568206e+05 2.875871e+06 -6.324720e+06
1.595449e+05 2.882245e+06 -6.321760e+06
1.622689e+05 2.888617e+06 -6.318792e+06
1.649929e+05 2.894984e+06 -6.315817e+06
1.677166e+05 2.901349e+06 -6.312834e+06
1.704401e+05 2.907710e+06 -6.309844e+06
1.731635e+05 2.914068e+06 -6.306846e+06
1.758866e+05 2.920422e+06 -6.303841e+06
1.786096e+05 2.926773e+06 -6.300829e+06
1.813324e+05 2.933120e+06 -6.297809e+06
1.840549e+05 2.939464e+06 -6.294782e+06
1.867773e+05 2.945805e+06 -6.291747e+06
1.894994e+05 2.952142e+06 -6.288705e+06
1.922214e+05 2.958476e+06 -6.285656e+06
1.949431e+05 2.964807e+06 -6.282599e+06
1.976646e+05 2.971134e+06 -6.279535e+06
2.003859e+05 2.977457e+06 -6.276463e+06
2.031069e+05 2.983777e+06 -6.273384e+06
2.058278e+05 2.990094e+06 -6.270297e+06
2.085484e+05 2.996407e+06 -6.267204e+06
2.112687e+05 3.002716e+06 -6.264102e+06
2.139889e+05 3.009023e+06 -6.260994e+06
2.167087e+05 3.015325e+06 -6.257878e+06
2.194284e+05 3.021624e+06 -6.254754e+06
2.221478e+05 3.027920e+06 -6.251624e+06
2.248669e+05 3.034212e+06 -6.248486e+06
2.275858e+05 3.040501e+06 -6.245340e+06
2.303045e+05 3.046786e+06 -6.242187e+06
2.330228e+05 3.053067e+06 -6.239027e+06
2.357409e+05 3.059345e+06 -6.235860e+06
2.384588e+05 3.065620e+06 -6.232685e+06
2.411764e+05 3.071890e+06 -6.229503e+06
2.438937e+05 3.078158e+06 -6.226313e+06
2.466107e+05 3.084421e+06 -6.223116e+06
2.493275e+05 3.090681e+06 -6.219912e+06
2.520439e+05 3.096938e+06 -6.216700e+06
2.547601e+05 3.103191e+06 -6.213482e+06
2.574760e+05 3.109440e+06 -6.210255e+06
2.601916e+05 3.115686e+06 -6.207022e+06
2.629069e+05 3.121928e+06 -6.203781e+06
2.656219e+05 3.128166e+06 -6.200533e+06
2.683367e+05 3.134401e+06 -6.197277e+06
2.710511e+05 3.140632e+06 -6.194015e+06
2.737652e+05 3.146860e+06 -6.190745e+06
2.764790e+05 3.153084e+06 -6.187467e+06
2.791924e+05 3.159304e+06 -6.184183e+06
2.819056e+05 3.165520e+06 -6.180891e+06
2.846184e+05 3.171733e+06 -6.177592e+06
2.873310e+05 3.177942e+06 -6.174285e+06
2.900432e+05 3.184148e+06 -6.170971e+06
2.927550e+05 3.190349e+06 -6.167650e+06
2.954666e+05 3.196547e+06 -6.164322e+06
2.981778e+05 3.202742e+06 -6.160986e+06
3.008886e+05 3.208932e+06 -6.157644e+06
3.035991e+05 3.215119e+06 -6.154293e+06
3.063093e+05 3.221302e+06 -6.150936e+06
3.090191e+05 3.227481e+06 -6.147571e+06
3.117286e+05 3.233657e+06 -6.144200e+06
3.144377e+05 3.239829e+06 -6.140820e+06
3.171465e+05 3.245997e+06 -6.137434e+06
3.198549e+05 3.252161e+06 -6.134040e+06
3.225629e+05 3.258322e+06 -6.130640e+06
3.252706e+05 3.264478e+06 -6.127232e+06
3.279779e+05 3.270631e+06 -6.123816e+06
3.306848e+05 3.276780e+06 -6.120394e+06
3.333913e+05 3.282926e+06 -6.116964e+06
3.360975e+05 3.289067e+06 -6.113527e+06
3.388033e+05 3.295205e+06 -6.110083e+06
3.415087e+05 3.301339e+06 -6.106632e+06
3.442137e+05 3.307469e+06 -6.103173e+06
3.469183e+05 3.313595e+06 -6.099707e+06
3.496225e+05 3.319717e+06 -6.096234e+06
3.523263e+05 3.325835e+06 -6.092754e+06
3.550297e+05 3.331950e+06 -6.089267e+06
3.577328e+05 3.338061e+06 -6.085772e+06
3.604354e+05 3.344167e+06 -6.082271e+06
3.631375e+05 3.350270e+06 -6.078762e+06
3.658393e+05 3.356369e+06 -6.075246e+06
3.685407e+05 3.362464e+06 -6.071723e+06
3.712416e+05 3.368555e+06 -6.068192e+06
3.739421e+05 3.374643e+06 -6.064655e+06
3.766422e+05 3.380726e+06 -6.061110e+06
3.793419e+05 3.386805e+06 -6.057558e+06
3.820411e+05 3.392881e+06 -6.053999e+06
3.847399e+05 3.398952e+06 -6.050433e+06
3.874382e+05 3.405020e+06 -6.046860e+06
3.901361e+05 3.411083e+06 -6.043279e+06
3.928336e+05 3.417143e+06 -6.039692e+06
3.955306e+05 3.423198e+06 -6.036097e+06
3.982271e+05 3.429250e+06 -6.032495e+06
4.009232e+05 3.435298e+06 -6.028886e+06
4.036189e+05 3.441341e+06 -6.025270e+06
4.063141e+05 3.447381e+06 -6.021647e+06
4.090088e+05 3.453417e+06 -6.018017e+06
4.117030e+05 3.459448e+06 -6.014380e+06
4.143968e+05 3.465476e+06 -6.010735e+06
4.170901e+05 3.471499e+06 -6.007084e+06
4.197829e+05 3.477519e+06 -6.003425e+06
4.224752e+05 3.483534e+06 -5.999759e+06
4.251671e+05 3.489545e+06 -5.996086e+06
4.278585e+05 3.495553e+06 -5.992407e+06
4.305493e+05 3.501556e+06 -5.988720e+06
4.332397e+05 3.507555e+06 -5.985026e+06
4.359296e+05 3.513550e+06 -5.981324e+06
4.386190e+05 3.519541e+06 -5.977616e+06
4.413079e+05 3.525528e+06 -5.973901e+06
4.439963e+05 3.531511e+06 -5.970179e+06
4.466841e+05 3.537489e+06 -5.966449e+06
4.493715e+05 3.543464e+06 -5.962713e+06
4.520583e+05 3.549434e+06 -5.958970e+06
4.547446e+05 3.555401e+06 -5.955219e+06
4.574304e+05 3.561363e+06 -5.951462e+06
4.601157e+05 3.567321e+06 -5.947697e+06
4.628004e+05 3.573275e+06 -5.943926e+06
4.654847e+05 3.579224e+06 -5.940147e+06
4.681683e+05 3.585170e+06 -5.936362e+06
4.708515e+05 3.591111e+06 -5.932569e+06
4.735341e+05 3.597048e+06 -5.928769e+06
4.762161e+05 3.602981e+06 -5.924963e+06
4.788976e+05 3.608910e+06 -5.921149e+06
4.815786e+05 3.614834e+06 -5.917329e+06
4.842590e+05 3.620755e+06 -5.913501e+06
4.869388e+05 3.626671e+06 -5.909666e+06
4.896181e+05 3.632582e+06 -5.905825e+06
4.922968e+05 3.638490e+06 -5.901976e+06
4.949750e+05 3.644393e+06 -5.898121e+06
4.976526e+05 3.650293e+06 -5.894258e+06
5.003296e+05 3.656188e+06 -5.890389e+06
5.030061e+05 3.662078e+06 -5.886513e+06
5.056819e+05 3.667964e+06 -5.882629e+06
5.083572e+05 3.673847e+06 -5.878739e+06
5.110319e+05 3.679724e+06 -5.874842e+06
5.137060e+05 3.685598e+06 -5.870937e+06
5.163795e+05 3.691467e+06 -5.867026e+06
5.190524e+05 3.697332e+06 -5.863108e+06
5.217248e+05 3.703192e+06 -5.859183e+06
5.243965e+05 3.709049e+06 -5.855251e+06
5.270676e+05 3.714901e+06 -5.851312e+06
5.297381e+05 3.720748e+06 -5.847367e+06
5.324080e+05 3.726592e+06 -5.843414e+06
5.350773e+05 3.732430e+06 -5.839454e+06
5.377460e+05 3.738265e+06 -5.835488e+06
5.404140e+05 3.744095e+06 -5.831515e+06
5.430815e+05 3.749921e+06 -5.827534e+06
5.457483e+05 3.755743e+06 -5.823547e+06
5.484144e+05 3.761560e+06 -5.819553e+06
5.510800e+05 3.767372e+06 -5.815552e+06
5.537449e+05 3.773181e+06 -5.811544e+06
5.564092e+05 3.778985e+06 -5.807530e+06
5.590728e+05 3.784784e+06 -5.803508e+06
5.617358e+05 3.790579e+06 -5.799480e+06
5.643981e+05 3.796370e+06 -5.795444e+06
5.670598e+05 3.802156e+06 -5.791402e+06
5.697208e+05 3.807938e+06 -5.787353e+06
5.723812e+05 3.813715e+06 -5.783298e+06
5.750409e+05 3.819488e+06 -5.779235e+06
5.777000e+05 3.825256e+06 -5.775165e+06
5.803583e+05 3.831020e+06 -5.771089e+06
5.830161e+05 3.836780e+06 -5.767006e+06
5.856731e+05 3.842535e+06 -5.762916e+06
5.883295e+05 3.848286e+06 -5.758819e+06
5.909852e+05 3.854032e+06 -5.754716e+06
5.936402e+05 3.859773e+06 -5.750605e+06
5.962945e+05 3.865510e+06 -5.746488e+06
5.989481e+05 3.871243e+06 -5.742364e+06
6.016010e+05 3.876971e+06 -5.738233e+06
6.042533e+05 3.882694e+06 -5.734096e+06
6.069048e+05 3.888413e+06 -5.729951e+06
6.095557e+05 3.894128e+06 -5.725800e+06
6.122058e+05 3.899838e+06 -5.721642e+06
6.148553e+05 3.905543e+06 -5.717478e+06
6.175040e+05 3.911244e+06 -5.713306e+06
6.201520e+05 3.916940e+06 -5.709128e+06
6.227993e+05 3.922631e+06 -5.704943e+06
6.254459e+05 3.928319e+06 -5.700751e+06
6.280917e+05 3.934001e+06 -5.696553e+06
6.307368e+05 3.939679e+06 -5.692347e+06
6.333812e+05 3.945352e+06 -5.688136e+06
6.360249e+05 3.951021e+06 -5.683917e+06
6.386678e+05 3.956685e+06 -5.679691e+06
6.413100e+05 3.962344e+06 -5.675459e+06
6.439515e+05 3.967999e+06 -5.671220e+06
6.465922e+05 3.973649e+06 -5.666975e+06
6.492321e+05 3.979295e+06 -5.662723e+06
6.518713e+05 3.984936e+06 -5.658464e+06
6.545098e+05 3.990572e+06 -5.654198e+06
6.571475e+05 3.996203e+06 -5.649926e+06
6.597844e+05 4.001830e+06 -5.645647e+06
6.624206e+05 4.007452e+06 -5.641361e+06
6.650560e+05 4.013070e+06 -5.637068e+06
6.676906e+05 4.018683e+06 -5.632769e+06
6.703245e+05 4.024291e+06 -5.628464e+06
6.729576e+05 4.029894e+06 -5.624151e+06
6.755899e+05 4.035493e+06 -5.619832e+06
6.782214e+05 4.041087e+06 -5.615506e+06
6.808522e+05 4.046677e+06 -5.611174e+06
6.834821e+05 4.052261e+06 -5.606835e+06
6.861113e+05 4.057841e+06 -5.602489e+06
6.887396e+05 4.063416e+06 -5.598137e+06
6.913672e+05 4.068986e+06 -5.593778e+06
6.939940e+05 4.074552e+06 -5.589412e+06
6.966200e+05 4.080113e+06 -5.585040e+06
6.992451e+05 4.085669e+06 -5.580661e+06
7.018695e+05 4.091220e+06 -5.576276e+06
7.044930e+05 4.096767e+06 -5.571884e+06
7.071157e+05 4.102309e+06 -5.567485e+06
7.097376e+05 4.107845e+06 -5.563080e+06
7.123587e+05 4.113378e+06 -5.558668e+06
7.149790e+05 4.118905e+06 -5.554250e+06
7.175984e+05 4.124427e+06 -5.549825e+06
7.202170e+05 4.129945e+06 -5.545393e+06
7.228347e+05 4.135458e+06 -5.540955e+06
7.254517e+05 4.140966e+06 -5.536511e+06
7.280677e+05 4.146469e+06 -5.532059e+06
7.306830e+05 4.151967e+06 -5.527602e+06
7.332974e+05 4.157461e+06 -5.523137e+06
7.359109e+05 4.162950e+06 -5.518666e+06
7.385236e+05 4.168433e+06 -5.514189e+06
7.411354e+05 4.173912e+06 -5.509705e+06
7.437464e+05 4.179386e+06 -5.505214e+06
7.463565e+05 4.184855e+06 -5.500717e+06
7.489657e+05 4.190320e+06 -5.496214e+06
7.515741e+05 4.195779e+06 -5.491704e+06
7.541816e+05 4.201233e+06 -5.487187e+06
7.567882e+05 4.206683e+06 -5.482664e+06
7.593940e+05 4.212127e+06 -5.478135e+06
7.619989e+05 4.217567e+06 -5.473599e+06
7.646028e+05 4.223002e+06 -5.469056e+06
7.672059e+05 4.228431e+06 -5.464507e+06
7.698082e+05 4.233856e+06 -5.459951e+06
7.724095e+05 4.239276e+06 -5.455389e+06
7.750099e+05 4.244691e+06 -5.450821e+06
7.776094e+05 4.250101e+06 -5.446246e+06
7.802080e+05 4.255506e+06 -5.441665e+06
7.828057e+05 4.260906e+06 -5.437077e+06
7.854025e+05 4.266301e+06 -5.432483e+06
7.879984e+05 4.271691e+06 -5.427882e+06
7.905934e+05 4.277076e+06 -5.423275e+06
7.931874e+05 4.282456e+06 -5.418661e+06
7.957806e+05 4.287831e+06 -5.414041e+06
7.983728e+05 4.293201e+06 -5.409415e+06
8.009641e+05 4.298566e+06 -5.404782e+06
8.035544e+05 4.303926e+06 -5.400143e+06
8.061438e+05 4.309281e+06 -5.395497e+06
8.087323e+05 4.314631e+06 -5.390845e+06
8.113199e+05 4.319976e+06 -5.386186e+06
8.139065e+05 4.325315e+06 -5.381522e+06
8.164921e+05 4.330650e+06 -5.376850e+06
8.190768e+05 4.335980e+06 -5.372173e+06
8.216606e+05 4.341304e+06 -5.367489e+06
8.242434e+05 4.346624e+06 -5.362798e+06
8.268252e+05 4.351938e+06 -5.358102e+06
8.294061e+05 4.357247e+06 -5.353399e+06
8.319860e+05 4.362552e+06 -5.348689e+06
8.345650e+05 4.367851e+06 -5.343973e+06
8.371430e+05 4.373145e+06 -5.339251e+06
8.397200e+05 4.378433e+06 -5.334523e+06
8.422960e+05 4.383717e+06 -5.329788e+06
8.448711e+05 4.388996e+06 -5.325047e+06
8.474451e+05 4.394269e+06 -5.320300e+06
8.500182e+05 4.399537e+06 -5.315546e+06
8.525903e+05 4.404801e+06 -5.310786e+06
8.551614e+05 4.410059e+06 -5.306019e+06
8.577315e+05 4.415311e+06 -5.301247e+06
8.603007e+05 4.420559e+06 -5.296468e+06
8.628688e+05 4.425801e+06 -5.291683e+06
8.654359e+05 4.431039e+06 -5.286891e+06
8.680020e+05 4.436271e+06 -5.282093e+06
8.705671e+05 4.441498e+06 -5.277289e+06
8.731311e+05 4.446719e+06 -5.272479e+06
8.756942e+05 4.451936e+06 -5.267662e+06
8.782563e+05 4.457147e+06 -5.262840e+06
8.808173e+05 4.462353e+06 -5.258010e+06
8.833773e+05 4.467554e+06 -5.253175e+06
8.859362e+05 4.472750e+06 -5.248334e+06
8.884942e+05 4.477940e+06 -5.243486e+06
8.910511e+05 4.483125e+06 -5.238632e+06
8.936070e+05 4.488305e+06 -5.233772e+06
8.961618e+05 4.493480e+06 -5.228905e+06
8.987156e+05 4.498649e+06 -5.224032e+06
9.012683e+05 4.503813e+06 -5.219154e+06
9.038200e+05 4.508972e+06 -5.214268e+06
9.063706e+05 4.514125e+06 -5.209377e+06
9.089202e+05 4.519273e+06 -5.204480e+06
9.114687e+05 4.524416e+06 -5.199576e+06
9.140162e+05 4.529554e+06 -5.194666e+06
9.165626e+05 4.534686e+06 -5.189750e+06
9.191079e+05 4.539813e+06 -5.184828e+06
9.216522e+05 4.544935e+06 -5.179900e+06
9.241954e+05 4.550051e+06 -5.174965e+06
9.267375e+05 4.555162e+06 -5.170025e+06
9.292785e+05 4.560268e+06 -5.165078e+06
9.318184e+05 4.565368e+06 -5.160125e+06
9.343573e+05 4.570463e+06 -5.155166e+06
9.368951e+05 4.575553e+06 -5.150201e+06
9.394317e+05 4.580637e+06 -5.145230e+06
9.419673e+05 4.585716e+06 -5.140252e+06
9.445018e+05 4.590789e+06 -5.135269e+06
9.470352e+05 4.595857e+06 -5.130279e+06
9.495675e+05 4.600920e+06 -5.125284e+06
9.520987e+05 4.605977e+06 -5.120282e+06
9.546287e+05 4.611029e+06 -5.115274e+06
9.571577e+05 4.616076e+06 -5.110260e+06
9.596855e+05 4.621117e+06 -5.105240e+06
9.622122e+05 4.626153e+06 -5.100214e+06
9.647378e+05 4.631183e+06 -5.095182e+06
9.672623e+05 4.636208e+06 -5.090144e+06
9.697856e+05 4.641227e+06 -5.085099e+06
9.723079e+05 4.646241e+06 -5.080049e+06
9.748289e+05 4.651249e+06 -5.074993e+06
9.773489e+05 4.656252e+06 -5.069930e+06
9.798677e+05 4.661250e+06 -5.064862e+06
9.823853e+05 4.666242e+06 -5.059787e+06
9.849018e+05 4.671229e+06 -5.054707e+06
9.874172e+05 4.676210e+06 -5.049621e+06
9.899314e+05 4.681185e+06 -5.044528e+06
9.924445e+05 4.686156e+06 -5.039430e+06
9.949564e+05 4.691120e+06 -5.034325e+06
9.974671e+05 4.696079e+06 -5.029215e+06
9.999767e+05 4.701033e+06 -5.024098e+06
1.002485e+06 4.705981e+06 -5.018976e+06
1.004992e+06 4.710924e+06 -5.013848e+06
1.007498e+06 4.715861e+06 -5.008713e+06
1.010003e+06 4.720792e+06 -5.003573e+06
1.012507e+06 4.725718e+06 -4.998427e+06
1.015010e+06 4.730639e+06 -4.993275e+06
1.017511e+06 4.735554e+06 -4.988116e+06
1.020011e+06 4.740463e+06 -4.982952e+06
1.022510e+06 4.745367e+06 -4.977782e+06
1.025008e+06 4.750265e+06 -4.972607e+06
1.027504e+06 4.755158e+06 -4.967425e+06
1.030000e+06 4.760045e+06 -4.962237e+06
1.032494e+06 4.764926e+06 -4.957043e+06
1.034987e+06 4.769802e+06 -4.951844e+06
1.037479e+06 4.774672e+06 -4.946638e+06
1.039969e+06 4.779537e+06 -4.941427e+06
1.042458e+06 4.784396e+06 -4.936210e+06
1.044947e+06 4.789250e+06 -4.930987e+06
1.047433e+06 4.794097e+06 -4.925758e+06
1.049919e+06 4.798940e+06 -4.920523e+06
1.052404e+06 4.803776e+06 -4.915283e+06
1.054887e+06 4.808607e+06 -4.910036e+06
1.057369e+06 4.813432e+06 -4.904784e+06
1.059850e+06 4.818252e+06 -4.899526e+06
1.062329e+06 4.823066e+06 -4.894261e+06
1.064807e+06 4.827874e+06 -4.888992e+06
1.067284e+06 4.832677e+06 -4.883716e+06
1.069760e+06 4.837474e+06 -4.878435e+06
1.072235e+06 4.842265e+06 -4.873147e+06
1.074708e+06 4.847050e+06 -4.867854e+06
1.077180e+06 4.851830e+06 -4.862555e+06
1.079651e+06 4.856604e+06 -4.857251e+06
1.082120e+06 4.861373e+06 -4.851940e+06
1.084588e+06 4.866136e+06 -4.846624e+06
1.087055e+06 4.870893e+06 -4.841302e+06
1.089521e+06 4.875644e+06 -4.835974e+06
1.091985e+06 4.880389e+06 -4.830641e+06
1.094449e+06 4.885129e+06 -4.825301e+06
1.096910e+06 4.889863e+06 -4.819956e+06
1.099371e+06 4.894592e+06 -4.814606e+06
1.101830e+06 4.899314e+06 -4.809249e+06
1.104288e+06 4.904031e+06 -4.803887e+06
1.106745e+06 4.908742e+06 -4.798519e+06
1.109200e+06 4.913448e+06 -4.793145e+06
1.111655e+06 4.918147e+06 -4.787766e+06
1.114107e+06 4.922841e+06 -4.782381e+06
1.116559e+06 4.927529e+06 -4.776990e+06
1.119009e+06 4.932211e+06 -4.771594e+06
1.121458e+06 4.936887e+06 -4.766191e+06
1.123906e+06 4.941558e+06 -4.760784e+06
1.126352e+06 4.946223e+06 -4.755370e+06
1.128797e+06 4.950882e+06 -4.749951e+06
1.131240e+06 4.955535e+06 -4.744526e+06
1.133683e+06 4.960182e+06 -4.739096e+06
1.136124e+06 4.964824e+06 -4.733660e+06
1.138563e+06 4.969459e+06 -4.728218e+06
1.141002e+06 4.974089e+06 -4.722770e+06
1.143439e+06 4.978713e+06 -4.717317e+06
1.145874e+06 4.983331e+06 -4.711859e+06
1.148309e+06 4.987943e+06 -4.706394e+06
1.150742e+06 4.992550e+06 -4.700925e+06
1.153173e+06 4.997150e+06 -4.695449e+06
1.155603e+06 5.001745e+06 -4.689968e+06
1.158032e+06 5.006333e+06 -4.684481e+06
1.160460e+06 5.010916e+06 -4.678989e+06
1.162886e+06 5.015493e+06 -4.673491e+06
1.165311e+06 5.020064e+06 -4.667988e+06
1.167734e+06 5.024629e+06 -4.662479e+06
1.170156e+06 5.029188e+06 -4.656964e+06
1.172577e+06 5.033742e+06 -4.651444e+06
1.174997e+06 5.038289e+06 -4.645919e+06
1.177415e+06 5.042831e+06 -4.640388e+06
1.179831e+06 5.047366e+06 -4.634851e+06
1.182246e+06 5.051896e+06 -4.629309e+06
1.184660e+06 5.056419e+06 -4.623761e+06
1.187073e+06 5.060937e+06 -4.618208e+06
1.189484e+06 5.065449e+06 -4.612649e+06
1.191893e+06 5.069955e+06 -4.607085e+06
1.194302e+06 5.074454e+06 -4.601515e+06
1.196708e+06 5.078948e+06 -4.595940e+06
1.199114e+06 5.083436e+06 -4.590359e+06
1.201518e+06 5.087918e+06 -4.584773e+06
1.203921e+06 5.092394e+06 -4.579181e+06
1.206322e+06 5.096864e+06 -4.573584e+06
1.208722e+06 5.101328e+06 -4.567981e+06
1.211120e+06 5.105785e+06 -4.562373e+06
1.213517e+06 5.110237e+06 -4.556760e+06
1.215913e+06 5.114683e+06 -4.551141e+06
1.218307e+06 5.119123e+06 -4.545517e+06
1.220699e+06 5.123557e+06 -4.539887e+06
1.223091e+06 5.127985e+06 -4.534252e+06
1.225481e+06 5.132406e+06 -4.528611e+06
1.227869e+06 5.136822e+06 -4.522965e+06
1.230256e+06 5.141232e+06 -4.517314e+06
1.232641e+06 5.145635e+06 -4.511657e+06
1.235026e+06 5.150033e+06 -4.505995e+06
1.237408e+06 5.154424e+06 -4.500327e+06
1.239789e+06 5.158810e+06 -4.494654e+06
1.242169e+06 5.163189e+06 -4.488976e+06
1.244547e+06 5.167562e+06 -4.483293e+06
1.246924e+06 5.171929e+06 -4.477604e+06
1.249300e+06 5.176290e+06 -4.471909e+06
1.251673e+06 5.180645e+06 -4.466210e+06
1.254046e+06 5.184994e+06 -4.460505e+06
1.256417e+06 5.189337e+06 -4.454794e+06
1.258786e+06 5.193674e+06 -4.449079e+06
1.261154e+06 5.198004e+06 -4.443358e+06
1.263521e+06 5.202329e+06 -4.437631e+06
1.265886e+06 5.206647e+06 -4.431900e+06
1.268249e+06 5.210959e+06 -4.426163e+06
1.270611e+06 5.215265e+06 -4.420421e+06
1.272972e+06 5.219565e+06 -4.414673e+06
1.275331e+06 5.223859e+06 -4.408921e+06
1.277689e+06 5.228146e+06 -4.403163e+06
1.280045e+06 5.232428e+06 -4.397400e+06
1.282399e+06 5.236703e+06 -4.391631e+06
1.284752e+06 5.240972e+06 -4.385858e+06
1.287104e+06 5.245235e+06 -4.380079e+06
1.289454e+06 5.249491e+06 -4.374294e+06
1.291802e+06 5.253742e+06 -4.368505e+06
1.294149e+06 5.257986e+06 -4.362710e+06
1.296495e+06 5.262224e+06 -4.356911e+06
1.298839e+06 5.266456e+06 -4.351106e+06
1.301181e+06 5.270682e+06 -4.345295e+06
1.303522e+06 5.274901e+06 -4.339480e+06
1.305862e+06 5.279115e+06 -4.333659e+06
1.308199e+06 5.283322e+06 -4.327834e+06
1.310536e+06 5.287523e+06 -4.322003e+06
1.312870e+06 5.291717e+06 -4.316167e+06
1.315204e+06 5.295905e+06 -4.310325e+06
1.317535e+06 5.300088e+06 -4.304479e+06
1.319865e+06 5.304263e+06 -4.298627e+06
1.322194e+06 5.308433e+06 -4.292771e+06
1.324521e+06 5.312596e+06 -4.286909e+06
1.326847e+06 5.316753e+06 -4.281042e+06
1.329171e+06 5.320904e+06 -4.275170e+06
1.331493e+06 5.325049e+06 -4.269293e+06
1.333814e+06 5.329187e+06 -4.263410e+06
1.336133e+06 5.333319e+06 -4.257523e+06
1.338451e+06 5.337445e+06 -4.251631e+06
1.340767e+06 5.341564e+06 -4.245733e+06
1.343081e+06 5.345677e+06 -4.239831e+06
1.345394e+06 5.349784e+06 -4.233923e+06
1.347705e+06 5.353884e+06 -4.228010e+06
1.350015e+06 5.357978e+06 -4.222092e+06
1.352323e+06 5.362066e+06 -4.216169e+06
1.354630e+06 5.366148e+06 -4.210242e+06
1.356935e+06 5.370223e+06 -4.204309e+06
1.359238e+06 5.374292e+06 -4.198371e+06
1.361540e+06 5.378354e+06 -4.192428e+06
1.363840e+06 5.382410e+06 -4.186480e+06
1.366139e+06 5.386460e+06 -4.180527e+06
1.368436e+06 5.390504e+06 -4.174569e+06
1.370731e+06 5.394541e+06 -4.168606e+06
1.373025e+06 5.398571e+06 -4.162638e+06
1.375317e+06 5.402596e+06 -4.156665e+06
1.377608e+06 5.406614e+06 -4.150687e+06
1.379897e+06 5.410625e+06 -4.144704e+06
1.382184e+06 5.414631e+06 -4.138716e+06
1.384469e+06 5.418629e+06 -4.132724e+06
1.386754e+06 5.422622e+06 -4.126726e+06
1.389036e+06 5.426608e+06 -4.120723e+06
1.391317e+06 5.430587e+06 -4.114716e+06
1.393596e+06 5.434561e+06 -4.108703e+06
1.395873e+06 5.438527e+06 -4.102686e+06
1.398149e+06 5.442488e+06 -4.096664e+06
1.400423e+06 5.446442e+06 -4.090636e+06
1.402696e+06 5.450389e+06 -4.084604e+06
1.404967e+06 5.454330e+06 -4.078567e+06
1.407236e+06 5.458265e+06 -4.072525e+06
1.409504e+06 5.462193e+06 -4.066479e+06
1.411770e+06 5.466115e+06 -4.060427e+06
1.414034e+06 5.470030e+06 -4.054371e+06
1.416296e+06 5.473939e+06 -4.048309e+06
1.418557e+06 5.477841e+06 -4.042243e+06
1.420817e+06 5.481737e+06 -4.036172e+06
1.423074e+06 5.485627e+06 -4.030096e+06
1.425330e+06 5.489509e+06 -4.024016e+06
1.427584e+06 5.493386e+06 -4.017930e+06
1.429837e+06 5.497256e+06 -4.011840e+06
1.432088e+06 5.501119e+06 -4.005745e+06
1.434337e+06 5.504976e+06 -3.999645e+06
1.436585e+06 5.508827e+06 -3.993540e+06
1.438830e+06 5.512671e+06 -3.987431e+06
1.441074e+06 5.516508e+06 -3.981317e+06
1.443317e+06 5.520339e+06 -3.975198e+06
1.445558e+06 5.524163e+06 -3.969074e+06
1.447797e+06 5.527981e+06 -3.962945e+06
1.450034e+06 5.531793e+06 -3.956812e+06
1.452270e+06 5.535598e+06 -3.950674e+06
1.454503e+06 5.539396e+06 -3.944531e+06
1.456736e+06 5.543188e+06 -3.938384e+06
1.458966e+06 5.546973e+06 -3.932232e+06
1.461195e+06 5.550751e+06 -3.926075e+06
1.463422e+06 5.554523e+06 -3.919913e+06
1.465647e+06 5.558289e+06 -3.913747e+06
1.467871e+06 5.562048e+06 -3.907576e+06
1.470093e+06 5.565800e+06 -3.901401e+06
1.472313e+06 5.569546e+06 -3.895220e+06
1.474531e+06 5.573285e+06 -3.889035e+06
1.476748e+06 5.577018e+06 -3.882846e+06
1.478963e+06 5.580744e+06 -3.876652e+06
1.481176e+06 5.584463e+06 -3.870453e+06
1.483387e+06 5.588176e+06 -3.864249e+06
1.485597e+06 5.591882e+06 -3.858041e+06
1.487805e+06 5.595582e+06 -3.851828e+06
1.490011e+06 5.599275e+06 -3.845611e+06
1.492215e+06 5.602961e+06 -3.839389e+06
1.494418e+06 5.606641e+06 -3.833162e+06
1.496619e+06 5.610314e+06 -3.826931e+06
1.498818e+06 5.613980e+06 -3.820695e+06
1.501015e+06 5.617640e+06 -3.814455e+06
1.503211e+06 5.621294e+06 -3.808210e+06
1.505405e+06 5.624940e+06 -3.801960e+06
1.507597e+06 5.628580e+06 -3.795706e+06
1.509787e+06 5.632213e+06 -3.789448e+06
1.511975e+06 5.635840e+06 -3.783185e+06
1.514162e+06 5.639460e+06 -3.776917e+06
1.516347e+06 5.643073e+06 -3.770645e+06
1.518530e+06 5.646680e+06 -3.764368e+06
1.520711e+06 5.650279e+06 -3.758087e+06
1.522891e+06 5.653873e+06 -3.751801e+06
1.525068e+06 5.657459e+06 -3.745511e+06
1.527244e+06 5.661039e+06 -3.739216e+06
1.529419e+06 5.664612e+06 -3.732917e+06
1.531591e+06 5.668179e+06 -3.726613e+06
1.533761e+06 5.671738e+06 -3.720305e+06
1.535930e+06 5.675291e+06 -3.713992e+06
1.538097e+06 5.678838e+06 -3.707675e+06
1.540262e+06 5.682377e+06 -3.701354e+06
1.542425e+06 5.685910e+06 -3.695028e+06
1.544587e+06 5.689436e+06 -3.688698e+06
1.546746e+06 5.692956e+06 -3.682363e+06
1.548904e+06 5.696468e+06 -3.676024e+06
1.551060e+06 5.699974e+06 -3.669680e+06
1.553214e+06 5.703473e+06 -3.663332e+06
1.555367e+06 5.706966e+06 -3.656980e+06
1.557517e+06 5.710451e+06 -3.650623e+06
1.559666e+06 5.713930e+06 -3.644262e+06
1.561812e+06 5.717402e+06 -3.637896e+06
1.563957e+06 5.720868e+06 -3.631526e+06
1.566100e+06 5.724326e+06 -3.625152e+06
1.568242e+06 5.727778e+06 -3.618773e+06
1.570381e+06 5.731223e+06 -3.612390e+06
1.572519e+06 5.734662e+06 -3.606003e+06
1.574654e+06 5.738093e+06 -3.599612e+06
1.576788e+06 5.741518e+06 -3.593216e+06
1.578920e+06 5.744936e+06 -3.586815e+06
1.581050e+06 5.748347e+06 -3.580411e+06
1.583178e+06 5.751751e+06 -3.574002e+06
1.585305e+06 5.755148e+06 -3.567589e+06
1.587429e+06 5.758539e+06 -3.561172e+06
1.589552e+06 5.761923e+06 -3.554750e+06
1.591672e+06 5.765300e+06 -3.548324e+06
1.593791e+06 5.768670e+06 -3.541894e+06
1.595908e+06 5.772033e+06 -3.535459e+06
1.598023e+06 5.775390e+06 -3.529021e+06
1.600137e+06 5.778740e+06 -3.522578e+06
1.602248e+06 5.782082e+06 -3.516131e+06
1.604357e+06 5.785418e+06 -3.509679e+06
1.606465e+06 5.788748e+06 -3.503224e+06
1.608570e+06 5.792070e+06 -3.496764e+06
1.610674e+06 5.795385e+06 -3.490300e+06
1.612776e+06 5.798694e+06 -3.483832e+06
1.614876e+06 5.801996e+06 -3.477360e+06
1.616974e+06 5.805290e+06 -3.470883e+06
1.619070e+06 5.808578e+06 -3.464402e+06
1.621164e+06 5.811859e+06 -3.457918e+06
1.623256e+06 5.815133e+06 -3.451429e+06
1.625347e+06 5.818401e+06 -3.444935e+06
1.627435e+06 5.821661e+06 -3.438438e+06
1.629522e+06 5.824915e+06 -3.431937e+06
1.631606e+06 5.828161e+06 -3.425431e+06
1.633689e+06 5.831401e+06 -3.418922e+06
1.635769e+06 5.834634e+06 -3.412408e+06
1.637848e+06 5.837859e+06 -3.405890e+06
1.639925e+06 5.841078e+06 -3.399368e+06
1.642000e+06 5.844290e+06 -3.392842e+06
1.644073e+06 5.847496e+06 -3.386312e+06
1.646144e+06 5.850694e+06 -3.379778e+06
1.648213e+06 5.853885e+06 -3.373240e+06
1.650280e+06 5.857069e+06 -3.366698e+06
1.652345e+06 5.860247e+06 -3.360151e+06
1.654408e+06 5.863417e+06 -3.353601e+06
1.656470e+06 5.866580e+06 -3.347047e+06
1.658529e+06 5.869737e+06 -3.340488e+06
1.660586e+06 5.872886e+06 -3.333926e+06
1.662642e+06 5.876029e+06 -3.327360e+06
1.664695e+06 5.879165e+06 -3.320789e+06
1.666746e+06 5.882293e+06 -3.314215e+06
1.668796e+06 5.885415e+06 -3.307636e+06
1.670843e+06 5.888530e+06 -3.301054e+06
1.672889e+06 5.891637e+06 -3.294468e+06
1.674932e+06 5.894738e+06 -3.287878e+06
1.676974e+06 5.897832e+06 -3.281283e+06
1.679014e+06 5.900918e+06 -3.274685e+06
1.681051e+06 5.903998e+06 -3.268083e+06
1.683087e+06 5.907071e+06 -3.261477e+06
1.685120e+06 5.910137e+06 -3.254867e+06
1.687152e+06 5.913195e+06 -3.248254e+06
1.689181e+06 5.916247e+06 -3.241636e+06
1.691209e+06 5.919292e+06 -3.235014e+06
1.693235e+06 5.922329e+06 -3.228389e+06
1.695258e+06 5.925360e+06 -3.221759e+06
1.697280e+06 5.928384e+06 -3.215126e+06
1.699299e+06 5.931400e+06 -3.208489e+06
1.701317e+06 5.934410e+06 -3.201848e+06
1.703333e+06 5.937412e+06 -3.195203e+06
1.705346e+06 5.940408e+06 -3.188554e+06
1.707358e+06 5.943396e+06 -3.181902e+06
1.709367e+06 5.946377e+06 -3.175246e+06
1.711375e+06 5.949352e+06 -3.168586e+06
1.713380e+06 5.952319e+06 -3.161922e+06
1.715383e+06 5.955279e+06 -3.155254e+06
1.717385e+06 5.958232e+06 -3.148582e+06
1.719384e+06 5.961178e+06 -3.141907e+06
1.721381e+06 5.964117e+06 -3.135228e+06
1.723377e+06 5.967049e+06 -3.128545e+06
1.725370e+06 5.969974e+06 -3.121858e+06
1.727361e+06 5.972892e+06 -3.115168e+06
1.729350e+06 5.975803e+06 -3.108474e+06
1.731337e+06 5.978706e+06 -3.101776e+06
1.733322e+06 5.981603e+06 -3.095074e+06
1.735305e+06 5.984492e+06 -3.088369e+06
1.737286e+06 5.987374e+06 -3.081660e+06
1.739265e+06 5.990249e+06 -3.074947e+06
1.741242e+06 5.993117e+06 -3.068231e+06
1.743217e+06 5.995978e+06 -3.061511e+06
1.745190e+06 5.998832e+06 -3.054787e+06
1.747160e+06 6.001679e+06 -3.048060e+06
1.749129e+06 6.004518e+06 -3.041328e+06
1.751095e+06 6.007351e+06 -3.034594e+06
1.753060e+06 6.010176e+06 -3.027855e+06
1.755022e+06 6.012994e+06 -3.021113e+06
1.756982e+06 6.015805e+06 -3.014367e+06
1.758940e+06 6.018609e+06 -3.007618e+06
1.760896e+06 6.021406e+06 -3.000865e+06
1.762850e+06 6.024196e+06 -2.994109e+06
1.764802e+06 6.026978e+06 -2.987348e+06
1.766752e+06 6.029753e+06 -2.980585e+06
1.768700e+06 6.032521e+06 -2.973817e+06
1.770645e+06 6.035282e+06 -2.967046e+06
1.772589e+06 6.038036e+06 -2.960272e+06
1.774530e+06 6.040783e+06 -2.953494e+06
1.776470e+06 6.043522e+06 -2.946712e+06
1.778407e+06 6.046255e+06 -2.939927e+06
1.780342e+06 6.048980e+06 -2.933138e+06
1.782275e+06 6.051698e+06 -2.926346e+06
1.784206e+06 6.054408e+06 -2.919550e+06
1.786135e+06 6.057112e+06 -2.912751e+06
1.788061e+06 6.059808e+06 -2.905948e+06
1.789986e+06 6.062497e+06 -2.899142e+06
1.791908e+06 6.065179e+06 -2.892332e+06
1.793829e+06 6.067854e+06 -2.885519e+06
1.795747e+06 6.070521e+06 -2.878702e+06
1.797663e+06 6.073182e+06 -2.871882e+06
1.799577e+06 6.075835e+06 -2.865059e+06
1.801488e+06 6.078481e+06 -2.858232e+06
1.803398e+06 6.081119e+06 -2.851401e+06
1.805305e+06 6.083751e+06 -2.844567e+06
1.807211e+06 6.086375e+06 -2.837730e+06
1.809114e+06 6.088992e+06 -2.830889e+06
1.811015e+06 6.091602e+06 -2.824045e+06
1.812914e+06 6.094204e+06 -2.817197e+06
1.814811e+06 6.096799e+06 -2.810346e+06
1.816705e+06 6.099387e+06 -2.803492e+06
1.818598e+06 6.101968e+06 -2.796634e+06
1.820488e+06 6.104542e+06 -2.789773e+06
1.822376e+06 6.107108e+06 -2.782909e+06
1.824262e+06 6.109667e+06 -2.776041e+06
1.826146e+06 6.112219e+06 -2.769170e+06
1.828027e+06 6.114763e+06 -2.762295e+06
1.829907e+06 6.117300e+06 -2.755417e+06
1.831784e+06 6.119830e+06 -2.748536e+06
1.833659e+06 6.122353e+06 -2.741652e+06
1.835532e+06 6.124868e+06 -2.734764e+06
1.837403e+06 6.127376e+06 -2.727873e+06
1.839272e+06 6.129877e+06 -2.720979e+06
1.841138e+06 6.132371e+06 -2.714081e+06
1.843002e+06 6.134857e+06 -2.707180e+06
1.844864e+06 6.137336e+06 -2.700276e+06
1.846724e+06 6.139807e+06 -2.693369e+06
1.848582e+06 6.142272e+06 -2.686458e+06
1.850437e+06 6.144729e+06 -2.679544e+06
1.852290e+06 6.147179e+06 -2.672627e+06
1.854141e+06 6.149621e+06 -2.665707e+06
1.855990e+06 6.152056e+06 -2.658783e+06
1.857837e+06 6.154484e+06 -2.651857e+06
1.859681e+06 6.156904e+06 -2.644927e+06
1.861524e+06 6.159318e+06 -2.637994e+06
1.863364e+06 6.161723e+06 -2.631058e+06
1.865201e+06 6.164122e+06 -2.624118e+06
1.867037e+06 6.166513e+06 -2.617175e+06
1.868870e+06 6.168897e+06 -2.610230e+06
1.870702e+06 6.171273e+06 -2.603281e+06
1.872530e+06 6.173643e+06 -2.596329e+06
1.874357e+06 6.176004e+06 -2.589374e+06
1.876182e+06 6.178359e+06 -2.582415e+06
1.878004e+06 6.180706e+06 -2.575454e+06
1.879824e+06 6.183046e+06 -2.568490e+06
1.881642e+06 6.185378e+06 -2.561522e+06
1.883457e+06 6.187703e+06 -2.554551e+06
1.885271e+06 6.190021e+06 -2.547578e+06
1.887082e+06 6.192331e+06 -2.540601e+06
1.888891e+06 6.194634e+06 -2.533621e+06
1.890697e+06 6.196930e+06 -2.526638e+06
1.892501e+06 6.199218e+06 -2.519652e+06
1.894304e+06 6.201499e+06 -2.512663e+06
1.896103e+06 6.203772e+06 -2.505671e+06
1.897901e+06 6.206038e+06 -2.498676e+06
1.899696e+06 6.208297e+06 -2.491678e+06
1.901489e+06 6.210548e+06 -2.484677e+06
1.903280e+06 6.212792e+06 -2.477673e+06
1.905069e+06 6.215029e+06 -2.470666e+06
1.906855e+06 6.217258e+06 -2.463656e+06
1.908639e+06 6.219480e+06 -2.456643e+06
1.910421e+06 6.221694e+06 -2.449627e+06
1.912200e+06 6.223901e+06 -2.442608e+06
1.913978e+06 6.226100e+06 -2.435586e+06
1.915753e+06 6.228293e+06 -2.428561e+06
1.917525e+06 6.230477e+06 -2.421533e+06
1.919296e+06 6.232655e+06 -2.414503e+06
1.921064e+06 6.234824e+06 -2.407469e+06
1.922829e+06 6.236987e+06 -2.400433e+06
1.924593e+06 6.239142e+06 -2.393393e+06
1.926354e+06 6.241289e+06 -2.386351e+06
1.928113e+06 6.243430e+06 -2.379306e+06
1.929870e+06 6.245562e+06 -2.372258e+06
1.931624e+06 6.247688e+06 -2.365207e+06
1.933376e+06 6.249806e+06 -2.358153e+06
1.935126e+06 6.251916e+06 -2.351097e+06
1.936874e+06 6.254019e+06 -2.344038e+06
1.938619e+06 6.256114e+06 -2.336975e+06
1.940362e+06 6.258202e+06 -2.329910e+06
1.942102e+06 6.260283e+06 -2.322843e+06
1.943840e+06 6.262356e+06 -2.315772e+06
1.945576e+06 6.264422e+06 -2.308698e+06
1.947310e+06 6.266480e+06 -2.301622e+06
1.949041e+06 6.268531e+06 -2.294543e+06
1.950770e+06 6.270574e+06 -2.287462e+06
1.952497e+06 6.272610e+06 -2.280377e+06
1.954221e+06 6.274639e+06 -2.273290e+06
1.955943e+06 6.276660e+06 -2.266200e+06
1.957663e+06 6.278673e+06 -2.259107e+06
1.959380e+06 6.280679e+06 -2.252012e+06
1.961095e+06 6.282677e+06 -2.244913e+06
1.962808e+06 6.284668e+06 -2.237813e+06
1.964518e+06 6.286652e+06 -2.230709e+06
1.966226e+06 6.288628e+06 -2.223603e+06
1.967932e+06 6.290596e+06 -2.216494e+06
1.969635e+06 6.292558e+06 -2.209382e+06
1.971336e+06 6.294511e+06 -2.202268e+06
1.973035e+06 6.296457e+06 -2.195151e+06
1.974731e+06 6.298396e+06 -2.188031e+06
1.976425e+06 6.300327e+06 -2.180909e+06
1.978117e+06 6.302250e+06 -2.173784e+06
1.979806e+06 6.304166e+06 -2.166657e+06
1.981493e+06 6.306075e+06 -2.159527e+06
1.983178e+06 6.307976e+06 -2.152394e+06
1.984860e+06 6.309869e+06 -2.145259e+06
1.986540e+06 6.311755e+06 -2.138121e+06
1.988217e+06 6.313634e+06 -2.130980e+06
1.989892e+06 6.315505e+06 -2.123837e+06
1.991565e+06 6.317368e+06 -2.116692e+06
1.993235e+06 6.319224e+06 -2.109544e+06
1.994903e+06 6.321072e+06 -2.102393e+06
1.996569e+06 6.322913e+06 -2.095240e+06
1.998232e+06 6.324746e+06 -2.088084e+06
1.999893e+06 6.326572e+06 -2.080926e+06
2.001551e+06 6.328390e+06 -2.073765e+06
2.003208e+06 6.330201e+06 -2.066602e+06
2.004861e+06 6.332004e+06 -2.059436e+06
2.006513e+06 6.333800e+06 -2.052267e+06
2.008161e+06 6.335588e+06 -2.045097e+06
2.009808e+06 6.337368e+06 -2.037923e+06
2.011452e+06 6.339141e+06 -2.030748e+06
2.013094e+06 6.340906e+06 -2.023570e+06
2.014733e+06 6.342664e+06 -2.016389e+06
2.016370e+06 6.344415e+06 -2.009206e+06
2.018005e+06 6.346157e+06 -2.002021e+06
2.019637e+06 6.347892e+06 -1.994833e+06
2.021267e+06 6.349620e+06 -1.987643e+06
2.022894e+06 6.351340e+06 -1.980450e+06
2.024519e+06 6.353052e+06 -1.973255e+06
2.026141e+06 6.354757e+06 -1.966057e+06
2.027761e+06 6.356454e+06 -1.958858e+06
2.029379e+06 6.358144e+06 -1.951655e+06
2.030994e+06 6.359826e+06 -1.944451e+06
2.032607e+06 6.361501e+06 -1.937244e+06
2.034218e+06 6.363168e+06 -1.930035e+06
2.035826e+06 6.364827e+06 -1.922823e+06
2.037431e+06 6.366479e+06 -1.915609e+06
2.039034e+06 6.368123e+06 -1.908393e+06
2.040635e+06 6.369759e+06 -1.901175e+06
2.042233e+06 6.371388e+06 -1.893954e+06
2.043829e+06 6.373010e+06 -1.886731e+06
2.045423e+06 6.374623e+06 -1.879506e+06
2.047014e+06 6.376230e+06 -1.872278e+06
2.048602e+06 6.377828e+06 -1.865048e+06
2.050188e+06 6.379419e+06 -1.857816e+06
2.051772e+06 6.381003e+06 -1.850582e+06
2.053353e+06 6.382578e+06 -1.843345e+06
2.054932e+06 6.384146e+06 -1.836106e+06
2.056508e+06 6.385707e+06 -1.828865e+06
2.058082e+06 6.387260e+06 -1.821622e+06
2.059653e+06 6.388805e+06 -1.814377e+06
2.061222e+06 6.390343e+06 -1.807129e+06
2.062789e+06 6.391873e+06 -1.799879e+06
2.064353e+06 6.393395e+06 -1.792627e+06
2.065915e+06 6.394910e+06 -1.785373e+06
2.067474e+06 6.396417e+06 -1.778117e+06
2.069030e+06 6.397917e+06 -1.770858e+06
2.070585e+06 6.399409e+06 -1.763598e+06
2.072136e+06 6.400893e+06 -1.756335e+06
2.073686e+06 6.402369e+06 -1.749070e+06
2.075232e+06 6.403838e+06 -1.741803e+06
2.076777e+06 6.405300e+06 -1.734534e+06
2.078318e+06 6.406753e+06 -1.727263e+06
2.079858e+06 6.408200e+06 -1.719989e+06
2.081395e+06 6.409638e+06 -1.712714e+06
2.082929e+06 6.411069e+06 -1.705437e+06
2.084461e+06 6.412492e+06 -1.698157e+06
2.085990e+06 6.413907e+06 -1.690876e+06
2.087517e+06 6.415315e+06 -1.683592e+06
2.089042e+06 6.416715e+06 -1.676307e+06
2.090564e+06 6.418108e+06 -1.669019e+06
2.092083e+06 6.419493e+06 -1.661729e+06
2.093600e+06 6.420870e+06 -1.654438e+06
2.095115e+06 6.422239e+06 -1.647144e+06
2.096627e+06 6.423601e+06 -1.639849e+06
2.098136e+06 6.424955e+06 -1.632551e+06
2.099643e+06 6.426302e+06 -1.625251e+06
2.101148e+06 6.427641e+06 -1.617950e+06
2.102650e+06 6.428972e+06 -1.610646e+06
2.104149e+06 6.430295e+06 -1.603341e+06
2.105646e+06 6.431611e+06 -1.596034e+06
2.107140e+06 6.432919e+06 -1.588724e+06
2.108632e+06 6.434220e+06 -1.581413e+06
2.110122e+06 6.435513e+06 -1.574100e+06
2.111609e+06 6.436798e+06 -1.566785e+06
2.113093e+06 6.438075e+06 -1.559468e+06
2.114575e+06 6.439345e+06 -1.552149e+06
2.116054e+06 6.440607e+06 -1.544828e+06
2.117531e+06 6.441861e+06 -1.537506e+06
2.119005e+06 6.443108e+06 -1.530181e+06
2.120477e+06 6.444347e+06 -1.522855e+06
2.121946e+06 6.445578e+06 -1.515527e+06
2.123413e+06 6.446802e+06 -1.508197e+06
2.124877e+06 6.448018e+06 -1.500865e+06
2.126339e+06 6.449226e+06 -1.493532e+06
2.127798e+06 6.450427e+06 -1.486196e+06
2.129254e+06 6.451619e+06 -1.478859e+06
2.130708e+06 6.452804e+06 -1.471520e+06
2.132160e+06 6.453982e+06 -1.464180e+06
2.133609e+06 6.455152e+06 -1.456837e+06
2.135055e+06 6.456314e+06 -1.449493e+06
2.136499e+06 6.457468e+06 -1.442147e+06
2.137940e+06 6.458614e+06 -1.434799e+06
2.139379e+06 6.459753e+06 -1.427450e+06
2.140815e+06 6.460884e+06 -1.420098e+06
2.142249e+06 6.462008e+06 -1.412745e+06
2.143680e+06 6.463123e+06 -1.405391e+06
2.145108e+06 6.464231e+06 -1.398034e+06
2.146534e+06 6.465332e+06 -1.390676e+06
2.147958e+06 6.466424e+06 -1.383317e+06
2.149378e+06 6.467509e+06 -1.375955e+06
2.150797e+06 6.468586e+06 -1.368592e+06
2.152212e+06 6.469656e+06 -1.361228e+06
2.153625e+06 6.470717e+06 -1.353861e+06
2.155036e+06 6.471771e+06 -1.346493e+06
2.156444e+06 6.472817e+06 -1.339124e+06
2.157849e+06 6.473856e+06 -1.331752e+06
2.159252e+06 6.474886e+06 -1.324380e+06
2.160652e+06 6.475909e+06 -1.317005e+06
2.162050e+06 6.476925e+06 -1.309629e+06
2.163445e+06 6.477932e+06 -1.302252e+06
2.164838e+06 6.478932e+06 -1.294872e+06
2.166227e+06 6.479924e+06 -1.287492e+06
2.167615e+06 6.480908e+06 -1.280109e+06
2.169000e+06 6.481885e+06 -1.272725e+06
2.170382e+06 6.482854e+06 -1.265340e+06
2.171761e+06 6.483815e+06 -1.257953e+06
2.173138e+06 6.484768e+06 -1.250565e+06
2.174513e+06 6.485714e+06 -1.243175e+06
2.175884e+06 6.486651e+06 -1.235783e+06
2.177254e+06 6.487582e+06 -1.228390e+06
2.178620e+06 6.488504e+06 -1.220996e+06
2.179984e+06 6.489418e+06 -1.213600e+06
2.181345e+06 6.490325e+06 -1.206203e+06
2.182704e+06 6.491224e+06 -1.198804e+06
2.184060e+06 6.492116e+06 -1.191403e+06
2.185414e+06 6.492999e+06 -1.184002e+06
2.186765e+06 6.493875e+06 -1.176599e+06
2.188113e+06 6.494743e+06 -1.169194e+06
2.189459e+06 6.495603e+06 -1.161788e+06
2.190802e+06 6.496456e+06 -1.154381e+06
2.192142e+06 6.497301e+06 -1.146972e+06
2.193480e+06 6.498138e+06 -1.139562e+06
2.194816e+06 6.498967e+06 -1.132150e+06
2.196148e+06 6.499788e+06 -1.124737e+06
2.197478e+06 6.500602e+06 -1.117323e+06
2.198806e+06 6.501408e+06 -1.109907e+06
2.200130e+06 6.502206e+06 -1.102490e+06
2.201452e+06 6.502996e+06 -1.095072e+06
2.202772e+06 6.503779e+06 -1.087652e+06
2.204089e+06 6.504554e+06 -1.080231e+06
2.205403e+06 6.505321e+06 -1.072809e+06
2.206715e+06 6.506080e+06 -1.065386e+06
2.208024e+06 6.506832e+06 -1.057961e+06
2.209330e+06 6.507575e+06 -1.050535e+06
2.210634e+06 6.508311e+06 -1.043107e+06
2.211935e+06 6.509039e+06 -1.035679e+06
2.213233e+06 6.509760e+06 -1.028249e+06
2.214529e+06 6.510472e+06 -1.020818e+06
2.215822e+06 6.511177e+06 -1.013385e+06
2.217112e+06 6.511874e+06 -1.005952e+06
2.218400e+06 6.512564e+06 -9.985168e+05
2.219685e+06 6.513245e+06 -9.910807e+05
2.220968e+06 6.513919e+06 -9.836435e+05
2.222248e+06 6.514585e+06 -9.762051e+05
2.223525e+06 6.515243e+06 -9.687655e+05
2.224799e+06 6.515893e+06 -9.613247e+05
2.226071e+06 6.516536e+06 -9.538828e+05
2.227340e+06 6.517170e+06 -9.464397e+05
2.228607e+06 6.517797e+06 -9.389955e+05
2.229871e+06 6.518416e+06 -9.315501e+05
2.231132e+06 6.519028e+06 -9.241037e+05
2.232391e+06 6.519631e+06 -9.166560e+05
2.233647e+06 6.520227e+06 -9.092073e+05
2.234900e+06 6.520815e+06 -9.017575e+05
2.236150e+06 6.521395e+06 -8.943066e+05
2.237398e+06 6.521968e+06 -8.868546e+05
2.238643e+06 6.522532e+06 -8.794016e+05
2.239886e+06 6.523089e+06 -8.719475e+05
2.241126e+06 6.523638e+06 -8.644923e+05
2.242363e+06 6.524179e+06 -8.570361e+05
2.243597e+06 6.524713e+06 -8.495788e+05
2.244829e+06 6.525238e+06 -8.421206e+05
2.246058e+06 6.525756e+06 -8.346613e+05
2.247285e+06 6.526266e+06 -8.272010e+05
2.248509e+06 6.526768e+06 -8.197397e+05
2.249730e+06 6.527263e+06 -8.122774e+05
2.250948e+06 6.527749e+06 -8.048141e+05
2.252164e+06 6.528228e+06 -7.973498e+05
2.253377e+06 6.528699e+06 -7.898846e+05
2.254587e+06 6.529162e+06 -7.824184e+05
2.255795e+06 6.529617e+06 -7.749513e+05
2.256999e+06 6.530065e+06 -7.674833e+05
2.258202e+06 6.530504e+06 -7.600143e+05
2.259401e+06 6.530936e+06 -7.525444e+05
2.260598e+06 6.531360e+06 -7.450736e+05
2.261792e+06 6.531777e+06 -7.376019e+05
2.262983e+06 6.532185e+06 -7.301293e+05
2.264172e+06 6.532586e+06 -7.226558e+05
2.265358e+06 6.532979e+06 -7.151815e+05
2.266541e+06 6.533364e+06 -7.077062e+05
2.267722e+06 6.533741e+06 -7.002302e+05
2.268900e+06 6.534110e+06 -6.927532e+05
2.270075e+06 6.534472e+06 -6.852755e+05
2.271247e+06 6.534826e+06 -6.777969e+05
2.272417e+06 6.535172e+06 -6.703175e+05
2.273584e+06 6.535510e+06 -6.628373e+05
2.274748e+06 6.535840e+06 -6.553563e+05
2.275910e+06 6.536163e+06 -6.478745e+05
2.277069e+06 6.536477e+06 -6.403919e+05
2.278225e+06 6.536784e+06 -6.329085e+05
2.279378e+06 6.537083e+06 -6.254244e+05
2.280529e+06 6.537374e+06 -6.179395e+05
2.281677e+06 6.537658e+06 -6.104539e+05
2.282822e+06 6.537933e+06 -6.029675e+05
2.283964e+06 6.538201e+06 -5.954804e+05
2.285104e+06 6.538461e+06 -5.879926e+05
2.286241e+06 6.538713e+06 -5.805041e+05
2.287375e+06 6.538957e+06 -5.730148e+05
2.288507e+06 6.539194e+06 -5.655249e+05
2.289636e+06 6.539423e+06 -5.580343e+05
2.290762e+06 6.539643e+06 -5.505430e+05
2.291885e+06 6.539856e+06 -5.430511e+05
2.293006e+06 6.540062e+06 -5.355585e+05
2.294123e+06 6.540259e+06 -5.280653e+05
2.295239e+06 6.540448e+06 -5.205714e+05
2.296351e+06 6.540630e+06 -5.130769e+05
2.297460e+06 6.540804e+06 -5.055817e+05
2.298567e+06 6.540970e+06 -4.980860e+05
2.299671e+06 6.541128e+06 -4.905897e+05
2.300773e+06 6.541279e+06 -4.830927e+05
2.301871e+06 6.541421e+06 -4.755952e+05
2.302967e+06 6.541556e+06 -4.680971e+05
2.304060e+06 6.541683e+06 -4.605985e+05
2.305151e+06 6.541802e+06 -4.530993e+05
2.306238e+06 6.541913e+06 -4.455995e+05
2.307323e+06 6.542017e+06 -4.380992e+05
2.308405e+06 6.542112e+06 -4.305984e+05
2.309484e+06 6.542200e+06 -4.230970e+05
2.310561e+06 6.542280e+06 -4.155952e+05
2.311635e+06 6.542352e+06 -4.080928e+05
2.312705e+06 6.542416e+06 -4.005900e+05
2.313774e+06 6.542473e+06 -3.930867e+05
2.314839e+06 6.542521e+06 -3.855829e+05
2.315902e+06 6.542562e+06 -3.780786e+05
2.316962e+06 6.542595e+06 -3.705739e+05
2.318019e+06 6.542620e+06 -3.630687e+05
2.319073e+06 6.542638e+06 -3.555631e+05
2.320125e+06 6.542647e+06 -3.480570e+05
2.321174e+06 6.542649e+06 -3.405506e+05
2.322220e+06 6.542642e+06 -3.330437e+05
2.323263e+06 6.542628e+06 -3.255365e+05
2.324303e+06 6.542607e+06 -3.180288e+05
2.325341e+06 6.542577e+06 -3.105208e+05
2.326376e+06 6.542539e+06 -3.030123e+05
2.327408e+06 6.542494e+06 -2.955036e+05
2.328437e+06 6.542441e+06 -2.879944e+05
2.329464e+06 6.542380e+06 -2.804849e+05
2.330488e+06 6.542311e+06 -2.729751e+05
2.331509e+06 6.542234e+06 -2.654650e+05
2.332527e+06 6.542150e+06 -2.579545e+05
2.333542e+06 6.542057e+06 -2.504437e+05
2.334555e+06 6.541957e+06 -2.429326e+05
2.335565e+06 6.541849e+06 -2.354213e+05
2.336572e+06 6.541733e+06 -2.279096e+05
2.337576e+06 6.541610e+06 -2.203977e+05
2.338577e+06 6.541478e+06 -2.128855e+05
2.339576e+06 6.541339e+06 -2.053730e+05
2.340572e+06 6.541192e+06 -1.978603e+05
2.341565e+06 6.541037e+06 -1.903474e+05
2.342555e+06 6.540874e+06 -1.828342e+05
2.343542e+06 6.540703e+06 -1.753209e+05
2.344527e+06 6.540525e+06 -1.678073e+05
2.345509e+06 6.540339e+06 -1.602935e+05
2.346488e+06 6.540145e+06 -1.527795e+05
2.347464e+06 6.539943e+06 -1.452653e+05
2.348437e+06 6.539733e+06 -1.377510e+05
2.349408e+06 6.539515e+06 -1.302365e+05
2.350375e+06 6.539290e+06 -1.227218e+05
2.351340e+06 6.539057e+06 -1.152070e+05
2.352303e+06 6.538815e+06 -1.076921e+05
2.353262e+06 6.538566e+06 -1.001770e+05
2.354218e+06 6.538310e+06 -9.266184e+04
2.355172e+06 6.538045e+06 -8.514654e+04
2.356123e+06 6.537773e+06 -7.763114e+04
2.357071e+06 6.537493e+06 -7.011565e+04
2.358016e+06 6.537204e+06 -6.260008e+04
2.358958e+06 6.536909e+06 -5.508444e+04
2.359898e+06 6.536605e+06 -4.756873e+04
2.360835e+06 6.536293e+06 -4.005296e+04
2.361768e+06 6.535974e+06 -3.253716e+04
2.362700e+06 6.535647e+06 -2.502131e+04
2.363628e+06 6.535312e+06 -1.750544e+04
2.364553e+06 6.534969e+06 -9.989546e+03
2.365476e+06 6.534618e+06 -2.473645e+03
2.366395e+06 6.534260e+06 5.042256e+03
2.367312e+06 6.533893e+06 1.255815e+04
2.368226e+06 6.533519e+06 2.007402e+04
2.369138e+06 6.533137e+06 2.758987e+04
2.370046e+06 6.532747e+06 3.510568e+04
2.370952e+06 6.532350e+06 4.262144e+04
2.371854e+06 6.531944e+06 5.013716e+04
2.372754e+06 6.531531e+06 5.765280e+04
2.373651e+06 6.531110e+06 6.516838e+04
2.374545e+06 6.530681e+06 7.268387e+04
2.375437e+06 6.530245e+06 8.019927e+04
2.376325e+06 6.529800e+06 8.771457e+04
2.377211e+06 6.529348e+06 9.522976e+04
2.378094e+06 6.528887e+06 1.027448e+05
2.378974e+06 6.528419e+06 1.102598e+05
2.379851e+06 6.527944e+06 1.177746e+05
2.380725e+06 6.527460e+06 1.252893e+05
2.381596e+06 6.526969e+06 1.328038e+05
2.382465e+06 6.526469e+06 1.403181e+05
2.383331e+06 6.525962e+06 1.478323e+05
2.384194e+06 6.525447e+06 1.553463e+05
2.385054e+06 6.524925e+06 1.628601e+05
2.385911e+06 6.524394e+06 1.703737e+05
2.386765e+06 6.523856e+06 1.778870e+05
2.387616e+06 6.523310e+06 1.854002e+05
2.388465e+06 6.522756e+06 1.929132e+05
2.389311e+06 6.522194e+06 2.004259e+05
2.390154e+06 6.521624e+06 2.079383e+05
2.390994e+06 6.521047e+06 2.154505e+05
2.391831e+06 6.520462e+06 2.229625e+05
2.392665e+06 6.519869e+06 2.304741e+05
2.393496e+06 6.519268e+06 2.379855e+05
2.394325e+06 6.518659e+06 2.454966e+05
2.395150e+06 6.518043e+06 2.530074e+05
2.395973e+06 6.517419e+06 2.605179e+05
2.396793e+06 6.516787e+06 2.680280e+05
2.397610e+06 6.516147e+06 2.755379e+05
2.398424e+06 6.515499e+06 2.830473e+05
2.399236e+06 6.514844e+06 2.905565e+05
2.400044e+06 6.514180e+06 2.980653e+05
2.400850e+06 6.513509e+06 3.055737e+05
2.401652e+06 6.512831e+06 3.130818e+05
2.402452e+06 6.512144e+06 3.205894e+05
2.403249e+06 6.511449e+06 3.280967e+05
2.404043e+06 6.510747e+06 3.356036e+05
2.404834e+06 6.510037e+06 3.431101e+05
2.405622e+06 6.509319e+06 3.506161e+05
2.406408e+06 6.508594e+06 3.581217e+05
2.407190e+06 6.507860e+06 3.656269e+05
2.407970e+06 6.507119e+06 3.731317e+05
2.408747e+06 6.506370e+06 3.806359e+05
2.409520e+06 6.505613e+06 3.881397e+05
2.410291e+06 6.504849e+06 3.956431e+05
2.411059e+06 6.504076e+06 4.031459e+05
2.411825e+06 6.503296e+06 4.106483e+05
2.412587e+06 6.502508e+06 4.181502e+05
2.413346e+06 6.501712e+06 4.256515e+05
2.414103e+06 6.500909e+06 4.331524e+05
2.414856e+06 6.500097e+06 4.406527e+05
2.415607e+06 6.499278e+06 4.481524e+05
2.416355e+06 6.498451e+06 4.556517e+05
2.417100e+06 6.497617e+06 4.631503e+05
2.417842e+06 6.496774e+06 4.706484e+05
2.418581e+06 6.495924e+06 4.781459e+05
2.419317e+06 6.495066e+06 4.856429e+05
2.420051e+06 6.494200e+06 4.931392e+05
2.420781e+06 6.493326e+06 5.006350e+05
2.421509e+06 6.492445e+06 5.081301e+05
2.422233e+06 6.491556e+06 5.156246e+05
2.422955e+06 6.490659e+06 5.231185e+05
2.423674e+06 6.489754e+06 5.306118e+05
2.424390e+06 6.488842e+06 5.381044e+05
2.425103e+06 6.487921e+06 5.455963e+05
2.425813e+06 6.486993e+06 5.530876e+05
2.426520e+06 6.486058e+06 5.605782e+05
2.427225e+06 6.485114e+06 5.680681e+05
2.427926e+06 6.484163e+06 5.755574e+05
2.428624e+06 6.483204e+06 5.830459e+05
2.429320e+06 6.482237e+06 5.905337e+05
2.430013e+06 6.481262e+06 5.980208e+05
2.430702e+06 6.480280e+06 6.055072e+05
2.431389e+06 6.479290e+06 6.129928e+05
2.432073e+06 6.478292e+06 6.204777e+05
2.432754e+06 6.477286e+06 6.279618e+05
2.433432e+06 6.476272e+06 6.354452e+05
2.434107e+06 6.475251e+06 6.429278e+05
2.434780e+06 6.474222e+06 6.504096e+05
2.435449e+06 6.473186e+06 6.578906e+05
2.436116e+06 6.472141e+06 6.653708e+05
2.436779e+06 6.471089e+06 6.728502e+05
2.437440e+06 6.470029e+06 6.803288e+05
2.438097e+06 6.468961e+06 6.878066e+05
2.438752e+06 6.467886e+06 6.952835e+05
2.439404e+06 6.466803e+06 7.027595e+05
2.440053e+06 6.465712e+06 7.102348e+05
2.440699e+06 6.464613e+06 7.177091e+05
2.441342e+06 6.463506e+06 7.251826e+05
2.441982e+06 6.462392e+06 7.326552e+05
2.442619e+06 6.461270e+06 7.401269e+05
2.443253e+06 6.460141e+06 7.475977e+05
2.443885e+06 6.459003e+06 7.550675e+05
2.444513e+06 6.457858e+06 7.625365e+05
2.445139e+06 6.456705e+06 7.700045e+05
2.445761e+06 6.455545e+06 7.774716e+05
2.446381e+06 6.454376e+06 7.849378e+05
2.446997e+06 6.453200e+06 7.924030e+05
2.447611e+06 6.452016e+06 7.998672e+05
2.448222e+06 6.450825e+06 8.073305e+05
2.448830e+06 6.449626e+06 8.147927e+05
2.449435e+06 6.448419e+06 8.222540e+05
2.450037e+06 6.447204e+06 8.297143e+05
2.450636e+06 6.445981e+06 8.371736e+05
2.451232e+06 6.444751e+06 8.446318e+05
2.451825e+06 6.443513e+06 8.520890e+05
2.452416e+06 6.442268e+06 8.595452e+05
2.453003e+06 6.441014e+06 8.670004e+05
2.453587e+06 6.439753e+06 8.744544e+05
2.454169e+06 6.438485e+06 8.819075e+05
2.454747e+06 6.437208e+06 8.893594e+05
2.455323e+06 6.435924e+06 8.968103e+05
2.455895e+06 6.434632e+06 9.042600e+05
2.456465e+06 6.433333e+06 9.117087e+05
2.457032e+06 6.432025e+06 9.191563e+05
2.457596e+06 6.430710e+06 9.266027e+05
2.458157e+06 6.429387e+06 9.340480e+05
2.458714e+06 6.428057e+06 9.414922e+05
2.459269e+06 6.426719e+06 9.489352e+05
2.459821e+06 6.425373e+06 9.563771e+05
2.460370e+06 6.424020e+06 9.638178e+05
2.460917e+06 6.422658e+06 9.712573e+05
2.461460e+06 6.421290e+06 9.786957e+05
2.462000e+06 6.419913e+06 9.861329e+05
2.462537e+06 6.418529e+06 9.935688e+05
2.463071e+06 6.417137e+06 1.001004e+06
2.463603e+06 6.415737e+06 1.008437e+06
2.464131e+06 6.414330e+06 1.015869e+06
2.464657e+06 6.412915e+06 1.023300e+06
2.465179e+06 6.411492e+06 1.030730e+06
2.465699e+06 6.410062e+06 1.038159e+06
2.466215e+06 6.408624e+06 1.045586e+06
2.466729e+06 6.407178e+06 1.053012e+06
2.467240e+06 6.405724e+06 1.060437e+06
2.467747e+06 6.404263e+06 1.067860e+06
2.468252e+06 6.402794e+06 1.075283e+06
2.468754e+06 6.401318e+06 1.082703e+06
2.469253e+06 6.399834e+06 1.090123e+06
2.469748e+06 6.398342e+06 1.097541e+06
2.470241e+06 6.396843e+06 1.104958e+06
2.470731e+06 6.395336e+06 1.112374e+06
2.471218e+06 6.393821e+06 1.119788e+06
2.471702e+06 6.392298e+06 1.127201e+06
2.472183e+06 6.390768e+06 1.134612e+06
2.472661e+06 6.389231e+06 1.142022e+06
2.473137e+06 6.387685e+06 1.149431e+06
2.473609e+06 6.386132e+06 1.156838e+06
2.474078e+06 6.384572e+06 1.164244e+06
2.474544e+06 6.383003e+06 1.171648e+06
2.475008e+06 6.381427e+06 1.179051e+06
2.475468e+06 6.379844e+06 1.186453e+06
2.475925e+06 6.378252e+06 1.193853e+06
2.476380e+06 6.376653e+06 1.201252e+06
2.476831e+06 6.375047e+06 1.208649e+06
2.477279e+06 6.373433e+06 1.216045e+06
2.477725e+06 6.371811e+06 1.223439e+06
2.478167e+06 6.370181e+06 1.230832e+06
2.478607e+06 6.368544e+06 1.238223e+06
2.479043e+06 6.366900e+06 1.245613e+06
2.479477e+06 6.365247e+06 1.253001e+06
2.479908e+06 6.363587e+06 1.260388e+06
2.480335e+06 6.361920e+06 1.267773e+06
2.480760e+06 6.360245e+06 1.275157e+06
2.481182e+06 6.358562e+06 1.282539e+06
2.481600e+06 6.356871e+06 1.289920e+06
2.482016e+06 6.355173e+06 1.297299e+06
2.482429e+06 6.353468e+06 1.304676e+06
2.482839e+06 6.351754e+06 1.312052e+06
2.483245e+06 6.350033e+06 1.319426e+06
2.483649e+06 6.348305e+06 1.326799e+06
2.484050e+06 6.346569e+06 1.334170e+06
2.484448e+06 6.344825e+06 1.341539e+06
2.484843e+06 6.343074e+06 1.348907e+06
2.485235e+06 6.341315e+06 1.356273e+06
2.485624e+06 6.339548e+06 1.363638e+06
2.486010e+06 6.337774e+06 1.371000e+06
2.486393e+06 6.335993e+06 1.378362e+06
2.486773e+06 6.334203e+06 1.385721e+06
2.487150e+06 6.332407e+06 1.393079e+06
2.487524e+06 6.330602e+06 1.400435e+06
2.487895e+06 6.328790e+06 1.407789e+06
2.488263e+06 6.326971e+06 1.415142e+06
2.488628e+06 6.325143e+06 1.422493e+06
2.488990e+06 6.323309e+06 1.429842e+06
2.489349e+06 6.321466e+06 1.437190e+06
2.489705e+06 6.319616e+06 1.444536e+06
2.490059e+06 6.317759e+06 1.451879e+06
2.490409e+06 6.315894e+06 1.459222e+06
2.490756e+06 6.314021e+06 1.466562e+06
2.491100e+06 6.312141e+06 1.473901e+06
2.491441e+06 6.310253e+06 1.481238e+06
2.491780e+06 6.308358e+06 1.488573e+06
2.492115e+06 6.306455e+06 1.495906e+06
2.492447e+06 6.304545e+06 1.503237e+06
2.492776e+06 6.302627e+06 1.510567e+06
2.493103e+06 6.300701e+06 1.517895e+06
2.493426e+06 6.298768e+06 1.525221e+06
2.493746e+06 6.296828e+06 1.532545e+06
2.494064e+06 6.294880e+06 1.539867e+06
2.494378e+06 6.292924e+06 1.547187e+06
2.494689e+06 6.290961e+06 1.554506e+06
2.494998e+06 6.288990e+06 1.561822e+06
2.495303e+06 6.287012e+06 1.569137e+06
2.495605e+06 6.285026e+06 1.576450e+06
2.495905e+06 6.283033e+06 1.583761e+06
2.496201e+06 6.281032e+06 1.591070e+06
2.496494e+06 6.279024e+06 1.598377e+06
2.496785e+06 6.277008e+06 1.605682e+06
2.497072e+06 6.274984e+06 1.612985e+06
2.497357e+06 6.272953e+06 1.620286e+06
2.497638e+06 6.270915e+06 1.627585e+06
2.497917e+06 6.268869e+06 1.634882e+06
2.498192e+06 6.266815e+06 1.642178e+06
2.498464e+06 6.264755e+06 1.649471e+06
2.498734e+06 6.262686e+06 1.656762e+06
2.499000e+06 6.260610e+06 1.664051e+06
2.499264e+06 6.258527e+06 1.671338e+06
2.499524e+06 6.256436e+06 1.678623e+06
2.499782e+06 6.254337e+06 1.685906e+06
2.500036e+06 6.252231e+06 1.693188e+06
2.500288e+06 6.250118e+06 1.700466e+06
2.500536e+06 6.247997e+06 1.707743e+06
2.500781e+06 6.245869e+06 1.715018e+06
2.501024e+06 6.243733e+06 1.722291e+06
2.501263e+06 6.241589e+06 1.729562e+06
2.501500e+06 6.239439e+06 1.736830e+06
2.501733e+06 6.237280e+06 1.744097e+06
2.501964e+06 6.235115e+06 1.751361e+06
2.502191e+06 6.232941e+06 1.758623e+06
2.502416e+06 6.230761e+06 1.765883e+06
2.502637e+06 6.228572e+06 1.773141e+06
2.502856e+06 6.226377e+06 1.780397e+06
2.503071e+06 6.224174e+06 1.787651e+06
2.503284e+06 6.221963e+06 1.794902e+06
2.503493e+06 6.219745e+06 1.802151e+06
2.503700e+06 6.217520e+06 1.809398e+06
2.503903e+06 6.215287e+06 1.816643e+06
2.504104e+06 6.213047e+06 1.823886e+06
2.504301e+06 6.210799e+06 1.831126e+06
2.504496e+06 6.208544e+06 1.838364e+06
2.504687e+06 6.206281e+06 1.845600e+06
2.504876e+06 6.204011e+06 1.852834e+06
2.505061e+06 6.201734e+06 1.860066e+06
2.505244e+06 6.199449e+06 1.867295e+06
2.505423e+06 6.197157e+06 1.874522e+06
2.505599e+06 6.194857e+06 1.881746e+06
2.505773e+06 6.192550e+06 1.888969e+06
2.505943e+06 6.190235e+06 1.896189e+06
2.506111e+06 6.187913e+06 1.903407e+06
2.506275e+06 6.185584e+06 1.910622e+06
2.506437e+06 6.183247e+06 1.917835e+06
2.506595e+06 6.180903e+06 1.925046e+06
2.506751e+06 6.178551e+06 1.932255e+06
2.506903e+06 6.176192e+06 1.939461e+06
2.507053e+06 6.173826e+06 1.946665e+06
2.507199e+06 6.171452e+06 1.953866e+06
2.507342e+06 6.169071e+06 1.961065e+06
2.507483e+06 6.166682e+06 1.968262e+06
2.507620e+06 6.164286e+06 1.975456e+06
2.507755e+06 6.161883e+06 1.982648e+06
2.507886e+06 6.159472e+06 1.989837e+06
2.508014e+06 6.157054e+06 1.997024e+06
2.508140e+06 6.154629e+06 2.004209e+06
2.508262e+06 6.152196e+06 2.011391e+06
2.508382e+06 6.149756e+06 2.018571e+06
2.508498e+06 6.147308e+06 2.025748e+06
2.508611e+06 6.144853e+06 2.032923e+06
2.508722e+06 6.142391e+06 2.040095e+06
2.508829e+06 6.139921e+06 2.047265e+06
2.508933e+06 6.137444e+06 2.054433e+06
2.509035e+06 6.134960e+06 2.061597e+06
2.509133e+06 6.132469e+06 2.068760e+06
2.509228e+06 6.129970e+06 2.075920e+06
2.509321e+06 6.127463e+06 2.083077e+06
2.509410e+06 6.124950e+06 2.090232e+06
2.509496e+06 6.122429e+06 2.097384e+06
2.509580e+06 6.119900e+06 2.104534e+06
2.509660e+06 6.117365e+06 2.111681e+06
2.509737e+06 6.114822e+06 2.118826e+06
2.509811e+06 6.112271e+06 2.125968e+06
2.509883e+06 6.109714e+06 2.133107e+06
2.509951e+06 6.107149e+06 2.140244e+06
2.510016e+06 6.104577e+06 2.147378e+06
2.510078e+06 6.101997e+06 2.154510e+06
2.510138e+06 6.099410e+06 2.161639e+06
2.510194e+06 6.096816e+06 2.168765e+06
2.510247e+06 6.094215e+06 2.175889e+06
2.510297e+06 6.091606e+06 2.183010e+06
2.510345e+06 6.088990e+06 2.190129e+06
2.510389e+06 6.086367e+06 2.197245e+06
2.510430e+06 6.083736e+06 2.204358e+06
2.510468e+06 6.081098e+06 2.211468e+06
2.510503e+06 6.078453e+06 2.218576e+06
2.510535e+06 6.075801e+06 2.225681e+06
2.510565e+06 6.073141e+06 2.232784e+06
2.510591e+06 6.070474e+06 2.239883e+06
2.510614e+06 6.067800e+06 2.246980e+06
2.510634e+06 6.065118e+06 2.254075e+06
2.510651e+06 6.062429e+06 2.261166e+06
2.510665e+06 6.059733e+06 2.268255e+06
2.510676e+06 6.057030e+06 2.275341e+06
2.510685e+06 6.054320e+06 2.282424e+06
2.510690e+06 6.051602e+06 2.289505e+06
2.510692e+06 6.048877e+06 2.296582e+06
2.510691e+06 6.046145e+06 2.303657e+06
2.510687e+06 6.043405e+06 2.310729e+06
2.510680e+06 6.040658e+06 2.317799e+06
2.510670e+06 6.037905e+06 2.324865e+06
2.510657e+06 6.035143e+06 2.331929e+06
2.510641e+06 6.032375e+06 2.338990e+06
2.510622e+06 6.029599e+06 2.346048e+06
2.510600e+06 6.026817e+06 2.353103e+06
2.510575e+06 6.024027e+06 2.360155e+06
2.510547e+06 6.021229e+06 2.367205e+06
2.510516e+06 6.018425e+06 2.374251e+06
2.510482e+06 6.015613e+06 2.381295e+06
2.510445e+06 6.012795e+06 2.388336e+06
2.510405e+06 6.009968e+06 2.395373e+06
2.510362e+06 6.007135e+06 2.402408e+06
2.510316e+06 6.004295e+06 2.409440e+06
2.510267e+06 6.001447e+06 2.416470e+06
2.510215e+06 5.998593e+06 2.423496e+06
2.510160e+06 5.995731e+06 2.430519e+06
2.510102e+06 5.992861e+06 2.437539e+06
2.510041e+06 5.989985e+06 2.444557e+06
2.509977e+06 5.987102e+06 2.451571e+06
2.509910e+06 5.984211e+06 2.458582e+06
2.509839e+06 5.981313e+06 2.465591e+06
2.509766e+06 5.978408e+06 2.472596e+06
2.509690e+06 5.975496e+06 2.479599e+06
2.509611e+06 5.972577e+06 2.486598e+06
2.509529e+06 5.969651e+06 2.493595e+06
2.509444e+06 5.966717e+06 2.500588e+06
2.509356e+06 5.963777e+06 2.507578e+06
2.509265e+06 5.960829e+06 2.514566e+06
2.509170e+06 5.957874e+06 2.521550e+06
2.509073e+06 5.954912e+06 2.528531e+06
2.508973e+06 5.951943e+06 2.535509e+06
2.508870e+06 5.948966e+06 2.542484e+06
2.508764e+06 5.945983e+06 2.549456e+06
2.508655e+06 5.942992e+06 2.556425e+06
2.508543e+06 5.939995e+06 2.563391e+06
2.508427e+06 5.936990e+06 2.570353e+06
2.508309e+06 5.933978e+06 2.577313e+06
2.508188e+06 5.930959e+06 2.584269e+06
2.508064e+06 5.927933e+06 2.591223e+06
2.507937e+06 5.924900e+06 2.598173e+06
2.507806e+06 5.921860e+06 2.605120e+06
2.507673e+06 5.918813e+06 2.612064e+06
2.507537e+06 5.915758e+06 2.619004e+06
2.507398e+06 5.912697e+06 2.625942e+06
2.507256e+06 5.909628e+06 2.632876e+06
2.507110e+06 5.906553e+06 2.639807e+06
2.506962e+06 5.903470e+06 2.646735e+06
2.506811e+06 5.900380e+06 2.653660e+06
2.506657e+06 5.897284e+06 2.660581e+06
2.506500e+06 5.894180e+06 2.667499e+06
2.506339e+06 5.891069e+06 2.674414e+06
2.506176e+06 5.887951e+06 2.681326e+06
2.506010e+06 5.884826e+06 2.688234e+06
2.505841e+06 5.881694e+06 2.695140e+06
2.505668e+06 5.878555e+06 2.702042e+06
2.505493e+06 5.875409e+06 2.708940e+06
2.505315e+06 5.872256e+06 2.715836e+06
2.505134e+06 5.869096e+06 2.722728e+06
2.504949e+06 5.865929e+06 2.729617e+06
2.504762e+06 5.862755e+06 2.736502e+06
2.504572e+06 5.859574e+06 2.743384e+06
2.504379e+06 5.856385e+06 2.750263e+06
2.504183e+06 5.853190e+06 2.757139e+06
2.503983e+06 5.849988e+06 2.764011e+06
2.503781e+06 5.846779e+06 2.770880e+06
2.503576e+06 5.843563e+06 2.777745e+06
2.503368e+06 5.840340e+06 2.784607e+06
2.503157e+06 5.837110e+06 2.791466e+06
2.502942e+06 5.833873e+06 2.798321e+06
2.502725e+06 5.830628e+06 2.805173e+06
2.502505e+06 5.827377e+06 2.812021e+06
2.502282e+06 5.824119e+06 2.818867e+06
2.502056e+06 5.820854e+06 2.825708e+06
2.501826e+06 5.817583e+06 2.832547e+06
2.501594e+06 5.814304e+06 2.839381e+06
2.501359e+06 5.811018e+06 2.846213e+06
2.501121e+06 5.807725e+06 2.853041e+06
2.500880e+06 5.804425e+06 2.859865e+06
2.500635e+06 5.801119e+06 2.866686e+06
2.500388e+06 5.797805e+06 2.873504e+06
2.500138e+06 5.794485e+06 2.880318e+06
2.499885e+06 5.791157e+06 2.887128e+06
2.499629e+06 5.787823e+06 2.893935e+06
2.499370e+06 5.784482e+06 2.900739e+06
2.499108e+06 5.781133e+06 2.907539e+06
2.498843e+06 5.777778e+06 2.914335e+06
2.498574e+06 5.774416e+06 2.921128e+06
2.498303e+06 5.771047e+06 2.927918e+06
2.498029e+06 5.767672e+06 2.934704e+06
2.497752e+06 5.764289e+06 2.941486e+06
2.497472e+06 5.760899e+06 2.948265e+06
2.497189e+06 5.757503e+06 2.955040e+06
2.496903e+06 5.754099e+06 2.961811e+06
2.496614e+06 5.750689e+06 2.968579e+06
2.496322e+06 5.747272e+06 2.975344e+06
2.496027e+06 5.743848e+06 2.982105e+06
2.495729e+06 5.740417e+06 2.988862e+06
2.495428e+06 5.736980e+06 2.995615e+06
2.495124e+06 5.733535e+06 3.002365e+06
2.494817e+06 5.730084e+06 3.009112e+06
2.494507e+06 5.726625e+06 3.015854e+06
2.494194e+06 5.723160e+06 3.022593e+06
2.493878e+06 5.719688e+06 3.029329e+06
2.493559e+06 5.716209e+06 3.036060e+06
2.493238e+06 5.712724e+06 3.042788e+06
2.492913e+06 5.709231e+06 3.049512e+06
2.492585e+06 5.705732e+06 3.056233e+06
2.492254e+06 5.702226e+06 3.062950e+06
2.491920e+06 5.698713e+06 3.069663e+06
2.491583e+06 5.695194e+06 3.076372e+06
2.491244e+06 5.691667e+06 3.083078e+06
2.490901e+06 5.688134e+06 3.089780e+06
2.490555e+06 5.684594e+06 3.096478e+06
2.490206e+06 5.681047e+06 3.103173e+06
2.489855e+06 5.677493e+06 3.109864e+06
2.489500e+06 5.673933e+06 3.116551e+06
2.489142e+06 5.670365e+06 3.123234e+06
2.488782e+06 5.666791e+06 3.129913e+06
2.488418e+06 5.663211e+06 3.136589e+06
2.488052e+06 5.659623e+06 3.143261e+06
2.487682e+06 5.656029e+06 3.149929e+06
2.487309e+06 5.652428e+06 3.156593e+06
2.486934e+06 5.648820e+06 3.163253e+06
2.486555e+06 5.645205e+06 3.169910e+06
2.486174e+06 5.641584e+06 3.176562e+06
2.485789e+06 5.637956e+06 3.183211e+06
2.485402e+06 5.634321e+06 3.189856e+06
2.485012e+06 5.630680e+06 3.196497e+06
2.484618e+06 5.627031e+06 3.203134e+06
2.484222e+06 5.623376e+06 3.209768e+06
2.483823e+06 5.619715e+06 3.216397e+06
2.483420e+06 5.616046e+06 3.223023e+06
2.483015e+06 5.612371e+06 3.229644e+06
2.482607e+06 5.608689e+06 3.236262e+06
2.482196e+06 5.605001e+06 3.242876e+06
2.481782e+06 5.601306e+06 3.249486e+06
2.481364e+06 5.597604e+06 3.256092e+06
2.480944e+06 5.593895e+06 3.262694e+06
2.480521e+06 5.590180e+06 3.269292e+06
2.480095e+06 5.586458e+06 3.275886e+06
2.479666e+06 5.582729e+06 3.282476e+06
2.479234e+06 5.578994e+06 3.289062e+06
2.478799e+06 5.575252e+06 3.295644e+06
2.478361e+06 5.571504e+06 3.302223e+06
2.477921e+06 5.567748e+06 3.308797e+06
2.477477e+06 5.563987e+06 3.315367e+06
2.477030e+06 5.560218e+06 3.321933e+06
2.476580e+06 5.556443e+06 3.328495e+06
2.476127e+06 5.552661e+06 3.335053e+06
2.475672e+06 5.548873e+06 3.341608e+06
2.475213e+06 5.545078e+06 3.348158e+06
2.474752e+06 5.541276e+06 3.354704e+06
2.474287e+06 5.537468e+06 3.361245e+06
2.473819e+06 5.533653e+06 3.367783e+06
2.473349e+06 5.529831e+06 3.374317e+06
2.472876e+06 5.526003e+06 3.380847e+06
2.472399e+06 5.522168e+06 3.387372e+06
2.471920e+06 5.518327e+06 3.393894e+06
2.471438e+06 5.514479e+06 3.400411e+06
2.470952e+06 5.510625e+06 3.406924e+06
2.470464e+06 5.506764e+06 3.413433e+06
2.469973e+06 5.502896e+06 3.419938e+06
2.469479e+06 5.499022e+06 3.426439e+06
2.468982e+06 5.495141e+06 3.432936e+06
2.468482e+06 5.491254e+06 3.439429e+06
2.467979e+06 5.487360e+06 3.445917e+06
2.467473e+06 5.483459e+06 3.452401e+06
2.466964e+06 5.479552e+06 3.458881e+06
2.466452e+06 5.475639e+06 3.465357e+06
2.465937e+06 5.471719e+06 3.471829e+06
2.465420e+06 5.467792e+06 3.478296e+06
2.464899e+06 5.463859e+06 3.484759e+06
2.464375e+06 5.459919e+06 3.491218e+06
2.463849e+06 5.455973e+06 3.497673e+06
2.463319e+06 5.452021e+06 3.504124e+06
2.462787e+06 5.448061e+06 3.510570e+06
2.462251e+06 5.444096e+06 3.517012e+06
2.461713e+06 5.440124e+06 3.523450e+06
2.461172e+06 5.436145e+06 3.529883e+06
2.460627e+06 5.432160e+06 3.536313e+06
2.460080e+06 5.428168e+06 3.542738e+06
2.459530e+06 5.424170e+06 3.549158e+06
2.458977e+06 5.420166e+06 3.555575e+06
2.458421e+06 5.416154e+06 3.561987e+06
2.457862e+06 5.412137e+06 3.568395e+06
2.457300e+06 5.408113e+06 3.574798e+06
2.456735e+06 5.404083e+06 3.581197e+06
2.456168e+06 5.400046e+06 3.587592e+06
2.455597e+06 5.396002e+06 3.593983e+06
2.455023e+06 5.391953e+06 3.600369e+06
2.454447e+06 5.387896e+06 3.606750e+06
2.453867e+06 5.383834e+06 3.613128e+06
2.453285e+06 5.379765e+06 3.619501e+06
2.452700e+06 5.375689e+06 3.625869e+06
2.452111e+06 5.371607e+06 3.632234e+06
2.451520e+06 5.367519e+06 3.638594e+06
2.450926e+06 5.363425e+06 3.644949e+06
2.450329e+06 5.359323e+06 3.651300e+06
2.449729e+06 5.355216e+06 3.657647e+06
2.449126e+06 5.351102e+06 3.663989e+06
2.448520e+06 5.346982e+06 3.670327e+06
2.447911e+06 5.342855e+06 3.676660e+06
2.447300e+06 5.338722e+06 3.682989e+06
2.446685e+06 5.334583e+06 3.689313e+06
2.446067e+06 5.330437e+06 3.695633e+06
2.445447e+06 5.326285e+06 3.701949e+06
2.444823e+06 5.322127e+06 3.708260e+06
2.444197e+06 5.317962e+06 3.714566e+06
2.443568e+06 5.313791e+06 3.720868e+06
2.442936e+06 5.309613e+06 3.727166e+06
2.442301e+06 5.305429e+06 3.733459e+06
2.441663e+06 5.301239e+06 3.739747e+06
2.441022e+06 5.297043e+06 3.746031e+06
2.440378e+06 5.292840e+06 3.752311e+06
2.439731e+06 5.288631e+06 3.758586e+06
2.439081e+06 5.284416e+06 3.764856e+06
2.438429e+06 5.280194e+06 3.771122e+06
2.437773e+06 5.275966e+06 3.777383e+06
2.437115e+06 5.271732e+06 3.783640e+06
2.436454e+06 5.267491e+06 3.789892e+06
2.435789e+06 5.263244e+06 3.796140e+06
2.435122e+06 5.258991e+06 3.802383e+06
2.434452e+06 5.254732e+06 3.808621e+06
2.433779e+06 5.250466e+06 3.814855e+06
2.433103e+06 5.246194e+06 3.821084e+06
2.432425e+06 5.241916e+06 3.827308e+06
2.431743e+06 5.237632e+06 3.833528e+06
2.431058e+06 5.233341e+06 3.839743e+06
2.430371e+06 5.229044e+06 3.845954e+06
2.429680e+06 5.224741e+06 3.852160e+06
2.428987e+06 5.220431e+06 3.858361e+06
2.428291e+06 5.216116e+06 3.864558e+06
2.427592e+06 5.211794e+06 3.870750e+06
2.426890e+06 5.207466e+06 3.876937e+06
2.426185e+06 5.203132e+06 3.883120e+06
2.425477e+06 5.198791e+06 3.889297e+06
2.424766e+06 5.194445e+06 3.895471e+06
2.424053e+06 5.190092e+06 3.901639e+06
2.423336e+06 5.185733e+06 3.907803e+06
2.422617e+06 5.181368e+06 3.913962e+06
2.421895e+06 5.176996e+06 3.920116e+06
2.421170e+06 5.172619e+06 3.926266e+06
2.420442e+06 5.168235e+06 3.932411e+06
2.419711e+06 5.163845e+06 3.938551e+06
2.418977e+06 5.159449e+06 3.944686e+06
2.418240e+06 5.155047e+06 3.950817e+06
2.417500e+06 5.150639e+06 3.956942e+06
2.416758e+06 5.146224e+06 3.963063e+06
2.416013e+06 5.141804e+06 3.969179e+06
2.415264e+06 5.137377e+06 3.975291e+06
2.414513e+06 5.132944e+06 3.981397e+06
2.413759e+06 5.128505e+06 3.987499e+06
2.413002e+06 5.124060e+06 3.993596e+06
2.412242e+06 5.119609e+06 3.999688e+06
2.411480e+06 5.115152e+06 4.005776e+06
2.410714e+06 5.110688e+06 4.011858e+06
2.409946e+06 5.106219e+06 4.017936e+06
2.409174e+06 5.101743e+06 4.024008e+06
2.408400e+06 5.097262e+06 4.030076e+06
2.407623e+06 5.092774e+06 4.036139e+06
2.406843e+06 5.088280e+06 4.042197e+06
2.406060e+06 5.083780e+06 4.048251e+06
2.405275e+06 5.079275e+06 4.054299e+06
2.404486e+06 5.074763e+06 4.060343e+06
2.403695e+06 5.070245e+06 4.066381e+06
2.402900e+06 5.065721e+06 4.072415e+06
2.402103e+06 5.061191e+06 4.078444e+06
2.401303e+06 5.056654e+06 4.084467e+06
2.400500e+06 5.052112e+06 4.090486e+06
2.399694e+06 5.047564e+06 4.096500e+06
2.398886e+06 5.043010e+06 4.102509e+06
2.398074e+06 5.038450e+06 4.108513e+06
2.397260e+06 5.033884e+06 4.114512e+06
2.396443e+06 5.029312e+06 4.120506e+06
2.395623e+06 5.024734e+06 4.126495e+06
2.394800e+06 5.020149e+06 4.132479e+06
2.393974e+06 5.015559e+06 4.138459e+06
2.393145e+06 5.010963e+06 4.144433e+06
2.392314e+06 5.006361e+06 4.150402e+06
2.391479e+06 5.001753e+06 4.156366e+06
2.390642e+06 4.997139e+06 4.162325e+06
2.389802e+06 4.992519e+06 4.168279e+06
2.388959e+06 4.987894e+06 4.174228e+06
2.388113e+06 4.983262e+06 4.180172e+06
2.387265e+06 4.978624e+06 4.186111e+06
2.386413e+06 4.973980e+06 4.192045e+06
2.385559e+06 4.969331e+06 4.197974e+06
2.384702e+06 4.964675e+06 4.203898e+06
2.383842e+06 4.960014e+06 4.209816e+06
2.382979e+06 4.955347e+06 4.215730e+06
2.382113e+06 4.950673e+06 4.221638e+06
2.381245e+06 4.945994e+06 4.227542e+06
2.380373e+06 4.941309e+06 4.233440e+06
2.379499e+06 4.936618e+06 4.239333e+06
2.378622e+06 4.931922e+06 4.245221e+06
2.377742e+06 4.927219e+06 4.251104e+06
2.376859e+06 4.922510e+06 4.256982e+06
2.375974e+06 4.917796e+06 4.262855e+06
2.375085e+06 4.913076e+06 4.268722e+06
2.374194e+06 4.908350e+06 4.274585e+06
2.373300e+06 4.903618e+06 4.280442e+06
2.372403e+06 4.898880e+06 4.286294e+06
2.371503e+06 4.894137e+06 4.292141e+06
2.370601e+06 4.889387e+06 4.297982e+06
2.369695e+06 4.884632e+06 4.303819e+06
2.368787e+06 4.879871e+06 4.309650e+06
2.367876e+06 4.875104e+06 4.315476e+06
2.366962e+06 4.870331e+06 4.321297e+06
2.366045e+06 4.865553e+06 4.327113e+06
2.365126e+06 4.860769e+06 4.332923e+06
2.364204e+06 4.855979e+06 4.338729e+06
2.363278e+06 4.851183e+06 4.344529e+06
2.362350e+06 4.846381e+06 4.350323e+06
2.361420e+06 4.841574e+06 4.356113e+06
2.360486e+06 4.836761e+06 4.361897e+06
2.359550e+06 4.831942e+06 4.367676e+06
2.358610e+06 4.827117e+06 4.373450e+06
2.357668e+06 4.822287e+06 4.379218e+06
2.356723e+06 4.817451e+06 4.384981e+06
2.355776e+06 4.812609e+06 4.390739e+06
2.354825e+06 4.807762e+06 4.396492e+06
2.353872e+06 4.802908e+06 4.402239e+06
2.352916e+06 4.798049e+06 4.407981e+06
2.351957e+06 4.793185e+06 4.413718e+06
2.350995e+06 4.788314e+06 4.419449e+06
2.350031e+06 4.783438e+06 4.425175e+06
2.349063e+06 4.778556e+06 4.430895e+06
2.348093e+06 4.773669e+06 4.436611e+06
2.347120e+06 4.768776e+06 4.442321e+06
2.346145e+06 4.763877e+06 4.448025e+06
2.345166e+06 4.758973e+06 4.453724e+06
2.344185e+06 4.754062e+06 4.459418e+06
2.343201e+06 4.749147e+06 4.465107e+06
2.342214e+06 4.744225e+06 4.470790e+06
2.341224e+06 4.739298e+06 4.476467e+06
2.340232e+06 4.734365e+06 4.482140e+06
2.339236e+06 4.729427e+06 4.487806e+06
2.338238e+06 4.724483e+06 4.493468e+06
2.337237e+06 4.719533e+06 4.499124e+06
2.336234e+06 4.714578e+06 4.504775e+06
2.335227e+06 4.709617e+06 4.510420e+06
2.334218e+06 4.704651e+06 4.516059e+06
2.333206e+06 4.699679e+06 4.521694e+06
2.332191e+06 4.694701e+06 4.527322e+06
2.331174e+06 4.689718e+06 4.532946e+06
2.330153e+06 4.684729e+06 4.538564e+06
2.329130e+06 4.679735e+06 4.544176e+06
2.328104e+06 4.674735e+06 4.549783e+06
2.327076e+06 4.669729e+06 4.555385e+06
2.326044e+06 4.664718e+06 4.560980e+06
2.325010e+06 4.659702e+06 4.566571e+06
2.323973e+06 4.654680e+06 4.572156e+06
2.322933e+06 4.649652e+06 4.577735e+06
2.321891e+06 4.644619e+06 4.583309e+06
2.320845e+06 4.639580e+06 4.588878e+06
2.319797e+06 4.634536e+06 4.594441e+06
2.318747e+06 4.629486e+06 4.599998e+06
2.317693e+06 4.624431e+06 4.605550e+06
2.316637e+06 4.619370e+06 4.611096e+06
2.315577e+06 4.614304e+06 4.616636e+06
2.314516e+06 4.609232e+06 4.622172e+06
2.313451e+06 4.604155e+06 4.627701e+06
2.312384e+06 4.599072e+06 4.633225e+06
2.311313e+06 4.593984e+06 4.638743e+06
2.310241e+06 4.588891e+06 4.644256e+06
2.309165e+06 4.583792e+06 4.649763e+06
2.308087e+06 4.578687e+06 4.655265e+06
2.307005e+06 4.573577e+06 4.660761e+06
2.305921e+06 4.568462e+06 4.666251e+06
2.304835e+06 4.563341e+06 4.671736e+06
2.303745e+06 4.558215e+06 4.677215e+06
2.302653e+06 4.553083e+06 4.682688e+06
2.301558e+06 4.547946e+06 4.688156e+06
2.300461e+06 4.542804e+06 4.693618e+06
2.299360e+06 4.537656e+06 4.699075e+06
2.298257e+06 4.532503e+06 4.704526e+06
2.297151e+06 4.527344e+06 4.709971e+06
2.296043e+06 4.522180e+06 4.715410e+06
2.294932e+06 4.517011e+06 4.720844e+06
2.293818e+06 4.511836e+06 4.726272e+06
2.292701e+06 4.506656e+06 4.731695e+06
2.291581e+06 4.501470e+06 4.737111e+06
2.290459e+06 4.496279e+06 4.742522e+06
2.289334e+06 4.491083e+06 4.747928e+06
2.288206e+06 4.485882e+06 4.753327e+06
2.287076e+06 4.480675e+06 4.758721e+06
2.285943e+06 4.475463e+06 4.764109e+06
2.284807e+06 4.470245e+06 4.769492e+06
2.283668e+06 4.465022e+06 4.774868e+06
2.282527e+06 4.459794e+06 4.780239e+06
2.281383e+06 4.454561e+06 4.785604e+06
2.280236e+06 4.449322e+06 4.790963e+06
2.279087e+06 4.444078e+06 4.796317e+06
2.277935e+06 4.438829e+06 4.801665e+06
2.276780e+06 4.433574e+06 4.807007e+06
2.275622e+06 4.428315e+06 4.812343e+06
2.274462e+06 4.423050e+06 4.817673e+06
2.273299e+06 4.417779e+06 4.822998e+06
2.272133e+06 4.412504e+06 4.828317e+06
2.270965e+06 4.407223e+06 4.833630e+06
2.269794e+06 4.401937e+06 4.838937e+06
2.268620e+06 4.396646e+06 4.844238e+06
2.267443e+06 4.391349e+06 4.849534e+06
2.266264e+06 4.386048e+06 4.854824e+06
2.265082e+06 4.380741e+06 4.860107e+06
2.263897e+06 4.375429e+06 4.865385e+06
2.262710e+06 4.370111e+06 4.870658e+06
2.261520e+06 4.364789e+06 4.875924e+06
2.260327e+06 4.359461e+06 4.881184e+06
2.259132e+06 4.354128e+06 4.886439e+06
2.257934e+06 4.348790e+06 4.891687e+06
2.256733e+06 4.343447e+06 4.896930e+06
2.255529e+06 4.338099e+06 4.902167e+06
2.254323e+06 4.332745e+06 4.907398e+06
2.253114e+06 4.327387e+06 4.912623e+06
2.251903e+06 4.322023e+06 4.917842e+06
2.250689e+06 4.316654e+06 4.923055e+06
2.249472e+06 4.311280e+06 4.928262e+06
2.248252e+06 4.305901e+06 4.933464e+06
2.247030e+06 4.300516e+06 4.938659e+06
2.245805e+06 4.295127e+06 4.943848e+06
2.244578e+06 4.289733e+06 4.949032e+06
2.243347e+06 4.284333e+06 4.954209e+06
2.242114e+06 4.278928e+06 4.959381e+06
2.240879e+06 4.273519e+06 4.964546e+06
2.239640e+06 4.268104e+06 4.969706e+06
2.238400e+06 4.262684e+06 4.974860e+06
2.237156e+06 4.257259e+06 4.980007e+06
2.235910e+06 4.251829e+06 4.985149e+06
2.234661e+06 4.246394e+06 4.990285e+06
2.233409e+06 4.240954e+06 4.995414e+06
2.232155e+06 4.235509e+06 5.000538e+06
2.230898e+06 4.230059e+06 5.005656e+06
2.229639e+06 4.224604e+06 5.010767e+06
2.228376e+06 4.219144e+06 5.015873e+06
2.227111e+06 4.213678e+06 5.020972e+06
2.225844e+06 4.208208e+06 5.026066e+06
2.224574e+06 4.202733e+06 5.031153e+06
2.223301e+06 4.197253e+06 5.036234e+06
2.222026e+06 4.191768e+06 5.041310e+06
2.220747e+06 4.186278e+06 5.046379e+06
2.219467e+06 4.180783e+06 5.051442e+06
2.218183e+06 4.175283e+06 5.056499e+06
2.216897e+06 4.169778e+06 5.061550e+06
2.215609e+06 4.164268e+06 5.066595e+06
2.214317e+06 4.158753e+06 5.071634e+06
2.213023e+06 4.153233e+06 5.076667e+06
2.211727e+06 4.147708e+06 5.081693e+06
2.210428e+06 4.142179e+06 5.086714e+06
2.209126e+06 4.136644e+06 5.091728e+06
2.207822e+06 4.131104e+06 5.096736e+06
2.206514e+06 4.125560e+06 5.101739e+06
2.205205e+06 4.120011e+06 5.106735e+06
2.203892e+06 4.114457e+06 5.111724e+06
2.202577e+06 4.108898e+06 5.116708e+06
2.201260e+06 4.103334e+06 5.121686e+06
2.199940e+06 4.097765e+06 5.126657e+06
2.198617e+06 4.092191e+06 5.131622e+06
2.197292e+06 4.086613e+06 5.136581e+06
2.195964e+06 4.081029e+06 5.141534e+06
2.194633e+06 4.075441e+06 5.146481e+06
2.193300e+06 4.069848e+06 5.151421e+06
2.191964e+06 4.064250e+06 5.156356e+06
2.190625e+06 4.058648e+06 5.161284e+06
2.189284e+06 4.053040e+06 5.166206e+06
2.187941e+06 4.047428e+06 5.171121e+06
2.186594e+06 4.041811e+06 5.176031e+06
2.185245e+06 4.036189e+06 5.180934e+06
2.183894e+06 4.030562e+06 5.185831e+06
2.182540e+06 4.024931e+06 5.190722e+06
2.181183e+06 4.019295e+06 5.195606e+06
2.179824e+06 4.013654e+06 5.200484e+06
2.178462e+06 4.008008e+06 5.205356e+06
2.177098e+06 4.002357e+06 5.210222e+06
2.175731e+06 3.996702e+06 5.215082e+06
2.174361e+06 3.991042e+06 5.219935e+06
2.172989e+06 3.985377e+06 5.224782e+06
2.171614e+06 3.979708e+06 5.229623e+06
2.170237e+06 3.974034e+06 5.234457e+06
2.168857e+06 3.968355e+06 5.239285e+06
2.167474e+06 3.962671e+06 5.244107e+06
2.166089e+06 3.956983e+06 5.248922e+06
2.164701e+06 3.951290e+06 5.253731e+06
2.163311e+06 3.945593e+06 5.258534e+06
2.161918e+06 3.939890e+06 5.263331e+06
2.160523e+06 3.934183e+06 5.268121e+06
2.159125e+06 3.928472e+06 5.272905e+06
2.157724e+06 3.922755e+06 5.277682e+06
2.156321e+06 3.917034e+06 5.282454e+06
2.154916e+06 3.911309e+06 5.287218e+06
2.153507e+06 3.905578e+06 5.291977e+06
2.152097e+06 3.899844e+06 5.296729e+06
2.150683e+06 3.894104e+06 5.301475e+06
2.149267e+06 3.888360e+06 5.306214e+06
2.147849e+06 3.882611e+06 5.310947e+06
2.146428e+06 3.876858e+06 5.315674e+06
2.145004e+06 3.871100e+06 5.320394e+06
2.143578e+06 3.865337e+06 5.325108e+06
2.142150e+06 3.859570e+06 5.329815e+06
2.140718e+06 3.853799e+06 5.334516e+06
2.139285e+06 3.848022e+06 5.339211e+06
2.137848e+06 3.842242e+06 5.343899e+06
2.136410e+06 3.836456e+06 5.348581e+06
2.134968e+06 3.830666e+06 5.353257e+06
2.133524e+06 3.824872e+06 5.357925e+06
2.132078e+06 3.819073e+06 5.362588e+06
2.130629e+06 3.813270e+06 5.367244e+06
2.129177e+06 3.807462e+06 5.371894e+06
2.127723e+06 3.801649e+06 5.376537e+06
2.126267e+06 3.795832e+06 5.381174e+06
2.124808e+06 3.790011e+06 5.385804e+06
2.123346e+06 3.784185e+06 5.390428e+06
2.121882e+06 3.778354e+06 5.395045e+06
2.120415e+06 3.772519e+06 5.399656e+06
2.118946e+06 3.766680e+06 5.404260e+06
2.117474e+06 3.760836e+06 5.408858e+06
2.116000e+06 3.754987e+06 5.413449e+06
2.114523e+06 3.749135e+06 5.418034e+06
2.113044e+06 3.743277e+06 5.422612e+06
2.111562e+06 3.737416e+06 5.427184e+06
2.110078e+06 3.731550e+06 5.431749e+06
2.108591e+06 3.725679e+06 5.436308e+06
2.107102e+06 3.719804e+06 5.440860e+06
2.105610e+06 3.713925e+06 5.445406e+06
2.104116e+06 3.708041e+06 5.449945e+06
2.102619e+06 3.702153e+06 5.454478e+06
2.101120e+06 3.696261e+06 5.459004e+06
2.099618e+06 3.690364e+06 5.463523e+06
2.098114e+06 3.684462e+06 5.468036e+06
2.096607e+06 3.678557e+06 5.472543e+06
2.095098e+06 3.672647e+06 5.477043e+06
2.093586e+06 3.666733e+06 5.481536e+06
2.092072e+06 3.660814e+06 5.486022e+06
2.090555e+06 3.654891e+06 5.490503e+06
2.089036e+06 3.648964e+06 5.494976e+06
2.087514e+06 3.643032e+06 5.499443e+06
2.085990e+06 3.637096e+06 5.503903e+06
2.084464e+06 3.631156e+06 5.508357e+06
2.082935e+06 3.625211e+06 5.512804e+06
2.081403e+06 3.619262e+06 5.517244e+06
2.079869e+06 3.613309e+06 5.521678e+06
2.078332e+06 3.607352e+06 5.526105e+06
2.076793e+06 3.601390e+06 5.530526e+06
2.075252e+06 3.595424e+06 5.534940e+06
2.073708e+06 3.589454e+06 5.539347e+06
2.072162e+06 3.583479e+06 5.543748e+06
2.070613e+06 3.577501e+06 5.548142e+06
2.069061e+06 3.571518e+06 5.552529e+06
2.067508e+06 3.565530e+06 5.556910e+06
2.065952e+06 3.559539e+06 5.561284e+06
2.064393e+06 3.553543e+06 5.565651e+06
2.062832e+06 3.547544e+06 5.570011e+06
2.061268e+06 3.541540e+06 5.574365e+06
2.059702e+06 3.535531e+06 5.578713e+06
2.058134e+06 3.529519e+06 5.583053e+06
2.056563e+06 3.523503e+06 5.587387e+06
2.054989e+06 3.517482e+06 5.591714e+06
2.053414e+06 3.511457e+06 5.596035e+06
2.051835e+06 3.505428e+06 5.600348e+06
2.050255e+06 3.499395e+06 5.604655e+06
2.048672e+06 3.493357e+06 5.608956e+06
2.047086e+06 3.487316e+06 5.613249e+06
2.045498e+06 3.481270e+06 5.617536e+06
2.043908e+06 3.475221e+06 5.621816e+06
2.042315e+06 3.469167e+06 5.626089e+06
2.040720e+06 3.463109e+06 5.630356e+06
2.039122e+06 3.457047e+06 5.634616e+06
2.037522e+06 3.450981e+06 5.638869e+06
2.035919e+06 3.444910e+06 5.643115e+06
2.034314e+06 3.438836e+06 5.647355e+06
2.032707e+06 3.432758e+06 5.651587e+06
2.031097e+06 3.426675e+06 5.655813e+06
2.029485e+06 3.420589e+06 5.660032e+06
2.027871e+06 3.414498e+06 5.664245e+06
2.026254e+06 3.408404e+06 5.668450e+06
2.024634e+06 3.402305e+06 5.672649e+06
2.023013e+06 3.396203e+06 5.676841e+06
2.021388e+06 3.390096e+06 5.681026e+06
2.019762e+06 3.383985e+06 5.685205e+06
2.018133e+06 3.377871e+06 5.689376e+06
2.016501e+06 3.371752e+06 5.693541e+06
2.014868e+06 3.365629e+06 5.697699e+06
2.013231e+06 3.359503e+06 5.701850e+06
2.011593e+06 3.353372e+06 5.705994e+06
2.009952e+06 3.347238e+06 5.710131e+06
2.008309e+06 3.341099e+06 5.714262e+06
2.006663e+06 3.334957e+06 5.718386e+06
2.005015e+06 3.328810e+06 5.722502e+06
2.003364e+06 3.322660e+06 5.726612e+06
2.001712e+06 3.316506e+06 5.730716e+06
2.000056e+06 3.310348e+06 5.734812e+06
1.998399e+06 3.304185e+06 5.738901e+06
1.996739e+06 3.298019e+06 5.742984e+06
1.995076e+06 3.291850e+06 5.747059e+06
1.993412e+06 3.285676e+06 5.751128e+06
1.991745e+06 3.279498e+06 5.755190e+06
1.990075e+06 3.273316e+06 5.759244e+06
1.988403e+06 3.267131e+06 5.763292e+06
1.986729e+06 3.260942e+06 5.767333e+06
1.985053e+06 3.254749e+06 5.771368e+06
1.983374e+06 3.248552e+06 5.775395e+06
1.981693e+06 3.242351e+06 5.779415e+06
1.980009e+06 3.236146e+06 5.783429e+06
1.978323e+06 3.229937e+06 5.787435e+06
1.976635e+06 3.223725e+06 5.791434e+06
1.974944e+06 3.217509e+06 5.795427e+06
1.973251e+06 3.211289e+06 5.799413e+06
1.971556e+06 3.205065e+06 5.803391e+06
1.969858e+06 3.198838e+06 5.807363e+06
1.968159e+06 3.192607e+06 5.811328e+06
1.966456e+06 3.186371e+06 5.815286e+06
1.964752e+06 3.180133e+06 5.819236e+06
1.963045e+06 3.173890e+06 5.823180e+06
1.961335e+06 3.167644e+06 5.827117e+06
1.959624e+06 3.161394e+06 5.831047e+06
1.957910e+06 3.155140e+06 5.834970e+06
1.956193e+06 3.148882e+06 5.838886e+06
1.954475e+06 3.142621e+06 5.842795e+06
1.952754e+06 3.136356e+06 5.846697e+06
1.951031e+06 3.130087e+06 5.850591e+06
1.949305e+06 3.123815e+06 5.854479e+06
1.947577e+06 3.117539e+06 5.858360e+06
1.945847e+06 3.111259e+06 5.862234e+06
1.944115e+06 3.104975e+06 5.866101e+06
1.942380e+06 3.098688e+06 5.869961e+06
1.940643e+06 3.092397e+06 5.873813e+06
1.938904e+06 3.086103e+06 5.877659e+06
1.937162e+06 3.079805e+06 5.881498e+06
1.935418e+06 3.073503e+06 5.885329e+06
1.933672e+06 3.067198e+06 5.889154e+06
1.931923e+06 3.060889e+06 5.892971e+06
1.930172e+06 3.054576e+06 5.896782e+06
1.928419e+06 3.048260e+06 5.900585e+06
1.926664e+06 3.041940e+06 5.904382e+06
1.924906e+06 3.035617e+06 5.908171e+06
1.923146e+06 3.029290e+06 5.911953e+06
1.921384e+06 3.022959e+06 5.915728e+06
1.919619e+06 3.016625e+06 5.919496e+06
1.917852e+06 3.010287e+06 5.923257e+06
1.916083e+06 3.003946e+06 5.927011e+06
1.914312e+06 2.997601e+06 5.930758e+06
1.912538e+06 2.991253e+06 5.934497e+06
1.910762e+06 2.984901e+06 5.938230e+06
1.908984e+06 2.978545e+06 5.941955e+06
1.907204e+06 2.972186e+06 5.945673e+06
1.905421e+06 2.965824e+06 5.949384e+06
1.903636e+06 2.959458e+06 5.953088e+06
1.901849e+06 2.953089e+06 5.956785e+06
1.900059e+06 2.946716e+06 5.960475e+06
1.898267e+06 2.940339e+06 5.964158e+06
1.896473e+06 2.933959e+06 5.967833e+06
1.894677e+06 2.927576e+06 5.971502e+06
1.892879e+06 2.921189e+06 5.975163e+06
1.891078e+06 2.914799e+06 5.978817e+06
1.889275e+06 2.908405e+06 5.982464e+06
1.887470e+06 2.902008e+06 5.986103e+06
1.885662e+06 2.895607e+06 5.989736e+06
1.883853e+06 2.889203e+06 5.993361e+06
1.882041e+06 2.882796e+06 5.996979e+06
1.880227e+06 2.876385e+06 6.000590e+06
1.878410e+06 2.869971e+06 6.004194e+06
1.876592e+06 2.863553e+06 6.007791e+06
1.874771e+06 2.857132e+06 6.011380e+06
1.872948e+06 2.850708e+06 6.014963e+06
1.871123e+06 2.844280e+06 6.018538e+06
1.869295e+06 2.837849e+06 6.022105e+06
1.867465e+06 2.831415e+06 6.025666e+06
1.865634e+06 2.824977e+06 6.029219e+06
1.863799e+06 2.818536e+06 6.032766e+06
1.861963e+06 2.812092e+06 6.036305e+06
1.860125e+06 2.805644e+06 6.039836e+06
1.858284e+06 2.799193e+06 6.043361e+06
1.856441e+06 2.792738e+06 6.046878e+06
1.854596e+06 2.786281e+06 6.050388e+06
1.852748e+06 2.779820e+06 6.053891e+06
1.850899e+06 2.773355e+06 6.057386e+06
1.849047e+06 2.766888e+06 6.060875e+06
1.847193e+06 2.760417e+06 6.064356e+06
1.845337e+06 2.753943e+06 6.067830e+06
1.843479e+06 2.747466e+06 6.071296e+06
1.841618e+06 2.740985e+06 6.074755e+06
1.839756e+06 2.734502e+06 6.078207e+06
1.837891e+06 2.728015e+06 6.081652e+06
1.836024e+06 2.721524e+06 6.085089e+06
1.834155e+06 2.715031e+06 6.088520e+06
1.832283e+06 2.708534e+06 6.091942e+06
1.830410e+06 2.702034e+06 6.095358e+06
1.828534e+06 2.695531e+06 6.098766e+06
1.826656e+06 2.689025e+06 6.102167e+06
1.824776e+06 2.682516e+06 6.105561e+06
1.822894e+06 2.676003e+06 6.108947e+06
1.821009e+06 2.669488e+06 6.112326e+06
1.819123e+06 2.662969e+06 6.115698e+06
1.817234e+06 2.656447e+06 6.119063e+06
1.815343e+06 2.649922e+06 6.122420e+06
1.813450e+06 2.643393e+06 6.125769e+06
1.811555e+06 2.636862e+06 6.129112e+06
1.809658e+06 2.630328e+06 6.132447e+06
1.807759e+06 2.623790e+06 6.135775e+06
1.805857e+06 2.617249e+06 6.139095e+06
1.803953e+06 2.610705e+06 6.142408e+06
1.802048e+06 2.604159e+06 6.145714e+06
1.800140e+06 2.597609e+06 6.149012e+06
1.798229e+06 2.591056e+06 6.152303e+06
1.796317e+06 2.584500e+06 6.155587e+06
1.794403e+06 2.577941e+06 6.158863e+06
1.792486e+06 2.571378e+06 6.162132e+06
1.790568e+06 2.564813e+06 6.165394e+06
1.788647e+06 2.558245e+06 6.168648e+06
1.786724e+06 2.551674e+06 6.171895e+06
1.784799e+06 2.545100e+06 6.175134e+06
1.782872e+06 2.538522e+06 6.178366e+06
1.780943e+06 2.531942e+06 6.181591e+06
1.779012e+06 2.525359e+06 6.184808e+06
1.777078e+06 2.518773e+06 6.188018e+06
1.775143e+06 2.512183e+06 6.191221e+06
1.773205e+06 2.505591e+06 6.194416e+06
1.771265e+06 2.498996e+06 6.197603e+06
1.769323e+06 2.492398e+06 6.200784e+06
1.767380e+06 2.485797e+06 6.203956e+06
1.765434e+06 2.479193e+06 6.207122e+06
1.763485e+06 2.472586e+06 6.210280e+06
1.761535e+06 2.465977e+06 6.213430e+06
1.759583e+06 2.459364e+06 6.216573e+06
1.757629e+06 2.452749e+06 6.219709e+06
1.755672e+06 2.446130e+06 6.222837e+06
1.753714e+06 2.439509e+06 6.225958e+06
1.751753e+06 2.432885e+06 6.229072e+06
1.749790e+06 2.426257e+06 6.232177e+06
1.747826e+06 2.419627e+06 6.235276e+06
1.745859e+06 2.412995e+06 6.238367e+06
1.743890e+06 2.406359e+06 6.241450e+06
1.741919e+06 2.399721e+06 6.244527e+06
1.739946e+06 2.393079e+06 6.247595e+06
1.737971e+06 2.386435e+06 6.250656e+06
1.735994e+06 2.379788e+06 6.253710e+06
1.734015e+06 2.373138e+06 6.256756e+06
1.732033e+06 2.366486e+06 6.259795e+06
1.730050e+06 2.359830e+06 6.262826e+06
1.728065e+06 2.353172e+06 6.265850e+06
1.726077e+06 2.346511e+06 6.268866e+06
1.724088e+06 2.339848e+06 6.271875e+06
1.722096e+06 2.333181e+06 6.274876e+06
1.720103e+06 2.326512e+06 6.277870e+06
1.718107e+06 2.319840e+06 6.280856e+06
1.716110e+06 2.313166e+06 6.283835e+06
1.714110e+06 2.306488e+06 6.286806e+06
1.712109e+06 2.299808e+06 6.289770e+06
1.710105e+06 2.293125e+06 6.292726e+06
1.708099e+06 2.286440e+06 6.295675e+06
1.706091e+06 2.279752e+06 6.298616e+06
1.704082e+06 2.273061e+06 6.301549e+06
1.702070e+06 2.266367e+06 6.304475e+06
1.700056e+06 2.259671e+06 6.307394e+06
1.698040e+06 2.252972e+06 6.310305e+06
1.696023e+06 2.246270e+06 6.313208e+06
1.694003e+06 2.239566e+06 6.316104e+06
1.691981e+06 2.232859e+06 6.318993e+06
1.689957e+06 2.226150e+06 6.321874e+06
1.687931e+06 2.219438e+06 6.324747e+06
1.685904e+06 2.212723e+06 6.327613e+06
1.683874e+06 2.206005e+06 6.330471e+06
1.681842e+06 2.199286e+06 6.333321e+06
1.679808e+06 2.192563e+06 6.336164e+06
1.677772e+06 2.185838e+06 6.339000e+06
1.675735e+06 2.179110e+06 6.341828e+06
1.673695e+06 2.172380e+06 6.344648e+06
1.671653e+06 2.165647e+06 6.347461e+06
1.669609e+06 2.158912e+06 6.350266e+06
1.667564e+06 2.152174e+06 6.353063e+06
1.665516e+06 2.145433e+06 6.355853e+06
1.663466e+06 2.138690e+06 6.358635e+06
1.661415e+06 2.131945e+06 6.361410e+06
1.659361e+06 2.125197e+06 6.364177e+06
1.657306e+06 2.118446e+06 6.366937e+06
1.655248e+06 2.111693e+06 6.369689e+06
1.653189e+06 2.104938e+06 6.372433e+06
1.651127e+06 2.098180e+06 6.375170e+06
1.649064e+06 2.091419e+06 6.377899e+06
1.646999e+06 2.084656e+06 6.380620e+06
1.644931e+06 2.077891e+06 6.383334e+06
1.642862e+06 2.071123e+06 6.386040e+06
1.640791e+06 2.064353e+06 6.388739e+06
1.638718e+06 2.057580e+06 6.391430e+06
1.636643e+06 2.050805e+06 6.394113e+06
1.634566e+06 2.044027e+06 6.396789e+06
1.632487e+06 2.037247e+06 6.399457e+06
1.630406e+06 2.030465e+06 6.402117e+06
1.628323e+06 2.023680e+06 6.404770e+06
1.626239e+06 2.016893e+06 6.407415e+06
1.624152e+06 2.010104e+06 6.410053e+06
1.622063e+06 2.003312e+06 6.412683e+06
1.619973e+06 1.996517e+06 6.415305e+06
1.617880e+06 1.989721e+06 6.417919e+06
1.615786e+06 1.982922e+06 6.420526e+06
1.613690e+06 1.976121e+06 6.423125e+06
1.611592e+06 1.969317e+06 6.425717e+06
1.609492e+06 1.962511e+06 6.428300e+06
1.607390e+06 1.955703e+06 6.430876e+06
1.605286e+06 1.948892e+06 6.433445e+06
1.603180e+06 1.942079e+06 6.436006e+06
1.601073e+06 1.935264e+06 6.438559e+06
1.598963e+06 1.928447e+06 6.441104e+06
1.596852e+06 1.921627e+06 6.443642e+06
1.594738e+06 1.914805e+06 6.446172e+06
1.592623e+06 1.907981e+06 6.448694e+06
1.590506e+06 1.901155e+06 6.451208e+06
1.588387e+06 1.894326e+06 6.453715e+06
1.586266e+06 1.887495e+06 6.456215e+06
1.584143e+06 1.880662e+06 6.458706e+06
1.582019e+06 1.873826e+06 6.461190e+06
1.579892e+06 1.866989e+06 6.463666e+06
1.577764e+06 1.860149e+06 6.466134e+06
1.575634e+06 1.853307e+06 6.468595e+06
1.573502e+06 1.846463e+06 6.471047e+06
1.571368e+06 1.839617e+06 6.473493e+06
1.569232e+06 1.832768e+06 6.475930e+06
1.567094e+06 1.825918e+06 6.478360e+06
1.564955e+06 1.819065e+06 6.480782e+06
1.562813e+06 1.812210e+06 6.483196e+06
1.560670e+06 1.805353e+06 6.485602e+06
1.558525e+06 1.798494e+06 6.488001e+06
1.556378e+06 1.791632e+06 6.490392e+06
1.554229e+06 1.784769e+06 6.492775e+06
1.552079e+06 1.777903e+06 6.495151e+06
1.549926e+06 1.771036e+06 6.497518e+06
1.547772e+06 1.764166e+06 6.499878e+06
1.545616e+06 1.757294e+06 6.502230e+06
1.543458e+06 1.750420e+06 6.504575e+06
1.541298e+06 1.743544e+06 6.506912e+06
1.539137e+06 1.736666e+06 6.509240e+06
1.536973e+06 1.729786e+06 6.511562e+06
1.534808e+06 1.722904e+06 6.513875e+06
1.532641e+06 1.716020e+06 6.516180e+06
1.530472e+06 1.709134e+06 6.518478e+06
1.528302e+06 1.702246e+06 6.520768e+06
1.526129e+06 1.695356e+06 6.523051e+06
1.523955e+06 1.688464e+06 6.525325e+06
1.521779e+06 1.681570e+06 6.527592e+06
1.519601e+06 1.674674e+06 6.529850e+06
1.517421e+06 1.667776e+06 6.532102e+06
1.515240e+06 1.660876e+06 6.534345e+06
1.513057e+06 1.653974e+06 6.536580e+06
1.510872e+06 1.647070e+06 6.538808e+06
1.508685e+06 1.640164e+06 6.541028e+06
1.506496e+06 1.633256e+06 6.543240e+06
1.504306e+06 1.626346e+06 6.545444e+06
1.502114e+06 1.619435e+06 6.547641e+06
1.499920e+06 1.612521e+06 6.549829e+06
1.497724e+06 1.605606e+06 6.552010e+06
1.495526e+06 1.598688e+06 6.554183e+06
1.493327e+06 1.591769e+06 6.556348e+06
1.491126e+06 1.584848e+06 6.558505e+06
1.488923e+06 1.577925e+06 6.560655e+06
1.486719e+06 1.571000e+06 6.562797e+06
1.484512e+06 1.564074e+06 6.564930e+06
1.482304e+06 1.557145e+06 6.567056e+06
1.480094e+06 1.550215e+06 6.569175e+06
1.477883e+06 1.543283e+06 6.571285e+06
1.475669e+06 1.536349e+06 6.573387e+06
1.473454e+06 1.529413e+06 6.575482e+06
1.471238e+06 1.522475e+06 6.577569e+06
1.469019e+06 1.515536e+06 6.579648e+06
1.466799e+06 1.508595e+06 6.581719e+06
1.464577e+06 1.501652e+06 6.583782e+06
1.462353e+06 1.494707e+06 6.585838e+06
1.460127e+06 1.487761e+06 6.587885e+06
1.457900e+06 1.480812e+06 6.589925e+06
1.455671e+06 1.473863e+06 6.591957e+06
1.453440e+06 1.466911e+06 6.593981e+06
1.451208e+06 1.459957e+06 6.595997e+06
1.448974e+06 1.453002e+06 6.598005e+06
1.446738e+06 1.446045e+06 6.600005e+06
1.444501e+06 1.439087e+06 6.601998e+06
1.442261e+06 1.432127e+06 6.603982e+06
1.440020e+06 1.425165e+06 6.605959e+06
1.437778e+06 1.418201e+06 6.607928e+06
1.435533e+06 1.411236e+06 6.609889e+06
1.433287e+06 1.404269e+06 6.611842e+06
1.431039e+06 1.397300e+06 6.613787e+06
1.428790e+06 1.390330e+06 6.615724e+06
1.426539e+06 1.383358e+06 6.617653e+06
1.424286e+06 1.376385e+06 6.619575e+06
1.422031e+06 1.369410e+06 6.621488e+06
1.419775e+06 1.362433e+06 6.623394e+06
1.417517e+06 1.355454e+06 6.625292e+06
1.415258e+06 1.348475e+06 6.627182e+06
1.412997e+06 1.341493e+06 6.629064e+06
1.410734e+06 1.334510e+06 6.630938e+06
1.408469e+06 1.327525e+06 6.632804e+06
1.406203e+06 1.320539e+06 6.634662e+06
1.403935e+06 1.313551e+06 6.636513e+06
1.401665e+06 1.306562e+06 6.638355e+06
1.399394e+06 1.299571e+06 6.640189e+06
1.397121e+06 1.292579e+06 6.642016e+06
1.394847e+06 1.285585e+06 6.643835e+06
1.392571e+06 1.278589e+06 6.645645e+06
1.390293e+06 1.271592e+06 6.647448e+06
1.388013e+06 1.264594e+06 6.649243e+06
1.385732e+06 1.257594e+06 6.651030e+06
1.383449e+06 1.250593e+06 6.652809e+06
1.381165e+06 1.243590e+06 6.654580e+06
1.378879e+06 1.236585e+06 6.656343e+06
1.376591e+06 1.229579e+06 6.658098e+06
1.374302e+06 1.222572e+06 6.659845e+06
1.372011e+06 1.215564e+06 6.661585e+06
1.369719e+06 1.208553e+06 6.663316e+06
1.367424e+06 1.201542e+06 6.665040e+06
1.365129e+06 1.194529e+06 6.666755e+06
1.362831e+06 1.187515e+06 6.668462e+06
1.360532e+06 1.180499e+06 6.670162e+06
1.358232e+06 1.173482e+06 6.671854e+06
1.355929e+06 1.166463e+06 6.673537e+06
1.353626e+06 1.159443e+06 6.675213e+06
1.351320e+06 1.152422e+06 6.676881e+06
1.349013e+06 1.145399e+06 6.678540e+06
1.346704e+06 1.138375e+06 6.680192e+06
1.344394e+06 1.131350e+06 6.681836e+06
1.342082e+06 1.124323e+06 6.683472e+06
1.339769e+06 1.117296e+06 6.685100e+06
1.337454e+06 1.110266e+06 6.686720e+06
1.335137e+06 1.103236e+06 6.688332e+06
1.332819e+06 1.096204e+06 6.689936e+06
1.330500e+06 1.089171e+06 6.691532e+06
1.328178e+06 1.082136e+06 6.693120e+06
1.325855e+06 1.075100e+06 6.694700e+06
1.323531e+06 1.068063e+06 6.696272e+06
1.321205e+06 1.061025e+06 6.697836e+06
1.318877e+06 1.053986e+06 6.699392e+06
1.316548e+06 1.046945e+06 6.700940e+06
1.314218e+06 1.039903e+06 6.702480e+06
1.311885e+06 1.032860e+06 6.704012e+06
1.309552e+06 1.025815e+06 6.705536e+06
1.307216e+06 1.018770e+06 6.707052e+06
1.304879e+06 1.011723e+06 6.708560e+06
1.302541e+06 1.004675e+06 6.710060e+06
1.300201e+06 9.976258e+05 6.711552e+06
1.297859e+06 9.905755e+05 6.713037e+06
1.295516e+06 9.835239e+05 6.714513e+06
1.293172e+06 9.764712e+05 6.715981e+06
1.290826e+06 9.694174e+05 6.717441e+06
1.288478e+06 9.623624e+05 6.718893e+06
1.286129e+06 9.553063e+05 6.720337e+06
1.283778e+06 9.482491e+05 6.721773e+06
1.281426e+06 9.411908e+05 6.723201e+06
1.279072e+06 9.341313e+05 6.724621e+06
1.276717e+06 9.270708e+05 6.726033e+06
1.274360e+06 9.200091e+05 6.727437e+06
1.272002e+06 9.129464e+05 6.728833e+06
1.269642e+06 9.058826e+05 6.730221e+06
1.267281e+06 8.988177e+05 6.731601e+06
1.264918e+06 8.917518e+05 6.732973e+06
1.262554e+06 8.846848e+05 6.734337e+06
1.260188e+06 8.776168e+05 6.735692e+06
1.257821e+06 8.705478e+05 6.737040e+06
1.255452e+06 8.634777e+05 6.738380e+06
1.253082e+06 8.564066e+05 6.739712e+06
1.250710e+06 8.493345e+05 6.741035e+06
1.248337e+06 8.422614e+05 6.742351e+06
1.245963e+06 8.351874e+05 6.743659e+06
1.243586e+06 8.281123e+05 6.744958e+06
1.241209e+06 8.210362e+05 6.746250e+06
1.238830e+06 8.139592e+05 6.747533e+06
1.236449e+06 8.068813e+05 6.748809e+06
1.234067e+06 7.998024e+05 6.750076e+06
1.231684e+06 7.927225e+05 6.751336e+06
1.229299e+06 7.856417e+05 6.752587e+06
1.226912e+06 7.785600e+05 6.753830e+06
1.224525e+06 7.714774e+05 6.755065e+06
1.222135e+06 7.643938e+05 6.756293e+06
1.219745e+06 7.573094e+05 6.757512e+06
1.217352e+06 7.502241e+05 6.758723e+06
1.214959e+06 7.431379e+05 6.759926e+06
1.212564e+06 7.360508e+05 6.761121e+06
1.210167e+06 7.289628e+05 6.762308e+06
1.207769e+06 7.218740e+05 6.763486e+06
1.205370e+06 7.147844e+05 6.764657e+06
1.202969e+06 7.076939e+05 6.765820e+06
1.200567e+06 7.006025e+05 6.766974e+06
1.198163e+06 6.935104e+05 6.768121e+06
1.195758e+06 6.864174e+05 6.769259e+06
1.193352e+06 6.793236e+05 6.770390e+06
1.190944e+06 6.722290e+05 6.771512e+06
1.188535e+06 6.651337e+05 6.772627e+06
1.186124e+06 6.580375e+05 6.773733e+06
1.183712e+06 6.509406e+05 6.774831e+06
1.181299e+06 6.438429e+05 6.775921e+06
1.178884e+06 6.367444e+05 6.777003e+06
1.176467e+06 6.296452e+05 6.778077e+06
1.174050e+06 6.225453e+05 6.779143e+06
1.171631e+06 6.154446e+05 6.780200e+06
1.169210e+06 6.083432e+05 6.781250e+06
1.166788e+06 6.012411e+05 6.782292e+06
1.164365e+06 5.941383e+05 6.783325e+06
1.161941e+06 5.870347e+05 6.784351e+06
1.159515e+06 5.799305e+05 6.785368e+06
1.157087e+06 5.728256e+05 6.786377e+06
1.154659e+06 5.657201e+05 6.787378e+06
1.152229e+06 5.586138e+05 6.788371e+06
1.149797e+06 5.515069e+05 6.789356e+06
1.147364e+06 5.443994e+05 6.790333e+06
1.144930e+06 5.372912e+05 6.791302e+06
1.142495e+06 5.301824e+05 6.792263e+06
1.140058e+06 5.230730e+05 6.793215e+06
1.137620e+06 5.159629e+05 6.794160e+06
1.135180e+06 5.088522e+05 6.795096e+06
1.132739e+06 5.017410e+05 6.796025e+06
1.130297e+06 4.946291e+05 6.796945e+06
1.127853e+06 4.875167e+05 6.797857e+06
1.125408e+06 4.804037e+05 6.798761e+06
1.122962e+06 4.732901e+05 6.799657e+06
1.120514e+06 4.661760e+05 6.800545e+06
1.118066e+06 4.590613e+05 6.801424e+06
1.115615e+06 4.519461e+05 6.802296e+06
1.113164e+06 4.448303e+05 6.803159e+06
1.110711e+06 4.377140e+05 6.804015e+06
1.108257e+06 4.305973e+05 6.804862e+06
1.105801e+06 4.234800e+05 6.805701e+06
1.103344e+06 4.163622e+05 6.806532e+06
1.100886e+06 4.092439e+05 6.807355e+06
1.098427e+06 4.021251e+05 6.808170e+06
1.095966e+06 3.950059e+05 6.808977e+06
1.093504e+06 3.878861e+05 6.809775e+06
1.091041e+06 3.807660e+05 6.810566e+06
1.088576e+06 3.736454e+05 6.811348e+06
1.086110e+06 3.665243e+05 6.812122e+06
1.083643e+06 3.594028e+05 6.812888e+06
1.081175e+06 3.522809e+05 6.813646e+06
1.078705e+06 3.451586e+05 6.814396e+06
1.076234e+06 3.380359e+05 6.815138e+06
1.073762e+06 3.309127e+05 6.815872e+06
1.071288e+06 3.237892e+05 6.816597e+06
1.068813e+06 3.166653e+05 6.817315e+06
1.066337e+06 3.095411e+05 6.818024e+06
1.063860e+06 3.024164e+05 6.818725e+06
1.061381e+06 2.952914e+05 6.819418e+06
1.058901e+06 2.881661e+05 6.820103e+06
1.056420e+06 2.810404e+05 6.820780e+06
1.053938e+06 2.739144e+05 6.821448e+06
1.051454e+06 2.667880e+05 6.822109e+06
1.048969e+06 2.596614e+05 6.822761e+06
1.046483e+06 2.525344e+05 6.823405e+06
1.043996e+06 2.454072e+05 6.824042e+06
1.041507e+06 2.382796e+05 6.824670e+06
1.039017e+06 2.311518e+05 6.825289e+06
1.036526e+06 2.240237e+05 6.825901e+06
1.034034e+06 2.168954e+05 6.826505e+06
1.031540e+06 2.097668e+05 6.827100e+06
1.029046e+06 2.026379e+05 6.827687e+06
1.026550e+06 1.955088e+05 6.828267e+06
1.024052e+06 1.883794e+05 6.828838e+06
1.021554e+06 1.812499e+05 6.829401e+06
1.019054e+06 1.741201e+05 6.829955e+06
1.016554e+06 1.669901e+05 6.830502e+06
1.014052e+06 1.598600e+05 6.831041e+06
1.011548e+06 1.527296e+05 6.831571e+06
1.009044e+06 1.455991e+05 6.832093e+06
1.006538e+06 1.384684e+05 6.832607e+06
1.004032e+06 1.313375e+05 6.833113e+06
1.001524e+06 1.242064e+05 6.833611e+06
9.990144e+05 1.170753e+05 6.834101e+06
9.965041e+05 1.099440e+05 6.834582e+06
9.939925e+05 1.028125e+05 6.835055e+06
9.914798e+05 9.568093e+04 6.835521e+06
9.889659e+05 8.854925e+04 6.835978e+06
9.864508e+05 8.141746e+04 6.836427e+06
9.839346e+05 7.428558e+04 6.836867e+06
9.814172e+05 6.715360e+04 6.837300e+06
9.788986e+05 6.002155e+04 6.837724e+06
9.763789e+05 5.288942e+04 6.838141e+06
9.738580e+05 4.575724e+04 6.838549e+06
9.713360e+05 3.862499e+04 6.838949e+06
9.688128e+05 3.149271e+04 6.839341e+06
9.662885e+05 2.436038e+04 6.839725e+06
9.637630e+05 1.722802e+04 6.840100e+06
9.612364e+05 1.009564e+04 6.840468e+06
9.587086e+05 2.963254e+03 6.840827e+06
9.561797e+05 -4.169141e+03 6.841178e+06
9.536497e+05 -1.130153e+04 6.841521e+06
9.511185e+05 -1.843391e+04 6.841856e+06
9.485862e+05 -2.556627e+04 6.842183e+06
9.460528e+05 -3.269860e+04 6.842501e+06
9.435183e+05 -3.983089e+04 6.842811e+06
9.409826e+05 -4.696313e+04 6.843114e+06
9.384459e+05 -5.409533e+04 6.843408e+06
9.359080e+05 -6.122745e+04 6.843694e+06
9.333690e+05 -6.835951e+04 6.843971e+06
9.308289e+05 -7.549149e+04 6.844241e+06
9.282877e+05 -8.262338e+04 6.844502e+06
9.257454e+05 -8.975517e+04 6.844756e+06
9.232020e+05 -9.688686e+04 6.845001e+06
9.206575e+05 -1.040184e+05 6.845238e+06
9.181119e+05 -1.111499e+05 6.845467e+06
9.155652e+05 -1.182812e+05 6.845687e+06
9.130175e+05 -1.254124e+05 6.845900e+06
9.104686e+05 -1.325435e+05 6.846104e+06
9.079187e+05 -1.396743e+05 6.846300e+06
9.053677e+05 -1.468051e+05 6.846488e+06
9.028156e+05 -1.539356e+05 6.846668e+06
9.002625e+05 -1.610660e+05 6.846840e+06
8.977083e+05 -1.681962e+05 6.847004e+06
8.951530e+05 -1.753262e+05 6.847159e+06
8.925966e+05 -1.824559e+05 6.847306e+06
8.900392e+05 -1.895855e+05 6.847445e+06
8.874808e+05 -1.967149e+05 6.847576e+06
8.849213e+05 -2.038440e+05 6.847699e+06
8.823607e+05 -2.109729e+05 6.847814e+06
8.797991e+05 -2.181015e+05 6.847920e+06
8.772365e+05 -2.252299e+05 6.848018e+06
8.746728e+05 -2.323580e+05 6.848109e+06
8.721081e+05 -2.394858e+05 6.848191e+06
8.695423e+05 -2.466134e+05 6.848264e+06
8.669755e+05 -2.537406e+05 6.848330e+06
8.644077e+05 -2.608676e+05 6.848387e+06
8.618389e+05 -2.679943e+05 6.848437e+06
8.592690e+05 -2.751206e+05 6.848478e+06
8.566981e+05 -2.822467e+05 6.848511e+06
8.541262e+05 -2.893724e+05 6.848536e+06
8.515533e+05 -2.964977e+05 6.848552e+06
8.489794e+05 -3.036227e+05 6.848561e+06
8.464044e+05 -3.107474e+05 6.848561e+06
8.438285e+05 -3.178717e+05 6.848554e+06
8.412515e+05 -3.249956e+05 6.848538e+06
8.386736e+05 -3.321192e+05 6.848514e+06
8.360947e+05 -3.392423e+05 6.848481e+06
8.335147e+05 -3.463651e+05 6.848441e+06
8.309338e+05 -3.534874e+05 6.848392e+06
8.283519e+05 -3.606093e+05 6.848335e+06
8.257690e+05 -3.677309e+05 6.848271e+06
8.231852e+05 -3.748519e+05 6.848197e+06
8.206003e+05 -3.819726e+05 6.848116e+06
8.180145e+05 -3.890928e+05 6.848027e+06
8.154277e+05 -3.962125e+05 6.847929e+06
8.128400e+05 -4.033318e+05 6.847824e+06
8.102512e+05 -4.104506e+05 6.847710e+06
8.076616e+05 -4.175689e+05 6.847588e+06
8.050709e+05 -4.246867e+05 6.847457e+06
8.024793e+05 -4.318040e+05 6.847319e+06
7.998868e+05 -4.389209e+05 6.847173e+06
7.972933e+05 -4.460372e+05 6.847018e+06
7.946988e+05 -4.531530e+05 6.846855e+06
7.921034e+05 -4.602682e+05 6.846684e+06
7.895071e+05 -4.673829e+05 6.846505e+06
7.869098e+05 -4.744971e+05 6.846318e+06
7.843116e+05 -4.816107e+05 6.846122e+06
7.817125e+05 -4.887237e+05 6.845919e+06
7.791124e+05 -4.958362e+05 6.845707e+06
7.765114e+05 -5.029481e+05 6.845487e+06
7.739095e+05 -5.100594e+05 6.845259e+06
7.713067e+05 -5.171701e+05 6.845022e+06
7.687029e+05 -5.242802e+05 6.844778e+06
7.660983e+05 -5.313897e+05 6.844525e+06
7.634927e+05 -5.384985e+05 6.844265e+06
7.608862e+05 -5.456067e+05 6.843996e+06
7.582788e+05 -5.527143e+05 6.843719e+06
7.556706e+05 -5.598213e+05 6.843434e+06
7.530614e+05 -5.669275e+05 6.843140e+06
7.504513e+05 -5.740331e+05 6.842839e+06
7.478403e+05 -5.811381e+05 6.842529e+06
7.452285e+05 -5.882423e+05 6.842211e+06
7.426157e+05 -5.953459e+05 6.841885e+06
7.400021e+05 -6.024488e+05 6.841551e+06
7.373876e+05 -6.095509e+05 6.841209e+06
7.347722e+05 -6.166524e+05 6.840859e+06
7.321560e+05 -6.237531e+05 6.840500e+06
7.295389e+05 -6.308531e+05 6.840133e+06
7.269209e+05 -6.379523e+05 6.839758e+06
7.243020e+05 -6.450508e+05 6.839375e+06
7.216823e+05 -6.521486e+05 6.838984e+06
7.190617e+05 -6.592455e+05 6.838585e+06
7.164403e+05 -6.663417e+05 6.838177e+06
7.138180e+05 -6.734372e+05 6.837762e+06
7.111949e+05 -6.805318e+05 6.837338e+06
7.085709e+05 -6.876256e+05 6.836906e+06
7.059461e+05 -6.947187e+05 6.836466e+06
7.033204e+05 -7.018109e+05 6.836018e+06
7.006939e+05 -7.089022e+05 6.835561e+06
6.980666e+05 -7.159928e+05 6.835097e+06
6.954385e+05 -7.230825e+05 6.834624e+06
6.928095e+05 -7.301714e+05 6.834143e+06
6.901797e+05 -7.372594e+05 6.833654e+06
6.875490e+05 -7.443465e+05 6.833157e+06
6.849176e+05 -7.514328e+05 6.832652e+06
6.822853e+05 -7.585182e+05 6.832139e+06
6.796523e+05 -7.656027e+05 6.831617e+06
6.770184e+05 -7.726863e+05 6.831088e+06
6.743837e+05 -7.797689e+05 6.830550e+06
6.717482e+05 -7.868507e+05 6.830004e+06
6.691119e+05 -7.939316e+05 6.829450e+06
6.664748e+05 -8.010115e+05 6.828888e+06
6.638369e+05 -8.080904e+05 6.828317e+06
6.611983e+05 -8.151685e+05 6.827739e+06
6.585588e+05 -8.222455e+05 6.827152e+06
6.559186e+05 -8.293216e+05 6.826557e+06
6.532776e+05 -8.363968e+05 6.825954e+06
6.506358e+05 -8.434709e+05 6.825343e+06
6.479932e+05 -8.505441e+05 6.824724e+06
6.453498e+05 -8.576162e+05 6.824097e+06
6.427057e+05 -8.646874e+05 6.823461e+06
6.400609e+05 -8.717575e+05 6.822818e+06
6.374152e+05 -8.788266e+05 6.822166e+06
6.347688e+05 -8.858947e+05 6.821506e+06
6.321217e+05 -8.929618e+05 6.820838e+06
6.294738e+05 -9.000277e+05 6.820162e+06
6.268251e+05 -9.070927e+05 6.819478e+06
6.241757e+05 -9.141565e+05 6.818786e+06
6.215256e+05 -9.212193e+05 6.818085e+06
6.188747e+05 -9.282811e+05 6.817376e+06
6.162230e+05 -9.353417e+05 6.816660e+06
6.135707e+05 -9.424012e+05 6.815935e+06
6.109176e+05 -9.494596e+05 6.815202e+06
6.082638e+05 -9.565169e+05 6.814461e+06
6.056092e+05 -9.635731e+05 6.813711e+06
6.029540e+05 -9.706281e+05 6.812954e+06
6.002980e+05 -9.776820e+05 6.812189e+06
5.976413e+05 -9.847348e+05 6.811415e+06
5.949839e+05 -9.917864e+05 6.810633e+06
5.923258e+05 -9.988368e+05 6.809843e+06
5.896669e+05 -1.005886e+06 6.809045e+06
5.870074e+05 -1.012934e+06 6.808239e+06
5.843472e+05 -1.019981e+06 6.807425e+06
5.816863e+05 -1.027027e+06 6.806603e+06
5.790246e+05 -1.034071e+06 6.805772e+06
5.763623e+05 -1.041115e+06 6.804934e+06
5.736993e+05 -1.048157e+06 6.804087e+06
5.710356e+05 -1.055197e+06 6.803233e+06
5.683713e+05 -1.062237e+06 6.802370e+06
5.657062e+05 -1.069275e+06 6.801499e+06
5.630405e+05 -1.076312e+06 6.800620e+06
5.603741e+05 -1.083348e+06 6.799732e+06
5.577071e+05 -1.090383e+06 6.798837e+06
5.550394e+05 -1.097416e+06 6.797934e+06
5.523710e+05 -1.104448e+06 6.797022e+06
5.497019e+05 -1.111479e+06 6.796103e+06
5.470323e+05 -1.118508e+06 6.795175e+06
5.443619e+05 -1.125536e+06 6.794239e+06
5.416909e+05 -1.132563e+06 6.793295e+06
5.390193e+05 -1.139588e+06 6.792343e+06
5.363470e+05 -1.146612e+06 6.791383e+06
5.336740e+05 -1.153635e+06 6.790415e+06
5.310005e+05 -1.160656e+06 6.789439e+06
5.283263e+05 -1.167676e+06 6.788454e+06
5.256514e+05 -1.174695e+06 6.787462e+06
5.229760e+05 -1.181712e+06 6.786461e+06
5.202999e+05 -1.188728e+06 6.785452e+06
5.176232e+05 -1.195742e+06 6.784436e+06
5.149459e+05 -1.202755e+06 6.783411e+06
5.122679e+05 -1.209767e+06 6.782378e+06
5.095894e+05 -1.216777e+06 6.781337e+06
5.069102e+05 -1.223786e+06 6.780288e+06
5.042304e+05 -1.230793e+06 6.779231e+06
5.015501e+05 -1.237799e+06 6.778165e+06
4.988691e+05 -1.244804e+06 6.777092e+06
4.961875e+05 -1.251807e+06 6.776010e+06
4.935054e+05 -1.258808e+06 6.774921e+06
4.908226e+05 -1.265808e+06 6.773823e+06
4.881393e+05 -1.272807e+06 6.772718e+06
4.854554e+05 -1.279804e+06 6.771604e+06
4.827709e+05 -1.286799e+06 6.770482e+06
4.800858e+05 -1.293793e+06 6.769352e+06
4.774002e+05 -1.300786e+06 6.768214e+06
4.747139e+05 -1.307777e+06 6.767068e+06
4.720271e+05 -1.314766e+06 6.765914e+06
4.693398e+05 -1.321754e+06 6.764752e+06
4.666519e+05 -1.328741e+06 6.763582e+06
4.639634e+05 -1.335725e+06 6.762403e+06
4.612744e+05 -1.342709e+06 6.761217e+06
4.585848e+05 -1.349690e+06 6.760023e+06
4.558947e+05 -1.356670e+06 6.758820e+06
4.532040e+05 -1.363649e+06 6.757610e+06
4.505128e+05 -1.370626e+06 6.756391e+06
4.478210e+05 -1.377601e+06 6.755164e+06
4.451287e+05 -1.384575e+06 6.753930e+06
4.424359e+05 -1.391547e+06 6.752687e+06
4.397425e+05 -1.398517e+06 6.751436e+06
4.370486e+05 -1.405486e+06 6.750177e+06
4.343542e+05 -1.412453e+06 6.748910e+06
4.316593e+05 -1.419418e+06 6.747635e+06
4.289639e+05 -1.426382e+06 6.746352e+06
4.262679e+05 -1.433344e+06 6.745061e+06
4.235714e+05 -1.440304e+06 6.743762e+06
4.208744e+05 -1.447263e+06 6.742455e+06
4.181770e+05 -1.454220e+06 6.741140e+06
4.154790e+05 -1.461175e+06 6.739816e+06
4.127805e+05 -1.468129e+06 6.738485e+06
4.100815e+05 -1.475081e+06 6.737146e+06
4.073820e+05 -1.482031e+06 6.735798e+06
4.046821e+05 -1.488979e+06 6.734443e+06
4.019816e+05 -1.495926e+06 6.733080e+06
3.992807e+05 -1.502870e+06 6.731708e+06
3.965793e+05 -1.509813e+06 6.730329e+06
3.938774e+05 -1.516755e+06 6.728941e+06
3.911751e+05 -1.523694e+06 6.727546e+06
3.884722e+05 -1.530632e+06 6.726142e+06
3.857689e+05 -1.537568e+06 6.724730e+06
3.830652e+05 -1.544502e+06 6.723311e+06
3.803610e+05 -1.551434e+06 6.721883e+06
3.776563e+05 -1.558365e+06 6.720448e+06
3.749512e+05 -1.565293e+06 6.719004e+06
3.722456e+05 -1.572220e+06 6.717552e+06
3.695396e+05 -1.579145e+06 6.716093e+06
3.668331e+05 -1.586068e+06 6.714625e+06
3.641262e+05 -1.592990e+06 6.713149e+06
3.614188e+05 -1.599909e+06 6.711665e+06
3.587111e+05 -1.606826e+06 6.710174e+06
3.560028e+05 -1.613742e+06 6.708674e+06
3.532942e+05 -1.620656e+06 6.707166e+06
3.505851e+05 -1.627567e+06 6.705650e+06
3.478756e+05 -1.634477e+06 6.704127e+06
3.451657e+05 -1.641385e+06 6.702595e+06
3.424554e+05 -1.648291e+06 6.701055e+06
3.397447e+05 -1.655195e+06 6.699508e+06
3.370335e+05 -1.662097e+06 6.697952e+06
3.343220e+05 -1.668998e+06 6.696388e+06
3.316100e+05 -1.675896e+06 6.694816e+06
3.288977e+05 -1.682792e+06 6.693237e+06
3.261849e+05 -1.689686e+06 6.691649e+06
3.234718e+05 -1.696579e+06 6.690054e+06
3.207582e+05 -1.703469e+06 6.688450e+06
3.180443e+05 -1.710357e+06 6.686838e+06
3.153300e+05 -1.717243e+06 6.685219e+06
3.126153e+05 -1.724128e+06 6.683591e+06
3.099003e+05 -1.731010e+06 6.681956e+06
3.071848e+05 -1.737890e+06 6.680312e+06
3.044690e+05 -1.744768e+06 6.678661e+06
3.017528e+05 -1.751644e+06 6.677001e+06
2.990363e+05 -1.758518e+06 6.675334e+06
2.963194e+05 -1.765390e+06 6.673658e+06
2.936021e+05 -1.772260e+06 6.671975e+06
2.908845e+05 -1.779128e+06 6.670284e+06
2.881665e+05 -1.785994e+06 6.668584e+06
2.854482e+05 -1.792857e+06 6.666877e+06
2.827296e+05 -1.799719e+06 6.665162e+06
2.800106e+05 -1.806578e+06 6.663439e+06
2.772912e+05 -1.813435e+06 6.661708e+06
2.745715e+05 -1.820290e+06 6.659969e+06
2.718515e+05 -1.827143e+06 6.658222e+06
2.691312e+05 -1.833994e+06 6.656467e+06
2.664105e+05 -1.840843e+06 6.654704e+06
2.636895e+05 -1.847689e+06 6.652933e+06
2.609682e+05 -1.854534e+06 6.651154e+06
2.582466e+05 -1.861376e+06 6.649368e+06
2.555246e+05 -1.868216e+06 6.647573e+06
2.528024e+05 -1.875054e+06 6.645770e+06
2.500798e+05 -1.881889e+06 6.643960e+06
2.473570e+05 -1.888722e+06 6.642142e+06
2.446338e+05 -1.895554e+06 6.640315e+06
2.419104e+05 -1.902382e+06 6.638481e+06
2.391866e+05 -1.909209e+06 6.636639e+06
2.364626e+05 -1.916034e+06 6.634789e+06
2.337382e+05 -1.922856e+06 6.632931e+06
2.310136e+05 -1.929676e+06 6.631065e+06
2.282887e+05 -1.936493e+06 6.629191e+06
2.255635e+05 -1.943308e+06 6.627309e+06
2.228381e+05 -1.950122e+06 6.625419e+06
2.201124e+05 -1.956932e+06 6.623522e+06
2.173864e+05 -1.963741e+06 6.621616e+06
2.146601e+05 -1.970547e+06 6.619703e+06
2.119336e+05 -1.977351e+06 6.617781e+06
2.092068e+05 -1.984152e+06 6.615852e+06
2.064798e+05 -1.990951e+06 6.613915e+06
2.037525e+05 -1.997748e+06 6.611970e+06
2.010250e+05 -2.004543e+06 6.610017e+06
1.982972e+05 -2.011335e+06 6.608056e+06
1.955692e+05 -2.018124e+06 6.606088e+06
1.928409e+05 -2.024912e+06 6.604111e+06
1.901124e+05 -2.031697e+06 6.602127e+06
1.873837e+05 -2.038479e+06 6.600134e+06
1.846547e+05 -2.045259e+06 6.598134e+06
1.819255e+05 -2.052037e+06 6.596126e+06
1.791961e+05 -2.058813e+06 6.594110e+06
1.764665e+05 -2.065586e+06 6.592086e+06
1.737366e+05 -2.072356e+06 6.590055e+06
1.710065e+05 -2.079124e+06 6.588015e+06
1.682763e+05 -2.085890e+06 6.585968e+06
1.655458e+05 -2.092653e+06 6.583912e+06
1.628151e+05 -2.099414e+06 6.581849e+06
1.600842e+05 -2.106172e+06 6.579778e+06
1.573531e+05 -2.112928e+06 6.577699e+06
1.546218e+05 -2.119681e+06 6.575612e+06
1.518904e+05 -2.126432e+06 6.573518e+06
1.491587e+05 -2.133180e+06 6.571415e+06
1.464269e+05 -2.139926e+06 6.569305e+06
1.436948e+05 -2.146669e+06 6.567187e+06
1.409626e+05 -2.153410e+06 6.565061e+06
1.382302e+05 -2.160148e+06 6.562927e+06
1.354977e+05 -2.166883e+06 6.560786e+06
1.327650e+05 -2.173616e+06 6.558636e+06
1.300321e+05 -2.180347e+06 6.556479e+06
1.272990e+05 -2.187075e+06 6.554314e+06
1.245658e+05 -2.193800e+06 6.552141e+06
1.218325e+05 -2.200523e+06 6.549960e+06
1.190989e+05 -2.207243e+06 6.547771e+06
1.163653e+05 -2.213961e+06 6.545575e+06
1.136315e+05 -2.220676e+06 6.543371e+06
1.108975e+05 -2.227388e+06 6.541158e+06
1.081634e+05 -2.234098e+06 6.538939e+06
1.054292e+05 -2.240805e+06 6.536711e+06
1.026948e+05 -2.247510e+06 6.534475e+06
9.996030e+04 -2.254211e+06 6.532232e+06
9.722568e+04 -2.260911e+06 6.529981e+06
9.449093e+04 -2.267607e+06 6.527722e+06
9.175606e+04 -2.274301e+06 6.525455e+06
8.902107e+04 -2.280992e+06 6.523181e+06
8.628597e+04 -2.287681e+06 6.520899e+06
8.355076e+04 -2.294366e+06 6.518608e+06
8.081544e+04 -2.301049e+06 6.516311e+06
7.808002e+04 -2.307730e+06 6.514005e+06
7.534450e+04 -2.314407e+06 6.511692e+06
7.260887e+04 -2.321082e+06 6.509370e+06
6.987316e+04 -2.327755e+06 6.507041e+06
6.713735e+04 -2.334424e+06 6.504705e+06
6.440145e+04 -2.341091e+06 6.502360e+06
6.166547e+04 -2.347755e+06 6.500008e+06
5.892940e+04 -2.354416e+06 6.497648e+06
5.619326e+04 -2.361074e+06 6.495280e+06
5.345704e+04 -2.367730e+06 6.492904e+06
5.072075e+04 -2.374383e+06 6.490521e+06
4.798439e+04 -2.381033e+06 6.488130e+06
4.524797e+04 -2.387680e+06 6.485731e+06
4.251148e+04 -2.394324e+06 6.483324e+06
3.977493e+04 -2.400966e+06 6.480910e+06
3.703833e+04 -2.407605e+06 6.478488e+06
3.430167e+04 -2.414241e+06 6.476058e+06
3.156497e+04 -2.420874e+06 6.473621e+06
2.882822e+04 -2.427504e+06 6.471175e+06
2.609142e+04 -2.434131e+06 6.468722e+06
2.335459e+04 -2.440756e+06 6.466261e+06
2.061772e+04 -2.447378e+06 6.463793e+06
1.788081e+04 -2.453996e+06 6.461317e+06
1.514388e+04 -2.460612e+06 6.458833e+06
1.240692e+04 -2.467225e+06 6.456341e+06
9.669931e+03 -2.473835e+06 6.453842e+06
6.932925e+03 -2.480442e+06 6.451335e+06
4.195902e+03 -2.487047e+06 6.448820e+06
1.458865e+03 -2.493648e+06 6.446297e+06
-1.278183e+03 -2.500246e+06 6.443767e+06
-4.015239e+03 -2.506842e+06 6.441229e+06
-6.752299e+03 -2.513434e+06 6.438684e+06
-9.489360e+03 -2.520024e+06 6.436130e+06
-1.222642e+04 -2.526610e+06 6.433569e+06
-1.496347e+04 -2.533194e+06 6.431001e+06
-1.770052e+04 -2.539774e+06 6.428424e+06
-2.043755e+04 -2.546352e+06 6.425840e+06
-2.317457e+04 -2.552926e+06 6.423249e+06
-2.591157e+04 -2.559498e+06 6.420649e+06
-2.864855e+04 -2.566066e+06 6.418042e+06
-3.138550e+04 -2.572632e+06 6.415427e+06
-3.412243e+04 -2.579194e+06 6.412805e+06
-3.685932e+04 -2.585754e+06 6.410175e+06
-3.959618e+04 -2.592310e+06 6.407537e+06
-4.233301e+04 -2.598864e+06 6.404892e+06
-4.506979e+04 -2.605414e+06 6.402239e+06
-4.780653e+04 -2.611961e+06 6.399578e+06
-5.054322e+04 -2.618505e+06 6.396909e+06
-5.327986e+04 -2.625046e+06 6.394233e+06
-5.601644e+04 -2.631584e+06 6.391550e+06
-5.875297e+04 -2.638119e+06 6.388858e+06
-6.148944e+04 -2.644651e+06 6.386160e+06
-6.422584e+04 -2.651179e+06 6.383453e+06
-6.696218e+04 -2.657705e+06 6.380739e+06
-6.969845e+04 -2.664227e+06 6.378017e+06
-7.243465e+04 -2.670746e+06 6.375287e+06
-7.517076e+04 -2.677262e+06 6.372550e+06
-7.790680e+04 -2.683775e+06 6.369806e+06
-8.064276e+04 -2.690285e+06 6.367053e+06
-8.337863e+04 -2.696792e+06 6.364293e+06
-8.611441e+04 -2.703295e+06 6.361526e+06
-8.885010e+04 -2.709795e+06 6.358751e+06
-9.158569e+04 -2.716292e+06 6.355968e+06
-9.432118e+04 -2.722786e+06 6.353178e+06
-9.705657e+04 -2.729276e+06 6.350380e+06
-9.979186e+04 -2.735764e+06 6.347574e+06
-1.025270e+05 -2.742248e+06 6.344761e+06
-1.052621e+05 -2.748729e+06 6.341940e+06
-1.079970e+05 -2.755207e+06 6.339112e+06
-1.107319e+05 -2.761681e+06 6.336276e+06
-1.134666e+05 -2.768152e+06 6.333433e+06
-1.162012e+05 -2.774620e+06 6.330581e+06
-1.189356e+05 -2.781085e+06 6.327723e+06
-1.216700e+05 -2.787546e+06 6.324857e+06
-1.244041e+05 -2.794004e+06 6.321983e+06
-1.271382e+05 -2.800459e+06 6.319102e+06
-1.298721e+05 -2.806910e+06 6.316213e+06
-1.326059e+05 -2.813358e+06 6.313316e+06
-1.353395e+05 -2.819803e+06 6.310412e+06
-1.380730e+05 -2.826245e+06 6.307501e+06
-1.408063e+05 -2.832683e+06 6.304582e+06
-1.435394e+05 -2.839118e+06 6.301655e+06
-1.462724e+05 -2.845549e+06 6.298721e+06
-1.490053e+05 -2.851977e+06 6.295779e+06
-1.517379e+05 -2.858402e+06 6.292830e+06
-1.544704e+05 -2.864823e+06 6.289873e+06
-1.572027e+05 -2.871242e+06 6.286909e+06
-1.599349e+05 -2.877656e+06 6.283937e+06
-1.626669e+05 -2.884067e+06 6.280958e+06
-1.653986e+05 -2.890475e+06 6.277971e+06
-1.681302e+05 -2.896880e+06 6.274977e+06
-1.708616e+05 -2.903281e+06 6.271975e+06
-1.735929e+05 -2.909678e+06 6.268966e+06
-1.763239e+05 -2.916072e+06 6.265949e+06
-1.790547e+05 -2.922463e+06 6.262925e+06
-1.817853e+05 -2.928850e+06 6.259893e+06
-1.845157e+05 -2.935234e+06 6.256853e+06
-1.872459e+05 -2.941614e+06 6.253807e+06
-1.899759e+05 -2.947991e+06 6.250752e+06
-1.927057e+05 -2.954365e+06 6.247691e+06
-1.954352e+05 -2.960734e+06 6.244621e+06
-1.981646e+05 -2.967101e+06 6.241545e+06
-2.008937e+05 -2.973464e+06 6.238460e+06
-2.036225e+05 -2.979823e+06 6.235369e+06
-2.063512e+05 -2.986179e+06 6.232270e+06
-2.090796e+05 -2.992531e+06 6.229163e+06
-2.118078e+05 -2.998880e+06 6.226049e+06
-2.145357e+05 -3.005225e+06 6.222928e+06
-2.172634e+05 -3.011567e+06 6.219799e+06
-2.199908e+05 -3.017905e+06 6.216662e+06
-2.227180e+05 -3.024240e+06 6.213518e+06
-2.254450e+05 -3.030571e+06 6.210367e+06
-2.281716e+05 -3.036898e+06 6.207209e+06
-2.308981e+05 -3.043222e+06 6.204042e+06
-2.336242e+05 -3.049543e+06 6.200869e+06
-2.363501e+05 -3.055859e+06 6.197688e+06
-2.390757e+05 -3.062172e+06 6.194500e+06
-2.418011e+05 -3.068482e+06 6.191304e+06
-2.445261e+05 -3.074788e+06 6.188101e+06
-2.472509e+05 -3.081090e+06 6.184890e+06
-2.499754e+05 -3.087388e+06 6.181672e+06
-2.526996e+05 -3.093683e+06 6.178447e+06
-2.554236e+05 -3.099975e+06 6.175214e+06
-2.581472e+05 -3.106262e+06 6.171974e+06
-2.608705e+05 -3.112546e+06 6.168726e+06
-2.635936e+05 -3.118826e+06 6.165471e+06
-2.663163e+05 -3.125103e+06 6.162209e+06
-2.690387e+05 -3.131376e+06 6.158939e+06
-2.717609e+05 -3.137645e+06 6.155662e+06
-2.744827e+05 -3.143911e+06 6.152377e+06
-2.772042e+05 -3.150172e+06 6.149085e+06
-2.799253e+05 -3.156431e+06 6.145786e+06
-2.826462e+05 -3.162685e+06 6.142480e+06
-2.853667e+05 -3.168935e+06 6.139166e+06
-2.880869e+05 -3.175182e+06 6.135844e+06
-2.908068e+05 -3.181425e+06 6.132516e+06
-2.935263e+05 -3.187665e+06 6.129180e+06
-2.962455e+05 -3.193900e+06 6.125837e+06
-2.989643e+05 -3.200132e+06 6.122486e+06
-3.016829e+05 -3.206360e+06 6.119128e+06
-3.044010e+05 -3.212585e+06 6.115763e+06
-3.071188e+05 -3.218805e+06 6.112390e+06
-3.098363e+05 -3.225022e+06 6.109010e+06
-3.125534e+05 -3.231235e+06 6.105623e+06
-3.152701e+05 -3.237444e+06 6.102228e+06
-3.179865e+05 -3.243649e+06 6.098826e+06
-3.207025e+05 -3.249850e+06 6.095417e+06
-3.234181e+05 -3.256048e+06 6.092001e+06
-3.261334e+05 -3.262241e+06 6.088577e+06
-3.288483e+05 -3.268431e+06 6.085146e+06
-3.315628e+05 -3.274617e+06 6.081708e+06
-3.342769e+05 -3.280799e+06 6.078262e+06
-3.369906e+05 -3.286978e+06 6.074809e+06
-3.397040e+05 -3.293152e+06 6.071349e+06
-3.424169e+05 -3.299322e+06 6.067881e+06
-3.451295e+05 -3.305489e+06 6.064407e+06
-3.478416e+05 -3.311652e+06 6.060925e+06
-3.505534e+05 -3.317810e+06 6.057435e+06
-3.532647e+05 -3.323965e+06 6.053939e+06
-3.559757e+05 -3.330116e+06 6.050435e+06
-3.586862e+05 -3.336263e+06 6.046924e+06
-3.613963e+05 -3.342406e+06 6.043406e+06
-3.641060e+05 -3.348545e+06 6.039880e+06
-3.668153e+05 -3.354680e+06 6.036347e+06
-3.695241e+05 -3.360811e+06 6.032807e+06
-3.722325e+05 -3.366939e+06 6.029260e+06
-3.749405e+05 -3.373062e+06 6.025706e+06
-3.776481e+05 -3.379181e+06 6.022144e+06
-3.803552e+05 -3.385296e+06 6.018575e+06
-3.830618e+05 -3.391407e+06 6.014999e+06
-3.857681e+05 -3.397515e+06 6.011416e+06
-3.884739e+05 -3.403618e+06 6.007825e+06
-3.911792e+05 -3.409717e+06 6.004228e+06
-3.938841e+05 -3.415812e+06 6.000623e+06
-3.965885e+05 -3.421903e+06 5.997011e+06
-3.992924e+05 -3.427990e+06 5.993392e+06
-4.019959e+05 -3.434073e+06 5.989765e+06
-4.046990e+05 -3.440152e+06 5.986132e+06
-4.074015e+05 -3.446227e+06 5.982491e+06
-4.101036e+05 -3.452298e+06 5.978843e+06
-4.128052e+05 -3.458365e+06 5.975188e+06
-4.155063e+05 -3.464427e+06 5.971525e+06
-4.182070e+05 -3.470486e+06 5.967856e+06
-4.209071e+05 -3.476540e+06 5.964179e+06
-4.236068e+05 -3.482591e+06 5.960496e+06
-4.263060e+05 -3.488637e+06 5.956805e+06
-4.290046e+05 -3.494679e+06 5.953107e+06
-4.317028e+05 -3.500717e+06 5.949401e+06
-4.344005e+05 -3.506751e+06 5.945689e+06
-4.370977e+05 -3.512780e+06 5.941970e+06
-4.397943e+05 -3.518806e+06 5.938243e+06
-4.424905e+05 -3.524827e+06 5.934509e+06
-4.451861e+05 -3.530845e+06 5.930769e+06
-4.478813e+05 -3.536858e+06 5.927021e+06
-4.505759e+05 -3.542866e+06 5.923266e+06
-4.532699e+05 -3.548871e+06 5.919504e+06
-4.559635e+05 -3.554871e+06 5.915734e+06
-4.586565e+05 -3.560868e+06 5.911958e+06
-4.613490e+05 -3.566860e+06 5.908175e+06
-4.640409e+05 -3.572848e+06 5.904384e+06
-4.667323e+05 -3.578831e+06 5.900587e+06
-4.694232e+05 -3.584811e+06 5.896782e+06
-4.721135e+05 -3.590786e+06 5.892970e+06
-4.748032e+05 -3.596757e+06 5.889152e+06
-4.774925e+05 -3.602723e+06 5.885326e+06
-4.801811e+05 -3.608686e+06 5.881493e+06
-4.828692e+05 -3.614644e+06 5.877653e+06
-4.855567e+05 -3.620597e+06 5.873806e+06
-4.882437e+05 -3.626547e+06 5.869952e+06
-4.909301e+05 -3.632492e+06 5.866091e+06
-4.936159e+05 -3.638433e+06 5.862223e+06
-4.963011e+05 -3.644370e+06 5.858348e+06
-4.989858e+05 -3.650302e+06 5.854466e+06
-5.016699e+05 -3.656230e+06 5.850576e+06
-5.043534e+05 -3.662154e+06 5.846680e+06
-5.070363e+05 -3.668073e+06 5.842777e+06
-5.097186e+05 -3.673988e+06 5.838867e+06
-5.124003e+05 -3.679899e+06 5.834950e+06
-5.150815e+05 -3.685805e+06 5.831025e+06
-5.177620e+05 -3.691707e+06 5.827094e+06
-5.204419e+05 -3.697605e+06 5.823156e+06
-5.231212e+05 -3.703498e+06 5.819211e+06
-5.257999e+05 -3.709387e+06 5.815259e+06
-5.284780e+05 -3.715271e+06 5.811300e+06
-5.311555e+05 -3.721151e+06 5.807333e+06
-5.338323e+05 -3.727027e+06 5.803360e+06
-5.365085e+05 -3.732898e+06 5.799380e+06
-5.391841e+05 -3.738765e+06 5.795393e+06
-5.418591e+05 -3.744627e+06 5.791399e+06
-5.445334e+05 -3.750485e+06 5.787398e+06
-5.472071e+05 -3.756339e+06 5.783391e+06
-5.498802e+05 -3.762188e+06 5.779376e+06
-5.525526e+05 -3.768033e+06 5.775354e+06
-5.552243e+05 -3.773873e+06 5.771325e+06
-5.578955e+05 -3.779708e+06 5.767290e+06
-5.605659e+05 -3.785540e+06 5.763247e+06
-5.632357e+05 -3.791366e+06 5.759198e+06
-5.659049e+05 -3.797189e+06 5.755142e+06
-5.685734e+05 -3.803006e+06 5.751078e+06
-5.712412e+05 -3.808820e+06 5.747008e+06
-5.739084e+05 -3.814628e+06 5.742931e+06
-5.765748e+05 -3.820433e+06 5.738847e+06
-5.792407e+05 -3.826232e+06 5.734757e+06
-5.819058e+05 -3.832028e+06 5.730659e+06
-5.845702e+05 -3.837818e+06 5.726554e+06
-5.872340e+05 -3.843604e+06 5.722443e+06
-5.898971e+05 -3.849386e+06 5.718325e+06
-5.925595e+05 -3.855163e+06 5.714199e+06
-5.952212e+05 -3.860935e+06 5.710067e+06
-5.978822e+05 -3.866703e+06 5.705929e+06
-6.005425e+05 -3.872467e+06 5.701783e+06
-6.032021e+05 -3.878225e+06 5.697630e+06
-6.058610e+05 -3.883979e+06 5.693471e+06
-6.085191e+05 -3.889729e+06 5.689305e+06
-6.111766e+05 -3.895474e+06 5.685132e+06
-6.138333e+05 -3.901214e+06 5.680952e+06
-6.164894e+05 -3.906950e+06 5.676765e+06
-6.191447e+05 -3.912681e+06 5.672571e+06
-6.217993e+05 -3.918407e+06 5.668371e+06
-6.244531e+05 -3.924129e+06 5.664164e+06
-6.271062e+05 -3.929846e+06 5.659950e+06
-6.297586e+05 -3.935559e+06 5.655729e+06
-6.324103e+05 -3.941266e+06 5.651502e+06
-6.350612e+05 -3.946969e+06 5.647267e+06
-6.377114e+05 -3.952668e+06 5.643026e+06
-6.403608e+05 -3.958362e+06 5.638778e+06
-6.430094e+05 -3.964051e+06 5.634524e+06
-6.456574e+05 -3.969735e+06 5.630262e+06
-6.483045e+05 -3.975415e+06 5.625994e+06
-6.509509e+05 -3.981090e+06 5.621719e+06
-6.535965e+05 -3.986760e+06 5.617438e+06
-6.562414e+05 -3.992426e+06 5.613149e+06
-6.588855e+05 -3.998087e+06 5.608854e+06
-6.615288e+05 -4.003743e+06 5.604552e+06
-6.641714e+05 -4.009394e+06 5.600243e+06
-6.668131e+05 -4.015041e+06 5.595928e+06
-6.694541e+05 -4.020682e+06 5.591606e+06
-6.720943e+05 -4.026320e+06 5.587277e+06
-6.747337e+05 -4.031952e+06 5.582942e+06
-6.773723e+05 -4.037579e+06 5.578600e+06
-6.800102e+05 -4.043202e+06 5.574251e+06
-6.826472e+05 -4.048820e+06 5.569895e+06
-6.852834e+05 -4.054433e+06 5.565533e+06
-6.879188e+05 -4.060042e+06 5.561164e+06
-6.905534e+05 -4.065645e+06 5.556788e+06
-6.931872e+05 -4.071244e+06 5.552406e+06
-6.958202e+05 -4.076838e+06 5.548017e+06
-6.984524e+05 -4.082427e+06 5.543621e+06
-7.010837e+05 -4.088011e+06 5.539219e+06
-7.037143e+05 -4.093590e+06 5.534810e+06
-7.063440e+05 -4.099165e+06 5.530394e+06
-7.089728e+05 -4.104735e+06 5.525972e+06
-7.116009e+05 -4.110299e+06 5.521543e+06
-7.142281e+05 -4.115859e+06 5.517107e+06
-7.168544e+05 -4.121414e+06 5.512665e+06
-7.194800e+05 -4.126965e+06 5.508216e+06
-7.221046e+05 -4.132510e+06 5.503761e+06
-7.247285e+05 -4.138050e+06 5.499299e+06
-7.273514e+05 -4.143586e+06 5.494830e+06
-7.299736e+05 -4.149116e+06 5.490355e+06
-7.325948e+05 -4.154642e+06 5.485873e+06
-7.352152e+05 -4.160163e+06 5.481385e+06
-7.378348e+05 -4.165679e+06 5.476890e+06
-7.404534e+05 -4.171189e+06 5.472388e+06
-7.430712e+05 -4.176695e+06 5.467880e+06
-7.456882e+05 -4.182196e+06 5.463365e+06
-7.483042e+05 -4.187692e+06 5.458844e+06
-7.509194e+05 -4.193183e+06 5.454316e+06
-7.535337e+05 -4.198669e+06 5.449782e+06
-7.561471e+05 -4.204151e+06 5.445241e+06
-7.587596e+05 -4.209627e+06 5.440693e+06
-7.613712e+05 -4.215098e+06 5.436139e+06
-7.639819e+05 -4.220564e+06 5.431579e+06
-7.665918e+05 -4.226025e+06 5.427011e+06
-7.692007e+05 -4.231481e+06 5.422438e+06
-7.718087e+05 -4.236932e+06 5.417858e+06
-7.744158e+05 -4.242378e+06 5.413271e+06
-7.770220e+05 -4.247819e+06 5.408678e+06
-7.796273e+05 -4.253255e+06 5.404078e+06
-7.822317e+05 -4.258686e+06 5.399472e+06
-7.848351e+05 -4.264112e+06 5.394859e+06
-7.874377e+05 -4.269533e+06 5.390240e+06
-7.900393e+05 -4.274949e+06 5.385614e+06
-7.926399e+05 -4.280359e+06 5.380982e+06
-7.952397e+05 -4.285765e+06 5.376344e+06
-7.978385e+05 -4.291166e+06 5.371699e+06
-8.004363e+05 -4.296561e+06 5.367047e+06
-8.030332e+05 -4.301951e+06 5.362389e+06
-8.056292e+05 -4.307337e+06 5.357725e+06
-8.082242e+05 -4.312717e+06 5.353054e+06
-8.108183e+05 -4.318092e+06 5.348377e+06
-8.134114e+05 -4.323462e+06 5.343693e+06
-8.160036e+05 -4.328827e+06 5.339003e+06
-8.185948e+05 -4.334186e+06 5.334306e+06
-8.211850e+05 -4.339541e+06 5.329603e+06
-8.237743e+05 -4.344890e+06 5.324894e+06
-8.263626e+05 -4.350234e+06 5.320178e+06
-8.289499e+05 -4.355573e+06 5.315456e+06
-8.315363e+05 -4.360907e+06 5.310727e+06
-8.341216e+05 -4.366236e+06 5.305992e+06
-8.367060e+05 -4.371559e+06 5.301251e+06
-8.392894e+05 -4.376878e+06 5.296503e+06
-8.418719e+05 -4.382191e+06 5.291749e+06
-8.444533e+05 -4.387499e+06 5.286989e+06
-8.470337e+05 -4.392802e+06 5.282222e+06
-8.496131e+05 -4.398099e+06 5.277449e+06
-8.521916e+05 -4.403391e+06 5.272669e+06
-8.547690e+05 -4.408678e+06 5.267883e+06
-8.573454e+05 -4.413960e+06 5.263091e+06
-8.599208e+05 -4.419237e+06 5.258292e+06
-8.624952e+05 -4.424508e+06 5.253488e+06
-8.650686e+05 -4.429774e+06 5.248676e+06
-8.676409e+05 -4.435035e+06 5.243859e+06
-8.702123e+05 -4.440291e+06 5.239035e+06
-8.727826e+05 -4.445541e+06 5.234205e+06
-8.753519e+05 -4.450786e+06 5.229369e+06
-8.779201e+05 -4.456026e+06 5.224526e+06
-8.804873e+05 -4.461260e+06 5.219677e+06
-8.830535e+05 -4.466490e+06 5.214822e+06
-8.856186e+05 -4.471714e+06 5.209960e+06
-8.881827e+05 -4.476932e+06 5.205092e+06
-8.907457e+05 -4.482145e+06 5.200218e+06
-8.933077e+05 -4.487353e+06 5.195338e+06
-8.958687e+05 -4.492556e+06 5.190451e+06
-8.984286e+05 -4.497753e+06 5.185559e+06
-9.009874e+05 -4.502945e+06 5.180660e+06
-9.035451e+05 -4.508132e+06 5.175754e+06
-9.061018e+05 -4.513313e+06 5.170843e+06
-9.086574e+05 -4.518489e+06 5.165925e+06
-9.112120e+05 -4.523659e+06 5.161001e+06
-9.137655e+05 -4.528824e+06 5.156071e+06
-9.163179e+05 -4.533984e+06 5.151134e+06
-9.188692e+05 -4.539139e+06 5.146192e+06
-9.214194e+05 -4.544288e+06 5.141243e+06
-9.239686e+05 -4.549431e+06 5.136288e+06
-9.265166e+05 -4.554569e+06 5.131327e+06
-9.290636e+05 -4.559702e+06 5.126360e+06
-9.316095e+05 -4.564829e+06 5.121386e+06
-9.341542e+05 -4.569951e+06 5.116407e+06
-9.366979e+05 -4.575068e+06 5.111421e+06
-9.392404e+05 -4.580179e+06 5.106429e+06
-9.417819e+05 -4.585285e+06 5.101431e+06
-9.443222e+05 -4.590385e+06 5.096426e+06
-9.468615e+05 -4.595480e+06 5.091416e+06
-9.493996e+05 -4.600569e+06 5.086400e+06
-9.519365e+05 -4.605653e+06 5.081377e+06
-9.544724e+05 -4.610731e+06 5.076348e+06
-9.570071e+05 -4.615804e+06 5.071313e+06
-9.595407e+05 -4.620871e+06 5.066272e+06
-9.620732e+05 -4.625933e+06 5.061225e+06
-9.646045e+05 -4.630990e+06 5.056172e+06
-9.671347e+05 -4.636041e+06 5.051113e+06
-9.696638e+05 -4.641086e+06 5.046047e+06
-9.721917e+05 -4.646126e+06 5.040976e+06
-9.747185e+05 -4.651160e+06 5.035899e+06
-9.772441e+05 -4.656189e+06 5.030815e+06
-9.797685e+05 -4.661212e+06 5.025725e+06
-9.822918e+05 -4.666230e+06 5.020630e+06
-9.848140e+05 -4.671242e+06 5.015528e+06
-9.873349e+05 -4.676249e+06 5.010420e+06
-9.898547e+05 -4.681250e+06 5.005306e+06
-9.923734e+05 -4.686246e+06 5.000187e+06
-9.948908e+05 -4.691236e+06 4.995061e+06
-9.974071e+05 -4.696220e+06 4.989929e+06
-9.999222e+05 -4.701199e+06 4.984791e+06
-1.002436e+06 -4.706172e+06 4.979647e+06
-1.004949e+06 -4.711140e+06 4.974497e+06
-1.007460e+06 -4.716102e+06 4.969342e+06
-1.009971e+06 -4.721059e+06 4.964180e+06
-1.012480e+06 -4.726009e+06 4.959012e+06
-1.014988e+06 -4.730955e+06 4.953838e+06
-1.017495e+06 -4.735894e+06 4.948658e+06
-1.020000e+06 -4.740828e+06 4.943473e+06
-1.022505e+06 -4.745757e+06 4.938281e+06
-1.025008e+06 -4.750679e+06 4.933083e+06
-1.027510e+06 -4.755596e+06 4.927880e+06
-1.030011e+06 -4.760508e+06 4.922670e+06
-1.032510e+06 -4.765413e+06 4.917455e+06
-1.035008e+06 -4.770314e+06 4.912234e+06
-1.037505e+06 -4.775208e+06 4.907006e+06
-1.040001e+06 -4.780097e+06 4.901773e+06
-1.042496e+06 -4.784980e+06 4.896534e+06
-1.044989e+06 -4.789857e+06 4.891289e+06
-1.047481e+06 -4.794729e+06 4.886038e+06
-1.049972e+06 -4.799595e+06 4.880781e+06
-1.052462e+06 -4.804455e+06 4.875519e+06
-1.054950e+06 -4.809310e+06 4.870250e+06
-1.057438e+06 -4.814158e+06 4.864976e+06
-1.059923e+06 -4.819002e+06 4.859696e+06
-1.062408e+06 -4.823839e+06 4.854409e+06
-1.064892e+06 -4.828671e+06 4.849118e+06
-1.067374e+06 -4.833496e+06 4.843820e+06
-1.069855e+06 -4.838317e+06 4.838516e+06
-1.072334e+06 -4.843131e+06 4.833207e+06
-1.074813e+06 -4.847940e+06 4.827891e+06
-1.077290e+06 -4.852743e+06 4.822570e+06
-1.079765e+06 -4.857540e+06 4.817243e+06
-1.082240e+06 -4.862331e+06 4.811911e+06
-1.084713e+06 -4.867117e+06 4.806572e+06
-1.087185e+06 -4.871896e+06 4.801228e+06
-1.089656e+06 -4.876670e+06 4.795878e+06
-1.092125e+06 -4.881438e+06 4.790522e+06
-1.094593e+06 -4.886201e+06 4.785160e+06
-1.097060e+06 -4.890957e+06 4.779793e+06
-1.099526e+06 -4.895708e+06 4.774419e+06
-1.101990e+06 -4.900453e+06 4.769040e+06
-1.104453e+06 -4.905192e+06 4.763656e+06
-1.106914e+06 -4.909925e+06 4.758265e+06
-1.109375e+06 -4.914653e+06 4.752869e+06
-1.111834e+06 -4.919374e+06 4.747467e+06
-1.114291e+06 -4.924090e+06 4.742060e+06
-1.116748e+06 -4.928800e+06 4.736646e+06
-1.119203e+06 -4.933504e+06 4.731227e+06
-1.121656e+06 -4.938202e+06 4.725802e+06
-1.124109e+06 -4.942894e+06 4.720372e+06
-1.126560e+06 -4.947581e+06 4.714936e+06
-1.129009e+06 -4.952261e+06 4.709494e+06
-1.131458e+06 -4.956936e+06 4.704046e+06
-1.133905e+06 -4.961604e+06 4.698593e+06
-1.136350e+06 -4.966267e+06 4.693134e+06
-1.138795e+06 -4.970924e+06 4.687670e+06
-1.141238e+06 -4.975575e+06 4.682200e+06
-1.143679e+06 -4.980220e+06 4.676724e+06
-1.146120e+06 -4.984859e+06 4.671242e+06
-1.148558e+06 -4.989492e+06 4.665755e+06
-1.150996e+06 -4.994120e+06 4.660263e+06
-1.153432e+06 -4.998741e+06 4.654764e+06
-1.155867e+06 -5.003356e+06 4.649260e+06
-1.158300e+06 -5.007966e+06 4.643751e+06
-1.160733e+06 -5.012569e+06 4.638236e+06
-1.163163e+06 -5.017167e+06 4.632715e+06
-1.165593e+06 -5.021758e+06 4.627189e+06
-1.168021e+06 -5.026344e+06 4.621657e+06
-1.170447e+06 -5.030923e+06 4.616119e+06
-1.172872e+06 -5.035497e+06 4.610576e+06
-1.175296e+06 -5.040064e+06 4.605027e+06
-1.177718e+06 -5.044626e+06 4.599473e+06
-1.180139e+06 -5.049182e+06 4.593914e+06
-1.182559e+06 -5.053731e+06 4.588348e+06
-1.184977e+06 -5.058275e+06 4.582778e+06
-1.187394e+06 -5.062812e+06 4.577201e+06
-1.189809e+06 -5.067344e+06 4.571619e+06
-1.192223e+06 -5.071869e+06 4.566032e+06
-1.194636e+06 -5.076389e+06 4.560439e+06
-1.197047e+06 -5.080902e+06 4.554841e+06
-1.199457e+06 -5.085409e+06 4.549237e+06
-1.201865e+06 -5.089911e+06 4.543628e+06
-1.204272e+06 -5.094406e+06 4.538013e+06
-1.206677e+06 -5.098895e+06 4.532392e+06
-1.209081e+06 -5.103378e+06 4.526767e+06
-1.211484e+06 -5.107855e+06 4.521135e+06
-1.213885e+06 -5.112326e+06 4.515499e+06
-1.216285e+06 -5.116791e+06 4.509857e+06
-1.218683e+06 -5.121250e+06 4.504209e+06
-1.221080e+06 -5.125702e+06 4.498556e+06
-1.223475e+06 -5.130149e+06 4.492897e+06
-1.225869e+06 -5.134589e+06 4.487234e+06
-1.228262e+06 -5.139024e+06 4.481564e+06
-1.230653e+06 -5.143452e+06 4.475890e+06
-1.233042e+06 -5.147874e+06 4.470210e+06
-1.235430e+06 -5.152290e+06 4.464524e+06
-1.237817e+06 -5.156700e+06 4.458833e+06
-1.240202e+06 -5.161103e+06 4.453137e+06
-1.242586e+06 -5.165501e+06 4.447435e+06
-1.244968e+06 -5.169892e+06 4.441728e+06
-1.247349e+06 -5.174277e+06 4.436016e+06
-1.249728e+06 -5.178656e+06 4.430298e+06
-1.252106e+06 -5.183029e+06 4.424575e+06
-1.254482e+06 -5.187396e+06 4.418847e+06
-1.256857e+06 -5.191757e+06 4.413113e+06
-1.259230e+06 -5.196111e+06 4.407374e+06
-1.261602e+06 -5.200459e+06 4.401630e+06
-1.263972e+06 -5.204801e+06 4.395880e+06
-1.266341e+06 -5.209137e+06 4.390125e+06
-1.268708e+06 -5.213466e+06 4.384365e+06
-1.271074e+06 -5.217790e+06 4.378599e+06
-1.273439e+06 -5.222107e+06 4.372828e+06
-1.275801e+06 -5.226418e+06 4.367052e+06
-1.278163e+06 -5.230723e+06 4.361270e+06
-1.280522e+06 -5.235021e+06 4.355484e+06
-1.282881e+06 -5.239313e+06 4.349692e+06
-1.285237e+06 -5.243599e+06 4.343895e+06
-1.287592e+06 -5.247879e+06 4.338092e+06
-1.289946e+06 -5.252152e+06 4.332284e+06
-1.292298e+06 -5.256420e+06 4.326472e+06
-1.294649e+06 -5.260681e+06 4.320653e+06
-1.296998e+06 -5.264935e+06 4.314830e+06
-1.299345e+06 -5.269184e+06 4.309001e+06
-1.301691e+06 -5.273426e+06 4.303168e+06
-1.304036e+06 -5.277662e+06 4.297329e+06
-1.306379e+06 -5.281891e+06 4.291485e+06
-1.308720e+06 -5.286115e+06 4.285635e+06
-1.311060e+06 -5.290332e+06 4.279781e+06
-1.313398e+06 -5.294542e+06 4.273921e+06
-1.315735e+06 -5.298747e+06 4.268056e+06
-1.318070e+06 -5.302945e+06 4.262186e+06
-1.320403e+06 -5.307136e+06 4.256311e+06
-1.322735e+06 -5.311322e+06 4.250431e+06
-1.325066e+06 -5.315501e+06 4.244545e+06
-1.327394e+06 -5.319674e+06 4.238655e+06
-1.329722e+06 -5.323840e+06 4.232759e+06
-1.332047e+06 -5.328000e+06 4.226858e+06
-1.334371e+06 -5.332154e+06 4.220952e+06
-1.336694e+06 -5.336301e+06 4.215041e+06
-1.339015e+06 -5.340442e+06 4.209125e+06
-1.341334e+06 -5.344577e+06 4.203204e+06
-1.343652e+06 -5.348705e+06 4.197278e+06
-1.345968e+06 -5.352827e+06 4.191347e+06
-1.348283e+06 -5.356942e+06 4.185410e+06
-1.350595e+06 -5.361051e+06 4.179469e+06
-1.352907e+06 -5.365154e+06 4.173522e+06
-1.355216e+06 -5.369250e+06 4.167571e+06
-1.357525e+06 -5.373340e+06 4.161614e+06
-1.359831e+06 -5.377424e+06 4.155653e+06
-1.362136e+06 -5.381501e+06 4.149686e+06
-1.364439e+06 -5.385572e+06 4.143715e+06
-1.366741e+06 -5.389636e+06 4.137738e+06
-1.369041e+06 -5.393694e+06 4.131756e+06
-1.371339e+06 -5.397745e+06 4.125770e+06
-1.373636e+06 -5.401790e+06 4.119778e+06
-1.375931e+06 -5.405829e+06 4.113782e+06
-1.378225e+06 -5.409861e+06 4.107780e+06
-1.380516e+06 -5.413886e+06 4.101774e+06
-1.382807e+06 -5.417906e+06 4.095762e+06
-1.385095e+06 -5.421918e+06 4.089746e+06
-1.387382e+06 -5.425925e+06 4.083724e+06
-1.389667e+06 -5.429924e+06 4.077698e+06
-1.391951e+06 -5.433918e+06 4.071667e+06
-1.394233e+06 -5.437904e+06 4.065631e+06
-1.396513e+06 -5.441885e+06 4.059590e+06
-1.398792e+06 -5.445859e+06 4.053544e+06
-1.401069e+06 -5.449826e+06 4.047493e+06
-1.403344e+06 -5.453787e+06 4.041437e+06
-1.405618e+06 -5.457741e+06 4.035377e+06
-1.407890e+06 -5.461689e+06 4.029311e+06
-1.410160e+06 -5.465630e+06 4.023241e+06
-1.412429e+06 -5.469565e+06 4.017166e+06
-1.414696e+06 -5.473493e+06 4.011086e+06
-1.416961e+06 -5.477415e+06 4.005001e+06
-1.419225e+06 -5.481330e+06 3.998911e+06
-1.421486e+06 -5.485239e+06 3.992816e+06
-1.423747e+06 -5.489141e+06 3.986717e+06
-1.426005e+06 -5.493037e+06 3.980613e+06
-1.428262e+06 -5.496926e+06 3.974503e+06
-1.430517e+06 -5.500808e+06 3.968390e+06
-1.432770e+06 -5.504684e+06 3.962271e+06
-1.435022e+06 -5.508554e+06 3.956148e+06
-1.437272e+06 -5.512417e+06 3.950019e+06
-1.439520e+06 -5.516273e+06 3.943886e+06
-1.441767e+06 -5.520122e+06 3.937749e+06
-1.444012e+06 -5.523965e+06 3.931606e+06
-1.446255e+06 -5.527802e+06 3.925459e+06
-1.448496e+06 -5.531632e+06 3.919307e+06
-1.450736e+06 -5.535455e+06 3.913150e+06
-1.452974e+06 -5.539272e+06 3.906988e+06
-1.455210e+06 -5.543082e+06 3.900822e+06
-1.457445e+06 -5.546885e+06 3.894651e+06
-1.459678e+06 -5.550682e+06 3.888476e+06
-1.461909e+06 -5.554472e+06 3.882295e+06
-1.464138e+06 -5.558256e+06 3.876110e+06
-1.466366e+06 -5.562033e+06 3.869921e+06
-1.468591e+06 -5.565803e+06 3.863726e+06
-1.470815e+06 -5.569567e+06 3.857527e+06
-1.473038e+06 -5.573324e+06 3.851323e+06
-1.475258e+06 -5.577074e+06 3.845115e+06
-1.477477e+06 -5.580818e+06 3.838902e+06
-1.479694e+06 -5.584555e+06 3.832684e+06
-1.481909e+06 -5.588285e+06 3.826462e+06
-1.484123e+06 -5.592009e+06 3.820235e+06
-1.486335e+06 -5.595726e+06 3.814003e+06
-1.488545e+06 -5.599436e+06 3.807767e+06
-1.490753e+06 -5.603140e+06 3.801526e+06
-1.492959e+06 -5.606837e+06 3.795281e+06
-1.495164e+06 -5.610527e+06 3.789031e+06
-1.497367e+06 -5.614211e+06 3.782777e+06
-1.499568e+06 -5.617888e+06 3.776517e+06
-1.501767e+06 -5.621558e+06 3.770254e+06
-1.503965e+06 -5.625221e+06 3.763985e+06
-1.506161e+06 -5.628878e+06 3.757713e+06
-1.508355e+06 -5.632528e+06 3.751435e+06
-1.510547e+06 -5.636171e+06 3.745153e+06
-1.512737e+06 -5.639808e+06 3.738867e+06
-1.514926e+06 -5.643438e+06 3.732576e+06
-1.517112e+06 -5.647061e+06 3.726281e+06
-1.519297e+06 -5.650677e+06 3.719981e+06
-1.521480e+06 -5.654287e+06 3.713676e+06
-1.523662e+06 -5.657890e+06 3.707367e+06
-1.525841e+06 -5.661486e+06 3.701054e+06
-1.528019e+06 -5.665075e+06 3.694736e+06
-1.530195e+06 -5.668658e+06 3.688414e+06
-1.532369e+06 -5.672234e+06 3.682087e+06
-1.534541e+06 -5.675803e+06 3.675755e+06
-1.536712e+06 -5.679365e+06 3.669420e+06
-1.538880e+06 -5.682921e+06 3.663079e+06
-1.541047e+06 -5.686469e+06 3.656735e+06
-1.543212e+06 -5.690011e+06 3.650386e+06
-1.545375e+06 -5.693547e+06 3.644032e+06
-1.547536e+06 -5.697075e+06 3.637675e+06
-1.549695e+06 -5.700596e+06 3.631312e+06
-1.551853e+06 -5.704111e+06 3.624946e+06
-1.554009e+06 -5.707619e+06 3.618575e+06
-1.556162e+06 -5.711120e+06 3.612199e+06
-1.558314e+06 -5.714614e+06 3.605819e+06
-1.560464e+06 -5.718102e+06 3.599435e+06
-1.562613e+06 -5.721583e+06 3.593047e+06
-1.564759e+06 -5.725056e+06 3.586654e+06
-1.566904e+06 -5.728523e+06 3.580257e+06
-1.569046e+06 -5.731983e+06 3.573855e+06
-1.571187e+06 -5.735437e+06 3.567449e+06
-1.573326e+06 -5.738883e+06 3.561039e+06
-1.575463e+06 -5.742323e+06 3.554625e+06
-1.577598e+06 -5.745756e+06 3.548206e+06
-1.579732e+06 -5.749181e+06 3.541783e+06
-1.581863e+06 -5.752600e+06 3.535356e+06
-1.583993e+06 -5.756012e+06 3.528924e+06
-1.586120e+06 -5.759418e+06 3.522488e+06
-1.588246e+06 -5.762816e+06 3.516048e+06
-1.590370e+06 -5.766208e+06 3.509603e+06
-1.592492e+06 -5.769592e+06 3.503155e+06
-1.594612e+06 -5.772970e+06 3.496702e+06
-1.596730e+06 -5.776341e+06 3.490245e+06
-1.598846e+06 -5.779705e+06 3.483783e+06
-1.600961e+06 -5.783062e+06 3.477318e+06
-1.603073e+06 -5.786412e+06 3.470848e+06
-1.605184e+06 -5.789755e+06 3.464374e+06
-1.607292e+06 -5.793091e+06 3.457896e+06
-1.609399e+06 -5.796420e+06 3.451414e+06
-1.611504e+06 -5.799743e+06 3.444927e+06
-1.613607e+06 -5.803058e+06 3.438436e+06
-1.615708e+06 -5.806367e+06 3.431941e+06
-1.617807e+06 -5.809669e+06 3.425442e+06
-1.619904e+06 -5.812963e+06 3.418939e+06
-1.621999e+06 -5.816251e+06 3.412432e+06
-1.624092e+06 -5.819532e+06 3.405921e+06
-1.626183e+06 -5.822806e+06 3.399405e+06
-1.628273e+06 -5.826072e+06 3.392885e+06
-1.630360e+06 -5.829332e+06 3.386362e+06
-1.632446e+06 -5.832585e+06 3.379834e+06
-1.634529e+06 -5.835831e+06 3.373302e+06
-1.636611e+06 -5.839070e+06 3.366766e+06
-1.638690e+06 -5.842302e+06 3.360226e+06
-1.640768e+06 -5.845527e+06 3.353681e+06
-1.642844e+06 -5.848745e+06 3.347133e+06
-1.644917e+06 -5.851957e+06 3.340581e+06
-1.646989e+06 -5.855161e+06 3.334024e+06
-1.649059e+06 -5.858358e+06 3.327464e+06
-1.651127e+06 -5.861548e+06 3.320900e+06
-1.653193e+06 -5.864731e+06 3.314331e+06
-1.655257e+06 -5.867907e+06 3.307759e+06
-1.657319e+06 -5.871076e+06 3.301182e+06
-1.659379e+06 -5.874238e+06 3.294602e+06
-1.661437e+06 -5.877393e+06 3.288017e+06
-1.663493e+06 -5.880541e+06 3.281429e+06
-1.665547e+06 -5.883682e+06 3.274837e+06
-1.667599e+06 -5.886816e+06 3.268240e+06
-1.669649e+06 -5.889943e+06 3.261640e+06
-1.671697e+06 -5.893063e+06 3.255036e+06
-1.673743e+06 -5.896176e+06 3.248428e+06
-1.675787e+06 -5.899281e+06 3.241815e+06
-1.677829e+06 -5.902380e+06 3.235199e+06
-1.679869e+06 -5.905472e+06 3.228579e+06
-1.681907e+06 -5.908556e+06 3.221956e+06
-1.683943e+06 -5.911634e+06 3.215328e+06
-1.685977e+06 -5.914704e+06 3.208696e+06
-1.688009e+06 -5.917768e+06 3.202061e+06
-1.690039e+06 -5.920824e+06 3.195421e+06
-1.692067e+06 -5.923873e+06 3.188778e+06
-1.694093e+06 -5.926916e+06 3.182131e+06
-1.696117e+06 -5.929951e+06 3.175480e+06
-1.698139e+06 -5.932979e+06 3.168825e+06
-1.700159e+06 -5.936000e+06 3.162166e+06
-1.702177e+06 -5.939013e+06 3.155503e+06
-1.704193e+06 -5.942020e+06 3.148837e+06
-1.706207e+06 -5.945020e+06 3.142167e+06
-1.708218e+06 -5.948012e+06 3.135493e+06
-1.710228e+06 -5.950998e+06 3.128815e+06
-1.712236e+06 -5.953976e+06 3.122134e+06
-1.714241e+06 -5.956947e+06 3.115448e+06
-1.716245e+06 -5.959911e+06 3.108759e+06
-1.718247e+06 -5.962868e+06 3.102066e+06
-1.720246e+06 -5.965818e+06 3.095370e+06
-1.722244e+06 -5.968760e+06 3.088669e+06
-1.724239e+06 -5.971696e+06 3.081965e+06
-1.726232e+06 -5.974624e+06 3.075257e+06
-1.728224e+06 -5.977546e+06 3.068546e+06
-1.730213e+06 -5.980460e+06 3.061830e+06
-1.732200e+06 -5.983367e+06 3.055111e+06
-1.734185e+06 -5.986266e+06 3.048389e+06
-1.736168e+06 -5.989159e+06 3.041662e+06
-1.738149e+06 -5.992045e+06 3.034932e+06
-1.740128e+06 -5.994923e+06 3.028199e+06
-1.742105e+06 -5.997794e+06 3.021461e+06
-1.744080e+06 -6.000658e+06 3.014720e+06
-1.746052e+06 -6.003515e+06 3.007975e+06
-1.748023e+06 -6.006364e+06 3.001227e+06
-1.749991e+06 -6.009207e+06 2.994475e+06
-1.751958e+06 -6.012042e+06 2.987719e+06
-1.753922e+06 -6.014870e+06 2.980960e+06
-1.755884e+06 -6.017691e+06 2.974197e+06
-1.757844e+06 -6.020504e+06 2.967431e+06
-1.759802e+06 -6.023311e+06 2.960661e+06
-1.761758e+06 -6.026110e+06 2.953887e+06
-1.763712e+06 -6.028902e+06 2.947110e+06
-1.765664e+06 -6.031687e+06 2.940329e+06
-1.767613e+06 -6.034465e+06 2.933545e+06
-1.769561e+06 -6.037235e+06 2.926757e+06
-1.771506e+06 -6.039998e+06 2.919965e+06
-1.773449e+06 -6.042754e+06 2.913170e+06
-1.775390e+06 -6.045503e+06 2.906372e+06
-1.777329e+06 -6.048244e+06 2.899570e+06
-1.779266e+06 -6.050979e+06 2.892764e+06
-1.781201e+06 -6.053706e+06 2.885955e+06
-1.783134e+06 -6.056426e+06 2.879142e+06
-1.785064e+06 -6.059138e+06 2.872326e+06
-1.786992e+06 -6.061843e+06 2.865507e+06
-1.788919e+06 -6.064541e+06 2.858684e+06
-1.790843e+06 -6.067232e+06 2.851857e+06
-1.792765e+06 -6.069916e+06 2.845028e+06
-1.794685e+06 -6.072592e+06 2.838194e+06
-1.796602e+06 -6.075261e+06 2.831357e+06
-1.798518e+06 -6.077923e+06 2.824517e+06
-1.800431e+06 -6.080577e+06 2.817674e+06
-1.802342e+06 -6.083225e+06 2.810826e+06
-1.804251e+06 -6.085864e+06 2.803976e+06
-1.806158e+06 -6.088497e+06 2.797122e+06
-1.808063e+06 -6.091122e+06 2.790265e+06
-1.809966e+06 -6.093741e+06 2.783404e+06
-1.811866e+06 -6.096351e+06 2.776540e+06
-1.813764e+06 -6.098955e+06 2.769673e+06
-1.815661e+06 -6.101551e+06 2.762802e+06
-1.817555e+06 -6.104140e+06 2.755928e+06
-1.819446e+06 -6.106721e+06 2.749051e+06
-1.821336e+06 -6.109296e+06 2.742170e+06
-1.823223e+06 -6.111863e+06 2.735286e+06
-1.825109e+06 -6.114422e+06 2.728398e+06
-1.826992e+06 -6.116975e+06 2.721508e+06
-1.828873e+06 -6.119520e+06 2.714614e+06
-1.830751e+06 -6.122058e+06 2.707716e+06
-1.832628e+06 -6.124588e+06 2.700816e+06
-1.834502e+06 -6.127111e+06 2.693912e+06
-1.836374e+06 -6.129627e+06 2.687005e+06
-1.838244e+06 -6.132135e+06 2.680095e+06
-1.840112e+06 -6.134636e+06 2.673181e+06
-1.841977e+06 -6.137130e+06 2.666264e+06
-1.843841e+06 -6.139616e+06 2.659344e+06
-1.845702e+06 -6.142095e+06 2.652421e+06
-1.847561e+06 -6.144567e+06 2.645494e+06
-1.849418e+06 -6.147031e+06 2.638565e+06
-1.851272e+06 -6.149488e+06 2.631632e+06
-1.853124e+06 -6.151938e+06 2.624696e+06
-1.854975e+06 -6.154380e+06 2.617756e+06
-1.856822e+06 -6.156815e+06 2.610814e+06
-1.858668e+06 -6.159243e+06 2.603868e+06
-1.860511e+06 -6.161663e+06 2.596919e+06
-1.862353e+06 -6.164075e+06 2.589968e+06
-1.864192e+06 -6.166481e+06 2.583013e+06
-1.866028e+06 -6.168879e+06 2.576054e+06
-1.867863e+06 -6.171270e+06 2.569093e+06
-1.869695e+06 -6.173653e+06 2.562129e+06
-1.871525e+06 -6.176029e+06 2.555161e+06
-1.873353e+06 -6.178397e+06 2.548190e+06
-1.875179e+06 -6.180758e+06 2.541217e+06
-1.877002e+06 -6.183112e+06 2.534240e+06
-1.878823e+06 -6.185458e+06 2.527260e+06
-1.880642e+06 -6.187797e+06 2.520277e+06
-1.882459e+06 -6.190129e+06 2.513291e+06
-1.884273e+06 -6.192453e+06 2.506302e+06
-1.886085e+06 -6.194769e+06 2.499310e+06
-1.887895e+06 -6.197079e+06 2.492315e+06
-1.889703e+06 -6.199380e+06 2.485317e+06
-1.891508e+06 -6.201675e+06 2.478316e+06
-1.893311e+06 -6.203962e+06 2.471312e+06
-1.895112e+06 -6.206241e+06 2.464305e+06
-1.896910e+06 -6.208513e+06 2.457294e+06
-1.898707e+06 -6.210778e+06 2.450281e+06
-1.900501e+06 -6.213035e+06 2.443265e+06
-1.902292e+06 -6.215285e+06 2.436246e+06
-1.904082e+06 -6.217528e+06 2.429224e+06
-1.905869e+06 -6.219763e+06 2.422199e+06
-1.907654e+06 -6.221990e+06 2.415172e+06
-1.909437e+06 -6.224210e+06 2.408141e+06
-1.911217e+06 -6.226423e+06 2.401107e+06
-1.912995e+06 -6.228628e+06 2.394071e+06
-1.914771e+06 -6.230826e+06 2.387031e+06
-1.916544e+06 -6.233016e+06 2.379989e+06
-1.918315e+06 -6.235199e+06 2.372943e+06
-1.920084e+06 -6.237374e+06 2.365895e+06
-1.921851e+06 -6.239542e+06 2.358844e+06
-1.923615e+06 -6.241702e+06 2.351790e+06
-1.925377e+06 -6.243855e+06 2.344734e+06
-1.927137e+06 -6.246001e+06 2.337674e+06
-1.928894e+06 -6.248139e+06 2.330612e+06
-1.930649e+06 -6.250269e+06 2.323546e+06
-1.932402e+06 -6.252392e+06 2.316478e+06
-1.934153e+06 -6.254508e+06 2.309407e+06
-1.935901e+06 -6.256616e+06 2.302334e+06
-1.937647e+06 -6.258716e+06 2.295257e+06
-1.939390e+06 -6.260809e+06 2.288178e+06
-1.941131e+06 -6.262895e+06 2.281096e+06
-1.942870e+06 -6.264973e+06 2.274011e+06
-1.944607e+06 -6.267043e+06 2.266924e+06
-1.946341e+06 -6.269107e+06 2.259834e+06
-1.948073e+06 -6.271162e+06 2.252741e+06
-1.949803e+06 -6.273210e+06 2.245645e+06
-1.951530e+06 -6.275251e+06 2.238546e+06
-1.953255e+06 -6.277284e+06 2.231445e+06
-1.954977e+06 -6.279309e+06 2.224341e+06
-1.956698e+06 -6.281327e+06 2.217235e+06
-1.958416e+06 -6.283338e+06 2.210125e+06
-1.960131e+06 -6.285341e+06 2.203013e+06
-1.961844e+06 -6.287336e+06 2.195899e+06
-1.963555e+06 -6.289324e+06 2.188782e+06
-1.965264e+06 -6.291304e+06 2.181662e+06
-1.966970e+06 -6.293277e+06 2.174539e+06
-1.968674e+06 -6.295242e+06 2.167414e+06
-1.970375e+06 -6.297200e+06 2.160286e+06
-1.972074e+06 -6.299150e+06 2.153156e+06
-1.973771e+06 -6.301093e+06 2.146023e+06
-1.975465e+06 -6.303028e+06 2.138887e+06
-1.977157e+06 -6.304956e+06 2.131749e+06
-1.978847e+06 -6.306876e+06 2.124608e+06
-1.980534e+06 -6.308788e+06 2.117464e+06
-1.982219e+06 -6.310693e+06 2.110318e+06
-1.983902e+06 -6.312591e+06 2.103170e+06
-1.985582e+06 -6.314481e+06 2.096019e+06
-1.987260e+06 -6.316363e+06 2.088865e+06
-1.988935e+06 -6.318238e+06 2.081709e+06
-1.990608e+06 -6.320105e+06 2.074550e+06
-1.992279e+06 -6.321964e+06 2.067389e+06
-1.993947e+06 -6.323816e+06 2.060225e+06
-1.995613e+06 -6.325661e+06 2.053059e+06
-1.997277e+06 -6.327498e+06 2.045890e+06
-1.998938e+06 -6.329327e+06 2.038719e+06
-2.000597e+06 -6.331149e+06 2.031546e+06
-2.002253e+06 -6.332963e+06 2.024370e+06
-2.003907e+06 -6.334769e+06 2.017191e+06
-2.005558e+06 -6.336568e+06 2.010010e+06
-2.007208e+06 -6.338360e+06 2.002827e+06
-2.008854e+06 -6.340143e+06 1.995641e+06
-2.010499e+06 -6.341920e+06 1.988452e+06
-2.012141e+06 -6.343688e+06 1.981262e+06
-2.013780e+06 -6.345449e+06 1.974069e+06
-2.015417e+06 -6.347203e+06 1.966873e+06
-2.017052e+06 -6.348948e+06 1.959675e+06
-2.018684e+06 -6.350687e+06 1.952475e+06
-2.020314e+06 -6.352417e+06 1.945272e+06
-2.021942e+06 -6.354140e+06 1.938067e+06
-2.023567e+06 -6.355855e+06 1.930860e+06
-2.025189e+06 -6.357563e+06 1.923650e+06
-2.026810e+06 -6.359263e+06 1.916438e+06
-2.028427e+06 -6.360956e+06 1.909224e+06
-2.030043e+06 -6.362641e+06 1.902007e+06
-2.031656e+06 -6.364318e+06 1.894788e+06
-2.033266e+06 -6.365988e+06 1.887567e+06
-2.034874e+06 -6.367650e+06 1.880344e+06
-2.036480e+06 -6.369304e+06 1.873118e+06
-2.038083e+06 -6.370951e+06 1.865890e+06
-2.039684e+06 -6.372590e+06 1.858660e+06
-2.041282e+06 -6.374222e+06 1.851427e+06
-2.042878e+06 -6.375846e+06 1.844192e+06
-2.044471e+06 -6.377462e+06 1.836955e+06
-2.046062e+06 -6.379071e+06 1.829716e+06
-2.047651e+06 -6.380672e+06 1.822474e+06
-2.049237e+06 -6.382265e+06 1.815231e+06
-2.050821e+06 -6.383851e+06 1.807985e+06
-2.052402e+06 -6.385429e+06 1.800736e+06
-2.053980e+06 -6.386999e+06 1.793486e+06
-2.055557e+06 -6.388562e+06 1.786234e+06
-2.057131e+06 -6.390117e+06 1.778979e+06
-2.058702e+06 -6.391665e+06 1.771722e+06
-2.060271e+06 -6.393205e+06 1.764463e+06
-2.061837e+06 -6.394737e+06 1.757202e+06
-2.063401e+06 -6.396261e+06 1.749939e+06
-2.064963e+06 -6.397778e+06 1.742674e+06
-2.066522e+06 -6.399287e+06 1.735406e+06
-2.068078e+06 -6.400789e+06 1.728137e+06
-2.069632e+06 -6.402283e+06 1.720865e+06
-2.071184e+06 -6.403769e+06 1.713591e+06
-2.072733e+06 -6.405247e+06 1.706316e+06
-2.074279e+06 -6.406718e+06 1.699038e+06
-2.075824e+06 -6.408181e+06 1.691758e+06
-2.077365e+06 -6.409637e+06 1.684476e+06
-2.078904e+06 -6.411085e+06 1.677192e+06
-2.080441e+06 -6.412525e+06 1.669906e+06
-2.081975e+06 -6.413957e+06 1.662618e+06
-2.083507e+06 -6.415382e+06 1.655328e+06
-2.085036e+06 -6.416799e+06 1.648036e+06
-2.086563e+06 -6.418209e+06 1.640741e+06
-2.088087e+06 -6.419610e+06 1.633445e+06
-2.089609e+06 -6.421004e+06 1.626147e+06
-2.091128e+06 -6.422391e+06 1.618847e+06
-2.092645e+06 -6.423770e+06 1.611545e+06
-2.094159e+06 -6.425140e+06 1.604241e+06
-2.095671e+06 -6.426504e+06 1.596935e+06
-2.097180e+06 -6.427859e+06 1.589628e+06
-2.098686e+06 -6.429207e+06 1.582318e+06
-2.100191e+06 -6.430547e+06 1.575006e+06
-2.101692e+06 -6.431880e+06 1.567693e+06
-2.103191e+06 -6.433205e+06 1.560377e+06
-2.104688e+06 -6.434522e+06 1.553060e+06
-2.106182e+06 -6.435831e+06 1.545741e+06
-2.107674e+06 -6.437133e+06 1.538419e+06
-2.109163e+06 -6.438427e+06 1.531096e+06
-2.110649e+06 -6.439713e+06 1.523772e+06
-2.112133e+06 -6.440992e+06 1.516445e+06
-2.113615e+06 -6.442262e+06 1.509116e+06
-2.115094e+06 -6.443525e+06 1.501786e+06
-2.116570e+06 -6.444781e+06 1.494454e+06
-2.118044e+06 -6.446029e+06 1.487120e+06
-2.119515e+06 -6.447268e+06 1.479784e+06
-2.120984e+06 -6.448501e+06 1.472447e+06
-2.122450e+06 -6.449725e+06 1.465107e+06
-2.123914e+06 -6.450942e+06 1.457766e+06
-2.125375e+06 -6.452151e+06 1.450423e+06
-2.126834e+06 -6.453352e+06 1.443078e+06
-2.128290e+06 -6.454546e+06 1.435732e+06
-2.129744e+06 -6.455732e+06 1.428384e+06
-2.131195e+06 -6.456910e+06 1.421034e+06
-2.132643e+06 -6.458080e+06 1.413682e+06
-2.134089e+06 -6.459243e+06 1.406329e+06
-2.135532e+06 -6.460398e+06 1.398974e+06
-2.136973e+06 -6.461545e+06 1.391617e+06
-2.138411e+06 -6.462685e+06 1.384259e+06
-2.139847e+06 -6.463816e+06 1.376899e+06
-2.141280e+06 -6.464940e+06 1.369537e+06
-2.142711e+06 -6.466057e+06 1.362174e+06
-2.144139e+06 -6.467165e+06 1.354809e+06
-2.145564e+06 -6.468266e+06 1.347442e+06
-2.146987e+06 -6.469359e+06 1.340074e+06
-2.148407e+06 -6.470444e+06 1.332704e+06
-2.149825e+06 -6.471522e+06 1.325332e+06
-2.151240e+06 -6.472591e+06 1.317959e+06
-2.152653e+06 -6.473653e+06 1.310584e+06
-2.154063e+06 -6.474708e+06 1.303208e+06
-2.155470e+06 -6.475754e+06 1.295830e+06
-2.156875e+06 -6.476793e+06 1.288450e+06
-2.158277e+06 -6.477824e+06 1.281069e+06
-2.159677e+06 -6.478847e+06 1.273687e+06
-2.161074e+06 -6.479862e+06 1.266303e+06
-2.162468e+06 -6.480870e+06 1.258917e+06
-2.163860e+06 -6.481870e+06 1.251530e+06
-2.165249e+06 -6.482862e+06 1.244141e+06
-2.166636e+06 -6.483847e+06 1.236751e+06
-2.168020e+06 -6.484823e+06 1.229359e+06
-2.169402e+06 -6.485792e+06 1.221966e+06
-2.170781e+06 -6.486753e+06 1.214571e+06
-2.172157e+06 -6.487707e+06 1.207175e+06
-2.173531e+06 -6.488652e+06 1.199777e+06
-2.174902e+06 -6.489590e+06 1.192378e+06
-2.176270e+06 -6.490520e+06 1.184978e+06
-2.177636e+06 -6.491442e+06 1.177576e+06
-2.179000e+06 -6.492357e+06 1.170172e+06
-2.180360e+06 -6.493264e+06 1.162767e+06
-2.181718e+06 -6.494162e+06 1.155361e+06
-2.183074e+06 -6.495054e+06 1.147954e+06
-2.184427e+06 -6.495937e+06 1.140545e+06
-2.185777e+06 -6.496813e+06 1.133134e+06
-2.187125e+06 -6.497680e+06 1.125722e+06
-2.188470e+06 -6.498540e+06 1.118309e+06
-2.189812e+06 -6.499393e+06 1.110895e+06
-2.191152e+06 -6.500237e+06 1.103479e+06
-2.192489e+06 -6.501074e+06 1.096062e+06
-2.193824e+06 -6.501903e+06 1.088643e+06
-2.195155e+06 -6.502724e+06 1.081224e+06
-2.196485e+06 -6.503537e+06 1.073802e+06
-2.197811e+06 -6.504343e+06 1.066380e+06
-2.199135e+06 -6.505141e+06 1.058956e+06
-2.200457e+06 -6.505931e+06 1.051531e+06
-2.201776e+06 -6.506713e+06 1.044105e+06
-2.203092e+06 -6.507487e+06 1.036678e+06
-2.204405e+06 -6.508254e+06 1.029249e+06
-2.205716e+06 -6.509012e+06 1.021819e+06
-2.207024e+06 -6.509763e+06 1.014387e+06
-2.208330e+06 -6.510507e+06 1.006955e+06
-2.209633e+06 -6.511242e+06 9.995213e+05
-2.210933e+06 -6.511970e+06 9.920864e+05
-2.212230e+06 -6.512689e+06 9.846503e+05
-2.213525e+06 -6.513401e+06 9.772129e+05
-2.214818e+06 -6.514106e+06 9.697745e+05
-2.216107e+06 -6.514802e+06 9.623348e+05
-2.217394e+06 -6.515491e+06 9.548940e+05
-2.218679e+06 -6.516172e+06 9.474520e+05
-2.219960e+06 -6.516845e+06 9.400088e+05
-2.221239e+06 -6.517510e+06 9.325646e+05
-2.222516e+06 -6.518167e+06 9.251192e+05
-2.223790e+06 -6.518817e+06 9.176726e+05
-2.225061e+06 -6.519458e+06 9.102250e+05
-2.226329e+06 -6.520092e+06 9.027763e+05
-2.227595e+06 -6.520719e+06 8.953265e+05
-2.228858e+06 -6.521337e+06 8.878755e+05
-2.230118e+06 -6.521948e+06 8.804236e+05
-2.231376e+06 -6.522550e+06 8.729705e+05
-2.232631e+06 -6.523145e+06 8.655164e+05
-2.233883e+06 -6.523732e+06 8.580613e+05
-2.235133e+06 -6.524312e+06 8.506051e+05
-2.236380e+06 -6.524883e+06 8.431479e+05
-2.237624e+06 -6.525447e+06 8.356896e+05
-2.238866e+06 -6.526003e+06 8.282304e+05
-2.240105e+06 -6.526551e+06 8.207701e+05
-2.241341e+06 -6.527091e+06 8.133089e+05
-2.242575e+06 -6.527623e+06 8.058467e+05
-2.243806e+06 -6.528148e+06 7.983835e+05
-2.245034e+06 -6.528665e+06 7.909193e+05
-2.246260e+06 -6.529174e+06 7.834542e+05
-2.247483e+06 -6.529675e+06 7.759881e+05
-2.248703e+06 -6.530168e+06 7.685211e+05
-2.249920e+06 -6.530654e+06 7.610532e+05
-2.251135e+06 -6.531132e+06 7.535843e+05
-2.252347e+06 -6.531601e+06 7.461146e+05
-2.253557e+06 -6.532064e+06 7.386439e+05
-2.254763e+06 -6.532518e+06 7.311723e+05
-2.255967e+06 -6.532964e+06 7.236999e+05
-2.257169e+06 -6.533403e+06 7.162266e+05
-2.258367e+06 -6.533834e+06 7.087524e+05
-2.259563e+06 -6.534257e+06 7.012773e+05
-2.260756e+06 -6.534672e+06 6.938015e+05
-2.261947e+06 -6.535079e+06 6.863247e+05
-2.263135e+06 -6.535478e+06 6.788472e+05
-2.264320e+06 -6.535870e+06 6.713688e+05
-2.265502e+06 -6.536254e+06 6.638896e+05
-2.266682e+06 -6.536630e+06 6.564096e+05
-2.267859e+06 -6.536998e+06 6.489288e+05
-2.269033e+06 -6.537359e+06 6.414473e+05
-2.270205e+06 -6.537711e+06 6.339649e+05
-2.271373e+06 -6.538056e+06 6.264818e+05
-2.272539e+06 -6.538393e+06 6.189980e+05
-2.273703e+06 -6.538722e+06 6.115133e+05
-2.274863e+06 -6.539043e+06 6.040280e+05
-2.276021e+06 -6.539356e+06 5.965419e+05
-2.277177e+06 -6.539662e+06 5.890551e+05
-2.278329e+06 -6.539960e+06 5.815676e+05
-2.279479e+06 -6.540249e+06 5.740794e+05
-2.280626e+06 -6.540532e+06 5.665905e+05
-2.281770e+06 -6.540806e+06 5.591009e+05
-2.282912e+06 -6.541072e+06 5.516106e+05
-2.284050e+06 -6.541331e+06 5.441197e+05
-2.285186e+06 -6.541582e+06 5.366281e+05
-2.286320e+06 -6.541825e+06 5.291359e+05
-2.287450e+06 -6.542060e+06 5.216430e+05
-2.288578e+06 -6.542287e+06 5.141495e+05
-2.289703e+06 -6.542506e+06 5.066554e+05
-2.290826e+06 -6.542718e+06 4.991606e+05
-2.291945e+06 -6.542922e+06 4.916653e+05
-2.293062e+06 -6.543118e+06 4.841694e+05
-2.294176e+06 -6.543306e+06 4.766729e+05
-2.295288e+06 -6.543486e+06 4.691758e+05
-2.296397e+06 -6.543658e+06 4.616781e+05
-2.297502e+06 -6.543823e+06 4.541799e+05
-2.298606e+06 -6.543980e+06 4.466811e+05
-2.299706e+06 -6.544129e+06 4.391818e+05
-2.300804e+06 -6.544270e+06 4.316820e+05
-2.301899e+06 -6.544403e+06 4.241817e+05
-2.302991e+06 -6.544529e+06 4.166808e+05
-2.304080e+06 -6.544646e+06 4.091795e+05
-2.305167e+06 -6.544756e+06 4.016776e+05
-2.306251e+06 -6.544858e+06 3.941753e+05
-2.307332e+06 -6.544952e+06 3.866725e+05
-2.308410e+06 -6.545038e+06 3.791692e+05
-2.309486e+06 -6.545117e+06 3.716655e+05
-2.310559e+06 -6.545187e+06 3.641613e+05
-2.311629e+06 -6.545250e+06 3.566567e+05
-2.312696e+06 -6.545305e+06 3.491516e+05
-2.313760e+06 -6.545352e+06 3.416462e+05
-2.314822e+06 -6.545391e+06 3.341403e+05
-2.315881e+06 -6.545423e+06 3.266340e+05
-2.316937e+06 -6.545446e+06 3.191273e+05
-2.317991e+06 -6.545462e+06 3.116203e+05
-2.319041e+06 -6.545470e+06 3.041128e+05
-2.320089e+06 -6.545470e+06 2.966050e+05
-2.321134e+06 -6.545462e+06 2.890969e+05
-2.322177e+06 -6.545447e+06 2.815884e+05
-2.323216e+06 -6.545424e+06 2.740796e+05
-2.324253e+06 -6.545392e+06 2.665704e+05
-2.325287e+06 -6.545353e+06 2.590609e+05
-2.326318e+06 -6.545306e+06 2.515511e+05
-2.327347e+06 -6.545252e+06 2.440410e+05
-2.328372e+06 -6.545189e+06 2.365306e+05
-2.329395e+06 -6.545119e+06 2.290200e+05
-2.330415e+06 -6.545040e+06 2.215090e+05
-2.331433e+06 -6.544954e+06 2.139978e+05
-2.332447e+06 -6.544860e+06 2.064863e+05
-2.333459e+06 -6.544759e+06 1.989746e+05
-2.334468e+06 -6.544649e+06 1.914627e+05
-2.335474e+06 -6.544532e+06 1.839505e+05
-2.336477e+06 -6.544407e+06 1.764381e+05
-2.337478e+06 -6.544274e+06 1.689255e+05
-2.338475e+06 -6.544133e+06 1.614127e+05
-2.339470e+06 -6.543984e+06 1.538997e+05
-2.340462e+06 -6.543827e+06 1.463865e+05
-2.341452e+06 -6.543663e+06 1.388731e+05
-2.342438e+06 -6.543491e+06 1.313596e+05
-2.343422e+06 -6.543311e+06 1.238459e+05
-2.344403e+06 -6.543123e+06 1.163321e+05
-2.345381e+06 -6.542927e+06 1.088181e+05
-2.346356e+06 -6.542724e+06 1.013040e+05
-2.347329e+06 -6.542512e+06 9.378983e+04
-2.348298e+06 -6.542293e+06 8.627551e+04
-2.349265e+06 -6.542066e+06 7.876108e+04
-2.350229e+06 -6.541831e+06 7.124657e+04
-2.351191e+06 -6.541589e+06 6.373197e+04
-2.352149e+06 -6.541338e+06 5.621730e+04
-2.353105e+06 -6.541080e+06 4.870257e+04
-2.354058e+06 -6.540814e+06 4.118777e+04
-2.355008e+06 -6.540540e+06 3.367294e+04
-2.355955e+06 -6.540258e+06 2.615806e+04
-2.356899e+06 -6.539969e+06 1.864316e+04
-2.357841e+06 -6.539671e+06 1.112824e+04
-2.358779e+06 -6.539366e+06 3.613308e+03
-2.359715e+06 -6.539053e+06 -3.901624e+03
-2.360648e+06 -6.538732e+06 -1.141655e+04
-2.361579e+06 -6.538403e+06 -1.893145e+04
-2.362506e+06 -6.538067e+06 -2.644633e+04
-2.363431e+06 -6.537722e+06 -3.396118e+04
-2.364352e+06 -6.537370e+06 -4.147597e+04
-2.365271e+06 -6.537010e+06 -4.899072e+04
-2.366187e+06 -6.536642e+06 -5.650540e+04
-2.367101e+06 -6.536267e+06 -6.402001e+04
-2.368011e+06 -6.535883e+06 -7.153454e+04
-2.368919e+06 -6.535492e+06 -7.904898e+04
-2.369823e+06 -6.535093e+06 -8.656331e+04
-2.370725e+06 -6.534686e+06 -9.407754e+04
-2.371624e+06 -6.534271e+06 -1.015917e+05
-2.372521e+06 -6.533849e+06 -1.091056e+05
-2.373414e+06 -6.533419e+06 -1.166195e+05
-2.374305e+06 -6.532980e+06 -1.241332e+05
-2.375192e+06 -6.532534e+06 -1.316467e+05
-2.376077e+06 -6.532081e+06 -1.391601e+05
-2.376959e+06 -6.531619e+06 -1.466733e+05
-2.377839e+06 -6.531150e+06 -1.541864e+05
-2.378715e+06 -6.530672e+06 -1.616992e+05
-2.379589e+06 -6.530187e+06 -1.692119e+05
-2.380459e+06 -6.529695e+06 -1.767243e+05
-2.381327e+06 -6.529194e+06 -1.842365e+05
-2.382192e+06 -6.528685e+06 -1.917485e+05
-2.383054e+06 -6.528169e+06 -1.992603e+05
-2.383913e+06 -6.527645e+06 -2.067718e+05
-2.384770e+06 -6.527113e+06 -2.142830e+05
-2.385623e+06 -6.526574e+06 -2.217940e+05
-2.386474e+06 -6.526026e+06 -2.293047e+05
-2.387322e+06 -6.525471e+06 -2.368152e+05
-2.388167e+06 -6.524908e+06 -2.443253e+05
-2.389009e+06 -6.524337e+06 -2.518351e+05
-2.389849e+06 -6.523758e+06 -2.593447e+05
-2.390685e+06 -6.523172e+06 -2.668539e+05
-2.391519e+06 -6.522577e+06 -2.743628e+05
-2.392349e+06 -6.521975e+06 -2.818713e+05
-2.393177e+06 -6.521365e+06 -2.893796e+05
-2.394002e+06 -6.520748e+06 -2.968874e+05
-2.394824e+06 -6.520122e+06 -3.043949e+05
-2.395644e+06 -6.519489e+06 -3.119020e+05
-2.396460e+06 -6.518848e+06 -3.194088e+05
-2.397274e+06 -6.518199e+06 -3.269151e+05
-2.398084e+06 -6.517542e+06 -3.344210e+05
-2.398892e+06 -6.516878e+06 -3.419266e+05
-2.399697e+06 -6.516206e+06 -3.494317e+05
-2.400499e+06 -6.515526e+06 -3.569364e+05
-2.401298e+06 -6.514838e+06 -3.644407e+05
-2.402095e+06 -6.514142e+06 -3.719445e+05
-2.402888e+06 -6.513439e+06 -3.794478e+05
-2.403679e+06 -6.512728e+06 -3.869507e+05
-2.404466e+06 -6.512009e+06 -3.944531e+05
-2.405251e+06 -6.511282e+06 -4.019551e+05
-2.406033e+06 -6.510547e+06 -4.094565e+05
-2.406812e+06 -6.509805e+06 -4.169575e+05
-2.407588e+06 -6.509055e+06 -4.244579e+05
-2.408362e+06 -6.508297e+06 -4.319578e+05
-2.409132e+06 -6.507531e+06 -4.394572e+05
-2.409900e+06 -6.506758e+06 -4.469561e+05
-2.410664e+06 -6.505977e+06 -4.544544e+05
-2.411426e+06 -6.505188e+06 -4.619522e+05
-2.412185e+06 -6.504391e+06 -4.694493e+05
-2.412941e+06 -6.503586e+06 -4.769460e+05
-2.413694e+06 -6.502774e+06 -4.844420e+05
-2.414444e+06 -6.501954e+06 -4.919375e+05
-2.415192e+06 -6.501126e+06 -4.994323e+05
-2.415936e+06 -6.500291e+06 -5.069266e+05
-2.416678e+06 -6.499447e+06 -5.144202e+05
-2.417417e+06 -6.498596e+06 -5.219132e+05
-2.418152e+06 -6.497737e+06 -5.294055e+05
-2.418885e+06 -6.496870e+06 -5.368973e+05
-2.419615e+06 -6.495996e+06 -5.443883e+05
-2.420343e+06 -6.495114e+06 -5.518787e+05
-2.421067e+06 -6.494224e+06 -5.593685e+05
-2.421788e+06 -6.493326e+06 -5.668575e+05
-2.422507e+06 -6.492421e+06 -5.743459e+05
-2.423222e+06 -6.491507e+06 -5.818335e+05
-2.423935e+06 -6.490586e+06 -5.893205e+05
-2.424645e+06 -6.489658e+06 -5.968067e+05
-2.425351e+06 -6.488721e+06 -6.042922e+05
-2.426055e+06 -6.487777e+06 -6.117770e+05
-2.426756e+06 -6.486825e+06 -6.192610e+05
-2.427455e+06 -6.485865e+06 -6.267443e+05
-2.428150e+06 -6.484898e+06 -6.342268e+05
-2.428842e+06 -6.483922e+06 -6.417085e+05
-2.429532e+06 -6.482939e+06 -6.491895e+05
-2.430218e+06 -6.481949e+06 -6.566696e+05
-2.430902e+06 -6.480950e+06 -6.641490e+05
-2.431583e+06 -6.479944e+06 -6.716275e+05
-2.432260e+06 -6.478930e+06 -6.791053e+05
-2.432935e+06 -6.477908e+06 -6.865822e+05
-2.433607e+06 -6.476879e+06 -6.940583e+05
-2.434277e+06 -6.475841e+06 -7.015335e+05
-2.434943e+06 -6.474796e+06 -7.090079e+05
-2.435606e+06 -6.473744e+06 -7.164814e+05
-2.436266e+06 -6.472683e+06 -7.239541e+05
-2.436924e+06 -6.471615e+06 -7.314258e+05
-2.437578e+06 -6.470539e+06 -7.388967e+05
-2.438230e+06 -6.469456e+06 -7.463667e+05
-2.438879e+06 -6.468365e+06 -7.538358e+05
-2.439525e+06 -6.467265e+06 -7.613039e+05
-2.440168e+06 -6.466159e+06 -7.687712e+05
-2.440808e+06 -6.465044e+06 -7.762375e+05
-2.441445e+06 -6.463922e+06 -7.837028e+05
-2.442079e+06 -6.462792e+06 -7.911672e+05
-2.442710e+06 -6.461654e+06 -7.986307e+05
-2.443338e+06 -6.460509e+06 -8.060931e+05
-2.443964e+06 -6.459356e+06 -8.135546e+05
-2.444586e+06 -6.458195e+06 -8.210151e+05
-2.445206e+06 -6.457027e+06 -8.284746e+05
-2.445822e+06 -6.455850e+06 -8.359331e+05
-2.446436e+06 -6.454667e+06 -8.433906e+05
-2.447047e+06 -6.453475e+06 -8.508471e+05
-2.447655e+06 -6.452276e+06 -8.583025e+05
-2.448260e+06 -6.451069e+06 -8.657569e+05
-2.448862e+06 -6.449854e+06 -8.732102e+05
-2.449461e+06 -6.448631e+06 -8.806625e+05
-2.450057e+06 -6.447401e+06 -8.881137e+05
-2.450650e+06 -6.446163e+06 -8.955638e+05
-2.451240e+06 -6.444918e+06 -9.030129e+05
-2.451828e+06 -6.443665e+06 -9.104608e+05
-2.452412e+06 -6.442404e+06 -9.179076e+05
-2.452994e+06 -6.441135e+06 -9.253534e+05
-2.453572e+06 -6.439859e+06 -9.327979e+05
-2.454148e+06 -6.438575e+06 -9.402414e+05
-2.454721e+06 -6.437283e+06 -9.476837e+05
-2.455291e+06 -6.435984e+06 -9.551249e+05
-2.455857e+06 -6.434677e+06 -9.625649e+05
-2.456421e+06 -6.433362e+06 -9.700038e+05
-2.456982e+06 -6.432040e+06 -9.774414e+05
-2.457540e+06 -6.430709e+06 -9.848779e+05
-2.458096e+06 -6.429372e+06 -9.923132e+05
-2.458648e+06 -6.428026e+06 -9.997473e+05
-2.459197e+06 -6.426673e+06 -1.007180e+06
-2.459743e+06 -6.425312e+06 -1.014612e+06
-2.460287e+06 -6.423944e+06 -1.022042e+06
-2.460827e+06 -6.422568e+06 -1.029471e+06
-2.461365e+06 -6.421184e+06 -1.036899e+06
-2.461899e+06 -6.419793e+06 -1.044326e+06
-2.462431e+06 -6.418393e+06 -1.051751e+06
-2.462959e+06 -6.416987e+06 -1.059175e+06
-2.463485e+06 -6.415572e+06 -1.066598e+06
-2.464008e+06 -6.414150e+06 -1.074020e+06
-2.464528e+06 -6.412720e+06 -1.081440e+06
-2.465045e+06 -6.411283e+06 -1.088859e+06
-2.465559e+06 -6.409838e+06 -1.096277e+06
-2.466070e+06 -6.408385e+06 -1.103693e+06
-2.466578e+06 -6.406925e+06 -1.111108e+06
-2.467083e+06 -6.405457e+06 -1.118521e+06
-2.467585e+06 -6.403981e+06 -1.125934e+06
-2.468084e+06 -6.402498e+06 -1.133345e+06
-2.468581e+06 -6.401007e+06 -1.140754e+06
-2.469074e+06 -6.399509e+06 -1.148162e+06
-2.469564e+06 -6.398003e+06 -1.155569e+06
-2.470052e+06 -6.396489e+06 -1.162974e+06
-2.470536e+06 -6.394967e+06 -1.170378e+06
-2.471018e+06 -6.393438e+06 -1.177781e+06
-2.471496e+06 -6.391902e+06 -1.185182e+06
-2.471972e+06 -6.390357e+06 -1.192581e+06
-2.472445e+06 -6.388805e+06 -1.199979e+06
-2.472915e+06 -6.387246e+06 -1.207376e+06
-2.473381e+06 -6.385679e+06 -1.214771e+06
-2.473845e+06 -6.384104e+06 -1.222165e+06
-2.474306e+06 -6.382521e+06 -1.229558e+06
-2.474764e+06 -6.380931e+06 -1.236948e+06
-2.475219e+06 -6.379334e+06 -1.244338e+06
-2.475671e+06 -6.377728e+06 -1.251726e+06
-2.476120e+06 -6.376116e+06 -1.259112e+06
-2.476566e+06 -6.374495e+06 -1.266497e+06
-2.477009e+06 -6.372867e+06 -1.273880e+06
-2.477450e+06 -6.371231e+06 -1.281261e+06
-2.477887e+06 -6.369588e+06 -1.288642e+06
-2.478321e+06 -6.367937e+06 -1.296020e+06
-2.478752e+06 -6.366279e+06 -1.303397e+06
-2.479181e+06 -6.364613e+06 -1.310773e+06
-2.479606e+06 -6.362939e+06 -1.318146e+06
-2.480029e+06 -6.361258e+06 -1.325519e+06
-2.480448e+06 -6.359569e+06 -1.332889e+06
-2.480865e+06 -6.357873e+06 -1.340258e+06
-2.481278e+06 -6.356169e+06 -1.347626e+06
-2.481689e+06 -6.354457e+06 -1.354992e+06
-2.482097e+06 -6.352738e+06 -1.362356e+06
-2.482501e+06 -6.351011e+06 -1.369718e+06
-2.482903e+06 -6.349277e+06 -1.377079e+06
-2.483302e+06 -6.347535e+06 -1.384438e+06
-2.483698e+06 -6.345786e+06 -1.391796e+06
-2.484090e+06 -6.344029e+06 -1.399151e+06
-2.484480e+06 -6.342264e+06 -1.406505e+06
-2.484867e+06 -6.340492e+06 -1.413858e+06
-2.485251e+06 -6.338713e+06 -1.421208e+06
-2.485632e+06 -6.336925e+06 -1.428557e+06
-2.486010e+06 -6.335131e+06 -1.435905e+06
-2.486385e+06 -6.333328e+06 -1.443250e+06
-2.486757e+06 -6.331519e+06 -1.450594e+06
-2.487126e+06 -6.329701e+06 -1.457936e+06
-2.487492e+06 -6.327876e+06 -1.465276e+06
-2.487856e+06 -6.326044e+06 -1.472615e+06
-2.488216e+06 -6.324204e+06 -1.479951e+06
-2.488573e+06 -6.322356e+06 -1.487286e+06
-2.488927e+06 -6.320501e+06 -1.494619e+06
-2.489279e+06 -6.318638e+06 -1.501950e+06
-2.489627e+06 -6.316768e+06 -1.509280e+06
-2.489972e+06 -6.314890e+06 -1.516607e+06
-2.490315e+06 -6.313005e+06 -1.523933e+06
-2.490654e+06 -6.311112e+06 -1.531257e+06
-2.490991e+06 -6.309212e+06 -1.538579e+06
-2.491324e+06 -6.307304e+06 -1.545899e+06
-2.491655e+06 -6.305389e+06 -1.553218e+06
-2.491982e+06 -6.303466e+06 -1.560534e+06
-2.492307e+06 -6.301536e+06 -1.567849e+06
-2.492628e+06 -6.299598e+06 -1.575162e+06
-2.492947e+06 -6.297653e+06 -1.582472e+06
-2.493263e+06 -6.295700e+06 -1.589781e+06
-2.493575e+06 -6.293740e+06 -1.597088e+06
-2.493885e+06 -6.291772e+06 -1.604393e+06
-2.494192e+06 -6.289796e+06 -1.611696e+06
-2.494496e+06 -6.287814e+06 -1.618997e+06
-2.494796e+06 -6.285823e+06 -1.626296e+06
-2.495094e+06 -6.283825e+06 -1.633594e+06
-2.495389e+06 -6.281820e+06 -1.640889e+06
-2.495681e+06 -6.279807e+06 -1.648182e+06
-2.495970e+06 -6.277787e+06 -1.655473e+06
-2.496256e+06 -6.275759e+06 -1.662763e+06
-2.496539e+06 -6.273724e+06 -1.670050e+06
-2.496819e+06 -6.271682e+06 -1.677335e+06
-2.497096e+06 -6.269631e+06 -1.684618e+06
-2.497370e+06 -6.267574e+06 -1.691899e+06
-2.497641e+06 -6.265509e+06 -1.699178e+06
-2.497909e+06 -6.263436e+06 -1.706455e+06
-2.498174e+06 -6.261356e+06 -1.713730e+06
-2.498436e+06 -6.259269e+06 -1.721003e+06
-2.498695e+06 -6.257174e+06 -1.728274e+06
-2.498951e+06 -6.255071e+06 -1.735543e+06
-2.499204e+06 -6.252962e+06 -1.742809e+06
-2.499454e+06 -6.250844e+06 -1.750074e+06
-2.499702e+06 -6.248720e+06 -1.757336e+06
-2.499946e+06 -6.246587e+06 -1.764597e+06
-2.500187e+06 -6.244448e+06 -1.771855e+06
-2.500425e+06 -6.242301e+06 -1.779111e+06
-2.500661e+06 -6.240146e+06 -1.786365e+06
-2.500893e+06 -6.237985e+06 -1.793616e+06
-2.501122e+06 -6.235815e+06 -1.800866e+06
-2.501349e+06 -6.233639e+06 -1.808113e+06
-2.501572e+06 -6.231454e+06 -1.815358e+06
-2.501792e+06 -6.229263e+06 -1.822601e+06
-2.502010e+06 -6.227064e+06 -1.829842e+06
-2.502224e+06 -6.224857e+06 -1.837081e+06
-2.502435e+06 -6.222644e+06 -1.844317e+06
-2.502644e+06 -6.220422e+06 -1.851551e+06
-2.502849e+06 -6.218194e+06 -1.858783e+06
-2.503052e+06 -6.215958e+06 -1.866013e+06
-2.503251e+06 -6.213714e+06 -1.873240e+06
-2.503448e+06 -6.211464e+06 -1.880465e+06
-2.503641e+06 -6.209205e+06 -1.887688e+06
-2.503832e+06 -6.206940e+06 -1.894908e+06
-2.504020e+06 -6.204667e+06 -1.902127e+06
-2.504204e+06 -6.202386e+06 -1.909343e+06
-2.504386e+06 -6.200099e+06 -1.916556e+06
-2.504564e+06 -6.197804e+06 -1.923768e+06
-2.504740e+06 -6.195501e+06 -1.930977e+06
-2.504913e+06 -6.193191e+06 -1.938183e+06
-2.505082e+06 -6.190874e+06 -1.945388e+06
-2.505249e+06 -6.188549e+06 -1.952590e+06
-2.505413e+06 -6.186217e+06 -1.959789e+06
-2.505574e+06 -6.183878e+06 -1.966987e+06
-2.505731e+06 -6.181531e+06 -1.974182e+06
-2.505886e+06 -6.179177e+06 -1.981374e+06
-2.506038e+06 -6.176816e+06 -1.988564e+06
-2.506187e+06 -6.174447e+06 -1.995752e+06
-2.506332e+06 -6.172071e+06 -2.002937e+06
-2.506475e+06 -6.169688e+06 -2.010120e+06
-2.506615e+06 -6.167297e+06 -2.017301e+06
-2.506752e+06 -6.164899e+06 -2.024479e+06
-2.506886e+06 -6.162494e+06 -2.031654e+06
-2.507017e+06 -6.160081e+06 -2.038827e+06
-2.507144e+06 -6.157661e+06 -2.045998e+06
-2.507269e+06 -6.155233e+06 -2.053166e+06
-2.507391e+06 -6.152799e+06 -2.060332e+06
-2.507510e+06 -6.150357e+06 -2.067495e+06
-2.507626e+06 -6.147907e+06 -2.074656e+06
-2.507739e+06 -6.145450e+06 -2.081814e+06
-2.507849e+06 -6.142986e+06 -2.088970e+06
-2.507956e+06 -6.140515e+06 -2.096123e+06
-2.508060e+06 -6.138037e+06 -2.103274e+06
-2.508161e+06 -6.135551e+06 -2.110422e+06
-2.508259e+06 -6.133058e+06 -2.117567e+06
-2.508354e+06 -6.130557e+06 -2.124710e+06
-2.508446e+06 -6.128049e+06 -2.131851e+06
-2.508535e+06 -6.125534e+06 -2.138989e+06
-2.508621e+06 -6.123012e+06 -2.146124e+06
-2.508705e+06 -6.120482e+06 -2.153257e+06
-2.508785e+06 -6.117945e+06 -2.160387e+06
-2.508862e+06 -6.115401e+06 -2.167514e+06
-2.508936e+06 -6.112850e+06 -2.174639e+06
-2.509007e+06 -6.110291e+06 -2.181761e+06
-2.509075e+06 -6.107725e+06 -2.188881e+06
-2.509140e+06 -6.105152e+06 -2.195998e+06
-2.509203e+06 -6.102571e+06 -2.203112e+06
-2.509262e+06 -6.099984e+06 -2.210224e+06
-2.509318e+06 -6.097389e+06 -2.217333e+06
-2.509371e+06 -6.094787e+06 -2.224439e+06
-2.509422e+06 -6.092177e+06 -2.231543e+06
-2.509469e+06 -6.089560e+06 -2.238644e+06
-2.509513e+06 -6.086936e+06 -2.245742e+06
-2.509554e+06 -6.084305e+06 -2.252838e+06
-2.509593e+06 -6.081667e+06 -2.259931e+06
-2.509628e+06 -6.079021e+06 -2.267021e+06
-2.509660e+06 -6.076368e+06 -2.274108e+06
-2.509690e+06 -6.073708e+06 -2.281193e+06
-2.509716e+06 -6.071041e+06 -2.288275e+06
-2.509740e+06 -6.068366e+06 -2.295354e+06
-2.509760e+06 -6.065685e+06 -2.302430e+06
-2.509777e+06 -6.062996e+06 -2.309504e+06
-2.509792e+06 -6.060300e+06 -2.316575e+06
-2.509803e+06 -6.057596e+06 -2.323643e+06
-2.509812e+06 -6.054886e+06 -2.330708e+06
-2.509817e+06 -6.052168e+06 -2.337770e+06
-2.509820e+06 -6.049443e+06 -2.344830e+06
-2.509819e+06 -6.046711e+06 -2.351887e+06
-2.509816e+06 -6.043972e+06 -2.358941e+06
-2.509809e+06 -6.041225e+06 -2.365992e+06
-2.509800e+06 -6.038472e+06 -2.373040e+06
-2.509787e+06 -6.035711e+06 -2.380085e+06
-2.509772e+06 -6.032943e+06 -2.387128e+06
-2.509754e+06 -6.030168e+06 -2.394167e+06
-2.509732e+06 -6.027385e+06 -2.401204e+06
-2.509708e+06 -6.024596e+06 -2.408238e+06
-2.509680e+06 -6.021799e+06 -2.415269e+06
-2.509650e+06 -6.018995e+06 -2.422297e+06
-2.509617e+06 -6.016185e+06 -2.429322e+06
-2.509580e+06 -6.013366e+06 -2.436344e+06
-2.509541e+06 -6.010541e+06 -2.443363e+06
-2.509499e+06 -6.007709e+06 -2.450380e+06
-2.509454e+06 -6.004869e+06 -2.457393e+06
-2.509405e+06 -6.002023e+06 -2.464403e+06
-2.509354e+06 -5.999169e+06 -2.471411e+06
-2.509300e+06 -5.996308e+06 -2.478415e+06
-2.509243e+06 -5.993440e+06 -2.485417e+06
-2.509182e+06 -5.990565e+06 -2.492415e+06
-2.509119e+06 -5.987683e+06 -2.499411e+06
-2.509053e+06 -5.984794e+06 -2.506403e+06
-2.508984e+06 -5.981897e+06 -2.513393e+06
-2.508912e+06 -5.978994e+06 -2.520379e+06
-2.508837e+06 -5.976083e+06 -2.527362e+06
-2.508759e+06 -5.973165e+06 -2.534343e+06
-2.508678e+06 -5.970241e+06 -2.541320e+06
-2.508594e+06 -5.967309e+06 -2.548294e+06
-2.508507e+06 -5.964370e+06 -2.555265e+06
-2.508417e+06 -5.961424e+06 -2.562233e+06
-2.508324e+06 -5.958471e+06 -2.569198e+06
-2.508228e+06 -5.955510e+06 -2.576160e+06
-2.508129e+06 -5.952543e+06 -2.583119e+06
-2.508027e+06 -5.949569e+06 -2.590074e+06
-2.507922e+06 -5.946588e+06 -2.597027e+06
-2.507814e+06 -5.943599e+06 -2.603976e+06
-2.507703e+06 -5.940604e+06 -2.610923e+06
-2.507589e+06 -5.937601e+06 -2.617866e+06
-2.507473e+06 -5.934591e+06 -2.624806e+06
-2.507353e+06 -5.931575e+06 -2.631743e+06
-2.507230e+06 -5.928551e+06 -2.638676e+06
-2.507104e+06 -5.925521e+06 -2.645607e+06
-2.506976e+06 -5.922483e+06 -2.652534e+06
-2.506844e+06 -5.919438e+06 -2.659458e+06
-2.506709e+06 -5.916386e+06 -2.666379e+06
-2.506571e+06 -5.913327e+06 -2.673297e+06
-2.506431e+06 -5.910262e+06 -2.680211e+06
-2.506287e+06 -5.907189e+06 -2.687123e+06
-2.506141e+06 -5.904109e+06 -2.694031e+06
-2.505991e+06 -5.901022e+06 -2.700935e+06
-2.505838e+06 -5.897928e+06 -2.707837e+06
-2.505683e+06 -5.894828e+06 -2.714735e+06
-2.505524e+06 -5.891720e+06 -2.721630e+06
-2.505363e+06 -5.888605e+06 -2.728522e+06
-2.505198e+06 -5.885483e+06 -2.735410e+06
-2.505031e+06 -5.882354e+06 -2.742295e+06
-2.504861e+06 -5.879219e+06 -2.749177e+06
-2.504687e+06 -5.876076e+06 -2.756056e+06
-2.504511e+06 -5.872926e+06 -2.762931e+06
-2.504332e+06 -5.869770e+06 -2.769803e+06
-2.504149e+06 -5.866606e+06 -2.776672e+06
-2.503964e+06 -5.863436e+06 -2.783537e+06
-2.503776e+06 -5.860258e+06 -2.790399e+06
-2.503585e+06 -5.857074e+06 -2.797257e+06
-2.503390e+06 -5.853882e+06 -2.804112e+06
-2.503193e+06 -5.850684e+06 -2.810964e+06
-2.502993e+06 -5.847479e+06 -2.817812e+06
-2.502790e+06 -5.844267e+06 -2.824658e+06
-2.502584e+06 -5.841047e+06 -2.831499e+06
-2.502375e+06 -5.837821e+06 -2.838337e+06
-2.502163e+06 -5.834588e+06 -2.845172e+06
-2.501948e+06 -5.831349e+06 -2.852004e+06
-2.501730e+06 -5.828102e+06 -2.858831e+06
-2.501509e+06 -5.824848e+06 -2.865656e+06
-2.501285e+06 -5.821587e+06 -2.872477e+06
-2.501058e+06 -5.818320e+06 -2.879295e+06
-2.500828e+06 -5.815046e+06 -2.886109e+06
-2.500596e+06 -5.811764e+06 -2.892919e+06
-2.500360e+06 -5.808476e+06 -2.899727e+06
-2.500121e+06 -5.805181e+06 -2.906530e+06
-2.499879e+06 -5.801879e+06 -2.913331e+06
-2.499635e+06 -5.798570e+06 -2.920127e+06
-2.499387e+06 -5.795255e+06 -2.926921e+06
-2.499137e+06 -5.791932e+06 -2.933710e+06
-2.498883e+06 -5.788603e+06 -2.940496e+06
-2.498626e+06 -5.785266e+06 -2.947279e+06
-2.498367e+06 -5.781923e+06 -2.954058e+06
-2.498104e+06 -5.778573e+06 -2.960834e+06
-2.497839e+06 -5.775217e+06 -2.967606e+06
-2.497571e+06 -5.771853e+06 -2.974374e+06
-2.497299e+06 -5.768482e+06 -2.981139e+06
-2.497025e+06 -5.765105e+06 -2.987900e+06
-2.496748e+06 -5.761721e+06 -2.994658e+06
-2.496468e+06 -5.758330e+06 -3.001412e+06
-2.496184e+06 -5.754932e+06 -3.008162e+06
-2.495898e+06 -5.751528e+06 -3.014909e+06
-2.495609e+06 -5.748116e+06 -3.021652e+06
-2.495317e+06 -5.744698e+06 -3.028392e+06
-2.495022e+06 -5.741273e+06 -3.035128e+06
-2.494724e+06 -5.737841e+06 -3.041860e+06
-2.494423e+06 -5.734403e+06 -3.048589e+06
-2.494119e+06 -5.730957e+06 -3.055314e+06
-2.493812e+06 -5.727505e+06 -3.062035e+06
-2.493502e+06 -5.724046e+06 -3.068753e+06
-2.493190e+06 -5.720580e+06 -3.075467e+06
-2.492874e+06 -5.717108e+06 -3.082177e+06
-2.492555e+06 -5.713628e+06 -3.088884e+06
-2.492234e+06 -5.710142e+06 -3.095587e+06
-2.491909e+06 -5.706650e+06 -3.102286e+06
-2.491581e+06 -5.703150e+06 -3.108981e+06
-2.491251e+06 -5.699644e+06 -3.115673e+06
-2.490917e+06 -5.696131e+06 -3.122361e+06
-2.490581e+06 -5.692611e+06 -3.129045e+06
-2.490242e+06 -5.689084e+06 -3.135725e+06
-2.489899e+06 -5.685551e+06 -3.142402e+06
-2.489554e+06 -5.682011e+06 -3.149075e+06
-2.489206e+06 -5.678464e+06 -3.155744e+06
-2.488855e+06 -5.674911e+06 -3.162409e+06
-2.488501e+06 -5.671351e+06 -3.169071e+06
-2.488144e+06 -5.667784e+06 -3.175729e+06
-2.487783e+06 -5.664210e+06 -3.182383e+06
-2.487421e+06 -5.660630e+06 -3.189033e+06
-2.487055e+06 -5.657043e+06 -3.195679e+06
-2.486686e+06 -5.653449e+06 -3.202321e+06
-2.486314e+06 -5.649849e+06 -3.208960e+06
-2.485939e+06 -5.646242e+06 -3.215595e+06
-2.485561e+06 -5.642628e+06 -3.222226e+06
-2.485181e+06 -5.639008e+06 -3.228853e+06
-2.484797e+06 -5.635381e+06 -3.235476e+06
-2.484411e+06 -5.631747e+06 -3.242095e+06
-2.484021e+06 -5.628106e+06 -3.248710e+06
-2.483629e+06 -5.624459e+06 -3.255322e+06
-2.483233e+06 -5.620806e+06 -3.261929e+06
-2.482835e+06 -5.617145e+06 -3.268533e+06
-2.482434e+06 -5.613478e+06 -3.275133e+06
-2.482030e+06 -5.609805e+06 -3.281729e+06
-2.481623e+06 -5.606124e+06 -3.288320e+06
-2.481213e+06 -5.602438e+06 -3.294908e+06
-2.480800e+06 -5.598744e+06 -3.301492e+06
-2.480384e+06 -5.595044e+06 -3.308072e+06
-2.479965e+06 -5.591337e+06 -3.314648e+06
-2.479543e+06 -5.587624e+06 -3.321220e+06
-2.479118e+06 -5.583904e+06 -3.327789e+06
-2.478690e+06 -5.580177e+06 -3.334353e+06
-2.478260e+06 -5.576444e+06 -3.340913e+06
-2.477826e+06 -5.572704e+06 -3.347469e+06
-2.477390e+06 -5.568958e+06 -3.354021e+06
-2.476950e+06 -5.565205e+06 -3.360569e+06
-2.476508e+06 -5.561445e+06 -3.367113e+06
-2.476063e+06 -5.557679e+06 -3.373653e+06
-2.475614e+06 -5.553907e+06 -3.380189e+06
-2.475163e+06 -5.550127e+06 -3.386721e+06
-2.474709e+06 -5.546342e+06 -3.393248e+06
-2.474252e+06 -5.542549e+06 -3.399772e+06
-2.473792e+06 -5.538750e+06 -3.406292e+06
-2.473329e+06 -5.534945e+06 -3.412807e+06
-2.472864e+06 -5.531133e+06 -3.419319e+06
-2.472395e+06 -5.527315e+06 -3.425826e+06
-2.471923e+06 -5.523489e+06 -3.432330e+06
-2.471449e+06 -5.519658e+06 -3.438829e+06
-2.470971e+06 -5.515820e+06 -3.445324e+06
-2.470491e+06 -5.511975e+06 -3.451815e+06
-2.470007e+06 -5.508124e+06 -3.458302e+06
-2.469521e+06 -5.504266e+06 -3.464784e+06
-2.469032e+06 -5.500402e+06 -3.471263e+06
-2.468540e+06 -5.496532e+06 -3.477737e+06
-2.468045e+06 -5.492655e+06 -3.484207e+06
-2.467547e+06 -5.488771e+06 -3.490673e+06
-2.467046e+06 -5.484881e+06 -3.497135e+06
-2.466542e+06 -5.480984e+06 -3.503593e+06
-2.466035e+06 -5.477081e+06 -3.510046e+06
-2.465526e+06 -5.473172e+06 -3.516495e+06
-2.465013e+06 -5.469256e+06 -3.522940e+06
-2.464498e+06 -5.465333e+06 -3.529381e+06
-2.463979e+06 -5.461404e+06 -3.535818e+06
-2.463458e+06 -5.457469e+06 -3.542250e+06
-2.462934e+06 -5.453527e+06 -3.548678e+06
-2.462407e+06 -5.449579e+06 -3.555102e+06
-2.461877e+06 -5.445624e+06 -3.561521e+06
-2.461344e+06 -5.441663e+06 -3.567937e+06
-2.460808e+06 -5.437696e+06 -3.574348e+06
-2.460269e+06 -5.433722e+06 -3.580755e+06
-2.459727e+06 -5.429741e+06 -3.587157e+06
-2.459183e+06 -5.425755e+06 -3.593555e+06
-2.458635e+06 -5.421761e+06 -3.599949e+06
-2.458085e+06 -5.417762e+06 -3.606339e+06
-2.457531e+06 -5.413756e+06 -3.612724e+06
-2.456975e+06 -5.409743e+06 -3.619105e+06
-2.456416e+06 -5.405725e+06 -3.625481e+06
-2.455854e+06 -5.401700e+06 -3.631853e+06
-2.455289e+06 -5.397668e+06 -3.638221e+06
-2.454721e+06 -5.393630e+06 -3.644585e+06
-2.454150e+06 -5.389586e+06 -3.650944e+06
-2.453577e+06 -5.385535e+06 -3.657299e+06
-2.453000e+06 -5.381478e+06 -3.663649e+06
-2.452421e+06 -5.377415e+06 -3.669995e+06
-2.451838e+06 -5.373345e+06 -3.676337e+06
-2.451253e+06 -5.369269e+06 -3.682674e+06
-2.450665e+06 -5.365187e+06 -3.689007e+06
-2.450074e+06 -5.361098e+06 -3.695335e+06
-2.449480e+06 -5.357003e+06 -3.701659e+06
-2.448883e+06 -5.352902e+06 -3.707979e+06
-2.448283e+06 -5.348794e+06 -3.714294e+06
-2.447681e+06 -5.344681e+06 -3.720605e+06
-2.447075e+06 -5.340560e+06 -3.726911e+06
-2.446467e+06 -5.336434e+06 -3.733213e+06
-2.445856e+06 -5.332301e+06 -3.739510e+06
-2.445241e+06 -5.328162e+06 -3.745803e+06
-2.444624e+06 -5.324016e+06 -3.752091e+06
-2.444004e+06 -5.319865e+06 -3.758375e+06
-2.443382e+06 -5.315707e+06 -3.764654e+06
-2.442756e+06 -5.311543e+06 -3.770929e+06
-2.442127e+06 -5.307372e+06 -3.777200e+06
-2.441496e+06 -5.303195e+06 -3.783466e+06
-2.440861e+06 -5.299012e+06 -3.789727e+06
-2.440224e+06 -5.294823e+06 -3.795984e+06
-2.439584e+06 -5.290627e+06 -3.802236e+06
-2.438941e+06 -5.286426e+06 -3.808484e+06
-2.438295e+06 -5.282218e+06 -3.814727e+06
-2.437646e+06 -5.278004e+06 -3.820965e+06
-2.436994e+06 -5.273783e+06 -3.827199e+06
-2.436340e+06 -5.269556e+06 -3.833429e+06
-2.435682e+06 -5.265324e+06 -3.839653e+06
-2.435022e+06 -5.261085e+06 -3.845874e+06
-2.434359e+06 -5.256839e+06 -3.852089e+06
-2.433693e+06 -5.252588e+06 -3.858300e+06
-2.433024e+06 -5.248330e+06 -3.864507e+06
-2.432352e+06 -5.244066e+06 -3.870709e+06
-2.431677e+06 -5.239796e+06 -3.876906e+06
-2.431000e+06 -5.235520e+06 -3.883098e+06
-2.430319e+06 -5.231238e+06 -3.889286e+06
-2.429636e+06 -5.226949e+06 -3.895470e+06
-2.428950e+06 -5.222654e+06 -3.901648e+06
-2.428261e+06 -5.218354e+06 -3.907822e+06
-2.427569e+06 -5.214047e+06 -3.913991e+06
-2.426874e+06 -5.209733e+06 -3.920156e+06
-2.426176e+06 -5.205414e+06 -3.926316e+06
-2.425476e+06 -5.201089e+06 -3.932471e+06
-2.424772e+06 -5.196757e+06 -3.938622e+06
-2.424066e+06 -5.192420e+06 -3.944767e+06
-2.423357e+06 -5.188076e+06 -3.950908e+06
-2.422645e+06 -5.183726e+06 -3.957045e+06
-2.421930e+06 -5.179370e+06 -3.963176e+06
-2.421213e+06 -5.175008e+06 -3.969303e+06
-2.420492e+06 -5.170640e+06 -3.975426e+06
-2.419769e+06 -5.166265e+06 -3.981543e+06
-2.419043e+06 -5.161885e+06 -3.987656e+06
-2.418313e+06 -5.157498e+06 -3.993764e+06
-2.417582e+06 -5.153106e+06 -3.999867e+06
-2.416847e+06 -5.148707e+06 -4.005965e+06
-2.416109e+06 -5.144303e+06 -4.012059e+06
-2.415369e+06 -5.139892e+06 -4.018147e+06
-2.414625e+06 -5.135475e+06 -4.024231e+06
-2.413879e+06 -5.131052e+06 -4.030310e+06
-2.413130e+06 -5.126623e+06 -4.036385e+06
-2.412378e+06 -5.122188e+06 -4.042454e+06
-2.411623e+06 -5.117748e+06 -4.048519e+06
-2.410866e+06 -5.113301e+06 -4.054579e+06
-2.410105e+06 -5.108848e+06 -4.060634e+06
-2.409342e+06 -5.104389e+06 -4.066684e+06
-2.408576e+06 -5.099924e+06 -4.072729e+06
-2.407807e+06 -5.095453e+06 -4.078770e+06
-2.407035e+06 -5.090976e+06 -4.084805e+06
-2.406260e+06 -5.086493e+06 -4.090836e+06
-2.405483e+06 -5.082004e+06 -4.096862e+06
-2.404703e+06 -5.077509e+06 -4.102883e+06
-2.403919e+06 -5.073008e+06 -4.108899e+06
-2.403133e+06 -5.068501e+06 -4.114910e+06
-2.402345e+06 -5.063988e+06 -4.120916e+06
-2.401553e+06 -5.059469e+06 -4.126918e+06
-2.400758e+06 -5.054944e+06 -4.132914e+06
-2.399961e+06 -5.050413e+06 -4.138905e+06
-2.399161e+06 -5.045877e+06 -4.144892e+06
-2.398358e+06 -5.041334e+06 -4.150874e+06
-2.397552e+06 -5.036786e+06 -4.156850e+06
-2.396744e+06 -5.032231e+06 -4.162822e+06
-2.395932e+06 -5.027671e+06 -4.168788e+06
-2.395118e+06 -5.023104e+06 -4.174750e+06
-2.394301e+06 -5.018532e+06 -4.180707e+06
-2.393481e+06 -5.013954e+06 -4.186659e+06
-2.392658e+06 -5.009370e+06 -4.192605e+06
-2.391832e+06 -5.004780e+06 -4.198547e+06
-2.391004e+06 -5.000184e+06 -4.204484e+06
-2.390173e+06 -4.995582e+06 -4.210416e+06
-2.389339e+06 -4.990975e+06 -4.216342e+06
-2.388502e+06 -4.986361e+06 -4.222264e+06
-2.387662e+06 -4.981742e+06 -4.228181e+06
-2.386820e+06 -4.977117e+06 -4.234092e+06
-2.385974e+06 -4.972486e+06 -4.239999e+06
-2.385126e+06 -4.967849e+06 -4.245900e+06
-2.384275e+06 -4.963206e+06 -4.251797e+06
-2.383422e+06 -4.958558e+06 -4.257688e+06
-2.382565e+06 -4.953903e+06 -4.263574e+06
-2.381706e+06 -4.949243e+06 -4.269455e+06
-2.380844e+06 -4.944577e+06 -4.275331e+06
-2.379979e+06 -4.939905e+06 -4.281202e+06
-2.379111e+06 -4.935228e+06 -4.287068e+06
-2.378240e+06 -4.930544e+06 -4.292929e+06
-2.377367e+06 -4.925855e+06 -4.298785e+06
-2.376491e+06 -4.921160e+06 -4.304635e+06
-2.375612e+06 -4.916459e+06 -4.310481e+06
-2.374730e+06 -4.911752e+06 -4.316321e+06
-2.373846e+06 -4.907040e+06 -4.322156e+06
-2.372958e+06 -4.902322e+06 -4.327986e+06
-2.372068e+06 -4.897598e+06 -4.333811e+06
-2.371175e+06 -4.892868e+06 -4.339630e+06
-2.370279e+06 -4.888133e+06 -4.345445e+06
-2.369381e+06 -4.883392e+06 -4.351254e+06
-2.368480e+06 -4.878645e+06 -4.357058e+06
-2.367575e+06 -4.873892e+06 -4.362857e+06
-2.366669e+06 -4.869134e+06 -4.368651e+06
-2.365759e+06 -4.864370e+06 -4.374439e+06
-2.364846e+06 -4.859600e+06 -4.380223e+06
-2.363931e+06 -4.854824e+06 -4.386001e+06
-2.363013e+06 -4.850043e+06 -4.391774e+06
-2.362092e+06 -4.845256e+06 -4.397541e+06
-2.361169e+06 -4.840464e+06 -4.403304e+06
-2.360242e+06 -4.835665e+06 -4.409061e+06
-2.359313e+06 -4.830861e+06 -4.414813e+06
-2.358381e+06 -4.826052e+06 -4.420559e+06
-2.357447e+06 -4.821236e+06 -4.426301e+06
-2.356509e+06 -4.816415e+06 -4.432037e+06
-2.355569e+06 -4.811589e+06 -4.437768e+06
-2.354626e+06 -4.806757e+06 -4.443493e+06
-2.353680e+06 -4.801919e+06 -4.449213e+06
-2.352731e+06 -4.797075e+06 -4.454928e+06
-2.351780e+06 -4.792226e+06 -4.460638e+06
-2.350826e+06 -4.787371e+06 -4.466342e+06
-2.349869e+06 -4.782510e+06 -4.472041e+06
-2.348909e+06 -4.777644e+06 -4.477735e+06
-2.347947e+06 -4.772773e+06 -4.483423e+06
-2.346982e+06 -4.767895e+06 -4.489106e+06
-2.346014e+06 -4.763013e+06 -4.494784e+06
-2.345043e+06 -4.758124e+06 -4.500456e+06
-2.344070e+06 -4.753230e+06 -4.506123e+06
-2.343093e+06 -4.748330e+06 -4.511785e+06
-2.342114e+06 -4.743425e+06 -4.517441e+06
-2.341133e+06 -4.738514e+06 -4.523092e+06
-2.340148e+06 -4.733598e+06 -4.528737e+06
-2.339161e+06 -4.728676e+06 -4.534377e+06
-2.338171e+06 -4.723749e+06 -4.540012e+06
-2.337178e+06 -4.718816e+06 -4.545641e+06
-2.336183e+06 -4.713877e+06 -4.551265e+06
-2.335185e+06 -4.708933e+06 -4.556883e+06
-2.334184e+06 -4.703983e+06 -4.562496e+06
-2.333180e+06 -4.699028e+06 -4.568104e+06
-2.332173e+06 -4.694068e+06 -4.573706e+06
-2.331164e+06 -4.689101e+06 -4.579303e+06
-2.330152e+06 -4.684130e+06 -4.584894e+06
-2.329137e+06 -4.679153e+06 -4.590480e+06
-2.328120e+06 -4.674170e+06 -4.596060e+06
-2.327100e+06 -4.669182e+06 -4.601635e+06
-2.326077e+06 -4.664188e+06 -4.607204e+06
-2.325051e+06 -4.659189e+06 -4.612768e+06
-2.324023e+06 -4.654185e+06 -4.618326e+06
-2.322992e+06 -4.649175e+06 -4.623879e+06
-2.321958e+06 -4.644159e+06 -4.629427e+06
-2.320921e+06 -4.639138e+06 -4.634969e+06
-2.319882e+06 -4.634112e+06 -4.640505e+06
-2.318840e+06 -4.629080e+06 -4.646036e+06
-2.317795e+06 -4.624043e+06 -4.651561e+06
-2.316748e+06 -4.619000e+06 -4.657081e+06
-2.315698e+06 -4.613952e+06 -4.662595e+06
-2.314645e+06 -4.608899e+06 -4.668104e+06
-2.313589e+06 -4.603840e+06 -4.673607e+06
-2.312531e+06 -4.598776e+06 -4.679105e+06
-2.311470e+06 -4.593706e+06 -4.684597e+06
-2.310406e+06 -4.588631e+06 -4.690083e+06
-2.309339e+06 -4.583550e+06 -4.695564e+06
-2.308270e+06 -4.578465e+06 -4.701040e+06
-2.307198e+06 -4.573374e+06 -4.706509e+06
-2.306123e+06 -4.568277e+06 -4.711973e+06
-2.305046e+06 -4.563175e+06 -4.717432e+06
-2.303966e+06 -4.558068e+06 -4.722885e+06
-2.302883e+06 -4.552955e+06 -4.728332e+06
-2.301798e+06 -4.547837e+06 -4.733774e+06
-2.300709e+06 -4.542714e+06 -4.739210e+06
-2.299619e+06 -4.537585e+06 -4.744640e+06
-2.298525e+06 -4.532452e+06 -4.750065e+06
-2.297429e+06 -4.527312e+06 -4.755484e+06
-2.296330e+06 -4.522168e+06 -4.760898e+06
-2.295228e+06 -4.517018e+06 -4.766306e+06
-2.294123e+06 -4.511863e+06 -4.771708e+06
-2.293016e+06 -4.506703e+06 -4.777104e+06
-2.291907e+06 -4.501537e+06 -4.782495e+06
-2.290794e+06 -4.496366e+06 -4.787880e+06
-2.289679e+06 -4.491190e+06 -4.793260e+06
-2.288561e+06 -4.486008e+06 -4.798634e+06
-2.287441e+06 -4.480821e+06 -4.804002e+06
-2.286317e+06 -4.475629e+06 -4.809364e+06
-2.285191e+06 -4.470432e+06 -4.814721e+06
-2.284063e+06 -4.465230e+06 -4.820072e+06
-2.282931e+06 -4.460022e+06 -4.825417e+06
-2.281798e+06 -4.454809e+06 -4.830756e+06
-2.280661e+06 -4.449591e+06 -4.836090e+06
-2.279522e+06 -4.444368e+06 -4.841418e+06
-2.278380e+06 -4.439139e+06 -4.846740e+06
-2.277235e+06 -4.433905e+06 -4.852057e+06
-2.276088e+06 -4.428666e+06 -4.857367e+06
-2.274937e+06 -4.423422e+06 -4.862672e+06
-2.273785e+06 -4.418173e+06 -4.867971e+06
-2.272629e+06 -4.412918e+06 -4.873265e+06
-2.271471e+06 -4.407659e+06 -4.878552e+06
-2.270311e+06 -4.402394e+06 -4.883834e+06
-2.269147e+06 -4.397124e+06 -4.889110e+06
-2.267981e+06 -4.391849e+06 -4.894380e+06
-2.266813e+06 -4.386568e+06 -4.899645e+06
-2.265641e+06 -4.381283e+06 -4.904903e+06
-2.264467e+06 -4.375992e+06 -4.910156e+06
-2.263291e+06 -4.370697e+06 -4.915403e+06
-2.262111e+06 -4.365396e+06 -4.920644e+06
-2.260929e+06 -4.360090e+06 -4.925879e+06
-2.259745e+06 -4.354779e+06 -4.931109e+06
-2.258557e+06 -4.349463e+06 -4.936332e+06
-2.257367e+06 -4.344142e+06 -4.941550e+06
-2.256175e+06 -4.338815e+06 -4.946762e+06
-2.254980e+06 -4.333484e+06 -4.951968e+06
-2.253782e+06 -4.328147e+06 -4.957168e+06
-2.252581e+06 -4.322806e+06 -4.962362e+06
-2.251378e+06 -4.317459e+06 -4.967550e+06
-2.250172e+06 -4.312108e+06 -4.972733e+06
-2.248964e+06 -4.306751e+06 -4.977909e+06
-2.247753e+06 -4.301389e+06 -4.983080e+06
-2.246539e+06 -4.296023e+06 -4.988244e+06
-2.245323e+06 -4.290651e+06 -4.993403e+06
-2.244104e+06 -4.285274e+06 -4.998556e+06
-2.242882e+06 -4.279892e+06 -5.003703e+06
-2.241658e+06 -4.274506e+06 -5.008844e+06
-2.240431e+06 -4.269114e+06 -5.013979e+06
-2.239201e+06 -4.263717e+06 -5.019108e+06
-2.237969e+06 -4.258315e+06 -5.024231e+06
-2.236734e+06 -4.252908e+06 -5.029348e+06
-2.235497e+06 -4.247497e+06 -5.034459e+06
-2.234257e+06 -4.242080e+06 -5.039565e+06
-2.233014e+06 -4.236658e+06 -5.044664e+06
-2.231769e+06 -4.231232e+06 -5.049757e+06
-2.230521e+06 -4.225800e+06 -5.054844e+06
-2.229271e+06 -4.220363e+06 -5.059926e+06
-2.228018e+06 -4.214922e+06 -5.065001e+06
-2.226762e+06 -4.209476e+06 -5.070070e+06
-2.225504e+06 -4.204024e+06 -5.075134e+06
-2.224243e+06 -4.198568e+06 -5.080191e+06
-2.222979e+06 -4.193107e+06 -5.085242e+06
-2.221713e+06 -4.187641e+06 -5.090287e+06
-2.220444e+06 -4.182170e+06 -5.095326e+06
-2.219173e+06 -4.176694e+06 -5.100360e+06
-2.217899e+06 -4.171213e+06 -5.105387e+06
-2.216622e+06 -4.165728e+06 -5.110408e+06
-2.215343e+06 -4.160237e+06 -5.115423e+06
-2.214061e+06 -4.154742e+06 -5.120431e+06
-2.212777e+06 -4.149242e+06 -5.125434e+06
-2.211490e+06 -4.143737e+06 -5.130431e+06
-2.210201e+06 -4.138227e+06 -5.135422e+06
-2.208908e+06 -4.132712e+06 -5.140406e+06
-2.207614e+06 -4.127192e+06 -5.145385e+06
-2.206316e+06 -4.121668e+06 -5.150357e+06
-2.205017e+06 -4.116139e+06 -5.155323e+06
-2.203714e+06 -4.110605e+06 -5.160284e+06
-2.202409e+06 -4.105066e+06 -5.165238e+06
-2.201101e+06 -4.099522e+06 -5.170186e+06
-2.199791e+06 -4.093974e+06 -5.175127e+06
-2.198478e+06 -4.088421e+06 -5.180063e+06
-2.197163e+06 -4.082863e+06 -5.184993e+06
-2.195845e+06 -4.077300e+06 -5.189916e+06
-2.194525e+06 -4.071733e+06 -5.194833e+06
-2.193201e+06 -4.066160e+06 -5.199744e+06
-2.191876e+06 -4.060583e+06 -5.204649e+06
-2.190548e+06 -4.055002e+06 -5.209548e+06
-2.189217e+06 -4.049415e+06 -5.214441e+06
-2.187883e+06 -4.043824e+06 -5.219327e+06
-2.186548e+06 -4.038228e+06 -5.224207e+06
-2.185209e+06 -4.032627e+06 -5.229082e+06
-2.183868e+06 -4.027022e+06 -5.233949e+06
-2.182524e+06 -4.021412e+06 -5.238811e+06
-2.181178e+06 -4.015797e+06 -5.243667e+06
-2.179830e+06 -4.010177e+06 -5.248516e+06
-2.178478e+06 -4.004553e+06 -5.253359e+06
-2.177124e+06 -3.998924e+06 -5.258196e+06
-2.175768e+06 -3.993291e+06 -5.263026e+06
-2.174409e+06 -3.987653e+06 -5.267851e+06
-2.173048e+06 -3.982010e+06 -5.272669e+06
-2.171684e+06 -3.976362e+06 -5.277481e+06
-2.170317e+06 -3.970710e+06 -5.282286e+06
-2.168948e+06 -3.965054e+06 -5.287086e+06
-2.167576e+06 -3.959392e+06 -5.291879e+06
-2.166202e+06 -3.953726e+06 -5.296666e+06
-2.164826e+06 -3.948056e+06 -5.301446e+06
-2.163446e+06 -3.942380e+06 -5.306220e+06
-2.162065e+06 -3.936700e+06 -5.310988e+06
-2.160680e+06 -3.931016e+06 -5.315750e+06
-2.159293e+06 -3.925327e+06 -5.320506e+06
-2.157904e+06 -3.919633e+06 -5.325255e+06
-2.156512e+06 -3.913935e+06 -5.329998e+06
-2.155118e+06 -3.908232e+06 -5.334734e+06
-2.153721e+06 -3.902525e+06 -5.339464e+06
-2.152321e+06 -3.896813e+06 -5.344188e+06
-2.150919e+06 -3.891097e+06 -5.348906e+06
-2.149515e+06 -3.885376e+06 -5.353617e+06
-2.148108e+06 -3.879650e+06 -5.358322e+06
-2.146698e+06 -3.873920e+06 -5.363021e+06
-2.145286e+06 -3.868186e+06 -5.367713e+06
-2.143872e+06 -3.862447e+06 -5.372399e+06
-2.142455e+06 -3.856703e+06 -5.377078e+06
-2.141035e+06 -3.850955e+06 -5.381751e+06
-2.139613e+06 -3.845202e+06 -5.386418e+06
-2.138189e+06 -3.839445e+06 -5.391079e+06
-2.136762e+06 -3.833684e+06 -5.395733e+06
-2.135332e+06 -3.827918e+06 -5.400380e+06
-2.133900e+06 -3.822147e+06 -5.405022e+06
-2.132465e+06 -3.816372e+06 -5.409656e+06
-2.131028e+06 -3.810593e+06 -5.414285e+06
-2.129589e+06 -3.804809e+06 -5.418907e+06
-2.128147e+06 -3.799021e+06 -5.423523e+06
-2.126702e+06 -3.793228e+06 -5.428132e+06
-2.125255e+06 -3.787431e+06 -5.432735e+06
-2.123806e+06 -3.781630e+06 -5.437331e+06
-2.122354e+06 -3.775824e+06 -5.441921e+06
-2.120899e+06 -3.770013e+06 -5.446505e+06
-2.119442e+06 -3.764199e+06 -5.451082e+06
-2.117983e+06 -3.758379e+06 -5.455652e+06
-2.116521e+06 -3.752556e+06 -5.460217e+06
-2.115056e+06 -3.746728e+06 -5.464774e+06
-2.113590e+06 -3.740896e+06 -5.469326e+06
-2.112120e+06 -3.735059e+06 -5.473871e+06
-2.110648e+06 -3.729218e+06 -5.478409e+06
-2.109174e+06 -3.723373e+06 -5.482941e+06
-2.107697e+06 -3.717523e+06 -5.487466e+06
-2.106218e+06 -3.711669e+06 -5.491985e+06
-2.104737e+06 -3.705811e+06 -5.496497e+06
-2.103252e+06 -3.699948e+06 -5.501003e+06
-2.101766e+06 -3.694081e+06 -5.505503e+06
-2.100277e+06 -3.688210e+06 -5.509996e+06
-2.098785e+06 -3.682334e+06 -5.514482e+06
-2.097291e+06 -3.676454e+06 -5.518962e+06
-2.095795e+06 -3.670570e+06 -5.523435e+06
-2.094296e+06 -3.664682e+06 -5.527902e+06
-2.092795e+06 -3.658789e+06 -5.532363e+06
-2.091291e+06 -3.652892e+06 -5.536816e+06
-2.089785e+06 -3.646991e+06 -5.541264e+06
-2.088276e+06 -3.641085e+06 -5.545704e+06
-2.086765e+06 -3.635175e+06 -5.550138e+06
-2.085252e+06 -3.629261e+06 -5.554566e+06
-2.083736e+06 -3.623343e+06 -5.558987e+06
-2.082217e+06 -3.617421e+06 -5.563401e+06
-2.080696e+06 -3.611494e+06 -5.567809e+06
-2.079173e+06 -3.605563e+06 -5.572210e+06
-2.077647e+06 -3.599628e+06 -5.576605e+06
-2.076119e+06 -3.593689e+06 -5.580993e+06
-2.074589e+06 -3.587745e+06 -5.585375e+06
-2.073056e+06 -3.581798e+06 -5.589750e+06
-2.071520e+06 -3.575846e+06 -5.594118e+06
-2.069983e+06 -3.569890e+06 -5.598480e+06
-2.068442e+06 -3.563930e+06 -5.602835e+06
-2.066900e+06 -3.557966e+06 -5.607183e+06
-2.065355e+06 -3.551997e+06 -5.611525e+06
-2.063807e+06 -3.546025e+06 -5.615860e+06
-2.062257e+06 -3.540048e+06 -5.620189e+06
-2.060705e+06 -3.534067e+06 -5.624511e+06
-2.059150e+06 -3.528082e+06 -5.628826e+06
-2.057593e+06 -3.522093e+06 -5.633135e+06
-2.056034e+06 -3.516100e+06 -5.637437e+06
-2.054472e+06 -3.510103e+06 -5.641732e+06
-2.052907e+06 -3.504102e+06 -5.646021e+06
-2.051341e+06 -3.498096e+06 -5.650303e+06
-2.049772e+06 -3.492087e+06 -5.654579e+06
-2.048200e+06 -3.486073e+06 -5.658847e+06
-2.046626e+06 -3.480055e+06 -5.663109e+06
-2.045050e+06 -3.474034e+06 -5.667365e+06
-2.043471e+06 -3.468008e+06 -5.671613e+06
-2.041890e+06 -3.461978e+06 -5.675855e+06
-2.040307e+06 -3.455945e+06 -5.680090e+06
-2.038721e+06 -3.449907e+06 -5.684319e+06
-2.037133e+06 -3.443865e+06 -5.688541e+06
-2.035542e+06 -3.437819e+06 -5.692756e+06
-2.033949e+06 -3.431769e+06 -5.696964e+06
-2.032354e+06 -3.425716e+06 -5.701166e+06
-2.030756e+06 -3.419658e+06 -5.705361e+06
-2.029156e+06 -3.413596e+06 -5.709549e+06
-2.027553e+06 -3.407530e+06 -5.713731e+06
-2.025949e+06 -3.401460e+06 -5.717905e+06
-2.024341e+06 -3.395387e+06 -5.722073e+06
-2.022732e+06 -3.389309e+06 -5.726235e+06
-2.021120e+06 -3.383227e+06 -5.730389e+06
-2.019506e+06 -3.377142e+06 -5.734537e+06
-2.017889e+06 -3.371052e+06 -5.738678e+06
-2.016270e+06 -3.364959e+06 -5.742812e+06
-2.014649e+06 -3.358862e+06 -5.746939e+06
-2.013025e+06 -3.352761e+06 -5.751060e+06
-2.011399e+06 -3.346655e+06 -5.755174e+06
-2.009771e+06 -3.340546e+06 -5.759281e+06
-2.008140e+06 -3.334434e+06 -5.763381e+06
-2.006507e+06 -3.328317e+06 -5.767475e+06
-2.004871e+06 -3.322196e+06 -5.771561e+06
-2.003234e+06 -3.316072e+06 -5.775641e+06
-2.001593e+06 -3.309943e+06 -5.779714e+06
-1.999951e+06 -3.303811e+06 -5.783781e+06
-1.998306e+06 -3.297675e+06 -5.787840e+06
-1.996659e+06 -3.291535e+06 -5.791893e+06
-1.995010e+06 -3.285391e+06 -5.795938e+06
-1.993358e+06 -3.279244e+06 -5.799977e+06
-1.991704e+06 -3.273092e+06 -5.804009e+06
-1.990047e+06 -3.266937e+06 -5.808035e+06
-1.988389e+06 -3.260778e+06 -5.812053e+06
-1.986728e+06 -3.254616e+06 -5.816064e+06
-1.985064e+06 -3.248449e+06 -5.820069e+06
-1.983399e+06 -3.242279e+06 -5.824067e+06
-1.981731e+06 -3.236105e+06 -5.828058e+06
-1.980060e+06 -3.229927e+06 -5.832042e+06
-1.978388e+06 -3.223745e+06 -5.836019e+06
-1.976713e+06 -3.217560e+06 -5.839990e+06
-1.975035e+06 -3.211371e+06 -5.843953e+06
-1.973356e+06 -3.205178e+06 -5.847909e+06
-1.971674e+06 -3.198981e+06 -5.851859e+06
-1.969990e+06 -3.192781e+06 -5.855802e+06
-1.968303e+06 -3.186577e+06 -5.859738e+06
-1.966615e+06 -3.180369e+06 -5.863667e+06
-1.964924e+06 -3.174158e+06 -5.867589e+06
-1.963230e+06 -3.167943e+06 -5.871504e+06
-1.961535e+06 -3.161724e+06 -5.875412e+06
-1.959837e+06 -3.155501e+06 -5.879313e+06
-1.958137e+06 -3.149275e+06 -5.883208e+06
-1.956434e+06 -3.143045e+06 -5.887095e+06
-1.954729e+06 -3.136812e+06 -5.890976e+06
-1.953022e+06 -3.130575e+06 -5.894849e+06
-1.951313e+06 -3.124334e+06 -5.898716e+06
-1.949601e+06 -3.118090e+06 -5.902575e+06
-1.947887e+06 -3.111842e+06 -5.906428e+06
-1.946171e+06 -3.105590e+06 -5.910274e+06
-1.944453e+06 -3.099335e+06 -5.914113e+06
-1.942732e+06 -3.093076e+06 -5.917944e+06
-1.941009e+06 -3.086814e+06 -5.921769e+06
-1.939284e+06 -3.080548e+06 -5.925587e+06
-1.937557e+06 -3.074278e+06 -5.929398e+06
-1.935827e+06 -3.068005e+06 -5.933202e+06
-1.934095e+06 -3.061728e+06 -5.936999e+06
-1.932361e+06 -3.055448e+06 -5.940789e+06
-1.930624e+06 -3.049164e+06 -5.944572e+06
-1.928885e+06 -3.042877e+06 -5.948348e+06
-1.927144e+06 -3.036586e+06 -5.952117e+06
-1.925401e+06 -3.030291e+06 -5.955878e+06
-1.923656e+06 -3.023993e+06 -5.959633e+06
-1.921908e+06 -3.017692e+06 -5.963381e+06
-1.920158e+06 -3.011387e+06 -5.967122e+06
-1.918406e+06 -3.005078e+06 -5.970856e+06
-1.916651e+06 -2.998766e+06 -5.974583e+06
-1.914895e+06 -2.992451e+06 -5.978302e+06
-1.913136e+06 -2.986132e+06 -5.982015e+06
-1.911375e+06 -2.979810e+06 -5.985721e+06
-1.909611e+06 -2.973484e+06 -5.989419e+06
-1.907846e+06 -2.967154e+06 -5.993111e+06
-1.906078e+06 -2.960822e+06 -5.996795e+06
-1.904308e+06 -2.954486e+06 -6.000473e+06
-1.902536e+06 -2.948146e+06 -6.004143e+06
-1.900761e+06 -2.941803e+06 -6.007807e+06
-1.898984e+06 -2.935456e+06 -6.011463e+06
-1.897205e+06 -2.929106e+06 -6.015112e+06
-1.895424e+06 -2.922753e+06 -6.018754e+06
-1.893641e+06 -2.916396e+06 -6.022389e+06
-1.891855e+06 -2.910036e+06 -6.026017e+06
-1.890068e+06 -2.903673e+06 -6.029638e+06
-1.888278e+06 -2.897306e+06 -6.033252e+06
-1.886486e+06 -2.890936e+06 -6.036858e+06
-1.884691e+06 -2.884562e+06 -6.040458e+06
-1.882895e+06 -2.878185e+06 -6.044050e+06
-1.881096e+06 -2.871805e+06 -6.047635e+06
-1.879295e+06 -2.865422e+06 -6.051214e+06
-1.877492e+06 -2.859035e+06 -6.054785e+06
-1.875687e+06 -2.852645e+06 -6.058349e+06
-1.873879e+06 -2.846251e+06 -6.061905e+06
-1.872070e+06 -2.839854e+06 -6.065455e+06
-1.870258e+06 -2.833454e+06 -6.068998e+06
-1.868444e+06 -2.827051e+06 -6.072533e+06
-1.866628e+06 -2.820644e+06 -6.076061e+06
-1.864809e+06 -2.814234e+06 -6.079582e+06
-1.862989e+06 -2.807821e+06 -6.083096e+06
-1.861166e+06 -2.801404e+06 -6.086603e+06
-1.859341e+06 -2.794984e+06 -6.090103e+06
-1.857514e+06 -2.788561e+06 -6.093595e+06
-1.855685e+06 -2.782135e+06 -6.097081e+06
-1.853853e+06 -2.775706e+06 -6.100559e+06
-1.852020e+06 -2.769273e+06 -6.104030e+06
-1.850184e+06 -2.762837e+06 -6.107493e+06
-1.848346e+06 -2.756398e+06 -6.110950e+06
-1.846506e+06 -2.749956e+06 -6.114399e+06
-1.844664e+06 -2.743510e+06 -6.117842e+06
-1.842820e+06 -2.737061e+06 -6.121277e+06
-1.840973e+06 -2.730610e+06 -6.124704e+06
-1.839125e+06 -2.724155e+06 -6.128125e+06
-1.837274e+06 -2.717696e+06 -6.131538e+06
-1.835421e+06 -2.711235e+06 -6.134945e+06
-1.833566e+06 -2.704771e+06 -6.138344e+06
-1.831709e+06 -2.698303e+06 -6.141735e+06
-1.829850e+06 -2.691832e+06 -6.145120e+06
-1.827988e+06 -2.685358e+06 -6.148497e+06
-1.826125e+06 -2.678881e+06 -6.151867e+06
-1.824259e+06 -2.672401e+06 -6.155230e+06
-1.822391e+06 -2.665918e+06 -6.158586e+06
-1.820522e+06 -2.659432e+06 -6.161934e+06
-1.818650e+06 -2.652942e+06 -6.165275e+06
-1.816775e+06 -2.646450e+06 -6.168609e+06
-1.814899e+06 -2.639954e+06 -6.171936e+06
-1.813021e+06 -2.633456e+06 -6.175255e+06
-1.811140e+06 -2.626954e+06 -6.178567e+06
-1.809258e+06 -2.620449e+06 -6.181872e+06
-1.807373e+06 -2.613941e+06 -6.185170e+06
-1.805486e+06 -2.607431e+06 -6.188460e+06
-1.803597e+06 -2.600917e+06 -6.191743e+06
-1.801706e+06 -2.594400e+06 -6.195019e+06
-1.799813e+06 -2.587880e+06 -6.198287e+06
-1.797918e+06 -2.581357e+06 -6.201549e+06
-1.796021e+06 -2.574832e+06 -6.204803e+06
-1.794121e+06 -2.568303e+06 -6.208049e+06
-1.792220e+06 -2.561771e+06 -6.211288e+06
-1.790316e+06 -2.555236e+06 -6.214520e+06
-1.788411e+06 -2.548699e+06 -6.217745e+06
-1.786503e+06 -2.542158e+06 -6.220963e+06
-1.784593e+06 -2.535614e+06 -6.224173e+06
-1.782681e+06 -2.529068e+06 -6.227376e+06
-1.780767e+06 -2.522518e+06 -6.230571e+06
-1.778851e+06 -2.515966e+06 -6.233759e+06
-1.776933e+06 -2.509410e+06 -6.236940e+06
-1.775013e+06 -2.502852e+06 -6.240113e+06
-1.773091e+06 -2.496291e+06 -6.243280e+06
-1.771167e+06 -2.489727e+06 -6.246438e+06
-1.769240e+06 -2.483160e+06 -6.249590e+06
-1.767312e+06 -2.476590e+06 -6.252734e+06
-1.765381e+06 -2.470017e+06 -6.255871e+06
-1.763449e+06 -2.463442e+06 -6.259000e+06
-1.761514e+06 -2.456864e+06 -6.262122e+06
-1.759578e+06 -2.450282e+06 -6.265237e+06
-1.757639e+06 -2.443698e+06 -6.268345e+06
-1.755698e+06 -2.437111e+06 -6.271445e+06
-1.753755e+06 -2.430521e+06 -6.274537e+06
-1.751811e+06 -2.423929e+06 -6.277623e+06
-1.749864e+06 -2.417334e+06 -6.280700e+06
-1.747915e+06 -2.410735e+06 -6.283771e+06
-1.745964e+06 -2.404134e+06 -6.286834e+06
-1.744011e+06 -2.397531e+06 -6.289890e+06
-1.742056e+06 -2.390924e+06 -6.292938e+06
-1.740099e+06 -2.384315e+06 -6.295979e+06
-1.738140e+06 -2.377703e+06 -6.299013e+06
-1.736179e+06 -2.371088e+06 -6.302039e+06
-1.734216e+06 -2.364470e+06 -6.305058e+06
-1.732251e+06 -2.357850e+06 -6.308069e+06
-1.730284e+06 -2.351227e+06 -6.311073e+06
-1.728315e+06 -2.344601e+06 -6.314070e+06
-1.726344e+06 -2.337973e+06 -6.317059e+06
-1.724371e+06 -2.331341e+06 -6.320041e+06
-1.722395e+06 -2.324707e+06 -6.323015e+06
-1.720418e+06 -2.318071e+06 -6.325982e+06
-1.718439e+06 -2.311432e+06 -6.328941e+06
-1.716458e+06 -2.304790e+06 -6.331894e+06
-1.714475e+06 -2.298145e+06 -6.334838e+06
-1.712490e+06 -2.291498e+06 -6.337775e+06
-1.710503e+06 -2.284848e+06 -6.340705e+06
-1.708514e+06 -2.278195e+06 -6.343627e+06
-1.706522e+06 -2.271540e+06 -6.346542e+06
-1.704529e+06 -2.264882e+06 -6.349450e+06
-1.702534e+06 -2.258221e+06 -6.352350e+06
-1.700537e+06 -2.251558e+06 -6.355242e+06
-1.698538e+06 -2.244893e+06 -6.358127e+06
-1.696537e+06 -2.238224e+06 -6.361005e+06
-1.694534e+06 -2.231553e+06 -6.363875e+06
-1.692529e+06 -2.224880e+06 -6.366737e+06
-1.690523e+06 -2.218204e+06 -6.369592e+06
-1.688514e+06 -2.211525e+06 -6.372440e+06
-1.686503e+06 -2.204844e+06 -6.375280e+06
-1.684490e+06 -2.198160e+06 -6.378113e+06
-1.682475e+06 -2.191474e+06 -6.380938e+06
-1.680459e+06 -2.184785e+06 -6.383756e+06
-1.678440e+06 -2.178094e+06 -6.386566e+06
-1.676419e+06 -2.171400e+06 -6.389369e+06
-1.674397e+06 -2.164703e+06 -6.392164e+06
-1.672372e+06 -2.158004e+06 -6.394952e+06
-1.670346e+06 -2.151303e+06 -6.397732e+06
-1.668317e+06 -2.144599e+06 -6.400505e+06
-1.666287e+06 -2.137893e+06 -6.403270e+06
-1.664255e+06 -2.131184e+06 -6.406028e+06
-1.662221e+06 -2.124472e+06 -6.408778e+06
-1.660184e+06 -2.117759e+06 -6.411521e+06
-1.658146e+06 -2.111042e+06 -6.414256e+06
-1.656106e+06 -2.104324e+06 -6.416984e+06
-1.654064e+06 -2.097602e+06 -6.419704e+06
-1.652021e+06 -2.090879e+06 -6.422416e+06
-1.649975e+06 -2.084153e+06 -6.425122e+06
-1.647927e+06 -2.077424e+06 -6.427819e+06
-1.645878e+06 -2.070694e+06 -6.430509e+06
-1.643826e+06 -2.063960e+06 -6.433191e+06
-1.641773e+06 -2.057225e+06 -6.435866e+06
-1.639717e+06 -2.050487e+06 -6.438534e+06
-1.637660e+06 -2.043747e+06 -6.441193e+06
-1.635601e+06 -2.037004e+06 -6.443846e+06
-1.633540e+06 -2.030259e+06 -6.446490e+06
-1.631477e+06 -2.023511e+06 -6.449127e+06
-1.629412e+06 -2.016761e+06 -6.451757e+06
-1.627345e+06 -2.010009e+06 -6.454379e+06
-1.625277e+06 -2.003255e+06 -6.456993e+06
-1.623206e+06 -1.996498e+06 -6.459600e+06
-1.621134e+06 -1.989739e+06 -6.462199e+06
-1.619060e+06 -1.982978e+06 -6.464791e+06
-1.616983e+06 -1.976214e+06 -6.467375e+06
-1.614905e+06 -1.969448e+06 -6.469952e+06
-1.612825e+06 -1.962680e+06 -6.472521e+06
-1.610744e+06 -1.955909e+06 -6.475082e+06
-1.608660e+06 -1.949137e+06 -6.477636e+06
-1.606574e+06 -1.942362e+06 -6.480182e+06
-1.604487e+06 -1.935584e+06 -6.482720e+06
-1.602398e+06 -1.928805e+06 -6.485251e+06
-1.600307e+06 -1.922023e+06 -6.487775e+06
-1.598214e+06 -1.915239e+06 -6.490291e+06
-1.596119e+06 -1.908453e+06 -6.492799e+06
-1.594022e+06 -1.901664e+06 -6.495299e+06
-1.591923e+06 -1.894874e+06 -6.497792e+06
-1.589823e+06 -1.888081e+06 -6.500277e+06
-1.587721e+06 -1.881286e+06 -6.502755e+06
-1.585617e+06 -1.874489e+06 -6.505225e+06
-1.583511e+06 -1.867690e+06 -6.507687e+06
-1.581403e+06 -1.860888e+06 -6.510142e+06
-1.579293e+06 -1.854084e+06 -6.512589e+06
-1.577182e+06 -1.847279e+06 -6.515029e+06
-1.575069e+06 -1.840471e+06 -6.517461e+06
-1.572953e+06 -1.833661e+06 -6.519885e+06
-1.570837e+06 -1.826848e+06 -6.522302e+06
-1.568718e+06 -1.820034e+06 -6.524711e+06
-1.566597e+06 -1.813218e+06 -6.527112e+06
-1.564475e+06 -1.806399e+06 -6.529506e+06
-1.562351e+06 -1.799579e+06 -6.531892e+06
-1.560224e+06 -1.792756e+06 -6.534270e+06
-1.558097e+06 -1.785931e+06 -6.536641e+06
-1.555967e+06 -1.779104e+06 -6.539004e+06
-1.553835e+06 -1.772276e+06 -6.541359e+06
-1.551702e+06 -1.765445e+06 -6.543707e+06
-1.549567e+06 -1.758612e+06 -6.546047e+06
-1.547430e+06 -1.751777e+06 -6.548379e+06
-1.545292e+06 -1.744940e+06 -6.550704e+06
-1.543151e+06 -1.738101e+06 -6.553021e+06
-1.541009e+06 -1.731260e+06 -6.555330e+06
-1.538865e+06 -1.724416e+06 -6.557632e+06
-1.536719e+06 -1.717571e+06 -6.559926e+06
-1.534571e+06 -1.710724e+06 -6.562212e+06
-1.532422e+06 -1.703875e+06 -6.564491e+06
-1.530271e+06 -1.697024e+06 -6.566762e+06
-1.528118e+06 -1.690171e+06 -6.569025e+06
-1.525963e+06 -1.683316e+06 -6.571280e+06
-1.523806e+06 -1.676460e+06 -6.573528e+06
-1.521648e+06 -1.669601e+06 -6.575768e+06
-1.519488e+06 -1.662740e+06 -6.578001e+06
-1.517326e+06 -1.655877e+06 -6.580225e+06
-1.515163e+06 -1.649013e+06 -6.582442e+06
-1.512997e+06 -1.642146e+06 -6.584652e+06
-1.510830e+06 -1.635278e+06 -6.586853e+06
-1.508661e+06 -1.628408e+06 -6.589047e+06
-1.506491e+06 -1.621536e+06 -6.591233e+06
-1.504318e+06 -1.614661e+06 -6.593412e+06
-1.502144e+06 -1.607786e+06 -6.595582e+06
-1.499968e+06 -1.600908e+06 -6.597745e+06
-1.497791e+06 -1.594028e+06 -6.599900e+06
-1.495611e+06 -1.587147e+06 -6.602048e+06
-1.493430e+06 -1.580263e+06 -6.604188e+06
-1.491247e+06 -1.573378e+06 -6.606320e+06
-1.489063e+06 -1.566491e+06 -6.608444e+06
-1.486877e+06 -1.559603e+06 -6.610561e+06
-1.484689e+06 -1.552712e+06 -6.612669e+06
-1.482499e+06 -1.545820e+06 -6.614770e+06
-1.480307e+06 -1.538926e+06 -6.616864e+06
-1.478114e+06 -1.532030e+06 -6.618949e+06
-1.475919e+06 -1.525132e+06 -6.621027e+06
-1.473723e+06 -1.518232e+06 -6.623097e+06
-1.471524e+06 -1.511331e+06 -6.625159e+06
-1.469324e+06 -1.504428e+06 -6.627214e+06
-1.467123e+06 -1.497524e+06 -6.629261e+06
-1.464919e+06 -1.490617e+06 -6.631300e+06
-1.462714e+06 -1.483709e+06 -6.633331e+06
-1.460507e+06 -1.476799e+06 -6.635355e+06
-1.458299e+06 -1.469888e+06 -6.637370e+06
-1.456089e+06 -1.462974e+06 -6.639378e+06
-1.453877e+06 -1.456059e+06 -6.641378e+06
-1.451663e+06 -1.449143e+06 -6.643371e+06
-1.449448e+06 -1.442224e+06 -6.645355e+06
-1.447231e+06 -1.435304e+06 -6.647332e+06
-1.445012e+06 -1.428383e+06 -6.649301e+06
-1.442792e+06 -1.421459e+06 -6.651263e+06
-1.440570e+06 -1.414534e+06 -6.653216e+06
-1.438346e+06 -1.407608e+06 -6.655162e+06
-1.436121e+06 -1.400680e+06 -6.657100e+06
-1.433894e+06 -1.393750e+06 -6.659030e+06
-1.431665e+06 -1.386818e+06 -6.660952e+06
-1.429435e+06 -1.379885e+06 -6.662866e+06
-1.427203e+06 -1.372950e+06 -6.664773e+06
-1.424969e+06 -1.366014e+06 -6.666672e+06
-1.422734e+06 -1.359076e+06 -6.668563e+06
-1.420497e+06 -1.352137e+06 -6.670446e+06
-1.418258e+06 -1.345196e+06 -6.672322e+06
-1.416018e+06 -1.338254e+06 -6.674190e+06
-1.413776e+06 -1.331309e+06 -6.676049e+06
-1.411532e+06 -1.324364e+06 -6.677902e+06
-1.409287e+06 -1.317417e+06 -6.679746e+06
-1.407040e+06 -1.310468e+06 -6.681582e+06
-1.404792e+06 -1.303518e+06 -6.683411e+06
-1.402542e+06 -1.296566e+06 -6.685232e+06
-1.400290e+06 -1.289613e+06 -6.687044e+06
-1.398037e+06 -1.282658e+06 -6.688850e+06
-1.395782e+06 -1.275702e+06 -6.690647e+06
-1.393525e+06 -1.268745e+06 -6.692436e+06
-1.391267e+06 -1.261785e+06 -6.694218e+06
-1.389007e+06 -1.254825e+06 -6.695992e+06
-1.386746e+06 -1.247863e+06 -6.697758e+06
-1.384483e+06 -1.240899e+06 -6.699516e+06
-1.382218e+06 -1.233935e+06 -6.701266e+06
-1.379952e+06 -1.226968e+06 -6.703008e+06
-1.377684e+06 -1.220000e+06 -6.704743e+06
-1.375414e+06 -1.213031e+06 -6.706470e+06
-1.373143e+06 -1.206061e+06 -6.708189e+06
-1.370871e+06 -1.199089e+06 -6.709900e+06
-1.368596e+06 -1.192116e+06 -6.711603e+06
-1.366321e+06 -1.185141e+06 -6.713298e+06
-1.364043e+06 -1.178165e+06 -6.714986e+06
-1.361764e+06 -1.171187e+06 -6.716665e+06
-1.359484e+06 -1.164208e+06 -6.718337e+06
-1.357201e+06 -1.157228e+06 -6.720001e+06
-1.354918e+06 -1.150247e+06 -6.721657e+06
-1.352632e+06 -1.143264e+06 -6.723305e+06
-1.350345e+06 -1.136280e+06 -6.724945e+06
-1.348057e+06 -1.129294e+06 -6.726578e+06
-1.345767e+06 -1.122308e+06 -6.728202e+06
-1.343475e+06 -1.115320e+06 -6.729819e+06
-1.341182e+06 -1.108330e+06 -6.731428e+06
-1.338887e+06 -1.101340e+06 -6.733029e+06
-1.336591e+06 -1.094348e+06 -6.734622e+06
-1.334293e+06 -1.087355e+06 -6.736207e+06
-1.331994e+06 -1.080360e+06 -6.737784e+06
-1.329693e+06 -1.073365e+06 -6.739354e+06
-1.327391e+06 -1.066368e+06 -6.740915e+06
-1.325087e+06 -1.059369e+06 -6.742469e+06
-1.322781e+06 -1.052370e+06 -6.744015e+06
-1.320474e+06 -1.045370e+06 -6.745552e+06
-1.318165e+06 -1.038368e+06 -6.747082e+06
-1.315855e+06 -1.031365e+06 -6.748604e+06
-1.313544e+06 -1.024361e+06 -6.750119e+06
-1.311231e+06 -1.017355e+06 -6.751625e+06
-1.308916e+06 -1.010349e+06 -6.753123e+06
-1.306600e+06 -1.003341e+06 -6.754614e+06
-1.304282e+06 -9.963320e+05 -6.756096e+06
-1.301963e+06 -9.893220e+05 -6.757571e+06
-1.299642e+06 -9.823108e+05 -6.759038e+06
-1.297319e+06 -9.752985e+05 -6.760497e+06
-1.294996e+06 -9.682851e+05 -6.761948e+06
-1.292670e+06 -9.612705e+05 -6.763391e+06
-1.290344e+06 -9.542548e+05 -6.764826e+06
-1.288015e+06 -9.472381e+05 -6.766253e+06
-1.285686e+06 -9.402202e+05 -6.767672e+06
-1.283354e+06 -9.332012e+05 -6.769084e+06
-1.281021e+06 -9.261812e+05 -6.770487e+06
-1.278687e+06 -9.191601e+05 -6.771883e+06
-1.276351e+06 -9.121379e+05 -6.773270e+06
-1.274014e+06 -9.051147e+05 -6.774650e+06
-1.271676e+06 -8.980904e+05 -6.776022e+06
-1.269335e+06 -8.910651e+05 -6.777386e+06
-1.266994e+06 -8.840387e+05 -6.778742e+06
-1.264651e+06 -8.770114e+05 -6.780090e+06
-1.262306e+06 -8.699830e+05 -6.781430e+06
-1.259960e+06 -8.629536e+05 -6.782762e+06
-1.257612e+06 -8.559232e+05 -6.784086e+06
-1.255263e+06 -8.488918e+05 -6.785402e+06
-1.252913e+06 -8.418595e+05 -6.786711e+06
-1.250561e+06 -8.348261e+05 -6.788011e+06
-1.248208e+06 -8.277918e+05 -6.789304e+06
-1.245853e+06 -8.207566e+05 -6.790588e+06
-1.243497e+06 -8.137204e+05 -6.791865e+06
-1.241139e+06 -8.066832e+05 -6.793133e+06
-1.238780e+06 -7.996451e+05 -6.794394e+06
-1.236419e+06 -7.926061e+05 -6.795647e+06
-1.234057e+06 -7.855662e+05 -6.796892e+06
-1.231694e+06 -7.785254e+05 -6.798128e+06
-1.229329e+06 -7.714836e+05 -6.799357e+06
-1.226963e+06 -7.644410e+05 -6.800578e+06
-1.224595e+06 -7.573975e+05 -6.801791e+06
-1.222226e+06 -7.503531e+05 -6.802996e+06
-1.219855e+06 -7.433078e+05 -6.804193e+06
-1.217483e+06 -7.362617e+05 -6.805382e+06
-1.215110e+06 -7.292148e+05 -6.806564e+06
-1.212735e+06 -7.221669e+05 -6.807737e+06
-1.210359e+06 -7.151183e+05 -6.808902e+06
-1.207981e+06 -7.080688e+05 -6.810059e+06
-1.205602e+06 -7.010185e+05 -6.811209e+06
-1.203222e+06 -6.939674e+05 -6.812350e+06
-1.200840e+06 -6.869155e+05 -6.813484e+06
-1.198457e+06 -6.798628e+05 -6.814609e+06
-1.196072e+06 -6.728093e+05 -6.815726e+06
-1.193686e+06 -6.657550e+05 -6.816836e+06
-1.191299e+06 -6.587000e+05 -6.817937e+06
-1.188910e+06 -6.516442e+05 -6.819031e+06
-1.186520e+06 -6.445876e+05 -6.820117e+06
-1.184128e+06 -6.375303e+05 -6.821194e+06
-1.181735e+06 -6.304723e+05 -6.822264e+06
-1.179341e+06 -6.234135e+05 -6.823325e+06
-1.176945e+06 -6.163540e+05 -6.824379e+06
-1.174548e+06 -6.092938e+05 -6.825425e+06
-1.172150e+06 -6.022329e+05 -6.826463e+06
-1.169750e+06 -5.951713e+05 -6.827492e+06
-1.167349e+06 -5.881090e+05 -6.828514e+06
-1.164947e+06 -5.810460e+05 -6.829528e+06
-1.162543e+06 -5.739823e+05 -6.830534e+06
-1.160138e+06 -5.669180e+05 -6.831531e+06
-1.157731e+06 -5.598530e+05 -6.832521e+06
-1.155323e+06 -5.527874e+05 -6.833503e+06
-1.152914e+06 -5.457211e+05 -6.834477e+06
-1.150504e+06 -5.386542e+05 -6.835443e+06
-1.148092e+06 -5.315867e+05 -6.836401e+06
-1.145678e+06 -5.245185e+05 -6.837350e+06
-1.143264e+06 -5.174498e+05 -6.838292e+06
-1.140848e+06 -5.103805e+05 -6.839226e+06
-1.138431e+06 -5.033105e+05 -6.840152e+06
-1.136012e+06 -4.962400e+05 -6.841070e+06
-1.133592e+06 -4.891689e+05 -6.841980e+06
-1.131171e+06 -4.820972e+05 -6.842882e+06
-1.128749e+06 -4.750250e+05 -6.843776e+06
-1.126325e+06 -4.679522e+05 -6.844661e+06
-1.123900e+06 -4.608789e+05 -6.845539e+06
-1.121474e+06 -4.538051e+05 -6.846409e+06
-1.119046e+06 -4.467307e+05 -6.847271e+06
-1.116617e+06 -4.396558e+05 -6.848125e+06
-1.114187e+06 -4.325804e+05 -6.848971e+06
-1.111755e+06 -4.255045e+05 -6.849809e+06
-1.109322e+06 -4.184281e+05 -6.850639e+06
-1.106888e+06 -4.113512e+05 -6.851460e+06
-1.104453e+06 -4.042738e+05 -6.852274e+06
-1.102016e+06 -3.971960e+05 -6.853080e+06
-1.099578e+06 -3.901177e+05 -6.853878e+06
-1.097138e+06 -3.830389e+05 -6.854668e+06
-1.094698e+06 -3.759597e+05 -6.855450e+06
-1.092256e+06 -3.688801e+05 -6.856223e+06
-1.089813e+06 -3.618001e+05 -6.856989e+06
-1.087369e+06 -3.547196e+05 -6.857747e+06
-1.084923e+06 -3.476387e+05 -6.858497e+06
-1.082476e+06 -3.405574e+05 -6.859238e+06
-1.080028e+06 -3.334757e+05 -6.859972e+06
-1.077578e+06 -3.263936e+05 -6.860698e+06
-1.075128e+06 -3.193112e+05 -6.861415e+06
-1.072676e+06 -3.122283e+05 -6.862125e+06
-1.070223e+06 -3.051452e+05 -6.862827e+06
-1.067768e+06 -2.980616e+05 -6.863520e+06
-1.065313e+06 -2.909777e+05 -6.864206e+06
-1.062856e+06 -2.838935e+05 -6.864883e+06
-1.060398e+06 -2.768089e+05 -6.865553e+06
-1.057938e+06 -2.697240e+05 -6.866214e+06
-1.055478e+06 -2.626388e+05 -6.866868e+06
-1.053016e+06 -2.555533e+05 -6.867513e+06
-1.050553e+06 -2.484675e+05 -6.868151e+06
-1.048089e+06 -2.413814e+05 -6.868780e+06
-1.045623e+06 -2.342951e+05 -6.869401e+06
-1.043156e+06 -2.272084e+05 -6.870015e+06
-1.040689e+06 -2.201215e+05 -6.870620e+06
-1.038219e+06 -2.130343e+05 -6.871217e+06
-1.035749e+06 -2.059469e+05 -6.871807e+06
-1.033278e+06 -1.988593e+05 -6.872388e+06
-1.030805e+06 -1.917714e+05 -6.872961e+06
-1.028331e+06 -1.846833e+05 -6.873526e+06
-1.025856e+06 -1.775949e+05 -6.874083e+06
-1.023379e+06 -1.705064e+05 -6.874632e+06
-1.020902e+06 -1.634177e+05 -6.875174e+06
-1.018423e+06 -1.563287e+05 -6.875707e+06
-1.015943e+06 -1.492396e+05 -6.876232e+06
-1.013462e+06 -1.421503e+05 -6.876748e+06
-1.010980e+06 -1.350609e+05 -6.877257e+06
-1.008497e+06 -1.279713e+05 -6.877758e+06
-1.006012e+06 -1.208815e+05 -6.878251e+06
-1.003526e+06 -1.137916e+05 -6.878736e+06
-1.001039e+06 -1.067016e+05 -6.879213e+06
-9.985514e+05 -9.961138e+04 -6.879681e+06
-9.960622e+05 -9.252110e+04 -6.880142e+06
-9.935718e+05 -8.543070e+04 -6.880595e+06
-9.910802e+05 -7.834020e+04 -6.881039e+06
-9.885875e+05 -7.124961e+04 -6.881476e+06
-9.860936e+05 -6.415894e+04 -6.881904e+06
-9.835986e+05 -5.706818e+04 -6.882325e+06
-9.811025e+05 -4.997736e+04 -6.882737e+06
-9.786052e+05 -4.288648e+04 -6.883142e+06
-9.761068e+05 -3.579554e+04 -6.883538e+06
-9.736072e+05 -2.870456e+04 -6.883926e+06
-9.711065e+05 -2.161355e+04 -6.884306e+06
-9.686047e+05 -1.452250e+04 -6.884679e+06
-9.661017e+05 -7.431435e+03 -6.885043e+06
-9.635976e+05 -3.403584e+02 -6.885399e+06
-9.610924e+05 6.750722e+03 -6.885747e+06
-9.585861e+05 1.384180e+04 -6.886087e+06
-9.560787e+05 2.093286e+04 -6.886419e+06
-9.535702e+05 2.802390e+04 -6.886743e+06
-9.510605e+05 3.511492e+04 -6.887059e+06
-9.485497e+05 4.220589e+04 -6.887366e+06
-9.460379e+05 4.929682e+04 -6.887666e+06
-9.435249e+05 5.638770e+04 -6.887958e+06
-9.410109e+05 6.347852e+04 -6.888242e+06
-9.384957e+05 7.056926e+04 -6.888517e+06
-9.359795e+05 7.765993e+04 -6.888785e+06
-9.334621e+05 8.475051e+04 -6.889044e+06
-9.309437e+05 9.184100e+04 -6.889296e+06
-9.284242e+05 9.893138e+04 -6.889539e+06
-9.259036e+05 1.060217e+05 -6.889775e+06
-9.233819e+05 1.131118e+05 -6.890002e+06
-9.208592e+05 1.202018e+05 -6.890221e+06
-9.183354e+05 1.272917e+05 -6.890432e+06
-9.158105e+05 1.343815e+05 -6.890635e+06
-9.132846e+05 1.414711e+05 -6.890831e+06
-9.107576e+05 1.485605e+05 -6.891018e+06
-9.082295e+05 1.556498e+05 -6.891197e+06
-9.057004e+05 1.627389e+05 -6.891368e+06
-9.031702e+05 1.698278e+05 -6.891530e+06
-9.006390e+05 1.769165e+05 -6.891685e+06
-8.981067e+05 1.840050e+05 -6.891832e+06
-8.955734e+05 1.910933e+05 -6.891971e+06
-8.930390e+05 1.981814e+05 -6.892101e+06
-8.905036e+05 2.052693e+05 -6.892224e+06
-8.879671e+05 2.123569e+05 -6.892339e+06
-8.854297e+05 2.194443e+05 -6.892445e+06
-8.828912e+05 2.265314e+05 -6.892544e+06
-8.803516e+05 2.336183e+05 -6.892634e+06
-8.778111e+05 2.407049e+05 -6.892716e+06
-8.752695e+05 2.477913e+05 -6.892791e+06
-8.727269e+05 2.548773e+05 -6.892857e+06
-8.701833e+05 2.619631e+05 -6.892915e+06
-8.676386e+05 2.690486e+05 -6.892965e+06
-8.650930e+05 2.761337e+05 -6.893007e+06
-8.625464e+05 2.832186e+05 -6.893041e+06
-8.599987e+05 2.903031e+05 -6.893067e+06
-8.574500e+05 2.973873e+05 -6.893085e+06
-8.549004e+05 3.044712e+05 -6.893095e+06
-8.523497e+05 3.115547e+05 -6.893097e+06
-8.497981e+05 3.186378e+05 -6.893090e+06
-8.472455e+05 3.257206e+05 -6.893076e+06
-8.446919e+05 3.328030e+05 -6.893054e+06
-8.421373e+05 3.398851e+05 -6.893023e+06
-8.395817e+05 3.469667e+05 -6.892985e+06
-8.370251e+05 3.540480e+05 -6.892938e+06
-8.344676e+05 3.611288e+05 -6.892884e+06
-8.319091e+05 3.682092e+05 -6.892821e+06
-8.293496e+05 3.752893e+05 -6.892750e+06
-8.267891e+05 3.823688e+05 -6.892671e+06
-8.242277e+05 3.894480e+05 -6.892585e+06
-8.216654e+05 3.965267e+05 -6.892490e+06
-8.191021e+05 4.036049e+05 -6.892387e+06
-8.165378e+05 4.106827e+05 -6.892276e+06
-8.139725e+05 4.177600e+05 -6.892157e+06
-8.114064e+05 4.248369e+05 -6.892030e+06
-8.088392e+05 4.319132e+05 -6.891894e+06
-8.062712e+05 4.389891e+05 -6.891751e+06
-8.037022e+05 4.460644e+05 -6.891600e+06
-8.011322e+05 4.531393e+05 -6.891441e+06
-7.985613e+05 4.602136e+05 -6.891273e+06
-7.959895e+05 4.672874e+05 -6.891098e+06
-7.934168e+05 4.743606e+05 -6.890914e+06
-7.908431e+05 4.814334e+05 -6.890723e+06
-7.882686e+05 4.885055e+05 -6.890523e+06
-7.856931e+05 4.955771e+05 -6.890316e+06
-7.831166e+05 5.026482e+05 -6.890100e+06
-7.805393e+05 5.097186e+05 -6.889876e+06
-7.779611e+05 5.167885e+05 -6.889644e+06
-7.753819e+05 5.238578e+05 -6.889404e+06
-7.728019e+05 5.309265e+05 -6.889157e+06
-7.702209e+05 5.379945e+05 -6.888901e+06
-7.676391e+05 5.450620e+05 -6.888637e+06
-7.650563e+05 5.521288e+05 -6.888364e+06
-7.624727e+05 5.591950e+05 -6.888084e+06
-7.598882e+05 5.662606e+05 -6.887796e+06
-7.573027e+05 5.733255e+05 -6.887500e+06
-7.547165e+05 5.803898e+05 -6.887196e+06
-7.521293e+05 5.874533e+05 -6.886883e+06
-7.495412e+05 5.945163e+05 -6.886563e+06
-7.469523e+05 6.015785e+05 -6.886235e+06
-7.443625e+05 6.086400e+05 -6.885898e+06
-7.417718e+05 6.157009e+05 -6.885554e+06
-7.391803e+05 6.227610e+05 -6.885201e+06
-7.365879e+05 6.298204e+05 -6.884840e+06
-7.339946e+05 6.368791e+05 -6.884472e+06
-7.314005e+05 6.439371e+05 -6.884095e+06
-7.288056e+05 6.509943e+05 -6.883710e+06
-7.262097e+05 6.580508e+05 -6.883318e+06
-7.236131e+05 6.651065e+05 -6.882917e+06
-7.210156e+05 6.721615e+05 -6.882508e+06
-7.184172e+05 6.792157e+05 -6.882091e+06
-7.158180e+05 6.862691e+05 -6.881666e+06
-7.132180e+05 6.933217e+05 -6.881233e+06
-7.106171e+05 7.003735e+05 -6.880792e+06
-7.080155e+05 7.074246e+05 -6.880343e+06
-7.054130e+05 7.144748e+05 -6.879885e+06
-7.028096e+05 7.215242e+05 -6.879420e+06
-7.002055e+05 7.285727e+05 -6.878947e+06
-6.976005e+05 7.356205e+05 -6.878466e+06
-6.949947e+05 7.426673e+05 -6.877976e+06
-6.923881e+05 7.497134e+05 -6.877479e+06
-6.897807e+05 7.567585e+05 -6.876974e+06
-6.871725e+05 7.638028e+05 -6.876460e+06
-6.845635e+05 7.708463e+05 -6.875939e+06
-6.819536e+05 7.778888e+05 -6.875409e+06
-6.793430e+05 7.849304e+05 -6.874872e+06
-6.767316e+05 7.919712e+05 -6.874326e+06
-6.741194e+05 7.990110e+05 -6.873772e+06
-6.715064e+05 8.060499e+05 -6.873211e+06
-6.688927e+05 8.130879e+05 -6.872641e+06
-6.662781e+05 8.201250e+05 -6.872063e+06
-6.636628e+05 8.271611e+05 -6.871478e+06
-6.610467e+05 8.341962e+05 -6.870884e+06
-6.584298e+05 8.412304e+05 -6.870282e+06
-6.558122e+05 8.482637e+05 -6.869672e+06
-6.531937e+05 8.552959e+05 -6.869054e+06
-6.505746e+05 8.623272e+05 -6.868428e+06
-6.479546e+05 8.693575e+05 -6.867794e+06
-6.453339e+05 8.763868e+05 -6.867152e+06
-6.427125e+05 8.834150e+05 -6.866502e+06
-6.400903e+05 8.904423e+05 -6.865844e+06
-6.374673e+05 8.974685e+05 -6.865178e+06
-6.348436e+05 9.044938e+05 -6.864504e+06
-6.322192e+05 9.115179e+05 -6.863822e+06
-6.295940e+05 9.185411e+05 -6.863132e+06
-6.269681e+05 9.255631e+05 -6.862434e+06
-6.243415e+05 9.325841e+05 -6.861727e+06
-6.217141e+05 9.396040e+05 -6.861013e+06
-6.190860e+05 9.466229e+05 -6.860291e+06
-6.164572e+05 9.536407e+05 -6.859561e+06
-6.138276e+05 9.606573e+05 -6.858822e+06
-6.111973e+05 9.676729e+05 -6.858076e+06
-6.085664e+05 9.746873e+05 -6.857322e+06
-6.059347e+05 9.817007e+05 -6.856559e+06
-6.033023e+05 9.887129e+05 -6.855789e+06
-6.006691e+05 9.957239e+05 -6.855011e+06
-5.980353e+05 1.002734e+06 -6.854224e+06
-5.954008e+05 1.009743e+06 -6.853430e+06
-5.927656e+05 1.016750e+06 -6.852628e+06
-5.901297e+05 1.023757e+06 -6.851817e+06
-5.874931e+05 1.030762e+06 -6.850999e+06
-5.848558e+05 1.037766e+06 -6.850172e+06
-5.822179e+05 1.044769e+06 -6.849338e+06
-5.795792e+05 1.051771e+06 -6.848495e+06
-5.769399e+05 1.058771e+06 -6.847645e+06
-5.742999e+05 1.065770e+06 -6.846786e+06
-5.716592e+05 1.072768e+06 -6.845920e+06
-5.690179e+05 1.079765e+06 -6.845045e+06
-5.663759e+05 1.086761e+06 -6.844163e+06
-5.637332e+05 1.093755e+06 -6.843272e+06
-5.610898e+05 1.100748e+06 -6.842374e+06
-5.584458e+05 1.107740e+06 -6.841467e+06
-5.558012e+05 1.114730e+06 -6.840553e+06
-5.531559e+05 1.121719e+06 -6.839630e+06
-5.505100e+05 1.128707e+06 -6.838700e+06
-5.478634e+05 1.135694e+06 -6.837761e+06
-5.452161e+05 1.142679e+06 -6.836815e+06
-5.425682e+05 1.149663e+06 -6.835860e+06
-5.399197e+05 1.156646e+06 -6.834898e+06
-5.372706e+05 1.163627e+06 -6.833927e+06
-5.346208e+05 1.170607e+06 -6.832949e+06
-5.319704e+05 1.177586e+06 -6.831962e+06
-5.293194e+05 1.184563e+06 -6.830968e+06
-5.266678e+05 1.191539e+06 -6.829965e+06
-5.240155e+05 1.198514e+06 -6.828955e+06
-5.213626e+05 1.205487e+06 -6.827936e+06
-5.187091e+05 1.212459e+06 -6.826910e+06
-5.160550e+05 1.219429e+06 -6.825876e+06
-5.134003e+05 1.226398e+06 -6.824833e+06
-5.107450e+05 1.233366e+06 -6.823783e+06
-5.080891e+05 1.240332e+06 -6.822724e+06
-5.054326e+05 1.247297e+06 -6.821658e+06
-5.027755e+05 1.254260e+06 -6.820584e+06
-5.001178e+05 1.261222e+06 -6.819501e+06
-4.974595e+05 1.268182e+06 -6.818411e+06
-4.948007e+05 1.275141e+06 -6.817313e+06
-4.921413e+05 1.282099e+06 -6.816207e+06
-4.894812e+05 1.289055e+06 -6.815092e+06
-4.868206e+05 1.296009e+06 -6.813970e+06
-4.841595e+05 1.302962e+06 -6.812840e+06
-4.814977e+05 1.309914e+06 -6.811702e+06
-4.788354e+05 1.316864e+06 -6.810556e+06
-4.761726e+05 1.323813e+06 -6.809402e+06
-4.735092e+05 1.330760e+06 -6.808240e+06
-4.708452e+05 1.337705e+06 -6.807070e+06
-4.681807e+05 1.344649e+06 -6.805892e+06
-4.655156e+05 1.351591e+06 -6.804706e+06
-4.628499e+05 1.358532e+06 -6.803512e+06
-4.601838e+05 1.365471e+06 -6.802310e+06
-4.575171e+05 1.372409e+06 -6.801101e+06
-4.548498e+05 1.379345e+06 -6.799883e+06
-4.521820e+05 1.386280e+06 -6.798657e+06
-4.495137e+05 1.393213e+06 -6.797424e+06
-4.468449e+05 1.400144e+06 -6.796182e+06
-4.441755e+05 1.407074e+06 -6.794932e+06
-4.415056e+05 1.414002e+06 -6.793675e+06
-4.388352e+05 1.420928e+06 -6.792409e+06
-4.361642e+05 1.427853e+06 -6.791136e+06
-4.334928e+05 1.434776e+06 -6.789855e+06
-4.308208e+05 1.441698e+06 -6.788565e+06
-4.281484e+05 1.448617e+06 -6.787268e+06
-4.254754e+05 1.455536e+06 -6.785963e+06
-4.228019e+05 1.462452e+06 -6.784650e+06
-4.201279e+05 1.469367e+06 -6.783329e+06
-4.174535e+05 1.476280e+06 -6.782000e+06
-4.147785e+05 1.483191e+06 -6.780663e+06
-4.121031e+05 1.490101e+06 -6.779318e+06
-4.094272e+05 1.497009e+06 -6.777965e+06
-4.067507e+05 1.503915e+06 -6.776604e+06
-4.040738e+05 1.510820e+06 -6.775236e+06
-4.013965e+05 1.517723e+06 -6.773859e+06
-3.987186e+05 1.524624e+06 -6.772475e+06
-3.960403e+05 1.531523e+06 -6.771082e+06
-3.933615e+05 1.538421e+06 -6.769682e+06
-3.906823e+05 1.545317e+06 -6.768274e+06
-3.880026e+05 1.552210e+06 -6.766857e+06
-3.853224e+05 1.559103e+06 -6.765433e+06
-3.826418e+05 1.565993e+06 -6.764001e+06
-3.799607e+05 1.572882e+06 -6.762561e+06
-3.772792e+05 1.579768e+06 -6.761113e+06
-3.745972e+05 1.586653e+06 -6.759657e+06
-3.719148e+05 1.593537e+06 -6.758194e+06
-3.692320e+05 1.600418e+06 -6.756722e+06
-3.665487e+05 1.607297e+06 -6.755243e+06
-3.638650e+05 1.614175e+06 -6.753755e+06
-3.611808e+05 1.621051e+06 -6.752260e+06
-3.584962e+05 1.627925e+06 -6.750757e+06
-3.558112e+05 1.634797e+06 -6.749245e+06
-3.531258e+05 1.641667e+06 -6.747726e+06
-3.504400e+05 1.648535e+06 -6.746199e+06
-3.477537e+05 1.655401e+06 -6.744665e+06
-3.450671e+05 1.662266e+06 -6.743122e+06
-3.423800e+05 1.669128e+06 -6.741571e+06
-3.396925e+05 1.675989e+06 -6.740013e+06
-3.370046e+05 1.682847e+06 -6.738446e+06
-3.343164e+05 1.689704e+06 -6.736872e+06
-3.316277e+05 1.696559e+06 -6.735290e+06
-3.289386e+05 1.703412e+06 -6.733700e+06
-3.262491e+05 1.710262e+06 -6.732102e+06
-3.235593e+05 1.717111e+06 -6.730496e+06
-3.208691e+05 1.723958e+06 -6.728882e+06
-3.181785e+05 1.730803e+06 -6.727260e+06
-3.154875e+05 1.737646e+06 -6.725631e+06
-3.127961e+05 1.744487e+06 -6.723994e+06
-3.101044e+05 1.751326e+06 -6.722348e+06
-3.074123e+05 1.758163e+06 -6.720695e+06
-3.047198e+05 1.764997e+06 -6.719034e+06
-3.020270e+05 1.771830e+06 -6.717365e+06
-2.993338e+05 1.778661e+06 -6.715689e+06
-2.966402e+05 1.785490e+06 -6.714004e+06
-2.939463e+05 1.792316e+06 -6.712312e+06
-2.912521e+05 1.799141e+06 -6.710611e+06
-2.885575e+05 1.805963e+06 -6.708903e+06
-2.858626e+05 1.812784e+06 -6.707187e+06
-2.831673e+05 1.819602e+06 -6.705463e+06
-2.804717e+05 1.826418e+06 -6.703732e+06
-2.777757e+05 1.833232e+06 -6.701992e+06
-2.750794e+05 1.840044e+06 -6.700245e+06
-2.723828e+05 1.846854e+06 -6.698489e+06
-2.696859e+05 1.853662e+06 -6.696726e+06
-2.669886e+05 1.860468e+06 -6.694955e+06
-2.642911e+05 1.867271e+06 -6.693177e+06
-2.615932e+05 1.874073e+06 -6.691390e+06
-2.588950e+05 1.880872e+06 -6.689595e+06
-2.561965e+05 1.887669e+06 -6.687793e+06
-2.534976e+05 1.894463e+06 -6.685983e+06
-2.507985e+05 1.901256e+06 -6.684165e+06
-2.480991e+05 1.908047e+06 -6.682339e+06
-2.453994e+05 1.914835e+06 -6.680506e+06
-2.426994e+05 1.921621e+06 -6.678664e+06
-2.399991e+05 1.928405e+06 -6.676815e+06
-2.372985e+05 1.935186e+06 -6.674958e+06
-2.345976e+05 1.941966e+06 -6.673093e+06
-2.318965e+05 1.948743e+06 -6.671220e+06
-2.291950e+05 1.955517e+06 -6.669339e+06
-2.264933e+05 1.962290e+06 -6.667451e+06
-2.237914e+05 1.969060e+06 -6.665555e+06
-2.210891e+05 1.975828e+06 -6.663651e+06
-2.183866e+05 1.982594e+06 -6.661739e+06
-2.156838e+05 1.989358e+06 -6.659820e+06
-2.129808e+05 1.996119e+06 -6.657892e+06
-2.102775e+05 2.002878e+06 -6.655957e+06
-2.075740e+05 2.009634e+06 -6.654014e+06
-2.048702e+05 2.016389e+06 -6.652063e+06
-2.021661e+05 2.023141e+06 -6.650105e+06
-1.994619e+05 2.029890e+06 -6.648138e+06
-1.967573e+05 2.036638e+06 -6.646164e+06
-1.940526e+05 2.043382e+06 -6.644182e+06
-1.913476e+05 2.050125e+06 -6.642192e+06
-1.886423e+05 2.056865e+06 -6.640195e+06
-1.859369e+05 2.063603e+06 -6.638189e+06
-1.832312e+05 2.070338e+06 -6.636176e+06
-1.805253e+05 2.077071e+06 -6.634155e+06
-1.778192e+05 2.083802e+06 -6.632127e+06
-1.751129e+05 2.090530e+06 -6.630090e+06
-1.724063e+05 2.097256e+06 -6.628046e+06
-1.696996e+05 2.103980e+06 -6.625994e+06
-1.669926e+05 2.110701e+06 -6.623934e+06
-1.642854e+05 2.117419e+06 -6.621867e+06
-1.615781e+05 2.124135e+06 -6.619792e+06
-1.588705e+05 2.130849e+06 -6.617709e+06
-1.561627e+05 2.137560e+06 -6.615618e+06
-1.534548e+05 2.144269e+06 -6.613519e+06
-1.507467e+05 2.150975e+06 -6.611413e+06
-1.480383e+05 2.157679e+06 -6.609299e+06
-1.453298e+05 2.164380e+06 -6.607177e+06
-1.426212e+05 2.171079e+06 -6.605048e+06
-1.399123e+05 2.177775e+06 -6.602911e+06
-1.372033e+05 2.184469e+06 -6.600766e+06
-1.344941e+05 2.191160e+06 -6.598613e+06
-1.317847e+05 2.197849e+06 -6.596452e+06
-1.290752e+05 2.204535e+06 -6.594284e+06
-1.263655e+05 2.211218e+06 -6.592108e+06
-1.236557e+05 2.217899e+06 -6.589925e+06
-1.209457e+05 2.224578e+06 -6.587733e+06
-1.182356e+05 2.231254e+06 -6.585534e+06
-1.155253e+05 2.237927e+06 -6.583327e+06
-1.128149e+05 2.244598e+06 -6.581113e+06
-1.101043e+05 2.251266e+06 -6.578890e+06
-1.073936e+05 2.257931e+06 -6.576660e+06
-1.046828e+05 2.264594e+06 -6.574423e+06
-1.019718e+05 2.271255e+06 -6.572177e+06
-9.926069e+04 2.277912e+06 -6.569924e+06
-9.654947e+04 2.284568e+06 -6.567663e+06
-9.383812e+04 2.291220e+06 -6.565395e+06
-9.112666e+04 2.297870e+06 -6.563119e+06
-8.841508e+04 2.304517e+06 -6.560835e+06
-8.570339e+04 2.311161e+06 -6.558543e+06
-8.299159e+04 2.317803e+06 -6.556244e+06
-8.027968e+04 2.324442e+06 -6.553937e+06
-7.756767e+04 2.331079e+06 -6.551622e+06
-7.485557e+04 2.337712e+06 -6.549300e+06
-7.214336e+04 2.344344e+06 -6.546970e+06
-6.943106e+04 2.350972e+06 -6.544632e+06
-6.671868e+04 2.357597e+06 -6.542287e+06
-6.400620e+04 2.364220e+06 -6.539933e+06
-6.129364e+04 2.370841e+06 -6.537573e+06
-5.858100e+04 2.377458e+06 -6.535204e+06
-5.586829e+04 2.384073e+06 -6.532828e+06
-5.315550e+04 2.390685e+06 -6.530445e+06
-5.044263e+04 2.397294e+06 -6.528053e+06
-4.772970e+04 2.403900e+06 -6.525654e+06
-4.501671e+04 2.410504e+06 -6.523247e+06
-4.230365e+04 2.417104e+06 -6.520833e+06
-3.959053e+04 2.423702e+06 -6.518411e+06
-3.687736e+04 2.430298e+06 -6.515981e+06
-3.416413e+04 2.436890e+06 -6.513544e+06
-3.145086e+04 2.443480e+06 -6.511099e+06
-2.873754e+04 2.450066e+06 -6.508646e+06
-2.602418e+04 2.456650e+06 -6.506186e+06
-2.331077e+04 2.463232e+06 -6.503718e+06
-2.059733e+04 2.469810e+06 -6.501243e+06
-1.788386e+04 2.476385e+06 -6.498760e+06
-1.517036e+04 2.482958e+06 -6.496269e+06
-1.245682e+04 2.489527e+06 -6.493771e+06
-9.743268e+03 2.496094e+06 -6.491265e+06
-7.029692e+03 2.502658e+06 -6.488751e+06
-4.316097e+03 2.509219e+06 -6.486230e+06
-1.602488e+03 2.515777e+06 -6.483701e+06
1.111133e+03 2.522332e+06 -6.481164e+06
3.824762e+03 2.528885e+06 -6.478620e+06
6.538396e+03 2.535434e+06 -6.476069e+06
9.252033e+03 2.541980e+06 -6.473509e+06
1.196567e+04 2.548524e+06 -6.470943e+06
1.467930e+04 2.555064e+06 -6.468368e+06
1.739292e+04 2.561602e+06 -6.465786e+06
2.010654e+04 2.568136e+06 -6.463196e+06
2.282014e+04 2.574668e+06 -6.460599e+06
2.553372e+04 2.581197e+06 -6.457994e+06
2.824729e+04 2.587722e+06 -6.455382e+06
3.096083e+04 2.594245e+06 -6.452762e+06
3.367434e+04 2.600765e+06 -6.450135e+06
3.638783e+04 2.607281e+06 -6.447499e+06
3.910128e+04 2.613795e+06 -6.444857e+06
4.181469e+04 2.620306e+06 -6.442207e+06
4.452807e+04 2.626813e+06 -6.439549e+06
4.724141e+04 2.633318e+06 -6.436883e+06
4.995470e+04 2.639819e+06 -6.434210e+06
5.266794e+04 2.646318e+06 -6.431530e+06
5.538114e+04 2.652813e+06 -6.428842e+06
5.809427e+04 2.659306e+06 -6.426146e+06
6.080735e+04 2.665795e+06 -6.423443e+06
6.352037e+04 2.672281e+06 -6.420732e+06
6.623333e+04 2.678764e+06 -6.418014e+06
6.894621e+04 2.685244e+06 -6.415289e+06
7.165903e+04 2.691721e+06 -6.412555e+06
7.437177e+04 2.698195e+06 -6.409814e+06
7.708444e+04 2.704665e+06 -6.407066e+06
7.979703e+04 2.711133e+06 -6.404310e+06
8.250953e+04 2.717597e+06 -6.401547e+06
8.522195e+04 2.724058e+06 -6.398776e+06
8.793428e+04 2.730516e+06 -6.395998e+06
9.064652e+04 2.736971e+06 -6.393212e+06
9.335866e+04 2.743423e+06 -6.390418e+06
9.607071e+04 2.749872e+06 -6.387617e+06
9.878265e+04 2.756317e+06 -6.384809e+06
1.014945e+05 2.762759e+06 -6.381993e+06
1.042062e+05 2.769198e+06 -6.379169e+06
1.069178e+05 2.775634e+06 -6.376338e+06
1.096293e+05 2.782066e+06 -6.373500e+06
1.123407e+05 2.788496e+06 -6.370654e+06
1.150520e+05 2.794922e+06 -6.367801e+06
1.177631e+05 2.801345e+06 -6.364940e+06
1.204741e+05 2.807764e+06 -6.362071e+06
1.231850e+05 2.814181e+06 -6.359196e+06
1.258958e+05 2.820594e+06 -6.356312e+06
1.286064e+05 2.827004e+06 -6.353422e+06
1.313169e+05 2.833410e+06 -6.350523e+06
1.340272e+05 2.839814e+06 -6.347618e+06
1.367374e+05 2.846214e+06 -6.344704e+06
1.394474e+05 2.852610e+06 -6.341784e+06
1.421573e+05 2.859004e+06 -6.338856e+06
1.448670e+05 2.865394e+06 -6.335920e+06
1.475766e+05 2.871781e+06 -6.332977e+06
1.502860e+05 2.878164e+06 -6.330027e+06
1.529953e+05 2.884544e+06 -6.327069e+06
1.557043e+05 2.890921e+06 -6.324104e+06
1.584132e+05 2.897294e+06 -6.321131e+06
1.611220e+05 2.903665e+06 -6.318151e+06
1.638305e+05 2.910031e+06 -6.315163e+06
1.665389e+05 2.916395e+06 -6.312168e+06
1.692471e+05 2.922755e+06 -6.309166e+06
1.719551e+05 2.929111e+06 -6.306156e+06
1.746629e+05 2.935464e+06 -6.303139e+06
1.773705e+05 2.941814e+06 -6.300114e+06
1.800780e+05 2.948160e+06 -6.297082e+06
1.827852e+05 2.954503e+06 -6.294043e+06
1.854922e+05 2.960843e+06 -6.290996e+06
1.881990e+05 2.967179e+06 -6.287942e+06
1.909056e+05 2.973512e+06 -6.284880e+06
1.936120e+05 2.979841e+06 -6.281811e+06
1.963182e+05 2.986167e+06 -6.278734e+06
1.990242e+05 2.992489e+06 -6.275651e+06
2.017299e+05 2.998808e+06 -6.272559e+06
2.044354e+05 3.005123e+06 -6.269461e+06
2.071407e+05 3.011435e+06 -6.266355e+06
2.098458e+05 3.017743e+06 -6.263242e+06
2.125506e+05 3.024048e+06 -6.260121e+06
2.152552e+05 3.030350e+06 -6.256993e+06
2.179595e+05 3.036648e+06 -6.253858e+06
2.206636e+05 3.042942e+06 -6.250715e+06
2.233675e+05 3.049233e+06 -6.247565e+06
2.260711e+05 3.055520e+06 -6.244407e+06
2.287744e+05 3.061804e+06 -6.241243e+06
2.314775e+05 3.068084e+06 -6.238070e+06
2.341804e+05 3.074361e+06 -6.234891e+06
2.368829e+05 3.080634e+06 -6.231704e+06
2.395853e+05 3.086903e+06 -6.228510e+06
2.422873e+05 3.093169e+06 -6.225309e+06
2.449891e+05 3.099431e+06 -6.222100e+06
2.476906e+05 3.105690e+06 -6.218884e+06
2.503918e+05 3.111945e+06 -6.215660e+06
2.530927e+05 3.118197e+06 -6.212430e+06
2.557934e+05 3.124445e+06 -6.209192e+06
2.584937e+05 3.130689e+06 -6.205946e+06
2.611938e+05 3.136930e+06 -6.202694e+06
2.638936e+05 3.143167e+06 -6.199434e+06
2.665931e+05 3.149400e+06 -6.196167e+06
2.692922e+05 3.155630e+06 -6.192892e+06
2.719911e+05 3.161856e+06 -6.189610e+06
2.746897e+05 3.168078e+06 -6.186321e+06
2.773879e+05 3.174297e+06 -6.183025e+06
2.800859e+05 3.180512e+06 -6.179721e+06
2.827835e+05 3.186723e+06 -6.176410e+06
2.854808e+05 3.192931e+06 -6.173092e+06
2.881778e+05 3.199135e+06 -6.169767e+06
2.908745e+05 3.205335e+06 -6.166434e+06
2.935708e+05 3.211532e+06 -6.163094e+06
2.962668e+05 3.217725e+06 -6.159747e+06
2.989625e+05 3.223914e+06 -6.156392e+06
3.016578e+05 3.230099e+06 -6.153031e+06
3.043528e+05 3.236281e+06 -6.149662e+06
3.070475e+05 3.242458e+06 -6.146285e+06
3.097418e+05 3.248632e+06 -6.142902e+06
3.124357e+05 3.254803e+06 -6.139511e+06
3.151293e+05 3.260969e+06 -6.136113e+06
3.178226e+05 3.267132e+06 -6.132708e+06
3.205154e+05 3.273291e+06 -6.129296e+06
3.232079e+05 3.279446e+06 -6.125877e+06
3.259001e+05 3.285597e+06 -6.122450e+06
3.285919e+05 3.291745e+06 -6.119016e+06
3.312833e+05 3.297889e+06 -6.115575e+06
3.339743e+05 3.304028e+06 -6.112126e+06
3.366650e+05 3.310164e+06 -6.108671e+06
3.393552e+05 3.316297e+06 -6.105208e+06
3.420451e+05 3.322425e+06 -6.101738e+06
3.447346e+05 3.328549e+06 -6.098261e+06
3.474237e+05 3.334670e+06 -6.094777e+06
3.501124e+05 3.340787e+06 -6.091285e+06
3.528007e+05 3.346900e+06 -6.087786e+06
3.554887e+05 3.353009e+06 -6.084281e+06
3.581762e+05 3.359114e+06 -6.080768e+06
3.608633e+05 3.365215e+06 -6.077247e+06
3.635500e+05 3.371312e+06 -6.073720e+06
3.662362e+05 3.377406e+06 -6.070186e+06
3.689221e+05 3.383495e+06 -6.066644e+06
3.716075e+05 3.389581e+06 -6.063095e+06
3.742926e+05 3.395662e+06 -6.059539e+06
3.769771e+05 3.401740e+06 -6.055976e+06
3.796613e+05 3.407813e+06 -6.052406e+06
3.823450e+05 3.413883e+06 -6.048829e+06
3.850283e+05 3.419949e+06 -6.045244e+06
3.877112e+05 3.426011e+06 -6.041653e+06
3.903936e+05 3.432069e+06 -6.038054e+06
3.930756e+05 3.438122e+06 -6.034448e+06
3.957571e+05 3.444172e+06 -6.030836e+06
3.984382e+05 3.450218e+06 -6.027216e+06
4.011188e+05 3.456260e+06 -6.023588e+06
4.037990e+05 3.462298e+06 -6.019954e+06
4.064787e+05 3.468331e+06 -6.016313e+06
4.091579e+05 3.474361e+06 -6.012665e+06
4.118367e+05 3.480387e+06 -6.009009e+06
4.145150e+05 3.486409e+06 -6.005347e+06
4.171928e+05 3.492426e+06 -6.001677e+06
4.198701e+05 3.498440e+06 -5.998000e+06
4.225470e+05 3.504449e+06 -5.994316e+06
4.252234e+05 3.510455e+06 -5.990626e+06
4.278993e+05 3.516456e+06 -5.986928e+06
4.305747e+05 3.522453e+06 -5.983223e+06
4.332496e+05 3.528447e+06 -5.979511e+06
4.359241e+05 3.534436e+06 -5.975792e+06
4.385980e+05 3.540421e+06 -5.972066e+06
4.412714e+05 3.546401e+06 -5.968333e+06
4.439443e+05 3.552378e+06 -5.964592e+06
4.466168e+05 3.558351e+06 -5.960845e+06
4.492887e+05 3.564319e+06 -5.957091e+06
4.519600e+05 3.570283e+06 -5.953330e+06
4.546309e+05 3.576244e+06 -5.949561e+06
4.573013e+05 3.582200e+06 -5.945786e+06
4.599711e+05 3.588151e+06 -5.942004e+06
4.626404e+05 3.594099e+06 -5.938215e+06
4.653092e+05 3.600043e+06 -5.934418e+06
4.679774e+05 3.605982e+06 -5.930615e+06
4.706451e+05 3.611917e+06 -5.926805e+06
4.733123e+05 3.617848e+06 -5.922987e+06
4.759789e+05 3.623775e+06 -5.919163e+06
4.786450e+05 3.629697e+06 -5.915332e+06
4.813106e+05 3.635615e+06 -5.911494e+06
4.839755e+05 3.641529e+06 -5.907648e+06
4.866400e+05 3.647439e+06 -5.903796e+06
4.893038e+05 3.653345e+06 -5.899937e+06
4.919671e+05 3.659246e+06 -5.896071e+06
4.946299e+05 3.665143e+06 -5.892198e+06
4.972921e+05 3.671036e+06 -5.888318e+06
4.999537e+05 3.676925e+06 -5.884431e+06
5.026147e+05 3.682809e+06 -5.880537e+06
5.052752e+05 3.688689e+06 -5.876636e+06
5.079350e+05 3.694564e+06 -5.872729e+06
5.105943e+05 3.700436e+06 -5.868814e+06
5.132531e+05 3.706303e+06 -5.864892e+06
5.159112e+05 3.712166e+06 -5.860964e+06
5.185687e+05 3.718024e+06 -5.857028e+06
5.212256e+05 3.723878e+06 -5.853086e+06
5.238820e+05 3.729728e+06 -5.849137e+06
5.265377e+05 3.735574e+06 -5.845181e+06
5.291929e+05 3.741415e+06 -5.841218e+06
5.318474e+05 3.747251e+06 -5.837248e+06
5.345013e+05 3.753084e+06 -5.833271e+06
5.371546e+05 3.758912e+06 -5.829287e+06
5.398073e+05 3.764735e+06 -5.825297e+06
5.424593e+05 3.770555e+06 -5.821299e+06
5.451108e+05 3.776370e+06 -5.817295e+06
5.477616e+05 3.782180e+06 -5.813284e+06
5.504118e+05 3.787986e+06 -5.809266e+06
5.530613e+05 3.793788e+06 -5.805241e+06
5.557102e+05 3.799585e+06 -5.801209e+06
5.583585e+05 3.805378e+06 -5.797170e+06
5.610062e+05 3.811166e+06 -5.793125e+06
5.636531e+05 3.816950e+06 -5.789072e+06
5.662995e+05 3.822730e+06 -5.785013e+06
5.689452e+05 3.828505e+06 -5.780947e+06
5.715902e+05 3.834275e+06 -5.776875e+06
5.742346e+05 3.840042e+06 -5.772795e+06
5.768783e+05 3.845803e+06 -5.768709e+06
5.795214e+05 3.851561e+06 -5.764615e+06
5.821638e+05 3.857313e+06 -5.760515e+06
5.848055e+05 3.863061e+06 -5.756408e+06
5.874465e+05 3.868805e+06 -5.752295e+06
5.900869e+05 3.874544e+06 -5.748174e+06
5.927266e+05 3.880279e+06 -5.744047e+06
5.953656e+05 3.886009e+06 -5.739913e+06
5.980039e+05 3.891735e+06 -5.735772e+06
6.006416e+05 3.897456e+06 -5.731625e+06
6.032785e+05 3.903173e+06 -5.727470e+06
6.059148e+05 3.908885e+06 -5.723309e+06
6.085503e+05 3.914592e+06 -5.719142e+06
6.111852e+05 3.920295e+06 -5.714967e+06
6.138193e+05 3.925994e+06 -5.710786e+06
6.164527e+05 3.931687e+06 -5.706597e+06
6.190855e+05 3.937377e+06 -5.702403e+06
6.217175e+05 3.943061e+06 -5.698201e+06
6.243488e+05 3.948741e+06 -5.693993e+06
6.269794e+05 3.954417e+06 -5.689778e+06
6.296092e+05 3.960087e+06 -5.685556e+06
6.322384e+05 3.965754e+06 -5.681327e+06
6.348668e+05 3.971415e+06 -5.677092e+06
6.374944e+05 3.977072e+06 -5.672850e+06
6.401214e+05 3.982725e+06 -5.668602e+06
6.427476e+05 3.988372e+06 -5.664346e+06
6.453730e+05 3.994015e+06 -5.660084e+06
6.479978e+05 3.999654e+06 -5.655816e+06
6.506217e+05 4.005287e+06 -5.651540e+06
6.532449e+05 4.010916e+06 -5.647258e+06
6.558674e+05 4.016541e+06 -5.642970e+06
6.584891e+05 4.022161e+06 -5.638674e+06
6.611101e+05 4.027776e+06 -5.634372e+06
6.637302e+05 4.033386e+06 -5.630064e+06
6.663497e+05 4.038992e+06 -5.625748e+06
6.689683e+05 4.044592e+06 -5.621426e+06
6.715862e+05 4.050189e+06 -5.617098e+06
6.742033e+05 4.055780e+06 -5.612762e+06
6.768196e+05 4.061367e+06 -5.608420e+06
6.794352e+05 4.066949e+06 -5.604072e+06
6.820499e+05 4.072526e+06 -5.599717e+06
6.846639e+05 4.078099e+06 -5.595355e+06
6.872771e+05 4.083666e+06 -5.590986e+06
6.898894e+05 4.089229e+06 -5.586611e+06
6.925010e+05 4.094788e+06 -5.582230e+06
6.951118e+05 4.100341e+06 -5.577841e+06
6.977218e+05 4.105890e+06 -5.573447e+06
7.003310e+05 4.111434e+06 -5.569045e+06
7.029394e+05 4.116973e+06 -5.564637e+06
7.055469e+05 4.122507e+06 -5.560223e+06
7.081537e+05 4.128037e+06 -5.555801e+06
7.107596e+05 4.133561e+06 -5.551374e+06
7.133647e+05 4.139081e+06 -5.546939e+06
7.159690e+05 4.144596e+06 -5.542498e+06
7.185724e+05 4.150106e+06 -5.538051e+06
7.211751e+05 4.155612e+06 -5.533597e+06
7.237769e+05 4.161112e+06 -5.529137e+06
7.263778e+05 4.166608e+06 -5.524670e+06
7.289779e+05 4.172098e+06 -5.520196e+06
7.315772e+05 4.177584e+06 -5.515716e+06
7.341756e+05 4.183065e+06 -5.511229e+06
7.367732e+05 4.188542e+06 -5.506736e+06
7.393699e+05 4.194013e+06 -5.502236e+06
7.419658e+05 4.199479e+06 -5.497730e+06
7.445608e+05 4.204941e+06 -5.493218e+06
7.471549e+05 4.210397e+06 -5.488698e+06
7.497482e+05 4.215849e+06 -5.484173e+06
7.523406e+05 4.221296e+06 -5.479640e+06
7.549322e+05 4.226737e+06 -5.475102e+06
7.575228e+05 4.232174e+06 -5.470557e+06
7.601126e+05 4.237606e+06 -5.466005e+06
7.627016e+05 4.243033e+06 -5.461447e+06
7.652896e+05 4.248455e+06 -5.456882e+06
7.678767e+05 4.253872e+06 -5.452311e+06
7.704630e+05 4.259284e+06 -5.447734e+06
7.730484e+05 4.264692e+06 -5.443150e+06
7.756328e+05 4.270094e+06 -5.438560e+06
7.782164e+05 4.275491e+06 -5.433963e+06
7.807991e+05 4.280883e+06 -5.429360e+06
7.833808e+05 4.286270e+06 -5.424750e+06
7.859617e+05 4.291652e+06 -5.420134e+06
7.885417e+05 4.297030e+06 -5.415512e+06
7.911207e+05 4.302402e+06 -5.410883e+06
7.936988e+05 4.307769e+06 -5.406247e+06
7.962760e+05 4.313131e+06 -5.401606e+06
7.988523e+05 4.318488e+06 -5.396958e+06
8.014277e+05 4.323840e+06 -5.392303e+06
8.040021e+05 4.329187e+06 -5.387642e+06
8.065756e+05 4.334529e+06 -5.382975e+06
8.091481e+05 4.339866e+06 -5.378302e+06
8.117198e+05 4.345198e+06 -5.373622e+06
8.142904e+05 4.350524e+06 -5.368935e+06
8.168602e+05 4.355846e+06 -5.364242e+06
8.194290e+05 4.361162e+06 -5.359543e+06
8.219968e+05 4.366474e+06 -5.354838e+06
8.245637e+05 4.371780e+06 -5.350126e+06
8.271296e+05 4.377081e+06 -5.345408e+06
8.296946e+05 4.382378e+06 -5.340684e+06
8.322586e+05 4.387669e+06 -5.335953e+06
8.348216e+05 4.392954e+06 -5.331216e+06
8.373837e+05 4.398235e+06 -5.326473e+06
8.399448e+05 4.403511e+06 -5.321723e+06
8.425050e+05 4.408781e+06 -5.316967e+06
8.450641e+05 4.414046e+06 -5.312205e+06
8.476223e+05 4.419307e+06 -5.307436e+06
8.501795e+05 4.424562e+06 -5.302661e+06
8.527357e+05 4.429811e+06 -5.297880e+06
8.552909e+05 4.435056e+06 -5.293093e+06
8.578451e+05 4.440295e+06 -5.288299e+06
8.603983e+05 4.445530e+06 -5.283499e+06
8.629506e+05 4.450759e+06 -5.278693e+06
8.655018e+05 4.455983e+06 -5.273880e+06
8.680520e+05 4.461201e+06 -5.269062e+06
8.706012e+05 4.466415e+06 -5.264237e+06
8.731494e+05 4.471623e+06 -5.259405e+06
8.756966e+05 4.476826e+06 -5.254568e+06
8.782428e+05 4.482024e+06 -5.249724e+06
8.807879e+05 4.487216e+06 -5.244874e+06
8.833321e+05 4.492403e+06 -5.240018e+06
8.858752e+05 4.497585e+06 -5.235156e+06
8.884173e+05 4.502762e+06 -5.230287e+06
8.909583e+05 4.507934e+06 -5.225413e+06
8.934983e+05 4.513100e+06 -5.220532e+06
8.960373e+05 4.518261e+06 -5.215645e+06
8.985752e+05 4.523416e+06 -5.210751e+06
9.011121e+05 4.528567e+06 -5.205852e+06
9.036479e+05 4.533712e+06 -5.200946e+06
9.061827e+05 4.538852e+06 -5.196034e+06
9.087165e+05 4.543986e+06 -5.191116e+06
9.112492e+05 4.549115e+06 -5.186192e+06
9.137808e+05 4.554239e+06 -5.181262e+06
9.163113e+05 4.559357e+06 -5.176326e+06
9.188408e+05 4.564471e+06 -5.171383e+06
9.213693e+05 4.569578e+06 -5.166434e+06
9.238966e+05 4.574681e+06 -5.161480e+06
9.264229e+05 4.579778e+06 -5.156519e+06
9.289481e+05 4.584870e+06 -5.151552e+06
9.314722e+05 4.589956e+06 -5.146578e+06
9.339953e+05 4.595037e+06 -5.141599e+06
9.365172e+05 4.600113e+06 -5.136614e+06
9.390381e+05 4.605183e+06 -5.131622e+06
9.415579e+05 4.610248e+06 -5.126625e+06
9.440766e+05 4.615307e+06 -5.121621e+06
9.465942e+05 4.620362e+06 -5.116612e+06
9.491106e+05 4.625410e+06 -5.111596e+06
9.516260e+05 4.630453e+06 -5.106574e+06
9.541403e+05 4.635491e+06 -5.101546e+06
9.566535e+05 4.640524e+06 -5.096512e+06
9.591655e+05 4.645551e+06 -5.091472e+06
9.616764e+05 4.650572e+06 -5.086426e+06
9.641863e+05 4.655588e+06 -5.081374e+06
9.666949e+05 4.660599e+06 -5.076316e+06
9.692025e+05 4.665604e+06 -5.071252e+06
9.717090e+05 4.670604e+06 -5.066182e+06
9.742143e+05 4.675598e+06 -5.061106e+06
9.767184e+05 4.680587e+06 -5.056023e+06
9.792215e+05 4.685570e+06 -5.050935e+06
9.817234e+05 4.690548e+06 -5.045841e+06
9.842241e+05 4.695520e+06 -5.040741e+06
9.867237e+05 4.700487e+06 -5.035635e+06
9.892222e+05 4.705449e+06 -5.030523e+06
9.917195e+05 4.710404e+06 -5.025405e+06
9.942157e+05 4.715355e+06 -5.020281e+06
9.967107e+05 4.720299e+06 -5.015151e+06
9.992045e+05 4.725239e+06 -5.010015e+06
1.001697e+06 4.730172e+06 -5.004873e+06
1.004189e+06 4.735101e+06 -4.999725e+06
1.006679e+06 4.740023e+06 -4.994571e+06
1.009168e+06 4.744940e+06 -4.989411e+06
1.011656e+06 4.749852e+06 -4.984246e+06
1.014143e+06 4.754758e+06 -4.979074e+06
1.016629e+06 4.759658e+06 -4.973897e+06
1.019113e+06 4.764553e+06 -4.968713e+06
1.021596e+06 4.769442e+06 -4.963524e+06
1.024078e+06 4.774326e+06 -4.958329e+06
1.026559e+06 4.779204e+06 -4.953128e+06
1.029039e+06 4.784076e+06 -4.947921e+06
1.031517e+06 4.788943e+06 -4.942708e+06
1.033995e+06 4.793804e+06 -4.937490e+06
1.036471e+06 4.798660e+06 -4.932265e+06
1.038946e+06 4.803510e+06 -4.927035e+06
1.041419e+06 4.808354e+06 -4.921798e+06
1.043892e+06 4.813193e+06 -4.916556e+06
1.046363e+06 4.818026e+06 -4.911308e+06
1.048833e+06 4.822853e+06 -4.906055e+06
1.051302e+06 4.827675e+06 -4.900795e+06
1.053769e+06 4.832491e+06 -4.895530e+06
1.056236e+06 4.837302e+06 -4.890258e+06
1.058701e+06 4.842107e+06 -4.884981e+06
1.061165e+06 4.846906e+06 -4.879699e+06
1.063627e+06 4.851699e+06 -4.874410e+06
1.066089e+06 4.856487e+06 -4.869115e+06
1.068549e+06 4.861269e+06 -4.863815e+06
1.071008e+06 4.866045e+06 -4.858509e+06
1.073465e+06 4.870816e+06 -4.853197e+06
1.075922e+06 4.875581e+06 -4.847880e+06
1.078377e+06 4.880340e+06 -4.842557e+06
1.080831e+06 4.885093e+06 -4.837228e+06
1.083283e+06 4.889841e+06 -4.831893e+06
1.085735e+06 4.894583e+06 -4.826552e+06
1.088185e+06 4.899319e+06 -4.821206e+06
1.090634e+06 4.904050e+06 -4.815854e+06
1.093081e+06 4.908775e+06 -4.810496e+06
1.095527e+06 4.913494e+06 -4.805133e+06
1.097972e+06 4.918207e+06 -4.799764e+06
1.100416e+06 4.922915e+06 -4.794389e+06
1.102858e+06 4.927616e+06 -4.789008e+06
1.105300e+06 4.932312e+06 -4.783622e+06
1.107739e+06 4.937002e+06 -4.778230e+06
1.110178e+06 4.941687e+06 -4.772832e+06
1.112615e+06 4.946365e+06 -4.767429e+06
1.115051e+06 4.951038e+06 -4.762020e+06
1.117486e+06 4.955705e+06 -4.756605e+06
1.119919e+06 4.960366e+06 -4.751185e+06
1.122351e+06 4.965021e+06 -4.745759e+06
1.124782e+06 4.969671e+06 -4.740327e+06
1.127211e+06 4.974315e+06 -4.734890e+06
1.129639e+06 4.978952e+06 -4.729447e+06
1.132066e+06 4.983584e+06 -4.723999e+06
1.134492e+06 4.988211e+06 -4.718545e+06
1.136916e+06 4.992831e+06 -4.713085e+06
1.139339e+06 4.997445e+06 -4.707620e+06
1.141760e+06 5.002054e+06 -4.702149e+06
1.144180e+06 5.006656e+06 -4.696672e+06
1.146599e+06 5.011253e+06 -4.691190e+06
1.149017e+06 5.015844e+06 -4.685703e+06
1.151433e+06 5.020429e+06 -4.680209e+06
1.153847e+06 5.025008e+06 -4.674711e+06
1.156261e+06 5.029582e+06 -4.669206e+06
1.158673e+06 5.034149e+06 -4.663696e+06
1.161084e+06 5.038710e+06 -4.658181e+06
1.163493e+06 5.043266e+06 -4.652660e+06
1.165901e+06 5.047815e+06 -4.647133e+06
1.168308e+06 5.052359e+06 -4.641601e+06
1.170713e+06 5.056897e+06 -4.636063e+06
1.173117e+06 5.061429e+06 -4.630520e+06
1.175519e+06 5.065954e+06 -4.624972e+06
1.177921e+06 5.070474e+06 -4.619418e+06
1.180320e+06 5.074988e+06 -4.613858e+06
1.182719e+06 5.079496e+06 -4.608293e+06
1.185116e+06 5.083998e+06 -4.602722e+06
1.187511e+06 5.088494e+06 -4.597146e+06
1.189906e+06 5.092984e+06 -4.591564e+06
1.192298e+06 5.097468e+06 -4.585977e+06
1.194690e+06 5.101947e+06 -4.580385e+06
1.197080e+06 5.106419e+06 -4.574787e+06
1.199469e+06 5.110885e+06 -4.569184e+06
1.201856e+06 5.115345e+06 -4.563575e+06
1.204242e+06 5.119799e+06 -4.557961e+06
1.206626e+06 5.124247e+06 -4.552341e+06
1.209009e+06 5.128689e+06 -4.546716e+06
1.211391e+06 5.133125e+06 -4.541085e+06
1.213771e+06 5.137555e+06 -4.535449e+06
1.216150e+06 5.141979e+06 -4.529808e+06
1.218527e+06 5.146397e+06 -4.524161e+06
1.220903e+06 5.150809e+06 -4.518509e+06
1.223278e+06 5.155215e+06 -4.512852e+06
1.225651e+06 5.159614e+06 -4.507189e+06
1.228022e+06 5.164008e+06 -4.501521e+06
1.230393e+06 5.168396e+06 -4.495847e+06
1.232761e+06 5.172777e+06 -4.490168e+06
1.235129e+06 5.177153e+06 -4.484484e+06
1.237495e+06 5.181522e+06 -4.478794e+06
1.239859e+06 5.185886e+06 -4.473099e+06
1.242222e+06 5.190243e+06 -4.467399e+06
1.244583e+06 5.194594e+06 -4.461693e+06
1.246943e+06 5.198939e+06 -4.455982e+06
1.249302e+06 5.203278e+06 -4.450266e+06
1.251659e+06 5.207610e+06 -4.444545e+06
1.254015e+06 5.211937e+06 -4.438818e+06
1.256369e+06 5.216258e+06 -4.433086e+06
1.258722e+06 5.220572e+06 -4.427348e+06
1.261073e+06 5.224880e+06 -4.421606e+06
1.263423e+06 5.229182e+06 -4.415858e+06
1.265771e+06 5.233478e+06 -4.410104e+06
1.268118e+06 5.237768e+06 -4.404346e+06
1.270463e+06 5.242052e+06 -4.398582e+06
1.272807e+06 5.246329e+06 -4.392813e+06
1.275149e+06 5.250600e+06 -4.387039e+06
1.277490e+06 5.254866e+06 -4.381260e+06
1.279830e+06 5.259125e+06 -4.375475e+06
1.282168e+06 5.263377e+06 -4.369685e+06
1.284504e+06 5.267624e+06 -4.363890e+06
1.286839e+06 5.271864e+06 -4.358090e+06
1.289172e+06 5.276098e+06 -4.352285e+06
1.291504e+06 5.280326e+06 -4.346474e+06
1.293834e+06 5.284548e+06 -4.340658e+06
1.296163e+06 5.288764e+06 -4.334837e+06
1.298490e+06 5.292973e+06 -4.329011e+06
1.300816e+06 5.297176e+06 -4.323180e+06
1.303140e+06 5.301373e+06 -4.317343e+06
1.305463e+06 5.305564e+06 -4.311502e+06
1.307784e+06 5.309748e+06 -4.305655e+06
1.310104e+06 5.313926e+06 -4.299803e+06
1.312422e+06 5.318098e+06 -4.293946e+06
1.314739e+06 5.322263e+06 -4.288084e+06
1.317054e+06 5.326423e+06 -4.282216e+06
1.319367e+06 5.330576e+06 -4.276344e+06
1.321679e+06 5.334723e+06 -4.270467e+06
1.323989e+06 5.338863e+06 -4.264584e+06
1.326298e+06 5.342997e+06 -4.258696e+06
1.328605e+06 5.347125e+06 -4.252804e+06
1.330911e+06 5.351247e+06 -4.246906e+06
1.333215e+06 5.355362e+06 -4.241003e+06
1.335518e+06 5.359471e+06 -4.235095e+06
1.337819e+06 5.363574e+06 -4.229182e+06
1.340118e+06 5.367671e+06 -4.223264e+06
1.342416e+06 5.371761e+06 -4.217341e+06
1.344713e+06 5.375845e+06 -4.211413e+06
1.347007e+06 5.379922e+06 -4.205480e+06
1.349300e+06 5.383993e+06 -4.199542e+06
1.351592e+06 5.388058e+06 -4.193599e+06
1.353882e+06 5.392116e+06 -4.187651e+06
1.356170e+06 5.396168e+06 -4.181698e+06
1.358457e+06 5.400214e+06 -4.175740e+06
1.360742e+06 5.404254e+06 -4.169776e+06
1.363026e+06 5.408287e+06 -4.163808e+06
1.365308e+06 5.412313e+06 -4.157835e+06
1.367588e+06 5.416333e+06 -4.151857e+06
1.369867e+06 5.420347e+06 -4.145874e+06
1.372144e+06 5.424355e+06 -4.139887e+06
1.374420e+06 5.428356e+06 -4.133894e+06
1.376694e+06 5.432351e+06 -4.127896e+06
1.378966e+06 5.436339e+06 -4.121893e+06
1.381237e+06 5.440321e+06 -4.115886e+06
1.383506e+06 5.444296e+06 -4.109873e+06
1.385774e+06 5.448266e+06 -4.103856e+06
1.388039e+06 5.452228e+06 -4.097833e+06
1.390304e+06 5.456184e+06 -4.091806e+06
1.392566e+06 5.460134e+06 -4.085774e+06
1.394827e+06 5.464078e+06 -4.079737e+06
1.397087e+06 5.468015e+06 -4.073695e+06
1.399344e+06 5.471945e+06 -4.067649e+06
1.401600e+06 5.475869e+06 -4.061597e+06
1.403855e+06 5.479787e+06 -4.055541e+06
1.406107e+06 5.483698e+06 -4.049479e+06
1.408359e+06 5.487603e+06 -4.043413e+06
1.410608e+06 5.491501e+06 -4.037342e+06
1.412856e+06 5.495393e+06 -4.031267e+06
1.415102e+06 5.499278e+06 -4.025186e+06
1.417346e+06 5.503157e+06 -4.019101e+06
1.419589e+06 5.507029e+06 -4.013011e+06
1.421830e+06 5.510895e+06 -4.006916e+06
1.424070e+06 5.514754e+06 -4.000816e+06
1.426307e+06 5.518607e+06 -3.994711e+06
1.428544e+06 5.522453e+06 -3.988602e+06
1.430778e+06 5.526293e+06 -3.982488e+06
1.433011e+06 5.530126e+06 -3.976369e+06
1.435242e+06 5.533953e+06 -3.970246e+06
1.437471e+06 5.537773e+06 -3.964117e+06
1.439699e+06 5.541587e+06 -3.957984e+06
1.441925e+06 5.545394e+06 -3.951847e+06
1.444149e+06 5.549195e+06 -3.945704e+06
1.446372e+06 5.552989e+06 -3.939557e+06
1.448593e+06 5.556776e+06 -3.933405e+06
1.450812e+06 5.560557e+06 -3.927248e+06
1.453029e+06 5.564332e+06 -3.921087e+06
1.455245e+06 5.568100e+06 -3.914921e+06
1.457459e+06 5.571861e+06 -3.908751e+06
1.459671e+06 5.575616e+06 -3.902575e+06
1.461882e+06 5.579364e+06 -3.896395e+06
1.464091e+06 5.583105e+06 -3.890211e+06
1.466298e+06 5.586840e+06 -3.884021e+06
1.468504e+06 5.590569e+06 -3.877828e+06
1.470707e+06 5.594291e+06 -3.871629e+06
1.472909e+06 5.598006e+06 -3.865426e+06
1.475110e+06 5.601714e+06 -3.859218e+06
1.477308e+06 5.605416e+06 -3.853006e+06
1.479505e+06 5.609112e+06 -3.846789e+06
1.481700e+06 5.612800e+06 -3.840567e+06
1.483893e+06 5.616483e+06 -3.834341e+06
1.486085e+06 5.620158e+06 -3.828110e+06
1.488275e+06 5.623827e+06 -3.821875e+06
1.490463e+06 5.627489e+06 -3.815635e+06
1.492649e+06 5.631145e+06 -3.809390e+06
1.494834e+06 5.634794e+06 -3.803141e+06
1.497016e+06 5.638436e+06 -3.796888e+06
1.499197e+06 5.642072e+06 -3.790630e+06
1.501377e+06 5.645701e+06 -3.784367e+06
1.503554e+06 5.649323e+06 -3.778100e+06
1.505730e+06 5.652939e+06 -3.771828e+06
1.507904e+06 5.656548e+06 -3.765552e+06
1.510076e+06 5.660150e+06 -3.759271e+06
1.512246e+06 5.663746e+06 -3.752986e+06
1.514415e+06 5.667334e+06 -3.746696e+06
1.516582e+06 5.670917e+06 -3.740402e+06
1.518747e+06 5.674492e+06 -3.734103e+06
1.520910e+06 5.678061e+06 -3.727800e+06
1.523072e+06 5.681623e+06 -3.721493e+06
1.525231e+06 5.685179e+06 -3.715181e+06
1.527389e+06 5.688727e+06 -3.708864e+06
1.529545e+06 5.692269e+06 -3.702543e+06
1.531700e+06 5.695805e+06 -3.696218e+06
1.533852e+06 5.699333e+06 -3.689888e+06
1.536003e+06 5.702855e+06 -3.683554e+06
1.538152e+06 5.706370e+06 -3.677216e+06
1.540299e+06 5.709879e+06 -3.670873e+06
1.542444e+06 5.713380e+06 -3.664525e+06
1.544587e+06 5.716875e+06 -3.658174e+06
1.546729e+06 5.720363e+06 -3.651818e+06
1.548869e+06 5.723845e+06 -3.645457e+06
1.551007e+06 5.727319e+06 -3.639092e+06
1.553143e+06 5.730787e+06 -3.632723e+06
1.555277e+06 5.734248e+06 -3.626350e+06
1.557410e+06 5.737702e+06 -3.619972e+06
1.559540e+06 5.741150e+06 -3.613590e+06
1.561669e+06 5.744591e+06 -3.607203e+06
1.563796e+06 5.748025e+06 -3.600812e+06
1.565921e+06 5.751452e+06 -3.594417e+06
1.568044e+06 5.754872e+06 -3.588018e+06
1.570166e+06 5.758286e+06 -3.581614e+06
1.572285e+06 5.761692e+06 -3.575206e+06
1.574403e+06 5.765092e+06 -3.568794e+06
1.576519e+06 5.768486e+06 -3.562377e+06
1.578633e+06 5.771872e+06 -3.555956e+06
1.580745e+06 5.775251e+06 -3.549531e+06
1.582855e+06 5.778624e+06 -3.543102e+06
1.584964e+06 5.781990e+06 -3.536668e+06
1.587070e+06 5.785349e+06 -3.530230e+06
1.589175e+06 5.788701e+06 -3.523788e+06
1.591278e+06 5.792046e+06 -3.517342e+06
1.593379e+06 5.795385e+06 -3.510892e+06
1.595478e+06 5.798717e+06 -3.504437e+06
1.597575e+06 5.802041e+06 -3.497978e+06
1.599670e+06 5.805359e+06 -3.491515e+06
1.601764e+06 5.808670e+06 -3.485048e+06
1.603855e+06 5.811975e+06 -3.478576e+06
1.605945e+06 5.815272e+06 -3.472101e+06
1.608032e+06 5.818562e+06 -3.465621e+06
1.610118e+06 5.821846e+06 -3.459137e+06
1.612202e+06 5.825123e+06 -3.452649e+06
1.614284e+06 5.828392e+06 -3.446157e+06
1.616364e+06 5.831655e+06 -3.439661e+06
1.618442e+06 5.834911e+06 -3.433161e+06
1.620519e+06 5.838161e+06 -3.426656e+06
1.622593e+06 5.841403e+06 -3.420147e+06
1.624666e+06 5.844638e+06 -3.413635e+06
1.626736e+06 5.847866e+06 -3.407118e+06
1.628805e+06 5.851088e+06 -3.400597e+06
1.630871e+06 5.854303e+06 -3.394072e+06
1.632936e+06 5.857510e+06 -3.387543e+06
1.634999e+06 5.860711e+06 -3.381010e+06
1.637060e+06 5.863905e+06 -3.374473e+06
1.639119e+06 5.867092e+06 -3.367932e+06
1.641176e+06 5.870271e+06 -3.361387e+06
1.643231e+06 5.873444e+06 -3.354838e+06
1.645284e+06 5.876610e+06 -3.348284e+06
1.647336e+06 5.879769e+06 -3.341727e+06
1.649385e+06 5.882922e+06 -3.335166e+06
1.651432e+06 5.886067e+06 -3.328601e+06
1.653478e+06 5.889205e+06 -3.322031e+06
1.655521e+06 5.892336e+06 -3.315458e+06
1.657562e+06 5.895460e+06 -3.308881e+06
1.659602e+06 5.898578e+06 -3.302300e+06
1.661640e+06 5.901688e+06 -3.295715e+06
1.663675e+06 5.904791e+06 -3.289126e+06
1.665709e+06 5.907888e+06 -3.282533e+06
1.667741e+06 5.910977e+06 -3.275936e+06
1.669770e+06 5.914059e+06 -3.269335e+06
1.671798e+06 5.917135e+06 -3.262730e+06
1.673824e+06 5.920203e+06 -3.256122e+06
1.675848e+06 5.923264e+06 -3.249509e+06
1.677869e+06 5.926319e+06 -3.242893e+06
1.679889e+06 5.929366e+06 -3.236272e+06
1.681907e+06 5.932406e+06 -3.229648e+06
1.683923e+06 5.935440e+06 -3.223020e+06
1.685937e+06 5.938466e+06 -3.216388e+06
1.687949e+06 5.941485e+06 -3.209752e+06
1.689958e+06 5.944497e+06 -3.203113e+06
1.691966e+06 5.947502e+06 -3.196469e+06
1.693972e+06 5.950500e+06 -3.189822e+06
1.695976e+06 5.953492e+06 -3.183171e+06
1.697978e+06 5.956476e+06 -3.176516e+06
1.699978e+06 5.959453e+06 -3.169857e+06
1.701976e+06 5.962422e+06 -3.163194e+06
1.703972e+06 5.965385e+06 -3.156528e+06
1.705965e+06 5.968341e+06 -3.149858e+06
1.707957e+06 5.971290e+06 -3.143184e+06
1.709947e+06 5.974231e+06 -3.136506e+06
1.711935e+06 5.977166e+06 -3.129825e+06
1.713921e+06 5.980094e+06 -3.123140e+06
1.715904e+06 5.983014e+06 -3.116451e+06
1.717886e+06 5.985927e+06 -3.109758e+06
1.719866e+06 5.988834e+06 -3.103062e+06
1.721843e+06 5.991733e+06 -3.096362e+06
1.723819e+06 5.994625e+06 -3.089658e+06
1.725793e+06 5.997510e+06 -3.082950e+06
1.727764e+06 6.000388e+06 -3.076239e+06
1.729734e+06 6.003258e+06 -3.069524e+06
1.731701e+06 6.006122e+06 -3.062806e+06
1.733666e+06 6.008978e+06 -3.056083e+06
1.735630e+06 6.011828e+06 -3.049357e+06
1.737591e+06 6.014670e+06 -3.042628e+06
1.739550e+06 6.017505e+06 -3.035895e+06
1.741507e+06 6.020333e+06 -3.029158e+06
1.743462e+06 6.023154e+06 -3.022417e+06
1.745416e+06 6.025968e+06 -3.015673e+06
1.747367e+06 6.028775e+06 -3.008925e+06
1.749315e+06 6.031574e+06 -3.002174e+06
1.751262e+06 6.034366e+06 -2.995419e+06
1.753207e+06 6.037152e+06 -2.988660e+06
1.755150e+06 6.039930e+06 -2.981898e+06
1.757090e+06 6.042701e+06 -2.975133e+06
1.759029e+06 6.045464e+06 -2.968363e+06
1.760965e+06 6.048221e+06 -2.961590e+06
1.762900e+06 6.050970e+06 -2.954814e+06
1.764832e+06 6.053712e+06 -2.948034e+06
1.766762e+06 6.056448e+06 -2.941251e+06
1.768691e+06 6.059175e+06 -2.934464e+06
1.770617e+06 6.061896e+06 -2.927673e+06
1.772540e+06 6.064610e+06 -2.920879e+06
1.774462e+06 6.067316e+06 -2.914081e+06
1.776382e+06 6.070015e+06 -2.907280e+06
1.778300e+06 6.072707e+06 -2.900476e+06
1.780215e+06 6.075392e+06 -2.893668e+06
1.782129e+06 6.078069e+06 -2.886856e+06
1.784040e+06 6.080740e+06 -2.880041e+06
1.785949e+06 6.083403e+06 -2.873223e+06
1.787856e+06 6.086059e+06 -2.866401e+06
1.789761e+06 6.088707e+06 -2.859576e+06
1.791664e+06 6.091349e+06 -2.852747e+06
1.793565e+06 6.093983e+06 -2.845915e+06
1.795463e+06 6.096610e+06 -2.839080e+06
1.797360e+06 6.099230e+06 -2.832241e+06
1.799254e+06 6.101842e+06 -2.825398e+06
1.801147e+06 6.104448e+06 -2.818552e+06
1.803037e+06 6.107046e+06 -2.811703e+06
1.804925e+06 6.109637e+06 -2.804851e+06
1.806810e+06 6.112220e+06 -2.797995e+06
1.808694e+06 6.114797e+06 -2.791136e+06
1.810576e+06 6.117366e+06 -2.784273e+06
1.812455e+06 6.119928e+06 -2.777407e+06
1.814332e+06 6.122482e+06 -2.770538e+06
1.816207e+06 6.125030e+06 -2.763665e+06
1.818080e+06 6.127570e+06 -2.756789e+06
1.819951e+06 6.130102e+06 -2.749910e+06
1.821820e+06 6.132628e+06 -2.743028e+06
1.823686e+06 6.135146e+06 -2.736142e+06
1.825551e+06 6.137657e+06 -2.729253e+06
1.827413e+06 6.140161e+06 -2.722361e+06
1.829273e+06 6.142657e+06 -2.715465e+06
1.831131e+06 6.145146e+06 -2.708566e+06
1.832986e+06 6.147628e+06 -2.701664e+06
1.834840e+06 6.150103e+06 -2.694758e+06
1.836691e+06 6.152570e+06 -2.687850e+06
1.838540e+06 6.155030e+06 -2.680938e+06
1.840387e+06 6.157483e+06 -2.674023e+06
1.842232e+06 6.159928e+06 -2.667105e+06
1.844075e+06 6.162366e+06 -2.660183e+06
1.845915e+06 6.164797e+06 -2.653259e+06
1.847753e+06 6.167220e+06 -2.646331e+06
1.849589e+06 6.169636e+06 -2.639400e+06
1.851423e+06 6.172045e+06 -2.632465e+06
1.853255e+06 6.174447e+06 -2.625528e+06
1.855084e+06 6.176841e+06 -2.618588e+06
1.856912e+06 6.179227e+06 -2.611644e+06
1.858737e+06 6.181607e+06 -2.604697e+06
1.860560e+06 6.183979e+06 -2.597747e+06
1.862380e+06 6.186344e+06 -2.590794e+06
1.864199e+06 6.188701e+06 -2.583838e+06
1.866015e+06 6.191051e+06 -2.576879e+06
1.867829e+06 6.193394e+06 -2.569916e+06
1.869641e+06 6.195730e+06 -2.562951e+06
1.871450e+06 6.198058e+06 -2.555982e+06
1.873258e+06 6.200378e+06 -2.549011e+06
1.875063e+06 6.202692e+06 -2.542036e+06
1.876866e+06 6.204998e+06 -2.535058e+06
1.878667e+06 6.207296e+06 -2.528078e+06
1.880465e+06 6.209587e+06 -2.521094e+06
1.882261e+06 6.211871e+06 -2.514107e+06
1.884055e+06 6.214148e+06 -2.507117e+06
1.885847e+06 6.216417e+06 -2.500124e+06
1.887637e+06 6.218679e+06 -2.493129e+06
1.889424e+06 6.220933e+06 -2.486130e+06
1.891209e+06 6.223180e+06 -2.479128e+06
1.892992e+06 6.225420e+06 -2.472123e+06
1.894772e+06 6.227652e+06 -2.465115e+06
1.896551e+06 6.229877e+06 -2.458105e+06
1.898327e+06 6.232094e+06 -2.451091e+06
1.900101e+06 6.234304e+06 -2.444074e+06
1.901872e+06 6.236507e+06 -2.437055e+06
1.903642e+06 6.238702e+06 -2.430032e+06
1.905409e+06 6.240890e+06 -2.423007e+06
1.907173e+06 6.243070e+06 -2.415979e+06
1.908936e+06 6.245243e+06 -2.408947e+06
1.910696e+06 6.247408e+06 -2.401913e+06
1.912454e+06 6.249567e+06 -2.394876e+06
1.914210e+06 6.251717e+06 -2.387836e+06
1.915964e+06 6.253860e+06 -2.380794e+06
1.917715e+06 6.255996e+06 -2.373748e+06
1.919464e+06 6.258125e+06 -2.366699e+06
1.921210e+06 6.260246e+06 -2.359648e+06
1.922955e+06 6.262359e+06 -2.352594e+06
1.924697e+06 6.264465e+06 -2.345537e+06
1.926437e+06 6.266564e+06 -2.338477e+06
1.928174e+06 6.268655e+06 -2.331415e+06
1.929909e+06 6.270739e+06 -2.324349e+06
1.931642e+06 6.272815e+06 -2.317281e+06
1.933373e+06 6.274884e+06 -2.310210e+06
1.935101e+06 6.276946e+06 -2.303136e+06
1.936827e+06 6.279000e+06 -2.296060e+06
1.938551e+06 6.281046e+06 -2.288980e+06
1.940273e+06 6.283085e+06 -2.281898e+06
1.941992e+06 6.285117e+06 -2.274814e+06
1.943709e+06 6.287141e+06 -2.267726e+06
1.945423e+06 6.289157e+06 -2.260636e+06
1.947135e+06 6.291167e+06 -2.253543e+06
1.948845e+06 6.293168e+06 -2.246447e+06
1.950553e+06 6.295162e+06 -2.239349e+06
1.952258e+06 6.297149e+06 -2.232248e+06
1.953961e+06 6.299128e+06 -2.225144e+06
1.955662e+06 6.301100e+06 -2.218038e+06
1.957360e+06 6.303064e+06 -2.210929e+06
1.959056e+06 6.305021e+06 -2.203817e+06
1.960750e+06 6.306971e+06 -2.196702e+06
1.962441e+06 6.308912e+06 -2.189585e+06
1.964130e+06 6.310847e+06 -2.182466e+06
1.965817e+06 6.312773e+06 -2.175343e+06
1.967501e+06 6.314693e+06 -2.168219e+06
1.969183e+06 6.316605e+06 -2.161091e+06
1.970863e+06 6.318509e+06 -2.153961e+06
1.972540e+06 6.320406e+06 -2.146828e+06
1.974215e+06 6.322295e+06 -2.139693e+06
1.975888e+06 6.324177e+06 -2.132555e+06
1.977558e+06 6.326051e+06 -2.125415e+06
1.979226e+06 6.327917e+06 -2.118272e+06
1.980892e+06 6.329777e+06 -2.111126e+06
1.982555e+06 6.331628e+06 -2.103978e+06
1.984216e+06 6.333472e+06 -2.096828e+06
1.985875e+06 6.335309e+06 -2.089675e+06
1.987531e+06 6.337138e+06 -2.082519e+06
1.989185e+06 6.338960e+06 -2.075361e+06
1.990836e+06 6.340774e+06 -2.068200e+06
1.992485e+06 6.342580e+06 -2.061037e+06
1.994132e+06 6.344379e+06 -2.053872e+06
1.995776e+06 6.346170e+06 -2.046704e+06
1.997418e+06 6.347954e+06 -2.039533e+06
1.999058e+06 6.349730e+06 -2.032360e+06
2.000695e+06 6.351499e+06 -2.025185e+06
2.002330e+06 6.353260e+06 -2.018007e+06
2.003962e+06 6.355014e+06 -2.010827e+06
2.005593e+06 6.356760e+06 -2.003644e+06
2.007220e+06 6.358499e+06 -1.996459e+06
2.008846e+06 6.360229e+06 -1.989271e+06
2.010469e+06 6.361953e+06 -1.982081e+06
2.012089e+06 6.363669e+06 -1.974889e+06
2.013707e+06 6.365377e+06 -1.967695e+06
2.015323e+06 6.367078e+06 -1.960498e+06
2.016937e+06 6.368771e+06 -1.953298e+06
2.018547e+06 6.370456e+06 -1.946096e+06
2.020156e+06 6.372134e+06 -1.938892e+06
2.021762e+06 6.373805e+06 -1.931686e+06
2.023366e+06 6.375467e+06 -1.924477e+06
2.024967e+06 6.377122e+06 -1.917266e+06
2.026566e+06 6.378770e+06 -1.910053e+06
2.028163e+06 6.380410e+06 -1.902837e+06
2.029757e+06 6.382043e+06 -1.895619e+06
2.031349e+06 6.383667e+06 -1.888399e+06
2.032938e+06 6.385285e+06 -1.881177e+06
2.034525e+06 6.386894e+06 -1.873952e+06
2.036110e+06 6.388496e+06 -1.866725e+06
2.037692e+06 6.390091e+06 -1.859496e+06
2.039271e+06 6.391678e+06 -1.852264e+06
2.040849e+06 6.393257e+06 -1.845031e+06
2.042423e+06 6.394829e+06 -1.837795e+06
2.043996e+06 6.396393e+06 -1.830557e+06
2.045566e+06 6.397949e+06 -1.823316e+06
2.047133e+06 6.399498e+06 -1.816074e+06
2.048698e+06 6.401039e+06 -1.808829e+06
2.050261e+06 6.402573e+06 -1.801582e+06
2.051821e+06 6.404099e+06 -1.794333e+06
2.053379e+06 6.405617e+06 -1.787082e+06
2.054934e+06 6.407128e+06 -1.779829e+06
2.056487e+06 6.408631e+06 -1.772573e+06
2.058037e+06 6.410126e+06 -1.765315e+06
2.059585e+06 6.411614e+06 -1.758056e+06
2.061131e+06 6.413094e+06 -1.750794e+06
2.062674e+06 6.414567e+06 -1.743530e+06
2.064215e+06 6.416032e+06 -1.736264e+06
2.065753e+06 6.417489e+06 -1.728996e+06
2.067288e+06 6.418939e+06 -1.721725e+06
2.068822e+06 6.420381e+06 -1.714453e+06
2.070353e+06 6.421815e+06 -1.707179e+06
2.071881e+06 6.423242e+06 -1.699902e+06
2.073407e+06 6.424661e+06 -1.692624e+06
2.074930e+06 6.426072e+06 -1.685343e+06
2.076451e+06 6.427476e+06 -1.678061e+06
2.077970e+06 6.428872e+06 -1.670776e+06
2.079486e+06 6.430261e+06 -1.663490e+06
2.080999e+06 6.431642e+06 -1.656201e+06
2.082510e+06 6.433015e+06 -1.648911e+06
2.084019e+06 6.434380e+06 -1.641618e+06
2.085525e+06 6.435738e+06 -1.634324e+06
2.087028e+06 6.437089e+06 -1.627027e+06
2.088529e+06 6.438431e+06 -1.619729e+06
2.090028e+06 6.439766e+06 -1.612428e+06
2.091524e+06 6.441093e+06 -1.605126e+06
2.093018e+06 6.442413e+06 -1.597822e+06
2.094509e+06 6.443725e+06 -1.590516e+06
2.095998e+06 6.445029e+06 -1.583208e+06
2.097484e+06 6.446325e+06 -1.575898e+06
2.098968e+06 6.447614e+06 -1.568586e+06
2.100449e+06 6.448895e+06 -1.561272e+06
2.101927e+06 6.450169e+06 -1.553956e+06
2.103404e+06 6.451435e+06 -1.546639e+06
2.104877e+06 6.452693e+06 -1.539319e+06
2.106348e+06 6.453943e+06 -1.531998e+06
2.107817e+06 6.455186e+06 -1.524675e+06
2.109283e+06 6.456421e+06 -1.517350e+06
2.110747e+06 6.457648e+06 -1.510023e+06
2.112208e+06 6.458868e+06 -1.502695e+06
2.113667e+06 6.460080e+06 -1.495365e+06
2.115123e+06 6.461284e+06 -1.488032e+06
2.116576e+06 6.462481e+06 -1.480698e+06
2.118027e+06 6.463670e+06 -1.473363e+06
2.119476e+06 6.464851e+06 -1.466025e+06
2.120922e+06 6.466025e+06 -1.458686e+06
2.122366e+06 6.467191e+06 -1.451345e+06
2.123807e+06 6.468349e+06 -1.444002e+06
2.125245e+06 6.469499e+06 -1.436658e+06
2.126681e+06 6.470642e+06 -1.429311e+06
2.128114e+06 6.471777e+06 -1.421964e+06
2.129545e+06 6.472904e+06 -1.414614e+06
2.130973e+06 6.474024e+06 -1.407262e+06
2.132399e+06 6.475136e+06 -1.399909e+06
2.133822e+06 6.476240e+06 -1.392555e+06
2.135243e+06 6.477336e+06 -1.385198e+06
2.136661e+06 6.478425e+06 -1.377840e+06
2.138077e+06 6.479506e+06 -1.370480e+06
2.139490e+06 6.480579e+06 -1.363119e+06
2.140900e+06 6.481645e+06 -1.355756e+06
2.142308e+06 6.482703e+06 -1.348391e+06
2.143714e+06 6.483753e+06 -1.341025e+06
2.145117e+06 6.484795e+06 -1.333657e+06
2.146517e+06 6.485830e+06 -1.326288e+06
2.147915e+06 6.486857e+06 -1.318917e+06
2.149310e+06 6.487876e+06 -1.311544e+06
2.150703e+06 6.488888e+06 -1.304170e+06
2.152093e+06 6.489891e+06 -1.296794e+06
2.153480e+06 6.490887e+06 -1.289417e+06
2.154865e+06 6.491876e+06 -1.282038e+06
2.156248e+06 6.492856e+06 -1.274657e+06
2.157627e+06 6.493829e+06 -1.267275e+06
2.159005e+06 6.494794e+06 -1.259892e+06
2.160379e+06 6.495751e+06 -1.252507e+06
2.161751e+06 6.496701e+06 -1.245120e+06
2.163121e+06 6.497643e+06 -1.237732e+06
2.164488e+06 6.498577e+06 -1.230342e+06
2.165852e+06 6.499503e+06 -1.222951e+06
2.167214e+06 6.500422e+06 -1.215559e+06
2.168573e+06 6.501333e+06 -1.208165e+06
2.169930e+06 6.502236e+06 -1.200770e+06
2.171284e+06 6.503131e+06 -1.193373e+06
2.172635e+06 6.504019e+06 -1.185974e+06
2.173984e+06 6.504899e+06 -1.178575e+06
2.175330e+06 6.505771e+06 -1.171174e+06
2.176674e+06 6.506635e+06 -1.163771e+06
2.178015e+06 6.507492e+06 -1.156367e+06
2.179354e+06 6.508341e+06 -1.148962e+06
2.180689e+06 6.509182e+06 -1.141555e+06
2.182023e+06 6.510015e+06 -1.134147e+06
2.183353e+06 6.510841e+06 -1.126738e+06
2.184682e+06 6.511659e+06 -1.119327e+06
2.186007e+06 6.512469e+06 -1.111915e+06
2.187330e+06 6.513271e+06 -1.104501e+06
2.188650e+06 6.514066e+06 -1.097086e+06
2.189968e+06 6.514853e+06 -1.089670e+06
2.191283e+06 6.515632e+06 -1.082253e+06
2.192595e+06 6.516403e+06 -1.074834e+06
2.193905e+06 6.517166e+06 -1.067414e+06
2.195212e+06 6.517922e+06 -1.059993e+06
2.196517e+06 6.518670e+06 -1.052570e+06
2.197819e+06 6.519410e+06 -1.045146e+06
2.199118e+06 6.520143e+06 -1.037721e+06
2.200415e+06 6.520867e+06 -1.030295e+06
2.201709e+06 6.521584e+06 -1.022867e+06
2.203001e+06 6.522293e+06 -1.015438e+06
2.204290e+06 6.522994e+06 -1.008008e+06
2.205576e+06 6.523688e+06 -1.000577e+06
2.206859e+06 6.524374e+06 -9.931446e+05
2.208140e+06 6.525052e+06 -9.857109e+05
2.209419e+06 6.525722e+06 -9.782761e+05
2.210695e+06 6.526384e+06 -9.708401e+05
2.211968e+06 6.527039e+06 -9.634029e+05
2.213238e+06 6.527686e+06 -9.559645e+05
2.214506e+06 6.528325e+06 -9.485251e+05
2.215771e+06 6.528956e+06 -9.410844e+05
2.217034e+06 6.529580e+06 -9.336427e+05
2.218293e+06 6.530195e+06 -9.261998e+05
2.219551e+06 6.530803e+06 -9.187558e+05
2.220805e+06 6.531403e+06 -9.113107e+05
2.222057e+06 6.531996e+06 -9.038645e+05
2.223307e+06 6.532580e+06 -8.964172e+05
2.224553e+06 6.533157e+06 -8.889689e+05
2.225797e+06 6.533726e+06 -8.815194e+05
2.227038e+06 6.534287e+06 -8.740690e+05
2.228277e+06 6.534841e+06 -8.666174e+05
2.229513e+06 6.535386e+06 -8.591648e+05
2.230747e+06 6.535924e+06 -8.517112e+05
2.231977e+06 6.536454e+06 -8.442566e+05
2.233205e+06 6.536976e+06 -8.368010e+05
2.234431e+06 6.537491e+06 -8.293443e+05
2.235653e+06 6.537997e+06 -8.218867e+05
2.236873e+06 6.538496e+06 -8.144280e+05
2.238091e+06 6.538987e+06 -8.069684e+05
2.239306e+06 6.539470e+06 -7.995079e+05
2.240518e+06 6.539946e+06 -7.920463e+05
2.241727e+06 6.540413e+06 -7.845838e+05
2.242934e+06 6.540873e+06 -7.771204e+05
2.244138e+06 6.541325e+06 -7.696560e+05
2.245339e+06 6.541769e+06 -7.621908e+05
2.246538e+06 6.542206e+06 -7.547246e+05
2.247734e+06 6.542634e+06 -7.472574e+05
2.248927e+06 6.543055e+06 -7.397894e+05
2.250118e+06 6.543468e+06 -7.323206e+05
2.251306e+06 6.543874e+06 -7.248508e+05
2.252491e+06 6.544271e+06 -7.173801e+05
2.253673e+06 6.544661e+06 -7.099086e+05
2.254853e+06 6.545042e+06 -7.024363e+05
2.256031e+06 6.545416e+06 -6.949631e+05
2.257205e+06 6.545782e+06 -6.874891e+05
2.258377e+06 6.546141e+06 -6.800142e+05
2.259546e+06 6.546491e+06 -6.725385e+05
2.260712e+06 6.546834e+06 -6.650621e+05
2.261876e+06 6.547169e+06 -6.575848e+05
2.263037e+06 6.547496e+06 -6.501067e+05
2.264195e+06 6.547816e+06 -6.426279e+05
2.265351e+06 6.548127e+06 -6.351483e+05
2.266504e+06 6.548431e+06 -6.276679e+05
2.267654e+06 6.548727e+06 -6.201868e+05
2.268802e+06 6.549015e+06 -6.127049e+05
2.269947e+06 6.549295e+06 -6.052223e+05
2.271089e+06 6.549567e+06 -5.977390e+05
2.272228e+06 6.549832e+06 -5.902549e+05
2.273365e+06 6.550089e+06 -5.827702e+05
2.274499e+06 6.550338e+06 -5.752847e+05
2.275630e+06 6.550579e+06 -5.677986e+05
2.276758e+06 6.550812e+06 -5.603118e+05
2.277884e+06 6.551038e+06 -5.528243e+05
2.279007e+06 6.551256e+06 -5.453361e+05
2.280128e+06 6.551466e+06 -5.378473e+05
2.281245e+06 6.551668e+06 -5.303579e+05
2.282360e+06 6.551862e+06 -5.228678e+05
2.283473e+06 6.552048e+06 -5.153771e+05
2.284582e+06 6.552227e+06 -5.078857e+05
2.285689e+06 6.552398e+06 -5.003938e+05
2.286793e+06 6.552561e+06 -4.929013e+05
2.287894e+06 6.552716e+06 -4.854081e+05
2.288993e+06 6.552864e+06 -4.779144e+05
2.290089e+06 6.553003e+06 -4.704202e+05
2.291182e+06 6.553135e+06 -4.629253e+05
2.292272e+06 6.553259e+06 -4.554299e+05
2.293360e+06 6.553375e+06 -4.479340e+05
2.294445e+06 6.553483e+06 -4.404375e+05
2.295527e+06 6.553584e+06 -4.329405e+05
2.296606e+06 6.553676e+06 -4.254430e+05
2.297683e+06 6.553761e+06 -4.179450e+05
2.298757e+06 6.553838e+06 -4.104465e+05
2.299828e+06 6.553907e+06 -4.029475e+05
2.300897e+06 6.553969e+06 -3.954480e+05
2.301962e+06 6.554022e+06 -3.879480e+05
2.303025e+06 6.554068e+06 -3.804476e+05
2.304086e+06 6.554106e+06 -3.729467e+05
2.305143e+06 6.554136e+06 -3.654454e+05
2.306198e+06 6.554158e+06 -3.579437e+05
2.307250e+06 6.554173e+06 -3.504415e+05
2.308299e+06 6.554179e+06 -3.429389e+05
2.309345e+06 6.554178e+06 -3.354359e+05
2.310389e+06 6.554169e+06 -3.279325e+05
2.311430e+06 6.554152e+06 -3.204287e+05
2.312468e+06 6.554127e+06 -3.129245e+05
2.313504e+06 6.554095e+06 -3.054199e+05
2.314536e+06 6.554054e+06 -2.979150e+05
2.315566e+06 6.554006e+06 -2.904097e+05
2.316593e+06 6.553950e+06 -2.829041e+05
2.317618e+06 6.553887e+06 -2.753982e+05
2.318639e+06 6.553815e+06 -2.678919e+05
2.319658e+06 6.553736e+06 -2.603853e+05
2.320674e+06 6.553648e+06 -2.528784e+05
2.321688e+06 6.553553e+06 -2.453712e+05
2.322698e+06 6.553450e+06 -2.378637e+05
2.323706e+06 6.553340e+06 -2.303560e+05
2.324711e+06 6.553221e+06 -2.228479e+05
2.325713e+06 6.553095e+06 -2.153396e+05
2.326712e+06 6.552960e+06 -2.078311e+05
2.327709e+06 6.552818e+06 -2.003223e+05
2.328703e+06 6.552669e+06 -1.928132e+05
2.329694e+06 6.552511e+06 -1.853040e+05
2.330682e+06 6.552345e+06 -1.777945e+05
2.331668e+06 6.552172e+06 -1.702848e+05
2.332651e+06 6.551991e+06 -1.627749e+05
2.333631e+06 6.551802e+06 -1.552648e+05
2.334608e+06 6.551605e+06 -1.477545e+05
2.335582e+06 6.551401e+06 -1.402441e+05
2.336554e+06 6.551188e+06 -1.327335e+05
2.337522e+06 6.550968e+06 -1.252228e+05
2.338488e+06 6.550740e+06 -1.177119e+05
2.339452e+06 6.550504e+06 -1.102008e+05
2.340412e+06 6.550261e+06 -1.026897e+05
2.341370e+06 6.550009e+06 -9.517840e+04
2.342325e+06 6.549750e+06 -8.766701e+04
2.343277e+06 6.549483e+06 -8.015553e+04
2.344226e+06 6.549208e+06 -7.264396e+04
2.345172e+06 6.548925e+06 -6.513230e+04
2.346116e+06 6.548634e+06 -5.762057e+04
2.347057e+06 6.548336e+06 -5.010878e+04
2.347995e+06 6.548030e+06 -4.259694e+04
2.348930e+06 6.547716e+06 -3.508505e+04
2.349863e+06 6.547394e+06 -2.757312e+04
2.350792e+06 6.547064e+06 -2.006117e+04
2.351719e+06 6.546727e+06 -1.254920e+04
2.352643e+06 6.546381e+06 -5.037226e+03
2.353564e+06 6.546028e+06 2.474751e+03
2.354483e+06 6.545667e+06 9.986719e+03
2.355398e+06 6.545298e+06 1.749867e+04
2.356311e+06 6.544922e+06 2.501059e+04
2.357221e+06 6.544538e+06 3.252247e+04
2.358128e+06 6.544145e+06 4.003431e+04
2.359032e+06 6.543745e+06 4.754609e+04
2.359934e+06 6.543338e+06 5.505781e+04
2.360832e+06 6.542922e+06 6.256946e+04
2.361728e+06 6.542498e+06 7.008102e+04
2.362621e+06 6.542067e+06 7.759249e+04
2.363512e+06 6.541628e+06 8.510386e+04
2.364399e+06 6.541181e+06 9.261512e+04
2.365284e+06 6.540727e+06 1.001263e+05
2.366165e+06 6.540264e+06 1.076373e+05
2.367044e+06 6.539794e+06 1.151482e+05
2.367920e+06 6.539316e+06 1.226589e+05
2.368794e+06 6.538830e+06 1.301695e+05
2.369664e+06 6.538336e+06 1.376799e+05
2.370532e+06 6.537834e+06 1.451901e+05
2.371396e+06 6.537325e+06 1.527002e+05
2.372258e+06 6.536808e+06 1.602100e+05
2.373118e+06 6.536283e+06 1.677197e+05
2.373974e+06 6.535750e+06 1.752292e+05
2.374827e+06 6.535210e+06 1.827384e+05
2.375678e+06 6.534661e+06 1.902474e+05
2.376526e+06 6.534105e+06 1.977562e+05
2.377371e+06 6.533541e+06 2.052647e+05
2.378213e+06 6.532970e+06 2.127730e+05
2.379052e+06 6.532390e+06 2.202810e+05
2.379888e+06 6.531803e+06 2.277887e+05
2.380722e+06 6.531207e+06 2.352961e+05
2.381553e+06 6.530604e+06 2.428033e+05
2.382380e+06 6.529994e+06 2.503102e+05
2.383205e+06 6.529375e+06 2.578167e+05
2.384028e+06 6.528749e+06 2.653229e+05
2.384847e+06 6.528115e+06 2.728288e+05
2.385663e+06 6.527473e+06 2.803344e+05
2.386477e+06 6.526823e+06 2.878396e+05
2.387288e+06 6.526165e+06 2.953445e+05
2.388096e+06 6.525500e+06 3.028490e+05
2.388901e+06 6.524827e+06 3.103531e+05
2.389703e+06 6.524146e+06 3.178569e+05
2.390503e+06 6.523457e+06 3.253602e+05
2.391299e+06 6.522761e+06 3.328632e+05
2.392093e+06 6.522057e+06 3.403657e+05
2.392883e+06 6.521345e+06 3.478678e+05
2.393671e+06 6.520625e+06 3.553695e+05
2.394457e+06 6.519897e+06 3.628708e+05
2.395239e+06 6.519162e+06 3.703716e+05
2.396018e+06 6.518419e+06 3.778720e+05
2.396795e+06 6.517668e+06 3.853719e+05
2.397568e+06 6.516909e+06 3.928713e+05
2.398339e+06 6.516142e+06 4.003702e+05
2.399107e+06 6.515368e+06 4.078687e+05
2.399872e+06 6.514586e+06 4.153666e+05
2.400634e+06 6.513796e+06 4.228640e+05
2.401393e+06 6.512998e+06 4.303610e+05
2.402150e+06 6.512193e+06 4.378574e+05
2.402903e+06 6.511380e+06 4.453532e+05
2.403654e+06 6.510559e+06 4.528485e+05
2.404402e+06 6.509730e+06 4.603433e+05
2.405147e+06 6.508893e+06 4.678375e+05
2.405889e+06 6.508049e+06 4.753311e+05
2.406628e+06 6.507197e+06 4.828241e+05
2.407365e+06 6.506337e+06 4.903166e+05
2.408098e+06 6.505469e+06 4.978084e+05
2.408829e+06 6.504594e+06 5.052997e+05
2.409556e+06 6.503711e+06 5.127903e+05
2.410281e+06 6.502820e+06 5.202803e+05
2.411003e+06 6.501921e+06 5.277696e+05
2.411722e+06 6.501015e+06 5.352583e+05
2.412438e+06 6.500101e+06 5.427464e+05
2.413152e+06 6.499179e+06 5.502338e+05
2.413862e+06 6.498249e+06 5.577205e+05
2.414570e+06 6.497311e+06 5.652065e+05
2.415274e+06 6.496366e+06 5.726919e+05
2.415976e+06 6.495413e+06 5.801765e+05
2.416675e+06 6.494452e+06 5.876604e+05
2.417371e+06 6.493484e+06 5.951437e+05
2.418064e+06 6.492507e+06 6.026262e+05
2.418754e+06 6.491523e+06 6.101079e+05
2.419441e+06 6.490532e+06 6.175889e+05
2.420126e+06 6.489532e+06 6.250692e+05
2.420807e+06 6.488525e+06 6.325487e+05
2.421486e+06 6.487510e+06 6.400274e+05
2.422162e+06 6.486487e+06 6.475053e+05
2.422835e+06 6.485456e+06 6.549825e+05
2.423505e+06 6.484418e+06 6.624588e+05
2.424172e+06 6.483372e+06 6.699344e+05
2.424836e+06 6.482318e+06 6.774091e+05
2.425497e+06 6.481257e+06 6.848830e+05
2.426155e+06 6.480188e+06 6.923561e+05
2.426811e+06 6.479111e+06 6.998283e+05
2.427464e+06 6.478026e+06 7.072996e+05
2.428113e+06 6.476933e+06 7.147701e+05
2.428760e+06 6.475833e+06 7.222398e+05
2.429404e+06 6.474725e+06 7.297085e+05
2.430045e+06 6.473610e+06 7.371764e+05
2.430683e+06 6.472486e+06 7.446433e+05
2.431318e+06 6.471355e+06 7.521094e+05
2.431950e+06 6.470216e+06 7.595745e+05
2.432580e+06 6.469070e+06 7.670387e+05
2.433206e+06 6.467916e+06 7.745020e+05
2.433830e+06 6.466754e+06 7.819643e+05
2.434450e+06 6.465584e+06 7.894257e+05
2.435068e+06 6.464406e+06 7.968861e+05
2.435683e+06 6.463221e+06 8.043456e+05
2.436295e+06 6.462028e+06 8.118040e+05
2.436904e+06 6.460828e+06 8.192615e+05
2.437510e+06 6.459619e+06 8.267180e+05
2.438113e+06 6.458403e+06 8.341734e+05
2.438713e+06 6.457180e+06 8.416279e+05
2.439310e+06 6.455948e+06 8.490813e+05
2.439905e+06 6.454709e+06 8.565337e+05
2.440496e+06 6.453462e+06 8.639851e+05
2.441085e+06 6.452207e+06 8.714354e+05
2.441671e+06 6.450945e+06 8.788846e+05
2.442253e+06 6.449675e+06 8.863328e+05
2.442833e+06 6.448397e+06 8.937798e+05
2.443410e+06 6.447112e+06 9.012258e+05
2.443984e+06 6.445819e+06 9.086707e+05
2.444555e+06 6.444518e+06 9.161145e+05
2.445123e+06 6.443210e+06 9.235572e+05
2.445689e+06 6.441894e+06 9.309988e+05
2.446251e+06 6.440570e+06 9.384392e+05
2.446810e+06 6.439238e+06 9.458785e+05
2.447367e+06 6.437899e+06 9.533166e+05
2.447920e+06 6.436552e+06 9.607536e+05
2.448471e+06 6.435197e+06 9.681894e+05
2.449019e+06 6.433835e+06 9.756240e+05
2.449563e+06 6.432465e+06 9.830574e+05
2.450105e+06 6.431087e+06 9.904896e+05
2.450644e+06 6.429702e+06 9.979207e+05
2.451180e+06 6.428309e+06 1.005350e+06
2.451713e+06 6.426908e+06 1.012779e+06
2.452243e+06 6.425500e+06 1.020206e+06
2.452770e+06 6.424084e+06 1.027633e+06
2.453295e+06 6.422660e+06 1.035057e+06
2.453816e+06 6.421229e+06 1.042481e+06
2.454334e+06 6.419790e+06 1.049903e+06
2.454850e+06 6.418343e+06 1.057324e+06
2.455362e+06 6.416888e+06 1.064744e+06
2.455872e+06 6.415426e+06 1.072163e+06
2.456379e+06 6.413957e+06 1.079580e+06
2.456882e+06 6.412479e+06 1.086996e+06
2.457383e+06 6.410994e+06 1.094410e+06
2.457881e+06 6.409502e+06 1.101823e+06
2.458376e+06 6.408001e+06 1.109235e+06
2.458868e+06 6.406493e+06 1.116646e+06
2.459357e+06 6.404978e+06 1.124055e+06
2.459843e+06 6.403454e+06 1.131463e+06
2.460326e+06 6.401923e+06 1.138869e+06
2.460806e+06 6.400385e+06 1.146274e+06
2.461284e+06 6.398839e+06 1.153678e+06
2.461758e+06 6.397285e+06 1.161080e+06
2.462229e+06 6.395723e+06 1.168481e+06
2.462698e+06 6.394154e+06 1.175880e+06
2.463163e+06 6.392577e+06 1.183278e+06
2.463626e+06 6.390993e+06 1.190675e+06
2.464086e+06 6.389401e+06 1.198070e+06
2.464542e+06 6.387801e+06 1.205464e+06
2.464996e+06 6.386194e+06 1.212856e+06
2.465447e+06 6.384579e+06 1.220247e+06
2.465895e+06 6.382957e+06 1.227636e+06
2.466340e+06 6.381326e+06 1.235023e+06
2.466781e+06 6.379689e+06 1.242410e+06
2.467220e+06 6.378043e+06 1.249794e+06
2.467657e+06 6.376390e+06 1.257178e+06
2.468090e+06 6.374730e+06 1.264559e+06
2.468520e+06 6.373061e+06 1.271939e+06
2.468947e+06 6.371386e+06 1.279318e+06
2.469371e+06 6.369702e+06 1.286695e+06
2.469793e+06 6.368011e+06 1.294070e+06
2.470211e+06 6.366312e+06 1.301444e+06
2.470626e+06 6.364606e+06 1.308817e+06
2.471039e+06 6.362892e+06 1.316187e+06
2.471448e+06 6.361171e+06 1.323557e+06
2.471855e+06 6.359442e+06 1.330924e+06
2.472258e+06 6.357705e+06 1.338290e+06
2.472659e+06 6.355961e+06 1.345654e+06
2.473057e+06 6.354209e+06 1.353017e+06
2.473451e+06 6.352450e+06 1.360378e+06
2.473843e+06 6.350683e+06 1.367737e+06
2.474232e+06 6.348908e+06 1.375095e+06
2.474618e+06 6.347126e+06 1.382451e+06
2.475001e+06 6.345336e+06 1.389805e+06
2.475381e+06 6.343539e+06 1.397158e+06
2.475758e+06 6.341734e+06 1.404509e+06
2.476132e+06 6.339922e+06 1.411858e+06
2.476503e+06 6.338102e+06 1.419206e+06
2.476871e+06 6.336274e+06 1.426551e+06
2.477236e+06 6.334439e+06 1.433895e+06
2.477598e+06 6.332596e+06 1.441238e+06
2.477958e+06 6.330746e+06 1.448578e+06
2.478314e+06 6.328888e+06 1.455917e+06
2.478667e+06 6.327023e+06 1.463254e+06
2.479017e+06 6.325150e+06 1.470589e+06
2.479365e+06 6.323270e+06 1.477923e+06
2.479709e+06 6.321382e+06 1.485255e+06
2.480051e+06 6.319486e+06 1.492584e+06
2.480389e+06 6.317583e+06 1.499913e+06
2.480725e+06 6.315672e+06 1.507239e+06
2.481057e+06 6.313754e+06 1.514563e+06
2.481387e+06 6.311828e+06 1.521886e+06
2.481714e+06 6.309895e+06 1.529207e+06
2.482037e+06 6.307954e+06 1.536525e+06
2.482358e+06 6.306006e+06 1.543842e+06
2.482676e+06 6.304050e+06 1.551158e+06
2.482991e+06 6.302087e+06 1.558471e+06
2.483302e+06 6.300116e+06 1.565782e+06
2.483611e+06 6.298137e+06 1.573092e+06
2.483917e+06 6.296151e+06 1.580399e+06
2.484220e+06 6.294158e+06 1.587705e+06
2.484520e+06 6.292157e+06 1.595009e+06
2.484817e+06 6.290148e+06 1.602310e+06
2.485111e+06 6.288132e+06 1.609610e+06
2.485402e+06 6.286109e+06 1.616908e+06
2.485690e+06 6.284078e+06 1.624204e+06
2.485975e+06 6.282039e+06 1.631498e+06
2.486257e+06 6.279993e+06 1.638790e+06
2.486536e+06 6.277940e+06 1.646080e+06
2.486813e+06 6.275879e+06 1.653368e+06
2.487086e+06 6.273811e+06 1.660654e+06
2.487356e+06 6.271735e+06 1.667938e+06
2.487623e+06 6.269651e+06 1.675220e+06
2.487888e+06 6.267560e+06 1.682500e+06
2.488149e+06 6.265462e+06 1.689777e+06
2.488407e+06 6.263356e+06 1.697053e+06
2.488663e+06 6.261243e+06 1.704327e+06
2.488915e+06 6.259122e+06 1.711599e+06
2.489164e+06 6.256993e+06 1.718868e+06
2.489411e+06 6.254858e+06 1.726136e+06
2.489654e+06 6.252714e+06 1.733401e+06
2.489895e+06 6.250564e+06 1.740665e+06
2.490132e+06 6.248406e+06 1.747926e+06
2.490367e+06 6.246240e+06 1.755185e+06
2.490599e+06 6.244067e+06 1.762442e+06
2.490827e+06 6.241886e+06 1.769697e+06
2.491053e+06 6.239698e+06 1.776949e+06
2.491276e+06 6.237503e+06 1.784200e+06
2.491495e+06 6.235300e+06 1.791448e+06
2.491712e+06 6.233090e+06 1.798694e+06
2.491926e+06 6.230872e+06 1.805938e+06
2.492136e+06 6.228647e+06 1.813180e+06
2.492344e+06 6.226414e+06 1.820420e+06
2.492549e+06 6.224174e+06 1.827657e+06
2.492751e+06 6.221927e+06 1.834892e+06
2.492950e+06 6.219672e+06 1.842125e+06
2.493146e+06 6.217410e+06 1.849356e+06
2.493338e+06 6.215140e+06 1.856584e+06
2.493528e+06 6.212863e+06 1.863811e+06
2.493715e+06 6.210578e+06 1.871035e+06
2.493899e+06 6.208286e+06 1.878256e+06
2.494080e+06 6.205987e+06 1.885476e+06
2.494258e+06 6.203680e+06 1.892693e+06
2.494433e+06 6.201366e+06 1.899908e+06
2.494605e+06 6.199044e+06 1.907120e+06
2.494774e+06 6.196715e+06 1.914331e+06
2.494940e+06 6.194379e+06 1.921538e+06
2.495104e+06 6.192035e+06 1.928744e+06
2.495264e+06 6.189684e+06 1.935947e+06
2.495421e+06 6.187325e+06 1.943148e+06
2.495575e+06 6.184959e+06 1.950347e+06
2.495726e+06 6.182586e+06 1.957543e+06
2.495874e+06 6.180206e+06 1.964737e+06
2.496020e+06 6.177817e+06 1.971928e+06
2.496162e+06 6.175422e+06 1.979117e+06
2.496301e+06 6.173019e+06 1.986304e+06
2.496437e+06 6.170609e+06 1.993488e+06
2.496571e+06 6.168192e+06 2.000670e+06
2.496701e+06 6.165767e+06 2.007849e+06
2.496828e+06 6.163334e+06 2.015026e+06
2.496953e+06 6.160895e+06 2.022201e+06
2.497074e+06 6.158448e+06 2.029373e+06
2.497192e+06 6.155994e+06 2.036542e+06
2.497308e+06 6.153532e+06 2.043709e+06
2.497420e+06 6.151063e+06 2.050874e+06
2.497529e+06 6.148587e+06 2.058036e+06
2.497636e+06 6.146103e+06 2.065196e+06
2.497739e+06 6.143612e+06 2.072353e+06
2.497840e+06 6.141114e+06 2.079508e+06
2.497937e+06 6.138608e+06 2.086660e+06
2.498032e+06 6.136095e+06 2.093809e+06
2.498123e+06 6.133575e+06 2.100956e+06
2.498212e+06 6.131047e+06 2.108101e+06
2.498298e+06 6.128513e+06 2.115243e+06
2.498380e+06 6.125970e+06 2.122382e+06
2.498460e+06 6.123421e+06 2.129519e+06
2.498536e+06 6.120864e+06 2.136653e+06
2.498610e+06 6.118300e+06 2.143785e+06
2.498681e+06 6.115729e+06 2.150914e+06
2.498748e+06 6.113150e+06 2.158040e+06
2.498813e+06 6.110564e+06 2.165164e+06
2.498875e+06 6.107971e+06 2.172285e+06
2.498933e+06 6.105370e+06 2.179404e+06
2.498989e+06 6.102762e+06 2.186520e+06
2.499042e+06 6.100147e+06 2.193633e+06
2.499092e+06 6.097525e+06 2.200744e+06
2.499138e+06 6.094895e+06 2.207852e+06
2.499182e+06 6.092258e+06 2.214957e+06
2.499223e+06 6.089614e+06 2.222060e+06
2.499261e+06 6.086962e+06 2.229160e+06
2.499296e+06 6.084303e+06 2.236257e+06
2.499327e+06 6.081637e+06 2.243351e+06
2.499356e+06 6.078964e+06 2.250443e+06
2.499382e+06 6.076284e+06 2.257532e+06
2.499405e+06 6.073596e+06 2.264619e+06
2.499425e+06 6.070901e+06 2.271702e+06
2.499442e+06 6.068199e+06 2.278783e+06
2.499456e+06 6.065489e+06 2.285861e+06
2.499467e+06 6.062773e+06 2.292936e+06
2.499475e+06 6.060049e+06 2.300009e+06
2.499480e+06 6.057318e+06 2.307079e+06
2.499482e+06 6.054579e+06 2.314146e+06
2.499481e+06 6.051834e+06 2.321210e+06
2.499477e+06 6.049081e+06 2.328271e+06
2.499470e+06 6.046321e+06 2.335330e+06
2.499460e+06 6.043554e+06 2.342385e+06
2.499447e+06 6.040779e+06 2.349438e+06
2.499431e+06 6.037997e+06 2.356488e+06
2.499412e+06 6.035209e+06 2.363535e+06
2.499391e+06 6.032413e+06 2.370579e+06
2.499366e+06 6.029609e+06 2.377621e+06
2.499338e+06 6.026799e+06 2.384659e+06
2.499307e+06 6.023981e+06 2.391695e+06
2.499273e+06 6.021157e+06 2.398728e+06
2.499236e+06 6.018325e+06 2.405758e+06
2.499197e+06 6.015485e+06 2.412785e+06
2.499154e+06 6.012639e+06 2.419809e+06
2.499108e+06 6.009786e+06 2.426830e+06
2.499060e+06 6.006925e+06 2.433848e+06
2.499008e+06 6.004057e+06 2.440863e+06
2.498953e+06 6.001182e+06 2.447875e+06
2.498895e+06 5.998300e+06 2.454885e+06
2.498835e+06 5.995411e+06 2.461891e+06
2.498771e+06 5.992514e+06 2.468894e+06
2.498705e+06 5.989611e+06 2.475895e+06
2.498635e+06 5.986700e+06 2.482892e+06
2.498562e+06 5.983782e+06 2.489886e+06
2.498487e+06 5.980857e+06 2.496878e+06
2.498408e+06 5.977925e+06 2.503866e+06
2.498327e+06 5.974986e+06 2.510851e+06
2.498242e+06 5.972040e+06 2.517833e+06
2.498155e+06 5.969086e+06 2.524813e+06
2.498064e+06 5.966126e+06 2.531789e+06
2.497971e+06 5.963158e+06 2.538762e+06
2.497874e+06 5.960183e+06 2.545732e+06
2.497775e+06 5.957201e+06 2.552699e+06
2.497673e+06 5.954212e+06 2.559662e+06
2.497567e+06 5.951216e+06 2.566623e+06
2.497459e+06 5.948213e+06 2.573581e+06
2.497348e+06 5.945203e+06 2.580535e+06
2.497233e+06 5.942185e+06 2.587487e+06
2.497116e+06 5.939161e+06 2.594435e+06
2.496996e+06 5.936129e+06 2.601380e+06
2.496872e+06 5.933091e+06 2.608322e+06
2.496746e+06 5.930045e+06 2.615261e+06
2.496617e+06 5.926992e+06 2.622196e+06
2.496485e+06 5.923932e+06 2.629129e+06
2.496350e+06 5.920866e+06 2.636058e+06
2.496211e+06 5.917792e+06 2.642984e+06
2.496070e+06 5.914711e+06 2.649907e+06
2.495926e+06 5.911623e+06 2.656827e+06
2.495779e+06 5.908528e+06 2.663743e+06
2.495629e+06 5.905426e+06 2.670657e+06
2.495476e+06 5.902316e+06 2.677567e+06
2.495320e+06 5.899200e+06 2.684473e+06
2.495161e+06 5.896077e+06 2.691377e+06
2.494999e+06 5.892947e+06 2.698277e+06
2.494834e+06 5.889810e+06 2.705174e+06
2.494666e+06 5.886665e+06 2.712068e+06
2.494495e+06 5.883514e+06 2.718958e+06
2.494321e+06 5.880356e+06 2.725846e+06
2.494144e+06 5.877190e+06 2.732730e+06
2.493965e+06 5.874018e+06 2.739610e+06
2.493782e+06 5.870839e+06 2.746487e+06
2.493596e+06 5.867652e+06 2.753361e+06
2.493407e+06 5.864459e+06 2.760232e+06
2.493216e+06 5.861259e+06 2.767099e+06
2.493021e+06 5.858052e+06 2.773963e+06
2.492823e+06 5.854837e+06 2.780824e+06
2.492622e+06 5.851616e+06 2.787681e+06
2.492419e+06 5.848388e+06 2.794535e+06
2.492212e+06 5.845153e+06 2.801385e+06
2.492003e+06 5.841911e+06 2.808232e+06
2.491790e+06 5.838662e+06 2.815076e+06
2.491575e+06 5.835406e+06 2.821916e+06
2.491356e+06 5.832143e+06 2.828753e+06
2.491135e+06 5.828873e+06 2.835586e+06
2.490910e+06 5.825596e+06 2.842416e+06
2.490683e+06 5.822312e+06 2.849243e+06
2.490452e+06 5.819021e+06 2.856066e+06
2.490219e+06 5.815724e+06 2.862886e+06
2.489983e+06 5.812419e+06 2.869702e+06
2.489743e+06 5.809108e+06 2.876515e+06
2.489501e+06 5.805789e+06 2.883324e+06
2.489256e+06 5.802464e+06 2.890130e+06
2.489008e+06 5.799132e+06 2.896932e+06
2.488757e+06 5.795792e+06 2.903731e+06
2.488502e+06 5.792446e+06 2.910526e+06
2.488245e+06 5.789093e+06 2.917318e+06
2.487985e+06 5.785733e+06 2.924106e+06
2.487722e+06 5.782367e+06 2.930891e+06
2.487456e+06 5.778993e+06 2.937672e+06
2.487187e+06 5.775613e+06 2.944449e+06
2.486915e+06 5.772225e+06 2.951224e+06
2.486640e+06 5.768831e+06 2.957994e+06
2.486362e+06 5.765430e+06 2.964761e+06
2.486082e+06 5.762022e+06 2.971524e+06
2.485798e+06 5.758607e+06 2.978284e+06
2.485511e+06 5.755185e+06 2.985040e+06
2.485221e+06 5.751756e+06 2.991793e+06
2.484929e+06 5.748321e+06 2.998541e+06
2.484633e+06 5.744879e+06 3.005287e+06
2.484334e+06 5.741430e+06 3.012028e+06
2.484033e+06 5.737974e+06 3.018766e+06
2.483728e+06 5.734511e+06 3.025501e+06
2.483421e+06 5.731041e+06 3.032231e+06
2.483110e+06 5.727565e+06 3.038958e+06
2.482797e+06 5.724082e+06 3.045682e+06
2.482480e+06 5.720591e+06 3.052401e+06
2.482161e+06 5.717095e+06 3.059117e+06
2.481839e+06 5.713591e+06 3.065830e+06
2.481513e+06 5.710080e+06 3.072538e+06
2.481185e+06 5.706563e+06 3.079243e+06
2.480854e+06 5.703039e+06 3.085944e+06
2.480520e+06 5.699508e+06 3.092642e+06
2.480183e+06 5.695970e+06 3.099335e+06
2.479843e+06 5.692426e+06 3.106025e+06
2.479500e+06 5.688875e+06 3.112712e+06
2.479154e+06 5.685317e+06 3.119394e+06
2.478805e+06 5.681752e+06 3.126073e+06
2.478453e+06 5.678181e+06 3.132747e+06
2.478098e+06 5.674602e+06 3.139419e+06
2.477740e+06 5.671017e+06 3.146086e+06
2.477379e+06 5.667425e+06 3.152749e+06
2.477016e+06 5.663827e+06 3.159409e+06
2.476649e+06 5.660222e+06 3.166065e+06
2.476279e+06 5.656610e+06 3.172717e+06
2.475907e+06 5.652991e+06 3.179365e+06
2.475531e+06 5.649365e+06 3.186010e+06
2.475153e+06 5.645733e+06 3.192650e+06
2.474772e+06 5.642094e+06 3.199287e+06
2.474387e+06 5.638449e+06 3.205920e+06
2.474000e+06 5.634796e+06 3.212549e+06
2.473610e+06 5.631137e+06 3.219174e+06
2.473216e+06 5.627472e+06 3.225795e+06
2.472820e+06 5.623799e+06 3.232412e+06
2.472421e+06 5.620120e+06 3.239026e+06
2.472019e+06 5.616434e+06 3.245635e+06
2.471614e+06 5.612742e+06 3.252241e+06
2.471206e+06 5.609043e+06 3.258842e+06
2.470795e+06 5.605337e+06 3.265440e+06
2.470381e+06 5.601624e+06 3.272034e+06
2.469965e+06 5.597905e+06 3.278623e+06
2.469545e+06 5.594179e+06 3.285209e+06
2.469122e+06 5.590447e+06 3.291791e+06
2.468697e+06 5.586708e+06 3.298369e+06
2.468268e+06 5.582962e+06 3.304943e+06
2.467837e+06 5.579209e+06 3.311513e+06
2.467402e+06 5.575450e+06 3.318079e+06
2.466965e+06 5.571684e+06 3.324641e+06
2.466524e+06 5.567912e+06 3.331199e+06
2.466081e+06 5.564133e+06 3.337752e+06
2.465635e+06 5.560348e+06 3.344302e+06
2.465186e+06 5.556555e+06 3.350848e+06
2.464734e+06 5.552757e+06 3.357390e+06
2.464279e+06 5.548951e+06 3.363928e+06
2.463821e+06 5.545139e+06 3.370461e+06
2.463360e+06 5.541320e+06 3.376991e+06
2.462896e+06 5.537495e+06 3.383516e+06
2.462429e+06 5.533663e+06 3.390038e+06
2.461960e+06 5.529825e+06 3.396555e+06
2.461487e+06 5.525980e+06 3.403068e+06
2.461012e+06 5.522129e+06 3.409577e+06
2.460533e+06 5.518271e+06 3.416082e+06
2.460052e+06 5.514406e+06 3.422583e+06
2.459567e+06 5.510535e+06 3.429080e+06
2.459080e+06 5.506657e+06 3.435573e+06
2.458590e+06 5.502773e+06 3.442061e+06
2.458097e+06 5.498882e+06 3.448545e+06
2.457601e+06 5.494984e+06 3.455026e+06
2.457102e+06 5.491080e+06 3.461502e+06
2.456600e+06 5.487170e+06 3.467973e+06
2.456095e+06 5.483253e+06 3.474441e+06
2.455587e+06 5.479329e+06 3.480905e+06
2.455076e+06 5.475399e+06 3.487364e+06
2.454563e+06 5.471463e+06 3.493819e+06
2.454046e+06 5.467520e+06 3.500270e+06
2.453527e+06 5.463570e+06 3.506716e+06
2.453004e+06 5.459614e+06 3.513159e+06
2.452479e+06 5.455652e+06 3.519597e+06
2.451951e+06 5.451683e+06 3.526031e+06
2.451420e+06 5.447707e+06 3.532460e+06
2.450886e+06 5.443725e+06 3.538886e+06
2.450349e+06 5.439737e+06 3.545307e+06
2.449809e+06 5.435742e+06 3.551723e+06
2.449266e+06 5.431740e+06 3.558136e+06
2.448720e+06 5.427732e+06 3.564544e+06
2.448172e+06 5.423718e+06 3.570948e+06
2.447620e+06 5.419697e+06 3.577348e+06
2.447066e+06 5.415670e+06 3.583743e+06
2.446508e+06 5.411637e+06 3.590134e+06
2.445948e+06 5.407597e+06 3.596521e+06
2.445385e+06 5.403550e+06 3.602903e+06
2.444819e+06 5.399497e+06 3.609281e+06
2.444249e+06 5.395438e+06 3.615655e+06
2.443677e+06 5.391372e+06 3.622024e+06
2.443103e+06 5.387300e+06 3.628389e+06
2.442525e+06 5.383221e+06 3.634749e+06
2.441944e+06 5.379136e+06 3.641106e+06
2.441361e+06 5.375045e+06 3.647457e+06
2.440774e+06 5.370947e+06 3.653805e+06
2.440185e+06 5.366843e+06 3.660148e+06
2.439592e+06 5.362733e+06 3.666486e+06
2.438997e+06 5.358616e+06 3.672820e+06
2.438399e+06 5.354493e+06 3.679150e+06
2.437798e+06 5.350363e+06 3.685475e+06
2.437194e+06 5.346227e+06 3.691796e+06
2.436587e+06 5.342085e+06 3.698112e+06
2.435977e+06 5.337936e+06 3.704424e+06
2.435365e+06 5.333781e+06 3.710732e+06
2.434749e+06 5.329620e+06 3.717035e+06
2.434131e+06 5.325452e+06 3.723333e+06
2.433510e+06 5.321278e+06 3.729627e+06
2.432885e+06 5.317098e+06 3.735917e+06
2.432258e+06 5.312911e+06 3.742202e+06
2.431628e+06 5.308718e+06 3.748482e+06
2.430995e+06 5.304519e+06 3.754758e+06
2.430359e+06 5.300313e+06 3.761029e+06
2.429721e+06 5.296101e+06 3.767296e+06
2.429079e+06 5.291883e+06 3.773559e+06
2.428435e+06 5.287659e+06 3.779816e+06
2.427787e+06 5.283428e+06 3.786070e+06
2.427137e+06 5.279191e+06 3.792318e+06
2.426484e+06 5.274948e+06 3.798562e+06
2.425828e+06 5.270698e+06 3.804802e+06
2.425169e+06 5.266442e+06 3.811037e+06
2.424507e+06 5.262180e+06 3.817267e+06
2.423842e+06 5.257912e+06 3.823493e+06
2.423175e+06 5.253637e+06 3.829714e+06
2.422504e+06 5.249357e+06 3.835931e+06
2.421831e+06 5.245070e+06 3.842143e+06
2.421155e+06 5.240776e+06 3.848350e+06
2.420476e+06 5.236477e+06 3.854553e+06
2.419794e+06 5.232171e+06 3.860751e+06
2.419109e+06 5.227859e+06 3.866944e+06
2.418421e+06 5.223541e+06 3.873133e+06
2.417730e+06 5.219217e+06 3.879317e+06
2.417037e+06 5.214886e+06 3.885496e+06
2.416341e+06 5.210549e+06 3.891671e+06
2.415641e+06 5.206206e+06 3.897841e+06
2.414939e+06 5.201857e+06 3.904006e+06
2.414234e+06 5.197502e+06 3.910167e+06
2.413526e+06 5.193141e+06 3.916323e+06
2.412816e+06 5.188773e+06 3.922474e+06
2.412102e+06 5.184399e+06 3.928620e+06
2.411385e+06 5.180019e+06 3.934762e+06
2.410666e+06 5.175633e+06 3.940899e+06
2.409944e+06 5.171241e+06 3.947031e+06
2.409219e+06 5.166843e+06 3.953159e+06
2.408491e+06 5.162438e+06 3.959281e+06
2.407760e+06 5.158027e+06 3.965399e+06
2.407026e+06 5.153611e+06 3.971512e+06
2.406290e+06 5.149188e+06 3.977621e+06
2.405550e+06 5.144759e+06 3.983724e+06
2.404808e+06 5.140324e+06 3.989823e+06
2.404063e+06 5.135882e+06 3.995917e+06
2.403315e+06 5.131435e+06 4.002006e+06
2.402564e+06 5.126982e+06 4.008091e+06
2.401810e+06 5.122522e+06 4.014170e+06
2.401054e+06 5.118057e+06 4.020245e+06
2.400294e+06 5.113585e+06 4.026315e+06
2.399532e+06 5.109107e+06 4.032380e+06
2.398767e+06 5.104623e+06 4.038440e+06
2.397999e+06 5.100134e+06 4.044495e+06
2.397228e+06 5.095638e+06 4.050545e+06
2.396454e+06 5.091136e+06 4.056591e+06
2.395678e+06 5.086628e+06 4.062632e+06
2.394898e+06 5.082114e+06 4.068667e+06
2.394116e+06 5.077594e+06 4.074698e+06
2.393331e+06 5.073068e+06 4.080724e+06
2.392543e+06 5.068536e+06 4.086745e+06
2.391752e+06 5.063997e+06 4.092761e+06
2.390959e+06 5.059453e+06 4.098773e+06
2.390162e+06 5.054903e+06 4.104779e+06
2.389363e+06 5.050347e+06 4.110780e+06
2.388561e+06 5.045785e+06 4.116777e+06
2.387756e+06 5.041217e+06 4.122768e+06
2.386948e+06 5.036643e+06 4.128754e+06
2.386137e+06 5.032063e+06 4.134736e+06
2.385324e+06 5.027477e+06 4.140712e+06
2.384508e+06 5.022885e+06 4.146684e+06
2.383688e+06 5.018287e+06 4.152651e+06
2.382866e+06 5.013683e+06 4.158612e+06
2.382041e+06 5.009073e+06 4.164569e+06
2.381214e+06 5.004457e+06 4.170520e+06
2.380383e+06 4.999835e+06 4.176467e+06
2.379550e+06 4.995208e+06 4.182408e+06
2.378714e+06 4.990574e+06 4.188345e+06
2.377875e+06 4.985934e+06 4.194276e+06
2.377033e+06 4.981289e+06 4.200202e+06
2.376188e+06 4.976638e+06 4.206124e+06
2.375341e+06 4.971980e+06 4.212040e+06
2.374491e+06 4.967317e+06 4.217951e+06
2.373637e+06 4.962648e+06 4.223857e+06
2.372782e+06 4.957973e+06 4.229758e+06
2.371923e+06 4.953292e+06 4.235654e+06
2.371061e+06 4.948606e+06 4.241545e+06
2.370197e+06 4.943913e+06 4.247431e+06
2.369330e+06 4.939215e+06 4.253311e+06
2.368460e+06 4.934510e+06 4.259187e+06
2.367587e+06 4.929800e+06 4.265057e+06
2.366711e+06 4.925084e+06 4.270923e+06
2.365833e+06 4.920362e+06 4.276783e+06
2.364951e+06 4.915635e+06 4.282638e+06
2.364067e+06 4.910901e+06 4.288487e+06
2.363180e+06 4.906162e+06 4.294332e+06
2.362291e+06 4.901417e+06 4.300172e+06
2.361398e+06 4.896666e+06 4.306006e+06
2.360503e+06 4.891909e+06 4.311835e+06
2.359605e+06 4.887147e+06 4.317659e+06
2.358704e+06 4.882378e+06 4.323478e+06
2.357800e+06 4.877604e+06 4.329291e+06
2.356893e+06 4.872824e+06 4.335100e+06
2.355984e+06 4.868038e+06 4.340903e+06
2.355072e+06 4.863247e+06 4.346701e+06
2.354157e+06 4.858450e+06 4.352494e+06
2.353239e+06 4.853647e+06 4.358281e+06
2.352319e+06 4.848838e+06 4.364063e+06
2.351395e+06 4.844023e+06 4.369840e+06
2.350469e+06 4.839203e+06 4.375612e+06
2.349540e+06 4.834377e+06 4.381379e+06
2.348609e+06 4.829545e+06 4.387140e+06
2.347674e+06 4.824708e+06 4.392896e+06
2.346737e+06 4.819865e+06 4.398646e+06
2.345797e+06 4.815016e+06 4.404392e+06
2.344854e+06 4.810161e+06 4.410132e+06
2.343908e+06 4.805301e+06 4.415866e+06
2.342960e+06 4.800435e+06 4.421596e+06
2.342009e+06 4.795563e+06 4.427320e+06
2.341055e+06 4.790686e+06 4.433039e+06
2.340098e+06 4.785803e+06 4.438752e+06
2.339138e+06 4.780914e+06 4.444461e+06
2.338176e+06 4.776020e+06 4.450163e+06
2.337211e+06 4.771120e+06 4.455861e+06
2.336243e+06 4.766214e+06 4.461553e+06
2.335272e+06 4.761303e+06 4.467240e+06
2.334299e+06 4.756386e+06 4.472921e+06
2.333323e+06 4.751463e+06 4.478597e+06
2.332344e+06 4.746535e+06 4.484268e+06
2.331362e+06 4.741601e+06 4.489933e+06
2.330377e+06 4.736661e+06 4.495593e+06
2.329390e+06 4.731716e+06 4.501247e+06
2.328400e+06 4.726766e+06 4.506896e+06
2.327407e+06 4.721809e+06 4.512540e+06
2.326412e+06 4.716847e+06 4.518178e+06
2.325413e+06 4.711880e+06 4.523811e+06
2.324412e+06 4.706907e+06 4.529438e+06
2.323408e+06 4.701928e+06 4.535060e+06
2.322402e+06 4.696944e+06 4.540676e+06
2.321392e+06 4.691954e+06 4.546287e+06
2.320380e+06 4.686959e+06 4.551893e+06
2.319365e+06 4.681958e+06 4.557493e+06
2.318347e+06 4.676951e+06 4.563087e+06
2.317327e+06 4.671939e+06 4.568677e+06
2.316304e+06 4.666922e+06 4.574260e+06
2.315278e+06 4.661899e+06 4.579838e+06
2.314249e+06 4.656870e+06 4.585411e+06
2.313218e+06 4.651836e+06 4.590978e+06
2.312184e+06 4.646796e+06 4.596540e+06
2.311147e+06 4.641751e+06 4.602096e+06
2.310107e+06 4.636701e+06 4.607646e+06
2.309065e+06 4.631644e+06 4.613191e+06
2.308020e+06 4.626583e+06 4.618731e+06
2.306972e+06 4.621516e+06 4.624264e+06
2.305921e+06 4.616443e+06 4.629793e+06
2.304868e+06 4.611365e+06 4.635316e+06
2.303812e+06 4.606282e+06 4.640833e+06
2.302753e+06 4.601193e+06 4.646345e+06
2.301691e+06 4.596098e+06 4.651851e+06
2.300627e+06 4.590998e+06 4.657351e+06
2.299560e+06 4.585893e+06 4.662846e+06
2.298490e+06 4.580782e+06 4.668335e+06
2.297418e+06 4.575666e+06 4.673819e+06
2.296343e+06 4.570545e+06 4.679297e+06
2.295265e+06 4.565418e+06 4.684769e+06
2.294184e+06 4.560285e+06 4.690236e+06
2.293101e+06 4.555148e+06 4.695698e+06
2.292015e+06 4.550005e+06 4.701153e+06
2.290926e+06 4.544856e+06 4.706603e+06
2.289834e+06 4.539702e+06 4.712047e+06
2.288740e+06 4.534543e+06 4.717486e+06
2.287643e+06 4.529378e+06 4.722919e+06
2.286544e+06 4.524208e+06 4.728346e+06
2.285441e+06 4.519033e+06 4.733768e+06
2.284336e+06 4.513852e+06 4.739184e+06
2.283228e+06 4.508666e+06 4.744594e+06
2.282118e+06 4.503474e+06 4.749998e+06
2.281004e+06 4.498278e+06 4.755397e+06
2.279889e+06 4.493075e+06 4.760790e+06
2.278770e+06 4.487868e+06 4.766178e+06
2.277649e+06 4.482655e+06 4.771560e+06
2.276524e+06 4.477437e+06 4.776935e+06
2.275398e+06 4.472214e+06 4.782306e+06
2.274268e+06 4.466985e+06 4.787670e+06
2.273136e+06 4.461751e+06 4.793029e+06
2.272001e+06 4.456512e+06 4.798382e+06
2.270864e+06 4.451268e+06 4.803729e+06
2.269724e+06 4.446018e+06 4.809071e+06
2.268581e+06 4.440763e+06 4.814406e+06
2.267435e+06 4.435503e+06 4.819736e+06
2.266287e+06 4.430237e+06 4.825060e+06
2.265136e+06 4.424967e+06 4.830379e+06
2.263982e+06 4.419691e+06 4.835691e+06
2.262826e+06 4.414409e+06 4.840998e+06
2.261667e+06 4.409123e+06 4.846299e+06
2.260505e+06 4.403831e+06 4.851594e+06
2.259340e+06 4.398534e+06 4.856884e+06
2.258173e+06 4.393232e+06 4.862167e+06
2.257004e+06 4.387925e+06 4.867445e+06
2.255831e+06 4.382613e+06 4.872717e+06
2.254656e+06 4.377295e+06 4.877982e+06
2.253478e+06 4.371972e+06 4.883243e+06
2.252298e+06 4.366644e+06 4.888497e+06
2.251114e+06 4.361311e+06 4.893745e+06
2.249929e+06 4.355973e+06 4.898988e+06
2.248740e+06 4.350629e+06 4.904224e+06
2.247549e+06 4.345281e+06 4.909455e+06
2.246355e+06 4.339927e+06 4.914680e+06
2.245159e+06 4.334568e+06 4.919899e+06
2.243960e+06 4.329204e+06 4.925112e+06
2.242758e+06 4.323835e+06 4.930319e+06
2.241553e+06 4.318461e+06 4.935521e+06
2.240346e+06 4.313081e+06 4.940716e+06
2.239136e+06 4.307697e+06 4.945905e+06
2.237924e+06 4.302307e+06 4.951089e+06
2.236709e+06 4.296912e+06 4.956266e+06
2.235491e+06 4.291513e+06 4.961438e+06
2.234271e+06 4.286108e+06 4.966604e+06
2.233048e+06 4.280698e+06 4.971763e+06
2.231822e+06 4.275283e+06 4.976917e+06
2.230594e+06 4.269863e+06 4.982065e+06
2.229363e+06 4.264438e+06 4.987207e+06
2.228129e+06 4.259008e+06 4.992343e+06
2.226893e+06 4.253573e+06 4.997472e+06
2.225654e+06 4.248133e+06 5.002596e+06
2.224412e+06 4.242687e+06 5.007714e+06
2.223168e+06 4.237237e+06 5.012826e+06
2.221921e+06 4.231782e+06 5.017932e+06
2.220672e+06 4.226322e+06 5.023032e+06
2.219420e+06 4.220856e+06 5.028125e+06
2.218165e+06 4.215386e+06 5.033213e+06
2.216908e+06 4.209911e+06 5.038295e+06
2.215648e+06 4.204431e+06 5.043371e+06
2.214385e+06 4.198946e+06 5.048440e+06
2.213120e+06 4.193456e+06 5.053504e+06
2.211852e+06 4.187961e+06 5.058561e+06
2.210582e+06 4.182460e+06 5.063613e+06
2.209308e+06 4.176956e+06 5.068658e+06
2.208033e+06 4.171446e+06 5.073698e+06
2.206754e+06 4.165931e+06 5.078731e+06
2.205473e+06 4.160411e+06 5.083758e+06
2.204190e+06 4.154886e+06 5.088779e+06
2.202904e+06 4.149357e+06 5.093794e+06
2.201615e+06 4.143822e+06 5.098803e+06
2.200324e+06 4.138283e+06 5.103806e+06
2.199030e+06 4.132738e+06 5.108802e+06
2.197733e+06 4.127189e+06 5.113793e+06
2.196434e+06 4.121635e+06 5.118777e+06
2.195132e+06 4.116076e+06 5.123756e+06
2.193828e+06 4.110513e+06 5.128728e+06
2.192521e+06 4.104944e+06 5.133694e+06
2.191211e+06 4.099370e+06 5.138654e+06
2.189899e+06 4.093792e+06 5.143607e+06
2.188584e+06 4.088209e+06 5.148555e+06
2.187267e+06 4.082621e+06 5.153496e+06
2.185947e+06 4.077028e+06 5.158431e+06
2.184624e+06 4.071430e+06 5.163360e+06
2.183299e+06 4.065828e+06 5.168283e+06
2.181971e+06 4.060221e+06 5.173200e+06
2.180641e+06 4.054608e+06 5.178110e+06
2.179308e+06 4.048992e+06 5.183014e+06
2.177972e+06 4.043370e+06 5.187912e+06
2.176634e+06 4.037743e+06 5.192804e+06
2.175294e+06 4.032112e+06 5.197690e+06
2.173950e+06 4.026476e+06 5.202569e+06
2.172604e+06 4.020836e+06 5.207442e+06
2.171256e+06 4.015190e+06 5.212309e+06
2.169905e+06 4.009540e+06 5.217170e+06
2.168552e+06 4.003885e+06 5.222024e+06
2.167195e+06 3.998225e+06 5.226872e+06
2.165837e+06 3.992561e+06 5.231714e+06
2.164476e+06 3.986892e+06 5.236550e+06
2.163112e+06 3.981218e+06 5.241379e+06
2.161745e+06 3.975539e+06 5.246202e+06
2.160377e+06 3.969856e+06 5.251019e+06
2.159005e+06 3.964168e+06 5.255829e+06
2.157631e+06 3.958475e+06 5.260634e+06
2.156254e+06 3.952778e+06 5.265432e+06
2.154875e+06 3.947076e+06 5.270223e+06
2.153494e+06 3.941370e+06 5.275008e+06
2.152109e+06 3.935658e+06 5.279787e+06
2.150723e+06 3.929942e+06 5.284560e+06
2.149333e+06 3.924222e+06 5.289326e+06
2.147941e+06 3.918497e+06 5.294086e+06
2.146547e+06 3.912767e+06 5.298840e+06
2.145150e+06 3.907032e+06 5.303587e+06
2.143750e+06 3.901293e+06 5.308328e+06
2.142348e+06 3.895549e+06 5.313063e+06
2.140944e+06 3.889801e+06 5.317791e+06
2.139537e+06 3.884048e+06 5.322513e+06
2.138127e+06 3.878291e+06 5.327229e+06
2.136715e+06 3.872529e+06 5.331938e+06
2.135300e+06 3.866762e+06 5.336641e+06
2.133883e+06 3.860991e+06 5.341337e+06
2.132463e+06 3.855215e+06 5.346027e+06
2.131041e+06 3.849435e+06 5.350711e+06
2.129616e+06 3.843650e+06 5.355388e+06
2.128188e+06 3.837861e+06 5.360058e+06
2.126759e+06 3.832067e+06 5.364723e+06
2.125326e+06 3.826268e+06 5.369381e+06
2.123891e+06 3.820465e+06 5.374032e+06
2.122454e+06 3.814658e+06 5.378677e+06
2.121014e+06 3.808846e+06 5.383316e+06
2.119572e+06 3.803029e+06 5.387948e+06
2.118127e+06 3.797209e+06 5.392574e+06
2.116679e+06 3.791383e+06 5.397193e+06
2.115229e+06 3.785553e+06 5.401806e+06
2.113777e+06 3.779719e+06 5.406412e+06
2.112322e+06 3.773880e+06 5.411012e+06
2.110864e+06 3.768037e+06 5.415606e+06
2.109404e+06 3.762189e+06 5.420193e+06
2.107942e+06 3.756337e+06 5.424773e+06
2.106477e+06 3.750480e+06 5.429347e+06
2.105009e+06 3.744619e+06 5.433915e+06
2.103539e+06 3.738754e+06 5.438476e+06
2.102067e+06 3.732884e+06 5.443030e+06
2.100592e+06 3.727009e+06 5.447578e+06
2.099115e+06 3.721131e+06 5.452120e+06
2.097635e+06 3.715248e+06 5.456655e+06
2.096152e+06 3.709360e+06 5.461183e+06
2.094667e+06 3.703468e+06 5.465705e+06
2.093180e+06 3.697572e+06 5.470220e+06
2.091690e+06 3.691671e+06 5.474729e+06
2.090198e+06 3.685766e+06 5.479231e+06
2.088703e+06 3.679857e+06 5.483727e+06
2.087206e+06 3.673943e+06 5.488216e+06
2.085706e+06 3.668026e+06 5.492699e+06
2.084204e+06 3.662103e+06 5.497175e+06
2.082699e+06 3.656177e+06 5.501644e+06
2.081192e+06 3.650246e+06 5.506107e+06
2.079683e+06 3.644310e+06 5.510563e+06
2.078171e+06 3.638371e+06 5.515013e+06
2.076656e+06 3.632427e+06 5.519456e+06
2.075139e+06 3.626479e+06 5.523892e+06
2.073620e+06 3.620526e+06 5.528322e+06
2.072098e+06 3.614570e+06 5.532746e+06
2.070574e+06 3.608609e+06 5.537162e+06
2.069047e+06 3.602644e+06 5.541572e+06
2.067518e+06 3.596674e+06 5.545976e+06
2.065986e+06 3.590700e+06 5.550372e+06
2.064452e+06 3.584723e+06 5.554763e+06
2.062916e+06 3.578740e+06 5.559146e+06
2.061377e+06 3.572754e+06 5.563523e+06
2.059835e+06 3.566763e+06 5.567893e+06
2.058291e+06 3.560769e+06 5.572257e+06
2.056745e+06 3.554770e+06 5.576614e+06
2.055196e+06 3.548766e+06 5.580964e+06
2.053645e+06 3.542759e+06 5.585307e+06
2.052091e+06 3.536747e+06 5.589644e+06
2.050535e+06 3.530732e+06 5.593974e+06
2.048977e+06 3.524712e+06 5.598298e+06
2.047416e+06 3.518688e+06 5.602615e+06
2.045853e+06 3.512659e+06 5.606925e+06
2.044287e+06 3.506627e+06 5.611228e+06
2.042719e+06 3.500591e+06 5.615525e+06
2.041149e+06 3.494550e+06 5.619815e+06
2.039576e+06 3.488505e+06 5.624098e+06
2.038000e+06 3.482456e+06 5.628375e+06
2.036422e+06 3.476403e+06 5.632645e+06
2.034842e+06 3.470346e+06 5.636908e+06
2.033260e+06 3.464285e+06 5.641164e+06
2.031675e+06 3.458220e+06 5.645414e+06
2.030087e+06 3.452151e+06 5.649657e+06
2.028497e+06 3.446077e+06 5.653893e+06
2.026905e+06 3.440000e+06 5.658122e+06
2.025311e+06 3.433918e+06 5.662345e+06
2.023714e+06 3.427833e+06 5.666561e+06
2.022114e+06 3.421743e+06 5.670770e+06
2.020512e+06 3.415649e+06 5.674972e+06
2.018908e+06 3.409552e+06 5.679167e+06
2.017302e+06 3.403450e+06 5.683356e+06
2.015693e+06 3.397344e+06 5.687538e+06
2.014081e+06 3.391235e+06 5.691713e+06
2.012468e+06 3.385121e+06 5.695882e+06
2.010852e+06 3.379003e+06 5.700043e+06
2.009233e+06 3.372882e+06 5.704198e+06
2.007612e+06 3.366756e+06 5.708346e+06
2.005989e+06 3.360626e+06 5.712487e+06
2.004364e+06 3.354493e+06 5.716621e+06
2.002736e+06 3.348355e+06 5.720749e+06
2.001105e+06 3.342214e+06 5.724869e+06
1.999473e+06 3.336068e+06 5.728983e+06
1.997837e+06 3.329919e+06 5.733090e+06
1.996200e+06 3.323765e+06 5.737190e+06
1.994560e+06 3.317608e+06 5.741283e+06
1.992918e+06 3.311447e+06 5.745370e+06
1.991274e+06 3.305282e+06 5.749449e+06
1.989627e+06 3.299113e+06 5.753522e+06
1.987978e+06 3.292940e+06 5.757588e+06
1.986326e+06 3.286764e+06 5.761647e+06
1.984672e+06 3.280583e+06 5.765699e+06
1.983016e+06 3.274399e+06 5.769744e+06
1.981357e+06 3.268210e+06 5.773782e+06
1.979696e+06 3.262018e+06 5.777813e+06
1.978033e+06 3.255822e+06 5.781838e+06
1.976368e+06 3.249622e+06 5.785855e+06
1.974700e+06 3.243419e+06 5.789866e+06
1.973029e+06 3.237211e+06 5.793870e+06
1.971357e+06 3.231000e+06 5.797867e+06
1.969682e+06 3.224785e+06 5.801856e+06
1.968004e+06 3.218566e+06 5.805839e+06
1.966325e+06 3.212343e+06 5.809815e+06
1.964643e+06 3.206117e+06 5.813785e+06
1.962959e+06 3.199886e+06 5.817747e+06
1.961272e+06 3.193652e+06 5.821702e+06
1.959583e+06 3.187415e+06 5.825650e+06
1.957892e+06 3.181173e+06 5.829591e+06
1.956199e+06 3.174928e+06 5.833526e+06
1.954503e+06 3.168679e+06 5.837453e+06
1.952805e+06 3.162426e+06 5.841374e+06
1.951104e+06 3.156169e+06 5.845287e+06
1.949401e+06 3.149909e+06 5.849193e+06
1.947696e+06 3.143645e+06 5.853093e+06
1.945989e+06 3.137378e+06 5.856985e+06
1.944279e+06 3.131106e+06 5.860871e+06
1.942567e+06 3.124831e+06 5.864749e+06
1.940853e+06 3.118552e+06 5.868621e+06
1.939137e+06 3.112270e+06 5.872485e+06
1.937418e+06 3.105984e+06 5.876343e+06
1.935697e+06 3.099694e+06 5.880193e+06
1.933973e+06 3.093401e+06 5.884037e+06
1.932247e+06 3.087104e+06 5.887873e+06
1.930519e+06 3.080803e+06 5.891703e+06
1.928789e+06 3.074499e+06 5.895525e+06
1.927057e+06 3.068191e+06 5.899341e+06
1.925322e+06 3.061880e+06 5.903149e+06
1.923585e+06 3.055564e+06 5.906950e+06
1.921845e+06 3.049246e+06 5.910744e+06
1.920104e+06 3.042923e+06 5.914532e+06
1.918360e+06 3.036598e+06 5.918312e+06
1.916614e+06 3.030268e+06 5.922085e+06
1.914865e+06 3.023935e+06 5.925851e+06
1.913115e+06 3.017598e+06 5.929610e+06
1.911362e+06 3.011258e+06 5.933361e+06
1.909606e+06 3.004915e+06 5.937106e+06
1.907849e+06 2.998567e+06 5.940844e+06
1.906089e+06 2.992217e+06 5.944574e+06
1.904327e+06 2.985862e+06 5.948298e+06
1.902563e+06 2.979504e+06 5.952014e+06
1.900796e+06 2.973143e+06 5.955724e+06
1.899028e+06 2.966778e+06 5.959426e+06
1.897257e+06 2.960410e+06 5.963121e+06
1.895483e+06 2.954038e+06 5.966809e+06
1.893708e+06 2.947663e+06 5.970490e+06
1.891930e+06 2.941284e+06 5.974163e+06
1.890150e+06 2.934902e+06 5.977830e+06
1.888368e+06 2.928516e+06 5.981490e+06
1.886584e+06 2.922127e+06 5.985142e+06
1.884797e+06 2.915734e+06 5.988787e+06
1.883008e+06 2.909338e+06 5.992425e+06
1.881217e+06 2.902939e+06 5.996056e+06
1.879424e+06 2.896536e+06 5.999680e+06
1.877629e+06 2.890130e+06 6.003296e+06
1.875831e+06 2.883720e+06 6.006906e+06
1.874031e+06 2.877307e+06 6.010508e+06
1.872229e+06 2.870891e+06 6.014103e+06
1.870424e+06 2.864471e+06 6.017691e+06
1.868618e+06 2.858048e+06 6.021272e+06
1.866809e+06 2.851621e+06 6.024846e+06
1.864998e+06 2.845191e+06 6.028412e+06
1.863185e+06 2.838758e+06 6.031971e+06
1.861369e+06 2.832321e+06 6.035523e+06
1.859552e+06 2.825881e+06 6.039068e+06
1.857732e+06 2.819438e+06 6.042606e+06
1.855910e+06 2.812991e+06 6.046136e+06
1.854086e+06 2.806541e+06 6.049659e+06
1.852260e+06 2.800088e+06 6.053175e+06
1.850431e+06 2.793632e+06 6.056684e+06
1.848600e+06 2.787172e+06 6.060186e+06
1.846767e+06 2.780709e+06 6.063680e+06
1.844932e+06 2.774242e+06 6.067167e+06
1.843095e+06 2.767773e+06 6.070647e+06
1.841255e+06 2.761300e+06 6.074120e+06
1.839414e+06 2.754824e+06 6.077585e+06
1.837570e+06 2.748344e+06 6.081043e+06
1.835724e+06 2.741862e+06 6.084494e+06
1.833876e+06 2.735376e+06 6.087938e+06
1.832026e+06 2.728887e+06 6.091374e+06
1.830173e+06 2.722395e+06 6.094803e+06
1.828318e+06 2.715899e+06 6.098225e+06
1.826462e+06 2.709400e+06 6.101640e+06
1.824603e+06 2.702899e+06 6.105047e+06
1.822742e+06 2.696394e+06 6.108447e+06
1.820878e+06 2.689885e+06 6.111840e+06
1.819013e+06 2.683374e+06 6.115225e+06
1.817145e+06 2.676859e+06 6.118603e+06
1.815276e+06 2.670342e+06 6.121974e+06
1.813404e+06 2.663821e+06 6.125338e+06
1.811530e+06 2.657297e+06 6.128694e+06
1.809654e+06 2.650770e+06 6.132043e+06
1.807775e+06 2.644240e+06 6.135385e+06
1.805895e+06 2.637706e+06 6.138719e+06
1.804013e+06 2.631170e+06 6.142046e+06
1.802128e+06 2.624630e+06 6.145366e+06
1.800241e+06 2.618088e+06 6.148678e+06
1.798352e+06 2.611542e+06 6.151984e+06
1.796461e+06 2.604993e+06 6.155281e+06
1.794568e+06 2.598441e+06 6.158572e+06
1.792673e+06 2.591886e+06 6.161855e+06
1.790775e+06 2.585328e+06 6.165131e+06
1.788876e+06 2.578767e+06 6.168399e+06
1.786974e+06 2.572203e+06 6.171660e+06
1.785070e+06 2.565636e+06 6.174914e+06
1.783165e+06 2.559066e+06 6.178160e+06
1.781257e+06 2.552493e+06 6.181399e+06
1.779347e+06 2.545917e+06 6.184631e+06
1.777434e+06 2.539338e+06 6.187855e+06
1.775520e+06 2.532756e+06 6.191072e+06
1.773604e+06 2.526171e+06 6.194281e+06
1.771685e+06 2.519583e+06 6.197483e+06
1.769765e+06 2.512992e+06 6.200678e+06
1.767842e+06 2.506398e+06 6.203865e+06
1.765918e+06 2.499801e+06 6.207045e+06
1.763991e+06 2.493201e+06 6.210218e+06
1.762062e+06 2.486598e+06 6.213383e+06
1.760131e+06 2.479993e+06 6.216541e+06
1.758198e+06 2.473384e+06 6.219691e+06
1.756263e+06 2.466772e+06 6.222834e+06
1.754326e+06 2.460158e+06 6.225970e+06
1.752386e+06 2.453541e+06 6.229098e+06
1.750445e+06 2.446920e+06 6.232218e+06
1.748502e+06 2.440297e+06 6.235332e+06
1.746556e+06 2.433671e+06 6.238438e+06
1.744609e+06 2.427043e+06 6.241536e+06
1.742659e+06 2.420411e+06 6.244627e+06
1.740708e+06 2.413776e+06 6.247711e+06
1.738754e+06 2.407139e+06 6.250787e+06
1.736798e+06 2.400499e+06 6.253855e+06
1.734840e+06 2.393856e+06 6.256917e+06
1.732881e+06 2.387210e+06 6.259970e+06
1.730919e+06 2.380561e+06 6.263017e+06
1.728955e+06 2.373910e+06 6.266055e+06
1.726989e+06 2.367255e+06 6.269087e+06
1.725021e+06 2.360598e+06 6.272111e+06
1.723051e+06 2.353939e+06 6.275127e+06
1.721079e+06 2.347276e+06 6.278136e+06
1.719105e+06 2.340611e+06 6.281138e+06
1.717129e+06 2.333943e+06 6.284132e+06
1.715150e+06 2.327272e+06 6.287118e+06
1.713170e+06 2.320598e+06 6.290097e+06
1.711188e+06 2.313922e+06 6.293069e+06
1.709204e+06 2.307243e+06 6.296033e+06
1.707218e+06 2.300561e+06 6.298990e+06
1.705229e+06 2.293877e+06 6.301939e+06
1.703239e+06 2.287189e+06 6.304880e+06
1.701247e+06 2.280500e+06 6.307814e+06
1.699252e+06 2.273807e+06 6.310741e+06
1.697256e+06 2.267112e+06 6.313660e+06
1.695258e+06 2.260414e+06 6.316571e+06
1.693258e+06 2.253714e+06 6.319475e+06
1.691255e+06 2.247010e+06 6.322372e+06
1.689251e+06 2.240305e+06 6.325261e+06
1.687245e+06 2.233596e+06 6.328142e+06
1.685236e+06 2.226885e+06 6.331016e+06
1.683226e+06 2.220171e+06 6.333882e+06
1.681214e+06 2.213455e+06 6.336741e+06
1.679200e+06 2.206736e+06 6.339593e+06
1.677184e+06 2.200015e+06 6.342436e+06
1.675165e+06 2.193290e+06 6.345272e+06
1.673145e+06 2.186564e+06 6.348101e+06
1.671123e+06 2.179835e+06 6.350922e+06
1.669099e+06 2.173103e+06 6.353736e+06
1.667073e+06 2.166368e+06 6.356542e+06
1.665045e+06 2.159631e+06 6.359340e+06
1.663015e+06 2.152892e+06 6.362131e+06
1.660983e+06 2.146150e+06 6.364914e+06
1.658949e+06 2.139405e+06 6.367690e+06
1.656913e+06 2.132658e+06 6.370458e+06
1.654875e+06 2.125909e+06 6.373218e+06
1.652835e+06 2.119157e+06 6.375971e+06
1.650794e+06 2.112402e+06 6.378716e+06
1.648750e+06 2.105645e+06 6.381454e+06
1.646704e+06 2.098886e+06 6.384184e+06
1.644657e+06 2.092124e+06 6.386907e+06
1.642607e+06 2.085359e+06 6.389622e+06
1.640556e+06 2.078593e+06 6.392329e+06
1.638502e+06 2.071823e+06 6.395029e+06
1.636447e+06 2.065051e+06 6.397721e+06
1.634390e+06 2.058277e+06 6.400406e+06
1.632330e+06 2.051501e+06 6.403082e+06
1.630269e+06 2.044722e+06 6.405752e+06
1.628206e+06 2.037940e+06 6.408413e+06
1.626141e+06 2.031156e+06 6.411067e+06
1.624074e+06 2.024370e+06 6.413714e+06
1.622005e+06 2.017582e+06 6.416353e+06
1.619935e+06 2.010791e+06 6.418984e+06
1.617862e+06 2.003997e+06 6.421607e+06
1.615788e+06 1.997202e+06 6.424223e+06
1.613711e+06 1.990404e+06 6.426831e+06
1.611633e+06 1.983603e+06 6.429432e+06
1.609553e+06 1.976801e+06 6.432025e+06
1.607470e+06 1.969995e+06 6.434610e+06
1.605386e+06 1.963188e+06 6.437188e+06
1.603300e+06 1.956378e+06 6.439757e+06
1.601213e+06 1.949567e+06 6.442320e+06
1.599123e+06 1.942752e+06 6.444874e+06
1.597031e+06 1.935936e+06 6.447421e+06
1.594938e+06 1.929117e+06 6.449961e+06
1.592842e+06 1.922296e+06 6.452492e+06
1.590745e+06 1.915473e+06 6.455016e+06
1.588646e+06 1.908647e+06 6.457532e+06
1.586545e+06 1.901819e+06 6.460041e+06
1.584442e+06 1.894989e+06 6.462542e+06
1.582337e+06 1.888157e+06 6.465035e+06
1.580231e+06 1.881322e+06 6.467521e+06
1.578122e+06 1.874485e+06 6.469998e+06
1.576012e+06 1.867646e+06 6.472468e+06
1.573900e+06 1.860805e+06 6.474931e+06
1.571786e+06 1.853962e+06 6.477386e+06
1.569670e+06 1.847117e+06 6.479833e+06
1.567552e+06 1.840269e+06 6.482272e+06
1.565432e+06 1.833419e+06 6.484703e+06
1.563311e+06 1.826567e+06 6.487127e+06
1.561188e+06 1.819713e+06 6.489544e+06
1.559062e+06 1.812857e+06 6.491952e+06
1.556935e+06 1.805998e+06 6.494353e+06
1.554807e+06 1.799138e+06 6.496746e+06
1.552676e+06 1.792275e+06 6.499131e+06
1.550543e+06 1.785410e+06 6.501508e+06
1.548409e+06 1.778543e+06 6.503878e+06
1.546273e+06 1.771674e+06 6.506240e+06
1.544135e+06 1.764803e+06 6.508595e+06
1.541995e+06 1.757930e+06 6.510941e+06
1.539854e+06 1.751055e+06 6.513280e+06
1.537710e+06 1.744178e+06 6.515611e+06
1.535565e+06 1.737299e+06 6.517935e+06
1.533418e+06 1.730417e+06 6.520250e+06
1.531269e+06 1.723534e+06 6.522558e+06
1.529118e+06 1.716648e+06 6.524858e+06
1.526966e+06 1.709761e+06 6.527151e+06
1.524811e+06 1.702872e+06 6.529435e+06
1.522655e+06 1.695980e+06 6.531712e+06
1.520498e+06 1.689087e+06 6.533981e+06
1.518338e+06 1.682191e+06 6.536242e+06
1.516176e+06 1.675294e+06 6.538496e+06
1.514013e+06 1.668395e+06 6.540741e+06
1.511848e+06 1.661493e+06 6.542979e+06
1.509681e+06 1.654590e+06 6.545210e+06
1.507513e+06 1.647685e+06 6.547432e+06
1.505342e+06 1.640778e+06 6.549647e+06
1.503170e+06 1.633869e+06 6.551853e+06
1.500996e+06 1.626958e+06 6.554052e+06
1.498821e+06 1.620045e+06 6.556244e+06
1.496643e+06 1.613130e+06 6.558427e+06
1.494464e+06 1.606213e+06 6.560603e+06
1.492283e+06 1.599294e+06 6.562771e+06
1.490100e+06 1.592374e+06 6.564931e+06
1.487916e+06 1.585452e+06 6.567083e+06
1.485729e+06 1.578527e+06 6.569227e+06
1.483541e+06 1.571601e+06 6.571364e+06
1.481351e+06 1.564673e+06 6.573493e+06
1.479160e+06 1.557744e+06 6.575614e+06
1.476967e+06 1.550812e+06 6.577727e+06
1.474772e+06 1.543878e+06 6.579832e+06
1.472575e+06 1.536943e+06 6.581930e+06
1.470376e+06 1.530006e+06 6.584019e+06
1.468176e+06 1.523067e+06 6.586101e+06
1.465974e+06 1.516127e+06 6.588175e+06
1.463771e+06 1.509184e+06 6.590242e+06
1.461565e+06 1.502240e+06 6.592300e+06
1.459358e+06 1.495294e+06 6.594351e+06
1.457149e+06 1.488346e+06 6.596393e+06
1.454939e+06 1.481397e+06 6.598428e+06
1.452726e+06 1.474446e+06 6.600455e+06
1.450512e+06 1.467493e+06 6.602474e+06
1.448297e+06 1.460538e+06 6.604486e+06
1.446079e+06 1.453582e+06 6.606489e+06
1.443860e+06 1.446624e+06 6.608485e+06
1.441639e+06 1.439664e+06 6.610473e+06
1.439417e+06 1.432702e+06 6.612452e+06
1.437192e+06 1.425739e+06 6.614424e+06
1.434966e+06 1.418774e+06 6.616389e+06
1.432739e+06 1.411808e+06 6.618345e+06
1.430510e+06 1.404839e+06 6.620293e+06
1.428279e+06 1.397870e+06 6.622234e+06
1.426046e+06 1.390898e+06 6.624167e+06
1.423811e+06 1.383925e+06 6.626092e+06
1.421575e+06 1.376950e+06 6.628009e+06
1.419338e+06 1.369974e+06 6.629918e+06
1.417098e+06 1.362996e+06 6.631819e+06
1.414857e+06 1.356016e+06 6.633712e+06
1.412614e+06 1.349035e+06 6.635598e+06
1.410370e+06 1.342052e+06 6.637475e+06
1.408124e+06 1.335068e+06 6.639345e+06
1.405876e+06 1.328082e+06 6.641207e+06
1.403627e+06 1.321095e+06 6.643061e+06
1.401376e+06 1.314105e+06 6.644907e+06
1.399123e+06 1.307115e+06 6.646745e+06
1.396869e+06 1.300123e+06 6.648575e+06
1.394613e+06 1.293129e+06 6.650397e+06
1.392355e+06 1.286134e+06 6.652212e+06
1.390096e+06 1.279137e+06 6.654018e+06
1.387835e+06 1.272139e+06 6.655817e+06
1.385572e+06 1.265139e+06 6.657607e+06
1.383308e+06 1.258138e+06 6.659390e+06
1.381042e+06 1.251136e+06 6.661165e+06
1.378775e+06 1.244131e+06 6.662932e+06
1.376506e+06 1.237126e+06 6.664691e+06
1.374235e+06 1.230119e+06 6.666442e+06
1.371963e+06 1.223110e+06 6.668185e+06
1.369689e+06 1.216100e+06 6.669920e+06
1.367413e+06 1.209089e+06 6.671648e+06
1.365136e+06 1.202076e+06 6.673367e+06
1.362857e+06 1.195062e+06 6.675079e+06
1.360577e+06 1.188046e+06 6.676782e+06
1.358295e+06 1.181029e+06 6.678478e+06
1.356011e+06 1.174011e+06 6.680166e+06
1.353726e+06 1.166991e+06 6.681845e+06
1.351439e+06 1.159970e+06 6.683517e+06
1.349151e+06 1.152948e+06 6.685181e+06
1.346861e+06 1.145924e+06 6.686837e+06
1.344569e+06 1.138898e+06 6.688485e+06
1.342276e+06 1.131872e+06 6.690125e+06
1.339981e+06 1.124844e+06 6.691757e+06
1.337685e+06 1.117815e+06 6.693381e+06
1.335387e+06 1.110784e+06 6.694997e+06
1.333087e+06 1.103752e+06 6.696605e+06
1.330786e+06 1.096719e+06 6.698206e+06
1.328484e+06 1.089685e+06 6.699798e+06
1.326179e+06 1.082649e+06 6.701382e+06
1.323874e+06 1.075612e+06 6.702959e+06
1.321566e+06 1.068574e+06 6.704527e+06
1.319257e+06 1.061534e+06 6.706087e+06
1.316947e+06 1.054494e+06 6.707640e+06
1.314635e+06 1.047452e+06 6.709184e+06
1.312321e+06 1.040408e+06 6.710721e+06
1.310006e+06 1.033364e+06 6.712250e+06
1.307690e+06 1.026318e+06 6.713770e+06
1.305371e+06 1.019271e+06 6.715283e+06
1.303052e+06 1.012223e+06 6.716787e+06
1.300730e+06 1.005174e+06 6.718284e+06
1.298408e+06 9.981235e+05 6.719773e+06
1.296083e+06 9.910718e+05 6.721254e+06
1.293757e+06 9.840190e+05 6.722726e+06
1.291430e+06 9.769651e+05 6.724191e+06
1.289101e+06 9.699100e+05 6.725648e+06
1.286771e+06 9.628537e+05 6.727096e+06
1.284439e+06 9.557963e+05 6.728537e+06
1.282105e+06 9.487378e+05 6.729970e+06
1.279770e+06 9.416781e+05 6.731395e+06
1.277434e+06 9.346174e+05 6.732812e+06
1.275096e+06 9.275556e+05 6.734220e+06
1.272756e+06 9.204926e+05 6.735621e+06
1.270415e+06 9.134286e+05 6.737014e+06
1.268073e+06 9.063635e+05 6.738399e+06
1.265728e+06 8.992973e+05 6.739775e+06
1.263383e+06 8.922301e+05 6.741144e+06
1.261036e+06 8.851618e+05 6.742505e+06
1.258687e+06 8.780925e+05 6.743858e+06
1.256338e+06 8.710222e+05 6.745202e+06
1.253986e+06 8.639508e+05 6.746539e+06
1.251633e+06 8.568784e+05 6.747868e+06
1.249279e+06 8.498050e+05 6.749189e+06
1.246923e+06 8.427306e+05 6.750501e+06
1.244565e+06 8.356552e+05 6.751806e+06
1.242207e+06 8.285788e+05 6.753103e+06
1.239846e+06 8.215014e+05 6.754391e+06
1.237485e+06 8.144231e+05 6.755672e+06
1.235121e+06 8.073438e+05 6.756944e+06
1.232757e+06 8.002635e+05 6.758209e+06
1.230390e+06 7.931823e+05 6.759465e+06
1.228023e+06 7.861002e+05 6.760714e+06
1.225654e+06 7.790172e+05 6.761954e+06
1.223283e+06 7.719332e+05 6.763187e+06
1.220911e+06 7.648483e+05 6.764411e+06
1.218538e+06 7.577625e+05 6.765628e+06
1.216163e+06 7.506759e+05 6.766836e+06
1.213787e+06 7.435883e+05 6.768036e+06
1.211409e+06 7.364999e+05 6.769229e+06
1.209030e+06 7.294106e+05 6.770413e+06
1.206650e+06 7.223204e+05 6.771589e+06
1.204268e+06 7.152294e+05 6.772757e+06
1.201884e+06 7.081375e+05 6.773917e+06
1.199499e+06 7.010448e+05 6.775069e+06
1.197113e+06 6.939513e+05 6.776213e+06
1.194726e+06 6.868569e+05 6.777349e+06
1.192337e+06 6.797618e+05 6.778477e+06
1.189946e+06 6.726658e+05 6.779597e+06
1.187554e+06 6.655691e+05 6.780709e+06
1.185161e+06 6.584715e+05 6.781812e+06
1.182766e+06 6.513732e+05 6.782908e+06
1.180370e+06 6.442741e+05 6.783996e+06
1.177973e+06 6.371743e+05 6.785075e+06
1.175574e+06 6.300737e+05 6.786147e+06
1.173174e+06 6.229724e+05 6.787210e+06
1.170772e+06 6.158703e+05 6.788266e+06
1.168369e+06 6.087675e+05 6.789313e+06
1.165965e+06 6.016640e+05 6.790352e+06
1.163559e+06 5.945597e+05 6.791384e+06
1.161152e+06 5.874548e+05 6.792407e+06
1.158743e+06 5.803492e+05 6.793422e+06
1.156334e+06 5.732428e+05 6.794429e+06
1.153922e+06 5.661358e+05 6.795428e+06
1.151510e+06 5.590282e+05 6.796419e+06
1.149096e+06 5.519199e+05 6.797401e+06
1.146680e+06 5.448109e+05 6.798376e+06
1.144264e+06 5.377013e+05 6.799343e+06
1.141846e+06 5.305910e+05 6.800301e+06
1.139426e+06 5.234801e+05 6.801252e+06
1.137006e+06 5.163686e+05 6.802194e+06
1.134584e+06 5.092565e+05 6.803129e+06
1.132160e+06 5.021438e+05 6.804055e+06
1.129735e+06 4.950305e+05 6.804973e+06
1.127309e+06 4.879166e+05 6.805883e+06
1.124882e+06 4.808021e+05 6.806785e+06
1.122453e+06 4.736871e+05 6.807679e+06
1.120023e+06 4.665714e+05 6.808565e+06
1.117592e+06 4.594553e+05 6.809443e+06
1.115159e+06 4.523386e+05 6.810313e+06
1.112725e+06 4.452213e+05 6.811174e+06
1.110290e+06 4.381036e+05 6.812028e+06
1.107853e+06 4.309853e+05 6.812873e+06
1.105415e+06 4.238665e+05 6.813711e+06
1.102976e+06 4.167472e+05 6.814540e+06
1.100535e+06 4.096274e+05 6.815361e+06
1.098093e+06 4.025071e+05 6.816174e+06
1.095650e+06 3.953864e+05 6.816979e+06
1.093206e+06 3.882652e+05 6.817776e+06
1.090760e+06 3.811435e+05 6.818565e+06
1.088313e+06 3.740213e+05 6.819345e+06
1.085865e+06 3.668987e+05 6.820118e+06
1.083415e+06 3.597757e+05 6.820882e+06
1.080964e+06 3.526523e+05 6.821639e+06
1.078512e+06 3.455284e+05 6.822387e+06
1.076059e+06 3.384041e+05 6.823127e+06
1.073604e+06 3.312795e+05 6.823859e+06
1.071148e+06 3.241544e+05 6.824583e+06
1.068691e+06 3.170289e+05 6.825299e+06
1.066232e+06 3.099031e+05 6.826007e+06
1.063772e+06 3.027769e+05 6.826707e+06
1.061311e+06 2.956503e+05 6.827398e+06
1.058849e+06 2.885234e+05 6.828082e+06
1.056385e+06 2.813961e+05 6.828757e+06
1.053921e+06 2.742685e+05 6.829424e+06
1.051455e+06 2.671406e+05 6.830083e+06
1.048987e+06 2.600124e+05 6.830734e+06
1.046519e+06 2.528838e+05 6.831377e+06
1.044049e+06 2.457550e+05 6.832012e+06
1.041578e+06 2.386258e+05 6.832639e+06
1.039106e+06 2.314964e+05 6.833257e+06
1.036633e+06 2.243666e+05 6.833868e+06
1.034158e+06 2.172367e+05 6.834470e+06
1.031682e+06 2.101064e+05 6.835064e+06
1.029205e+06 2.029759e+05 6.835651e+06
1.026727e+06 1.958452e+05 6.836229e+06
1.024247e+06 1.887142e+05 6.836798e+06
1.021766e+06 1.815830e+05 6.837360e+06
1.019284e+06 1.744516e+05 6.837914e+06
1.016801e+06 1.673199e+05 6.838459e+06
1.014317e+06 1.601881e+05 6.838997e+06
1.011831e+06 1.530561e+05 6.839526e+06
1.009344e+06 1.459239e+05 6.840047e+06
1.006856e+06 1.387915e+05 6.840560e+06
1.004367e+06 1.316589e+05 6.841065e+06
1.001877e+06 1.245262e+05 6.841562e+06
9.993854e+05 1.173933e+05 6.842051e+06
9.968927e+05 1.102603e+05 6.842531e+06
9.943988e+05 1.031272e+05 6.843004e+06
9.919038e+05 9.599387e+04 6.843468e+06
9.894076e+05 8.886047e+04 6.843924e+06
9.869102e+05 8.172697e+04 6.844372e+06
9.844116e+05 7.459336e+04 6.844812e+06
9.819119e+05 6.745965e+04 6.845244e+06
9.794110e+05 6.032586e+04 6.845667e+06
9.769089e+05 5.319200e+04 6.846083e+06
9.744057e+05 4.605806e+04 6.846490e+06
9.719013e+05 3.892407e+04 6.846890e+06
9.693958e+05 3.179002e+04 6.847281e+06
9.668892e+05 2.465593e+04 6.847664e+06
9.643814e+05 1.752181e+04 6.848039e+06
9.618724e+05 1.038766e+04 6.848405e+06
9.593624e+05 3.253487e+03 6.848764e+06
9.568511e+05 -3.880693e+03 6.849115e+06
9.543388e+05 -1.101488e+04 6.849457e+06
9.518253e+05 -1.814905e+04 6.849791e+06
9.493107e+05 -2.528321e+04 6.850117e+06
9.467950e+05 -3.241735e+04 6.850435e+06
9.442781e+05 -3.955145e+04 6.850745e+06
9.417602e+05 -4.668552e+04 6.851047e+06
9.392411e+05 -5.381953e+04 6.851340e+06
9.367209e+05 -6.095349e+04 6.851626e+06
9.341996e+05 -6.808739e+04 6.851903e+06
9.316772e+05 -7.522121e+04 6.852172e+06
9.291537e+05 -8.235495e+04 6.852433e+06
9.266291e+05 -8.948860e+04 6.852686e+06
9.241034e+05 -9.662215e+04 6.852931e+06
9.215766e+05 -1.037556e+05 6.853167e+06
9.190487e+05 -1.108889e+05 6.853396e+06
9.165197e+05 -1.180221e+05 6.853616e+06
9.139897e+05 -1.251552e+05 6.853828e+06
9.114585e+05 -1.322881e+05 6.854032e+06
9.089263e+05 -1.394209e+05 6.854228e+06
9.063930e+05 -1.465535e+05 6.854416e+06
9.038586e+05 -1.536860e+05 6.854596e+06
9.013232e+05 -1.608183e+05 6.854767e+06
8.987867e+05 -1.679504e+05 6.854930e+06
8.962491e+05 -1.750823e+05 6.855086e+06
8.937105e+05 -1.822140e+05 6.855233e+06
8.911708e+05 -1.893455e+05 6.855372e+06
8.886301e+05 -1.964768e+05 6.855502e+06
8.860883e+05 -2.036079e+05 6.855625e+06
8.835454e+05 -2.107387e+05 6.855740e+06
8.810015e+05 -2.178693e+05 6.855846e+06
8.784566e+05 -2.249997e+05 6.855944e+06
8.759106e+05 -2.321298e+05 6.856034e+06
8.733636e+05 -2.392596e+05 6.856116e+06
8.708155e+05 -2.463892e+05 6.856190e+06
8.682665e+05 -2.535184e+05 6.856256e+06
8.657163e+05 -2.606474e+05 6.856313e+06
8.631652e+05 -2.677761e+05 6.856363e+06
8.606131e+05 -2.749045e+05 6.856404e+06
8.580599e+05 -2.820325e+05 6.856437e+06
8.555057e+05 -2.891602e+05 6.856462e+06
8.529505e+05 -2.962876e+05 6.856479e+06
8.503943e+05 -3.034147e+05 6.856487e+06
8.478370e+05 -3.105414e+05 6.856488e+06
8.452788e+05 -3.176678e+05 6.856480e+06
8.427196e+05 -3.247938e+05 6.856465e+06
8.401593e+05 -3.319194e+05 6.856441e+06
8.375981e+05 -3.390446e+05 6.856409e+06
8.350359e+05 -3.461694e+05 6.856368e+06
8.324727e+05 -3.532939e+05 6.856320e+06
8.299085e+05 -3.604179e+05 6.856264e+06
8.273433e+05 -3.675415e+05 6.856199e+06
8.247772e+05 -3.746647e+05 6.856126e+06
8.222100e+05 -3.817875e+05 6.856045e+06
8.196419e+05 -3.889098e+05 6.855956e+06
8.170728e+05 -3.960317e+05 6.855859e+06
8.145028e+05 -4.031531e+05 6.855754e+06
8.119318e+05 -4.102740e+05 6.855640e+06
8.093598e+05 -4.173945e+05 6.855519e+06
8.067868e+05 -4.245145e+05 6.855389e+06
8.042129e+05 -4.316340e+05 6.855251e+06
8.016381e+05 -4.387530e+05 6.855105e+06
7.990623e+05 -4.458715e+05 6.854951e+06
7.964855e+05 -4.529895e+05 6.854789e+06
7.939079e+05 -4.601069e+05 6.854618e+06
7.913292e+05 -4.672238e+05 6.854440e+06
7.887496e+05 -4.743402e+05 6.854253e+06
7.861691e+05 -4.814560e+05 6.854058e+06
7.835877e+05 -4.885713e+05 6.853855e+06
7.810053e+05 -4.956860e+05 6.853644e+06
7.784220e+05 -5.028001e+05 6.853425e+06
7.758378e+05 -5.099137e+05 6.853197e+06
7.732527e+05 -5.170267e+05 6.852962e+06
7.706666e+05 -5.241390e+05 6.852718e+06
7.680797e+05 -5.312508e+05 6.852466e+06
7.654918e+05 -5.383619e+05 6.852206e+06
7.629030e+05 -5.454724e+05 6.851938e+06
7.603133e+05 -5.525823e+05 6.851662e+06
7.577227e+05 -5.596915e+05 6.851377e+06
7.551312e+05 -5.668001e+05 6.851085e+06
7.525388e+05 -5.739080e+05 6.850784e+06
7.499455e+05 -5.810153e+05 6.850475e+06
7.473513e+05 -5.881219e+05 6.850159e+06
7.447563e+05 -5.952278e+05 6.849833e+06
7.421603e+05 -6.023330e+05 6.849500e+06
7.395635e+05 -6.094375e+05 6.849159e+06
7.369658e+05 -6.165413e+05 6.848809e+06
7.343672e+05 -6.236444e+05 6.848452e+06
7.317678e+05 -6.307468e+05 6.848086e+06
7.291674e+05 -6.378484e+05 6.847712e+06
7.265663e+05 -6.449493e+05 6.847330e+06
7.239642e+05 -6.520495e+05 6.846940e+06
7.213613e+05 -6.591488e+05 6.846542e+06
7.187575e+05 -6.662475e+05 6.846135e+06
7.161529e+05 -6.733453e+05 6.845721e+06
7.135474e+05 -6.804424e+05 6.845298e+06
7.109411e+05 -6.875386e+05 6.844867e+06
7.083340e+05 -6.946341e+05 6.844428e+06
7.057260e+05 -7.017288e+05 6.843981e+06
7.031171e+05 -7.088226e+05 6.843526e+06
7.005074e+05 -7.159157e+05 6.843063e+06
6.978969e+05 -7.230079e+05 6.842591e+06
6.952856e+05 -7.300992e+05 6.842112e+06
6.926734e+05 -7.371897e+05 6.841624e+06
6.900604e+05 -7.442794e+05 6.841128e+06
6.874466e+05 -7.513681e+05 6.840624e+06
6.848320e+05 -7.584560e+05 6.840112e+06
6.822166e+05 -7.655431e+05 6.839592e+06
6.796003e+05 -7.726292e+05 6.839064e+06
6.769833e+05 -7.797144e+05 6.838527e+06
6.743654e+05 -7.867988e+05 6.837983e+06
6.717467e+05 -7.938822e+05 6.837430e+06
6.691273e+05 -8.009647e+05 6.836869e+06
6.665070e+05 -8.080462e+05 6.836300e+06
6.638860e+05 -8.151268e+05 6.835723e+06
6.612641e+05 -8.222065e+05 6.835138e+06
6.586415e+05 -8.292852e+05 6.834545e+06
6.560181e+05 -8.363630e+05 6.833943e+06
6.533939e+05 -8.434397e+05 6.833334e+06
6.507689e+05 -8.505155e+05 6.832716e+06
6.481432e+05 -8.575903e+05 6.832090e+06
6.455167e+05 -8.646641e+05 6.831457e+06
6.428894e+05 -8.717369e+05 6.830815e+06
6.402614e+05 -8.788087e+05 6.830164e+06
6.376326e+05 -8.858794e+05 6.829506e+06
6.350030e+05 -8.929492e+05 6.828840e+06
6.323727e+05 -9.000178e+05 6.828165e+06
6.297416e+05 -9.070855e+05 6.827483e+06
6.271098e+05 -9.141520e+05 6.826792e+06
6.244772e+05 -9.212176e+05 6.826093e+06
6.218439e+05 -9.282820e+05 6.825387e+06
6.192099e+05 -9.353454e+05 6.824672e+06
6.165751e+05 -9.424076e+05 6.823948e+06
6.139396e+05 -9.494688e+05 6.823217e+06
6.113033e+05 -9.565289e+05 6.822478e+06
6.086663e+05 -9.635878e+05 6.821730e+06
6.060286e+05 -9.706456e+05 6.820975e+06
6.033902e+05 -9.777023e+05 6.820211e+06
6.007510e+05 -9.847579e+05 6.819439e+06
5.981112e+05 -9.918123e+05 6.818660e+06
5.954706e+05 -9.988655e+05 6.817872e+06
5.928293e+05 -1.005918e+06 6.817076e+06
5.901873e+05 -1.012969e+06 6.816272e+06
5.875446e+05 -1.020018e+06 6.815459e+06
5.849012e+05 -1.027067e+06 6.814639e+06
5.822572e+05 -1.034114e+06 6.813810e+06
5.796124e+05 -1.041160e+06 6.812974e+06
5.769669e+05 -1.048205e+06 6.812129e+06
5.743207e+05 -1.055249e+06 6.811277e+06
5.716739e+05 -1.062291e+06 6.810416e+06
5.690264e+05 -1.069333e+06 6.809547e+06
5.663782e+05 -1.076373e+06 6.808670e+06
5.637293e+05 -1.083411e+06 6.807785e+06
5.610797e+05 -1.090449e+06 6.806892e+06
5.584295e+05 -1.097485e+06 6.805990e+06
5.557786e+05 -1.104520e+06 6.805081e+06
5.531271e+05 -1.111554e+06 6.804164e+06
5.504748e+05 -1.118586e+06 6.803238e+06
5.478220e+05 -1.125617e+06 6.802304e+06
5.451685e+05 -1.132647e+06 6.801363e+06
5.425143e+05 -1.139675e+06 6.800413e+06
5.398595e+05 -1.146702e+06 6.799455e+06
5.372040e+05 -1.153728e+06 6.798489e+06
5.345479e+05 -1.160752e+06 6.797515e+06
5.318912e+05 -1.167775e+06 6.796533e+06
5.292338e+05 -1.174797e+06 6.795543e+06
5.265758e+05 -1.181817e+06 6.794545e+06
5.239171e+05 -1.188836e+06 6.793538e+06
5.212579e+05 -1.195854e+06 6.792524e+06
5.185980e+05 -1.202870e+06 6.791501e+06
5.159375e+05 -1.209884e+06 6.790471e+06
5.132764e+05 -1.216898e+06 6.789432e+06
5.106146e+05 -1.223910e+06 6.788386e+06
5.079523e+05 -1.230920e+06 6.787331e+06
5.052893e+05 -1.237929e+06 6.786268e+06
5.026258e+05 -1.244937e+06 6.785197e+06
4.999616e+05 -1.251943e+06 6.784118e+06
4.972969e+05 -1.258947e+06 6.783031e+06
4.946315e+05 -1.265951e+06 6.781936e+06
4.919656e+05 -1.272952e+06 6.780833e+06
4.892991e+05 -1.279953e+06 6.779722e+06
4.866319e+05 -1.286951e+06 6.778603e+06
4.839642e+05 -1.293949e+06 6.777475e+06
4.812960e+05 -1.300944e+06 6.776340e+06
4.786271e+05 -1.307939e+06 6.775197e+06
4.759577e+05 -1.314931e+06 6.774045e+06
4.732877e+05 -1.321922e+06 6.772886e+06
4.706172e+05 -1.328912e+06 6.771718e+06
4.679460e+05 -1.335900e+06 6.770542e+06
4.652744e+05 -1.342886e+06 6.769359e+06
4.626021e+05 -1.349871e+06 6.768167e+06
4.599293e+05 -1.356855e+06 6.766967e+06
4.572560e+05 -1.363837e+06 6.765760e+06
4.545821e+05 -1.370817e+06 6.764544e+06
4.519077e+05 -1.377795e+06 6.763320e+06
4.492327e+05 -1.384772e+06 6.762088e+06
4.465572e+05 -1.391748e+06 6.760848e+06
4.438811e+05 -1.398721e+06 6.759600e+06
4.412046e+05 -1.405693e+06 6.758344e+06
4.385275e+05 -1.412664e+06 6.757080e+06
4.358498e+05 -1.419633e+06 6.755808e+06
4.331717e+05 -1.426600e+06 6.754528e+06
4.304930e+05 -1.433565e+06 6.753239e+06
4.278138e+05 -1.440529e+06 6.751943e+06
4.251341e+05 -1.447491e+06 6.750639e+06
4.224539e+05 -1.454451e+06 6.749327e+06
4.197732e+05 -1.461410e+06 6.748007e+06
4.170919e+05 -1.468367e+06 6.746678e+06
4.144102e+05 -1.475322e+06 6.745342e+06
4.117280e+05 -1.482276e+06 6.743998e+06
4.090453e+05 -1.489228e+06 6.742645e+06
4.063621e+05 -1.496178e+06 6.741285e+06
4.036784e+05 -1.503126e+06 6.739917e+06
4.009942e+05 -1.510073e+06 6.738540e+06
3.983095e+05 -1.517018e+06 6.737156e+06
3.956244e+05 -1.523961e+06 6.735763e+06
3.929388e+05 -1.530902e+06 6.734363e+06
3.902527e+05 -1.537841e+06 6.732955e+06
3.875661e+05 -1.544779e+06 6.731538e+06
3.848791e+05 -1.551715e+06 6.730114e+06
3.821916e+05 -1.558649e+06 6.728681e+06
3.795037e+05 -1.565581e+06 6.727241e+06
3.768153e+05 -1.572512e+06 6.725792e+06
3.741264e+05 -1.579440e+06 6.724336e+06
3.714371e+05 -1.586367e+06 6.722872e+06
3.687474e+05 -1.593292e+06 6.721399e+06
3.660572e+05 -1.600215e+06 6.719919e+06
3.633665e+05 -1.607136e+06 6.718430e+06
3.606755e+05 -1.614055e+06 6.716934e+06
3.579840e+05 -1.620972e+06 6.715430e+06
3.552920e+05 -1.627888e+06 6.713917e+06
3.525997e+05 -1.634802e+06 6.712397e+06
3.499069e+05 -1.641713e+06 6.710868e+06
3.472137e+05 -1.648623e+06 6.709332e+06
3.445200e+05 -1.655531e+06 6.707788e+06
3.418260e+05 -1.662437e+06 6.706236e+06
3.391315e+05 -1.669341e+06 6.704675e+06
3.364367e+05 -1.676242e+06 6.703107e+06
3.337414e+05 -1.683142e+06 6.701531e+06
3.310457e+05 -1.690041e+06 6.699947e+06
3.283496e+05 -1.696937e+06 6.698355e+06
3.256532e+05 -1.703831e+06 6.696754e+06
3.229563e+05 -1.710723e+06 6.695146e+06
3.202590e+05 -1.717613e+06 6.693530e+06
3.175614e+05 -1.724501e+06 6.691906e+06
3.148634e+05 -1.731387e+06 6.690274e+06
3.121650e+05 -1.738271e+06 6.688635e+06
3.094662e+05 -1.745153e+06 6.686987e+06
3.067670e+05 -1.752033e+06 6.685331e+06
3.040675e+05 -1.758911e+06 6.683667e+06
3.013676e+05 -1.765787e+06 6.681995e+06
2.986673e+05 -1.772661e+06 6.680316e+06
2.959667e+05 -1.779532e+06 6.678628e+06
2.932657e+05 -1.786402e+06 6.676933e+06
2.905644e+05 -1.793269e+06 6.675229e+06
2.878627e+05 -1.800135e+06 6.673518e+06
2.851606e+05 -1.806998e+06 6.671798e+06
2.824583e+05 -1.813859e+06 6.670071e+06
2.797555e+05 -1.820719e+06 6.668336e+06
2.770525e+05 -1.827575e+06 6.666592e+06
2.743491e+05 -1.834430e+06 6.664841e+06
2.716453e+05 -1.841283e+06 6.663082e+06
2.689413e+05 -1.848134e+06 6.661315e+06
2.662369e+05 -1.854982e+06 6.659540e+06
2.635322e+05 -1.861828e+06 6.657758e+06
2.608271e+05 -1.868672e+06 6.655967e+06
2.581218e+05 -1.875514e+06 6.654168e+06
2.554161e+05 -1.882354e+06 6.652362e+06
2.527101e+05 -1.889191e+06 6.650547e+06
2.500038e+05 -1.896026e+06 6.648725e+06
2.472972e+05 -1.902859e+06 6.646894e+06
2.445903e+05 -1.909690e+06 6.645056e+06
2.418832e+05 -1.916518e+06 6.643210e+06
2.391757e+05 -1.923345e+06 6.641356e+06
2.364679e+05 -1.930169e+06 6.639494e+06
2.337598e+05 -1.936991e+06 6.637624e+06
2.310515e+05 -1.943810e+06 6.635747e+06
2.283428e+05 -1.950627e+06 6.633861e+06
2.256339e+05 -1.957442e+06 6.631967e+06
2.229247e+05 -1.964255e+06 6.630066e+06
2.202153e+05 -1.971065e+06 6.628157e+06
2.175055e+05 -1.977873e+06 6.626240e+06
2.147955e+05 -1.984679e+06 6.624314e+06
2.120853e+05 -1.991482e+06 6.622382e+06
2.093748e+05 -1.998284e+06 6.620441e+06
2.066640e+05 -2.005082e+06 6.618492e+06
2.039530e+05 -2.011879e+06 6.616535e+06
2.012417e+05 -2.018673e+06 6.614571e+06
1.985301e+05 -2.025464e+06 6.612599e+06
1.958184e+05 -2.032254e+06 6.610618e+06
1.931064e+05 -2.039041e+06 6.608630e+06
1.903941e+05 -2.045825e+06 6.606634e+06
1.876816e+05 -2.052607e+06 6.604630e+06
1.849689e+05 -2.059387e+06 6.602619e+06
1.822560e+05 -2.066164e+06 6.600599e+06
1.795428e+05 -2.072939e+06 6.598572e+06
1.768294e+05 -2.079712e+06 6.596537e+06
1.741158e+05 -2.086482e+06 6.594494e+06
1.714020e+05 -2.093249e+06 6.592443e+06
1.686879e+05 -2.100014e+06 6.590384e+06
1.659737e+05 -2.106777e+06 6.588317e+06
1.632592e+05 -2.113537e+06 6.586243e+06
1.605446e+05 -2.120295e+06 6.584160e+06
1.578297e+05 -2.127050e+06 6.582070e+06
1.551147e+05 -2.133803e+06 6.579972e+06
1.523994e+05 -2.140553e+06 6.577866e+06
1.496840e+05 -2.147301e+06 6.575753e+06
1.469684e+05 -2.154046e+06 6.573631e+06
1.442526e+05 -2.160789e+06 6.571502e+06
1.415366e+05 -2.167529e+06 6.569365e+06
1.388204e+05 -2.174267e+06 6.567220e+06
1.361041e+05 -2.181002e+06 6.565067e+06
1.333876e+05 -2.187734e+06 6.562907e+06
1.306709e+05 -2.194464e+06 6.560738e+06
1.279540e+05 -2.201192e+06 6.558562e+06
1.252370e+05 -2.207917e+06 6.556378e+06
1.225199e+05 -2.214639e+06 6.554186e+06
1.198026e+05 -2.221359e+06 6.551987e+06
1.170851e+05 -2.228076e+06 6.549779e+06
1.143675e+05 -2.234790e+06 6.547564e+06
1.116497e+05 -2.241502e+06 6.545341e+06
1.089318e+05 -2.248211e+06 6.543110e+06
1.062138e+05 -2.254917e+06 6.540871e+06
1.034956e+05 -2.261621e+06 6.538625e+06
1.007773e+05 -2.268323e+06 6.536371e+06
9.805888e+04 -2.275021e+06 6.534109e+06
9.534032e+04 -2.281717e+06 6.531839e+06
9.262164e+04 -2.288410e+06 6.529562e+06
8.990283e+04 -2.295101e+06 6.527276e+06
8.718391e+04 -2.301789e+06 6.524983e+06
8.446488e+04 -2.308474e+06 6.522682e+06
8.174573e+04 -2.315156e+06 6.520374e+06
7.902648e+04 -2.321836e+06 6.518057e+06
7.630713e+04 -2.328513e+06 6.515733e+06
7.358767e+04 -2.335187e+06 6.513401e+06
7.086812e+04 -2.341859e+06 6.511062e+06
6.814847e+04 -2.348528e+06 6.508714e+06
6.542874e+04 -2.355194e+06 6.506359e+06
6.270891e+04 -2.361857e+06 6.503996e+06
5.998900e+04 -2.368518e+06 6.501626e+06
5.726901e+04 -2.375176e+06 6.499247e+06
5.454894e+04 -2.381830e+06 6.496861e+06
5.182880e+04 -2.388483e+06 6.494467e+06
4.910859e+04 -2.395132e+06 6.492066e+06
4.638830e+04 -2.401779e+06 6.489656e+06
4.366795e+04 -2.408422e+06 6.487239e+06
4.094754e+04 -2.415063e+06 6.484814e+06
3.822707e+04 -2.421701e+06 6.482382e+06
3.550655e+04 -2.428337e+06 6.479942e+06
3.278597e+04 -2.434969e+06 6.477494e+06
3.006534e+04 -2.441599e+06 6.475038e+06
2.734467e+04 -2.448225e+06 6.472574e+06
2.462396e+04 -2.454849e+06 6.470103e+06
2.190320e+04 -2.461470e+06 6.467625e+06
1.918241e+04 -2.468088e+06 6.465138e+06
1.646158e+04 -2.474703e+06 6.462644e+06
1.374073e+04 -2.481315e+06 6.460142e+06
1.101985e+04 -2.487925e+06 6.457632e+06
8.298943e+03 -2.494531e+06 6.455115e+06
5.578018e+03 -2.501135e+06 6.452590e+06
2.857075e+03 -2.507735e+06 6.450057e+06
1.361183e+02 -2.514333e+06 6.447517e+06
-2.584849e+03 -2.520927e+06 6.444969e+06
-5.305824e+03 -2.527519e+06 6.442413e+06
-8.026804e+03 -2.534108e+06 6.439850e+06
-1.074778e+04 -2.540694e+06 6.437278e+06
-1.346876e+04 -2.547276e+06 6.434700e+06
-1.618974e+04 -2.553856e+06 6.432113e+06
-1.891070e+04 -2.560433e+06 6.429519e+06
-2.163165e+04 -2.567007e+06 6.426917e+06
-2.435259e+04 -2.573578e+06 6.424308e+06
-2.707351e+04 -2.580145e+06 6.421691e+06
-2.979441e+04 -2.586710e+06 6.419066e+06
-3.251529e+04 -2.593272e+06 6.416434e+06
-3.523613e+04 -2.599830e+06 6.413794e+06
-3.795695e+04 -2.606386e+06 6.411146e+06
-4.067773e+04 -2.612939e+06 6.408491e+06
-4.339848e+04 -2.619488e+06 6.405828e+06
-4.611918e+04 -2.626034e+06 6.403157e+06
-4.883984e+04 -2.632578e+06 6.400479e+06
-5.156045e+04 -2.639118e+06 6.397793e+06
-5.428102e+04 -2.645655e+06 6.395100e+06
-5.700153e+04 -2.652189e+06 6.392399e+06
-5.972198e+04 -2.658720e+06 6.389690e+06
-6.244238e+04 -2.665248e+06 6.386974e+06
-6.516271e+04 -2.671772e+06 6.384250e+06
-6.788297e+04 -2.678294e+06 6.381518e+06
-7.060317e+04 -2.684812e+06 6.378779e+06
-7.332329e+04 -2.691328e+06 6.376032e+06
-7.604334e+04 -2.697840e+06 6.373278e+06
-7.876330e+04 -2.704349e+06 6.370516e+06
-8.148319e+04 -2.710854e+06 6.367746e+06
-8.420299e+04 -2.717357e+06 6.364969e+06
-8.692270e+04 -2.723856e+06 6.362184e+06
-8.964232e+04 -2.730352e+06 6.359392e+06
-9.236185e+04 -2.736845e+06 6.356592e+06
-9.508127e+04 -2.743335e+06 6.353785e+06
-9.780060e+04 -2.749822e+06 6.350970e+06
-1.005198e+05 -2.756305e+06 6.348147e+06
-1.032389e+05 -2.762785e+06 6.345317e+06
-1.059579e+05 -2.769262e+06 6.342479e+06
-1.086768e+05 -2.775735e+06 6.339634e+06
-1.113956e+05 -2.782205e+06 6.336781e+06
-1.141142e+05 -2.788672e+06 6.333920e+06
-1.168328e+05 -2.795136e+06 6.331052e+06
-1.195512e+05 -2.801597e+06 6.328177e+06
-1.222694e+05 -2.808054e+06 6.325294e+06
-1.249876e+05 -2.814508e+06 6.322403e+06
-1.277056e+05 -2.820958e+06 6.319505e+06
-1.304234e+05 -2.827406e+06 6.316599e+06
-1.331411e+05 -2.833849e+06 6.313686e+06
-1.358587e+05 -2.840290e+06 6.310765e+06
-1.385761e+05 -2.846727e+06 6.307837e+06
-1.412934e+05 -2.853161e+06 6.304901e+06
-1.440105e+05 -2.859592e+06 6.301958e+06
-1.467275e+05 -2.866019e+06 6.299007e+06
-1.494442e+05 -2.872443e+06 6.296048e+06
-1.521609e+05 -2.878863e+06 6.293083e+06
-1.548773e+05 -2.885280e+06 6.290109e+06
-1.575936e+05 -2.891694e+06 6.287128e+06
-1.603097e+05 -2.898104e+06 6.284140e+06
-1.630256e+05 -2.904511e+06 6.281144e+06
-1.657414e+05 -2.910915e+06 6.278141e+06
-1.684569e+05 -2.917315e+06 6.275130e+06
-1.711723e+05 -2.923711e+06 6.272111e+06
-1.738875e+05 -2.930105e+06 6.269086e+06
-1.766025e+05 -2.936494e+06 6.266052e+06
-1.793173e+05 -2.942881e+06 6.263011e+06
-1.820319e+05 -2.949264e+06 6.259963e+06
-1.847463e+05 -2.955643e+06 6.256908e+06
-1.874604e+05 -2.962019e+06 6.253844e+06
-1.901744e+05 -2.968391e+06 6.250774e+06
-1.928882e+05 -2.974760e+06 6.247696e+06
-1.956017e+05 -2.981126e+06 6.244610e+06
-1.983150e+05 -2.987488e+06 6.241517e+06
-2.010281e+05 -2.993846e+06 6.238417e+06
-2.037410e+05 -3.000201e+06 6.235309e+06
-2.064536e+05 -3.006552e+06 6.232193e+06
-2.091660e+05 -3.012900e+06 6.229070e+06
-2.118782e+05 -3.019244e+06 6.225940e+06
-2.145901e+05 -3.025585e+06 6.222803e+06
-2.173018e+05 -3.031922e+06 6.219658e+06
-2.200132e+05 -3.038256e+06 6.216505e+06
-2.227244e+05 -3.044586e+06 6.213345e+06
-2.254354e+05 -3.050913e+06 6.210178e+06
-2.281461e+05 -3.057235e+06 6.207003e+06
-2.308565e+05 -3.063555e+06 6.203821e+06
-2.335667e+05 -3.069870e+06 6.200631e+06
-2.362766e+05 -3.076182e+06 6.197435e+06
-2.389862e+05 -3.082491e+06 6.194230e+06
-2.416955e+05 -3.088796e+06 6.191018e+06
-2.444046e+05 -3.095097e+06 6.187799e+06
-2.471134e+05 -3.101395e+06 6.184573e+06
-2.498220e+05 -3.107688e+06 6.181339e+06
-2.525302e+05 -3.113979e+06 6.178098e+06
-2.552382e+05 -3.120265e+06 6.174849e+06
-2.579458e+05 -3.126548e+06 6.171593e+06
-2.606532e+05 -3.132828e+06 6.168330e+06
-2.633603e+05 -3.139103e+06 6.165059e+06
-2.660670e+05 -3.145375e+06 6.161781e+06
-2.687735e+05 -3.151643e+06 6.158495e+06
-2.714797e+05 -3.157908e+06 6.155203e+06
-2.741855e+05 -3.164168e+06 6.151902e+06
-2.768911e+05 -3.170425e+06 6.148595e+06
-2.795963e+05 -3.176679e+06 6.145280e+06
-2.823012e+05 -3.182928e+06 6.141958e+06
-2.850058e+05 -3.189174e+06 6.138628e+06
-2.877100e+05 -3.195416e+06 6.135292e+06
-2.904140e+05 -3.201655e+06 6.131947e+06
-2.931176e+05 -3.207889e+06 6.128596e+06
-2.958208e+05 -3.214120e+06 6.125237e+06
-2.985238e+05 -3.220347e+06 6.121871e+06
-3.012263e+05 -3.226570e+06 6.118498e+06
-3.039286e+05 -3.232789e+06 6.115117e+06
-3.066305e+05 -3.239005e+06 6.111729e+06
-3.093320e+05 -3.245217e+06 6.108334e+06
-3.120332e+05 -3.251425e+06 6.104931e+06
-3.147340e+05 -3.257629e+06 6.101521e+06
-3.174345e+05 -3.263829e+06 6.098104e+06
-3.201346e+05 -3.270026e+06 6.094679e+06
-3.228343e+05 -3.276218e+06 6.091248e+06
-3.255336e+05 -3.282407e+06 6.087809e+06
-3.282326e+05 -3.288592e+06 6.084362e+06
-3.309312e+05 -3.294773e+06 6.080909e+06
-3.336295e+05 -3.300950e+06 6.077448e+06
-3.363273e+05 -3.307124e+06 6.073980e+06
-3.390248e+05 -3.313293e+06 6.070504e+06
-3.417218e+05 -3.319458e+06 6.067022e+06
-3.444185e+05 -3.325620e+06 6.063532e+06
-3.471148e+05 -3.331778e+06 6.060035e+06
-3.498107e+05 -3.337931e+06 6.056531e+06
-3.525062e+05 -3.344081e+06 6.053019e+06
-3.552012e+05 -3.350227e+06 6.049500e+06
-3.578959e+05 -3.356369e+06 6.045974e+06
-3.605901e+05 -3.362507e+06 6.042441e+06
-3.632840e+05 -3.368641e+06 6.038901e+06
-3.659774e+05 -3.374771e+06 6.035353e+06
-3.686704e+05 -3.380897e+06 6.031798e+06
-3.713630e+05 -3.387019e+06 6.028236e+06
-3.740551e+05 -3.393137e+06 6.024667e+06
-3.767468e+05 -3.399252e+06 6.021090e+06
-3.794381e+05 -3.405362e+06 6.017507e+06
-3.821289e+05 -3.411468e+06 6.013916e+06
-3.848193e+05 -3.417570e+06 6.010318e+06
-3.875093e+05 -3.423668e+06 6.006712e+06
-3.901988e+05 -3.429762e+06 6.003100e+06
-3.928879e+05 -3.435852e+06 5.999480e+06
-3.955765e+05 -3.441938e+06 5.995854e+06
-3.982646e+05 -3.448020e+06 5.992220e+06
-4.009523e+05 -3.454098e+06 5.988579e+06
-4.036395e+05 -3.460171e+06 5.984931e+06
-4.063263e+05 -3.466241e+06 5.981275e+06
-4.090126e+05 -3.472307e+06 5.977613e+06
-4.116984e+05 -3.478368e+06 5.973943e+06
-4.143837e+05 -3.484426e+06 5.970266e+06
-4.170686e+05 -3.490479e+06 5.966582e+06
-4.197529e+05 -3.496528e+06 5.962891e+06
-4.224368e+05 -3.502573e+06 5.959193e+06
-4.251202e+05 -3.508614e+06 5.955488e+06
-4.278032e+05 -3.514651e+06 5.951775e+06
-4.304856e+05 -3.520684e+06 5.948056e+06
-4.331675e+05 -3.526712e+06 5.944329e+06
-4.358489e+05 -3.532737e+06 5.940595e+06
-4.385298e+05 -3.538757e+06 5.936854e+06
-4.412102e+05 -3.544773e+06 5.933106e+06
-4.438901e+05 -3.550785e+06 5.929351e+06
-4.465695e+05 -3.556793e+06 5.925589e+06
-4.492484e+05 -3.562796e+06 5.921820e+06
-4.519267e+05 -3.568795e+06 5.918044e+06
-4.546045e+05 -3.574791e+06 5.914260e+06
-4.572818e+05 -3.580781e+06 5.910470e+06
-4.599586e+05 -3.586768e+06 5.906672e+06
-4.626348e+05 -3.592751e+06 5.902868e+06
-4.653105e+05 -3.598729e+06 5.899056e+06
-4.679856e+05 -3.604703e+06 5.895238e+06
-4.706603e+05 -3.610672e+06 5.891412e+06
-4.733343e+05 -3.616638e+06 5.887579e+06
-4.760078e+05 -3.622599e+06 5.883739e+06
-4.786808e+05 -3.628556e+06 5.879892e+06
-4.813532e+05 -3.634509e+06 5.876039e+06
-4.840251e+05 -3.640457e+06 5.872178e+06
-4.866963e+05 -3.646401e+06 5.868310e+06
-4.893671e+05 -3.652341e+06 5.864435e+06
-4.920372e+05 -3.658277e+06 5.860553e+06
-4.947068e+05 -3.664208e+06 5.856664e+06
-4.973758e+05 -3.670135e+06 5.852768e+06
-5.000442e+05 -3.676057e+06 5.848865e+06
-5.027121e+05 -3.681975e+06 5.844955e+06
-5.053794e+05 -3.687889e+06 5.841038e+06
-5.080460e+05 -3.693799e+06 5.837114e+06
-5.107121e+05 -3.699704e+06 5.833183e+06
-5.133776e+05 -3.705605e+06 5.829245e+06
-5.160425e+05 -3.711501e+06 5.825300e+06
-5.187068e+05 -3.717393e+06 5.821349e+06
-5.213705e+05 -3.723281e+06 5.817390e+06
-5.240336e+05 -3.729164e+06 5.813424e+06
-5.266961e+05 -3.735043e+06 5.809451e+06
-5.293579e+05 -3.740917e+06 5.805472e+06
-5.320192e+05 -3.746787e+06 5.801485e+06
-5.346798e+05 -3.752653e+06 5.797492e+06
-5.373398e+05 -3.758514e+06 5.793491e+06
-5.399992e+05 -3.764371e+06 5.789484e+06
-5.426580e+05 -3.770223e+06 5.785470e+06
-5.453161e+05 -3.776071e+06 5.781448e+06
-5.479736e+05 -3.781915e+06 5.777420e+06
-5.506305e+05 -3.787754e+06 5.773385e+06
-5.532867e+05 -3.793588e+06 5.769343e+06
-5.559422e+05 -3.799418e+06 5.765294e+06
-5.585972e+05 -3.805244e+06 5.761238e+06
-5.612514e+05 -3.811065e+06 5.757176e+06
-5.639051e+05 -3.816882e+06 5.753106e+06
-5.665580e+05 -3.822694e+06 5.749030e+06
-5.692103e+05 -3.828501e+06 5.744946e+06
-5.718620e+05 -3.834304e+06 5.740856e+06
-5.745129e+05 -3.840103e+06 5.736759e+06
-5.771632e+05 -3.845897e+06 5.732655e+06
-5.798129e+05 -3.851686e+06 5.728544e+06
-5.824618e+05 -3.857471e+06 5.724427e+06
-5.851101e+05 -3.863252e+06 5.720302e+06
-5.877577e+05 -3.869027e+06 5.716171e+06
-5.904046e+05 -3.874799e+06 5.712033e+06
-5.930508e+05 -3.880565e+06 5.707888e+06
-5.956963e+05 -3.886327e+06 5.703736e+06
-5.983412e+05 -3.892085e+06 5.699577e+06
-6.009853e+05 -3.897838e+06 5.695412e+06
-6.036287e+05 -3.903586e+06 5.691240e+06
-6.062715e+05 -3.909330e+06 5.687060e+06
-6.089135e+05 -3.915069e+06 5.682875e+06
-6.115548e+05 -3.920804e+06 5.678682e+06
-6.141954e+05 -3.926533e+06 5.674482e+06
-6.168353e+05 -3.932259e+06 5.670276e+06
-6.194745e+05 -3.937979e+06 5.666063e+06
-6.221129e+05 -3.943695e+06 5.661843e+06
-6.247506e+05 -3.949406e+06 5.657616e+06
-6.273876e+05 -3.955113e+06 5.653383e+06
-6.300239e+05 -3.960815e+06 5.649143e+06
-6.326594e+05 -3.966512e+06 5.644896e+06
-6.352942e+05 -3.972205e+06 5.640642e+06
-6.379282e+05 -3.977893e+06 5.636382e+06
-6.405615e+05 -3.983576e+06 5.632114e+06
-6.431940e+05 -3.989255e+06 5.627840e+06
-6.458258e+05 -3.994928e+06 5.623560e+06
-6.484569e+05 -4.000597e+06 5.619272e+06
-6.510872e+05 -4.006262e+06 5.614978e+06
-6.537167e+05 -4.011921e+06 5.610677e+06
-6.563454e+05 -4.017576e+06 5.606370e+06
-6.589734e+05 -4.023226e+06 5.602055e+06
-6.616007e+05 -4.028872e+06 5.597734e+06
-6.642271e+05 -4.034513e+06 5.593407e+06
-6.668528e+05 -4.040148e+06 5.589072e+06
-6.694777e+05 -4.045780e+06 5.584731e+06
-6.721018e+05 -4.051406e+06 5.580383e+06
-6.747251e+05 -4.057027e+06 5.576029e+06
-6.773476e+05 -4.062644e+06 5.571668e+06
-6.799694e+05 -4.068256e+06 5.567300e+06
-6.825903e+05 -4.073863e+06 5.562925e+06
-6.852105e+05 -4.079466e+06 5.558544e+06
-6.878298e+05 -4.085063e+06 5.554156e+06
-6.904484e+05 -4.090656e+06 5.549762e+06
-6.930661e+05 -4.096244e+06 5.545361e+06
-6.956830e+05 -4.101827e+06 5.540953e+06
-6.982992e+05 -4.107405e+06 5.536539e+06
-7.009145e+05 -4.112978e+06 5.532118e+06
-7.035289e+05 -4.118547e+06 5.527690e+06
-7.061426e+05 -4.124110e+06 5.523256e+06
-7.087554e+05 -4.129669e+06 5.518815e+06
-7.113674e+05 -4.135223e+06 5.514367e+06
-7.139786e+05 -4.140772e+06 5.509913e+06
-7.165889e+05 -4.146316e+06 5.505453e+06
-7.191984e+05 -4.151855e+06 5.500985e+06
-7.218071e+05 -4.157390e+06 5.496511e+06
-7.244149e+05 -4.162919e+06 5.492031e+06
-7.270218e+05 -4.168444e+06 5.487544e+06
-7.296279e+05 -4.173963e+06 5.483050e+06
-7.322332e+05 -4.179478e+06 5.478550e+06
-7.348376e+05 -4.184987e+06 5.474043e+06
-7.374411e+05 -4.190492e+06 5.469530e+06
-7.400438e+05 -4.195992e+06 5.465010e+06
-7.426456e+05 -4.201487e+06 5.460484e+06
-7.452465e+05 -4.206977e+06 5.455951e+06
-7.478466e+05 -4.212461e+06 5.451411e+06
-7.504458e+05 -4.217941e+06 5.446865e+06
-7.530441e+05 -4.223416e+06 5.442313e+06
-7.556415e+05 -4.228886e+06 5.437754e+06
-7.582380e+05 -4.234351e+06 5.433188e+06
-7.608337e+05 -4.239811e+06 5.428616e+06
-7.634284e+05 -4.245266e+06 5.424037e+06
-7.660223e+05 -4.250716e+06 5.419452e+06
-7.686153e+05 -4.256161e+06 5.414861e+06
-7.712073e+05 -4.261601e+06 5.410263e+06
-7.737985e+05 -4.267035e+06 5.405658e+06
-7.763888e+05 -4.272465e+06 5.401047e+06
-7.789781e+05 -4.277890e+06 5.396429e+06
-7.815665e+05 -4.283310e+06 5.391805e+06
-7.841541e+05 -4.288724e+06 5.387175e+06
-7.867407e+05 -4.294134e+06 5.382538e+06
-7.893263e+05 -4.299538e+06 5.377895e+06
-7.919111e+05 -4.304938e+06 5.373245e+06
-7.944949e+05 -4.310332e+06 5.368589e+06
-7.970778e+05 -4.315721e+06 5.363926e+06
-7.996597e+05 -4.321105e+06 5.359257e+06
-8.022408e+05 -4.326484e+06 5.354581e+06
-8.048208e+05 -4.331858e+06 5.349899e+06
-8.074000e+05 -4.337227e+06 5.345211e+06
-8.099781e+05 -4.342590e+06 5.340516e+06
-8.125554e+05 -4.347949e+06 5.335815e+06
-8.151317e+05 -4.353302e+06 5.331107e+06
-8.177070e+05 -4.358650e+06 5.326393e+06
-8.202814e+05 -4.363993e+06 5.321673e+06
-8.228548e+05 -4.369331e+06 5.316946e+06
-8.254272e+05 -4.374664e+06 5.312213e+06
-8.279987e+05 -4.379991e+06 5.307474e+06
-8.305692e+05 -4.385314e+06 5.302728e+06
-8.331387e+05 -4.390631e+06 5.297976e+06
-8.357072e+05 -4.395943e+06 5.293217e+06
-8.382748e+05 -4.401250e+06 5.288452e+06
-8.408414e+05 -4.406551e+06 5.283681e+06
-8.434070e+05 -4.411848e+06 5.278903e+06
-8.459716e+05 -4.417139e+06 5.274120e+06
-8.485352e+05 -4.422425e+06 5.269329e+06
-8.510978e+05 -4.427705e+06 5.264533e+06
-8.536594e+05 -4.432981e+06 5.259730e+06
-8.562200e+05 -4.438251e+06 5.254921e+06
-8.587796e+05 -4.443516e+06 5.250105e+06
-8.613382e+05 -4.448776e+06 5.245283e+06
-8.638958e+05 -4.454030e+06 5.240455e+06
-8.664523e+05 -4.459279e+06 5.235621e+06
-8.690079e+05 -4.464523e+06 5.230780e+06
-8.715624e+05 -4.469762e+06 5.225934e+06
-8.741159e+05 -4.474995e+06 5.221080e+06
-8.766684e+05 -4.480223e+06 5.216221e+06
-8.792199e+05 -4.485446e+06 5.211355e+06
-8.817703e+05 -4.490663e+06 5.206483e+06
-8.843197e+05 -4.495875e+06 5.201605e+06
-8.868680e+05 -4.501082e+06 5.196721e+06
-8.894153e+05 -4.506284e+06 5.191830e+06
-8.919616e+05 -4.511480e+06 5.186933e+06
-8.945068e+05 -4.516671e+06 5.182030e+06
-8.970509e+05 -4.521856e+06 5.177121e+06
-8.995940e+05 -4.527036e+06 5.172205e+06
-9.021361e+05 -4.532211e+06 5.167284e+06
-9.046770e+05 -4.537380e+06 5.162356e+06
-9.072170e+05 -4.542544e+06 5.157421e+06
-9.097558e+05 -4.547703e+06 5.152481e+06
-9.122936e+05 -4.552856e+06 5.147535e+06
-9.148303e+05 -4.558004e+06 5.142582e+06
-9.173659e+05 -4.563147e+06 5.137623e+06
-9.199005e+05 -4.568284e+06 5.132658e+06
-9.224340e+05 -4.573415e+06 5.127687e+06
-9.249664e+05 -4.578541e+06 5.122710e+06
-9.274977e+05 -4.583662e+06 5.117726e+06
-9.300279e+05 -4.588778e+06 5.112737e+06
-9.325570e+05 -4.593888e+06 5.107741e+06
-9.350850e+05 -4.598992e+06 5.102739e+06
-9.376119e+05 -4.604091e+06 5.097731e+06
-9.401377e+05 -4.609185e+06 5.092717e+06
-9.426624e+05 -4.614273e+06 5.087697e+06
-9.451860e+05 -4.619356e+06 5.082670e+06
-9.477085e+05 -4.624433e+06 5.077638e+06
-9.502299e+05 -4.629505e+06 5.072599e+06
-9.527502e+05 -4.634571e+06 5.067555e+06
-9.552693e+05 -4.639632e+06 5.062504e+06
-9.577873e+05 -4.644687e+06 5.057447e+06
-9.603042e+05 -4.649737e+06 5.052384e+06
-9.628199e+05 -4.654781e+06 5.047316e+06
-9.653346e+05 -4.659820e+06 5.042241e+06
-9.678480e+05 -4.664853e+06 5.037160e+06
-9.703604e+05 -4.669881e+06 5.032072e+06
-9.728716e+05 -4.674903e+06 5.026979e+06
-9.753816e+05 -4.679920e+06 5.021880e+06
-9.778906e+05 -4.684931e+06 5.016775e+06
-9.803983e+05 -4.689937e+06 5.011664e+06
-9.829049e+05 -4.694937e+06 5.006547e+06
-9.854104e+05 -4.699931e+06 5.001423e+06
-9.879146e+05 -4.704920e+06 4.996294e+06
-9.904178e+05 -4.709904e+06 4.991159e+06
-9.929197e+05 -4.714881e+06 4.986018e+06
-9.954205e+05 -4.719854e+06 4.980871e+06
-9.979201e+05 -4.724820e+06 4.975717e+06
-1.000419e+06 -4.729781e+06 4.970558e+06
-1.002916e+06 -4.734737e+06 4.965393e+06
-1.005412e+06 -4.739686e+06 4.960222e+06
-1.007907e+06 -4.744631e+06 4.955045e+06
-1.010401e+06 -4.749569e+06 4.949862e+06
-1.012893e+06 -4.754502e+06 4.944673e+06
-1.015384e+06 -4.759429e+06 4.939478e+06
-1.017874e+06 -4.764351e+06 4.934278e+06
-1.020363e+06 -4.769267e+06 4.929071e+06
-1.022851e+06 -4.774177e+06 4.923858e+06
-1.025338e+06 -4.779082e+06 4.918640e+06
-1.027823e+06 -4.783981e+06 4.913415e+06
-1.030307e+06 -4.788874e+06 4.908185e+06
-1.032790e+06 -4.793762e+06 4.902949e+06
-1.035272e+06 -4.798644e+06 4.897706e+06
-1.037752e+06 -4.803520e+06 4.892458e+06
-1.040231e+06 -4.808391e+06 4.887205e+06
-1.042709e+06 -4.813256e+06 4.881945e+06
-1.045186e+06 -4.818115e+06 4.876679e+06
-1.047662e+06 -4.822969e+06 4.871408e+06
-1.050136e+06 -4.827817e+06 4.866130e+06
-1.052609e+06 -4.832659e+06 4.860847e+06
-1.055081e+06 -4.837495e+06 4.855558e+06
-1.057551e+06 -4.842326e+06 4.850263e+06
-1.060021e+06 -4.847151e+06 4.844963e+06
-1.062489e+06 -4.851970e+06 4.839656e+06
-1.064956e+06 -4.856783e+06 4.834344e+06
-1.067421e+06 -4.861591e+06 4.829026e+06
-1.069886e+06 -4.866393e+06 4.823702e+06
-1.072349e+06 -4.871189e+06 4.818372e+06
-1.074810e+06 -4.875979e+06 4.813036e+06
-1.077271e+06 -4.880764e+06 4.807695e+06
-1.079730e+06 -4.885542e+06 4.802348e+06
-1.082188e+06 -4.890315e+06 4.796995e+06
-1.084645e+06 -4.895082e+06 4.791637e+06
-1.087100e+06 -4.899844e+06 4.786272e+06
-1.089554e+06 -4.904599e+06 4.780902e+06
-1.092007e+06 -4.909349e+06 4.775526e+06
-1.094459e+06 -4.914093e+06 4.770145e+06
-1.096909e+06 -4.918831e+06 4.764758e+06
-1.099358e+06 -4.923563e+06 4.759364e+06
-1.101806e+06 -4.928290e+06 4.753966e+06
-1.104252e+06 -4.933011e+06 4.748561e+06
-1.106697e+06 -4.937725e+06 4.743151e+06
-1.109141e+06 -4.942434e+06 4.737735e+06
-1.111583e+06 -4.947137e+06 4.732314e+06
-1.114025e+06 -4.951834e+06 4.726886e+06
-1.116464e+06 -4.956526e+06 4.721453e+06
-1.118903e+06 -4.961211e+06 4.716015e+06
-1.121340e+06 -4.965891e+06 4.710571e+06
-1.123776e+06 -4.970564e+06 4.705121e+06
-1.126211e+06 -4.975232e+06 4.699665e+06
-1.128644e+06 -4.979894e+06 4.694204e+06
-1.131076e+06 -4.984550e+06 4.688737e+06
-1.133506e+06 -4.989200e+06 4.683264e+06
-1.135935e+06 -4.993844e+06 4.677786e+06
-1.138363e+06 -4.998482e+06 4.672302e+06
-1.140790e+06 -5.003114e+06 4.666813e+06
-1.143215e+06 -5.007741e+06 4.661318e+06
-1.145639e+06 -5.012361e+06 4.655817e+06
-1.148061e+06 -5.016975e+06 4.650311e+06
-1.150483e+06 -5.021584e+06 4.644799e+06
-1.152902e+06 -5.026186e+06 4.639282e+06
-1.155321e+06 -5.030783e+06 4.633759e+06
-1.157738e+06 -5.035374e+06 4.628231e+06
-1.160153e+06 -5.039958e+06 4.622697e+06
-1.162568e+06 -5.044537e+06 4.617157e+06
-1.164981e+06 -5.049110e+06 4.611612e+06
-1.167392e+06 -5.053676e+06 4.606061e+06
-1.169802e+06 -5.058237e+06 4.600505e+06
-1.172211e+06 -5.062792e+06 4.594943e+06
-1.174619e+06 -5.067340e+06 4.589376e+06
-1.177025e+06 -5.071883e+06 4.583803e+06
-1.179429e+06 -5.076420e+06 4.578224e+06
-1.181832e+06 -5.080950e+06 4.572641e+06
-1.184234e+06 -5.085475e+06 4.567051e+06
-1.186635e+06 -5.089993e+06 4.561456e+06
-1.189034e+06 -5.094506e+06 4.555856e+06
-1.191431e+06 -5.099012e+06 4.550250e+06
-1.193828e+06 -5.103513e+06 4.544639e+06
-1.196222e+06 -5.108007e+06 4.539022e+06
-1.198616e+06 -5.112495e+06 4.533400e+06
-1.201008e+06 -5.116978e+06 4.527772e+06
-1.203398e+06 -5.121454e+06 4.522139e+06
-1.205788e+06 -5.125924e+06 4.516501e+06
-1.208175e+06 -5.130388e+06 4.510857e+06
-1.210562e+06 -5.134846e+06 4.505207e+06
-1.212946e+06 -5.139298e+06 4.499553e+06
-1.215330e+06 -5.143743e+06 4.493892e+06
-1.217712e+06 -5.148183e+06 4.488227e+06
-1.220092e+06 -5.152617e+06 4.482556e+06
-1.222471e+06 -5.157044e+06 4.476879e+06
-1.224849e+06 -5.161465e+06 4.471198e+06
-1.227225e+06 -5.165880e+06 4.465510e+06
-1.229600e+06 -5.170289e+06 4.459818e+06
-1.231973e+06 -5.174692e+06 4.454120e+06
-1.234345e+06 -5.179089e+06 4.448417e+06
-1.236716e+06 -5.183479e+06 4.442708e+06
-1.239085e+06 -5.187864e+06 4.436994e+06
-1.241452e+06 -5.192242e+06 4.431275e+06
-1.243818e+06 -5.196614e+06 4.425550e+06
-1.246183e+06 -5.200980e+06 4.419820e+06
-1.248546e+06 -5.205340e+06 4.414085e+06
-1.250907e+06 -5.209694e+06 4.408344e+06
-1.253267e+06 -5.214041e+06 4.402599e+06
-1.255626e+06 -5.218382e+06 4.396847e+06
-1.257983e+06 -5.222717e+06 4.391091e+06
-1.260339e+06 -5.227046e+06 4.385329e+06
-1.262693e+06 -5.231369e+06 4.379562e+06
-1.265045e+06 -5.235685e+06 4.373790e+06
-1.267397e+06 -5.239995e+06 4.368012e+06
-1.269746e+06 -5.244299e+06 4.362230e+06
-1.272094e+06 -5.248597e+06 4.356441e+06
-1.274441e+06 -5.252888e+06 4.350648e+06
-1.276786e+06 -5.257173e+06 4.344850e+06
-1.279130e+06 -5.261452e+06 4.339046e+06
-1.281472e+06 -5.265725e+06 4.333237e+06
-1.283813e+06 -5.269992e+06 4.327423e+06
-1.286152e+06 -5.274252e+06 4.321603e+06
-1.288489e+06 -5.278506e+06 4.315779e+06
-1.290825e+06 -5.282754e+06 4.309949e+06
-1.293160e+06 -5.286995e+06 4.304114e+06
-1.295493e+06 -5.291230e+06 4.298274e+06
-1.297824e+06 -5.295459e+06 4.292429e+06
-1.300154e+06 -5.299682e+06 4.286578e+06
-1.302482e+06 -5.303898e+06 4.280722e+06
-1.304809e+06 -5.308108e+06 4.274862e+06
-1.307135e+06 -5.312312e+06 4.268996e+06
-1.309458e+06 -5.316509e+06 4.263125e+06
-1.311780e+06 -5.320700e+06 4.257248e+06
-1.314101e+06 -5.324885e+06 4.251367e+06
-1.316420e+06 -5.329063e+06 4.245481e+06
-1.318738e+06 -5.333235e+06 4.239589e+06
-1.321054e+06 -5.337401e+06 4.233692e+06
-1.323368e+06 -5.341560e+06 4.227791e+06
-1.325681e+06 -5.345714e+06 4.221884e+06
-1.327992e+06 -5.349860e+06 4.215972e+06
-1.330302e+06 -5.354001e+06 4.210055e+06
-1.332610e+06 -5.358135e+06 4.204133e+06
-1.334916e+06 -5.362262e+06 4.198206e+06
-1.337221e+06 -5.366383e+06 4.192273e+06
-1.339525e+06 -5.370498e+06 4.186336e+06
-1.341827e+06 -5.374607e+06 4.180394e+06
-1.344127e+06 -5.378709e+06 4.174447e+06
-1.346425e+06 -5.382805e+06 4.168494e+06
-1.348722e+06 -5.386894e+06 4.162537e+06
-1.351018e+06 -5.390977e+06 4.156575e+06
-1.353312e+06 -5.395053e+06 4.150607e+06
-1.355604e+06 -5.399123e+06 4.144635e+06
-1.357894e+06 -5.403187e+06 4.138658e+06
-1.360183e+06 -5.407244e+06 4.132675e+06
-1.362471e+06 -5.411295e+06 4.126688e+06
-1.364756e+06 -5.415340e+06 4.120696e+06
-1.367041e+06 -5.419378e+06 4.114698e+06
-1.369323e+06 -5.423409e+06 4.108696e+06
-1.371604e+06 -5.427434e+06 4.102689e+06
-1.373883e+06 -5.431453e+06 4.096677e+06
-1.376161e+06 -5.435465e+06 4.090660e+06
-1.378437e+06 -5.439471e+06 4.084638e+06
-1.380711e+06 -5.443470e+06 4.078611e+06
-1.382984e+06 -5.447463e+06 4.072580e+06
-1.385255e+06 -5.451449e+06 4.066543e+06
-1.387525e+06 -5.455429e+06 4.060501e+06
-1.389793e+06 -5.459402e+06 4.054455e+06
-1.392059e+06 -5.463369e+06 4.048404e+06
-1.394323e+06 -5.467329e+06 4.042347e+06
-1.396586e+06 -5.471283e+06 4.036286e+06
-1.398847e+06 -5.475231e+06 4.030220e+06
-1.401107e+06 -5.479171e+06 4.024150e+06
-1.403365e+06 -5.483106e+06 4.018074e+06
-1.405621e+06 -5.487034e+06 4.011994e+06
-1.407876e+06 -5.490955e+06 4.005908e+06
-1.410129e+06 -5.494870e+06 3.999818e+06
-1.412380e+06 -5.498778e+06 3.993723e+06
-1.414629e+06 -5.502680e+06 3.987624e+06
-1.416877e+06 -5.506575e+06 3.981519e+06
-1.419123e+06 -5.510463e+06 3.975410e+06
-1.421368e+06 -5.514345e+06 3.969296e+06
-1.423611e+06 -5.518221e+06 3.963177e+06
-1.425852e+06 -5.522090e+06 3.957053e+06
-1.428091e+06 -5.525952e+06 3.950925e+06
-1.430329e+06 -5.529808e+06 3.944791e+06
-1.432565e+06 -5.533657e+06 3.938653e+06
-1.434800e+06 -5.537500e+06 3.932511e+06
-1.437032e+06 -5.541336e+06 3.926363e+06
-1.439263e+06 -5.545165e+06 3.920211e+06
-1.441492e+06 -5.548988e+06 3.914054e+06
-1.443720e+06 -5.552804e+06 3.907893e+06
-1.445946e+06 -5.556614e+06 3.901726e+06
-1.448170e+06 -5.560417e+06 3.895555e+06
-1.450392e+06 -5.564214e+06 3.889380e+06
-1.452613e+06 -5.568003e+06 3.883199e+06
-1.454832e+06 -5.571787e+06 3.877014e+06
-1.457049e+06 -5.575563e+06 3.870824e+06
-1.459265e+06 -5.579333e+06 3.864630e+06
-1.461478e+06 -5.583096e+06 3.858431e+06
-1.463690e+06 -5.586853e+06 3.852227e+06
-1.465901e+06 -5.590603e+06 3.846019e+06
-1.468109e+06 -5.594347e+06 3.839806e+06
-1.470316e+06 -5.598083e+06 3.833588e+06
-1.472521e+06 -5.601813e+06 3.827366e+06
-1.474725e+06 -5.605537e+06 3.821139e+06
-1.476926e+06 -5.609253e+06 3.814908e+06
-1.479126e+06 -5.612963e+06 3.808672e+06
-1.481324e+06 -5.616667e+06 3.802431e+06
-1.483520e+06 -5.620364e+06 3.796186e+06
-1.485715e+06 -5.624054e+06 3.789936e+06
-1.487908e+06 -5.627737e+06 3.783682e+06
-1.490099e+06 -5.631413e+06 3.777423e+06
-1.492288e+06 -5.635083e+06 3.771160e+06
-1.494475e+06 -5.638747e+06 3.764892e+06
-1.496661e+06 -5.642403e+06 3.758619e+06
-1.498845e+06 -5.646053e+06 3.752342e+06
-1.501027e+06 -5.649696e+06 3.746061e+06
-1.503208e+06 -5.653332e+06 3.739775e+06
-1.505386e+06 -5.656962e+06 3.733484e+06
-1.507563e+06 -5.660585e+06 3.727189e+06
-1.509738e+06 -5.664201e+06 3.720889e+06
-1.511911e+06 -5.667811e+06 3.714585e+06
-1.514083e+06 -5.671413e+06 3.708277e+06
-1.516252e+06 -5.675009e+06 3.701964e+06
-1.518420e+06 -5.678598e+06 3.695646e+06
-1.520586e+06 -5.682181e+06 3.689324e+06
-1.522750e+06 -5.685756e+06 3.682998e+06
-1.524913e+06 -5.689325e+06 3.676667e+06
-1.527073e+06 -5.692887e+06 3.670332e+06
-1.529232e+06 -5.696443e+06 3.663992e+06
-1.531389e+06 -5.699991e+06 3.657648e+06
-1.533544e+06 -5.703533e+06 3.651300e+06
-1.535698e+06 -5.707068e+06 3.644947e+06
-1.537849e+06 -5.710596e+06 3.638590e+06
-1.539999e+06 -5.714118e+06 3.632228e+06
-1.542147e+06 -5.717632e+06 3.625862e+06
-1.544293e+06 -5.721140e+06 3.619492e+06
-1.546437e+06 -5.724641e+06 3.613117e+06
-1.548579e+06 -5.728135e+06 3.606738e+06
-1.550720e+06 -5.731623e+06 3.600354e+06
-1.552859e+06 -5.735103e+06 3.593967e+06
-1.554995e+06 -5.738577e+06 3.587575e+06
-1.557130e+06 -5.742044e+06 3.581178e+06
-1.559263e+06 -5.745504e+06 3.574777e+06
-1.561395e+06 -5.748957e+06 3.568372e+06
-1.563524e+06 -5.752404e+06 3.561963e+06
-1.565652e+06 -5.755843e+06 3.555549e+06
-1.567777e+06 -5.759276e+06 3.549131e+06
-1.569901e+06 -5.762702e+06 3.542709e+06
-1.572023e+06 -5.766120e+06 3.536283e+06
-1.574143e+06 -5.769533e+06 3.529852e+06
-1.576262e+06 -5.772938e+06 3.523417e+06
-1.578378e+06 -5.776336e+06 3.516977e+06
-1.580493e+06 -5.779728e+06 3.510534e+06
-1.582605e+06 -5.783112e+06 3.504086e+06
-1.584716e+06 -5.786490e+06 3.497634e+06
-1.586825e+06 -5.789861e+06 3.491178e+06
-1.588932e+06 -5.793225e+06 3.484718e+06
-1.591037e+06 -5.796582e+06 3.478253e+06
-1.593140e+06 -5.799932e+06 3.471784e+06
-1.595241e+06 -5.803275e+06 3.465311e+06
-1.597341e+06 -5.806611e+06 3.458834e+06
-1.599438e+06 -5.809941e+06 3.452353e+06
-1.601534e+06 -5.813263e+06 3.445868e+06
-1.603628e+06 -5.816579e+06 3.439378e+06
-1.605719e+06 -5.819887e+06 3.432884e+06
-1.607809e+06 -5.823189e+06 3.426386e+06
-1.609897e+06 -5.826484e+06 3.419884e+06
-1.611983e+06 -5.829772e+06 3.413378e+06
-1.614068e+06 -5.833053e+06 3.406868e+06
-1.616150e+06 -5.836327e+06 3.400353e+06
-1.618230e+06 -5.839594e+06 3.393835e+06
-1.620308e+06 -5.842854e+06 3.387312e+06
-1.622385e+06 -5.846107e+06 3.380786e+06
-1.624459e+06 -5.849353e+06 3.374255e+06
-1.626532e+06 -5.852592e+06 3.367720e+06
-1.628603e+06 -5.855824e+06 3.361181e+06
-1.630672e+06 -5.859049e+06 3.354638e+06
-1.632738e+06 -5.862268e+06 3.348091e+06
-1.634803e+06 -5.865479e+06 3.341541e+06
-1.636866e+06 -5.868683e+06 3.334985e+06
-1.638927e+06 -5.871880e+06 3.328426e+06
-1.640986e+06 -5.875071e+06 3.321863e+06
-1.643043e+06 -5.878254e+06 3.315296e+06
-1.645098e+06 -5.881430e+06 3.308725e+06
-1.647151e+06 -5.884600e+06 3.302150e+06
-1.649203e+06 -5.887762e+06 3.295571e+06
-1.651252e+06 -5.890917e+06 3.288988e+06
-1.653299e+06 -5.894065e+06 3.282401e+06
-1.655345e+06 -5.897207e+06 3.275810e+06
-1.657388e+06 -5.900341e+06 3.269216e+06
-1.659429e+06 -5.903468e+06 3.262617e+06
-1.661469e+06 -5.906588e+06 3.256014e+06
-1.663506e+06 -5.909701e+06 3.249407e+06
-1.665542e+06 -5.912807e+06 3.242797e+06
-1.667575e+06 -5.915906e+06 3.236182e+06
-1.669606e+06 -5.918998e+06 3.229564e+06
-1.671636e+06 -5.922083e+06 3.222942e+06
-1.673664e+06 -5.925161e+06 3.216315e+06
-1.675689e+06 -5.928232e+06 3.209685e+06
-1.677713e+06 -5.931296e+06 3.203051e+06
-1.679734e+06 -5.934352e+06 3.196414e+06
-1.681754e+06 -5.937402e+06 3.189772e+06
-1.683771e+06 -5.940444e+06 3.183126e+06
-1.685787e+06 -5.943480e+06 3.176477e+06
-1.687800e+06 -5.946508e+06 3.169824e+06
-1.689812e+06 -5.949530e+06 3.163167e+06
-1.691821e+06 -5.952544e+06 3.156506e+06
-1.693829e+06 -5.955551e+06 3.149842e+06
-1.695834e+06 -5.958551e+06 3.143173e+06
-1.697838e+06 -5.961544e+06 3.136501e+06
-1.699839e+06 -5.964530e+06 3.129825e+06
-1.701839e+06 -5.967508e+06 3.123145e+06
-1.703836e+06 -5.970480e+06 3.116462e+06
-1.705831e+06 -5.973444e+06 3.109775e+06
-1.707825e+06 -5.976402e+06 3.103084e+06
-1.709816e+06 -5.979352e+06 3.096389e+06
-1.711805e+06 -5.982295e+06 3.089690e+06
-1.713793e+06 -5.985231e+06 3.082988e+06
-1.715778e+06 -5.988160e+06 3.076282e+06
-1.717761e+06 -5.991082e+06 3.069573e+06
-1.719742e+06 -5.993996e+06 3.062859e+06
-1.721721e+06 -5.996904e+06 3.056142e+06
-1.723698e+06 -5.999804e+06 3.049421e+06
-1.725673e+06 -6.002697e+06 3.042697e+06
-1.727646e+06 -6.005583e+06 3.035969e+06
-1.729617e+06 -6.008462e+06 3.029237e+06
-1.731586e+06 -6.011334e+06 3.022502e+06
-1.733553e+06 -6.014198e+06 3.015763e+06
-1.735517e+06 -6.017056e+06 3.009020e+06
-1.737480e+06 -6.019906e+06 3.002274e+06
-1.739440e+06 -6.022749e+06 2.995524e+06
-1.741399e+06 -6.025585e+06 2.988770e+06
-1.743355e+06 -6.028413e+06 2.982013e+06
-1.745310e+06 -6.031235e+06 2.975252e+06
-1.747262e+06 -6.034049e+06 2.968488e+06
-1.749212e+06 -6.036856e+06 2.961720e+06
-1.751160e+06 -6.039656e+06 2.954949e+06
-1.753106e+06 -6.042449e+06 2.948174e+06
-1.755050e+06 -6.045234e+06 2.941395e+06
-1.756992e+06 -6.048013e+06 2.934613e+06
-1.758932e+06 -6.050784e+06 2.927827e+06
-1.760869e+06 -6.053547e+06 2.921038e+06
-1.762805e+06 -6.056304e+06 2.914245e+06
-1.764738e+06 -6.059054e+06 2.907449e+06
-1.766670e+06 -6.061796e+06 2.900649e+06
-1.768599e+06 -6.064531e+06 2.893846e+06
-1.770526e+06 -6.067259e+06 2.887039e+06
-1.772451e+06 -6.069979e+06 2.880229e+06
-1.774374e+06 -6.072692e+06 2.873416e+06
-1.776295e+06 -6.075398e+06 2.866598e+06
-1.778214e+06 -6.078097e+06 2.859778e+06
-1.780130e+06 -6.080789e+06 2.852954e+06
-1.782045e+06 -6.083473e+06 2.846126e+06
-1.783957e+06 -6.086150e+06 2.839295e+06
-1.785867e+06 -6.088820e+06 2.832461e+06
-1.787776e+06 -6.091483e+06 2.825623e+06
-1.789682e+06 -6.094138e+06 2.818782e+06
-1.791585e+06 -6.096786e+06 2.811937e+06
-1.793487e+06 -6.099427e+06 2.805089e+06
-1.795387e+06 -6.102060e+06 2.798238e+06
-1.797284e+06 -6.104686e+06 2.791383e+06
-1.799179e+06 -6.107305e+06 2.784525e+06
-1.801073e+06 -6.109917e+06 2.777664e+06
-1.802964e+06 -6.112521e+06 2.770799e+06
-1.804852e+06 -6.115118e+06 2.763931e+06
-1.806739e+06 -6.117708e+06 2.757059e+06
-1.808624e+06 -6.120291e+06 2.750184e+06
-1.810506e+06 -6.122866e+06 2.743306e+06
-1.812386e+06 -6.125434e+06 2.736425e+06
-1.814265e+06 -6.127994e+06 2.729540e+06
-1.816140e+06 -6.130548e+06 2.722652e+06
-1.818014e+06 -6.133094e+06 2.715761e+06
-1.819886e+06 -6.135632e+06 2.708866e+06
-1.821755e+06 -6.138164e+06 2.701968e+06
-1.823623e+06 -6.140688e+06 2.695067e+06
-1.825488e+06 -6.143205e+06 2.688163e+06
-1.827351e+06 -6.145714e+06 2.681255e+06
-1.829211e+06 -6.148216e+06 2.674344e+06
-1.831070e+06 -6.150711e+06 2.667430e+06
-1.832926e+06 -6.153198e+06 2.660513e+06
-1.834781e+06 -6.155678e+06 2.653593e+06
-1.836633e+06 -6.158151e+06 2.646669e+06
-1.838482e+06 -6.160616e+06 2.639742e+06
-1.840330e+06 -6.163074e+06 2.632812e+06
-1.842176e+06 -6.165525e+06 2.625879e+06
-1.844019e+06 -6.167968e+06 2.618942e+06
-1.845860e+06 -6.170404e+06 2.612003e+06
-1.847699e+06 -6.172833e+06 2.605060e+06
-1.849535e+06 -6.175254e+06 2.598114e+06
-1.851370e+06 -6.177668e+06 2.591165e+06
-1.853202e+06 -6.180075e+06 2.584213e+06
-1.855032e+06 -6.182474e+06 2.577258e+06
-1.856860e+06 -6.184866e+06 2.570299e+06
-1.858686e+06 -6.187250e+06 2.563338e+06
-1.860509e+06 -6.189627e+06 2.556373e+06
-1.862330e+06 -6.191997e+06 2.549406e+06
-1.864149e+06 -6.194359e+06 2.542435e+06
-1.865966e+06 -6.196714e+06 2.535461e+06
-1.867781e+06 -6.199062e+06 2.528485e+06
-1.869593e+06 -6.201402e+06 2.521505e+06
-1.871403e+06 -6.203734e+06 2.514522e+06
-1.873211e+06 -6.206060e+06 2.507536e+06
-1.875017e+06 -6.208378e+06 2.500547e+06
-1.876820e+06 -6.210688e+06 2.493555e+06
-1.878621e+06 -6.212991e+06 2.486560e+06
-1.880420e+06 -6.215287e+06 2.479562e+06
-1.882217e+06 -6.217575e+06 2.472561e+06
-1.884011e+06 -6.219856e+06 2.465557e+06
-1.885803e+06 -6.222130e+06 2.458550e+06
-1.887593e+06 -6.224396e+06 2.451540e+06
-1.889381e+06 -6.226654e+06 2.444527e+06
-1.891166e+06 -6.228905e+06 2.437511e+06
-1.892950e+06 -6.231149e+06 2.430493e+06
-1.894731e+06 -6.233386e+06 2.423471e+06
-1.896509e+06 -6.235614e+06 2.416446e+06
-1.898286e+06 -6.237836e+06 2.409419e+06
-1.900060e+06 -6.240050e+06 2.402389e+06
-1.901832e+06 -6.242256e+06 2.395355e+06
-1.903601e+06 -6.244456e+06 2.388319e+06
-1.905369e+06 -6.246647e+06 2.381280e+06
-1.907134e+06 -6.248832e+06 2.374238e+06
-1.908897e+06 -6.251008e+06 2.367193e+06
-1.910657e+06 -6.253178e+06 2.360145e+06
-1.912415e+06 -6.255340e+06 2.353095e+06
-1.914171e+06 -6.257494e+06 2.346042e+06
-1.915925e+06 -6.259641e+06 2.338985e+06
-1.917677e+06 -6.261780e+06 2.331926e+06
-1.919426e+06 -6.263912e+06 2.324865e+06
-1.921173e+06 -6.266037e+06 2.317800e+06
-1.922917e+06 -6.268154e+06 2.310732e+06
-1.924659e+06 -6.270264e+06 2.303662e+06
-1.926399e+06 -6.272366e+06 2.296589e+06
-1.928137e+06 -6.274460e+06 2.289514e+06
-1.929872e+06 -6.276547e+06 2.282435e+06
-1.931606e+06 -6.278627e+06 2.275354e+06
-1.933336e+06 -6.280699e+06 2.268270e+06
-1.935065e+06 -6.282764e+06 2.261183e+06
-1.936791e+06 -6.284821e+06 2.254094e+06
-1.938515e+06 -6.286871e+06 2.247001e+06
-1.940236e+06 -6.288913e+06 2.239906e+06
-1.941956e+06 -6.290948e+06 2.232809e+06
-1.943673e+06 -6.292975e+06 2.225709e+06
-1.945387e+06 -6.294995e+06 2.218606e+06
-1.947100e+06 -6.297007e+06 2.211500e+06
-1.948809e+06 -6.299011e+06 2.204392e+06
-1.950517e+06 -6.301009e+06 2.197281e+06
-1.952222e+06 -6.302998e+06 2.190167e+06
-1.953925e+06 -6.304980e+06 2.183051e+06
-1.955626e+06 -6.306955e+06 2.175932e+06
-1.957324e+06 -6.308922e+06 2.168810e+06
-1.959020e+06 -6.310882e+06 2.161686e+06
-1.960714e+06 -6.312834e+06 2.154559e+06
-1.962405e+06 -6.314778e+06 2.147430e+06
-1.964094e+06 -6.316715e+06 2.140298e+06
-1.965781e+06 -6.318644e+06 2.133164e+06
-1.967465e+06 -6.320566e+06 2.126027e+06
-1.969147e+06 -6.322481e+06 2.118887e+06
-1.970827e+06 -6.324387e+06 2.111745e+06
-1.972504e+06 -6.326287e+06 2.104600e+06
-1.974179e+06 -6.328178e+06 2.097453e+06
-1.975852e+06 -6.330063e+06 2.090303e+06
-1.977522e+06 -6.331939e+06 2.083150e+06
-1.979190e+06 -6.333808e+06 2.075996e+06
-1.980855e+06 -6.335670e+06 2.068838e+06
-1.982518e+06 -6.337524e+06 2.061678e+06
-1.984179e+06 -6.339370e+06 2.054516e+06
-1.985838e+06 -6.341209e+06 2.047351e+06
-1.987494e+06 -6.343040e+06 2.040184e+06
-1.989147e+06 -6.344864e+06 2.033014e+06
-1.990799e+06 -6.346680e+06 2.025842e+06
-1.992448e+06 -6.348488e+06 2.018667e+06
-1.994094e+06 -6.350289e+06 2.011490e+06
-1.995738e+06 -6.352083e+06 2.004311e+06
-1.997380e+06 -6.353869e+06 1.997129e+06
-1.999019e+06 -6.355647e+06 1.989945e+06
-2.000656e+06 -6.357418e+06 1.982758e+06
-2.002291e+06 -6.359181e+06 1.975569e+06
-2.003923e+06 -6.360936e+06 1.968377e+06
-2.005553e+06 -6.362684e+06 1.961184e+06
-2.007181e+06 -6.364424e+06 1.953987e+06
-2.008806e+06 -6.366157e+06 1.946789e+06
-2.010428e+06 -6.367882e+06 1.939588e+06
-2.012049e+06 -6.369600e+06 1.932385e+06
-2.013667e+06 -6.371310e+06 1.925179e+06
-2.015282e+06 -6.373012e+06 1.917971e+06
-2.016895e+06 -6.374707e+06 1.910761e+06
-2.018506e+06 -6.376394e+06 1.903548e+06
-2.020114e+06 -6.378073e+06 1.896334e+06
-2.021720e+06 -6.379745e+06 1.889116e+06
-2.023323e+06 -6.381410e+06 1.881897e+06
-2.024925e+06 -6.383066e+06 1.874675e+06
-2.026523e+06 -6.384715e+06 1.867452e+06
-2.028119e+06 -6.386357e+06 1.860225e+06
-2.029713e+06 -6.387991e+06 1.852997e+06
-2.031305e+06 -6.389617e+06 1.845766e+06
-2.032893e+06 -6.391235e+06 1.838533e+06
-2.034480e+06 -6.392846e+06 1.831298e+06
-2.036064e+06 -6.394450e+06 1.824061e+06
-2.037646e+06 -6.396045e+06 1.816822e+06
-2.039225e+06 -6.397633e+06 1.809580e+06
-2.040802e+06 -6.399214e+06 1.802336e+06
-2.042376e+06 -6.400787e+06 1.795090e+06
-2.043948e+06 -6.402352e+06 1.787842e+06
-2.045518e+06 -6.403909e+06 1.780592e+06
-2.047085e+06 -6.405459e+06 1.773339e+06
-2.048649e+06 -6.407002e+06 1.766084e+06
-2.050212e+06 -6.408536e+06 1.758828e+06
-2.051771e+06 -6.410063e+06 1.751569e+06
-2.053329e+06 -6.411582e+06 1.744308e+06
-2.054883e+06 -6.413094e+06 1.737045e+06
-2.056436e+06 -6.414598e+06 1.729780e+06
-2.057986e+06 -6.416095e+06 1.722512e+06
-2.059533e+06 -6.417583e+06 1.715243e+06
-2.061078e+06 -6.419064e+06 1.707972e+06
-2.062621e+06 -6.420538e+06 1.700698e+06
-2.064161e+06 -6.422003e+06 1.693423e+06
-2.065699e+06 -6.423462e+06 1.686145e+06
-2.067234e+06 -6.424912e+06 1.678866e+06
-2.068767e+06 -6.426355e+06 1.671584e+06
-2.070297e+06 -6.427790e+06 1.664300e+06
-2.071825e+06 -6.429217e+06 1.657015e+06
-2.073350e+06 -6.430637e+06 1.649727e+06
-2.074873e+06 -6.432049e+06 1.642438e+06
-2.076393e+06 -6.433453e+06 1.635146e+06
-2.077911e+06 -6.434850e+06 1.627852e+06
-2.079426e+06 -6.436239e+06 1.620557e+06
-2.080939e+06 -6.437621e+06 1.613259e+06
-2.082450e+06 -6.438994e+06 1.605960e+06
-2.083958e+06 -6.440360e+06 1.598659e+06
-2.085463e+06 -6.441719e+06 1.591355e+06
-2.086966e+06 -6.443069e+06 1.584050e+06
-2.088467e+06 -6.444412e+06 1.576743e+06
-2.089965e+06 -6.445747e+06 1.569434e+06
-2.091460e+06 -6.447075e+06 1.562123e+06
-2.092953e+06 -6.448395e+06 1.554811e+06
-2.094444e+06 -6.449707e+06 1.547496e+06
-2.095932e+06 -6.451012e+06 1.540179e+06
-2.097417e+06 -6.452308e+06 1.532861e+06
-2.098900e+06 -6.453597e+06 1.525541e+06
-2.100381e+06 -6.454879e+06 1.518219e+06
-2.101859e+06 -6.456153e+06 1.510895e+06
-2.103335e+06 -6.457419e+06 1.503569e+06
-2.104808e+06 -6.458677e+06 1.496242e+06
-2.106278e+06 -6.459927e+06 1.488912e+06
-2.107746e+06 -6.461170e+06 1.481581e+06
-2.109212e+06 -6.462406e+06 1.474249e+06
-2.110674e+06 -6.463633e+06 1.466914e+06
-2.112135e+06 -6.464853e+06 1.459577e+06
-2.113593e+06 -6.466065e+06 1.452239e+06
-2.115048e+06 -6.467269e+06 1.444899e+06
-2.116501e+06 -6.468466e+06 1.437558e+06
-2.117952e+06 -6.469655e+06 1.430214e+06
-2.119399e+06 -6.470836e+06 1.422869e+06
-2.120845e+06 -6.472009e+06 1.415522e+06
-2.122287e+06 -6.473175e+06 1.408174e+06
-2.123728e+06 -6.474333e+06 1.400824e+06
-2.125165e+06 -6.475483e+06 1.393472e+06
-2.126601e+06 -6.476626e+06 1.386118e+06
-2.128033e+06 -6.477761e+06 1.378763e+06
-2.129463e+06 -6.478888e+06 1.371406e+06
-2.130891e+06 -6.480007e+06 1.364047e+06
-2.132316e+06 -6.481119e+06 1.356687e+06
-2.133738e+06 -6.482223e+06 1.349325e+06
-2.135158e+06 -6.483319e+06 1.341962e+06
-2.136576e+06 -6.484408e+06 1.334597e+06
-2.137990e+06 -6.485488e+06 1.327230e+06
-2.139403e+06 -6.486561e+06 1.319862e+06
-2.140813e+06 -6.487627e+06 1.312492e+06
-2.142220e+06 -6.488684e+06 1.305121e+06
-2.143624e+06 -6.489734e+06 1.297748e+06
-2.145026e+06 -6.490776e+06 1.290373e+06
-2.146426e+06 -6.491810e+06 1.282997e+06
-2.147823e+06 -6.492837e+06 1.275619e+06
-2.149217e+06 -6.493855e+06 1.268240e+06
-2.150609e+06 -6.494867e+06 1.260859e+06
-2.151998e+06 -6.495870e+06 1.253477e+06
-2.153385e+06 -6.496865e+06 1.246093e+06
-2.154769e+06 -6.497853e+06 1.238708e+06
-2.156151e+06 -6.498833e+06 1.231321e+06
-2.157530e+06 -6.499806e+06 1.223933e+06
-2.158906e+06 -6.500770e+06 1.216543e+06
-2.160280e+06 -6.501727e+06 1.209152e+06
-2.161651e+06 -6.502676e+06 1.201760e+06
-2.163020e+06 -6.503617e+06 1.194366e+06
-2.164386e+06 -6.504551e+06 1.186970e+06
-2.165750e+06 -6.505477e+06 1.179573e+06
-2.167110e+06 -6.506395e+06 1.172175e+06
-2.168469e+06 -6.507305e+06 1.164775e+06
-2.169825e+06 -6.508207e+06 1.157374e+06
-2.171178e+06 -6.509102e+06 1.149971e+06
-2.172528e+06 -6.509989e+06 1.142568e+06
-2.173876e+06 -6.510868e+06 1.135162e+06
-2.175222e+06 -6.511740e+06 1.127756e+06
-2.176565e+06 -6.512603e+06 1.120348e+06
-2.177905e+06 -6.513459e+06 1.112938e+06
-2.179242e+06 -6.514307e+06 1.105528e+06
-2.180577e+06 -6.515148e+06 1.098116e+06
-2.181910e+06 -6.515980e+06 1.090702e+06
-2.183240e+06 -6.516805e+06 1.083288e+06
-2.184567e+06 -6.517622e+06 1.075872e+06
-2.185891e+06 -6.518431e+06 1.068454e+06
-2.187213e+06 -6.519233e+06 1.061036e+06
-2.188533e+06 -6.520027e+06 1.053616e+06
-2.189850e+06 -6.520812e+06 1.046195e+06
-2.191164e+06 -6.521591e+06 1.038773e+06
-2.192475e+06 -6.522361e+06 1.031349e+06
-2.193784e+06 -6.523124e+06 1.023924e+06
-2.195091e+06 -6.523878e+06 1.016498e+06
-2.196394e+06 -6.524625e+06 1.009071e+06
-2.197695e+06 -6.525365e+06 1.001642e+06
-2.198994e+06 -6.526096e+06 9.942127e+05
-2.200290e+06 -6.526820e+06 9.867818e+05
-2.201583e+06 -6.527536e+06 9.793497e+05
-2.202874e+06 -6.528244e+06 9.719165e+05
-2.204162e+06 -6.528944e+06 9.644821e+05
-2.205447e+06 -6.529637e+06 9.570465e+05
-2.206730e+06 -6.530322e+06 9.496098e+05
-2.208010e+06 -6.530999e+06 9.421720e+05
-2.209287e+06 -6.531668e+06 9.347330e+05
-2.210562e+06 -6.532329e+06 9.272929e+05
-2.211834e+06 -6.532983e+06 9.198517e+05
-2.213104e+06 -6.533629e+06 9.124094e+05
-2.214370e+06 -6.534267e+06 9.049659e+05
-2.215635e+06 -6.534897e+06 8.975214e+05
-2.216896e+06 -6.535519e+06 8.900759e+05
-2.218155e+06 -6.536134e+06 8.826292e+05
-2.219412e+06 -6.536741e+06 8.751815e+05
-2.220665e+06 -6.537340e+06 8.677328e+05
-2.221916e+06 -6.537931e+06 8.602830e+05
-2.223165e+06 -6.538515e+06 8.528321e+05
-2.224410e+06 -6.539090e+06 8.453803e+05
-2.225653e+06 -6.539658e+06 8.379274e+05
-2.226894e+06 -6.540218e+06 8.304736e+05
-2.228132e+06 -6.540770e+06 8.230187e+05
-2.229367e+06 -6.541315e+06 8.155629e+05
-2.230599e+06 -6.541852e+06 8.081060e+05
-2.231829e+06 -6.542381e+06 8.006482e+05
-2.233056e+06 -6.542902e+06 7.931895e+05
-2.234281e+06 -6.543415e+06 7.857298e+05
-2.235502e+06 -6.543920e+06 7.782691e+05
-2.236721e+06 -6.544418e+06 7.708075e+05
-2.237938e+06 -6.544908e+06 7.633450e+05
-2.239152e+06 -6.545390e+06 7.558816e+05
-2.240363e+06 -6.545864e+06 7.484173e+05
-2.241571e+06 -6.546331e+06 7.409521e+05
-2.242777e+06 -6.546789e+06 7.334860e+05
-2.243980e+06 -6.547240e+06 7.260190e+05
-2.245181e+06 -6.547683e+06 7.185511e+05
-2.246378e+06 -6.548118e+06 7.110824e+05
-2.247573e+06 -6.548546e+06 7.036129e+05
-2.248766e+06 -6.548965e+06 6.961425e+05
-2.249956e+06 -6.549377e+06 6.886712e+05
-2.251143e+06 -6.549781e+06 6.811991e+05
-2.252327e+06 -6.550177e+06 6.737263e+05
-2.253509e+06 -6.550566e+06 6.662526e+05
-2.254688e+06 -6.550946e+06 6.587781e+05
-2.255864e+06 -6.551319e+06 6.513028e+05
-2.257037e+06 -6.551684e+06 6.438268e+05
-2.258208e+06 -6.552041e+06 6.363500e+05
-2.259377e+06 -6.552390e+06 6.288724e+05
-2.260542e+06 -6.552732e+06 6.213940e+05
-2.261705e+06 -6.553066e+06 6.139150e+05
-2.262865e+06 -6.553392e+06 6.064352e+05
-2.264022e+06 -6.553710e+06 5.989546e+05
-2.265177e+06 -6.554020e+06 5.914734e+05
-2.266329e+06 -6.554322e+06 5.839914e+05
-2.267478e+06 -6.554617e+06 5.765088e+05
-2.268625e+06 -6.554904e+06 5.690254e+05
-2.269769e+06 -6.555183e+06 5.615414e+05
-2.270910e+06 -6.555454e+06 5.540567e+05
-2.272049e+06 -6.555717e+06 5.465714e+05
-2.273184e+06 -6.555973e+06 5.390854e+05
-2.274318e+06 -6.556221e+06 5.315987e+05
-2.275448e+06 -6.556461e+06 5.241114e+05
-2.276576e+06 -6.556693e+06 5.166235e+05
-2.277701e+06 -6.556917e+06 5.091350e+05
-2.278823e+06 -6.557133e+06 5.016459e+05
-2.279942e+06 -6.557342e+06 4.941561e+05
-2.281059e+06 -6.557543e+06 4.866658e+05
-2.282173e+06 -6.557736e+06 4.791749e+05
-2.283284e+06 -6.557921e+06 4.716835e+05
-2.284393e+06 -6.558099e+06 4.641914e+05
-2.285499e+06 -6.558268e+06 4.566989e+05
-2.286602e+06 -6.558430e+06 4.492057e+05
-2.287703e+06 -6.558584e+06 4.417121e+05
-2.288800e+06 -6.558730e+06 4.342179e+05
-2.289895e+06 -6.558868e+06 4.267232e+05
-2.290988e+06 -6.558999e+06 4.192280e+05
-2.292077e+06 -6.559122e+06 4.117323e+05
-2.293164e+06 -6.559236e+06 4.042361e+05
-2.294248e+06 -6.559343e+06 3.967394e+05
-2.295329e+06 -6.559443e+06 3.892423e+05
-2.296408e+06 -6.559534e+06 3.817446e+05
-2.297484e+06 -6.559618e+06 3.742466e+05
-2.298557e+06 -6.559693e+06 3.667481e+05
-2.299627e+06 -6.559761e+06 3.592491e+05
-2.300695e+06 -6.559822e+06 3.517498e+05
-2.301760e+06 -6.559874e+06 3.442500e+05
-2.302822e+06 -6.559918e+06 3.367498e+05
-2.303881e+06 -6.559955e+06 3.292492e+05
-2.304938e+06 -6.559984e+06 3.217482e+05
-2.305992e+06 -6.560005e+06 3.142469e+05
-2.307043e+06 -6.560018e+06 3.067451e+05
-2.308091e+06 -6.560024e+06 2.992431e+05
-2.309137e+06 -6.560021e+06 2.917406e+05
-2.310180e+06 -6.560011e+06 2.842378e+05
-2.311220e+06 -6.559993e+06 2.767347e+05
-2.312258e+06 -6.559967e+06 2.692312e+05
-2.313292e+06 -6.559934e+06 2.617275e+05
-2.314324e+06 -6.559892e+06 2.542234e+05
-2.315353e+06 -6.559843e+06 2.467190e+05
-2.316380e+06 -6.559786e+06 2.392144e+05
-2.317403e+06 -6.559721e+06 2.317094e+05
-2.318424e+06 -6.559648e+06 2.242042e+05
-2.319442e+06 -6.559567e+06 2.166987e+05
-2.320457e+06 -6.559479e+06 2.091930e+05
-2.321470e+06 -6.559383e+06 2.016870e+05
-2.322480e+06 -6.559279e+06 1.941808e+05
-2.323487e+06 -6.559167e+06 1.866744e+05
-2.324491e+06 -6.559047e+06 1.791677e+05
-2.325492e+06 -6.558920e+06 1.716609e+05
-2.326491e+06 -6.558785e+06 1.641538e+05
-2.327487e+06 -6.558642e+06 1.566465e+05
-2.328480e+06 -6.558491e+06 1.491391e+05
-2.329471e+06 -6.558332e+06 1.416315e+05
-2.330458e+06 -6.558166e+06 1.341237e+05
-2.331443e+06 -6.557991e+06 1.266158e+05
-2.332425e+06 -6.557809e+06 1.191077e+05
-2.333404e+06 -6.557619e+06 1.115995e+05
-2.334381e+06 -6.557421e+06 1.040912e+05
-2.335355e+06 -6.557216e+06 9.658277e+04
-2.336325e+06 -6.557002e+06 8.907421e+04
-2.337294e+06 -6.556781e+06 8.156556e+04
-2.338259e+06 -6.556552e+06 7.405682e+04
-2.339222e+06 -6.556315e+06 6.654799e+04
-2.340181e+06 -6.556071e+06 5.903910e+04
-2.341138e+06 -6.555818e+06 5.153014e+04
-2.342092e+06 -6.555558e+06 4.402112e+04
-2.343044e+06 -6.555290e+06 3.651206e+04
-2.343993e+06 -6.555014e+06 2.900297e+04
-2.344938e+06 -6.554731e+06 2.149385e+04
-2.345881e+06 -6.554439e+06 1.398471e+04
-2.346822e+06 -6.554140e+06 6.475561e+03
-2.347759e+06 -6.553833e+06 -1.033587e+03
-2.348694e+06 -6.553518e+06 -8.542724e+03
-2.349626e+06 -6.553195e+06 -1.605184e+04
-2.350555e+06 -6.552865e+06 -2.356094e+04
-2.351481e+06 -6.552526e+06 -3.106999e+04
-2.352404e+06 -6.552180e+06 -3.857900e+04
-2.353325e+06 -6.551826e+06 -4.608795e+04
-2.354243e+06 -6.551465e+06 -5.359684e+04
-2.355158e+06 -6.551095e+06 -6.110566e+04
-2.356070e+06 -6.550718e+06 -6.861440e+04
-2.356979e+06 -6.550333e+06 -7.612304e+04
-2.357886e+06 -6.549940e+06 -8.363159e+04
-2.358790e+06 -6.549539e+06 -9.114002e+04
-2.359691e+06 -6.549131e+06 -9.864834e+04
-2.360589e+06 -6.548714e+06 -1.061565e+05
-2.361484e+06 -6.548290e+06 -1.136646e+05
-2.362377e+06 -6.547858e+06 -1.211725e+05
-2.363267e+06 -6.547419e+06 -1.286802e+05
-2.364154e+06 -6.546971e+06 -1.361878e+05
-2.365038e+06 -6.546516e+06 -1.436953e+05
-2.365919e+06 -6.546053e+06 -1.512025e+05
-2.366797e+06 -6.545582e+06 -1.587095e+05
-2.367673e+06 -6.545103e+06 -1.662164e+05
-2.368546e+06 -6.544617e+06 -1.737230e+05
-2.369416e+06 -6.544122e+06 -1.812294e+05
-2.370283e+06 -6.543620e+06 -1.887356e+05
-2.371147e+06 -6.543111e+06 -1.962416e+05
-2.372009e+06 -6.542593e+06 -2.037473e+05
-2.372868e+06 -6.542068e+06 -2.112527e+05
-2.373724e+06 -6.541534e+06 -2.187579e+05
-2.374577e+06 -6.540993e+06 -2.262629e+05
-2.375427e+06 -6.540445e+06 -2.337675e+05
-2.376274e+06 -6.539888e+06 -2.412719e+05
-2.377119e+06 -6.539324e+06 -2.487759e+05
-2.377961e+06 -6.538752e+06 -2.562796e+05
-2.378799e+06 -6.538172e+06 -2.637831e+05
-2.379636e+06 -6.537584e+06 -2.712862e+05
-2.380469e+06 -6.536988e+06 -2.787889e+05
-2.381299e+06 -6.536385e+06 -2.862913e+05
-2.382127e+06 -6.535774e+06 -2.937934e+05
-2.382951e+06 -6.535155e+06 -3.012951e+05
-2.383773e+06 -6.534529e+06 -3.087964e+05
-2.384592e+06 -6.533894e+06 -3.162974e+05
-2.385409e+06 -6.533252e+06 -3.237980e+05
-2.386222e+06 -6.532602e+06 -3.312981e+05
-2.387033e+06 -6.531945e+06 -3.387979e+05
-2.387840e+06 -6.531279e+06 -3.462972e+05
-2.388645e+06 -6.530606e+06 -3.537961e+05
-2.389447e+06 -6.529925e+06 -3.612946e+05
-2.390246e+06 -6.529236e+06 -3.687926e+05
-2.391043e+06 -6.528540e+06 -3.762902e+05
-2.391836e+06 -6.527835e+06 -3.837873e+05
-2.392627e+06 -6.527123e+06 -3.912840e+05
-2.393414e+06 -6.526403e+06 -3.987801e+05
-2.394199e+06 -6.525676e+06 -4.062758e+05
-2.394981e+06 -6.524940e+06 -4.137710e+05
-2.395761e+06 -6.524197e+06 -4.212657e+05
-2.396537e+06 -6.523446e+06 -4.287598e+05
-2.397310e+06 -6.522688e+06 -4.362534e+05
-2.398081e+06 -6.521921e+06 -4.437465e+05
-2.398849e+06 -6.521147e+06 -4.512391e+05
-2.399614e+06 -6.520365e+06 -4.587311e+05
-2.400376e+06 -6.519575e+06 -4.662225e+05
-2.401135e+06 -6.518778e+06 -4.737134e+05
-2.401891e+06 -6.517973e+06 -4.812037e+05
-2.402645e+06 -6.517160e+06 -4.886934e+05
-2.403396e+06 -6.516339e+06 -4.961825e+05
-2.404143e+06 -6.515510e+06 -5.036710e+05
-2.404888e+06 -6.514674e+06 -5.111589e+05
-2.405630e+06 -6.513830e+06 -5.186461e+05
-2.406370e+06 -6.512978e+06 -5.261327e+05
-2.407106e+06 -6.512119e+06 -5.336187e+05
-2.407839e+06 -6.511252e+06 -5.411040e+05
-2.408570e+06 -6.510377e+06 -5.485887e+05
-2.409298e+06 -6.509494e+06 -5.560727e+05
-2.410023e+06 -6.508603e+06 -5.635560e+05
-2.410745e+06 -6.507705e+06 -5.710387e+05
-2.411464e+06 -6.506799e+06 -5.785206e+05
-2.412180e+06 -6.505886e+06 -5.860018e+05
-2.412893e+06 -6.504964e+06 -5.934823e+05
-2.413604e+06 -6.504035e+06 -6.009621e+05
-2.414312e+06 -6.503098e+06 -6.084412e+05
-2.415016e+06 -6.502154e+06 -6.159195e+05
-2.415718e+06 -6.501201e+06 -6.233971e+05
-2.416417e+06 -6.500241e+06 -6.308739e+05
-2.417113e+06 -6.499273e+06 -6.383499e+05
-2.417807e+06 -6.498298e+06 -6.458252e+05
-2.418497e+06 -6.497315e+06 -6.532997e+05
-2.419185e+06 -6.496324e+06 -6.607734e+05
-2.419869e+06 -6.495325e+06 -6.682462e+05
-2.420551e+06 -6.494318e+06 -6.757183e+05
-2.421230e+06 -6.493304e+06 -6.831895e+05
-2.421906e+06 -6.492282e+06 -6.906599e+05
-2.422579e+06 -6.491253e+06 -6.981295e+05
-2.423249e+06 -6.490215e+06 -7.055982e+05
-2.423917e+06 -6.489170e+06 -7.130661e+05
-2.424581e+06 -6.488118e+06 -7.205331e+05
-2.425243e+06 -6.487057e+06 -7.279992e+05
-2.425901e+06 -6.485989e+06 -7.354644e+05
-2.426557e+06 -6.484913e+06 -7.429288e+05
-2.427210e+06 -6.483829e+06 -7.503922e+05
-2.427860e+06 -6.482738e+06 -7.578547e+05
-2.428507e+06 -6.481639e+06 -7.653163e+05
-2.429151e+06 -6.480532e+06 -7.727770e+05
-2.429793e+06 -6.479418e+06 -7.802367e+05
-2.430431e+06 -6.478296e+06 -7.876955e+05
-2.431067e+06 -6.477166e+06 -7.951533e+05
-2.431700e+06 -6.476028e+06 -8.026102e+05
-2.432329e+06 -6.474883e+06 -8.100661e+05
-2.432956e+06 -6.473730e+06 -8.175210e+05
-2.433580e+06 -6.472570e+06 -8.249749e+05
-2.434201e+06 -6.471401e+06 -8.324278e+05
-2.434820e+06 -6.470225e+06 -8.398797e+05
-2.435435e+06 -6.469042e+06 -8.473305e+05
-2.436047e+06 -6.467850e+06 -8.547804e+05
-2.436657e+06 -6.466651e+06 -8.622292e+05
-2.437263e+06 -6.465444e+06 -8.696770e+05
-2.437867e+06 -6.464230e+06 -8.771237e+05
-2.438468e+06 -6.463008e+06 -8.845693e+05
-2.439066e+06 -6.461778e+06 -8.920139e+05
-2.439661e+06 -6.460541e+06 -8.994574e+05
-2.440253e+06 -6.459295e+06 -9.068998e+05
-2.440842e+06 -6.458043e+06 -9.143410e+05
-2.441429e+06 -6.456782e+06 -9.217812e+05
-2.442012e+06 -6.455514e+06 -9.292203e+05
-2.442593e+06 -6.454238e+06 -9.366582e+05
-2.443170e+06 -6.452955e+06 -9.440950e+05
-2.443745e+06 -6.451663e+06 -9.515307e+05
-2.444317e+06 -6.450364e+06 -9.589652e+05
-2.444886e+06 -6.449058e+06 -9.663985e+05
-2.445452e+06 -6.447744e+06 -9.738307e+05
-2.446015e+06 -6.446422e+06 -9.812617e+05
-2.446575e+06 -6.445092e+06 -9.886915e+05
-2.447132e+06 -6.443755e+06 -9.961201e+05
-2.447686e+06 -6.442411e+06 -1.003548e+06
-2.448238e+06 -6.441058e+06 -1.010974e+06
-2.448786e+06 -6.439698e+06 -1.018399e+06
-2.449332e+06 -6.438330e+06 -1.025822e+06
-2.449875e+06 -6.436955e+06 -1.033245e+06
-2.450415e+06 -6.435572e+06 -1.040666e+06
-2.450951e+06 -6.434181e+06 -1.048086e+06
-2.451485e+06 -6.432783e+06 -1.055505e+06
-2.452016e+06 -6.431377e+06 -1.062922e+06
-2.452545e+06 -6.429963e+06 -1.070338e+06
-2.453070e+06 -6.428542e+06 -1.077753e+06
-2.453592e+06 -6.427113e+06 -1.085167e+06
-2.454111e+06 -6.425676e+06 -1.092579e+06
-2.454628e+06 -6.424232e+06 -1.099990e+06
-2.455141e+06 -6.422781e+06 -1.107399e+06
-2.455652e+06 -6.421321e+06 -1.114807e+06
-2.456160e+06 -6.419854e+06 -1.122214e+06
-2.456665e+06 -6.418379e+06 -1.129620e+06
-2.457167e+06 -6.416897e+06 -1.137024e+06
-2.457665e+06 -6.415407e+06 -1.144427e+06
-2.458161e+06 -6.413910e+06 -1.151828e+06
-2.458655e+06 -6.412405e+06 -1.159228e+06
-2.459145e+06 -6.410892e+06 -1.166627e+06
-2.459632e+06 -6.409372e+06 -1.174024e+06
-2.460116e+06 -6.407844e+06 -1.181420e+06
-2.460598e+06 -6.406308e+06 -1.188814e+06
-2.461076e+06 -6.404765e+06 -1.196207e+06
-2.461552e+06 -6.403214e+06 -1.203598e+06
-2.462025e+06 -6.401656e+06 -1.210988e+06
-2.462494e+06 -6.400090e+06 -1.218377e+06
-2.462961e+06 -6.398516e+06 -1.225764e+06
-2.463425e+06 -6.396935e+06 -1.233149e+06
-2.463886e+06 -6.395346e+06 -1.240533e+06
-2.464344e+06 -6.393750e+06 -1.247916e+06
-2.464799e+06 -6.392146e+06 -1.255297e+06
-2.465251e+06 -6.390534e+06 -1.262677e+06
-2.465700e+06 -6.388915e+06 -1.270055e+06
-2.466147e+06 -6.387288e+06 -1.277431e+06
-2.466590e+06 -6.385654e+06 -1.284806e+06
-2.467031e+06 -6.384012e+06 -1.292179e+06
-2.467468e+06 -6.382363e+06 -1.299551e+06
-2.467903e+06 -6.380706e+06 -1.306921e+06
-2.468334e+06 -6.379041e+06 -1.314290e+06
-2.468763e+06 -6.377369e+06 -1.321657e+06
-2.469189e+06 -6.375689e+06 -1.329023e+06
-2.469612e+06 -6.374002e+06 -1.336387e+06
-2.470032e+06 -6.372307e+06 -1.343749e+06
-2.470448e+06 -6.370605e+06 -1.351109e+06
-2.470863e+06 -6.368895e+06 -1.358468e+06
-2.471274e+06 -6.367177e+06 -1.365826e+06
-2.471682e+06 -6.365452e+06 -1.373181e+06
-2.472087e+06 -6.363720e+06 -1.380536e+06
-2.472489e+06 -6.361979e+06 -1.387888e+06
-2.472889e+06 -6.360232e+06 -1.395239e+06
-2.473285e+06 -6.358476e+06 -1.402588e+06
-2.473679e+06 -6.356713e+06 -1.409935e+06
-2.474069e+06 -6.354943e+06 -1.417281e+06
-2.474457e+06 -6.353165e+06 -1.424624e+06
-2.474842e+06 -6.351380e+06 -1.431967e+06
-2.475223e+06 -6.349587e+06 -1.439307e+06
-2.475602e+06 -6.347786e+06 -1.446646e+06
-2.475978e+06 -6.345978e+06 -1.453983e+06
-2.476351e+06 -6.344163e+06 -1.461318e+06
-2.476721e+06 -6.342340e+06 -1.468651e+06
-2.477088e+06 -6.340509e+06 -1.475983e+06
-2.477452e+06 -6.338671e+06 -1.483313e+06
-2.477813e+06 -6.336825e+06 -1.490641e+06
-2.478171e+06 -6.334972e+06 -1.497968e+06
-2.478527e+06 -6.333111e+06 -1.505292e+06
-2.478879e+06 -6.331243e+06 -1.512615e+06
-2.479228e+06 -6.329367e+06 -1.519936e+06
-2.479575e+06 -6.327484e+06 -1.527255e+06
-2.479918e+06 -6.325594e+06 -1.534572e+06
-2.480259e+06 -6.323695e+06 -1.541887e+06
-2.480597e+06 -6.321790e+06 -1.549201e+06
-2.480931e+06 -6.319876e+06 -1.556512e+06
-2.481263e+06 -6.317956e+06 -1.563822e+06
-2.481592e+06 -6.316028e+06 -1.571130e+06
-2.481918e+06 -6.314092e+06 -1.578436e+06
-2.482240e+06 -6.312149e+06 -1.585740e+06
-2.482560e+06 -6.310198e+06 -1.593042e+06
-2.482877e+06 -6.308240e+06 -1.600342e+06
-2.483191e+06 -6.306274e+06 -1.607640e+06
-2.483503e+06 -6.304301e+06 -1.614937e+06
-2.483811e+06 -6.302321e+06 -1.622231e+06
-2.484116e+06 -6.300333e+06 -1.629523e+06
-2.484418e+06 -6.298337e+06 -1.636814e+06
-2.484717e+06 -6.296334e+06 -1.644102e+06
-2.485014e+06 -6.294324e+06 -1.651389e+06
-2.485307e+06 -6.292306e+06 -1.658673e+06
-2.485598e+06 -6.290281e+06 -1.665956e+06
-2.485885e+06 -6.288248e+06 -1.673236e+06
-2.486170e+06 -6.286208e+06 -1.680515e+06
-2.486451e+06 -6.284160e+06 -1.687791e+06
-2.486730e+06 -6.282105e+06 -1.695066e+06
-2.487006e+06 -6.280042e+06 -1.702338e+06
-2.487279e+06 -6.277972e+06 -1.709608e+06
-2.487548e+06 -6.275895e+06 -1.716877e+06
-2.487815e+06 -6.273810e+06 -1.724143e+06
-2.488079e+06 -6.271717e+06 -1.731407e+06
-2.488340e+06 -6.269618e+06 -1.738669e+06
-2.488598e+06 -6.267510e+06 -1.745929e+06
-2.488853e+06 -6.265396e+06 -1.753187e+06
-2.489105e+06 -6.263274e+06 -1.760443e+06
-2.489354e+06 -6.261144e+06 -1.767696e+06
-2.489601e+06 -6.259007e+06 -1.774948e+06
-2.489844e+06 -6.256863e+06 -1.782197e+06
-2.490084e+06 -6.254711e+06 -1.789444e+06
-2.490322e+06 -6.252552e+06 -1.796689e+06
-2.490556e+06 -6.250386e+06 -1.803932e+06
-2.490787e+06 -6.248212e+06 -1.811173e+06
-2.491016e+06 -6.246030e+06 -1.818411e+06
-2.491241e+06 -6.243842e+06 -1.825648e+06
-2.491464e+06 -6.241645e+06 -1.832882e+06
-2.491684e+06 -6.239442e+06 -1.840114e+06
-2.491900e+06 -6.237231e+06 -1.847343e+06
-2.492114e+06 -6.235013e+06 -1.854571e+06
-2.492325e+06 -6.232787e+06 -1.861796e+06
-2.492532e+06 -6.230554e+06 -1.869019e+06
-2.492737e+06 -6.228313e+06 -1.876240e+06
-2.492939e+06 -6.226066e+06 -1.883458e+06
-2.493138e+06 -6.223810e+06 -1.890674e+06
-2.493334e+06 -6.221548e+06 -1.897888e+06
-2.493527e+06 -6.219278e+06 -1.905100e+06
-2.493717e+06 -6.217001e+06 -1.912309e+06
-2.493904e+06 -6.214716e+06 -1.919516e+06
-2.494088e+06 -6.212424e+06 -1.926721e+06
-2.494270e+06 -6.210125e+06 -1.933924e+06
-2.494448e+06 -6.207818e+06 -1.941124e+06
-2.494623e+06 -6.205504e+06 -1.948321e+06
-2.494796e+06 -6.203182e+06 -1.955517e+06
-2.494965e+06 -6.200854e+06 -1.962710e+06
-2.495131e+06 -6.198518e+06 -1.969901e+06
-2.495295e+06 -6.196174e+06 -1.977089e+06
-2.495455e+06 -6.193823e+06 -1.984275e+06
-2.495613e+06 -6.191465e+06 -1.991459e+06
-2.495767e+06 -6.189100e+06 -1.998640e+06
-2.495919e+06 -6.186727e+06 -2.005818e+06
-2.496068e+06 -6.184347e+06 -2.012995e+06
-2.496213e+06 -6.181959e+06 -2.020169e+06
-2.496356e+06 -6.179565e+06 -2.027340e+06
-2.496496e+06 -6.177163e+06 -2.034509e+06
-2.496633e+06 -6.174753e+06 -2.041676e+06
-2.496767e+06 -6.172337e+06 -2.048840e+06
-2.496897e+06 -6.169913e+06 -2.056002e+06
-2.497025e+06 -6.167481e+06 -2.063161e+06
-2.497150e+06 -6.165043e+06 -2.070318e+06
-2.497272e+06 -6.162597e+06 -2.077472e+06
-2.497392e+06 -6.160144e+06 -2.084624e+06
-2.497508e+06 -6.157683e+06 -2.091773e+06
-2.497621e+06 -6.155216e+06 -2.098920e+06
-2.497731e+06 -6.152741e+06 -2.106064e+06
-2.497838e+06 -6.150258e+06 -2.113205e+06
-2.497943e+06 -6.147769e+06 -2.120345e+06
-2.498044e+06 -6.145272e+06 -2.127481e+06
-2.498142e+06 -6.142768e+06 -2.134615e+06
-2.498238e+06 -6.140257e+06 -2.141747e+06
-2.498330e+06 -6.137738e+06 -2.148876e+06
-2.498420e+06 -6.135212e+06 -2.156002e+06
-2.498506e+06 -6.132679e+06 -2.163126e+06
-2.498590e+06 -6.130139e+06 -2.170247e+06
-2.498670e+06 -6.127591e+06 -2.177365e+06
-2.498748e+06 -6.125036e+06 -2.184481e+06
-2.498823e+06 -6.122474e+06 -2.191594e+06
-2.498894e+06 -6.119904e+06 -2.198705e+06
-2.498963e+06 -6.117328e+06 -2.205813e+06
-2.499029e+06 -6.114744e+06 -2.212918e+06
-2.499092e+06 -6.112153e+06 -2.220021e+06
-2.499152e+06 -6.109555e+06 -2.227121e+06
-2.499209e+06 -6.106949e+06 -2.234218e+06
-2.499263e+06 -6.104336e+06 -2.241313e+06
-2.499314e+06 -6.101716e+06 -2.248405e+06
-2.499362e+06 -6.099089e+06 -2.255494e+06
-2.499407e+06 -6.096455e+06 -2.262581e+06
-2.499449e+06 -6.093813e+06 -2.269664e+06
-2.499488e+06 -6.091164e+06 -2.276745e+06
-2.499524e+06 -6.088508e+06 -2.283824e+06
-2.499558e+06 -6.085845e+06 -2.290899e+06
-2.499588e+06 -6.083175e+06 -2.297972e+06
-2.499615e+06 -6.080497e+06 -2.305042e+06
-2.499640e+06 -6.077812e+06 -2.312110e+06
-2.499661e+06 -6.075120e+06 -2.319174e+06
-2.499680e+06 -6.072421e+06 -2.326236e+06
-2.499695e+06 -6.069715e+06 -2.333295e+06
-2.499708e+06 -6.067001e+06 -2.340351e+06
-2.499717e+06 -6.064281e+06 -2.347404e+06
-2.499724e+06 -6.061553e+06 -2.354455e+06
-2.499728e+06 -6.058818e+06 -2.361503e+06
-2.499728e+06 -6.056075e+06 -2.368548e+06
-2.499726e+06 -6.053326e+06 -2.375590e+06
-2.499721e+06 -6.050570e+06 -2.382629e+06
-2.499713e+06 -6.047806e+06 -2.389665e+06
-2.499702e+06 -6.045035e+06 -2.396699e+06
-2.499688e+06 -6.042257e+06 -2.403729e+06
-2.499671e+06 -6.039472e+06 -2.410757e+06
-2.499651e+06 -6.036680e+06 -2.417782e+06
-2.499628e+06 -6.033881e+06 -2.424804e+06
-2.499602e+06 -6.031074e+06 -2.431823e+06
-2.499573e+06 -6.028261e+06 -2.438839e+06
-2.499541e+06 -6.025440e+06 -2.445852e+06
-2.499506e+06 -6.022612e+06 -2.452862e+06
-2.499469e+06 -6.019777e+06 -2.459869e+06
-2.499428e+06 -6.016935e+06 -2.466874e+06
-2.499384e+06 -6.014086e+06 -2.473875e+06
-2.499338e+06 -6.011230e+06 -2.480873e+06
-2.499288e+06 -6.008366e+06 -2.487869e+06
-2.499236e+06 -6.005496e+06 -2.494861e+06
-2.499180e+06 -6.002618e+06 -2.501850e+06
-2.499122e+06 -5.999734e+06 -2.508837e+06
-2.499061e+06 -5.996842e+06 -2.515820e+06
-2.498996e+06 -5.993943e+06 -2.522801e+06
-2.498929e+06 -5.991037e+06 -2.529778e+06
-2.498859e+06 -5.988124e+06 -2.536752e+06
-2.498785e+06 -5.985204e+06 -2.543724e+06
-2.498709e+06 -5.982277e+06 -2.550692e+06
-2.498630e+06 -5.979343e+06 -2.557657e+06
-2.498548e+06 -5.976402e+06 -2.564619e+06
-2.498463e+06 -5.973454e+06 -2.571578e+06
-2.498375e+06 -5.970498e+06 -2.578534e+06
-2.498284e+06 -5.967536e+06 -2.585487e+06
-2.498190e+06 -5.964567e+06 -2.592437e+06
-2.498094e+06 -5.961590e+06 -2.599384e+06
-2.497994e+06 -5.958607e+06 -2.606327e+06
-2.497891e+06 -5.955616e+06 -2.613268e+06
-2.497785e+06 -5.952618e+06 -2.620205e+06
-2.497677e+06 -5.949614e+06 -2.627139e+06
-2.497565e+06 -5.946602e+06 -2.634070e+06
-2.497451e+06 -5.943584e+06 -2.640998e+06
-2.497333e+06 -5.940558e+06 -2.647922e+06
-2.497213e+06 -5.937525e+06 -2.654844e+06
-2.497089e+06 -5.934486e+06 -2.661762e+06
-2.496963e+06 -5.931439e+06 -2.668677e+06
-2.496834e+06 -5.928385e+06 -2.675589e+06
-2.496701e+06 -5.925325e+06 -2.682498e+06
-2.496566e+06 -5.922257e+06 -2.689404e+06
-2.496428e+06 -5.919182e+06 -2.696306e+06
-2.496287e+06 -5.916101e+06 -2.703205e+06
-2.496143e+06 -5.913012e+06 -2.710101e+06
-2.495996e+06 -5.909917e+06 -2.716993e+06
-2.495846e+06 -5.906814e+06 -2.723883e+06
-2.495693e+06 -5.903704e+06 -2.730769e+06
-2.495537e+06 -5.900588e+06 -2.737651e+06
-2.495378e+06 -5.897464e+06 -2.744531e+06
-2.495217e+06 -5.894334e+06 -2.751407e+06
-2.495052e+06 -5.891197e+06 -2.758280e+06
-2.494884e+06 -5.888052e+06 -2.765150e+06
-2.494714e+06 -5.884901e+06 -2.772016e+06
-2.494540e+06 -5.881743e+06 -2.778879e+06
-2.494364e+06 -5.878578e+06 -2.785739e+06
-2.494184e+06 -5.875406e+06 -2.792595e+06
-2.494002e+06 -5.872227e+06 -2.799448e+06
-2.493817e+06 -5.869041e+06 -2.806297e+06
-2.493628e+06 -5.865848e+06 -2.813144e+06
-2.493437e+06 -5.862648e+06 -2.819987e+06
-2.493243e+06 -5.859442e+06 -2.826826e+06
-2.493046e+06 -5.856228e+06 -2.833662e+06
-2.492846e+06 -5.853007e+06 -2.840495e+06
-2.492643e+06 -5.849780e+06 -2.847324e+06
-2.492437e+06 -5.846546e+06 -2.854150e+06
-2.492228e+06 -5.843305e+06 -2.860973e+06
-2.492016e+06 -5.840057e+06 -2.867792e+06
-2.491802e+06 -5.836802e+06 -2.874607e+06
-2.491584e+06 -5.833540e+06 -2.881420e+06
-2.491363e+06 -5.830271e+06 -2.888228e+06
-2.491140e+06 -5.826995e+06 -2.895034e+06
-2.490913e+06 -5.823713e+06 -2.901836e+06
-2.490684e+06 -5.820424e+06 -2.908634e+06
-2.490451e+06 -5.817127e+06 -2.915429e+06
-2.490216e+06 -5.813824e+06 -2.922220e+06
-2.489978e+06 -5.810514e+06 -2.929008e+06
-2.489736e+06 -5.807198e+06 -2.935792e+06
-2.489492e+06 -5.803874e+06 -2.942573e+06
-2.489245e+06 -5.800544e+06 -2.949351e+06
-2.488995e+06 -5.797206e+06 -2.956125e+06
-2.488742e+06 -5.793862e+06 -2.962895e+06
-2.488486e+06 -5.790511e+06 -2.969662e+06
-2.488227e+06 -5.787154e+06 -2.976425e+06
-2.487966e+06 -5.783789e+06 -2.983184e+06
-2.487701e+06 -5.780418e+06 -2.989940e+06
-2.487433e+06 -5.777040e+06 -2.996693e+06
-2.487163e+06 -5.773655e+06 -3.003442e+06
-2.486889e+06 -5.770263e+06 -3.010187e+06
-2.486613e+06 -5.766864e+06 -3.016929e+06
-2.486333e+06 -5.763459e+06 -3.023667e+06
-2.486051e+06 -5.760047e+06 -3.030402e+06
-2.485766e+06 -5.756628e+06 -3.037132e+06
-2.485477e+06 -5.753202e+06 -3.043860e+06
-2.485186e+06 -5.749769e+06 -3.050583e+06
-2.484892e+06 -5.746330e+06 -3.057303e+06
-2.484595e+06 -5.742884e+06 -3.064019e+06
-2.484295e+06 -5.739431e+06 -3.070732e+06
-2.483993e+06 -5.735972e+06 -3.077441e+06
-2.483687e+06 -5.732505e+06 -3.084146e+06
-2.483378e+06 -5.729032e+06 -3.090848e+06
-2.483066e+06 -5.725552e+06 -3.097546e+06
-2.482752e+06 -5.722066e+06 -3.104240e+06
-2.482434e+06 -5.718572e+06 -3.110931e+06
-2.482114e+06 -5.715072e+06 -3.117617e+06
-2.481791e+06 -5.711566e+06 -3.124300e+06
-2.481464e+06 -5.708052e+06 -3.130980e+06
-2.481135e+06 -5.704532e+06 -3.137655e+06
-2.480803e+06 -5.701005e+06 -3.144327e+06
-2.480468e+06 -5.697471e+06 -3.150995e+06
-2.480130e+06 -5.693931e+06 -3.157659e+06
-2.479789e+06 -5.690384e+06 -3.164320e+06
-2.479445e+06 -5.686830e+06 -3.170977e+06
-2.479098e+06 -5.683270e+06 -3.177630e+06
-2.478749e+06 -5.679703e+06 -3.184279e+06
-2.478396e+06 -5.676129e+06 -3.190924e+06
-2.478041e+06 -5.672548e+06 -3.197566e+06
-2.477682e+06 -5.668961e+06 -3.204203e+06
-2.477321e+06 -5.665367e+06 -3.210837e+06
-2.476957e+06 -5.661767e+06 -3.217467e+06
-2.476589e+06 -5.658159e+06 -3.224093e+06
-2.476219e+06 -5.654546e+06 -3.230716e+06
-2.475846e+06 -5.650925e+06 -3.237334e+06
-2.475470e+06 -5.647298e+06 -3.243949e+06
-2.475091e+06 -5.643664e+06 -3.250560e+06
-2.474710e+06 -5.640024e+06 -3.257167e+06
-2.474325e+06 -5.636377e+06 -3.263770e+06
-2.473937e+06 -5.632723e+06 -3.270369e+06
-2.473547e+06 -5.629063e+06 -3.276964e+06
-2.473153e+06 -5.625396e+06 -3.283555e+06
-2.472757e+06 -5.621722e+06 -3.290143e+06
-2.472358e+06 -5.618042e+06 -3.296726e+06
-2.471955e+06 -5.614355e+06 -3.303305e+06
-2.471550e+06 -5.610662e+06 -3.309881e+06
-2.471142e+06 -5.606962e+06 -3.316453e+06
-2.470731e+06 -5.603255e+06 -3.323020e+06
-2.470317e+06 -5.599542e+06 -3.329584e+06
-2.469901e+06 -5.595822e+06 -3.336144e+06
-2.469481e+06 -5.592096e+06 -3.342699e+06
-2.469058e+06 -5.588363e+06 -3.349251e+06
-2.468633e+06 -5.584623e+06 -3.355799e+06
-2.468205e+06 -5.580877e+06 -3.362343e+06
-2.467773e+06 -5.577125e+06 -3.368882e+06
-2.467339e+06 -5.573366e+06 -3.375418e+06
-2.466902e+06 -5.569600e+06 -3.381950e+06
-2.466462e+06 -5.565827e+06 -3.388477e+06
-2.466019e+06 -5.562049e+06 -3.395001e+06
-2.465573e+06 -5.558263e+06 -3.401520e+06
-2.465125e+06 -5.554471e+06 -3.408036e+06
-2.464673e+06 -5.550673e+06 -3.414547e+06
-2.464218e+06 -5.546868e+06 -3.421055e+06
-2.463761e+06 -5.543057e+06 -3.427558e+06
-2.463301e+06 -5.539239e+06 -3.434057e+06
-2.462837e+06 -5.535414e+06 -3.440552e+06
-2.462371e+06 -5.531583e+06 -3.447043e+06
-2.461902e+06 -5.527745e+06 -3.453530e+06
-2.461430e+06 -5.523901e+06 -3.460013e+06
-2.460955e+06 -5.520051e+06 -3.466491e+06
-2.460478e+06 -5.516194e+06 -3.472966e+06
-2.459997e+06 -5.512330e+06 -3.479436e+06
-2.459514e+06 -5.508461e+06 -3.485902e+06
-2.459027e+06 -5.504584e+06 -3.492364e+06
-2.458538e+06 -5.500701e+06 -3.498822e+06
-2.458046e+06 -5.496812e+06 -3.505276e+06
-2.457551e+06 -5.492916e+06 -3.511725e+06
-2.457053e+06 -5.489014e+06 -3.518171e+06
-2.456552e+06 -5.485105e+06 -3.524612e+06
-2.456048e+06 -5.481190e+06 -3.531049e+06
-2.455541e+06 -5.477268e+06 -3.537482e+06
-2.455032e+06 -5.473340e+06 -3.543910e+06
-2.454519e+06 -5.469406e+06 -3.550334e+06
-2.454004e+06 -5.465465e+06 -3.556754e+06
-2.453486e+06 -5.461518e+06 -3.563170e+06
-2.452965e+06 -5.457564e+06 -3.569582e+06
-2.452441e+06 -5.453604e+06 -3.575989e+06
-2.451914e+06 -5.449637e+06 -3.582392e+06
-2.451384e+06 -5.445664e+06 -3.588791e+06
-2.450851e+06 -5.441685e+06 -3.595185e+06
-2.450316e+06 -5.437699e+06 -3.601576e+06
-2.449777e+06 -5.433707e+06 -3.607962e+06
-2.449236e+06 -5.429709e+06 -3.614343e+06
-2.448692e+06 -5.425704e+06 -3.620721e+06
-2.448145e+06 -5.421692e+06 -3.627094e+06
-2.447595e+06 -5.417675e+06 -3.633462e+06
-2.447042e+06 -5.413651e+06 -3.639827e+06
-2.446486e+06 -5.409621e+06 -3.646187e+06
-2.445928e+06 -5.405584e+06 -3.652542e+06
-2.445366e+06 -5.401541e+06 -3.658894e+06
-2.444802e+06 -5.397491e+06 -3.665241e+06
-2.444235e+06 -5.393436e+06 -3.671583e+06
-2.443665e+06 -5.389374e+06 -3.677921e+06
-2.443092e+06 -5.385305e+06 -3.684255e+06
-2.442516e+06 -5.381231e+06 -3.690585e+06
-2.441937e+06 -5.377150e+06 -3.696910e+06
-2.441356e+06 -5.373062e+06 -3.703231e+06
-2.440771e+06 -5.368969e+06 -3.709547e+06
-2.440184e+06 -5.364869e+06 -3.715859e+06
-2.439594e+06 -5.360763e+06 -3.722166e+06
-2.439001e+06 -5.356650e+06 -3.728469e+06
-2.438405e+06 -5.352531e+06 -3.734768e+06
-2.437806e+06 -5.348406e+06 -3.741062e+06
-2.437205e+06 -5.344275e+06 -3.747351e+06
-2.436600e+06 -5.340137e+06 -3.753637e+06
-2.435993e+06 -5.335993e+06 -3.759917e+06
-2.435383e+06 -5.331843e+06 -3.766194e+06
-2.434769e+06 -5.327687e+06 -3.772465e+06
-2.434153e+06 -5.323524e+06 -3.778733e+06
-2.433535e+06 -5.319355e+06 -3.784995e+06
-2.432913e+06 -5.315180e+06 -3.791254e+06
-2.432288e+06 -5.310999e+06 -3.797507e+06
-2.431661e+06 -5.306811e+06 -3.803757e+06
-2.431031e+06 -5.302617e+06 -3.810001e+06
-2.430398e+06 -5.298417e+06 -3.816242e+06
-2.429762e+06 -5.294211e+06 -3.822477e+06
-2.429123e+06 -5.289999e+06 -3.828708e+06
-2.428481e+06 -5.285780e+06 -3.834935e+06
-2.427837e+06 -5.281555e+06 -3.841157e+06
-2.427189e+06 -5.277324e+06 -3.847374e+06
-2.426539e+06 -5.273087e+06 -3.853587e+06
-2.425886e+06 -5.268843e+06 -3.859795e+06
-2.425230e+06 -5.264594e+06 -3.865999e+06
-2.424571e+06 -5.260338e+06 -3.872198e+06
-2.423910e+06 -5.256076e+06 -3.878393e+06
-2.423245e+06 -5.251808e+06 -3.884582e+06
-2.422578e+06 -5.247534e+06 -3.890768e+06
-2.421908e+06 -5.243253e+06 -3.896948e+06
-2.421235e+06 -5.238967e+06 -3.903124e+06
-2.420559e+06 -5.234674e+06 -3.909295e+06
-2.419880e+06 -5.230375e+06 -3.915462e+06
-2.419199e+06 -5.226070e+06 -3.921624e+06
-2.418514e+06 -5.221759e+06 -3.927782e+06
-2.417827e+06 -5.217442e+06 -3.933934e+06
-2.417137e+06 -5.213118e+06 -3.940082e+06
-2.416444e+06 -5.208789e+06 -3.946226e+06
-2.415748e+06 -5.204453e+06 -3.952364e+06
-2.415050e+06 -5.200112e+06 -3.958498e+06
-2.414348e+06 -5.195764e+06 -3.964627e+06
-2.413644e+06 -5.191410e+06 -3.970752e+06
-2.412937e+06 -5.187050e+06 -3.976872e+06
-2.412227e+06 -5.182684e+06 -3.982987e+06
-2.411514e+06 -5.178312e+06 -3.989097e+06
-2.410799e+06 -5.173934e+06 -3.995203e+06
-2.410080e+06 -5.169550e+06 -4.001303e+06
-2.409359e+06 -5.165160e+06 -4.007400e+06
-2.408635e+06 -5.160763e+06 -4.013491e+06
-2.407908e+06 -5.156361e+06 -4.019577e+06
-2.407179e+06 -5.151952e+06 -4.025659e+06
-2.406446e+06 -5.147538e+06 -4.031736e+06
-2.405711e+06 -5.143118e+06 -4.037808e+06
-2.404972e+06 -5.138691e+06 -4.043876e+06
-2.404231e+06 -5.134259e+06 -4.049938e+06
-2.403488e+06 -5.129820e+06 -4.055996e+06
-2.402741e+06 -5.125376e+06 -4.062049e+06
-2.401992e+06 -5.120925e+06 -4.068097e+06
-2.401239e+06 -5.116468e+06 -4.074141e+06
-2.400484e+06 -5.112006e+06 -4.080179e+06
-2.399726e+06 -5.107537e+06 -4.086213e+06
-2.398965e+06 -5.103063e+06 -4.092242e+06
-2.398202e+06 -5.098582e+06 -4.098266e+06
-2.397436e+06 -5.094096e+06 -4.104285e+06
-2.396666e+06 -5.089604e+06 -4.110299e+06
-2.395894e+06 -5.085105e+06 -4.116308e+06
-2.395120e+06 -5.080601e+06 -4.122313e+06
-2.394342e+06 -5.076091e+06 -4.128312e+06
-2.393562e+06 -5.071575e+06 -4.134307e+06
-2.392778e+06 -5.067052e+06 -4.140296e+06
-2.391992e+06 -5.062524e+06 -4.146281e+06
-2.391203e+06 -5.057990e+06 -4.152261e+06
-2.390412e+06 -5.053450e+06 -4.158236e+06
-2.389617e+06 -5.048905e+06 -4.164206e+06
-2.388820e+06 -5.044353e+06 -4.170171e+06
-2.388020e+06 -5.039795e+06 -4.176131e+06
-2.387217e+06 -5.035232e+06 -4.182086e+06
-2.386412e+06 -5.030662e+06 -4.188037e+06
-2.385603e+06 -5.026087e+06 -4.193982e+06
-2.384792e+06 -5.021506e+06 -4.199922e+06
-2.383978e+06 -5.016919e+06 -4.205857e+06
-2.383161e+06 -5.012326e+06 -4.211788e+06
-2.382341e+06 -5.007727e+06 -4.217713e+06
-2.381519e+06 -5.003122e+06 -4.223633e+06
-2.380694e+06 -4.998512e+06 -4.229548e+06
-2.379866e+06 -4.993895e+06 -4.235459e+06
-2.379035e+06 -4.989273e+06 -4.241364e+06
-2.378201e+06 -4.984645e+06 -4.247264e+06
-2.377365e+06 -4.980011e+06 -4.253159e+06
-2.376526e+06 -4.975371e+06 -4.259049e+06
-2.375684e+06 -4.970726e+06 -4.264934e+06
-2.374839e+06 -4.966074e+06 -4.270814e+06
-2.373992e+06 -4.961417e+06 -4.276689e+06
-2.373141e+06 -4.956754e+06 -4.282559e+06
-2.372288e+06 -4.952086e+06 -4.288424e+06
-2.371432e+06 -4.947411e+06 -4.294283e+06
-2.370574e+06 -4.942731e+06 -4.300138e+06
-2.369712e+06 -4.938045e+06 -4.305988e+06
-2.368848e+06 -4.933353e+06 -4.311832e+06
-2.367981e+06 -4.928655e+06 -4.317671e+06
-2.367112e+06 -4.923952e+06 -4.323505e+06
-2.366239e+06 -4.919242e+06 -4.329334e+06
-2.365364e+06 -4.914527e+06 -4.335158e+06
-2.364486e+06 -4.909807e+06 -4.340977e+06
-2.363605e+06 -4.905080e+06 -4.346791e+06
-2.362721e+06 -4.900348e+06 -4.352599e+06
-2.361835e+06 -4.895610e+06 -4.358402e+06
-2.360946e+06 -4.890867e+06 -4.364201e+06
-2.360054e+06 -4.886117e+06 -4.369993e+06
-2.359159e+06 -4.881362e+06 -4.375781e+06
-2.358262e+06 -4.876602e+06 -4.381564e+06
-2.357362e+06 -4.871835e+06 -4.387341e+06
-2.356459e+06 -4.867063e+06 -4.393113e+06
-2.355553e+06 -4.862285e+06 -4.398880e+06
-2.354644e+06 -4.857502e+06 -4.404642e+06
-2.353733e+06 -4.852712e+06 -4.410399e+06
-2.352819e+06 -4.847918e+06 -4.416150e+06
-2.351903e+06 -4.843117e+06 -4.421896e+06
-2.350983e+06 -4.838311e+06 -4.427637e+06
-2.350061e+06 -4.833499e+06 -4.433373e+06
-2.349136e+06 -4.828682e+06 -4.439103e+06
-2.348208e+06 -4.823858e+06 -4.444828e+06
-2.347278e+06 -4.819030e+06 -4.450548e+06
-2.346344e+06 -4.814195e+06 -4.456263e+06
-2.345408e+06 -4.809355e+06 -4.461972e+06
-2.344470e+06 -4.804510e+06 -4.467676e+06
-2.343528e+06 -4.799658e+06 -4.473374e+06
-2.342584e+06 -4.794801e+06 -4.479068e+06
-2.341637e+06 -4.789939e+06 -4.484756e+06
-2.340687e+06 -4.785071e+06 -4.490439e+06
-2.339735e+06 -4.780197e+06 -4.496116e+06
-2.338780e+06 -4.775318e+06 -4.501788e+06
-2.337822e+06 -4.770433e+06 -4.507455e+06
-2.336861e+06 -4.765543e+06 -4.513117e+06
-2.335898e+06 -4.760647e+06 -4.518773e+06
-2.334931e+06 -4.755745e+06 -4.524424e+06
-2.333963e+06 -4.750838e+06 -4.530069e+06
-2.332991e+06 -4.745926e+06 -4.535709e+06
-2.332017e+06 -4.741008e+06 -4.541344e+06
-2.331040e+06 -4.736084e+06 -4.546973e+06
-2.330060e+06 -4.731155e+06 -4.552597e+06
-2.329077e+06 -4.726220e+06 -4.558216e+06
-2.328092e+06 -4.721280e+06 -4.563829e+06
-2.327104e+06 -4.716334e+06 -4.569437e+06
-2.326114e+06 -4.711383e+06 -4.575039e+06
-2.325120e+06 -4.706426e+06 -4.580636e+06
-2.324124e+06 -4.701464e+06 -4.586227e+06
-2.323125e+06 -4.696496e+06 -4.591813e+06
-2.322124e+06 -4.691523e+06 -4.597394e+06
-2.321119e+06 -4.686544e+06 -4.602969e+06
-2.320112e+06 -4.681560e+06 -4.608539e+06
-2.319103e+06 -4.676570e+06 -4.614103e+06
-2.318090e+06 -4.671575e+06 -4.619662e+06
-2.317075e+06 -4.666574e+06 -4.625216e+06
-2.316057e+06 -4.661568e+06 -4.630763e+06
-2.315037e+06 -4.656557e+06 -4.636306e+06
-2.314014e+06 -4.651540e+06 -4.641843e+06
-2.312988e+06 -4.646518e+06 -4.647374e+06
-2.311959e+06 -4.641490e+06 -4.652900e+06
-2.310928e+06 -4.636457e+06 -4.658421e+06
-2.309893e+06 -4.631418e+06 -4.663936e+06
-2.308857e+06 -4.626374e+06 -4.669445e+06
-2.307817e+06 -4.621325e+06 -4.674949e+06
-2.306775e+06 -4.616270e+06 -4.680447e+06
-2.305730e+06 -4.611210e+06 -4.685940e+06
-2.304683e+06 -4.606145e+06 -4.691427e+06
-2.303632e+06 -4.601074e+06 -4.696909e+06
-2.302579e+06 -4.595998e+06 -4.702385e+06
-2.301524e+06 -4.590916e+06 -4.707856e+06
-2.300466e+06 -4.585829e+06 -4.713321e+06
-2.299405e+06 -4.580737e+06 -4.718781e+06
-2.298341e+06 -4.575639e+06 -4.724234e+06
-2.297274e+06 -4.570536e+06 -4.729683e+06
-2.296205e+06 -4.565428e+06 -4.735126e+06
-2.295134e+06 -4.560314e+06 -4.740563e+06
-2.294059e+06 -4.555195e+06 -4.745994e+06
-2.292982e+06 -4.550071e+06 -4.751420e+06
-2.291902e+06 -4.544941e+06 -4.756840e+06
-2.290820e+06 -4.539806e+06 -4.762255e+06
-2.289735e+06 -4.534666e+06 -4.767664e+06
-2.288647e+06 -4.529521e+06 -4.773068e+06
-2.287556e+06 -4.524370e+06 -4.778465e+06
-2.286463e+06 -4.519214e+06 -4.783858e+06
-2.285367e+06 -4.514053e+06 -4.789244e+06
-2.284269e+06 -4.508886e+06 -4.794625e+06
-2.283167e+06 -4.503714e+06 -4.800000e+06
-2.282064e+06 -4.498537e+06 -4.805369e+06
-2.280957e+06 -4.493355e+06 -4.810733e+06
-2.279848e+06 -4.488167e+06 -4.816091e+06
-2.278736e+06 -4.482974e+06 -4.821444e+06
-2.277622e+06 -4.477776e+06 -4.826791e+06
-2.276504e+06 -4.472573e+06 -4.832132e+06
-2.275385e+06 -4.467365e+06 -4.837467e+06
-2.274262e+06 -4.462151e+06 -4.842796e+06
-2.273137e+06 -4.456932e+06 -4.848120e+06
-2.272009e+06 -4.451708e+06 -4.853439e+06
-2.270879e+06 -4.446479e+06 -4.858751e+06
-2.269746e+06 -4.441245e+06 -4.864058e+06
-2.268610e+06 -4.436005e+06 -4.869359e+06
-2.267471e+06 -4.430760e+06 -4.874654e+06
-2.266330e+06 -4.425510e+06 -4.879943e+06
-2.265187e+06 -4.420255e+06 -4.885227e+06
-2.264040e+06 -4.414995e+06 -4.890505e+06
-2.262891e+06 -4.409730e+06 -4.895777e+06
-2.261740e+06 -4.404459e+06 -4.901043e+06
-2.260585e+06 -4.399184e+06 -4.906304e+06
-2.259428e+06 -4.393903e+06 -4.911559e+06
-2.258269e+06 -4.388617e+06 -4.916808e+06
-2.257107e+06 -4.383326e+06 -4.922051e+06
-2.255942e+06 -4.378030e+06 -4.927288e+06
-2.254774e+06 -4.372729e+06 -4.932520e+06
-2.253604e+06 -4.367422e+06 -4.937745e+06
-2.252432e+06 -4.362111e+06 -4.942965e+06
-2.251256e+06 -4.356795e+06 -4.948179e+06
-2.250078e+06 -4.351473e+06 -4.953388e+06
-2.248898e+06 -4.346146e+06 -4.958590e+06
-2.247714e+06 -4.340815e+06 -4.963786e+06
-2.246529e+06 -4.335478e+06 -4.968977e+06
-2.245340e+06 -4.330136e+06 -4.974162e+06
-2.244149e+06 -4.324789e+06 -4.979341e+06
-2.242955e+06 -4.319438e+06 -4.984514e+06
-2.241759e+06 -4.314081e+06 -4.989681e+06
-2.240560e+06 -4.308719e+06 -4.994842e+06
-2.239358e+06 -4.303352e+06 -4.999998e+06
-2.238154e+06 -4.297980e+06 -5.005147e+06
-2.236947e+06 -4.292603e+06 -5.010291e+06
-2.235738e+06 -4.287221e+06 -5.015428e+06
-2.234526e+06 -4.281834e+06 -5.020560e+06
-2.233311e+06 -4.276442e+06 -5.025686e+06
-2.232094e+06 -4.271046e+06 -5.030806e+06
-2.230874e+06 -4.265644e+06 -5.035920e+06
-2.229652e+06 -4.260237e+06 -5.041028e+06
-2.228427e+06 -4.254825e+06 -5.046130e+06
-2.227199e+06 -4.249408e+06 -5.051226e+06
-2.225969e+06 -4.243987e+06 -5.056316e+06
-2.224736e+06 -4.238560e+06 -5.061400e+06
-2.223501e+06 -4.233129e+06 -5.066479e+06
-2.222263e+06 -4.227692e+06 -5.071551e+06
-2.221022e+06 -4.222251e+06 -5.076617e+06
-2.219779e+06 -4.216805e+06 -5.081677e+06
-2.218533e+06 -4.211353e+06 -5.086732e+06
-2.217285e+06 -4.205897e+06 -5.091780e+06
-2.216034e+06 -4.200436e+06 -5.096822e+06
-2.214780e+06 -4.194970e+06 -5.101859e+06
-2.213524e+06 -4.189500e+06 -5.106889e+06
-2.212266e+06 -4.184024e+06 -5.111913e+06
-2.211004e+06 -4.178543e+06 -5.116931e+06
-2.209740e+06 -4.173058e+06 -5.121944e+06
-2.208474e+06 -4.167568e+06 -5.126950e+06
-2.207205e+06 -4.162073e+06 -5.131950e+06
-2.205933e+06 -4.156573e+06 -5.136944e+06
-2.204659e+06 -4.151068e+06 -5.141932e+06
-2.203383e+06 -4.145559e+06 -5.146914e+06
-2.202103e+06 -4.140044e+06 -5.151890e+06
-2.200821e+06 -4.134525e+06 -5.156860e+06
-2.199537e+06 -4.129001e+06 -5.161823e+06
-2.198250e+06 -4.123472e+06 -5.166781e+06
-2.196960e+06 -4.117939e+06 -5.171733e+06
-2.195668e+06 -4.112400e+06 -5.176678e+06
-2.194374e+06 -4.106857e+06 -5.181617e+06
-2.193076e+06 -4.101309e+06 -5.186551e+06
-2.191777e+06 -4.095756e+06 -5.191478e+06
-2.190474e+06 -4.090199e+06 -5.196399e+06
-2.189169e+06 -4.084637e+06 -5.201314e+06
-2.187862e+06 -4.079070e+06 -5.206223e+06
-2.186552e+06 -4.073498e+06 -5.211125e+06
-2.185239e+06 -4.067921e+06 -5.216022e+06
-2.183924e+06 -4.062340e+06 -5.220912e+06
-2.182607e+06 -4.056754e+06 -5.225796e+06
-2.181286e+06 -4.051164e+06 -5.230675e+06
-2.179964e+06 -4.045568e+06 -5.235546e+06
-2.178638e+06 -4.039968e+06 -5.240412e+06
-2.177311e+06 -4.034363e+06 -5.245272e+06
-2.175980e+06 -4.028754e+06 -5.250125e+06
-2.174647e+06 -4.023140e+06 -5.254972e+06
-2.173312e+06 -4.017521e+06 -5.259813e+06
-2.171974e+06 -4.011898e+06 -5.264648e+06
-2.170634e+06 -4.006269e+06 -5.269477e+06
-2.169291e+06 -4.000637e+06 -5.274299e+06
-2.167945e+06 -3.994999e+06 -5.279116e+06
-2.166597e+06 -3.989357e+06 -5.283926e+06
-2.165246e+06 -3.983710e+06 -5.288729e+06
-2.163893e+06 -3.978059e+06 -5.293527e+06
-2.162538e+06 -3.972403e+06 -5.298318e+06
-2.161180e+06 -3.966743e+06 -5.303103e+06
-2.159819e+06 -3.961077e+06 -5.307882e+06
-2.158456e+06 -3.955408e+06 -5.312655e+06
-2.157090e+06 -3.949733e+06 -5.317421e+06
-2.155722e+06 -3.944054e+06 -5.322181e+06
-2.154351e+06 -3.938371e+06 -5.326935e+06
-2.152978e+06 -3.932683e+06 -5.331683e+06
-2.151602e+06 -3.926990e+06 -5.336424e+06
-2.150224e+06 -3.921293e+06 -5.341159e+06
-2.148843e+06 -3.915591e+06 -5.345888e+06
-2.147460e+06 -3.909884e+06 -5.350610e+06
-2.146074e+06 -3.904173e+06 -5.355326e+06
-2.144686e+06 -3.898458e+06 -5.360036e+06
-2.143295e+06 -3.892738e+06 -5.364739e+06
-2.141902e+06 -3.887014e+06 -5.369437e+06
-2.140506e+06 -3.881285e+06 -5.374128e+06
-2.139108e+06 -3.875551e+06 -5.378812e+06
-2.137708e+06 -3.869813e+06 -5.383490e+06
-2.136304e+06 -3.864071e+06 -5.388162e+06
-2.134899e+06 -3.858324e+06 -5.392828e+06
-2.133491e+06 -3.852572e+06 -5.397487e+06
-2.132080e+06 -3.846816e+06 -5.402140e+06
-2.130667e+06 -3.841056e+06 -5.406786e+06
-2.129251e+06 -3.835291e+06 -5.411427e+06
-2.127833e+06 -3.829522e+06 -5.416060e+06
-2.126413e+06 -3.823748e+06 -5.420688e+06
-2.124990e+06 -3.817970e+06 -5.425309e+06
-2.123564e+06 -3.812187e+06 -5.429924e+06
-2.122136e+06 -3.806400e+06 -5.434532e+06
-2.120706e+06 -3.800608e+06 -5.439134e+06
-2.119273e+06 -3.794812e+06 -5.443729e+06
-2.117837e+06 -3.789012e+06 -5.448318e+06
-2.116399e+06 -3.783207e+06 -5.452901e+06
-2.114959e+06 -3.777398e+06 -5.457477e+06
-2.113516e+06 -3.771585e+06 -5.462047e+06
-2.112071e+06 -3.765767e+06 -5.466611e+06
-2.110623e+06 -3.759945e+06 -5.471168e+06
-2.109173e+06 -3.754118e+06 -5.475718e+06
-2.107721e+06 -3.748287e+06 -5.480262e+06
-2.106266e+06 -3.742452e+06 -5.484800e+06
-2.104808e+06 -3.736612e+06 -5.489331e+06
-2.103348e+06 -3.730768e+06 -5.493856e+06
-2.101886e+06 -3.724920e+06 -5.498374e+06
-2.100421e+06 -3.719067e+06 -5.502886e+06
-2.098954e+06 -3.713211e+06 -5.507392e+06
-2.097484e+06 -3.707349e+06 -5.511891e+06
-2.096012e+06 -3.701484e+06 -5.516383e+06
-2.094537e+06 -3.695614e+06 -5.520869e+06
-2.093060e+06 -3.689740e+06 -5.525349e+06
-2.091581e+06 -3.683861e+06 -5.529822e+06
-2.090099e+06 -3.677979e+06 -5.534288e+06
-2.088614e+06 -3.672092e+06 -5.538748e+06
-2.087128e+06 -3.666200e+06 -5.543202e+06
-2.085639e+06 -3.660305e+06 -5.547649e+06
-2.084147e+06 -3.654405e+06 -5.552089e+06
-2.082653e+06 -3.648501e+06 -5.556523e+06
-2.081156e+06 -3.642593e+06 -5.560950e+06
-2.079658e+06 -3.636681e+06 -5.565371e+06
-2.078156e+06 -3.630764e+06 -5.569786e+06
-2.076652e+06 -3.624843e+06 -5.574193e+06
-2.075146e+06 -3.618918e+06 -5.578595e+06
-2.073638e+06 -3.612989e+06 -5.582989e+06
-2.072127e+06 -3.607056e+06 -5.587378e+06
-2.070613e+06 -3.601118e+06 -5.591759e+06
-2.069098e+06 -3.595176e+06 -5.596134e+06
-2.067580e+06 -3.589230e+06 -5.600503e+06
-2.066059e+06 -3.583280e+06 -5.604864e+06
-2.064536e+06 -3.577326e+06 -5.609220e+06
-2.063011e+06 -3.571367e+06 -5.613568e+06
-2.061483e+06 -3.565405e+06 -5.617911e+06
-2.059953e+06 -3.559438e+06 -5.622246e+06
-2.058420e+06 -3.553467e+06 -5.626575e+06
-2.056885e+06 -3.547492e+06 -5.630897e+06
-2.055348e+06 -3.541513e+06 -5.635213e+06
-2.053808e+06 -3.535530e+06 -5.639522e+06
-2.052266e+06 -3.529543e+06 -5.643824e+06
-2.050721e+06 -3.523552e+06 -5.648120e+06
-2.049174e+06 -3.517556e+06 -5.652409e+06
-2.047625e+06 -3.511557e+06 -5.656692e+06
-2.046074e+06 -3.505553e+06 -5.660968e+06
-2.044519e+06 -3.499545e+06 -5.665237e+06
-2.042963e+06 -3.493534e+06 -5.669500e+06
-2.041404e+06 -3.487518e+06 -5.673756e+06
-2.039843e+06 -3.481498e+06 -5.678005e+06
-2.038280e+06 -3.475474e+06 -5.682248e+06
-2.036714e+06 -3.469446e+06 -5.686484e+06
-2.035145e+06 -3.463415e+06 -5.690713e+06
-2.033575e+06 -3.457379e+06 -5.694936e+06
-2.032002e+06 -3.451339e+06 -5.699152e+06
-2.030426e+06 -3.445295e+06 -5.703361e+06
-2.028849e+06 -3.439247e+06 -5.707563e+06
-2.027269e+06 -3.433195e+06 -5.711759e+06
-2.025686e+06 -3.427139e+06 -5.715948e+06
-2.024101e+06 -3.421079e+06 -5.720131e+06
-2.022514e+06 -3.415016e+06 -5.724307e+06
-2.020925e+06 -3.408948e+06 -5.728476e+06
-2.019333e+06 -3.402876e+06 -5.732638e+06
-2.017739e+06 -3.396801e+06 -5.736794e+06
-2.016142e+06 -3.390721e+06 -5.740942e+06
-2.014544e+06 -3.384638e+06 -5.745084e+06
-2.012942e+06 -3.378550e+06 -5.749220e+06
-2.011339e+06 -3.372459e+06 -5.753348e+06
-2.009733e+06 -3.366364e+06 -5.757470e+06
-2.008125e+06 -3.360264e+06 -5.761586e+06
-2.006514e+06 -3.354161e+06 -5.765694e+06
-2.004901e+06 -3.348054e+06 -5.769795e+06
-2.003286e+06 -3.341944e+06 -5.773890e+06
-2.001669e+06 -3.335829e+06 -5.777978e+06
-2.000049e+06 -3.329710e+06 -5.782060e+06
-1.998427e+06 -3.323588e+06 -5.786134e+06
-1.996802e+06 -3.317462e+06 -5.790202e+06
-1.995175e+06 -3.311332e+06 -5.794263e+06
-1.993546e+06 -3.305198e+06 -5.798317e+06
-1.991915e+06 -3.299060e+06 -5.802364e+06
-1.990281e+06 -3.292918e+06 -5.806405e+06
-1.988645e+06 -3.286773e+06 -5.810439e+06
-1.987007e+06 -3.280624e+06 -5.814466e+06
-1.985366e+06 -3.274471e+06 -5.818486e+06
-1.983723e+06 -3.268314e+06 -5.822499e+06
-1.982078e+06 -3.262154e+06 -5.826505e+06
-1.980430e+06 -3.255989e+06 -5.830505e+06
-1.978780e+06 -3.249821e+06 -5.834498e+06
-1.977128e+06 -3.243649e+06 -5.838484e+06
-1.975473e+06 -3.237474e+06 -5.842463e+06
-1.973817e+06 -3.231294e+06 -5.846435e+06
-1.972158e+06 -3.225111e+06 -5.850401e+06
-1.970496e+06 -3.218924e+06 -5.854359e+06
-1.968833e+06 -3.212734e+06 -5.858311e+06
-1.967167e+06 -3.206539e+06 -5.862256e+06
-1.965498e+06 -3.200341e+06 -5.866194e+06
-1.963828e+06 -3.194140e+06 -5.870125e+06
-1.962155e+06 -3.187934e+06 -5.874049e+06
-1.960480e+06 -3.181725e+06 -5.877966e+06
-1.958803e+06 -3.175512e+06 -5.881877e+06
-1.957123e+06 -3.169296e+06 -5.885780e+06
-1.955441e+06 -3.163076e+06 -5.889677e+06
-1.953757e+06 -3.156852e+06 -5.893567e+06
-1.952071e+06 -3.150625e+06 -5.897449e+06
-1.950382e+06 -3.144394e+06 -5.901325e+06
-1.948691e+06 -3.138159e+06 -5.905194e+06
-1.946998e+06 -3.131921e+06 -5.909057e+06
-1.945303e+06 -3.125679e+06 -5.912912e+06
-1.943605e+06 -3.119433e+06 -5.916760e+06
-1.941905e+06 -3.113184e+06 -5.920601e+06
-1.940203e+06 -3.106931e+06 -5.924436e+06
-1.938498e+06 -3.100675e+06 -5.928263e+06
-1.936792e+06 -3.094415e+06 -5.932084e+06
-1.935083e+06 -3.088151e+06 -5.935897e+06
-1.933371e+06 -3.081884e+06 -5.939704e+06
-1.931658e+06 -3.075613e+06 -5.943503e+06
-1.929942e+06 -3.069339e+06 -5.947296e+06
-1.928224e+06 -3.063061e+06 -5.951082e+06
-1.926504e+06 -3.056780e+06 -5.954860e+06
-1.924782e+06 -3.050495e+06 -5.958632e+06
-1.923057e+06 -3.044206e+06 -5.962397e+06
-1.921330e+06 -3.037914e+06 -5.966155e+06
-1.919601e+06 -3.031619e+06 -5.969906e+06
-1.917870e+06 -3.025320e+06 -5.973650e+06
-1.916136e+06 -3.019017e+06 -5.977386e+06
-1.914400e+06 -3.012711e+06 -5.981116e+06
-1.912662e+06 -3.006402e+06 -5.984839e+06
-1.910922e+06 -3.000089e+06 -5.988555e+06
-1.909180e+06 -2.993773e+06 -5.992264e+06
-1.907435e+06 -2.987453e+06 -5.995966e+06
-1.905688e+06 -2.981130e+06 -5.999660e+06
-1.903939e+06 -2.974803e+06 -6.003348e+06
-1.902188e+06 -2.968473e+06 -6.007029e+06
-1.900435e+06 -2.962139e+06 -6.010703e+06
-1.898679e+06 -2.955802e+06 -6.014369e+06
-1.896921e+06 -2.949461e+06 -6.018029e+06
-1.895161e+06 -2.943117e+06 -6.021681e+06
-1.893399e+06 -2.936770e+06 -6.025327e+06
-1.891634e+06 -2.930419e+06 -6.028965e+06
-1.889867e+06 -2.924065e+06 -6.032597e+06
-1.888099e+06 -2.917708e+06 -6.036221e+06
-1.886328e+06 -2.911347e+06 -6.039839e+06
-1.884554e+06 -2.904983e+06 -6.043449e+06
-1.882779e+06 -2.898615e+06 -6.047052e+06
-1.881001e+06 -2.892244e+06 -6.050648e+06
-1.879222e+06 -2.885870e+06 -6.054237e+06
-1.877440e+06 -2.879493e+06 -6.057819e+06
-1.875655e+06 -2.873112e+06 -6.061394e+06
-1.873869e+06 -2.866727e+06 -6.064962e+06
-1.872081e+06 -2.860340e+06 -6.068522e+06
-1.870290e+06 -2.853949e+06 -6.072076e+06
-1.868497e+06 -2.847555e+06 -6.075622e+06
-1.866702e+06 -2.841157e+06 -6.079161e+06
-1.864905e+06 -2.834757e+06 -6.082694e+06
-1.863106e+06 -2.828353e+06 -6.086219e+06
-1.861304e+06 -2.821945e+06 -6.089737e+06
-1.859501e+06 -2.815535e+06 -6.093248e+06
-1.857695e+06 -2.809121e+06 -6.096751e+06
-1.855887e+06 -2.802704e+06 -6.100248e+06
-1.854077e+06 -2.796284e+06 -6.103737e+06
-1.852265e+06 -2.789860e+06 -6.107220e+06
-1.850450e+06 -2.783433e+06 -6.110695e+06
-1.848634e+06 -2.777003e+06 -6.114163e+06
-1.846815e+06 -2.770570e+06 -6.117624e+06
-1.844994e+06 -2.764134e+06 -6.121078e+06
-1.843171e+06 -2.757694e+06 -6.124524e+06
-1.841346e+06 -2.751251e+06 -6.127964e+06
-1.839519e+06 -2.744805e+06 -6.131396e+06
-1.837689e+06 -2.738356e+06 -6.134821e+06
-1.835858e+06 -2.731904e+06 -6.138239e+06
-1.834024e+06 -2.725449e+06 -6.141650e+06
-1.832189e+06 -2.718990e+06 -6.145053e+06
-1.830351e+06 -2.712528e+06 -6.148450e+06
-1.828511e+06 -2.706063e+06 -6.151839e+06
-1.826669e+06 -2.699595e+06 -6.155221e+06
-1.824824e+06 -2.693124e+06 -6.158595e+06
-1.822978e+06 -2.686650e+06 -6.161963e+06
-1.821130e+06 -2.680173e+06 -6.165323e+06
-1.819279e+06 -2.673692e+06 -6.168677e+06
-1.817426e+06 -2.667209e+06 -6.172023e+06
-1.815572e+06 -2.660722e+06 -6.175361e+06
-1.813715e+06 -2.654233e+06 -6.178693e+06
-1.811856e+06 -2.647740e+06 -6.182017e+06
-1.809995e+06 -2.641244e+06 -6.185334e+06
-1.808132e+06 -2.634745e+06 -6.188644e+06
-1.806266e+06 -2.628243e+06 -6.191947e+06
-1.804399e+06 -2.621738e+06 -6.195242e+06
-1.802530e+06 -2.615230e+06 -6.198530e+06
-1.800658e+06 -2.608719e+06 -6.201811e+06
-1.798784e+06 -2.602205e+06 -6.205085e+06
-1.796909e+06 -2.595688e+06 -6.208351e+06
-1.795031e+06 -2.589168e+06 -6.211610e+06
-1.793151e+06 -2.582645e+06 -6.214862e+06
-1.791269e+06 -2.576119e+06 -6.218107e+06
-1.789385e+06 -2.569590e+06 -6.221344e+06
-1.787499e+06 -2.563059e+06 -6.224574e+06
-1.785611e+06 -2.556524e+06 -6.227797e+06
-1.783721e+06 -2.549986e+06 -6.231012e+06
-1.781828e+06 -2.543445e+06 -6.234221e+06
-1.779934e+06 -2.536901e+06 -6.237422e+06
-1.778038e+06 -2.530355e+06 -6.240615e+06
-1.776139e+06 -2.523805e+06 -6.243802e+06
-1.774238e+06 -2.517253e+06 -6.246981e+06
-1.772336e+06 -2.510697e+06 -6.250153e+06
-1.770431e+06 -2.504139e+06 -6.253317e+06
-1.768525e+06 -2.497578e+06 -6.256474e+06
-1.766616e+06 -2.491014e+06 -6.259624e+06
-1.764705e+06 -2.484447e+06 -6.262767e+06
-1.762792e+06 -2.477877e+06 -6.265902e+06
-1.760877e+06 -2.471304e+06 -6.269030e+06
-1.758960e+06 -2.464729e+06 -6.272150e+06
-1.757041e+06 -2.458150e+06 -6.275264e+06
-1.755120e+06 -2.451569e+06 -6.278370e+06
-1.753197e+06 -2.444985e+06 -6.281468e+06
-1.751272e+06 -2.438398e+06 -6.284560e+06
-1.749345e+06 -2.431808e+06 -6.287643e+06
-1.747416e+06 -2.425216e+06 -6.290720e+06
-1.745485e+06 -2.418621e+06 -6.293789e+06
-1.743552e+06 -2.412023e+06 -6.296851e+06
-1.741617e+06 -2.405422e+06 -6.299906e+06
-1.739680e+06 -2.398818e+06 -6.302953e+06
-1.737740e+06 -2.392212e+06 -6.305993e+06
-1.735799e+06 -2.385602e+06 -6.309025e+06
-1.733856e+06 -2.378990e+06 -6.312050e+06
-1.731911e+06 -2.372376e+06 -6.315068e+06
-1.729964e+06 -2.365758e+06 -6.318078e+06
-1.728014e+06 -2.359138e+06 -6.321081e+06
-1.726063e+06 -2.352515e+06 -6.324077e+06
-1.724110e+06 -2.345890e+06 -6.327065e+06
-1.722155e+06 -2.339261e+06 -6.330046e+06
-1.720197e+06 -2.332630e+06 -6.333019e+06
-1.718238e+06 -2.325997e+06 -6.335985e+06
-1.716277e+06 -2.319360e+06 -6.338944e+06
-1.714314e+06 -2.312721e+06 -6.341895e+06
-1.712349e+06 -2.306080e+06 -6.344839e+06
-1.710381e+06 -2.299435e+06 -6.347776e+06
-1.708412e+06 -2.292788e+06 -6.350705e+06
-1.706441e+06 -2.286138e+06 -6.353626e+06
-1.704468e+06 -2.279486e+06 -6.356540e+06
-1.702493e+06 -2.272831e+06 -6.359447e+06
-1.700516e+06 -2.266173e+06 -6.362347e+06
-1.698537e+06 -2.259513e+06 -6.365239e+06
-1.696556e+06 -2.252850e+06 -6.368123e+06
-1.694573e+06 -2.246185e+06 -6.371000e+06
-1.692588e+06 -2.239517e+06 -6.373870e+06
-1.690601e+06 -2.232846e+06 -6.376732e+06
-1.688613e+06 -2.226173e+06 -6.379587e+06
-1.686622e+06 -2.219497e+06 -6.382434e+06
-1.684629e+06 -2.212819e+06 -6.385274e+06
-1.682634e+06 -2.206138e+06 -6.388106e+06
-1.680638e+06 -2.199455e+06 -6.390931e+06
-1.678639e+06 -2.192769e+06 -6.393749e+06
-1.676639e+06 -2.186080e+06 -6.396559e+06
-1.674636e+06 -2.179389e+06 -6.399361e+06
-1.672632e+06 -2.172696e+06 -6.402156e+06
-1.670626e+06 -2.166000e+06 -6.404944e+06
-1.668617e+06 -2.159301e+06 -6.407724e+06
-1.666607e+06 -2.152600e+06 -6.410497e+06
-1.664595e+06 -2.145897e+06 -6.413262e+06
-1.662581e+06 -2.139191e+06 -6.416020e+06
-1.660565e+06 -2.132482e+06 -6.418770e+06
-1.658547e+06 -2.125771e+06 -6.421513e+06
-1.656527e+06 -2.119058e+06 -6.424248e+06
-1.654506e+06 -2.112342e+06 -6.426976e+06
-1.652482e+06 -2.105624e+06 -6.429696e+06
-1.650457e+06 -2.098903e+06 -6.432409e+06
-1.648429e+06 -2.092180e+06 -6.435114e+06
-1.646400e+06 -2.085455e+06 -6.437812e+06
-1.644368e+06 -2.078727e+06 -6.440502e+06
-1.642335e+06 -2.071997e+06 -6.443185e+06
-1.640300e+06 -2.065264e+06 -6.445860e+06
-1.638263e+06 -2.058529e+06 -6.448527e+06
-1.636224e+06 -2.051791e+06 -6.451188e+06
-1.634184e+06 -2.045051e+06 -6.453840e+06
-1.632141e+06 -2.038309e+06 -6.456485e+06
-1.630096e+06 -2.031565e+06 -6.459123e+06
-1.628050e+06 -2.024818e+06 -6.461753e+06
-1.626002e+06 -2.018068e+06 -6.464376e+06
-1.623952e+06 -2.011317e+06 -6.466991e+06
-1.621899e+06 -2.004563e+06 -6.469598e+06
-1.619845e+06 -1.997807e+06 -6.472198e+06
-1.617790e+06 -1.991048e+06 -6.474790e+06
-1.615732e+06 -1.984287e+06 -6.477375e+06
-1.613672e+06 -1.977524e+06 -6.479952e+06
-1.611611e+06 -1.970759e+06 -6.482522e+06
-1.609548e+06 -1.963991e+06 -6.485084e+06
-1.607483e+06 -1.957221e+06 -6.487639e+06
-1.605416e+06 -1.950449e+06 -6.490186e+06
-1.603347e+06 -1.943675e+06 -6.492725e+06
-1.601276e+06 -1.936898e+06 -6.495257e+06
-1.599203e+06 -1.930119e+06 -6.497781e+06
-1.597129e+06 -1.923338e+06 -6.500298e+06
-1.595053e+06 -1.916555e+06 -6.502807e+06
-1.592975e+06 -1.909769e+06 -6.505309e+06
-1.590895e+06 -1.902981e+06 -6.507803e+06
-1.588813e+06 -1.896191e+06 -6.510289e+06
-1.586729e+06 -1.889399e+06 -6.512768e+06
-1.584644e+06 -1.882605e+06 -6.515239e+06
-1.582556e+06 -1.875808e+06 -6.517702e+06
-1.580467e+06 -1.869010e+06 -6.520159e+06
-1.578376e+06 -1.862209e+06 -6.522607e+06
-1.576283e+06 -1.855406e+06 -6.525048e+06
-1.574189e+06 -1.848601e+06 -6.527481e+06
-1.572092e+06 -1.841794e+06 -6.529906e+06
-1.569994e+06 -1.834984e+06 -6.532324e+06
-1.567894e+06 -1.828173e+06 -6.534735e+06
-1.565792e+06 -1.821359e+06 -6.537138e+06
-1.563688e+06 -1.814543e+06 -6.539533e+06
-1.561583e+06 -1.807726e+06 -6.541920e+06
-1.559476e+06 -1.800906e+06 -6.544300e+06
-1.557367e+06 -1.794084e+06 -6.546672e+06
-1.555256e+06 -1.787260e+06 -6.549037e+06
-1.553143e+06 -1.780434e+06 -6.551394e+06
-1.551028e+06 -1.773606e+06 -6.553743e+06
-1.548912e+06 -1.766775e+06 -6.556085e+06
-1.546794e+06 -1.759943e+06 -6.558419e+06
-1.544674e+06 -1.753109e+06 -6.560745e+06
-1.542552e+06 -1.746273e+06 -6.563064e+06
-1.540429e+06 -1.739434e+06 -6.565375e+06
-1.538304e+06 -1.732594e+06 -6.567679e+06
-1.536177e+06 -1.725752e+06 -6.569975e+06
-1.534048e+06 -1.718907e+06 -6.572263e+06
-1.531917e+06 -1.712061e+06 -6.574543e+06
-1.529785e+06 -1.705213e+06 -6.576816e+06
-1.527651e+06 -1.698362e+06 -6.579081e+06
-1.525515e+06 -1.691510e+06 -6.581339e+06
-1.523377e+06 -1.684656e+06 -6.583589e+06
-1.521238e+06 -1.677800e+06 -6.585831e+06
-1.519097e+06 -1.670942e+06 -6.588066e+06
-1.516954e+06 -1.664082e+06 -6.590292e+06
-1.514809e+06 -1.657220e+06 -6.592512e+06
-1.512663e+06 -1.650356e+06 -6.594723e+06
-1.510515e+06 -1.643491e+06 -6.596927e+06
-1.508365e+06 -1.636623e+06 -6.599123e+06
-1.506213e+06 -1.629754e+06 -6.601311e+06
-1.504060e+06 -1.622882e+06 -6.603492e+06
-1.501904e+06 -1.616009e+06 -6.605665e+06
-1.499747e+06 -1.609134e+06 -6.607831e+06
-1.497589e+06 -1.602257e+06 -6.609988e+06
-1.495429e+06 -1.595378e+06 -6.612138e+06
-1.493266e+06 -1.588498e+06 -6.614280e+06
-1.491103e+06 -1.581615e+06 -6.616415e+06
-1.488937e+06 -1.574731e+06 -6.618542e+06
-1.486770e+06 -1.567845e+06 -6.620661e+06
-1.484601e+06 -1.560957e+06 -6.622772e+06
-1.482430e+06 -1.554067e+06 -6.624876e+06
-1.480258e+06 -1.547175e+06 -6.626972e+06
-1.478084e+06 -1.540282e+06 -6.629060e+06
-1.475908e+06 -1.533387e+06 -6.631141e+06
-1.473730e+06 -1.526490e+06 -6.633214e+06
-1.471551e+06 -1.519592e+06 -6.635279e+06
-1.469370e+06 -1.512691e+06 -6.637336e+06
-1.467187e+06 -1.505789e+06 -6.639386e+06
-1.465003e+06 -1.498885e+06 -6.641428e+06
-1.462817e+06 -1.491980e+06 -6.643462e+06
-1.460629e+06 -1.485072e+06 -6.645488e+06
-1.458440e+06 -1.478163e+06 -6.647507e+06
-1.456249e+06 -1.471253e+06 -6.649518e+06
-1.454056e+06 -1.464340e+06 -6.651521e+06
-1.451861e+06 -1.457426e+06 -6.653517e+06
-1.449665e+06 -1.450510e+06 -6.655504e+06
-1.447468e+06 -1.443593e+06 -6.657484e+06
-1.445268e+06 -1.436674e+06 -6.659456e+06
-1.443067e+06 -1.429753e+06 -6.661421e+06
-1.440864e+06 -1.422830e+06 -6.663378e+06
-1.438659e+06 -1.415906e+06 -6.665327e+06
-1.436453e+06 -1.408980e+06 -6.667268e+06
-1.434245e+06 -1.402053e+06 -6.669201e+06
-1.432036e+06 -1.395124e+06 -6.671127e+06
-1.429825e+06 -1.388194e+06 -6.673045e+06
-1.427612e+06 -1.381261e+06 -6.674955e+06
-1.425398e+06 -1.374328e+06 -6.676857e+06
-1.423181e+06 -1.367392e+06 -6.678752e+06
-1.420964e+06 -1.360455e+06 -6.680639e+06
-1.418744e+06 -1.353517e+06 -6.682518e+06
-1.416523e+06 -1.346577e+06 -6.684389e+06
-1.414301e+06 -1.339635e+06 -6.686252e+06
-1.412076e+06 -1.332692e+06 -6.688108e+06
-1.409850e+06 -1.325747e+06 -6.689956e+06
-1.407623e+06 -1.318801e+06 -6.691796e+06
-1.405394e+06 -1.311853e+06 -6.693628e+06
-1.403163e+06 -1.304904e+06 -6.695453e+06
-1.400930e+06 -1.297953e+06 -6.697269e+06
-1.398696e+06 -1.291001e+06 -6.699078e+06
-1.396461e+06 -1.284047e+06 -6.700879e+06
-1.394223e+06 -1.277092e+06 -6.702673e+06
-1.391984e+06 -1.270135e+06 -6.704458e+06
-1.389744e+06 -1.263177e+06 -6.706236e+06
-1.387502e+06 -1.256217e+06 -6.708006e+06
-1.385258e+06 -1.249256e+06 -6.709768e+06
-1.383013e+06 -1.242293e+06 -6.711522e+06
-1.380766e+06 -1.235329e+06 -6.713269e+06
-1.378517e+06 -1.228364e+06 -6.715007e+06
-1.376267e+06 -1.221397e+06 -6.716738e+06
-1.374015e+06 -1.214429e+06 -6.718461e+06
-1.371762e+06 -1.207459e+06 -6.720177e+06
-1.369507e+06 -1.200488e+06 -6.721884e+06
-1.367251e+06 -1.193516e+06 -6.723584e+06
-1.364993e+06 -1.186542e+06 -6.725275e+06
-1.362733e+06 -1.179567e+06 -6.726959e+06
-1.360472e+06 -1.172590e+06 -6.728635e+06
-1.358209e+06 -1.165612e+06 -6.730304e+06
-1.355945e+06 -1.158633e+06 -6.731964e+06
-1.353679e+06 -1.151652e+06 -6.733617e+06
-1.351411e+06 -1.144670e+06 -6.735261e+06
-1.349142e+06 -1.137687e+06 -6.736898e+06
-1.346872e+06 -1.130702e+06 -6.738527e+06
-1.344599e+06 -1.123717e+06 -6.740149e+06
-1.342326e+06 -1.116729e+06 -6.741762e+06
-1.340050e+06 -1.109741e+06 -6.743367e+06
-1.337774e+06 -1.102751e+06 -6.744965e+06
-1.335495e+06 -1.095760e+06 -6.746555e+06
-1.333215e+06 -1.088768e+06 -6.748137e+06
-1.330934e+06 -1.081774e+06 -6.749711e+06
-1.328651e+06 -1.074780e+06 -6.751277e+06
-1.326366e+06 -1.067784e+06 -6.752836e+06
-1.324080e+06 -1.060786e+06 -6.754386e+06
-1.321793e+06 -1.053788e+06 -6.755929e+06
-1.319503e+06 -1.046788e+06 -6.757464e+06
-1.317213e+06 -1.039787e+06 -6.758991e+06
-1.314921e+06 -1.032785e+06 -6.760510e+06
-1.312627e+06 -1.025782e+06 -6.762021e+06
-1.310332e+06 -1.018777e+06 -6.763525e+06
-1.308035e+06 -1.011771e+06 -6.765020e+06
-1.305737e+06 -1.004765e+06 -6.766508e+06
-1.303437e+06 -9.977566e+05 -6.767988e+06
-1.301136e+06 -9.907474e+05 -6.769460e+06
-1.298833e+06 -9.837371e+05 -6.770924e+06
-1.296529e+06 -9.767257e+05 -6.772380e+06
-1.294223e+06 -9.697131e+05 -6.773828e+06
-1.291916e+06 -9.626994e+05 -6.775268e+06
-1.289607e+06 -9.556845e+05 -6.776701e+06
-1.287297e+06 -9.486686e+05 -6.778126e+06
-1.284985e+06 -9.416516e+05 -6.779542e+06
-1.282672e+06 -9.346335e+05 -6.780951e+06
-1.280357e+06 -9.276143e+05 -6.782352e+06
-1.278041e+06 -9.205940e+05 -6.783745e+06
-1.275723e+06 -9.135727e+05 -6.785130e+06
-1.273404e+06 -9.065503e+05 -6.786508e+06
-1.271083e+06 -8.995268e+05 -6.787877e+06
-1.268761e+06 -8.925023e+05 -6.789239e+06
-1.266438e+06 -8.854768e+05 -6.790592e+06
-1.264112e+06 -8.784503e+05 -6.791938e+06
-1.261786e+06 -8.714227e+05 -6.793276e+06
-1.259458e+06 -8.643942e+05 -6.794605e+06
-1.257129e+06 -8.573646e+05 -6.795927e+06
-1.254798e+06 -8.503340e+05 -6.797242e+06
-1.252465e+06 -8.433025e+05 -6.798548e+06
-1.250132e+06 -8.362700e+05 -6.799846e+06
-1.247796e+06 -8.292365e+05 -6.801136e+06
-1.245460e+06 -8.222020e+05 -6.802419e+06
-1.243122e+06 -8.151666e+05 -6.803693e+06
-1.240782e+06 -8.081303e+05 -6.804960e+06
-1.238441e+06 -8.010930e+05 -6.806219e+06
-1.236099e+06 -7.940548e+05 -6.807469e+06
-1.233755e+06 -7.870156e+05 -6.808712e+06
-1.231410e+06 -7.799756e+05 -6.809947e+06
-1.229063e+06 -7.729346e+05 -6.811174e+06
-1.226715e+06 -7.658928e+05 -6.812393e+06
-1.224365e+06 -7.588501e+05 -6.813605e+06
-1.222014e+06 -7.518064e+05 -6.814808e+06
-1.219662e+06 -7.447620e+05 -6.816003e+06
-1.217308e+06 -7.377166e+05 -6.817191e+06
-1.214953e+06 -7.306704e+05 -6.818370e+06
-1.212597e+06 -7.236233e+05 -6.819542e+06
-1.210239e+06 -7.165755e+05 -6.820705e+06
-1.207879e+06 -7.095267e+05 -6.821861e+06
-1.205518e+06 -7.024772e+05 -6.823009e+06
-1.203156e+06 -6.954268e+05 -6.824148e+06
-1.200793e+06 -6.883757e+05 -6.825280e+06
-1.198428e+06 -6.813237e+05 -6.826404e+06
-1.196061e+06 -6.742709e+05 -6.827520e+06
-1.193694e+06 -6.672174e+05 -6.828628e+06
-1.191324e+06 -6.601631e+05 -6.829728e+06
-1.188954e+06 -6.531080e+05 -6.830820e+06
-1.186582e+06 -6.460522e+05 -6.831905e+06
-1.184209e+06 -6.389956e+05 -6.832981e+06
-1.181834e+06 -6.319382e+05 -6.834049e+06
-1.179458e+06 -6.248802e+05 -6.835110e+06
-1.177081e+06 -6.178214e+05 -6.836162e+06
-1.174702e+06 -6.107619e+05 -6.837207e+06
-1.172322e+06 -6.037017e+05 -6.838243e+06
-1.169941e+06 -5.966407e+05 -6.839272e+06
-1.167558e+06 -5.895791e+05 -6.840292e+06
-1.165174e+06 -5.825168e+05 -6.841305e+06
-1.162788e+06 -5.754538e+05 -6.842310e+06
-1.160402e+06 -5.683902e+05 -6.843306e+06
-1.158013e+06 -5.613259e+05 -6.844295e+06
-1.155624e+06 -5.542609e+05 -6.845276e+06
-1.153233e+06 -5.471953e+05 -6.846249e+06
-1.150841e+06 -5.401291e+05 -6.847214e+06
-1.148447e+06 -5.330622e+05 -6.848171e+06
-1.146052e+06 -5.259947e+05 -6.849120e+06
-1.143656e+06 -5.189266e+05 -6.850061e+06
-1.141259e+06 -5.118579e+05 -6.850994e+06
-1.138860e+06 -5.047886e+05 -6.851919e+06
-1.136460e+06 -4.977187e+05 -6.852836e+06
-1.134058e+06 -4.906482e+05 -6.853745e+06
-1.131656e+06 -4.835772e+05 -6.854646e+06
-1.129252e+06 -4.765056e+05 -6.855540e+06
-1.126846e+06 -4.694334e+05 -6.856425e+06
-1.124439e+06 -4.623607e+05 -6.857302e+06
-1.122032e+06 -4.552874e+05 -6.858171e+06
-1.119622e+06 -4.482136e+05 -6.859033e+06
-1.117212e+06 -4.411393e+05 -6.859886e+06
-1.114800e+06 -4.340645e+05 -6.860731e+06
-1.112387e+06 -4.269892e+05 -6.861569e+06
-1.109972e+06 -4.199133e+05 -6.862398e+06
-1.107556e+06 -4.128370e+05 -6.863220e+06
-1.105139e+06 -4.057602e+05 -6.864033e+06
-1.102721e+06 -3.986829e+05 -6.864839e+06
-1.100302e+06 -3.916052e+05 -6.865636e+06
-1.097881e+06 -3.845270e+05 -6.866426e+06
-1.095459e+06 -3.774483e+05 -6.867207e+06
-1.093035e+06 -3.703692e+05 -6.867981e+06
-1.090610e+06 -3.632897e+05 -6.868746e+06
-1.088185e+06 -3.562097e+05 -6.869504e+06
-1.085757e+06 -3.491294e+05 -6.870253e+06
-1.083329e+06 -3.420486e+05 -6.870995e+06
-1.080899e+06 -3.349674e+05 -6.871728e+06
-1.078468e+06 -3.278858e+05 -6.872454e+06
-1.076036e+06 -3.208038e+05 -6.873172e+06
-1.073603e+06 -3.137215e+05 -6.873881e+06
-1.071168e+06 -3.066388e+05 -6.874583e+06
-1.068732e+06 -2.995557e+05 -6.875277e+06
-1.066295e+06 -2.924723e+05 -6.875962e+06
-1.063857e+06 -2.853885e+05 -6.876640e+06
-1.061417e+06 -2.783044e+05 -6.877310e+06
-1.058976e+06 -2.712200e+05 -6.877971e+06
-1.056534e+06 -2.641352e+05 -6.878625e+06
-1.054091e+06 -2.570501e+05 -6.879270e+06
-1.051646e+06 -2.499648e+05 -6.879908e+06
-1.049200e+06 -2.428791e+05 -6.880538e+06
-1.046753e+06 -2.357931e+05 -6.881159e+06
-1.044305e+06 -2.287069e+05 -6.881773e+06
-1.041856e+06 -2.216204e+05 -6.882379e+06
-1.039405e+06 -2.145336e+05 -6.882976e+06
-1.036953e+06 -2.074466e+05 -6.883566e+06
-1.034500e+06 -2.003593e+05 -6.884148e+06
-1.032046e+06 -1.932718e+05 -6.884721e+06
-1.029591e+06 -1.861841e+05 -6.885287e+06
-1.027134e+06 -1.790961e+05 -6.885845e+06
-1.024676e+06 -1.720079e+05 -6.886394e+06
-1.022217e+06 -1.649195e+05 -6.886936e+06
-1.019757e+06 -1.578309e+05 -6.887470e+06
-1.017296e+06 -1.507421e+05 -6.887995e+06
-1.014833e+06 -1.436532e+05 -6.888513e+06
-1.012370e+06 -1.365640e+05 -6.889022e+06
-1.009905e+06 -1.294747e+05 -6.889524e+06
-1.007439e+06 -1.223853e+05 -6.890018e+06
-1.004972e+06 -1.152957e+05 -6.890503e+06
-1.002503e+06 -1.082059e+05 -6.890981e+06
-1.000034e+06 -1.011160e+05 -6.891450e+06
-9.975631e+05 -9.402601e+04 -6.891912e+06
-9.950913e+05 -8.693588e+04 -6.892365e+06
-9.926183e+05 -7.984564e+04 -6.892811e+06
-9.901442e+05 -7.275530e+04 -6.893248e+06
-9.876689e+05 -6.566487e+04 -6.893678e+06
-9.851924e+05 -5.857435e+04 -6.894099e+06
-9.827148e+05 -5.148376e+04 -6.894513e+06
-9.802361e+05 -4.439309e+04 -6.894918e+06
-9.777563e+05 -3.730237e+04 -6.895315e+06
-9.752753e+05 -3.021159e+04 -6.895705e+06
-9.727932e+05 -2.312077e+04 -6.896086e+06
-9.703099e+05 -1.602992e+04 -6.896459e+06
-9.678255e+05 -8.939035e+03 -6.896825e+06
-9.653400e+05 -1.848132e+03 -6.897182e+06
-9.628534e+05 5.242783e+03 -6.897531e+06
-9.603657e+05 1.233370e+04 -6.897873e+06
-9.578768e+05 1.942462e+04 -6.898206e+06
-9.553869e+05 2.651552e+04 -6.898531e+06
-9.528958e+05 3.360640e+04 -6.898848e+06
-9.504037e+05 4.069725e+04 -6.899158e+06
-9.479104e+05 4.778806e+04 -6.899459e+06
-9.454160e+05 5.487883e+04 -6.899752e+06
-9.429205e+05 6.196955e+04 -6.900037e+06
-9.404240e+05 6.906020e+04 -6.900314e+06
-9.379263e+05 7.615079e+04 -6.900583e+06
-9.354276e+05 8.324129e+04 -6.900844e+06
-9.329278e+05 9.033171e+04 -6.901097e+06
-9.304269e+05 9.742204e+04 -6.901342e+06
-9.279249e+05 1.045123e+05 -6.901579e+06
-9.254218e+05 1.116024e+05 -6.901808e+06
-9.229177e+05 1.186924e+05 -6.902029e+06
-9.204125e+05 1.257822e+05 -6.902242e+06
-9.179062e+05 1.328720e+05 -6.902447e+06
-9.153988e+05 1.399616e+05 -6.902644e+06
-9.128904e+05 1.470510e+05 -6.902833e+06
-9.103810e+05 1.541403e+05 -6.903014e+06
-9.078705e+05 1.612294e+05 -6.903186e+06
-9.053589e+05 1.683184e+05 -6.903351e+06
-9.028463e+05 1.754071e+05 -6.903508e+06
-9.003326e+05 1.824957e+05 -6.903657e+06
-8.978179e+05 1.895840e+05 -6.903797e+06
-8.953021e+05 1.966722e+05 -6.903930e+06
-8.927853e+05 2.037601e+05 -6.904055e+06
-8.902675e+05 2.108479e+05 -6.904171e+06
-8.877486e+05 2.179353e+05 -6.904280e+06
-8.852287e+05 2.250226e+05 -6.904380e+06
-8.827078e+05 2.321096e+05 -6.904473e+06
-8.801858e+05 2.391963e+05 -6.904557e+06
-8.776629e+05 2.462828e+05 -6.904634e+06
-8.751389e+05 2.533690e+05 -6.904702e+06
-8.726139e+05 2.604549e+05 -6.904763e+06
-8.700878e+05 2.675405e+05 -6.904815e+06
-8.675608e+05 2.746259e+05 -6.904859e+06
-8.650328e+05 2.817109e+05 -6.904896e+06
-8.625037e+05 2.887956e+05 -6.904924e+06
-8.599737e+05 2.958800e+05 -6.904944e+06
-8.574426e+05 3.029641e+05 -6.904956e+06
-8.549106e+05 3.100478e+05 -6.904961e+06
-8.523776e+05 3.171312e+05 -6.904957e+06
-8.498436e+05 3.242142e+05 -6.904945e+06
-8.473085e+05 3.312969e+05 -6.904925e+06
-8.447726e+05 3.383792e+05 -6.904897e+06
-8.422356e+05 3.454611e+05 -6.904861e+06
-8.396976e+05 3.525426e+05 -6.904817e+06
-8.371587e+05 3.596237e+05 -6.904765e+06
-8.346188e+05 3.667045e+05 -6.904705e+06
-8.320779e+05 3.737848e+05 -6.904637e+06
-8.295361e+05 3.808647e+05 -6.904561e+06
-8.269933e+05 3.879442e+05 -6.904477e+06
-8.244495e+05 3.950232e+05 -6.904385e+06
-8.219048e+05 4.021018e+05 -6.904285e+06
-8.193591e+05 4.091800e+05 -6.904177e+06
-8.168125e+05 4.162576e+05 -6.904060e+06
-8.142649e+05 4.233348e+05 -6.903936e+06
-8.117164e+05 4.304116e+05 -6.903804e+06
-8.091669e+05 4.374878e+05 -6.903663e+06
-8.066165e+05 4.445636e+05 -6.903515e+06
-8.040652e+05 4.516389e+05 -6.903359e+06
-8.015129e+05 4.587136e+05 -6.903194e+06
-7.989597e+05 4.657879e+05 -6.903022e+06
-7.964056e+05 4.728616e+05 -6.902841e+06
-7.938505e+05 4.799348e+05 -6.902653e+06
-7.912945e+05 4.870074e+05 -6.902456e+06
-7.887376e+05 4.940795e+05 -6.902252e+06
-7.861798e+05 5.011510e+05 -6.902039e+06
-7.836210e+05 5.082220e+05 -6.901819e+06
-7.810614e+05 5.152924e+05 -6.901590e+06
-7.785008e+05 5.223622e+05 -6.901354e+06
-7.759393e+05 5.294314e+05 -6.901109e+06
-7.733770e+05 5.365001e+05 -6.900856e+06
-7.708137e+05 5.435681e+05 -6.900596e+06
-7.682495e+05 5.506355e+05 -6.900327e+06
-7.656845e+05 5.577023e+05 -6.900050e+06
-7.631185e+05 5.647684e+05 -6.899765e+06
-7.605517e+05 5.718339e+05 -6.899472e+06
-7.579840e+05 5.788988e+05 -6.899172e+06
-7.554154e+05 5.859630e+05 -6.898863e+06
-7.528459e+05 5.930266e+05 -6.898546e+06
-7.502755e+05 6.000895e+05 -6.898221e+06
-7.477043e+05 6.071517e+05 -6.897888e+06
-7.451322e+05 6.142132e+05 -6.897547e+06
-7.425592e+05 6.212740e+05 -6.897198e+06
-7.399854e+05 6.283341e+05 -6.896841e+06
-7.374107e+05 6.353935e+05 -6.896476e+06
-7.348352e+05 6.424522e+05 -6.896103e+06
-7.322587e+05 6.495102e+05 -6.895722e+06
-7.296815e+05 6.565674e+05 -6.895333e+06
-7.271034e+05 6.636239e+05 -6.894936e+06
-7.245244e+05 6.706796e+05 -6.894531e+06
-7.219446e+05 6.777346e+05 -6.894118e+06
-7.193640e+05 6.847888e+05 -6.893696e+06
-7.167825e+05 6.918422e+05 -6.893267e+06
-7.142002e+05 6.988948e+05 -6.892830e+06
-7.116170e+05 7.059467e+05 -6.892385e+06
-7.090331e+05 7.129977e+05 -6.891932e+06
-7.064483e+05 7.200480e+05 -6.891470e+06
-7.038626e+05 7.270974e+05 -6.891001e+06
-7.012762e+05 7.341460e+05 -6.890524e+06
-6.986889e+05 7.411938e+05 -6.890039e+06
-6.961009e+05 7.482407e+05 -6.889545e+06
-6.935120e+05 7.552868e+05 -6.889044e+06
-6.909223e+05 7.623320e+05 -6.888535e+06
-6.883318e+05 7.693764e+05 -6.888017e+06
-6.857405e+05 7.764198e+05 -6.887492e+06
-6.831484e+05 7.834624e+05 -6.886959e+06
-6.805555e+05 7.905041e+05 -6.886417e+06
-6.779618e+05 7.975450e+05 -6.885868e+06
-6.753673e+05 8.045849e+05 -6.885310e+06
-6.727720e+05 8.116239e+05 -6.884745e+06
-6.701760e+05 8.186619e+05 -6.884172e+06
-6.675792e+05 8.256991e+05 -6.883590e+06
-6.649815e+05 8.327353e+05 -6.883001e+06
-6.623832e+05 8.397705e+05 -6.882403e+06
-6.597840e+05 8.468048e+05 -6.881798e+06
-6.571841e+05 8.538382e+05 -6.881184e+06
-6.545834e+05 8.608706e+05 -6.880563e+06
-6.519819e+05 8.679020e+05 -6.879933e+06
-6.493797e+05 8.749324e+05 -6.879296e+06
-6.467767e+05 8.819618e+05 -6.878651e+06
-6.441730e+05 8.889902e+05 -6.877997e+06
-6.415685e+05 8.960176e+05 -6.877336e+06
-6.389633e+05 9.030440e+05 -6.876666e+06
-6.363573e+05 9.100693e+05 -6.875989e+06
-6.337506e+05 9.170937e+05 -6.875303e+06
-6.311431e+05 9.241169e+05 -6.874610e+06
-6.285349e+05 9.311392e+05 -6.873908e+06
-6.259260e+05 9.381603e+05 -6.873199e+06
-6.233163e+05 9.451804e+05 -6.872481e+06
-6.207059e+05 9.521994e+05 -6.871756e+06
-6.180948e+05 9.592174e+05 -6.871022e+06
-6.154830e+05 9.662342e+05 -6.870281e+06
-6.128704e+05 9.732500e+05 -6.869532e+06
-6.102572e+05 9.802646e+05 -6.868774e+06
-6.076432e+05 9.872782e+05 -6.868009e+06
-6.050285e+05 9.942906e+05 -6.867235e+06
-6.024131e+05 1.001302e+06 -6.866454e+06
-5.997970e+05 1.008312e+06 -6.865664e+06
-5.971802e+05 1.015321e+06 -6.864867e+06
-5.945627e+05 1.022329e+06 -6.864062e+06
-5.919445e+05 1.029335e+06 -6.863248e+06
-5.893256e+05 1.036341e+06 -6.862427e+06
-5.867060e+05 1.043345e+06 -6.861598e+06
-5.840857e+05 1.050348e+06 -6.860760e+06
-5.814648e+05 1.057350e+06 -6.859915e+06
-5.788432e+05 1.064351e+06 -6.859062e+06
-5.762209e+05 1.071351e+06 -6.858200e+06
-5.735979e+05 1.078349e+06 -6.857331e+06
-5.709742e+05 1.085346e+06 -6.856454e+06
-5.683499e+05 1.092342e+06 -6.855569e+06
-5.657249e+05 1.099336e+06 -6.854676e+06
-5.630993e+05 1.106330e+06 -6.853774e+06
-5.604730e+05 1.113322e+06 -6.852865e+06
-5.578460e+05 1.120313e+06 -6.851948e+06
-5.552184e+05 1.127302e+06 -6.851023e+06
-5.525902e+05 1.134290e+06 -6.850090e+06
-5.499613e+05 1.141277e+06 -6.849149e+06
-5.473317e+05 1.148263e+06 -6.848200e+06
-5.447015e+05 1.155247e+06 -6.847243e+06
-5.420707e+05 1.162230e+06 -6.846278e+06
-5.394392e+05 1.169212e+06 -6.845305e+06
-5.368071e+05 1.176192e+06 -6.844324e+06
-5.341744e+05 1.183171e+06 -6.843335e+06
-5.315411e+05 1.190149e+06 -6.842339e+06
-5.289071e+05 1.197125e+06 -6.841334e+06
-5.262725e+05 1.204100e+06 -6.840321e+06
-5.236373e+05 1.211074e+06 -6.839300e+06
-5.210015e+05 1.218046e+06 -6.838272e+06
-5.183650e+05 1.225017e+06 -6.837235e+06
-5.157280e+05 1.231986e+06 -6.836191e+06
-5.130904e+05 1.238954e+06 -6.835138e+06
-5.104521e+05 1.245921e+06 -6.834078e+06
-5.078133e+05 1.252886e+06 -6.833009e+06
-5.051738e+05 1.259850e+06 -6.831933e+06
-5.025338e+05 1.266812e+06 -6.830848e+06
-4.998932e+05 1.273773e+06 -6.829756e+06
-4.972520e+05 1.280732e+06 -6.828656e+06
-4.946102e+05 1.287690e+06 -6.827548e+06
-4.919678e+05 1.294647e+06 -6.826431e+06
-4.893249e+05 1.301602e+06 -6.825307e+06
-4.866813e+05 1.308555e+06 -6.824175e+06
-4.840372e+05 1.315507e+06 -6.823035e+06
-4.813926e+05 1.322458e+06 -6.821887e+06
-4.787474e+05 1.329407e+06 -6.820731e+06
-4.761016e+05 1.336354e+06 -6.819568e+06
-4.734552e+05 1.343300e+06 -6.818396e+06
-4.708083e+05 1.350245e+06 -6.817216e+06
-4.681609e+05 1.357188e+06 -6.816029e+06
-4.655129e+05 1.364129e+06 -6.814833e+06
-4.628643e+05 1.371069e+06 -6.813629e+06
-4.602152e+05 1.378007e+06 -6.812418e+06
-4.575656e+05 1.384944e+06 -6.811199e+06
-4.549154e+05 1.391879e+06 -6.809971e+06
-4.522647e+05 1.398812e+06 -6.808736e+06
-4.496134e+05 1.405744e+06 -6.807493e+06
-4.469617e+05 1.412674e+06 -6.806242e+06
-4.443094e+05 1.419603e+06 -6.804983e+06
-4.416565e+05 1.426530e+06 -6.803716e+06
-4.390032e+05 1.433455e+06 -6.802441e+06
-4.363493e+05 1.440379e+06 -6.801158e+06
-4.336950e+05 1.447301e+06 -6.799868e+06
-4.310401e+05 1.454222e+06 -6.798569e+06
-4.283847e+05 1.461141e+06 -6.797262e+06
-4.257288e+05 1.468058e+06 -6.795948e+06
-4.230724e+05 1.474973e+06 -6.794626e+06
-4.204155e+05 1.481887e+06 -6.793295e+06
-4.177581e+05 1.488799e+06 -6.791957e+06
-4.151003e+05 1.495709e+06 -6.790611e+06
-4.124419e+05 1.502618e+06 -6.789257e+06
-4.097830e+05 1.509525e+06 -6.787895e+06
-4.071237e+05 1.516430e+06 -6.786525e+06
-4.044639e+05 1.523334e+06 -6.785147e+06
-4.018036e+05 1.530236e+06 -6.783762e+06
-3.991428e+05 1.537136e+06 -6.782368e+06
-3.964816e+05 1.544034e+06 -6.780967e+06
-3.938199e+05 1.550930e+06 -6.779558e+06
-3.911577e+05 1.557825e+06 -6.778140e+06
-3.884951e+05 1.564718e+06 -6.776715e+06
-3.858320e+05 1.571609e+06 -6.775282e+06
-3.831684e+05 1.578498e+06 -6.773841e+06
-3.805044e+05 1.585386e+06 -6.772392e+06
-3.778400e+05 1.592272e+06 -6.770936e+06
-3.751751e+05 1.599156e+06 -6.769471e+06
-3.725097e+05 1.606038e+06 -6.767999e+06
-3.698440e+05 1.612918e+06 -6.766518e+06
-3.671777e+05 1.619796e+06 -6.765030e+06
-3.645111e+05 1.626673e+06 -6.763534e+06
-3.618440e+05 1.633548e+06 -6.762030e+06
-3.591765e+05 1.640420e+06 -6.760518e+06
-3.565086e+05 1.647291e+06 -6.758998e+06
-3.538402e+05 1.654161e+06 -6.757471e+06
-3.511714e+05 1.661028e+06 -6.755935e+06
-3.485022e+05 1.667893e+06 -6.754392e+06
-3.458326e+05 1.674756e+06 -6.752841e+06
-3.431626e+05 1.681618e+06 -6.751282e+06
-3.404922e+05 1.688477e+06 -6.749715e+06
-3.378214e+05 1.695335e+06 -6.748140e+06
-3.351502e+05 1.702191e+06 -6.746557e+06
-3.324785e+05 1.709044e+06 -6.744967e+06
-3.298065e+05 1.715896e+06 -6.743368e+06
-3.271341e+05 1.722746e+06 -6.741762e+06
-3.244613e+05 1.729594e+06 -6.740148e+06
-3.217881e+05 1.736439e+06 -6.738526e+06
-3.191146e+05 1.743283e+06 -6.736896e+06
-3.164406e+05 1.750125e+06 -6.735258e+06
-3.137663e+05 1.756965e+06 -6.733613e+06
-3.110916e+05 1.763803e+06 -6.731959e+06
-3.084166e+05 1.770639e+06 -6.730298e+06
-3.057411e+05 1.777472e+06 -6.728629e+06
-3.030654e+05 1.784304e+06 -6.726952e+06
-3.003892e+05 1.791134e+06 -6.725267e+06
-2.977127e+05 1.797962e+06 -6.723575e+06
-2.950358e+05 1.804787e+06 -6.721874e+06
-2.923586e+05 1.811611e+06 -6.720166e+06
-2.896811e+05 1.818432e+06 -6.718450e+06
-2.870031e+05 1.825252e+06 -6.716726e+06
-2.843249e+05 1.832069e+06 -6.714994e+06
-2.816463e+05 1.838884e+06 -6.713255e+06
-2.789674e+05 1.845697e+06 -6.711507e+06
-2.762881e+05 1.852508e+06 -6.709752e+06
-2.736085e+05 1.859317e+06 -6.707989e+06
-2.709286e+05 1.866124e+06 -6.706218e+06
-2.682484e+05 1.872928e+06 -6.704439e+06
-2.655678e+05 1.879731e+06 -6.702653e+06
-2.628870e+05 1.886531e+06 -6.700858e+06
-2.602058e+05 1.893329e+06 -6.699056e+06
-2.575243e+05 1.900125e+06 -6.697246e+06
-2.548425e+05 1.906919e+06 -6.695429e+06
-2.521603e+05 1.913711e+06 -6.693603e+06
-2.494779e+05 1.920500e+06 -6.691770e+06
-2.467952e+05 1.927287e+06 -6.689929e+06
-2.441122e+05 1.934072e+06 -6.688080e+06
-2.414289e+05 1.940855e+06 -6.686223e+06
-2.387453e+05 1.947636e+06 -6.684358e+06
-2.360614e+05 1.954414e+06 -6.682486e+06
-2.333773e+05 1.961190e+06 -6.680606e+06
-2.306928e+05 1.967964e+06 -6.678718e+06
-2.280081e+05 1.974736e+06 -6.676822e+06
-2.253231e+05 1.981505e+06 -6.674919e+06
-2.226378e+05 1.988272e+06 -6.673007e+06
-2.199523e+05 1.995037e+06 -6.671088e+06
-2.172665e+05 2.001799e+06 -6.669161e+06
-2.145804e+05 2.008559e+06 -6.667227e+06
-2.118941e+05 2.015317e+06 -6.665284e+06
-2.092075e+05 2.022073e+06 -6.663334e+06
-2.065207e+05 2.028826e+06 -6.661376e+06
-2.038336e+05 2.035577e+06 -6.659410e+06
-2.011463e+05 2.042326e+06 -6.657437e+06
-1.984587e+05 2.049072e+06 -6.655456e+06
-1.957709e+05 2.055816e+06 -6.653467e+06
-1.930829e+05 2.062558e+06 -6.651470e+06
-1.903946e+05 2.069297e+06 -6.649465e+06
-1.877061e+05 2.076034e+06 -6.647453e+06
-1.850174e+05 2.082768e+06 -6.645433e+06
-1.823284e+05 2.089500e+06 -6.643405e+06
-1.796392e+05 2.096230e+06 -6.641370e+06
-1.769498e+05 2.102957e+06 -6.639326e+06
-1.742602e+05 2.109682e+06 -6.637275e+06
-1.715704e+05 2.116404e+06 -6.635217e+06
-1.688803e+05 2.123124e+06 -6.633150e+06
-1.661901e+05 2.129842e+06 -6.631076e+06
-1.634996e+05 2.136557e+06 -6.628994e+06
-1.608090e+05 2.143270e+06 -6.626904e+06
-1.581181e+05 2.149980e+06 -6.624807e+06
-1.554271e+05 2.156688e+06 -6.622701e+06
-1.527359e+05 2.163393e+06 -6.620589e+06
-1.500444e+05 2.170096e+06 -6.618468e+06
-1.473528e+05 2.176796e+06 -6.616340e+06
-1.446610e+05 2.183494e+06 -6.614203e+06
-1.419691e+05 2.190189e+06 -6.612060e+06
-1.392769e+05 2.196882e+06 -6.609908e+06
-1.365846e+05 2.203572e+06 -6.607749e+06
-1.338922e+05 2.210260e+06 -6.605582e+06
-1.311995e+05 2.216945e+06 -6.603407e+06
-1.285067e+05 2.223628e+06 -6.601225e+06
-1.258137e+05 2.230308e+06 -6.599035e+06
-1.231206e+05 2.236986e+06 -6.596837e+06
-1.204273e+05 2.243661e+06 -6.594632e+06
-1.177339e+05 2.250333e+06 -6.592418e+06
-1.150403e+05 2.257003e+06 -6.590198e+06
-1.123466e+05 2.263670e+06 -6.587969e+06
-1.096527e+05 2.270335e+06 -6.585733e+06
-1.069587e+05 2.276997e+06 -6.583489e+06
-1.042646e+05 2.283656e+06 -6.581237e+06
-1.015703e+05 2.290313e+06 -6.578978e+06
-9.887594e+04 2.296967e+06 -6.576711e+06
-9.618142e+04 2.303619e+06 -6.574436e+06
-9.348678e+04 2.310268e+06 -6.572154e+06
-9.079202e+04 2.316914e+06 -6.569864e+06
-8.809714e+04 2.323557e+06 -6.567567e+06
-8.540215e+04 2.330198e+06 -6.565261e+06
-8.270704e+04 2.336837e+06 -6.562948e+06
-8.001184e+04 2.343472e+06 -6.560628e+06
-7.731652e+04 2.350105e+06 -6.558299e+06
-7.462111e+04 2.356735e+06 -6.555963e+06
-7.192560e+04 2.363363e+06 -6.553620e+06
-6.922999e+04 2.369987e+06 -6.551268e+06
-6.653430e+04 2.376610e+06 -6.548910e+06
-6.383851e+04 2.383229e+06 -6.546543e+06
-6.114264e+04 2.389845e+06 -6.544169e+06
-5.844669e+04 2.396459e+06 -6.541787e+06
-5.575066e+04 2.403070e+06 -6.539397e+06
-5.305455e+04 2.409679e+06 -6.537000e+06
-5.035837e+04 2.416284e+06 -6.534596e+06
-4.766212e+04 2.422887e+06 -6.532183e+06
-4.496580e+04 2.429487e+06 -6.529763e+06
-4.226942e+04 2.436084e+06 -6.527335e+06
-3.957299e+04 2.442678e+06 -6.524900e+06
-3.687649e+04 2.449270e+06 -6.522457e+06
-3.417994e+04 2.455859e+06 -6.520007e+06
-3.148334e+04 2.462445e+06 -6.517549e+06
-2.878669e+04 2.469028e+06 -6.515083e+06
-2.608999e+04 2.475608e+06 -6.512610e+06
-2.339325e+04 2.482186e+06 -6.510129e+06
-2.069648e+04 2.488760e+06 -6.507640e+06
-1.799967e+04 2.495332e+06 -6.505144e+06
-1.530283e+04 2.501901e+06 -6.502640e+06
-1.260596e+04 2.508467e+06 -6.500129e+06
-9.909058e+03 2.515030e+06 -6.497610e+06
-7.212138e+03 2.521590e+06 -6.495083e+06
-4.515197e+03 2.528147e+06 -6.492549e+06
-1.818240e+03 2.534702e+06 -6.490008e+06
8.787303e+02 2.541253e+06 -6.487458e+06
3.575711e+03 2.547802e+06 -6.484902e+06
6.272700e+03 2.554348e+06 -6.482337e+06
8.969693e+03 2.560890e+06 -6.479765e+06
1.166669e+04 2.567430e+06 -6.477186e+06
1.436368e+04 2.573967e+06 -6.474598e+06
1.706067e+04 2.580501e+06 -6.472004e+06
1.975764e+04 2.587032e+06 -6.469401e+06
2.245461e+04 2.593560e+06 -6.466792e+06
2.515156e+04 2.600085e+06 -6.464174e+06
2.784850e+04 2.606607e+06 -6.461549e+06
3.054541e+04 2.613125e+06 -6.458917e+06
3.324230e+04 2.619641e+06 -6.456277e+06
3.593917e+04 2.626154e+06 -6.453629e+06
3.863600e+04 2.632664e+06 -6.450974e+06
4.133280e+04 2.639171e+06 -6.448311e+06
4.402957e+04 2.645675e+06 -6.445641e+06
4.672629e+04 2.652176e+06 -6.442963e+06
4.942297e+04 2.658674e+06 -6.440278e+06
5.211961e+04 2.665168e+06 -6.437585e+06
5.481620e+04 2.671660e+06 -6.434885e+06
5.751274e+04 2.678148e+06 -6.432177e+06
6.020922e+04 2.684634e+06 -6.429462e+06
6.290564e+04 2.691116e+06 -6.426739e+06
6.560200e+04 2.697596e+06 -6.424009e+06
6.829830e+04 2.704072e+06 -6.421271e+06
7.099453e+04 2.710545e+06 -6.418525e+06
7.369069e+04 2.717015e+06 -6.415772e+06
7.638677e+04 2.723482e+06 -6.413012e+06
7.908278e+04 2.729946e+06 -6.410244e+06
8.177871e+04 2.736406e+06 -6.407469e+06
8.447456e+04 2.742863e+06 -6.404686e+06
8.717032e+04 2.749318e+06 -6.401895e+06
8.986599e+04 2.755769e+06 -6.399097e+06
9.256157e+04 2.762217e+06 -6.396292e+06
9.525705e+04 2.768662e+06 -6.393479e+06
9.795243e+04 2.775103e+06 -6.390659e+06
1.006477e+05 2.781541e+06 -6.387831e+06
1.033429e+05 2.787977e+06 -6.384996e+06
1.060380e+05 2.794409e+06 -6.382153e+06
1.087329e+05 2.800837e+06 -6.379303e+06
1.114278e+05 2.807263e+06 -6.376445e+06
1.141225e+05 2.813685e+06 -6.373580e+06
1.168171e+05 2.820104e+06 -6.370708e+06
1.195116e+05 2.826520e+06 -6.367828e+06
1.222059e+05 2.832933e+06 -6.364940e+06
1.249002e+05 2.839342e+06 -6.362046e+06
1.275943e+05 2.845748e+06 -6.359143e+06
1.302882e+05 2.852151e+06 -6.356233e+06
1.329820e+05 2.858550e+06 -6.353316e+06
1.356757e+05 2.864946e+06 -6.350392e+06
1.383692e+05 2.871339e+06 -6.347460e+06
1.410626e+05 2.877729e+06 -6.344520e+06
1.437558e+05 2.884115e+06 -6.341573e+06
1.464489e+05 2.890498e+06 -6.338619e+06
1.491418e+05 2.896878e+06 -6.335657e+06
1.518346e+05 2.903254e+06 -6.332688e+06
1.545272e+05 2.909627e+06 -6.329711e+06
1.572196e+05 2.915996e+06 -6.326727e+06
1.599119e+05 2.922363e+06 -6.323736e+06
1.626039e+05 2.928725e+06 -6.320737e+06
1.652958e+05 2.935085e+06 -6.317731e+06
1.679876e+05 2.941441e+06 -6.314718e+06
1.706791e+05 2.947794e+06 -6.311697e+06
1.733705e+05 2.954143e+06 -6.308668e+06
1.760616e+05 2.960489e+06 -6.305633e+06
1.787526e+05 2.966831e+06 -6.302589e+06
1.814434e+05 2.973170e+06 -6.299539e+06
1.841340e+05 2.979506e+06 -6.296481e+06
1.868243e+05 2.985838e+06 -6.293416e+06
1.895145e+05 2.992167e+06 -6.290343e+06
1.922045e+05 2.998492e+06 -6.287263e+06
1.948942e+05 3.004814e+06 -6.284176e+06
1.975838e+05 3.011133e+06 -6.281082e+06
2.002731e+05 3.017448e+06 -6.277980e+06
2.029622e+05 3.023759e+06 -6.274870e+06
2.056511e+05 3.030067e+06 -6.271753e+06
2.083397e+05 3.036372e+06 -6.268629e+06
2.110282e+05 3.042673e+06 -6.265498e+06
2.137164e+05 3.048970e+06 -6.262359e+06
2.164043e+05 3.055264e+06 -6.259213e+06
2.190920e+05 3.061555e+06 -6.256060e+06
2.217795e+05 3.067841e+06 -6.252899e+06
2.244667e+05 3.074125e+06 -6.249731e+06
2.271537e+05 3.080405e+06 -6.246556e+06
2.298404e+05 3.086681e+06 -6.243373e+06
2.325269e+05 3.092954e+06 -6.240183e+06
2.352131e+05 3.099223e+06 -6.236986e+06
2.378991e+05 3.105489e+06 -6.233782e+06
2.405848e+05 3.111751e+06 -6.230570e+06
2.432702e+05 3.118009e+06 -6.227350e+06
2.459553e+05 3.124264e+06 -6.224124e+06
2.486402e+05 3.130515e+06 -6.220890e+06
2.513248e+05 3.136763e+06 -6.217649e+06
2.540091e+05 3.143007e+06 -6.214401e+06
2.566932e+05 3.149247e+06 -6.211145e+06
2.593769e+05 3.155484e+06 -6.207883e+06
2.620604e+05 3.161717e+06 -6.204612e+06
2.647436e+05 3.167946e+06 -6.201335e+06
2.674265e+05 3.174172e+06 -6.198050e+06
2.701090e+05 3.180394e+06 -6.194758e+06
2.727913e+05 3.186613e+06 -6.191459e+06
2.754733e+05 3.192828e+06 -6.188153e+06
2.781550e+05 3.199039e+06 -6.184839e+06
2.808363e+05 3.205246e+06 -6.181518e+06
2.835174e+05 3.211450e+06 -6.178190e+06
2.861981e+05 3.217650e+06 -6.174855e+06
2.888785e+05 3.223846e+06 -6.171512e+06
2.915586e+05 3.230039e+06 -6.168162e+06
2.942383e+05 3.236228e+06 -6.164805e+06
2.969177e+05 3.242413e+06 -6.161441e+06
2.995968e+05 3.248594e+06 -6.158069e+06
3.022756e+05 3.254772e+06 -6.154691e+06
3.049540e+05 3.260946e+06 -6.151305e+06
3.076321e+05 3.267116e+06 -6.147911e+06
3.103098e+05 3.273282e+06 -6.144511e+06
3.129872e+05 3.279445e+06 -6.141103e+06
3.156642e+05 3.285603e+06 -6.137689e+06
3.183409e+05 3.291758e+06 -6.134267e+06
3.210172e+05 3.297910e+06 -6.130838e+06
3.236932e+05 3.304057e+06 -6.127401e+06
3.263688e+05 3.310201e+06 -6.123958e+06
3.290440e+05 3.316340e+06 -6.120507e+06
3.317189e+05 3.322476e+06 -6.117049e+06
3.343933e+05 3.328608e+06 -6.113584e+06
3.370675e+05 3.334737e+06 -6.110112e+06
3.397412e+05 3.340861e+06 -6.106633e+06
3.424145e+05 3.346982e+06 -6.103146e+06
3.450875e+05 3.353098e+06 -6.099652e+06
3.477601e+05 3.359211e+06 -6.096152e+06
3.504322e+05 3.365320e+06 -6.092644e+06
3.531040e+05 3.371425e+06 -6.089128e+06
3.557754e+05 3.377526e+06 -6.085606e+06
3.584464e+05 3.383623e+06 -6.082077e+06
3.611170e+05 3.389717e+06 -6.078540e+06
3.637872e+05 3.395806e+06 -6.074997e+06
3.664569e+05 3.401892e+06 -6.071446e+06
3.691263e+05 3.407973e+06 -6.067888e+06
3.717952e+05 3.414051e+06 -6.064323e+06
3.744637e+05 3.420125e+06 -6.060751e+06
3.771318e+05 3.426194e+06 -6.057172e+06
3.797995e+05 3.432260e+06 -6.053585e+06
3.824667e+05 3.438322e+06 -6.049992e+06
3.851335e+05 3.444380e+06 -6.046391e+06
3.877999e+05 3.450434e+06 -6.042784e+06
3.904658e+05 3.456483e+06 -6.039169e+06
3.931313e+05 3.462529e+06 -6.035547e+06
3.957964e+05 3.468571e+06 -6.031918e+06
3.984609e+05 3.474609e+06 -6.028282e+06
4.011251e+05 3.480643e+06 -6.024639e+06
4.037888e+05 3.486673e+06 -6.020989e+06
4.064520e+05 3.492699e+06 -6.017332e+06
4.091148e+05 3.498720e+06 -6.013668e+06
4.117771e+05 3.504738e+06 -6.009997e+06
4.144389e+05 3.510752e+06 -6.006318e+06
4.171003e+05 3.516761e+06 -6.002633e+06
4.197612e+05 3.522767e+06 -5.998941e+06
4.224216e+05 3.528769e+06 -5.995241e+06
4.250816e+05 3.534766e+06 -5.991535e+06
4.277411e+05 3.540759e+06 -5.987821e+06
4.304000e+05 3.546748e+06 -5.984101e+06
4.330585e+05 3.552734e+06 -5.980373e+06
4.357165e+05 3.558715e+06 -5.976639e+06
4.383740e+05 3.564692e+06 -5.972897e+06
4.410310e+05 3.570664e+06 -5.969149e+06
4.436875e+05 3.576633e+06 -5.965393e+06
4.463436e+05 3.582597e+06 -5.961630e+06
4.489990e+05 3.588558e+06 -5.957861e+06
4.516540e+05 3.594514e+06 -5.954084e+06
4.543085e+05 3.600466e+06 -5.950301e+06
4.569625e+05 3.606414e+06 -5.946510e+06
4.596159e+05 3.612358e+06 -5.942713e+06
4.622688e+05 3.618297e+06 -5.938908e+06
4.649212e+05 3.624233e+06 -5.935097e+06
4.675731e+05 3.630164e+06 -5.931278e+06
4.702244e+05 3.636091e+06 -5.927453e+06
4.728752e+05 3.642014e+06 -5.923620e+06
4.755255e+05 3.647932e+06 -5.919781e+06
4.781752e+05 3.653847e+06 -5.915935e+06
4.808244e+05 3.659757e+06 -5.912082e+06
4.834730e+05 3.665663e+06 -5.908221e+06
4.861211e+05 3.671564e+06 -5.904354e+06
4.887686e+05 3.677462e+06 -5.900480e+06
4.914155e+05 3.683355e+06 -5.896599e+06
4.940619e+05 3.689244e+06 -5.892712e+06
4.967078e+05 3.695128e+06 -5.888817e+06
4.993531e+05 3.701009e+06 -5.884915e+06
5.019978e+05 3.706885e+06 -5.881006e+06
5.046419e+05 3.712756e+06 -5.877091e+06
5.072855e+05 3.718624e+06 -5.873169e+06
5.099285e+05 3.724487e+06 -5.869239e+06
5.125709e+05 3.730346e+06 -5.865303e+06
5.152127e+05 3.736201e+06 -5.861360e+06
5.178539e+05 3.742051e+06 -5.857410e+06
5.204946e+05 3.747897e+06 -5.853453e+06
5.231346e+05 3.753738e+06 -5.849489e+06
5.257741e+05 3.759575e+06 -5.845519e+06
5.284129e+05 3.765408e+06 -5.841541e+06
5.310512e+05 3.771237e+06 -5.837557e+06
5.336888e+05 3.777061e+06 -5.833566e+06
5.363258e+05 3.782881e+06 -5.829568e+06
5.389623e+05 3.788696e+06 -5.825563e+06
5.415981e+05 3.794507e+06 -5.821551e+06
5.442333e+05 3.800314e+06 -5.817532e+06
5.468678e+05 3.806116e+06 -5.813507e+06
5.495018e+05 3.811913e+06 -5.809475e+06
5.521351e+05 3.817707e+06 -5.805436e+06
5.547678e+05 3.823496e+06 -5.801390e+06
5.573998e+05 3.829280e+06 -5.797337e+06
5.600312e+05 3.835060e+06 -5.793277e+06
5.626620e+05 3.840836e+06 -5.789211e+06
5.652921e+05 3.846607e+06 -5.785138e+06
5.679216e+05 3.852374e+06 -5.781058e+06
5.705505e+05 3.858136e+06 -5.776971e+06
5.731786e+05 3.863894e+06 -5.772878e+06
5.758062e+05 3.869647e+06 -5.768777e+06
5.784330e+05 3.875396e+06 -5.764670e+06
5.810593e+05 3.881141e+06 -5.760557e+06
5.836848e+05 3.886880e+06 -5.756436e+06
5.863097e+05 3.892616e+06 -5.752309e+06
5.889339e+05 3.898347e+06 -5.748174e+06
5.915574e+05 3.904073e+06 -5.744033e+06
5.941803e+05 3.909795e+06 -5.739886e+06
5.968025e+05 3.915512e+06 -5.735731e+06
5.994239e+05 3.921225e+06 -5.731570e+06
6.020448e+05 3.926933e+06 -5.727402e+06
6.046649e+05 3.932637e+06 -5.723228e+06
6.072843e+05 3.938336e+06 -5.719046e+06
6.099030e+05 3.944030e+06 -5.714858e+06
6.125211e+05 3.949720e+06 -5.710663e+06
6.151384e+05 3.955406e+06 -5.706462e+06
6.177550e+05 3.961086e+06 -5.702254e+06
6.203709e+05 3.966763e+06 -5.698039e+06
6.229861e+05 3.972434e+06 -5.693817e+06
6.256006e+05 3.978101e+06 -5.689589e+06
6.282144e+05 3.983764e+06 -5.685354e+06
6.308275e+05 3.989421e+06 -5.681112e+06
6.334398e+05 3.995075e+06 -5.676864e+06
6.360514e+05 4.000723e+06 -5.672609e+06
6.386623e+05 4.006367e+06 -5.668347e+06
6.412725e+05 4.012006e+06 -5.664078e+06
6.438819e+05 4.017641e+06 -5.659803e+06
6.464905e+05 4.023271e+06 -5.655522e+06
6.490985e+05 4.028896e+06 -5.651233e+06
6.517057e+05 4.034516e+06 -5.646938e+06
6.543121e+05 4.040132e+06 -5.642636e+06
6.569178e+05 4.045744e+06 -5.638328e+06
6.595227e+05 4.051350e+06 -5.634013e+06
6.621269e+05 4.056952e+06 -5.629692e+06
6.647303e+05 4.062549e+06 -5.625363e+06
6.673330e+05 4.068141e+06 -5.621029e+06
6.699349e+05 4.073729e+06 -5.616687e+06
6.725360e+05 4.079312e+06 -5.612339e+06
6.751364e+05 4.084890e+06 -5.607985e+06
6.777359e+05 4.090464e+06 -5.603623e+06
6.803347e+05 4.096033e+06 -5.599255e+06
6.829328e+05 4.101597e+06 -5.594881e+06
6.855300e+05 4.107156e+06 -5.590500e+06
6.881264e+05 4.112710e+06 -5.586112e+06
6.907221e+05 4.118260e+06 -5.581718e+06
6.933170e+05 4.123805e+06 -5.577318e+06
6.959110e+05 4.129345e+06 -5.572910e+06
6.985043e+05 4.134880e+06 -5.568496e+06
7.010968e+05 4.140411e+06 -5.564076e+06
7.036884e+05 4.145937e+06 -5.559649e+06
7.062793e+05 4.151458e+06 -5.555215e+06
7.088693e+05 4.156974e+06 -5.550775e+06
7.114585e+05 4.162485e+06 -5.546329e+06
7.140470e+05 4.167991e+06 -5.541876e+06
7.166345e+05 4.173493e+06 -5.537416e+06
7.192213e+05 4.178990e+06 -5.532950e+06
7.218072e+05 4.184482e+06 -5.528477e+06
7.243923e+05 4.189969e+06 -5.523998e+06
7.269766e+05 4.195451e+06 -5.519512e+06
7.295601e+05 4.200928e+06 -5.515020e+06
7.321426e+05 4.206401e+06 -5.510522e+06
7.347244e+05 4.211868e+06 -5.506016e+06
7.373053e+05 4.217331e+06 -5.501505e+06
7.398854e+05 4.222789e+06 -5.496987e+06
7.424646e+05 4.228242e+06 -5.492462e+06
7.450429e+05 4.233690e+06 -5.487931e+06
7.476204e+05 4.239133e+06 -5.483393e+06
7.501971e+05 4.244571e+06 -5.478849e+06
7.527729e+05 4.250004e+06 -5.474299e+06
7.553478e+05 4.255432e+06 -5.469742e+06
7.579218e+05 4.260856e+06 -5.465179e+06
7.604950e+05 4.266274e+06 -5.460609e+06
7.630673e+05 4.271687e+06 -5.456033e+06
7.656387e+05 4.277096e+06 -5.451450e+06
7.682092e+05 4.282499e+06 -5.446861e+06
7.707789e+05 4.287898e+06 -5.442266e+06
7.733476e+05 4.293291e+06 -5.437664e+06
7.759155e+05 4.298680e+06 -5.433055e+06
7.784825e+05 4.304063e+06 -5.428441e+06
7.810486e+05 4.309442e+06 -5.423820e+06
7.836137e+05 4.314815e+06 -5.419192e+06
7.861780e+05 4.320184e+06 -5.414558e+06
7.887414e+05 4.325548e+06 -5.409918e+06
7.913038e+05 4.330906e+06 -5.405272e+06
7.938654e+05 4.336259e+06 -5.400619e+06
7.964260e+05 4.341608e+06 -5.395959e+06
7.989858e+05 4.346951e+06 -5.391293e+06
8.015445e+05 4.352290e+06 -5.386621e+06
8.041024e+05 4.357623e+06 -5.381943e+06
8.066594e+05 4.362951e+06 -5.377258e+06
8.092154e+05 4.368274e+06 -5.372567e+06
8.117705e+05 4.373592e+06 -5.367870e+06
8.143246e+05 4.378905e+06 -5.363166e+06
8.168778e+05 4.384213e+06 -5.358456e+06
8.194301e+05 4.389516e+06 -5.353739e+06
8.219814e+05 4.394813e+06 -5.349017e+06
8.245318e+05 4.400106e+06 -5.344288e+06
8.270812e+05 4.405393e+06 -5.339552e+06
8.296297e+05 4.410676e+06 -5.334811e+06
8.321772e+05 4.415953e+06 -5.330063e+06
8.347237e+05 4.421225e+06 -5.325309e+06
8.372693e+05 4.426492e+06 -5.320548e+06
8.398139e+05 4.431754e+06 -5.315782e+06
8.423576e+05 4.437010e+06 -5.311009e+06
8.449003e+05 4.442262e+06 -5.306229e+06
8.474420e+05 4.447508e+06 -5.301444e+06
8.499827e+05 4.452749e+06 -5.296652e+06
8.525225e+05 4.457985e+06 -5.291854e+06
8.550612e+05 4.463216e+06 -5.287050e+06
8.575990e+05 4.468441e+06 -5.282239e+06
8.601358e+05 4.473662e+06 -5.277423e+06
8.626716e+05 4.478877e+06 -5.272600e+06
8.652064e+05 4.484087e+06 -5.267770e+06
8.677402e+05 4.489291e+06 -5.262935e+06
8.702730e+05 4.494491e+06 -5.258094e+06
8.728047e+05 4.499685e+06 -5.253246e+06
8.753355e+05 4.504874e+06 -5.248392e+06
8.778653e+05 4.510058e+06 -5.243532e+06
8.803940e+05 4.515237e+06 -5.238665e+06
8.829218e+05 4.520410e+06 -5.233793e+06
8.854485e+05 4.525578e+06 -5.228914e+06
8.879742e+05 4.530741e+06 -5.224029e+06
8.904989e+05 4.535898e+06 -5.219138e+06
8.930225e+05 4.541050e+06 -5.214241e+06
8.955451e+05 4.546197e+06 -5.209337e+06
8.980667e+05 4.551339e+06 -5.204428e+06
9.005872e+05 4.556475e+06 -5.199512e+06
9.031067e+05 4.561606e+06 -5.194591e+06
9.056252e+05 4.566732e+06 -5.189663e+06
9.081426e+05 4.571852e+06 -5.184729e+06
9.106589e+05 4.576968e+06 -5.179788e+06
9.131742e+05 4.582077e+06 -5.174842e+06
9.156885e+05 4.587182e+06 -5.169890e+06
9.182016e+05 4.592281e+06 -5.164931e+06
9.207138e+05 4.597375e+06 -5.159967e+06
9.232248e+05 4.602463e+06 -5.154996e+06
9.257348e+05 4.607546e+06 -5.150019e+06
9.282437e+05 4.612624e+06 -5.145036e+06
9.307516e+05 4.617696e+06 -5.140048e+06
9.332583e+05 4.622763e+06 -5.135053e+06
9.357640e+05 4.627824e+06 -5.130052e+06
9.382686e+05 4.632880e+06 -5.125045e+06
9.407722e+05 4.637931e+06 -5.120031e+06
9.432746e+05 4.642977e+06 -5.115012e+06
9.457759e+05 4.648017e+06 -5.109987e+06
9.482762e+05 4.653051e+06 -5.104956e+06
9.507753e+05 4.658080e+06 -5.099918e+06
9.532734e+05 4.663104e+06 -5.094875e+06
9.557703e+05 4.668122e+06 -5.089826e+06
9.582662e+05 4.673135e+06 -5.084770e+06
9.607609e+05 4.678142e+06 -5.079709e+06
9.632545e+05 4.683144e+06 -5.074642e+06
9.657470e+05 4.688141e+06 -5.069568e+06
9.682384e+05 4.693132e+06 -5.064489e+06
9.707286e+05 4.698117e+06 -5.059404e+06
9.732178e+05 4.703097e+06 -5.054313e+06
9.757058e+05 4.708072e+06 -5.049215e+06
9.781927e+05 4.713041e+06 -5.044112e+06
9.806784e+05 4.718004e+06 -5.039003e+06
9.831630e+05 4.722963e+06 -5.033888e+06
9.856465e+05 4.727915e+06 -5.028767e+06
9.881288e+05 4.732862e+06 -5.023640e+06
9.906100e+05 4.737804e+06 -5.018507e+06
9.930901e+05 4.742740e+06 -5.013368e+06
9.955689e+05 4.747670e+06 -5.008223e+06
9.980467e+05 4.752595e+06 -5.003073e+06
1.000523e+06 4.757515e+06 -4.997916e+06
1.002999e+06 4.762429e+06 -4.992753e+06
1.005473e+06 4.767337e+06 -4.987585e+06
1.007946e+06 4.772240e+06 -4.982411e+06
1.010418e+06 4.777137e+06 -4.977230e+06
1.012889e+06 4.782029e+06 -4.972044e+06
1.015358e+06 4.786915e+06 -4.966852e+06
1.017827e+06 4.791795e+06 -4.961655e+06
1.020294e+06 4.796670e+06 -4.956451e+06
1.022760e+06 4.801539e+06 -4.951241e+06
1.025225e+06 4.806403e+06 -4.946026e+06
1.027688e+06 4.811261e+06 -4.940805e+06
1.030151e+06 4.816114e+06 -4.935578e+06
1.032612e+06 4.820961e+06 -4.930345e+06
1.035072e+06 4.825802e+06 -4.925106e+06
1.037531e+06 4.830637e+06 -4.919861e+06
1.039989e+06 4.835467e+06 -4.914611e+06
1.042445e+06 4.840292e+06 -4.909355e+06
1.044900e+06 4.845111e+06 -4.904093e+06
1.047355e+06 4.849924e+06 -4.898825e+06
1.049807e+06 4.854731e+06 -4.893551e+06
1.052259e+06 4.859533e+06 -4.888272e+06
1.054709e+06 4.864329e+06 -4.882987e+06
1.057158e+06 4.869119e+06 -4.877696e+06
1.059606e+06 4.873904e+06 -4.872399e+06
1.062053e+06 4.878683e+06 -4.867097e+06
1.064499e+06 4.883456e+06 -4.861789e+06
1.066943e+06 4.888224e+06 -4.856475e+06
1.069386e+06 4.892986e+06 -4.851155e+06
1.071828e+06 4.897742e+06 -4.845830e+06
1.074268e+06 4.902493e+06 -4.840498e+06
1.076707e+06 4.907237e+06 -4.835162e+06
1.079145e+06 4.911976e+06 -4.829819e+06
1.081582e+06 4.916710e+06 -4.824471e+06
1.084018e+06 4.921437e+06 -4.819117e+06
1.086452e+06 4.926159e+06 -4.813757e+06
1.088885e+06 4.930875e+06 -4.808391e+06
1.091317e+06 4.935586e+06 -4.803020e+06
1.093747e+06 4.940290e+06 -4.797644e+06
1.096176e+06 4.944989e+06 -4.792261e+06
1.098604e+06 4.949682e+06 -4.786873e+06
1.101031e+06 4.954369e+06 -4.781479e+06
1.103456e+06 4.959051e+06 -4.776080e+06
1.105880e+06 4.963726e+06 -4.770675e+06
1.108303e+06 4.968396e+06 -4.765264e+06
1.110725e+06 4.973060e+06 -4.759847e+06
1.113145e+06 4.977719e+06 -4.754425e+06
1.115564e+06 4.982371e+06 -4.748998e+06
1.117981e+06 4.987018e+06 -4.743565e+06
1.120398e+06 4.991658e+06 -4.738126e+06
1.122813e+06 4.996293e+06 -4.732681e+06
1.125226e+06 5.000923e+06 -4.727231e+06
1.127639e+06 5.005546e+06 -4.721775e+06
1.130050e+06 5.010163e+06 -4.716314e+06
1.132460e+06 5.014775e+06 -4.710847e+06
1.134868e+06 5.019381e+06 -4.705375e+06
1.137275e+06 5.023981e+06 -4.699897e+06
1.139681e+06 5.028575e+06 -4.694413e+06
1.142086e+06 5.033163e+06 -4.688924e+06
1.144489e+06 5.037745e+06 -4.683430e+06
1.146891e+06 5.042322e+06 -4.677929e+06
1.149291e+06 5.046892e+06 -4.672424e+06
1.151690e+06 5.051457e+06 -4.666912e+06
1.154088e+06 5.056015e+06 -4.661396e+06
1.156484e+06 5.060568e+06 -4.655873e+06
1.158880e+06 5.065115e+06 -4.650345e+06
1.161273e+06 5.069656e+06 -4.644812e+06
1.163666e+06 5.074191e+06 -4.639273e+06
1.166057e+06 5.078720e+06 -4.633729e+06
1.168447e+06 5.083243e+06 -4.628179e+06
1.170835e+06 5.087760e+06 -4.622624e+06
1.173222e+06 5.092272e+06 -4.617063e+06
1.175608e+06 5.096777e+06 -4.611497e+06
1.177992e+06 5.101276e+06 -4.605925e+06
1.180375e+06 5.105770e+06 -4.600348e+06
1.182756e+06 5.110257e+06 -4.594765e+06
1.185137e+06 5.114739e+06 -4.589177e+06
1.187515e+06 5.119214e+06 -4.583584e+06
1.189893e+06 5.123684e+06 -4.577985e+06
1.192269e+06 5.128147e+06 -4.572381e+06
1.194643e+06 5.132605e+06 -4.566771e+06
1.197017e+06 5.137056e+06 -4.561156e+06
1.199388e+06 5.141502e+06 -4.555535e+06
1.201759e+06 5.145941e+06 -4.549909e+06
1.204128e+06 5.150375e+06 -4.544278e+06
1.206495e+06 5.154802e+06 -4.538641e+06
1.208862e+06 5.159224e+06 -4.532999e+06
1.211226e+06 5.163639e+06 -4.527352e+06
1.213590e+06 5.168048e+06 -4.521699e+06
1.215952e+06 5.172452e+06 -4.516041e+06
1.218312e+06 5.176849e+06 -4.510377e+06
1.220672e+06 5.181240e+06 -4.504708e+06
1.223029e+06 5.185625e+06 -4.499034e+06
1.225386e+06 5.190004e+06 -4.493355e+06
1.227741e+06 5.194377e+06 -4.487670e+06
1.230094e+06 5.198744e+06 -4.481980e+06
1.232446e+06 5.203105e+06 -4.476284e+06
1.234797e+06 5.207460e+06 -4.470583e+06
1.237146e+06 5.211809e+06 -4.464877e+06
1.239493e+06 5.216151e+06 -4.459166e+06
1.241840e+06 5.220488e+06 -4.453449e+06
1.244185e+06 5.224818e+06 -4.447727e+06
1.246528e+06 5.229142e+06 -4.442000e+06
1.248870e+06 5.233460e+06 -4.436268e+06
1.251210e+06 5.237772e+06 -4.430530e+06
1.253549e+06 5.242078e+06 -4.424787e+06
1.255887e+06 5.246378e+06 -4.419039e+06
1.258223e+06 5.250672e+06 -4.413285e+06
1.260557e+06 5.254959e+06 -4.407526e+06
1.262891e+06 5.259240e+06 -4.401762e+06
1.265222e+06 5.263516e+06 -4.395993e+06
1.267552e+06 5.267785e+06 -4.390219e+06
1.269881e+06 5.272047e+06 -4.384439e+06
1.272208e+06 5.276304e+06 -4.378655e+06
1.274534e+06 5.280555e+06 -4.372865e+06
1.276858e+06 5.284799e+06 -4.367070e+06
1.279181e+06 5.289037e+06 -4.361269e+06
1.281502e+06 5.293269e+06 -4.355464e+06
1.283822e+06 5.297495e+06 -4.349653e+06
1.286140e+06 5.301714e+06 -4.343837e+06
1.288457e+06 5.305927e+06 -4.338016e+06
1.290772e+06 5.310135e+06 -4.332190e+06
1.293086e+06 5.314335e+06 -4.326359e+06
1.295399e+06 5.318530e+06 -4.320523e+06
1.297709e+06 5.322719e+06 -4.314681e+06
1.300019e+06 5.326901e+06 -4.308834e+06
1.302326e+06 5.331077e+06 -4.302983e+06
1.304632e+06 5.335246e+06 -4.297126e+06
1.306937e+06 5.339410e+06 -4.291264e+06
1.309240e+06 5.343567e+06 -4.285397e+06
1.311542e+06 5.347718e+06 -4.279525e+06
1.313842e+06 5.351863e+06 -4.273648e+06
1.316141e+06 5.356001e+06 -4.267765e+06
1.318438e+06 5.360133e+06 -4.261878e+06
1.320733e+06 5.364259e+06 -4.255986e+06
1.323027e+06 5.368379e+06 -4.250088e+06
1.325319e+06 5.372492e+06 -4.244186e+06
1.327610e+06 5.376599e+06 -4.238278e+06
1.329899e+06 5.380700e+06 -4.232366e+06
1.332187e+06 5.384794e+06 -4.226448e+06
1.334473e+06 5.388882e+06 -4.220526e+06
1.336758e+06 5.392964e+06 -4.214598e+06
1.339041e+06 5.397040e+06 -4.208666e+06
1.341323e+06 5.401109e+06 -4.202728e+06
1.343603e+06 5.405172e+06 -4.196786e+06
1.345881e+06 5.409228e+06 -4.190838e+06
1.348158e+06 5.413278e+06 -4.184886e+06
1.350433e+06 5.417322e+06 -4.178928e+06
1.352707e+06 5.421359e+06 -4.172966e+06
1.354979e+06 5.425390e+06 -4.166998e+06
1.357249e+06 5.429415e+06 -4.161026e+06
1.359518e+06 5.433434e+06 -4.155049e+06
1.361785e+06 5.437446e+06 -4.149067e+06
1.364051e+06 5.441451e+06 -4.143080e+06
1.366315e+06 5.445450e+06 -4.137088e+06
1.368578e+06 5.449443e+06 -4.131091e+06
1.370839e+06 5.453430e+06 -4.125089e+06
1.373098e+06 5.457410e+06 -4.119082e+06
1.375356e+06 5.461384e+06 -4.113070e+06
1.377612e+06 5.465351e+06 -4.107054e+06
1.379866e+06 5.469312e+06 -4.101033e+06
1.382119e+06 5.473266e+06 -4.095006e+06
1.384370e+06 5.477214e+06 -4.088975e+06
1.386620e+06 5.481156e+06 -4.082939e+06
1.388868e+06 5.485091e+06 -4.076898e+06
1.391115e+06 5.489020e+06 -4.070853e+06
1.393359e+06 5.492942e+06 -4.064802e+06
1.395602e+06 5.496858e+06 -4.058747e+06
1.397844e+06 5.500767e+06 -4.052687e+06
1.400084e+06 5.504670e+06 -4.046622e+06
1.402322e+06 5.508567e+06 -4.040552e+06
1.404559e+06 5.512457e+06 -4.034478e+06
1.406794e+06 5.516341e+06 -4.028398e+06
1.409027e+06 5.520218e+06 -4.022314e+06
1.411259e+06 5.524088e+06 -4.016225e+06
1.413489e+06 5.527952e+06 -4.010132e+06
1.415717e+06 5.531810e+06 -4.004033e+06
1.417944e+06 5.535661e+06 -3.997930e+06
1.420169e+06 5.539506e+06 -3.991822e+06
1.422392e+06 5.543344e+06 -3.985709e+06
1.424614e+06 5.547176e+06 -3.979592e+06
1.426834e+06 5.551001e+06 -3.973470e+06
1.429052e+06 5.554820e+06 -3.967343e+06
1.431269e+06 5.558632e+06 -3.961211e+06
1.433484e+06 5.562438e+06 -3.955075e+06
1.435697e+06 5.566237e+06 -3.948934e+06
1.437909e+06 5.570029e+06 -3.942788e+06
1.440119e+06 5.573815e+06 -3.936638e+06
1.442327e+06 5.577595e+06 -3.930483e+06
1.444534e+06 5.581368e+06 -3.924323e+06
1.446739e+06 5.585134e+06 -3.918159e+06
1.448942e+06 5.588894e+06 -3.911990e+06
1.451144e+06 5.592647e+06 -3.905816e+06
1.453344e+06 5.596394e+06 -3.899638e+06
1.455542e+06 5.600134e+06 -3.893455e+06
1.457738e+06 5.603868e+06 -3.887268e+06
1.459933e+06 5.607595e+06 -3.881075e+06
1.462126e+06 5.611315e+06 -3.874879e+06
1.464317e+06 5.615029e+06 -3.868677e+06
1.466507e+06 5.618736e+06 -3.862471e+06
1.468695e+06 5.622437e+06 -3.856261e+06
1.470881e+06 5.626131e+06 -3.850045e+06
1.473065e+06 5.629819e+06 -3.843826e+06
1.475248e+06 5.633499e+06 -3.837601e+06
1.477429e+06 5.637174e+06 -3.831373e+06
1.479608e+06 5.640841e+06 -3.825139e+06
1.481786e+06 5.644502e+06 -3.818901e+06
1.483962e+06 5.648157e+06 -3.812659e+06
1.486136e+06 5.651804e+06 -3.806412e+06
1.488308e+06 5.655445e+06 -3.800160e+06
1.490479e+06 5.659080e+06 -3.793904e+06
1.492647e+06 5.662708e+06 -3.787643e+06
1.494815e+06 5.666329e+06 -3.781378e+06
1.496980e+06 5.669943e+06 -3.775109e+06
1.499143e+06 5.673551e+06 -3.768835e+06
1.501305e+06 5.677152e+06 -3.762556e+06
1.503465e+06 5.680747e+06 -3.756273e+06
1.505624e+06 5.684334e+06 -3.749986e+06
1.507780e+06 5.687916e+06 -3.743694e+06
1.509935e+06 5.691490e+06 -3.737397e+06
1.512088e+06 5.695058e+06 -3.731096e+06
1.514239e+06 5.698619e+06 -3.724791e+06
1.516388e+06 5.702173e+06 -3.718481e+06
1.518536e+06 5.705721e+06 -3.712167e+06
1.520682e+06 5.709262e+06 -3.705849e+06
1.522826e+06 5.712796e+06 -3.699526e+06
1.524968e+06 5.716324e+06 -3.693198e+06
1.527109e+06 5.719845e+06 -3.686867e+06
1.529248e+06 5.723359e+06 -3.680530e+06
1.531385e+06 5.726866e+06 -3.674190e+06
1.533520e+06 5.730367e+06 -3.667845e+06
1.535653e+06 5.733861e+06 -3.661496e+06
1.537785e+06 5.737348e+06 -3.655142e+06
1.539914e+06 5.740828e+06 -3.648784e+06
1.542042e+06 5.744302e+06 -3.642422e+06
1.544168e+06 5.747769e+06 -3.636055e+06
1.546293e+06 5.751229e+06 -3.629684e+06
1.548415e+06 5.754683e+06 -3.623309e+06
1.550536e+06 5.758129e+06 -3.616930e+06
1.552655e+06 5.761569e+06 -3.610546e+06
1.554772e+06 5.765002e+06 -3.604158e+06
1.556887e+06 5.768429e+06 -3.597765e+06
1.559001e+06 5.771848e+06 -3.591368e+06
1.561112e+06 5.775261e+06 -3.584967e+06
1.563222e+06 5.778667e+06 -3.578562e+06
1.565330e+06 5.782066e+06 -3.572153e+06
1.567436e+06 5.785459e+06 -3.565739e+06
1.569540e+06 5.788844e+06 -3.559321e+06
1.571642e+06 5.792223e+06 -3.552899e+06
1.573743e+06 5.795595e+06 -3.546472e+06
1.575842e+06 5.798960e+06 -3.540041e+06
1.577938e+06 5.802319e+06 -3.533607e+06
1.580033e+06 5.805670e+06 -3.527167e+06
1.582127e+06 5.809015e+06 -3.520724e+06
1.584218e+06 5.812353e+06 -3.514277e+06
1.586307e+06 5.815684e+06 -3.507825e+06
1.588395e+06 5.819008e+06 -3.501369e+06
1.590481e+06 5.822325e+06 -3.494909e+06
1.592564e+06 5.825636e+06 -3.488445e+06
1.594646e+06 5.828939e+06 -3.481977e+06
1.596726e+06 5.832236e+06 -3.475504e+06
1.598805e+06 5.835526e+06 -3.469028e+06
1.600881e+06 5.838809e+06 -3.462547e+06
1.602955e+06 5.842085e+06 -3.456062e+06
1.605028e+06 5.845355e+06 -3.449573e+06
1.607099e+06 5.848617e+06 -3.443080e+06
1.609168e+06 5.851873e+06 -3.436583e+06
1.611234e+06 5.855121e+06 -3.430081e+06
1.613299e+06 5.858363e+06 -3.423576e+06
1.615363e+06 5.861598e+06 -3.417067e+06
1.617424e+06 5.864826e+06 -3.410553e+06
1.619483e+06 5.868047e+06 -3.404036e+06
1.621541e+06 5.871261e+06 -3.397514e+06
1.623596e+06 5.874469e+06 -3.390988e+06
1.625650e+06 5.877669e+06 -3.384459e+06
1.627701e+06 5.880862e+06 -3.377925e+06
1.629751e+06 5.884049e+06 -3.371387e+06
1.631799e+06 5.887228e+06 -3.364846e+06
1.633845e+06 5.890401e+06 -3.358300e+06
1.635889e+06 5.893567e+06 -3.351750e+06
1.637931e+06 5.896726e+06 -3.345196e+06
1.639971e+06 5.899878e+06 -3.338639e+06
1.642010e+06 5.903023e+06 -3.332077e+06
1.644046e+06 5.906161e+06 -3.325511e+06
1.646080e+06 5.909292e+06 -3.318942e+06
1.648113e+06 5.912416e+06 -3.312368e+06
1.650143e+06 5.915533e+06 -3.305790e+06
1.652172e+06 5.918643e+06 -3.299209e+06
1.654199e+06 5.921746e+06 -3.292624e+06
1.656223e+06 5.924842e+06 -3.286034e+06
1.658246e+06 5.927931e+06 -3.279441e+06
1.660267e+06 5.931014e+06 -3.272844e+06
1.662286e+06 5.934089e+06 -3.266243e+06
1.664303e+06 5.937157e+06 -3.259638e+06
1.666318e+06 5.940219e+06 -3.253029e+06
1.668331e+06 5.943273e+06 -3.246417e+06
1.670342e+06 5.946320e+06 -3.239800e+06
1.672351e+06 5.949360e+06 -3.233180e+06
1.674358e+06 5.952394e+06 -3.226555e+06
1.676363e+06 5.955420e+06 -3.219927e+06
1.678366e+06 5.958439e+06 -3.213295e+06
1.680367e+06 5.961452e+06 -3.206660e+06
1.682367e+06 5.964457e+06 -3.200020e+06
1.684364e+06 5.967455e+06 -3.193377e+06
1.686359e+06 5.970446e+06 -3.186730e+06
1.688352e+06 5.973430e+06 -3.180079e+06
1.690344e+06 5.976407e+06 -3.173424e+06
1.692333e+06 5.979377e+06 -3.166765e+06
1.694320e+06 5.982340e+06 -3.160103e+06
1.696306e+06 5.985296e+06 -3.153437e+06
1.698289e+06 5.988245e+06 -3.146767e+06
1.700270e+06 5.991187e+06 -3.140093e+06
1.702250e+06 5.994122e+06 -3.133416e+06
1.704227e+06 5.997050e+06 -3.126735e+06
1.706202e+06 5.999970e+06 -3.120050e+06
1.708176e+06 6.002884e+06 -3.113362e+06
1.710147e+06 6.005791e+06 -3.106669e+06
1.712116e+06 6.008690e+06 -3.099974e+06
1.714083e+06 6.011582e+06 -3.093274e+06
1.716049e+06 6.014468e+06 -3.086571e+06
1.718012e+06 6.017346e+06 -3.079864e+06
1.719973e+06 6.020217e+06 -3.073153e+06
1.721932e+06 6.023081e+06 -3.066439e+06
1.723889e+06 6.025938e+06 -3.059721e+06
1.725845e+06 6.028788e+06 -3.052999e+06
1.727798e+06 6.031631e+06 -3.046274e+06
1.729749e+06 6.034466e+06 -3.039545e+06
1.731698e+06 6.037295e+06 -3.032813e+06
1.733645e+06 6.040116e+06 -3.026076e+06
1.735590e+06 6.042930e+06 -3.019337e+06
1.737533e+06 6.045738e+06 -3.012593e+06
1.739474e+06 6.048538e+06 -3.005847e+06
1.741412e+06 6.051330e+06 -2.999096e+06
1.743349e+06 6.054116e+06 -2.992342e+06
1.745284e+06 6.056895e+06 -2.985584e+06
1.747217e+06 6.059666e+06 -2.978823e+06
1.749147e+06 6.062431e+06 -2.972058e+06
1.751076e+06 6.065188e+06 -2.965290e+06
1.753002e+06 6.067938e+06 -2.958518e+06
1.754927e+06 6.070681e+06 -2.951743e+06
1.756849e+06 6.073417e+06 -2.944964e+06
1.758769e+06 6.076145e+06 -2.938182e+06
1.760688e+06 6.078867e+06 -2.931396e+06
1.762604e+06 6.081581e+06 -2.924607e+06
1.764518e+06 6.084288e+06 -2.917814e+06
1.766430e+06 6.086988e+06 -2.911017e+06
1.768340e+06 6.089680e+06 -2.904218e+06
1.770247e+06 6.092366e+06 -2.897414e+06
1.772153e+06 6.095044e+06 -2.890608e+06
1.774057e+06 6.097715e+06 -2.883798e+06
1.775958e+06 6.100379e+06 -2.876984e+06
1.777858e+06 6.103036e+06 -2.870167e+06
1.779755e+06 6.105686e+06 -2.863346e+06
1.781651e+06 6.108328e+06 -2.856523e+06
1.783544e+06 6.110963e+06 -2.849695e+06
1.785435e+06 6.113591e+06 -2.842865e+06
1.787324e+06 6.116212e+06 -2.836031e+06
1.789211e+06 6.118826e+06 -2.829193e+06
1.791095e+06 6.121432e+06 -2.822352e+06
1.792978e+06 6.124031e+06 -2.815508e+06
1.794859e+06 6.126623e+06 -2.808661e+06
1.796737e+06 6.129208e+06 -2.801810e+06
1.798613e+06 6.131785e+06 -2.794956e+06
1.800488e+06 6.134355e+06 -2.788098e+06
1.802360e+06 6.136918e+06 -2.781237e+06
1.804230e+06 6.139474e+06 -2.774373e+06
1.806097e+06 6.142022e+06 -2.767506e+06
1.807963e+06 6.144564e+06 -2.760635e+06
1.809827e+06 6.147098e+06 -2.753761e+06
1.811688e+06 6.149624e+06 -2.746883e+06
1.813547e+06 6.152144e+06 -2.740003e+06
1.815405e+06 6.154656e+06 -2.733119e+06
1.817260e+06 6.157161e+06 -2.726232e+06
1.819112e+06 6.159659e+06 -2.719341e+06
1.820963e+06 6.162149e+06 -2.712447e+06
1.822812e+06 6.164632e+06 -2.705551e+06
1.824658e+06 6.167108e+06 -2.698650e+06
1.826503e+06 6.169577e+06 -2.691747e+06
1.828345e+06 6.172038e+06 -2.684841e+06
1.830185e+06 6.174492e+06 -2.677931e+06
1.832022e+06 6.176939e+06 -2.671018e+06
1.833858e+06 6.179378e+06 -2.664102e+06
1.835692e+06 6.181810e+06 -2.657182e+06
1.837523e+06 6.184235e+06 -2.650260e+06
1.839352e+06 6.186653e+06 -2.643334e+06
1.841179e+06 6.189063e+06 -2.636405e+06
1.843004e+06 6.191466e+06 -2.629473e+06
1.844827e+06 6.193861e+06 -2.622538e+06
1.846647e+06 6.196250e+06 -2.615600e+06
1.848465e+06 6.198631e+06 -2.608659e+06
1.850281e+06 6.201004e+06 -2.601714e+06
1.852095e+06 6.203371e+06 -2.594767e+06
1.853907e+06 6.205730e+06 -2.587816e+06
1.855717e+06 6.208082e+06 -2.580863e+06
1.857524e+06 6.210426e+06 -2.573906e+06
1.859329e+06 6.212763e+06 -2.566946e+06
1.861132e+06 6.215093e+06 -2.559983e+06
1.862933e+06 6.217415e+06 -2.553017e+06
1.864732e+06 6.219730e+06 -2.546048e+06
1.866528e+06 6.222038e+06 -2.539076e+06
1.868322e+06 6.224338e+06 -2.532101e+06
1.870114e+06 6.226631e+06 -2.525123e+06
1.871904e+06 6.228917e+06 -2.518142e+06
1.873692e+06 6.231195e+06 -2.511157e+06
1.875477e+06 6.233466e+06 -2.504170e+06
1.877260e+06 6.235730e+06 -2.497180e+06
1.879041e+06 6.237986e+06 -2.490187e+06
1.880820e+06 6.240235e+06 -2.483191e+06
1.882596e+06 6.242476e+06 -2.476192e+06
1.884371e+06 6.244710e+06 -2.469190e+06
1.886143e+06 6.246937e+06 -2.462185e+06
1.887912e+06 6.249156e+06 -2.455177e+06
1.889680e+06 6.251368e+06 -2.448166e+06
1.891445e+06 6.253573e+06 -2.441153e+06
1.893209e+06 6.255770e+06 -2.434136e+06
1.894970e+06 6.257960e+06 -2.427117e+06
1.896728e+06 6.260142e+06 -2.420094e+06
1.898485e+06 6.262317e+06 -2.413069e+06
1.900239e+06 6.264485e+06 -2.406041e+06
1.901991e+06 6.266645e+06 -2.399010e+06
1.903740e+06 6.268798e+06 -2.391976e+06
1.905488e+06 6.270943e+06 -2.384939e+06
1.907233e+06 6.273081e+06 -2.377899e+06
1.908976e+06 6.275212e+06 -2.370857e+06
1.910717e+06 6.277335e+06 -2.363812e+06
1.912455e+06 6.279451e+06 -2.356763e+06
1.914191e+06 6.281559e+06 -2.349713e+06
1.915925e+06 6.283660e+06 -2.342659e+06
1.917657e+06 6.285754e+06 -2.335602e+06
1.919386e+06 6.287840e+06 -2.328543e+06
1.921114e+06 6.289918e+06 -2.321481e+06
1.922838e+06 6.291990e+06 -2.314416e+06
1.924561e+06 6.294053e+06 -2.307349e+06
1.926281e+06 6.296110e+06 -2.300278e+06
1.927999e+06 6.298159e+06 -2.293205e+06
1.929715e+06 6.300200e+06 -2.286129e+06
1.931429e+06 6.302234e+06 -2.279051e+06
1.933140e+06 6.304261e+06 -2.271969e+06
1.934849e+06 6.306280e+06 -2.264885e+06
1.936555e+06 6.308291e+06 -2.257799e+06
1.938260e+06 6.310296e+06 -2.250709e+06
1.939962e+06 6.312292e+06 -2.243617e+06
1.941662e+06 6.314282e+06 -2.236522e+06
1.943359e+06 6.316263e+06 -2.229425e+06
1.945054e+06 6.318238e+06 -2.222325e+06
1.946747e+06 6.320205e+06 -2.215222e+06
1.948438e+06 6.322164e+06 -2.208117e+06
1.950126e+06 6.324116e+06 -2.201009e+06
1.951812e+06 6.326060e+06 -2.193898e+06
1.953496e+06 6.327997e+06 -2.186785e+06
1.955177e+06 6.329927e+06 -2.179669e+06
1.956856e+06 6.331849e+06 -2.172550e+06
1.958533e+06 6.333763e+06 -2.165429e+06
1.960207e+06 6.335670e+06 -2.158306e+06
1.961879e+06 6.337570e+06 -2.151180e+06
1.963549e+06 6.339462e+06 -2.144051e+06
1.965217e+06 6.341347e+06 -2.136919e+06
1.966882e+06 6.343224e+06 -2.129785e+06
1.968545e+06 6.345093e+06 -2.122649e+06
1.970205e+06 6.346955e+06 -2.115510e+06
1.971863e+06 6.348810e+06 -2.108369e+06
1.973519e+06 6.350657e+06 -2.101225e+06
1.975173e+06 6.352497e+06 -2.094078e+06
1.976824e+06 6.354329e+06 -2.086929e+06
1.978473e+06 6.356153e+06 -2.079777e+06
1.980119e+06 6.357970e+06 -2.072623e+06
1.981764e+06 6.359780e+06 -2.065467e+06
1.983405e+06 6.361582e+06 -2.058308e+06
1.985045e+06 6.363376e+06 -2.051147e+06
1.986682e+06 6.365163e+06 -2.043983e+06
1.988317e+06 6.366942e+06 -2.036817e+06
1.989949e+06 6.368714e+06 -2.029648e+06
1.991579e+06 6.370479e+06 -2.022477e+06
1.993207e+06 6.372235e+06 -2.015303e+06
1.994832e+06 6.373985e+06 -2.008127e+06
1.996455e+06 6.375726e+06 -2.000949e+06
1.998076e+06 6.377461e+06 -1.993768e+06
1.999694e+06 6.379187e+06 -1.986585e+06
2.001310e+06 6.380906e+06 -1.979400e+06
2.002924e+06 6.382618e+06 -1.972212e+06
2.004535e+06 6.384322e+06 -1.965022e+06
2.006144e+06 6.386018e+06 -1.957829e+06
2.007750e+06 6.387707e+06 -1.950634e+06
2.009354e+06 6.389389e+06 -1.943437e+06
2.010956e+06 6.391062e+06 -1.936237e+06
2.012555e+06 6.392729e+06 -1.929036e+06
2.014152e+06 6.394387e+06 -1.921831e+06
2.015747e+06 6.396038e+06 -1.914625e+06
2.017339e+06 6.397682e+06 -1.907416e+06
2.018929e+06 6.399318e+06 -1.900205e+06
2.020516e+06 6.400946e+06 -1.892992e+06
2.022101e+06 6.402567e+06 -1.885777e+06
2.023684e+06 6.404180e+06 -1.878559e+06
2.025264e+06 6.405786e+06 -1.871339e+06
2.026842e+06 6.407384e+06 -1.864117e+06
2.028418e+06 6.408974e+06 -1.856892e+06
2.029991e+06 6.410557e+06 -1.849665e+06
2.031561e+06 6.412133e+06 -1.842437e+06
2.033129e+06 6.413700e+06 -1.835205e+06
2.034695e+06 6.415261e+06 -1.827972e+06
2.036259e+06 6.416813e+06 -1.820737e+06
2.037820e+06 6.418358e+06 -1.813499e+06
2.039378e+06 6.419895e+06 -1.806259e+06
2.040935e+06 6.421425e+06 -1.799017e+06
2.042488e+06 6.422947e+06 -1.791773e+06
2.044040e+06 6.424462e+06 -1.784527e+06
2.045589e+06 6.425969e+06 -1.777279e+06
2.047135e+06 6.427468e+06 -1.770028e+06
2.048679e+06 6.428960e+06 -1.762776e+06
2.050221e+06 6.430444e+06 -1.755521e+06
2.051760e+06 6.431921e+06 -1.748264e+06
2.053297e+06 6.433390e+06 -1.741005e+06
2.054831e+06 6.434851e+06 -1.733744e+06
2.056363e+06 6.436305e+06 -1.726481e+06
2.057893e+06 6.437751e+06 -1.719216e+06
2.059420e+06 6.439189e+06 -1.711949e+06
2.060945e+06 6.440620e+06 -1.704680e+06
2.062467e+06 6.442043e+06 -1.697409e+06
2.063987e+06 6.443459e+06 -1.690136e+06
2.065504e+06 6.444867e+06 -1.682860e+06
2.067019e+06 6.446267e+06 -1.675583e+06
2.068531e+06 6.447660e+06 -1.668304e+06
2.070041e+06 6.449045e+06 -1.661023e+06
2.071549e+06 6.450422e+06 -1.653739e+06
2.073054e+06 6.451792e+06 -1.646454e+06
2.074557e+06 6.453154e+06 -1.639167e+06
2.076057e+06 6.454509e+06 -1.631878e+06
2.077555e+06 6.455856e+06 -1.624587e+06
2.079050e+06 6.457195e+06 -1.617294e+06
2.080543e+06 6.458527e+06 -1.609999e+06
2.082033e+06 6.459851e+06 -1.602702e+06
2.083521e+06 6.461167e+06 -1.595403e+06
2.085006e+06 6.462476e+06 -1.588103e+06
2.086489e+06 6.463777e+06 -1.580800e+06
2.087970e+06 6.465070e+06 -1.573496e+06
2.089448e+06 6.466356e+06 -1.566189e+06
2.090923e+06 6.467634e+06 -1.558881e+06
2.092396e+06 6.468904e+06 -1.551571e+06
2.093867e+06 6.470167e+06 -1.544259e+06
2.095335e+06 6.471422e+06 -1.536945e+06
2.096801e+06 6.472669e+06 -1.529630e+06
2.098264e+06 6.473909e+06 -1.522312e+06
2.099725e+06 6.475141e+06 -1.514993e+06
2.101183e+06 6.476366e+06 -1.507672e+06
2.102638e+06 6.477582e+06 -1.500349e+06
2.104092e+06 6.478791e+06 -1.493025e+06
2.105542e+06 6.479993e+06 -1.485698e+06
2.106991e+06 6.481186e+06 -1.478370e+06
2.108436e+06 6.482372e+06 -1.471040e+06
2.109880e+06 6.483551e+06 -1.463709e+06
2.111320e+06 6.484722e+06 -1.456375e+06
2.112758e+06 6.485885e+06 -1.449040e+06
2.114194e+06 6.487040e+06 -1.441703e+06
2.115627e+06 6.488188e+06 -1.434365e+06
2.117058e+06 6.489327e+06 -1.427024e+06
2.118486e+06 6.490460e+06 -1.419682e+06
2.119912e+06 6.491584e+06 -1.412339e+06
2.121335e+06 6.492701e+06 -1.404993e+06
2.122756e+06 6.493810e+06 -1.397646e+06
2.124174e+06 6.494912e+06 -1.390297e+06
2.125590e+06 6.496006e+06 -1.382947e+06
2.127003e+06 6.497092e+06 -1.375595e+06
2.128413e+06 6.498170e+06 -1.368241e+06
2.129822e+06 6.499241e+06 -1.360886e+06
2.131227e+06 6.500304e+06 -1.353529e+06
2.132630e+06 6.501359e+06 -1.346171e+06
2.134031e+06 6.502407e+06 -1.338810e+06
2.135429e+06 6.503447e+06 -1.331449e+06
2.136824e+06 6.504479e+06 -1.324085e+06
2.138217e+06 6.505504e+06 -1.316720e+06
2.139607e+06 6.506521e+06 -1.309354e+06
2.140995e+06 6.507530e+06 -1.301986e+06
2.142381e+06 6.508531e+06 -1.294616e+06
2.143763e+06 6.509525e+06 -1.287245e+06
2.145144e+06 6.510511e+06 -1.279873e+06
2.146521e+06 6.511489e+06 -1.272498e+06
2.147896e+06 6.512460e+06 -1.265123e+06
2.149269e+06 6.513422e+06 -1.257745e+06
2.150639e+06 6.514378e+06 -1.250367e+06
2.152007e+06 6.515325e+06 -1.242987e+06
2.153372e+06 6.516265e+06 -1.235605e+06
2.154734e+06 6.517197e+06 -1.228222e+06
2.156094e+06 6.518121e+06 -1.220837e+06
2.157451e+06 6.519037e+06 -1.213451e+06
2.158806e+06 6.519946e+06 -1.206064e+06
2.160158e+06 6.520847e+06 -1.198675e+06
2.161508e+06 6.521741e+06 -1.191284e+06
2.162855e+06 6.522626e+06 -1.183892e+06
2.164199e+06 6.523504e+06 -1.176499e+06
2.165541e+06 6.524374e+06 -1.169105e+06
2.166881e+06 6.525237e+06 -1.161709e+06
2.168218e+06 6.526091e+06 -1.154311e+06
2.169552e+06 6.526938e+06 -1.146912e+06
2.170884e+06 6.527777e+06 -1.139512e+06
2.172213e+06 6.528609e+06 -1.132111e+06
2.173539e+06 6.529433e+06 -1.124708e+06
2.174863e+06 6.530249e+06 -1.117304e+06
2.176184e+06 6.531057e+06 -1.109898e+06
2.177503e+06 6.531858e+06 -1.102492e+06
2.178819e+06 6.532650e+06 -1.095083e+06
2.180133e+06 6.533435e+06 -1.087674e+06
2.18