2.385438e-11 -2.079343e-11 4.569609e-10
2.735598e-03 -9.905715e-04 1.096046e-02
1.093144e-02 -3.993217e-03 4.384176e-02
2.457089e-02 -9.054798e-03 9.864371e-02
4.363733e-02 -1.622217e-02 1.753660e-01
6.811410e-02 -2.554218e-02 2.740082e-01
9.798449e-02 -3.706167e-02 3.945699e-01
1.332318e-01 -5.082748e-02 5.370503e-01
1.738394e-01 -6.688644e-02 7.014488e-01
2.197904e-01 -8.528537e-02 8.877645e-01
2.710681e-01 -1.060711e-01 1.095996e+00
3.276558e-01 -1.292904e-01 1.326144e+00
3.895365e-01 -1.549901e-01 1.578205e+00
4.566936e-01 -1.832170e-01 1.852179e+00
5.291101e-01 -2.140178e-01 2.148064e+00
6.067692e-01 -2.474394e-01 2.465859e+00
6.896540e-01 -2.835285e-01 2.805562e+00
7.777476e-01 -3.223319e-01 3.167172e+00
8.710331e-01 -3.638963e-01 3.550686e+00
9.694935e-01 -4.082684e-01 3.956103e+00
1.073112e+00 -4.554950e-01 4.383421e+00
1.181871e+00 -5.056228e-01 4.832637e+00
1.295755e+00 -5.586984e-01 5.303749e+00
1.414745e+00 -6.147687e-01 5.796755e+00
1.538826e+00 -6.738801e-01 6.311653e+00
1.667979e+00 -7.360795e-01 6.848439e+00
1.802188e+00 -8.014134e-01 7.407111e+00
1.941436e+00 -8.699286e-01 7.987666e+00
2.085706e+00 -9.416715e-01 8.590102e+00
2.234980e+00 -1.016689e+00 9.214415e+00
2.389241e+00 -1.095027e+00 9.860602e+00
2.548473e+00 -1.176733e+00 1.052866e+01
2.712658e+00 -1.261853e+00 1.121858e+01
2.881779e+00 -1.350434e+00 1.193037e+01
3.055818e+00 -1.442522e+00 1.266402e+01
3.234759e+00 -1.538163e+00 1.341953e+01
3.418584e+00 -1.637404e+00 1.419689e+01
3.607275e+00 -1.740292e+00 1.499609e+01
3.800817e+00 -1.846873e+00 1.581715e+01
3.999191e+00 -1.957194e+00 1.666004e+01
4.202380e+00 -2.071300e+00 1.752477e+01
4.410366e+00 -2.189238e+00 1.841133e+01
4.623133e+00 -2.311055e+00 1.931972e+01
4.840663e+00 -2.436797e+00 2.024994e+01
5.062939e+00 -2.566510e+00 2.120197e+01
5.289942e+00 -2.700240e+00 2.217581e+01
5.521657e+00 -2.838034e+00 2.317147e+01
5.758065e+00 -2.979938e+00 2.418892e+01
5.999149e+00 -3.125998e+00 2.522818e+01
6.244891e+00 -3.276261e+00 2.628923e+01
6.495274e+00 -3.430772e+00 2.737207e+01
6.750281e+00 -3.589578e+00 2.847669e+01
7.009893e+00 -3.752725e+00 2.960309e+01
7.274094e+00 -3.920259e+00 3.075126e+01
7.542866e+00 -4.092225e+00 3.192119e+01
7.816192e+00 -4.268671e+00 3.311289e+01
8.094053e+00 -4.449642e+00 3.432634e+01
8.376433e+00 -4.635184e+00 3.556153e+01
8.663313e+00 -4.825343e+00 3.681847e+01
8.954676e+00 -5.020165e+00 3.809715e+01
9.250505e+00 -5.219695e+00 3.939755e+01
9.550781e+00 -5.423981e+00 4.071968e+01
9.855488e+00 -5.633067e+00 4.206352e+01
1.016461e+01 -5.847000e+00 4.342907e+01
1.047812e+01 -6.065825e+00 4.481633e+01
1.079601e+01 -6.289588e+00 4.622528e+01
1.111826e+01 -6.518336e+00 4.765592e+01
1.144485e+01 -6.752113e+00 4.910824e+01
1.177577e+01 -6.990965e+00 5.058223e+01
1.211099e+01 -7.234939e+00 5.207789e+01
1.245050e+01 -7.484080e+00 5.359521e+01
1.279428e+01 -7.738433e+00 5.513419e+01
1.314232e+01 -7.998044e+00 5.669480e+01
1.349459e+01 -8.262960e+00 5.827706e+01
1.385107e+01 -8.533224e+00 5.988094e+01
1.421176e+01 -8.808884e+00 6.150644e+01
1.457663e+01 -9.089984e+00 6.315356e+01
1.494566e+01 -9.376571e+00 6.482227e+01
1.531883e+01 -9.668689e+00 6.651259e+01
1.569614e+01 -9.966383e+00 6.822449e+01
1.607755e+01 -1.026970e+01 6.995797e+01
1.646306e+01 -1.057869e+01 7.171302e+01
1.685264e+01 -1.089338e+01 7.348964e+01
1.724627e+01 -1.121384e+01 7.528780e+01
1.764395e+01 -1.154010e+01 7.710751e+01
1.804565e+01 -1.187221e+01 7.894876e+01
1.845134e+01 -1.221021e+01 8.081153e+01
1.886103e+01 -1.255415e+01 8.269581e+01
1.927467e+01 -1.290408e+01 8.460161e+01
1.969227e+01 -1.326003e+01 8.652890e+01
2.011380e+01 -1.362206e+01 8.847768e+01
2.053924e+01 -1.399021e+01 9.044794e+01
2.096857e+01 -1.436452e+01 9.243966e+01
2.140179e+01 -1.474504e+01 9.445285e+01
2.183885e+01 -1.513182e+01 9.648748e+01
2.227976e+01 -1.552489e+01 9.854356e+01
2.272450e+01 -1.592431e+01 1.006211e+02
2.317303e+01 -1.633012e+01 1.027200e+02
2.362536e+01 -1.674236e+01 1.048403e+02
2.408145e+01 -1.716108e+01 1.069820e+02
2.454129e+01 -1.758632e+01 1.091451e+02
2.500486e+01 -1.801812e+01 1.113296e+02
2.547214e+01 -1.845654e+01 1.135355e+02
2.594313e+01 -1.890162e+01 1.157627e+02
2.641778e+01 -1.935340e+01 1.180112e+02
2.689610e+01 -1.981192e+01 1.202811e+02
2.737806e+01 -2.027723e+01 1.225723e+02
2.786364e+01 -2.074937e+01 1.248848e+02
2.835283e+01 -2.122840e+01 1.272186e+02
2.884561e+01 -2.171434e+01 1.295737e+02
2.934195e+01 -2.220725e+01 1.319501e+02
2.984184e+01 -2.270718e+01 1.343478e+02
3.034526e+01 -2.321416e+01 1.367666e+02
3.085220e+01 -2.372823e+01 1.392068e+02
3.136264e+01 -2.424946e+01 1.416681e+02
3.187655e+01 -2.477786e+01 1.441507e+02
3.239392e+01 -2.531350e+01 1.466545e+02
3.291473e+01 -2.585642e+01 1.491794e+02
3.343897e+01 -2.640665e+01 1.517256e+02
3.396660e+01 -2.696425e+01 1.542929e+02
3.449763e+01 -2.752926e+01 1.568814e+02
3.503202e+01 -2.810171e+01 1.594910e+02
3.556976e+01 -2.868167e+01 1.621217e+02
3.611084e+01 -2.926915e+01 1.647735e+02
3.665522e+01 -2.986423e+01 1.674465e+02
3.720290e+01 -3.046692e+01 1.701405e+02
3.775386e+01 -3.107729e+01 1.728556e+02
3.830808e+01 -3.169537e+01 1.755918e+02
3.886553e+01 -3.232121e+01 1.783490e+02
3.942620e+01 -3.295485e+01 1.811273e+02
3.999008e+01 -3.359633e+01 1.839266e+02
4.055714e+01 -3.424570e+01 1.867469e+02
4.112737e+01 -3.490299e+01 1.895881e+02
4.170075e+01 -3.556827e+01 1.924504e+02
4.227725e+01 -3.624156e+01 1.953336e+02
4.285687e+01 -3.692291e+01 1.982378e+02
4.343958e+01 -3.761236e+01 2.011629e+02
4.402536e+01 -3.830996e+01 2.041090e+02
4.461420e+01 -3.901575e+01 2.070759e+02
4.520607e+01 -3.972977e+01 2.100638e+02
4.580097e+01 -4.045207e+01 2.130725e+02
4.639886e+01 -4.118269e+01 2.161021e+02
4.699974e+01 -4.192167e+01 2.191525e+02
4.760357e+01 -4.266905e+01 2.222238e+02
4.821036e+01 -4.342489e+01 2.253159e+02
4.882007e+01 -4.418921e+01 2.284288e+02
4.943269e+01 -4.496206e+01 2.315625e+02
5.004819e+01 -4.574349e+01 2.347169e+02
5.066657e+01 -4.653354e+01 2.378922e+02
5.128780e+01 -4.733225e+01 2.410881e+02
5.191187e+01 -4.813967e+01 2.443048e+02
5.253875e+01 -4.895583e+01 2.475422e+02
5.316842e+01 -4.978077e+01 2.508003e+02
5.380088e+01 -5.061455e+01 2.540791e+02
5.443609e+01 -5.145720e+01 2.573786e+02
5.507405e+01 -5.230877e+01 2.606987e+02
5.571473e+01 -5.316929e+01 2.640394e+02
5.635812e+01 -5.403882e+01 2.674008e+02
5.700419e+01 -5.491738e+01 2.707827e+02
5.765292e+01 -5.580503e+01 2.741853e+02
5.830431e+01 -5.670180e+01 2.776084e+02
5.895833e+01 -5.760774e+01 2.810520e+02
5.961496e+01 -5.852290e+01 2.845162e+02
6.027418e+01 -5.944730e+01 2.880009e+02
6.093597e+01 -6.038099e+01 2.915061e+02
6.160033e+01 -6.132403e+01 2.950318e+02
6.226722e+01 -6.227643e+01 2.985779e+02
6.293663e+01 -6.323826e+01 3.021445e+02
6.360853e+01 -6.420954e+01 3.057316e+02
6.428293e+01 -6.519033e+01 3.093390e+02
6.495978e+01 -6.618066e+01 3.129668e+02
6.563908e+01 -6.718058e+01 3.166151e+02
6.632080e+01 -6.819012e+01 3.202836e+02
6.700494e+01 -6.920933e+01 3.239726e+02
6.769146e+01 -7.023824e+01 3.276818e+02
6.838035e+01 -7.127691e+01 3.314114e+02
6.907159e+01 -7.232536e+01 3.351612e+02
6.976517e+01 -7.338365e+01 3.389313e+02
7.046106e+01 -7.445181e+01 3.427217e+02
7.115925e+01 -7.552989e+01 3.465323e+02
7.185972e+01 -7.661792e+01 3.503632e+02
7.256244e+01 -7.771595e+01 3.542142e+02
7.326740e+01 -7.882401e+01 3.580854e+02
7.397459e+01 -7.994215e+01 3.619767e+02
7.468397e+01 -8.107041e+01 3.658882e+02
7.539555e+01 -8.220883e+01 3.698199e+02
7.610928e+01 -8.335745e+01 3.737716e+02
7.682517e+01 -8.451631e+01 3.777434e+02
7.754318e+01 -8.568544e+01 3.817353e+02
7.826331e+01 -8.686491e+01 3.857472e+02
7.898552e+01 -8.805473e+01 3.897792e+02
7.970981e+01 -8.925495e+01 3.938312e+02
8.043615e+01 -9.046562e+01 3.979031e+02
8.116452e+01 -9.168677e+01 4.019950e+02
8.189492e+01 -9.291844e+01 4.061069e+02
8.262731e+01 -9.416068e+01 4.102387e+02
8.336168e+01 -9.541352e+01 4.143904e+02
8.409801e+01 -9.667700e+01 4.185620e+02
8.483628e+01 -9.795116e+01 4.227535e+02
8.557648e+01 -9.923605e+01 4.269648e+02
8.631858e+01 -1.005317e+02 4.311960e+02
8.706256e+01 -1.018382e+02 4.354470e+02
8.780842e+01 -1.031554e+02 4.397177e+02
8.855612e+01 -1.044836e+02 4.440082e+02
8.930566e+01 -1.058227e+02 4.483185e+02
9.005700e+01 -1.071728e+02 4.526485e+02
9.081014e+01 -1.085338e+02 4.569982e+02
9.156505e+01 -1.099059e+02 4.613676e+02
9.232172e+01 -1.112891e+02 4.657566e+02
9.308013e+01 -1.126834e+02 4.701653e+02
9.384025e+01 -1.140889e+02 4.745936e+02
9.460208e+01 -1.155055e+02 4.790416e+02
9.536559e+01 -1.169334e+02 4.835091e+02
9.613075e+01 -1.183726e+02 4.879961e+02
9.689757e+01 -1.198231e+02 4.925027e+02
9.766600e+01 -1.212849e+02 4.970288e+02
9.843605e+01 -1.227581e+02 5.015744e+02
9.920768e+01 -1.242428e+02 5.061395e+02
9.998088e+01 -1.257389e+02 5.107240e+02
1.007556e+02 -1.272465e+02 5.153280e+02
1.015319e+02 -1.287657e+02 5.199514e+02
1.023097e+02 -1.302965e+02 5.245941e+02
1.030890e+02 -1.318389e+02 5.292562e+02
1.038698e+02 -1.333929e+02 5.339377e+02
1.046520e+02 -1.349587e+02 5.386385e+02
1.054357e+02 -1.365361e+02 5.433585e+02
1.062208e+02 -1.381254e+02 5.480979e+02
1.070073e+02 -1.397265e+02 5.528565e+02
1.077951e+02 -1.413394e+02 5.576343e+02
1.085844e+02 -1.429643e+02 5.624313e+02
1.093750e+02 -1.446010e+02 5.672475e+02
1.101669e+02 -1.462497e+02 5.720829e+02
1.109601e+02 -1.479105e+02 5.769374e+02
1.117546e+02 -1.495832e+02 5.818111e+02
1.125504e+02 -1.512681e+02 5.867038e+02
1.133474e+02 -1.529650e+02 5.916156e+02
1.141457e+02 -1.546742e+02 5.965464e+02
1.149452e+02 -1.563955e+02 6.014963e+02
1.157459e+02 -1.581290e+02 6.064651e+02
1.165477e+02 -1.598748e+02 6.114529e+02
1.173508e+02 -1.616329e+02 6.164597e+02
1.181549e+02 -1.634034e+02 6.214854e+02
1.189602e+02 -1.651862e+02 6.265300e+02
1.197666e+02 -1.669815e+02 6.315935e+02
1.205741e+02 -1.687892e+02 6.366759e+02
1.213826e+02 -1.706094e+02 6.417771e+02
1.221922e+02 -1.724421e+02 6.468971e+02
1.230029e+02 -1.742874e+02 6.520358e+02
1.238145e+02 -1.761453e+02 6.571934e+02
1.246271e+02 -1.780158e+02 6.623697e+02
1.254408e+02 -1.798990e+02 6.675646e+02
1.262553e+02 -1.817949e+02 6.727783e+02
1.270708e+02 -1.837036e+02 6.780107e+02
1.278873e+02 -1.856250e+02 6.832616e+02
1.287046e+02 -1.875593e+02 6.885312e+02
1.295228e+02 -1.895064e+02 6.938194e+02
1.303419e+02 -1.914664e+02 6.991261e+02
1.311618e+02 -1.934393e+02 7.044514e+02
1.319825e+02 -1.954252e+02 7.097952e+02
1.328041e+02 -1.974241e+02 7.151575e+02
1.336264e+02 -1.994360e+02 7.205383e+02
1.344495e+02 -2.014610e+02 7.259374e+02
1.352734e+02 -2.034991e+02 7.313550e+02
1.360980e+02 -2.055504e+02 7.367910e+02
1.369233e+02 -2.076148e+02 7.422454e+02
1.377494e+02 -2.096925e+02 7.477181e+02
1.385761e+02 -2.117834e+02 7.532091e+02
1.394034e+02 -2.138876e+02 7.587184e+02
1.402314e+02 -2.160051e+02 7.642459e+02
1.410601e+02 -2.181359e+02 7.697917e+02
1.418893e+02 -2.202802e+02 7.753557e+02
1.427191e+02 -2.224379e+02 7.809379e+02
1.435495e+02 -2.246090e+02 7.865382e+02
1.443804e+02 -2.267936e+02 7.921567e+02
1.452119e+02 -2.289918e+02 7.977933e+02
1.460439e+02 -2.312035e+02 8.034479e+02
1.468764e+02 -2.334289e+02 8.091206e+02
1.477093e+02 -2.356678e+02 8.148113e+02
1.485428e+02 -2.379205e+02 8.205201e+02
1.493766e+02 -2.401868e+02 8.262468e+02
1.502109e+02 -2.424669e+02 8.319914e+02
1.510456e+02 -2.447608e+02 8.377540e+02
1.518806e+02 -2.470685e+02 8.435344e+02
1.527161e+02 -2.493900e+02 8.493328e+02
1.535519e+02 -2.517254e+02 8.551489e+02
1.543880e+02 -2.540747e+02 8.609829e+02
1.552244e+02 -2.564379e+02 8.668347e+02
1.560611e+02 -2.588151e+02 8.727042e+02
1.568981e+02 -2.612064e+02 8.785915e+02
1.577354e+02 -2.636117e+02 8.844964e+02
1.585729e+02 -2.660310e+02 8.904191e+02
1.594106e+02 -2.684645e+02 8.963593e+02
1.602485e+02 -2.709121e+02 9.023172e+02
1.610866e+02 -2.733739e+02 9.082928e+02
1.619249e+02 -2.758500e+02 9.142858e+02
1.627633e+02 -2.783402e+02 9.202964e+02
1.636018e+02 -2.808448e+02 9.263246e+02
1.644405e+02 -2.833637e+02 9.323702e+02
1.652792e+02 -2.858969e+02 9.384332e+02
1.661181e+02 -2.884445e+02 9.445137e+02
1.669570e+02 -2.910065e+02 9.506116e+02
1.677959e+02 -2.935829e+02 9.567269e+02
1.686348e+02 -2.961739e+02 9.628595e+02
1.694738e+02 -2.987793e+02 9.690094e+02
1.703127e+02 -3.013993e+02 9.751766e+02
1.711516e+02 -3.040339e+02 9.813611e+02
1.719904e+02 -3.066830e+02 9.875628e+02
1.728292e+02 -3.093469e+02 9.937817e+02
1.736679e+02 -3.120253e+02 1.000018e+03
1.745065e+02 -3.147185e+02 1.006271e+03
1.753450e+02 -3.174265e+02 1.012541e+03
1.761833e+02 -3.201492e+02 1.018829e+03
1.770214e+02 -3.228867e+02 1.025133e+03
1.778594e+02 -3.256390e+02 1.031455e+03
1.786972e+02 -3.284063e+02 1.037793e+03
1.795348e+02 -3.311884e+02 1.044149e+03
1.803721e+02 -3.339854e+02 1.050521e+03
1.812092e+02 -3.367974e+02 1.056911e+03
1.820460e+02 -3.396244e+02 1.063317e+03
1.828825e+02 -3.424664e+02 1.069740e+03
1.837188e+02 -3.453235e+02 1.076180e+03
1.845547e+02 -3.481956e+02 1.082637e+03
1.853903e+02 -3.510829e+02 1.089110e+03
1.862255e+02 -3.539854e+02 1.095601e+03
1.870603e+02 -3.569030e+02 1.102108e+03
1.878948e+02 -3.598358e+02 1.108631e+03
1.887288e+02 -3.627838e+02 1.115172e+03
1.895624e+02 -3.657472e+02 1.121729e+03
1.903956e+02 -3.687258e+02 1.128302e+03
1.912283e+02 -3.717198e+02 1.134892e+03
1.920605e+02 -3.747291e+02 1.141499e+03
1.928922e+02 -3.777539e+02 1.148122e+03
1.937234e+02 -3.807940e+02 1.154762e+03
1.945540e+02 -3.838496e+02 1.161418e+03
1.953841e+02 -3.869207e+02 1.168090e+03
1.962137e+02 -3.900074e+02 1.174779e+03
1.970426e+02 -3.931095e+02 1.181484e+03
1.978710e+02 -3.962273e+02 1.188206e+03
1.986987e+02 -3.993606e+02 1.194944e+03
1.995257e+02 -4.025096e+02 1.201698e+03
2.003522e+02 -4.056743e+02 1.208468e+03
2.011779e+02 -4.088546e+02 1.215254e+03
2.020029e+02 -4.120507e+02 1.222057e+03
2.028273e+02 -4.152625e+02 1.228876e+03
2.036509e+02 -4.184901e+02 1.235711e+03
2.044737e+02 -4.217336e+02 1.242562e+03
2.052958e+02 -4.249928e+02 1.249429e+03
2.061171e+02 -4.282680e+02 1.256312e+03
2.069376e+02 -4.315591e+02 1.263211e+03
2.077573e+02 -4.348660e+02 1.270126e+03
2.085761e+02 -4.381890e+02 1.277057e+03
2.093941e+02 -4.415279e+02 1.284004e+03
2.102112e+02 -4.448829e+02 1.290967e+03
2.110274e+02 -4.482539e+02 1.297945e+03
2.118427e+02 -4.516409e+02 1.304940e+03
2.126571e+02 -4.550441e+02 1.311950e+03
2.134706e+02 -4.584634e+02 1.318976e+03
2.142831e+02 -4.618989e+02 1.326017e+03
2.150946e+02 -4.653506e+02 1.333075e+03
2.159051e+02 -4.688184e+02 1.340148e+03
2.167146e+02 -4.723026e+02 1.347236e+03
2.175231e+02 -4.758030e+02 1.354340e+03
2.183306e+02 -4.793197e+02 1.361460e+03
2.191369e+02 -4.828527e+02 1.368595e+03
2.199422e+02 -4.864021e+02 1.375746e+03
2.207464e+02 -4.899679e+02 1.382912e+03
2.215495e+02 -4.935501e+02 1.390094e+03
2.223515e+02 -4.971487e+02 1.397291e+03
2.231523e+02 -5.007638e+02 1.404503e+03
2.239519e+02 -5.043954e+02 1.411731e+03
2.247503e+02 -5.080435e+02 1.418973e+03
2.255476e+02 -5.117082e+02 1.426232e+03
2.263436e+02 -5.153894e+02 1.433505e+03
2.271384e+02 -5.190873e+02 1.440794e+03
2.279319e+02 -5.228018e+02 1.448098e+03
2.287242e+02 -5.265329e+02 1.455417e+03
2.295151e+02 -5.302808e+02 1.462751e+03
2.303048e+02 -5.340453e+02 1.470100e+03
2.310932e+02 -5.378266e+02 1.477464e+03
2.318802e+02 -5.416246e+02 1.484843e+03
2.326658e+02 -5.454395e+02 1.492237e+03
2.334501e+02 -5.492712e+02 1.499646e+03
2.342330e+02 -5.531197e+02 1.507071e+03
2.350144e+02 -5.569850e+02 1.514509e+03
2.357945e+02 -5.608673e+02 1.521963e+03
2.365731e+02 -5.647665e+02 1.529432e+03
2.373502e+02 -5.686827e+02 1.536915e+03
2.381259e+02 -5.726158e+02 1.544413e+03
2.389000e+02 -5.765659e+02 1.551926e+03
2.396727e+02 -5.805331e+02 1.559454e+03
2.404438e+02 -5.845173e+02 1.566996e+03
2.412134e+02 -5.885186e+02 1.574552e+03
2.419815e+02 -5.925370e+02 1.582124e+03
2.427479e+02 -5.965725e+02 1.589710e+03
2.435128e+02 -6.006252e+02 1.597310e+03
2.442760e+02 -6.046951e+02 1.604925e+03
2.450376e+02 -6.087822e+02 1.612554e+03
2.457976e+02 -6.128865e+02 1.620198e+03
2.465559e+02 -6.170080e+02 1.627856e+03
2.473125e+02 -6.211469e+02 1.635529e+03
2.480674e+02 -6.253030e+02 1.643216e+03
2.488206e+02 -6.294765e+02 1.650917e+03
2.495721e+02 -6.336673e+02 1.658632e+03
2.503219e+02 -6.378755e+02 1.666362e+03
2.510698e+02 -6.421011e+02 1.674106e+03
2.518160e+02 -6.463442e+02 1.681864e+03
2.525604e+02 -6.506047e+02 1.689636e+03
2.533030e+02 -6.548827e+02 1.697422e+03
2.540438e+02 -6.591781e+02 1.705222e+03
2.547827e+02 -6.634911e+02 1.713036e+03
2.555197e+02 -6.678217e+02 1.720865e+03
2.562549e+02 -6.721698e+02 1.728707e+03
2.569881e+02 -6.765355e+02 1.736563e+03
2.577195e+02 -6.809189e+02 1.744433e+03
2.584489e+02 -6.853199e+02 1.752317e+03
2.591764e+02 -6.897385e+02 1.760214e+03
2.599019e+02 -6.941749e+02 1.768126e+03
2.606254e+02 -6.986289e+02 1.776051e+03
2.613469e+02 -7.031007e+02 1.783990e+03
2.620665e+02 -7.075903e+02 1.791942e+03
2.627839e+02 -7.120976e+02 1.799909e+03
2.634994e+02 -7.166228e+02 1.807889e+03
2.642128e+02 -7.211658e+02 1.815882e+03
2.649241e+02 -7.257266e+02 1.823889e+03
2.656333e+02 -7.303054e+02 1.831909e+03
2.663404e+02 -7.349020e+02 1.839943e+03
2.670454e+02 -7.395165e+02 1.847991e+03
2.677482e+02 -7.441490e+02 1.856052e+03
2.684489e+02 -7.487995e+02 1.864126e+03
2.691474e+02 -7.534679e+02 1.872213e+03
2.698437e+02 -7.581544e+02 1.880314e+03
2.705378e+02 -7.628589e+02 1.888428e+03
2.712296e+02 -7.675814e+02 1.896556e+03
2.719193e+02 -7.723220e+02 1.904696e+03
2.726066e+02 -7.770808e+02 1.912850e+03
2.732917e+02 -7.818576e+02 1.921017e+03
2.739745e+02 -7.866526e+02 1.929197e+03
2.746550e+02 -7.914658e+02 1.937390e+03
2.753332e+02 -7.962971e+02 1.945596e+03
2.760090e+02 -8.011467e+02 1.953815e+03
2.766825e+02 -8.060145e+02 1.962047e+03
2.773536e+02 -8.109005e+02 1.970292e+03
2.780224e+02 -8.158049e+02 1.978550e+03
2.786887e+02 -8.207275e+02 1.986821e+03
2.793526e+02 -8.256684e+02 1.995104e+03
2.800141e+02 -8.306277e+02 2.003401e+03
2.806731e+02 -8.356053e+02 2.011710e+03
2.813297e+02 -8.406013e+02 2.020032e+03
2.819837e+02 -8.456157e+02 2.028366e+03
2.826353e+02 -8.506485e+02 2.036713e+03
2.832844e+02 -8.556998e+02 2.045073e+03
2.839309e+02 -8.607695e+02 2.053445e+03
2.845749e+02 -8.658577e+02 2.061830e+03
2.852163e+02 -8.709644e+02 2.070228e+03
2.858552e+02 -8.760897e+02 2.078637e+03
2.864914e+02 -8.812334e+02 2.087060e+03
2.871251e+02 -8.863958e+02 2.095495e+03
2.877561e+02 -8.915767e+02 2.103942e+03
2.883845e+02 -8.967762e+02 2.112401e+03
2.890102e+02 -9.019944e+02 2.120873e+03
2.896333e+02 -9.072312e+02 2.129357e+03
2.902536e+02 -9.124866e+02 2.137853e+03
2.908713e+02 -9.177608e+02 2.146362e+03
2.914862e+02 -9.230536e+02 2.154882e+03
2.920985e+02 -9.283652e+02 2.163415e+03
2.927079e+02 -9.336955e+02 2.171960e+03
2.933146e+02 -9.390445e+02 2.180517e+03
2.939185e+02 -9.444124e+02 2.189085e+03
2.945197e+02 -9.497990e+02 2.197666e+03
2.951180e+02 -9.552045e+02 2.206259e+03
2.957135e+02 -9.606288e+02 2.214864e+03
2.963061e+02 -9.660719e+02 2.223481e+03
2.968959e+02 -9.715340e+02 2.232109e+03
2.974828e+02 -9.770149e+02 2.240749e+03
2.980668e+02 -9.825147e+02 2.249401e+03
2.986479e+02 -9.880335e+02 2.258065e+03
2.992261e+02 -9.935712e+02 2.266741e+03
2.998014e+02 -9.991278e+02 2.275428e+03
3.003737e+02 -1.004704e+03 2.284127e+03
3.009430e+02 -1.010298e+03 2.292837e+03
3.015094e+02 -1.015912e+03 2.301559e+03
3.020728e+02 -1.021545e+03 2.310292e+03
3.026331e+02 -1.027196e+03 2.319037e+03
3.031905e+02 -1.032867e+03 2.327794e+03
3.037447e+02 -1.038557e+03 2.336561e+03
3.042960e+02 -1.044266e+03 2.345341e+03
3.048441e+02 -1.049994e+03 2.354131e+03
3.053892e+02 -1.055742e+03 2.362933e+03
3.059312e+02 -1.061508e+03 2.371746e+03
3.064700e+02 -1.067294e+03 2.380571e+03
3.070058e+02 -1.073099e+03 2.389406e+03
3.075383e+02 -1.078923e+03 2.398253e+03
3.080678e+02 -1.084766e+03 2.407111e+03
3.085940e+02 -1.090629e+03 2.415980e+03
3.091170e+02 -1.096511e+03 2.424860e+03
3.096369e+02 -1.102412e+03 2.433751e+03
3.101535e+02 -1.108332e+03 2.442653e+03
3.106669e+02 -1.114272e+03 2.451566e+03
3.111770e+02 -1.120231e+03 2.460490e+03
3.116839e+02 -1.126209e+03 2.469425e+03
3.121874e+02 -1.132207e+03 2.478371e+03
3.126877e+02 -1.138224e+03 2.487327e+03
3.131847e+02 -1.144261e+03 2.496294e+03
3.136783e+02 -1.150317e+03 2.505272e+03
3.141686e+02 -1.156392e+03 2.514261e+03
3.146556e+02 -1.162487e+03 2.523260e+03
3.151392e+02 -1.168602e+03 2.532270e+03
3.156194e+02 -1.174735e+03 2.541291e+03
3.160962e+02 -1.180889e+03 2.550322e+03
3.165696e+02 -1.187062e+03 2.559364e+03
3.170395e+02 -1.193254e+03 2.568416e+03
3.175060e+02 -1.199466e+03 2.577479e+03
3.179691e+02 -1.205697e+03 2.586552e+03
3.184287e+02 -1.211948e+03 2.595635e+03
3.188848e+02 -1.218219e+03 2.604729e+03
3.193374e+02 -1.224509e+03 2.613833e+03
3.197865e+02 -1.230819e+03 2.622947e+03
3.202320e+02 -1.237148e+03 2.632072e+03
3.206740e+02 -1.243498e+03 2.641207e+03
3.211125e+02 -1.249866e+03 2.650352e+03
3.215474e+02 -1.256255e+03 2.659507e+03
3.219787e+02 -1.262663e+03 2.668672e+03
3.224064e+02 -1.269091e+03 2.677847e+03
3.228304e+02 -1.275538e+03 2.687033e+03
3.232509e+02 -1.282006e+03 2.696228e+03
3.236677e+02 -1.288493e+03 2.705433e+03
3.240808e+02 -1.294999e+03 2.714648e+03
3.244903e+02 -1.301526e+03 2.723873e+03
3.248961e+02 -1.308072e+03 2.733108e+03
3.252982e+02 -1.314639e+03 2.742353e+03
3.256965e+02 -1.321225e+03 2.751607e+03
3.260912e+02 -1.327831e+03 2.760871e+03
3.264821e+02 -1.334456e+03 2.770145e+03
3.268692e+02 -1.341102e+03 2.779429e+03
3.272526e+02 -1.347767e+03 2.788722e+03
3.276321e+02 -1.354453e+03 2.798025e+03
3.280079e+02 -1.361158e+03 2.807337e+03
3.283799e+02 -1.367883e+03 2.816659e+03
3.287480e+02 -1.374628e+03 2.825990e+03
3.291123e+02 -1.381393e+03 2.835331e+03
3.294728e+02 -1.388178e+03 2.844681e+03
3.298294e+02 -1.394983e+03 2.854040e+03
3.301821e+02 -1.401808e+03 2.863409e+03
3.305309e+02 -1.408653e+03 2.872787e+03
3.308757e+02 -1.415518e+03 2.882175e+03
3.312167e+02 -1.422403e+03 2.891571e+03
3.315537e+02 -1.429308e+03 2.900977e+03
3.318868e+02 -1.436233e+03 2.910392e+03
3.322159e+02 -1.443178e+03 2.919816e+03
3.325410e+02 -1.450143e+03 2.929250e+03
3.328622e+02 -1.457128e+03 2.938692e+03
3.331793e+02 -1.464134e+03 2.948143e+03
3.334924e+02 -1.471159e+03 2.957604e+03
3.338015e+02 -1.478205e+03 2.967073e+03
3.341065e+02 -1.485271e+03 2.976551e+03
3.344075e+02 -1.492356e+03 2.986038e+03
3.347044e+02 -1.499463e+03 2.995534e+03
3.349972e+02 -1.506589e+03 3.005038e+03
3.352859e+02 -1.513735e+03 3.014552e+03
3.355704e+02 -1.520902e+03 3.024074e+03
3.358509e+02 -1.528088e+03 3.033604e+03
3.361272e+02 -1.535295e+03 3.043144e+03
3.363994e+02 -1.542523e+03 3.052692e+03
3.366674e+02 -1.549770e+03 3.062249e+03
3.369312e+02 -1.557038e+03 3.071814e+03
3.371908e+02 -1.564326e+03 3.081388e+03
3.374462e+02 -1.571634e+03 3.090970e+03
3.376974e+02 -1.578963e+03 3.100560e+03
3.379443e+02 -1.586311e+03 3.110159e+03
3.381870e+02 -1.593680e+03 3.119767e+03
3.384255e+02 -1.601070e+03 3.129382e+03
3.386596e+02 -1.608480e+03 3.139006e+03
3.388895e+02 -1.615910e+03 3.148639e+03
3.391151e+02 -1.623360e+03 3.158279e+03
3.393364e+02 -1.630831e+03 3.167928e+03
3.395533e+02 -1.638322e+03 3.177585e+03
3.397659e+02 -1.645834e+03 3.187250e+03
3.399741e+02 -1.653366e+03 3.196923e+03
3.401780e+02 -1.660918e+03 3.206604e+03
3.403775e+02 -1.668491e+03 3.216293e+03
3.405726e+02 -1.676084e+03 3.225990e+03
3.407633e+02 -1.683698e+03 3.235695e+03
3.409496e+02 -1.691332e+03 3.245408e+03
3.411314e+02 -1.698986e+03 3.255128e+03
3.413088e+02 -1.706661e+03 3.264857e+03
3.414818e+02 -1.714357e+03 3.274593e+03
3.416503e+02 -1.722073e+03 3.284337e+03
3.418143e+02 -1.729809e+03 3.294089e+03
3.419738e+02 -1.737566e+03 3.303849e+03
3.421288e+02 -1.745343e+03 3.313616e+03
3.422792e+02 -1.753141e+03 3.323390e+03
3.424252e+02 -1.760960e+03 3.333173e+03
3.425666e+02 -1.768799e+03 3.342963e+03
3.427034e+02 -1.776658e+03 3.352760e+03
3.428357e+02 -1.784538e+03 3.362565e+03
3.429634e+02 -1.792439e+03 3.372377e+03
3.430864e+02 -1.800360e+03 3.382197e+03
3.432049e+02 -1.808302e+03 3.392024e+03
3.433188e+02 -1.816265e+03 3.401858e+03
3.434280e+02 -1.824248e+03 3.411700e+03
3.435325e+02 -1.832251e+03 3.421549e+03
3.436325e+02 -1.840276e+03 3.431405e+03
3.437277e+02 -1.848320e+03 3.441268e+03
3.438183e+02 -1.856386e+03 3.451139e+03
3.439041e+02 -1.864472e+03 3.461017e+03
3.439853e+02 -1.872579e+03 3.470901e+03
3.440617e+02 -1.880706e+03 3.480793e+03
3.441334e+02 -1.888854e+03 3.490692e+03
3.442003e+02 -1.897023e+03 3.500597e+03
3.442625e+02 -1.905213e+03 3.510510e+03
3.443199e+02 -1.913423e+03 3.520429e+03
3.443726e+02 -1.921654e+03 3.530356e+03
3.444204e+02 -1.929905e+03 3.540289e+03
3.444635e+02 -1.938178e+03 3.550229e+03
3.445017e+02 -1.946471e+03 3.560176e+03
3.445351e+02 -1.954784e+03 3.570129e+03
3.445636e+02 -1.963119e+03 3.580090e+03
3.445873e+02 -1.971474e+03 3.590056e+03
3.446061e+02 -1.979850e+03 3.600030e+03
3.446200e+02 -1.988247e+03 3.610010e+03
3.446291e+02 -1.996664e+03 3.619996e+03
3.446332e+02 -2.005103e+03 3.629989e+03
3.446325e+02 -2.013562e+03 3.639989e+03
3.446268e+02 -2.022041e+03 3.649995e+03
3.446161e+02 -2.030542e+03 3.660007e+03
3.446005e+02 -2.039064e+03 3.670026e+03
3.445800e+02 -2.047606e+03 3.680051e+03
3.445544e+02 -2.056169e+03 3.690083e+03
3.445239e+02 -2.064753e+03 3.700120e+03
3.444884e+02 -2.073357e+03 3.710164e+03
3.444478e+02 -2.081983e+03 3.720214e+03
3.444023e+02 -2.090629e+03 3.730271e+03
3.443517e+02 -2.099297e+03 3.740333e+03
3.442961e+02 -2.107985e+03 3.750401e+03
3.442354e+02 -2.116694e+03 3.760476e+03
3.441696e+02 -2.125424e+03 3.770556e+03
3.440988e+02 -2.134174e+03 3.780643e+03
3.440228e+02 -2.142946e+03 3.790735e+03
3.439418e+02 -2.151738e+03 3.800834e+03
3.438556e+02 -2.160552e+03 3.810938e+03
3.437643e+02 -2.169386e+03 3.821048e+03
3.436679e+02 -2.178241e+03 3.831164e+03
3.435663e+02 -2.187117e+03 3.841286e+03
3.434596e+02 -2.196014e+03 3.851413e+03
3.433477e+02 -2.204932e+03 3.861546e+03
3.432306e+02 -2.213871e+03 3.871685e+03
3.431083e+02 -2.222831e+03 3.881829e+03
3.429808e+02 -2.231811e+03 3.891979e+03
3.428481e+02 -2.240813e+03 3.902135e+03
3.427101e+02 -2.249836e+03 3.912296e+03
3.425669e+02 -2.258879e+03 3.922462e+03
3.424185e+02 -2.267944e+03 3.932634e+03
3.422647e+02 -2.277029e+03 3.942812e+03
3.421058e+02 -2.286136e+03 3.952995e+03
3.419415e+02 -2.295263e+03 3.963183e+03
3.417719e+02 -2.304411e+03 3.973377e+03
3.415970e+02 -2.313581e+03 3.983575e+03
3.414168e+02 -2.322771e+03 3.993779e+03
3.412313e+02 -2.331983e+03 4.003989e+03
3.410404e+02 -2.341215e+03 4.014203e+03
3.408441e+02 -2.350468e+03 4.024423e+03
3.406425e+02 -2.359743e+03 4.034648e+03
3.404355e+02 -2.369038e+03 4.044877e+03
3.402232e+02 -2.378354e+03 4.055112e+03
3.400054e+02 -2.387692e+03 4.065352e+03
3.397822e+02 -2.397050e+03 4.075597e+03
3.395536e+02 -2.406430e+03 4.085847e+03
3.393196e+02 -2.415830e+03 4.096102e+03
3.390801e+02 -2.425252e+03 4.106361e+03
3.388352e+02 -2.434694e+03 4.116626e+03
3.385848e+02 -2.444158e+03 4.126895e+03
3.383289e+02 -2.453643e+03 4.137169e+03
3.380676e+02 -2.463148e+03 4.147448e+03
3.378007e+02 -2.472675e+03 4.157731e+03
3.375284e+02 -2.482223e+03 4.168019e+03
3.372505e+02 -2.491792e+03 4.178312e+03
3.369671e+02 -2.501382e+03 4.188609e+03
3.366781e+02 -2.510993e+03 4.198911e+03
3.363836e+02 -2.520625e+03 4.209218e+03
3.360836e+02 -2.530279e+03 4.219528e+03
3.357779e+02 -2.539953e+03 4.229844e+03
3.354667e+02 -2.549648e+03 4.240164e+03
3.351499e+02 -2.559365e+03 4.250488e+03
3.348275e+02 -2.569102e+03 4.260817e+03
3.344995e+02 -2.578861e+03 4.271150e+03
3.341658e+02 -2.588641e+03 4.281487e+03
3.338265e+02 -2.598442e+03 4.291828e+03
3.334816e+02 -2.608264e+03 4.302174e+03
3.331310e+02 -2.618107e+03 4.312524e+03
3.327748e+02 -2.627971e+03 4.322878e+03
3.324128e+02 -2.637856e+03 4.333236e+03
3.320452e+02 -2.647763e+03 4.343599e+03
3.316719e+02 -2.657690e+03 4.353965e+03
3.312928e+02 -2.667639e+03 4.364335e+03
3.309081e+02 -2.677609e+03 4.374710e+03
3.305176e+02 -2.687600e+03 4.385088e+03
3.301214e+02 -2.697612e+03 4.395470e+03
3.297194e+02 -2.707645e+03 4.405857e+03
3.293117e+02 -2.717699e+03 4.416247e+03
3.288982e+02 -2.727775e+03 4.426640e+03
3.284789e+02 -2.737871e+03 4.437038e+03
3.280538e+02 -2.747989e+03 4.447440e+03
3.276229e+02 -2.758128e+03 4.457845e+03
3.271862e+02 -2.768288e+03 4.468254e+03
3.267437e+02 -2.778469e+03 4.478666e+03
3.262954e+02 -2.788672e+03 4.489082e+03
3.258412e+02 -2.798895e+03 4.499502e+03
3.253812e+02 -2.809140e+03 4.509925e+03
3.249153e+02 -2.819406e+03 4.520352e+03
3.244435e+02 -2.829693e+03 4.530782e+03
3.239658e+02 -2.840001e+03 4.541216e+03
3.234823e+02 -2.850330e+03 4.551653e+03
3.229928e+02 -2.860681e+03 4.562094e+03
3.224975e+02 -2.871052e+03 4.572538e+03
3.219962e+02 -2.881445e+03 4.582985e+03
3.214890e+02 -2.891859e+03 4.593436e+03
3.209758e+02 -2.902294e+03 4.603890e+03
3.204567e+02 -2.912750e+03 4.614347e+03
3.199316e+02 -2.923228e+03 4.624807e+03
3.194006e+02 -2.933727e+03 4.635271e+03
3.188635e+02 -2.944246e+03 4.645737e+03
3.183205e+02 -2.954787e+03 4.656207e+03
3.177715e+02 -2.965350e+03 4.666680e+03
3.172165e+02 -2.975933e+03 4.677156e+03
3.166554e+02 -2.986538e+03 4.687635e+03
3.160883e+02 -2.997163e+03 4.698117e+03
3.155152e+02 -3.007810e+03 4.708601e+03
3.149360e+02 -3.018478e+03 4.719089e+03
3.143508e+02 -3.029168e+03 4.729580e+03
3.137595e+02 -3.039878e+03 4.740073e+03
3.131621e+02 -3.050610e+03 4.750569e+03
3.125586e+02 -3.061363e+03 4.761068e+03
3.119490e+02 -3.072137e+03 4.771570e+03
3.113333e+02 -3.082932e+03 4.782075e+03
3.107115e+02 -3.093749e+03 4.792582e+03
3.100836e+02 -3.104586e+03 4.803092e+03
3.094496e+02 -3.115445e+03 4.813604e+03
3.088093e+02 -3.126325e+03 4.824119e+03
3.081630e+02 -3.137226e+03 4.834637e+03
3.075104e+02 -3.148149e+03 4.845157e+03
3.068517e+02 -3.159092e+03 4.855679e+03
3.061868e+02 -3.170057e+03 4.866204e+03
3.055158e+02 -3.181043e+03 4.876732e+03
3.048385e+02 -3.192050e+03 4.887262e+03
3.041550e+02 -3.203079e+03 4.897794e+03
3.034653e+02 -3.214128e+03 4.908329e+03
3.027693e+02 -3.225199e+03 4.918866e+03
3.020671e+02 -3.236291e+03 4.929405e+03
3.013587e+02 -3.247404e+03 4.939946e+03
3.006440e+02 -3.258538e+03 4.950490e+03
2.999230e+02 -3.269694e+03 4.961036e+03
2.991957e+02 -3.280871e+03 4.971584e+03
2.984622e+02 -3.292069e+03 4.982134e+03
2.977224e+02 -3.303288e+03 4.992686e+03
2.969762e+02 -3.314528e+03 5.003240e+03
2.962238e+02 -3.325790e+03 5.013796e+03
2.954650e+02 -3.337072e+03 5.024354e+03
2.946999e+02 -3.348376e+03 5.034915e+03
2.939284e+02 -3.359701e+03 5.045477e+03
2.931506e+02 -3.371048e+03 5.056041e+03
2.923665e+02 -3.382415e+03 5.066607e+03
2.915759e+02 -3.393804e+03 5.077174e+03
2.907790e+02 -3.405214e+03 5.087744e+03
2.899757e+02 -3.416645e+03 5.098315e+03
2.891660e+02 -3.428097e+03 5.108888e+03
2.883499e+02 -3.439571e+03 5.119463e+03
2.875274e+02 -3.451065e+03 5.130039e+03
2.866984e+02 -3.462581e+03 5.140617e+03
2.858631e+02 -3.474118e+03 5.151197e+03
2.850213e+02 -3.485677e+03 5.161778e+03
2.841730e+02 -3.497256e+03 5.172361e+03
2.833183e+02 -3.508857e+03 5.182945e+03
2.824571e+02 -3.520478e+03 5.193531e+03
2.815894e+02 -3.532121e+03 5.204119e+03
2.807152e+02 -3.543785e+03 5.214707e+03
2.798346e+02 -3.555471e+03 5.225297e+03
2.789474e+02 -3.567177e+03 5.235889e+03
2.780537e+02 -3.578905e+03 5.246482e+03
2.771536e+02 -3.590654e+03 5.257076e+03
2.762468e+02 -3.602424e+03 5.267672e+03
2.753336e+02 -3.614215e+03 5.278268e+03
2.744138e+02 -3.626028e+03 5.288866e+03
2.734874e+02 -3.637861e+03 5.299465e+03
2.725545e+02 -3.649716e+03 5.310066e+03
2.716150e+02 -3.661592e+03 5.320667e+03
2.706689e+02 -3.673489e+03 5.331270e+03
2.697162e+02 -3.685407e+03 5.341873e+03
2.687569e+02 -3.697347e+03 5.352478e+03
2.677910e+02 -3.709308e+03 5.363084e+03
2.668185e+02 -3.721289e+03 5.373690e+03
2.658394e+02 -3.733292e+03 5.384298e+03
2.648536e+02 -3.745316e+03 5.394907e+03
2.638612e+02 -3.757362e+03 5.405516e+03
2.628621e+02 -3.769428e+03 5.416126e+03
2.618564e+02 -3.781516e+03 5.426737e+03
2.608440e+02 -3.793624e+03 5.437349e+03
2.598249e+02 -3.805754e+03 5.447962e+03
2.587992e+02 -3.817905e+03 5.458576e+03
2.577667e+02 -3.830078e+03 5.469190e+03
2.567275e+02 -3.842271e+03 5.479805e+03
2.556817e+02 -3.854486e+03 5.490420e+03
2.546291e+02 -3.866721e+03 5.501036e+03
2.535698e+02 -3.878978e+03 5.511653e+03
2.525037e+02 -3.891256e+03 5.522270e+03
2.514309e+02 -3.903555e+03 5.532888e+03
2.503514e+02 -3.915875e+03 5.543507e+03
2.492650e+02 -3.928217e+03 5.554125e+03
2.481719e+02 -3.940579e+03 5.564745e+03
2.470721e+02 -3.952963e+03 5.575364e+03
2.459654e+02 -3.965368e+03 5.585985e+03
2.448520e+02 -3.977794e+03 5.596605e+03
2.437317e+02 -3.990241e+03 5.607226e+03
2.426047e+02 -4.002709e+03 5.617847e+03
2.414708e+02 -4.015198e+03 5.628469e+03
2.403300e+02 -4.027709e+03 5.639090e+03
2.391825e+02 -4.040240e+03 5.649712e+03
2.380281e+02 -4.052793e+03 5.660334e+03
2.368668e+02 -4.065366e+03 5.670957e+03
2.356987e+02 -4.077961e+03 5.681579e+03
2.345237e+02 -4.090577e+03 5.692201e+03
2.333419e+02 -4.103214e+03 5.702824e+03
2.321531e+02 -4.115873e+03 5.713447e+03
2.309575e+02 -4.128552e+03 5.724069e+03
2.297549e+02 -4.141252e+03 5.734692e+03
2.285455e+02 -4.153974e+03 5.745315e+03
2.273291e+02 -4.166716e+03 5.755937e+03
2.261058e+02 -4.179480e+03 5.766560e+03
2.248755e+02 -4.192265e+03 5.777182e+03
2.236383e+02 -4.205071e+03 5.787804e+03
2.223942e+02 -4.217898e+03 5.798426e+03
2.211431e+02 -4.230746e+03 5.809048e+03
2.198850e+02 -4.243615e+03 5.819670e+03
2.186200e+02 -4.256505e+03 5.830291e+03
2.173479e+02 -4.269416e+03 5.840912e+03
2.160689e+02 -4.282349e+03 5.851533e+03
2.147829e+02 -4.295302e+03 5.862153e+03
2.134899e+02 -4.308277e+03 5.872773e+03
2.121898e+02 -4.321272e+03 5.883393e+03
2.108827e+02 -4.334289e+03 5.894012e+03
2.095686e+02 -4.347326e+03 5.904631e+03
2.082475e+02 -4.360385e+03 5.915249e+03
2.069193e+02 -4.373465e+03 5.925867e+03
2.055841e+02 -4.386566e+03 5.936484e+03
2.042417e+02 -4.399688e+03 5.947101e+03
2.028924e+02 -4.412831e+03 5.957717e+03
2.015359e+02 -4.425995e+03 5.968332e+03
2.001723e+02 -4.439180e+03 5.978947e+03
1.988017e+02 -4.452386e+03 5.989561e+03
1.974239e+02 -4.465613e+03 6.000175e+03
1.960391e+02 -4.478861e+03 6.010787e+03
1.946471e+02 -4.492130e+03 6.021399e+03
1.932480e+02 -4.505420e+03 6.032011e+03
1.918417e+02 -4.518731e+03 6.042621e+03
1.904283e+02 -4.532064e+03 6.053231e+03
1.890078e+02 -4.545417e+03 6.063839e+03
1.875801e+02 -4.558791e+03 6.074447e+03
1.861452e+02 -4.572186e+03 6.085054e+03
1.847032e+02 -4.585603e+03 6.095660e+03
1.832539e+02 -4.599040e+03 6.106265e+03
1.817975e+02 -4.612498e+03 6.116869e+03
1.803339e+02 -4.625978e+03 6.127472e+03
1.788631e+02 -4.639478e+03 6.138073e+03
1.773851e+02 -4.652999e+03 6.148674e+03
1.758998e+02 -4.666541e+03 6.159274e+03
1.744073e+02 -4.680105e+03 6.169872e+03
1.729076e+02 -4.693689e+03 6.180470e+03
1.714007e+02 -4.707294e+03 6.191066e+03
1.698865e+02 -4.720920e+03 6.201661e+03
1.683650e+02 -4.734567e+03 6.212255e+03
1.668362e+02 -4.748236e+03 6.222847e+03
1.653002e+02 -4.761925e+03 6.233439e+03
1.637569e+02 -4.775635e+03 6.244029e+03
1.622064e+02 -4.789366e+03 6.254617e+03
1.606485e+02 -4.803118e+03 6.265204e+03
1.590833e+02 -4.816891e+03 6.275790e+03
1.575108e+02 -4.830685e+03 6.286374e+03
1.559310e+02 -4.844499e+03 6.296957e+03
1.543438e+02 -4.858335e+03 6.307539e+03
1.527493e+02 -4.872192e+03 6.318119e+03
1.511475e+02 -4.886070e+03 6.328697e+03
1.495383e+02 -4.899968e+03 6.339274e+03
1.479218e+02 -4.913888e+03 6.349850e+03
1.462979e+02 -4.927828e+03 6.360423e+03
1.446666e+02 -4.941790e+03 6.370995e+03
1.430279e+02 -4.955772e+03 6.381566e+03
1.413819e+02 -4.969775e+03 6.392135e+03
1.397284e+02 -4.983799e+03 6.402702e+03
1.380676e+02 -4.997844e+03 6.413267e+03
1.363993e+02 -5.011910e+03 6.423831e+03
1.347236e+02 -5.025997e+03 6.434392e+03
1.330405e+02 -5.040105e+03 6.444952e+03
1.313500e+02 -5.054234e+03 6.455510e+03
1.296520e+02 -5.068383e+03 6.466067e+03
1.279466e+02 -5.082554e+03 6.476621e+03
1.262337e+02 -5.096745e+03 6.487174e+03
1.245133e+02 -5.110957e+03 6.497724e+03
1.227855e+02 -5.125190e+03 6.508273e+03
1.210502e+02 -5.139444e+03 6.518820e+03
1.193074e+02 -5.153719e+03 6.529364e+03
1.175571e+02 -5.168015e+03 6.539907e+03
1.157993e+02 -5.182332e+03 6.550447e+03
1.140340e+02 -5.196669e+03 6.560986e+03
1.122612e+02 -5.211027e+03 6.571522e+03
1.104809e+02 -5.225406e+03 6.582056e+03
1.086930e+02 -5.239807e+03 6.592588e+03
1.068976e+02 -5.254227e+03 6.603118e+03
1.050947e+02 -5.268669e+03 6.613646e+03
1.032842e+02 -5.283132e+03 6.624171e+03
1.014661e+02 -5.297615e+03 6.634695e+03
9.964046e+01 -5.312119e+03 6.645216e+03
9.780725e+01 -5.326644e+03 6.655734e+03
9.596646e+01 -5.341190e+03 6.666250e+03
9.411808e+01 -5.355757e+03 6.676764e+03
9.226210e+01 -5.370345e+03 6.687276e+03
9.039851e+01 -5.384953e+03 6.697785e+03
8.852731e+01 -5.399582e+03 6.708292e+03
8.664849e+01 -5.414232e+03 6.718796e+03
8.476205e+01 -5.428903e+03 6.729298e+03
8.286797e+01 -5.443595e+03 6.739797e+03
8.096625e+01 -5.458307e+03 6.750294e+03
7.905688e+01 -5.473040e+03 6.760788e+03
7.713985e+01 -5.487794e+03 6.771280e+03
7.521516e+01 -5.502569e+03 6.781769e+03
7.328279e+01 -5.517365e+03 6.792255e+03
7.134275e+01 -5.532181e+03 6.802739e+03
6.939502e+01 -5.547018e+03 6.813220e+03
6.743960e+01 -5.561876e+03 6.823698e+03
6.547648e+01 -5.576755e+03 6.834174e+03
6.350565e+01 -5.591654e+03 6.844647e+03
6.152710e+01 -5.606574e+03 6.855117e+03
5.954084e+01 -5.621515e+03 6.865585e+03
5.754684e+01 -5.636477e+03 6.876049e+03
5.554510e+01 -5.651460e+03 6.886511e+03
5.353562e+01 -5.666463e+03 6.896970e+03
5.151839e+01 -5.681487e+03 6.907426e+03
4.949340e+01 -5.696532e+03 6.917879e+03
4.746064e+01 -5.711597e+03 6.928329e+03
4.542011e+01 -5.726683e+03 6.938777e+03
4.337179e+01 -5.741790e+03 6.949221e+03
4.131569e+01 -5.756918e+03 6.959662e+03
3.925179e+01 -5.772066e+03 6.970100e+03
3.718009e+01 -5.787235e+03 6.980536e+03
3.510058e+01 -5.802425e+03 6.990968e+03
3.301325e+01 -5.817636e+03 7.001397e+03
3.091810e+01 -5.832867e+03 7.011823e+03
2.881511e+01 -5.848119e+03 7.022245e+03
2.670429e+01 -5.863392e+03 7.032665e+03
2.458562e+01 -5.878685e+03 7.043081e+03
2.245909e+01 -5.893999e+03 7.053495e+03
2.032470e+01 -5.909334e+03 7.063905e+03
1.818245e+01 -5.924690e+03 7.074311e+03
1.603232e+01 -5.940066e+03 7.084715e+03
1.387430e+01 -5.955463e+03 7.095115e+03
1.170840e+01 -5.970880e+03 7.105512e+03
9.534595e+00 -5.986319e+03 7.115905e+03
7.352888e+00 -6.001777e+03 7.126295e+03
5.163268e+00 -6.017257e+03 7.136682e+03
2.965730e+00 -6.032757e+03 7.147065e+03
7.602643e-01 -6.048278e+03 7.157445e+03
-1.453135e+00 -6.063820e+03 7.167822e+03
-3.674475e+00 -6.079382e+03 7.178194e+03
-5.903764e+00 -6.094965e+03 7.188564e+03
-8.141009e+00 -6.110569e+03 7.198930e+03
-1.038622e+01 -6.126193e+03 7.209292e+03
-1.263939e+01 -6.141838e+03 7.219651e+03
-1.490055e+01 -6.157503e+03 7.230006e+03
-1.716969e+01 -6.173189e+03 7.240358e+03
-1.944682e+01 -6.188896e+03 7.250706e+03
-2.173195e+01 -6.204623e+03 7.261050e+03
-2.402509e+01 -6.220371e+03 7.271390e+03
-2.632624e+01 -6.236140e+03 7.281727e+03
-2.863541e+01 -6.251929e+03 7.292060e+03
-3.095261e+01 -6.267739e+03 7.302390e+03
-3.327785e+01 -6.283570e+03 7.312715e+03
-3.561113e+01 -6.299421e+03 7.323037e+03
-3.795246e+01 -6.315293e+03 7.333355e+03
-4.030184e+01 -6.331185e+03 7.343669e+03
-4.265929e+01 -6.347098e+03 7.353980e+03
-4.502482e+01 -6.363032e+03 7.364286e+03
-4.739842e+01 -6.378986e+03 7.374589e+03
-4.978011e+01 -6.394960e+03 7.384887e+03
-5.216989e+01 -6.410956e+03 7.395182e+03
-5.456777e+01 -6.426972e+03 7.405472e+03
-5.697376e+01 -6.443008e+03 7.415759e+03
-5.938787e+01 -6.459065e+03 7.426042e+03
-6.181010e+01 -6.475143e+03 7.436320e+03
-6.424045e+01 -6.491241e+03 7.446595e+03
-6.667895e+01 -6.507360e+03 7.456865e+03
-6.912559e+01 -6.523500e+03 7.467132e+03
-7.158038e+01 -6.539659e+03 7.477394e+03
-7.404333e+01 -6.555840e+03 7.487652e+03
-7.651445e+01 -6.572041e+03 7.497906e+03
-7.899374e+01 -6.588263e+03 7.508156e+03
-8.148121e+01 -6.604505e+03 7.518402e+03
-8.397687e+01 -6.620768e+03 7.528643e+03
-8.648073e+01 -6.637051e+03 7.538880e+03
-8.899279e+01 -6.653355e+03 7.549113e+03
-9.151306e+01 -6.669679e+03 7.559341e+03
-9.404154e+01 -6.686024e+03 7.569566e+03
-9.657825e+01 -6.702390e+03 7.579785e+03
-9.912319e+01 -6.718776e+03 7.590001e+03
-1.016764e+02 -6.735182e+03 7.600212e+03
-1.042378e+02 -6.751609e+03 7.610419e+03
-1.068075e+02 -6.768057e+03 7.620621e+03
-1.093854e+02 -6.784525e+03 7.630819e+03
-1.119716e+02 -6.801014e+03 7.641012e+03
-1.145661e+02 -6.817523e+03 7.651201e+03
-1.171689e+02 -6.834053e+03 7.661386e+03
-1.197800e+02 -6.850603e+03 7.671566e+03
-1.223993e+02 -6.867174e+03 7.681741e+03
-1.250270e+02 -6.883765e+03 7.691912e+03
-1.276630e+02 -6.900377e+03 7.702078e+03
-1.303073e+02 -6.917009e+03 7.712240e+03
-1.329599e+02 -6.933661e+03 7.722397e+03
-1.356208e+02 -6.950335e+03 7.732549e+03
-1.382901e+02 -6.967028e+03 7.742697e+03
-1.409678e+02 -6.983743e+03 7.752840e+03
-1.436538e+02 -7.000477e+03 7.762978e+03
-1.463482e+02 -7.017233e+03 7.773111e+03
-1.490509e+02 -7.034008e+03 7.783240e+03
-1.517620e+02 -7.050804e+03 7.793364e+03
-1.544815e+02 -7.067621e+03 7.803483e+03
-1.572094e+02 -7.084458e+03 7.813598e+03
-1.599457e+02 -7.101316e+03 7.823707e+03
-1.626904e+02 -7.118194e+03 7.833812e+03
-1.654436e+02 -7.135092e+03 7.843912e+03
-1.682051e+02 -7.152011e+03 7.854007e+03
-1.709751e+02 -7.168951e+03 7.864097e+03
-1.737535e+02 -7.185911e+03 7.874182e+03
-1.765403e+02 -7.202891e+03 7.884262e+03
-1.793357e+02 -7.219892e+03 7.894337e+03
-1.821394e+02 -7.236913e+03 7.904407e+03
-1.849517e+02 -7.253955e+03 7.914472e+03
-1.877724e+02 -7.271017e+03 7.924532e+03
-1.906016e+02 -7.288100e+03 7.934587e+03
-1.934393e+02 -7.305203e+03 7.944637e+03
-1.962855e+02 -7.322327e+03 7.954682e+03
-1.991401e+02 -7.339471e+03 7.964722e+03
-2.020033e+02 -7.356635e+03 7.974756e+03
-2.048751e+02 -7.373820e+03 7.984786e+03
-2.077553e+02 -7.391026e+03 7.994810e+03
-2.106441e+02 -7.408251e+03 8.004829e+03
-2.135414e+02 -7.425498e+03 8.014843e+03
-2.164473e+02 -7.442764e+03 8.024851e+03
-2.193617e+02 -7.460051e+03 8.034855e+03
-2.222847e+02 -7.477359e+03 8.044853e+03
-2.252163e+02 -7.494687e+03 8.054845e+03
-2.281564e+02 -7.512035e+03 8.064833e+03
-2.311051e+02 -7.529404e+03 8.074815e+03
-2.340625e+02 -7.546793e+03 8.084791e+03
-2.370284e+02 -7.564203e+03 8.094763e+03
-2.400029e+02 -7.581633e+03 8.104729e+03
-2.429861e+02 -7.599083e+03 8.114689e+03
-2.459779e+02 -7.616554e+03 8.124644e+03
-2.489783e+02 -7.634046e+03 8.134594e+03
-2.519873e+02 -7.651557e+03 8.144538e+03
-2.550050e+02 -7.669089e+03 8.154477e+03
-2.580314e+02 -7.686642e+03 8.164410e+03
-2.610664e+02 -7.704215e+03 8.174338e+03
-2.641101e+02 -7.721808e+03 8.184260e+03
-2.671625e+02 -7.739422e+03 8.194176e+03
-2.702235e+02 -7.757056e+03 8.204087e+03
-2.732933e+02 -7.774711e+03 8.213992e+03
-2.763717e+02 -7.792385e+03 8.223892e+03
-2.794588e+02 -7.810081e+03 8.233786e+03
-2.825547e+02 -7.827797e+03 8.243674e+03
-2.856593e+02 -7.845533e+03 8.253557e+03
-2.887726e+02 -7.863289e+03 8.263434e+03
-2.918947e+02 -7.881066e+03 8.273305e+03
-2.950255e+02 -7.898863e+03 8.283170e+03
-2.981651e+02 -7.916681e+03 8.293030e+03
-3.013134e+02 -7.934519e+03 8.302884e+03
-3.044705e+02 -7.952378e+03 8.312732e+03
-3.076363e+02 -7.970257e+03 8.322574e+03
-3.108110e+02 -7.988156e+03 8.332411e+03
-3.139945e+02 -8.006075e+03 8.342241e+03
-3.171867e+02 -8.024015e+03 8.352066e+03
-3.203878e+02 -8.041976e+03 8.361884e+03
-3.235976e+02 -8.059957e+03 8.371697e+03
-3.268163e+02 -8.077958e+03 8.381504e+03
-3.300439e+02 -8.095979e+03 8.391305e+03
-3.332802e+02 -8.114021e+03 8.401100e+03
-3.365254e+02 -8.132083e+03 8.410889e+03
-3.397795e+02 -8.150166e+03 8.420672e+03
-3.430424e+02 -8.168269e+03 8.430449e+03
-3.463142e+02 -8.186393e+03 8.440220e+03
-3.495949e+02 -8.204536e+03 8.449984e+03
-3.528845e+02 -8.222701e+03 8.459743e+03
-3.561830e+02 -8.240885e+03 8.469496e+03
-3.594903e+02 -8.259090e+03 8.479242e+03
-3.628066e+02 -8.277315e+03 8.488982e+03
-3.661318e+02 -8.295561e+03 8.498716e+03
-3.694659e+02 -8.313827e+03 8.508444e+03
-3.728089e+02 -8.332113e+03 8.518166e+03
-3.761609e+02 -8.350420e+03 8.527881e+03
-3.795219e+02 -8.368747e+03 8.537591e+03
-3.828918e+02 -8.387095e+03 8.547294e+03
-3.862706e+02 -8.405463e+03 8.556990e+03
-3.896585e+02 -8.423851e+03 8.566681e+03
-3.930553e+02 -8.442260e+03 8.576365e+03
-3.964611e+02 -8.460689e+03 8.586042e+03
-3.998759e+02 -8.479138e+03 8.595714e+03
-4.032997e+02 -8.497608e+03 8.605379e+03
-4.067325e+02 -8.516098e+03 8.615037e+03
-4.101744e+02 -8.534608e+03 8.624689e+03
-4.136252e+02 -8.553139e+03 8.634335e+03
-4.170851e+02 -8.571690e+03 8.643974e+03
-4.205541e+02 -8.590262e+03 8.653607e+03
-4.240321e+02 -8.608854e+03 8.663233e+03
-4.275192e+02 -8.627466e+03 8.672853e+03
-4.310153e+02 -8.646099e+03 8.682466e+03
-4.345205e+02 -8.664752e+03 8.692073e+03
-4.380348e+02 -8.683425e+03 8.701673e+03
-4.415582e+02 -8.702119e+03 8.711267e+03
-4.450907e+02 -8.720833e+03 8.720854e+03
-4.486323e+02 -8.739568e+03 8.730434e+03
-4.521830e+02 -8.758322e+03 8.740008e+03
-4.557429e+02 -8.777098e+03 8.749575e+03
-4.593119e+02 -8.795893e+03 8.759135e+03
-4.628900e+02 -8.814709e+03 8.768689e+03
-4.664772e+02 -8.833546e+03 8.778236e+03
-4.700737e+02 -8.852402e+03 8.787776e+03
-4.736793e+02 -8.871279e+03 8.797310e+03
-4.772941e+02 -8.890177e+03 8.806836e+03
-4.809180e+02 -8.909095e+03 8.816356e+03
-4.845512e+02 -8.928033e+03 8.825869e+03
-4.881935e+02 -8.946991e+03 8.835376e+03
-4.918451e+02 -8.965970e+03 8.844875e+03
-4.955059e+02 -8.984970e+03 8.854368e+03
-4.991759e+02 -9.003989e+03 8.863853e+03
-5.028551e+02 -9.023029e+03 8.873332e+03
-5.065436e+02 -9.042090e+03 8.882804e+03
-5.102413e+02 -9.061171e+03 8.892269e+03
-5.139483e+02 -9.080272e+03 8.901727e+03
-5.176645e+02 -9.099393e+03 8.911178e+03
-5.213900e+02 -9.118535e+03 8.920622e+03
-5.251249e+02 -9.137698e+03 8.930059e+03
-5.288690e+02 -9.156880e+03 8.939489e+03
-5.326224e+02 -9.176084e+03 8.948912e+03
-5.363851e+02 -9.195307e+03 8.958328e+03
-5.401571e+02 -9.214551e+03 8.967736e+03
-5.439384e+02 -9.233815e+03 8.977138e+03
-5.477291e+02 -9.253100e+03 8.986533e+03
-5.515292e+02 -9.272405e+03 8.995920e+03
-5.553385e+02 -9.291730e+03 9.005300e+03
-5.591573e+02 -9.311076e+03 9.014673e+03
-5.629854e+02 -9.330442e+03 9.024039e+03
-5.668229e+02 -9.349829e+03 9.033398e+03
-5.706697e+02 -9.369236e+03 9.042749e+03
-5.745260e+02 -9.388663e+03 9.052094e+03
-5.783916e+02 -9.408111e+03 9.061430e+03
-5.822667e+02 -9.427579e+03 9.070760e+03
-5.861512e+02 -9.447068e+03 9.080082e+03
-5.900451e+02 -9.466577e+03 9.089397e+03
-5.939485e+02 -9.486106e+03 9.098705e+03
-5.978613e+02 -9.505656e+03 9.108005e+03
-6.017835e+02 -9.525226e+03 9.117298e+03
-6.057153e+02 -9.544817e+03 9.126584e+03
-6.096565e+02 -9.564428e+03 9.135862e+03
-6.136071e+02 -9.584060e+03 9.145132e+03
-6.175673e+02 -9.603711e+03 9.154396e+03
-6.215369e+02 -9.623384e+03 9.163651e+03
-6.255161e+02 -9.643076e+03 9.172900e+03
-6.295048e+02 -9.662790e+03 9.182140e+03
-6.335030e+02 -9.682523e+03 9.191373e+03
-6.375107e+02 -9.702277e+03 9.200599e+03
-6.415280e+02 -9.722052e+03 9.209817e+03
-6.455548e+02 -9.741846e+03 9.219028e+03
-6.495912e+02 -9.761662e+03 9.228231e+03
-6.536371e+02 -9.781497e+03 9.237426e+03
-6.576927e+02 -9.801354e+03 9.246613e+03
-6.617578e+02 -9.821230e+03 9.255793e+03
-6.658325e+02 -9.841127e+03 9.264966e+03
-6.699168e+02 -9.861045e+03 9.274130e+03
-6.740107e+02 -9.880983e+03 9.283287e+03
-6.781142e+02 -9.900941e+03 9.292436e+03
-6.822274e+02 -9.920920e+03 9.301578e+03
-6.863502e+02 -9.940919e+03 9.310711e+03
-6.904827e+02 -9.960939e+03 9.319837e+03
-6.946248e+02 -9.980979e+03 9.328955e+03
-6.987766e+02 -1.000104e+04 9.338066e+03
-7.029380e+02 -1.002112e+04 9.347168e+03
-7.071092e+02 -1.004122e+04 9.356263e+03
-7.112900e+02 -1.006134e+04 9.365349e+03
-7.154805e+02 -1.008149e+04 9.374428e+03
-7.196808e+02 -1.010165e+04 9.383499e+03
-7.238908e+02 -1.012183e+04 9.392562e+03
-7.281105e+02 -1.014204e+04 9.401617e+03
-7.323399e+02 -1.016226e+04 9.410664e+03
-7.365791e+02 -1.018251e+04 9.419703e+03
-7.408280e+02 -1.020277e+04 9.428734e+03
-7.450867e+02 -1.022306e+04 9.437756e+03
-7.493552e+02 -1.024336e+04 9.446771e+03
-7.536335e+02 -1.026369e+04 9.455778e+03
-7.579215e+02 -1.028404e+04 9.464777e+03
-7.622194e+02 -1.030441e+04 9.473768e+03
-7.665271e+02 -1.032480e+04 9.482750e+03
-7.708446e+02 -1.034520e+04 9.491725e+03
-7.751719e+02 -1.036563e+04 9.500691e+03
-7.795090e+02 -1.038608e+04 9.509649e+03
-7.838561e+02 -1.040655e+04 9.518599e+03
-7.882129e+02 -1.042705e+04 9.527540e+03
-7.925797e+02 -1.044756e+04 9.536474e+03
-7.969563e+02 -1.046809e+04 9.545399e+03
-8.013428e+02 -1.048864e+04 9.554316e+03
-8.057392e+02 -1.050922e+04 9.563224e+03
-8.101455e+02 -1.052981e+04 9.572125e+03
-8.145617e+02 -1.055042e+04 9.581017e+03
-8.189879e+02 -1.057106e+04 9.589900e+03
-8.234240e+02 -1.059171e+04 9.598775e+03
-8.278700e+02 -1.061239e+04 9.607642e+03
-8.323260e+02 -1.063309e+04 9.616501e+03
-8.367919e+02 -1.065380e+04 9.625351e+03
-8.412678e+02 -1.067454e+04 9.634192e+03
-8.457537e+02 -1.069530e+04 9.643026e+03
-8.502496e+02 -1.071608e+04 9.651850e+03
-8.547555e+02 -1.073688e+04 9.660666e+03
-8.592714e+02 -1.075770e+04 9.669474e+03
-8.637973e+02 -1.077854e+04 9.678273e+03
-8.683332e+02 -1.079940e+04 9.687064e+03
-8.728792e+02 -1.082028e+04 9.695846e+03
-8.774353e+02 -1.084119e+04 9.704619e+03
-8.820014e+02 -1.086211e+04 9.713384e+03
-8.865775e+02 -1.088305e+04 9.722140e+03
-8.911638e+02 -1.090402e+04 9.730888e+03
-8.957601e+02 -1.092500e+04 9.739626e+03
-9.003665e+02 -1.094601e+04 9.748357e+03
-9.049831e+02 -1.096703e+04 9.757078e+03
-9.096097e+02 -1.098808e+04 9.765791e+03
-9.142465e+02 -1.100915e+04 9.774495e+03
-9.188934e+02 -1.103024e+04 9.783190e+03
-9.235505e+02 -1.105134e+04 9.791876e+03
-9.282177e+02 -1.107247e+04 9.800554e+03
-9.328951e+02 -1.109362e+04 9.809223e+03
-9.375826e+02 -1.111480e+04 9.817883e+03
-9.422804e+02 -1.113599e+04 9.826534e+03
-9.469883e+02 -1.115720e+04 9.835176e+03
-9.517065e+02 -1.117843e+04 9.843809e+03
-9.564348e+02 -1.119969e+04 9.852434e+03
-9.611734e+02 -1.122096e+04 9.861049e+03
-9.659223e+02 -1.124226e+04 9.869656e+03
-9.706813e+02 -1.126357e+04 9.878253e+03
-9.754507e+02 -1.128491e+04 9.886842e+03
-9.802303e+02 -1.130626e+04 9.895421e+03
-9.850201e+02 -1.132764e+04 9.903992e+03
-9.898203e+02 -1.134904e+04 9.912553e+03
-9.946308e+02 -1.137046e+04 9.921106e+03
-9.994515e+02 -1.139190e+04 9.929649e+03
-1.004283e+03 -1.141336e+04 9.938183e+03
-1.009124e+03 -1.143484e+04 9.946708e+03
-1.013976e+03 -1.145635e+04 9.955224e+03
-1.018838e+03 -1.147787e+04 9.963731e+03
-1.023710e+03 -1.149941e+04 9.972228e+03
-1.028593e+03 -1.152098e+04 9.980716e+03
-1.033486e+03 -1.154256e+04 9.989196e+03
-1.038390e+03 -1.156417e+04 9.997665e+03
-1.043304e+03 -1.158580e+04 1.000613e+04
-1.048228e+03 -1.160744e+04 1.001458e+04
-1.053163e+03 -1.162911e+04 1.002302e+04
-1.058108e+03 -1.165080e+04 1.003145e+04
-1.063064e+03 -1.167251e+04 1.003987e+04
-1.068030e+03 -1.169424e+04 1.004829e+04
-1.073007e+03 -1.171600e+04 1.005669e+04
-1.077994e+03 -1.173777e+04 1.006509e+04
-1.082991e+03 -1.175956e+04 1.007347e+04
-1.087999e+03 -1.178138e+04 1.008185e+04
-1.093018e+03 -1.180321e+04 1.009022e+04
-1.098047e+03 -1.182507e+04 1.009857e+04
-1.103087e+03 -1.184694e+04 1.010692e+04
-1.108137e+03 -1.186884e+04 1.011526e+04
-1.113197e+03 -1.189076e+04 1.012359e+04
-1.118269e+03 -1.191270e+04 1.013191e+04
-1.123350e+03 -1.193466e+04 1.014022e+04
-1.128443e+03 -1.195664e+04 1.014852e+04
-1.133546e+03 -1.197865e+04 1.015681e+04
-1.138659e+03 -1.200067e+04 1.016509e+04
-1.143783e+03 -1.202271e+04 1.017336e+04
-1.148918e+03 -1.204478e+04 1.018162e+04
-1.154064e+03 -1.206686e+04 1.018987e+04
-1.159220e+03 -1.208897e+04 1.019811e+04
-1.164386e+03 -1.211110e+04 1.020635e+04
-1.169564e+03 -1.213325e+04 1.021457e+04
-1.174752e+03 -1.215542e+04 1.022278e+04
-1.179950e+03 -1.217761e+04 1.023098e+04
-1.185160e+03 -1.219982e+04 1.023918e+04
-1.190380e+03 -1.222205e+04 1.024736e+04
-1.195611e+03 -1.224431e+04 1.025553e+04
-1.200852e+03 -1.226658e+04 1.026369e+04
-1.206105e+03 -1.228888e+04 1.027185e+04
-1.211368e+03 -1.231120e+04 1.027999e+04
-1.216642e+03 -1.233353e+04 1.028812e+04
-1.221926e+03 -1.235589e+04 1.029625e+04
-1.227222e+03 -1.237827e+04 1.030436e+04
-1.232528e+03 -1.240067e+04 1.031246e+04
-1.237845e+03 -1.242310e+04 1.032056e+04
-1.243172e+03 -1.244554e+04 1.032864e+04
-1.248511e+03 -1.246800e+04 1.033671e+04
-1.253860e+03 -1.249049e+04 1.034478e+04
-1.259221e+03 -1.251299e+04 1.035283e+04
-1.264592e+03 -1.253552e+04 1.036087e+04
-1.269974e+03 -1.255807e+04 1.036890e+04
-1.275367e+03 -1.258064e+04 1.037693e+04
-1.280771e+03 -1.260323e+04 1.038494e+04
-1.286185e+03 -1.262584e+04 1.039294e+04
-1.291611e+03 -1.264848e+04 1.040093e+04
-1.297048e+03 -1.267113e+04 1.040891e+04
-1.302495e+03 -1.269381e+04 1.041688e+04
-1.307953e+03 -1.271650e+04 1.042484e+04
-1.313423e+03 -1.273922e+04 1.043279e+04
-1.318903e+03 -1.276196e+04 1.044073e+04
-1.324395e+03 -1.278472e+04 1.044866e+04
-1.329897e+03 -1.280750e+04 1.045658e+04
-1.335410e+03 -1.283030e+04 1.046449e+04
-1.340935e+03 -1.285313e+04 1.047239e+04
-1.346470e+03 -1.287597e+04 1.048028e+04
-1.352016e+03 -1.289884e+04 1.048815e+04
-1.357574e+03 -1.292172e+04 1.049602e+04
-1.363142e+03 -1.294463e+04 1.050388e+04
-1.368722e+03 -1.296756e+04 1.051172e+04
-1.374313e+03 -1.299051e+04 1.051956e+04
-1.379915e+03 -1.301349e+04 1.052738e+04
-1.385527e+03 -1.303648e+04 1.053520e+04
-1.391152e+03 -1.305949e+04 1.054300e+04
-1.396787e+03 -1.308253e+04 1.055079e+04
-1.402433e+03 -1.310559e+04 1.055857e+04
-1.408090e+03 -1.312867e+04 1.056634e+04
-1.413759e+03 -1.315177e+04 1.057410e+04
-1.419439e+03 -1.317489e+04 1.058185e+04
-1.425130e+03 -1.319803e+04 1.058959e+04
-1.430832e+03 -1.322120e+04 1.059732e+04
-1.436546e+03 -1.324438e+04 1.060504e+04
-1.442270e+03 -1.326759e+04 1.061274e+04
-1.448006e+03 -1.329082e+04 1.062044e+04
-1.453753e+03 -1.331407e+04 1.062812e+04
-1.459512e+03 -1.333734e+04 1.063580e+04
-1.465281e+03 -1.336063e+04 1.064346e+04
-1.471062e+03 -1.338394e+04 1.065111e+04
-1.476854e+03 -1.340728e+04 1.065875e+04
-1.482658e+03 -1.343063e+04 1.066638e+04
-1.488473e+03 -1.345401e+04 1.067400e+04
-1.494299e+03 -1.347741e+04 1.068160e+04
-1.500137e+03 -1.350083e+04 1.068920e+04
-1.505985e+03 -1.352428e+04 1.069679e+04
-1.511846e+03 -1.354774e+04 1.070436e+04
-1.517717e+03 -1.357122e+04 1.071192e+04
-1.523600e+03 -1.359473e+04 1.071947e+04
-1.529495e+03 -1.361826e+04 1.072701e+04
-1.535401e+03 -1.364181e+04 1.073454e+04
-1.541318e+03 -1.366538e+04 1.074206e+04
-1.547247e+03 -1.368897e+04 1.074957e+04
-1.553187e+03 -1.371259e+04 1.075706e+04
-1.559139e+03 -1.373623e+04 1.076455e+04
-1.565102e+03 -1.375988e+04 1.077202e+04
-1.571076e+03 -1.378356e+04 1.077948e+04
-1.577062e+03 -1.380726e+04 1.078693e+04
-1.583060e+03 -1.383099e+04 1.079437e+04
-1.589069e+03 -1.385473e+04 1.080180e+04
-1.595090e+03 -1.387850e+04 1.080921e+04
-1.601122e+03 -1.390228e+04 1.081662e+04
-1.607166e+03 -1.392609e+04 1.082401e+04
-1.613221e+03 -1.394992e+04 1.083139e+04
-1.619288e+03 -1.397377e+04 1.083876e+04
-1.625367e+03 -1.399765e+04 1.084612e+04
-1.631457e+03 -1.402154e+04 1.085346e+04
-1.637559e+03 -1.404546e+04 1.086080e+04
-1.643672e+03 -1.406940e+04 1.086812e+04
-1.649797e+03 -1.409336e+04 1.087543e+04
-1.655934e+03 -1.411734e+04 1.088273e+04
-1.662082e+03 -1.414135e+04 1.089002e+04
-1.668242e+03 -1.416537e+04 1.089729e+04
-1.674414e+03 -1.418942e+04 1.090456e+04
-1.680597e+03 -1.421349e+04 1.091181e+04
-1.686793e+03 -1.423758e+04 1.091905e+04
-1.693000e+03 -1.426169e+04 1.092628e+04
-1.699218e+03 -1.428583e+04 1.093349e+04
-1.705449e+03 -1.430999e+04 1.094070e+04
-1.711691e+03 -1.433416e+04 1.094789e+04
-1.717945e+03 -1.435836e+04 1.095507e+04
-1.724211e+03 -1.438259e+04 1.096224e+04
-1.730488e+03 -1.440683e+04 1.096940e+04
-1.736778e+03 -1.443110e+04 1.097654e+04
-1.743079e+03 -1.445538e+04 1.098367e+04
-1.749392e+03 -1.447969e+04 1.099079e+04
-1.755717e+03 -1.450402e+04 1.099790e+04
-1.762054e+03 -1.452838e+04 1.100500e+04
-1.768403e+03 -1.455275e+04 1.101208e+04
-1.774764e+03 -1.457715e+04 1.101915e+04
-1.781136e+03 -1.460157e+04 1.102621e+04
-1.787521e+03 -1.462601e+04 1.103326e+04
-1.793917e+03 -1.465047e+04 1.104030e+04
-1.800325e+03 -1.467496e+04 1.104732e+04
-1.806746e+03 -1.469947e+04 1.105433e+04
-1.813178e+03 -1.472399e+04 1.106133e+04
-1.819622e+03 -1.474855e+04 1.106831e+04
-1.826079e+03 -1.477312e+04 1.107529e+04
-1.832547e+03 -1.479771e+04 1.108225e+04
-1.839027e+03 -1.482233e+04 1.108919e+04
-1.845520e+03 -1.484697e+04 1.109613e+04
-1.852024e+03 -1.487163e+04 1.110305e+04
-1.858541e+03 -1.489631e+04 1.110996e+04
-1.865069e+03 -1.492102e+04 1.111686e+04
-1.871610e+03 -1.494575e+04 1.112375e+04
-1.878163e+03 -1.497050e+04 1.113062e+04
-1.884728e+03 -1.499527e+04 1.113748e+04
-1.891305e+03 -1.502006e+04 1.114433e+04
-1.897894e+03 -1.504488e+04 1.115116e+04
-1.904495e+03 -1.506972e+04 1.115798e+04
-1.911109e+03 -1.509458e+04 1.116479e+04
-1.917735e+03 -1.511946e+04 1.117159e+04
-1.924373e+03 -1.514436e+04 1.117837e+04
-1.931023e+03 -1.516929e+04 1.118514e+04
-1.937685e+03 -1.519424e+04 1.119190e+04
-1.944360e+03 -1.521921e+04 1.119864e+04
-1.951046e+03 -1.524420e+04 1.120538e+04
-1.957746e+03 -1.526922e+04 1.121210e+04
-1.964457e+03 -1.529426e+04 1.121880e+04
-1.971181e+03 -1.531932e+04 1.122549e+04
-1.977917e+03 -1.534440e+04 1.123217e+04
-1.984665e+03 -1.536951e+04 1.123884e+04
-1.991426e+03 -1.539463e+04 1.124549e+04
-1.998199e+03 -1.541978e+04 1.125213e+04
-2.004984e+03 -1.544495e+04 1.125876e+04
-2.011782e+03 -1.547015e+04 1.126538e+04
-2.018592e+03 -1.549536e+04 1.127198e+04
-2.025414e+03 -1.552060e+04 1.127856e+04
-2.032249e+03 -1.554587e+04 1.128514e+04
-2.039096e+03 -1.557115e+04 1.129170e+04
-2.045956e+03 -1.559646e+04 1.129825e+04
-2.052828e+03 -1.562178e+04 1.130478e+04
-2.059713e+03 -1.564713e+04 1.131130e+04
-2.066610e+03 -1.567251e+04 1.131781e+04
-2.073520e+03 -1.569790e+04 1.132430e+04
-2.080442e+03 -1.572332e+04 1.133078e+04
-2.087377e+03 -1.574876e+04 1.133725e+04
-2.094324e+03 -1.577423e+04 1.134370e+04
-2.101284e+03 -1.579971e+04 1.135014e+04
-2.108256e+03 -1.582522e+04 1.135657e+04
-2.115241e+03 -1.585075e+04 1.136298e+04
-2.122239e+03 -1.587631e+04 1.136938e+04
-2.129249e+03 -1.590188e+04 1.137577e+04
-2.136271e+03 -1.592748e+04 1.138214e+04
-2.143307e+03 -1.595310e+04 1.138849e+04
-2.150355e+03 -1.597875e+04 1.139484e+04
-2.157415e+03 -1.600441e+04 1.140117e+04
-2.164489e+03 -1.603010e+04 1.140748e+04
-2.171575e+03 -1.605581e+04 1.141379e+04
-2.178673e+03 -1.608155e+04 1.142007e+04
-2.185785e+03 -1.610730e+04 1.142635e+04
-2.192909e+03 -1.613308e+04 1.143261e+04
-2.200046e+03 -1.615889e+04 1.143885e+04
-2.207196e+03 -1.618471e+04 1.144509e+04
-2.214358e+03 -1.621056e+04 1.145130e+04
-2.221533e+03 -1.623643e+04 1.145751e+04
-2.228721e+03 -1.626232e+04 1.146370e+04
-2.235922e+03 -1.628824e+04 1.146987e+04
-2.243136e+03 -1.631418e+04 1.147604e+04
-2.250362e+03 -1.634014e+04 1.148218e+04
-2.257601e+03 -1.636613e+04 1.148832e+04
-2.264854e+03 -1.639213e+04 1.149443e+04
-2.272119e+03 -1.641816e+04 1.150054e+04
-2.279397e+03 -1.644422e+04 1.150663e+04
-2.286688e+03 -1.647029e+04 1.151270e+04
-2.293991e+03 -1.649639e+04 1.151877e+04
-2.301308e+03 -1.652251e+04 1.152481e+04
-2.308638e+03 -1.654866e+04 1.153084e+04
-2.315980e+03 -1.657482e+04 1.153686e+04
-2.323336e+03 -1.660101e+04 1.154286e+04
-2.330705e+03 -1.662723e+04 1.154885e+04
-2.338086e+03 -1.665346e+04 1.155483e+04
-2.345481e+03 -1.667972e+04 1.156079e+04
-2.352889e+03 -1.670600e+04 1.156673e+04
-2.360309e+03 -1.673231e+04 1.157266e+04
-2.367743e+03 -1.675864e+04 1.157857e+04
-2.375190e+03 -1.678499e+04 1.158447e+04
-2.382650e+03 -1.681136e+04 1.159036e+04
-2.390123e+03 -1.683776e+04 1.159623e+04
-2.397609e+03 -1.686418e+04 1.160209e+04
-2.405109e+03 -1.689062e+04 1.160793e+04
-2.412621e+03 -1.691709e+04 1.161375e+04
-2.420147e+03 -1.694358e+04 1.161956e+04
-2.427686e+03 -1.697009e+04 1.162536e+04
-2.435238e+03 -1.699662e+04 1.163114e+04
-2.442803e+03 -1.702318e+04 1.163690e+04
-2.450382e+03 -1.704977e+04 1.164265e+04
-2.457973e+03 -1.707637e+04 1.164839e+04
-2.465578e+03 -1.710300e+04 1.165411e+04
-2.473196e+03 -1.712965e+04 1.165981e+04
-2.480828e+03 -1.715632e+04 1.166550e+04
-2.488473e+03 -1.718302e+04 1.167118e+04
-2.496131e+03 -1.720974e+04 1.167684e+04
-2.503802e+03 -1.723649e+04 1.168248e+04
-2.511487e+03 -1.726325e+04 1.168811e+04
-2.519185e+03 -1.729004e+04 1.169372e+04
-2.526897e+03 -1.731686e+04 1.169932e+04
-2.534622e+03 -1.734370e+04 1.170490e+04
-2.542360e+03 -1.737056e+04 1.171046e+04
-2.550112e+03 -1.739744e+04 1.171601e+04
-2.557877e+03 -1.742435e+04 1.172155e+04
-2.565655e+03 -1.745128e+04 1.172707e+04
-2.573447e+03 -1.747823e+04 1.173257e+04
-2.581253e+03 -1.750521e+04 1.173806e+04
-2.589072e+03 -1.753221e+04 1.174353e+04
-2.596904e+03 -1.755923e+04 1.174899e+04
-2.604750e+03 -1.758628e+04 1.175443e+04
-2.612609e+03 -1.761335e+04 1.175985e+04
-2.620483e+03 -1.764045e+04 1.176526e+04
-2.628369e+03 -1.766756e+04 1.177065e+04
-2.636269e+03 -1.769471e+04 1.177603e+04
-2.644183e+03 -1.772187e+04 1.178139e+04
-2.652110e+03 -1.774906e+04 1.178673e+04
-2.660051e+03 -1.777627e+04 1.179206e+04
-2.668006e+03 -1.780350e+04 1.179737e+04
-2.675974e+03 -1.783076e+04 1.180267e+04
-2.683956e+03 -1.785805e+04 1.180795e+04
-2.691952e+03 -1.788535e+04 1.181321e+04
-2.699961e+03 -1.791268e+04 1.181846e+04
-2.707984e+03 -1.794003e+04 1.182369e+04
-2.716021e+03 -1.796741e+04 1.182890e+04
-2.724071e+03 -1.799481e+04 1.183410e+04
-2.732135e+03 -1.802223e+04 1.183928e+04
-2.740213e+03 -1.804968e+04 1.184444e+04
-2.748305e+03 -1.807715e+04 1.184959e+04
-2.756410e+03 -1.810465e+04 1.185472e+04
-2.764530e+03 -1.813217e+04 1.185984e+04
-2.772663e+03 -1.815971e+04 1.186494e+04
-2.780810e+03 -1.818727e+04 1.187002e+04
-2.788971e+03 -1.821486e+04 1.187509e+04
-2.797146e+03 -1.824248e+04 1.188013e+04
-2.805334e+03 -1.827012e+04 1.188517e+04
-2.813537e+03 -1.829778e+04 1.189018e+04
-2.821753e+03 -1.832546e+04 1.189518e+04
-2.829983e+03 -1.835317e+04 1.190016e+04
-2.838228e+03 -1.838090e+04 1.190512e+04
-2.846486e+03 -1.840866e+04 1.191007e+04
-2.854758e+03 -1.843644e+04 1.191500e+04
-2.863044e+03 -1.846424e+04 1.191991e+04
-2.871345e+03 -1.849207e+04 1.192481e+04
-2.879659e+03 -1.851992e+04 1.192969e+04
-2.887987e+03 -1.854780e+04 1.193455e+04
-2.896329e+03 -1.857570e+04 1.193939e+04
-2.904686e+03 -1.860362e+04 1.194422e+04
-2.913056e+03 -1.863157e+04 1.194903e+04
-2.921441e+03 -1.865954e+04 1.195382e+04
-2.929839e+03 -1.868753e+04 1.195859e+04
-2.938252e+03 -1.871555e+04 1.196335e+04
-2.946679e+03 -1.874359e+04 1.196809e+04
-2.955120e+03 -1.877166e+04 1.197281e+04
-2.963575e+03 -1.879975e+04 1.197752e+04
-2.972045e+03 -1.882787e+04 1.198221e+04
-2.980528e+03 -1.885601e+04 1.198687e+04
-2.989026e+03 -1.888417e+04 1.199153e+04
-2.997538e+03 -1.891236e+04 1.199616e+04
-3.006065e+03 -1.894057e+04 1.200078e+04
-3.014605e+03 -1.896880e+04 1.200537e+04
-3.023160e+03 -1.899706e+04 1.200996e+04
-3.031729e+03 -1.902535e+04 1.201452e+04
-3.040313e+03 -1.905365e+04 1.201906e+04
-3.048910e+03 -1.908199e+04 1.202359e+04
-3.057523e+03 -1.911034e+04 1.202810e+04
-3.066149e+03 -1.913872e+04 1.203259e+04
-3.074790e+03 -1.916713e+04 1.203706e+04
-3.083445e+03 -1.919555e+04 1.204151e+04
-3.092115e+03 -1.922401e+04 1.204595e+04
-3.100799e+03 -1.925248e+04 1.205037e+04
-3.109497e+03 -1.928099e+04 1.205477e+04
-3.118210e+03 -1.930951e+04 1.205915e+04
-3.126937e+03 -1.933806e+04 1.206351e+04
-3.135679e+03 -1.936664e+04 1.206786e+04
-3.144436e+03 -1.939523e+04 1.207218e+04
-3.153206e+03 -1.942386e+04 1.207649e+04
-3.161992e+03 -1.945250e+04 1.208078e+04
-3.170792e+03 -1.948117e+04 1.208505e+04
-3.179606e+03 -1.950987e+04 1.208930e+04
-3.188435e+03 -1.953859e+04 1.209353e+04
-3.197279e+03 -1.956733e+04 1.209775e+04
-3.206137e+03 -1.959610e+04 1.210194e+04
-3.215009e+03 -1.962490e+04 1.210612e+04
-3.223897e+03 -1.965371e+04 1.211028e+04
-3.232799e+03 -1.968256e+04 1.211441e+04
-3.241716e+03 -1.971142e+04 1.211853e+04
-3.250647e+03 -1.974031e+04 1.212263e+04
-3.259593e+03 -1.976923e+04 1.212672e+04
-3.268554e+03 -1.979817e+04 1.213078e+04
-3.277529e+03 -1.982713e+04 1.213482e+04
-3.286519e+03 -1.985612e+04 1.213885e+04
-3.295524e+03 -1.988513e+04 1.214285e+04
-3.304544e+03 -1.991417e+04 1.214684e+04
-3.313579e+03 -1.994324e+04 1.215080e+04
-3.322628e+03 -1.997232e+04 1.215475e+04
-3.331692e+03 -2.000143e+04 1.215868e+04
-3.340771e+03 -2.003057e+04 1.216259e+04
-3.349865e+03 -2.005973e+04 1.216647e+04
-3.358973e+03 -2.008892e+04 1.217034e+04
-3.368097e+03 -2.011813e+04 1.217419e+04
-3.377235e+03 -2.014736e+04 1.217802e+04
-3.386389e+03 -2.017662e+04 1.218183e+04
-3.395557e+03 -2.020590e+04 1.218562e+04
-3.404740e+03 -2.023521e+04 1.218939e+04
-3.413938e+03 -2.026454e+04 1.219314e+04
-3.423151e+03 -2.029390e+04 1.219687e+04
-3.432379e+03 -2.032328e+04 1.220059e+04
-3.441622e+03 -2.035269e+04 1.220428e+04
-3.450880e+03 -2.038212e+04 1.220795e+04
-3.460153e+03 -2.041158e+04 1.221160e+04
-3.469441e+03 -2.044106e+04 1.221523e+04
-3.478745e+03 -2.047057e+04 1.221884e+04
-3.488063e+03 -2.050010e+04 1.222243e+04
-3.497396e+03 -2.052966e+04 1.222600e+04
-3.506745e+03 -2.055924e+04 1.222955e+04
-3.516108e+03 -2.058884e+04 1.223308e+04
-3.525487e+03 -2.061847e+04 1.223659e+04
-3.534881e+03 -2.064813e+04 1.224007e+04
-3.544290e+03 -2.067781e+04 1.224354e+04
-3.553714e+03 -2.070751e+04 1.224699e+04
-3.563153e+03 -2.073724e+04 1.225041e+04
-3.572608e+03 -2.076700e+04 1.225382e+04
-3.582077e+03 -2.079678e+04 1.225721e+04
-3.591563e+03 -2.082658e+04 1.226057e+04
-3.601063e+03 -2.085641e+04 1.226391e+04
-3.610578e+03 -2.088626e+04 1.226724e+04
-3.620109e+03 -2.091614e+04 1.227054e+04
-3.629655e+03 -2.094605e+04 1.227382e+04
-3.639217e+03 -2.097598e+04 1.227708e+04
-3.648794e+03 -2.100593e+04 1.228032e+04
-3.658386e+03 -2.103591e+04 1.228353e+04
-3.667993e+03 -2.106591e+04 1.228673e+04
-3.677616e+03 -2.109594e+04 1.228990e+04
-3.687255e+03 -2.112600e+04 1.229306e+04
-3.696908e+03 -2.115608e+04 1.229619e+04
-3.706577e+03 -2.118618e+04 1.229930e+04
-3.716262e+03 -2.121631e+04 1.230239e+04
-3.725962e+03 -2.124646e+04 1.230546e+04
-3.735678e+03 -2.127664e+04 1.230851e+04
-3.745409e+03 -2.130685e+04 1.231153e+04
-3.755155e+03 -2.133708e+04 1.231453e+04
-3.764917e+03 -2.136733e+04 1.231752e+04
-3.774695e+03 -2.139761e+04 1.232048e+04
-3.784488e+03 -2.142792e+04 1.232341e+04
-3.794296e+03 -2.145825e+04 1.232633e+04
-3.804121e+03 -2.148860e+04 1.232922e+04
-3.813960e+03 -2.151898e+04 1.233210e+04
-3.823816e+03 -2.154939e+04 1.233495e+04
-3.833687e+03 -2.157982e+04 1.233777e+04
-3.843574e+03 -2.161028e+04 1.234058e+04
-3.853476e+03 -2.164076e+04 1.234336e+04
-3.863394e+03 -2.167126e+04 1.234613e+04
-3.873328e+03 -2.170179e+04 1.234886e+04
-3.883277e+03 -2.173235e+04 1.235158e+04
-3.893242e+03 -2.176293e+04 1.235428e+04
-3.903223e+03 -2.179354e+04 1.235695e+04
-3.913220e+03 -2.182417e+04 1.235960e+04
-3.923232e+03 -2.185483e+04 1.236222e+04
-3.933260e+03 -2.188552e+04 1.236483e+04
-3.943304e+03 -2.191622e+04 1.236741e+04
-3.953364e+03 -2.194696e+04 1.236997e+04
-3.963440e+03 -2.197772e+04 1.237251e+04
-3.973531e+03 -2.200850e+04 1.237502e+04
-3.983638e+03 -2.203931e+04 1.237751e+04
-3.993761e+03 -2.207015e+04 1.237998e+04
-4.003901e+03 -2.210101e+04 1.238242e+04
-4.014055e+03 -2.213189e+04 1.238484e+04
-4.024226e+03 -2.216281e+04 1.238724e+04
-4.034413e+03 -2.219374e+04 1.238962e+04
-4.044616e+03 -2.222471e+04 1.239197e+04
-4.054834e+03 -2.225569e+04 1.239430e+04
-4.065069e+03 -2.228671e+04 1.239660e+04
-4.075320e+03 -2.231775e+04 1.239889e+04
-4.085586e+03 -2.234881e+04 1.240114e+04
-4.095869e+03 -2.237990e+04 1.240338e+04
-4.106168e+03 -2.241101e+04 1.240559e+04
-4.116483e+03 -2.244215e+04 1.240778e+04
-4.126813e+03 -2.247332e+04 1.240994e+04
-4.137160e+03 -2.250451e+04 1.241208e+04
-4.147523e+03 -2.253573e+04 1.241420e+04
-4.157903e+03 -2.256697e+04 1.241629e+04
-4.168298e+03 -2.259824e+04 1.241836e+04
-4.178709e+03 -2.262953e+04 1.242041e+04
-4.189137e+03 -2.266085e+04 1.242243e+04
-4.199580e+03 -2.269220e+04 1.242442e+04
-4.210040e+03 -2.272357e+04 1.242640e+04
-4.220516e+03 -2.275496e+04 1.242835e+04
-4.231009e+03 -2.278638e+04 1.243027e+04
-4.241517e+03 -2.281783e+04 1.243217e+04
-4.252042e+03 -2.284930e+04 1.243405e+04
-4.262583e+03 -2.288080e+04 1.243590e+04
-4.273141e+03 -2.291232e+04 1.243772e+04
-4.283714e+03 -2.294387e+04 1.243952e+04
-4.294304e+03 -2.297545e+04 1.244130e+04
-4.304910e+03 -2.300705e+04 1.244305e+04
-4.315533e+03 -2.303867e+04 1.244478e+04
-4.326172e+03 -2.307033e+04 1.244649e+04
-4.336827e+03 -2.310200e+04 1.244816e+04
-4.347499e+03 -2.313371e+04 1.244982e+04
-4.358187e+03 -2.316544e+04 1.245145e+04
-4.368892e+03 -2.319719e+04 1.245305e+04
-4.379613e+03 -2.322897e+04 1.245463e+04
-4.390350e+03 -2.326078e+04 1.245618e+04
-4.401104e+03 -2.329261e+04 1.245771e+04
-4.411874e+03 -2.332446e+04 1.245921e+04
-4.422661e+03 -2.335635e+04 1.246069e+04
-4.433464e+03 -2.338826e+04 1.246214e+04
-4.444284e+03 -2.342019e+04 1.246357e+04
-4.455121e+03 -2.345215e+04 1.246497e+04
-4.465973e+03 -2.348414e+04 1.246634e+04
-4.476843e+03 -2.351615e+04 1.246769e+04
-4.487729e+03 -2.354819e+04 1.246902e+04
-4.498632e+03 -2.358025e+04 1.247032e+04
-4.509551e+03 -2.361234e+04 1.247159e+04
-4.520487e+03 -2.364445e+04 1.247284e+04
-4.531439e+03 -2.367659e+04 1.247406e+04
-4.542408e+03 -2.370876e+04 1.247525e+04
-4.553394e+03 -2.374095e+04 1.247642e+04
-4.564396e+03 -2.377317e+04 1.247756e+04
-4.575416e+03 -2.380541e+04 1.247868e+04
-4.586451e+03 -2.383768e+04 1.247977e+04
-4.597504e+03 -2.386998e+04 1.248083e+04
-4.608573e+03 -2.390230e+04 1.248187e+04
-4.619659e+03 -2.393464e+04 1.248288e+04
-4.630762e+03 -2.396702e+04 1.248386e+04
-4.641882e+03 -2.399941e+04 1.248482e+04
-4.653018e+03 -2.403184e+04 1.248575e+04
-4.664172e+03 -2.406429e+04 1.248666e+04
-4.675342e+03 -2.409677e+04 1.248753e+04
-4.686528e+03 -2.412927e+04 1.248838e+04
-4.697732e+03 -2.416179e+04 1.248921e+04
-4.708953e+03 -2.419435e+04 1.249000e+04
-4.720190e+03 -2.422693e+04 1.249077e+04
-4.731445e+03 -2.425953e+04 1.249152e+04
-4.742716e+03 -2.429216e+04 1.249223e+04
-4.754004e+03 -2.432482e+04 1.249292e+04
-4.765309e+03 -2.435750e+04 1.249358e+04
-4.776631e+03 -2.439021e+04 1.249422e+04
-4.787970e+03 -2.442295e+04 1.249482e+04
-4.799326e+03 -2.445571e+04 1.249540e+04
-4.810699e+03 -2.448850e+04 1.249595e+04
-4.822089e+03 -2.452131e+04 1.249647e+04
-4.833496e+03 -2.455415e+04 1.249697e+04
-4.844920e+03 -2.458701e+04 1.249744e+04
-4.856362e+03 -2.461990e+04 1.249788e+04
-4.867820e+03 -2.465282e+04 1.249829e+04
-4.879295e+03 -2.468576e+04 1.249868e+04
-4.890787e+03 -2.471873e+04 1.249903e+04
-4.902297e+03 -2.475172e+04 1.249936e+04
-4.913824e+03 -2.478474e+04 1.249966e+04
-4.925367e+03 -2.481779e+04 1.249993e+04
-4.936928e+03 -2.485086e+04 1.250018e+04
-4.948506e+03 -2.488396e+04 1.250039e+04
-4.960101e+03 -2.491708e+04 1.250058e+04
-4.971714e+03 -2.495023e+04 1.250074e+04
-4.983344e+03 -2.498341e+04 1.250087e+04
-4.994990e+03 -2.501661e+04 1.250097e+04
-5.006654e+03 -2.504984e+04 1.250104e+04
-5.018336e+03 -2.508309e+04 1.250108e+04
-5.030034e+03 -2.511637e+04 1.250110e+04
-5.041750e+03 -2.514968e+04 1.250108e+04
-5.053483e+03 -2.518301e+04 1.250104e+04
-5.065234e+03 -2.521636e+04 1.250097e+04
-5.077001e+03 -2.524975e+04 1.250087e+04
-5.088787e+03 -2.528316e+04 1.250074e+04
-5.100589e+03 -2.531659e+04 1.250058e+04
-5.112409e+03 -2.535005e+04 1.250039e+04
-5.124246e+03 -2.538354e+04 1.250017e+04
-5.136100e+03 -2.541706e+04 1.249992e+04
-5.147972e+03 -2.545060e+04 1.249965e+04
-5.159862e+03 -2.548416e+04 1.249934e+04
-5.171768e+03 -2.551775e+04 1.249900e+04
-5.183693e+03 -2.555137e+04 1.249864e+04
-5.195634e+03 -2.558501e+04 1.249824e+04
-5.207593e+03 -2.561868e+04 1.249781e+04
-5.219570e+03 -2.565238e+04 1.249736e+04
-5.231564e+03 -2.568610e+04 1.249687e+04
-5.243576e+03 -2.571985e+04 1.249636e+04
-5.255605e+03 -2.575362e+04 1.249581e+04
-5.267651e+03 -2.578742e+04 1.249523e+04
-5.279715e+03 -2.582124e+04 1.249463e+04
-5.291797e+03 -2.585510e+04 1.249399e+04
-5.303896e+03 -2.588897e+04 1.249332e+04
-5.316013e+03 -2.592288e+04 1.249263e+04
-5.328148e+03 -2.595681e+04 1.249190e+04
-5.340300e+03 -2.599076e+04 1.249114e+04
-5.352470e+03 -2.602474e+04 1.249035e+04
-5.364657e+03 -2.605875e+04 1.248953e+04
-5.376862e+03 -2.609278e+04 1.248868e+04
-5.389085e+03 -2.612684e+04 1.248779e+04
-5.401325e+03 -2.616093e+04 1.248688e+04
-5.413583e+03 -2.619504e+04 1.248594e+04
-5.425859e+03 -2.622918e+04 1.248496e+04
-5.438152e+03 -2.626334e+04 1.248395e+04
-5.450463e+03 -2.629753e+04 1.248292e+04
-5.462792e+03 -2.633174e+04 1.248185e+04
-5.475139e+03 -2.636599e+04 1.248074e+04
-5.487503e+03 -2.640025e+04 1.247961e+04
-5.499885e+03 -2.643455e+04 1.247845e+04
-5.512285e+03 -2.646886e+04 1.247725e+04
-5.524703e+03 -2.650321e+04 1.247602e+04
-5.537138e+03 -2.653758e+04 1.247477e+04
-5.549592e+03 -2.657198e+04 1.247347e+04
-5.562063e+03 -2.660640e+04 1.247215e+04
-5.574552e+03 -2.664085e+04 1.247080e+04
-5.587059e+03 -2.667532e+04 1.246941e+04
-5.599584e+03 -2.670983e+04 1.246799e+04
-5.612127e+03 -2.674435e+04 1.246654e+04
-5.624687e+03 -2.677891e+04 1.246505e+04
-5.637266e+03 -2.681348e+04 1.246354e+04
-5.649862e+03 -2.684809e+04 1.246199e+04
-5.662477e+03 -2.688272e+04 1.246041e+04
-5.675109e+03 -2.691738e+04 1.245879e+04
-5.687759e+03 -2.695206e+04 1.245715e+04
-5.700428e+03 -2.698677e+04 1.245547e+04
-5.713114e+03 -2.702150e+04 1.245375e+04
-5.725818e+03 -2.705626e+04 1.245201e+04
-5.738540e+03 -2.709105e+04 1.245023e+04
-5.751281e+03 -2.712586e+04 1.244842e+04
-5.764039e+03 -2.716070e+04 1.244657e+04
-5.776815e+03 -2.719556e+04 1.244470e+04
-5.789610e+03 -2.723045e+04 1.244278e+04
-5.802422e+03 -2.726537e+04 1.244084e+04
-5.815253e+03 -2.730031e+04 1.243886e+04
-5.828102e+03 -2.733528e+04 1.243685e+04
-5.840968e+03 -2.737027e+04 1.243481e+04
-5.853853e+03 -2.740529e+04 1.243273e+04
-5.866756e+03 -2.744033e+04 1.243061e+04
-5.879677e+03 -2.747540e+04 1.242847e+04
-5.892617e+03 -2.751050e+04 1.242629e+04
-5.905574e+03 -2.754562e+04 1.242407e+04
-5.918550e+03 -2.758077e+04 1.242182e+04
-5.931544e+03 -2.761595e+04 1.241954e+04
-5.944556e+03 -2.765115e+04 1.241722e+04
-5.957586e+03 -2.768637e+04 1.241487e+04
-5.970635e+03 -2.772162e+04 1.241249e+04
-5.983701e+03 -2.775690e+04 1.241007e+04
-5.996786e+03 -2.779220e+04 1.240761e+04
-6.009889e+03 -2.782753e+04 1.240512e+04
-6.023011e+03 -2.786289e+04 1.240260e+04
-6.036151e+03 -2.789827e+04 1.240004e+04
-6.049309e+03 -2.793367e+04 1.239745e+04
-6.062485e+03 -2.796911e+04 1.239482e+04
-6.075680e+03 -2.800456e+04 1.239216e+04
-6.088893e+03 -2.804005e+04 1.238946e+04
-6.102124e+03 -2.807556e+04 1.238672e+04
-6.115374e+03 -2.811109e+04 1.238396e+04
-6.128642e+03 -2.814665e+04 1.238115e+04
-6.141928e+03 -2.818224e+04 1.237831e+04
-6.155233e+03 -2.821785e+04 1.237544e+04
-6.168556e+03 -2.825349e+04 1.237253e+04
-6.181897e+03 -2.828915e+04 1.236958e+04
-6.195257e+03 -2.832484e+04 1.236660e+04
-6.208636e+03 -2.836056e+04 1.236358e+04
-6.222033e+03 -2.839630e+04 1.236052e+04
-6.235448e+03 -2.843206e+04 1.235744e+04
-6.248881e+03 -2.846785e+04 1.235431e+04
-6.262334e+03 -2.850367e+04 1.235115e+04
-6.275804e+03 -2.853951e+04 1.234795e+04
-6.289293e+03 -2.857538e+04 1.234471e+04
-6.302801e+03 -2.861128e+04 1.234144e+04
-6.316327e+03 -2.864720e+04 1.233814e+04
-6.329871e+03 -2.868314e+04 1.233479e+04
-6.343435e+03 -2.871911e+04 1.233141e+04
-6.357016e+03 -2.875511e+04 1.232800e+04
-6.370616e+03 -2.879113e+04 1.232454e+04
-6.384235e+03 -2.882718e+04 1.232105e+04
-6.397872e+03 -2.886325e+04 1.231752e+04
-6.411528e+03 -2.889935e+04 1.231396e+04
-6.425203e+03 -2.893547e+04 1.231036e+04
-6.438896e+03 -2.897162e+04 1.230672e+04
-6.452607e+03 -2.900780e+04 1.230304e+04
-6.466338e+03 -2.904400e+04 1.229933e+04
-6.480087e+03 -2.908022e+04 1.229558e+04
-6.493854e+03 -2.911648e+04 1.229179e+04
-6.507640e+03 -2.915275e+04 1.228796e+04
-6.521445e+03 -2.918905e+04 1.228410e+04
-6.535269e+03 -2.922538e+04 1.228020e+04
-6.549111e+03 -2.926173e+04 1.227626e+04
-6.562972e+03 -2.929811e+04 1.227228e+04
-6.576851e+03 -2.933452e+04 1.226826e+04
-6.590749e+03 -2.937094e+04 1.226421e+04
-6.604666e+03 -2.940740e+04 1.226012e+04
-6.618602e+03 -2.944388e+04 1.225599e+04
-6.632556e+03 -2.948038e+04 1.225182e+04
-6.646529e+03 -2.951691e+04 1.224762e+04
-6.660521e+03 -2.955347e+04 1.224337e+04
-6.674532e+03 -2.959005e+04 1.223909e+04
-6.688561e+03 -2.962665e+04 1.223476e+04
-6.702609e+03 -2.966328e+04 1.223040e+04
-6.716676e+03 -2.969994e+04 1.222600e+04
-6.730762e+03 -2.973662e+04 1.222156e+04
-6.744866e+03 -2.977333e+04 1.221709e+04
-6.758989e+03 -2.981006e+04 1.221257e+04
-6.773131e+03 -2.984681e+04 1.220801e+04
-6.787292e+03 -2.988360e+04 1.220342e+04
-6.801472e+03 -2.992040e+04 1.219878e+04
-6.815671e+03 -2.995724e+04 1.219411e+04
-6.829888e+03 -2.999409e+04 1.218940e+04
-6.844124e+03 -3.003097e+04 1.218464e+04
-6.858380e+03 -3.006788e+04 1.217985e+04
-6.872654e+03 -3.010481e+04 1.217502e+04
-6.886946e+03 -3.014177e+04 1.217014e+04
-6.901258e+03 -3.017875e+04 1.216523e+04
-6.915589e+03 -3.021576e+04 1.216028e+04
-6.929939e+03 -3.025279e+04 1.215529e+04
-6.944307e+03 -3.028985e+04 1.215025e+04
-6.958695e+03 -3.032693e+04 1.214518e+04
-6.973101e+03 -3.036404e+04 1.214007e+04
-6.987526e+03 -3.040117e+04 1.213491e+04
-7.001970e+03 -3.043832e+04 1.212972e+04
-7.016434e+03 -3.047551e+04 1.212448e+04
-7.030916e+03 -3.051271e+04 1.211921e+04
-7.045417e+03 -3.054994e+04 1.211389e+04
-7.059937e+03 -3.058720e+04 1.210854e+04
-7.074476e+03 -3.062448e+04 1.210314e+04
-7.089034e+03 -3.066178e+04 1.209770e+04
-7.103611e+03 -3.069911e+04 1.209222e+04
-7.118207e+03 -3.073647e+04 1.208670e+04
-7.132823e+03 -3.077385e+04 1.208113e+04
-7.147457e+03 -3.081125e+04 1.207553e+04
-7.162110e+03 -3.084868e+04 1.206988e+04
-7.176782e+03 -3.088613e+04 1.206419e+04
-7.191473e+03 -3.092361e+04 1.205847e+04
-7.206183e+03 -3.096111e+04 1.205269e+04
-7.220913e+03 -3.099864e+04 1.204688e+04
-7.235661e+03 -3.103619e+04 1.204103e+04
-7.250429e+03 -3.107377e+04 1.203513e+04
-7.265215e+03 -3.111137e+04 1.202919e+04
-7.280021e+03 -3.114899e+04 1.202321e+04
-7.294846e+03 -3.118664e+04 1.201719e+04
-7.309689e+03 -3.122431e+04 1.201112e+04
-7.324552e+03 -3.126201e+04 1.200501e+04
-7.339434e+03 -3.129973e+04 1.199886e+04
-7.354335e+03 -3.133748e+04 1.199267e+04
-7.369256e+03 -3.137525e+04 1.198643e+04
-7.384195e+03 -3.141305e+04 1.198016e+04
-7.399154e+03 -3.145087e+04 1.197383e+04
-7.414131e+03 -3.148871e+04 1.196747e+04
-7.429128e+03 -3.152658e+04 1.196106e+04
-7.444144e+03 -3.156447e+04 1.195461e+04
-7.459179e+03 -3.160239e+04 1.194812e+04
-7.474233e+03 -3.164033e+04 1.194158e+04
-7.489307e+03 -3.167829e+04 1.193500e+04
-7.504400e+03 -3.171628e+04 1.192838e+04
-7.519511e+03 -3.175429e+04 1.192171e+04
-7.534642e+03 -3.179233e+04 1.191500e+04
-7.549793e+03 -3.183039e+04 1.190824e+04
-7.564962e+03 -3.186848e+04 1.190144e+04
-7.580151e+03 -3.190658e+04 1.189460e+04
-7.595358e+03 -3.194472e+04 1.188771e+04
-7.610585e+03 -3.198287e+04 1.188078e+04
-7.625832e+03 -3.202105e+04 1.187381e+04
-7.641097e+03 -3.205926e+04 1.186679e+04
-7.656382e+03 -3.209749e+04 1.185972e+04
-7.671686e+03 -3.213574e+04 1.185261e+04
-7.687009e+03 -3.217402e+04 1.184546e+04
-7.702351e+03 -3.221232e+04 1.183826e+04
-7.717713e+03 -3.225064e+04 1.183102e+04
-7.733094e+03 -3.228899e+04 1.182373e+04
-7.748494e+03 -3.232736e+04 1.181640e+04
-7.763914e+03 -3.236575e+04 1.180902e+04
-7.779352e+03 -3.240417e+04 1.180160e+04
-7.794811e+03 -3.244261e+04 1.179413e+04
-7.810288e+03 -3.248108e+04 1.178662e+04
-7.825784e+03 -3.251957e+04 1.177906e+04
-7.841300e+03 -3.255808e+04 1.177146e+04
-7.856835e+03 -3.259661e+04 1.176381e+04
-7.872390e+03 -3.263517e+04 1.175611e+04
-7.887964e+03 -3.267376e+04 1.174837e+04
-7.903557e+03 -3.271236e+04 1.174059e+04
-7.919169e+03 -3.275099e+04 1.173275e+04
-7.934801e+03 -3.278964e+04 1.172487e+04
-7.950452e+03 -3.282832e+04 1.171695e+04
-7.966122e+03 -3.286702e+04 1.170898e+04
-7.981812e+03 -3.290574e+04 1.170096e+04
-7.997521e+03 -3.294449e+04 1.169290e+04
-8.013249e+03 -3.298326e+04 1.168479e+04
-8.028997e+03 -3.302205e+04 1.167663e+04
-8.044764e+03 -3.306086e+04 1.166843e+04
-8.060550e+03 -3.309970e+04 1.166018e+04
-8.076356e+03 -3.313856e+04 1.165188e+04
-8.092181e+03 -3.317745e+04 1.164354e+04
-8.108025e+03 -3.321636e+04 1.163515e+04
-8.123889e+03 -3.325529e+04 1.162671e+04
-8.139772e+03 -3.329424e+04 1.161822e+04
-8.155674e+03 -3.333321e+04 1.160969e+04
-8.171596e+03 -3.337221e+04 1.160111e+04
-8.187537e+03 -3.341124e+04 1.159248e+04
-8.203498e+03 -3.345028e+04 1.158381e+04
-8.219478e+03 -3.348935e+04 1.157509e+04
-8.235477e+03 -3.352844e+04 1.156632e+04
-8.251496e+03 -3.356755e+04 1.155750e+04
-8.267534e+03 -3.360668e+04 1.154863e+04
-8.283592e+03 -3.364584e+04 1.153972e+04
-8.299668e+03 -3.368502e+04 1.153076e+04
-8.315765e+03 -3.372423e+04 1.152175e+04
-8.331880e+03 -3.376345e+04 1.151269e+04
-8.348015e+03 -3.380270e+04 1.150358e+04
-8.364170e+03 -3.384197e+04 1.149442e+04
-8.380343e+03 -3.388126e+04 1.148522e+04
-8.396537e+03 -3.392058e+04 1.147597e+04
-8.412749e+03 -3.395992e+04 1.146667e+04
-8.428981e+03 -3.399927e+04 1.145732e+04
-8.445233e+03 -3.403866e+04 1.144792e+04
-8.461504e+03 -3.407806e+04 1.143847e+04
-8.477794e+03 -3.411749e+04 1.142897e+04
-8.494103e+03 -3.415694e+04 1.141942e+04
-8.510433e+03 -3.419641e+04 1.140983e+04
-8.526781e+03 -3.423590e+04 1.140018e+04
-8.543149e+03 -3.427541e+04 1.139049e+04
-8.559536e+03 -3.431495e+04 1.138074e+04
-8.575943e+03 -3.435451e+04 1.137095e+04
-8.592369e+03 -3.439409e+04 1.136110e+04
-8.608815e+03 -3.443369e+04 1.135121e+04
-8.625280e+03 -3.447332e+04 1.134127e+04
-8.641764e+03 -3.451296e+04 1.133127e+04
-8.658268e+03 -3.455263e+04 1.132123e+04
-8.674791e+03 -3.459232e+04 1.131113e+04
-8.691334e+03 -3.463203e+04 1.130099e+04
-8.707896e+03 -3.467176e+04 1.129079e+04
-8.724477e+03 -3.471152e+04 1.128055e+04
-8.741078e+03 -3.475129e+04 1.127025e+04
-8.757698e+03 -3.479109e+04 1.125990e+04
-8.774338e+03 -3.483091e+04 1.124950e+04
-8.790997e+03 -3.487075e+04 1.123906e+04
-8.807676e+03 -3.491061e+04 1.122856e+04
-8.824374e+03 -3.495049e+04 1.121800e+04
-8.841092e+03 -3.499040e+04 1.120740e+04
-8.857828e+03 -3.503032e+04 1.119675e+04
-8.874585e+03 -3.507027e+04 1.118604e+04
-8.891360e+03 -3.511024e+04 1.117529e+04
-8.908156e+03 -3.515023e+04 1.116448e+04
-8.924970e+03 -3.519024e+04 1.115362e+04
-8.941804e+03 -3.523027e+04 1.114271e+04
-8.958658e+03 -3.527032e+04 1.113174e+04
-8.975530e+03 -3.531040e+04 1.112073e+04
-8.992423e+03 -3.535049e+04 1.110966e+04
-9.009334e+03 -3.539060e+04 1.109854e+04
-9.026265e+03 -3.543074e+04 1.108737e+04
-9.043216e+03 -3.547090e+04 1.107615e+04
-9.060186e+03 -3.551107e+04 1.106487e+04
-9.077175e+03 -3.555127e+04 1.105354e+04
-9.094184e+03 -3.559149e+04 1.104216e+04
-9.111212e+03 -3.563173e+04 1.103073e+04
-9.128260e+03 -3.567199e+04 1.101924e+04
-9.145327e+03 -3.571227e+04 1.100770e+04
-9.162413e+03 -3.575257e+04 1.099611e+04
-9.179519e+03 -3.579289e+04 1.098446e+04
-9.196644e+03 -3.583323e+04 1.097276e+04
-9.213789e+03 -3.587360e+04 1.096101e+04
-9.230953e+03 -3.591398e+04 1.094920e+04
-9.248136e+03 -3.595438e+04 1.093734e+04
-9.265339e+03 -3.599480e+04 1.092543e+04
-9.282561e+03 -3.603524e+04 1.091347e+04
-9.299803e+03 -3.607571e+04 1.090145e+04
-9.317064e+03 -3.611619e+04 1.088937e+04
-9.334344e+03 -3.615669e+04 1.087724e+04
-9.351644e+03 -3.619722e+04 1.086506e+04
-9.368963e+03 -3.623776e+04 1.085283e+04
-9.386301e+03 -3.627832e+04 1.084054e+04
-9.403659e+03 -3.631890e+04 1.082819e+04
-9.421037e+03 -3.635951e+04 1.081579e+04
-9.438433e+03 -3.640013e+04 1.080334e+04
-9.455849e+03 -3.644077e+04 1.079083e+04
-9.473284e+03 -3.648143e+04 1.077827e+04
-9.490739e+03 -3.652211e+04 1.076565e+04
-9.508213e+03 -3.656281e+04 1.075298e+04
-9.525707e+03 -3.660353e+04 1.074025e+04
-9.543219e+03 -3.664427e+04 1.072747e+04
-9.560752e+03 -3.668503e+04 1.071463e+04
-9.578303e+03 -3.672580e+04 1.070174e+04
-9.595874e+03 -3.676660e+04 1.068879e+04
-9.613464e+03 -3.680742e+04 1.067579e+04
-9.631073e+03 -3.684825e+04 1.066273e+04
-9.648702e+03 -3.688910e+04 1.064961e+04
-9.666350e+03 -3.692998e+04 1.063644e+04
-9.684018e+03 -3.697087e+04 1.062322e+04
-9.701705e+03 -3.701178e+04 1.060993e+04
-9.719411e+03 -3.705271e+04 1.059659e+04
-9.737136e+03 -3.709366e+04 1.058320e+04
-9.754881e+03 -3.713463e+04 1.056975e+04
-9.772645e+03 -3.717561e+04 1.055624e+04
-9.790428e+03 -3.721662e+04 1.054268e+04
-9.808230e+03 -3.725764e+04 1.052906e+04
-9.826052e+03 -3.729868e+04 1.051538e+04
-9.843893e+03 -3.733974e+04 1.050165e+04
-9.861754e+03 -3.738082e+04 1.048786e+04
-9.879634e+03 -3.742192e+04 1.047401e+04
-9.897532e+03 -3.746303e+04 1.046011e+04
-9.915451e+03 -3.750417e+04 1.044615e+04
-9.933388e+03 -3.754532e+04 1.043213e+04
-9.951345e+03 -3.758649e+04 1.041806e+04
-9.969321e+03 -3.762768e+04 1.040392e+04
-9.987316e+03 -3.766888e+04 1.038973e+04
-1.000533e+04 -3.771011e+04 1.037549e+04
-1.002336e+04 -3.775135e+04 1.036118e+04
-1.004142e+04 -3.779261e+04 1.034682e+04
-1.005949e+04 -3.783389e+04 1.033240e+04
-1.007758e+04 -3.787518e+04 1.031792e+04
-1.009569e+04 -3.791650e+04 1.030338e+04
-1.011382e+04 -3.795783e+04 1.028879e+04
-1.013197e+04 -3.799918e+04 1.027413e+04
-1.015014e+04 -3.804054e+04 1.025942e+04
-1.016832e+04 -3.808193e+04 1.024465e+04
-1.018653e+04 -3.812333e+04 1.022982e+04
-1.020476e+04 -3.816475e+04 1.021494e+04
-1.022300e+04 -3.820618e+04 1.019999e+04
-1.024126e+04 -3.824763e+04 1.018499e+04
-1.025955e+04 -3.828910e+04 1.016992e+04
-1.027785e+04 -3.833059e+04 1.015480e+04
-1.029617e+04 -3.837209e+04 1.013962e+04
-1.031451e+04 -3.841362e+04 1.012438e+04
-1.033287e+04 -3.845515e+04 1.010908e+04
-1.035125e+04 -3.849671e+04 1.009372e+04
-1.036965e+04 -3.853828e+04 1.007830e+04
-1.038806e+04 -3.857987e+04 1.006283e+04
-1.040650e+04 -3.862147e+04 1.004729e+04
-1.042495e+04 -3.866310e+04 1.003169e+04
-1.044343e+04 -3.870473e+04 1.001603e+04
-1.046192e+04 -3.874639e+04 1.000032e+04
-1.048043e+04 -3.878806e+04 9.984540e+03
-1.049896e+04 -3.882975e+04 9.968703e+03
-1.051751e+04 -3.887145e+04 9.952805e+03
-1.053608e+04 -3.891317e+04 9.936848e+03
-1.055467e+04 -3.895491e+04 9.920829e+03
-1.057328e+04 -3.899666e+04 9.904751e+03
-1.059191e+04 -3.903843e+04 9.888612e+03
-1.061055e+04 -3.908021e+04 9.872412e+03
-1.062921e+04 -3.912201e+04 9.856151e+03
-1.064790e+04 -3.916383e+04 9.839830e+03
-1.066660e+04 -3.920566e+04 9.823448e+03
-1.068532e+04 -3.924751e+04 9.807004e+03
-1.070406e+04 -3.928937e+04 9.790499e+03
-1.072282e+04 -3.933125e+04 9.773934e+03
-1.074160e+04 -3.937314e+04 9.757306e+03
-1.076039e+04 -3.941505e+04 9.740618e+03
-1.077921e+04 -3.945698e+04 9.723868e+03
-1.079804e+04 -3.949892e+04 9.707056e+03
-1.081690e+04 -3.954087e+04 9.690182e+03
-1.083577e+04 -3.958284e+04 9.673247e+03
-1.085466e+04 -3.962483e+04 9.656250e+03
-1.087357e+04 -3.966683e+04 9.639190e+03
-1.089250e+04 -3.970885e+04 9.622069e+03
-1.091145e+04 -3.975088e+04 9.604885e+03
-1.093042e+04 -3.979292e+04 9.587640e+03
-1.094940e+04 -3.983498e+04 9.570331e+03
-1.096840e+04 -3.987706e+04 9.552961e+03
-1.098743e+04 -3.991915e+04 9.535527e+03
-1.100647e+04 -3.996125e+04 9.518031e+03
-1.102553e+04 -4.000337e+04 9.500473e+03
-1.104461e+04 -4.004550e+04 9.482851e+03
-1.106371e+04 -4.008765e+04 9.465167e+03
-1.108282e+04 -4.012981e+04 9.447419e+03
-1.110196e+04 -4.017199e+04 9.429608e+03
-1.112111e+04 -4.021418e+04 9.411734e+03
-1.114029e+04 -4.025638e+04 9.393797e+03
-1.115948e+04 -4.029860e+04 9.375796e+03
-1.117869e+04 -4.034083e+04 9.357732e+03
-1.119792e+04 -4.038308e+04 9.339604e+03
-1.121717e+04 -4.042534e+04 9.321413e+03
-1.123643e+04 -4.046761e+04 9.303157e+03
-1.125572e+04 -4.050990e+04 9.284838e+03
-1.127502e+04 -4.055220e+04 9.266455e+03
-1.129434e+04 -4.059451e+04 9.248008e+03
-1.131368e+04 -4.063684e+04 9.229496e+03
-1.133304e+04 -4.067918e+04 9.210921e+03
-1.135242e+04 -4.072154e+04 9.192281e+03
-1.137182e+04 -4.076390e+04 9.173576e+03
-1.139123e+04 -4.080628e+04 9.154807e+03
-1.141067e+04 -4.084868e+04 9.135973e+03
-1.143012e+04 -4.089108e+04 9.117075e+03
-1.144959e+04 -4.093350e+04 9.098112e+03
-1.146908e+04 -4.097594e+04 9.079083e+03
-1.148858e+04 -4.101838e+04 9.059990e+03
-1.150811e+04 -4.106084e+04 9.040832e+03
-1.152766e+04 -4.110331e+04 9.021608e+03
-1.154722e+04 -4.114579e+04 9.002320e+03
-1.156680e+04 -4.118829e+04 8.982965e+03
-1.158640e+04 -4.123079e+04 8.963546e+03
-1.160602e+04 -4.127331e+04 8.944060e+03
-1.162565e+04 -4.131585e+04 8.924510e+03
-1.164531e+04 -4.135839e+04 8.904893e+03
-1.166498e+04 -4.140095e+04 8.885210e+03
-1.168467e+04 -4.144351e+04 8.865462e+03
-1.170438e+04 -4.148609e+04 8.845647e+03
-1.172411e+04 -4.152869e+04 8.825767e+03
-1.174386e+04 -4.157129e+04 8.805820e+03
-1.176362e+04 -4.161390e+04 8.785807e+03
-1.178341e+04 -4.165653e+04 8.765727e+03
-1.180321e+04 -4.169917e+04 8.745581e+03
-1.182303e+04 -4.174182e+04 8.725368e+03
-1.184287e+04 -4.178448e+04 8.705089e+03
-1.186272e+04 -4.182715e+04 8.684743e+03
-1.188260e+04 -4.186984e+04 8.664330e+03
-1.190249e+04 -4.191253e+04 8.643850e+03
-1.192240e+04 -4.195524e+04 8.623303e+03
-1.194233e+04 -4.199795e+04 8.602689e+03
-1.196227e+04 -4.204068e+04 8.582007e+03
-1.198224e+04 -4.208342e+04 8.561259e+03
-1.200222e+04 -4.212617e+04 8.540442e+03
-1.202222e+04 -4.216893e+04 8.519559e+03
-1.204224e+04 -4.221170e+04 8.498607e+03
-1.206228e+04 -4.225448e+04 8.477588e+03
-1.208233e+04 -4.229727e+04 8.456502e+03
-1.210241e+04 -4.234007e+04 8.435347e+03
-1.212250e+04 -4.238288e+04 8.414124e+03
-1.214261e+04 -4.242570e+04 8.392834e+03
-1.216274e+04 -4.246853e+04 8.371475e+03
-1.218288e+04 -4.251137e+04 8.350048e+03
-1.220304e+04 -4.255422e+04 8.328552e+03
-1.222323e+04 -4.259709e+04 8.306989e+03
-1.224342e+04 -4.263996e+04 8.285356e+03
-1.226364e+04 -4.268284e+04 8.263655e+03
-1.228388e+04 -4.272573e+04 8.241885e+03
-1.230413e+04 -4.276863e+04 8.220047e+03
-1.232440e+04 -4.281153e+04 8.198140e+03
-1.234469e+04 -4.285445e+04 8.176163e+03
-1.236499e+04 -4.289738e+04 8.154118e+03
-1.238532e+04 -4.294031e+04 8.132003e+03
-1.240566e+04 -4.298326e+04 8.109820e+03
-1.242602e+04 -4.302621e+04 8.087567e+03
-1.244640e+04 -4.306918e+04 8.065244e+03
-1.246679e+04 -4.311215e+04 8.042852e+03
-1.248720e+04 -4.315513e+04 8.020390e+03
-1.250763e+04 -4.319812e+04 7.997859e+03
-1.252808e+04 -4.324111e+04 7.975258e+03
-1.254855e+04 -4.328412e+04 7.952587e+03
-1.256903e+04 -4.332713e+04 7.929846e+03
-1.258953e+04 -4.337016e+04 7.907035e+03
-1.261005e+04 -4.341319e+04 7.884154e+03
-1.263058e+04 -4.345622e+04 7.861202e+03
-1.265114e+04 -4.349927e+04 7.838181e+03
-1.267171e+04 -4.354232e+04 7.815088e+03
-1.269229e+04 -4.358539e+04 7.791926e+03
-1.271290e+04 -4.362846e+04 7.768693e+03
-1.273352e+04 -4.367153e+04 7.745389e+03
-1.275416e+04 -4.371462e+04 7.722014e+03
-1.277482e+04 -4.375771e+04 7.698568e+03
-1.279550e+04 -4.380081e+04 7.675052e+03
-1.281619e+04 -4.384392e+04 7.651464e+03
-1.283690e+04 -4.388703e+04 7.627806e+03
-1.285763e+04 -4.393015e+04 7.604076e+03
-1.287837e+04 -4.397328e+04 7.580275e+03
-1.289913e+04 -4.401641e+04 7.556402e+03
-1.291991e+04 -4.405955e+04 7.532458e+03
-1.294071e+04 -4.410270e+04 7.508443e+03
-1.296152e+04 -4.414585e+04 7.484356e+03
-1.298236e+04 -4.418902e+04 7.460197e+03
-1.300320e+04 -4.423218e+04 7.435966e+03
-1.302407e+04 -4.427536e+04 7.411663e+03
-1.304495e+04 -4.431854e+04 7.387288e+03
-1.306585e+04 -4.436172e+04 7.362842e+03
-1.308677e+04 -4.440491e+04 7.338323e+03
-1.310770e+04 -4.444811e+04 7.313731e+03
-1.312865e+04 -4.449132e+04 7.289068e+03
-1.314962e+04 -4.453452e+04 7.264332e+03
-1.317061e+04 -4.457774e+04 7.239523e+03
-1.319161e+04 -4.462096e+04 7.214642e+03
-1.321263e+04 -4.466419e+04 7.189688e+03
-1.323366e+04 -4.470742e+04 7.164662e+03
-1.325472e+04 -4.475065e+04 7.139562e+03
-1.327579e+04 -4.479390e+04 7.114390e+03
-1.329687e+04 -4.483714e+04 7.089144e+03
-1.331798e+04 -4.488039e+04 7.063825e+03
-1.333910e+04 -4.492365e+04 7.038434e+03
-1.336023e+04 -4.496691e+04 7.012968e+03
-1.338139e+04 -4.501018e+04 6.987430e+03
-1.340256e+04 -4.505345e+04 6.961818e+03
-1.342374e+04 -4.509672e+04 6.936132e+03
-1.344495e+04 -4.514000e+04 6.910373e+03
-1.346617e+04 -4.518329e+04 6.884540e+03
-1.348741e+04 -4.522657e+04 6.858633e+03
-1.350866e+04 -4.526986e+04 6.832653e+03
-1.352993e+04 -4.531316e+04 6.806598e+03
-1.355122e+04 -4.535646e+04 6.780469e+03
-1.357252e+04 -4.539976e+04 6.754266e+03
-1.359384e+04 -4.544307e+04 6.727989e+03
-1.361518e+04 -4.548638e+04 6.701638e+03
-1.363653e+04 -4.552969e+04 6.675212e+03
-1.365790e+04 -4.557301e+04 6.648711e+03
-1.367929e+04 -4.561633e+04 6.622136e+03
-1.370069e+04 -4.565966e+04 6.595487e+03
-1.372211e+04 -4.570298e+04 6.568762e+03
-1.374355e+04 -4.574631e+04 6.541963e+03
-1.376500e+04 -4.578965e+04 6.515089e+03
-1.378647e+04 -4.583298e+04 6.488140e+03
-1.380795e+04 -4.587632e+04 6.461116e+03
-1.382945e+04 -4.591966e+04 6.434016e+03
-1.385097e+04 -4.596300e+04 6.406842e+03
-1.387250e+04 -4.600635e+04 6.379592e+03
-1.389405e+04 -4.604970e+04 6.352266e+03
-1.391562e+04 -4.609305e+04 6.324866e+03
-1.393720e+04 -4.613640e+04 6.297389e+03
-1.395880e+04 -4.617975e+04 6.269837e+03
-1.398041e+04 -4.622311e+04 6.242209e+03
-1.400204e+04 -4.626646e+04 6.214506e+03
-1.402369e+04 -4.630982e+04 6.186726e+03
-1.404535e+04 -4.635318e+04 6.158870e+03
-1.406703e+04 -4.639654e+04 6.130939e+03
-1.408872e+04 -4.643991e+04 6.102931e+03
-1.411043e+04 -4.648327e+04 6.074847e+03
-1.413216e+04 -4.652664e+04 6.046687e+03
-1.415390e+04 -4.657000e+04 6.018450e+03
-1.417566e+04 -4.661337e+04 5.990137e+03
-1.419743e+04 -4.665674e+04 5.961747e+03
-1.421922e+04 -4.670011e+04 5.933280e+03
-1.424103e+04 -4.674348e+04 5.904737e+03
-1.426285e+04 -4.678685e+04 5.876117e+03
-1.428469e+04 -4.683021e+04 5.847420e+03
-1.430654e+04 -4.687358e+04 5.818646e+03
-1.432841e+04 -4.691696e+04 5.789796e+03
-1.435029e+04 -4.696033e+04 5.760868e+03
-1.437219e+04 -4.700370e+04 5.731862e+03
-1.439410e+04 -4.704707e+04 5.702780e+03
-1.441603e+04 -4.709043e+04 5.673620e+03
-1.443798e+04 -4.713380e+04 5.644383e+03
-1.445994e+04 -4.717717e+04 5.615068e+03
-1.448192e+04 -4.722054e+04 5.585676e+03
-1.450391e+04 -4.726391e+04 5.556205e+03
-1.452592e+04 -4.730727e+04 5.526658e+03
-1.454794e+04 -4.735064e+04 5.497032e+03
-1.456998e+04 -4.739400e+04 5.467328e+03
-1.459203e+04 -4.743737e+04 5.437547e+03
-1.461410e+04 -4.748073e+04 5.407687e+03
-1.463619e+04 -4.752409e+04 5.377749e+03
-1.465829e+04 -4.756745e+04 5.347733e+03
-1.468040e+04 -4.761080e+04 5.317638e+03
-1.470253e+04 -4.765416e+04 5.287466e+03
-1.472468e+04 -4.769751e+04 5.257214e+03
-1.474684e+04 -4.774086e+04 5.226885e+03
-1.476901e+04 -4.778421e+04 5.196476e+03
-1.479120e+04 -4.782756e+04 5.165989e+03
-1.481341e+04 -4.787090e+04 5.135423e+03
-1.483563e+04 -4.791425e+04 5.104778e+03
-1.485786e+04 -4.795759e+04 5.074055e+03
-1.488011e+04 -4.800092e+04 5.043252e+03
-1.490238e+04 -4.804426e+04 5.012370e+03
-1.492466e+04 -4.808759e+04 4.981409e+03
-1.494695e+04 -4.813092e+04 4.950369e+03
-1.496926e+04 -4.817424e+04 4.919250e+03
-1.499158e+04 -4.821757e+04 4.888051e+03
-1.501392e+04 -4.826088e+04 4.856773e+03
-1.503628e+04 -4.830420e+04 4.825415e+03
-1.505865e+04 -4.834751e+04 4.793977e+03
-1.508103e+04 -4.839082e+04 4.762460e+03
-1.510343e+04 -4.843412e+04 4.730863e+03
-1.512584e+04 -4.847742e+04 4.699187e+03
-1.514826e+04 -4.852072e+04 4.667430e+03
-1.517071e+04 -4.856401e+04 4.635593e+03
-1.519316e+04 -4.860730e+04 4.603677e+03
-1.521563e+04 -4.865058e+04 4.571680e+03
-1.523812e+04 -4.869386e+04 4.539603e+03
-1.526062e+04 -4.873713e+04 4.507446e+03
-1.528313e+04 -4.878040e+04 4.475208e+03
-1.530566e+04 -4.882367e+04 4.442890e+03
-1.532820e+04 -4.886693e+04 4.410491e+03
-1.535075e+04 -4.891018e+04 4.378012e+03
-1.537332e+04 -4.895343e+04 4.345452e+03
-1.539591e+04 -4.899667e+04 4.312812e+03
-1.541851e+04 -4.903991e+04 4.280091e+03
-1.544112e+04 -4.908315e+04 4.247288e+03
-1.546375e+04 -4.912637e+04 4.214405e+03
-1.548639e+04 -4.916959e+04 4.181441e+03
-1.550904e+04 -4.921281e+04 4.148396e+03
-1.553171e+04 -4.925602e+04 4.115270e+03
-1.555439e+04 -4.929922e+04 4.082062e+03
-1.557709e+04 -4.934242e+04 4.048773e+03
-1.559980e+04 -4.938561e+04 4.015403e+03
-1.562253e+04 -4.942879e+04 3.981952e+03
-1.564526e+04 -4.947197e+04 3.948419e+03
-1.566802e+04 -4.951514e+04 3.914804e+03
-1.569078e+04 -4.955830e+04 3.881107e+03
-1.571356e+04 -4.960146e+04 3.847329e+03
-1.573635e+04 -4.964461e+04 3.813470e+03
-1.575916e+04 -4.968775e+04 3.779528e+03
-1.578198e+04 -4.973088e+04 3.745504e+03
-1.580482e+04 -4.977401e+04 3.711399e+03
-1.582766e+04 -4.981713e+04 3.677211e+03
-1.585052e+04 -4.986024e+04 3.642941e+03
-1.587340e+04 -4.990334e+04 3.608589e+03
-1.589629e+04 -4.994644e+04 3.574155e+03
-1.591919e+04 -4.998952e+04 3.539638e+03
-1.594210e+04 -5.003260e+04 3.505039e+03
-1.596503e+04 -5.007567e+04 3.470358e+03
-1.598797e+04 -5.011874e+04 3.435594e+03
-1.601092e+04 -5.016179e+04 3.400747e+03
-1.603389e+04 -5.020483e+04 3.365818e+03
-1.605687e+04 -5.024787e+04 3.330806e+03
-1.607987e+04 -5.029090e+04 3.295711e+03
-1.610287e+04 -5.033391e+04 3.260533e+03
-1.612589e+04 -5.037692e+04 3.225272e+03
-1.614893e+04 -5.041992e+04 3.189929e+03
-1.617197e+04 -5.046291e+04 3.154502e+03
-1.619503e+04 -5.050589e+04 3.118992e+03
-1.621810e+04 -5.054886e+04 3.083399e+03
-1.624119e+04 -5.059182e+04 3.047722e+03
-1.626428e+04 -5.063477e+04 3.011963e+03
-1.628739e+04 -5.067771e+04 2.976120e+03
-1.631052e+04 -5.072064e+04 2.940193e+03
-1.633365e+04 -5.076356e+04 2.904183e+03
-1.635680e+04 -5.080647e+04 2.868089e+03
-1.637996e+04 -5.084936e+04 2.831912e+03
-1.640314e+04 -5.089225e+04 2.795651e+03
-1.642632e+04 -5.093513e+04 2.759306e+03
-1.644952e+04 -5.097799e+04 2.722877e+03
-1.647273e+04 -5.102084e+04 2.686364e+03
-1.649596e+04 -5.106369e+04 2.649767e+03
-1.651919e+04 -5.110652e+04 2.613087e+03
-1.654244e+04 -5.114934e+04 2.576322e+03
-1.656570e+04 -5.119214e+04 2.539473e+03
-1.658897e+04 -5.123494e+04 2.502540e+03
-1.661226e+04 -5.127772e+04 2.465522e+03
-1.663556e+04 -5.132050e+04 2.428420e+03
-1.665886e+04 -5.136325e+04 2.391234e+03
-1.668219e+04 -5.140600e+04 2.353963e+03
-1.670552e+04 -5.144874e+04 2.316608e+03
-1.672887e+04 -5.149146e+04 2.279168e+03
-1.675222e+04 -5.153417e+04 2.241643e+03
-1.677559e+04 -5.157686e+04 2.204034e+03
-1.679897e+04 -5.161955e+04 2.166340e+03
-1.682237e+04 -5.166222e+04 2.128561e+03
-1.684577e+04 -5.170487e+04 2.090697e+03
-1.686919e+04 -5.174752e+04 2.052748e+03
-1.689262e+04 -5.179015e+04 2.014715e+03
-1.691606e+04 -5.183276e+04 1.976596e+03
-1.693951e+04 -5.187536e+04 1.938392e+03
-1.696298e+04 -5.191795e+04 1.900102e+03
-1.698645e+04 -5.196053e+04 1.861728e+03
-1.700994e+04 -5.200309e+04 1.823268e+03
-1.703344e+04 -5.204563e+04 1.784723e+03
-1.705695e+04 -5.208816e+04 1.746092e+03
-1.708047e+04 -5.213068e+04 1.707376e+03
-1.710400e+04 -5.217318e+04 1.668574e+03
-1.712755e+04 -5.221567e+04 1.629687e+03
-1.715110e+04 -5.225814e+04 1.590714e+03
-1.717467e+04 -5.230060e+04 1.551655e+03
-1.719825e+04 -5.234304e+04 1.512511e+03
-1.722184e+04 -5.238546e+04 1.473280e+03
-1.724544e+04 -5.242787e+04 1.433964e+03
-1.726905e+04 -5.247027e+04 1.394562e+03
-1.729267e+04 -5.251265e+04 1.355074e+03
-1.731630e+04 -5.255501e+04 1.315499e+03
-1.733995e+04 -5.259736e+04 1.275839e+03
-1.736360e+04 -5.263969e+04 1.236092e+03
-1.738727e+04 -5.268200e+04 1.196260e+03
-1.741095e+04 -5.272430e+04 1.156341e+03
-1.743463e+04 -5.276658e+04 1.116335e+03
-1.745833e+04 -5.280884e+04 1.076243e+03
-1.748204e+04 -5.285109e+04 1.036065e+03
-1.750576e+04 -5.289332e+04 9.958005e+02
-1.752949e+04 -5.293553e+04 9.554492e+02
-1.755323e+04 -5.297773e+04 9.150113e+02
-1.757698e+04 -5.301991e+04 8.744868e+02
-1.760075e+04 -5.306207e+04 8.338756e+02
-1.762452e+04 -5.310421e+04 7.931776e+02
-1.764830e+04 -5.314633e+04 7.523927e+02
-1.767209e+04 -5.318844e+04 7.115211e+02
-1.769590e+04 -5.323053e+04 6.705624e+02
-1.771971e+04 -5.327260e+04 6.295169e+02
-1.774354e+04 -5.331465e+04 5.883843e+02
-1.776737e+04 -5.335668e+04 5.471646e+02
-1.779121e+04 -5.339870e+04 5.058578e+02
-1.781507e+04 -5.344069e+04 4.644638e+02
-1.783893e+04 -5.348267e+04 4.229826e+02
-1.786281e+04 -5.352463e+04 3.814142e+02
-1.788669e+04 -5.356656e+04 3.397584e+02
-1.791059e+04 -5.360848e+04 2.980152e+02
-1.793449e+04 -5.365038e+04 2.561846e+02
-1.795840e+04 -5.369226e+04 2.142665e+02
-1.798233e+04 -5.373412e+04 1.722609e+02
-1.800626e+04 -5.377596e+04 1.301678e+02
-1.803020e+04 -5.381778e+04 8.798699e+01
-1.805416e+04 -5.385957e+04 4.571854e+01
-1.807812e+04 -5.390135e+04 3.362384e+00
-1.810209e+04 -5.394311e+04 -3.908154e+01
-1.812607e+04 -5.398485e+04 -8.161327e+01
-1.815006e+04 -5.402656e+04 -1.242329e+02
-1.817406e+04 -5.406826e+04 -1.669404e+02
-1.819807e+04 -5.410993e+04 -2.097358e+02
-1.822209e+04 -5.415158e+04 -2.526192e+02
-1.824612e+04 -5.419321e+04 -2.955907e+02
-1.827015e+04 -5.423482e+04 -3.386503e+02
-1.829420e+04 -5.427641e+04 -3.817980e+02
-1.831826e+04 -5.431798e+04 -4.250339e+02
-1.834232e+04 -5.435952e+04 -4.683580e+02
-1.836639e+04 -5.440104e+04 -5.117703e+02
-1.839048e+04 -5.444254e+04 -5.552710e+02
-1.841457e+04 -5.448402e+04 -5.988601e+02
-1.843867e+04 -5.452547e+04 -6.425375e+02
-1.846278e+04 -5.456690e+04 -6.863034e+02
-1.848689e+04 -5.460831e+04 -7.301578e+02
-1.851102e+04 -5.464970e+04 -7.741007e+02
-1.853515e+04 -5.469106e+04 -8.181322e+02
-1.855930e+04 -5.473240e+04 -8.622523e+02
-1.858345e+04 -5.477371e+04 -9.064611e+02
-1.860761e+04 -5.481501e+04 -9.507585e+02
-1.863178e+04 -5.485627e+04 -9.951447e+02
-1.865596e+04 -5.489752e+04 -1.039620e+03
-1.868014e+04 -5.493874e+04 -1.084184e+03
-1.870434e+04 -5.497993e+04 -1.128836e+03
-1.872854e+04 -5.502111e+04 -1.173578e+03
-1.875275e+04 -5.506225e+04 -1.218408e+03
-1.877697e+04 -5.510338e+04 -1.263328e+03
-1.880120e+04 -5.514447e+04 -1.308336e+03
-1.882543e+04 -5.518555e+04 -1.353434e+03
-1.884967e+04 -5.522659e+04 -1.398621e+03
-1.887393e+04 -5.526762e+04 -1.443897e+03
-1.889818e+04 -5.530861e+04 -1.489262e+03
-1.892245e+04 -5.534958e+04 -1.534716e+03
-1.894673e+04 -5.539053e+04 -1.580260e+03
-1.897101e+04 -5.543145e+04 -1.625893e+03
-1.899530e+04 -5.547234e+04 -1.671615e+03
-1.901960e+04 -5.551321e+04 -1.717426e+03
-1.904390e+04 -5.555405e+04 -1.763327e+03
-1.906822e+04 -5.559487e+04 -1.809318e+03
-1.909254e+04 -5.563566e+04 -1.855398e+03
-1.911686e+04 -5.567642e+04 -1.901567e+03
-1.914120e+04 -5.571715e+04 -1.947826e+03
-1.916554e+04 -5.575786e+04 -1.994175e+03
-1.918989e+04 -5.579854e+04 -2.040613e+03
-1.921425e+04 -5.583919e+04 -2.087141e+03
-1.923861e+04 -5.587982e+04 -2.133759e+03
-1.926299e+04 -5.592042e+04 -2.180466e+03
-1.928736e+04 -5.596099e+04 -2.227263e+03
-1.931175e+04 -5.600153e+04 -2.274150e+03
-1.933614e+04 -5.604204e+04 -2.321127e+03
-1.936054e+04 -5.608253e+04 -2.368193e+03
-1.938495e+04 -5.612299e+04 -2.415350e+03
-1.940936e+04 -5.616342e+04 -2.462596e+03
-1.943378e+04 -5.620382e+04 -2.509933e+03
-1.945821e+04 -5.624419e+04 -2.557359e+03
-1.948264e+04 -5.628453e+04 -2.604876e+03
-1.950709e+04 -5.632485e+04 -2.652482e+03
-1.953153e+04 -5.636513e+04 -2.700179e+03
-1.955599e+04 -5.640538e+04 -2.747966e+03
-1.958045e+04 -5.644561e+04 -2.795843e+03
-1.960491e+04 -5.648580e+04 -2.843810e+03
-1.962938e+04 -5.652597e+04 -2.891867e+03
-1.965386e+04 -5.656611e+04 -2.940015e+03
-1.967835e+04 -5.660621e+04 -2.988253e+03
-1.970284e+04 -5.664629e+04 -3.036581e+03
-1.972734e+04 -5.668633e+04 -3.084999e+03
-1.975184e+04 -5.672634e+04 -3.133508e+03
-1.977635e+04 -5.676633e+04 -3.182108e+03
-1.980087e+04 -5.680628e+04 -3.230797e+03
-1.982539e+04 -5.684620e+04 -3.279578e+03
-1.984992e+04 -5.688609e+04 -3.328448e+03
-1.987445e+04 -5.692595e+04 -3.377409e+03
-1.989899e+04 -5.696577e+04 -3.426461e+03
-1.992354e+04 -5.700557e+04 -3.475603e+03
-1.994809e+04 -5.704533e+04 -3.524836e+03
-1.997264e+04 -5.708506e+04 -3.574160e+03
-1.999720e+04 -5.712476e+04 -3.623574e+03
-2.002177e+04 -5.716442e+04 -3.673079e+03
-2.004634e+04 -5.720406e+04 -3.722674e+03
-2.007092e+04 -5.724366e+04 -3.772361e+03
-2.009551e+04 -5.728323e+04 -3.822138e+03
-2.012009e+04 -5.732276e+04 -3.872005e+03
-2.014469e+04 -5.736226e+04 -3.921964e+03
-2.016929e+04 -5.740173e+04 -3.972013e+03
-2.019389e+04 -5.744117e+04 -4.022153e+03
-2.021850e+04 -5.748057e+04 -4.072384e+03
-2.024311e+04 -5.751994e+04 -4.122706e+03
-2.026773e+04 -5.755927e+04 -4.173119e+03
-2.029236e+04 -5.759857e+04 -4.223623e+03
-2.031699e+04 -5.763784e+04 -4.274218e+03
-2.034162e+04 -5.767707e+04 -4.324903e+03
-2.036626e+04 -5.771626e+04 -4.375680e+03
-2.039090e+04 -5.775542e+04 -4.426548e+03
-2.041555e+04 -5.779455e+04 -4.477507e+03
-2.044020e+04 -5.783364e+04 -4.528556e+03
-2.046486e+04 -5.787270e+04 -4.579697e+03
-2.048952e+04 -5.791172e+04 -4.630929e+03
-2.051419e+04 -5.795071e+04 -4.682252e+03
-2.053885e+04 -5.798966e+04 -4.733667e+03
-2.056353e+04 -5.802857e+04 -4.785172e+03
-2.058821e+04 -5.806745e+04 -4.836769e+03
-2.061289e+04 -5.810629e+04 -4.888457e+03
-2.063758e+04 -5.814510e+04 -4.940236e+03
-2.066227e+04 -5.818387e+04 -4.992106e+03
-2.068696e+04 -5.822260e+04 -5.044067e+03
-2.071166e+04 -5.826130e+04 -5.096120e+03
-2.073636e+04 -5.829996e+04 -5.148264e+03
-2.076107e+04 -5.833858e+04 -5.200499e+03
-2.078578e+04 -5.837716e+04 -5.252826e+03
-2.081049e+04 -5.841571e+04 -5.305244e+03
-2.083521e+04 -5.845422e+04 -5.357753e+03
-2.085993e+04 -5.849269e+04 -5.410354e+03
-2.088465e+04 -5.853113e+04 -5.463046e+03
-2.090938e+04 -5.856952e+04 -5.515829e+03
-2.093411e+04 -5.860788e+04 -5.568704e+03
-2.095885e+04 -5.864620e+04 -5.621670e+03
-2.098358e+04 -5.868448e+04 -5.674728e+03
-2.100832e+04 -5.872272e+04 -5.727877e+03
-2.103307e+04 -5.876093e+04 -5.781118e+03
-2.105782e+04 -5.879909e+04 -5.834450e+03
-2.108257e+04 -5.883722e+04 -5.887873e+03
-2.110732e+04 -5.887530e+04 -5.941388e+03
-2.113208e+04 -5.891335e+04 -5.994995e+03
-2.115683e+04 -5.895136e+04 -6.048693e+03
-2.118160e+04 -5.898933e+04 -6.102482e+03
-2.120636e+04 -5.902725e+04 -6.156363e+03
-2.123113e+04 -5.906514e+04 -6.210336e+03
-2.125590e+04 -5.910299e+04 -6.264400e+03
-2.128067e+04 -5.914079e+04 -6.318556e+03
-2.130544e+04 -5.917856e+04 -6.372803e+03
-2.133022e+04 -5.921628e+04 -6.427142e+03
-2.135500e+04 -5.925397e+04 -6.481573e+03
-2.137978e+04 -5.929161e+04 -6.536095e+03
-2.140457e+04 -5.932921e+04 -6.590709e+03
-2.142935e+04 -5.936677e+04 -6.645414e+03
-2.145414e+04 -5.940429e+04 -6.700211e+03
-2.147893e+04 -5.944177e+04 -6.755100e+03
-2.150372e+04 -5.947921e+04 -6.810080e+03
-2.152852e+04 -5.951660e+04 -6.865152e+03
-2.155332e+04 -5.955395e+04 -6.920316e+03
-2.157811e+04 -5.959126e+04 -6.975571e+03
-2.160291e+04 -5.962852e+04 -7.030918e+03
-2.162772e+04 -5.966575e+04 -7.086356e+03
-2.165252e+04 -5.970293e+04 -7.141887e+03
-2.167732e+04 -5.974007e+04 -7.197509e+03
-2.170213e+04 -5.977716e+04 -7.253222e+03
-2.172694e+04 -5.981421e+04 -7.309027e+03
-2.175175e+04 -5.985122e+04 -7.364924e+03
-2.177656e+04 -5.988818e+04 -7.420913e+03
-2.180137e+04 -5.992510e+04 -7.476993e+03
-2.182618e+04 -5.996198e+04 -7.533165e+03
-2.185100e+04 -5.999881e+04 -7.589429e+03
-2.187581e+04 -6.003560e+04 -7.645785e+03
-2.190063e+04 -6.007234e+04 -7.702232e+03
-2.192545e+04 -6.010904e+04 -7.758771e+03
-2.195027e+04 -6.014569e+04 -7.815401e+03
-2.197508e+04 -6.018230e+04 -7.872124e+03
-2.199990e+04 -6.021886e+04 -7.928938e+03
-2.202473e+04 -6.025538e+04 -7.985843e+03
-2.204955e+04 -6.029185e+04 -8.042841e+03
-2.207437e+04 -6.032828e+04 -8.099930e+03
-2.209919e+04 -6.036466e+04 -8.157111e+03
-2.212401e+04 -6.040099e+04 -8.214383e+03
-2.214884e+04 -6.043728e+04 -8.271747e+03
-2.217366e+04 -6.047352e+04 -8.329203e+03
-2.219848e+04 -6.050972e+04 -8.386751e+03
-2.222331e+04 -6.054587e+04 -8.444390e+03
-2.224813e+04 -6.058197e+04 -8.502121e+03
-2.227296e+04 -6.061803e+04 -8.559944e+03
-2.229778e+04 -6.065404e+04 -8.617858e+03
-2.232261e+04 -6.069000e+04 -8.675864e+03
-2.234743e+04 -6.072591e+04 -8.733962e+03
-2.237225e+04 -6.076178e+04 -8.792151e+03
-2.239708e+04 -6.079759e+04 -8.850432e+03
-2.242190e+04 -6.083336e+04 -8.908805e+03
-2.244672e+04 -6.086909e+04 -8.967269e+03
-2.247155e+04 -6.090476e+04 -9.025825e+03
-2.249637e+04 -6.094039e+04 -9.084473e+03
-2.252119e+04 -6.097596e+04 -9.143212e+03
-2.254601e+04 -6.101149e+04 -9.202043e+03
-2.257083e+04 -6.104697e+04 -9.260965e+03
-2.259565e+04 -6.108240e+04 -9.319979e+03
-2.262047e+04 -6.111778e+04 -9.379085e+03
-2.264529e+04 -6.115311e+04 -9.438282e+03
-2.267010e+04 -6.118839e+04 -9.497571e+03
-2.269492e+04 -6.122362e+04 -9.556951e+03
-2.271973e+04 -6.125881e+04 -9.616423e+03
-2.274455e+04 -6.129394e+04 -9.675987e+03
-2.276936e+04 -6.132902e+04 -9.735642e+03
-2.279417e+04 -6.136405e+04 -9.795388e+03
-2.281898e+04 -6.139903e+04 -9.855226e+03
-2.284379e+04 -6.143396e+04 -9.915156e+03
-2.286860e+04 -6.146884e+04 -9.975177e+03
-2.289340e+04 -6.150367e+04 -1.003529e+04
-2.291821e+04 -6.153844e+04 -1.009549e+04
-2.294301e+04 -6.157317e+04 -1.015579e+04
-2.296781e+04 -6.160784e+04 -1.021618e+04
-2.299261e+04 -6.164246e+04 -1.027665e+04
-2.301740e+04 -6.167703e+04 -1.033722e+04
-2.304220e+04 -6.171155e+04 -1.039789e+04
-2.306699e+04 -6.174601e+04 -1.045864e+04
-2.309178e+04 -6.178043e+04 -1.051948e+04
-2.311657e+04 -6.181479e+04 -1.058042e+04
-2.314136e+04 -6.184909e+04 -1.064144e+04
-2.316614e+04 -6.188335e+04 -1.070256e+04
-2.319092e+04 -6.191755e+04 -1.076377e+04
-2.321570e+04 -6.195170e+04 -1.082507e+04
-2.324048e+04 -6.198579e+04 -1.088646e+04
-2.326525e+04 -6.201983e+04 -1.094795e+04
-2.329003e+04 -6.205382e+04 -1.100952e+04
-2.331479e+04 -6.208775e+04 -1.107119e+04
-2.333956e+04 -6.212163e+04 -1.113294e+04
-2.336432e+04 -6.215546e+04 -1.119479e+04
-2.338909e+04 -6.218923e+04 -1.125673e+04
-2.341384e+04 -6.222294e+04 -1.131876e+04
-2.343860e+04 -6.225661e+04 -1.138088e+04
-2.346335e+04 -6.229021e+04 -1.144309e+04
-2.348810e+04 -6.232376e+04 -1.150540e+04
-2.351284e+04 -6.235726e+04 -1.156779e+04
-2.353759e+04 -6.239070e+04 -1.163028e+04
-2.356232e+04 -6.242408e+04 -1.169285e+04
-2.358706e+04 -6.245741e+04 -1.175552e+04
-2.361179e+04 -6.249068e+04 -1.181828e+04
-2.363652e+04 -6.252390e+04 -1.188113e+04
-2.366124e+04 -6.255706e+04 -1.194407e+04
-2.368597e+04 -6.259016e+04 -1.200710e+04
-2.371068e+04 -6.262321e+04 -1.207022e+04
-2.373540e+04 -6.265620e+04 -1.213343e+04
-2.376011e+04 -6.268914e+04 -1.219674e+04
-2.378481e+04 -6.272201e+04 -1.226013e+04
-2.380951e+04 -6.275483e+04 -1.232362e+04
-2.383421e+04 -6.278759e+04 -1.238719e+04
-2.385890e+04 -6.282030e+04 -1.245086e+04
-2.388359e+04 -6.285294e+04 -1.251462e+04
-2.390828e+04 -6.288553e+04 -1.257847e+04
-2.393296e+04 -6.291806e+04 -1.264240e+04
-2.395763e+04 -6.295053e+04 -1.270643e+04
-2.398231e+04 -6.298295e+04 -1.277055e+04
-2.400697e+04 -6.301530e+04 -1.283476e+04
-2.403163e+04 -6.304760e+04 -1.289907e+04
-2.405629e+04 -6.307983e+04 -1.296346e+04
-2.408094e+04 -6.311201e+04 -1.302794e+04
-2.410559e+04 -6.314413e+04 -1.309251e+04
-2.413024e+04 -6.317619e+04 -1.315717e+04
-2.415487e+04 -6.320819e+04 -1.322193e+04
-2.417951e+04 -6.324013e+04 -1.328677e+04
-2.420413e+04 -6.327201e+04 -1.335170e+04
-2.422876e+04 -6.330383e+04 -1.341673e+04
-2.425337e+04 -6.333559e+04 -1.348184e+04
-2.427799e+04 -6.336728e+04 -1.354705e+04
-2.430259e+04 -6.339892e+04 -1.361234e+04
-2.432719e+04 -6.343050e+04 -1.367773e+04
-2.435179e+04 -6.346202e+04 -1.374320e+04
-2.437638e+04 -6.349347e+04 -1.380877e+04
-2.440096e+04 -6.352486e+04 -1.387442e+04
-2.442554e+04 -6.355620e+04 -1.394017e+04
-2.445011e+04 -6.358747e+04 -1.400600e+04
-2.447468e+04 -6.361867e+04 -1.407193e+04
-2.449924e+04 -6.364982e+04 -1.413794e+04
-2.452380e+04 -6.368090e+04 -1.420405e+04
-2.454835e+04 -6.371193e+04 -1.427024e+04
-2.457289e+04 -6.374289e+04 -1.433653e+04
-2.459742e+04 -6.377378e+04 -1.440290e+04
-2.462195e+04 -6.380462e+04 -1.446936e+04
-2.464648e+04 -6.383539e+04 -1.453592e+04
-2.467099e+04 -6.386610e+04 -1.460256e+04
-2.469550e+04 -6.389674e+04 -1.466929e+04
-2.472001e+04 -6.392732e+04 -1.473612e+04
-2.474451e+04 -6.395784e+04 -1.480303e+04
-2.476900e+04 -6.398829e+04 -1.487003e+04
-2.479348e+04 -6.401868e+04 -1.493712e+04
-2.481796e+04 -6.404900e+04 -1.500430e+04
-2.484243e+04 -6.407927e+04 -1.507157e+04
-2.486689e+04 -6.410946e+04 -1.513893e+04
-2.489134e+04 -6.413959e+04 -1.520638e+04
-2.491579e+04 -6.416966e+04 -1.527392e+04
-2.494023e+04 -6.419966e+04 -1.534154e+04
-2.496467e+04 -6.422960e+04 -1.540926e+04
-2.498909e+04 -6.425947e+04 -1.547706e+04
-2.501351e+04 -6.428927e+04 -1.554496e+04
-2.503792e+04 -6.431901e+04 -1.561294e+04
-2.506233e+04 -6.434869e+04 -1.568101e+04
-2.508672e+04 -6.437829e+04 -1.574917e+04
-2.511111e+04 -6.440783e+04 -1.581742e+04
-2.513549e+04 -6.443731e+04 -1.588576e+04
-2.515987e+04 -6.446672e+04 -1.595419e+04
-2.518423e+04 -6.449606e+04 -1.602270e+04
-2.520859e+04 -6.452533e+04 -1.609131e+04
-2.523294e+04 -6.455454e+04 -1.616000e+04
-2.525728e+04 -6.458368e+04 -1.622878e+04
-2.528161e+04 -6.461276e+04 -1.629766e+04
-2.530593e+04 -6.464176e+04 -1.636661e+04
-2.533025e+04 -6.467070e+04 -1.643566e+04
-2.535456e+04 -6.469957e+04 -1.650480e+04
-2.537885e+04 -6.472837e+04 -1.657402e+04
-2.540314e+04 -6.475710e+04 -1.664333e+04
-2.542742e+04 -6.478577e+04 -1.671274e+04
-2.545170e+04 -6.481437e+04 -1.678222e+04
-2.547596e+04 -6.484289e+04 -1.685180e+04
-2.550021e+04 -6.487135e+04 -1.692147e+04
-2.552446e+04 -6.489974e+04 -1.699122e+04
-2.554870e+04 -6.492806e+04 -1.706106e+04
-2.557292e+04 -6.495631e+04 -1.713099e+04
-2.559714e+04 -6.498450e+04 -1.720101e+04
-2.562135e+04 -6.501261e+04 -1.727111e+04
-2.564555e+04 -6.504065e+04 -1.734131e+04
-2.566974e+04 -6.506862e+04 -1.741159e+04
-2.569392e+04 -6.509652e+04 -1.748196e+04
-2.571809e+04 -6.512435e+04 -1.755241e+04
-2.574225e+04 -6.515211e+04 -1.762296e+04
-2.576641e+04 -6.517980e+04 -1.769359e+04
-2.579055e+04 -6.520742e+04 -1.776431e+04
-2.581468e+04 -6.523497e+04 -1.783511e+04
-2.583880e+04 -6.526245e+04 -1.790600e+04
-2.586291e+04 -6.528985e+04 -1.797699e+04
-2.588702e+04 -6.531718e+04 -1.804805e+04
-2.591111e+04 -6.534445e+04 -1.811921e+04
-2.593519e+04 -6.537164e+04 -1.819045e+04
-2.595926e+04 -6.539875e+04 -1.826178e+04
-2.598332e+04 -6.542580e+04 -1.833320e+04
-2.600737e+04 -6.545277e+04 -1.840470e+04
-2.603141e+04 -6.547967e+04 -1.847629e+04
-2.605544e+04 -6.550650e+04 -1.854797e+04
-2.607946e+04 -6.553325e+04 -1.861973e+04
-2.610347e+04 -6.555994e+04 -1.869158e+04
-2.612746e+04 -6.558654e+04 -1.876352e+04
-2.615145e+04 -6.561308e+04 -1.883554e+04
-2.617543e+04 -6.563954e+04 -1.890765e+04
-2.619939e+04 -6.566593e+04 -1.897985e+04
-2.622334e+04 -6.569224e+04 -1.905213e+04
-2.624728e+04 -6.571848e+04 -1.912450e+04
-2.627122e+04 -6.574464e+04 -1.919695e+04
-2.629513e+04 -6.577073e+04 -1.926950e+04
-2.631904e+04 -6.579675e+04 -1.934212e+04
-2.634294e+04 -6.582269e+04 -1.941484e+04
-2.636682e+04 -6.584856e+04 -1.948764e+04
-2.639070e+04 -6.587435e+04 -1.956052e+04
-2.641456e+04 -6.590006e+04 -1.963349e+04
-2.643841e+04 -6.592570e+04 -1.970655e+04
-2.646225e+04 -6.595127e+04 -1.977970e+04
-2.648607e+04 -6.597676e+04 -1.985292e+04
-2.650989e+04 -6.600217e+04 -1.992624e+04
-2.653369e+04 -6.602751e+04 -1.999964e+04
-2.655748e+04 -6.605277e+04 -2.007312e+04
-2.658125e+04 -6.607795e+04 -2.014670e+04
-2.660502e+04 -6.610306e+04 -2.022035e+04
-2.662877e+04 -6.612809e+04 -2.029409e+04
-2.665251e+04 -6.615304e+04 -2.036792e+04
-2.667624e+04 -6.617792e+04 -2.044183e+04
-2.669995e+04 -6.620272e+04 -2.051583e+04
-2.672366e+04 -6.622744e+04 -2.058991e+04
-2.674735e+04 -6.625209e+04 -2.066408e+04
-2.677102e+04 -6.627665e+04 -2.073833e+04
-2.679469e+04 -6.630114e+04 -2.081267e+04
-2.681834e+04 -6.632555e+04 -2.088709e+04
-2.684197e+04 -6.634989e+04 -2.096159e+04
-2.686560e+04 -6.637414e+04 -2.103618e+04
-2.688921e+04 -6.639831e+04 -2.111086e+04
-2.691281e+04 -6.642241e+04 -2.118562e+04
-2.693639e+04 -6.644643e+04 -2.126046e+04
-2.695996e+04 -6.647037e+04 -2.133539e+04
-2.698352e+04 -6.649423e+04 -2.141040e+04
-2.700707e+04 -6.651801e+04 -2.148550e+04
-2.703060e+04 -6.654171e+04 -2.156068e+04
-2.705411e+04 -6.656533e+04 -2.163594e+04
-2.707762e+04 -6.658887e+04 -2.171129e+04
-2.710110e+04 -6.661233e+04 -2.178672e+04
-2.712458e+04 -6.663571e+04 -2.186224e+04
-2.714804e+04 -6.665901e+04 -2.193784e+04
-2.717149e+04 -6.668223e+04 -2.201352e+04
-2.719492e+04 -6.670537e+04 -2.208928e+04
-2.721834e+04 -6.672842e+04 -2.216513e+04
-2.724174e+04 -6.675140e+04 -2.224107e+04
-2.726513e+04 -6.677430e+04 -2.231708e+04
-2.728851e+04 -6.679711e+04 -2.239318e+04
-2.731187e+04 -6.681984e+04 -2.246937e+04
-2.733521e+04 -6.684249e+04 -2.254563e+04
-2.735854e+04 -6.686506e+04 -2.262198e+04
-2.738186e+04 -6.688755e+04 -2.269841e+04
-2.740516e+04 -6.690995e+04 -2.277492e+04
-2.742845e+04 -6.693227e+04 -2.285152e+04
-2.745172e+04 -6.695451e+04 -2.292820e+04
-2.747498e+04 -6.697667e+04 -2.300496e+04
-2.749822e+04 -6.699875e+04 -2.308181e+04
-2.752144e+04 -6.702074e+04 -2.315873e+04
-2.754465e+04 -6.704264e+04 -2.323574e+04
-2.756785e+04 -6.706447e+04 -2.331283e+04
-2.759103e+04 -6.708621e+04 -2.339001e+04
-2.761419e+04 -6.710787e+04 -2.346726e+04
-2.763734e+04 -6.712944e+04 -2.354460e+04
-2.766047e+04 -6.715093e+04 -2.362202e+04
-2.768359e+04 -6.717233e+04 -2.369952e+04
-2.770669e+04 -6.719366e+04 -2.377710e+04
-2.772978e+04 -6.721489e+04 -2.385477e+04
-2.775284e+04 -6.723604e+04 -2.393251e+04
-2.777590e+04 -6.725711e+04 -2.401034e+04
-2.779893e+04 -6.727809e+04 -2.408825e+04
-2.782195e+04 -6.729899e+04 -2.416624e+04
-2.784496e+04 -6.731980e+04 -2.424431e+04
-2.786795e+04 -6.734053e+04 -2.432246e+04
-2.789092e+04 -6.736117e+04 -2.440069e+04
-2.791387e+04 -6.738172e+04 -2.447901e+04
-2.793681e+04 -6.740219e+04 -2.455740e+04
-2.795973e+04 -6.742257e+04 -2.463587e+04
-2.798264e+04 -6.744287e+04 -2.471443e+04
-2.800552e+04 -6.746308e+04 -2.479307e+04
-2.802839e+04 -6.748320e+04 -2.487178e+04
-2.805125e+04 -6.750324e+04 -2.495058e+04
-2.807408e+04 -6.752319e+04 -2.502946e+04
-2.809690e+04 -6.754305e+04 -2.510841e+04
-2.811970e+04 -6.756283e+04 -2.518745e+04
-2.814249e+04 -6.758252e+04 -2.526657e+04
-2.816526e+04 -6.760212e+04 -2.534577e+04
-2.818801e+04 -6.762163e+04 -2.542504e+04
-2.821074e+04 -6.764106e+04 -2.550440e+04
-2.823345e+04 -6.766039e+04 -2.558384e+04
-2.825615e+04 -6.767964e+04 -2.566335e+04
-2.827883e+04 -6.769880e+04 -2.574295e+04
-2.830149e+04 -6.771787e+04 -2.582262e+04
-2.832413e+04 -6.773686e+04 -2.590237e+04
-2.834676e+04 -6.775575e+04 -2.598221e+04
-2.836937e+04 -6.777456e+04 -2.606212e+04
-2.839196e+04 -6.779327e+04 -2.614211e+04
-2.841453e+04 -6.781190e+04 -2.622218e+04
-2.843708e+04 -6.783044e+04 -2.630233e+04
-2.845961e+04 -6.784889e+04 -2.638255e+04
-2.848213e+04 -6.786724e+04 -2.646286e+04
-2.850462e+04 -6.788551e+04 -2.654324e+04
-2.852710e+04 -6.790369e+04 -2.662370e+04
-2.854956e+04 -6.792178e+04 -2.670424e+04
-2.857200e+04 -6.793978e+04 -2.678486e+04
-2.859442e+04 -6.795768e+04 -2.686556e+04
-2.861683e+04 -6.797550e+04 -2.694633e+04
-2.863921e+04 -6.799322e+04 -2.702718e+04
-2.866158e+04 -6.801086e+04 -2.710811e+04
-2.868392e+04 -6.802840e+04 -2.718912e+04
-2.870625e+04 -6.804585e+04 -2.727020e+04
-2.872855e+04 -6.806321e+04 -2.735136e+04
-2.875084e+04 -6.808048e+04 -2.743260e+04
-2.877311e+04 -6.809766e+04 -2.751392e+04
-2.879536e+04 -6.811474e+04 -2.759531e+04
-2.881759e+04 -6.813174e+04 -2.767678e+04
-2.883980e+04 -6.814864e+04 -2.775833e+04
-2.886199e+04 -6.816545e+04 -2.783995e+04
-2.888416e+04 -6.818216e+04 -2.792166e+04
-2.890630e+04 -6.819878e+04 -2.800343e+04
-2.892843e+04 -6.821531e+04 -2.808529e+04
-2.895054e+04 -6.823175e+04 -2.816722e+04
-2.897263e+04 -6.824809e+04 -2.824922e+04
-2.899470e+04 -6.826434e+04 -2.833130e+04
-2.901675e+04 -6.828050e+04 -2.841346e+04
-2.903878e+04 -6.829656e+04 -2.849570e+04
-2.906079e+04 -6.831253e+04 -2.857801e+04
-2.908277e+04 -6.832841e+04 -2.866039e+04
-2.910474e+04 -6.834419e+04 -2.874285e+04
-2.912668e+04 -6.835987e+04 -2.882539e+04
-2.914861e+04 -6.837547e+04 -2.890800e+04
-2.917051e+04 -6.839096e+04 -2.899069e+04
-2.919240e+04 -6.840637e+04 -2.907345e+04
-2.921426e+04 -6.842168e+04 -2.915629e+04
-2.923610e+04 -6.843689e+04 -2.923920e+04
-2.925792e+04 -6.845201e+04 -2.932219e+04
-2.927972e+04 -6.846703e+04 -2.940525e+04
-2.930149e+04 -6.848196e+04 -2.948838e+04
-2.932325e+04 -6.849679e+04 -2.957159e+04
-2.934498e+04 -6.851152e+04 -2.965488e+04
-2.936670e+04 -6.852616e+04 -2.973824e+04
-2.938839e+04 -6.854070e+04 -2.982167e+04
-2.941006e+04 -6.855515e+04 -2.990518e+04
-2.943170e+04 -6.856950e+04 -2.998876e+04
-2.945333e+04 -6.858376e+04 -3.007241e+04
-2.947493e+04 -6.859791e+04 -3.015614e+04
-2.949651e+04 -6.861197e+04 -3.023994e+04
-2.951807e+04 -6.862594e+04 -3.032382e+04
-2.953961e+04 -6.863980e+04 -3.040777e+04
-2.956113e+04 -6.865357e+04 -3.049179e+04
-2.958262e+04 -6.866724e+04 -3.057589e+04
-2.960409e+04 -6.868081e+04 -3.066005e+04
-2.962554e+04 -6.869429e+04 -3.074429e+04
-2.964696e+04 -6.870767e+04 -3.082861e+04
-2.966836e+04 -6.872095e+04 -3.091299e+04
-2.968974e+04 -6.873413e+04 -3.099745e+04
-2.971110e+04 -6.874721e+04 -3.108198e+04
-2.973243e+04 -6.876020e+04 -3.116658e+04
-2.975374e+04 -6.877308e+04 -3.125126e+04
-2.977503e+04 -6.878587e+04 -3.133601e+04
-2.979630e+04 -6.879856e+04 -3.142082e+04
-2.981754e+04 -6.881115e+04 -3.150571e+04
-2.983876e+04 -6.882364e+04 -3.159068e+04
-2.985995e+04 -6.883603e+04 -3.167571e+04
-2.988112e+04 -6.884832e+04 -3.176081e+04
-2.990227e+04 -6.886051e+04 -3.184599e+04
-2.992339e+04 -6.887260e+04 -3.193124e+04
-2.994449e+04 -6.888459e+04 -3.201656e+04
-2.996557e+04 -6.889648e+04 -3.210194e+04
-2.998662e+04 -6.890827e+04 -3.218740e+04
-3.000765e+04 -6.891996e+04 -3.227293e+04
-3.002866e+04 -6.893155e+04 -3.235854e+04
-3.004964e+04 -6.894304e+04 -3.244421e+04
-3.007060e+04 -6.895443e+04 -3.252995e+04
-3.009153e+04 -6.896571e+04 -3.261576e+04
-3.011244e+04 -6.897690e+04 -3.270164e+04
-3.013332e+04 -6.898798e+04 -3.278759e+04
-3.015418e+04 -6.899897e+04 -3.287361e+04
-3.017502e+04 -6.900985e+04 -3.295970e+04
-3.019583e+04 -6.902063e+04 -3.304586e+04
-3.021661e+04 -6.903130e+04 -3.313209e+04
-3.023737e+04 -6.904188e+04 -3.321839e+04
-3.025811e+04 -6.905235e+04 -3.330476e+04
-3.027882e+04 -6.906272e+04 -3.339120e+04
-3.029951e+04 -6.907299e+04 -3.347770e+04
-3.032017e+04 -6.908316e+04 -3.356428e+04
-3.034081e+04 -6.909322e+04 -3.365092e+04
-3.036142e+04 -6.910318e+04 -3.373763e+04
-3.038200e+04 -6.911303e+04 -3.382441e+04
-3.040256e+04 -6.912279e+04 -3.391126e+04
-3.042310e+04 -6.913244e+04 -3.399817e+04
-3.044361e+04 -6.914198e+04 -3.408515e+04
-3.046409e+04 -6.915143e+04 -3.417221e+04
-3.048455e+04 -6.916077e+04 -3.425932e+04
-3.050498e+04 -6.917000e+04 -3.434651e+04
-3.052539e+04 -6.917913e+04 -3.443376e+04
-3.054577e+04 -6.918816e+04 -3.452109e+04
-3.056612e+04 -6.919708e+04 -3.460847e+04
-3.058645e+04 -6.920590e+04 -3.469593e+04
-3.060675e+04 -6.921461e+04 -3.478345e+04
-3.062703e+04 -6.922322e+04 -3.487104e+04
-3.064728e+04 -6.923173e+04 -3.495869e+04
-3.066750e+04 -6.924013e+04 -3.504641e+04
-3.068770e+04 -6.924842e+04 -3.513420e+04
-3.070787e+04 -6.925661e+04 -3.522206e+04
-3.072802e+04 -6.926469e+04 -3.530998e+04
-3.074813e+04 -6.927267e+04 -3.539796e+04
-3.076822e+04 -6.928054e+04 -3.548601e+04
-3.078829e+04 -6.928830e+04 -3.557413e+04
-3.080833e+04 -6.929596e+04 -3.566231e+04
-3.082834e+04 -6.930352e+04 -3.575056e+04
-3.084832e+04 -6.931096e+04 -3.583887e+04
-3.086827e+04 -6.931830e+04 -3.592725e+04
-3.088820e+04 -6.932554e+04 -3.601569e+04
-3.090810e+04 -6.933266e+04 -3.610420e+04
-3.092798e+04 -6.933968e+04 -3.619277e+04
-3.094782e+04 -6.934660e+04 -3.628141e+04
-3.096764e+04 -6.935340e+04 -3.637011e+04
-3.098744e+04 -6.936010e+04 -3.645887e+04
-3.100720e+04 -6.936669e+04 -3.654770e+04
-3.102694e+04 -6.937318e+04 -3.663660e+04
-3.104664e+04 -6.937955e+04 -3.672555e+04
-3.106632e+04 -6.938582e+04 -3.681457e+04
-3.108598e+04 -6.939198e+04 -3.690366e+04
-3.110560e+04 -6.939803e+04 -3.699280e+04
-3.112520e+04 -6.940398e+04 -3.708201e+04
-3.114476e+04 -6.940981e+04 -3.717129e+04
-3.116430e+04 -6.941554e+04 -3.726062e+04
-3.118382e+04 -6.942116e+04 -3.735002e+04
-3.120330e+04 -6.942667e+04 -3.743948e+04
-3.122275e+04 -6.943207e+04 -3.752901e+04
-3.124218e+04 -6.943736e+04 -3.761859e+04
-3.126158e+04 -6.944254e+04 -3.770824e+04
-3.128094e+04 -6.944761e+04 -3.779795e+04
-3.130028e+04 -6.945258e+04 -3.788772e+04
-3.131960e+04 -6.945743e+04 -3.797756e+04
-3.133888e+04 -6.946218e+04 -3.806745e+04
-3.135813e+04 -6.946681e+04 -3.815741e+04
-3.137735e+04 -6.947134e+04 -3.824743e+04
-3.139655e+04 -6.947575e+04 -3.833751e+04
-3.141571e+04 -6.948005e+04 -3.842765e+04
-3.143485e+04 -6.948425e+04 -3.851785e+04
-3.145396e+04 -6.948833e+04 -3.860811e+04
-3.147303e+04 -6.949230e+04 -3.869843e+04
-3.149208e+04 -6.949617e+04 -3.878881e+04
-3.151110e+04 -6.949992e+04 -3.887926e+04
-3.153009e+04 -6.950356e+04 -3.896976e+04
-3.154905e+04 -6.950709e+04 -3.906032e+04
-3.156797e+04 -6.951050e+04 -3.915094e+04
-3.158687e+04 -6.951381e+04 -3.924163e+04
-3.160574e+04 -6.951700e+04 -3.933237e+04
-3.162458e+04 -6.952009e+04 -3.942317e+04
-3.164339e+04 -6.952306e+04 -3.951403e+04
-3.166217e+04 -6.952592e+04 -3.960495e+04
-3.168091e+04 -6.952866e+04 -3.969592e+04
-3.169963e+04 -6.953130e+04 -3.978696e+04
-3.171832e+04 -6.953382e+04 -3.987805e+04
-3.173697e+04 -6.953623e+04 -3.996921e+04
-3.175560e+04 -6.953853e+04 -4.006042e+04
-3.177420e+04 -6.954071e+04 -4.015169e+04
-3.179276e+04 -6.954279e+04 -4.024301e+04
-3.181129e+04 -6.954474e+04 -4.033440e+04
-3.182980e+04 -6.954659e+04 -4.042584e+04
-3.184827e+04 -6.954832e+04 -4.051734e+04
-3.186671e+04 -6.954994e+04 -4.060890e+04
-3.188512e+04 -6.955145e+04 -4.070051e+04
-3.190350e+04 -6.955284e+04 -4.079218e+04
-3.192184e+04 -6.955412e+04 -4.088391e+04
-3.194016e+04 -6.955528e+04 -4.097570e+04
-3.195844e+04 -6.955634e+04 -4.106754e+04
-3.197669e+04 -6.955727e+04 -4.115944e+04
-3.199492e+04 -6.955809e+04 -4.125139e+04
-3.201311e+04 -6.955880e+04 -4.134340e+04
-3.203126e+04 -6.955940e+04 -4.143547e+04
-3.204939e+04 -6.955988e+04 -4.152759e+04
-3.206748e+04 -6.956024e+04 -4.161976e+04
-3.208554e+04 -6.956049e+04 -4.171200e+04
-3.210357e+04 -6.956062e+04 -4.180428e+04
-3.212157e+04 -6.956064e+04 -4.189662e+04
-3.213954e+04 -6.956055e+04 -4.198902e+04
-3.215747e+04 -6.956034e+04 -4.208147e+04
-3.217537e+04 -6.956001e+04 -4.217398e+04
-3.219324e+04 -6.955957e+04 -4.226654e+04
-3.221108e+04 -6.955901e+04 -4.235916e+04
-3.222888e+04 -6.955834e+04 -4.245182e+04
-3.224665e+04 -6.955755e+04 -4.254455e+04
-3.226439e+04 -6.955664e+04 -4.263732e+04
-3.228210e+04 -6.955562e+04 -4.273015e+04
-3.229977e+04 -6.955448e+04 -4.282304e+04
-3.231741e+04 -6.955323e+04 -4.291597e+04
-3.233502e+04 -6.955186e+04 -4.300896e+04
-3.235259e+04 -6.955037e+04 -4.310201e+04
-3.237013e+04 -6.954877e+04 -4.319510e+04
-3.238764e+04 -6.954705e+04 -4.328825e+04
-3.240511e+04 -6.954521e+04 -4.338145e+04
-3.242255e+04 -6.954325e+04 -4.347470e+04
-3.243996e+04 -6.954118e+04 -4.356801e+04
-3.245733e+04 -6.953899e+04 -4.366136e+04
-3.247467e+04 -6.953668e+04 -4.375477e+04
-3.249198e+04 -6.953426e+04 -4.384823e+04
-3.250925e+04 -6.953172e+04 -4.394174e+04
-3.252649e+04 -6.952906e+04 -4.403531e+04
-3.254370e+04 -6.952628e+04 -4.412892e+04
-3.256087e+04 -6.952338e+04 -4.422258e+04
-3.257801e+04 -6.952037e+04 -4.431630e+04
-3.259511e+04 -6.951724e+04 -4.441006e+04
-3.261218e+04 -6.951398e+04 -4.450388e+04
-3.262921e+04 -6.951061e+04 -4.459775e+04
-3.264621e+04 -6.950713e+04 -4.469166e+04
-3.266318e+04 -6.950352e+04 -4.478563e+04
-3.268011e+04 -6.949979e+04 -4.487964e+04
-3.269701e+04 -6.949595e+04 -4.497371e+04
-3.271387e+04 -6.949199e+04 -4.506782e+04
-3.273070e+04 -6.948790e+04 -4.516199e+04
-3.274749e+04 -6.948370e+04 -4.525620e+04
-3.276425e+04 -6.947938e+04 -4.535046e+04
-3.278098e+04 -6.947494e+04 -4.544477e+04
-3.279766e+04 -6.947038e+04 -4.553913e+04
-3.281432e+04 -6.946570e+04 -4.563354e+04
-3.283094e+04 -6.946090e+04 -4.572799e+04
-3.284752e+04 -6.945597e+04 -4.582250e+04
-3.286407e+04 -6.945093e+04 -4.591705e+04
-3.288058e+04 -6.944577e+04 -4.601165e+04
-3.289706e+04 -6.944049e+04 -4.610629e+04
-3.291350e+04 -6.943509e+04 -4.620098e+04
-3.292991e+04 -6.942957e+04 -4.629572e+04
-3.294628e+04 -6.942393e+04 -4.639051e+04
-3.296261e+04 -6.941816e+04 -4.648535e+04
-3.297891e+04 -6.941228e+04 -4.658023e+04
-3.299517e+04 -6.940627e+04 -4.667515e+04
-3.301140e+04 -6.940015e+04 -4.677012e+04
-3.302759e+04 -6.939390e+04 -4.686514e+04
-3.304375e+04 -6.938753e+04 -4.696021e+04
-3.305987e+04 -6.938104e+04 -4.705532e+04
-3.307595e+04 -6.937443e+04 -4.715047e+04
-3.309200e+04 -6.936770e+04 -4.724568e+04
-3.310801e+04 -6.936084e+04 -4.734092e+04
-3.312398e+04 -6.935387e+04 -4.743621e+04
-3.313992e+04 -6.934677e+04 -4.753155e+04
-3.315582e+04 -6.933955e+04 -4.762693e+04
-3.317169e+04 -6.933221e+04 -4.772235e+04
-3.318752e+04 -6.932474e+04 -4.781782e+04
-3.320331e+04 -6.931715e+04 -4.791334e+04
-3.321906e+04 -6.930944e+04 -4.800889e+04
-3.323478e+04 -6.930161e+04 -4.810449e+04
-3.325046e+04 -6.929366e+04 -4.820014e+04
-3.326611e+04 -6.928558e+04 -4.829583e+04
-3.328171e+04 -6.927738e+04 -4.839156e+04
-3.329728e+04 -6.926906e+04 -4.848733e+04
-3.331281e+04 -6.926061e+04 -4.858315e+04
-3.332831e+04 -6.925204e+04 -4.867900e+04
-3.334377e+04 -6.924335e+04 -4.877491e+04
-3.335919e+04 -6.923453e+04 -4.887085e+04
-3.337457e+04 -6.922559e+04 -4.896683e+04
-3.338992e+04 -6.921653e+04 -4.906286e+04
-3.340522e+04 -6.920734e+04 -4.915893e+04
-3.342049e+04 -6.919803e+04 -4.925504e+04
-3.343573e+04 -6.918860e+04 -4.935119e+04
-3.345092e+04 -6.917904e+04 -4.944739e+04
-3.346608e+04 -6.916936e+04 -4.954362e+04
-3.348119e+04 -6.915955e+04 -4.963989e+04
-3.349627e+04 -6.914962e+04 -4.973621e+04
-3.351132e+04 -6.913957e+04 -4.983256e+04
-3.352632e+04 -6.912939e+04 -4.992896e+04
-3.354129e+04 -6.911908e+04 -5.002539e+04
-3.355621e+04 -6.910865e+04 -5.012187e+04
-3.357110e+04 -6.909810e+04 -5.021839e+04
-3.358595e+04 -6.908742e+04 -5.031494e+04
-3.360076e+04 -6.907662e+04 -5.041153e+04
-3.361554e+04 -6.906569e+04 -5.050817e+04
-3.363027e+04 -6.905464e+04 -5.060484e+04
-3.364497e+04 -6.904346e+04 -5.070155e+04
-3.365963e+04 -6.903216e+04 -5.079830e+04
-3.367424e+04 -6.902073e+04 -5.089508e+04
-3.368882e+04 -6.900917e+04 -5.099191e+04
-3.370336e+04 -6.899749e+04 -5.108877e+04
-3.371786e+04 -6.898569e+04 -5.118567e+04
-3.373233e+04 -6.897375e+04 -5.128261e+04
-3.374675e+04 -6.896170e+04 -5.137958e+04
-3.376113e+04 -6.894951e+04 -5.147660e+04
-3.377548e+04 -6.893720e+04 -5.157365e+04
-3.378978e+04 -6.892477e+04 -5.167073e+04
-3.380405e+04 -6.891221e+04 -5.176786e+04
-3.381827e+04 -6.889952e+04 -5.186502e+04
-3.383246e+04 -6.888670e+04 -5.196221e+04
-3.384660e+04 -6.887376e+04 -5.205944e+04
-3.386071e+04 -6.886069e+04 -5.215671e+04
-3.387478e+04 -6.884750e+04 -5.225401e+04
-3.388880e+04 -6.883418e+04 -5.235135e+04
-3.390279e+04 -6.882073e+04 -5.244873e+04
-3.391674e+04 -6.880715e+04 -5.254613e+04
-3.393064e+04 -6.879345e+04 -5.264358e+04
-3.394451e+04 -6.877962e+04 -5.274106e+04
-3.395834e+04 -6.876567e+04 -5.283857e+04
-3.397212e+04 -6.875158e+04 -5.293611e+04
-3.398587e+04 -6.873737e+04 -5.303370e+04
-3.399957e+04 -6.872303e+04 -5.313131e+04
-3.401324e+04 -6.870857e+04 -5.322896e+04
-3.402686e+04 -6.869397e+04 -5.332664e+04
-3.404045e+04 -6.867925e+04 -5.342436e+04
-3.405399e+04 -6.866440e+04 -5.352210e+04
-3.406749e+04 -6.864942e+04 -5.361989e+04
-3.408095e+04 -6.863432e+04 -5.371770e+04
-3.409437e+04 -6.861909e+04 -5.381555e+04
-3.410775e+04 -6.860372e+04 -5.391342e+04
-3.412109e+04 -6.858823e+04 -5.401134e+04
-3.413439e+04 -6.857262e+04 -5.410928e+04
-3.414764e+04 -6.855687e+04 -5.420725e+04
-3.416086e+04 -6.854099e+04 -5.430526e+04
-3.417403e+04 -6.852499e+04 -5.440330e+04
-3.418716e+04 -6.850886e+04 -5.450136e+04
-3.420025e+04 -6.849260e+04 -5.459946e+04
-3.421330e+04 -6.847621e+04 -5.469759e+04
-3.422631e+04 -6.845969e+04 -5.479575e+04
-3.423928e+04 -6.844304e+04 -5.489394e+04
-3.425220e+04 -6.842626e+04 -5.499217e+04
-3.426508e+04 -6.840936e+04 -5.509042e+04
-3.427793e+04 -6.839232e+04 -5.518870e+04
-3.429072e+04 -6.837516e+04 -5.528701e+04
-3.430348e+04 -6.835786e+04 -5.538535e+04
-3.431620e+04 -6.834044e+04 -5.548372e+04
-3.432887e+04 -6.832289e+04 -5.558211e+04
-3.434150e+04 -6.830521e+04 -5.568054e+04
-3.435409e+04 -6.828739e+04 -5.577899e+04
-3.436664e+04 -6.826945e+04 -5.587748e+04
-3.437914e+04 -6.825138e+04 -5.597599e+04
-3.439160e+04 -6.823318e+04 -5.607453e+04
-3.440402e+04 -6.821485e+04 -5.617309e+04
-3.441640e+04 -6.819638e+04 -5.627169e+04
-3.442873e+04 -6.817779e+04 -5.637031e+04
-3.444102e+04 -6.815907e+04 -5.646896e+04
-3.445327e+04 -6.814022e+04 -5.656763e+04
-3.446548e+04 -6.812123e+04 -5.666634e+04
-3.447764e+04 -6.810212e+04 -5.676506e+04
-3.448976e+04 -6.808288e+04 -5.686382e+04
-3.450184e+04 -6.806350e+04 -5.696260e+04
-3.451387e+04 -6.804400e+04 -5.706141e+04
-3.452587e+04 -6.802436e+04 -5.716024e+04
-3.453781e+04 -6.800459e+04 -5.725910e+04
-3.454972e+04 -6.798470e+04 -5.735798e+04
-3.456158e+04 -6.796467e+04 -5.745689e+04
-3.457340e+04 -6.794451e+04 -5.755582e+04
-3.458517e+04 -6.792422e+04 -5.765478e+04
-3.459691e+04 -6.790380e+04 -5.775377e+04
-3.460859e+04 -6.788324e+04 -5.785277e+04
-3.462024e+04 -6.786256e+04 -5.795180e+04
-3.463184e+04 -6.784174e+04 -5.805086e+04
-3.464340e+04 -6.782079e+04 -5.814994e+04
-3.465491e+04 -6.779972e+04 -5.824904e+04
-3.466638e+04 -6.777851e+04 -5.834816e+04
-3.467780e+04 -6.775716e+04 -5.844731e+04
-3.468919e+04 -6.773569e+04 -5.854648e+04
-3.470052e+04 -6.771408e+04 -5.864567e+04
-3.471182e+04 -6.769235e+04 -5.874489e+04
-3.472307e+04 -6.767048e+04 -5.884413e+04
-3.473427e+04 -6.764848e+04 -5.894339e+04
-3.474543e+04 -6.762634e+04 -5.904267e+04
-3.475655e+04 -6.760408e+04 -5.914197e+04
-3.476762e+04 -6.758168e+04 -5.924130e+04
-3.477865e+04 -6.755915e+04 -5.934064e+04
-3.478963e+04 -6.753649e+04 -5.944001e+04
-3.480057e+04 -6.751369e+04 -5.953940e+04
-3.481147e+04 -6.749076e+04 -5.963880e+04
-3.482232e+04 -6.746770e+04 -5.973823e+04
-3.483312e+04 -6.744451e+04 -5.983768e+04
-3.484388e+04 -6.742119e+04 -5.993715e+04
-3.485460e+04 -6.739773e+04 -6.003664e+04
-3.486527e+04 -6.737414e+04 -6.013614e+04
-3.487589e+04 -6.735041e+04 -6.023567e+04
-3.488647e+04 -6.732656e+04 -6.033521e+04
-3.489701e+04 -6.730257e+04 -6.043478e+04
-3.490750e+04 -6.727845e+04 -6.053436e+04
-3.491794e+04 -6.725419e+04 -6.063396e+04
-3.492834e+04 -6.722980e+04 -6.073358e+04
-3.493870e+04 -6.720528e+04 -6.083322e+04
-3.494900e+04 -6.718063e+04 -6.093287e+04
-3.495927e+04 -6.715584e+04 -6.103255e+04
-3.496949e+04 -6.713092e+04 -6.113224e+04
-3.497966e+04 -6.710586e+04 -6.123195e+04
-3.498978e+04 -6.708067e+04 -6.133167e+04
-3.499987e+04 -6.705535e+04 -6.143141e+04
-3.500990e+04 -6.702990e+04 -6.153117e+04
-3.501989e+04 -6.700431e+04 -6.163094e+04
-3.502983e+04 -6.697858e+04 -6.173073e+04
-3.503973e+04 -6.695273e+04 -6.183054e+04
-3.504958e+04 -6.692674e+04 -6.193036e+04
-3.505939e+04 -6.690061e+04 -6.203019e+04
-3.506915e+04 -6.687435e+04 -6.213005e+04
-3.507886e+04 -6.684796e+04 -6.222991e+04
-3.508853e+04 -6.682144e+04 -6.232980e+04
-3.509815e+04 -6.679477e+04 -6.242969e+04
-3.510772e+04 -6.676798e+04 -6.252960e+04
-3.511725e+04 -6.674105e+04 -6.262953e+04
-3.512673e+04 -6.671399e+04 -6.272947e+04
-3.513617e+04 -6.668679e+04 -6.282942e+04
-3.514556e+04 -6.665946e+04 -6.292938e+04
-3.515490e+04 -6.663199e+04 -6.302936e+04
-3.516419e+04 -6.660439e+04 -6.312936e+04
-3.517344e+04 -6.657666e+04 -6.322936e+04
-3.518264e+04 -6.654879e+04 -6.332938e+04
-3.519180e+04 -6.652078e+04 -6.342941e+04
-3.520091e+04 -6.649264e+04 -6.352945e+04
-3.520997e+04 -6.646437e+04 -6.362951e+04
-3.521898e+04 -6.643596e+04 -6.372957e+04
-3.522795e+04 -6.640742e+04 -6.382965e+04
-3.523687e+04 -6.637874e+04 -6.392974e+04
-3.524574e+04 -6.634993e+04 -6.402984e+04
-3.525457e+04 -6.632098e+04 -6.412995e+04
-3.526335e+04 -6.629190e+04 -6.423007e+04
-3.527208e+04 -6.626268e+04 -6.433020e+04
-3.528076e+04 -6.623333e+04 -6.443035e+04
-3.528940e+04 -6.620384e+04 -6.453050e+04
-3.529799e+04 -6.617422e+04 -6.463066e+04
-3.530653e+04 -6.614446e+04 -6.473083e+04
-3.531502e+04 -6.611456e+04 -6.483102e+04
-3.532347e+04 -6.608453e+04 -6.493121e+04
-3.533187e+04 -6.605437e+04 -6.503141e+04
-3.534022e+04 -6.602407e+04 -6.513161e+04
-3.534852e+04 -6.599363e+04 -6.523183e+04
-3.535677e+04 -6.596306e+04 -6.533206e+04
-3.536498e+04 -6.593236e+04 -6.543229e+04
-3.537314e+04 -6.590152e+04 -6.553253e+04
-3.538125e+04 -6.587054e+04 -6.563278e+04
-3.538931e+04 -6.583942e+04 -6.573303e+04
-3.539733e+04 -6.580818e+04 -6.583330e+04
-3.540529e+04 -6.577679e+04 -6.593357e+04
-3.541321e+04 -6.574527e+04 -6.603385e+04
-3.542108e+04 -6.571361e+04 -6.613413e+04
-3.542890e+04 -6.568182e+04 -6.623442e+04
-3.543668e+04 -6.564989e+04 -6.633471e+04
-3.544440e+04 -6.561783e+04 -6.643502e+04
-3.545208e+04 -6.558563e+04 -6.653532e+04
-3.545970e+04 -6.555329e+04 -6.663564e+04
-3.546728e+04 -6.552082e+04 -6.673595e+04
-3.547481e+04 -6.548822e+04 -6.683628e+04
-3.548229e+04 -6.545547e+04 -6.693661e+04
-3.548973e+04 -6.542259e+04 -6.703694e+04
-3.549711e+04 -6.538957e+04 -6.713727e+04
-3.550444e+04 -6.535642e+04 -6.723762e+04
-3.551173e+04 -6.532313e+04 -6.733796e+04
-3.551897e+04 -6.528971e+04 -6.743831e+04
-3.552615e+04 -6.525615e+04 -6.753866e+04
-3.553329e+04 -6.522245e+04 -6.763902e+04
-3.554038e+04 -6.518861e+04 -6.773937e+04
-3.554742e+04 -6.515464e+04 -6.783973e+04
-3.555441e+04 -6.512054e+04 -6.794010e+04
-3.556136e+04 -6.508629e+04 -6.804046e+04
-3.556825e+04 -6.505191e+04 -6.814083e+04
-3.557509e+04 -6.501740e+04 -6.824120e+04
-3.558188e+04 -6.498274e+04 -6.834157e+04
-3.558863e+04 -6.494795e+04 -6.844195e+04
-3.559532e+04 -6.491303e+04 -6.854232e+04
-3.560197e+04 -6.487796e+04 -6.864269e+04
-3.560856e+04 -6.484276e+04 -6.874307e+04
-3.561511e+04 -6.480743e+04 -6.884345e+04
-3.562161e+04 -6.477195e+04 -6.894382e+04
-3.562805e+04 -6.473634e+04 -6.904420e+04
-3.563445e+04 -6.470059e+04 -6.914458e+04
-3.564079e+04 -6.466471e+04 -6.924495e+04
-3.564709e+04 -6.462869e+04 -6.934533e+04
-3.565334e+04 -6.459253e+04 -6.944570e+04
-3.565953e+04 -6.455624e+04 -6.954608e+04
-3.566568e+04 -6.451981e+04 -6.964645e+04
-3.567177e+04 -6.448324e+04 -6.974682e+04
-3.567782e+04 -6.444653e+04 -6.984719e+04
-3.568382e+04 -6.440969e+04 -6.994756e+04
-3.568976e+04 -6.437271e+04 -7.004792e+04
-3.569566e+04 -6.433559e+04 -7.014829e+04
-3.570150e+04 -6.429834e+04 -7.024865e+04
-3.570729e+04 -6.426095e+04 -7.034901e+04
-3.571304e+04 -6.422342e+04 -7.044936e+04
-3.571873e+04 -6.418575e+04 -7.054971e+04
-3.572437e+04 -6.414795e+04 -7.065006e+04
-3.572997e+04 -6.411001e+04 -7.075040e+04
-3.573551e+04 -6.407193e+04 -7.085074e+04
-3.574100e+04 -6.403372e+04 -7.095108e+04
-3.574644e+04 -6.399537e+04 -7.105141e+04
-3.575183e+04 -6.395688e+04 -7.115174e+04
-3.575716e+04 -6.391825e+04 -7.125206e+04
-3.576245e+04 -6.387949e+04 -7.135238e+04
-3.576769e+04 -6.384059e+04 -7.145269e+04
-3.577287e+04 -6.380155e+04 -7.155300e+04
-3.577801e+04 -6.376237e+04 -7.165330e+04
-3.578309e+04 -6.372306e+04 -7.175359e+04
-3.578812e+04 -6.368361e+04 -7.185388e+04
-3.579310e+04 -6.364402e+04 -7.195416e+04
-3.579803e+04 -6.360430e+04 -7.205444e+04
-3.580291e+04 -6.356443e+04 -7.215471e+04
-3.580773e+04 -6.352443e+04 -7.225497e+04
-3.581251e+04 -6.348429e+04 -7.235522e+04
-3.581723e+04 -6.344402e+04 -7.245547e+04
-3.582191e+04 -6.340361e+04 -7.255571e+04
-3.582653e+04 -6.336305e+04 -7.265594e+04
-3.583110e+04 -6.332237e+04 -7.275616e+04
-3.583561e+04 -6.328154e+04 -7.285637e+04
-3.584008e+04 -6.324058e+04 -7.295658e+04
-3.584449e+04 -6.319948e+04 -7.305678e+04
-3.584886e+04 -6.315824e+04 -7.315696e+04
-3.585317e+04 -6.311686e+04 -7.325714e+04
-3.585743e+04 -6.307535e+04 -7.335731e+04
-3.586163e+04 -6.303369e+04 -7.345747e+04
-3.586579e+04 -6.299190e+04 -7.355762e+04
-3.586989e+04 -6.294998e+04 -7.365775e+04
-3.587394e+04 -6.290791e+04 -7.375788e+04
-3.587794e+04 -6.286571e+04 -7.385800e+04
-3.588189e+04 -6.282337e+04 -7.395810e+04
-3.588579e+04 -6.278089e+04 -7.405820e+04
-3.588963e+04 -6.273828e+04 -7.415828e+04
-3.589342e+04 -6.269552e+04 -7.425835e+04
-3.589716e+04 -6.265263e+04 -7.435841e+04
-3.590084e+04 -6.260960e+04 -7.445846e+04
-3.590448e+04 -6.256644e+04 -7.455849e+04
-3.590806e+04 -6.252313e+04 -7.465852e+04
-3.591159e+04 -6.247969e+04 -7.475853e+04
-3.591506e+04 -6.243611e+04 -7.485852e+04
-3.591849e+04 -6.239239e+04 -7.495851e+04
-3.592186e+04 -6.234854e+04 -7.505848e+04
-3.592518e+04 -6.230454e+04 -7.515843e+04
-3.592844e+04 -6.226041e+04 -7.525837e+04
-3.593166e+04 -6.221614e+04 -7.535830e+04
-3.593482e+04 -6.217173e+04 -7.545822e+04
-3.593793e+04 -6.212719e+04 -7.555811e+04
-3.594098e+04 -6.208251e+04 -7.565800e+04
-3.594398e+04 -6.203769e+04 -7.575787e+04
-3.594693e+04 -6.199273e+04 -7.585772e+04
-3.594983e+04 -6.194763e+04 -7.595756e+04
-3.595267e+04 -6.190240e+04 -7.605738e+04
-3.595546e+04 -6.185703e+04 -7.615719e+04
-3.595820e+04 -6.181152e+04 -7.625698e+04
-3.596088e+04 -6.176587e+04 -7.635675e+04
-3.596351e+04 -6.172009e+04 -7.645651e+04
-3.596609e+04 -6.167416e+04 -7.655625e+04
-3.596862e+04 -6.162810e+04 -7.665597e+04
-3.597109e+04 -6.158190e+04 -7.675568e+04
-3.597351e+04 -6.153557e+04 -7.685536e+04
-3.597587e+04 -6.148909e+04 -7.695503e+04
-3.597818e+04 -6.144248e+04 -7.705469e+04
-3.598044e+04 -6.139573e+04 -7.715432e+04
-3.598265e+04 -6.134884e+04 -7.725393e+04
-3.598480e+04 -6.130182e+04 -7.735353e+04
-3.598689e+04 -6.125465e+04 -7.745311e+04
-3.598894e+04 -6.120735e+04 -7.755267e+04
-3.599093e+04 -6.115991e+04 -7.765220e+04
-3.599286e+04 -6.111234e+04 -7.775172e+04
-3.599475e+04 -6.106462e+04 -7.785122e+04
-3.599658e+04 -6.101677e+04 -7.795070e+04
-3.599835e+04 -6.096878e+04 -7.805016e+04
-3.600007e+04 -6.092065e+04 -7.814960e+04
-3.600174e+04 -6.087239e+04 -7.824901e+04
-3.600336e+04 -6.082399e+04 -7.834841e+04
-3.600492e+04 -6.077544e+04 -7.844778e+04
-3.600642e+04 -6.072677e+04 -7.854714e+04
-3.600787e+04 -6.067795e+04 -7.864647e+04
-3.600927e+04 -6.062900e+04 -7.874578e+04
-3.601062e+04 -6.057990e+04 -7.884506e+04
-3.601191e+04 -6.053067e+04 -7.894433e+04
-3.601314e+04 -6.048131e+04 -7.904357e+04
-3.601432e+04 -6.043180e+04 -7.914279e+04
-3.601545e+04 -6.038216e+04 -7.924199e+04
-3.601652e+04 -6.033238e+04 -7.934116e+04
-3.601754e+04 -6.028246e+04 -7.944031e+04
-3.601851e+04 -6.023241e+04 -7.953943e+04
-3.601942e+04 -6.018221e+04 -7.963853e+04
-3.602027e+04 -6.013188e+04 -7.973761e+04
-3.602107e+04 -6.008141e+04 -7.983666e+04
-3.602182e+04 -6.003081e+04 -7.993569e+04
-3.602251e+04 -5.998007e+04 -8.003469e+04
-3.602315e+04 -5.992919e+04 -8.013367e+04
-3.602373e+04 -5.987817e+04 -8.023262e+04
-3.602426e+04 -5.982701e+04 -8.033155e+04
-3.602474e+04 -5.977572e+04 -8.043045e+04
-3.602516e+04 -5.972429e+04 -8.052932e+04
-3.602552e+04 -5.967272e+04 -8.062817e+04
-3.602583e+04 -5.962101e+04 -8.072699e+04
-3.602609e+04 -5.956917e+04 -8.082578e+04
-3.602629e+04 -5.951719e+04 -8.092455e+04
-3.602643e+04 -5.946507e+04 -8.102329e+04
-3.602652e+04 -5.941282e+04 -8.112200e+04
-3.602656e+04 -5.936042e+04 -8.122068e+04
-3.602654e+04 -5.930790e+04 -8.131934e+04
-3.602646e+04 -5.925523e+04 -8.141797e+04
-3.602633e+04 -5.920242e+04 -8.151657e+04
-3.602615e+04 -5.914948e+04 -8.161514e+04
-3.602591e+04 -5.909640e+04 -8.171368e+04
-3.602562e+04 -5.904319e+04 -8.181219e+04
-3.602527e+04 -5.898983e+04 -8.191068e+04
-3.602486e+04 -5.893634e+04 -8.200913e+04
-3.602440e+04 -5.888272e+04 -8.210755e+04
-3.602389e+04 -5.882895e+04 -8.220595e+04
-3.602332e+04 -5.877505e+04 -8.230431e+04
-3.602269e+04 -5.872101e+04 -8.240264e+04
-3.602201e+04 -5.866683e+04 -8.250095e+04
-3.602127e+04 -5.861252e+04 -8.259922e+04
-3.602048e+04 -5.855807e+04 -8.269746e+04
-3.601963e+04 -5.850348e+04 -8.279567e+04
-3.601873e+04 -5.844876e+04 -8.289384e+04
-3.601777e+04 -5.839390e+04 -8.299199e+04
-3.601676e+04 -5.833890e+04 -8.309010e+04
-3.601569e+04 -5.828377e+04 -8.318818e+04
-3.601456e+04 -5.822850e+04 -8.328623e+04
-3.601338e+04 -5.817309e+04 -8.338424e+04
-3.601215e+04 -5.811754e+04 -8.348222e+04
-3.601085e+04 -5.806186e+04 -8.358017e+04
-3.600951e+04 -5.800604e+04 -8.367809e+04
-3.600810e+04 -5.795009e+04 -8.377597e+04
-3.600664e+04 -5.789400e+04 -8.387382e+04
-3.600513e+04 -5.783777e+04 -8.397163e+04
-3.600356e+04 -5.778140e+04 -8.406941e+04
-3.600193e+04 -5.772490e+04 -8.416715e+04
-3.600025e+04 -5.766826e+04 -8.426486e+04
-3.599851e+04 -5.761149e+04 -8.436253e+04
-3.599672e+04 -5.755458e+04 -8.446017e+04
-3.599487e+04 -5.749753e+04 -8.455777e+04
-3.599296e+04 -5.744035e+04 -8.465534e+04
-3.599100e+04 -5.738303e+04 -8.475287e+04
-3.598898e+04 -5.732557e+04 -8.485037e+04
-3.598690e+04 -5.726798e+04 -8.494782e+04
-3.598477e+04 -5.721025e+04 -8.504524e+04
-3.598259e+04 -5.715238e+04 -8.514263e+04
-3.598034e+04 -5.709438e+04 -8.523997e+04
-3.597804e+04 -5.703624e+04 -8.533728e+04
-3.597569e+04 -5.697797e+04 -8.543455e+04
-3.597328e+04 -5.691956e+04 -8.553179e+04
-3.597081e+04 -5.686101e+04 -8.562898e+04
-3.596828e+04 -5.680233e+04 -8.572614e+04
-3.596570e+04 -5.674351e+04 -8.582326e+04
-3.596307e+04 -5.668456e+04 -8.592034e+04
-3.596037e+04 -5.662547e+04 -8.601738e+04
-3.595762e+04 -5.656624e+04 -8.611438e+04
-3.595482e+04 -5.650688e+04 -8.621134e+04
-3.595195e+04 -5.644738e+04 -8.630826e+04
-3.594904e+04 -5.638775e+04 -8.640515e+04
-3.594606e+04 -5.632798e+04 -8.650199e+04
-3.594303e+04 -5.626807e+04 -8.659879e+04
-3.593994e+04 -5.620803e+04 -8.669555e+04
-3.593679e+04 -5.614786e+04 -8.679227e+04
-3.593359e+04 -5.608755e+04 -8.688895e+04
-3.593033e+04 -5.602710e+04 -8.698558e+04
-3.592702e+04 -5.596652e+04 -8.708218e+04
-3.592364e+04 -5.590580e+04 -8.717873e+04
-3.592022e+04 -5.584494e+04 -8.727524e+04
-3.591673e+04 -5.578396e+04 -8.737171e+04
-3.591319e+04 -5.572283e+04 -8.746814e+04
-3.590959e+04 -5.566157e+04 -8.756452e+04
-3.590593e+04 -5.560018e+04 -8.766086e+04
-3.590222e+04 -5.553865e+04 -8.775716e+04
-3.589845e+04 -5.547699e+04 -8.785341e+04
-3.589462e+04 -5.541519e+04 -8.794962e+04
-3.589074e+04 -5.535325e+04 -8.804579e+04
-3.588680e+04 -5.529118e+04 -8.814191e+04
-3.588280e+04 -5.522898e+04 -8.823799e+04
-3.587875e+04 -5.516664e+04 -8.833402e+04
-3.587464e+04 -5.510416e+04 -8.843001e+04
-3.587047e+04 -5.504156e+04 -8.852596e+04
-3.586624e+04 -5.497881e+04 -8.862185e+04
-3.586196e+04 -5.491593e+04 -8.871771e+04
-3.585762e+04 -5.485292e+04 -8.881351e+04
-3.585322e+04 -5.478977e+04 -8.890927e+04
-3.584877e+04 -5.472649e+04 -8.900499e+04
-3.584426e+04 -5.466307e+04 -8.910066e+04
-3.583969e+04 -5.459952e+04 -8.919628e+04
-3.583507e+04 -5.453584e+04 -8.929185e+04
-3.583038e+04 -5.447202e+04 -8.938738e+04
-3.582564e+04 -5.440807e+04 -8.948286e+04
-3.582085e+04 -5.434398e+04 -8.957829e+04
-3.581599e+04 -5.427976e+04 -8.967368e+04
-3.581108e+04 -5.421540e+04 -8.976901e+04
-3.580611e+04 -5.415091e+04 -8.986430e+04
-3.580108e+04 -5.408628e+04 -8.995954e+04
-3.579600e+04 -5.402153e+04 -9.005473e+04
-3.579086e+04 -5.395663e+04 -9.014987e+04
-3.578566e+04 -5.389161e+04 -9.024497e+04
-3.578040e+04 -5.382645e+04 -9.034001e+04
-3.577509e+04 -5.376116e+04 -9.043501e+04
-3.576972e+04 -5.369573e+04 -9.052995e+04
-3.576429e+04 -5.363017e+04 -9.062484e+04
-3.575880e+04 -5.356447e+04 -9.071969e+04
-3.575326e+04 -5.349865e+04 -9.081448e+04
-3.574766e+04 -5.343268e+04 -9.090922e+04
-3.574200e+04 -5.336659e+04 -9.100391e+04
-3.573628e+04 -5.330036e+04 -9.109855e+04
-3.573051e+04 -5.323400e+04 -9.119314e+04
-3.572468e+04 -5.316751e+04 -9.128768e+04
-3.571879e+04 -5.310088e+04 -9.138216e+04
-3.571284e+04 -5.303412e+04 -9.147660e+04
-3.570684e+04 -5.296723e+04 -9.157098e+04
-3.570078e+04 -5.290020e+04 -9.166531e+04
-3.569466e+04 -5.283304e+04 -9.175958e+04
-3.568848e+04 -5.276575e+04 -9.185380e+04
-3.568224e+04 -5.269832e+04 -9.194797e+04
-3.567595e+04 -5.263077e+04 -9.204209e+04
-3.566960e+04 -5.256308e+04 -9.213615e+04
-3.566319e+04 -5.249525e+04 -9.223016e+04
-3.565672e+04 -5.242730e+04 -9.232411e+04
-3.565020e+04 -5.235921e+04 -9.241801e+04
-3.564362e+04 -5.229099e+04 -9.251185e+04
-3.563698e+04 -5.222264e+04 -9.260564e+04
-3.563028e+04 -5.215415e+04 -9.269938e+04
-3.562352e+04 -5.208554e+04 -9.279306e+04
-3.561671e+04 -5.201679e+04 -9.288668e+04
-3.560984e+04 -5.194791e+04 -9.298025e+04
-3.560291e+04 -5.187889e+04 -9.307376e+04
-3.559592e+04 -5.180975e+04 -9.316721e+04
-3.558887e+04 -5.174047e+04 -9.326061e+04
-3.558177e+04 -5.167106e+04 -9.335396e+04
-3.557461e+04 -5.160152e+04 -9.344724e+04
-3.556739e+04 -5.153185e+04 -9.354047e+04
-3.556011e+04 -5.146205e+04 -9.363364e+04
-3.555277e+04 -5.139211e+04 -9.372675e+04
-3.554538e+04 -5.132204e+04 -9.381981e+04
-3.553793e+04 -5.125185e+04 -9.391281e+04
-3.553041e+04 -5.118152e+04 -9.400575e+04
-3.552285e+04 -5.111106e+04 -9.409863e+04
-3.551522e+04 -5.104047e+04 -9.419145e+04
-3.550754e+04 -5.096974e+04 -9.428421e+04
-3.549979e+04 -5.089889e+04 -9.437692e+04
-3.549199e+04 -5.082790e+04 -9.446956e+04
-3.548413e+04 -5.075679e+04 -9.456215e+04
-3.547621e+04 -5.068554e+04 -9.465467e+04
-3.546824e+04 -5.061417e+04 -9.474714e+04
-3.546020e+04 -5.054266e+04 -9.483954e+04
-3.545211e+04 -5.047102e+04 -9.493189e+04
-3.544396e+04 -5.039925e+04 -9.502417e+04
-3.543575e+04 -5.032735e+04 -9.511640e+04
-3.542749e+04 -5.025532e+04 -9.520856e+04
-3.541916e+04 -5.018316e+04 -9.530066e+04
-3.541078e+04 -5.011087e+04 -9.539270e+04
-3.540234e+04 -5.003845e+04 -9.548467e+04
-3.539384e+04 -4.996590e+04 -9.557659e+04
-3.538528e+04 -4.989322e+04 -9.566844e+04
-3.537666e+04 -4.982041e+04 -9.576023e+04
-3.536798e+04 -4.974747e+04 -9.585196e+04
-3.535925e+04 -4.967440e+04 -9.594362e+04
-3.535046e+04 -4.960120e+04 -9.603523e+04
-3.534161e+04 -4.952788e+04 -9.612676e+04
-3.533270e+04 -4.945442e+04 -9.621824e+04
-3.532373e+04 -4.938083e+04 -9.630965e+04
-3.531471e+04 -4.930711e+04 -9.640099e+04
-3.530562e+04 -4.923327e+04 -9.649228e+04
-3.529648e+04 -4.915929e+04 -9.658349e+04
-3.528728e+04 -4.908519e+04 -9.667465e+04
-3.527802e+04 -4.901095e+04 -9.676574e+04
-3.526870e+04 -4.893659e+04 -9.685676e+04
-3.525933e+04 -4.886210e+04 -9.694772e+04
-3.524989e+04 -4.878748e+04 -9.703861e+04
-3.524040e+04 -4.871273e+04 -9.712943e+04
-3.523084e+04 -4.863785e+04 -9.722019e+04
-3.522123e+04 -4.856285e+04 -9.731089e+04
-3.521157e+04 -4.848771e+04 -9.740152e+04
-3.520184e+04 -4.841245e+04 -9.749208e+04
-3.519205e+04 -4.833706e+04 -9.758257e+04
-3.518221e+04 -4.826154e+04 -9.767300e+04
-3.517230e+04 -4.818589e+04 -9.776336e+04
-3.516234e+04 -4.811012e+04 -9.785365e+04
-3.515232e+04 -4.803421e+04 -9.794387e+04
-3.514224e+04 -4.795818e+04 -9.803403e+04
-3.513210e+04 -4.788202e+04 -9.812411e+04
-3.512191e+04 -4.780574e+04 -9.821413e+04
-3.511165e+04 -4.772932e+04 -9.830408e+04
-3.510134e+04 -4.765278e+04 -9.839397e+04
-3.509097e+04 -4.757611e+04 -9.848378e+04
-3.508054e+04 -4.749932e+04 -9.857352e+04
-3.507005e+04 -4.742239e+04 -9.866320e+04
-3.505950e+04 -4.734534e+04 -9.875280e+04
-3.504889e+04 -4.726817e+04 -9.884233e+04
-3.503823e+04 -4.719086e+04 -9.893180e+04
-3.502750e+04 -4.711343e+04 -9.902119e+04
-3.501672e+04 -4.703587e+04 -9.911051e+04
-3.500588e+04 -4.695819e+04 -9.919976e+04
-3.499498e+04 -4.688038e+04 -9.928894e+04
-3.498402e+04 -4.680244e+04 -9.937805e+04
-3.497300e+04 -4.672437e+04 -9.946709e+04
-3.496193e+04 -4.664618e+04 -9.955606e+04
-3.495079e+04 -4.656787e+04 -9.964495e+04
-3.493960e+04 -4.648942e+04 -9.973377e+04
-3.492835e+04 -4.641085e+04 -9.982252e+04
-3.491704e+04 -4.633216e+04 -9.991120e+04
-3.490567e+04 -4.625334e+04 -9.999980e+04
-3.489424e+04 -4.617439e+04 -1.000883e+05
-3.488275e+04 -4.609532e+04 -1.001768e+05
-3.487121e+04 -4.601612e+04 -1.002652e+05
-3.485960e+04 -4.593680e+04 -1.003535e+05
-3.484794e+04 -4.585735e+04 -1.004417e+05
-3.483622e+04 -4.577777e+04 -1.005299e+05
-3.482443e+04 -4.569808e+04 -1.006180e+05
-3.481259e+04 -4.561825e+04 -1.007060e+05
-3.480070e+04 -4.553830e+04 -1.007939e+05
-3.478874e+04 -4.545823e+04 -1.008818e+05
-3.477672e+04 -4.537803e+04 -1.009696e+05
-3.476465e+04 -4.529770e+04 -1.010573e+05
-3.475251e+04 -4.521726e+04 -1.011449e+05
-3.474032e+04 -4.513668e+04 -1.012325e+05
-3.472807e+04 -4.505599e+04 -1.013200e+05
-3.471576e+04 -4.497516e+04 -1.014074e+05
-3.470339e+04 -4.489422e+04 -1.014947e+05
-3.469097e+04 -4.481315e+04 -1.015820e+05
-3.467848e+04 -4.473196e+04 -1.016692e+05
-3.466593e+04 -4.465064e+04 -1.017563e+05
-3.465333e+04 -4.456920e+04 -1.018433e+05
-3.464067e+04 -4.448763e+04 -1.019302e+05
-3.462795e+04 -4.440594e+04 -1.020171e+05
-3.461517e+04 -4.432413e+04 -1.021039e+05
-3.460233e+04 -4.424219e+04 -1.021906e+05
-3.458943e+04 -4.416014e+04 -1.022772e+05
-3.457647e+04 -4.407795e+04 -1.023638e+05
-3.456346e+04 -4.399565e+04 -1.024503e+05
-3.455038e+04 -4.391322e+04 -1.025367e+05
-3.453725e+04 -4.383067e+04 -1.026230e+05
-3.452406e+04 -4.374800e+04 -1.027092e+05
-3.451081e+04 -4.366520e+04 -1.027954e+05
-3.449750e+04 -4.358228e+04 -1.028815e+05
-3.448413e+04 -4.349924e+04 -1.029675e+05
-3.447071e+04 -4.341607e+04 -1.030534e+05
-3.445722e+04 -4.333279e+04 -1.031392e+05
-3.444368e+04 -4.324938e+04 -1.032250e+05
-3.443007e+04 -4.316585e+04 -1.033107e+05
-3.441641e+04 -4.308220e+04 -1.033963e+05
-3.440269e+04 -4.299842e+04 -1.034818e+05
-3.438891e+04 -4.291453e+04 -1.035672e+05
-3.437507e+04 -4.283051e+04 -1.036526e+05
-3.436117e+04 -4.274637e+04 -1.037379e+05
-3.434722e+04 -4.266211e+04 -1.038230e+05
-3.433320e+04 -4.257773e+04 -1.039081e+05
-3.431913e+04 -4.249323e+04 -1.039932e+05
-3.430500e+04 -4.240860e+04 -1.040781e+05
-3.429081e+04 -4.232386e+04 -1.041630e+05
-3.427656e+04 -4.223900e+04 -1.042477e+05
-3.426225e+04 -4.215401e+04 -1.043324e+05
-3.424788e+04 -4.206890e+04 -1.044170e+05
-3.423345e+04 -4.198368e+04 -1.045016e+05
-3.421897e+04 -4.189833e+04 -1.045860e+05
-3.420443e+04 -4.181286e+04 -1.046704e+05
-3.418982e+04 -4.172727e+04 -1.047546e+05
-3.417516e+04 -4.164156e+04 -1.048388e+05
-3.416044e+04 -4.155574e+04 -1.049229e+05
-3.414566e+04 -4.146979e+04 -1.050069e+05
-3.413083e+04 -4.138372e+04 -1.050909e+05
-3.411593e+04 -4.129753e+04 -1.051747e+05
-3.410098e+04 -4.121123e+04 -1.052585e+05
-3.408596e+04 -4.112480e+04 -1.053421e+05
-3.407089e+04 -4.103826e+04 -1.054257e+05
-3.405576e+04 -4.095159e+04 -1.055092e+05
-3.404057e+04 -4.086481e+04 -1.055926e+05
-3.402532e+04 -4.077790e+04 -1.056760e+05
-3.401001e+04 -4.069088e+04 -1.057592e+05
-3.399465e+04 -4.060374e+04 -1.058424e+05
-3.397922e+04 -4.051649e+04 -1.059254e+05
-3.396374e+04 -4.042911e+04 -1.060084e+05
-3.394820e+04 -4.034161e+04 -1.060913e+05
-3.393260e+04 -4.025400e+04 -1.061741e+05
-3.391694e+04 -4.016627e+04 -1.062568e+05
-3.390122e+04 -4.007842e+04 -1.063395e+05
-3.388545e+04 -3.999045e+04 -1.064220e+05
-3.386961e+04 -3.990237e+04 -1.065044e+05
-3.385372e+04 -3.981416e+04 -1.065868e+05
-3.383776e+04 -3.972584e+04 -1.066691e+05
-3.382175e+04 -3.963741e+04 -1.067513e+05
-3.380568e+04 -3.954885e+04 -1.068334e+05
-3.378955e+04 -3.946018e+04 -1.069154e+05
-3.377337e+04 -3.937139e+04 -1.069973e+05
-3.375712e+04 -3.928249e+04 -1.070791e+05
-3.374082e+04 -3.919346e+04 -1.071608e+05
-3.372446e+04 -3.910432e+04 -1.072425e+05
-3.370803e+04 -3.901507e+04 -1.073240e+05
-3.369155e+04 -3.892570e+04 -1.074055e+05
-3.367502e+04 -3.883621e+04 -1.074868e+05
-3.365842e+04 -3.874660e+04 -1.075681e+05
-3.364176e+04 -3.865688e+04 -1.076493e+05
-3.362505e+04 -3.856705e+04 -1.077304e+05
-3.360828e+04 -3.847710e+04 -1.078114e+05
-3.359145e+04 -3.838703e+04 -1.078923e+05
-3.357456e+04 -3.829684e+04 -1.079731e+05
-3.355761e+04 -3.820654e+04 -1.080539e+05
-3.354060e+04 -3.811613e+04 -1.081345e+05
-3.352354e+04 -3.802560e+04 -1.082150e+05
-3.350641e+04 -3.793496e+04 -1.082955e+05
-3.348923e+04 -3.784420e+04 -1.083758e+05
-3.347199e+04 -3.775332e+04 -1.084561e+05
-3.345469e+04 -3.766234e+04 -1.085362e+05
-3.343734e+04 -3.757123e+04 -1.086163e+05
-3.341992e+04 -3.748001e+04 -1.086963e+05
-3.340245e+04 -3.738868e+04 -1.087762e+05
-3.338491e+04 -3.729724e+04 -1.088560e+05
-3.336732e+04 -3.720568e+04 -1.089357e+05
-3.334967e+04 -3.711400e+04 -1.090153e+05
-3.333197e+04 -3.702221e+04 -1.090948e+05
-3.331420e+04 -3.693031e+04 -1.091742e+05
-3.329638e+04 -3.683830e+04 -1.092535e+05
-3.327849e+04 -3.674617e+04 -1.093327e+05
-3.326055e+04 -3.665393e+04 -1.094118e+05
-3.324255e+04 -3.656157e+04 -1.094908e+05
-3.322450e+04 -3.646911e+04 -1.095698e+05
-3.320638e+04 -3.637653e+04 -1.096486e+05
-3.318821e+04 -3.628383e+04 -1.097273e+05
-3.316997e+04 -3.619103e+04 -1.098060e+05
-3.315168e+04 -3.609811e+04 -1.098845e+05
-3.313333e+04 -3.600508e+04 -1.099630e+05
-3.311493e+04 -3.591193e+04 -1.100413e+05
-3.309646e+04 -3.581868e+04 -1.101196e+05
-3.307794e+04 -3.572531e+04 -1.101977e+05
-3.305936e+04 -3.563183e+04 -1.102758e+05
-3.304072e+04 -3.553824e+04 -1.103537e+05
-3.302202e+04 -3.544454e+04 -1.104316e+05
-3.300326e+04 -3.535073e+04 -1.105093e+05
-3.298445e+04 -3.525680e+04 -1.105870e+05
-3.296558e+04 -3.516277e+04 -1.106645e+05
-3.294665e+04 -3.506862e+04 -1.107420e+05
-3.292766e+04 -3.497436e+04 -1.108194e+05
-3.290861e+04 -3.488000e+04 -1.108966e+05
-3.288951e+04 -3.478552e+04 -1.109738e+05
-3.287034e+04 -3.469093e+04 -1.110509e+05
-3.285112e+04 -3.459623e+04 -1.111278e+05
-3.283184e+04 -3.450142e+04 -1.112047e+05
-3.281251e+04 -3.440650e+04 -1.112814e+05
-3.279311e+04 -3.431147e+04 -1.113581e+05
-3.277366e+04 -3.421633e+04 -1.114347e+05
-3.275415e+04 -3.412108e+04 -1.115111e+05
-3.273458e+04 -3.402572e+04 -1.115875e+05
-3.271495e+04 -3.393025e+04 -1.116637e+05
-3.269527e+04 -3.383468e+04 -1.117399e+05
-3.267553e+04 -3.373899e+04 -1.118159e+05
-3.265573e+04 -3.364319e+04 -1.118919e+05
-3.263587e+04 -3.354729e+04 -1.119677e+05
-3.261595e+04 -3.345128e+04 -1.120435e+05
-3.259598e+04 -3.335516e+04 -1.121191e+05
-3.257595e+04 -3.325893e+04 -1.121947e+05
-3.255586e+04 -3.316259e+04 -1.122701e+05
-3.253571e+04 -3.306614e+04 -1.123454e+05
-3.251550e+04 -3.296959e+04 -1.124207e+05
-3.249524e+04 -3.287293e+04 -1.124958e+05
-3.247492e+04 -3.277616e+04 -1.125708e+05
-3.245454e+04 -3.267928e+04 -1.126457e+05
-3.243411e+04 -3.258229e+04 -1.127205e+05
-3.241361e+04 -3.248520e+04 -1.127952e+05
-3.239306e+04 -3.238800e+04 -1.128698e+05
-3.237245e+04 -3.229070e+04 -1.129443e+05
-3.235179e+04 -3.219328e+04 -1.130187e+05
-3.233106e+04 -3.209576e+04 -1.130930e+05
-3.231028e+04 -3.199814e+04 -1.131672e+05
-3.228944e+04 -3.190041e+04 -1.132413e+05
-3.226855e+04 -3.180257e+04 -1.133153e+05
-3.224759e+04 -3.170462e+04 -1.133891e+05
-3.222658e+04 -3.160657e+04 -1.134629e+05
-3.220551e+04 -3.150842e+04 -1.135366e+05
-3.218438e+04 -3.141015e+04 -1.136101e+05
-3.216320e+04 -3.131178e+04 -1.136836e+05
-3.214196e+04 -3.121331e+04 -1.137569e+05
-3.212066e+04 -3.111473e+04 -1.138301e+05
-3.209930e+04 -3.101605e+04 -1.139033e+05
-3.207789e+04 -3.091726e+04 -1.139763e+05
-3.205642e+04 -3.081837e+04 -1.140492e+05
-3.203489e+04 -3.071937e+04 -1.141220e+05
-3.201330e+04 -3.062027e+04 -1.141947e+05
-3.199166e+04 -3.052106e+04 -1.142673e+05
-3.196996e+04 -3.042175e+04 -1.143397e+05
-3.194820e+04 -3.032233e+04 -1.144121e+05
-3.192639e+04 -3.022281e+04 -1.144844e+05
-3.190451e+04 -3.012319e+04 -1.145565e+05
-3.188258e+04 -3.002346e+04 -1.146286e+05
-3.186060e+04 -2.992363e+04 -1.147005e+05
-3.183855e+04 -2.982370e+04 -1.147723e+05
-3.181645e+04 -2.972366e+04 -1.148440e+05
-3.179429e+04 -2.962352e+04 -1.149156e+05
-3.177208e+04 -2.952328e+04 -1.149871e+05
-3.174981e+04 -2.942294e+04 -1.150585e+05
-3.172748e+04 -2.932249e+04 -1.151298e+05
-3.170509e+04 -2.922194e+04 -1.152010e+05
-3.168265e+04 -2.912129e+04 -1.152720e+05
-3.166015e+04 -2.902053e+04 -1.153430e+05
-3.163759e+04 -2.891967e+04 -1.154138e+05
-3.161498e+04 -2.881872e+04 -1.154845e+05
-3.159231e+04 -2.871766e+04 -1.155551e+05
-3.156958e+04 -2.861649e+04 -1.156256e+05
-3.154679e+04 -2.851523e+04 -1.156960e+05
-3.152395e+04 -2.841387e+04 -1.157663e+05
-3.150105e+04 -2.831240e+04 -1.158365e+05
-3.147810e+04 -2.821083e+04 -1.159065e+05
-3.145509e+04 -2.810917e+04 -1.159765e+05
-3.143202e+04 -2.800740e+04 -1.160463e+05
-3.140889e+04 -2.790553e+04 -1.161160e+05
-3.138571e+04 -2.780356e+04 -1.161856e+05
-3.136247e+04 -2.770149e+04 -1.162551e+05
-3.133918e+04 -2.759933e+04 -1.163245e+05
-3.131582e+04 -2.749706e+04 -1.163938e+05
-3.129241e+04 -2.739469e+04 -1.164629e+05
-3.126895e+04 -2.729222e+04 -1.165320e+05
-3.124543e+04 -2.718965e+04 -1.166009e+05
-3.122185e+04 -2.708699e+04 -1.166697e+05
-3.119821e+04 -2.698422e+04 -1.167384e+05
-3.117452e+04 -2.688136e+04 -1.168070e+05
-3.115077e+04 -2.677839e+04 -1.168754e+05
-3.112697e+04 -2.667533e+04 -1.169438e+05
-3.110311e+04 -2.657217e+04 -1.170120e+05
-3.107919e+04 -2.646891e+04 -1.170802e+05
-3.105522e+04 -2.636556e+04 -1.171482e+05
-3.103119e+04 -2.626210e+04 -1.172161e+05
-3.100710e+04 -2.615855e+04 -1.172838e+05
-3.098296e+04 -2.605490e+04 -1.173515e+05
-3.095876e+04 -2.595115e+04 -1.174190e+05
-3.093451e+04 -2.584731e+04 -1.174865e+05
-3.091020e+04 -2.574337e+04 -1.175538e+05
-3.088583e+04 -2.563933e+04 -1.176210e+05
-3.086140e+04 -2.553519e+04 -1.176881e+05
-3.083693e+04 -2.543096e+04 -1.177550e+05
-3.081239e+04 -2.532663e+04 -1.178219e+05
-3.078780e+04 -2.522220e+04 -1.178886e+05
-3.076315e+04 -2.511768e+04 -1.179552e+05
-3.073845e+04 -2.501306e+04 -1.180217e+05
-3.071369e+04 -2.490835e+04 -1.180881e+05
-3.068887e+04 -2.480354e+04 -1.181544e+05
-3.066400e+04 -2.469864e+04 -1.182205e+05
-3.063907e+04 -2.459364e+04 -1.182865e+05
-3.061409e+04 -2.448854e+04 -1.183525e+05
-3.058905e+04 -2.438335e+04 -1.184182e+05
-3.056395e+04 -2.427806e+04 -1.184839e+05
-3.053880e+04 -2.417268e+04 -1.185495e+05
-3.051359e+04 -2.406721e+04 -1.186149e+05
-3.048833e+04 -2.396164e+04 -1.186802e+05
-3.046301e+04 -2.385597e+04 -1.187454e+05
-3.043764e+04 -2.375021e+04 -1.188105e+05
-3.041221e+04 -2.364436e+04 -1.188755e+05
-3.038673e+04 -2.353842e+04 -1.189403e+05
-3.036118e+04 -2.343238e+04 -1.190050e+05
-3.033559e+04 -2.332624e+04 -1.190696e+05
-3.030994e+04 -2.322002e+04 -1.191341e+05
-3.028423e+04 -2.311370e+04 -1.191984e+05
-3.025847e+04 -2.300728e+04 -1.192627e+05
-3.023265e+04 -2.290078e+04 -1.193268e+05
-3.020677e+04 -2.279418e+04 -1.193908e+05
-3.018084e+04 -2.268749e+04 -1.194547e+05
-3.015486e+04 -2.258071e+04 -1.195184e+05
-3.012882e+04 -2.247383e+04 -1.195821e+05
-3.010272e+04 -2.236687e+04 -1.196456e+05
-3.007657e+04 -2.225981e+04 -1.197090e+05
-3.005037e+04 -2.215266e+04 -1.197722e+05
-3.002411e+04 -2.204541e+04 -1.198354e+05
-2.999779e+04 -2.193808e+04 -1.198984e+05
-2.997142e+04 -2.183066e+04 -1.199613e+05
-2.994499e+04 -2.172314e+04 -1.200241e+05
-2.991851e+04 -2.161553e+04 -1.200868e+05
-2.989198e+04 -2.150784e+04 -1.201493e+05
-2.986538e+04 -2.140005e+04 -1.202117e+05
-2.983874e+04 -2.129217e+04 -1.202740e+05
-2.981204e+04 -2.118420e+04 -1.203362e+05
-2.978528e+04 -2.107614e+04 -1.203982e+05
-2.975847e+04 -2.096800e+04 -1.204601e+05
-2.973160e+04 -2.085976e+04 -1.205219e+05
-2.970468e+04 -2.075143e+04 -1.205836e+05
-2.967770e+04 -2.064302e+04 -1.206452e+05
-2.965067e+04 -2.053451e+04 -1.207066e+05
-2.962359e+04 -2.042591e+04 -1.207679e+05
-2.959645e+04 -2.031723e+04 -1.208291e+05
-2.956925e+04 -2.020846e+04 -1.208901e+05
-2.954200e+04 -2.009960e+04 -1.209511e+05
-2.951470e+04 -1.999065e+04 -1.210119e+05
-2.948734e+04 -1.988161e+04 -1.210725e+05
-2.945993e+04 -1.977249e+04 -1.211331e+05
-2.943246e+04 -1.966327e+04 -1.211935e+05
-2.940494e+04 -1.955397e+04 -1.212538e+05
-2.937736e+04 -1.944459e+04 -1.213140e+05
-2.934973e+04 -1.933511e+04 -1.213741e+05
-2.932204e+04 -1.922555e+04 -1.214340e+05
-2.929431e+04 -1.911590e+04 -1.214938e+05
-2.926651e+04 -1.900616e+04 -1.215535e+05
-2.923866e+04 -1.889634e+04 -1.216130e+05
-2.921076e+04 -1.878643e+04 -1.216724e+05
-2.918280e+04 -1.867643e+04 -1.217317e+05
-2.915479e+04 -1.856635e+04 -1.217909e+05
-2.912673e+04 -1.845619e+04 -1.218499e+05
-2.909861e+04 -1.834593e+04 -1.219089e+05
-2.907043e+04 -1.823559e+04 -1.219676e+05
-2.904221e+04 -1.812517e+04 -1.220263e+05
-2.901393e+04 -1.801466e+04 -1.220848e+05
-2.898559e+04 -1.790406e+04 -1.221432e+05
-2.895720e+04 -1.779339e+04 -1.222015e+05
-2.892876e+04 -1.768262e+04 -1.222597e+05
-2.890026e+04 -1.757177e+04 -1.223177e+05
-2.887171e+04 -1.746084e+04 -1.223756e+05
-2.884310e+04 -1.734982e+04 -1.224334e+05
-2.881445e+04 -1.723872e+04 -1.224910e+05
-2.878573e+04 -1.712753e+04 -1.225485e+05
-2.875697e+04 -1.701627e+04 -1.226059e+05
-2.872815e+04 -1.690491e+04 -1.226631e+05
-2.869928e+04 -1.679348e+04 -1.227203e+05
-2.867035e+04 -1.668196e+04 -1.227773e+05
-2.864137e+04 -1.657036e+04 -1.228341e+05
-2.861233e+04 -1.645867e+04 -1.228909e+05
-2.858325e+04 -1.634691e+04 -1.229475e+05
-2.855411e+04 -1.623506e+04 -1.230039e+05
-2.852491e+04 -1.612312e+04 -1.230603e+05
-2.849566e+04 -1.601111e+04 -1.231165e+05
-2.846636e+04 -1.589901e+04 -1.231726e+05
-2.843701e+04 -1.578684e+04 -1.232285e+05
-2.840760e+04 -1.567458e+04 -1.232844e+05
-2.837814e+04 -1.556224e+04 -1.233401e+05
-2.834863e+04 -1.544981e+04 -1.233956e+05
-2.831906e+04 -1.533731e+04 -1.234511e+05
-2.828944e+04 -1.522473e+04 -1.235064e+05
-2.825977e+04 -1.511206e+04 -1.235615e+05
-2.823004e+04 -1.499932e+04 -1.236166e+05
-2.820026e+04 -1.488649e+04 -1.236715e+05
-2.817043e+04 -1.477359e+04 -1.237263e+05
-2.814055e+04 -1.466060e+04 -1.237809e+05
-2.811061e+04 -1.454754e+04 -1.238354e+05
-2.808062e+04 -1.443439e+04 -1.238898e+05
-2.805057e+04 -1.432117e+04 -1.239440e+05
-2.802048e+04 -1.420786e+04 -1.239982e+05
-2.799033e+04 -1.409448e+04 -1.240521e+05
-2.796013e+04 -1.398102e+04 -1.241060e+05
-2.792987e+04 -1.386748e+04 -1.241597e+05
-2.789956e+04 -1.375386e+04 -1.242133e+05
-2.786921e+04 -1.364016e+04 -1.242668e+05
-2.783879e+04 -1.352639e+04 -1.243201e+05
-2.780833e+04 -1.341253e+04 -1.243733e+05
-2.777781e+04 -1.329860e+04 -1.244263e+05
-2.774724e+04 -1.318459e+04 -1.244792e+05
-2.771662e+04 -1.307051e+04 -1.245320e+05
-2.768595e+04 -1.295634e+04 -1.245847e+05
-2.765522e+04 -1.284210e+04 -1.246372e+05
-2.762444e+04 -1.272778e+04 -1.246896e+05
-2.759361e+04 -1.261339e+04 -1.247418e+05
-2.756273e+04 -1.249892e+04 -1.247940e+05
-2.753179e+04 -1.238437e+04 -1.248459e+05
-2.750080e+04 -1.226975e+04 -1.248978e+05
-2.746977e+04 -1.215505e+04 -1.249495e+05
-2.743867e+04 -1.204027e+04 -1.250011e+05
-2.740753e+04 -1.192542e+04 -1.250525e+05
-2.737634e+04 -1.181049e+04 -1.251038e+05
-2.734509e+04 -1.169549e+04 -1.251550e+05
-2.731379e+04 -1.158042e+04 -1.252060e+05
-2.728244e+04 -1.146526e+04 -1.252570e+05
-2.725104e+04 -1.135004e+04 -1.253077e+05
-2.721958e+04 -1.123474e+04 -1.253584e+05
-2.718807e+04 -1.111936e+04 -1.254088e+05
-2.715652e+04 -1.100391e+04 -1.254592e+05
-2.712491e+04 -1.088839e+04 -1.255094e+05
-2.709325e+04 -1.077279e+04 -1.255595e+05
-2.706153e+04 -1.065712e+04 -1.256095e+05
-2.702977e+04 -1.054137e+04 -1.256593e+05
-2.699796e+04 -1.042555e+04 -1.257090e+05
-2.696609e+04 -1.030966e+04 -1.257585e+05
-2.693417e+04 -1.019370e+04 -1.258079e+05
-2.690220e+04 -1.007766e+04 -1.258572e+05
-2.687018e+04 -9.961553e+03 -1.259063e+05
-2.683811e+04 -9.845371e+03 -1.259553e+05
-2.680599e+04 -9.729117e+03 -1.260042e+05
-2.677381e+04 -9.612791e+03 -1.260529e+05
-2.674159e+04 -9.496393e+03 -1.261015e+05
-2.670931e+04 -9.379924e+03 -1.261499e+05
-2.667698e+04 -9.263383e+03 -1.261982e+05
-2.664460e+04 -9.146771e+03 -1.262464e+05
-2.661217e+04 -9.030088e+03 -1.262944e+05
-2.657969e+04 -8.913334e+03 -1.263423e+05
-2.654716e+04 -8.796509e+03 -1.263901e+05
-2.651458e+04 -8.679613e+03 -1.264377e+05
-2.648195e+04 -8.562648e+03 -1.264852e+05
-2.644926e+04 -8.445612e+03 -1.265325e+05
-2.641653e+04 -8.328506e+03 -1.265797e+05
-2.638375e+04 -8.211330e+03 -1.266268e+05
-2.635091e+04 -8.094085e+03 -1.266737e+05
-2.631802e+04 -7.976771e+03 -1.267205e+05
-2.628509e+04 -7.859387e+03 -1.267671e+05
-2.625210e+04 -7.741934e+03 -1.268136e+05
-2.621906e+04 -7.624412e+03 -1.268600e+05
-2.618598e+04 -7.506822e+03 -1.269062e+05
-2.615284e+04 -7.389163e+03 -1.269523e+05
-2.611965e+04 -7.271436e+03 -1.269982e+05
-2.608641e+04 -7.153641e+03 -1.270440e+05
-2.605312e+04 -7.035778e+03 -1.270897e+05
-2.601978e+04 -6.917847e+03 -1.271352e+05
-2.598640e+04 -6.799848e+03 -1.271806e+05
-2.595296e+04 -6.681782e+03 -1.272259e+05
-2.591947e+04 -6.563650e+03 -1.272710e+05
-2.588593e+04 -6.445450e+03 -1.273159e+05
-2.585234e+04 -6.327183e+03 -1.273607e+05
-2.581870e+04 -6.208850e+03 -1.274054e+05
-2.578501e+04 -6.090450e+03 -1.274500e+05
-2.575127e+04 -5.971984e+03 -1.274944e+05
-2.571749e+04 -5.853452e+03 -1.275386e+05
-2.568365e+04 -5.734854e+03 -1.275827e+05
-2.564976e+04 -5.616190e+03 -1.276267e+05
-2.561582e+04 -5.497461e+03 -1.276705e+05
-2.558184e+04 -5.378667e+03 -1.277142e+05
-2.554780e+04 -5.259808e+03 -1.277578e+05
-2.551372e+04 -5.140883e+03 -1.278012e+05
-2.547958e+04 -5.021894e+03 -1.278445e+05
-2.544540e+04 -4.902841e+03 -1.278876e+05
-2.541116e+04 -4.783723e+03 -1.279306e+05
-2.537688e+04 -4.664541e+03 -1.279734e+05
-2.534255e+04 -4.545295e+03 -1.280161e+05
-2.530817e+04 -4.425985e+03 -1.280587e+05
-2.527374e+04 -4.306611e+03 -1.281011e+05
-2.523926e+04 -4.187175e+03 -1.281433e+05
-2.520473e+04 -4.067675e+03 -1.281855e+05
-2.517015e+04 -3.948112e+03 -1.282274e+05
-2.513552e+04 -3.828486e+03 -1.282693e+05
-2.510085e+04 -3.708797e+03 -1.283110e+05
-2.506612e+04 -3.589046e+03 -1.283525e+05
-2.503135e+04 -3.469233e+03 -1.283939e+05
-2.499653e+04 -3.349358e+03 -1.284352e+05
-2.496166e+04 -3.229421e+03 -1.284763e+05
-2.492674e+04 -3.109422e+03 -1.285173e+05
-2.489177e+04 -2.989362e+03 -1.285581e+05
-2.485675e+04 -2.869240e+03 -1.285988e+05
-2.482169e+04 -2.749057e+03 -1.286394e+05
-2.478657e+04 -2.628813e+03 -1.286798e+05
-2.475141e+04 -2.508509e+03 -1.287200e+05
-2.471620e+04 -2.388144e+03 -1.287602e+05
-2.468094e+04 -2.267719e+03 -1.288001e+05
-2.464564e+04 -2.147233e+03 -1.288399e+05
-2.461028e+04 -2.026688e+03 -1.288796e+05
-2.457488e+04 -1.906083e+03 -1.289192e+05
-2.453942e+04 -1.785418e+03 -1.289586e+05
-2.450392e+04 -1.664694e+03 -1.289978e+05
-2.446838e+04 -1.543910e+03 -1.290369e+05
-2.443278e+04 -1.423068e+03 -1.290759e+05
-2.439714e+04 -1.302166e+03 -1.291147e+05
-2.436145e+04 -1.181207e+03 -1.291533e+05
-2.432571e+04 -1.060188e+03 -1.291918e+05
-2.428992e+04 -9.391116e+02 -1.292302e+05
-2.425408e+04 -8.179770e+02 -1.292684e+05
-2.421820e+04 -6.967845e+02 -1.293065e+05
-2.418227e+04 -5.755344e+02 -1.293445e+05
-2.414629e+04 -4.542267e+02 -1.293822e+05
-2.411027e+04 -3.328618e+02 -1.294199e+05
-2.407419e+04 -2.114398e+02 -1.294574e+05
-2.403807e+04 -8.996092e+01 -1.294947e+05
-2.400190e+04 3.157469e+01 -1.295319e+05
-2.396569e+04 1.531668e+02 -1.295690e+05
-2.392943e+04 2.748153e+02 -1.296059e+05
-2.389312e+04 3.965198e+02 -1.296427e+05
-2.385676e+04 5.182803e+02 -1.296793e+05
-2.382035e+04 6.400966e+02 -1.297158e+05
-2.378390e+04 7.619684e+02 -1.297521e+05
-2.374740e+04 8.838956e+02 -1.297883e+05
-2.371086e+04 1.005878e+03 -1.298243e+05
-2.367427e+04 1.127915e+03 -1.298602e+05
-2.363763e+04 1.250007e+03 -1.298959e+05
-2.360094e+04 1.372154e+03 -1.299315e+05
-2.356421e+04 1.494355e+03 -1.299669e+05
-2.352743e+04 1.616610e+03 -1.300022e+05
-2.349060e+04 1.738919e+03 -1.300373e+05
-2.345373e+04 1.861282e+03 -1.300723e+05
-2.341681e+04 1.983699e+03 -1.301072e+05
-2.337984e+04 2.106169e+03 -1.301419e+05
-2.334283e+04 2.228692e+03 -1.301764e+05
-2.330577e+04 2.351269e+03 -1.302108e+05
-2.326866e+04 2.473898e+03 -1.302451e+05
-2.323151e+04 2.596580e+03 -1.302792e+05
-2.319431e+04 2.719314e+03 -1.303132e+05
-2.315707e+04 2.842101e+03 -1.303470e+05
-2.311978e+04 2.964939e+03 -1.303806e+05
-2.308244e+04 3.087830e+03 -1.304141e+05
-2.304506e+04 3.210772e+03 -1.304475e+05
-2.300763e+04 3.333765e+03 -1.304807e+05
-2.297015e+04 3.456810e+03 -1.305138e+05
-2.293263e+04 3.579906e+03 -1.305467e+05
-2.289506e+04 3.703053e+03 -1.305795e+05
-2.285745e+04 3.826251e+03 -1.306121e+05
-2.281979e+04 3.949499e+03 -1.306445e+05
-2.278209e+04 4.072797e+03 -1.306769e+05
-2.274434e+04 4.196146e+03 -1.307090e+05
-2.270654e+04 4.319544e+03 -1.307410e+05
-2.266870e+04 4.442992e+03 -1.307729e+05
-2.263081e+04 4.566490e+03 -1.308046e+05
-2.259288e+04 4.690037e+03 -1.308362e+05
-2.255490e+04 4.813633e+03 -1.308676e+05
-2.251688e+04 4.937278e+03 -1.308989e+05
-2.247881e+04 5.060972e+03 -1.309300e+05
-2.244070e+04 5.184714e+03 -1.309610e+05
-2.240254e+04 5.308505e+03 -1.309918e+05
-2.236433e+04 5.432344e+03 -1.310224e+05
-2.232608e+04 5.556231e+03 -1.310530e+05
-2.228779e+04 5.680165e+03 -1.310833e+05
-2.224945e+04 5.804148e+03 -1.311135e+05
-2.221107e+04 5.928177e+03 -1.311436e+05
-2.217264e+04 6.052254e+03 -1.311735e+05
-2.213416e+04 6.176378e+03 -1.312033e+05
-2.209564e+04 6.300548e+03 -1.312329e+05
-2.205708e+04 6.424765e+03 -1.312623e+05
-2.201847e+04 6.549029e+03 -1.312916e+05
-2.197982e+04 6.673339e+03 -1.313208e+05
-2.194112e+04 6.797694e+03 -1.313498e+05
-2.190238e+04 6.922096e+03 -1.313787e+05
-2.186359e+04 7.046543e+03 -1.314074e+05
-2.182476e+04 7.171036e+03 -1.314359e+05
-2.178589e+04 7.295573e+03 -1.314643e+05
-2.174697e+04 7.420156e+03 -1.314925e+05
-2.170801e+04 7.544784e+03 -1.315206e+05
-2.166900e+04 7.669456e+03 -1.315486e+05
-2.162995e+04 7.794173e+03 -1.315764e+05
-2.159085e+04 7.918934e+03 -1.316040e+05
-2.155171e+04 8.043739e+03 -1.316315e+05
-2.151253e+04 8.168588e+03 -1.316588e+05
-2.147330e+04 8.293480e+03 -1.316860e+05
-2.143403e+04 8.418416e+03 -1.317130e+05
-2.139471e+04 8.543396e+03 -1.317399e+05
-2.135535e+04 8.668418e+03 -1.317666e+05
-2.131595e+04 8.793483e+03 -1.317932e+05
-2.127650e+04 8.918591e+03 -1.318196e+05
-2.123701e+04 9.043741e+03 -1.318459e+05
-2.119748e+04 9.168934e+03 -1.318720e+05
-2.115790e+04 9.294168e+03 -1.318980e+05
-2.111828e+04 9.419445e+03 -1.319238e+05
-2.107861e+04 9.544763e+03 -1.319494e+05
-2.103891e+04 9.670123e+03 -1.319749e+05
-2.099915e+04 9.795524e+03 -1.320003e+05
-2.095936e+04 9.920966e+03 -1.320255e+05
-2.091952e+04 1.004645e+04 -1.320505e+05
-2.087964e+04 1.017197e+04 -1.320754e+05
-2.083972e+04 1.029754e+04 -1.321001e+05
-2.079975e+04 1.042314e+04 -1.321247e+05
-2.075974e+04 1.054879e+04 -1.321491e+05
-2.071969e+04 1.067447e+04 -1.321734e+05
-2.067960e+04 1.080019e+04 -1.321975e+05
-2.063946e+04 1.092596e+04 -1.322215e+05
-2.059928e+04 1.105176e+04 -1.322453e+05
-2.055906e+04 1.117760e+04 -1.322689e+05
-2.051879e+04 1.130348e+04 -1.322925e+05
-2.047848e+04 1.142940e+04 -1.323158e+05
-2.043813e+04 1.155536e+04 -1.323390e+05
-2.039774e+04 1.168136e+04 -1.323620e+05
-2.035730e+04 1.180739e+04 -1.323849e+05
-2.031682e+04 1.193347e+04 -1.324076e+05
-2.027630e+04 1.205958e+04 -1.324302e+05
-2.023574e+04 1.218572e+04 -1.324526e+05
-2.019514e+04 1.231191e+04 -1.324749e+05
-2.015449e+04 1.243813e+04 -1.324970e+05
-2.011380e+04 1.256439e+04 -1.325190e+05
-2.007307e+04 1.269069e+04 -1.325408e+05
-2.003230e+04 1.281702e+04 -1.325624e+05
-1.999148e+04 1.294339e+04 -1.325839e+05
-1.995063e+04 1.306979e+04 -1.326052e+05
-1.990973e+04 1.319624e+04 -1.326264e+05
-1.986879e+04 1.332271e+04 -1.326475e+05
-1.982781e+04 1.344923e+04 -1.326683e+05
-1.978679e+04 1.357577e+04 -1.326890e+05
-1.974572e+04 1.370236e+04 -1.327096e+05
-1.970462e+04 1.382897e+04 -1.327300e+05
-1.966347e+04 1.395563e+04 -1.327502e+05
-1.962228e+04 1.408231e+04 -1.327703e+05
-1.958105e+04 1.420904e+04 -1.327903e+05
-1.953978e+04 1.433579e+04 -1.328101e+05
-1.949847e+04 1.446258e+04 -1.328297e+05
-1.945711e+04 1.458941e+04 -1.328492e+05
-1.941572e+04 1.471626e+04 -1.328685e+05
-1.937428e+04 1.484315e+04 -1.328876e+05
-1.933281e+04 1.497008e+04 -1.329066e+05
-1.929129e+04 1.509703e+04 -1.329255e+05
-1.924973e+04 1.522402e+04 -1.329442e+05
-1.920813e+04 1.535105e+04 -1.329627e+05
-1.916649e+04 1.547810e+04 -1.329811e+05
-1.912481e+04 1.560519e+04 -1.329993e+05
-1.908309e+04 1.573231e+04 -1.330173e+05
-1.904133e+04 1.585946e+04 -1.330353e+05
-1.899953e+04 1.598664e+04 -1.330530e+05
-1.895768e+04 1.611385e+04 -1.330706e+05
-1.891580e+04 1.624110e+04 -1.330880e+05
-1.887388e+04 1.636837e+04 -1.331053e+05
-1.883191e+04 1.649568e+04 -1.331224e+05
-1.878991e+04 1.662302e+04 -1.331394e+05
-1.874787e+04 1.675038e+04 -1.331562e+05
-1.870578e+04 1.687778e+04 -1.331729e+05
-1.866366e+04 1.700521e+04 -1.331894e+05
-1.862150e+04 1.713267e+04 -1.332057e+05
-1.857929e+04 1.726015e+04 -1.332219e+05
-1.853705e+04 1.738767e+04 -1.332379e+05
-1.849477e+04 1.751522e+04 -1.332538e+05
-1.845244e+04 1.764279e+04 -1.332695e+05
-1.841008e+04 1.777040e+04 -1.332850e+05
-1.836768e+04 1.789803e+04 -1.333004e+05
-1.832523e+04 1.802569e+04 -1.333157e+05
-1.828275e+04 1.815338e+04 -1.333308e+05
-1.824023e+04 1.828109e+04 -1.333457e+05
-1.819767e+04 1.840884e+04 -1.333604e+05
-1.815507e+04 1.853661e+04 -1.333750e+05
-1.811243e+04 1.866441e+04 -1.333895e+05
-1.806976e+04 1.879224e+04 -1.334038e+05
-1.802704e+04 1.892009e+04 -1.334179e+05
-1.798428e+04 1.904798e+04 -1.334319e+05
-1.794149e+04 1.917588e+04 -1.334457e+05
-1.789865e+04 1.930382e+04 -1.334594e+05
-1.785578e+04 1.943178e+04 -1.334729e+05
-1.781287e+04 1.955976e+04 -1.334862e+05
-1.776992e+04 1.968778e+04 -1.334994e+05
-1.772693e+04 1.981582e+04 -1.335124e+05
-1.768390e+04 1.994388e+04 -1.335253e+05
-1.764083e+04 2.007197e+04 -1.335380e+05
-1.759773e+04 2.020008e+04 -1.335506e+05
-1.755458e+04 2.032822e+04 -1.335630e+05
-1.751140e+04 2.045638e+04 -1.335752e+05
-1.746818e+04 2.058457e+04 -1.335873e+05
-1.742492e+04 2.071278e+04 -1.335992e+05
-1.738162e+04 2.084102e+04 -1.336109e+05
-1.733829e+04 2.096928e+04 -1.336226e+05
-1.729492e+04 2.109756e+04 -1.336340e+05
-1.725150e+04 2.122587e+04 -1.336453e+05
-1.720806e+04 2.135420e+04 -1.336564e+05
-1.716457e+04 2.148256e+04 -1.336674e+05
-1.712104e+04 2.161093e+04 -1.336782e+05
-1.707748e+04 2.173933e+04 -1.336888e+05
-1.703388e+04 2.186775e+04 -1.336993e+05
-1.699024e+04 2.199620e+04 -1.337096e+05
-1.694656e+04 2.212466e+04 -1.337198e+05
-1.690285e+04 2.225315e+04 -1.337298e+05
-1.685910e+04 2.238166e+04 -1.337397e+05
-1.681531e+04 2.251019e+04 -1.337494e+05
-1.677148e+04 2.263874e+04 -1.337589e+05
-1.672762e+04 2.276732e+04 -1.337683e+05
-1.668372e+04 2.289591e+04 -1.337775e+05
-1.663978e+04 2.302453e+04 -1.337866e+05
-1.659581e+04 2.315316e+04 -1.337954e+05
-1.655179e+04 2.328182e+04 -1.338042e+05
-1.650774e+04 2.341050e+04 -1.338128e+05
-1.646366e+04 2.353919e+04 -1.338212e+05
-1.641953e+04 2.366791e+04 -1.338294e+05
-1.637537e+04 2.379664e+04 -1.338375e+05
-1.633118e+04 2.392540e+04 -1.338455e+05
-1.628694e+04 2.405417e+04 -1.338533e+05
-1.624267e+04 2.418296e+04 -1.338609e+05
-1.619837e+04 2.431178e+04 -1.338683e+05
-1.615402e+04 2.444061e+04 -1.338756e+05
-1.610964e+04 2.456945e+04 -1.338828e+05
-1.606523e+04 2.469832e+04 -1.338898e+05
-1.602077e+04 2.482720e+04 -1.338966e+05
-1.597628e+04 2.495611e+04 -1.339032e+05
-1.593176e+04 2.508503e+04 -1.339097e+05
-1.588720e+04 2.521396e+04 -1.339161e+05
-1.584260e+04 2.534292e+04 -1.339223e+05
-1.579797e+04 2.547189e+04 -1.339283e+05
-1.575330e+04 2.560088e+04 -1.339341e+05
-1.570859e+04 2.572988e+04 -1.339398e+05
-1.566385e+04 2.585890e+04 -1.339454e+05
-1.561907e+04 2.598794e+04 -1.339508e+05
-1.557426e+04 2.611699e+04 -1.339560e+05
-1.552941e+04 2.624606e+04 -1.339610e+05
-1.548453e+04 2.637515e+04 -1.339659e+05
-1.543961e+04 2.650425e+04 -1.339707e+05
-1.539465e+04 2.663336e+04 -1.339753e+05
-1.534966e+04 2.676249e+04 -1.339797e+05
-1.530463e+04 2.689163e+04 -1.339839e+05
-1.525957e+04 2.702079e+04 -1.339880e+05
-1.521448e+04 2.714997e+04 -1.339920e+05
-1.516934e+04 2.727916e+04 -1.339957e+05
-1.512418e+04 2.740836e+04 -1.339993e+05
-1.507897e+04 2.753757e+04 -1.340028e+05
-1.503374e+04 2.766680e+04 -1.340061e+05
-1.498847e+04 2.779604e+04 -1.340092e+05
-1.494316e+04 2.792530e+04 -1.340122e+05
-1.489782e+04 2.805457e+04 -1.340150e+05
-1.485244e+04 2.818385e+04 -1.340176e+05
-1.480703e+04 2.831315e+04 -1.340201e+05
-1.476158e+04 2.844245e+04 -1.340225e+05
-1.471610e+04 2.857177e+04 -1.340246e+05
-1.467059e+04 2.870110e+04 -1.340266e+05
-1.462504e+04 2.883045e+04 -1.340285e+05
-1.457945e+04 2.895980e+04 -1.340302e+05
-1.453384e+04 2.908917e+04 -1.340317e+05
-1.448818e+04 2.921854e+04 -1.340330e+05
-1.444250e+04 2.934793e+04 -1.340342e+05
-1.439678e+04 2.947733e+04 -1.340353e+05
-1.435102e+04 2.960674e+04 -1.340361e+05
-1.430523e+04 2.973616e+04 -1.340369e+05
-1.425941e+04 2.986559e+04 -1.340374e+05
-1.421355e+04 2.999503e+04 -1.340378e+05
-1.416766e+04 3.012448e+04 -1.340380e+05
-1.412174e+04 3.025394e+04 -1.340381e+05
-1.407578e+04 3.038341e+04 -1.340380e+05
-1.402979e+04 3.051289e+04 -1.340378e+05
-1.398376e+04 3.064238e+04 -1.340374e+05
-1.393770e+04 3.077187e+04 -1.340368e+05
-1.389161e+04 3.090138e+04 -1.340360e+05
-1.384549e+04 3.103089e+04 -1.340351e+05
-1.379933e+04 3.116042e+04 -1.340341e+05
-1.375314e+04 3.128995e+04 -1.340329e+05
-1.370691e+04 3.141948e+04 -1.340315e+05
-1.366065e+04 3.154903e+04 -1.340299e+05
-1.361436e+04 3.167858e+04 -1.340282e+05
-1.356804e+04 3.180814e+04 -1.340264e+05
-1.352168e+04 3.193771e+04 -1.340243e+05
-1.347529e+04 3.206729e+04 -1.340221e+05
-1.342887e+04 3.219687e+04 -1.340198e+05
-1.338241e+04 3.232646e+04 -1.340173e+05
-1.333592e+04 3.245605e+04 -1.340146e+05
-1.328940e+04 3.258565e+04 -1.340117e+05
-1.324285e+04 3.271526e+04 -1.340087e+05
-1.319626e+04 3.284487e+04 -1.340056e+05
-1.314964e+04 3.297449e+04 -1.340023e+05
-1.310299e+04 3.310411e+04 -1.339988e+05
-1.305631e+04 3.323374e+04 -1.339951e+05
-1.300959e+04 3.336337e+04 -1.339913e+05
-1.296285e+04 3.349301e+04 -1.339873e+05
-1.291607e+04 3.362266e+04 -1.339832e+05
-1.286926e+04 3.375230e+04 -1.339789e+05
-1.282241e+04 3.388195e+04 -1.339745e+05
-1.277554e+04 3.401161e+04 -1.339698e+05
-1.272863e+04 3.414127e+04 -1.339650e+05
-1.268169e+04 3.427093e+04 -1.339601e+05
-1.263472e+04 3.440060e+04 -1.339550e+05
-1.258772e+04 3.453027e+04 -1.339497e+05
-1.254068e+04 3.465994e+04 -1.339443e+05
-1.249362e+04 3.478961e+04 -1.339387e+05
-1.244652e+04 3.491929e+04 -1.339329e+05
-1.239939e+04 3.504897e+04 -1.339270e+05
-1.235223e+04 3.517866e+04 -1.339210e+05
-1.230504e+04 3.530834e+04 -1.339147e+05
-1.225782e+04 3.543803e+04 -1.339083e+05
-1.221056e+04 3.556772e+04 -1.339017e+05
-1.216328e+04 3.569740e+04 -1.338950e+05
-1.211596e+04 3.582710e+04 -1.338881e+05
-1.206861e+04 3.595679e+04 -1.338811e+05
-1.202124e+04 3.608648e+04 -1.338738e+05
-1.197383e+04 3.621617e+04 -1.338665e+05
-1.192639e+04 3.634587e+04 -1.338589e+05
-1.187892e+04 3.647556e+04 -1.338512e+05
-1.183142e+04 3.660526e+04 -1.338434e+05
-1.178389e+04 3.673495e+04 -1.338353e+05
-1.173633e+04 3.686465e+04 -1.338271e+05
-1.168873e+04 3.699434e+04 -1.338188e+05
-1.164111e+04 3.712403e+04 -1.338103e+05
-1.159346e+04 3.725373e+04 -1.338016e+05
-1.154578e+04 3.738342e+04 -1.337928e+05
-1.149806e+04 3.751311e+04 -1.337838e+05
-1.145032e+04 3.764279e+04 -1.337746e+05
-1.140255e+04 3.777248e+04 -1.337653e+05
-1.135474e+04 3.790217e+04 -1.337558e+05
-1.130691e+04 3.803185e+04 -1.337461e+05
-1.125905e+04 3.816153e+04 -1.337363e+05
-1.121115e+04 3.829121e+04 -1.337263e+05
-1.116323e+04 3.842088e+04 -1.337162e+05
-1.111528e+04 3.855056e+04 -1.337059e+05
-1.106730e+04 3.868023e+04 -1.336954e+05
-1.101928e+04 3.880989e+04 -1.336848e+05
-1.097124e+04 3.893956e+04 -1.336740e+05
-1.092317e+04 3.906922e+04 -1.336630e+05
-1.087507e+04 3.919887e+04 -1.336519e+05
-1.082694e+04 3.932853e+04 -1.336406e+05
-1.077879e+04 3.945817e+04 -1.336292e+05
-1.073060e+04 3.958782e+04 -1.336176e+05
-1.068238e+04 3.971746e+04 -1.336058e+05
-1.063414e+04 3.984709e+04 -1.335939e+05
-1.058586e+04 3.997672e+04 -1.335818e+05
-1.053756e+04 4.010634e+04 -1.335696e+05
-1.048923e+04 4.023596e+04 -1.335571e+05
-1.044087e+04 4.036558e+04 -1.335446e+05
-1.039248e+04 4.049519e+04 -1.335318e+05
-1.034406e+04 4.062479e+04 -1.335189e+05
-1.029561e+04 4.075438e+04 -1.335058e+05
-1.024714e+04 4.088397e+04 -1.334926e+05
-1.019863e+04 4.101356e+04 -1.334792e+05
-1.015010e+04 4.114313e+04 -1.334657e+05
-1.010154e+04 4.127270e+04 -1.334519e+05
-1.005295e+04 4.140227e+04 -1.334380e+05
-1.000433e+04 4.153182e+04 -1.334240e+05
-9.955688e+03 4.166137e+04 -1.334098e+05
-9.907015e+03 4.179091e+04 -1.333954e+05
-9.858314e+03 4.192044e+04 -1.333809e+05
-9.809585e+03 4.204997e+04 -1.333662e+05
-9.760829e+03 4.217949e+04 -1.333513e+05
-9.712044e+03 4.230899e+04 -1.333363e+05
-9.663232e+03 4.243849e+04 -1.333211e+05
-9.614392e+03 4.256798e+04 -1.333058e+05
-9.565524e+03 4.269747e+04 -1.332903e+05
-9.516629e+03 4.282694e+04 -1.332746e+05
-9.467707e+03 4.295640e+04 -1.332588e+05
-9.418757e+03 4.308586e+04 -1.332428e+05
-9.369780e+03 4.321530e+04 -1.332266e+05
-9.320775e+03 4.334474e+04 -1.332103e+05
-9.271744e+03 4.347416e+04 -1.331938e+05
-9.222685e+03 4.360357e+04 -1.331771e+05
-9.173599e+03 4.373298e+04 -1.331603e+05
-9.124486e+03 4.386237e+04 -1.331433e+05
-9.075347e+03 4.399175e+04 -1.331262e+05
-9.026180e+03 4.412112e+04 -1.331089e+05
-8.976987e+03 4.425048e+04 -1.330914e+05
-8.927766e+03 4.437983e+04 -1.330738e+05
-8.878520e+03 4.450917e+04 -1.330560e+05
-8.829246e+03 4.463850e+04 -1.330381e+05
-8.779946e+03 4.476781e+04 -1.330199e+05
-8.730620e+03 4.489711e+04 -1.330017e+05
-8.681267e+03 4.502640e+04 -1.329832e+05
-8.631888e+03 4.515567e+04 -1.329646e+05
-8.582482e+03 4.528494e+04 -1.329459e+05
-8.533051e+03 4.541419e+04 -1.329269e+05
-8.483593e+03 4.554343e+04 -1.329078e+05
-8.434109e+03 4.567265e+04 -1.328886e+05
-8.384599e+03 4.580186e+04 -1.328692e+05
-8.335063e+03 4.593106e+04 -1.328496e+05
-8.285501e+03 4.606024e+04 -1.328298e+05
-8.235914e+03 4.618941e+04 -1.328099e+05
-8.186301e+03 4.631856e+04 -1.327899e+05
-8.136662e+03 4.644770e+04 -1.327696e+05
-8.086997e+03 4.657683e+04 -1.327492e+05
-8.037307e+03 4.670594e+04 -1.327287e+05
-7.987591e+03 4.683503e+04 -1.327079e+05
-7.937850e+03 4.696411e+04 -1.326871e+05
-7.888084e+03 4.709318e+04 -1.326660e+05
-7.838292e+03 4.722223e+04 -1.326448e+05
-7.788475e+03 4.735126e+04 -1.326234e+05
-7.738633e+03 4.748028e+04 -1.326019e+05
-7.688766e+03 4.760928e+04 -1.325802e+05
-7.638874e+03 4.773827e+04 -1.325583e+05
-7.588957e+03 4.786724e+04 -1.325363e+05
-7.539015e+03 4.799619e+04 -1.325141e+05
-7.489048e+03 4.812512e+04 -1.324918e+05
-7.439057e+03 4.825404e+04 -1.324693e+05
-7.389040e+03 4.838294e+04 -1.324466e+05
-7.339000e+03 4.851182e+04 -1.324238e+05
-7.288934e+03 4.864069e+04 -1.324008e+05
-7.238844e+03 4.876954e+04 -1.323776e+05
-7.188730e+03 4.889837e+04 -1.323543e+05
-7.138591e+03 4.902718e+04 -1.323308e+05
-7.088428e+03 4.915597e+04 -1.323071e+05
-7.038241e+03 4.928475e+04 -1.322833e+05
-6.988030e+03 4.941350e+04 -1.322593e+05
-6.937794e+03 4.954224e+04 -1.322352e+05
-6.887535e+03 4.967096e+04 -1.322109e+05
-6.837251e+03 4.979966e+04 -1.321864e+05
-6.786944e+03 4.992833e+04 -1.321618e+05
-6.736613e+03 5.005699e+04 -1.321370e+05
-6.686258e+03 5.018563e+04 -1.321121e+05
-6.635879e+03 5.031425e+04 -1.320870e+05
-6.585477e+03 5.044285e+04 -1.320617e+05
-6.535051e+03 5.057143e+04 -1.320362e+05
-6.484602e+03 5.069999e+04 -1.320106e+05
-6.434129e+03 5.082852e+04 -1.319849e+05
-6.383633e+03 5.095704e+04 -1.319589e+05
-6.333113e+03 5.108553e+04 -1.319329e+05
-6.282571e+03 5.121401e+04 -1.319066e+05
-6.232005e+03 5.134246e+04 -1.318802e+05
-6.181416e+03 5.147089e+04 -1.318536e+05
-6.130804e+03 5.159930e+04 -1.318269e+05
-6.080169e+03 5.172768e+04 -1.318000e+05
-6.029511e+03 5.185605e+04 -1.317729e+05
-5.978831e+03 5.198439e+04 -1.317457e+05
-5.928127e+03 5.211270e+04 -1.317183e+05
-5.877401e+03 5.224100e+04 -1.316907e+05
-5.826652e+03 5.236927e+04 -1.316630e+05
-5.775881e+03 5.249752e+04 -1.316351e+05
-5.725087e+03 5.262575e+04 -1.316071e+05
-5.674271e+03 5.275395e+04 -1.315789e+05
-5.623432e+03 5.288213e+04 -1.315505e+05
-5.572572e+03 5.301028e+04 -1.315220e+05
-5.521688e+03 5.313841e+04 -1.314933e+05
-5.470783e+03 5.326652e+04 -1.314645e+05
-5.419856e+03 5.339460e+04 -1.314355e+05
-5.368906e+03 5.352265e+04 -1.314063e+05
-5.317935e+03 5.365069e+04 -1.313769e+05
-5.266942e+03 5.377869e+04 -1.313474e+05
-5.215927e+03 5.390667e+04 -1.313178e+05
-5.164890e+03 5.403463e+04 -1.312880e+05
-5.113831e+03 5.416256e+04 -1.312580e+05
-5.062751e+03 5.429046e+04 -1.312278e+05
-5.011649e+03 5.441834e+04 -1.311975e+05
-4.960526e+03 5.454619e+04 -1.311670e+05
-4.909381e+03 5.467402e+04 -1.311364e+05
-4.858215e+03 5.480182e+04 -1.311056e+05
-4.807028e+03 5.492959e+04 -1.310747e+05
-4.755819e+03 5.505734e+04 -1.310435e+05
-4.704590e+03 5.518505e+04 -1.310123e+05
-4.653339e+03 5.531274e+04 -1.309808e+05
-4.602067e+03 5.544041e+04 -1.309492e+05
-4.550774e+03 5.556804e+04 -1.309174e+05
-4.499461e+03 5.569565e+04 -1.308855e+05
-4.448126e+03 5.582323e+04 -1.308534e+05
-4.396771e+03 5.595078e+04 -1.308212e+05
-4.345395e+03 5.607831e+04 -1.307887e+05
-4.293998e+03 5.620580e+04 -1.307562e+05
-4.242581e+03 5.633327e+04 -1.307234e+05
-4.191143e+03 5.646070e+04 -1.306905e+05
-4.139685e+03 5.658811e+04 -1.306575e+05
-4.088207e+03 5.671549e+04 -1.306242e+05
-4.036708e+03 5.684284e+04 -1.305908e+05
-3.985189e+03 5.697016e+04 -1.305573e+05
-3.933650e+03 5.709745e+04 -1.305236e+05
-3.882091e+03 5.722470e+04 -1.304897e+05
-3.830511e+03 5.735193e+04 -1.304557e+05
-3.778912e+03 5.747913e+04 -1.304215e+05
-3.727293e+03 5.760630e+04 -1.303871e+05
-3.675654e+03 5.773344e+04 -1.303526e+05
-3.623995e+03 5.786054e+04 -1.303179e+05
-3.572317e+03 5.798762e+04 -1.302831e+05
-3.520619e+03 5.811466e+04 -1.302481e+05
-3.468902e+03 5.824167e+04 -1.302129e+05
-3.417165e+03 5.836866e+04 -1.301776e+05
-3.365408e+03 5.849560e+04 -1.301421e+05
-3.313632e+03 5.862252e+04 -1.301064e+05
-3.261837e+03 5.874940e+04 -1.300706e+05
-3.210023e+03 5.887626e+04 -1.300347e+05
-3.158189e+03 5.900308e+04 -1.299985e+05
-3.106337e+03 5.912986e+04 -1.299622e+05
-3.054465e+03 5.925662e+04 -1.299258e+05
-3.002575e+03 5.938334e+04 -1.298892e+05
-2.950665e+03 5.951002e+04 -1.298524e+05
-2.898737e+03 5.963668e+04 -1.298154e+05
-2.846790e+03 5.976330e+04 -1.297783e+05
-2.794824e+03 5.988988e+04 -1.297411e+05
-2.742840e+03 6.001644e+04 -1.297036e+05
-2.690837e+03 6.014295e+04 -1.296661e+05
-2.638816e+03 6.026944e+04 -1.296283e+05
-2.586776e+03 6.039589e+04 -1.295904e+05
-2.534718e+03 6.052230e+04 -1.295523e+05
-2.482642e+03 6.064868e+04 -1.295141e+05
-2.430547e+03 6.077502e+04 -1.294757e+05
-2.378435e+03 6.090133e+04 -1.294372e+05
-2.326304e+03 6.102761e+04 -1.293985e+05
-2.274155e+03 6.115384e+04 -1.293596e+05
-2.221988e+03 6.128004e+04 -1.293206e+05
-2.169804e+03 6.140621e+04 -1.292814e+05
-2.117601e+03 6.153234e+04 -1.292420e+05
-2.065381e+03 6.165843e+04 -1.292025e+05
-2.013143e+03 6.178449e+04 -1.291628e+05
-1.960888e+03 6.191051e+04 -1.291230e+05
-1.908615e+03 6.203649e+04 -1.290830e+05
-1.856324e+03 6.216244e+04 -1.290428e+05
-1.804017e+03 6.228835e+04 -1.290025e+05
-1.751691e+03 6.241422e+04 -1.289620e+05
-1.699349e+03 6.254005e+04 -1.289214e+05
-1.646989e+03 6.266585e+04 -1.288806e+05
-1.594612e+03 6.279160e+04 -1.288396e+05
-1.542219e+03 6.291732e+04 -1.287985e+05
-1.489808e+03 6.304301e+04 -1.287572e+05
-1.437380e+03 6.316865e+04 -1.287158e+05
-1.384935e+03 6.329425e+04 -1.286742e+05
-1.332474e+03 6.341982e+04 -1.286324e+05
-1.279996e+03 6.354534e+04 -1.285905e+05
-1.227501e+03 6.367083e+04 -1.285484e+05
-1.174989e+03 6.379628e+04 -1.285061e+05
-1.122461e+03 6.392169e+04 -1.284637e+05
-1.069917e+03 6.404705e+04 -1.284212e+05
-1.017356e+03 6.417238e+04 -1.283784e+05
-9.647787e+02 6.429767e+04 -1.283356e+05
-9.121853e+02 6.442292e+04 -1.282925e+05
-8.595756e+02 6.454812e+04 -1.282493e+05
-8.069499e+02 6.467329e+04 -1.282059e+05
-7.543080e+02 6.479842e+04 -1.281624e+05
-7.016502e+02 6.492350e+04 -1.281187e+05
-6.489765e+02 6.504854e+04 -1.280749e+05
-5.962869e+02 6.517355e+04 -1.280309e+05
-5.435815e+02 6.529851e+04 -1.279867e+05
-4.908604e+02 6.542343e+04 -1.279424e+05
-4.381237e+02 6.554830e+04 -1.278979e+05
-3.853713e+02 6.567314e+04 -1.278533e+05
-3.326035e+02 6.579793e+04 -1.278085e+05
-2.798201e+02 6.592268e+04 -1.277635e+05
-2.270214e+02 6.604739e+04 -1.277184e+05
-1.742074e+02 6.617205e+04 -1.276731e+05
-1.213782e+02 6.629667e+04 -1.276276e+05
-6.853372e+01 6.642125e+04 -1.275820e+05
-1.567417e+01 6.654579e+04 -1.275363e+05
3.720044e+01 6.667028e+04 -1.274904e+05
9.009003e+01 6.679473e+04 -1.274443e+05
1.429945e+02 6.691913e+04 -1.273980e+05
1.959139e+02 6.704349e+04 -1.273516e+05
2.488480e+02 6.716781e+04 -1.273051e+05
3.017968e+02 6.729208e+04 -1.272584e+05
3.547603e+02 6.741631e+04 -1.272115e+05
4.077383e+02 6.754049e+04 -1.271644e+05
4.607309e+02 6.766463e+04 -1.271172e+05
5.137379e+02 6.778872e+04 -1.270699e+05
5.667592e+02 6.791277e+04 -1.270224e+05
6.197949e+02 6.803677e+04 -1.269747e+05
6.728448e+02 6.816073e+04 -1.269269e+05
7.259089e+02 6.828464e+04 -1.268789e+05
7.789871e+02 6.840851e+04 -1.268307e+05
8.320793e+02 6.853233e+04 -1.267824e+05
8.851855e+02 6.865610e+04 -1.267340e+05
9.383055e+02 6.877982e+04 -1.266853e+05
9.914395e+02 6.890350e+04 -1.266365e+05
1.044587e+03 6.902714e+04 -1.265876e+05
1.097749e+03 6.915072e+04 -1.265385e+05
1.150924e+03 6.927426e+04 -1.264892e+05
1.204112e+03 6.939775e+04 -1.264398e+05
1.257314e+03 6.952120e+04 -1.263902e+05
1.310530e+03 6.964459e+04 -1.263405e+05
1.363758e+03 6.976794e+04 -1.262906e+05
1.417001e+03 6.989124e+04 -1.262406e+05
1.470256e+03 7.001449e+04 -1.261903e+05
1.523525e+03 7.013770e+04 -1.261400e+05
1.576806e+03 7.026085e+04 -1.260894e+05
1.630101e+03 7.038396e+04 -1.260388e+05
1.683408e+03 7.050702e+04 -1.259879e+05
1.736729e+03 7.063002e+04 -1.259369e+05
1.790062e+03 7.075298e+04 -1.258857e+05
1.843408e+03 7.087589e+04 -1.258344e+05
1.896767e+03 7.099876e+04 -1.257829e+05
1.950138e+03 7.112157e+04 -1.257313e+05
2.003522e+03 7.124433e+04 -1.256795e+05
2.056919e+03 7.136704e+04 -1.256276e+05
2.110327e+03 7.148970e+04 -1.255755e+05
2.163748e+03 7.161231e+04 -1.255232e+05
2.217182e+03 7.173487e+04 -1.254708e+05
2.270627e+03 7.185738e+04 -1.254182e+05
2.324085e+03 7.197983e+04 -1.253654e+05
2.377555e+03 7.210224e+04 -1.253125e+05
2.431037e+03 7.222460e+04 -1.252595e+05
2.484531e+03 7.234690e+04 -1.252063e+05
2.538036e+03 7.246915e+04 -1.251529e+05
2.591554e+03 7.259135e+04 -1.250994e+05
2.645083e+03 7.271350e+04 -1.250457e+05
2.698624e+03 7.283560e+04 -1.249918e+05
2.752177e+03 7.295764e+04 -1.249378e+05
2.805741e+03 7.307963e+04 -1.248837e+05
2.859316e+03 7.320157e+04 -1.248294e+05
2.912903e+03 7.332346e+04 -1.247749e+05
2.966501e+03 7.344529e+04 -1.247203e+05
3.020111e+03 7.356707e+04 -1.246655e+05
3.073731e+03 7.368880e+04 -1.246105e+05
3.127363e+03 7.381047e+04 -1.245554e+05
3.181006e+03 7.393209e+04 -1.245002e+05
3.234660e+03 7.405366e+04 -1.244448e+05
3.288325e+03 7.417517e+04 -1.243892e+05
3.342000e+03 7.429663e+04 -1.243335e+05
3.395687e+03 7.441803e+04 -1.242776e+05
3.449384e+03 7.453938e+04 -1.242216e+05
3.503092e+03 7.466067e+04 -1.241654e+05
3.556810e+03 7.478191e+04 -1.241090e+05
3.610539e+03 7.490310e+04 -1.240525e+05
3.664279e+03 7.502423e+04 -1.239958e+05
3.718029e+03 7.514530e+04 -1.239390e+05
3.771789e+03 7.526632e+04 -1.238820e+05
3.825559e+03 7.538728e+04 -1.238249e+05
3.879340e+03 7.550819e+04 -1.237676e+05
3.933130e+03 7.562904e+04 -1.237101e+05
3.986931e+03 7.574983e+04 -1.236525e+05
4.040742e+03 7.587057e+04 -1.235948e+05
4.094562e+03 7.599125e+04 -1.235369e+05
4.148393e+03 7.611188e+04 -1.234788e+05
4.202233e+03 7.623244e+04 -1.234206e+05
4.256083e+03 7.635295e+04 -1.233622e+05
4.309943e+03 7.647341e+04 -1.233036e+05
4.363812e+03 7.659380e+04 -1.232449e+05
4.417690e+03 7.671414e+04 -1.231861e+05
4.471579e+03 7.683442e+04 -1.231271e+05
4.525476e+03 7.695465e+04 -1.230679e+05
4.579383e+03 7.707481e+04 -1.230086e+05
4.633299e+03 7.719492e+04 -1.229491e+05
4.687224e+03 7.731497e+04 -1.228895e+05
4.741158e+03 7.743496e+04 -1.228297e+05
4.795102e+03 7.755489e+04 -1.227697e+05
4.849054e+03 7.767476e+04 -1.227097e+05
4.903015e+03 7.779457e+04 -1.226494e+05
4.956985e+03 7.791433e+04 -1.225890e+05
5.010964e+03 7.803402e+04 -1.225284e+05
5.064952e+03 7.815366e+04 -1.224677e+05
5.118948e+03 7.827323e+04 -1.224068e+05
5.172953e+03 7.839275e+04 -1.223458e+05
5.226966e+03 7.851220e+04 -1.222846e+05
5.280987e+03 7.863160e+04 -1.222233e+05
5.335017e+03 7.875093e+04 -1.221618e+05
5.389056e+03 7.887021e+04 -1.221001e+05
5.443102e+03 7.898942e+04 -1.220383e+05
5.497157e+03 7.910857e+04 -1.219764e+05
5.551220e+03 7.922766e+04 -1.219143e+05
5.605290e+03 7.934669e+04 -1.218520e+05
5.659369e+03 7.946566e+04 -1.217896e+05
5.713456e+03 7.958457e+04 -1.217270e+05
5.767550e+03 7.970342e+04 -1.216643e+05
5.821652e+03 7.982220e+04 -1.216014e+05
5.875762e+03 7.994092e+04 -1.215383e+05
5.929880e+03 8.005958e+04 -1.214752e+05
5.984005e+03 8.017818e+04 -1.214118e+05
6.038137e+03 8.029671e+04 -1.213483e+05
6.092277e+03 8.041518e+04 -1.212846e+05
6.146425e+03 8.053359e+04 -1.212208e+05
6.200579e+03 8.065194e+04 -1.211569e+05
6.254741e+03 8.077022e+04 -1.210928e+05
6.308910e+03 8.088844e+04 -1.210285e+05
6.363086e+03 8.100660e+04 -1.209641e+05
6.417269e+03 8.112469e+04 -1.208995e+05
6.471459e+03 8.124272e+04 -1.208347e+05
6.525656e+03 8.136068e+04 -1.207699e+05
6.579859e+03 8.147858e+04 -1.207048e+05
6.634070e+03 8.159642e+04 -1.206396e+05
6.688287e+03 8.171419e+04 -1.205743e+05
6.742510e+03 8.183190e+04 -1.205088e+05
6.796740e+03 8.194954e+04 -1.204431e+05
6.850977e+03 8.206712e+04 -1.203773e+05
6.905220e+03 8.218463e+04 -1.203114e+05
6.959469e+03 8.230207e+04 -1.202452e+05
7.013725e+03 8.241946e+04 -1.201790e+05
7.067987e+03 8.253677e+04 -1.201125e+05
7.122255e+03 8.265402e+04 -1.200460e+05
7.176529e+03 8.277120e+04 -1.199792e+05
7.230809e+03 8.288832e+04 -1.199124e+05
7.285095e+03 8.300537e+04 -1.198453e+05
7.339387e+03 8.312236e+04 -1.197782e+05
7.393684e+03 8.323927e+04 -1.197108e+05
7.447988e+03 8.335613e+04 -1.196433e+05
7.502297e+03 8.347291e+04 -1.195757e+05
7.556611e+03 8.358963e+04 -1.195079e+05
7.610932e+03 8.370628e+04 -1.194399e+05
7.665257e+03 8.382286e+04 -1.193718e+05
7.719588e+03 8.393937e+04 -1.193036e+05
7.773924e+03 8.405582e+04 -1.192352e+05
7.828266e+03 8.417220e+04 -1.191666e+05
7.882613e+03 8.428851e+04 -1.190979e+05
7.936964e+03 8.440475e+04 -1.190291e+05
7.991321e+03 8.452093e+04 -1.189600e+05
8.045683e+03 8.463703e+04 -1.188909e+05
8.100050e+03 8.475307e+04 -1.188216e+05
8.154422e+03 8.486904e+04 -1.187521e+05
8.208798e+03 8.498494e+04 -1.186825e+05
8.263179e+03 8.510077e+04 -1.186127e+05
8.317565e+03 8.521653e+04 -1.185428e+05
8.371955e+03 8.533222e+04 -1.184727e+05
8.426350e+03 8.544784e+04 -1.184025e+05
8.480750e+03 8.556339e+04 -1.183321e+05
8.535153e+03 8.567888e+04 -1.182616e+05
8.589561e+03 8.579429e+04 -1.181909e+05
8.643973e+03 8.590963e+04 -1.181201e+05
8.698390e+03 8.602490e+04 -1.180491e+05
8.752810e+03 8.614010e+04 -1.179779e+05
8.807235e+03 8.625523e+04 -1.179066e+05
8.861663e+03 8.637029e+04 -1.178352e+05
8.916096e+03 8.648527e+04 -1.177636e+05
8.970532e+03 8.660019e+04 -1.176919e+05
9.024972e+03 8.671503e+04 -1.176200e+05
9.079416e+03 8.682981e+04 -1.175480e+05
9.133863e+03 8.694451e+04 -1.174758e+05
9.188314e+03 8.705914e+04 -1.174034e+05
9.242769e+03 8.717369e+04 -1.173309e+05
9.297227e+03 8.728818e+04 -1.172583e+05
9.351688e+03 8.740259e+04 -1.171855e+05
9.406152e+03 8.751693e+04 -1.171125e+05
9.460620e+03 8.763120e+04 -1.170395e+05
9.515091e+03 8.774539e+04 -1.169662e+05
9.569565e+03 8.785951e+04 -1.168928e+05
9.624042e+03 8.797356e+04 -1.168193e+05
9.678522e+03 8.808753e+04 -1.167456e+05
9.733005e+03 8.820143e+04 -1.166717e+05
9.787491e+03 8.831526e+04 -1.165977e+05
9.841979e+03 8.842901e+04 -1.165236e+05
9.896471e+03 8.854269e+04 -1.164493e+05
9.950964e+03 8.865630e+04 -1.163749e+05
1.000546e+04 8.876983e+04 -1.163003e+05
1.005996e+04 8.888329e+04 -1.162255e+05
1.011446e+04 8.899667e+04 -1.161506e+05
1.016896e+04 8.910998e+04 -1.160756e+05
1.022347e+04 8.922321e+04 -1.160004e+05
1.027798e+04 8.933637e+04 -1.159251e+05
1.033249e+04 8.944945e+04 -1.158496e+05
1.038700e+04 8.956245e+04 -1.157739e+05
1.044152e+04 8.967538e+04 -1.156981e+05
1.049603e+04 8.978824e+04 -1.156222e+05
1.055055e+04 8.990102e+04 -1.155461e+05
1.060507e+04 9.001372e+04 -1.154699e+05
1.065959e+04 9.012635e+04 -1.153935e+05
1.071412e+04 9.023890e+04 -1.153170e+05
1.076864e+04 9.035137e+04 -1.152403e+05
1.082317e+04 9.046377e+04 -1.151635e+05
1.087769e+04 9.057609e+04 -1.150865e+05
1.093222e+04 9.068834e+04 -1.150094e+05
1.098676e+04 9.080050e+04 -1.149321e+05
1.104129e+04 9.091259e+04 -1.148547e+05
1.109582e+04 9.102460e+04 -1.147771e+05
1.115036e+04 9.113654e+04 -1.146994e+05
1.120489e+04 9.124840e+04 -1.146215e+05
1.125943e+04 9.136017e+04 -1.145435e+05
1.131396e+04 9.147188e+04 -1.144653e+05
1.136850e+04 9.158350e+04 -1.143870e+05
1.142304e+04 9.169504e+04 -1.143086e+05
1.147758e+04 9.180651e+04 -1.142300e+05
1.153212e+04 9.191789e+04 -1.141512e+05
1.158666e+04 9.202920e+04 -1.140723e+05
1.164121e+04 9.214043e+04 -1.139933e+05
1.169575e+04 9.225158e+04 -1.139141e+05
1.175029e+04 9.236265e+04 -1.138347e+05
1.180483e+04 9.247364e+04 -1.137552e+05
1.185938e+04 9.258455e+04 -1.136756e+05
1.191392e+04 9.269539e+04 -1.135958e+05
1.196846e+04 9.280614e+04 -1.135159e+05
1.202301e+04 9.291681e+04 -1.134358e+05
1.207755e+04 9.302740e+04 -1.133556e+05
1.213209e+04 9.313791e+04 -1.132752e+05
1.218664e+04 9.324834e+04 -1.131947e+05
1.224118e+04 9.335869e+04 -1.131140e+05
1.229572e+04 9.346896e+04 -1.130332e+05
1.235027e+04 9.357915e+04 -1.129522e+05
1.240481e+04 9.368926e+04 -1.128711e+05
1.245935e+04 9.379928e+04 -1.127899e+05
1.251389e+04 9.390923e+04 -1.127085e+05
1.256843e+04 9.401909e+04 -1.126269e+05
1.262297e+04 9.412887e+04 -1.125452e+05
1.267751e+04 9.423857e+04 -1.124634e+05
1.273205e+04 9.434819e+04 -1.123814e+05
1.278659e+04 9.445772e+04 -1.122993e+05
1.284112e+04 9.456718e+04 -1.122170e+05
1.289566e+04 9.467655e+04 -1.121346e+05
1.295019e+04 9.478583e+04 -1.120520e+05
1.300473e+04 9.489504e+04 -1.119693e+05
1.305926e+04 9.500416e+04 -1.118864e+05
1.311379e+04 9.511320e+04 -1.118034e+05
1.316832e+04 9.522215e+04 -1.117203e+05
1.322285e+04 9.533102e+04 -1.116370e+05
1.327737e+04 9.543981e+04 -1.115536e+05
1.333190e+04 9.554852e+04 -1.114700e+05
1.338642e+04 9.565714e+04 -1.113862e+05
1.344094e+04 9.576567e+04 -1.113024e+05
1.349546e+04 9.587412e+04 -1.112183e+05
1.354998e+04 9.598249e+04 -1.111342e+05
1.360450e+04 9.609078e+04 -1.110499e+05
1.365901e+04 9.619897e+04 -1.109654e+05
1.371352e+04 9.630709e+04 -1.108808e+05
1.376803e+04 9.641512e+04 -1.107961e+05
1.382254e+04 9.652306e+04 -1.107112e+05
1.387705e+04 9.663092e+04 -1.106261e+05
1.393155e+04 9.673869e+04 -1.105410e+05
1.398605e+04 9.684638e+04 -1.104556e+05
1.404055e+04 9.695398e+04 -1.103702e+05
1.409505e+04 9.706150e+04 -1.102846e+05
1.414954e+04 9.716893e+04 -1.101988e+05
1.420403e+04 9.727627e+04 -1.101129e+05
1.425852e+04 9.738353e+04 -1.100269e+05
1.431300e+04 9.749070e+04 -1.099407e+05
1.436749e+04 9.759778e+04 -1.098544e+05
1.442197e+04 9.770478e+04 -1.097679e+05
1.447644e+04 9.781169e+04 -1.096813e+05
1.453092e+04 9.791852e+04 -1.095945e+05
1.458539e+04 9.802525e+04 -1.095076e+05
1.463986e+04 9.813190e+04 -1.094206e+05
1.469432e+04 9.823846e+04 -1.093334e+05
1.474878e+04 9.834494e+04 -1.092460e+05
1.480324e+04 9.845133e+04 -1.091586e+05
1.485769e+04 9.855762e+04 -1.090710e+05
1.491214e+04 9.866383e+04 -1.089832e+05
1.496659e+04 9.876996e+04 -1.088953e+05
1.502103e+04 9.887599e+04 -1.088072e+05
1.507547e+04 9.898193e+04 -1.087190e+05
1.512991e+04 9.908779e+04 -1.086307e+05
1.518434e+04 9.919356e+04 -1.085422e+05
1.523877e+04 9.929924e+04 -1.084536e+05
1.529320e+04 9.940483e+04 -1.083649e+05
1.534762e+04 9.951033e+04 -1.082760e+05
1.540203e+04 9.961574e+04 -1.081869e+05
1.545644e+04 9.972106e+04 -1.080977e+05
1.551085e+04 9.982629e+04 -1.080084e+05
1.556526e+04 9.993143e+04 -1.079189e+05
1.561965e+04 1.000365e+05 -1.078293e+05
1.567405e+04 1.001414e+05 -1.077396e+05
1.572844e+04 1.002463e+05 -1.076497e+05
1.578283e+04 1.003511e+05 -1.075596e+05
1.583721e+04 1.004558e+05 -1.074695e+05
1.589158e+04 1.005604e+05 -1.073791e+05
1.594595e+04 1.006649e+05 -1.072887e+05
1.600032e+04 1.007693e+05 -1.071981e+05
1.605468e+04 1.008736e+05 -1.071073e+05
1.610904e+04 1.009779e+05 -1.070164e+05
1.616339e+04 1.010820e+05 -1.069254e+05
1.621774e+04 1.011861e+05 -1.068342e+05
1.627208e+04 1.012900e+05 -1.067429e+05
1.632642e+04 1.013939e+05 -1.066515e+05
1.638075e+04 1.014977e+05 -1.065599e+05
1.643507e+04 1.016014e+05 -1.064682e+05
1.648939e+04 1.017049e+05 -1.063763e+05
1.654371e+04 1.018084e+05 -1.062843e+05
1.659802e+04 1.019118e+05 -1.061921e+05
1.665232e+04 1.020152e+05 -1.060998e+05
1.670662e+04 1.021184e+05 -1.060074e+05
1.676091e+04 1.022215e+05 -1.059148e+05
1.681520e+04 1.023245e+05 -1.058221e+05
1.686948e+04 1.024275e+05 -1.057293e+05
1.692375e+04 1.025303e+05 -1.056363e+05
1.697802e+04 1.026331e+05 -1.055432e+05
1.703228e+04 1.027357e+05 -1.054499e+05
1.708654e+04 1.028383e+05 -1.053565e+05
1.714079e+04 1.029408e+05 -1.052629e+05
1.719503e+04 1.030432e+05 -1.051692e+05
1.724927e+04 1.031454e+05 -1.050754e+05
1.730350e+04 1.032476e+05 -1.049814e+05
1.735772e+04 1.033497e+05 -1.048873e+05
1.741194e+04 1.034517e+05 -1.047931e+05
1.746615e+04 1.035536e+05 -1.046987e+05
1.752035e+04 1.036554e+05 -1.046042e+05
1.757455e+04 1.037571e+05 -1.045095e+05
1.762874e+04 1.038588e+05 -1.044147e+05
1.768292e+04 1.039603e+05 -1.043198e+05
1.773710e+04 1.040617e+05 -1.042247e+05
1.779127e+04 1.041630e+05 -1.041295e+05
1.784543e+04 1.042643e+05 -1.040341e+05
1.789959e+04 1.043654e+05 -1.039386e+05
1.795374e+04 1.044664e+05 -1.038430e+05
1.800788e+04 1.045674e+05 -1.037472e+05
1.806201e+04 1.046682e+05 -1.036513e+05
1.811613e+04 1.047690e+05 -1.035553e+05
1.817025e+04 1.048696e+05 -1.034591e+05
1.822436e+04 1.049702e+05 -1.033628e+05
1.827847e+04 1.050707e+05 -1.032663e+05
1.833256e+04 1.051710e+05 -1.031697e+05
1.838665e+04 1.052713e+05 -1.030730e+05
1.844073e+04 1.053715e+05 -1.029761e+05
1.849480e+04 1.054715e+05 -1.028791e+05
1.854886e+04 1.055715e+05 -1.027819e+05
1.860292e+04 1.056714e+05 -1.026847e+05
1.865697e+04 1.057712e+05 -1.025872e+05
1.871101e+04 1.058708e+05 -1.024897e+05
1.876504e+04 1.059704e+05 -1.023920e+05
1.881906e+04 1.060699e+05 -1.022942e+05
1.887308e+04 1.061693e+05 -1.021962e+05
1.892708e+04 1.062686e+05 -1.020981e+05
1.898108e+04 1.063678e+05 -1.019998e+05
1.903507e+04 1.064668e+05 -1.019015e+05
1.908905e+04 1.065658e+05 -1.018030e+05
1.914302e+04 1.066647e+05 -1.017043e+05
1.919698e+04 1.067635e+05 -1.016055e+05
1.925094e+04 1.068622e+05 -1.015066e+05
1.930488e+04 1.069608e+05 -1.014075e+05
1.935882e+04 1.070593e+05 -1.013083e+05
1.941274e+04 1.071577e+05 -1.012090e+05
1.946666e+04 1.072559e+05 -1.011095e+05
1.952057e+04 1.073541e+05 -1.010099e+05
1.957447e+04 1.074522e+05 -1.009102e+05
1.962836e+04 1.075502e+05 -1.008103e+05
1.968224e+04 1.076481e+05 -1.007103e+05
1.973611e+04 1.077459e+05 -1.006102e+05
1.978997e+04 1.078436e+05 -1.005099e+05
1.984383e+04 1.079411e+05 -1.004095e+05
1.989767e+04 1.080386e+05 -1.003090e+05
1.995150e+04 1.081360e+05 -1.002083e+05
2.000532e+04 1.082333e+05 -1.001075e+05
2.005914e+04 1.083304e+05 -1.000065e+05
2.011294e+04 1.084275e+05 -9.990542e+04
2.016673e+04 1.085245e+05 -9.980420e+04
2.022052e+04 1.086214e+05 -9.970285e+04
2.027429e+04 1.087181e+05 -9.960136e+04
2.032805e+04 1.088148e+05 -9.949974e+04
2.038180e+04 1.089114e+05 -9.939798e+04
2.043555e+04 1.090078e+05 -9.929609e+04
2.048928e+04 1.091042e+05 -9.919407e+04
2.054300e+04 1.092004e+05 -9.909191e+04
2.059671e+04 1.092966e+05 -9.898962e+04
2.065041e+04 1.093926e+05 -9.888719e+04
2.070410e+04 1.094886e+05 -9.878463e+04
2.075778e+04 1.095844e+05 -9.868194e+04
2.081145e+04 1.096801e+05 -9.857911e+04
2.086510e+04 1.097758e+05 -9.847615e+04
2.091875e+04 1.098713e+05 -9.837306e+04
2.097238e+04 1.099667e+05 -9.826983e+04
2.102601e+04 1.100620e+05 -9.816648e+04
2.107962e+04 1.101572e+05 -9.806299e+04
2.113322e+04 1.102523e+05 -9.795936e+04
2.118681e+04 1.103474e+05 -9.785560e+04
2.124039e+04 1.104423e+05 -9.775172e+04
2.129396e+04 1.105370e+05 -9.764769e+04
2.134752e+04 1.106317e+05 -9.754354e+04
2.140106e+04 1.107263e+05 -9.743925e+04
2.145460e+04 1.108208e+05 -9.733483e+04
2.150812e+04 1.109152e+05 -9.723028e+04
2.156163e+04 1.110094e+05 -9.712560e+04
2.161513e+04 1.111036e+05 -9.702079e+04
2.166861e+04 1.111977e+05 -9.691584e+04
2.172209e+04 1.112916e+05 -9.681076e+04
2.177555e+04 1.113855e+05 -9.670555e+04
2.182900e+04 1.114792e+05 -9.660021e+04
2.188244e+04 1.115728e+05 -9.649474e+04
2.193586e+04 1.116663e+05 -9.638914e+04
2.198928e+04 1.117598e+05 -9.628340e+04
2.204268e+04 1.118531e+05 -9.617754e+04
2.209607e+04 1.119463e+05 -9.607154e+04
2.214944e+04 1.120394e+05 -9.596541e+04
2.220281e+04 1.121324e+05 -9.585915e+04
2.225616e+04 1.122252e+05 -9.575276e+04
2.230950e+04 1.123180e+05 -9.564624e+04
2.236282e+04 1.124107e+05 -9.553959e+04
2.241614e+04 1.125032e+05 -9.543281e+04
2.246944e+04 1.125957e+05 -9.532590e+04
2.252272e+04 1.126880e+05 -9.521886e+04
2.257600e+04 1.127803e+05 -9.511169e+04
2.262926e+04 1.128724e+05 -9.500439e+04
2.268251e+04 1.129644e+05 -9.489695e+04
2.273574e+04 1.130563e+05 -9.478939e+04
2.278897e+04 1.131481e+05 -9.468170e+04
2.284217e+04 1.132398e+05 -9.457388e+04
2.289537e+04 1.133314e+05 -9.446593e+04
2.294855e+04 1.134228e+05 -9.435785e+04
2.300172e+04 1.135142e+05 -9.424964e+04
2.305487e+04 1.136054e+05 -9.414131e+04
2.310801e+04 1.136966e+05 -9.403284e+04
2.316114e+04 1.137876e+05 -9.392424e+04
2.321425e+04 1.138785e+05 -9.381552e+04
2.326735e+04 1.139694e+05 -9.370666e+04
2.332044e+04 1.140601e+05 -9.359768e+04
2.337351e+04 1.141506e+05 -9.348857e+04
2.342657e+04 1.142411e+05 -9.337933e+04
2.347961e+04 1.143315e+05 -9.326996e+04
2.353264e+04 1.144218e+05 -9.316046e+04
2.358566e+04 1.145119e+05 -9.305084e+04
2.363866e+04 1.146019e+05 -9.294109e+04
2.369164e+04 1.146919e+05 -9.283121e+04
2.374461e+04 1.147817e+05 -9.272120e+04
2.379757e+04 1.148714e+05 -9.261106e+04
2.385051e+04 1.149610e+05 -9.250080e+04
2.390344e+04 1.150505e+05 -9.239041e+04
2.395636e+04 1.151398e+05 -9.227989e+04
2.400925e+04 1.152291e+05 -9.216924e+04
2.406214e+04 1.153182e+05 -9.205847e+04
2.411501e+04 1.154073e+05 -9.194756e+04
2.416786e+04 1.154962e+05 -9.183654e+04
2.422070e+04 1.155850e+05 -9.172538e+04
2.427352e+04 1.156737e+05 -9.161410e+04
2.432633e+04 1.157623e+05 -9.150269e+04
2.437912e+04 1.158507e+05 -9.139116e+04
2.443190e+04 1.159391e+05 -9.127949e+04
2.448466e+04 1.160273e+05 -9.116771e+04
2.453741e+04 1.161155e+05 -9.105579e+04
2.459014e+04 1.162035e+05 -9.094375e+04
2.464286e+04 1.162914e+05 -9.083158e+04
2.469556e+04 1.163792e+05 -9.071929e+04
2.474824e+04 1.164669e+05 -9.060687e+04
2.480091e+04 1.165544e+05 -9.049432e+04
2.485356e+04 1.166419e+05 -9.038165e+04
2.490620e+04 1.167292e+05 -9.026886e+04
2.495882e+04 1.168164e+05 -9.015594e+04
2.501142e+04 1.169035e+05 -9.004289e+04
2.506401e+04 1.169905e+05 -8.992972e+04
2.511659e+04 1.170774e+05 -8.981642e+04
2.516914e+04 1.171641e+05 -8.970300e+04
2.522168e+04 1.172508e+05 -8.958945e+04
2.527420e+04 1.173373e+05 -8.947578e+04
2.532671e+04 1.174237e+05 -8.936198e+04
2.537920e+04 1.175100e+05 -8.924806e+04
2.543168e+04 1.175962e+05 -8.913401e+04
2.548413e+04 1.176823e+05 -8.901984e+04
2.553657e+04 1.177682e+05 -8.890554e+04
2.558900e+04 1.178541e+05 -8.879112e+04
2.564140e+04 1.179398e+05 -8.867658e+04
2.569379e+04 1.180254e+05 -8.856191e+04
2.574617e+04 1.181109e+05 -8.844712e+04
2.579852e+04 1.181963e+05 -8.833220e+04
2.585086e+04 1.182815e+05 -8.821717e+04
2.590318e+04 1.183666e+05 -8.810200e+04
2.595549e+04 1.184517e+05 -8.798672e+04
2.600777e+04 1.185366e+05 -8.787131e+04
2.606004e+04 1.186214e+05 -8.775577e+04
2.611230e+04 1.187060e+05 -8.764012e+04
2.616453e+04 1.187906e+05 -8.752434e+04
2.621675e+04 1.188750e+05 -8.740844e+04
2.626895e+04 1.189593e+05 -8.729241e+04
2.632113e+04 1.190435e+05 -8.717626e+04
2.637329e+04 1.191276e+05 -8.705999e+04
2.642544e+04 1.192116e+05 -8.694360e+04
2.647757e+04 1.192954e+05 -8.682708e+04
2.652968e+04 1.193791e+05 -8.671045e+04
2.658177e+04 1.194628e+05 -8.659369e+04
2.663384e+04 1.195462e+05 -8.647681e+04
2.668590e+04 1.196296e+05 -8.635980e+04
2.673794e+04 1.197129e+05 -8.624268e+04
2.678995e+04 1.197960e+05 -8.612543e+04
2.684196e+04 1.198790e+05 -8.600806e+04
2.689394e+04 1.199619e+05 -8.589057e+04
2.694590e+04 1.200447e+05 -8.577296e+04
2.699785e+04 1.201273e+05 -8.565522e+04
2.704977e+04 1.202099e+05 -8.553737e+04
2.710168e+04 1.202923e+05 -8.541939e+04
2.715357e+04 1.203746e+05 -8.530130e+04
2.720544e+04 1.204568e+05 -8.518308e+04
2.725729e+04 1.205388e+05 -8.506474e+04
2.730912e+04 1.206208e+05 -8.494628e+04
2.736094e+04 1.207026e+05 -8.482770e+04
2.741273e+04 1.207843e+05 -8.470900e+04
2.746451e+04 1.208659e+05 -8.459018e+04
2.751626e+04 1.209473e+05 -8.447124e+04
2.756800e+04 1.210287e+05 -8.435218e+04
2.761971e+04 1.211099e+05 -8.423300e+04
2.767141e+04 1.211910e+05 -8.411370e+04
2.772309e+04 1.212719e+05 -8.399428e+04
2.777475e+04 1.213528e+05 -8.387474e+04
2.782639e+04 1.214335e+05 -8.375508e+04
2.787801e+04 1.215141e+05 -8.363530e+04
2.792961e+04 1.215946e+05 -8.351541e+04
2.798118e+04 1.216750e+05 -8.339539e+04
2.803274e+04 1.217552e+05 -8.327525e+04
2.808428e+04 1.218353e+05 -8.315500e+04
2.813580e+04 1.219153e+05 -8.303462e+04
2.818730e+04 1.219952e+05 -8.291413e+04
2.823878e+04 1.220749e+05 -8.279352e+04
2.829024e+04 1.221546e+05 -8.267279e+04
2.834168e+04 1.222341e+05 -8.255194e+04
2.839310e+04 1.223135e+05 -8.243098e+04
2.844450e+04 1.223927e+05 -8.230989e+04
2.849587e+04 1.224719e+05 -8.218869e+04
2.854723e+04 1.225509e+05 -8.206737e+04
2.859857e+04 1.226298e+05 -8.194593e+04
2.864988e+04 1.227085e+05 -8.182437e+04
2.870117e+04 1.227872e+05 -8.170270e+04
2.875245e+04 1.228657e+05 -8.158091e+04
2.880370e+04 1.229441e+05 -8.145900e+04
2.885493e+04 1.230224e+05 -8.133697e+04
2.890614e+04 1.231005e+05 -8.121483e+04
2.895733e+04 1.231785e+05 -8.109257e+04
2.900850e+04 1.232564e+05 -8.097019e+04
2.905965e+04 1.233342e+05 -8.084770e+04
2.911078e+04 1.234119e+05 -8.072509e+04
2.916188e+04 1.234894e+05 -8.060236e+04
2.921296e+04 1.235668e+05 -8.047952e+04
2.926402e+04 1.236441e+05 -8.035656e+04
2.931506e+04 1.237212e+05 -8.023348e+04
2.936608e+04 1.237982e+05 -8.011029e+04
2.941708e+04 1.238751e+05 -7.998698e+04
2.946805e+04 1.239519e+05 -7.986356e+04
2.951901e+04 1.240286e+05 -7.974002e+04
2.956994e+04 1.241051e+05 -7.961636e+04
2.962085e+04 1.241815e+05 -7.949259e+04
2.967173e+04 1.242578e+05 -7.936871e+04
2.972260e+04 1.243339e+05 -7.924470e+04
2.977344e+04 1.244099e+05 -7.912059e+04
2.982426e+04 1.244858e+05 -7.899636e+04
2.987506e+04 1.245616e+05 -7.887201e+04
2.992584e+04 1.246372e+05 -7.874755e+04
2.997659e+04 1.247127e+05 -7.862297e+04
3.002732e+04 1.247881e+05 -7.849828e+04
3.007803e+04 1.248634e+05 -7.837348e+04
3.012872e+04 1.249385e+05 -7.824856e+04
3.017938e+04 1.250135e+05 -7.812352e+04
3.023002e+04 1.250884e+05 -7.799837e+04
3.028064e+04 1.251631e+05 -7.787311e+04
3.033123e+04 1.252378e+05 -7.774774e+04
3.038180e+04 1.253122e+05 -7.762225e+04
3.043235e+04 1.253866e+05 -7.749664e+04
3.048288e+04 1.254608e+05 -7.737093e+04
3.053338e+04 1.255350e+05 -7.724510e+04
3.058386e+04 1.256089e+05 -7.711916e+04
3.063431e+04 1.256828e+05 -7.699310e+04
3.068475e+04 1.257565e+05 -7.686693e+04
3.073515e+04 1.258301e+05 -7.674065e+04
3.078554e+04 1.259036e+05 -7.661425e+04
3.083590e+04 1.259769e+05 -7.648774e+04
3.088624e+04 1.260501e+05 -7.636112e+04
3.093655e+04 1.261232e+05 -7.623439e+04
3.098685e+04 1.261962e+05 -7.610755e+04
3.103711e+04 1.262690e+05 -7.598059e+04
3.108735e+04 1.263417e+05 -7.585352e+04
3.113757e+04 1.264142e+05 -7.572634e+04
3.118777e+04 1.264867e+05 -7.559905e+04
3.123794e+04 1.265590e+05 -7.547164e+04
3.128809e+04 1.266312e+05 -7.534413e+04
3.133821e+04 1.267032e+05 -7.521650e+04
3.138831e+04 1.267751e+05 -7.508876e+04
3.143838e+04 1.268469e+05 -7.496091e+04
3.148843e+04 1.269185e+05 -7.483295e+04
3.153846e+04 1.269901e+05 -7.470488e+04
3.158846e+04 1.270615e+05 -7.457669e+04
3.163843e+04 1.271327e+05 -7.444840e+04
3.168838e+04 1.272038e+05 -7.432000e+04
3.173831e+04 1.272748e+05 -7.419148e+04
3.178821e+04 1.273457e+05 -7.406286e+04
3.183809e+04 1.274164e+05 -7.393412e+04
3.188794e+04 1.274871e+05 -7.380527e+04
3.193776e+04 1.275575e+05 -7.367632e+04
3.198757e+04 1.276279e+05 -7.354725e+04
3.203734e+04 1.276981e+05 -7.341808e+04
3.208709e+04 1.277682e+05 -7.328879e+04
3.213682e+04 1.278381e+05 -7.315940e+04
3.218652e+04 1.279079e+05 -7.302990e+04
3.223619e+04 1.279776e+05 -7.290028e+04
3.228584e+04 1.280471e+05 -7.277056e+04
3.233547e+04 1.281166e+05 -7.264073e+04
3.238507e+04 1.281859e+05 -7.251079e+04
3.243464e+04 1.282550e+05 -7.238074e+04
3.248419e+04 1.283240e+05 -7.225059e+04
3.253371e+04 1.283929e+05 -7.212032e+04
3.258320e+04 1.284617e+05 -7.198995e+04
3.263267e+04 1.285303e+05 -7.185946e+04
3.268211e+04 1.285988e+05 -7.172887e+04
3.273153e+04 1.286671e+05 -7.159818e+04
3.278092e+04 1.287353e+05 -7.146737e+04
3.283029e+04 1.288034e+05 -7.133646e+04
3.287963e+04 1.288714e+05 -7.120543e+04
3.292894e+04 1.289392e+05 -7.107431e+04
3.297822e+04 1.290069e+05 -7.094307e+04
3.302748e+04 1.290744e+05 -7.081173e+04
3.307672e+04 1.291418e+05 -7.068028e+04
3.312592e+04 1.292091e+05 -7.054872e+04
3.317510e+04 1.292763e+05 -7.041705e+04
3.322425e+04 1.293433e+05 -7.028528e+04
3.327338e+04 1.294102e+05 -7.015341e+04
3.332248e+04 1.294769e+05 -7.002142e+04
3.337155e+04 1.295435e+05 -6.988933e+04
3.342060e+04 1.296100e+05 -6.975713e+04
3.346961e+04 1.296763e+05 -6.962483e+04
3.351860e+04 1.297425e+05 -6.949242e+04
3.356757e+04 1.298086e+05 -6.935991e+04
3.361650e+04 1.298745e+05 -6.922729e+04
3.366541e+04 1.299403e+05 -6.909456e+04
3.371429e+04 1.300060e+05 -6.896173e+04
3.376315e+04 1.300715e+05 -6.882879e+04
3.381197e+04 1.301369e+05 -6.869575e+04
3.386077e+04 1.302021e+05 -6.856261e+04
3.390954e+04 1.302673e+05 -6.842935e+04
3.395829e+04 1.303322e+05 -6.829600e+04
3.400700e+04 1.303971e+05 -6.816254e+04
3.405569e+04 1.304618e+05 -6.802897e+04
3.410435e+04 1.305264e+05 -6.789530e+04
3.415298e+04 1.305908e+05 -6.776153e+04
3.420159e+04 1.306551e+05 -6.762765e+04
3.425016e+04 1.307193e+05 -6.749366e+04
3.429871e+04 1.307833e+05 -6.735958e+04
3.434723e+04 1.308472e+05 -6.722539e+04
3.439572e+04 1.309109e+05 -6.709109e+04
3.444418e+04 1.309745e+05 -6.695670e+04
3.449262e+04 1.310380e+05 -6.682220e+04
3.454102e+04 1.311013e+05 -6.668759e+04
3.458940e+04 1.311645e+05 -6.655289e+04
3.463775e+04 1.312276e+05 -6.641808e+04
3.468607e+04 1.312905e+05 -6.628316e+04
3.473436e+04 1.313533e+05 -6.614815e+04
3.478262e+04 1.314159e+05 -6.601303e+04
3.483085e+04 1.314784e+05 -6.587781e+04
3.487905e+04 1.315408e+05 -6.574249e+04
3.492723e+04 1.316030e+05 -6.560706e+04
3.497537e+04 1.316651e+05 -6.547153e+04
3.502349e+04 1.317271e+05 -6.533590e+04
3.507158e+04 1.317889e+05 -6.520017e+04
3.511964e+04 1.318505e+05 -6.506434e+04
3.516766e+04 1.319121e+05 -6.492841e+04
3.521566e+04 1.319735e+05 -6.479237e+04
3.526363e+04 1.320347e+05 -6.465624e+04
3.531157e+04 1.320958e+05 -6.452000e+04
3.535948e+04 1.321568e+05 -6.438366e+04
3.540736e+04 1.322177e+05 -6.424722e+04
3.545521e+04 1.322784e+05 -6.411068e+04
3.550303e+04 1.323389e+05 -6.397404e+04
3.555083e+04 1.323993e+05 -6.383730e+04
3.559859e+04 1.324596e+05 -6.370046e+04
3.564632e+04 1.325197e+05 -6.356351e+04
3.569402e+04 1.325797e+05 -6.342647e+04
3.574169e+04 1.326396e+05 -6.328933e+04
3.578933e+04 1.326993e+05 -6.315209e+04
3.583694e+04 1.327589e+05 -6.301475e+04
3.588452e+04 1.328183e+05 -6.287731e+04
3.593207e+04 1.328776e+05 -6.273977e+04
3.597959e+04 1.329367e+05 -6.260213e+04
3.602707e+04 1.329957e+05 -6.246439e+04
3.607453e+04 1.330546e+05 -6.232655e+04
3.612196e+04 1.331133e+05 -6.218862e+04
3.616935e+04 1.331719e+05 -6.205058e+04
3.621672e+04 1.332304e+05 -6.191245e+04
3.626405e+04 1.332887e+05 -6.177422e+04
3.631136e+04 1.333468e+05 -6.163589e+04
3.635863e+04 1.334048e+05 -6.149746e+04
3.640587e+04 1.334627e+05 -6.135893e+04
3.645308e+04 1.335204e+05 -6.122031e+04
3.650026e+04 1.335780e+05 -6.108159e+04
3.654740e+04 1.336355e+05 -6.094277e+04
3.659452e+04 1.336928e+05 -6.080385e+04
3.664161e+04 1.337499e+05 -6.066484e+04
3.668866e+04 1.338070e+05 -6.052573e+04
3.673568e+04 1.338638e+05 -6.038652e+04
3.678267e+04 1.339206e+05 -6.024721e+04
3.682963e+04 1.339772e+05 -6.010781e+04
3.687655e+04 1.340336e+05 -5.996831e+04
3.692345e+04 1.340899e+05 -5.982872e+04
3.697031e+04 1.341461e+05 -5.968903e+04
3.701714e+04 1.342021e+05 -5.954924e+04
3.706394e+04 1.342580e+05 -5.940935e+04
3.711071e+04 1.343137e+05 -5.926938e+04
3.715744e+04 1.343693e+05 -5.912930e+04
3.720414e+04 1.344247e+05 -5.898913e+04
3.725081e+04 1.344800e+05 -5.884886e+04
3.729745e+04 1.345352e+05 -5.870850e+04
3.734406e+04 1.345902e+05 -5.856804e+04
3.739063e+04 1.346450e+05 -5.842749e+04
3.743717e+04 1.346998e+05 -5.828684e+04
3.748367e+04 1.347543e+05 -5.814610e+04
3.753015e+04 1.348088e+05 -5.800526e+04
3.757659e+04 1.348630e+05 -5.786433e+04
3.762300e+04 1.349172e+05 -5.772331e+04
3.766938e+04 1.349712e+05 -5.758219e+04
3.771572e+04 1.350250e+05 -5.744097e+04
3.776203e+04 1.350787e+05 -5.729967e+04
3.780831e+04 1.351323e+05 -5.715826e+04
3.785455e+04 1.351857e+05 -5.701677e+04
3.790076e+04 1.352390e+05 -5.687518e+04
3.794694e+04 1.352921e+05 -5.673350e+04
3.799308e+04 1.353451e+05 -5.659172e+04
3.803919e+04 1.353979e+05 -5.644985e+04
3.808527e+04 1.354506e+05 -5.630789e+04
3.813132e+04 1.355031e+05 -5.616584e+04
3.817733e+04 1.355555e+05 -5.602369e+04
3.822330e+04 1.356078e+05 -5.588145e+04
3.826925e+04 1.356599e+05 -5.573912e+04
3.831515e+04 1.357118e+05 -5.559669e+04
3.836103e+04 1.357636e+05 -5.545418e+04
3.840687e+04 1.358153e+05 -5.531157e+04
3.845268e+04 1.358668e+05 -5.516887e+04
3.849845e+04 1.359181e+05 -5.502607e+04
3.854419e+04 1.359694e+05 -5.488319e+04
3.858989e+04 1.360204e+05 -5.474022e+04
3.863556e+04 1.360714e+05 -5.459715e+04
3.868120e+04 1.361221e+05 -5.445399e+04
3.872680e+04 1.361728e+05 -5.431074e+04
3.877237e+04 1.362232e+05 -5.416740e+04
3.881790e+04 1.362736e+05 -5.402397e+04
3.886340e+04 1.363238e+05 -5.388045e+04
3.890886e+04 1.363738e+05 -5.373684e+04
3.895429e+04 1.364237e+05 -5.359314e+04
3.899969e+04 1.364734e+05 -5.344935e+04
3.904505e+04 1.365230e+05 -5.330547e+04
3.909037e+04 1.365725e+05 -5.316150e+04
3.913566e+04 1.366218e+05 -5.301744e+04
3.918091e+04 1.366709e+05 -5.287329e+04
3.922613e+04 1.367199e+05 -5.272905e+04
3.927132e+04 1.367687e+05 -5.258472e+04
3.931647e+04 1.368174e+05 -5.244030e+04
3.936158e+04 1.368660e+05 -5.229579e+04
3.940666e+04 1.369144e+05 -5.215120e+04
3.945170e+04 1.369626e+05 -5.200652e+04
3.949671e+04 1.370108e+05 -5.186174e+04
3.954168e+04 1.370587e+05 -5.171688e+04
3.958661e+04 1.371065e+05 -5.157193e+04
3.963151e+04 1.371542e+05 -5.142690e+04
3.967638e+04 1.372017e+05 -5.128177e+04
3.972121e+04 1.372490e+05 -5.113656e+04
3.976600e+04 1.372962e+05 -5.099126e+04
3.981076e+04 1.373433e+05 -5.084587e+04
3.985548e+04 1.373902e+05 -5.070039e+04
3.990016e+04 1.374369e+05 -5.055483e+04
3.994481e+04 1.374835e+05 -5.040918e+04
3.998942e+04 1.375300e+05 -5.026345e+04
4.003400e+04 1.375763e+05 -5.011762e+04
4.007854e+04 1.376225e+05 -4.997171e+04
4.012304e+04 1.376685e+05 -4.982572e+04
4.016751e+04 1.377143e+05 -4.967964e+04
4.021194e+04 1.377600e+05 -4.953347e+04
4.025633e+04 1.378056e+05 -4.938721e+04
4.030069e+04 1.378509e+05 -4.924087e+04
4.034501e+04 1.378962e+05 -4.909445e+04
4.038929e+04 1.379413e+05 -4.894794e+04
4.043354e+04 1.379862e+05 -4.880134e+04
4.047775e+04 1.380310e+05 -4.865466e+04
4.052192e+04 1.380757e+05 -4.850789e+04
4.056606e+04 1.381202e+05 -4.836104e+04
4.061015e+04 1.381645e+05 -4.821410e+04
4.065422e+04 1.382087e+05 -4.806708e+04
4.069824e+04 1.382527e+05 -4.791998e+04
4.074223e+04 1.382966e+05 -4.777279e+04
4.078617e+04 1.383403e+05 -4.762551e+04
4.083009e+04 1.383839e+05 -4.747816e+04
4.087396e+04 1.384273e+05 -4.733071e+04
4.091780e+04 1.384706e+05 -4.718319e+04
4.096160e+04 1.385137e+05 -4.703558e+04
4.100536e+04 1.385567e+05 -4.688789e+04
4.104908e+04 1.385995e+05 -4.674011e+04
4.109277e+04 1.386421e+05 -4.659225e+04
4.113641e+04 1.386846e+05 -4.644431e+04
4.118002e+04 1.387270e+05 -4.629629e+04
4.122359e+04 1.387692e+05 -4.614818e+04
4.126713e+04 1.388112e+05 -4.599999e+04
4.131062e+04 1.388531e+05 -4.585172e+04
4.135408e+04 1.388949e+05 -4.570337e+04
4.139750e+04 1.389365e+05 -4.555493e+04
4.144088e+04 1.389779e+05 -4.540641e+04
4.148422e+04 1.390192e+05 -4.525781e+04
4.152753e+04 1.390603e+05 -4.510913e+04
4.157079e+04 1.391013e+05 -4.496037e+04
4.161402e+04 1.391421e+05 -4.481152e+04
4.165720e+04 1.391827e+05 -4.466260e+04
4.170035e+04 1.392232e+05 -4.451359e+04
4.174346e+04 1.392636e+05 -4.436451e+04
4.178653e+04 1.393038e+05 -4.421534e+04
4.182957e+04 1.393438e+05 -4.406609e+04
4.187256e+04 1.393837e+05 -4.391677e+04
4.191551e+04 1.394234e+05 -4.376736e+04
4.195843e+04 1.394630e+05 -4.361787e+04
4.200131e+04 1.395024e+05 -4.346830e+04
4.204414e+04 1.395417e+05 -4.331865e+04
4.208694e+04 1.395808e+05 -4.316893e+04
4.212970e+04 1.396198e+05 -4.301912e+04
4.217242e+04 1.396586e+05 -4.286924e+04
4.221509e+04 1.396972e+05 -4.271927e+04
4.225773e+04 1.397357e+05 -4.256923e+04
4.230033e+04 1.397741e+05 -4.241911e+04
4.234289e+04 1.398122e+05 -4.226890e+04
4.238541e+04 1.398503e+05 -4.211863e+04
4.242789e+04 1.398881e+05 -4.196827e+04
4.247033e+04 1.399258e+05 -4.181783e+04
4.251273e+04 1.399634e+05 -4.166732e+04
4.255509e+04 1.400008e+05 -4.151673e+04
4.259741e+04 1.400380e+05 -4.136606e+04
4.263969e+04 1.400751e+05 -4.121531e+04
4.268193e+04 1.401121e+05 -4.106449e+04
4.272413e+04 1.401488e+05 -4.091359e+04
4.276629e+04 1.401854e+05 -4.076261e+04
4.280841e+04 1.402219e+05 -4.061156e+04
4.285049e+04 1.402582e+05 -4.046042e+04
4.289253e+04 1.402943e+05 -4.030922e+04
4.293452e+04 1.403303e+05 -4.015793e+04
4.297648e+04 1.403662e+05 -4.000657e+04
4.301840e+04 1.404018e+05 -3.985513e+04
4.306027e+04 1.404374e+05 -3.970362e+04
4.310210e+04 1.404727e+05 -3.955203e+04
4.314390e+04 1.405079e+05 -3.940037e+04
4.318565e+04 1.405430e+05 -3.924863e+04
4.322736e+04 1.405778e+05 -3.909682e+04
4.326903e+04 1.406126e+05 -3.894493e+04
4.331066e+04 1.406471e+05 -3.879296e+04
4.335225e+04 1.406816e+05 -3.864092e+04
4.339379e+04 1.407158e+05 -3.848881e+04
4.343530e+04 1.407499e+05 -3.833662e+04
4.347676e+04 1.407838e+05 -3.818436e+04
4.351818e+04 1.408176e+05 -3.803202e+04
4.355956e+04 1.408512e+05 -3.787961e+04
4.360090e+04 1.408847e+05 -3.772713e+04
4.364220e+04 1.409180e+05 -3.757457e+04
4.368345e+04 1.409511e+05 -3.742194e+04
4.372466e+04 1.409841e+05 -3.726924e+04
4.376583e+04 1.410170e+05 -3.711646e+04
4.380696e+04 1.410496e+05 -3.696361e+04
4.384805e+04 1.410821e+05 -3.681069e+04
4.388910e+04 1.411145e+05 -3.665769e+04
4.393010e+04 1.411467e+05 -3.650462e+04
4.397106e+04 1.411787e+05 -3.635148e+04
4.401198e+04 1.412106e+05 -3.619827e+04
4.405285e+04 1.412423e+05 -3.604498e+04
4.409369e+04 1.412738e+05 -3.589163e+04
4.413448e+04 1.413052e+05 -3.573820e+04
4.417523e+04 1.413364e+05 -3.558470e+04
4.421593e+04 1.413675e+05 -3.543113e+04
4.425660e+04 1.413984e+05 -3.527748e+04
4.429722e+04 1.414292e+05 -3.512377e+04
4.433780e+04 1.414598e+05 -3.496999e+04
4.437833e+04 1.414902e+05 -3.481613e+04
4.441882e+04 1.415205e+05 -3.466221e+04
4.445927e+04 1.415506e+05 -3.450821e+04
4.449968e+04 1.415805e+05 -3.435414e+04
4.454004e+04 1.416103e+05 -3.420001e+04
4.458036e+04 1.416399e+05 -3.404580e+04
4.462064e+04 1.416694e+05 -3.389153e+04
4.466087e+04 1.416987e+05 -3.373718e+04
4.470106e+04 1.417279e+05 -3.358277e+04
4.474121e+04 1.417568e+05 -3.342829e+04
4.478131e+04 1.417857e+05 -3.327373e+04
4.482137e+04 1.418143e+05 -3.311911e+04
4.486139e+04 1.418428e+05 -3.296442e+04
4.490136e+04 1.418712e+05 -3.280966e+04
4.494129e+04 1.418993e+05 -3.265484e+04
4.498117e+04 1.419274e+05 -3.249994e+04
4.502101e+04 1.419552e+05 -3.234498e+04
4.506081e+04 1.419829e+05 -3.218995e+04
4.510056e+04 1.420104e+05 -3.203485e+04
4.514027e+04 1.420378e+05 -3.187968e+04
4.517994e+04 1.420650e+05 -3.172445e+04
4.521956e+04 1.420920e+05 -3.156915e+04
4.525913e+04 1.421189e+05 -3.141378e+04
4.529866e+04 1.421456e+05 -3.125835e+04
4.533815e+04 1.421722e+05 -3.110285e+04
4.537760e+04 1.421986e+05 -3.094728e+04
4.541699e+04 1.422248e+05 -3.079165e+04
4.545635e+04 1.422509e+05 -3.063595e+04
4.549566e+04 1.422768e+05 -3.048018e+04
4.553492e+04 1.423025e+05 -3.032435e+04
4.557414e+04 1.423281e+05 -3.016845e+04
4.561332e+04 1.423535e+05 -3.001249e+04
4.565245e+04 1.423788e+05 -2.985646e+04
4.569153e+04 1.424039e+05 -2.970037e+04
4.573057e+04 1.424288e+05 -2.954421e+04
4.576957e+04 1.424536e+05 -2.938799e+04
4.580852e+04 1.424782e+05 -2.923170e+04
4.584742e+04 1.425026e+05 -2.907535e+04
4.588628e+04 1.425269e+05 -2.891893e+04
4.592510e+04 1.425510e+05 -2.876245e+04
4.596387e+04 1.425749e+05 -2.860591e+04
4.600259e+04 1.425987e+05 -2.844930e+04
4.604127e+04 1.426223e+05 -2.829263e+04
4.607990e+04 1.426458e+05 -2.813590e+04
4.611849e+04 1.426691e+05 -2.797910e+04
4.615703e+04 1.426922e+05 -2.782224e+04
4.619553e+04 1.427152e+05 -2.766531e+04
4.623398e+04 1.427380e+05 -2.750833e+04
4.627238e+04 1.427606e+05 -2.735128e+04
4.631074e+04 1.427831e+05 -2.719417e+04
4.634905e+04 1.428054e+05 -2.703699e+04
4.638732e+04 1.428275e+05 -2.687976e+04
4.642554e+04 1.428495e+05 -2.672246e+04
4.646371e+04 1.428713e+05 -2.656510e+04
4.650184e+04 1.428930e+05 -2.640768e+04
4.653992e+04 1.429144e+05 -2.625020e+04
4.657795e+04 1.429358e+05 -2.609265e+04
4.661594e+04 1.429569e+05 -2.593505e+04
4.665389e+04 1.429779e+05 -2.577738e+04
4.669178e+04 1.429987e+05 -2.561966e+04
4.672963e+04 1.430194e+05 -2.546187e+04
4.676743e+04 1.430399e+05 -2.530402e+04
4.680519e+04 1.430602e+05 -2.514612e+04
4.684290e+04 1.430803e+05 -2.498815e+04
4.688056e+04 1.431003e+05 -2.483013e+04
4.691817e+04 1.431202e+05 -2.467204e+04
4.695574e+04 1.431398e+05 -2.451389e+04
4.699326e+04 1.431593e+05 -2.435569e+04
4.703073e+04 1.431786e+05 -2.419743e+04
4.706816e+04 1.431978e+05 -2.403910e+04
4.710554e+04 1.432168e+05 -2.388072e+04
4.714287e+04 1.432356e+05 -2.372228e+04
4.718016e+04 1.432543e+05 -2.356378e+04
4.721739e+04 1.432728e+05 -2.340523e+04
4.725458e+04 1.432911e+05 -2.324661e+04
4.729173e+04 1.433093e+05 -2.308794e+04
4.732882e+04 1.433273e+05 -2.292921e+04
4.736587e+04 1.433451e+05 -2.277043e+04
4.740287e+04 1.433628e+05 -2.261158e+04
4.743982e+04 1.433803e+05 -2.245268e+04
4.747672e+04 1.433976e+05 -2.229372e+04
4.751358e+04 1.434148e+05 -2.213471e+04
4.755038e+04 1.434318e+05 -2.197564e+04
4.758714e+04 1.434486e+05 -2.181651e+04
4.762386e+04 1.434653e+05 -2.165732e+04
4.766052e+04 1.434818e+05 -2.149808e+04
4.769713e+04 1.434981e+05 -2.133879e+04
4.773370e+04 1.435143e+05 -2.117943e+04
4.777022e+04 1.435303e+05 -2.102003e+04
4.780669e+04 1.435461e+05 -2.086056e+04
4.784311e+04 1.435617e+05 -2.070105e+04
4.787948e+04 1.435772e+05 -2.054147e+04
4.791581e+04 1.435926e+05 -2.038185e+04
4.795209e+04 1.436077e+05 -2.022216e+04
4.798831e+04 1.436227e+05 -2.006243e+04
4.802449e+04 1.436375e+05 -1.990264e+04
4.806062e+04 1.436522e+05 -1.974279e+04
4.809670e+04 1.436667e+05 -1.958289e+04
4.813273e+04 1.436810e+05 -1.942294e+04
4.816872e+04 1.436951e+05 -1.926293e+04
4.820465e+04 1.437091e+05 -1.910287e+04
4.824054e+04 1.437229e+05 -1.894276e+04
4.827637e+04 1.437365e+05 -1.878260e+04
4.831216e+04 1.437500e+05 -1.862238e+04
4.834790e+04 1.437633e+05 -1.846211e+04
4.838358e+04 1.437765e+05 -1.830178e+04
4.841922e+04 1.437894e+05 -1.814141e+04
4.845481e+04 1.438022e+05 -1.798098e+04
4.849035e+04 1.438149e+05 -1.782050e+04
4.852584e+04 1.438273e+05 -1.765997e+04
4.856128e+04 1.438396e+05 -1.749939e+04
4.859667e+04 1.438517e+05 -1.733875e+04
4.863201e+04 1.438637e+05 -1.717807e+04
4.866730e+04 1.438755e+05 -1.701733e+04
4.870254e+04 1.438871e+05 -1.685655e+04
4.873773e+04 1.438985e+05 -1.669571e+04
4.877287e+04 1.439098e+05 -1.653482e+04
4.880796e+04 1.439209e+05 -1.637388e+04
4.884300e+04 1.439318e+05 -1.621289e+04
4.887799e+04 1.439426e+05 -1.605185e+04
4.891293e+04 1.439532e+05 -1.589077e+04
4.894782e+04 1.439636e+05 -1.572963e+04
4.898266e+04 1.439739e+05 -1.556844e+04
4.901745e+04 1.439840e+05 -1.540721e+04
4.905219e+04 1.439939e+05 -1.524592e+04
4.908688e+04 1.440036e+05 -1.508459e+04
4.912152e+04 1.440132e+05 -1.492321e+04
4.915610e+04 1.440226e+05 -1.476178e+04
4.919064e+04 1.440318e+05 -1.460030e+04
4.922512e+04 1.440409e+05 -1.443877e+04
4.925956e+04 1.440498e+05 -1.427720e+04
4.929394e+04 1.440585e+05 -1.411557e+04
4.932827e+04 1.440671e+05 -1.395390e+04
4.936255e+04 1.440755e+05 -1.379219e+04
4.939678e+04 1.440837e+05 -1.363042e+04
4.943096e+04 1.440917e+05 -1.346861e+04
4.946509e+04 1.440996e+05 -1.330675e+04
4.949917e+04 1.441073e+05 -1.314485e+04
4.953319e+04 1.441148e+05 -1.298290e+04
4.956717e+04 1.441222e+05 -1.282090e+04
4.960109e+04 1.441294e+05 -1.265886e+04
4.963496e+04 1.441364e+05 -1.249677e+04
4.966878e+04 1.441432e+05 -1.233464e+04
4.970255e+04 1.441499e+05 -1.217246e+04
4.973626e+04 1.441564e+05 -1.201023e+04
4.976993e+04 1.441627e+05 -1.184796e+04
4.980354e+04 1.441689e+05 -1.168565e+04
4.983710e+04 1.441749e+05 -1.152329e+04
4.987061e+04 1.441807e+05 -1.136088e+04
4.990406e+04 1.441863e+05 -1.119844e+04
4.993747e+04 1.441918e+05 -1.103594e+04
4.997082e+04 1.441971e+05 -1.087341e+04
5.000412e+04 1.442022e+05 -1.071083e+04
5.003737e+04 1.442072e+05 -1.054820e+04
5.007056e+04 1.442120e+05 -1.038554e+04
5.010371e+04 1.442166e+05 -1.022283e+04
5.013680e+04 1.442210e+05 -1.006007e+04
5.016984e+04 1.442253e+05 -9.897278e+03
5.020282e+04 1.442294e+05 -9.734439e+03
5.023576e+04 1.442333e+05 -9.571559e+03
5.026864e+04 1.442371e+05 -9.408636e+03
5.030147e+04 1.442407e+05 -9.245671e+03
5.033424e+04 1.442441e+05 -9.082664e+03
5.036696e+04 1.442473e+05 -8.919615e+03
5.039963e+04 1.442504e+05 -8.756525e+03
5.043225e+04 1.442533e+05 -8.593394e+03
5.046482e+04 1.442560e+05 -8.430222e+03
5.049733e+04 1.442585e+05 -8.267009e+03
5.052978e+04 1.442609e+05 -8.103755e+03
5.056219e+04 1.442631e+05 -7.940461e+03
5.059454e+04 1.442651e+05 -7.777126e+03
5.062684e+04 1.442670e+05 -7.613751e+03
5.065908e+04 1.442686e+05 -7.450337e+03
5.069128e+04 1.442701e+05 -7.286882e+03
5.072341e+04 1.442715e+05 -7.123388e+03
5.075550e+04 1.442726e+05 -6.959855e+03
5.078753e+04 1.442736e+05 -6.796282e+03
5.081951e+04 1.442744e+05 -6.632671e+03
5.085143e+04 1.442751e+05 -6.469021e+03
5.088330e+04 1.442755e+05 -6.305332e+03
5.091512e+04 1.442758e+05 -6.141605e+03
5.094688e+04 1.442760e+05 -5.977839e+03
5.097859e+04 1.442759e+05 -5.814036e+03
5.101024e+04 1.442757e+05 -5.650195e+03
5.104184e+04 1.442753e+05 -5.486316e+03
5.107339e+04 1.442747e+05 -5.322400e+03
5.110488e+04 1.442739e+05 -5.158446e+03
5.113632e+04 1.442730e+05 -4.994456e+03
5.116770e+04 1.442719e+05 -4.830428e+03
5.119903e+04 1.442707e+05 -4.666364e+03
5.123031e+04 1.442692e+05 -4.502264e+03
5.126153e+04 1.442676e+05 -4.338127e+03
5.129270e+04 1.442658e+05 -4.173954e+03
5.132381e+04 1.442638e+05 -4.009745e+03
5.135487e+04 1.442617e+05 -3.845501e+03
5.138587e+04 1.442594e+05 -3.681221e+03
5.141682e+04 1.442569e+05 -3.516906e+03
5.144771e+04 1.442542e+05 -3.352556e+03
5.147855e+04 1.442514e+05 -3.188171e+03
5.150933e+04 1.442484e+05 -3.023751e+03
5.154006e+04 1.442452e+05 -2.859296e+03
5.157074e+04 1.442418e+05 -2.694808e+03
5.160136e+04 1.442383e+05 -2.530285e+03
5.163192e+04 1.442346e+05 -2.365728e+03
5.166243e+04 1.442307e+05 -2.201137e+03
5.169288e+04 1.442266e+05 -2.036513e+03
5.172328e+04 1.442224e+05 -1.871856e+03
5.175362e+04 1.442180e+05 -1.707166e+03
5.178391e+04 1.442134e+05 -1.542442e+03
5.181414e+04 1.442086e+05 -1.377686e+03
5.184432e+04 1.442037e+05 -1.212897e+03
5.187444e+04 1.441986e+05 -1.048076e+03
5.190451e+04 1.441933e+05 -8.832228e+02
5.193452e+04 1.441878e+05 -7.183375e+02
5.196447e+04 1.441822e+05 -5.534205e+02
5.199437e+04 1.441763e+05 -3.884719e+02
5.202421e+04 1.441704e+05 -2.234920e+02
5.205400e+04 1.441642e+05 -5.848083e+01
5.208373e+04 1.441579e+05 1.065613e+02
5.211340e+04 1.441513e+05 2.716342e+02
5.214302e+04 1.441446e+05 4.367377e+02
5.217258e+04 1.441378e+05 6.018715e+02
5.220209e+04 1.441307e+05 7.670356e+02
5.223154e+04 1.441235e+05 9.322296e+02
5.226094e+04 1.441161e+05 1.097453e+03
5.229027e+04 1.441086e+05 1.262707e+03
5.231956e+04 1.441008e+05 1.427990e+03
5.234878e+04 1.440929e+05 1.593302e+03
5.237795e+04 1.440848e+05 1.758643e+03
5.240706e+04 1.440765e+05 1.924012e+03
5.243612e+04 1.440681e+05 2.089411e+03
5.246512e+04 1.440594e+05 2.254838e+03
5.249406e+04 1.440506e+05 2.420293e+03
5.252294e+04 1.440417e+05 2.585776e+03
5.255177e+04 1.440325e+05 2.751287e+03
5.258054e+04 1.440232e+05 2.916825e+03
5.260926e+04 1.440137e+05 3.082391e+03
5.263792e+04 1.440040e+05 3.247984e+03
5.266652e+04 1.439941e+05 3.413604e+03
5.269506e+04 1.439841e+05 3.579251e+03
5.272355e+04 1.439739e+05 3.744924e+03
5.275198e+04 1.439635e+05 3.910624e+03
5.278035e+04 1.439529e+05 4.076350e+03
5.280867e+04 1.439422e+05 4.242102e+03
5.283692e+04 1.439313e+05 4.407880e+03
5.286512e+04 1.439202e+05 4.573683e+03
5.289327e+04 1.439089e+05 4.739512e+03
5.292135e+04 1.438974e+05 4.905366e+03
5.294938e+04 1.438858e+05 5.071245e+03
5.297735e+04 1.438740e+05 5.237149e+03
5.300526e+04 1.438620e+05 5.403077e+03
5.303312e+04 1.438499e+05 5.569030e+03
5.306091e+04 1.438375e+05 5.735007e+03
5.308865e+04 1.438250e+05 5.901008e+03
5.311633e+04 1.438123e+05 6.067033e+03
5.314396e+04 1.437995e+05 6.233081e+03
5.317152e+04 1.437864e+05 6.399153e+03
5.319903e+04 1.437732e+05 6.565248e+03
5.322648e+04 1.437598e+05 6.731365e+03
5.325387e+04 1.437462e+05 6.897506e+03
5.328120e+04 1.437325e+05 7.063669e+03
5.330848e+04 1.437185e+05 7.229855e+03
5.333570e+04 1.437044e+05 7.396063e+03
5.336285e+04 1.436902e+05 7.562292e+03
5.338995e+04 1.436757e+05 7.728544e+03
5.341700e+04 1.436611e+05 7.894817e+03
5.344398e+04 1.436462e+05 8.061111e+03
5.347090e+04 1.436312e+05 8.227427e+03
5.349777e+04 1.436161e+05 8.393763e+03
5.352457e+04 1.436007e+05 8.560120e+03
5.355132e+04 1.435852e+05 8.726498e+03
5.357801e+04 1.435695e+05 8.892896e+03
5.360464e+04 1.435536e+05 9.059315e+03
5.363121e+04 1.435375e+05 9.225753e+03
5.365773e+04 1.435213e+05 9.392211e+03
5.368418e+04 1.435049e+05 9.558688e+03
5.371058e+04 1.434883e+05 9.725185e+03
5.373691e+04 1.434715e+05 9.891701e+03
5.376319e+04 1.434546e+05 1.005824e+04
5.378941e+04 1.434374e+05 1.022479e+04
5.381556e+04 1.434201e+05 1.039136e+04
5.384166e+04 1.434026e+05 1.055795e+04
5.386770e+04 1.433850e+05 1.072456e+04
5.389368e+04 1.433671e+05 1.089119e+04
5.391960e+04 1.433491e+05 1.105783e+04
5.394546e+04 1.433309e+05 1.122449e+04
5.397126e+04 1.433126e+05 1.139117e+04
5.399701e+04 1.432940e+05 1.155786e+04
5.402269e+04 1.432753e+05 1.172458e+04
5.404831e+04 1.432564e+05 1.189131e+04
5.407387e+04 1.432373e+05 1.205805e+04
5.409938e+04 1.432180e+05 1.222481e+04
5.412482e+04 1.431986e+05 1.239159e+04
5.415020e+04 1.431789e+05 1.255839e+04
5.417553e+04 1.431591e+05 1.272519e+04
5.420079e+04 1.431391e+05 1.289202e+04
5.422599e+04 1.431190e+05 1.305886e+04
5.425114e+04 1.430986e+05 1.322571e+04
5.427622e+04 1.430781e+05 1.339258e+04
5.430124e+04 1.430574e+05 1.355947e+04
5.432620e+04 1.430366e+05 1.372637e+04
5.435111e+04 1.430155e+05 1.389328e+04
5.437595e+04 1.429943e+05 1.406021e+04
5.440073e+04 1.429729e+05 1.422715e+04
5.442545e+04 1.429513e+05 1.439410e+04
5.445011e+04 1.429295e+05 1.456107e+04
5.447471e+04 1.429075e+05 1.472805e+04
5.449925e+04 1.428854e+05 1.489504e+04
5.452373e+04 1.428631e+05 1.506205e+04
5.454815e+04 1.428406e+05 1.522907e+04
5.457250e+04 1.428180e+05 1.539610e+04
5.459680e+04 1.427951e+05 1.556314e+04
5.462103e+04 1.427721e+05 1.573020e+04
5.464521e+04 1.427489e+05 1.589726e+04
5.466932e+04 1.427255e+05 1.606434e+04
5.469337e+04 1.427020e+05 1.623143e+04
5.471736e+04 1.426782e+05 1.639853e+04
5.474129e+04 1.426543e+05 1.656564e+04
5.476516e+04 1.426302e+05 1.673276e+04
5.478897e+04 1.426059e+05 1.689990e+04
5.481272e+04 1.425815e+05 1.706704e+04
5.483640e+04 1.425568e+05 1.723419e+04
5.486003e+04 1.425320e+05 1.740135e+04
5.488359e+04 1.425070e+05 1.756852e+04
5.490709e+04 1.424819e+05 1.773571e+04
5.493053e+04 1.424565e+05 1.790290e+04
5.495391e+04 1.424310e+05 1.807009e+04
5.497722e+04 1.424053e+05 1.823730e+04
5.500048e+04 1.423794e+05 1.840452e+04
5.502367e+04 1.423533e+05 1.857174e+04
5.504680e+04 1.423271e+05 1.873898e+04
5.506987e+04 1.423006e+05 1.890622e+04
5.509288e+04 1.422740e+05 1.907347e+04
5.511582e+04 1.422472e+05 1.924072e+04
5.513871e+04 1.422203e+05 1.940799e+04
5.516153e+04 1.421931e+05 1.957526e+04
5.518429e+04 1.421658e+05 1.974253e+04
5.520699e+04 1.421383e+05 1.990982e+04
5.522962e+04 1.421106e+05 2.007711e+04
5.525220e+04 1.420827e+05 2.024441e+04
5.527471e+04 1.420547e+05 2.041171e+04
5.529716e+04 1.420265e+05 2.057902e+04
5.531954e+04 1.419981e+05 2.074633e+04
5.534187e+04 1.419695e+05 2.091365e+04
5.536413e+04 1.419407e+05 2.108097e+04
5.538633e+04 1.419118e+05 2.124830e+04
5.540846e+04 1.418826e+05 2.141564e+04
5.543054e+04 1.418533e+05 2.158298e+04
5.545255e+04 1.418239e+05 2.175032e+04
5.547450e+04 1.417942e+05 2.191767e+04
5.549638e+04 1.417643e+05 2.208502e+04
5.551820e+04 1.417343e+05 2.225237e+04
5.553997e+04 1.417041e+05 2.241973e+04
5.556166e+04 1.416737e+05 2.258709e+04
5.558330e+04 1.416432e+05 2.275446e+04
5.560487e+04 1.416124e+05 2.292182e+04
5.562638e+04 1.415815e+05 2.308919e+04
5.564782e+04 1.415504e+05 2.325657e+04
5.566921e+04 1.415191e+05 2.342394e+04
5.569052e+04 1.414877e+05 2.359132e+04
5.571178e+04 1.414560e+05 2.375870e+04
5.573297e+04 1.414242e+05 2.392608e+04
5.575410e+04 1.413922e+05 2.409346e+04
5.577517e+04 1.413600e+05 2.426084e+04
5.579617e+04 1.413276e+05 2.442822e+04
5.581711e+04 1.412951e+05 2.459561e+04
5.583799e+04 1.412624e+05 2.476299e+04
5.585880e+04 1.412295e+05 2.493038e+04
5.587955e+04 1.411964e+05 2.509776e+04
5.590024e+04 1.411631e+05 2.526515e+04
5.592086e+04 1.411297e+05 2.543253e+04
5.594141e+04 1.410960e+05 2.559991e+04
5.596191e+04 1.410622e+05 2.576730e+04
5.598234e+04 1.410283e+05 2.593468e+04
5.600271e+04 1.409941e+05 2.610206e+04
5.602301e+04 1.409597e+05 2.626944e+04
5.604325e+04 1.409252e+05 2.643682e+04
5.606342e+04 1.408905e+05 2.660419e+04
5.608353e+04 1.408556e+05 2.677157e+04
5.610358e+04 1.408206e+05 2.693894e+04
5.612356e+04 1.407853e+05 2.710631e+04
5.614348e+04 1.407499e+05 2.727367e+04
5.616334e+04 1.407143e+05 2.744104e+04
5.618313e+04 1.406785e+05 2.760840e+04
5.620285e+04 1.406425e+05 2.777575e+04
5.622251e+04 1.406064e+05 2.794311e+04
5.624211e+04 1.405700e+05 2.811046e+04
5.626165e+04 1.405335e+05 2.827780e+04
5.628111e+04 1.404968e+05 2.844514e+04
5.630052e+04 1.404600e+05 2.861248e+04
5.631986e+04 1.404229e+05 2.877981e+04
5.633913e+04 1.403857e+05 2.894714e+04
5.635834e+04 1.403483e+05 2.911446e+04
5.637749e+04 1.403107e+05 2.928178e+04
5.639657e+04 1.402729e+05 2.944909e+04
5.641558e+04 1.402350e+05 2.961639e+04
5.643453e+04 1.401968e+05 2.978369e+04
5.645342e+04 1.401585e+05 2.995099e+04
5.647224e+04 1.401200e+05 3.011827e+04
5.649100e+04 1.400813e+05 3.028555e+04
5.650969e+04 1.400425e+05 3.045283e+04
5.652832e+04 1.400035e+05 3.062010e+04
5.654688e+04 1.399642e+05 3.078735e+04
5.656537e+04 1.399248e+05 3.095461e+04
5.658381e+04 1.398853e+05 3.112185e+04
5.660217e+04 1.398455e+05 3.128909e+04
5.662047e+04 1.398056e+05 3.145632e+04
5.663871e+04 1.397654e+05 3.162354e+04
5.665688e+04 1.397252e+05 3.179075e+04
5.667498e+04 1.396847e+05 3.195795e+04
5.669302e+04 1.396440e+05 3.212514e+04
5.671100e+04 1.396032e+05 3.229233e+04
5.672890e+04 1.395621e+05 3.245950e+04
5.674675e+04 1.395209e+05 3.262667e+04
5.676452e+04 1.394796e+05 3.279383e+04
5.678224e+04 1.394380e+05 3.296097e+04
5.679988e+04 1.393963e+05 3.312811e+04
5.681746e+04 1.393543e+05 3.329523e+04
5.683498e+04 1.393122e+05 3.346235e+04
5.685242e+04 1.392699e+05 3.362945e+04
5.686981e+04 1.392275e+05 3.379654e+04
5.688712e+04 1.391848e+05 3.396362e+04
5.690438e+04 1.391420e+05 3.413069e+04
5.692156e+04 1.390990e+05 3.429775e+04
5.693868e+04 1.390558e+05 3.446479e+04
5.695573e+04 1.390125e+05 3.463183e+04
5.697272e+04 1.389689e+05 3.479885e+04
5.698964e+04 1.389252e+05 3.496586e+04
5.700649e+04 1.388813e+05 3.513285e+04
5.702328e+04 1.388372e+05 3.529983e+04
5.704001e+04 1.387929e+05 3.546680e+04
5.705666e+04 1.387485e+05 3.563376e+04
5.707325e+04 1.387038e+05 3.580070e+04
5.708977e+04 1.386590e+05 3.596763e+04
5.710623e+04 1.386140e+05 3.613454e+04
5.712262e+04 1.385689e+05 3.630144e+04
5.713894e+04 1.385235e+05 3.646832e+04
5.715520e+04 1.384780e+05 3.663519e+04
5.717139e+04 1.384323e+05 3.680205e+04
5.718752e+04 1.383864e+05 3.696889e+04
5.720357e+04 1.383403e+05 3.713571e+04
5.721956e+04 1.382940e+05 3.730252e+04
5.723549e+04 1.382476e+05 3.746931e+04
5.725135e+04 1.382010e+05 3.763609e+04
5.726714e+04 1.381542e+05 3.780285e+04
5.728286e+04 1.381072e+05 3.796959e+04
5.729852e+04 1.380600e+05 3.813632e+04
5.731411e+04 1.380127e+05 3.830303e+04
5.732963e+04 1.379652e+05 3.846972e+04
5.734508e+04 1.379175e+05 3.863639e+04
5.736047e+04 1.378696e+05 3.880305e+04
5.737579e+04 1.378216e+05 3.896969e+04
5.739105e+04 1.377733e+05 3.913631e+04
5.740624e+04 1.377249e+05 3.930291e+04
5.742136e+04 1.376763e+05 3.946950e+04
5.743641e+04 1.376275e+05 3.963606e+04
5.745139e+04 1.375786e+05 3.980261e+04
5.746631e+04 1.375294e+05 3.996913e+04
5.748116e+04 1.374801e+05 4.013564e+04
5.749595e+04 1.374306e+05 4.030213e+04
5.751066e+04 1.373809e+05 4.046860e+04
5.752531e+04 1.373311e+05 4.063505e+04
5.753989e+04 1.372810e+05 4.080147e+04
5.755440e+04 1.372308e+05 4.096788e+04
5.756885e+04 1.371804e+05 4.113427e+04
5.758323e+04 1.371298e+05 4.130063e+04
5.759754e+04 1.370790e+05 4.146698e+04
5.761178e+04 1.370281e+05 4.163330e+04
5.762596e+04 1.369770e+05 4.179960e+04
5.764006e+04 1.369257e+05 4.196588e+04
5.765410e+04 1.368742e+05 4.213214e+04
5.766807e+04 1.368225e+05 4.229837e+04
5.768198e+04 1.367707e+05 4.246459e+04
5.769581e+04 1.367187e+05 4.263078e+04
5.770958e+04 1.366665e+05 4.279694e+04
5.772328e+04 1.366141e+05 4.296309e+04
5.773691e+04 1.365615e+05 4.312921e+04
5.775048e+04 1.365088e+05 4.329530e+04
5.776397e+04 1.364558e+05 4.346138e+04
5.777740e+04 1.364027e+05 4.362742e+04
5.779076e+04 1.363494e+05 4.379345e+04
5.780405e+04 1.362960e+05 4.395945e+04
5.781727e+04 1.362423e+05 4.412542e+04
5.783042e+04 1.361885e+05 4.429138e+04
5.784351e+04 1.361345e+05 4.445730e+04
5.785653e+04 1.360803e+05 4.462320e+04
5.786948e+04 1.360260e+05 4.478908e+04
5.788236e+04 1.359714e+05 4.495492e+04
5.789517e+04 1.359167e+05 4.512075e+04
5.790791e+04 1.358618e+05 4.528654e+04
5.792059e+04 1.358067e+05 4.545231e+04
5.793319e+04 1.357514e+05 4.561806e+04
5.794573e+04 1.356960e+05 4.578377e+04
5.795820e+04 1.356404e+05 4.594946e+04
5.797060e+04 1.355846e+05 4.611512e+04
5.798293e+04 1.355286e+05 4.628076e+04
5.799520e+04 1.354724e+05 4.644636e+04
5.800739e+04 1.354161e+05 4.661194e+04
5.801952e+04 1.353596e+05 4.677749e+04
5.803157e+04 1.353029e+05 4.694301e+04
5.804356e+04 1.352460e+05 4.710851e+04
5.805548e+04 1.351889e+05 4.727397e+04
5.806733e+04 1.351317e+05 4.743941e+04
5.807911e+04 1.350743e+05 4.760481e+04
5.809082e+04 1.350167e+05 4.777019e+04
5.810246e+04 1.349589e+05 4.793554e+04
5.811403e+04 1.349009e+05 4.810085e+04
5.812554e+04 1.348428e+05 4.826614e+04
5.813697e+04 1.347845e+05 4.843139e+04
5.814834e+04 1.347260e+05 4.859662e+04
5.815964e+04 1.346673e+05 4.876181e+04
5.817086e+04 1.346085e+05 4.892698e+04
5.818202e+04 1.345494e+05 4.909211e+04
5.819311e+04 1.344902e+05 4.925721e+04
5.820413e+04 1.344308e+05 4.942228e+04
5.821508e+04 1.343713e+05 4.958731e+04
5.822596e+04 1.343115e+05 4.975232e+04
5.823677e+04 1.342516e+05 4.991729e+04
5.824751e+04 1.341915e+05 5.008223e+04
5.825818e+04 1.341312e+05 5.024714e+04
5.826878e+04 1.340707e+05 5.041201e+04
5.827931e+04 1.340101e+05 5.057685e+04
5.828978e+04 1.339492e+05 5.074166e+04
5.830017e+04 1.338882e+05 5.090643e+04
5.831049e+04 1.338271e+05 5.107117e+04
5.832075e+04 1.337657e+05 5.123587e+04
5.833093e+04 1.337042e+05 5.140054e+04
5.834104e+04 1.336424e+05 5.156518e+04
5.835109e+04 1.335805e+05 5.172978e+04
5.836106e+04 1.335185e+05 5.189435e+04
5.837097e+04 1.334562e+05 5.205888e+04
5.838080e+04 1.333938e+05 5.222337e+04
5.839056e+04 1.333312e+05 5.238783e+04
5.840026e+04 1.332684e+05 5.255225e+04
5.840988e+04 1.332054e+05 5.271664e+04
5.841944e+04 1.331422e+05 5.288099e+04
5.842892e+04 1.330789e+05 5.304531e+04
5.843833e+04 1.330154e+05 5.320958e+04
5.844768e+04 1.329517e+05 5.337382e+04
5.845695e+04 1.328879e+05 5.353803e+04
5.846615e+04 1.328238e+05 5.370219e+04
5.847529e+04 1.327596e+05 5.386632e+04
5.848435e+04 1.326952e+05 5.403041e+04
5.849334e+04 1.326306e+05 5.419446e+04
5.850226e+04 1.325659e+05 5.435847e+04
5.851111e+04 1.325009e+05 5.452245e+04
5.851990e+04 1.324358e+05 5.468638e+04
5.852861e+04 1.323705e+05 5.485028e+04
5.853725e+04 1.323050e+05 5.501414e+04
5.854582e+04 1.322394e+05 5.517795e+04
5.855432e+04 1.321736e+05 5.534173e+04
5.856274e+04 1.321076e+05 5.550547e+04
5.857110e+04 1.320414e+05 5.566917e+04
5.857939e+04 1.319750e+05 5.583282e+04
5.858761e+04 1.319085e+05 5.599644e+04
5.859575e+04 1.318418e+05 5.616002e+04
5.860383e+04 1.317749e+05 5.632355e+04
5.861183e+04 1.317078e+05 5.648705e+04
5.861976e+04 1.316406e+05 5.665050e+04
5.862763e+04 1.315731e+05 5.681391e+04
5.863542e+04 1.315055e+05 5.697728e+04
5.864314e+04 1.314377e+05 5.714060e+04
5.865079e+04 1.313698e+05 5.730389e+04
5.865837e+04 1.313016e+05 5.746713e+04
5.866588e+04 1.312333e+05 5.763033e+04
5.867331e+04 1.311648e+05 5.779348e+04
5.868068e+04 1.310962e+05 5.795660e+04
5.868798e+04 1.310273e+05 5.811967e+04
5.869520e+04 1.309583e+05 5.828269e+04
5.870235e+04 1.308891e+05 5.844567e+04
5.870943e+04 1.308197e+05 5.860861e+04
5.871645e+04 1.307501e+05 5.877150e+04
5.872338e+04 1.306804e+05 5.893435e+04
5.873025e+04 1.306105e+05 5.909715e+04
5.873705e+04 1.305404e+05 5.925991e+04
5.874378e+04 1.304701e+05 5.942262e+04
5.875043e+04 1.303997e+05 5.958529e+04
5.875701e+04 1.303291e+05 5.974791e+04
5.876353e+04 1.302583e+05 5.991049e+04
5.876997e+04 1.301873e+05 6.007302e+04
5.877633e+04 1.301161e+05 6.023550e+04
5.878263e+04 1.300448e+05 6.039794e+04
5.878886e+04 1.299733e+05 6.056033e+04
5.879501e+04 1.299016e+05 6.072267e+04
5.880110e+04 1.298298e+05 6.088497e+04
5.880711e+04 1.297577e+05 6.104722e+04
5.881305e+04 1.296855e+05 6.120942e+04
5.881892e+04 1.296131e+05 6.137157e+04
5.882471e+04 1.295406e+05 6.153367e+04
5.883044e+04 1.294678e+05 6.169573e+04
5.883609e+04 1.293949e+05 6.185774e+04
5.884167e+04 1.293218e+05 6.201970e+04
5.884718e+04 1.292485e+05 6.218161e+04
5.885262e+04 1.291751e+05 6.234347e+04
5.885799e+04 1.291015e+05 6.250528e+04
5.886328e+04 1.290276e+05 6.266704e+04
5.886850e+04 1.289537e+05 6.282875e+04
5.887366e+04 1.288795e+05 6.299041e+04
5.887873e+04 1.288052e+05 6.315202e+04
5.888374e+04 1.287307e+05 6.331359e+04
5.888868e+04 1.286560e+05 6.347510e+04
5.889354e+04 1.285811e+05 6.363655e+04
5.889833e+04 1.285061e+05 6.379796e+04
5.890305e+04 1.284309e+05 6.395932e+04
5.890770e+04 1.283555e+05 6.412062e+04
5.891227e+04 1.282800e+05 6.428187e+04
5.891678e+04 1.282042e+05 6.444308e+04
5.892121e+04 1.281283e+05 6.460422e+04
5.892557e+04 1.280522e+05 6.476532e+04
5.892985e+04 1.279760e+05 6.492636e+04
5.893407e+04 1.278995e+05 6.508735e+04
5.893821e+04 1.278229e+05 6.524829e+04
5.894228e+04 1.277461e+05 6.540917e+04
5.894628e+04 1.276691e+05 6.557000e+04
5.895020e+04 1.275920e+05 6.573078e+04
5.895406e+04 1.275147e+05 6.589150e+04
5.895784e+04 1.274372e+05 6.605217e+04
5.896154e+04 1.273595e+05 6.621278e+04
5.896518e+04 1.272817e+05 6.637334e+04
5.896874e+04 1.272037e+05 6.653384e+04
5.897224e+04 1.271255e+05 6.669429e+04
5.897565e+04 1.270471e+05 6.685468e+04
5.897900e+04 1.269686e+05 6.701502e+04
5.898227e+04 1.268899e+05 6.717530e+04
5.898548e+04 1.268110e+05 6.733552e+04
5.898861e+04 1.267319e+05 6.749569e+04
5.899166e+04 1.266527e+05 6.765580e+04
5.899465e+04 1.265732e+05 6.781586e+04
5.899756e+04 1.264937e+05 6.797586e+04
5.900039e+04 1.264139e+05 6.813580e+04
5.900316e+04 1.263340e+05 6.829568e+04
5.900585e+04 1.262538e+05 6.845551e+04
5.900847e+04 1.261736e+05 6.861528e+04
5.901102e+04 1.260931e+05 6.877499e+04
5.901350e+04 1.260125e+05 6.893464e+04
5.901590e+04 1.259317e+05 6.909423e+04
5.901823e+04 1.258507e+05 6.925377e+04
5.902049e+04 1.257695e+05 6.941324e+04
5.902267e+04 1.256882e+05 6.957266e+04
5.902478e+04 1.256067e+05 6.973202e+04
5.902682e+04 1.255250e+05 6.989132e+04
5.902878e+04 1.254432e+05 7.005055e+04
5.903068e+04 1.253611e+05 7.020973e+04
5.903250e+04 1.252789e+05 7.036885e+04
5.903424e+04 1.251966e+05 7.052791e+04
5.903592e+04 1.251140e+05 7.068690e+04
5.903752e+04 1.250313e+05 7.084584e+04
5.903904e+04 1.249484e+05 7.100471e+04
5.904050e+04 1.248653e+05 7.116353e+04
5.904188e+04 1.247821e+05 7.132228e+04
5.904319e+04 1.246987e+05 7.148097e+04
5.904442e+04 1.246151e+05 7.163960e+04
5.904558e+04 1.245313e+05 7.179816e+04
5.904667e+04 1.244474e+05 7.195667e+04
5.904769e+04 1.243633e+05 7.211511e+04
5.904863e+04 1.242790e+05 7.227348e+04
5.904950e+04 1.241946e+05 7.243180e+04
5.905030e+04 1.241099e+05 7.259005e+04
5.905102e+04 1.240251e+05 7.274824e+04
5.905167e+04 1.239402e+05 7.290636e+04
5.905225e+04 1.238550e+05 7.306442e+04
5.905275e+04 1.237697e+05 7.322242e+04
5.905318e+04 1.236842e+05 7.338035e+04
5.905354e+04 1.235986e+05 7.353822e+04
5.905382e+04 1.235128e+05 7.369602e+04
5.905403e+04 1.234267e+05 7.385376e+04
5.905417e+04 1.233406e+05 7.401143e+04
5.905423e+04 1.232542e+05 7.416903e+04
5.905422e+04 1.231677e+05 7.432657e+04
5.905414e+04 1.230810e+05 7.448405e+04
5.905398e+04 1.229942e+05 7.464146e+04
5.905375e+04 1.229071e+05 7.479880e+04
5.905344e+04 1.228199e+05 7.495608e+04
5.905307e+04 1.227325e+05 7.511328e+04
5.905262e+04 1.226450e+05 7.527043e+04
5.905209e+04 1.225573e+05 7.542750e+04
5.905149e+04 1.224694e+05 7.558451e+04
5.905082e+04 1.223813e+05 7.574145e+04
5.905008e+04 1.222931e+05 7.589832e+04
5.904926e+04 1.222047e+05 7.605512e+04
5.904836e+04 1.221161e+05 7.621186e+04
5.904740e+04 1.220273e+05 7.636852e+04
5.904636e+04 1.219384e+05 7.652512e+04
5.904524e+04 1.218493e+05 7.668165e+04
5.904406e+04 1.217601e+05 7.683811e+04
5.904280e+04 1.216706e+05 7.699450e+04
5.904146e+04 1.215810e+05 7.715082e+04
5.904005e+04 1.214913e+05 7.730707e+04
5.903857e+04 1.214013e+05 7.746325e+04
5.903701e+04 1.213112e+05 7.761936e+04
5.903538e+04 1.212209e+05 7.777540e+04
5.903368e+04 1.211305e+05 7.793137e+04
5.903190e+04 1.210399e+05 7.808727e+04
5.903005e+04 1.209491e+05 7.824310e+04
5.902813e+04 1.208581e+05 7.839885e+04
5.902613e+04 1.207670e+05 7.855454e+04
5.902406e+04 1.206757e+05 7.871015e+04
5.902191e+04 1.205842e+05 7.886569e+04
5.901969e+04 1.204925e+05 7.902116e+04
5.901739e+04 1.204007e+05 7.917655e+04
5.901503e+04 1.203087e+05 7.933188e+04
5.901258e+04 1.202166e+05 7.948713e+04
5.901007e+04 1.201243e+05 7.964230e+04
5.900748e+04 1.200318e+05 7.979741e+04
5.900481e+04 1.199391e+05 7.995244e+04
5.900207e+04 1.198463e+05 8.010739e+04
5.899926e+04 1.197533e+05 8.026228e+04
5.899637e+04 1.196601e+05 8.041709e+04
5.899341e+04 1.195668e+05 8.057182e+04
5.899038e+04 1.194733e+05 8.072648e+04
5.898727e+04 1.193796e+05 8.088106e+04
5.898409e+04 1.192857e+05 8.103557e+04
5.898083e+04 1.191917e+05 8.119001e+04
5.897750e+04 1.190975e+05 8.134437e+04
5.897409e+04 1.190032e+05 8.149865e+04
5.897061e+04 1.189087e+05 8.165286e+04
5.896706e+04 1.188140e+05 8.180699e+04
5.896343e+04 1.187191e+05 8.196104e+04
5.895973e+04 1.186241e+05 8.211502e+04
5.895596e+04 1.185289e+05 8.226893e+04
5.895211e+04 1.184336e+05 8.242275e+04
5.894818e+04 1.183380e+05 8.257650e+04
5.894418e+04 1.182423e+05 8.273017e+04
5.894011e+04 1.181465e+05 8.288376e+04
5.893596e+04 1.180504e+05 8.303728e+04
5.893174e+04 1.179542e+05 8.319071e+04
5.892744e+04 1.178579e+05 8.334407e+04
5.892307e+04 1.177613e+05 8.349735e+04
5.891863e+04 1.176646e+05 8.365055e+04
5.891411e+04 1.175678e+05 8.380368e+04
5.890952e+04 1.174707e+05 8.395672e+04
5.890485e+04 1.173735e+05 8.410968e+04
5.890011e+04 1.172762e+05 8.426257e+04
5.889529e+04 1.171786e+05 8.441537e+04
5.889040e+04 1.170809e+05 8.456810e+04
5.888544e+04 1.169830e+05 8.472074e+04
5.888040e+04 1.168850e+05 8.487331e+04
5.887528e+04 1.167868e+05 8.502579e+04
5.887010e+04 1.166884e+05 8.517820e+04
5.886483e+04 1.165899e+05 8.533052e+04
5.885950e+04 1.164912e+05 8.548276e+04
5.885409e+04 1.163923e+05 8.563492e+04
5.884860e+04 1.162933e+05 8.578700e+04
5.884304e+04 1.161941e+05 8.593899e+04
5.883740e+04 1.160947e+05 8.609091e+04
5.883169e+04 1.159952e+05 8.624274e+04
5.882591e+04 1.158955e+05 8.639449e+04
5.882005e+04 1.157956e+05 8.654616e+04
5.881412e+04 1.156956e+05 8.669774e+04
5.880811e+04 1.155954e+05 8.684924e+04
5.880203e+04 1.154950e+05 8.700066e+04
5.879587e+04 1.153945e+05 8.715199e+04
5.878964e+04 1.152938e+05 8.730324e+04
5.878334e+04 1.151930e+05 8.745441e+04
5.877696e+04 1.150919e+05 8.760549e+04
5.877050e+04 1.149907e+05 8.775649e+04
5.876397e+04 1.148894e+05 8.790740e+04
5.875737e+04 1.147879e+05 8.805823e+04
5.875069e+04 1.146862e+05 8.820897e+04
5.874394e+04 1.145843e+05 8.835963e+04
5.873711e+04 1.144823e+05 8.851020e+04
5.873020e+04 1.143802e+05 8.866069e+04
5.872323e+04 1.142778e+05 8.881109e+04
5.871618e+04 1.141753e+05 8.896140e+04
5.870905e+04 1.140726e+05 8.911163e+04
5.870185e+04 1.139698e+05 8.926177e+04
5.869457e+04 1.138668e+05 8.941183e+04
5.868722e+04 1.137637e+05 8.956180e+04
5.867980e+04 1.136603e+05 8.971168e+04
5.867230e+04 1.135568e+05 8.986147e+04
5.866472e+04 1.134532e+05 9.001118e+04
5.865707e+04 1.133494e+05 9.016080e+04
5.864935e+04 1.132454e+05 9.031033e+04
5.864155e+04 1.131413e+05 9.045977e+04
5.863368e+04 1.130370e+05 9.060912e+04
5.862573e+04 1.129325e+05 9.075839e+04
5.861770e+04 1.128279e+05 9.090757e+04
5.860961e+04 1.127231e+05 9.105665e+04
5.860143e+04 1.126181e+05 9.120565e+04
5.859319e+04 1.125130e+05 9.135456e+04
5.858487e+04 1.124077e+05 9.150338e+04
5.857647e+04 1.123023e+05 9.165211e+04
5.856800e+04 1.121967e+05 9.180075e+04
5.855945e+04 1.120909e+05 9.194930e+04
5.855083e+04 1.119850e+05 9.209776e+04
5.854213e+04 1.118789e+05 9.224613e+04
5.853336e+04 1.117726e+05 9.239440e+04
5.852452e+04 1.116662e+05 9.254259e+04
5.851560e+04 1.115596e+05 9.269069e+04
5.850660e+04 1.114529e+05 9.283869e+04
5.849753e+04 1.113460e+05 9.298660e+04
5.848839e+04 1.112389e+05 9.313442e+04
5.847917e+04 1.111317e+05 9.328215e+04
5.846987e+04 1.110243e+05 9.342978e+04
5.846050e+04 1.109168e+05 9.357733e+04
5.845106e+04 1.108091e+05 9.372478e+04
5.844154e+04 1.107012e+05 9.387214e+04
5.843194e+04 1.105932e+05 9.401940e+04
5.842228e+04 1.104850e+05 9.416657e+04
5.841253e+04 1.103766e+05 9.431365e+04
5.840271e+04 1.102681e+05 9.446063e+04
5.839282e+04 1.101594e+05 9.460752e+04
5.838285e+04 1.100506e+05 9.475432e+04
5.837281e+04 1.099416e+05 9.490102e+04
5.836269e+04 1.098324e+05 9.504762e+04
5.835250e+04 1.097231e+05 9.519414e+04
5.834223e+04 1.096137e+05 9.534055e+04
5.833189e+04 1.095040e+05 9.548687e+04
5.832147e+04 1.093942e+05 9.563310e+04
5.831098e+04 1.092843e+05 9.577923e+04
5.830041e+04 1.091742e+05 9.592526e+04
5.828977e+04 1.090639e+05 9.607120e+04
5.827905e+04 1.089535e+05 9.621705e+04
5.826826e+04 1.088429e+05 9.636279e+04
5.825739e+04 1.087321e+05 9.650844e+04
5.824645e+04 1.086212e+05 9.665399e+04
5.823543e+04 1.085102e+05 9.679945e+04
5.822434e+04 1.083989e+05 9.694481e+04
5.821317e+04 1.082875e+05 9.709007e+04
5.820193e+04 1.081760e+05 9.723523e+04
5.819061e+04 1.080643e+05 9.738030e+04
5.817922e+04 1.079524e+05 9.752526e+04
5.816775e+04 1.078404e+05 9.767013e+04
5.815621e+04 1.077282e+05 9.781490e+04
5.814460e+04 1.076159e+05 9.795958e+04
5.813291e+04 1.075034e+05 9.810415e+04
5.812114e+04 1.073908e+05 9.824862e+04
5.810930e+04 1.072780e+05 9.839300e+04
5.809738e+04 1.071650e+05 9.853727e+04
5.808539e+04 1.070519e+05 9.868145e+04
5.807333e+04 1.069386e+05 9.882552e+04
5.806118e+04 1.068252e+05 9.896950e+04
5.804897e+04 1.067116e+05 9.911337e+04
5.803668e+04 1.065978e+05 9.925715e+04
5.802431e+04 1.064839e+05 9.940082e+04
5.801187e+04 1.063698e+05 9.954440e+04
5.799936e+04 1.062556e+05 9.968787e+04
5.798677e+04 1.061412e+05 9.983124e+04
5.797410e+04 1.060267e+05 9.997451e+04
5.796136e+04 1.059120e+05 1.001177e+05
5.794854e+04 1.057972e+05 1.002607e+05
5.793565e+04 1.056822e+05 1.004037e+05
5.792269e+04 1.055670e+05 1.005466e+05
5.790965e+04 1.054517e+05 1.006893e+05
5.789653e+04 1.053362e+05 1.008320e+05
5.788334e+04 1.052206e+05 1.009745e+05
5.787008e+04 1.051048e+05 1.011170e+05
5.785674e+04 1.049889e+05 1.012593e+05
5.784332e+04 1.048728e+05 1.014016e+05
5.782983e+04 1.047565e+05 1.015437e+05
5.781627e+04 1.046401e+05 1.016858e+05
5.780263e+04 1.045236e+05 1.018277e+05
5.778892e+04 1.044068e+05 1.019695e+05
5.777513e+04 1.042900e+05 1.021112e+05
5.776126e+04 1.041730e+05 1.022529e+05
5.774732e+04 1.040558e+05 1.023944e+05
5.773331e+04 1.039384e+05 1.025358e+05
5.771922e+04 1.038210e+05 1.026771e+05
5.770505e+04 1.037033e+05 1.028183e+05
5.769082e+04 1.035855e+05 1.029594e+05
5.767650e+04 1.034676e+05 1.031004e+05
5.766211e+04 1.033495e+05 1.032412e+05
5.764765e+04 1.032312e+05 1.033820e+05
5.763311e+04 1.031128e+05 1.035227e+05
5.761850e+04 1.029942e+05 1.036632e+05
5.760381e+04 1.028755e+05 1.038037e+05
5.758905e+04 1.027567e+05 1.039440e+05
5.757421e+04 1.026376e+05 1.040843e+05
5.755930e+04 1.025185e+05 1.042244e+05
5.754431e+04 1.023991e+05 1.043644e+05
5.752924e+04 1.022797e+05 1.045044e+05
5.751411e+04 1.021600e+05 1.046442e+05
5.749889e+04 1.020402e+05 1.047839e+05
5.748361e+04 1.019203e+05 1.049235e+05
5.746825e+04 1.018002e+05 1.050629e+05
5.745281e+04 1.016800e+05 1.052023e+05
5.743730e+04 1.015596e+05 1.053416e+05
5.742171e+04 1.014390e+05 1.054807e+05
5.740605e+04 1.013183e+05 1.056198e+05
5.739031e+04 1.011975e+05 1.057587e+05
5.737450e+04 1.010765e+05 1.058976e+05
5.735861e+04 1.009553e+05 1.060363e+05
5.734265e+04 1.008340e+05 1.061749e+05
5.732662e+04 1.007126e+05 1.063134e+05
5.731051e+04 1.005909e+05 1.064518e+05
5.729432e+04 1.004692e+05 1.065900e+05
5.727806e+04 1.003473e+05 1.067282e+05
5.726173e+04 1.002252e+05 1.068663e+05
5.724532e+04 1.001030e+05 1.070042e+05
5.722883e+04 9.998065e+04 1.071420e+05
5.721227e+04 9.985814e+04 1.072798e+05
5.719564e+04 9.973548e+04 1.074174e+05
5.717893e+04 9.961267e+04 1.075549e+05
5.716215e+04 9.948971e+04 1.076923e+05
5.714529e+04 9.936660e+04 1.078295e+05
5.712836e+04 9.924334e+04 1.079667e+05
5.711135e+04 9.911993e+04 1.081037e+05
5.709427e+04 9.899637e+04 1.082407e+05
5.707711e+04 9.887266e+04 1.083775e+05
5.705988e+04 9.874880e+04 1.085142e+05
5.704257e+04 9.862479e+04 1.086508e+05
5.702519e+04 9.850064e+04 1.087873e+05
5.700773e+04 9.837633e+04 1.089236e+05
5.699020e+04 9.825188e+04 1.090599e+05
5.697260e+04 9.812728e+04 1.091960e+05
5.695492e+04 9.800253e+04 1.093320e+05
5.693716e+04 9.787763e+04 1.094679e+05
5.691933e+04 9.775259e+04 1.096037e+05
5.690143e+04 9.762739e+04 1.097394e+05
5.688345e+04 9.750205e+04 1.098750e+05
5.686540e+04 9.737656e+04 1.100104e+05
5.684727e+04 9.725092e+04 1.101457e+05
5.682907e+04 9.712514e+04 1.102810e+05
5.681079e+04 9.699920e+04 1.104161e+05
5.679244e+04 9.687312e+04 1.105510e+05
5.677401e+04 9.674690e+04 1.106859e+05
5.675551e+04 9.662052e+04 1.108206e+05
5.673693e+04 9.649400e+04 1.109553e+05
5.671828e+04 9.636733e+04 1.110898e+05
5.669956e+04 9.624052e+04 1.112242e+05
5.668076e+04 9.611356e+04 1.113585e+05
5.666188e+04 9.598645e+04 1.114926e+05
5.664294e+04 9.585920e+04 1.116267e+05
5.662391e+04 9.573180e+04 1.117606e+05
5.660482e+04 9.560425e+04 1.118944e+05
5.658564e+04 9.547656e+04 1.120281e+05
5.656640e+04 9.534873e+04 1.121617e+05
5.654708e+04 9.522074e+04 1.122951e+05
5.652768e+04 9.509262e+04 1.124285e+05
5.650821e+04 9.496434e+04 1.125617e+05
5.648867e+04 9.483593e+04 1.126948e+05
5.646905e+04 9.470736e+04 1.128277e+05
5.644935e+04 9.457866e+04 1.129606e+05
5.642959e+04 9.444980e+04 1.130933e+05
5.640974e+04 9.432081e+04 1.132260e+05
5.638983e+04 9.419166e+04 1.133585e+05
5.636984e+04 9.406238e+04 1.134908e+05
5.634977e+04 9.393295e+04 1.136231e+05
5.632963e+04 9.380337e+04 1.137552e+05
5.630942e+04 9.367365e+04 1.138872e+05
5.628913e+04 9.354379e+04 1.140191e+05
5.626877e+04 9.341379e+04 1.141509e+05
5.624833e+04 9.328364e+04 1.142826e+05
5.622782e+04 9.315334e+04 1.144141e+05
5.620723e+04 9.302291e+04 1.145455e+05
5.618657e+04 9.289233e+04 1.146768e+05
5.616584e+04 9.276161e+04 1.148079e+05
5.614503e+04 9.263074e+04 1.149390e+05
5.612415e+04 9.249973e+04 1.150699e+05
5.610319e+04 9.236858e+04 1.152007e+05
5.608216e+04 9.223729e+04 1.153314e+05
5.606105e+04 9.210586e+04 1.154619e+05
5.603987e+04 9.197428e+04 1.155923e+05
5.601862e+04 9.184256e+04 1.157226e+05
5.599729e+04 9.171070e+04 1.158528e+05
5.597589e+04 9.157869e+04 1.159829e+05
5.595441e+04 9.144655e+04 1.161128e+05
5.593286e+04 9.131426e+04 1.162426e+05
5.591123e+04 9.118184e+04 1.163723e+05
5.588954e+04 9.104927e+04 1.165018e+05
5.586776e+04 9.091656e+04 1.166313e+05
5.584592e+04 9.078371e+04 1.167606e+05
5.582399e+04 9.065072e+04 1.168898e+05
5.580200e+04 9.051758e+04 1.170188e+05
5.577993e+04 9.038431e+04 1.171478e+05
5.575779e+04 9.025090e+04 1.172766e+05
5.573557e+04 9.011734e+04 1.174052e+05
5.571328e+04 8.998365e+04 1.175338e+05
5.569091e+04 8.984982e+04 1.176622e+05
5.566847e+04 8.971585e+04 1.177905e+05
5.564596e+04 8.958173e+04 1.179187e+05
5.562337e+04 8.944748e+04 1.180467e+05
5.560071e+04 8.931309e+04 1.181747e+05
5.557797e+04 8.917856e+04 1.183025e+05
5.555516e+04 8.904389e+04 1.184301e+05
5.553228e+04 8.890908e+04 1.185577e+05
5.550932e+04 8.877413e+04 1.186851e+05
5.548629e+04 8.863904e+04 1.188124e+05
5.546319e+04 8.850382e+04 1.189395e+05
5.544001e+04 8.836846e+04 1.190665e+05
5.541676e+04 8.823295e+04 1.191934e+05
5.539343e+04 8.809731e+04 1.193202e+05
5.537003e+04 8.796154e+04 1.194469e+05
5.534655e+04 8.782562e+04 1.195734e+05
5.532301e+04 8.768957e+04 1.196998e+05
5.529938e+04 8.755338e+04 1.198260e+05
5.527569e+04 8.741705e+04 1.199521e+05
5.525192e+04 8.728058e+04 1.200781e+05
5.522808e+04 8.714398e+04 1.202040e+05
5.520416e+04 8.700724e+04 1.203297e+05
5.518017e+04 8.687036e+04 1.204553e+05
5.515611e+04 8.673335e+04 1.205808e+05
5.513197e+04 8.659620e+04 1.207062e+05
5.510776e+04 8.645892e+04 1.208314e+05
5.508347e+04 8.632149e+04 1.209565e+05
5.505912e+04 8.618394e+04 1.210814e+05
5.503468e+04 8.604624e+04 1.212062e+05
5.501018e+04 8.590841e+04 1.213309e+05
5.498560e+04 8.577045e+04 1.214555e+05
5.496095e+04 8.563234e+04 1.215799e+05
5.493622e+04 8.549411e+04 1.217042e+05
5.491142e+04 8.535574e+04 1.218284e+05
5.488655e+04 8.521723e+04 1.219524e+05
5.486160e+04 8.507859e+04 1.220763e+05
5.483658e+04 8.493981e+04 1.222001e+05
5.481149e+04 8.480090e+04 1.223237e+05
5.478632e+04 8.466185e+04 1.224472e+05
5.476108e+04 8.452267e+04 1.225706e+05
5.473577e+04 8.438336e+04 1.226938e+05
5.471038e+04 8.424391e+04 1.228169e+05
5.468492e+04 8.410433e+04 1.229399e+05
5.465938e+04 8.396461e+04 1.230627e+05
5.463378e+04 8.382476e+04 1.231854e+05
5.460810e+04 8.368478e+04 1.233080e+05
5.458234e+04 8.354466e+04 1.234304e+05
5.455652e+04 8.340441e+04 1.235527e+05
5.453062e+04 8.326403e+04 1.236749e+05
5.450464e+04 8.312352e+04 1.237969e+05
5.447860e+04 8.298287e+04 1.239188e+05
5.445248e+04 8.284209e+04 1.240406e+05
5.442628e+04 8.270118e+04 1.241622e+05
5.440002e+04 8.256013e+04 1.242837e+05
5.437368e+04 8.241895e+04 1.244050e+05
5.434727e+04 8.227764e+04 1.245262e+05
5.432078e+04 8.213620e+04 1.246473e+05
5.429422e+04 8.199463e+04 1.247683e+05
5.426759e+04 8.185293e+04 1.248891e+05
5.424089e+04 8.171109e+04 1.250098e+05
5.421411e+04 8.156912e+04 1.251303e+05
5.418726e+04 8.142702e+04 1.252507e+05
5.416034e+04 8.128480e+04 1.253710e+05
5.413334e+04 8.114244e+04 1.254911e+05
5.410627e+04 8.099995e+04 1.256111e+05
5.407913e+04 8.085733e+04 1.257309e+05
5.405191e+04 8.071457e+04 1.258506e+05
5.402462e+04 8.057169e+04 1.259702e+05
5.399726e+04 8.042868e+04 1.260896e+05
5.396983e+04 8.028554e+04 1.262089e+05
5.394232e+04 8.014227e+04 1.263281e+05
5.391474e+04 7.999887e+04 1.264471e+05
5.388709e+04 7.985534e+04 1.265660e+05
5.385937e+04 7.971168e+04 1.266848e+05
5.383157e+04 7.956789e+04 1.268034e+05
5.380370e+04 7.942398e+04 1.269218e+05
5.377576e+04 7.927993e+04 1.270402e+05
5.374774e+04 7.913576e+04 1.271583e+05
5.371965e+04 7.899146e+04 1.272764e+05
5.369149e+04 7.884702e+04 1.273943e+05
5.366326e+04 7.870247e+04 1.275121e+05
5.363495e+04 7.855778e+04 1.276297e+05
5.360657e+04 7.841296e+04 1.277472e+05
5.357812e+04 7.826802e+04 1.278645e+05
5.354960e+04 7.812295e+04 1.279817e+05
5.352100e+04 7.797775e+04 1.280988e+05
5.349233e+04 7.783243e+04 1.282157e+05
5.346359e+04 7.768698e+04 1.283325e+05
5.343478e+04 7.754140e+04 1.284492e+05
5.340589e+04 7.739569e+04 1.285657e+05
5.337693e+04 7.724986e+04 1.286820e+05
5.334790e+04 7.710390e+04 1.287983e+05
5.331880e+04 7.695782e+04 1.289143e+05
5.328963e+04 7.681161e+04 1.290303e+05
5.326038e+04 7.666527e+04 1.291461e+05
5.323106e+04 7.651881e+04 1.292617e+05
5.320167e+04 7.637222e+04 1.293772e+05
5.317220e+04 7.622550e+04 1.294926e+05
5.314267e+04 7.607866e+04 1.296078e+05
5.311306e+04 7.593170e+04 1.297229e+05
5.308338e+04 7.578461e+04 1.298378e+05
5.305362e+04 7.563740e+04 1.299526e+05
5.302380e+04 7.549006e+04 1.300673e+05
5.299390e+04 7.534259e+04 1.301818e+05
5.296393e+04 7.519500e+04 1.302962e+05
5.293389e+04 7.504729e+04 1.304104e+05
5.290378e+04 7.489946e+04 1.305245e+05
5.287359e+04 7.475150e+04 1.306384e+05
5.284333e+04 7.460341e+04 1.307522e+05
5.281300e+04 7.445520e+04 1.308658e+05
5.278260e+04 7.430687e+04 1.309793e+05
5.275213e+04 7.415842e+04 1.310927e+05
5.272158e+04 7.400984e+04 1.312059e+05
5.269097e+04 7.386114e+04 1.313189e+05
5.266028e+04 7.371231e+04 1.314319e+05
5.262952e+04 7.356337e+04 1.315446e+05
5.259869e+04 7.341430e+04 1.316573e+05
5.256778e+04 7.326511e+04 1.317697e+05
5.253681e+04 7.311580e+04 1.318821e+05
5.250576e+04 7.296636e+04 1.319943e+05
5.247464e+04 7.281680e+04 1.321063e+05
5.244345e+04 7.266712e+04 1.322182e+05
5.241219e+04 7.251732e+04 1.323300e+05
5.238085e+04 7.236740e+04 1.324416e+05
5.234945e+04 7.221736e+04 1.325530e+05
5.231797e+04 7.206719e+04 1.326643e+05
5.228642e+04 7.191691e+04 1.327755e+05
5.225480e+04 7.176650e+04 1.328865e+05
5.222311e+04 7.161598e+04 1.329974e+05
5.219135e+04 7.146533e+04 1.331081e+05
5.215951e+04 7.131456e+04 1.332187e+05
5.212761e+04 7.116367e+04 1.333291e+05
5.209563e+04 7.101267e+04 1.334394e+05
5.206358e+04 7.086154e+04 1.335495e+05
5.203146e+04 7.071029e+04 1.336595e+05
5.199927e+04 7.055893e+04 1.337693e+05
5.196701e+04 7.040744e+04 1.338790e+05
5.193467e+04 7.025584e+04 1.339885e+05
5.190227e+04 7.010411e+04 1.340979e+05
5.186979e+04 6.995227e+04 1.342072e+05
5.183724e+04 6.980031e+04 1.343162e+05
5.180463e+04 6.964823e+04 1.344252e+05
5.177194e+04 6.949603e+04 1.345340e+05
5.173918e+04 6.934372e+04 1.346426e+05
5.170634e+04 6.919128e+04 1.347511e+05
5.167344e+04 6.903873e+04 1.348594e+05
5.164047e+04 6.888606e+04 1.349676e+05
5.160742e+04 6.873328e+04 1.350757e+05
5.157431e+04 6.858037e+04 1.351835e+05
5.154112e+04 6.842735e+04 1.352913e+05
5.150786e+04 6.827421e+04 1.353989e+05
5.147453e+04 6.812096e+04 1.355063e+05
5.144114e+04 6.796758e+04 1.356136e+05
5.140767e+04 6.781410e+04 1.357207e+05
5.137412e+04 6.766049e+04 1.358277e+05
5.134051e+04 6.750677e+04 1.359345e+05
5.130683e+04 6.735293e+04 1.360412e+05
5.127308e+04 6.719898e+04 1.361477e+05
5.123925e+04 6.704491e+04 1.362541e+05
5.120536e+04 6.689073e+04 1.363603e+05
5.117139e+04 6.673643e+04 1.364664e+05
5.113736e+04 6.658201e+04 1.365723e+05
5.110325e+04 6.642748e+04 1.366781e+05
5.106908e+04 6.627284e+04 1.367837e+05
5.103483e+04 6.611808e+04 1.368892e+05
5.100051e+04 6.596321e+04 1.369945e+05
5.096612e+04 6.580822e+04 1.370996e+05
5.093167e+04 6.565311e+04 1.372046e+05
5.089714e+04 6.549790e+04 1.373095e+05
5.086254e+04 6.534257e+04 1.374142e+05
5.082787e+04 6.518712e+04 1.375187e+05
5.079313e+04 6.503157e+04 1.376231e+05
5.075832e+04 6.487589e+04 1.377273e+05
5.072344e+04 6.472011e+04 1.378314e+05
5.068849e+04 6.456421e+04 1.379353e+05
5.065347e+04 6.440820e+04 1.380391e+05
5.061838e+04 6.425208e+04 1.381427e+05
5.058321e+04 6.409584e+04 1.382462e+05
5.054798e+04 6.393950e+04 1.383495e+05
5.051268e+04 6.378304e+04 1.384526e+05
5.047731e+04 6.362646e+04 1.385556e+05
5.044187e+04 6.346978e+04 1.386584e+05
5.040636e+04 6.331298e+04 1.387611e+05
5.037078e+04 6.315608e+04 1.388637e+05
5.033513e+04 6.299906e+04 1.389660e+05
5.029941e+04 6.284193e+04 1.390682e+05
5.026361e+04 6.268469e+04 1.391703e+05
5.022775e+04 6.252734e+04 1.392722e+05
5.019182e+04 6.236987e+04 1.393740e+05
5.015582e+04 6.221230e+04 1.394756e+05
5.011975e+04 6.205462e+04 1.395770e+05
5.008361e+04 6.189682e+04 1.396783e+05
5.004740e+04 6.173892e+04 1.397794e+05
5.001112e+04 6.158091e+04 1.398804e+05
4.997478e+04 6.142278e+04 1.399812e+05
4.993836e+04 6.126455e+04 1.400818e+05
4.990187e+04 6.110621e+04 1.401823e+05
4.986531e+04 6.094776e+04 1.402827e+05
4.982869e+04 6.078920e+04 1.403828e+05
4.979199e+04 6.063053e+04 1.404829e+05
4.975522e+04 6.047175e+04 1.405827e+05
4.971839e+04 6.031287e+04 1.406824e+05
4.968149e+04 6.015387e+04 1.407820e+05
4.964451e+04 5.999477e+04 1.408814e+05
4.960747e+04 5.983556e+04 1.409806e+05
4.957036e+04 5.967624e+04 1.410797e+05
4.953317e+04 5.951681e+04 1.411786e+05
4.949592e+04 5.935728e+04 1.412773e+05
4.945860e+04 5.919764e+04 1.413759e+05
4.942121e+04 5.903789e+04 1.414744e+05
4.938376e+04 5.887804e+04 1.415726e+05
4.934623e+04 5.871807e+04 1.416707e+05
4.930863e+04 5.855801e+04 1.417687e+05
4.927097e+04 5.839783e+04 1.418665e+05
4.923323e+04 5.823755e+04 1.419641e+05
4.919543e+04 5.807716e+04 1.420616e+05
4.915756e+04 5.791667e+04 1.421589e+05
4.911962e+04 5.775607e+04 1.422561e+05
4.908161e+04 5.759536e+04 1.423531e+05
4.904353e+04 5.743455e+04 1.424499e+05
4.900538e+04 5.727364e+04 1.425466e+05
4.896716e+04 5.711262e+04 1.426431e+05
4.892888e+04 5.695149e+04 1.427395e+05
4.889053e+04 5.679026e+04 1.428357e+05
4.885210e+04 5.662893e+04 1.429317e+05
4.881361e+04 5.646749e+04 1.430276e+05
4.877505e+04 5.630595e+04 1.431233e+05
4.873642e+04 5.614430e+04 1.432188e+05
4.869773e+04 5.598255e+04 1.433142e+05
4.865896e+04 5.582069e+04 1.434094e+05
4.862013e+04 5.565873e+04 1.435045e+05
4.858123e+04 5.549667e+04 1.435994e+05
4.854226e+04 5.533451e+04 1.436941e+05
4.850322e+04 5.517224e+04 1.437887e+05
4.846411e+04 5.500987e+04 1.438831e+05
4.842494e+04 5.484739e+04 1.439774e+05
4.838569e+04 5.468482e+04 1.440715e+05
4.834638e+04 5.452214e+04 1.441654e+05
4.830700e+04 5.435936e+04 1.442592e+05
4.826755e+04 5.419648e+04 1.443528e+05
4.822804e+04 5.403349e+04 1.444462e+05
4.818845e+04 5.387041e+04 1.445395e+05
4.814880e+04 5.370722e+04 1.446326e+05
4.810908e+04 5.354393e+04 1.447255e+05
4.806929e+04 5.338054e+04 1.448183e+05
4.802943e+04 5.321705e+04 1.449109e+05
4.798951e+04 5.305346e+04 1.450034e+05
4.794952e+04 5.288977e+04 1.450957e+05
4.790946e+04 5.272597e+04 1.451878e+05
4.786933e+04 5.256208e+04 1.452798e+05
4.782914e+04 5.239809e+04 1.453716e+05
4.778887e+04 5.223399e+04 1.454632e+05
4.774854e+04 5.206980e+04 1.455547e+05
4.770814e+04 5.190551e+04 1.456460e+05
4.766768e+04 5.174112e+04 1.457371e+05
4.762714e+04 5.157663e+04 1.458281e+05
4.758654e+04 5.141204e+04 1.459189e+05
4.754587e+04 5.124735e+04 1.460095e+05
4.750514e+04 5.108256e+04 1.461000e+05
4.746433e+04 5.091768e+04 1.461903e+05
4.742346e+04 5.075269e+04 1.462805e+05
4.738252e+04 5.058761e+04 1.463704e+05
4.734152e+04 5.042243e+04 1.464603e+05
4.730044e+04 5.025715e+04 1.465499e+05
4.725930e+04 5.009178e+04 1.466394e+05
4.721809e+04 4.992630e+04 1.467287e+05
4.717682e+04 4.976073e+04 1.468178e+05
4.713548e+04 4.959507e+04 1.469068e+05
4.709407e+04 4.942930e+04 1.469956e+05
4.705259e+04 4.926344e+04 1.470843e+05
4.701105e+04 4.909748e+04 1.471728e+05
4.696944e+04 4.893143e+04 1.472611e+05
4.692776e+04 4.876528e+04 1.473492e+05
4.688602e+04 4.859903e+04 1.474372e+05
4.684420e+04 4.843269e+04 1.475250e+05
4.680233e+04 4.826625e+04 1.476127e+05
4.676038e+04 4.809972e+04 1.477001e+05
4.671837e+04 4.793309e+04 1.477875e+05
4.667629e+04 4.776637e+04 1.478746e+05
4.663414e+04 4.759955e+04 1.479616e+05
4.659193e+04 4.743263e+04 1.480484e+05
4.654965e+04 4.726563e+04 1.481350e+05
4.650731e+04 4.709852e+04 1.482215e+05
4.646490e+04 4.693133e+04 1.483078e+05
4.642242e+04 4.676404e+04 1.483939e+05
4.637987e+04 4.659665e+04 1.484799e+05
4.633726e+04 4.642917e+04 1.485657e+05
4.629458e+04 4.626160e+04 1.486513e+05
4.625184e+04 4.609393e+04 1.487367e+05
4.620903e+04 4.592617e+04 1.488220e+05
4.616615e+04 4.575832e+04 1.489071e+05
4.612321e+04 4.559038e+04 1.489921e+05
4.608020e+04 4.542234e+04 1.490769e+05
4.603712e+04 4.525421e+04 1.491615e+05
4.599398e+04 4.508599e+04 1.492459e+05
4.595077e+04 4.491767e+04 1.493302e+05
4.590750e+04 4.474927e+04 1.494143e+05
4.586416e+04 4.458077e+04 1.494982e+05
4.582075e+04 4.441218e+04 1.495820e+05
4.577728e+04 4.424350e+04 1.496655e+05
4.573374e+04 4.407473e+04 1.497490e+05
4.569014e+04 4.390586e+04 1.498322e+05
4.564647e+04 4.373691e+04 1.499153e+05
4.560273e+04 4.356786e+04 1.499982e+05
4.555893e+04 4.339873e+04 1.500809e+05
4.551507e+04 4.322950e+04 1.501635e+05
4.547113e+04 4.306019e+04 1.502459e+05
4.542713e+04 4.289078e+04 1.503281e+05
4.538307e+04 4.272128e+04 1.504101e+05
4.533894e+04 4.255170e+04 1.504920e+05
4.529474e+04 4.238202e+04 1.505737e+05
4.525048e+04 4.221226e+04 1.506552e+05
4.520616e+04 4.204240e+04 1.507366e+05
4.516177e+04 4.187246e+04 1.508178e+05
4.511731e+04 4.170243e+04 1.508988e+05
4.507279e+04 4.153231e+04 1.509797e+05
4.502820e+04 4.136210e+04 1.510603e+05
4.498355e+04 4.119181e+04 1.511408e+05
4.493883e+04 4.102142e+04 1.512212e+05
4.489404e+04 4.085095e+04 1.513013e+05
4.484919e+04 4.068039e+04 1.513813e+05
4.480428e+04 4.050974e+04 1.514611e+05
4.475930e+04 4.033901e+04 1.515407e+05
4.471426e+04 4.016818e+04 1.516202e+05
4.466915e+04 3.999727e+04 1.516995e+05
4.462397e+04 3.982628e+04 1.517786e+05
4.457874e+04 3.965520e+04 1.518575e+05
4.453343e+04 3.948403e+04 1.519363e+05
4.448806e+04 3.931277e+04 1.520149e+05
4.444263e+04 3.914143e+04 1.520933e+05
4.439713e+04 3.897000e+04 1.521716e+05
4.435157e+04 3.879849e+04 1.522496e+05
4.430594e+04 3.862689e+04 1.523275e+05
4.426025e+04 3.845521e+04 1.524053e+05
4.421449e+04 3.828344e+04 1.524828e+05
4.416867e+04 3.811159e+04 1.525602e+05
4.412279e+04 3.793965e+04 1.526374e+05
4.407683e+04 3.776763e+04 1.527144e+05
4.403082e+04 3.759552e+04 1.527913e+05
4.398474e+04 3.742333e+04 1.528679e+05
4.393860e+04 3.725105e+04 1.529444e+05
4.389239e+04 3.707869e+04 1.530208e+05
4.384612e+04 3.690625e+04 1.530969e+05
4.379978e+04 3.673372e+04 1.531729e+05
4.375338e+04 3.656111e+04 1.532487e+05
4.370692e+04 3.638841e+04 1.533243e+05
4.366039e+04 3.621564e+04 1.533998e+05
4.361379e+04 3.604278e+04 1.534750e+05
4.356714e+04 3.586984e+04 1.535501e+05
4.352042e+04 3.569681e+04 1.536251e+05
4.347363e+04 3.552370e+04 1.536998e+05
4.342678e+04 3.535052e+04 1.537744e+05
4.337987e+04 3.517724e+04 1.538488e+05
4.333289e+04 3.500389e+04 1.539230e+05
4.328585e+04 3.483046e+04 1.539970e+05
4.323875e+04 3.465694e+04 1.540709e+05
4.319158e+04 3.448335e+04 1.541446e+05
4.314435e+04 3.430967e+04 1.542181e+05
4.309705e+04 3.413591e+04 1.542914e+05
4.304969e+04 3.396207e+04 1.543646e+05
4.300227e+04 3.378815e+04 1.544375e+05
4.295479e+04 3.361415e+04 1.545104e+05
4.290724e+04 3.344007e+04 1.545830e+05
4.285963e+04 3.326591e+04 1.546554e+05
4.281195e+04 3.309167e+04 1.547277e+05
4.276421e+04 3.291735e+04 1.547998e+05
4.271641e+04 3.274295e+04 1.548717e+05
4.266854e+04 3.256847e+04 1.549434e+05
4.262061e+04 3.239392e+04 1.550150e+05
4.257262e+04 3.221928e+04 1.550864e+05
4.252457e+04 3.204457e+04 1.551576e+05
4.247645e+04 3.186977e+04 1.552286e+05
4.242827e+04 3.169490e+04 1.552994e+05
4.238002e+04 3.151995e+04 1.553701e+05
4.233171e+04 3.134493e+04 1.554406e+05
4.228334e+04 3.116982e+04 1.555109e+05
4.223491e+04 3.099464e+04 1.555810e+05
4.218641e+04 3.081938e+04 1.556510e+05
4.213786e+04 3.064404e+04 1.557208e+05
4.208923e+04 3.046863e+04 1.557904e+05
4.204055e+04 3.029314e+04 1.558598e+05
4.199180e+04 3.011757e+04 1.559290e+05
4.194299e+04 2.994193e+04 1.559981e+05
4.189412e+04 2.976621e+04 1.560670e+05
4.184519e+04 2.959041e+04 1.561357e+05
4.179619e+04 2.941454e+04 1.562042e+05
4.174713e+04 2.923859e+04 1.562725e+05
4.169801e+04 2.906256e+04 1.563407e+05
4.164883e+04 2.888647e+04 1.564086e+05
4.159958e+04 2.871029e+04 1.564764e+05
4.155027e+04 2.853404e+04 1.565441e+05
4.150090e+04 2.835772e+04 1.566115e+05
4.145147e+04 2.818132e+04 1.566788e+05
4.140197e+04 2.800485e+04 1.567458e+05
4.135242e+04 2.782830e+04 1.568127e+05
4.130280e+04 2.765168e+04 1.568795e+05
4.125311e+04 2.747498e+04 1.569460e+05
4.120337e+04 2.729821e+04 1.570124e+05
4.115357e+04 2.712137e+04 1.570785e+05
4.110370e+04 2.694445e+04 1.571445e+05
4.105377e+04 2.676747e+04 1.572103e+05
4.100378e+04 2.659040e+04 1.572760e+05
4.095373e+04 2.641327e+04 1.573414e+05
4.090361e+04 2.623606e+04 1.574067e+05
4.085344e+04 2.605878e+04 1.574718e+05
4.080320e+04 2.588143e+04 1.575367e+05
4.075290e+04 2.570400e+04 1.576014e+05
4.070254e+04 2.552651e+04 1.576659e+05
4.065212e+04 2.534894e+04 1.577303e+05
4.060164e+04 2.517130e+04 1.577945e+05
4.055109e+04 2.499359e+04 1.578585e+05
4.050049e+04 2.481581e+04 1.579223e+05
4.044982e+04 2.463795e+04 1.579859e+05
4.039909e+04 2.446003e+04 1.580494e+05
4.034830e+04 2.428203e+04 1.581127e+05
4.029745e+04 2.410397e+04 1.581757e+05
4.024654e+04 2.392583e+04 1.582386e+05
4.019557e+04 2.374763e+04 1.583014e+05
4.014453e+04 2.356935e+04 1.583639e+05
4.009344e+04 2.339101e+04 1.584263e+05
4.004228e+04 2.321259e+04 1.584884e+05
3.999106e+04 2.303411e+04 1.585504e+05
3.993979e+04 2.285556e+04 1.586122e+05
3.988845e+04 2.267694e+04 1.586739e+05
3.983705e+04 2.249824e+04 1.587353e+05
3.978559e+04 2.231949e+04 1.587966e+05
3.973407e+04 2.214066e+04 1.588576e+05
3.968249e+04 2.196176e+04 1.589185e+05
3.963085e+04 2.178280e+04 1.589792e+05
3.957914e+04 2.160377e+04 1.590397e+05
3.952738e+04 2.142467e+04 1.591001e+05
3.947556e+04 2.124550e+04 1.591602e+05
3.942367e+04 2.106626e+04 1.592202e+05
3.937173e+04 2.088696e+04 1.592800e+05
3.931973e+04 2.070759e+04 1.593396e+05
3.926766e+04 2.052816e+04 1.593990e+05
3.921554e+04 2.034866e+04 1.594583e+05
3.916335e+04 2.016909e+04 1.595173e+05
3.911111e+04 1.998945e+04 1.595762e+05
3.905880e+04 1.980975e+04 1.596348e+05
3.900644e+04 1.962999e+04 1.596933e+05
3.895401e+04 1.945016e+04 1.597517e+05
3.890153e+04 1.927026e+04 1.598098e+05
3.884898e+04 1.909030e+04 1.598677e+05
3.879638e+04 1.891027e+04 1.599255e+05
3.874371e+04 1.873018e+04 1.599831e+05
3.869099e+04 1.855002e+04 1.600404e+05
3.863820e+04 1.836980e+04 1.600976e+05
3.858536e+04 1.818951e+04 1.601547e+05
3.853246e+04 1.800916e+04 1.602115e+05
3.847950e+04 1.782874e+04 1.602681e+05
3.842647e+04 1.764827e+04 1.603246e+05
3.837339e+04 1.746772e+04 1.603809e+05
3.832025e+04 1.728712e+04 1.604370e+05
3.826705e+04 1.710645e+04 1.604929e+05
3.821379e+04 1.692572e+04 1.605486e+05
3.816047e+04 1.674492e+04 1.606041e+05
3.810709e+04 1.656406e+04 1.606594e+05
3.805365e+04 1.638314e+04 1.607146e+05
3.800016e+04 1.620216e+04 1.607696e+05
3.794660e+04 1.602112e+04 1.608244e+05
3.789299e+04 1.584001e+04 1.608790e+05
3.783931e+04 1.565884e+04 1.609334e+05
3.778558e+04 1.547761e+04 1.609876e+05
3.773179e+04 1.529632e+04 1.610416e+05
3.767794e+04 1.511497e+04 1.610955e+05
3.762403e+04 1.493355e+04 1.611492e+05
3.757006e+04 1.475208e+04 1.612026e+05
3.751603e+04 1.457054e+04 1.612559e+05
3.746195e+04 1.438895e+04 1.613090e+05
3.740780e+04 1.420729e+04 1.613620e+05
3.735360e+04 1.402558e+04 1.614147e+05
3.729934e+04 1.384380e+04 1.614672e+05
3.724502e+04 1.366196e+04 1.615196e+05
3.719064e+04 1.348007e+04 1.615717e+05
3.713620e+04 1.329811e+04 1.616237e+05
3.708171e+04 1.311610e+04 1.616755e+05
3.702716e+04 1.293402e+04 1.617271e+05
3.697254e+04 1.275189e+04 1.617785e+05
3.691787e+04 1.256970e+04 1.618298e+05
3.686315e+04 1.238745e+04 1.618808e+05
3.680836e+04 1.220514e+04 1.619317e+05
3.675352e+04 1.202278e+04 1.619823e+05
3.669861e+04 1.184036e+04 1.620328e+05
3.664365e+04 1.165787e+04 1.620831e+05
3.658864e+04 1.147533e+04 1.621332e+05
3.653356e+04 1.129274e+04 1.621831e+05
3.647843e+04 1.111008e+04 1.622328e+05
3.642324e+04 1.092737e+04 1.622824e+05
3.636799e+04 1.074461e+04 1.623317e+05
3.631268e+04 1.056178e+04 1.623809e+05
3.625732e+04 1.037890e+04 1.624298e+05
3.620189e+04 1.019597e+04 1.624786e+05
3.614641e+04 1.001297e+04 1.625272e+05
3.609088e+04 9.829924e+03 1.625756e+05
3.603528e+04 9.646819e+03 1.626238e+05
3.597963e+04 9.463659e+03 1.626719e+05
3.592392e+04 9.280444e+03 1.627197e+05
3.586815e+04 9.097173e+03 1.627673e+05
3.581233e+04 8.913848e+03 1.628148e+05
3.575645e+04 8.730467e+03 1.628621e+05
3.570051e+04 8.547032e+03 1.629091e+05
3.564452e+04 8.363543e+03 1.629560e+05
3.558846e+04 8.179999e+03 1.630027e+05
3.553236e+04 7.996402e+03 1.630492e+05
3.547619e+04 7.812750e+03 1.630956e+05
3.541997e+04 7.629045e+03 1.631417e+05
3.536369e+04 7.445286e+03 1.631876e+05
3.530735e+04 7.261474e+03 1.632334e+05
3.525096e+04 7.077609e+03 1.632789e+05
3.519451e+04 6.893690e+03 1.633243e+05
3.513800e+04 6.709719e+03 1.633695e+05
3.508144e+04 6.525696e+03 1.634145e+05
3.502482e+04 6.341620e+03 1.634593e+05
3.496814e+04 6.157492e+03 1.635039e+05
3.491141e+04 5.973311e+03 1.635483e+05
3.485462e+04 5.789079e+03 1.635925e+05
3.479777e+04 5.604796e+03 1.636365e+05
3.474087e+04 5.420460e+03 1.636804e+05
3.468391e+04 5.236074e+03 1.637240e+05
3.462690e+04 5.051636e+03 1.637675e+05
3.456982e+04 4.867148e+03 1.638108e+05
3.451270e+04 4.682608e+03 1.638538e+05
3.445551e+04 4.498018e+03 1.638967e+05
3.439828e+04 4.313378e+03 1.639394e+05
3.434098e+04 4.128688e+03 1.639819e+05
3.428363e+04 3.943947e+03 1.640242e+05
3.422622e+04 3.759157e+03 1.640664e+05
3.416876e+04 3.574317e+03 1.641083e+05
3.411124e+04 3.389428e+03 1.641500e+05
3.405367e+04 3.204489e+03 1.641916e+05
3.399604e+04 3.019501e+03 1.642329e+05
3.393835e+04 2.834465e+03 1.642741e+05
3.388061e+04 2.649380e+03 1.643151e+05
3.382282e+04 2.464246e+03 1.643559e+05
3.376496e+04 2.279063e+03 1.643965e+05
3.370706e+04 2.093833e+03 1.644369e+05
3.364909e+04 1.908555e+03 1.644771e+05
3.359107e+04 1.723229e+03 1.645171e+05
3.353300e+04 1.537855e+03 1.645569e+05
3.347487e+04 1.352434e+03 1.645965e+05
3.341669e+04 1.166965e+03 1.646360e+05
3.335845e+04 9.814497e+02 1.646752e+05
3.330016e+04 7.958873e+02 1.647143e+05
3.324181e+04 6.102782e+02 1.647531e+05
3.318340e+04 4.246227e+02 1.647918e+05
3.312494e+04 2.389208e+02 1.648302e+05
3.306643e+04 5.317273e+01 1.648685e+05
3.300786e+04 -1.326213e+02 1.649066e+05
3.294924e+04 -3.184610e+02 1.649445e+05
3.289056e+04 -5.043463e+02 1.649822e+05
3.283183e+04 -6.902771e+02 1.650197e+05
3.277304e+04 -8.762531e+02 1.650570e+05
3.271420e+04 -1.062274e+03 1.650942e+05
3.265530e+04 -1.248340e+03 1.651311e+05
3.259635e+04 -1.434450e+03 1.651678e+05
3.253734e+04 -1.620605e+03 1.652044e+05
3.247829e+04 -1.806805e+03 1.652407e+05
3.241917e+04 -1.993048e+03 1.652769e+05
3.236000e+04 -2.179335e+03 1.653128e+05
3.230078e+04 -2.365667e+03 1.653486e+05
3.224150e+04 -2.552041e+03 1.653842e+05
3.218217e+04 -2.738459e+03 1.654196e+05
3.212279e+04 -2.924920e+03 1.654547e+05
3.206335e+04 -3.111425e+03 1.654897e+05
3.200385e+04 -3.297972e+03 1.655245e+05
3.194431e+04 -3.484561e+03 1.655591e+05
3.188471e+04 -3.671193e+03 1.655935e+05
3.182505e+04 -3.857868e+03 1.656278e+05
3.176534e+04 -4.044584e+03 1.656618e+05
3.170558e+04 -4.231343e+03 1.656956e+05
3.164577e+04 -4.418143e+03 1.657293e+05
3.158590e+04 -4.604985e+03 1.657627e+05
3.152597e+04 -4.791868e+03 1.657959e+05
3.146600e+04 -4.978792e+03 1.658290e+05
3.140597e+04 -5.165757e+03 1.658618e+05
3.134588e+04 -5.352763e+03 1.658945e+05
3.128575e+04 -5.539810e+03 1.659270e+05
3.122556e+04 -5.726897e+03 1.659592e+05
3.116531e+04 -5.914024e+03 1.659913e+05
3.110502e+04 -6.101191e+03 1.660232e+05
3.104467e+04 -6.288399e+03 1.660549e+05
3.098427e+04 -6.475646e+03 1.660864e+05
3.092381e+04 -6.662932e+03 1.661177e+05
3.086330e+04 -6.850258e+03 1.661488e+05
3.080274e+04 -7.037623e+03 1.661797e+05
3.074212e+04 -7.225027e+03 1.662104e+05
3.068146e+04 -7.412469e+03 1.662409e+05
3.062074e+04 -7.599951e+03 1.662712e+05
3.055996e+04 -7.787470e+03 1.663014e+05
3.049914e+04 -7.975028e+03 1.663313e+05
3.043826e+04 -8.162624e+03 1.663610e+05
3.037733e+04 -8.350258e+03 1.663906e+05
3.031635e+04 -8.537930e+03 1.664199e+05
3.025531e+04 -8.725639e+03 1.664491e+05
3.019422e+04 -8.913385e+03 1.664780e+05
3.013308e+04 -9.101169e+03 1.665068e+05
3.007189e+04 -9.288989e+03 1.665353e+05
3.001064e+04 -9.476846e+03 1.665637e+05
2.994934e+04 -9.664740e+03 1.665919e+05
2.988799e+04 -9.852670e+03 1.666198e+05
2.982659e+04 -1.004064e+04 1.666476e+05
2.976514e+04 -1.022864e+04 1.666752e+05
2.970363e+04 -1.041668e+04 1.667026e+05
2.964207e+04 -1.060475e+04 1.667298e+05
2.958046e+04 -1.079286e+04 1.667567e+05
2.951880e+04 -1.098101e+04 1.667835e+05
2.945709e+04 -1.116918e+04 1.668101e+05
2.939532e+04 -1.135740e+04 1.668365e+05
2.933351e+04 -1.154565e+04 1.668627e+05
2.927164e+04 -1.173393e+04 1.668888e+05
2.920972e+04 -1.192225e+04 1.669146e+05
2.914775e+04 -1.211060e+04 1.669402e+05
2.908572e+04 -1.229899e+04 1.669656e+05
2.902365e+04 -1.248741e+04 1.669908e+05
2.896152e+04 -1.267587e+04 1.670158e+05
2.889934e+04 -1.286435e+04 1.670407e+05
2.883711e+04 -1.305287e+04 1.670653e+05
2.877483e+04 -1.324143e+04 1.670897e+05
2.871250e+04 -1.343001e+04 1.671140e+05
2.865012e+04 -1.361863e+04 1.671380e+05
2.858769e+04 -1.380729e+04 1.671619e+05
2.852520e+04 -1.399597e+04 1.671855e+05
2.846267e+04 -1.418469e+04 1.672090e+05
2.840008e+04 -1.437344e+04 1.672322e+05
2.833744e+04 -1.456222e+04 1.672553e+05
2.827475e+04 -1.475103e+04 1.672781e+05
2.821202e+04 -1.493987e+04 1.673008e+05
2.814923e+04 -1.512875e+04 1.673232e+05
2.808639e+04 -1.531765e+04 1.673455e+05
2.802350e+04 -1.550659e+04 1.673676e+05
2.796055e+04 -1.569556e+04 1.673894e+05
2.789756e+04 -1.588456e+04 1.674111e+05
2.783452e+04 -1.607358e+04 1.674326e+05
2.777143e+04 -1.626264e+04 1.674538e+05
2.770828e+04 -1.645173e+04 1.674749e+05
2.764509e+04 -1.664085e+04 1.674958e+05
2.758185e+04 -1.683000e+04 1.675165e+05
2.751855e+04 -1.701918e+04 1.675369e+05
2.745521e+04 -1.720838e+04 1.675572e+05
2.739181e+04 -1.739762e+04 1.675773e+05
2.732837e+04 -1.758688e+04 1.675972e+05
2.726488e+04 -1.777618e+04 1.676169e+05
2.720133e+04 -1.796550e+04 1.676364e+05
2.713774e+04 -1.815485e+04 1.676557e+05
2.707409e+04 -1.834423e+04 1.676748e+05
2.701040e+04 -1.853363e+04 1.676937e+05
2.694666e+04 -1.872307e+04 1.677124e+05
2.688286e+04 -1.891253e+04 1.677308e+05
2.681902e+04 -1.910202e+04 1.677491e+05
2.675513e+04 -1.929154e+04 1.677672e+05
2.669119e+04 -1.948108e+04 1.677851e+05
2.662720e+04 -1.967065e+04 1.678028e+05
2.656316e+04 -1.986025e+04 1.678204e+05
2.649907e+04 -2.004987e+04 1.678377e+05
2.643493e+04 -2.023952e+04 1.678548e+05
2.637074e+04 -2.042920e+04 1.678717e+05
2.630650e+04 -2.061890e+04 1.678884e+05
2.624222e+04 -2.080863e+04 1.679049e+05
2.617788e+04 -2.099838e+04 1.679212e+05
2.611350e+04 -2.118816e+04 1.679373e+05
2.604906e+04 -2.137796e+04 1.679532e+05
2.598458e+04 -2.156779e+04 1.679689e+05
2.592005e+04 -2.175765e+04 1.679844e+05
2.585547e+04 -2.194753e+04 1.679997e+05
2.579084e+04 -2.213743e+04 1.680149e+05
2.572616e+04 -2.232736e+04 1.680298e+05
2.566144e+04 -2.251731e+04 1.680445e+05
2.559666e+04 -2.270728e+04 1.680590e+05
2.553184e+04 -2.289728e+04 1.680733e+05
2.546697e+04 -2.308731e+04 1.680874e+05
2.540205e+04 -2.327735e+04 1.681013e+05
2.533708e+04 -2.346742e+04 1.681151e+05
2.527206e+04 -2.365752e+04 1.681286e+05
2.520699e+04 -2.384763e+04 1.681419e+05
2.514188e+04 -2.403777e+04 1.681550e+05
2.507672e+04 -2.422793e+04 1.681679e+05
2.501151e+04 -2.441812e+04 1.681806e+05
2.494625e+04 -2.460832e+04 1.681931e+05
2.488095e+04 -2.479855e+04 1.682055e+05
2.481559e+04 -2.498880e+04 1.682176e+05
2.475019e+04 -2.517907e+04 1.682295e+05
2.468474e+04 -2.536936e+04 1.682412e+05
2.461924e+04 -2.555968e+04 1.682527e+05
2.455370e+04 -2.575001e+04 1.682640e+05
2.448811e+04 -2.594037e+04 1.682751e+05
2.442247e+04 -2.613074e+04 1.682861e+05
2.435678e+04 -2.632114e+04 1.682968e+05
2.429104e+04 -2.651156e+04 1.683073e+05
2.422526e+04 -2.670199e+04 1.683176e+05
2.415943e+04 -2.689245e+04 1.683277e+05
2.409355e+04 -2.708293e+04 1.683376e+05
2.402763e+04 -2.727342e+04 1.683473e+05
2.396165e+04 -2.746394e+04 1.683568e+05
2.389564e+04 -2.765447e+04 1.683661e+05
2.382957e+04 -2.784503e+04 1.683752e+05
2.376346e+04 -2.803560e+04 1.683842e+05
2.369729e+04 -2.822619e+04 1.683929e+05
2.363109e+04 -2.841680e+04 1.684014e+05
2.356483e+04 -2.860743e+04 1.684097e+05
2.349853e+04 -2.879808e+04 1.684178e+05
2.343218e+04 -2.898875e+04 1.684257e+05
2.336579e+04 -2.917943e+04 1.684334e+05
2.329935e+04 -2.937013e+04 1.684409e+05
2.323286e+04 -2.956085e+04 1.684482e+05
2.316632e+04 -2.975158e+04 1.684553e+05
2.309974e+04 -2.994233e+04 1.684622e+05
2.303311e+04 -3.013310e+04 1.684688e+05
2.296644e+04 -3.032389e+04 1.684753e+05
2.289972e+04 -3.051469e+04 1.684816e+05
2.283295e+04 -3.070551e+04 1.684877e+05
2.276614e+04 -3.089634e+04 1.684936e+05
2.269928e+04 -3.108719e+04 1.684993e+05
2.263237e+04 -3.127806e+04 1.685048e+05
2.256542e+04 -3.146894e+04 1.685101e+05
2.249842e+04 -3.165984e+04 1.685151e+05
2.243138e+04 -3.185075e+04 1.685200e+05
2.236429e+04 -3.204168e+04 1.685247e+05
2.229716e+04 -3.223262e+04 1.685292e+05
2.222997e+04 -3.242358e+04 1.685334e+05
2.216275e+04 -3.261455e+04 1.685375e+05
2.209547e+04 -3.280554e+04 1.685414e+05
2.202816e+04 -3.299654e+04 1.685451e+05
2.196079e+04 -3.318755e+04 1.685485e+05
2.189338e+04 -3.337858e+04 1.685518e+05
2.182593e+04 -3.356962e+04 1.685548e+05
2.175843e+04 -3.376068e+04 1.685577e+05
2.169088e+04 -3.395175e+04 1.685604e+05
2.162329e+04 -3.414283e+04 1.685628e+05
2.155565e+04 -3.433393e+04 1.685651e+05
2.148797e+04 -3.452503e+04 1.685671e+05
2.142024e+04 -3.471615e+04 1.685690e+05
2.135247e+04 -3.490729e+04 1.685706e+05
2.128465e+04 -3.509843e+04 1.685721e+05
2.121679e+04 -3.528959e+04 1.685733e+05
2.114889e+04 -3.548075e+04 1.685743e+05
2.108093e+04 -3.567193e+04 1.685752e+05
2.101294e+04 -3.586313e+04 1.685758e+05
2.094489e+04 -3.605433e+04 1.685762e+05
2.087681e+04 -3.624554e+04 1.685765e+05
2.080868e+04 -3.643677e+04 1.685765e+05
2.074050e+04 -3.662800e+04 1.685763e+05
2.067228e+04 -3.681925e+04 1.685759e+05
2.060402e+04 -3.701051e+04 1.685754e+05
2.053571e+04 -3.720177e+04 1.685746e+05
2.046735e+04 -3.739305e+04 1.685736e+05
2.039896e+04 -3.758434e+04 1.685724e+05
2.033051e+04 -3.777563e+04 1.685710e+05
2.026203e+04 -3.796694e+04 1.685694e+05
2.019350e+04 -3.815825e+04 1.685676e+05
2.012492e+04 -3.834958e+04 1.685656e+05
2.005630e+04 -3.854091e+04 1.685634e+05
1.998764e+04 -3.873225e+04 1.685610e+05
1.991894e+04 -3.892360e+04 1.685584e+05
1.985018e+04 -3.911496e+04 1.685555e+05
1.978139e+04 -3.930633e+04 1.685525e+05
1.971255e+04 -3.949770e+04 1.685493e+05
1.964367e+04 -3.968909e+04 1.685459e+05
1.957474e+04 -3.988048e+04 1.685422e+05
1.950578e+04 -4.007187e+04 1.685384e+05
1.943676e+04 -4.026328e+04 1.685344e+05
1.936771e+04 -4.045469e+04 1.685301e+05
1.929861e+04 -4.064611e+04 1.685257e+05
1.922946e+04 -4.083754e+04 1.685210e+05
1.916028e+04 -4.102897e+04 1.685162e+05
1.909105e+04 -4.122041e+04 1.685111e+05
1.902178e+04 -4.141186e+04 1.685059e+05
1.895246e+04 -4.160331e+04 1.685004e+05
1.888310e+04 -4.179477e+04 1.684948e+05
1.881370e+04 -4.198623e+04 1.684889e+05
1.874425e+04 -4.217770e+04 1.684828e+05
1.867477e+04 -4.236917e+04 1.684765e+05
1.860523e+04 -4.256065e+04 1.684701e+05
1.853566e+04 -4.275213e+04 1.684634e+05
1.846604e+04 -4.294362e+04 1.684565e+05
1.839638e+04 -4.313512e+04 1.684494e+05
1.832668e+04 -4.332662e+04 1.684421e+05
1.825694e+04 -4.351812e+04 1.684346e+05
1.818715e+04 -4.370962e+04 1.684269e+05
1.811732e+04 -4.390113e+04 1.684190e+05
1.804745e+04 -4.409265e+04 1.684109e+05
1.797753e+04 -4.428417e+04 1.684026e+05
1.790758e+04 -4.447569e+04 1.683940e+05
1.783758e+04 -4.466721e+04 1.683853e+05
1.776754e+04 -4.485874e+04 1.683764e+05
1.769745e+04 -4.505027e+04 1.683672e+05
1.762733e+04 -4.524180e+04 1.683579e+05
1.755716e+04 -4.543334e+04 1.683484e+05
1.748695e+04 -4.562487e+04 1.683386e+05
1.741670e+04 -4.581641e+04 1.683287e+05
1.734641e+04 -4.600795e+04 1.683185e+05
1.727607e+04 -4.619950e+04 1.683082e+05
1.720570e+04 -4.639104e+04 1.682976e+05
1.713528e+04 -4.658259e+04 1.682868e+05
1.706482e+04 -4.677413e+04 1.682758e+05
1.699431e+04 -4.696568e+04 1.682647e+05
1.692377e+04 -4.715723e+04 1.682533e+05
1.685319e+04 -4.734878e+04 1.682417e+05
1.678256e+04 -4.754033e+04 1.682299e+05
1.671189e+04 -4.773188e+04 1.682179e+05
1.664118e+04 -4.792343e+04 1.682057e+05
1.657043e+04 -4.811498e+04 1.681933e+05
1.649964e+04 -4.830653e+04 1.681807e+05
1.642881e+04 -4.849808e+04 1.681679e+05
1.635794e+04 -4.868963e+04 1.681548e+05
1.628702e+04 -4.888118e+04 1.681416e+05
1.621607e+04 -4.907273e+04 1.681282e+05
1.614507e+04 -4.926428e+04 1.681146e+05
1.607403e+04 -4.945582e+04 1.681007e+05
1.600295e+04 -4.964737e+04 1.680867e+05
1.593184e+04 -4.983891e+04 1.680724e+05
1.586068e+04 -5.003045e+04 1.680580e+05
1.578948e+04 -5.022199e+04 1.680433e+05
1.571824e+04 -5.041352e+04 1.680284e+05
1.564695e+04 -5.060506e+04 1.680134e+05
1.557563e+04 -5.079659e+04 1.679981e+05
1.550427e+04 -5.098812e+04 1.679826e+05
1.543287e+04 -5.117964e+04 1.679669e+05
1.536143e+04 -5.137116e+04 1.679510e+05
1.528994e+04 -5.156268e+04 1.679349e+05
1.521842e+04 -5.175420e+04 1.679186e+05
1.514686e+04 -5.194571e+04 1.679021e+05
1.507525e+04 -5.213722e+04 1.678854e+05
1.500361e+04 -5.232872e+04 1.678685e+05
1.493193e+04 -5.252022e+04 1.678513e+05
1.486020e+04 -5.271172e+04 1.678340e+05
1.478844e+04 -5.290321e+04 1.678165e+05
1.471664e+04 -5.309470e+04 1.677987e+05
1.464480e+04 -5.328618e+04 1.677808e+05
1.457291e+04 -5.347765e+04 1.677626e+05
1.450099e+04 -5.366913e+04 1.677442e+05
1.442903e+04 -5.386059e+04 1.677257e+05
1.435703e+04 -5.405205e+04 1.677069e+05
1.428499e+04 -5.424351e+04 1.676879e+05
1.421291e+04 -5.443495e+04 1.676687e+05
1.414079e+04 -5.462640e+04 1.676494e+05
1.406864e+04 -5.481783e+04 1.676298e+05
1.399644e+04 -5.500926e+04 1.676100e+05
1.392420e+04 -5.520069e+04 1.675900e+05
1.385193e+04 -5.539210e+04 1.675697e+05
1.377961e+04 -5.558351e+04 1.675493e+05
1.370726e+04 -5.577491e+04 1.675287e+05
1.363487e+04 -5.596631e+04 1.675079e+05
1.356244e+04 -5.615769e+04 1.674868e+05
1.348997e+04 -5.634907e+04 1.674656e+05
1.341746e+04 -5.654044e+04 1.674441e+05
1.334491e+04 -5.673181e+04 1.674225e+05
1.327233e+04 -5.692316e+04 1.674006e+05
1.319970e+04 -5.711451e+04 1.673785e+05
1.312704e+04 -5.730584e+04 1.673563e+05
1.305434e+04 -5.749717e+04 1.673338e+05
1.298160e+04 -5.768849e+04 1.673111e+05
1.290882e+04 -5.787980e+04 1.672882e+05
1.283600e+04 -5.807110e+04 1.672651e+05
1.276315e+04 -5.826240e+04 1.672418e+05
1.269026e+04 -5.845368e+04 1.672183e+05
1.261733e+04 -5.864495e+04 1.671946e+05
1.254436e+04 -5.883621e+04 1.671706e+05
1.247135e+04 -5.902746e+04 1.671465e+05
1.239831e+04 -5.921870e+04 1.671222e+05
1.232522e+04 -5.940993e+04 1.670976e+05
1.225210e+04 -5.960115e+04 1.670729e+05
1.217895e+04 -5.979236e+04 1.670479e+05
1.210575e+04 -5.998356e+04 1.670228e+05
1.203252e+04 -6.017475e+04 1.669974e+05
1.195925e+04 -6.036592e+04 1.669718e+05
1.188594e+04 -6.055708e+04 1.669460e+05
1.181259e+04 -6.074824e+04 1.669200e+05
1.173921e+04 -6.093937e+04 1.668938e+05
1.166579e+04 -6.113050e+04 1.668674e+05
1.159233e+04 -6.132162e+04 1.668408e+05
1.151884e+04 -6.151272e+04 1.668140e+05
1.144530e+04 -6.170381e+04 1.667870e+05
1.137174e+04 -6.189488e+04 1.667597e+05
1.129813e+04 -6.208595e+04 1.667323e+05
1.122449e+04 -6.227700e+04 1.667046e+05
1.115081e+04 -6.246803e+04 1.666768e+05
1.107709e+04 -6.265906e+04 1.666487e+05
1.100334e+04 -6.285006e+04 1.666205e+05
1.092954e+04 -6.304106e+04 1.665920e+05
1.085572e+04 -6.323204e+04 1.665633e+05
1.078185e+04 -6.342301e+04 1.665344e+05
1.070795e+04 -6.361396e+04 1.665053e+05
1.063402e+04 -6.380489e+04 1.664760e+05
1.056004e+04 -6.399582e+04 1.664465e+05
1.048603e+04 -6.418672e+04 1.664168e+05
1.041199e+04 -6.437761e+04 1.663869e+05
1.033791e+04 -6.456849e+04 1.663567e+05
1.026379e+04 -6.475935e+04 1.663264e+05
1.018963e+04 -6.495020e+04 1.662958e+05
1.011544e+04 -6.514102e+04 1.662651e+05
1.004121e+04 -6.533184e+04 1.662341e+05
9.966952e+03 -6.552263e+04 1.662030e+05
9.892653e+03 -6.571341e+04 1.661716e+05
9.818319e+03 -6.590417e+04 1.661400e+05
9.743948e+03 -6.609492e+04 1.661082e+05
9.669542e+03 -6.628565e+04 1.660762e+05
9.595101e+03 -6.647636e+04 1.660440e+05
9.520623e+03 -6.666706e+04 1.660116e+05
9.446110e+03 -6.685773e+04 1.659790e+05
9.371562e+03 -6.704839e+04 1.659461e+05
9.296978e+03 -6.723903e+04 1.659131e+05
9.222359e+03 -6.742965e+04 1.658799e+05
9.147704e+03 -6.762026e+04 1.658464e+05
9.073014e+03 -6.781084e+04 1.658127e+05
8.998289e+03 -6.800141e+04 1.657789e+05
8.923529e+03 -6.819196e+04 1.657448e+05
8.848734e+03 -6.838249e+04 1.657105e+05
8.773904e+03 -6.857300e+04 1.656760e+05
8.699038e+03 -6.876349e+04 1.656413e+05
8.624138e+03 -6.895396e+04 1.656064e+05
8.549203e+03 -6.914441e+04 1.655713e+05
8.474234e+03 -6.933484e+04 1.655360e+05
8.399229e+03 -6.952526e+04 1.655005e+05
8.324190e+03 -6.971565e+04 1.654647e+05
8.249116e+03 -6.990602e+04 1.654288e+05
8.174008e+03 -7.009637e+04 1.653926e+05
8.098865e+03 -7.028670e+04 1.653563e+05
8.023688e+03 -7.047700e+04 1.653197e+05
7.948476e+03 -7.066729e+04 1.652829e+05
7.873230e+03 -7.085756e+04 1.652459e+05
7.797950e+03 -7.104780e+04 1.652087e+05
7.722636e+03 -7.123802e+04 1.651713e+05
7.647287e+03 -7.142822e+04 1.651337e+05
7.571905e+03 -7.161840e+04 1.650959e+05
7.496488e+03 -7.180856e+04 1.650579e+05
7.421038e+03 -7.199869e+04 1.650197e+05
7.345554e+03 -7.218880e+04 1.649812e+05
7.270035e+03 -7.237889e+04 1.649426e+05
7.194483e+03 -7.256895e+04 1.649037e+05
7.118898e+03 -7.275900e+04 1.648647e+05
7.043279e+03 -7.294901e+04 1.648254e+05
6.967626e+03 -7.313901e+04 1.647859e+05
6.891939e+03 -7.332898e+04 1.647462e+05
6.816219e+03 -7.351893e+04 1.647063e+05
6.740466e+03 -7.370885e+04 1.646662e+05
6.664680e+03 -7.389875e+04 1.646259e+05
6.588860e+03 -7.408862e+04 1.645854e+05
6.513007e+03 -7.427847e+04 1.645446e+05
6.437120e+03 -7.446830e+04 1.645037e+05
6.361201e+03 -7.465810e+04 1.644625e+05
6.285249e+03 -7.484788e+04 1.644212e+05
6.209263e+03 -7.503763e+04 1.643796e+05
6.133245e+03 -7.522735e+04 1.643378e+05
6.057194e+03 -7.541705e+04 1.642959e+05
5.981110e+03 -7.560672e+04 1.642537e+05
5.904994e+03 -7.579637e+04 1.642113e+05
5.828844e+03 -7.598599e+04 1.641687e+05
5.752662e+03 -7.617558e+04 1.641258e+05
5.676448e+03 -7.636515e+04 1.640828e+05
5.600201e+03 -7.655469e+04 1.640396e+05
5.523922e+03 -7.674420e+04 1.639961e+05
5.447610e+03 -7.693369e+04 1.639525e+05
5.371266e+03 -7.712315e+04 1.639086e+05
5.294889e+03 -7.731258e+04 1.638646e+05
5.218481e+03 -7.750199e+04 1.638203e+05
5.142040e+03 -7.769136e+04 1.637758e+05
5.065568e+03 -7.788071e+04 1.637311e+05
4.989063e+03 -7.807003e+04 1.636862e+05
4.912526e+03 -7.825932e+04 1.636411e+05
4.835958e+03 -7.844858e+04 1.635958e+05
4.759358e+03 -7.863782e+04 1.635502e+05
4.682726e+03 -7.882702e+04 1.635045e+05
4.606062e+03 -7.901620e+04 1.634585e+05
4.529367e+03 -7.920535e+04 1.634124e+05
4.452640e+03 -7.939446e+04 1.633660e+05
4.375881e+03 -7.958355e+04 1.633194e+05
4.299091e+03 -7.977261e+04 1.632727e+05
4.222270e+03 -7.996164e+04 1.632257e+05
4.145418e+03 -8.015064e+04 1.631785e+05
4.068534e+03 -8.033960e+04 1.631310e+05
3.991619e+03 -8.052854e+04 1.630834e+05
3.914672e+03 -8.071745e+04 1.630356e+05
3.837695e+03 -8.090632e+04 1.629876e+05
3.760687e+03 -8.109517e+04 1.629393e+05
3.683648e+03 -8.128398e+04 1.628909e+05
3.606578e+03 -8.147276e+04 1.628422e+05
3.529477e+03 -8.166151e+04 1.627933e+05
3.452345e+03 -8.185023e+04 1.627442e+05
3.375183e+03 -8.203891e+04 1.626949e+05
3.297990e+03 -8.222757e+04 1.626454e+05
3.220766e+03 -8.241619e+04 1.625957e+05
3.143512e+03 -8.260478e+04 1.625458e+05
3.066227e+03 -8.279333e+04 1.624957e+05
2.988912e+03 -8.298185e+04 1.624453e+05
2.911567e+03 -8.317034e+04 1.623948e+05
2.834192e+03 -8.335880e+04 1.623440e+05
2.756786e+03 -8.354722e+04 1.622931e+05
2.679350e+03 -8.373561e+04 1.622419e+05
2.601884e+03 -8.392397e+04 1.621905e+05
2.524388e+03 -8.411229e+04 1.621389e+05
2.446862e+03 -8.430058e+04 1.620871e+05
2.369306e+03 -8.448883e+04 1.620351e+05
2.291720e+03 -8.467705e+04 1.619829e+05
2.214105e+03 -8.486524e+04 1.619304e+05
2.136460e+03 -8.505338e+04 1.618778e+05
2.058785e+03 -8.524150e+04 1.618249e+05
1.981081e+03 -8.542958e+04 1.617719e+05
1.903347e+03 -8.561762e+04 1.617186e+05
1.825584e+03 -8.580563e+04 1.616651e+05
1.747791e+03 -8.599360e+04 1.616114e+05
1.669969e+03 -8.618154e+04 1.615575e+05
1.592118e+03 -8.636943e+04 1.615034e+05
1.514237e+03 -8.655730e+04 1.614491e+05
1.436327e+03 -8.674512e+04 1.613946e+05
1.358389e+03 -8.693291e+04 1.613399e+05
1.280421e+03 -8.712067e+04 1.612849e+05
1.202424e+03 -8.730838e+04 1.612298e+05
1.124399e+03 -8.749606e+04 1.611744e+05
1.046345e+03 -8.768370e+04 1.611188e+05
9.682614e+02 -8.787131e+04 1.610630e+05
8.901496e+02 -8.805887e+04 1.610070e+05
8.120092e+02 -8.824640e+04 1.609508e+05
7.338402e+02 -8.843389e+04 1.608944e+05
6.556426e+02 -8.862134e+04 1.608378e+05
5.774167e+02 -8.880875e+04 1.607810e+05
4.991624e+02 -8.899613e+04 1.607239e+05
4.208798e+02 -8.918346e+04 1.606667e+05
3.425689e+02 -8.937076e+04 1.606092e+05
2.642298e+02 -8.955802e+04 1.605515e+05
1.858626e+02 -8.974523e+04 1.604936e+05
1.074674e+02 -8.993241e+04 1.604356e+05
2.904417e+01 -9.011955e+04 1.603773e+05
-4.940698e+01 -9.030665e+04 1.603187e+05
-1.278860e+02 -9.049370e+04 1.602600e+05
-2.063928e+02 -9.068072e+04 1.602011e+05
-2.849274e+02 -9.086770e+04 1.601419e+05
-3.634896e+02 -9.105463e+04 1.600826e+05
-4.420795e+02 -9.124153e+04 1.600230e+05
-5.206969e+02 -9.142838e+04 1.599633e+05
-5.993417e+02 -9.161519e+04 1.599033e+05
-6.780140e+02 -9.180196e+04 1.598431e+05
-7.567136e+02 -9.198869e+04 1.597827e+05
-8.354405e+02 -9.217538e+04 1.597221e+05
-9.141947e+02 -9.236203e+04 1.596613e+05
-9.929760e+02 -9.254863e+04 1.596002e+05
-1.071784e+03 -9.273519e+04 1.595390e+05
-1.150620e+03 -9.292171e+04 1.594775e+05
-1.229482e+03 -9.310819e+04 1.594159e+05
-1.308371e+03 -9.329462e+04 1.593540e+05
-1.387288e+03 -9.348101e+04 1.592919e+05
-1.466230e+03 -9.366735e+04 1.592296e+05
-1.545200e+03 -9.385366e+04 1.591671e+05
-1.624196e+03 -9.403992e+04 1.591044e+05
-1.703219e+03 -9.422613e+04 1.590415e+05
-1.782268e+03 -9.441230e+04 1.589784e+05
-1.861344e+03 -9.459843e+04 1.589150e+05
-1.940446e+03 -9.478451e+04 1.588515e+05
-2.019575e+03 -9.497055e+04 1.587877e+05
-2.098730e+03 -9.515654e+04 1.587237e+05
-2.177910e+03 -9.534249e+04 1.586596e+05
-2.257117e+03 -9.552839e+04 1.585952e+05
-2.336351e+03 -9.571425e+04 1.585306e+05
-2.415610e+03 -9.590006e+04 1.584657e+05
-2.494895e+03 -9.608583e+04 1.584007e+05
-2.574205e+03 -9.627155e+04 1.583355e+05
-2.653542e+03 -9.645722e+04 1.582700e+05
-2.732905e+03 -9.664285e+04 1.582044e+05
-2.812293e+03 -9.682843e+04 1.581385e+05
-2.891706e+03 -9.701397e+04 1.580725e+05
-2.971145e+03 -9.719946e+04 1.580062e+05
-3.050610e+03 -9.738490e+04 1.579397e+05
-3.130100e+03 -9.757029e+04 1.578730e+05
-3.209615e+03 -9.775564e+04 1.578060e+05
-3.289156e+03 -9.794094e+04 1.577389e+05
-3.368722e+03 -9.812619e+04 1.576716e+05
-3.448313e+03 -9.831139e+04 1.576040e+05
-3.527929e+03 -9.849655e+04 1.575363e+05
-3.607570e+03 -9.868166e+04 1.574683e+05
-3.687236e+03 -9.886671e+04 1.574001e+05
-3.766927e+03 -9.905172e+04 1.573317e+05
-3.846642e+03 -9.923669e+04 1.572631e+05
-3.926383e+03 -9.942160e+04 1.571943e+05
-4.006148e+03 -9.960646e+04 1.571253e+05
-4.085938e+03 -9.979127e+04 1.570561e+05
-4.165752e+03 -9.997604e+04 1.569866e+05
-4.245591e+03 -1.001608e+05 1.569170e+05
-4.325454e+03 -1.003454e+05 1.568471e+05
-4.405341e+03 -1.005300e+05 1.567771e+05
-4.485253e+03 -1.007146e+05 1.567068e+05
-4.565189e+03 -1.008991e+05 1.566363e+05
-4.645149e+03 -1.010836e+05 1.565656e+05
-4.725133e+03 -1.012680e+05 1.564947e+05
-4.805141e+03 -1.014523e+05 1.564235e+05
-4.885173e+03 -1.016367e+05 1.563522e+05
-4.965229e+03 -1.018209e+05 1.562807e+05
-5.045309e+03 -1.020051e+05 1.562089e+05
-5.125413e+03 -1.021893e+05 1.561369e+05
-5.205540e+03 -1.023734e+05 1.560648e+05
-5.285691e+03 -1.025574e+05 1.559924e+05
-5.365865e+03 -1.027414e+05 1.559198e+05
-5.446063e+03 -1.029254e+05 1.558470e+05
-5.526284e+03 -1.031093e+05 1.557739e+05
-5.606528e+03 -1.032931e+05 1.557007e+05
-5.686796e+03 -1.034769e+05 1.556273e+05
-5.767087e+03 -1.036606e+05 1.555536e+05
-5.847401e+03 -1.038443e+05 1.554798e+05
-5.927739e+03 -1.040279e+05 1.554057e+05
-6.008099e+03 -1.042115e+05 1.553314e+05
-6.088482e+03 -1.043950e+05 1.552569e+05
-6.168888e+03 -1.045785e+05 1.551822e+05
-6.249317e+03 -1.047619e+05 1.551073e+05
-6.329769e+03 -1.049452e+05 1.550322e+05
-6.410243e+03 -1.051285e+05 1.549568e+05
-6.490740e+03 -1.053118e+05 1.548813e+05
-6.571259e+03 -1.054950e+05 1.548055e+05
-6.651801e+03 -1.056781e+05 1.547295e+05
-6.732365e+03 -1.058612e+05 1.546534e+05
-6.812951e+03 -1.060442e+05 1.545770e+05
-6.893560e+03 -1.062272e+05 1.545004e+05
-6.974191e+03 -1.064101e+05 1.544236e+05
-7.054844e+03 -1.065929e+05 1.543465e+05
-7.135519e+03 -1.067757e+05 1.542693e+05
-7.216216e+03 -1.069585e+05 1.541918e+05
-7.296935e+03 -1.071412e+05 1.541142e+05
-7.377676e+03 -1.073238e+05 1.540363e+05
-7.458439e+03 -1.075064e+05 1.539583e+05
-7.539223e+03 -1.076889e+05 1.538800e+05
-7.620029e+03 -1.078713e+05 1.538015e+05
-7.700857e+03 -1.080537e+05 1.537228e+05
-7.781706e+03 -1.082361e+05 1.536438e+05
-7.862576e+03 -1.084183e+05 1.535647e+05
-7.943468e+03 -1.086006e+05 1.534854e+05
-8.024381e+03 -1.087827e+05 1.534058e+05
-8.105316e+03 -1.089648e+05 1.533260e+05
-8.186271e+03 -1.091469e+05 1.532461e+05
-8.267248e+03 -1.093289e+05 1.531659e+05
-8.348245e+03 -1.095108e+05 1.530855e+05
-8.429264e+03 -1.096927e+05 1.530049e+05
-8.510303e+03 -1.098745e+05 1.529241e+05
-8.591363e+03 -1.100562e+05 1.528430e+05
-8.672444e+03 -1.102379e+05 1.527618e+05
-8.753546e+03 -1.104195e+05 1.526803e+05
-8.834668e+03 -1.106011e+05 1.525987e+05
-8.915811e+03 -1.107826e+05 1.525168e+05
-8.996974e+03 -1.109641e+05 1.524347e+05
-9.078158e+03 -1.111454e+05 1.523524e+05
-9.159362e+03 -1.113268e+05 1.522699e+05
-9.240586e+03 -1.115080e+05 1.521872e+05
-9.321831e+03 -1.116892e+05 1.521043e+05
-9.403095e+03 -1.118704e+05 1.520212e+05
-9.484380e+03 -1.120515e+05 1.519378e+05
-9.565684e+03 -1.122325e+05 1.518542e+05
-9.647009e+03 -1.124134e+05 1.517705e+05
-9.728353e+03 -1.125943e+05 1.516865e+05
-9.809717e+03 -1.127751e+05 1.516023e+05
-9.891101e+03 -1.129559e+05 1.515179e+05
-9.972504e+03 -1.131366e+05 1.514333e+05
-1.005393e+04 -1.133172e+05 1.513485e+05
-1.013537e+04 -1.134978e+05 1.512634e+05
-1.021683e+04 -1.136783e+05 1.511782e+05
-1.029831e+04 -1.138588e+05 1.510927e+05
-1.037981e+04 -1.140392e+05 1.510071e+05
-1.046133e+04 -1.142195e+05 1.509212e+05
-1.054287e+04 -1.143997e+05 1.508351e+05
-1.062443e+04 -1.145799e+05 1.507488e+05
-1.070601e+04 -1.147600e+05 1.506623e+05
-1.078760e+04 -1.149401e+05 1.505755e+05
-1.086922e+04 -1.151201e+05 1.504886e+05
-1.095085e+04 -1.153000e+05 1.504015e+05
-1.103250e+04 -1.154799e+05 1.503141e+05
-1.111417e+04 -1.156597e+05 1.502265e+05
-1.119586e+04 -1.158394e+05 1.501388e+05
-1.127757e+04 -1.160191e+05 1.500508e+05
-1.135929e+04 -1.161987e+05 1.499626e+05
-1.144104e+04 -1.163782e+05 1.498742e+05
-1.152280e+04 -1.165577e+05 1.497855e+05
-1.160458e+04 -1.167371e+05 1.496967e+05
-1.168638e+04 -1.169164e+05 1.496077e+05
-1.176820e+04 -1.170957e+05 1.495184e+05
-1.185003e+04 -1.172749e+05 1.494290e+05
-1.193189e+04 -1.174540e+05 1.493393e+05
-1.201376e+04 -1.176331e+05 1.492494e+05
-1.209565e+04 -1.178120e+05 1.491593e+05
-1.217755e+04 -1.179910e+05 1.490690e+05
-1.225948e+04 -1.181698e+05 1.489785e+05
-1.234142e+04 -1.183486e+05 1.488877e+05
-1.242338e+04 -1.185273e+05 1.487968e+05
-1.250535e+04 -1.187060e+05 1.487056e+05
-1.258735e+04 -1.188846e+05 1.486143e+05
-1.266936e+04 -1.190631e+05 1.485227e+05
-1.275139e+04 -1.192415e+05 1.484309e+05
-1.283343e+04 -1.194199e+05 1.483389e+05
-1.291549e+04 -1.195982e+05 1.482467e+05
-1.299757e+04 -1.197764e+05 1.481543e+05
-1.307967e+04 -1.199546e+05 1.480617e+05
-1.316178e+04 -1.201327e+05 1.479688e+05
-1.324391e+04 -1.203107e+05 1.478758e+05
-1.332606e+04 -1.204886e+05 1.477825e+05
-1.340822e+04 -1.206665e+05 1.476890e+05
-1.349040e+04 -1.208443e+05 1.475953e+05
-1.357260e+04 -1.210220e+05 1.475015e+05
-1.365481e+04 -1.211997e+05 1.474073e+05
-1.373704e+04 -1.213773e+05 1.473130e+05
-1.381928e+04 -1.215548e+05 1.472185e+05
-1.390155e+04 -1.217322e+05 1.471238e+05
-1.398382e+04 -1.219096e+05 1.470288e+05
-1.406612e+04 -1.220869e+05 1.469336e+05
-1.414843e+04 -1.222641e+05 1.468383e+05
-1.423075e+04 -1.224413e+05 1.467427e+05
-1.431309e+04 -1.226184e+05 1.466469e+05
-1.439545e+04 -1.227954e+05 1.465509e+05
-1.447782e+04 -1.229723e+05 1.464547e+05
-1.456021e+04 -1.231492e+05 1.463583e+05
-1.464261e+04 -1.233260e+05 1.462616e+05
-1.472503e+04 -1.235027e+05 1.461648e+05
-1.480747e+04 -1.236793e+05 1.460677e+05
-1.488992e+04 -1.238559e+05 1.459704e+05
-1.497238e+04 -1.240323e+05 1.458730e+05
-1.505486e+04 -1.242088e+05 1.457753e+05
-1.513736e+04 -1.243851e+05 1.456774e+05
-1.521987e+04 -1.245614e+05 1.455793e+05
-1.530239e+04 -1.247375e+05 1.454809e+05
-1.538493e+04 -1.249136e+05 1.453824e+05
-1.546748e+04 -1.250897e+05 1.452836e+05
-1.555005e+04 -1.252656e+05 1.451847e+05
-1.563264e+04 -1.254415e+05 1.450855e+05
-1.571524e+04 -1.256173e+05 1.449861e+05
-1.579785e+04 -1.257930e+05 1.448866e+05
-1.588048e+04 -1.259687e+05 1.447868e+05
-1.596312e+04 -1.261443e+05 1.446867e+05
-1.604577e+04 -1.263198e+05 1.445865e+05
-1.612844e+04 -1.264952e+05 1.444861e+05
-1.621113e+04 -1.266705e+05 1.443854e+05
-1.629383e+04 -1.268458e+05 1.442846e+05
-1.637654e+04 -1.270209e+05 1.441835e+05
-1.645926e+04 -1.271960e+05 1.440823e+05
-1.654200e+04 -1.273711e+05 1.439808e+05
-1.662476e+04 -1.275460e+05 1.438791e+05
-1.670752e+04 -1.277209e+05 1.437772e+05
-1.679030e+04 -1.278957e+05 1.436750e+05
-1.687310e+04 -1.280704e+05 1.435727e+05
-1.695591e+04 -1.282450e+05 1.434702e+05
-1.703873e+04 -1.284196e+05 1.433674e+05
-1.712156e+04 -1.285940e+05 1.432645e+05
-1.720441e+04 -1.287684e+05 1.431613e+05
-1.728727e+04 -1.289427e+05 1.430579e+05
-1.737014e+04 -1.291169e+05 1.429543e+05
-1.745303e+04 -1.292911e+05 1.428505e+05
-1.753593e+04 -1.294652e+05 1.427465e+05
-1.761884e+04 -1.296391e+05 1.426423e+05
-1.770177e+04 -1.298130e+05 1.425378e+05
-1.778470e+04 -1.299869e+05 1.424332e+05
-1.786765e+04 -1.301606e+05 1.423283e+05
-1.795062e+04 -1.303343e+05 1.422233e+05
-1.803359e+04 -1.305078e+05 1.421180e+05
-1.811658e+04 -1.306813e+05 1.420125e+05
-1.819958e+04 -1.308547e+05 1.419068e+05
-1.828259e+04 -1.310281e+05 1.418009e+05
-1.836561e+04 -1.312013e+05 1.416947e+05
-1.844865e+04 -1.313745e+05 1.415884e+05
-1.853170e+04 -1.315475e+05 1.414819e+05
-1.861476e+04 -1.317205e+05 1.413751e+05
-1.869783e+04 -1.318934e+05 1.412682e+05
-1.878091e+04 -1.320663e+05 1.411610e+05
-1.886401e+04 -1.322390e+05 1.410536e+05
-1.894711e+04 -1.324117e+05 1.409460e+05
-1.903023e+04 -1.325842e+05 1.408382e+05
-1.911336e+04 -1.327567e+05 1.407302e+05
-1.919650e+04 -1.329291e+05 1.406219e+05
-1.927965e+04 -1.331014e+05 1.405135e+05
-1.936282e+04 -1.332737e+05 1.404049e+05
-1.944599e+04 -1.334458e+05 1.402960e+05
-1.952918e+04 -1.336179e+05 1.401869e+05
-1.961237e+04 -1.337899e+05 1.400777e+05
-1.969558e+04 -1.339617e+05 1.399682e+05
-1.977880e+04 -1.341335e+05 1.398585e+05
-1.986203e+04 -1.343053e+05 1.397486e+05
-1.994527e+04 -1.344769e+05 1.396384e+05
-2.002852e+04 -1.346484e+05 1.395281e+05
-2.011178e+04 -1.348199e+05 1.394176e+05
-2.019505e+04 -1.349912e+05 1.393068e+05
-2.027833e+04 -1.351625e+05 1.391958e+05
-2.036162e+04 -1.353337e+05 1.390847e+05
-2.044492e+04 -1.355048e+05 1.389733e+05
-2.052823e+04 -1.356758e+05 1.388617e+05
-2.061155e+04 -1.358467e+05 1.387499e+05
-2.069489e+04 -1.360176e+05 1.386379e+05
-2.077823e+04 -1.361883e+05 1.385256e+05
-2.086158e+04 -1.363590e+05 1.384132e+05
-2.094494e+04 -1.365296e+05 1.383006e+05
-2.102831e+04 -1.367000e+05 1.381877e+05
-2.111169e+04 -1.368704e+05 1.380746e+05
-2.119508e+04 -1.370407e+05 1.379614e+05
-2.127848e+04 -1.372109e+05 1.378479e+05
-2.136189e+04 -1.373811e+05 1.377342e+05
-2.144530e+04 -1.375511e+05 1.376203e+05
-2.152873e+04 -1.377210e+05 1.375062e+05
-2.161217e+04 -1.378909e+05 1.373918e+05
-2.169561e+04 -1.380606e+05 1.372773e+05
-2.177906e+04 -1.382303e+05 1.371626e+05
-2.186253e+04 -1.383999e+05 1.370476e+05
-2.194600e+04 -1.385693e+05 1.369324e+05
-2.202948e+04 -1.387387e+05 1.368171e+05
-2.211297e+04 -1.389080e+05 1.367015e+05
-2.219646e+04 -1.390772e+05 1.365857e+05
-2.227997e+04 -1.392464e+05 1.364697e+05
-2.236348e+04 -1.394154e+05 1.363535e+05
-2.244700e+04 -1.395843e+05 1.362370e+05
-2.253053e+04 -1.397531e+05 1.361204e+05
-2.261407e+04 -1.399219e+05 1.360035e+05
-2.269762e+04 -1.400905e+05 1.358865e+05
-2.278117e+04 -1.402591e+05 1.357692e+05
-2.286473e+04 -1.404275e+05 1.356517e+05
-2.294830e+04 -1.405959e+05 1.355341e+05
-2.303188e+04 -1.407642e+05 1.354162e+05
-2.311546e+04 -1.409323e+05 1.352981e+05
-2.319906e+04 -1.411004e+05 1.351797e+05
-2.328266e+04 -1.412684e+05 1.350612e+05
-2.336626e+04 -1.414363e+05 1.349425e+05
-2.344988e+04 -1.416041e+05 1.348235e+05
-2.353350e+04 -1.417718e+05 1.347044e+05
-2.361713e+04 -1.419394e+05 1.345850e+05
-2.370076e+04 -1.421069e+05 1.344654e+05
-2.378441e+04 -1.422743e+05 1.343457e+05
-2.386806e+04 -1.424416e+05 1.342257e+05
-2.395171e+04 -1.426089e+05 1.341055e+05
-2.403538e+04 -1.427760e+05 1.339850e+05
-2.411905e+04 -1.429430e+05 1.338644e+05
-2.420272e+04 -1.431099e+05 1.337436e+05
-2.428640e+04 -1.432768e+05 1.336225e+05
-2.437009e+04 -1.434435e+05 1.335013e+05
-2.445379e+04 -1.436101e+05 1.333798e+05
-2.453749e+04 -1.437767e+05 1.332582e+05
-2.462120e+04 -1.439431e+05 1.331363e+05
-2.470491e+04 -1.441094e+05 1.330142e+05
-2.478863e+04 -1.442757e+05 1.328919e+05
-2.487236e+04 -1.444418e+05 1.327694e+05
-2.495609e+04 -1.446079e+05 1.326467e+05
-2.503983e+04 -1.447738e+05 1.325237e+05
-2.512357e+04 -1.449396e+05 1.324006e+05
-2.520732e+04 -1.451054e+05 1.322773e+05
-2.529107e+04 -1.452710e+05 1.321537e+05
-2.537483e+04 -1.454366e+05 1.320300e+05
-2.545860e+04 -1.456020e+05 1.319060e+05
-2.554237e+04 -1.457674e+05 1.317818e+05
-2.562614e+04 -1.459326e+05 1.316574e+05
-2.570992e+04 -1.460977e+05 1.315328e+05
-2.579370e+04 -1.462628e+05 1.314080e+05
-2.587749e+04 -1.464277e+05 1.312830e+05
-2.596129e+04 -1.465926e+05 1.311577e+05
-2.604509e+04 -1.467573e+05 1.310323e+05
-2.612889e+04 -1.469219e+05 1.309067e+05
-2.621270e+04 -1.470865e+05 1.307808e+05
-2.629651e+04 -1.472509e+05 1.306547e+05
-2.638033e+04 -1.474152e+05 1.305285e+05
-2.646415e+04 -1.475794e+05 1.304020e+05
-2.654798e+04 -1.477436e+05 1.302753e+05
-2.663181e+04 -1.479076e+05 1.301484e+05
-2.671564e+04 -1.480715e+05 1.300213e+05
-2.679948e+04 -1.482353e+05 1.298940e+05
-2.688332e+04 -1.483990e+05 1.297664e+05
-2.696717e+04 -1.485626e+05 1.296387e+05
-2.705102e+04 -1.487261e+05 1.295108e+05
-2.713487e+04 -1.488895e+05 1.293826e+05
-2.721873e+04 -1.490528e+05 1.292543e+05
-2.730259e+04 -1.492159e+05 1.291257e+05
-2.738645e+04 -1.493790e+05 1.289969e+05
-2.747032e+04 -1.495420e+05 1.288679e+05
-2.755419e+04 -1.497049e+05 1.287387e+05
-2.763806e+04 -1.498676e+05 1.286093e+05
-2.772194e+04 -1.500303e+05 1.284797e+05
-2.780582e+04 -1.501928e+05 1.283499e+05
-2.788970e+04 -1.503553e+05 1.282199e+05
-2.797358e+04 -1.505176e+05 1.280896e+05
-2.805747e+04 -1.506798e+05 1.279592e+05
-2.814136e+04 -1.508419e+05 1.278285e+05
-2.822525e+04 -1.510040e+05 1.276976e+05
-2.830915e+04 -1.511659e+05 1.275666e+05
-2.839304e+04 -1.513277e+05 1.274353e+05
-2.847694e+04 -1.514893e+05 1.273038e+05
-2.856084e+04 -1.516509e+05 1.271721e+05
-2.864475e+04 -1.518124e+05 1.270402e+05
-2.872865e+04 -1.519738e+05 1.269081e+05
-2.881256e+04 -1.521350e+05 1.267758e+05
-2.889647e+04 -1.522962e+05 1.266432e+05
-2.898038e+04 -1.524572e+05 1.265105e+05
-2.906429e+04 -1.526181e+05 1.263776e+05
-2.914821e+04 -1.527789e+05 1.262444e+05
-2.923212e+04 -1.529397e+05 1.261110e+05
-2.931604e+04 -1.531003e+05 1.259775e+05
-2.939996e+04 -1.532607e+05 1.258437e+05
-2.948388e+04 -1.534211e+05 1.257097e+05
-2.956780e+04 -1.535814e+05 1.255755e+05
-2.965172e+04 -1.537415e+05 1.254411e+05
-2.973564e+04 -1.539016e+05 1.253065e+05
-2.981957e+04 -1.540615e+05 1.251717e+05
-2.990349e+04 -1.542213e+05 1.250367e+05
-2.998742e+04 -1.543810e+05 1.249014e+05
-3.007134e+04 -1.545406e+05 1.247660e+05
-3.015527e+04 -1.547001e+05 1.246303e+05
-3.023919e+04 -1.548595e+05 1.244945e+05
-3.032312e+04 -1.550188e+05 1.243584e+05
-3.040705e+04 -1.551779e+05 1.242221e+05
-3.049098e+04 -1.553369e+05 1.240857e+05
-3.057490e+04 -1.554959e+05 1.239490e+05
-3.065883e+04 -1.556547e+05 1.238121e+05
-3.074276e+04 -1.558134e+05 1.236750e+05
-3.082669e+04 -1.559720e+05 1.235377e+05
-3.091061e+04 -1.561304e+05 1.234002e+05
-3.099454e+04 -1.562888e+05 1.232624e+05
-3.107846e+04 -1.564470e+05 1.231245e+05
-3.116239e+04 -1.566051e+05 1.229864e+05
-3.124632e+04 -1.567631e+05 1.228480e+05
-3.133024e+04 -1.569210e+05 1.227095e+05
-3.141416e+04 -1.570788e+05 1.225707e+05
-3.149808e+04 -1.572365e+05 1.224317e+05
-3.158201e+04 -1.573940e+05 1.222926e+05
-3.166593e+04 -1.575514e+05 1.221532e+05
-3.174985e+04 -1.577088e+05 1.220136e+05
-3.183376e+04 -1.578659e+05 1.218738e+05
-3.191768e+04 -1.580230e+05 1.217338e+05
-3.200160e+04 -1.581800e+05 1.215936e+05
-3.208551e+04 -1.583368e+05 1.214532e+05
-3.216942e+04 -1.584936e+05 1.213126e+05
-3.225333e+04 -1.586502e+05 1.211717e+05
-3.233724e+04 -1.588067e+05 1.210307e+05
-3.242115e+04 -1.589630e+05 1.208895e+05
-3.250505e+04 -1.591193e+05 1.207480e+05
-3.258895e+04 -1.592754e+05 1.206064e+05
-3.267285e+04 -1.594315e+05 1.204645e+05
-3.275675e+04 -1.595874e+05 1.203224e+05
-3.284065e+04 -1.597431e+05 1.201802e+05
-3.292454e+04 -1.598988e+05 1.200377e+05
-3.300843e+04 -1.600543e+05 1.198950e+05
-3.309232e+04 -1.602098e+05 1.197521e+05
-3.317620e+04 -1.603651e+05 1.196090e+05
-3.326009e+04 -1.605202e+05 1.194657e+05
-3.334397e+04 -1.606753e+05 1.193222e+05
-3.342784e+04 -1.608302e+05 1.191785e+05
-3.351172e+04 -1.609851e+05 1.190345e+05
-3.359559e+04 -1.611398e+05 1.188904e+05
-3.367946e+04 -1.612943e+05 1.187461e+05
-3.376332e+04 -1.614488e+05 1.186015e+05
-3.384718e+04 -1.616031e+05 1.184568e+05
-3.393104e+04 -1.617574e+05 1.183118e+05
-3.401489e+04 -1.619114e+05 1.181667e+05
-3.409874e+04 -1.620654e+05 1.180213e+05
-3.418259e+04 -1.622193e+05 1.178757e+05
-3.426643e+04 -1.623730e+05 1.177299e+05
-3.435027e+04 -1.625266e+05 1.175840e+05
-3.443410e+04 -1.626801e+05 1.174378e+05
-3.451793e+04 -1.628334e+05 1.172914e+05
-3.460176e+04 -1.629866e+05 1.171448e+05
-3.468558e+04 -1.631397e+05 1.169980e+05
-3.476940e+04 -1.632927e+05 1.168509e+05
-3.485321e+04 -1.634456e+05 1.167037e+05
-3.493702e+04 -1.635983e+05 1.165563e+05
-3.502082e+04 -1.637509e+05 1.164087e+05
-3.510462e+04 -1.639034e+05 1.162608e+05
-3.518841e+04 -1.640558e+05 1.161128e+05
-3.527220e+04 -1.642080e+05 1.159646e+05
-3.535598e+04 -1.643601e+05 1.158161e+05
-3.543976e+04 -1.645121e+05 1.156675e+05
-3.552353e+04 -1.646639e+05 1.155186e+05
-3.560730e+04 -1.648157e+05 1.153695e+05
-3.569106e+04 -1.649673e+05 1.152203e+05
-3.577482e+04 -1.651187e+05 1.150708e+05
-3.585857e+04 -1.652701e+05 1.149211e+05
-3.594231e+04 -1.654213e+05 1.147712e+05
-3.602605e+04 -1.655724e+05 1.146211e+05
-3.610979e+04 -1.657234e+05 1.144708e+05
-3.619351e+04 -1.658742e+05 1.143203e+05
-3.627724e+04 -1.660249e+05 1.141696e+05
-3.636095e+04 -1.661755e+05 1.140187e+05
-3.644466e+04 -1.663260e+05 1.138676e+05
-3.652836e+04 -1.664763e+05 1.137163e+05
-3.661206e+04 -1.666265e+05 1.135648e+05
-3.669575e+04 -1.667765e+05 1.134131e+05
-3.677943e+04 -1.669265e+05 1.132611e+05
-3.686310e+04 -1.670763e+05 1.131090e+05
-3.694677e+04 -1.672260e+05 1.129567e+05
-3.703044e+04 -1.673755e+05 1.128041e+05
-3.711409e+04 -1.675249e+05 1.126514e+05
-3.719774e+04 -1.676742e+05 1.124984e+05
-3.728138e+04 -1.678234e+05 1.123453e+05
-3.736501e+04 -1.679724e+05 1.121919e+05
-3.744864e+04 -1.681213e+05 1.120383e+05
-3.753226e+04 -1.682701e+05 1.118846e+05
-3.761587e+04 -1.684187e+05 1.117306e+05
-3.769947e+04 -1.685672e+05 1.115764e+05
-3.778306e+04 -1.687155e+05 1.114221e+05
-3.786665e+04 -1.688638e+05 1.112675e+05
-3.795023e+04 -1.690119e+05 1.111127e+05
-3.803380e+04 -1.691599e+05 1.109577e+05
-3.811736e+04 -1.693077e+05 1.108025e+05
-3.820092e+04 -1.694554e+05 1.106471e+05
-3.828447e+04 -1.696030e+05 1.104915e+05
-3.836800e+04 -1.697504e+05 1.103357e+05
-3.845153e+04 -1.698977e+05 1.101797e+05
-3.853505e+04 -1.700449e+05 1.100235e+05
-3.861856e+04 -1.701919e+05 1.098671e+05
-3.870207e+04 -1.703388e+05 1.097105e+05
-3.878556e+04 -1.704856e+05 1.095537e+05
-3.886905e+04 -1.706322e+05 1.093966e+05
-3.895252e+04 -1.707787e+05 1.092394e+05
-3.903599e+04 -1.709250e+05 1.090820e+05
-3.911945e+04 -1.710713e+05 1.089244e+05
-3.920289e+04 -1.712174e+05 1.087665e+05
-3.928633e+04 -1.713633e+05 1.086085e+05
-3.936976e+04 -1.715091e+05 1.084502e+05
-3.945318e+04 -1.716548e+05 1.082918e+05
-3.953659e+04 -1.718003e+05 1.081332e+05
-3.961999e+04 -1.719458e+05 1.079743e+05
-3.970338e+04 -1.720910e+05 1.078153e+05
-3.978675e+04 -1.722361e+05 1.076560e+05
-3.987012e+04 -1.723811e+05 1.074966e+05
-3.995348e+04 -1.725260e+05 1.073369e+05
-4.003683e+04 -1.726707e+05 1.071771e+05
-4.012017e+04 -1.728153e+05 1.070170e+05
-4.020349e+04 -1.729597e+05 1.068567e+05
-4.028681e+04 -1.731040e+05 1.066963e+05
-4.037012e+04 -1.732482e+05 1.065356e+05
-4.045341e+04 -1.733922e+05 1.063748e+05
-4.053669e+04 -1.735361e+05 1.062137e+05
-4.061997e+04 -1.736798e+05 1.060524e+05
-4.070323e+04 -1.738234e+05 1.058909e+05
-4.078648e+04 -1.739669e+05 1.057293e+05
-4.086971e+04 -1.741102e+05 1.055674e+05
-4.095294e+04 -1.742534e+05 1.054053e+05
-4.103616e+04 -1.743965e+05 1.052430e+05
-4.111936e+04 -1.745394e+05 1.050806e+05
-4.120255e+04 -1.746821e+05 1.049179e+05
-4.128573e+04 -1.748247e+05 1.047550e+05
-4.136890e+04 -1.749672e+05 1.045919e+05
-4.145206e+04 -1.751096e+05 1.044286e+05
-4.153520e+04 -1.752517e+05 1.042652e+05
-4.161833e+04 -1.753938e+05 1.041015e+05
-4.170145e+04 -1.755357e+05 1.039376e+05
-4.178456e+04 -1.756775e+05 1.037735e+05
-4.186765e+04 -1.758191e+05 1.036092e+05
-4.195073e+04 -1.759606e+05 1.034447e+05
-4.203380e+04 -1.761019e+05 1.032800e+05
-4.211686e+04 -1.762431e+05 1.031151e+05
-4.219990e+04 -1.763841e+05 1.029501e+05
-4.228293e+04 -1.765250e+05 1.027848e+05
-4.236595e+04 -1.766658e+05 1.026193e+05
-4.244895e+04 -1.768064e+05 1.024536e+05
-4.253194e+04 -1.769469e+05 1.022877e+05
-4.261492e+04 -1.770872e+05 1.021216e+05
-4.269788e+04 -1.772274e+05 1.019553e+05
-4.278083e+04 -1.773674e+05 1.017888e+05
-4.286376e+04 -1.775073e+05 1.016221e+05
-4.294669e+04 -1.776470e+05 1.014552e+05
-4.302959e+04 -1.777866e+05 1.012881e+05
-4.311249e+04 -1.779261e+05 1.011209e+05
-4.319537e+04 -1.780654e+05 1.009534e+05
-4.327823e+04 -1.782045e+05 1.007857e+05
-4.336108e+04 -1.783436e+05 1.006178e+05
-4.344392e+04 -1.784824e+05 1.004497e+05
-4.352674e+04 -1.786211e+05 1.002814e+05
-4.360955e+04 -1.787597e+05 1.001129e+05
-4.369234e+04 -1.788981e+05 9.994423e+04
-4.377512e+04 -1.790364e+05 9.977535e+04
-4.385788e+04 -1.791745e+05 9.960626e+04
-4.394063e+04 -1.793125e+05 9.943698e+04
-4.402336e+04 -1.794503e+05 9.926749e+04
-4.410607e+04 -1.795880e+05 9.909781e+04
-4.418878e+04 -1.797255e+05 9.892793e+04
-4.427146e+04 -1.798629e+05 9.875785e+04
-4.435413e+04 -1.800001e+05 9.858758e+04
-4.443679e+04 -1.801372e+05 9.841710e+04
-4.451943e+04 -1.802741e+05 9.824643e+04
-4.460205e+04 -1.804109e+05 9.807555e+04
-4.468466e+04 -1.805475e+05 9.790448e+04
-4.476725e+04 -1.806840e+05 9.773321e+04
-4.484982e+04 -1.808203e+05 9.756175e+04
-4.493238e+04 -1.809565e+05 9.739008e+04
-4.501492e+04 -1.810925e+05 9.721822e+04
-4.509745e+04 -1.812283e+05 9.704616e+04
-4.517996e+04 -1.813640e+05 9.687390e+04
-4.526245e+04 -1.814996e+05 9.670144e+04
-4.534492e+04 -1.816350e+05 9.652878e+04
-4.542738e+04 -1.817703e+05 9.635593e+04
-4.550982e+04 -1.819054e+05 9.618288e+04
-4.559225e+04 -1.820403e+05 9.600964e+04
-4.567466e+04 -1.821751e+05 9.583619e+04
-4.575705e+04 -1.823098e+05 9.566255e+04
-4.583942e+04 -1.824442e+05 9.548871e+04
-4.592177e+04 -1.825786e+05 9.531467e+04
-4.600411e+04 -1.827128e+05 9.514044e+04
-4.608643e+04 -1.828468e+05 9.496601e+04
-4.616873e+04 -1.829807e+05 9.479138e+04
-4.625101e+04 -1.831144e+05 9.461656e+04
-4.633328e+04 -1.832479e+05 9.444154e+04
-4.641553e+04 -1.833813e+05 9.426632e+04
-4.649776e+04 -1.835146e+05 9.409091e+04
-4.657997e+04 -1.836477e+05 9.391530e+04
-4.666216e+04 -1.837806e+05 9.373949e+04
-4.674433e+04 -1.839134e+05 9.356349e+04
-4.682649e+04 -1.840460e+05 9.338729e+04
-4.690863e+04 -1.841785e+05 9.321089e+04
-4.699074e+04 -1.843108e+05 9.303430e+04
-4.707284e+04 -1.844429e+05 9.285751e+04
-4.715492e+04 -1.845749e+05 9.268053e+04
-4.723698e+04 -1.847068e+05 9.250335e+04
-4.731902e+04 -1.848384e+05 9.232598e+04
-4.740104e+04 -1.849700e+05 9.214841e+04
-4.748305e+04 -1.851013e+05 9.197064e+04
-4.756503e+04 -1.852325e+05 9.179268e+04
-4.764699e+04 -1.853636e+05 9.161452e+04
-4.772893e+04 -1.854944e+05 9.143617e+04
-4.781086e+04 -1.856252e+05 9.125762e+04
-4.789276e+04 -1.857557e+05 9.107888e+04
-4.797464e+04 -1.858861e+05 9.089994e+04
-4.805651e+04 -1.860164e+05 9.072081e+04
-4.813835e+04 -1.861465e+05 9.054148e+04
-4.822017e+04 -1.862764e+05 9.036196e+04
-4.830197e+04 -1.864061e+05 9.018225e+04
-4.838375e+04 -1.865357e+05 9.000234e+04
-4.846551e+04 -1.866652e+05 8.982223e+04
-4.854725e+04 -1.867945e+05 8.964193e+04
-4.862897e+04 -1.869236e+05 8.946144e+04
-4.871066e+04 -1.870525e+05 8.928075e+04
-4.879234e+04 -1.871813e+05 8.909987e+04
-4.887399e+04 -1.873099e+05 8.891879e+04
-4.895563e+04 -1.874384e+05 8.873752e+04
-4.903724e+04 -1.875667e+05 8.855606e+04
-4.911883e+04 -1.876949e+05 8.837440e+04
-4.920040e+04 -1.878228e+05 8.819255e+04
-4.928194e+04 -1.879506e+05 8.801050e+04
-4.936347e+04 -1.880783e+05 8.782826e+04
-4.944497e+04 -1.882058e+05 8.764583e+04
-4.952645e+04 -1.883331e+05 8.746321e+04
-4.960791e+04 -1.884603e+05 8.728039e+04
-4.968934e+04 -1.885872e+05 8.709738e+04
-4.977076e+04 -1.887141e+05 8.691417e+04
-4.985215e+04 -1.888407e+05 8.673078e+04
-4.993351e+04 -1.889672e+05 8.654719e+04
-5.001486e+04 -1.890936e+05 8.636340e+04
-5.009618e+04 -1.892197e+05 8.617943e+04
-5.017748e+04 -1.893457e+05 8.599526e+04
-5.025876e+04 -1.894715e+05 8.581090e+04
-5.034001e+04 -1.895972e+05 8.562635e+04
-5.042124e+04 -1.897227e+05 8.544160e+04
-5.050245e+04 -1.898480e+05 8.525667e+04
-5.058363e+04 -1.899732e+05 8.507154e+04
-5.066479e+04 -1.900982e+05 8.488622e+04
-5.074592e+04 -1.902230e+05 8.470070e+04
-5.082703e+04 -1.903477e+05 8.451500e+04
-5.090812e+04 -1.904722e+05 8.432910e+04
-5.098918e+04 -1.905965e+05 8.414302e+04
-5.107022e+04 -1.907206e+05 8.395674e+04
-5.115124e+04 -1.908446e+05 8.377027e+04
-5.123223e+04 -1.909684e+05 8.358361e+04
-5.131319e+04 -1.910921e+05 8.339675e+04
-5.139414e+04 -1.912156e+05 8.320971e+04
-5.147505e+04 -1.913389e+05 8.302248e+04
-5.155594e+04 -1.914620e+05 8.283505e+04
-5.163681e+04 -1.915850e+05 8.264744e+04
-5.171765e+04 -1.917078e+05 8.245963e+04
-5.179847e+04 -1.918304e+05 8.227163e+04
-5.187926e+04 -1.919528e+05 8.208345e+04
-5.196003e+04 -1.920751e+05 8.189507e+04
-5.204077e+04 -1.921972e+05 8.170650e+04
-5.212148e+04 -1.923192e+05 8.151774e+04
-5.220217e+04 -1.924409e+05 8.132879e+04
-5.228283e+04 -1.925625e+05 8.113966e+04
-5.236347e+04 -1.926839e+05 8.095033e+04
-5.244408e+04 -1.928052e+05 8.076081e+04
-5.252467e+04 -1.929263e+05 8.057111e+04
-5.260523e+04 -1.930472e+05 8.038121e+04
-5.268576e+04 -1.931679e+05 8.019113e+04
-5.276626e+04 -1.932885e+05 8.000085e+04
-5.284674e+04 -1.934088e+05 7.981039e+04
-5.292720e+04 -1.935290e+05 7.961973e+04
-5.300762e+04 -1.936491e+05 7.942889e+04
-5.308802e+04 -1.937689e+05 7.923786e+04
-5.316839e+04 -1.938886e+05 7.904664e+04
-5.324874e+04 -1.940081e+05 7.885524e+04
-5.332906e+04 -1.941275e+05 7.866364e+04
-5.340935e+04 -1.942466e+05 7.847186e+04
-5.348961e+04 -1.943656e+05 7.827988e+04
-5.356984e+04 -1.944844e+05 7.808772e+04
-5.365005e+04 -1.946030e+05 7.789537e+04
-5.373023e+04 -1.947215e+05 7.770284e+04
-5.381038e+04 -1.948398e+05 7.751011e+04
-5.389051e+04 -1.949579e+05 7.731720e+04
-5.397060e+04 -1.950758e+05 7.712410e+04
-5.405067e+04 -1.951935e+05 7.693081e+04
-5.413071e+04 -1.953111e+05 7.673734e+04
-5.421072e+04 -1.954285e+05 7.654368e+04
-5.429070e+04 -1.955457e+05 7.634983e+04
-5.437066e+04 -1.956627e+05 7.615579e+04
-5.445058e+04 -1.957796e+05 7.596157e+04
-5.453048e+04 -1.958963e+05 7.576716e+04
-5.461034e+04 -1.960128e+05 7.557256e+04
-5.469018e+04 -1.961291e+05 7.537778e+04
-5.476999e+04 -1.962452e+05 7.518281e+04
-5.484977e+04 -1.963612e+05 7.498766e+04
-5.492952e+04 -1.964769e+05 7.479232e+04
-5.500924e+04 -1.965925e+05 7.459679e+04
-5.508893e+04 -1.967080e+05 7.440108e+04
-5.516859e+04 -1.968232e+05 7.420518e+04
-5.524822e+04 -1.969382e+05 7.400909e+04
-5.532782e+04 -1.970531e+05 7.381282e+04
-5.540739e+04 -1.971678e+05 7.361636e+04
-5.548693e+04 -1.972823e+05 7.341972e+04
-5.556644e+04 -1.973967e+05 7.322290e+04
-5.564592e+04 -1.975108e+05 7.302588e+04
-5.572537e+04 -1.976248e+05 7.282869e+04
-5.580479e+04 -1.977386e+05 7.263131e+04
-5.588418e+04 -1.978522e+05 7.243374e+04
-5.596353e+04 -1.979656e+05 7.223599e+04
-5.604286e+04 -1.980788e+05 7.203805e+04
-5.612215e+04 -1.981919e+05 7.183993e+04
-5.620142e+04 -1.983047e+05 7.164163e+04
-5.628065e+04 -1.984174e+05 7.144314e+04
-5.635985e+04 -1.985299e+05 7.124447e+04
-5.643902e+04 -1.986422e+05 7.104561e+04
-5.651816e+04 -1.987543e+05 7.084657e+04
-5.659726e+04 -1.988663e+05 7.064735e+04
-5.667633e+04 -1.989780e+05 7.044794e+04
-5.675538e+04 -1.990896e+05 7.024835e+04
-5.683439e+04 -1.992010e+05 7.004858e+04
-5.691336e+04 -1.993122e+05 6.984862e+04
-5.699231e+04 -1.994232e+05 6.964848e+04
-5.707122e+04 -1.995341e+05 6.944816e+04
-5.715010e+04 -1.996447e+05 6.924765e+04
-5.722894e+04 -1.997552e+05 6.904696e+04
-5.730776e+04 -1.998654e+05 6.884609e+04
-5.738654e+04 -1.999755e+05 6.864504e+04
-5.746529e+04 -2.000854e+05 6.844380e+04
-5.754400e+04 -2.001951e+05 6.824238e+04
-5.762268e+04 -2.003046e+05 6.804078e+04
-5.770133e+04 -2.004140e+05 6.783900e+04
-5.777995e+04 -2.005231e+05 6.763704e+04
-5.785853e+04 -2.006321e+05 6.743489e+04
-5.793707e+04 -2.007408e+05 6.723257e+04
-5.801559e+04 -2.008494e+05 6.703006e+04
-5.809407e+04 -2.009578e+05 6.682737e+04
-5.817251e+04 -2.010660e+05 6.662450e+04
-5.825092e+04 -2.011740e+05 6.642145e+04
-5.832930e+04 -2.012818e+05 6.621822e+04
-5.840764e+04 -2.013894e+05 6.601481e+04
-5.848595e+04 -2.014969e+05 6.581121e+04
-5.856422e+04 -2.016041e+05 6.560744e+04
-5.864246e+04 -2.017112e+05 6.540349e+04
-5.872066e+04 -2.018180e+05 6.519935e+04
-5.879883e+04 -2.019247e+05 6.499504e+04
-5.887697e+04 -2.020312e+05 6.479055e+04
-5.895506e+04 -2.021375e+05 6.458587e+04
-5.903313e+04 -2.022436e+05 6.438102e+04
-5.911115e+04 -2.023495e+05 6.417599e+04
-5.918915e+04 -2.024552e+05 6.397077e+04
-5.926710e+04 -2.025607e+05 6.376538e+04
-5.934502e+04 -2.026660e+05 6.355981e+04
-5.942291e+04 -2.027712e+05 6.335406e+04
-5.950075e+04 -2.028761e+05 6.314814e+04
-5.957857e+04 -2.029809e+05 6.294203e+04
-5.965634e+04 -2.030854e+05 6.273575e+04
-5.973408e+04 -2.031898e+05 6.252928e+04
-5.981178e+04 -2.032939e+05 6.232264e+04
-5.988945e+04 -2.033979e+05 6.211582e+04
-5.996708e+04 -2.035017e+05 6.190882e+04
-6.004467e+04 -2.036053e+05 6.170165e+04
-6.012223e+04 -2.037086e+05 6.149430e+04
-6.019975e+04 -2.038118e+05 6.128677e+04
-6.027723e+04 -2.039148e+05 6.107906e+04
-6.035467e+04 -2.040176e+05 6.087117e+04
-6.043208e+04 -2.041202e+05 6.066311e+04
-6.050945e+04 -2.042226e+05 6.045487e+04
-6.058678e+04 -2.043248e+05 6.024646e+04
-6.066407e+04 -2.044268e+05 6.003786e+04
-6.074133e+04 -2.045286e+05 5.982909e+04
-6.081855e+04 -2.046302e+05 5.962015e+04
-6.089573e+04 -2.047317e+05 5.941103e+04
-6.097287e+04 -2.048329e+05 5.920173e+04
-6.104997e+04 -2.049339e+05 5.899225e+04
-6.112704e+04 -2.050347e+05 5.878261e+04
-6.120406e+04 -2.051353e+05 5.857278e+04
-6.128105e+04 -2.052358e+05 5.836278e+04
-6.135800e+04 -2.053360e+05 5.815260e+04
-6.143491e+04 -2.054360e+05 5.794225e+04
-6.151178e+04 -2.055358e+05 5.773173e+04
-6.158861e+04 -2.056355e+05 5.752102e+04
-6.166540e+04 -2.057349e+05 5.731015e+04
-6.174216e+04 -2.058341e+05 5.709910e+04
-6.181887e+04 -2.059331e+05 5.688787e+04
-6.189554e+04 -2.060320e+05 5.667647e+04
-6.197218e+04 -2.061306e+05 5.646490e+04
-6.204877e+04 -2.062290e+05 5.625315e+04
-6.212532e+04 -2.063272e+05 5.604123e+04
-6.220184e+04 -2.064252e+05 5.582914e+04
-6.227831e+04 -2.065231e+05 5.561687e+04
-6.235475e+04 -2.066207e+05 5.540443e+04
-6.243114e+04 -2.067181e+05 5.519181e+04
-6.250749e+04 -2.068153e+05 5.497902e+04
-6.258380e+04 -2.069123e+05 5.476606e+04
-6.266007e+04 -2.070091e+05 5.455293e+04
-6.273630e+04 -2.071057e+05 5.433962e+04
-6.281249e+04 -2.072021e+05 5.412614e+04
-6.288864e+04 -2.072983e+05 5.391249e+04
-6.296475e+04 -2.073943e+05 5.369867e+04
-6.304081e+04 -2.074901e+05 5.348467e+04
-6.311683e+04 -2.075857e+05 5.327050e+04
-6.319282e+04 -2.076810e+05 5.305616e+04
-6.326876e+04 -2.077762e+05 5.284165e+04
-6.334465e+04 -2.078712e+05 5.262697e+04
-6.342051e+04 -2.079659e+05 5.241212e+04
-6.349632e+04 -2.080605e+05 5.219709e+04
-6.357210e+04 -2.081548e+05 5.198190e+04
-6.364782e+04 -2.082490e+05 5.176653e+04
-6.372351e+04 -2.083429e+05 5.155100e+04
-6.379916e+04 -2.084366e+05 5.133529e+04
-6.387476e+04 -2.085302e+05 5.111941e+04
-6.395032e+04 -2.086235e+05 5.090336e+04
-6.402583e+04 -2.087166e+05 5.068715e+04
-6.410131e+04 -2.088095e+05 5.047076e+04
-6.417674e+04 -2.089022e+05 5.025420e+04
-6.425212e+04 -2.089947e+05 5.003748e+04
-6.432746e+04 -2.090869e+05 4.982058e+04
-6.440276e+04 -2.091790e+05 4.960352e+04
-6.447802e+04 -2.092709e+05 4.938628e+04
-6.455323e+04 -2.093625e+05 4.916888e+04
-6.462840e+04 -2.094540e+05 4.895131e+04
-6.470352e+04 -2.095452e+05 4.873357e+04
-6.477860e+04 -2.096362e+05 4.851566e+04
-6.485364e+04 -2.097270e+05 4.829759e+04
-6.492863e+04 -2.098176e+05 4.807934e+04
-6.500358e+04 -2.099080e+05 4.786093e+04
-6.507848e+04 -2.099982e+05 4.764235e+04
-6.515334e+04 -2.100882e+05 4.742361e+04
-6.522815e+04 -2.101779e+05 4.720469e+04
-6.530292e+04 -2.102675e+05 4.698561e+04
-6.537764e+04 -2.103568e+05 4.676636e+04
-6.545232e+04 -2.104459e+05 4.654695e+04
-6.552695e+04 -2.105349e+05 4.632737e+04
-6.560154e+04 -2.106236e+05 4.610762e+04
-6.567608e+04 -2.107121e+05 4.588770e+04
-6.575057e+04 -2.108003e+05 4.566762e+04
-6.582502e+04 -2.108884e+05 4.544738e+04
-6.589943e+04 -2.109762e+05 4.522696e+04
-6.597378e+04 -2.110639e+05 4.500639e+04
-6.604810e+04 -2.111513e+05 4.478564e+04
-6.612236e+04 -2.112385e+05 4.456473e+04
-6.619658e+04 -2.113255e+05 4.434366e+04
-6.627075e+04 -2.114123e+05 4.412242e+04
-6.634488e+04 -2.114989e+05 4.390102e+04
-6.641896e+04 -2.115852e+05 4.367945e+04
-6.649299e+04 -2.116714e+05 4.345772e+04
-6.656697e+04 -2.117573e+05 4.323582e+04
-6.664091e+04 -2.118430e+05 4.301376e+04
-6.671480e+04 -2.119285e+05 4.279154e+04
-6.678864e+04 -2.120138e+05 4.256915e+04
-6.686244e+04 -2.120988e+05 4.234660e+04
-6.693619e+04 -2.121837e+05 4.212388e+04
-6.700989e+04 -2.122683e+05 4.190101e+04
-6.708354e+04 -2.123527e+05 4.167796e+04
-6.715715e+04 -2.124369e+05 4.145476e+04
-6.723070e+04 -2.125209e+05 4.123139e+04
-6.730421e+04 -2.126046e+05 4.100787e+04
-6.737767e+04 -2.126882e+05 4.078417e+04
-6.745108e+04 -2.127715e+05 4.056032e+04
-6.752445e+04 -2.128546e+05 4.033631e+04
-6.759776e+04 -2.129375e+05 4.011213e+04
-6.767103e+04 -2.130202e+05 3.988779e+04
-6.774424e+04 -2.131026e+05 3.966329e+04
-6.781741e+04 -2.131848e+05 3.943863e+04
-6.789053e+04 -2.132669e+05 3.921381e+04
-6.796360e+04 -2.133487e+05 3.898883e+04
-6.803662e+04 -2.134302e+05 3.876368e+04
-6.810959e+04 -2.135116e+05 3.853838e+04
-6.818251e+04 -2.135927e+05 3.831291e+04
-6.825538e+04 -2.136736e+05 3.808729e+04
-6.832820e+04 -2.137543e+05 3.786151e+04
-6.840097e+04 -2.138348e+05 3.763556e+04
-6.847369e+04 -2.139150e+05 3.740946e+04
-6.854636e+04 -2.139951e+05 3.718320e+04
-6.861898e+04 -2.140749e+05 3.695678e+04
-6.869155e+04 -2.141545e+05 3.673019e+04
-6.876407e+04 -2.142338e+05 3.650346e+04
-6.883654e+04 -2.143130e+05 3.627656e+04
-6.890895e+04 -2.143919e+05 3.604950e+04
-6.898132e+04 -2.144706e+05 3.582229e+04
-6.905363e+04 -2.145491e+05 3.559491e+04
-6.912590e+04 -2.146273e+05 3.536738e+04
-6.919811e+04 -2.147053e+05 3.513970e+04
-6.927027e+04 -2.147831e+05 3.491185e+04
-6.934238e+04 -2.148607e+05 3.468385e+04
-6.941444e+04 -2.149381e+05 3.445569e+04
-6.948644e+04 -2.150152e+05 3.422737e+04
-6.955840e+04 -2.150921e+05 3.399890e+04
-6.963030e+04 -2.151688e+05 3.377027e+04
-6.970215e+04 -2.152453e+05 3.354148e+04
-6.977395e+04 -2.153215e+05 3.331254e+04
-6.984569e+04 -2.153975e+05 3.308344e+04
-6.991738e+04 -2.154733e+05 3.285419e+04
-6.998902e+04 -2.155488e+05 3.262478e+04
-7.006061e+04 -2.156242e+05 3.239521e+04
-7.013214e+04 -2.156993e+05 3.216549e+04
-7.020362e+04 -2.157742e+05 3.193562e+04
-7.027505e+04 -2.158488e+05 3.170559e+04
-7.034643e+04 -2.159232e+05 3.147541e+04
-7.041775e+04 -2.159974e+05 3.124507e+04
-7.048901e+04 -2.160714e+05 3.101457e+04
-7.056023e+04 -2.161451e+05 3.078393e+04
-7.063139e+04 -2.162187e+05 3.055313e+04
-7.070249e+04 -2.162919e+05 3.032217e+04
-7.077355e+04 -2.163650e+05 3.009107e+04
-7.084454e+04 -2.164378e+05 2.985981e+04
-7.091549e+04 -2.165104e+05 2.962839e+04
-7.098638e+04 -2.165828e+05 2.939683e+04
-7.105721e+04 -2.166550e+05 2.916511e+04
-7.112799e+04 -2.167269e+05 2.893324e+04
-7.119871e+04 -2.167985e+05 2.870122e+04
-7.126938e+04 -2.168700e+05 2.846904e+04
-7.134000e+04 -2.169412e+05 2.823671e+04
-7.141056e+04 -2.170122e+05 2.800424e+04
-7.148106e+04 -2.170830e+05 2.777161e+04
-7.155151e+04 -2.171535e+05 2.753883e+04
-7.162191e+04 -2.172238e+05 2.730590e+04
-7.169225e+04 -2.172939e+05 2.707281e+04
-7.176253e+04 -2.173637e+05 2.683958e+04
-7.183275e+04 -2.174333e+05 2.660620e+04
-7.190293e+04 -2.175027e+05 2.637266e+04
-7.197304e+04 -2.175719e+05 2.613898e+04
-7.204310e+04 -2.176408e+05 2.590515e+04
-7.211310e+04 -2.177095e+05 2.567117e+04
-7.218304e+04 -2.177779e+05 2.543704e+04
-7.225293e+04 -2.178461e+05 2.520275e+04
-7.232277e+04 -2.179141e+05 2.496833e+04
-7.239254e+04 -2.179818e+05 2.473375e+04
-7.246226e+04 -2.180494e+05 2.449902e+04
-7.253192e+04 -2.181166e+05 2.426415e+04
-7.260152e+04 -2.181837e+05 2.402912e+04
-7.267107e+04 -2.182505e+05 2.379395e+04
-7.274056e+04 -2.183171e+05 2.355864e+04
-7.280999e+04 -2.183834e+05 2.332317e+04
-7.287936e+04 -2.184495e+05 2.308756e+04
-7.294868e+04 -2.185154e+05 2.285180e+04
-7.301794e+04 -2.185810e+05 2.261589e+04
-7.308714e+04 -2.186464e+05 2.237984e+04
-7.315628e+04 -2.187116e+05 2.214364e+04
-7.322536e+04 -2.187765e+05 2.190730e+04
-7.329439e+04 -2.188412e+05 2.167081e+04
-7.336335e+04 -2.189057e+05 2.143417e+04
-7.343226e+04 -2.189699e+05 2.119739e+04
-7.350111e+04 -2.190339e+05 2.096046e+04
-7.356990e+04 -2.190976e+05 2.072339e+04
-7.363863e+04 -2.191611e+05 2.048617e+04
-7.370730e+04 -2.192244e+05 2.024881e+04
-7.377591e+04 -2.192874e+05 2.001130e+04
-7.384446e+04 -2.193502e+05 1.977365e+04
-7.391296e+04 -2.194128e+05 1.953586e+04
-7.398139e+04 -2.194751e+05 1.929792e+04
-7.404976e+04 -2.195372e+05 1.905984e+04
-7.411808e+04 -2.195990e+05 1.882162e+04
-7.418633e+04 -2.196606e+05 1.858325e+04
-7.425453e+04 -2.197220e+05 1.834474e+04
-7.432266e+04 -2.197831e+05 1.810609e+04
-7.439073e+04 -2.198440e+05 1.786729e+04
-7.445874e+04 -2.199047e+05 1.762835e+04
-7.452669e+04 -2.199651e+05 1.738927e+04
-7.459458e+04 -2.200252e+05 1.715005e+04
-7.466241e+04 -2.200852e+05 1.691069e+04
-7.473018e+04 -2.201448e+05 1.667119e+04
-7.479789e+04 -2.202043e+05 1.643154e+04
-7.486554e+04 -2.202635e+05 1.619176e+04
-7.493312e+04 -2.203224e+05 1.595183e+04
-7.500064e+04 -2.203812e+05 1.571176e+04
-7.506811e+04 -2.204396e+05 1.547156e+04
-7.513551e+04 -2.204979e+05 1.523121e+04
-7.520284e+04 -2.205559e+05 1.499072e+04
-7.527012e+04 -2.206136e+05 1.475010e+04
-7.533733e+04 -2.206711e+05 1.450933e+04
-7.540448e+04 -2.207284e+05 1.426843e+04
-7.547157e+04 -2.207854e+05 1.402739e+04
-7.553860e+04 -2.208422e+05 1.378620e+04
-7.560556e+04 -2.208987e+05 1.354489e+04
-7.567246e+04 -2.209550e+05 1.330343e+04
-7.573930e+04 -2.210111e+05 1.306183e+04
-7.580608e+04 -2.210669e+05 1.282010e+04
-7.587279e+04 -2.211224e+05 1.257823e+04
-7.593944e+04 -2.211777e+05 1.233622e+04
-7.600602e+04 -2.212328e+05 1.209408e+04
-7.607254e+04 -2.212876e+05 1.185180e+04
-7.613900e+04 -2.213422e+05 1.160938e+04
-7.620540e+04 -2.213965e+05 1.136682e+04
-7.627173e+04 -2.214506e+05 1.112413e+04
-7.633799e+04 -2.215045e+05 1.088131e+04
-7.640420e+04 -2.215581e+05 1.063835e+04
-7.647033e+04 -2.216114e+05 1.039525e+04
-7.653641e+04 -2.216645e+05 1.015202e+04
-7.660242e+04 -2.217174e+05 9.908653e+03
-7.666836e+04 -2.217700e+05 9.665153e+03
-7.673424e+04 -2.218223e+05 9.421518e+03
-7.680006e+04 -2.218745e+05 9.177748e+03
-7.686581e+04 -2.219263e+05 8.933845e+03
-7.693149e+04 -2.219779e+05 8.689809e+03
-7.699711e+04 -2.220293e+05 8.445639e+03
-7.706266e+04 -2.220804e+05 8.201335e+03
-7.712815e+04 -2.221313e+05 7.956899e+03
-7.719358e+04 -2.221819e+05 7.712331e+03
-7.725893e+04 -2.222323e+05 7.467630e+03
-7.732422e+04 -2.222824e+05 7.222796e+03
-7.738945e+04 -2.223323e+05 6.977831e+03
-7.745461e+04 -2.223820e+05 6.732734e+03
-7.751970e+04 -2.224313e+05 6.487506e+03
-7.758473e+04 -2.224805e+05 6.242146e+03
-7.764969e+04 -2.225293e+05 5.996655e+03
-7.771458e+04 -2.225780e+05 5.751034e+03
-7.777941e+04 -2.226264e+05 5.505282e+03
-7.784417e+04 -2.226745e+05 5.259400e+03
-7.790886e+04 -2.227224e+05 5.013389e+03
-7.797349e+04 -2.227700e+05 4.767247e+03
-7.803805e+04 -2.228174e+05 4.520976e+03
-7.810254e+04 -2.228645e+05 4.274575e+03
-7.816696e+04 -2.229114e+05 4.028046e+03
-7.823132e+04 -2.229580e+05 3.781388e+03
-7.829561e+04 -2.230043e+05 3.534601e+03
-7.835983e+04 -2.230505e+05 3.287686e+03
-7.842398e+04 -2.230963e+05 3.040643e+03
-7.848807e+04 -2.231419e+05 2.793472e+03
-7.855208e+04 -2.231873e+05 2.546174e+03
-7.861603e+04 -2.232324e+05 2.298749e+03
-7.867991e+04 -2.232773e+05 2.051196e+03
-7.874372e+04 -2.233218e+05 1.803517e+03
-7.880746e+04 -2.233662e+05 1.555711e+03
-7.887114e+04 -2.234103e+05 1.307779e+03
-7.893474e+04 -2.234541e+05 1.059721e+03
-7.899828e+04 -2.234977e+05 8.115374e+02
-7.906174e+04 -2.235410e+05 5.632281e+02
-7.912514e+04 -2.235841e+05 3.147936e+02
-7.918847e+04 -2.236269e+05 6.623415e+01
-7.925172e+04 -2.236695e+05 -1.824501e+02
-7.931491e+04 -2.237118e+05 -4.312588e+02
-7.937803e+04 -2.237538e+05 -6.801917e+02
-7.944108e+04 -2.237956e+05 -9.292486e+02
-7.950406e+04 -2.238372e+05 -1.178429e+03
-7.956697e+04 -2.238785e+05 -1.427733e+03
-7.962980e+04 -2.239195e+05 -1.677160e+03
-7.969257e+04 -2.239603e+05 -1.926711e+03
-7.975527e+04 -2.240008e+05 -2.176384e+03
-7.981789e+04 -2.240410e+05 -2.426179e+03
-7.988045e+04 -2.240810e+05 -2.676096e+03
-7.994293e+04 -2.241208e+05 -2.926136e+03
-8.000535e+04 -2.241603e+05 -3.176297e+03
-8.006769e+04 -2.241995e+05 -3.426579e+03
-8.012996e+04 -2.242385e+05 -3.676983e+03
-8.019216e+04 -2.242772e+05 -3.927507e+03
-8.025429e+04 -2.243156e+05 -4.178152e+03
-8.031634e+04 -2.243538e+05 -4.428918e+03
-8.037833e+04 -2.243918e+05 -4.679803e+03
-8.044024e+04 -2.244294e+05 -4.930808e+03
-8.050208e+04 -2.244668e+05 -5.181933e+03
-8.056385e+04 -2.245040e+05 -5.433177e+03
-8.062554e+04 -2.245409e+05 -5.684540e+03
-8.068717e+04 -2.245775e+05 -5.936022e+03
-8.074872e+04 -2.246139e+05 -6.187623e+03
-8.081020e+04 -2.246500e+05 -6.439341e+03
-8.087160e+04 -2.246859e+05 -6.691178e+03
-8.093294e+04 -2.247215e+05 -6.943132e+03
-8.099420e+04 -2.247568e+05 -7.195204e+03
-8.105538e+04 -2.247919e+05 -7.447393e+03
-8.111650e+04 -2.248267e+05 -7.699699e+03
-8.117754e+04 -2.248613e+05 -7.952121e+03
-8.123850e+04 -2.248956e+05 -8.204660e+03
-8.129939e+04 -2.249296e+05 -8.457315e+03
-8.136021e+04 -2.249634e+05 -8.710086e+03
-8.142096e+04 -2.249969e+05 -8.962972e+03
-8.148163e+04 -2.250301e+05 -9.215974e+03
-8.154223e+04 -2.250631e+05 -9.469090e+03
-8.160275e+04 -2.250958e+05 -9.722322e+03
-8.166320e+04 -2.251283e+05 -9.975668e+03
-8.172357e+04 -2.251605e+05 -1.022913e+04
-8.178387e+04 -2.251924e+05 -1.048270e+04
-8.184409e+04 -2.252241e+05 -1.073639e+04
-8.190424e+04 -2.252555e+05 -1.099019e+04
-8.196432e+04 -2.252866e+05 -1.124410e+04
-8.202432e+04 -2.253175e+05 -1.149813e+04
-8.208424e+04 -2.253481e+05 -1.175227e+04
-8.214409e+04 -2.253785e+05 -1.200652e+04
-8.220386e+04 -2.254086e+05 -1.226089e+04
-8.226356e+04 -2.254384e+05 -1.251536e+04
-8.232318e+04 -2.254679e+05 -1.276995e+04
-8.238273e+04 -2.254972e+05 -1.302465e+04
-8.244220e+04 -2.255262e+05 -1.327946e+04
-8.250159e+04 -2.255550e+05 -1.353438e+04
-8.256091e+04 -2.255835e+05 -1.378941e+04
-8.262015e+04 -2.256117e+05 -1.404455e+04
-8.267932e+04 -2.256397e+05 -1.429980e+04
-8.273841e+04 -2.256674e+05 -1.455516e+04
-8.279742e+04 -2.256948e+05 -1.481063e+04
-8.285635e+04 -2.257220e+05 -1.506620e+04
-8.291521e+04 -2.257489e+05 -1.532189e+04
-8.297399e+04 -2.257755e+05 -1.557768e+04
-8.303270e+04 -2.258019e+05 -1.583359e+04
-8.309132e+04 -2.258279e+05