0.000000e+00 0.000000e+00 0.000000e+00 1.000000e+00
1.308774e-02 1.309063e-02 1.308906e-02 9.997430e-01
2.616657e-02 2.617811e-02 2.617167e-02 9.989720e-01
3.922982e-02 3.925574e-02 3.924085e-02 9.976874e-01
5.227083e-02 5.231684e-02 5.228964e-02 9.958898e-01
6.528292e-02 6.535471e-02 6.531110e-02 9.935801e-01
7.825945e-02 7.836268e-02 7.829827e-02 9.907594e-01
9.119377e-02 9.133410e-02 9.124423e-02 9.874291e-01
1.040793e-01 1.042623e-01 1.041421e-01 9.835910e-01
1.169093e-01 1.171407e-01 1.169849e-01 9.792471e-01
1.296774e-01 1.299626e-01 1.297659e-01 9.743994e-01
1.423770e-01 1.427216e-01 1.424782e-01 9.690507e-01
1.550014e-01 1.554111e-01 1.551151e-01 9.632036e-01
1.675444e-01 1.680245e-01 1.676698e-01 9.568613e-01
1.799993e-01 1.805555e-01 1.801356e-01 9.500269e-01
1.923600e-01 1.929976e-01 1.925059e-01 9.427041e-01
2.046199e-01 2.053445e-01 2.047741e-01 9.348967e-01
2.167728e-01 2.175899e-01 2.169337e-01 9.266088e-01
2.288126e-01 2.297274e-01 2.289782e-01 9.178448e-01
2.407329e-01 2.417510e-01 2.409012e-01 9.086092e-01
2.525278e-01 2.536545e-01 2.526963e-01 8.989070e-01
2.641911e-01 2.654318e-01 2.643574e-01 8.887430e-01
2.757169e-01 2.770769e-01 2.758783e-01 8.781229e-01
2.870993e-01 2.885840e-01 2.872528e-01 8.670520e-01
2.983325e-01 2.999471e-01 2.984750e-01 8.555362e-01
3.094108e-01 3.111605e-01 3.095389e-01 8.435815e-01
3.203285e-01 3.222185e-01 3.204387e-01 8.311943e-01
3.310800e-01 3.331156e-01 3.311687e-01 8.183809e-01
3.416599e-01 3.438461e-01 3.417233e-01 8.051482e-01
3.520627e-01 3.544048e-01 3.520969e-01 7.915029e-01
3.622833e-01 3.647861e-01 3.622840e-01 7.774524e-01
3.723165e-01 3.749850e-01 3.722794e-01 7.630038e-01
3.821571e-01 3.849961e-01 3.820778e-01 7.481648e-01
3.918002e-01 3.948146e-01 3.916740e-01 7.329430e-01
4.012410e-01 4.044354e-01 4.010631e-01 7.173465e-01
4.104747e-01 4.138536e-01 4.102402e-01 7.013834e-01
4.194968e-01 4.230646e-01 4.192004e-01 6.850619e-01
4.283026e-01 4.320637e-01 4.279391e-01 6.683906e-01
4.368877e-01 4.408464e-01 4.364518e-01 6.513780e-01
4.452480e-01 4.494083e-01 4.447341e-01 6.340331e-01
4.533792e-01 4.577450e-01 4.527816e-01 6.163648e-01
4.612773e-01 4.658525e-01 4.605902e-01 5.983823e-01
4.689383e-01 4.737266e-01 4.681559e-01 5.800949e-01
4.763585e-01 4.813634e-01 4.754747e-01 5.615120e-01
4.835343e-01 4.887590e-01 4.825429e-01 5.426432e-01
4.904620e-01 4.959098e-01 4.893568e-01 5.234982e-01
4.971384e-01 5.028123e-01 4.959130e-01 5.040869e-01
5.035600e-01 5.094628e-01 5.022080e-01 4.844194e-01
5.097238e-01 5.158583e-01 5.082386e-01 4.645056e-01
5.156268e-01 5.219953e-01 5.140018e-01 4.443559e-01
5.212660e-01 5.278709e-01 5.194945e-01 4.239805e-01
5.266388e-01 5.334822e-01 5.247141e-01 4.033900e-01
5.317426e-01 5.388262e-01 5.296577e-01 3.825948e-01
5.365749e-01 5.439005e-01 5.343229e-01 3.616056e-01
5.411334e-01 5.487023e-01 5.387073e-01 3.404333e-01
5.454160e-01 5.532294e-01 5.428086e-01 3.190885e-01
5.494206e-01 5.574795e-01 5.466246e-01 2.975823e-01
5.531453e-01 5.614503e-01 5.501535e-01 2.759256e-01
5.565884e-01 5.651400e-01 5.533934e-01 2.541295e-01
5.597483e-01 5.685467e-01 5.563428e-01 2.322052e-01
5.626235e-01 5.716687e-01 5.590000e-01 2.101636e-01
5.652127e-01 5.745044e-01 5.613637e-01 1.880162e-01
5.675147e-01 5.770523e-01 5.634328e-01 1.657742e-01
5.695285e-01 5.793113e-01 5.652062e-01 1.434488e-01
5.712532e-01 5.812801e-01 5.666831e-01 1.210515e-01
5.726881e-01 5.829578e-01 5.678626e-01 9.859358e-02
5.738324e-01 5.843434e-01 5.687442e-01 7.608645e-02
5.746859e-01 5.854362e-01 5.693276e-01 5.354155e-02
5.752480e-01 5.862357e-01 5.696123e-01 3.097031e-02
5.755188e-01 5.867414e-01 5.695984e-01 8.384190e-03
5.754981e-01 5.869530e-01 5.692858e-01 -1.420536e-02
5.751861e-01 5.868703e-01 5.686747e-01 -3.678689e-02
5.745831e-01 5.864932e-01 5.677655e-01 -5.934892e-02
5.736894e-01 5.858221e-01 5.665586e-01 -8.187999e-02
5.725057e-01 5.848570e-01 5.650546e-01 -1.043687e-01
5.710326e-01 5.835985e-01 5.632544e-01 -1.268036e-01
5.692710e-01 5.820470e-01 5.611588e-01 -1.491733e-01
5.672219e-01 5.802034e-01 5.587689e-01 -1.714665e-01
5.648864e-01 5.780683e-01 5.560859e-01 -1.936718e-01
5.622659e-01 5.756430e-01 5.531113e-01 -2.157780e-01
5.593617e-01 5.729284e-01 5.498465e-01 -2.377738e-01
5.561754e-01 5.699258e-01 5.462932e-01 -2.596481e-01
5.527088e-01 5.666367e-01 5.424533e-01 -2.813898e-01
5.489636e-01 5.630627e-01 5.383287e-01 -3.029878e-01
5.449418e-01 5.592053e-01 5.339215e-01 -3.244312e-01
5.406456e-01 5.550666e-01 5.292340e-01 -3.457091e-01
5.360773e-01 5.506484e-01 5.242685e-01 -3.668106e-01
5.312391e-01 5.459529e-01 5.190277e-01 -3.877250e-01
5.261337e-01 5.409823e-01 5.135142e-01 -4.084418e-01
5.207637e-01 5.357391e-01 5.077308e-01 -4.289503e-01
5.151318e-01 5.302257e-01 5.016805e-01 -4.492401e-01
5.092410e-01 5.244448e-01 4.953663e-01 -4.693010e-01
5.030944e-01 5.183993e-01 4.887916e-01 -4.891226e-01
4.966951e-01 5.120920e-01 4.819597e-01 -5.086949e-01
4.900464e-01 5.055261e-01 4.748741e-01 -5.280080e-01
4.831517e-01 4.987047e-01 4.675385e-01 -5.470520e-01
4.760145e-01 4.916311e-01 4.599565e-01 -5.658171e-01
4.686386e-01 4.843088e-01 4.521322e-01 -5.842939e-01
4.610276e-01 4.767414e-01 4.440694e-01 -6.024728e-01
4.531856e-01 4.689326e-01 4.357724e-01 -6.203446e-01
4.451164e-01 4.608861e-01 4.272455e-01 -6.379002e-01
4.368242e-01 4.526060e-01 4.184929e-01 -6.551306e-01
4.283133e-01 4.440962e-01 4.095193e-01 -6.720269e-01
4.195879e-01 4.353610e-01 4.003292e-01 -6.885806e-01
4.106526e-01 4.264047e-01 3.909275e-01 -7.047831e-01
4.015118e-01 4.172316e-01 3.813188e-01 -7.206262e-01
3.921702e-01 4.078462e-01 3.715083e-01 -7.361016e-01
3.826326e-01 3.982533e-01 3.615009e-01 -7.512015e-01
3.729037e-01 3.884575e-01 3.513018e-01 -7.659181e-01
3.629886e-01 3.784637e-01 3.409164e-01 -7.802439e-01
3.528923e-01 3.682768e-01 3.303499e-01 -7.941714e-01
3.426199e-01 3.579018e-01 3.196079e-01 -8.076934e-01
3.321765e-01 3.473439e-01 3.086960e-01 -8.208031e-01
3.215676e-01 3.366084e-01 2.976198e-01 -8.334936e-01
3.107984e-01 3.257005e-01 2.863850e-01 -8.457584e-01
2.998744e-01 3.146256e-01 2.749975e-01 -8.575911e-01
2.888012e-01 3.033893e-01 2.634633e-01 -8.689856e-01
2.775843e-01 2.919972e-01 2.517883e-01 -8.799359e-01
2.662296e-01 2.804549e-01 2.399786e-01 -8.904365e-01
2.547426e-01 2.687682e-01 2.280404e-01 -9.004818e-01
2.431292e-01 2.569430e-01 2.159800e-01 -9.100665e-01
2.313954e-01 2.449850e-01 2.038036e-01 -9.191858e-01
2.195471e-01 2.329003e-01 1.915177e-01 -9.278348e-01
2.075902e-01 2.206950e-01 1.791286e-01 -9.360091e-01
1.955308e-01 2.083752e-01 1.666428e-01 -9.437042e-01
1.833751e-01 1.959469e-01 1.540670e-01 -9.509162e-01
1.711293e-01 1.834166e-01 1.414078e-01 -9.576414e-01
1.587995e-01 1.707904e-01 1.286717e-01 -9.638760e-01
1.463920e-01 1.580747e-01 1.158656e-01 -9.696169e-01
1.339131e-01 1.452758e-01 1.029961e-01 -9.748610e-01
1.213693e-01 1.324003e-01 9.007016e-02 -9.796055e-01
1.087667e-01 1.194547e-01 7.709447e-02 -9.838480e-01
9.611191e-02 1.064453e-01 6.407594e-02 -9.875860e-01
8.341132e-02 9.337892e-02 5.102147e-02 -9.908177e-01
7.067141e-02 8.026199e-02 3.793798e-02 -9.935413e-01
5.789866e-02 6.710118e-02 2.483240e-02 -9.957553e-01
4.509959e-02 5.390314e-02 1.171169e-02 -9.974584e-01
3.228073e-02 4.067456e-02 -1.417170e-03 -9.986499e-01
1.944861e-02 2.742210e-02 -1.454721e-02 -9.993289e-01
6.609799e-03 1.415250e-02 -2.767144e-02 -9.994950e-01
-6.229158e-03 8.724532e-04 -4.078289e-02 -9.991482e-01
-1.906170e-02 -1.241130e-02 -5.387455e-02 -9.982886e-01
-3.188127e-02 -2.569203e-02 -6.693947e-02 -9.969166e-01
-4.468131e-02 -3.896302e-02 -7.997067e-02 -9.950327e-01
-5.745527e-02 -5.221752e-02 -9.296120e-02 -9.926381e-01
-7.019664e-02 -6.544883e-02 -1.059041e-01 -9.897339e-01
-8.289887e-02 -7.865023e-02 -1.187926e-01 -9.863216e-01
-9.555549e-02 -9.181502e-02 -1.316197e-01 -9.824029e-01
-1.081600e-01 -1.049365e-01 -1.443785e-01 -9.779798e-01
-1.207060e-01 -1.180081e-01 -1.570623e-01 -9.730548e-01
-1.331870e-01 -1.310231e-01 -1.696643e-01 -9.676302e-01
-1.455966e-01 -1.439750e-01 -1.821778e-01 -9.617089e-01
-1.579286e-01 -1.568571e-01 -1.945961e-01 -9.552941e-01
-1.701766e-01 -1.696630e-01 -2.069126e-01 -9.483889e-01
-1.823342e-01 -1.823861e-01 -2.191206e-01 -9.409972e-01
-1.943954e-01 -1.950200e-01 -2.312138e-01 -9.331226e-01
-2.063540e-01 -2.075583e-01 -2.431856e-01 -9.247693e-01
-2.182038e-01 -2.199946e-01 -2.550297e-01 -9.159418e-01
-2.299389e-01 -2.323227e-01 -2.667397e-01 -9.066445e-01
-2.415531e-01 -2.445363e-01 -2.783095e-01 -8.968823e-01
-2.530407e-01 -2.566293e-01 -2.897328e-01 -8.866604e-01
-2.643956e-01 -2.685954e-01 -3.010037e-01 -8.759842e-01
-2.756123e-01 -2.804288e-01 -3.121160e-01 -8.648590e-01
-2.866850e-01 -2.921233e-01 -3.230640e-01 -8.532909e-01
-2.976079e-01 -3.036731e-01 -3.338418e-01 -8.412858e-01
-3.083757e-01 -3.150723e-01 -3.444437e-01 -8.288501e-01
-3.189829e-01 -3.263153e-01 -3.548640e-01 -8.159901e-01
-3.294240e-01 -3.373963e-01 -3.650974e-01 -8.027126e-01
-3.396938e-01 -3.483097e-01 -3.751383e-01 -7.890246e-01
-3.497871e-01 -3.590502e-01 -3.849815e-01 -7.749331e-01
-3.596988e-01 -3.696122e-01 -3.946217e-01 -7.604455e-01
-3.694239e-01 -3.799904e-01 -4.040539e-01 -7.455694e-01
-3.789576e-01 -3.901797e-01 -4.132731e-01 -7.303124e-01
-3.882950e-01 -4.001749e-01 -4.222745e-01 -7.146826e-01
-3.974315e-01 -4.099711e-01 -4.310534e-01 -6.986880e-01
-4.063625e-01 -4.195632e-01 -4.396050e-01 -6.823369e-01
-4.150835e-01 -4.289465e-01 -4.479250e-01 -6.656378e-01
-4.235902e-01 -4.381163e-01 -4.560090e-01 -6.485994e-01
-4.318783e-01 -4.470681e-01 -4.638527e-01 -6.312305e-01
-4.399437e-01 -4.557972e-01 -4.714521e-01 -6.135400e-01
-4.477825e-01 -4.642994e-01 -4.788031e-01 -5.955371e-01
-4.553907e-01 -4.725704e-01 -4.859020e-01 -5.772311e-01
-4.627646e-01 -4.806061e-01 -4.927450e-01 -5.586314e-01
-4.699005e-01 -4.884025e-01 -4.993285e-01 -5.397477e-01
-4.767950e-01 -4.959556e-01 -5.056492e-01 -5.205895e-01
-4.834446e-01 -5.032617e-01 -5.117037e-01 -5.011669e-01
-4.898461e-01 -5.103172e-01 -5.174889e-01 -4.814897e-01
-4.959964e-01 -5.171185e-01 -5.230017e-01 -4.615682e-01
-5.018925e-01 -5.236623e-01 -5.282394e-01 -4.414124e-01
-5.075314e-01 -5.299453e-01 -5.331991e-01 -4.210327e-01
-5.129106e-01 -5.359643e-01 -5.378784e-01 -4.004396e-01
-5.180273e-01 -5.417163e-01 -5.422747e-01 -3.796437e-01
-5.228791e-01 -5.471985e-01 -5.463859e-01 -3.586554e-01
-5.274637e-01 -5.524081e-01 -5.502096e-01 -3.374857e-01
-5.317790e-01 -5.573426e-01 -5.537441e-01 -3.161453e-01
-5.358227e-01 -5.619994e-01 -5.569874e-01 -2.946450e-01
-5.395931e-01 -5.663762e-01 -5.599379e-01 -2.729959e-01
-5.430884e-01 -5.704708e-01 -5.625940e-01 -2.512091e-01
-5.463069e-01 -5.742812e-01 -5.649544e-01 -2.292955e-01
-5.492471e-01 -5.778055e-01 -5.670177e-01 -2.072664e-01
-5.519077e-01 -5.810418e-01 -5.687830e-01 -1.851330e-01
-5.542874e-01 -5.839886e-01 -5.702493e-01 -1.629065e-01
-5.563852e-01 -5.866443e-01 -5.714158e-01 -1.405983e-01
-5.582002e-01 -5.890076e-01 -5.722820e-01 -1.182197e-01
-5.597316e-01 -5.910772e-01 -5.728474e-01 -9.578208e-02
-5.609786e-01 -5.928522e-01 -5.731115e-01 -7.329685e-02
-5.619409e-01 -5.943315e-01 -5.730744e-01 -5.077544e-02
-5.626181e-01 -5.955144e-01 -5.727360e-01 -2.822927e-02
-5.630099e-01 -5.964003e-01 -5.720965e-01 -5.669817e-03
-5.631163e-01 -5.969886e-01 -5.711561e-01 1.689147e-02
-5.629373e-01 -5.972791e-01 -5.699154e-01 3.944314e-02
-5.624731e-01 -5.972714e-01 -5.683749e-01 6.197374e-02
-5.617242e-01 -5.969657e-01 -5.665355e-01 8.447183e-02
-5.606910e-01 -5.963618e-01 -5.643980e-01 1.069260e-01
-5.593741e-01 -5.954602e-01 -5.619635e-01 1.293248e-01
-5.577743e-01 -5.942611e-01 -5.592332e-01 1.516569e-01
-5.558925e-01 -5.927651e-01 -5.562086e-01 1.739110e-01
-5.537299e-01 -5.909728e-01 -5.528912e-01 1.960757e-01
-5.512875e-01 -5.888851e-01 -5.492826e-01 2.181399e-01
-5.485668e-01 -5.865029e-01 -5.453848e-01 2.400922e-01
-5.455692e-01 -5.838274e-01 -5.411995e-01 2.619216e-01
-5.422963e-01 -5.808598e-01 -5.367291e-01 2.836169e-01
-5.387499e-01 -5.776014e-01 -5.319757e-01 3.051671e-01
-5.349319e-01 -5.740539e-01 -5.269418e-01 3.265614e-01
-5.308443e-01 -5.702189e-01 -5.216300e-01 3.477887e-01
-5.264892e-01 -5.660981e-01 -5.160429e-01 3.688384e-01
-5.218690e-01 -5.616937e-01 -5.101834e-01 3.896997e-01
-5.169860e-01 -5.570077e-01 -5.040546e-01 4.103620e-01
-5.118428e-01 -5.520423e-01 -4.976594e-01 4.308147e-01
-5.064422e-01 -5.467999e-01 -4.910013e-01 4.510475e-01
-5.007868e-01 -5.412831e-01 -4.840836e-01 4.710501e-01
-4.948797e-01 -5.354945e-01 -4.769099e-01 4.908123e-01
-4.887240e-01 -5.294368e-01 -4.694838e-01 5.103239e-01
-4.823227e-01 -5.231131e-01 -4.618091e-01 5.295752e-01
-4.756792e-01 -5.165264e-01 -4.538898e-01 5.485561e-01
-4.687969e-01 -5.096799e-01 -4.457299e-01 5.672572e-01
-4.616794e-01 -5.025769e-01 -4.373337e-01 5.856687e-01
-4.543303e-01 -4.952209e-01 -4.287055e-01 6.037813e-01
-4.467534e-01 -4.876154e-01 -4.198496e-01 6.215858e-01
-4.389527e-01 -4.797642e-01 -4.107707e-01 6.390730e-01
-4.309320e-01 -4.716711e-01 -4.014735e-01 6.562340e-01
-4.226956e-01 -4.633400e-01 -3.919627e-01 6.730600e-01
-4.142475e-01 -4.547751e-01 -3.822432e-01 6.895424e-01
-4.055923e-01 -4.459805e-01 -3.723201e-01 7.056727e-01
-3.967342e-01 -4.369605e-01 -3.621986e-01 7.214428e-01
-3.876779e-01 -4.277196e-01 -3.518837e-01 7.368444e-01
-3.784279e-01 -4.182623e-01 -3.413810e-01 7.518696e-01
-3.689890e-01 -4.085933e-01 -3.306958e-01 7.665109e-01
-3.593660e-01 -3.987174e-01 -3.198337e-01 7.807605e-01
-3.495637e-01 -3.886393e-01 -3.088003e-01 7.946113e-01
-3.395873e-01 -3.783642e-01 -2.976013e-01 8.080560e-01
-3.294418e-01 -3.678969e-01 -2.862426e-01 8.210877e-01
-3.191323e-01 -3.572429e-01 -2.747302e-01 8.336998e-01
-3.086642e-01 -3.464072e-01 -2.630699e-01 8.458857e-01
-2.980427e-01 -3.353954e-01 -2.512679e-01 8.576392e-01
-2.872732e-01 -3.242127e-01 -2.393304e-01 8.689540e-01
-2.763614e-01 -3.128649e-01 -2.272636e-01 8.798245e-01
-2.653126e-01 -3.013575e-01 -2.150738e-01 8.902450e-01
-2.541326e-01 -2.896962e-01 -2.027673e-01 9.002100e-01
-2.428270e-01 -2.778870e-01 -1.903507e-01 9.097145e-01
-2.314016e-01 -2.659355e-01 -1.778304e-01 9.187535e-01
-2.198623e-01 -2.538478e-01 -1.652131e-01 9.273222e-01
-2.082148e-01 -2.416300e-01 -1.525053e-01 9.354163e-01
-1.964652e-01 -2.292880e-01 -1.397138e-01 9.430315e-01
-1.846194e-01 -2.168281e-01 -1.268452e-01 9.501640e-01
-1.726834e-01 -2.042566e-01 -1.139064e-01 9.568098e-01
-1.606634e-01 -1.915796e-01 -1.009042e-01 9.629657e-01
-1.485654e-01 -1.788035e-01 -8.784544e-02 9.686283e-01
-1.363957e-01 -1.659348e-01 -7.473701e-02 9.737948e-01
-1.241604e-01 -1.529798e-01 -6.158586e-02 9.784623e-01
-1.118658e-01 -1.399451e-01 -4.839893e-02 9.826286e-01
-9.951819e-02 -1.268371e-01 -3.518322e-02 9.862913e-01
-8.712379e-02 -1.136626e-01 -2.194573e-02 9.894487e-01
-7.468897e-02 -1.004280e-01 -8.693471e-03 9.920989e-01
-6.222006e-02 -8.714005e-02 4.566524e-03 9.942406e-01
-4.972344e-02 -7.380539e-02 1.782721e-02 9.958728e-01
-3.720547e-02 -6.043073e-02 3.108156e-02 9.969944e-01
-2.467256e-02 -4.702279e-02 4.432251e-02 9.976050e-01
-1.213111e-02 -3.358831e-02 5.754303e-02 9.977041e-01
4.124969e-04 -2.013405e-02 7.073609e-02 9.972918e-01
1.295184e-02 -6.666763e-03 8.389467e-02 9.963681e-01
2.548052e-02 6.806763e-03 9.701176e-02 9.949337e-01
3.799214e-02 2.027975e-02 1.100804e-01 9.929892e-01
5.048031e-02 3.374543e-02 1.230936e-01 9.905357e-01
6.293864e-02 4.719701e-02 1.360444e-01 9.875743e-01
7.536079e-02 6.062773e-02 1.489259e-01 9.841067e-01
8.774041e-02 7.403082e-02 1.617314e-01 9.801347e-01
1.000712e-01 8.739955e-02 1.744538e-01 9.756603e-01
1.123468e-01 1.007272e-01 1.870866e-01 9.706858e-01
1.245610e-01 1.140070e-01 1.996228e-01 9.652138e-01
1.367076e-01 1.272323e-01 2.120559e-01 9.592472e-01
1.487803e-01 1.403965e-01 2.243793e-01 9.527892e-01
1.607731e-01 1.534929e-01 2.365863e-01 9.458430e-01
1.726797e-01 1.665149e-01 2.486704e-01 9.384122e-01
1.844942e-01 1.794560e-01 2.606252e-01 9.305009e-01
1.962105e-01 1.923097e-01 2.724444e-01 9.221130e-01
2.078226e-01 2.050695e-01 2.841217e-01 9.132530e-01
2.193247e-01 2.177290e-01 2.956508e-01 9.039255e-01
2.307109e-01 2.302818e-01 3.070256e-01 8.941354e-01
2.419754e-01 2.427216e-01 3.182400e-01 8.838877e-01
2.531125e-01 2.550422e-01 3.292882e-01 8.731878e-01
2.641166e-01 2.672373e-01 3.401641e-01 8.620412e-01
2.749820e-01 2.793009e-01 3.508621e-01 8.504538e-01
2.857033e-01 2.912269e-01 3.613764e-01 8.384316e-01
2.962751e-01 3.030093e-01 3.717016e-01 8.259808e-01
3.066920e-01 3.146422e-01 3.818320e-01 8.131080e-01
3.169487e-01 3.261198e-01 3.917623e-01 7.998198e-01
3.270401e-01 3.374363e-01 4.014873e-01 7.861230e-01
3.369611e-01 3.485860e-01 4.110018e-01 7.720249e-01
3.467068e-01 3.595633e-01 4.203008e-01 7.575328e-01
3.562721e-01 3.703628e-01 4.293793e-01 7.426540e-01
3.656523e-01 3.809791e-01 4.382326e-01 7.273964e-01
3.748427e-01 3.914067e-01 4.468559e-01 7.117679e-01
3.838387e-01 4.016406e-01 4.552447e-01 6.957765e-01
3.926358e-01 4.116756e-01 4.633946e-01 6.794305e-01
4.012297e-01 4.215066e-01 4.713013e-01 6.627383e-01
4.096159e-01 4.311288e-01 4.789606e-01 6.457086e-01
4.177905e-01 4.405373e-01 4.863684e-01 6.283501e-01
4.257492e-01 4.497274e-01 4.935208e-01 6.106718e-01
4.334882e-01 4.586946e-01 5.004141e-01 5.926829e-01
4.410035e-01 4.674344e-01 5.070447e-01 5.743924e-01
4.482916e-01 4.759423e-01 5.134089e-01 5.558100e-01
4.553488e-01 4.842142e-01 5.195036e-01 5.369451e-01
4.621716e-01 4.922460e-01 5.253254e-01 5.178074e-01
4.687567e-01 5.000335e-01 5.308713e-01 4.984067e-01
4.751009e-01 5.075729e-01 5.361384e-01 4.787531e-01
4.812009e-01 5.148605e-01 5.411239e-01 4.588565e-01
4.870540e-01 5.218926e-01 5.458251e-01 4.387271e-01
4.926571e-01 5.286657e-01 5.502396e-01 4.183754e-01
4.980076e-01 5.351764e-01 5.543650e-01 3.978116e-01
5.031029e-01 5.414214e-01 5.581992e-01 3.770463e-01
5.079406e-01 5.473976e-01 5.617402e-01 3.560902e-01
5.125182e-01 5.531020e-01 5.649859e-01 3.349539e-01
5.168337e-01 5.585318e-01 5.679348e-01 3.136482e-01
5.208849e-01 5.636843e-01 5.705852e-01 2.921841e-01
5.246699e-01 5.685567e-01 5.729357e-01 2.705723e-01
5.281869e-01 5.731468e-01 5.749852e-01 2.488241e-01
5.314343e-01 5.774521e-01 5.767323e-01 2.269504e-01
5.344105e-01 5.814706e-01 5.781763e-01 2.049624e-01
5.371141e-01 5.852001e-01 5.793163e-01 1.828714e-01
5.395439e-01 5.886388e-01 5.801517e-01 1.606885e-01
5.416989e-01 5.917849e-01 5.806819e-01 1.384250e-01
5.435779e-01 5.946368e-01 5.809068e-01 1.160924e-01
5.451803e-01 5.971930e-01 5.808260e-01 9.370188e-02
5.465052e-01 5.994523e-01 5.804397e-01 7.126493e-02
5.475522e-01 6.014135e-01 5.797479e-01 4.879295e-02
5.483209e-01 6.030754e-01 5.787510e-01 2.629735e-02
5.488108e-01 6.044373e-01 5.774494e-01 3.789589e-03
5.490220e-01 6.054985e-01 5.758438e-01 -1.871889e-02
5.489545e-01 6.062582e-01 5.739349e-01 -4.121665e-02
5.486083e-01 6.067161e-01 5.717236e-01 -6.369223e-02
5.479837e-01 6.068718e-01 5.692111e-01 -8.613422e-02
5.470813e-01 6.067253e-01 5.663987e-01 -1.085312e-01
5.459014e-01 6.062765e-01 5.632876e-01 -1.308718e-01
5.444450e-01 6.055256e-01 5.598795e-01 -1.531446e-01
5.427127e-01 6.044729e-01 5.561761e-01 -1.753383e-01
5.407056e-01 6.031188e-01 5.521793e-01 -1.974417e-01
5.384248e-01 6.014639e-01 5.478910e-01 -2.194434e-01
5.358715e-01 5.995089e-01 5.433134e-01 -2.413323e-01
5.330472e-01 5.972548e-01 5.384489e-01 -2.630973e-01
5.299533e-01 5.947026e-01 5.332999e-01 -2.847272e-01
5.265915e-01 5.918534e-01 5.278691e-01 -3.062110e-01
5.229636e-01 5.887086e-01 5.221591e-01 -3.275379e-01
5.190716e-01 5.852697e-01 5.161730e-01 -3.486969e-01
5.149175e-01 5.815383e-01 5.099136e-01 -3.696772e-01
5.105034e-01 5.775162e-01 5.033844e-01 -3.904683e-01
5.058318e-01 5.732052e-01 4.965885e-01 -4.110594e-01
5.009051e-01 5.686075e-01 4.895295e-01 -4.314401e-01
4.957257e-01 5.637252e-01 4.822109e-01 -4.515999e-01
4.902966e-01 5.585607e-01 4.746366e-01 -4.715287e-01
4.846204e-01 5.531164e-01 4.668104e-01 -4.912162e-01
4.787001e-01 5.473951e-01 4.587363e-01 -5.106523e-01
4.725389e-01 5.413994e-01 4.504185e-01 -5.298272e-01
4.661398e-01 5.351323e-01 4.418613e-01 -5.487310e-01
4.595063e-01 5.285967e-01 4.330690e-01 -5.673541e-01
4.526417e-01 5.217960e-01 4.240462e-01 -5.856870e-01
4.455497e-01 5.147333e-01 4.147976e-01 -6.037202e-01
4.382338e-01 5.074121e-01 4.053279e-01 -6.214446e-01
4.306979e-01 4.998360e-01 3.956420e-01 -6.388510e-01
4.229459e-01 4.920088e-01 3.857450e-01 -6.559306e-01
4.149816e-01 4.839341e-01 3.756419e-01 -6.726747e-01
4.068094e-01 4.756160e-01 3.653380e-01 -6.890745e-01
3.984333e-01 4.670586e-01 3.548386e-01 -7.051218e-01
3.898576e-01 4.582660e-01 3.441492e-01 -7.208083e-01
3.810869e-01 4.492426e-01 3.332754e-01 -7.361259e-01
3.721255e-01 4.399929e-01 3.222227e-01 -7.510668e-01
3.629782e-01 4.305213e-01 3.109970e-01 -7.656234e-01
3.536495e-01 4.208325e-01 2.996041e-01 -7.797880e-01
3.441443e-01 4.109314e-01 2.880499e-01 -7.935536e-01
3.344675e-01 4.008229e-01 2.763404e-01 -8.069129e-01
3.246241e-01 3.905118e-01 2.644818e-01 -8.198592e-01
3.146190e-01 3.800034e-01 2.524803e-01 -8.323857e-01
3.044575e-01 3.693028e-01 2.403421e-01 -8.444861e-01
2.941446e-01 3.584153e-01 2.280736e-01 -8.561541e-01
2.836858e-01 3.473463e-01 2.156811e-01 -8.673837e-01
2.730864e-01 3.361014e-01 2.031713e-01 -8.781691e-01
2.623518e-01 3.246861e-01 1.905506e-01 -8.885049e-01
2.514875e-01 3.131061e-01 1.778257e-01 -8.983855e-01
2.404991e-01 3.013672e-01 1.650033e-01 -9.078061e-01
2.293922e-01 2.894751e-01 1.520901e-01 -9.167617e-01
2.181724e-01 2.774358e-01 1.390928e-01 -9.252477e-01
2.068456e-01 2.652553e-01 1.260184e-01 -9.332598e-01
1.954175e-01 2.529398e-01 1.128737e-01 -9.407938e-01
1.838940e-01 2.404952e-01 9.966559e-02 -9.478459e-01
1.722810e-01 2.279279e-01 8.640109e-02 -9.544124e-01
1.605844e-01 2.152440e-01 7.308718e-02 -9.604899e-01
1.488101e-01 2.024500e-01 5.973089e-02 -9.660754e-01
1.369643e-01 1.895522e-01 4.633925e-02 -9.711660e-01
1.250530e-01 1.765571e-01 3.291936e-02 -9.757590e-01
1.130823e-01 1.634711e-01 1.947829e-02 -9.798521e-01
1.010582e-01 1.503008e-01 6.023153e-03 -9.834433e-01
8.898694e-02 1.370528e-01 -7.438931e-03 -9.865305e-01
7.687470e-02 1.237337e-01 -2.090084e-02 -9.891124e-01
6.472766e-02 1.103502e-01 -3.435545e-02 -9.911876e-01
5.255201e-02 9.690890e-02 -4.779564e-02 -9.927550e-01
4.035398e-02 8.341663e-02 -6.121429e-02 -9.938139e-01
2.813979e-02 6.988010e-02 -7.460429e-02 -9.943637e-01
1.591570e-02 5.630609e-02 -8.795854e-02 -9.944041e-01
3.687922e-03 4.270139e-02 -1.012700e-01 -9.939353e-01
-8.537285e-03 2.907282e-02 -1.145315e-01 -9.929574e-01
-2.075369e-02 1.542719e-02 -1.277361e-01 -9.914710e-01
-3.295505e-02 1.771346e-03 -1.408768e-01 -9.894769e-01
-4.513515e-02 -1.188788e-02 -1.539466e-01 -9.869762e-01
-5.728778e-02 -2.554365e-02 -1.669386e-01 -9.839701e-01
-6.940674e-02 -3.918912e-02 -1.798459e-01 -9.804603e-01
-8.148586e-02 -5.281747e-02 -1.926616e-01 -9.764486e-01
-9.351899e-02 -6.642186e-02 -2.053790e-01 -9.719371e-01
-1.055000e-01 -7.999548e-02 -2.179912e-01 -9.669283e-01
-1.174228e-01 -9.353153e-02 -2.304916e-01 -9.614247e-01
-1.292813e-01 -1.070232e-01 -2.428736e-01 -9.554291e-01
-1.410694e-01 -1.204639e-01 -2.551305e-01 -9.489448e-01
-1.527813e-01 -1.338467e-01 -2.672560e-01 -9.419752e-01
-1.644109e-01 -1.471649e-01 -2.792435e-01 -9.345237e-01
-1.759523e-01 -1.604120e-01 -2.910867e-01 -9.265945e-01
-1.873997e-01 -1.735812e-01 -3.027793e-01 -9.181915e-01
-1.987472e-01 -1.866660e-01 -3.143151e-01 -9.093192e-01
-2.099892e-01 -1.996599e-01 -3.256881e-01 -8.999821e-01
-2.211199e-01 -2.125562e-01 -3.368920e-01 -8.901851e-01
-2.321337e-01 -2.253487e-01 -3.479211e-01 -8.799334e-01
-2.430249e-01 -2.380308e-01 -3.587695e-01 -8.692322e-01
-2.537882e-01 -2.505962e-01 -3.694314e-01 -8.580871e-01
-2.644180e-01 -2.630387e-01 -3.799011e-01 -8.465039e-01
-2.749091e-01 -2.753520e-01 -3.901732e-01 -8.344886e-01
-2.852560e-01 -2.875300e-01 -4.002422e-01 -8.220473e-01
-2.954536e-01 -2.995665e-01 -4.101027e-01 -8.091866e-01
-3.054967e-01 -3.114555e-01 -4.197495e-01 -7.959130e-01
-3.153804e-01 -3.231911e-01 -4.291775e-01 -7.822335e-01
-3.250996e-01 -3.347675e-01 -4.383818e-01 -7.681552e-01
-3.346494e-01 -3.461788e-01 -4.473574e-01 -7.536852e-01
-3.440251e-01 -3.574193e-01 -4.560996e-01 -7.388311e-01
-3.532219e-01 -3.684835e-01 -4.646037e-01 -7.236005e-01
-3.622353e-01 -3.793657e-01 -4.728652e-01 -7.080012e-01
-3.710607e-01 -3.900605e-01 -4.808799e-01 -6.920414e-01
-3.796938e-01 -4.005627e-01 -4.886433e-01 -6.757292e-01
-3.881301e-01 -4.108668e-01 -4.961515e-01 -6.590729e-01
-3.963656e-01 -4.209679e-01 -5.034004e-01 -6.420813e-01
-4.043961e-01 -4.308607e-01 -5.103862e-01 -6.247630e-01
-4.122176e-01 -4.405405e-01 -5.171051e-01 -6.071269e-01
-4.198262e-01 -4.500023e-01 -5.235537e-01 -5.891820e-01
-4.272182e-01 -4.592414e-01 -5.297284e-01 -5.709376e-01
-4.343899e-01 -4.682531e-01 -5.356261e-01 -5.524031e-01
-4.413377e-01 -4.770331e-01 -5.412435e-01 -5.335879e-01
-4.480582e-01 -4.855768e-01 -5.465776e-01 -5.145016e-01
-4.545481e-01 -4.938800e-01 -5.516258e-01 -4.951541e-01
-4.608042e-01 -5.019385e-01 -5.563851e-01 -4.755553e-01
-4.668235e-01 -5.097483e-01 -5.608531e-01 -4.557151e-01
-4.726029e-01 -5.173055e-01 -5.650274e-01 -4.356438e-01
-4.781396e-01 -5.246063e-01 -5.689058e-01 -4.153516e-01
-4.834309e-01 -5.316469e-01 -5.724862e-01 -3.948488e-01
-4.884743e-01 -5.384240e-01 -5.757666e-01 -3.741460e-01
-4.932673e-01 -5.449340e-01 -5.787453e-01 -3.532537e-01
-4.978075e-01 -5.511738e-01 -5.814206e-01 -3.321826e-01
-5.020927e-01 -5.571400e-01 -5.837911e-01 -3.109435e-01
-5.061210e-01 -5.628298e-01 -5.858555e-01 -2.895471e-01
-5.098902e-01 -5.682403e-01 -5.876126e-01 -2.680044e-01
-5.133987e-01 -5.733687e-01 -5.890615e-01 -2.463264e-01
-5.166447e-01 -5.782124e-01 -5.902013e-01 -2.245242e-01
-5.196267e-01 -5.827690e-01 -5.910313e-01 -2.026088e-01
-5.223433e-01 -5.870362e-01 -5.915511e-01 -1.805914e-01
-5.247932e-01 -5.910117e-01 -5.917604e-01 -1.584833e-01
-5.269752e-01 -5.946935e-01 -5.916588e-01 -1.362958e-01
-5.288884e-01 -5.980798e-01 -5.912465e-01 -1.140400e-01
-5.305319e-01 -6.011688e-01 -5.905235e-01 -9.172746e-02
-5.319049e-01 -6.039589e-01 -5.894902e-01 -6.936942e-02
-5.330068e-01 -6.064487e-01 -5.881469e-01 -4.697732e-02
-5.338373e-01 -6.086368e-01 -5.864944e-01 -2.456256e-02
-5.343958e-01 -6.105221e-01 -5.845334e-01 -2.136566e-03
-5.346823e-01 -6.121036e-01 -5.822649e-01 2.028924e-02
-5.346967e-01 -6.133804e-01 -5.796899e-01 4.270343e-02
-5.344390e-01 -6.143518e-01 -5.768097e-01 6.509457e-02
-5.339096e-01 -6.150173e-01 -5.736258e-01 8.745126e-02
-5.331087e-01 -6.153764e-01 -5.701397e-01 1.097621e-01
-5.320368e-01 -6.154289e-01 -5.663532e-01 1.320157e-01
-5.306946e-01 -6.151747e-01 -5.622681e-01 1.542008e-01
-5.290829e-01 -6.146138e-01 -5.578865e-01 1.763059e-01
-5.272025e-01 -6.137464e-01 -5.532107e-01 1.983200e-01
-5.250544e-01 -6.125729e-01 -5.482429e-01 2.202316e-01
-5.226399e-01 -6.110938e-01 -5.429858e-01 2.420296e-01
-5.199603e-01 -6.093097e-01 -5.374419e-01 2.637030e-01
-5.170169e-01 -6.072214e-01 -5.316140e-01 2.852406e-01
-5.138114e-01 -6.048299e-01 -5.255052e-01 3.066315e-01
-5.103455e-01 -6.021363e-01 -5.191186e-01 3.278647e-01
-5.066210e-01 -5.991418e-01 -5.124573e-01 3.489294e-01
-5.026399e-01 -5.958479e-01 -5.055249e-01 3.698149e-01
-4.984042e-01 -5.922561e-01 -4.983249e-01 3.905104e-01
-4.939162e-01 -5.883681e-01 -4.908609e-01 4.110053e-01
-4.891783e-01 -5.841857e-01 -4.831368e-01 4.312893e-01
-4.841930e-01 -5.797111e-01 -4.751565e-01 4.513519e-01
-4.789628e-01 -5.749462e-01 -4.669242e-01 4.711828e-01
-4.734905e-01 -5.698935e-01 -4.584441e-01 4.907720e-01
-4.677789e-01 -5.645553e-01 -4.497206e-01 5.101094e-01
-4.618310e-01 -5.589343e-01 -4.407581e-01 5.291851e-01
-4.556499e-01 -5.530332e-01 -4.315614e-01 5.479893e-01
-4.492388e-01 -5.468548e-01 -4.221351e-01 5.665124e-01
-4.426011e-01 -5.404021e-01 -4.124841e-01 5.847450e-01
-4.357402e-01 -5.336783e-01 -4.026135e-01 6.026776e-01
-4.286597e-01 -5.266868e-01 -3.925283e-01 6.203011e-01
-4.213632e-01 -5.194308e-01 -3.822338e-01 6.376065e-01
-4.138545e-01 -5.119140e-01 -3.717353e-01 6.545849e-01
-4.061375e-01 -5.041401e-01 -3.610383e-01 6.712276e-01
-3.982162e-01 -4.961128e-01 -3.501483e-01 6.875261e-01
-3.900947e-01 -4.878362e-01 -3.390710e-01 7.034720e-01
-3.817772e-01 -4.793143e-01 -3.278122e-01 7.190571e-01
-3.732680e-01 -4.705513e-01 -3.163778e-01 7.342735e-01
-3.645715e-01 -4.615516e-01 -3.047736e-01 7.491133e-01
-3.556922e-01 -4.523196e-01 -2.930058e-01 7.635690e-01
-3.466347e-01 -4.428598e-01 -2.810805e-01 7.776332e-01
-3.374036e-01 -4.331770e-01 -2.690039e-01 7.912985e-01
-3.280037e-01 -4.232760e-01 -2.567824e-01 8.045581e-01
-3.184399e-01 -4.131616e-01 -2.444223e-01 8.174052e-01
-3.087171e-01 -4.028389e-01 -2.319301e-01 8.298331e-01
-2.988403e-01 -3.923130e-01 -2.193124e-01 8.418356e-01
-2.888145e-01 -3.815891e-01 -2.065757e-01 8.534063e-01
-2.786450e-01 -3.706727e-01 -1.937267e-01 8.645396e-01
-2.683370e-01 -3.595690e-01 -1.807722e-01 8.752295e-01
-2.578958e-01 -3.482837e-01 -1.677190e-01 8.854708e-01
-2.473267e-01 -3.368224e-01 -1.545739e-01 8.952581e-01
-2.366353e-01 -3.251907e-01 -1.413437e-01 9.045865e-01
-2.258269e-01 -3.133945e-01 -1.280355e-01 9.134512e-01
-2.149071e-01 -3.014396e-01 -1.146563e-01 9.218476e-01
-2.038817e-01 -2.893321e-01 -1.012131e-01 9.297716e-01
-1.927561e-01 -2.770779e-01 -8.771284e-02 9.372190e-01
-1.815361e-01 -2.646832e-01 -7.416277e-02 9.441861e-01
-1.702276e-01 -2.521541e-01 -6.056996e-02 9.506693e-01
-1.588362e-01 -2.394969e-01 -4.694158e-02 9.566654e-01
-1.473678e-01 -2.267180e-01 -3.328478e-02 9.621714e-01
-1.358283e-01 -2.138237e-01 -1.960676e-02 9.671844e-01
-1.242237e-01 -2.008205e-01 -5.914719e-03 9.717019e-01
-1.125598e-01 -1.877148e-01 7.784136e-03 9.757217e-01
-1.008426e-01 -1.745132e-01 2.148259e-02 9.792418e-01
-8.907811e-02 -1.612223e-01 3.517343e-02 9.822603e-01
-7.727238e-02 -1.478487e-01 4.884944e-02 9.847759e-01
-6.543142e-02 -1.343991e-01 6.250342e-02 9.867872e-01
-5.356128e-02 -1.208803e-01 7.612818e-02 9.882933e-01
-4.166803e-02 -1.072990e-01 8.971654e-02 9.892935e-01
-2.975774e-02 -9.366196e-02 1.032613e-01 9.897874e-01
-1.783650e-02 -7.997602e-02 1.167554e-01 9.897747e-01
-5.910377e-03 -6.624801e-02 1.301917e-01 9.892555e-01
6.014535e-03 -5.248479e-02 1.435631e-01 9.882301e-01
1.793216e-02 -3.869324e-02 1.568625e-01 9.866993e-01
2.983642e-02 -2.488026e-02 1.700830e-01 9.846637e-01
4.172126e-02 -1.105274e-02 1.832176e-01 9.821245e-01
5.358062e-02 2.782401e-03 1.962594e-01 9.790831e-01
6.540847e-02 1.661826e-02 2.092014e-01 9.755410e-01
7.719879e-02 3.044792e-02 2.220369e-01 9.715003e-01
8.894559e-02 4.426446e-02 2.347591e-01 9.669630e-01
1.006429e-01 5.806100e-02 2.473613e-01 9.619315e-01
1.122848e-01 7.183063e-02 2.598369e-01 9.564085e-01
1.238653e-01 8.556648e-02 2.721792e-01 9.503969e-01
1.353786e-01 9.926168e-02 2.843819e-01 9.438997e-01
1.468188e-01 1.129094e-01 2.964383e-01 9.369205e-01
1.581802e-01 1.265028e-01 3.083423e-01 9.294628e-01
1.694570e-01 1.400351e-01 3.200875e-01 9.215305e-01
1.806434e-01 1.534996e-01 3.316678e-01 9.131278e-01
1.917338e-01 1.668894e-01 3.430769e-01 9.042590e-01
2.027226e-01 1.801980e-01 3.543090e-01 8.949287e-01
2.136043e-01 1.934187e-01 3.653581e-01 8.851417e-01
2.243733e-01 2.065448e-01 3.762183e-01 8.749032e-01
2.350242e-01 2.195698e-01 3.868840e-01 8.642184e-01
2.455517e-01 2.324873e-01 3.973495e-01 8.530928e-01
2.559504e-01 2.452907e-01 4.076094e-01 8.415322e-01
2.662150e-01 2.579736e-01 4.176581e-01 8.295426e-01
2.763405e-01 2.705297e-01 4.274904e-01 8.171301e-01
2.863216e-01 2.829528e-01 4.371012e-01 8.043011e-01
2.961534e-01 2.952366e-01 4.464852e-01 7.910622e-01
3.058310e-01 3.073750e-01 4.556377e-01 7.774203e-01
3.153495e-01 3.193619e-01 4.645537e-01 7.633823e-01
3.247040e-01 3.311912e-01 4.732285e-01 7.489556e-01
3.338900e-01 3.428572e-01 4.816576e-01 7.341474e-01
3.429027e-01 3.543540e-01 4.898365e-01 7.189654e-01
3.517377e-01 3.656757e-01 4.977609e-01 7.034173e-01
3.603906e-01 3.768168e-01 5.054265e-01 6.875113e-01
3.688570e-01 3.877716e-01 5.128294e-01 6.712553e-01
3.771327e-01 3.985347e-01 5.199655e-01 6.546578e-01
3.852135e-01 4.091007e-01 5.268312e-01 6.377273e-01
3.930954e-01 4.194643e-01 5.334227e-01 6.204723e-01
4.007745e-01 4.296202e-01 5.397366e-01 6.029019e-01
4.082470e-01 4.395635e-01 5.457695e-01 5.850248e-01
4.155091e-01 4.492890e-01 5.515181e-01 5.668504e-01
4.225572e-01 4.587920e-01 5.569795e-01 5.483878e-01
4.293877e-01 4.680677e-01 5.621507e-01 5.296465e-01
4.359974e-01 4.771113e-01 5.670288e-01 5.106362e-01
4.423829e-01 4.859184e-01 5.716114e-01 4.913665e-01
4.485411e-01 4.944845e-01 5.758960e-01 4.718472e-01
4.544688e-01 5.028054e-01 5.798801e-01 4.520884e-01
4.601632e-01 5.108767e-01 5.835618e-01 4.321000e-01
4.656214e-01 5.186945e-01 5.869389e-01 4.118924e-01
4.708408e-01 5.262548e-01 5.900097e-01 3.914759e-01
4.758187e-01 5.335538e-01 5.927724e-01 3.708608e-01
4.805527e-01 5.405878e-01 5.952255e-01 3.500577e-01
4.850405e-01 5.473533e-01 5.973678e-01 3.290772e-01
4.892799e-01 5.538468e-01 5.991978e-01 3.079300e-01
4.932687e-01 5.600650e-01 6.007147e-01 2.866269e-01
4.970050e-01 5.660048e-01 6.019176e-01 2.651788e-01
5.004871e-01 5.716631e-01 6.028057e-01 2.435966e-01
5.037131e-01 5.770372e-01 6.033784e-01 2.218913e-01
5.066815e-01 5.821241e-01 6.036355e-01 2.000740e-01
5.093909e-01 5.869214e-01 6.035766e-01 1.781558e-01
5.118399e-01 5.914266e-01 6.032017e-01 1.561479e-01
5.140275e-01 5.956373e-01 6.025109e-01 1.340616e-01
5.159524e-01 5.995515e-01 6.015046e-01 1.119081e-01
5.176139e-01 6.031670e-01 6.001830e-01 8.969865e-02
5.190111e-01 6.064820e-01 5.985468e-01 6.744469e-02
5.201433e-01 6.094948e-01 5.965969e-01 4.515754e-02
5.210102e-01 6.122038e-01 5.943340e-01 2.284858e-02
5.216112e-01 6.146075e-01 5.917593e-01 5.291875e-04
5.219462e-01 6.167048e-01 5.888741e-01 -2.178923e-02
5.220149e-01 6.184944e-01 5.856797e-01 -4.409526e-02
5.218176e-01 6.199754e-01 5.821778e-01 -6.637754e-02
5.213542e-01 6.211470e-01 5.783700e-01 -8.862466e-02
5.206251e-01 6.220085e-01 5.742584e-01 -1.108253e-01
5.196307e-01 6.225594e-01 5.698449e-01 -1.329680e-01
5.183716e-01 6.227994e-01 5.651317e-01 -1.550415e-01
5.168485e-01 6.227282e-01 5.601214e-01 -1.770346e-01
5.150622e-01 6.223459e-01 5.548163e-01 -1.989360e-01
5.130136e-01 6.216524e-01 5.492191e-01 -2.207344e-01
5.107039e-01 6.206481e-01 5.433328e-01 -2.424188e-01
5.081343e-01 6.193335e-01 5.371603e-01 -2.639780e-01
5.053062e-01 6.177090e-01 5.307048e-01 -2.854009e-01
5.022210e-01 6.157754e-01 5.239696e-01 -3.066768e-01
4.988804e-01 6.135336e-01 5.169580e-01 -3.277945e-01
4.952861e-01 6.109847e-01 5.096738e-01 -3.487434e-01
4.914400e-01 6.081298e-01 5.021207e-01 -3.695127e-01
4.873442e-01 6.049703e-01 4.943025e-01 -3.900918e-01
4.830008e-01 6.015077e-01 4.862232e-01 -4.104701e-01
4.784120e-01 5.977437e-01 4.778871e-01 -4.306372e-01
4.735803e-01 5.936800e-01 4.692985e-01 -4.505827e-01
4.685081e-01 5.893187e-01 4.604617e-01 -4.702964e-01
4.631982e-01 5.846618e-01 4.513814e-01 -4.897683e-01
4.576532e-01 5.797116e-01 4.420622e-01 -5.089883e-01
4.518761e-01 5.744705e-01 4.325090e-01 -5.279466e-01
4.458698e-01 5.689412e-01 4.227267e-01 -5.466335e-01
4.396376e-01 5.631262e-01 4.127205e-01 -5.650393e-01
4.331826e-01 5.570285e-01 4.024954e-01 -5.831548e-01
4.265082e-01 5.506511e-01 3.920569e-01 -6.009705e-01
4.196178e-01 5.439970e-01 3.814103e-01 -6.184774e-01
4.125151e-01 5.370696e-01 3.705613e-01 -6.356665e-01
4.052036e-01 5.298723e-01 3.595154e-01 -6.525290e-01
3.976873e-01 5.224086e-01 3.482784e-01 -6.690562e-01
3.899700e-01 5.146823e-01 3.368561e-01 -6.852397e-01
3.820557e-01 5.066972e-01 3.252546e-01 -7.010712e-01
3.739485e-01 4.984572e-01 3.134798e-01 -7.165426e-01
3.656527e-01 4.899665e-01 3.015380e-01 -7.316460e-01
3.571724e-01 4.812291e-01 2.894353e-01 -7.463736e-01
3.485121e-01 4.722496e-01 2.771781e-01 -7.607180e-01
3.396763e-01 4.630324e-01 2.647728e-01 -7.746718e-01
3.306695e-01 4.535820e-01 2.522259e-01 -7.882278e-01
3.214964e-01 4.439032e-01 2.395439e-01 -8.013793e-01
3.121618e-01 4.340008e-01 2.267335e-01 -8.141193e-01
3.026704e-01 4.238797e-01 2.138013e-01 -8.264415e-01
2.930271e-01 4.135451e-01 2.007542e-01 -8.383396e-01
2.832370e-01 4.030019e-01 1.875990e-01 -8.498075e-01
2.733051e-01 3.922556e-01 1.743425e-01 -8.608394e-01
2.632365e-01 3.813115e-01 1.609917e-01 -8.714297e-01
2.530364e-01 3.701750e-01 1.475536e-01 -8.815730e-01
2.427100e-01 3.588518e-01 1.340352e-01 -8.912642e-01
2.322627e-01 3.473474e-01 1.204436e-01 -9.004983e-01
2.216998e-01 3.356677e-01 1.067860e-01 -9.092707e-01
2.110268e-01 3.238184e-01 9.306938e-02 -9.175769e-01
2.002491e-01 3.118056e-01 7.930105e-02 -9.254128e-01
1.893724e-01 2.996352e-01 6.548820e-02 -9.327744e-01
1.784021e-01 2.873133e-01 5.163804e-02 -9.396581e-01
1.673439e-01 2.748460e-01 3.775784e-02 -9.460603e-01
1.562036e-01 2.622397e-01 2.385486e-02 -9.519778e-01
1.449867e-01 2.495006e-01 9.936395e-03 -9.574077e-01
1.336991e-01 2.366351e-01 -3.990281e-03 -9.623474e-01
1.223465e-01 2.236496e-01 -1.791787e-02 -9.667943e-01
1.109348e-01 2.105506e-01 -3.183909e-02 -9.707462e-01
9.946971e-02 1.973447e-01 -4.574664e-02 -9.742013e-01
8.795720e-02 1.840385e-01 -5.963324e-02 -9.771577e-01
7.640312e-02 1.706386e-01 -7.349164e-02 -9.796142e-01
6.481338e-02 1.571518e-01 -8.731457e-02 -9.815695e-01
5.319390e-02 1.435847e-01 -1.010948e-01 -9.830227e-01
4.155061e-02 1.299442e-01 -1.148251e-01 -9.839732e-01
2.988944e-02 1.162371e-01 -1.284984e-01 -9.844205e-01
1.821635e-02 1.024703e-01 -1.421074e-01 -9.843645e-01
6.537282e-03 8.865055e-02 -1.556450e-01 -9.838054e-01
-5.141815e-03 7.478485e-02 -1.691042e-01 -9.827434e-01
-1.681499e-02 6.088010e-02 -1.824779e-01 -9.811792e-01
-2.847631e-02 4.694327e-02 -1.957591e-01 -9.791138e-01
-4.011984e-02 3.298132e-02 -2.089410e-01 -9.765482e-01
-5.173965e-02 1.900122e-02 -2.220165e-01 -9.734838e-01
-6.332985e-02 5.009958e-03 -2.349789e-01 -9.699222e-01
-7.488455e-02 -8.985469e-03 -2.478213e-01 -9.658655e-01
-8.639787e-02 -2.297807e-02 -2.605372e-01 -9.613157e-01
-9.786399e-02 -3.696085e-02 -2.731197e-01 -9.562751e-01
-1.092771e-01 -5.092683e-02 -2.855624e-01 -9.507466e-01
-1.206313e-01 -6.486903e-02 -2.978588e-01 -9.447329e-01
-1.319210e-01 -7.878048e-02 -3.100023e-01 -9.382372e-01
-1.431405e-01 -9.265422e-02 -3.219868e-01 -9.312629e-01
-1.542839e-01 -1.064833e-01 -3.338058e-01 -9.238135e-01
-1.653457e-01 -1.202609e-01 -3.454533e-01 -9.158931e-01
-1.763204e-01 -1.339800e-01 -3.569230e-01 -9.075056e-01
-1.872023e-01 -1.476339e-01 -3.682092e-01 -8.986554e-01
-1.979859e-01 -1.612156e-01 -3.793057e-01 -8.893471e-01
-2.086658e-01 -1.747184e-01 -3.902069e-01 -8.795855e-01
-2.192366e-01 -1.881356e-01 -4.009070e-01 -8.693756e-01
-2.296930e-01 -2.014604e-01 -4.114005e-01 -8.587226e-01
-2.400297e-01 -2.146862e-01 -4.216817e-01 -8.476321e-01
-2.502415e-01 -2.278063e-01 -4.317454e-01 -8.361097e-01
-2.603231e-01 -2.408142e-01 -4.415863e-01 -8.241614e-01
-2.702697e-01 -2.537034e-01 -4.511992e-01 -8.117932e-01
-2.800760e-01 -2.664674e-01 -4.605790e-01 -7.990116e-01
-2.897372e-01 -2.790999e-01 -4.697209e-01 -7.858230e-01
-2.992485e-01 -2.915945e-01 -4.786200e-01 -7.722343e-01
-3.086050e-01 -3.039449e-01 -4.872718e-01 -7.582524e-01
-3.178020e-01 -3.161450e-01 -4.956715e-01 -7.438844e-01
-3.268348e-01 -3.281886e-01 -5.038148e-01 -7.291377e-01
-3.356991e-01 -3.400698e-01 -5.116975e-01 -7.140198e-01
-3.443902e-01 -3.517825e-01 -5.193153e-01 -6.985385e-01
-3.529039e-01 -3.633208e-01 -5.266643e-01 -6.827017e-01
-3.612358e-01 -3.746791e-01 -5.337405e-01 -6.665173e-01
-3.693817e-01 -3.858515e-01 -5.405402e-01 -6.499938e-01
-3.773376e-01 -3.968326e-01 -5.470599e-01 -6.331396e-01
-3.850995e-01 -4.076166e-01 -5.532960e-01 -6.159631e-01
-3.926634e-01 -4.181983e-01 -5.592453e-01 -5.984733e-01
-4.000256e-01 -4.285723e-01 -5.649045e-01 -5.806791e-01
-4.071824e-01 -4.387334e-01 -5.702707e-01 -5.625894e-01
-4.141301e-01 -4.486764e-01 -5.753411e-01 -5.442136e-01
-4.208653e-01 -4.583964e-01 -5.801128e-01 -5.255610e-01
-4.273846e-01 -4.678885e-01 -5.845833e-01 -5.066411e-01
-4.336847e-01 -4.771478e-01 -5.887502e-01 -4.874636e-01
-4.397625e-01 -4.861697e-01 -5.926113e-01 -4.680382e-01
-4.456149e-01 -4.949497e-01 -5.961645e-01 -4.483749e-01
-4.512390e-01 -5.034832e-01 -5.994079e-01 -4.284836e-01
-4.566319e-01 -5.117661e-01 -6.023396e-01 -4.083746e-01
-4.617910e-01 -5.197940e-01 -6.049580e-01 -3.880581e-01
-4.667136e-01 -5.275629e-01 -6.072618e-01 -3.675444e-01
-4.713973e-01 -5.350690e-01 -6.092495e-01 -3.468441e-01
-4.758397e-01 -5.423082e-01 -6.109202e-01 -3.259676e-01
-4.800387e-01 -5.492771e-01 -6.122727e-01 -3.049256e-01
-4.839920e-01 -5.559720e-01 -6.133064e-01 -2.837289e-01
-4.876977e-01 -5.623896e-01 -6.140206e-01 -2.623883e-01
-4.911540e-01 -5.685265e-01 -6.144148e-01 -2.409146e-01
-4.943591e-01 -5.743796e-01 -6.144887e-01 -2.193189e-01
-4.973114e-01 -5.799459e-01 -6.142422e-01 -1.976122e-01
-5.000095e-01 -5.852226e-01 -6.136753e-01 -1.758055e-01
-5.024519e-01 -5.902070e-01 -6.127883e-01 -1.539100e-01
-5.046375e-01 -5.948965e-01 -6.115815e-01 -1.319369e-01
-5.065651e-01 -5.992886e-01 -6.100554e-01 -1.098974e-01
-5.082338e-01 -6.033812e-01 -6.082107e-01 -8.780285e-02
-5.096428e-01 -6.071720e-01 -6.060483e-01 -6.566444e-02
-5.107914e-01 -6.106592e-01 -6.035693e-01 -4.349354e-02
-5.116789e-01 -6.138408e-01 -6.007748e-01 -2.130148e-02
-5.123050e-01 -6.167153e-01 -5.976663e-01 9.003629e-04
-5.126694e-01 -6.192811e-01 -5.942452e-01 2.310064e-02
-5.127719e-01 -6.215369e-01 -5.905132e-01 4.528798e-02
-5.126124e-01 -6.234814e-01 -5.864723e-01 6.745101e-02
-5.121911e-01 -6.251137e-01 -5.821245e-01 8.957840e-02
-5.115081e-01 -6.264327e-01 -5.774719e-01 1.116588e-01
-5.105639e-01 -6.274379e-01 -5.725169e-01 1.336809e-01
-5.093590e-01 -6.281286e-01 -5.672620e-01 1.556334e-01
-5.078939e-01 -6.285043e-01 -5.617099e-01 1.775051e-01
-5.061696e-01 -6.285649e-01 -5.558634e-01 1.992847e-01
-5.041867e-01 -6.283102e-01 -5.497256e-01 2.209611e-01
-5.019465e-01 -6.277403e-01 -5.432995e-01 2.425231e-01
-4.994500e-01 -6.268555e-01 -5.365885e-01 2.639597e-01
-4.966985e-01 -6.256560e-01 -5.295959e-01 2.852599e-01
-4.936936e-01 -6.241425e-01 -5.223255e-01 3.064129e-01
-4.904366e-01 -6.223156e-01 -5.147810e-01 3.274076e-01
-4.869294e-01 -6.201762e-01 -5.069662e-01 3.482333e-01
-4.831738e-01 -6.177254e-01 -4.988852e-01 3.688795e-01
-4.791717e-01 -6.149642e-01 -4.905421e-01 3.893354e-01
-4.749251e-01 -6.118940e-01 -4.819414e-01 4.095905e-01
-4.704363e-01 -6.085163e-01 -4.730874e-01 4.296346e-01
-4.657076e-01 -6.048328e-01 -4.639848e-01 4.494572e-01
-4.607415e-01 -6.008452e-01 -4.546383e-01 4.690483e-01
-4.555405e-01 -5.965556e-01 -4.450527e-01 4.883977e-01
-4.501074e-01 -5.919660e-01 -4.352331e-01 5.074956e-01
-4.444449e-01 -5.870787e-01 -4.251845e-01 5.263321e-01
-4.385560e-01 -5.818961e-01 -4.149121e-01 5.448977e-01
-4.324437e-01 -5.764207e-01 -4.044214e-01 5.631828e-01
-4.261113e-01 -5.706554e-01 -3.937179e-01 5.811780e-01
-4.195619e-01 -5.646030e-01 -3.828069e-01 5.988741e-01
-4.127990e-01 -5.582664e-01 -3.716944e-01 6.162620e-01
-4.058261e-01 -5.516489e-01 -3.603861e-01 6.333329e-01
-3.986468e-01 -5.447537e-01 -3.488878e-01 6.500780e-01
-3.912648e-01 -5.375843e-01 -3.372056e-01 6.664888e-01
-3.836840e-01 -5.301442e-01 -3.253456e-01 6.825569e-01
-3.759082e-01 -5.224373e-01 -3.133140e-01 6.982741e-01
-3.679415e-01 -5.144673e-01 -3.011170e-01 7.136323e-01
-3.597880e-01 -5.062382e-01 -2.887611e-01 7.286237e-01
-3.514519e-01 -4.977542e-01 -2.762527e-01 7.432407e-01
-3.429376e-01 -4.890195e-01 -2.635983e-01 7.574759e-01
-3.342494e-01 -4.800385e-01 -2.508045e-01 7.713219e-01
-3.253918e-01 -4.708157e-01 -2.378781e-01 7.847718e-01
-3.163695e-01 -4.613557e-01 -2.248258e-01 7.978187e-01
-3.071869e-01 -4.516634e-01 -2.116543e-01 8.104560e-01
-2.978490e-01 -4.417434e-01 -1.983706e-01 8.226772e-01
-2.883605e-01 -4.316009e-01 -1.849817e-01 8.344763e-01
-2.787262e-01 -4.212409e-01 -1.714944e-01 8.458472e-01
-2.689513e-01 -4.106686e-01 -1.579159e-01 8.567842e-01
-2.590406e-01 -3.998893e-01 -1.442532e-01 8.672817e-01
-2.489993e-01 -3.889085e-01 -1.305134e-01 8.773345e-01
-2.388326e-01 -3.777316e-01 -1.167038e-01 8.869374e-01
-2.285457e-01 -3.663643e-01 -1.028315e-01 8.960858e-01
-2.181438e-01 -3.548123e-01 -8.890372e-02 9.047749e-01
-2.076324e-01 -3.430813e-01 -7.492778e-02 9.130005e-01
-1.970167e-01 -3.311774e-01 -6.091093e-02 9.207583e-01
-1.863023e-01 -3.191063e-01 -4.686048e-02 9.280446e-01
-1.754947e-01 -3.068742e-01 -3.278375e-02 9.348556e-01
-1.645994e-01 -2.944873e-01 -1.868805e-02 9.411881e-01
-1.536219e-01 -2.819517e-01 -4.580731e-03 9.470388e-01
-1.425679e-01 -2.692738e-01 9.530871e-03 9.524049e-01
-1.314431e-01 -2.564599e-01 2.363942e-02 9.572838e-01
-1.202531e-01 -2.435163e-01 3.773757e-02 9.616730e-01
-1.090036e-01 -2.304497e-01 5.181800e-02 9.655703e-01
-9.770045e-02 -2.172666e-01 6.587340e-02 9.689740e-01
-8.634936e-02 -2.039735e-01 7.989645e-02 9.718823e-01
-7.495613e-02 -1.905772e-01 9.387988e-02 9.742938e-01
-6.352657e-02 -1.770843e-01 1.078164e-01 9.762075e-01
-5.206650e-02 -1.635016e-01 1.216989e-01 9.776225e-01
-4.058178e-02 -1.498359e-01 1.355200e-01 9.785380e-01
-2.907823e-02 -1.360941e-01 1.492726e-01 9.789538e-01
-1.756173e-02 -1.222830e-01 1.629496e-01 9.788697e-01
-6.038131e-03 -1.084096e-01 1.765438e-01 9.782858e-01
5.486709e-03 -9.448075e-02 1.900483e-01 9.772026e-01
1.700693e-02 -8.050348e-02 2.034561e-01 9.756206e-01
2.851667e-02 -6.648479e-02 2.167601e-01 9.735408e-01
4.001010e-02 -5.243169e-02 2.299534e-01 9.709642e-01
5.148137e-02 -3.835121e-02 2.430294e-01 9.678923e-01
6.292466e-02 -2.425039e-02 2.559810e-01 9.643268e-01
7.433416e-02 -1.013631e-02 2.688018e-01 9.602694e-01
8.570410e-02 3.983986e-03 2.814849e-01 9.557223e-01
9.702869e-02 1.810342e-02 2.940239e-01 9.506880e-01
1.083022e-01 3.221493e-02 3.064123e-01 9.451689e-01
1.195189e-01 4.631144e-02 3.186435e-01 9.391681e-01
1.306732e-01 6.038591e-02 3.307114e-01 9.326886e-01
1.417593e-01 7.443128e-02 3.426095e-01 9.257337e-01
1.527717e-01 8.844053e-02 3.543319e-01 9.183071e-01
1.637048e-01 1.024066e-01 3.658723e-01 9.104126e-01
1.745531e-01 1.163226e-01 3.772248e-01 9.020542e-01
1.853110e-01 1.301815e-01 3.883835e-01 8.932362e-01
1.959732e-01 1.439763e-01 3.993426e-01 8.839631e-01
2.065342e-01 1.577002e-01 4.100964e-01 8.742398e-01
2.169887e-01 1.713462e-01 4.206394e-01 8.640711e-01
2.273313e-01 1.849075e-01 4.309660e-01 8.534623e-01
2.375570e-01 1.983774e-01 4.410709e-01 8.424188e-01
2.476605e-01 2.117490e-01 4.509489e-01 8.309463e-01
2.576367e-01 2.250157e-01 4.605948e-01 8.190505e-01
2.674805e-01 2.381709e-01 4.700035e-01 8.067376e-01
2.771870e-01 2.512078e-01 4.791702e-01 7.940138e-01
2.867513e-01 2.641200e-01 4.880901e-01 7.808856e-01
2.961685e-01 2.769009e-01 4.967586e-01 7.673598e-01
3.054339e-01 2.895442e-01 5.051710e-01 7.534431e-01
3.145427e-01 3.020435e-01 5.133230e-01 7.391428e-01
3.234905e-01 3.143926e-01 5.212104e-01 7.244660e-01
3.322726e-01 3.265851e-01 5.288290e-01 7.094202e-01
3.408846e-01 3.386150e-01 5.361748e-01 6.940131e-01
3.493221e-01 3.504762e-01 5.432440e-01 6.782525e-01
3.575810e-01 3.621628e-01 5.500328e-01 6.621464e-01
3.656569e-01 3.736688e-01 5.565376e-01 6.457031e-01
3.735458e-01 3.849885e-01 5.627550e-01 6.289309e-01
3.812438e-01 3.961162e-01 5.686818e-01 6.118383e-01
3.887468e-01 4.070461e-01 5.743148e-01 5.944341e-01
3.960511e-01 4.177729e-01 5.796510e-01 5.767270e-01
4.031530e-01 4.282911e-01 5.846875e-01 5.587261e-01
4.100489e-01 4.385954e-01 5.894217e-01 5.404406e-01
4.167353e-01 4.486805e-01 5.938511e-01 5.218797e-01
4.232087e-01 4.585414e-01 5.979732e-01 5.030529e-01
4.294659e-01 4.681731e-01 6.017858e-01 4.839698e-01
4.355038e-01 4.775707e-01 6.052870e-01 4.646401e-01
4.413191e-01 4.867293e-01 6.084747e-01 4.450737e-01
4.469089e-01 4.956445e-01 6.113472e-01 4.252805e-01
4.522705e-01 5.043116e-01 6.139030e-01 4.052706e-01
4.574010e-01 5.127263e-01 6.161407e-01 3.850542e-01
4.622978e-01 5.208842e-01 6.180589e-01 3.646417e-01
4.669585e-01 5.287812e-01 6.196566e-01 3.440434e-01
4.713805e-01 5.364134e-01 6.209329e-01 3.232698e-01
4.755618e-01 5.437767e-01 6.218871e-01 3.023316e-01
4.795000e-01 5.508674e-01 6.225184e-01 2.812395e-01
4.831932e-01 5.576820e-01 6.228266e-01 2.600042e-01
4.866394e-01 5.642168e-01 6.228114e-01 2.386366e-01
4.898370e-01 5.704687e-01 6.224726e-01 2.171476e-01
4.927842e-01 5.764343e-01 6.218104e-01 1.955482e-01
4.954795e-01 5.821106e-01 6.208251e-01 1.738494e-01
4.979214e-01 5.874947e-01 6.195170e-01 1.520624e-01
5.001088e-01 5.925838e-01 6.178867e-01 1.301983e-01
5.020405e-01 5.973753e-01 6.159351e-01 1.082683e-01
5.037155e-01 6.018667e-01 6.136630e-01 8.628371e-02
5.051328e-01 6.060557e-01 6.110716e-01 6.425572e-02
5.062918e-01 6.099402e-01 6.081621e-01 4.219565e-02
5.071917e-01 6.135180e-01 6.049360e-01 2.011481e-02
5.078322e-01 6.167874e-01 6.013949e-01 -1.975460e-03
5.082129e-01 6.197466e-01 5.975406e-01 -2.406382e-02
5.083335e-01 6.223941e-01 5.933750e-01 -4.613894e-02
5.081939e-01 6.247285e-01 5.889002e-01 -6.818948e-02
5.077943e-01 6.267486e-01 5.841185e-01 -9.020410e-02
5.071347e-01 6.284532e-01 5.790324e-01 -1.121715e-01
5.062156e-01 6.298415e-01 5.736444e-01 -1.340804e-01
5.050373e-01 6.309128e-01 5.679573e-01 -1.559195e-01
5.036004e-01 6.316664e-01 5.619741e-01 -1.776777e-01
5.019057e-01 6.321018e-01 5.556978e-01 -1.993436e-01
4.999540e-01 6.322190e-01 5.491317e-01 -2.209062e-01
4.977463e-01 6.320176e-01 5.422791e-01 -2.423545e-01
4.952837e-01 6.314979e-01 5.351436e-01 -2.636773e-01
4.925675e-01 6.306600e-01 5.277290e-01 -2.848637e-01
4.895990e-01 6.295043e-01 5.200390e-01 -3.059028e-01
4.863798e-01 6.280314e-01 5.120777e-01 -3.267838e-01
4.829115e-01 6.262419e-01 5.038492e-01 -3.474960e-01
4.791959e-01 6.241368e-01 4.953578e-01 -3.680287e-01
4.752349e-01 6.217171e-01 4.866079e-01 -3.883714e-01
4.710305e-01 6.189840e-01 4.776041e-01 -4.085137e-01
4.665849e-01 6.159387e-01 4.683511e-01 -4.284451e-01
4.619004e-01 6.125830e-01 4.588537e-01 -4.481555e-01
4.569794e-01 6.089184e-01 4.491169e-01 -4.676347e-01
4.518244e-01 6.049467e-01 4.391458e-01 -4.868728e-01
4.464381e-01 6.006701e-01 4.289455e-01 -5.058599e-01
4.408233e-01 5.960905e-01 4.185214e-01 -5.245862e-01
4.349828e-01 5.912104e-01 4.078791e-01 -5.430423e-01
4.289197e-01 5.860321e-01 3.970239e-01 -5.612185e-01
4.226371e-01 5.805583e-01 3.859617e-01 -5.791058e-01
4.161383e-01 5.747918e-01 3.746981e-01 -5.966948e-01
4.094265e-01 5.687355e-01 3.632391e-01 -6.139766e-01
4.025053e-01 5.623923e-01 3.515908e-01 -6.309424e-01
3.953783e-01 5.557656e-01 3.397590e-01 -6.475835e-01
3.880490e-01 5.488587e-01 3.277502e-01 -6.638915e-01
3.805214e-01 5.416750e-01 3.155704e-01 -6.798581e-01
3.727992e-01 5.342182e-01 3.032262e-01 -6.954750e-01
3.648865e-01 5.264921e-01 2.907239e-01 -7.107345e-01
3.567873e-01 5.185006e-01 2.780700e-01 -7.256287e-01
3.485059e-01 5.102477e-01 2.652713e-01 -7.401500e-01
3.400464e-01 5.017376e-01 2.523342e-01 -7.542912e-01
3.314133e-01 4.929746e-01 2.392657e-01 -7.680451e-01
3.226110e-01 4.839631e-01 2.260724e-01 -7.814046e-01
3.136440e-01 4.747077e-01 2.127614e-01 -7.943631e-01
3.045169e-01 4.652130e-01 1.993394e-01 -8.069140e-01
2.952344e-01 4.554839e-01 1.858135e-01 -8.190509e-01
2.858013e-01 4.455253e-01 1.721907e-01 -8.307678e-01
2.762225e-01 4.353421e-01 1.584782e-01 -8.420588e-01
2.665028e-01 4.249396e-01 1.446829e-01 -8.529182e-01
2.566473e-01 4.143230e-01 1.308122e-01 -8.633405e-01
2.466610e-01 4.034976e-01 1.168731e-01 -8.733205e-01
2.365489e-01 3.924689e-01 1.028729e-01 -8.828533e-01
2.263164e-01 3.812425e-01 8.881896e-02 -8.919340e-01
2.159686e-01 3.698241e-01 7.471842e-02 -9.005581e-01
2.055109e-01 3.582193e-01 6.057864e-02 -9.087213e-01
1.949485e-01 3.464340e-01 4.640693e-02 -9.164196e-01
1.842870e-01 3.344742e-01 3.221062e-02 -9.236492e-01
1.735316e-01 3.223459e-01 1.799706e-02 -9.304064e-01
1.626880e-01 3.100551e-01 3.773575e-03 -9.366879e-01
1.517617e-01 2.976082e-01 -1.045248e-02 -9.424906e-01
1.407581e-01 2.850113e-01 -2.467375e-02 -9.478117e-01
1.296831e-01 2.722707e-01 -3.888291e-02 -9.526485e-01
1.185421e-01 2.593929e-01 -5.307264e-02 -9.569986e-01
1.073409e-01 2.463844e-01 -6.723560e-02 -9.608600e-01
9.608516e-02 2.332517e-01 -8.136451e-02 -9.642308e-01
8.478064e-02 2.200014e-01 -9.545208e-02 -9.671094e-01
7.343309e-02 2.066401e-01 -1.094911e-01 -9.694943e-01
6.204827e-02 1.931746e-01 -1.234742e-01 -9.713844e-01
5.063197e-02 1.796116e-01 -1.373944e-01 -9.727789e-01
3.919001e-02 1.659579e-01 -1.512444e-01 -9.736772e-01
2.772819e-02 1.522204e-01 -1.650171e-01 -9.740788e-01
1.625234e-02 1.384061e-01 -1.787054e-01 -9.739836e-01
4.768283e-03 1.245217e-01 -1.923023e-01 -9.733917e-01
-6.718141e-03 1.105744e-01 -2.058008e-01 -9.723036e-01
-1.820110e-02 9.657102e-02 -2.191939e-01 -9.707197e-01
-2.967478e-02 8.251870e-02 -2.324748e-01 -9.686411e-01
-4.113334e-02 6.842445e-02 -2.456367e-01 -9.660687e-01
-5.257097e-02 5.429536e-02 -2.586727e-01 -9.630040e-01
-6.398188e-02 4.013852e-02 -2.715763e-01 -9.594486e-01
-7.536027e-02 2.596103e-02 -2.843407e-01 -9.554042e-01
-8.670038e-02 1.177002e-02 -2.969594e-01 -9.508731e-01
-9.799644e-02 -2.427395e-03 -3.094259e-01 -9.458575e-01
-1.092427e-01 -1.662409e-02 -3.217338e-01 -9.403600e-01
-1.204336e-01 -3.081292e-02 -3.338768e-01 -9.343835e-01
-1.315633e-01 -4.498678e-02 -3.458487e-01 -9.279310e-01
-1.426262e-01 -5.913853e-02 -3.576432e-01 -9.210058e-01
-1.536167e-01 -7.326108e-02 -3.692544e-01 -9.136115e-01
-1.645293e-01 -8.734733e-02 -3.806762e-01 -9.057517e-01
-1.753583e-01 -1.013902e-01 -3.919028e-01 -8.974306e-01
-1.860984e-01 -1.153826e-01 -4.029283e-01 -8.886524e-01
-1.967440e-01 -1.293176e-01 -4.137472e-01 -8.794214e-01
-2.072898e-01 -1.431881e-01 -4.243538e-01 -8.697425e-01
-2.177304e-01 -1.569871e-01 -4.347426e-01 -8.596205e-01
-2.280605e-01 -1.707077e-01 -4.449084e-01 -8.490605e-01
-2.382749e-01 -1.843430e-01 -4.548458e-01 -8.380680e-01
-2.483684e-01 -1.978862e-01 -4.645498e-01 -8.266485e-01
-2.583359e-01 -2.113304e-01 -4.740152e-01 -8.148077e-01
-2.681722e-01 -2.246688e-01 -4.832373e-01 -8.025518e-01
-2.778724e-01 -2.378947e-01 -4.922112e-01 -7.898868e-01
-2.874317e-01 -2.510016e-01 -5.009323e-01 -7.768192e-01
-2.968450e-01 -2.639826e-01 -5.093960e-01 -7.633557e-01
-3.061076e-01 -2.768314e-01 -5.175980e-01 -7.495031e-01
-3.152149e-01 -2.895414e-01 -5.255339e-01 -7.352683e-01
-3.241621e-01 -3.021063e-01 -5.331998e-01 -7.206586e-01
-3.329447e-01 -3.145196e-01 -5.405915e-01 -7.056813e-01
-3.415582e-01 -3.267751e-01 -5.477052e-01 -6.903442e-01
-3.499982e-01 -3.388665e-01 -5.545371e-01 -6.746549e-01
-3.582604e-01 -3.507879e-01 -5.610838e-01 -6.586215e-01
-3.663407e-01 -3.625332e-01 -5.673418e-01 -6.422519e-01
-3.742347e-01 -3.740963e-01 -5.733077e-01 -6.255546e-01
-3.819386e-01 -3.854716e-01 -5.789784e-01 -6.085380e-01
-3.894484e-01 -3.966531e-01 -5.843510e-01 -5.912108e-01
-3.967601e-01 -4.076352e-01 -5.894226e-01 -5.735817e-01
-4.038700e-01 -4.184124e-01 -5.941905e-01 -5.556597e-01
-4.107746e-01 -4.289792e-01 -5.986522e-01 -5.374538e-01
-4.174701e-01 -4.393302e-01 -6.028052e-01 -5.189735e-01
-4.239533e-01 -4.494602e-01 -6.066474e-01 -5.002280e-01
-4.302206e-01 -4.593640e-01 -6.101767e-01 -4.812269e-01
-4.362689e-01 -4.690365e-01 -6.133912e-01 -4.619798e-01
-4.420950e-01 -4.784729e-01 -6.162892e-01 -4.424966e-01
-4.476960e-01 -4.876684e-01 -6.188690e-01 -4.227872e-01
-4.530688e-01 -4.966182e-01 -6.211292e-01 -4.028617e-01
-4.582107e-01 -5.053177e-01 -6.230686e-01 -3.827301e-01
-4.631191e-01 -5.137627e-01 -6.246862e-01 -3.624029e-01
-4.677912e-01 -5.219486e-01 -6.259809e-01 -3.418903e-01
-4.722248e-01 -5.298714e-01 -6.269520e-01 -3.212028e-01
-4.764174e-01 -5.375270e-01 -6.275990e-01 -3.003511e-01
-4.803669e-01 -5.449114e-01 -6.279214e-01 -2.793457e-01
-4.840711e-01 -5.520209e-01 -6.279189e-01 -2.581975e-01
-4.875281e-01 -5.588519e-01 -6.275916e-01 -2.369172e-01
-4.907360e-01 -5.654008e-01 -6.269394e-01 -2.155158e-01
-4.936932e-01 -5.716642e-01 -6.259628e-01 -1.940043e-01
-4.963980e-01 -5.776390e-01 -6.246620e-01 -1.723936e-01
-4.988490e-01 -5.833221e-01 -6.230377e-01 -1.506949e-01
-5.010449e-01 -5.887106e-01 -6.210907e-01 -1.289193e-01
-5.029844e-01 -5.938016e-01 -6.188220e-01 -1.070781e-01
-5.046666e-01 -5.985926e-01 -6.162326e-01 -8.518229e-02
-5.060904e-01 -6.030810e-01 -6.133238e-01 -6.324332e-02
-5.072550e-01 -6.072647e-01 -6.100972e-01 -4.127240e-02
-5.081599e-01 -6.111413e-01 -6.065543e-01 -1.928087e-02
-5.088044e-01 -6.147089e-01 -6.026970e-01 2.719978e-03
-5.091881e-01 -6.179657e-01 -5.985272e-01 2.471880e-02
-5.093109e-01 -6.209100e-01 -5.940471e-01 4.670428e-02
-5.091725e-01 -6.235402e-01 -5.892589e-01 6.866508e-02
-5.087730e-01 -6.258550e-01 -5.841652e-01 9.058989e-02
-5.081125e-01 -6.278532e-01 -5.787686e-01 1.124674e-01
-5.071914e-01 -6.295337e-01 -5.730719e-01 1.342864e-01
-5.060099e-01 -6.308957e-01 -5.670780e-01 1.560355e-01
-5.045688e-01 -6.319385e-01 -5.607900e-01 1.777037e-01
-5.028686e-01 -6.326615e-01 -5.542113e-01 1.992796e-01
-5.009102e-01 -6.330643e-01 -5.473453e-01 2.207523e-01
-4.986946e-01 -6.331468e-01 -5.401956e-01 2.421106e-01
-4.962229e-01 -6.329088e-01 -5.327658e-01 2.633436e-01
-4.934962e-01 -6.323506e-01 -5.250600e-01 2.844402e-01
-4.905160e-01 -6.314723e-01 -5.170820e-01 3.053898e-01
-4.872838e-01 -6.302745e-01 -5.088362e-01 3.261813e-01
-4.838012e-01 -6.287577e-01 -5.003269e-01 3.468043e-01
-4.800699e-01 -6.269227e-01 -4.915584e-01 3.672480e-01
-4.760919e-01 -6.247705e-01 -4.825355e-01 3.875020e-01
-4.718692e-01 -6.223022e-01 -4.732628e-01 4.075559e-01
-4.674040e-01 -6.195190e-01 -4.637452e-01 4.273993e-01
-4.626984e-01 -6.164224e-01 -4.539877e-01 4.470221e-01
-4.577550e-01 -6.130140e-01 -4.439955e-01 4.664143e-01
-4.525762e-01 -6.092954e-01 -4.337737e-01 4.855659e-01
-4.471647e-01 -6.052688e-01 -4.233278e-01 5.044670e-01
-4.415234e-01 -6.009360e-01 -4.126632e-01 5.231081e-01
-4.356550e-01 -5.962994e-01 -4.017855e-01 5.414796e-01
-4.295626e-01 -5.913613e-01 -3.907005e-01 5.595721e-01
-4.232493e-01 -5.861242e-01 -3.794138e-01 5.773764e-01
-4.167184e-01 -5.805909e-01 -3.679315e-01 5.948835e-01
-4.099732e-01 -5.747642e-01 -3.562596e-01 6.120843e-01
-4.030172e-01 -5.686470e-01 -3.444041e-01 6.289702e-01
-3.958540e-01 -5.622425e-01 -3.323712e-01 6.455326e-01
-3.884872e-01 -5.555540e-01 -3.201673e-01 6.617631e-01
-3.809206e-01 -5.485849e-01 -3.077986e-01 6.776534e-01
-3.731581e-01 -5.413388e-01 -2.952717e-01 6.931955e-01
-3.652037e-01 -5.338193e-01 -2.825931e-01 7.083815e-01
-3.570615e-01 -5.260304e-01 -2.697693e-01 7.232037e-01
-3.487356e-01 -5.179759e-01 -2.568071e-01 7.376547e-01
-3.402303e-01 -5.096601e-01 -2.437132e-01 7.517272e-01
-3.315500e-01 -5.010871e-01 -2.304943e-01 7.654141e-01
-3.226991e-01 -4.922612e-01 -2.171573e-01 7.787084e-01
-3.136822e-01 -4.831871e-01 -2.037092e-01 7.916036e-01
-3.045038e-01 -4.738693e-01 -1.901569e-01 8.040931e-01
-2.951687e-01 -4.643125e-01 -1.765074e-01 8.161706e-01
-2.856817e-01 -4.545216e-01 -1.627678e-01 8.278301e-01
-2.760475e-01 -4.445017e-01 -1.489451e-01 8.390658e-01
-2.662711e-01 -4.342576e-01 -1.350465e-01 8.498720e-01
-2.563574e-01 -4.237948e-01 -1.210793e-01 8.602434e-01
-2.463117e-01 -4.131183e-01 -1.070504e-01 8.701747e-01
-2.361389e-01 -4.022338e-01 -9.296727e-02 8.796610e-01
-2.258443e-01 -3.911466e-01 -7.883705e-02 8.886976e-01
-2.154330e-01 -3.798624e-01 -6.466703e-02 8.972799e-01
-2.049105e-01 -3.683870e-01 -5.046447e-02 9.054038e-01
-1.942821e-01 -3.567260e-01 -3.623668e-02 9.130651e-01
-1.835531e-01 -3.448854e-01 -2.199094e-02 9.202601e-01
-1.727291e-01 -3.328712e-01 -7.734570e-03 9.269852e-01
-1.618154e-01 -3.206895e-01 6.525135e-03 9.332371e-01
-1.508178e-01 -3.083463e-01 2.078087e-02 9.390126e-01
-1.397418e-01 -2.958480e-01 3.502534e-02 9.443090e-01
-1.285930e-01 -2.832008e-01 4.925126e-02 9.491235e-01
-1.173770e-01 -2.704111e-01 6.345136e-02 9.534539e-01
-1.060996e-01 -2.574854e-01 7.761837e-02 9.572980e-01
-9.476652e-02 -2.444302e-01 9.174506e-02 9.606540e-01
-8.338347e-02 -2.312521e-01 1.058242e-01 9.635201e-01
-7.195626e-02 -2.179576e-01 1.198487e-01 9.658950e-01
-6.049067e-02 -2.045536e-01 1.338112e-01 9.677775e-01
-4.899253e-02 -1.910468e-01 1.477048e-01 9.691667e-01
-3.746767e-02 -1.774439e-01 1.615222e-01 9.700621e-01
-2.592195e-02 -1.637519e-01 1.752566e-01 9.704630e-01
-1.436122e-02 -1.499776e-01 1.889007e-01 9.703695e-01
-2.791348e-03 -1.361281e-01 2.024478e-01 9.697815e-01
8.781791e-03 -1.222101e-01 2.158909e-01 9.686995e-01
2.035233e-02 -1.082309e-01 2.292231e-01 9.671239e-01
3.191438e-02 -9.419738e-02 2.424377e-01 9.650556e-01
4.346209e-02 -8.011666e-02 2.555279e-01 9.624956e-01
5.498959e-02 -6.599585e-02 2.684870e-01 9.594454e-01
6.649104e-02 -5.184206e-02 2.813084e-01 9.559063e-01
7.796058e-02 -3.766242e-02 2.939857e-01 9.518803e-01
8.939239e-02 -2.346409e-02 3.065122e-01 9.473693e-01
1.007807e-01 -9.254238e-03 3.188818e-01 9.423757e-01
1.121196e-01 4.959979e-03 3.310879e-01 9.369020e-01
1.234035e-01 1.917139e-02 3.431244e-01 9.309509e-01
1.346266e-01 3.337281e-02 3.549852e-01 9.245255e-01
1.457831e-01 4.755709e-02 3.666642e-01 9.176290e-01
1.568675e-01 6.171705e-02 3.781554e-01 9.102648e-01
1.678740e-01 7.584556e-02 3.894530e-01 9.024368e-01
1.787971e-01 8.993548e-02 4.005512e-01 8.941487e-01
1.896311e-01 1.039797e-01 4.114443e-01 8.854049e-01
2.003707e-01 1.179711e-01 4.221267e-01 8.762097e-01
2.110103e-01 1.319026e-01 4.325930e-01 8.665677e-01
2.215444e-01 1.457672e-01 4.428378e-01 8.564839e-01
2.319678e-01 1.595579e-01 4.528559e-01 8.459632e-01
2.422750e-01 1.732677e-01 4.626420e-01 8.350111e-01
2.524609e-01 1.868896e-01 4.721913e-01 8.236329e-01
2.625203e-01 2.004168e-01 4.814987e-01 8.118345e-01
2.724479e-01 2.138425e-01 4.905595e-01 7.996217e-01
2.822387e-01 2.271598e-01 4.993690e-01 7.870008e-01
2.918877e-01 2.403619e-01 5.079228e-01 7.739782e-01
3.013899e-01 2.534423e-01 5.162163e-01 7.605603e-01
3.107405e-01 2.663942e-01 5.242452e-01 7.467539e-01
3.199347e-01 2.792112e-01 5.320055e-01 7.325661e-01
3.289677e-01 2.918866e-01 5.394932e-01 7.180039e-01
3.378349e-01 3.044141e-01 5.467042e-01 7.030748e-01
3.465318e-01 3.167873e-01 5.536349e-01 6.877862e-01
3.550538e-01 3.290000e-01 5.602817e-01 6.721460e-01
3.633965e-01 3.410459e-01 5.666411e-01 6.561620e-01
3.715557e-01 3.529189e-01 5.727098e-01 6.398422e-01
3.795271e-01 3.646129e-01 5.784846e-01 6.231951e-01
3.873066e-01 3.761221e-01 5.839625e-01 6.062290e-01
3.948901e-01 3.874406e-01 5.891406e-01 5.889524e-01
4.022737e-01 3.985625e-01 5.940161e-01 5.713743e-01
4.094536e-01 4.094823e-01 5.985866e-01 5.535034e-01
4.164260e-01 4.201943e-01 6.028496e-01 5.353489e-01
4.231873e-01 4.306932e-01 6.068027e-01 5.169201e-01
4.297339e-01 4.409735e-01 6.104440e-01 4.982261e-01
4.360623e-01 4.510300e-01 6.137715e-01 4.792767e-01
4.421694e-01 4.608576e-01 6.167833e-01 4.600814e-01
4.480517e-01 4.704512e-01 6.194779e-01 4.406501e-01
4.537063e-01 4.798059e-01 6.218538e-01 4.209925e-01
4.591302e-01 4.889170e-01 6.239096e-01 4.011189e-01
4.643204e-01 4.977798e-01 6.256444e-01 3.810393e-01
4.692742e-01 5.063897e-01 6.270570e-01 3.607639e-01
4.739890e-01 5.147424e-01 6.281467e-01 3.403033e-01
4.784622e-01 5.228335e-01 6.289129e-01 3.196678e-01
4.826915e-01 5.306590e-01 6.293552e-01 2.988680e-01
4.866745e-01 5.382147e-01 6.294731e-01 2.779146e-01
4.904090e-01 5.454968e-01 6.292666e-01 2.568184e-01
4.938932e-01 5.525017e-01 6.287358e-01 2.355901e-01
4.971250e-01 5.592256e-01 6.278809e-01 2.142407e-01
5.001027e-01 5.656651e-01 6.267022e-01 1.927812e-01
5.028246e-01 5.718170e-01 6.252004e-01 1.712227e-01
5.052893e-01 5.776780e-01 6.233762e-01 1.495761e-01
5.074953e-01 5.832452e-01 6.212304e-01 1.278527e-01
5.094415e-01 5.885157e-01 6.187643e-01 1.060636e-01
5.111266e-01 5.934867e-01 6.159789e-01 8.422017e-02
5.125498e-01 5.981558e-01 6.128758e-01 6.233358e-02
5.137102e-01 6.025206e-01 6.094566e-01 4.041515e-02
5.146071e-01 6.065788e-01 6.057230e-01 1.847619e-02
5.152398e-01 6.103283e-01 6.016770e-01 -3.471955e-03
5.156081e-01 6.137672e-01 5.973206e-01 -2.541796e-02
5.157117e-01 6.168939e-01 5.926562e-01 -4.735050e-02
5.155502e-01 6.197065e-01 5.876862e-01 -6.925822e-02
5.151239e-01 6.222039e-01 5.824131e-01 -9.112982e-02
5.144328e-01 6.243846e-01 5.768398e-01 -1.129540e-01
5.134771e-01 6.262477e-01 5.709692e-01 -1.347195e-01
5.122573e-01 6.277921e-01 5.648043e-01 -1.564150e-01
5.107740e-01 6.290171e-01 5.583484e-01 -1.780294e-01
5.090278e-01 6.299222e-01 5.516048e-01 -1.995514e-01
5.070196e-01 6.305069e-01 5.445772e-01 -2.209700e-01
5.047504e-01 6.307710e-01 5.372692e-01 -2.422742e-01
5.022212e-01 6.307144e-01 5.296847e-01 -2.634528e-01
4.994333e-01 6.303371e-01 5.218276e-01 -2.844951e-01
4.963881e-01 6.296394e-01 5.137022e-01 -3.053901e-01
4.930871e-01 6.286217e-01 5.053127e-01 -3.261272e-01
4.895320e-01 6.272846e-01 4.966635e-01 -3.466956e-01
4.857245e-01 6.256288e-01 4.877592e-01 -3.670847e-01
4.816666e-01 6.236553e-01 4.786045e-01 -3.872842e-01
4.773604e-01 6.213650e-01 4.692043e-01 -4.072835e-01
4.728079e-01 6.187593e-01 4.595635e-01 -4.270726e-01
4.680116e-01 6.158394e-01 4.496872e-01 -4.466412e-01
4.629738e-01 6.126071e-01 4.395805e-01 -4.659794e-01
4.576972e-01 6.090638e-01 4.292489e-01 -4.850772e-01
4.521844e-01 6.052116e-01 4.186978e-01 -5.039249e-01
4.464382e-01 6.010525e-01 4.079327e-01 -5.225130e-01
4.404616e-01 5.965886e-01 3.969592e-01 -5.408318e-01
4.342576e-01 5.918222e-01 3.857832e-01 -5.588723e-01
4.278293e-01 5.867559e-01 3.744104e-01 -5.766251e-01
4.211802e-01 5.813922e-01 3.628469e-01 -5.940812e-01
4.143134e-01 5.757340e-01 3.510986e-01 -6.112319e-01
4.072327e-01 5.697843e-01 3.391718e-01 -6.280684e-01
3.999415e-01 5.635460e-01 3.270725e-01 -6.445822e-01
3.924437e-01 5.570225e-01 3.148072e-01 -6.607649e-01
3.847429e-01 5.502172e-01 3.023821e-01 -6.766084e-01
3.768433e-01 5.431335e-01 2.898038e-01 -6.921047e-01
3.687487e-01 5.357751e-01 2.770787e-01 -7.072460e-01
3.604633e-01 5.281457e-01 2.642135e-01 -7.220246e-01
3.519913e-01 5.202495e-01 2.512147e-01 -7.364331e-01
3.433371e-01 5.120903e-01 2.380892e-01 -7.504643e-01
3.345051e-01 5.036724e-01 2.248436e-01 -7.641111e-01
3.254997e-01 4.950001e-01 2.114848e-01 -7.773667e-01
3.163255e-01 4.860778e-01 1.980197e-01 -7.902244e-01
3.069873e-01 4.769104e-01 1.844552e-01 -8.026778e-01
2.974896e-01 4.675024e-01 1.707982e-01 -8.147205e-01
2.878375e-01 4.578587e-01 1.570558e-01 -8.263464e-01
2.780357e-01 4.479845e-01 1.432349e-01 -8.375499e-01
2.680892e-01 4.378847e-01 1.293428e-01 -8.483252e-01
2.580031e-01 4.275646e-01 1.153864e-01 -8.586669e-01
2.477826e-01 4.170296e-01 1.013729e-01 -8.685699e-01
2.374327e-01 4.062849e-01 8.730945e-02 -8.780293e-01
2.269587e-01 3.953361e-01 7.320330e-02 -8.870402e-01
2.163659e-01 3.841889e-01 5.906159e-02 -8.955984e-01
2.056598e-01 3.728488e-01 4.489155e-02 -9.036994e-01
1.948456e-01 3.613218e-01 3.070040e-02 -9.113393e-01
1.839289e-01 3.496136e-01 1.649535e-02 -9.185142e-01
1.729152e-01 3.377302e-01 2.283632e-03 -9.252208e-01
1.618101e-01 3.256776e-01 -1.192753e-02 -9.314555e-01
1.506191e-01 3.134619e-01 -2.613091e-02 -9.372154e-01
1.393479e-01 3.010894e-01 -4.031931e-02 -9.424976e-01
1.280023e-01 2.885662e-01 -5.448552e-02 -9.472995e-01
1.165880e-01 2.758987e-01 -6.862237e-02 -9.516187e-01
1.051106e-01 2.630933e-01 -8.272269e-02 -9.554531e-01
9.357616e-02 2.501564e-01 -9.677935e-02 -9.588008e-01
8.199036e-02 2.370945e-01 -1.107852e-01 -9.616602e-01
7.035911e-02 2.239143e-01 -1.247332e-01 -9.640299e-01
5.868829e-02 2.106222e-01 -1.386163e-01 -9.659086e-01
4.698384e-02 1.972251e-01 -1.524274e-01 -9.672955e-01
3.525167e-02 1.837297e-01 -1.661596e-01 -9.681899e-01
2.349777e-02 1.701426e-01 -1.798059e-01 -9.685913e-01
1.172809e-02 1.564709e-01 -1.933595e-01 -9.684996e-01
-5.137714e-05 1.427212e-01 -2.068134e-01 -9.679147e-01
-1.183462e-02 1.289007e-01 -2.201610e-01 -9.668370e-01
-2.361564e-02 1.150162e-01 -2.333953e-01 -9.652669e-01
-3.538842e-02 1.010747e-01 -2.465099e-01 -9.632053e-01
-4.714694e-02 8.708319e-02 -2.594979e-01 -9.606532e-01
-5.888524e-02 7.304887e-02 -2.723529e-01 -9.576118e-01
-7.059732e-02 5.897880e-02 -2.850684e-01 -9.540826e-01
-8.227725e-02 4.488012e-02 -2.976378e-01 -9.500673e-01
-9.391906e-02 3.075997e-02 -3.100549e-01 -9.455681e-01
-1.055168e-01 1.662552e-02 -3.223134e-01 -9.405870e-01
-1.170647e-01 2.483931e-03 -3.344070e-01 -9.351266e-01
-1.285567e-01 -1.165762e-02 -3.463295e-01 -9.291895e-01
-1.399869e-01 -2.579195e-02 -3.580750e-01 -9.227788e-01
-1.513497e-01 -3.991190e-02 -3.696375e-01 -9.158976e-01
-1.626391e-01 -5.401029e-02 -3.810111e-01 -9.085494e-01
-1.738494e-01 -6.807997e-02 -3.921901e-01 -9.007377e-01
-1.849749e-01 -8.211380e-02 -4.031687e-01 -8.924666e-01
-1.960099e-01 -9.610464e-02 -4.139413e-01 -8.837401e-01
-2.069487e-01 -1.100454e-01 -4.245026e-01 -8.745626e-01
-2.177857e-01 -1.239290e-01 -4.348471e-01 -8.649387e-01
-2.285154e-01 -1.377483e-01 -4.449695e-01 -8.548733e-01
-2.391322e-01 -1.514964e-01 -4.548647e-01 -8.443712e-01
-2.496307e-01 -1.651663e-01 -4.645276e-01 -8.334379e-01
-2.600056e-01 -1.787510e-01 -4.739533e-01 -8.220787e-01
-2.702514e-01 -1.922435e-01 -4.831370e-01 -8.102995e-01
-2.803629e-01 -2.056372e-01 -4.920740e-01 -7.981060e-01
-2.903349e-01 -2.189250e-01 -5.007597e-01 -7.855044e-01
-3.001623e-01 -2.321003e-01 -5.091896e-01 -7.725011e-01
-3.098400e-01 -2.451564e-01 -5.173595e-01 -7.591026e-01
-3.193629e-01 -2.580866e-01 -5.252651e-01 -7.453156e-01
-3.287261e-01 -2.708843e-01 -5.329023e-01 -7.311470e-01
-3.379249e-01 -2.835430e-01 -5.402673e-01 -7.166041e-01
-3.469544e-01 -2.960563e-01 -5.473562e-01 -7.016941e-01
-3.558099e-01 -3.084177e-01 -5.541653e-01 -6.864245e-01
-3.644868e-01 -3.206210e-01 -5.606912e-01 -6.708032e-01
-3.729806e-01 -3.326600e-01 -5.669305e-01 -6.548378e-01
-3.812869e-01 -3.445285e-01 -5.728799e-01 -6.385367e-01
-3.894013e-01 -3.562205e-01 -5.785363e-01 -6.219079e-01
-3.973196e-01 -3.677299e-01 -5.838967e-01 -6.049599e-01
-4.050376e-01 -3.790510e-01 -5.889585e-01 -5.877013e-01
-4.125513e-01 -3.901779e-01 -5.937189e-01 -5.701408e-01
-4.198567e-01 -4.011049e-01 -5.981754e-01 -5.522874e-01
-4.269499e-01 -4.118264e-01 -6.023258e-01 -5.341502e-01
-4.338273e-01 -4.223371e-01 -6.061677e-01 -5.157383e-01
-4.404851e-01 -4.326314e-01 -6.096992e-01 -4.970612e-01
-4.469198e-01 -4.427042e-01 -6.129185e-01 -4.781283e-01
-4.531280e-01 -4.525502e-01 -6.158237e-01 -4.589494e-01
-4.591064e-01 -4.621644e-01 -6.184134e-01 -4.395341e-01
-4.648518e-01 -4.715419e-01 -6.206861e-01 -4.198925e-01
-4.703611e-01 -4.806780e-01 -6.226407e-01 -4.000346e-01
-4.756314e-01 -4.895678e-01 -6.242761e-01 -3.799705e-01
-4.806597e-01 -4.982069e-01 -6.255913e-01 -3.597106e-01
-4.854433e-01 -5.065908e-01 -6.265857e-01 -3.392651e-01
-4.899798e-01 -5.147152e-01 -6.272588e-01 -3.186447e-01
-4.942665e-01 -5.225760e-01 -6.276100e-01 -2.978599e-01
-4.983012e-01 -5.301692e-01 -6.276393e-01 -2.769214e-01
-5.020816e-01 -5.374908e-01 -6.273466e-01 -2.558399e-01
-5.056056e-01 -5.445370e-01 -6.267319e-01 -2.346264e-01
-5.088714e-01 -5.513044e-01 -6.257956e-01 -2.132917e-01
-5.118769e-01 -5.577893e-01 -6.245381e-01 -1.918469e-01
-5.146207e-01 -5.639886e-01 -6.229601e-01 -1.703031e-01
-5.171010e-01 -5.698990e-01 -6.210625e-01 -1.486712e-01
-5.193166e-01 -5.755174e-01 -6.188461e-01 -1.269627e-01
-5.212660e-01 -5.808412e-01 -6.163121e-01 -1.051885e-01
-5.229483e-01 -5.858675e-01 -6.134619e-01 -8.336008e-02
-5.243624e-01 -5.905938e-01 -6.102969e-01 -6.148865e-02
-5.255074e-01 -5.950177e-01 -6.068187e-01 -3.958552e-02
-5.263826e-01 -5.991370e-01 -6.030292e-01 -1.766205e-02
-5.269876e-01 -6.029497e-01 -5.989303e-01 4.270423e-03
-5.273217e-01 -6.064539e-01 -5.945242e-01 2.620054e-02
-5.273849e-01 -6.096477e-01 -5.898132e-01 4.811694e-02
-5.271769e-01 -6.125297e-01 -5.847997e-01 7.000827e-02
-5.266977e-01 -6.150985e-01 -5.794865e-01 9.186319e-02
-5.259475e-01 -6.173527e-01 -5.738762e-01 1.136704e-01
-5.249266e-01 -6.192914e-01 -5.679719e-01 1.354186e-01
-5.236353e-01 -6.209135e-01 -5.617768e-01 1.570965e-01
-5.220744e-01 -6.222184e-01 -5.552940e-01 1.786929e-01
-5.202446e-01 -6.232055e-01 -5.485270e-01 2.001967e-01
-5.181466e-01 -6.238743e-01 -5.414794e-01 2.215967e-01
-5.157815e-01 -6.242246e-01 -5.341550e-01 2.428818e-01
-5.131504e-01 -6.242563e-01 -5.265576e-01 2.640412e-01
-5.102547e-01 -6.239696e-01 -5.186914e-01 2.850638e-01
-5.070957e-01 -6.233646e-01 -5.105604e-01 3.059390e-01
-5.036751e-01 -6.224417e-01 -5.021689e-01 3.266558e-01
-4.999946e-01 -6.212016e-01 -4.935215e-01 3.472037e-01
-4.960560e-01 -6.196450e-01 -4.846228e-01 3.675721e-01
-4.918612e-01 -6.177728e-01 -4.754774e-01 3.877506e-01
-4.874124e-01 -6.155861e-01 -4.660902e-01 4.077289e-01
-4.827119e-01 -6.130860e-01 -4.564661e-01 4.274966e-01
-4.777620e-01 -6.102741e-01 -4.466104e-01 4.470439e-01
-4.725653e-01 -6.071517e-01 -4.365280e-01 4.663606e-01
-4.671243e-01 -6.037207e-01 -4.262244e-01 4.854369e-01
-4.614418e-01 -5.999828e-01 -4.157051e-01 5.042632e-01
-4.555207e-01 -5.959401e-01 -4.049754e-01 5.228299e-01
-4.493641e-01 -5.915948e-01 -3.940411e-01 5.411276e-01
-4.429750e-01 -5.869492e-01 -3.829079e-01 5.591470e-01
-4.363567e-01 -5.820056e-01 -3.715816e-01 5.768790e-01
-4.295125e-01 -5.767668e-01 -3.600681e-01 5.943147e-01
-4.224459e-01 -5.712355e-01 -3.483735e-01 6.114453e-01
-4.151605e-01 -5.654146e-01 -3.365037e-01 6.282622e-01
-4.076601e-01 -5.593071e-01 -3.244650e-01 6.447568e-01
-3.999482e-01 -5.529162e-01 -3.122635e-01 6.609210e-01
-3.920290e-01 -5.462452e-01 -2.999057e-01 6.767467e-01
-3.839064e-01 -5.392976e-01 -2.873978e-01 6.922257e-01
-3.755844e-01 -5.320772e-01 -2.747463e-01 7.073504e-01
-3.670675e-01 -5.245878e-01 -2.619577e-01 7.221131e-01
-3.583598e-01 -5.168334e-01 -2.490385e-01 7.365062e-01
-3.494659e-01 -5.088181e-01 -2.359953e-01 7.505224e-01
-3.403901e-01 -5.005463e-01 -2.228349e-01 7.641548e-01
-3.311372e-01 -4.920222e-01 -2.095639e-01 7.773965e-01
-3.217119e-01 -4.832504e-01 -1.961891e-01 7.902407e-01
-3.121188e-01 -4.742356e-01 -1.827173e-01 8.026810e-01
-3.023629e-01 -4.649823e-01 -1.691555e-01 8.147113e-01
-2.924491e-01 -4.554955e-01 -1.555106e-01 8.263255e-01
-2.823825e-01 -4.457802e-01 -1.417894e-01 8.375177e-01
-2.721680e-01 -4.358413e-01 -1.279990e-01 8.482825e-01
-2.618109e-01 -4.256840e-01 -1.141463e-01 8.586145e-01
-2.513164e-01 -4.153136e-01 -1.002385e-01 8.685085e-01
-2.406898e-01 -4.047354e-01 -8.628255e-02 8.779596e-01
-2.299364e-01 -3.939548e-01 -7.228554e-02 8.869632e-01
-2.190616e-01 -3.829775e-01 -5.825454e-02 8.955148e-01
-2.080710e-01 -3.718089e-01 -4.419666e-02 9.036101e-01
-1.969700e-01 -3.604549e-01 -3.011900e-02 9.112453e-01
-1.857642e-01 -3.489211e-01 -1.602866e-02 9.184165e-01
-1.744593e-01 -3.372135e-01 -1.932734e-03 9.251201e-01
-1.630609e-01 -3.253380e-01 1.216166e-02 9.313530e-01
-1.515748e-01 -3.133006e-01 2.624744e-02 9.371120e-01
-1.400067e-01 -3.011074e-01 4.031752e-02 9.423943e-01
-1.283625e-01 -2.887646e-01 5.436483e-02 9.471972e-01
-1.166479e-01 -2.762783e-01 6.838231e-02 9.515185e-01
-1.048690e-01 -2.636549e-01 8.236293e-02 9.553559e-01
-9.303150e-02 -2.509007e-01 9.629967e-02 9.587076e-01
-8.114149e-02 -2.380222e-01 1.101855e-01 9.615720e-01
-6.920492e-02 -2.250258e-01 1.240136e-01 9.639475e-01
-5.722780e-02 -2.119180e-01 1.377768e-01 9.658329e-01
-4.521618e-02 -1.987055e-01 1.514684e-01 9.672275e-01
-3.317613e-02 -1.853948e-01 1.650815e-01 9.681303e-01
-2.111372e-02 -1.719927e-01 1.786092e-01 9.685409e-01
-9.035074e-03 -1.585059e-01 1.920448e-01 9.684591e-01
3.053697e-03 -1.449412e-01 2.053816e-01 9.678849e-01
1.514645e-02 -1.313054e-01 2.186127e-01 9.668185e-01
2.723704e-02 -1.176054e-01 2.317317e-01 9.652603e-01
3.931931e-02 -1.038481e-01 2.447319e-01 9.632112e-01
5.138709e-02 -9.004044e-02 2.576068e-01 9.606721e-01
6.343421e-02 -7.618941e-02 2.703499e-01 9.576441e-01
7.545450e-02 -6.230201e-02 2.829548e-01 9.541287e-01
8.744180e-02 -4.838530e-02 2.954153e-01 9.501277e-01
9.938994e-02 -3.444633e-02 3.077250e-01 9.456429e-01
1.112928e-01 -2.049220e-02 3.198777e-01 9.406765e-01
1.231444e-01 -6.530036e-03 3.318673e-01 9.352309e-01
1.349385e-01 7.433060e-03 3.436878e-01 9.293089e-01
1.466692e-01 2.138997e-02 3.553331e-01 9.229133e-01
1.583305e-01 3.533357e-02 3.667975e-01 9.160473e-01
1.699164e-01 4.925675e-02 3.780751e-01 9.087141e-01
1.814209e-01 6.315243e-02 3.891603e-01 9.009176e-01
1.928381e-01 7.701350e-02 4.000473e-01 8.926615e-01
2.041623e-01 9.083290e-02 4.107308e-01 8.839499e-01
2.153875e-01 1.046036e-01 4.212052e-01 8.747871e-01
2.265079e-01 1.183185e-01 4.314654e-01 8.651777e-01
2.375180e-01 1.319707e-01 4.415061e-01 8.551265e-01
2.484119e-01 1.455532e-01 4.513222e-01 8.446384e-01
2.591841e-01 1.590591e-01 4.609087e-01 8.337188e-01
2.698291e-01 1.724814e-01 4.702608e-01 8.223729e-01
2.803412e-01 1.858133e-01 4.793736e-01 8.106066e-01
2.907151e-01 1.990481e-01 4.882427e-01 7.984257e-01
3.009455e-01 2.121790e-01 4.968634e-01 7.858363e-01
3.110269e-01 2.251992e-01 5.052313e-01 7.728447e-01
3.209542e-01 2.381021e-01 5.133422e-01 7.594574e-01
3.307222e-01 2.508812e-01 5.211920e-01 7.456811e-01
3.403259e-01 2.635299e-01 5.287766e-01 7.315228e-01
3.497603e-01 2.760418e-01 5.360920e-01 7.169895e-01
3.590205e-01 2.884106e-01 5.431347e-01 7.020886e-01
3.681016e-01 3.006298e-01 5.499009e-01 6.868275e-01
3.769988e-01 3.126933e-01 5.563871e-01 6.712139e-01
3.857076e-01 3.245950e-01 5.625901e-01 6.552558e-01
3.942233e-01 3.363286e-01 5.685065e-01 6.389612e-01
4.025415e-01 3.478882e-01 5.741335e-01 6.223383e-01
4.106577e-01 3.592679e-01 5.794679e-01 6.053955e-01
4.185677e-01 3.704619e-01 5.845072e-01 5.881415e-01
4.262671e-01 3.814643e-01 5.892487e-01 5.705850e-01
4.337521e-01 3.922696e-01 5.936900e-01 5.527349e-01
4.410185e-01 4.028723e-01 5.978286e-01 5.346004e-01
4.480626e-01 4.132668e-01 6.016625e-01 5.161906e-01
4.548805e-01 4.234480e-01 6.051897e-01 4.975149e-01
4.614686e-01 4.334105e-01 6.084083e-01 4.785828e-01
4.678234e-01 4.431493e-01 6.113166e-01 4.594040e-01
4.739415e-01 4.526594e-01 6.139131e-01 4.399883e-01
4.798195e-01 4.619359e-01 6.161964e-01 4.203457e-01
4.854543e-01 4.709741e-01 6.181653e-01 4.004861e-01
4.908429e-01 4.797694e-01 6.198188e-01 3.804198e-01
4.959822e-01 4.883172e-01 6.211560e-01 3.601571e-01
5.008696e-01 4.966132e-01 6.221762e-01 3.397084e-01
5.055023e-01 5.046531e-01 6.228788e-01 3.190841e-01
5.098777e-01 5.124329e-01 6.232635e-01 2.982949e-01
5.139936e-01 5.199485e-01 6.233300e-01 2.773515e-01
5.178475e-01 5.271961e-01 6.230783e-01 2.562647e-01
5.214374e-01 5.341721e-01 6.225086e-01 2.350454e-01
5.247612e-01 5.408728e-01 6.216210e-01 2.137045e-01
5.278171e-01 5.472949e-01 6.204162e-01 1.922530e-01
5.306034e-01 5.534351e-01 6.188946e-01 1.707021e-01
5.331184e-01 5.592903e-01 6.170570e-01 1.490627e-01
5.353608e-01 5.648577e-01 6.149045e-01 1.273463e-01
5.373293e-01 5.701343e-01 6.124380e-01 1.055638e-01
5.390227e-01 5.751177e-01 6.096589e-01 8.372674e-02
5.404399e-01 5.798053e-01 6.065687e-01 6.184630e-02
5.415803e-01 5.841947e-01 6.031688e-01 3.993385e-02
5.424429e-01 5.882839e-01 5.994612e-01 1.800074e-02
5.430273e-01 5.920707e-01 5.954478e-01 -3.941647e-03
5.433331e-01 5.955534e-01 5.911306e-01 -2.588195e-02
5.433599e-01 5.987303e-01 5.865120e-01 -4.780878e-02
5.431077e-01 6.015998e-01 5.815945e-01 -6.971078e-02
5.425764e-01 6.041605e-01 5.763806e-01 -9.157659e-02
5.417663e-01 6.064113e-01 5.708731e-01 -1.133949e-01
5.406777e-01 6.083512e-01 5.650750e-01 -1.351544e-01
5.393110e-01 6.099792e-01 5.589893e-01 -1.568437e-01
5.376669e-01 6.112946e-01 5.526193e-01 -1.784518e-01
5.357461e-01 6.122969e-01 5.459685e-01 -1.999674e-01
5.335496e-01 6.129858e-01 5.390402e-01 -2.213795e-01
5.310784e-01 6.133610e-01 5.318383e-01 -2.426768e-01
5.283337e-01 6.134224e-01 5.243666e-01 -2.638486e-01
5.253169e-01 6.131702e-01 5.166291e-01 -2.848839e-01
5.220294e-01 6.126046e-01 5.086299e-01 -3.057718e-01
5.184730e-01 6.117262e-01 5.003733e-01 -3.265017e-01
5.146494e-01 6.105354e-01 4.918636e-01 -3.470630e-01
5.105605e-01 6.090331e-01 4.831054e-01 -3.674450e-01
5.062083e-01 6.072202e-01 4.741033e-01 -3.876374e-01
5.015951e-01 6.050978e-01 4.648622e-01 -4.076299e-01
4.967232e-01 6.026671e-01 4.553868e-01 -4.274123e-01
4.915951e-01 5.999294e-01 4.456822e-01 -4.469746e-01
4.862133e-01 5.968864e-01 4.357536e-01 -4.663068e-01
4.805806e-01 5.935398e-01 4.256061e-01 -4.853991e-01
4.746998e-01 5.898913e-01 4.152450e-01 -5.042418e-01
4.685739e-01 5.859431e-01 4.046759e-01 -5.228256e-01
4.622060e-01 5.816972e-01 3.939042e-01 -5.411409e-01
4.555993e-01 5.771560e-01 3.829355e-01 -5.591785e-01
4.487571e-01 5.723219e-01 3.717756e-01 -5.769295e-01
4.416829e-01 5.671975e-01 3.604302e-01 -5.943849e-01
4.343802e-01 5.617854e-01 3.489052e-01 -6.115359e-01
4.268528e-01 5.560888e-01 3.372066e-01 -6.283739e-01
4.191044e-01 5.501107e-01 3.253403e-01 -6.448902e-01
4.111391e-01 5.438544e-01 3.133124e-01 -6.610767e-01
4.029609e-01 5.373234e-01 3.011291e-01 -6.769250e-01
3.945739e-01 5.305211e-01 2.887966e-01 -6.924272e-01
3.859824e-01 5.234512e-01 2.763213e-01 -7.075754e-01
3.771907e-01 5.161176e-01 2.637094e-01 -7.223622e-01
3.682034e-01 5.085241e-01 2.509675e-01 -7.367800e-01
3.590249e-01 5.006749e-01 2.381021e-01 -7.508217e-01
3.496599e-01 4.925741e-01 2.251196e-01 -7.644801e-01
3.401132e-01 4.842260e-01 2.120267e-01 -7.777486e-01
3.303895e-01 4.756352e-01 1.988301e-01 -7.906203e-01
3.204939e-01 4.668060e-01 1.855365e-01 -8.030890e-01
3.104313e-01 4.577433e-01 1.721525e-01 -8.151484e-01
3.002068e-01 4.484518e-01 1.586850e-01 -8.267926e-01
2.898255e-01 4.389362e-01 1.451408e-01 -8.380157e-01
2.792927e-01 4.292017e-01 1.315266e-01 -8.488123e-01
2.686136e-01 4.192532e-01 1.178495e-01 -8.591769e-01
2.577936e-01 4.090960e-01 1.041162e-01 -8.691046e-01
2.468382e-01 3.987351e-01 9.033373e-02 -8.785904e-01
2.357528e-01 3.881761e-01 7.650894e-02 -8.876296e-01
2.245429e-01 3.774243e-01 6.264879e-02 -8.962179e-01
2.132143e-01 3.664853e-01 4.876021e-02 -9.043510e-01
2.017725e-01 3.553645e-01 3.485017e-02 -9.120249e-01
1.902232e-01 3.440677e-01 2.092561e-02 -9.192359e-01
1.785722e-01 3.326006e-01 6.993484e-03 -9.259805e-01
1.668253e-01 3.209690e-01 -6.939251e-03 -9.322554e-01
1.549884e-01 3.091788e-01 -2.086565e-02 -9.380574e-01
1.430674e-01 2.972359e-01 -3.477879e-02 -9.433838e-01
1.310682e-01 2.851464e-01 -4.867173e-02 -9.482319e-01
1.189968e-01 2.729164e-01 -6.253757e-02 -9.525993e-01
1.068591e-01 2.605520e-01 -7.636941e-02 -9.564839e-01
9.466134e-02 2.480594e-01 -9.016038e-02 -9.598838e-01
8.240951e-02 2.354448e-01 -1.039036e-01 -9.627972e-01
7.010975e-02 2.227147e-01 -1.175923e-01 -9.652227e-01
5.776820e-02 2.098754e-01 -1.312196e-01 -9.671590e-01
4.539103e-02 1.969333e-01 -1.447789e-01 -9.686052e-01
3.298446e-02 1.838949e-01 -1.582632e-01 -9.695604e-01
2.055471e-02 1.707668e-01 -1.716660e-01 -9.700242e-01
8.108032e-03 1.575556e-01 -1.849805e-01 -9.699962e-01
-4.349315e-03 1.442679e-01 -1.982002e-01 -9.694764e-01
-1.681104e-02 1.309104e-01 -2.113185e-01 -9.684650e-01
-2.927085e-02 1.174897e-01 -2.243287e-01 -9.669623e-01
-4.172243e-02 1.040128e-01 -2.372245e-01 -9.649690e-01
-5.415946e-02 9.048639e-02 -2.499995e-01 -9.624860e-01
-6.657562e-02 7.691729e-02 -2.626471e-01 -9.595144e-01
-7.896457e-02 6.331241e-02 -2.751612e-01 -9.560557e-01
-9.131998e-02 4.967865e-02 -2.875354e-01 -9.521114e-01
-1.036355e-01 3.602294e-02 -2.997635e-01 -9.476834e-01
-1.159049e-01 2.235225e-02 -3.118395e-01 -9.427739e-01
-1.281217e-01 8.673546e-03 -3.237573e-01 -9.373851e-01
-1.402798e-01 -5.006170e-03 -3.355109e-01 -9.315197e-01
-1.523729e-01 -1.867991e-02 -3.470945e-01 -9.251805e-01
-1.643947e-01 -3.234068e-02 -3.585021e-01 -9.183707e-01
-1.763392e-01 -4.598151e-02 -3.697281e-01 -9.110935e-01
-1.882002e-01 -5.959543e-02 -3.807668e-01 -9.033525e-01
-1.999716e-01 -7.317547e-02 -3.916126e-01 -8.951515e-01
-2.116474e-01 -8.671472e-02 -4.022602e-01 -8.864946e-01
-2.232216e-01 -1.002063e-01 -4.127041e-01 -8.773860e-01
-2.346884e-01 -1.136433e-01 -4.229391e-01 -8.678301e-01
-2.460418e-01 -1.270190e-01 -4.329600e-01 -8.578317e-01
-2.572760e-01 -1.403265e-01 -4.427617e-01 -8.473957e-01
-2.683854e-01 -1.535591e-01 -4.523394e-01 -8.365273e-01
-2.793641e-01 -1.667100e-01 -4.616880e-01 -8.252319e-01
-2.902066e-01 -1.797727e-01 -4.708030e-01 -8.135149e-01
-3.009072e-01 -1.927405e-01 -4.796795e-01 -8.013822e-01
-3.114606e-01 -2.056068e-01 -4.883133e-01 -7.888399e-01
-3.218611e-01 -2.183650e-01 -4.966997e-01 -7.758940e-01
-3.321034e-01 -2.310087e-01 -5.048347e-01 -7.625512e-01
-3.421822e-01 -2.435315e-01 -5.127139e-01 -7.488179e-01
-3.520923e-01 -2.559270e-01 -5.203333e-01 -7.347010e-01
-3.618285e-01 -2.681889e-01 -5.276891e-01 -7.202077e-01
-3.713857e-01 -2.803109e-01 -5.347775e-01 -7.053450e-01
-3.807589e-01 -2.922868e-01 -5.415948e-01 -6.901204e-01
-3.899431e-01 -3.041106e-01 -5.481374e-01 -6.745417e-01
-3.989336e-01 -3.157761e-01 -5.544021e-01 -6.586165e-01
-4.077257e-01 -3.272775e-01 -5.603856e-01 -6.423529e-01
-4.163145e-01 -3.386088e-01 -5.660847e-01 -6.257590e-01
-4.246956e-01 -3.497642e-01 -5.714966e-01 -6.088434e-01
-4.328645e-01 -3.607380e-01 -5.766184e-01 -5.916145e-01
-4.408168e-01 -3.715246e-01 -5.814474e-01 -5.740810e-01
-4.485483e-01 -3.821182e-01 -5.859812e-01 -5.562518e-01
-4.560549e-01 -3.925136e-01 -5.902173e-01 -5.381361e-01
-4.633324e-01 -4.027054e-01 -5.941537e-01 -5.197431e-01
-4.703769e-01 -4.126882e-01 -5.977882e-01 -5.010821e-01
-4.771847e-01 -4.224569e-01 -6.011191e-01 -4.821627e-01
-4.837519e-01 -4.320064e-01 -6.041445e-01 -4.629945e-01
-4.900751e-01 -4.413319e-01 -6.068630e-01 -4.435875e-01
-4.961508e-01 -4.504284e-01 -6.092731e-01 -4.239516e-01
-5.019756e-01 -4.592912e-01 -6.113736e-01 -4.040969e-01
-5.075464e-01 -4.679158e-01 -6.131636e-01 -3.840337e-01
-5.128602e-01 -4.762978e-01 -6.146419e-01 -3.637721e-01
-5.179140e-01 -4.844329e-01 -6.158080e-01 -3.433226e-01
-5.227051e-01 -4.923170e-01 -6.166611e-01 -3.226957e-01
-5.272308e-01 -4.999460e-01 -6.172008e-01 -3.019021e-01
-5.314887e-01 -5.073160e-01 -6.174268e-01 -2.809524e-01
-5.354765e-01 -5.144234e-01 -6.173391e-01 -2.598574e-01
-5.391919e-01 -5.212646e-01 -6.169375e-01 -2.386281e-01
-5.426329e-01 -5.278361e-01 -6.162224e-01 -2.172752e-01
-5.457976e-01 -5.341347e-01 -6.151939e-01 -1.958099e-01
-5.486842e-01 -5.401572e-01 -6.138527e-01 -1.742432e-01
-5.512911e-01 -5.459005e-01 -6.121995e-01 -1.525862e-01
-5.536167e-01 -5.513619e-01 -6.102350e-01 -1.308503e-01
-5.556598e-01 -5.565386e-01 -6.079604e-01 -1.090465e-01
-5.574192e-01 -5.614281e-01 -6.053767e-01 -8.718622e-02
-5.588938e-01 -5.660279e-01 -6.024853e-01 -6.528078e-02
-5.600828e-01 -5.703358e-01 -5.992879e-01 -4.334151e-02
-5.609854e-01 -5.743496e-01 -5.957859e-01 -2.137980e-02
-5.616010e-01 -5.780675e-01 -5.919814e-01 5.929741e-04
-5.619292e-01 -5.814876e-01 -5.878763e-01 2.256541e-02
-5.619698e-01 -5.846083e-01 -5.834728e-01 4.452612e-02
-5.617226e-01 -5.874281e-01 -5.787733e-01 6.646371e-02
-5.611876e-01 -5.899458e-01 -5.737802e-01 8.836682e-02
-5.603651e-01 -5.921601e-01 -5.684963e-01 1.102241e-01
-5.592554e-01 -5.940701e-01 -5.629243e-01 1.320242e-01
-5.578589e-01 -5.956749e-01 -5.570673e-01 1.537559e-01
-5.561764e-01 -5.969739e-01 -5.509284e-01 1.754080e-01
-5.542086e-01 -5.979665e-01 -5.445108e-01 1.969692e-01
-5.519565e-01 -5.986525e-01 -5.378181e-01 2.184284e-01
-5.494211e-01 -5.990316e-01 -5.308537e-01 2.397746e-01
-5.466039e-01 -5.991039e-01 -5.236214e-01 2.609968e-01
-5.435060e-01 -5.988694e-01 -5.161252e-01 2.820841e-01
-5.401292e-01 -5.983285e-01 -5.083688e-01 3.030257e-01
-5.364751e-01 -5.974816e-01 -5.003566e-01 3.238108e-01
-5.325455e-01 -5.963294e-01 -4.920928e-01 3.444288e-01
-5.283425e-01 -5.948726e-01 -4.835818e-01 3.648692e-01
-5.238680e-01 -5.931121e-01 -4.748280e-01 3.851217e-01
-5.191245e-01 -5.910491e-01 -4.658361e-01 4.051758e-01
-5.141144e-01 -5.886847e-01 -4.566109e-01 4.250214e-01
-5.088400e-01 -5.860204e-01 -4.471572e-01 4.446485e-01
-5.033042e-01 -5.830578e-01 -4.374801e-01 4.640471e-01
-4.975097e-01 -5.797984e-01 -4.275845e-01 4.832075e-01
-4.914594e-01 -5.762441e-01 -4.174756e-01 5.021200e-01
-4.851563e-01 -5.723970e-01 -4.071588e-01 5.207751e-01
-4.786038e-01 -5.682591e-01 -3.966394e-01 5.391635e-01
-4.718050e-01 -5.638327e-01 -3.859228e-01 5.572758e-01
-4.647635e-01 -5.591205e-01 -3.750145e-01 5.751029e-01
-4.574828e-01 -5.541249e-01 -3.639202e-01 5.926357e-01
-4.499667e-01 -5.488490e-01 -3.526455e-01 6.098654e-01
-4.422190e-01 -5.432956e-01 -3.411963e-01 6.267833e-01
-4.342438e-01 -5.374679e-01 -3.295783e-01 6.433807e-01
-4.260450e-01 -5.313691e-01 -3.177976e-01 6.596494e-01
-4.176268e-01 -5.250025e-01 -3.058602e-01 6.755811e-01
-4.089936e-01 -5.183716e-01 -2.937721e-01 6.911679e-01
-4.001498e-01 -5.114801e-01 -2.815395e-01 7.064020e-01
-3.910997e-01 -5.043317e-01 -2.691687e-01 7.212758e-01
-3.818481e-01 -4.969302e-01 -2.566660e-01 7.357819e-01
-3.723996e-01 -4.892796e-01 -2.440377e-01 7.499130e-01
-3.627590e-01 -4.813841e-01 -2.312903e-01 7.636623e-01
-3.529311e-01 -4.732477e-01 -2.184301e-01 7.770229e-01
-3.429209e-01 -4.648749e-01 -2.054637e-01 7.899882e-01
-3.327335e-01 -4.562700e-01 -1.923976e-01 8.025517e-01
-3.223740e-01 -4.474377e-01 -1.792385e-01 8.147073e-01
-3.118476e-01 -4.383826e-01 -1.659929e-01 8.264491e-01
-3.011596e-01 -4.291095e-01 -1.526676e-01 8.377712e-01
-2.903155e-01 -4.196232e-01 -1.392691e-01 8.486680e-01
-2.793205e-01 -4.099286e-01 -1.258043e-01 8.591344e-01
-2.681803e-01 -4.000308e-01 -1.122798e-01 8.691651e-01
-2.569003e-01 -3.899349e-01 -9.870247e-02 8.787553e-01
-2.454862e-01 -3.796461e-01 -8.507899e-02 8.879003e-01
-2.339437e-01 -3.691697e-01 -7.141619e-02 8.965957e-01
-2.222785e-01 -3.585110e-01 -5.772084e-02 9.048372e-01
-2.104965e-01 -3.476755e-01 -4.399976e-02 9.126210e-01
-1.986034e-01 -3.366687e-01 -3.025976e-02 9.199431e-01
-1.866051e-01 -3.254961e-01 -1.650762e-02 9.268000e-01
-1.745076e-01 -3.141635e-01 -2.750172e-03 9.331885e-01
-1.623168e-01 -3.026766e-01 1.100580e-02 9.391054e-01
-1.500389e-01 -2.910410e-01 2.475349e-02 9.445479e-01
-1.376797e-01 -2.792628e-01 3.848612e-02 9.495132e-01
-1.252456e-01 -2.673478e-01 5.219691e-02 9.539991e-01
-1.127425e-01 -2.553019e-01 6.587910e-02 9.580031e-01
-1.001767e-01 -2.431313e-01 7.952595e-02 9.615235e-01
-8.755443e-02 -2.308419e-01 9.313073e-02 9.645584e-01
-7.488187e-02 -2.184400e-01 1.066867e-01 9.671063e-01
-6.216533e-02 -2.059318e-01 1.201873e-01 9.691659e-01
-4.941110e-02 -1.933235e-01 1.336257e-01 9.707362e-01
-3.662552e-02 -1.806215e-01 1.469953e-01 9.718163e-01
-2.381495e-02 -1.678320e-01 1.602896e-01 9.724055e-01
-1.098576e-02 -1.549615e-01 1.735020e-01 9.725036e-01
1.855643e-03 -1.420165e-01 1.866260e-01 9.721104e-01
1.470284e-02 -1.290035e-01 1.996549e-01 9.712259e-01
2.754940e-02 -1.159290e-01 2.125825e-01 9.698506e-01
4.038887e-02 -1.027996e-01 2.254023e-01 9.679849e-01
5.321478e-02 -8.962189e-02 2.381079e-01 9.656297e-01
6.602068e-02 -7.640259e-02 2.506929e-01 9.627860e-01
7.880007e-02 -6.314838e-02 2.631513e-01 9.594552e-01
9.154649e-02 -4.986598e-02 2.754766e-01 9.556387e-01
1.042535e-01 -3.656215e-02 2.876629e-01 9.513383e-01
1.169145e-01 -2.324368e-02 2.997040e-01 9.465560e-01
1.295231e-01 -9.917373e-03 3.115938e-01 9.412942e-01
1.420729e-01 3.409966e-03 3.233266e-01 9.355552e-01
1.545575e-01 1.673152e-02 3.348962e-01 9.293420e-01
1.669704e-01 3.004049e-02 3.462971e-01 9.226574e-01
1.793053e-01 4.333011e-02 3.575235e-01 9.155048e-01
1.915561e-01 5.659364e-02 3.685697e-01 9.078875e-01
2.037164e-01 6.982435e-02 3.794303e-01 8.998093e-01
2.157801e-01 8.301557e-02 3.900998e-01 8.912741e-01
2.277410e-01 9.616060e-02 4.005728e-01 8.822860e-01
2.395931e-01 1.092528e-01 4.108440e-01 8.728495e-01
2.513302e-01 1.222856e-01 4.209084e-01 8.629690e-01
2.629465e-01 1.352524e-01 4.307609e-01 8.526494e-01
2.744360e-01 1.481466e-01 4.403964e-01 8.418958e-01
2.857928e-01 1.609618e-01 4.498101e-01 8.307133e-01
2.970111e-01 1.736914e-01 4.589972e-01 8.191076e-01
3.080851e-01 1.863291e-01 4.679532e-01 8.070842e-01
3.190092e-01 1.988684e-01 4.766733e-01 7.946490e-01
3.297777e-01 2.113030e-01 4.851533e-01 7.818082e-01
3.403850e-01 2.236267e-01 4.933887e-01 7.685680e-01
3.508257e-01 2.358331e-01 5.013754e-01 7.549350e-01
3.610943e-01 2.479161e-01 5.091092e-01 7.409158e-01
3.711856e-01 2.598695e-01 5.165862e-01 7.265176e-01
3.810942e-01 2.716874e-01 5.238025e-01 7.117472e-01
3.908150e-01 2.833635e-01 5.307544e-01 6.966122e-01
4.003428e-01 2.948921e-01 5.374383e-01 6.811199e-01
4.096727e-01 3.062672e-01 5.438507e-01 6.652782e-01
4.187997e-01 3.174830e-01 5.499884e-01 6.490949e-01
4.277190e-01 3.285337e-01 5.558480e-01 6.325782e-01
4.364258e-01 3.394137e-01 5.614265e-01 6.157363e-01
4.449156e-01 3.501173e-01 5.667210e-01 5.985777e-01
4.531838e-01 3.606391e-01 5.717288e-01 5.811110e-01
4.612260e-01 3.709736e-01 5.764472e-01 5.633452e-01
4.690378e-01 3.811155e-01 5.808737e-01 5.452892e-01
4.766150e-01 3.910596e-01 5.850060e-01 5.269521e-01
4.839536e-01 4.008006e-01 5.888420e-01 5.083433e-01
4.910495e-01 4.103335e-01 5.923796e-01 4.894723e-01
4.978990e-01 4.196534e-01 5.956170e-01 4.703488e-01
5.044983e-01 4.287554e-01 5.985525e-01 4.509825e-01
5.108437e-01 4.376348e-01 6.011845e-01 4.313834e-01
5.169318e-01 4.462869e-01 6.035118e-01 4.115616e-01
5.227593e-01 4.547073e-01 6.055331e-01 3.915273e-01
5.283230e-01 4.628916e-01 6.072474e-01 3.712908e-01
5.336198e-01 4.708354e-01 6.086538e-01 3.508625e-01
5.386467e-01 4.785347e-01 6.097517e-01 3.302531e-01
5.434011e-01 4.859854e-01 6.105406e-01 3.094731e-01
5.478803e-01 4.931838e-01 6.110199e-01 2.885334e-01
5.520819e-01 5.001263e-01 6.111896e-01 2.674445e-01
5.560035e-01 5.068094e-01 6.110493e-01 2.462174e-01
5.596431e-01 5.132297e-01 6.105992e-01 2.248631e-01
5.629987e-01 5.193840e-01 6.098395e-01 2.033924e-01
5.660683e-01 5.252693e-01 6.087706e-01 1.818165e-01
5.688503e-01 5.308825e-01 6.073929e-01 1.601464e-01
5.713431e-01 5.362210e-01 6.057073e-01 1.383935e-01
5.735453e-01 5.412821e-01 6.037144e-01 1.165690e-01
5.754557e-01 5.460633e-01 6.014155e-01 9.468403e-02
5.770731e-01 5.505622e-01 5.988116e-01 7.275005e-02
5.783966e-01 5.547766e-01 5.959042e-01 5.077840e-02
5.794255e-01 5.587045e-01 5.926948e-01 2.878046e-02
5.801591e-01 5.623439e-01 5.891850e-01 6.767628e-03
5.805969e-01 5.656932e-01 5.853768e-01 -1.524869e-02
5.807386e-01 5.687507e-01 5.812721e-01 -3.725708e-02
5.805841e-01 5.715150e-01 5.768731e-01 -5.924615e-02
5.801334e-01 5.739848e-01 5.721823e-01 -8.120449e-02
5.793866e-01 5.761590e-01 5.672020e-01 -1.031208e-01
5.783441e-01 5.780367e-01 5.619350e-01 -1.249836e-01
5.770063e-01 5.796169e-01 5.563840e-01 -1.467817e-01
5.753739e-01 5.808991e-01 5.505520e-01 -1.685038e-01
5.734477e-01 5.818828e-01 5.444422e-01 -1.901387e-01
5.712287e-01 5.825677e-01 5.380579e-01 -2.116752e-01
5.687179e-01 5.829535e-01 5.314023e-01 -2.331024e-01
5.659167e-01 5.830403e-01 5.244792e-01 -2.544090e-01
5.628264e-01 5.828282e-01 5.172921e-01 -2.755843e-01
5.594485e-01 5.823175e-01 5.098449e-01 -2.966174e-01
5.557849e-01 5.815086e-01 5.021416e-01 -3.174975e-01
5.518374e-01 5.804023e-01 4.941862e-01 -3.382139e-01
5.476080e-01 5.789991e-01 4.859830e-01 -3.587561e-01
5.430988e-01 5.773001e-01 4.775364e-01 -3.791137e-01
5.383122e-01 5.753063e-01 4.688507e-01 -3.992763e-01
5.332505e-01 5.730190e-01 4.599306e-01 -4.192338e-01
5.279164e-01 5.704394e-01 4.507807e-01 -4.389760e-01
5.223126e-01 5.675691e-01 4.414059e-01 -4.584929e-01
5.164418e-01 5.644097e-01 4.318110e-01 -4.777749e-01
5.103070e-01 5.609631e-01 4.220010e-01 -4.968121e-01
5.039115e-01 5.572312e-01 4.119811e-01 -5.155949e-01
4.972585e-01 5.532163e-01 4.017563e-01 -5.341138e-01
4.903514e-01 5.489206e-01 3.913320e-01 -5.523594e-01
4.831938e-01 5.443468e-01 3.807134e-01 -5.703224e-01
4.757895e-01 5.394973e-01 3.699061e-01 -5.879936e-01
4.681422e-01 5.343750e-01 3.589155e-01 -6.053642e-01
4.602559e-01 5.289828e-01 3.477474e-01 -6.224255e-01
4.521347e-01 5.233236e-01 3.364075e-01 -6.391687e-01
4.437827e-01 5.174008e-01 3.249015e-01 -6.555855e-01
4.352042e-01 5.112175e-01 3.132354e-01 -6.716678e-01
4.264036e-01 5.047771e-01 3.014151e-01 -6.874074e-01
4.173855e-01 4.980832e-01 2.894467e-01 -7.027966e-01
4.081544e-01 4.911395e-01 2.773362e-01 -7.178277e-01
3.987151e-01 4.839497e-01 2.650899e-01 -7.324932e-01
3.890723e-01 4.765176e-01 2.527139e-01 -7.467860e-01
3.792310e-01 4.688474e-01 2.402145e-01 -7.606990e-01
3.691961e-01 4.609430e-01 2.275980e-01 -7.742254e-01
3.589726e-01 4.528087e-01 2.148708e-01 -7.873586e-01
3.485658e-01 4.444487e-01 2.020394e-01 -8.000921e-01
3.379808e-01 4.358675e-01 1.891101e-01 -8.124198e-01
3.272230e-01 4.270696e-01 1.760894e-01 -8.243356e-01
3.162978e-01 4.180596e-01 1.629840e-01 -8.358338e-01
3.052107e-01 4.088423e-01 1.498002e-01 -8.469087e-01
2.939672e-01 3.994224e-01 1.365449e-01 -8.575549e-01
2.825730e-01 3.898049e-01 1.232244e-01 -8.677675e-01
2.710338e-01 3.799947e-01 1.098455e-01 -8.775413e-01
2.593552e-01 3.699969e-01 9.641487e-02 -8.868717e-01
2.475431e-01 3.598166e-01 8.293909e-02 -8.957542e-01
2.356033e-01 3.494590e-01 6.942486e-02 -9.041845e-01
2.235418e-01 3.389294e-01 5.587887e-02 -9.121587e-01
2.113644e-01 3.282332e-01 4.230780e-02 -9.196728e-01
1.990773e-01 3.173757e-01 2.871834e-02 -9.267233e-01
1.866864e-01 3.063625e-01 1.511719e-02 -9.333068e-01
1.741978e-01 2.951992e-01 1.511039e-03 -9.394202e-01
1.616176e-01 2.838913e-01 -1.209343e-02 -9.450604e-01
1.489521e-01 2.724445e-01 -2.568953e-02 -9.502249e-01
1.362075e-01 2.608646e-01 -3.927058e-02 -9.549110e-01
1.233899e-01 2.491573e-01 -5.282994e-02 -9.591166e-01
1.105057e-01 2.373286e-01 -6.636094e-02 -9.628395e-01
9.756124e-02 2.253843e-01 -7.985694e-02 -9.660780e-01
8.456278e-02 2.133304e-01 -9.331134e-02 -9.688304e-01
7.151674e-02 2.011729e-01 -1.067175e-01 -9.710954e-01
5.842952e-02 1.889179e-01 -1.200689e-01 -9.728718e-01
4.530756e-02 1.765715e-01 -1.333589e-01 -9.741587e-01
3.215731e-02 1.641400e-01 -1.465811e-01 -9.749554e-01
1.898526e-02 1.516294e-01 -1.597288e-01 -9.752614e-01
5.797906e-03 1.390461e-01 -1.727957e-01 -9.750765e-01
-7.398222e-03 1.263964e-01 -1.857752e-01 -9.744007e-01
-2.059659e-02 1.136867e-01 -1.986611e-01 -9.732342e-01
-3.379063e-02 1.009233e-01 -2.114468e-01 -9.715775e-01
-4.697379e-02 8.811269e-02 -2.241261e-01 -9.694313e-01
-6.013949e-02 7.526131e-02 -2.366928e-01 -9.667965e-01
-7.328113e-02 6.237568e-02 -2.491404e-01 -9.636743e-01
-8.639212e-02 4.946230e-02 -2.614630e-01 -9.600661e-01
-9.946587e-02 3.652772e-02 -2.736543e-01 -9.559736e-01
-1.124958e-01 2.357848e-02 -2.857083e-01 -9.513987e-01
-1.254754e-01 1.062115e-02 -2.976189e-01 -9.463435e-01
-1.383980e-01 -2.337713e-03 -3.093804e-01 -9.408105e-01
-1.512571e-01 -1.529152e-02 -3.209866e-01 -9.348021e-01
-1.640463e-01 -2.823368e-02 -3.324320e-01 -9.283214e-01
-1.767590e-01 -4.115762e-02 -3.437107e-01 -9.213714e-01
-1.893888e-01 -5.405676e-02 -3.548171e-01 -9.139554e-01
-2.019293e-01 -6.692456e-02 -3.657457e-01 -9.060771e-01
-2.143741e-01 -7.975455e-02 -3.764910e-01 -8.977402e-01
-2.267169e-01 -9.254031e-02 -3.870476e-01 -8.889488e-01
-2.389515e-01 -1.052754e-01 -3.974102e-01 -8.797070e-01
-2.510717e-01 -1.179535e-01 -4.075737e-01 -8.700193e-01
-2.630714e-01 -1.305681e-01 -4.175329e-01 -8.598905e-01
-2.749444e-01 -1.431130e-01 -4.272829e-01 -8.493254e-01
-2.866847e-01 -1.555819e-01 -4.368187e-01 -8.383290e-01
-2.982863e-01 -1.679685e-01 -4.461355e-01 -8.269069e-01
-3.097434e-01 -1.802665e-01 -4.552286e-01 -8.150643e-01
-3.210501e-01 -1.924699e-01 -4.640934e-01 -8.028072e-01
-3.322005e-01 -2.045725e-01 -4.727254e-01 -7.901415e-01
-3.431890e-01 -2.165681e-01 -4.811201e-01 -7.770734e-01
-3.540099e-01 -2.284508e-01 -4.892733e-01 -7.636091e-01
-3.646577e-01 -2.402145e-01 -4.971807e-01 -7.497553e-01
-3.751268e-01 -2.518533e-01 -5.048384e-01 -7.355188e-01
-3.854119e-01 -2.633613e-01 -5.122424e-01 -7.209066e-01
-3.955075e-01 -2.747326e-01 -5.193887e-01 -7.059258e-01
-4.054084e-01 -2.859614e-01 -5.262738e-01 -6.905838e-01
-4.151095e-01 -2.970421e-01 -5.328939e-01 -6.748883e-01
-4.246056e-01 -3.079689e-01 -5.392457e-01 -6.588469e-01
-4.338919e-01 -3.187363e-01 -5.453259e-01 -6.424677e-01
-4.429633e-01 -3.293387e-01 -5.511311e-01 -6.257588e-01
-4.518151e-01 -3.397708e-01 -5.566584e-01 -6.087285e-01
-4.604426e-01 -3.500270e-01 -5.619048e-01 -5.913855e-01
-4.688411e-01 -3.601021e-01 -5.668676e-01 -5.737383e-01
-4.770063e-01 -3.699909e-01 -5.715440e-01 -5.557959e-01
-4.849338e-01 -3.796883e-01 -5.759316e-01 -5.375674e-01
-4.926193e-01 -3.891892e-01 -5.800281e-01 -5.190620e-01
-5.000586e-01 -3.984887e-01 -5.838313e-01 -5.002891e-01
-5.072478e-01 -4.075819e-01 -5.873391e-01 -4.812582e-01
-5.141829e-01 -4.164641e-01 -5.905496e-01 -4.619791e-01
-5.208603e-01 -4.251306e-01 -5.934612e-01 -4.424616e-01
-5.272763e-01 -4.335769e-01 -5.960723e-01 -4.227158e-01
-5.334273e-01 -4.417985e-01 -5.983815e-01 -4.027517e-01
-5.393101e-01 -4.497913e-01 -6.003875e-01 -3.825797e-01
-5.449215e-01 -4.575509e-01 -6.020894e-01 -3.622101e-01
-5.502583e-01 -4.650734e-01 -6.034861e-01 -3.416533e-01
-5.553178e-01 -4.723549e-01 -6.045769e-01 -3.209201e-01
-5.600971e-01 -4.793916e-01 -6.053613e-01 -3.000210e-01
-5.645936e-01 -4.861799e-01 -6.058389e-01 -2.789668e-01
-5.688048e-01 -4.927162e-01 -6.060093e-01 -2.577685e-01
-5.727285e-01 -4.989972e-01 -6.058725e-01 -2.364370e-01
-5.763624e-01 -5.050196e-01 -6.054286e-01 -2.149833e-01
-5.797046e-01 -5.107803e-01 -6.046779e-01 -1.934185e-01
-5.827533e-01 -5.162764e-01 -6.036206e-01 -1.717538e-01
-5.855068e-01 -5.215053e-01 -6.022574e-01 -1.500002e-01
-5.879635e-01 -5.264642e-01 -6.005889e-01 -1.281691e-01
-5.901221e-01 -5.311508e-01 -5.986159e-01 -1.062717e-01
-5.919815e-01 -5.355628e-01 -5.963394e-01 -8.431920e-02
-5.935405e-01 -5.396978e-01 -5.937607e-01 -6.232308e-02
-5.947983e-01 -5.435540e-01 -5.908810e-01 -4.029468e-02
-5.957541e-01 -5.471295e-01 -5.877018e-01 -1.824539e-02
-5.964075e-01 -5.504224e-01 -5.842249e-01 3.813378e-03
-5.967580e-01 -5.534313e-01 -5.804520e-01 2.587020e-02
-5.968053e-01 -5.561546e-01 -5.763851e-01 4.791367e-02
-5.965494e-01 -5.585912e-01 -5.720263e-01 6.993237e-02
-5.959904e-01 -5.607399e-01 -5.673781e-01 9.191493e-02
-5.951286e-01 -5.625997e-01 -5.624427e-01 1.138500e-01
-5.939643e-01 -5.641697e-01 -5.572229e-01 1.357262e-01
-5.924981e-01 -5.654495e-01 -5.517214e-01 1.575322e-01
-5.907308e-01 -5.664383e-01 -5.459412e-01 1.792569e-01
-5.886632e-01 -5.671360e-01 -5.398852e-01 2.008889e-01
-5.862965e-01 -5.675422e-01 -5.335568e-01 2.224173e-01
-5.836317e-01 -5.676569e-01 -5.269593e-01 2.438309e-01
-5.806704e-01 -5.674803e-01 -5.200961e-01 2.651187e-01
-5.774140e-01 -5.670126e-01 -5.129710e-01 2.862699e-01
-5.738642e-01 -5.662543e-01 -5.055877e-01 3.072736e-01
-5.700229e-01 -5.652058e-01 -4.979500e-01 3.281191e-01
-5.658919e-01 -5.638679e-01 -4.900621e-01 3.487958e-01
-5.614734e-01 -5.622415e-01 -4.819281e-01 3.692932e-01
-5.567697e-01 -5.603276e-01 -4.735522e-01 3.896008e-01
-5.517833e-01 -5.581273e-01 -4.649388e-01 4.097084e-01
-5.465165e-01 -5.556420e-01 -4.560926e-01 4.296058e-01
-5.409723e-01 -5.528731e-01 -4.470180e-01 4.492830e-01
-5.351532e-01 -5.498222e-01 -4.377198e-01 4.687301e-01
-5.290625e-01 -5.464911e-01 -4.282028e-01 4.879371e-01
-5.227033e-01 -5.428818e-01 -4.184720e-01 5.068943e-01
-5.160788e-01 -5.389965e-01 -4.085322e-01 5.255920e-01
-5.091927e-01 -5.348373e-01 -3.983886e-01 5.440206e-01
-5.020484e-01 -5.304067e-01 -3.880465e-01 5.621708e-01
-4.946498e-01 -5.257072e-01 -3.775111e-01 5.800335e-01
-4.870007e-01 -5.207415e-01 -3.667880e-01 5.975995e-01
-4.791050e-01 -5.155125e-01 -3.558825e-01 6.148601e-01
-4.709670e-01 -5.100229e-01 -3.448004e-01 6.318065e-01
-4.625907e-01 -5.042760e-01 -3.335473e-01 6.484302e-01
-4.539807e-01 -4.982749e-01 -3.221290e-01 6.647230e-01
-4.451412e-01 -4.920229e-01 -3.105513e-01 6.806766e-01
-4.360770e-01 -4.855234e-01 -2.988201e-01 6.962833e-01
-4.267926e-01 -4.787801e-01 -2.869416e-01 7.115352e-01
-4.172929e-01 -4.717964e-01 -2.749216e-01 7.264247e-01
-4.075827e-01 -4.645763e-01 -2.627663e-01 7.409447e-01
-3.976669e-01 -4.571236e-01 -2.504820e-01 7.550880e-01
-3.875507e-01 -4.494423e-01 -2.380747e-01 7.688475e-01
-3.772391e-01 -4.415364e-01 -2.255509e-01 7.822168e-01
-3.667374e-01 -4.334102e-01 -2.129168e-01 7.951891e-01
-3.560509e-01 -4.250680e-01 -2.001787e-01 8.077583e-01
-3.451849e-01 -4.165140e-01 -1.873431e-01 8.199183e-01
-3.341449e-01 -4.077529e-01 -1.744164e-01 8.316632e-01
-3.229364e-01 -3.987890e-01 -1.614051e-01 8.429874e-01
-3.115652e-01 -3.896273e-01 -1.483156e-01 8.538854e-01
-3.000367e-01 -3.802722e-01 -1.351546e-01 8.643519e-01
-2.883569e-01 -3.707289e-01 -1.219285e-01 8.743820e-01
-2.765316e-01 -3.610020e-01 -1.086440e-01 8.839708e-01
-2.645666e-01 -3.510967e-01 -9.530754e-02 8.931137e-01
-2.524679e-01 -3.410181e-01 -8.192586e-02 9.018064e-01
-2.402414e-01 -3.307712e-01 -6.850553e-02 9.100448e-01
-2.278932e-01 -3.203612e-01 -5.505318e-02 9.178249e-01
-2.154294e-01 -3.097936e-01 -4.157544e-02 9.251430e-01
-2.028561e-01 -2.990735e-01 -2.807895e-02 9.319957e-01
-1.901794e-01 -2.882064e-01 -1.457035e-02 9.383798e-01
-1.774056e-01 -2.771978e-01 -1.056275e-03 9.442921e-01
-1.645410e-01 -2.660533e-01 1.245664e-02 9.497298e-01
-1.515917e-01 -2.547783e-01 2.596177e-02 9.546905e-01
-1.385642e-01 -2.433786e-01 3.945248e-02 9.591717e-01
-1.254648e-01 -2.318599e-01 5.292217e-02 9.631712e-01
-1.122999e-01 -2.202278e-01 6.636423e-02 9.666872e-01
-9.907582e-02 -2.084883e-01 7.977207e-02 9.697180e-01
-8.579910e-02 -1.966472e-01 9.313912e-02 9.722620e-01
-7.247620e-02 -1.847104e-01 1.064588e-01 9.743181e-01
-5.911360e-02 -1.726839e-01 1.197246e-01 9.758852e-01
-4.571785e-02 -1.605736e-01 1.329300e-01 9.769624e-01
-3.229548e-02 -1.483857e-01 1.460686e-01 9.775493e-01
-1.885305e-02 -1.361262e-01 1.591337e-01 9.776455e-01
-5.397166e-03 -1.238013e-01 1.721190e-01 9.772508e-01
8.065562e-03 -1.114171e-01 1.850182e-01 9.763654e-01
2.152846e-02 -9.897997e-02 1.978247e-01 9.749897e-01
3.498486e-02 -8.649601e-02 2.105323e-01 9.731242e-01
4.842809e-02 -7.397154e-02 2.231347e-01 9.707697e-01
6.185146e-02 -6.141284e-02 2.356257e-01 9.679274e-01
7.524831e-02 -4.882621e-02 2.479991e-01 9.645984e-01
8.861199e-02 -3.621797e-02 2.602487e-01 9.607845e-01
1.019358e-01 -2.359446e-02 2.723684e-01 9.564872e-01
1.152132e-01 -1.096203e-02 2.843523e-01 9.517087e-01
1.284375e-01 1.672967e-03 2.961944e-01 9.464512e-01
1.416021e-01 1.430415e-02 3.078887e-01 9.407172e-01
1.547005e-01 2.692516e-02 3.194294e-01 9.345093e-01
1.677260e-01 3.952961e-02 3.308108e-01 9.278306e-01
1.806721e-01 5.211112e-02 3.420272e-01 9.206842e-01
1.935324e-01 6.466333e-02 3.530729e-01 9.130736e-01
2.063003e-01 7.717984e-02 3.639424e-01 9.050024e-01
2.189694e-01 8.965434e-02 3.746302e-01 8.964746e-01
2.315334e-01 1.020806e-01 3.851310e-01 8.874942e-01
2.439859e-01 1.144524e-01 3.954396e-01 8.780655e-01
2.563207e-01 1.267635e-01 4.055507e-01 8.681931e-01
2.685315e-01 1.390080e-01 4.154594e-01 8.578818e-01
2.806121e-01 1.511796e-01 4.251605e-01 8.471364e-01
2.925566e-01 1.632722e-01 4.346493e-01 8.359622e-01
3.043588e-01 1.752799e-01 4.439210e-01 8.243645e-01
3.160128e-01 1.871967e-01 4.529708e-01 8.123489e-01
3.275127e-01 1.990166e-01 4.617941e-01 7.999213e-01
3.388525e-01 2.107336e-01 4.703865e-01 7.870876e-01
3.500266e-01 2.223419e-01 4.787435e-01 7.738540e-01
3.610293e-01 2.338357e-01 4.868609e-01 7.602270e-01
3.718549e-01 2.452092e-01 4.947345e-01 7.462132e-01
3.824979e-01 2.564565e-01 5.023603e-01 7.318194e-01
3.929528e-01 2.675722e-01 5.097341e-01 7.170526e-01
4.032142e-01 2.785504e-01 5.168523e-01 7.019200e-01
4.132768e-01 2.893857e-01 5.237111e-01 6.864291e-01
4.231355e-01 3.000724e-01 5.303068e-01 6.705875e-01
4.327850e-01 3.106052e-01 5.366361e-01 6.544029e-01
4.422204e-01 3.209787e-01 5.426955e-01 6.378835e-01
4.514368e-01 3.311875e-01 5.484819e-01 6.210373e-01
4.604293e-01 3.412263e-01 5.539921e-01 6.038727e-01
4.691931e-01 3.510900e-01 5.592232e-01 5.863984e-01
4.777237e-01 3.607735e-01 5.641723e-01 5.686230e-01
4.860166e-01 3.702717e-01 5.688368e-01 5.505555e-01
4.940674e-01 3.795797e-01 5.732143e-01 5.322049e-01
5.018717e-01 3.886927e-01 5.773021e-01 5.135805e-01
5.094256e-01 3.976058e-01 5.810983e-01 4.946918e-01
5.167248e-01 4.063145e-01 5.846006e-01 4.755483e-01
5.237655e-01 4.148141e-01 5.878072e-01 4.561597e-01
5.305440e-01 4.231001e-01 5.907162e-01 4.365360e-01
5.370566e-01 4.311683e-01 5.933261e-01 4.166872e-01
5.432999e-01 4.390144e-01 5.956354e-01 3.966233e-01
5.492704e-01 4.466342e-01 5.976429e-01 3.763547e-01
5.549650e-01 4.540240e-01 5.993473e-01 3.558918e-01
5.603806e-01 4.611796e-01 6.007477e-01 3.352449e-01
5.655143e-01 4.680976e-01 6.018433e-01 3.144247e-01
5.703633e-01 4.747741e-01 6.026334e-01 2.934420e-01
5.749250e-01 4.812057e-01 6.031176e-01 2.723076e-01
5.791970e-01 4.873891e-01 6.032956e-01 2.510323e-01
5.831768e-01 4.933209e-01 6.031672e-01 2.296271e-01
5.868624e-01 4.989982e-01 6.027325e-01 2.081031e-01
5.902517e-01 5.044179e-01 6.019916e-01 1.864715e-01
5.933430e-01 5.095772e-01 6.009449e-01 1.647434e-01
5.961345e-01 5.144734e-01 5.995930e-01 1.429301e-01
5.986247e-01 5.191040e-01 5.979365e-01 1.210430e-01
6.008122e-01 5.234666e-01 5.959764e-01 9.909315e-02
6.026960e-01 5.275591e-01 5.937136e-01 7.709205e-02
6.042748e-01 5.313793e-01 5.911492e-01 5.505100e-02
6.055480e-01 5.349254e-01 5.882845e-01 3.298136e-02
6.065148e-01 5.381957e-01 5.851209e-01 1.089453e-02
6.071746e-01 5.411885e-01 5.816602e-01 -1.119809e-02
6.075271e-01 5.439024e-01 5.779040e-01 -3.328508e-02
6.075721e-01 5.463360e-01 5.738544e-01 -5.535504e-02
6.073096e-01 5.484883e-01 5.695134e-01 -7.739657e-02
6.067396e-01 5.503581e-01 5.648832e-01 -9.939828e-02
6.058624e-01 5.519447e-01 5.599663e-01 -1.213488e-01
6.046785e-01 5.532472e-01 5.547653e-01 -1.432369e-01
6.031886e-01 5.542652e-01 5.492829e-01 -1.650512e-01
6.013933e-01 5.549983e-01 5.435219e-01 -1.867805e-01
5.992937e-01 5.554460e-01 5.374854e-01 -2.084136e-01
5.968908e-01 5.556085e-01 5.311765e-01 -2.299393e-01
5.941858e-01 5.554857e-01 5.245986e-01 -2.513468e-01
5.911803e-01 5.550777e-01 5.177551e-01 -2.726248e-01
5.878756e-01 5.543850e-01 5.106495e-01 -2.937627e-01
5.842737e-01 5.534081e-01 5.032857e-01 -3.147495e-01
5.803763e-01 5.521475e-01 4.956675e-01 -3.355746e-01
5.761855e-01 5.506040e-01 4.877987e-01 -3.562273e-01
5.717034e-01 5.487787e-01 4.796837e-01 -3.766972e-01
5.669323e-01 5.466725e-01 4.713265e-01 -3.969739e-01
5.618748e-01 5.442867e-01 4.627316e-01 -4.170470e-01
5.565334e-01 5.416227e-01 4.539034e-01 -4.369064e-01
5.509109e-01 5.386819e-01 4.448464e-01 -4.565421e-01
5.450103e-01 5.354663e-01 4.355653e-01 -4.759438e-01
5.388347e-01 5.319775e-01 4.260649e-01 -4.951018e-01
5.323874e-01 5.282176e-01 4.163501e-01 -5.140062e-01
5.256718e-01 5.241889e-01 4.064259e-01 -5.326473e-01
5.186915e-01 5.198934e-01 3.962974e-01 -5.510157e-01
5.114501e-01 5.153338e-01 3.859699e-01 -5.691021e-01
5.039515e-01 5.105125e-01 3.754486e-01 -5.868972e-01
4.961996e-01 5.054322e-01 3.647389e-01 -6.043921e-01
4.881985e-01 5.000958e-01 3.538465e-01 -6.215779e-01
4.799525e-01 4.945061e-01 3.427769e-01 -6.384460e-01
4.714658e-01 4.886664e-01 3.315359e-01 -6.549879e-01
4.627429e-01 4.825797e-01 3.201291e-01 -6.711953e-01
4.537884e-01 4.762494e-01 3.085625e-01 -6.870603e-01
4.446068e-01 4.696790e-01 2.968419e-01 -7.025748e-01
4.352031e-01 4.628719e-01 2.849735e-01 -7.177312e-01
4.255820e-01 4.558318e-01 2.729632e-01 -7.325219e-01
4.157485e-01 4.485626e-01 2.608172e-01 -7.469398e-01
4.057078e-01 4.410681e-01 2.485416e-01 -7.609778e-01
3.954648e-01 4.333522e-01 2.361427e-01 -7.746290e-01
3.850250e-01 4.254191e-01 2.236268e-01 -7.878867e-01
3.743935e-01 4.172729e-01 2.110001e-01 -8.007445e-01
3.635759e-01 4.089179e-01 1.982692e-01 -8.131962e-01
3.525774e-01 4.003584e-01 1.854404e-01 -8.252358e-01
3.414038e-01 3.915990e-01 1.725200e-01 -8.368575e-01
3.300606e-01 3.826441e-01 1.595147e-01 -8.480558e-01
3.185535e-01 3.734984e-01 1.464309e-01 -8.588251e-01
3.068882e-01 3.641665e-01 1.332752e-01 -8.691606e-01
2.950706e-01 3.546534e-01 1.200540e-01 -8.790571e-01
2.831067e-01 3.449639e-01 1.067741e-01 -8.885099e-01
2.710023e-01 3.351029e-01 9.344204e-02 -8.975146e-01
2.587635e-01 3.250755e-01 8.006441e-02 -9.060668e-01
2.463964e-01 3.148867e-01 6.664787e-02 -9.141626e-01
2.339071e-01 3.045419e-01 5.319907e-02 -9.217980e-01
2.213018e-01 2.940462e-01 3.972466e-02 -9.289695e-01
2.085866e-01 2.834048e-01 2.623131e-02 -9.356737e-01
1.957678e-01 2.726233e-01 1.272566e-02 -9.419074e-01
1.828518e-01 2.617070e-01 -7.856097e-04 -9.476677e-01
1.698448e-01 2.506613e-01 -1.429585e-02 -9.529519e-01
1.567532e-01 2.394919e-01 -2.779840e-02 -9.577574e-01
1.435833e-01 2.282043e-01 -4.128662e-02 -9.620821e-01
1.303417e-01 2.168042e-01 -5.475387e-02 -9.659239e-01
1.170347e-01 2.052973e-01 -6.819351e-02 -9.692809e-01
1.036688e-01 1.936894e-01 -8.159893e-02 -9.721516e-01
9.025053e-02 1.819862e-01 -9.496353e-02 -9.745347e-01
7.678643e-02 1.701936e-01 -1.082807e-01 -9.764288e-01
6.328305e-02 1.583175e-01 -1.215440e-01 -9.778333e-01
4.974702e-02 1.463638e-01 -1.347467e-01 -9.787473e-01
3.618503e-02 1.343386e-01 -1.478823e-01 -9.791704e-01
2.260379e-02 1.222477e-01 -1.609444e-01 -9.791024e-01
9.009979e-03 1.100974e-01 -1.739266e-01 -9.785433e-01
-4.589685e-03 9.789351e-02 -1.868223e-01 -9.774933e-01
-1.818850e-02 8.564226e-02 -1.996253e-01 -9.759530e-01
-3.177977e-02 7.334974e-02 -2.123291e-01 -9.739231e-01
-4.535679e-02 6.102205e-02 -2.249276e-01 -9.714045e-01
-5.891286e-02 4.866536e-02 -2.374144e-01 -9.683984e-01
-7.244132e-02 3.628583e-02 -2.497833e-01 -9.649062e-01
-8.593548e-02 2.388964e-02 -2.620283e-01 -9.609295e-01
-9.938869e-02 1.148298e-02 -2.741432e-01 -9.564703e-01
-1.127943e-01 -9.279498e-04 -2.861221e-01 -9.515307e-01
-1.261457e-01 -1.333693e-02 -2.979588e-01 -9.461131e-01
-1.394363e-01 -2.573775e-02 -3.096476e-01 -9.402199e-01
-1.526594e-01 -3.812419e-02 -3.211825e-01 -9.338541e-01
-1.658086e-01 -5.049002e-02 -3.325579e-01 -9.270186e-01
-1.788774e-01 -6.282902e-02 -3.437679e-01 -9.197168e-01
-1.918591e-01 -7.513497e-02 -3.548070e-01 -9.119522e-01
-2.047474e-01 -8.740165e-02 -3.656695e-01 -9.037285e-01
-2.175358e-01 -9.962288e-02 -3.763501e-01 -8.950497e-01
-2.302180e-01 -1.117924e-01 -3.868433e-01 -8.859201e-01
-2.427877e-01 -1.239042e-01 -3.971438e-01 -8.763439e-01
-2.552384e-01 -1.359522e-01 -4.072464e-01 -8.663260e-01
-2.675640e-01 -1.479305e-01 -4.171462e-01 -8.558710e-01
-2.797584e-01 -1.598331e-01 -4.268380e-01 -8.449840e-01
-2.918154e-01 -1.716541e-01 -4.363170e-01 -8.336703e-01
-3.037289e-01 -1.833876e-01 -4.455784e-01 -8.219353e-01
-3.154930e-01 -1.950279e-01 -4.546176e-01 -8.097846e-01
-3.271018e-01 -2.065691e-01 -4.634298e-01 -7.972242e-01
-3.385494e-01 -2.180054e-01 -4.720107e-01 -7.842600e-01
-3.498301e-01 -2.293312e-01 -4.803558e-01 -7.708984e-01
-3.609381e-01 -2.405408e-01 -4.884608e-01 -7.571459e-01
-3.718679e-01 -2.516284e-01 -4.963215e-01 -7.430090e-01
-3.826138e-01 -2.625887e-01 -5.039339e-01 -7.284946e-01
-3.931705e-01 -2.734160e-01 -5.112940e-01 -7.136099e-01
-4.035325e-01 -2.841049e-01 -5.183979e-01 -6.983620e-01
-4.136946e-01 -2.946498e-01 -5.252419e-01 -6.827585e-01
-4.236515e-01 -3.050456e-01 -5.318224e-01 -6.668070e-01
-4.333982e-01 -3.152868e-01 -5.381358e-01 -6.505152e-01
-4.429296e-01 -3.253682e-01 -5.441789e-01 -6.338913e-01
-4.522408e-01 -3.352847e-01 -5.499483e-01 -6.169435e-01
-4.613270e-01 -3.450311e-01 -5.554410e-01 -5.996801e-01
-4.701835e-01 -3.546024e-01 -5.606540e-01 -5.821097e-01
-4.788058e-01 -3.639936e-01 -5.655844e-01 -5.642411e-01
-4.871892e-01 -3.731998e-01 -5.702295e-01 -5.460832e-01
-4.953294e-01 -3.822164e-01 -5.745869e-01 -5.276451e-01
-5.032223e-01 -3.910384e-01 -5.786539e-01 -5.089361e-01
-5.108635e-01 -3.996614e-01 -5.824285e-01 -4.899656e-01
-5.182492e-01 -4.080807e-01 -5.859085e-01 -4.707432e-01
-5.253755e-01 -4.162920e-01 -5.890918e-01 -4.512786e-01
-5.322385e-01 -4.242910e-01 -5.919768e-01 -4.315817e-01
-5.388348e-01 -4.320734e-01 -5.945617e-01 -4.116625e-01
-5.451608e-01 -4.396352e-01 -5.968451e-01 -3.915310e-01
-5.512131e-01 -4.469725e-01 -5.988256e-01 -3.711975e-01
-5.569886e-01 -4.540813e-01 -6.005020e-01 -3.506724e-01
-5.624842e-01 -4.609580e-01 -6.018733e-01 -3.299662e-01
-5.676971e-01 -4.675989e-01 -6.029387e-01 -3.090895e-01
-5.726243e-01 -4.740004e-01 -6.036974e-01 -2.880529e-01
-5.772634e-01 -4.801592e-01 -6.041490e-01 -2.668673e-01
-5.816118e-01 -4.860720e-01 -6.042930e-01 -2.455437e-01
-5.856672e-01 -4.917358e-01 -6.041293e-01 -2.240929e-01
-5.894276e-01 -4.971474e-01 -6.036579e-01 -2.025260e-01
-5.928908e-01 -5.023041e-01 -6.028788e-01 -1.808542e-01
-5.960551e-01 -5.072030e-01 -6.017926e-01 -1.590887e-01
-5.989187e-01 -5.118416e-01 -6.003995e-01 -1.372407e-01
-6.014801e-01 -5.162175e-01 -5.987003e-01 -1.153215e-01
-6.037381e-01 -5.203283e-01 -5.966959e-01 -9.334252e-02
-6.056913e-01 -5.241718e-01 -5.943872e-01 -7.131504e-02
-6.073388e-01 -5.277461e-01 -5.917753e-01 -4.925046e-02
-6.086797e-01 -5.310493e-01 -5.888616e-01 -2.716021e-02
-6.097133e-01 -5.340796e-01 -5.856476e-01 -5.055647e-03
-6.104390e-01 -5.368356e-01 -5.821349e-01 1.705183e-02
-6.108565e-01 -5.393158e-01 -5.783252e-01 3.915085e-02
-6.109656e-01 -5.415190e-01 -5.742204e-01 6.123001e-02
-6.107662e-01 -5.434442e-01 -5.698227e-01 8.327794e-02
-6.102584e-01 -5.450904e-01 -5.651342e-01 1.052833e-01
-6.094425e-01 -5.464567e-01 -5.601574e-01 1.272347e-01
-6.083190e-01 -5.475425e-01 -5.548947e-01 1.491209e-01
-6.068884e-01 -5.483474e-01 -5.493490e-01 1.709305e-01
-6.051515e-01 -5.488709e-01 -5.435231e-01 1.926525e-01
-6.031093e-01 -5.491129e-01 -5.374199e-01 2.142755e-01
-6.007628e-01 -5.490733e-01 -5.310427e-01 2.357886e-01
-5.981133e-01 -5.487521e-01 -5.243946e-01 2.571806e-01
-5.951622e-01 -5.481497e-01 -5.174792e-01 2.784406e-01
-5.919109e-01 -5.472663e-01 -5.103001e-01 2.995577e-01
-5.883614e-01 -5.461026e-01 -5.028609e-01 3.205211e-01
-5.845153e-01 -5.446592e-01 -4.951654e-01 3.413201e-01
-5.803747e-01 -5.429370e-01 -4.872177e-01 3.619440e-01
-5.759418e-01 -5.409368e-01 -4.790219e-01 3.823825e-01
-5.712189e-01 -5.386599e-01 -4.705822e-01 4.026250e-01
-5.662084e-01 -5.361075e-01 -4.619029e-01 4.226612e-01
-5.609130e-01 -5.332809e-01 -4.529885e-01 4.424810e-01
-5.553356e-01 -5.301819e-01 -4.438436e-01 4.620740e-01
-5.494791e-01 -5.268121e-01 -4.344728e-01 4.814302e-01
-5.433467e-01 -5.231735e-01 -4.248811e-01 5.005397e-01
-5.369416e-01 -5.192679e-01 -4.150733e-01 5.193927e-01
-5.302672e-01 -5.150977e-01 -4.050544e-01 5.379795e-01
-5.233272e-01 -5.106650e-01 -3.948298e-01 5.562908e-01
-5.161252e-01 -5.059723e-01 -3.844046e-01 5.743170e-01
-5.086650e-01 -5.010221e-01 -3.737842e-01 5.920491e-01
-5.009507e-01 -4.958172e-01 -3.629741e-01 6.094781e-01
-4.929863e-01 -4.903604e-01 -3.519800e-01 6.265950e-01
-4.847761e-01 -4.846545e-01 -3.408074e-01 6.433914e-01
-4.763244e-01 -4.787028e-01 -3.294621e-01 6.598587e-01
-4.676356e-01 -4.725083e-01 -3.179500e-01 6.759886e-01
-4.587145e-01 -4.660745e-01 -3.062771e-01 6.917731e-01
-4.495656e-01 -4.594046e-01 -2.944492e-01 7.072043e-01
-4.401937e-01 -4.525024e-01 -2.824725e-01 7.222745e-01
-4.306038e-01 -4.453714e-01 -2.703531e-01 7.369762e-01
-4.208008e-01 -4.380155e-01 -2.580973e-01 7.513022e-01
-4.107898e-01 -4.304384e-01 -2.457112e-01 7.652454e-01
-4.005761e-01 -4.226443e-01 -2.332012e-01 7.787990e-01
-3.901648e-01 -4.146371e-01 -2.205737e-01 7.919563e-01
-3.795613e-01 -4.064210e-01 -2.078351e-01 8.047110e-01
-3.687711e-01 -3.980004e-01 -1.949918e-01 8.170568e-01
-3.577997e-01 -3.893796e-01 -1.820503e-01 8.289877e-01
-3.466525e-01 -3.805631e-01 -1.690172e-01 8.404980e-01
-3.353353e-01 -3.715553e-01 -1.558991e-01 8.515822e-01
-3.238538e-01 -3.623610e-01 -1.427025e-01 8.622350e-01
-3.122138e-01 -3.529849e-01 -1.294341e-01 8.724512e-01
-3.004210e-01 -3.434317e-01 -1.161006e-01 8.822259e-01
-2.884814e-01 -3.337064e-01 -1.027085e-01 8.915545e-01
-2.764009e-01 -3.238138e-01 -8.926463e-02 9.004326e-01
-2.641857e-01 -3.137591e-01 -7.577572e-02 9.088560e-01
-2.518417e-01 -3.035474e-01 -6.224849e-02 9.168205e-01
-2.393753e-01 -2.931837e-01 -4.868970e-02 9.243225e-01
-2.267925e-01 -2.826735e-01 -3.510609e-02 9.313584e-01
-2.140995e-01 -2.720219e-01 -2.150444e-02 9.379249e-01
-2.013028e-01 -2.612343e-01 -7.891516e-03 9.440188e-01
-1.884085e-01 -2.503162e-01 5.725923e-03 9.496374e-01
-1.754230e-01 -2.392731e-01 1.934111e-02 9.547780e-01
-1.623527e-01 -2.281106e-01 3.294728e-02 9.594382e-01
-1.492040e-01 -2.168341e-01 4.653768e-02 9.636158e-01
-1.359834e-01 -2.054494e-01 6.010557e-02 9.673088e-01
-1.226973e-01 -1.939622e-01 7.364421e-02 9.705156e-01
-1.093524e-01 -1.823782e-01 8.714687e-02 9.732346e-01
-9.595519e-02 -1.707033e-01 1.006068e-01 9.754646e-01
-8.251246e-02 -1.589432e-01 1.140174e-01 9.772046e-01
-6.903085e-02 -1.471038e-01 1.273720e-01 9.784537e-01
-5.551702e-02 -1.351910e-01 1.406638e-01 9.792114e-01
-4.197765e-02 -1.232108e-01 1.538864e-01 9.794774e-01
-2.841943e-02 -1.111690e-01 1.670332e-01 9.792516e-01
-1.484906e-02 -9.907176e-02 1.800976e-01 9.785342e-01
-1.273204e-03 -8.692500e-02 1.930732e-01 9.773255e-01
1.230144e-02 -7.473476e-02 2.059535e-01 9.756262e-01
2.586821e-02 -6.250708e-02 2.187321e-01 9.734372e-01
3.942042e-02 -5.024805e-02 2.314027e-01 9.707595e-01
5.295143e-02 -3.796374e-02 2.439590e-01 9.675944e-01
6.645458e-02 -2.566026e-02 2.563947e-01 9.639435e-01
7.992326e-02 -1.334372e-02 2.687036e-01 9.598086e-01
9.335084e-02 -1.020238e-03 2.808796e-01 9.551917e-01
1.067307e-01 1.130404e-02 2.929165e-01 9.500951e-01
1.200564e-01 2.362299e-02 3.048085e-01 9.445212e-01
1.333212e-01 3.593046e-02 3.165494e-01 9.384726e-01
1.465187e-01 4.822031e-02 3.281335e-01 9.319525e-01
1.596424e-01 6.048638e-02 3.395549e-01 9.249639e-01
1.726858e-01 7.272255e-02 3.508078e-01 9.175102e-01
1.856425e-01 8.492267e-02 3.618865e-01 9.095951e-01
1.985061e-01 9.708061e-02 3.727855e-01 9.012223e-01
2.112703e-01 1.091903e-01 3.834992e-01 8.923961e-01
2.239287e-01 1.212455e-01 3.940221e-01 8.831206e-01
2.364751e-01 1.332402e-01 4.043490e-01 8.734005e-01
2.489033e-01 1.451684e-01 4.144746e-01 8.632405e-01
2.612071e-01 1.570241e-01 4.243937e-01 8.526455e-01
2.733804e-01 1.688015e-01 4.341012e-01 8.416207e-01
2.854171e-01 1.804946e-01 4.435924e-01 8.301714e-01
2.973112e-01 1.920979e-01 4.528624e-01 8.183032e-01
3.090568e-01 2.036054e-01 4.619065e-01 8.060218e-01
3.206480e-01 2.150115e-01 4.707200e-01 7.933332e-01
3.320791e-01 2.263105e-01 4.792985e-01 7.802435e-01
3.433443e-01 2.374969e-01 4.876376e-01 7.667591e-01
3.544381e-01 2.485649e-01 4.957328e-01 7.528865e-01
3.653547e-01 2.595091e-01 5.035802e-01 7.386325e-01
3.760889e-01 2.703240e-01 5.111755e-01 7.240040e-01
3.866350e-01 2.810041e-01 5.185148e-01 7.090081e-01
3.969880e-01 2.915441e-01 5.255942e-01 6.936522e-01
4.071425e-01 3.019386e-01 5.324100e-01 6.779437e-01
4.170934e-01 3.121823e-01 5.389586e-01 6.618904e-01
4.268356e-01 3.222700e-01 5.452365e-01 6.455002e-01
4.363643e-01 3.321966e-01 5.512403e-01 6.287812e-01
4.456746e-01 3.419570e-01 5.569667e-01 6.117415e-01
4.547617e-01 3.515461e-01 5.624127e-01 5.943896e-01
4.636210e-01 3.609591e-01 5.675753e-01 5.767342e-01
4.722481e-01 3.701909e-01 5.724516e-01 5.587840e-01
4.806384e-01 3.792369e-01 5.770390e-01 5.405480e-01
4.887876e-01 3.880923e-01 5.813349e-01 5.220353e-01
4.966917e-01 3.967525e-01 5.853368e-01 5.032551e-01
5.043465e-01 4.052129e-01 5.890425e-01 4.842170e-01
5.117480e-01 4.134692e-01 5.924499e-01 4.649304e-01
5.188926e-01 4.215171e-01 5.955570e-01 4.454050e-01
5.257764e-01 4.293523e-01 5.983621e-01 4.256508e-01
5.323959e-01 4.369707e-01 6.008634e-01 4.056776e-01
5.387478e-01 4.443684e-01 6.030595e-01 3.854956e-01
5.448286e-01 4.515414e-01 6.049490e-01 3.651149e-01
5.506353e-01 4.584859e-01 6.065307e-01 3.445461e-01
5.561649e-01 4.651982e-01 6.078036e-01 3.237994e-01
5.614144e-01 4.716748e-01 6.087669e-01 3.028856e-01
5.663811e-01 4.779122e-01 6.094198e-01 2.818153e-01
5.710625e-01 4.839071e-01 6.097618e-01 2.605994e-01
5.754562e-01 4.896563e-01 6.097927e-01 2.392486e-01
5.795598e-01 4.951566e-01 6.095120e-01 2.177739e-01
5.833712e-01 5.004052e-01 6.089200e-01 1.961865e-01
5.868884e-01 5.053993e-01 6.080166e-01 1.744973e-01
5.901097e-01 5.101361e-01 6.068023e-01 1.527177e-01
5.930334e-01 5.146131e-01 6.052774e-01 1.308588e-01
5.956579e-01 5.188279e-01 6.034428e-01 1.089318e-01
5.979819e-01 5.227782e-01 6.012991e-01 8.694816e-02
6.000043e-01 5.264619e-01 5.988474e-01 6.491917e-02
6.017240e-01 5.298770e-01 5.960889e-01 4.285621e-02
6.031401e-01 5.330217e-01 5.930248e-01 2.077065e-02
6.042520e-01 5.358943e-01 5.896567e-01 -1.326104e-03
6.050590e-01 5.384932e-01 5.859863e-01 -2.342266e-02
6.055609e-01 5.408171e-01 5.820154e-01 -4.550762e-02
6.057574e-01 5.428647e-01 5.777459e-01 -6.756963e-02
6.056483e-01 5.446349e-01 5.731800e-01 -8.959733e-02
6.052339e-01 5.461268e-01 5.683199e-01 -1.115794e-01
6.045143e-01 5.473396e-01 5.631681e-01 -1.335045e-01
6.034900e-01 5.482728e-01 5.577272e-01 -1.553615e-01
6.021615e-01 5.489257e-01 5.519999e-01 -1.771390e-01
6.005296e-01 5.492981e-01 5.459891e-01 -1.988259e-01
5.985952e-01 5.493897e-01 5.396978e-01 -2.204110e-01
5.963592e-01 5.492006e-01 5.331293e-01 -2.418832e-01
5.938230e-01 5.487309e-01 5.262869e-01 -2.632316e-01
5.909878e-01 5.479807e-01 5.191740e-01 -2.844451e-01
5.878552e-01 5.469504e-01 5.117943e-01 -3.055129e-01
5.844268e-01 5.456407e-01 5.041515e-01 -3.264243e-01
5.807044e-01 5.440522e-01 4.962496e-01 -3.471685e-01
5.766900e-01 5.421857e-01 4.880926e-01 -3.677349e-01
5.723858e-01 5.400422e-01 4.796846e-01 -3.881129e-01
5.677939e-01 5.376229e-01 4.710299e-01 -4.082923e-01
5.629169e-01 5.349290e-01 4.621330e-01 -4.282624e-01
5.577574e-01 5.319619e-01 4.529984e-01 -4.480131e-01
5.523181e-01 5.287232e-01 4.436308e-01 -4.675341e-01
5.466021e-01 5.252147e-01 4.340350e-01 -4.868155e-01
5.406123e-01 5.214382e-01 4.242159e-01 -5.058473e-01
5.343520e-01 5.173956e-01 4.141786e-01 -5.246196e-01
5.278246e-01 5.130892e-01 4.039283e-01 -5.431230e-01
5.210336e-01 5.085212e-01 3.934702e-01 -5.613478e-01
5.139826e-01 5.036940e-01 3.828098e-01 -5.792848e-01
5.066754e-01 4.986102e-01 3.719526e-01 -5.969248e-01
4.991160e-01 4.932723e-01 3.609041e-01 -6.142588e-01
4.913083e-01 4.876834e-01 3.496701e-01 -6.312779e-01
4.832566e-01 4.818462e-01 3.382564e-01 -6.479736e-01
4.749652e-01 4.757640e-01 3.266689e-01 -6.643373e-01
4.664385e-01 4.694397e-01 3.149135e-01 -6.803609e-01
4.576810e-01 4.628769e-01 3.029964e-01 -6.960361e-01
4.486973e-01 4.560788e-01 2.909236e-01 -7.113552e-01
4.394923e-01 4.490492e-01 2.787014e-01 -7.263105e-01
4.300707e-01 4.417916e-01 2.663361e-01 -7.408944e-01
4.204374e-01 4.343098e-01 2.538340e-01 -7.550998e-01
4.105977e-01 4.266077e-01 2.412015e-01 -7.689196e-01
4.005565e-01 4.186893e-01 2.284451e-01 -7.823469e-01
3.903190e-01 4.105587e-01 2.155714e-01 -7.953751e-01
3.798907e-01 4.022202e-01 2.025868e-01 -8.079979e-01
3.692769e-01 3.936780e-01 1.894981e-01 -8.202089e-01
3.584830e-01 3.849365e-01 1.763118e-01 -8.320024e-01
3.475146e-01 3.760002e-01 1.630347e-01 -8.433725e-01
3.363773e-01 3.668737e-01 1.496736e-01 -8.543137e-01
3.250767e-01 3.575616e-01 1.362352e-01 -8.648207e-01
3.136186e-01 3.480688e-01 1.227262e-01 -8.748884e-01
3.020088e-01 3.384000e-01 1.091536e-01 -8.845121e-01
2.902531e-01 3.285603e-01 9.552413e-02 -8.936870e-01
2.783574e-01 3.185544e-01 8.184473e-02 -9.024088e-01
2.663278e-01 3.083877e-01 6.812226e-02 -9.106733e-01
2.541701e-01 2.980651e-01 5.436364e-02 -9.184766e-01
2.418906e-01 2.875920e-01 4.057580e-02 -9.258150e-01
2.294953e-01 2.769736e-01 2.676568e-02 -9.326849e-01
2.169906e-01 2.662153e-01 1.294021e-02 -9.390831e-01
2.043826e-01 2.553225e-01 -8.936405e-04 -9.450066e-01
1.916775e-01 2.443007e-01 -1.472894e-02 -9.504525e-01
1.788818e-01 2.331554e-01 -2.855872e-02 -9.554184e-01
1.660021e-01 2.218923e-01 -4.237602e-02 -9.599018e-01
1.530447e-01 2.105169e-01 -5.617389e-02 -9.639006e-01
1.400162e-01 1.990350e-01 -6.994542e-02 -9.674131e-01
1.269231e-01 1.874524e-01 -8.368368e-02 -9.704376e-01
1.137722e-01 1.757747e-01 -9.738179e-02 -9.729727e-01
1.005698e-01 1.640078e-01 -1.110329e-01 -9.750174e-01
8.732263e-02 1.521576e-01 -1.246301e-01 -9.765706e-01
7.403730e-02 1.402299e-01 -1.381667e-01 -9.776318e-01
6.072040e-02 1.282307e-01 -1.516359e-01 -9.782006e-01
4.737855e-02 1.161659e-01 -1.650310e-01 -9.782768e-01
3.401836e-02 1.040416e-01 -1.783452e-01 -9.778605e-01
2.064645e-02 9.186371e-02 -1.915719e-01 -9.769519e-01
7.269416e-03 7.963827e-02 -2.047045e-01 -9.755516e-01
-6.106135e-03 6.737134e-02 -2.177364e-01 -9.736604e-01
-1.947361e-02 5.506900e-02 -2.306612e-01 -9.712794e-01
-3.282644e-02 4.273734e-02 -2.434723e-01 -9.684096e-01
-4.615804e-02 3.038247e-02 -2.561633e-01 -9.650527e-01
-5.946188e-02 1.801051e-02 -2.687279e-01 -9.612103e-01
-7.273142e-02 5.627585e-03 -2.811599e-01 -9.568843e-01
-8.596015e-02 -6.760155e-03 -2.934528e-01 -9.520770e-01
-9.914159e-02 -1.914657e-02 -3.056006e-01 -9.467907e-01
-1.122693e-01 -3.152549e-02 -3.175972e-01 -9.410280e-01
-1.253368e-01 -4.389078e-02 -3.294364e-01 -9.347919e-01
-1.383377e-01 -5.623628e-02 -3.411124e-01 -9.280854e-01
-1.512656e-01 -6.855582e-02 -3.526192e-01 -9.209118e-01
-1.641142e-01 -8.084327e-02 -3.639511e-01 -9.132746e-01
-1.768772e-01 -9.309248e-02 -3.751021e-01 -9.051777e-01
-1.895484e-01 -1.052973e-01 -3.860667e-01 -8.966250e-01
-2.021215e-01 -1.174517e-01 -3.968393e-01 -8.876207e-01
-2.145904e-01 -1.295494e-01 -4.074144e-01 -8.781694e-01
-2.269489e-01 -1.415845e-01 -4.177865e-01 -8.682756e-01
-2.391909e-01 -1.535508e-01 -4.279504e-01 -8.579442e-01
-2.513105e-01 -1.654423e-01 -4.379008e-01 -8.471805e-01
-2.633016e-01 -1.772531e-01 -4.476326e-01 -8.359896e-01
-2.751584e-01 -1.889772e-01 -4.571409e-01 -8.243772e-01
-2.868750e-01 -2.006089e-01 -4.664207e-01 -8.123488e-01
-2.984454e-01 -2.121425e-01 -4.754675e-01 -7.999103e-01
-3.098641e-01 -2.235722e-01 -4.842765e-01 -7.870680e-01
-3.211254e-01 -2.348924e-01 -4.928432e-01 -7.738279e-01
-3.322236e-01 -2.460974e-01 -5.011633e-01 -7.601967e-01
-3.431532e-01 -2.571816e-01 -5.092323e-01 -7.461809e-01
-3.539089e-01 -2.681397e-01 -5.170462e-01 -7.317875e-01
-3.644852e-01 -2.789659e-01 -5.246008e-01 -7.170234e-01
-3.748769e-01 -2.896549e-01 -5.318921e-01 -7.018961e-01
-3.850789e-01 -3.002014e-01 -5.389164e-01 -6.864127e-01
-3.950860e-01 -3.106000e-01 -5.456699e-01 -6.705811e-01
-4.048933e-01 -3.208454e-01 -5.521490e-01 -6.544090e-01
-4.144959e-01 -3.309324e-01 -5.583503e-01 -6.379043e-01
-4.238889e-01 -3.408559e-01 -5.642704e-01 -6.210752e-01
-4.330676e-01 -3.506108e-01 -5.699060e-01 -6.039301e-01
-4.420275e-01 -3.601921e-01 -5.752542e-01 -5.864775e-01
-4.507641e-01 -3.695949e-01 -5.803120e-01 -5.687260e-01
-4.592729e-01 -3.788144e-01 -5.850766e-01 -5.506845e-01
-4.675497e-01 -3.878457e-01 -5.895453e-01 -5.323621e-01
-4.755903e-01 -3.966842e-01 -5.937157e-01 -5.137677e-01
-4.833907e-01 -4.053253e-01 -5.975853e-01 -4.949107e-01
-4.909469e-01 -4.137646e-01 -6.011520e-01 -4.758006e-01
-4.982552e-01 -4.219977e-01 -6.044137e-01 -4.564469e-01
-5.053117e-01 -4.300202e-01 -6.073686e-01 -4.368593e-01
-5.121130e-01 -4.378280e-01 -6.100148e-01 -4.170478e-01
-5.186556e-01 -4.454170e-01 -6.123508e-01 -3.970222e-01
-5.249362e-01 -4.527832e-01 -6.143751e-01 -3.767927e-01
-5.309515e-01 -4.599226e-01 -6.160864e-01 -3.563695e-01
-5.366986e-01 -4.668316e-01 -6.174836e-01 -3.357630e-01
-5.421746e-01 -4.735064e-01 -6.185658e-01 -3.149838e-01
-5.473766e-01 -4.799435e-01 -6.193321e-01 -2.940422e-01
-5.523020e-01 -4.861394e-01 -6.197820e-01 -2.729491e-01
-5.569484e-01 -4.920908e-01 -6.199150e-01 -2.517152e-01
-5.613133e-01 -4.977946e-01 -6.197307e-01 -2.303513e-01
-5.653947e-01 -5.032476e-01 -6.192291e-01 -2.088685e-01
-5.691903e-01 -5.084469e-01 -6.184102e-01 -1.872776e-01
-5.726984e-01 -5.133897e-01 -6.172742e-01 -1.655899e-01
-5.759172e-01 -5.180734e-01 -6.158216e-01 -1.438163e-01
-5.788450e-01 -5.224953e-01 -6.140528e-01 -1.219682e-01
-5.814805e-01 -5.266531e-01 -6.119686e-01 -1.000568e-01
-5.838222e-01 -5.305446e-01 -6.095699e-01 -7.809327e-02
-5.858691e-01 -5.341675e-01 -6.068579e-01 -5.608900e-02
-5.876202e-01 -5.375200e-01 -6.038336e-01 -3.405529e-02
-5.890747e-01 -5.406001e-01 -6.004985e-01 -1.200351e-02
-5.902318e-01 -5.434062e-01 -5.968543e-01 1.005501e-02
-5.910910e-01 -5.459368e-01 -5.929026e-01 3.210891e-02
-5.916520e-01 -5.481904e-01 -5.886453e-01 5.414684e-02
-5.919145e-01 -5.501658e-01 -5.840846e-01 7.615746e-02
-5.918784e-01 -5.518620e-01 -5.792227e-01 9.812946e-02
-5.915440e-01 -5.532778e-01 -5.740619e-01 1.200515e-01
-5.909113e-01 -5.544126e-01 -5.686048e-01 1.419125e-01
-5.899807e-01 -5.552657e-01 -5.628541e-01 1.637010e-01
-5.887529e-01 -5.558366e-01 -5.568127e-01 1.854060e-01
-5.872285e-01 -5.561249e-01 -5.504835e-01 2.070162e-01
-5.854083e-01 -5.561305e-01 -5.438697e-01 2.285207e-01
-5.832934e-01 -5.558532e-01 -5.369747e-01 2.499084e-01
-5.808849e-01 -5.552931e-01 -5.298019e-01 2.711683e-01
-5.781840e-01 -5.544506e-01 -5.223549e-01 2.922894e-01
-5.751924e-01 -5.533259e-01 -5.146374e-01 3.132611e-01
-5.719114e-01 -5.519196e-01 -5.066533e-01 3.340725e-01
-5.683429e-01 -5.502324e-01 -4.984067e-01 3.547130e-01
-5.644889e-01 -5.482651e-01 -4.899018e-01 3.751719e-01
-5.603513e-01 -5.460186e-01 -4.811427e-01 3.954388e-01
-5.559325e-01 -5.434940e-01 -4.721341e-01 4.155030e-01
-5.512347e-01 -5.406926e-01 -4.628805e-01 4.353544e-01
-5.462606e-01 -5.376158e-01 -4.533865e-01 4.549826e-01
-5.410129e-01 -5.342652e-01 -4.436572e-01 4.743776e-01
-5.354944e-01 -5.306423e-01 -4.336974e-01 4.935292e-01
-5.297080e-01 -5.267491e-01 -4.235123e-01 5.124277e-01
-5.236570e-01 -5.225875e-01 -4.131071e-01 5.310633e-01
-5.173446e-01 -5.181596e-01 -4.024871e-01 5.494263e-01
-5.107742e-01 -5.134677e-01 -3.916579e-01 5.675074e-01
-5.039493e-01 -5.085142e-01 -3.806251e-01 5.852973e-01
-4.968737e-01 -5.033016e-01 -3.693943e-01 6.027868e-01
-4.895512e-01 -4.978325e-01 -3.579713e-01 6.199669e-01
-4.819856e-01 -4.921098e-01 -3.463620e-01 6.368290e-01
-4.741811e-01 -4.861365e-01 -3.345724e-01 6.533643e-01
-4.661419e-01 -4.799155e-01 -3.226087e-01 6.695644e-01
-4.578722e-01 -4.734500e-01 -3.104770e-01 6.854211e-01
-4.493765e-01 -4.667435e-01 -2.981835e-01 7.009264e-01
-4.406593e-01 -4.597992e-01 -2.857346e-01 7.160725e-01
-4.317252e-01 -4.526209e-01 -2.731368e-01 7.308515e-01
-4.225789e-01 -4.452121e-01 -2.603965e-01 7.452562e-01
-4.132254e-01 -4.375767e-01 -2.475202e-01 7.592793e-01
-4.036694e-01 -4.297186e-01 -2.345147e-01 7.729138e-01
-3.939161e-01 -4.216419e-01 -2.213866e-01 7.861528e-01
-3.839705e-01 -4.133505e-01 -2.081426e-01 7.989898e-01
-3.738379e-01 -4.048489e-01 -1.947895e-01 8.114183e-01
-3.635234e-01 -3.961412e-01 -1.813342e-01 8.234323e-01
-3.530324e-01 -3.872321e-01 -1.677835e-01 8.350258e-01
-3.423705e-01 -3.781259e-01 -1.541445e-01 8.461931e-01
-3.315429e-01 -3.688275e-01 -1.404239e-01 8.569286e-01
-3.205554e-01 -3.593414e-01 -1.266290e-01 8.672273e-01
-3.094135e-01 -3.496725e-01 -1.127666e-01 8.770839e-01
-2.981229e-01 -3.398257e-01 -9.884391e-02 8.864937e-01
-2.866893e-01 -3.298060e-01 -8.486793e-02 8.954522e-01
-2.751186e-01 -3.196185e-01 -7.084579e-02 9.039550e-01
-2.634166e-01 -3.092684e-01 -5.678462e-02 9.119980e-01
-2.515892e-01 -2.987608e-01 -4.269156e-02 9.195772e-01
-2.396424e-01 -2.881011e-01 -2.857379e-02 9.266892e-01
-2.275825e-01 -2.772947e-01 -1.443850e-02 9.333303e-01
-2.154155e-01 -2.663469e-01 -2.928961e-04 9.394974e-01
-2.031478e-01 -2.552633e-01 1.385582e-02 9.451876e-01
-1.907857e-01 -2.440495e-01 2.800045e-02 9.503982e-01
-1.783354e-01 -2.327110e-01 4.213381e-02 9.551266e-01
-1.658034e-01 -2.212536e-01 5.624873e-02 9.593707e-01
-1.531960e-01 -2.096829e-01 7.033806e-02 9.631286e-01
-1.405196e-01 -1.980048e-01 8.439465e-02 9.663984e-01
-1.277807e-01 -1.862251e-01 9.841141e-02 9.691788e-01
-1.149856e-01 -1.743495e-01 1.123812e-01 9.714685e-01
-1.021410e-01 -1.623842e-01 1.262971e-01 9.732665e-01
-8.925312e-02 -1.503349e-01 1.401519e-01 9.745721e-01
-7.632855e-02 -1.382077e-01 1.539387e-01 9.753848e-01
-6.337373e-02 -1.260086e-01 1.676506e-01 9.757043e-01
-5.039516e-02 -1.137437e-01 1.812806e-01 9.755306e-01
-3.739929e-02 -1.014190e-01 1.948219e-01 9.748640e-01
-2.439261e-02 -8.904060e-02 2.082677e-01 9.737050e-01
-1.138157e-02 -7.661470e-02 2.216111e-01 9.720541e-01
1.627375e-03 -6.414743e-02 2.348454e-01 9.699124e-01
1.462777e-02 -5.164496e-02 2.479641e-01 9.672811e-01
2.761320e-02 -3.911348e-02 2.609604e-01 9.641615e-01
4.057725e-02 -2.655921e-02 2.738279e-01 9.605553e-01
5.351352e-02 -1.398835e-02 2.865599e-01 9.564643e-01
6.641565e-02 -1.407159e-03 2.991502e-01 9.518908e-01
7.927727e-02 1.117814e-02 3.115922e-01 9.468371e-01
9.209209e-02 2.376130e-02 3.238798e-01 9.413056e-01
1.048538e-01 3.633606e-02 3.360067e-01 9.352994e-01
1.175561e-01 4.889618e-02 3.479667e-01 9.288212e-01
1.301928e-01 6.143541e-02 3.597538e-01 9.218746e-01
1.427578e-01 7.394749e-02 3.713620e-01 9.144628e-01
1.552447e-01 8.642620e-02 3.827853e-01 9.065898e-01
1.676476e-01 9.886528e-02 3.940179e-01 8.982593e-01
1.799603e-01 1.112585e-01 4.050541e-01 8.894757e-01
1.921769e-01 1.235998e-01 4.158882e-01 8.802432e-01
2.042913e-01 1.358828e-01 4.265147e-01 8.705666e-01
2.162976e-01 1.481014e-01 4.369281e-01 8.604506e-01
2.281900e-01 1.602494e-01 4.471230e-01 8.499003e-01
2.399625e-01 1.723208e-01 4.570941e-01 8.389210e-01
2.516095e-01 1.843095e-01 4.668363e-01 8.275183e-01
2.631253e-01 1.962094e-01 4.763446e-01 8.156977e-01
2.745041e-01 2.080146e-01 4.856140e-01 8.034653e-01
2.857403e-01 2.197193e-01 4.946398e-01 7.908270e-01
2.968285e-01 2.313176e-01 5.034174e-01 7.777891e-01
3.077630e-01 2.428038e-01 5.119422e-01 7.643581e-01
3.185386e-01 2.541722e-01 5.202099e-01 7.505407e-01
3.291499e-01 2.654171e-01 5.282161e-01 7.363436e-01
3.395917e-01 2.765330e-01 5.359566e-01 7.217739e-01
3.498587e-01 2.875142e-01 5.434275e-01 7.068387e-01
3.599460e-01 2.983553e-01 5.506248e-01 6.915456e-01
3.698486e-01 3.090507e-01 5.575447e-01 6.759021e-01
3.795615e-01 3.195952e-01 5.641835e-01 6.599159e-01
3.890800e-01 3.299834e-01 5.705377e-01 6.435950e-01
3.983993e-01 3.402099e-01 5.766039e-01 6.269475e-01
4.075149e-01 3.502697e-01 5.823788e-01 6.099816e-01
4.164223e-01 3.601576e-01 5.878593e-01 5.927059e-01
4.251170e-01 3.698686e-01 5.930425e-01 5.751290e-01
4.335948e-01 3.793977e-01 5.979254e-01 5.572595e-01
4.418514e-01 3.887401e-01 6.025055e-01 5.391063e-01
4.498828e-01 3.978909e-01 6.067801e-01 5.206787e-01
4.576848e-01 4.068455e-01 6.107468e-01 5.019857e-01
4.652538e-01 4.155993e-01 6.144035e-01 4.830367e-01
4.725859e-01 4.241478e-01 6.177480e-01 4.638412e-01
4.796776e-01 4.324864e-01 6.207783e-01 4.444088e-01
4.865251e-01 4.406109e-01 6.234928e-01 4.247495e-01
4.931253e-01 4.485170e-01 6.258897e-01 4.048729e-01
4.994747e-01 4.562006e-01 6.279676e-01 3.847892e-01
5.055703e-01 4.636576e-01 6.297252e-01 3.645085e-01
5.114090e-01 4.708842e-01 6.311612e-01 3.440412e-01
5.169880e-01 4.778765e-01 6.322749e-01 3.233974e-01
5.223045e-01 4.846308e-01 6.330653e-01 3.025879e-01
5.273558e-01 4.911435e-01 6.335317e-01 2.816230e-01
5.321394e-01 4.974112e-01 6.336738e-01 2.605136e-01
5.366531e-01 5.034305e-01 6.334911e-01 2.392703e-01
5.408946e-01 5.091981e-01 6.329836e-01 2.179040e-01
5.448618e-01 5.147111e-01 6.321512e-01 1.964256e-01
5.485527e-01 5.199664e-01 6.309942e-01 1.748461e-01
5.519657e-01 5.249611e-01 6.295130e-01 1.531765e-01
5.550990e-01 5.296927e-01 6.277081e-01 1.314280e-01
5.579512e-01 5.341585e-01 6.255801e-01 1.096117e-01
5.605208e-01 5.383560e-01 6.231301e-01 8.773869e-02
5.628067e-01 5.422831e-01 6.203590e-01 6.582029e-02
5.648078e-01 5.459376e-01 6.172681e-01 4.386773e-02
5.665232e-01 5.493173e-01 6.138588e-01 2.189227e-02
5.679521e-01 5.524206e-01 6.101327e-01 -9.480717e-05
5.690938e-01 5.552457e-01 6.060915e-01 -2.208222e-02
5.699479e-01 5.577910e-01 6.017370e-01 -4.405867e-02
5.705141e-01 5.600550e-01 5.970715e-01 -6.601289e-02
5.707921e-01 5.620366e-01 5.920971e-01 -8.793360e-02
5.707819e-01 5.637345e-01 5.868162e-01 -1.098096e-01
5.704837e-01 5.651478e-01 5.812314e-01 -1.316296e-01
5.698976e-01 5.662758e-01 5.753454e-01 -1.533824e-01
5.690240e-01 5.671176e-01 5.691611e-01 -1.750569e-01
5.678636e-01 5.676727e-01 5.626816e-01 -1.966420e-01
5.664169e-01 5.679408e-01 5.559099e-01 -2.181267e-01
5.646847e-01 5.679217e-01 5.488496e-01 -2.394999e-01
5.626681e-01 5.676152e-01 5.415040e-01 -2.607507e-01
5.603682e-01 5.670215e-01 5.338768e-01 -2.818682e-01
5.577861e-01 5.661407e-01 5.259719e-01 -3.028416e-01
5.549233e-01 5.649731e-01 5.177931e-01 -3.236601e-01
5.517813e-01 5.635192e-01 5.093446e-01 -3.443131e-01
5.483619e-01 5.617798e-01 5.006306e-01 -3.647899e-01
5.446670e-01 5.597554e-01 4.916556e-01 -3.850798e-01
5.406985e-01 5.574471e-01 4.824241e-01 -4.051726e-01
5.364586e-01 5.548559e-01 4.729408e-01 -4.250577e-01
5.319497e-01 5.519830e-01 4.632105e-01 -4.447250e-01
5.271741e-01 5.488299e-01 4.532382e-01 -4.641642e-01
5.221345e-01 5.453979e-01 4.430289e-01 -4.833654e-01
5.168337e-01 5.416887e-01 4.325880e-01 -5.023186e-01
5.112744e-01 5.377042e-01 4.219207e-01 -5.210140e-01
5.054598e-01 5.334463e-01 4.110325e-01 -5.394420e-01
4.993929e-01 5.289171e-01 3.999291e-01 -5.575931e-01
4.930771e-01 5.241188e-01 3.886162e-01 -5.754580e-01
4.865158e-01 5.190539e-01 3.770995e-01 -5.930274e-01
4.797125e-01 5.137247e-01 3.653851e-01 -6.102923e-01
4.726709e-01 5.081340e-01 3.534789e-01 -6.272438e-01
4.653948e-01 5.022846e-01 3.413871e-01 -6.438732e-01
4.578881e-01 4.961794e-01 3.291159e-01 -6.601721e-01
4.501549e-01 4.898214e-01 3.166718e-01 -6.761320e-01
4.421992e-01 4.832140e-01 3.040610e-01 -6.917449e-01
4.340254e-01 4.763603e-01 2.912902e-01 -7.070027e-01
4.256378e-01 4.692639e-01 2.783659e-01 -7.218977e-01
4.170408e-01 4.619283e-01 2.652948e-01 -7.364223e-01
4.082391e-01 4.543573e-01 2.520837e-01 -7.505692e-01
3.992372e-01 4.465547e-01 2.387392e-01 -7.643312e-01
3.900400e-01 4.385244e-01 2.252684e-01 -7.777013e-01
3.806523e-01 4.302705e-01 2.116782e-01 -7.906728e-01
3.710789e-01 4.217971e-01 1.979755e-01 -8.032393e-01
3.613250e-01 4.131086e-01 1.841675e-01 -8.153943e-01
3.513955e-01 4.042094e-01 1.702612e-01 -8.271318e-01
3.412958e-01 3.951040e-01 1.562637e-01 -8.384460e-01
3.310310e-01 3.857969e-01 1.421823e-01 -8.493312e-01
3.206064e-01 3.762929e-01 1.280242e-01 -8.597820e-01
3.100274e-01 3.665967e-01 1.137967e-01 -8.697932e-01
2.992997e-01 3.567134e-01 9.950705e-02 -8.793598e-01
2.884287e-01 3.466478e-01 8.516269e-02 -8.884771e-01
2.774202e-01 3.364050e-01 7.077096e-02 -8.971405e-01
2.662800e-01 3.259903e-01 5.633927e-02 -9.053459e-01
2.550137e-01 3.154087e-01 4.187503e-02 -9.130892e-01
2.436272e-01 3.046657e-01 2.738566e-02 -9.203666e-01
2.321265e-01 2.937667e-01 1.287860e-02 -9.271745e-01
2.205174e-01 2.827170e-01 -1.638712e-03 -9.335097e-01
2.088060e-01 2.715224e-01 -1.615885e-02 -9.393692e-01
1.969983e-01 2.601884e-01 -3.067438e-02 -9.447501e-01
1.851003e-01 2.487206e-01 -4.517787e-02 -9.496499e-01
1.731181e-01 2.371248e-01 -5.966190e-02 -9.540662e-01
1.610580e-01 2.254068e-01 -7.411909e-02 -9.579971e-01
1.489261e-01 2.135725e-01 -8.854203e-02 -9.614406e-01
1.367286e-01 2.016277e-01 -1.029234e-01 -9.643953e-01
1.244717e-01 1.895785e-01 -1.172558e-01 -9.668598e-01
1.121617e-01 1.774307e-01 -1.315320e-01 -9.688330e-01
9.980481e-02 1.651905e-01 -1.457448e-01 -9.703142e-01
8.740728e-02 1.528640e-01 -1.598868e-01 -9.713026e-01
7.497539e-02 1.404572e-01 -1.739509e-01 -9.717981e-01
6.251540e-02 1.279764e-01 -1.879300e-01 -9.718005e-01
5.003358e-02 1.154277e-01 -2.018169e-01 -9.713100e-01
3.753620e-02 1.028174e-01 -2.156046e-01 -9.703269e-01
2.502951e-02 9.015179e-02 -2.292861e-01 -9.688519e-01
1.251977e-02 7.743709e-02 -2.428545e-01 -9.668860e-01
1.322901e-05 6.467963e-02 -2.563028e-01 -9.644301e-01
-1.248389e-02 5.188575e-02 -2.696242e-01 -9.614857e-01
-2.496538e-02 3.906181e-02 -2.828120e-01 -9.580544e-01
-3.742502e-02 2.621417e-02 -2.958594e-01 -9.541380e-01
-4.985666e-02 1.334923e-02 -3.087599e-01 -9.497386e-01
-6.225413e-02 4.733673e-04 -3.215068e-01 -9.448585e-01
-7.461130e-02 -1.240701e-02 -3.340937e-01 -9.395002e-01
-8.692208e-02 -2.528548e-02 -3.465142e-01 -9.336665e-01
-9.918039e-02 -3.815565e-02 -3.587618e-01 -9.273604e-01
-1.113802e-01 -5.101110e-02 -3.708304e-01 -9.205852e-01
-1.235155e-01 -6.384542e-02 -3.827138e-01 -9.133443e-01
-1.355803e-01 -7.665220e-02 -3.944059e-01 -9.056414e-01
-1.475687e-01 -8.942505e-02 -4.059007e-01 -8.974805e-01
-1.594748e-01 -1.021576e-01 -4.171923e-01 -8.888657e-01
-1.712927e-01 -1.148434e-01 -4.282749e-01 -8.798013e-01
-1.830168e-01 -1.274762e-01 -4.391428e-01 -8.702920e-01
-1.946412e-01 -1.400496e-01 -4.497904e-01 -8.603427e-01
-2.061601e-01 -1.525574e-01 -4.602122e-01 -8.499582e-01
-2.175681e-01 -1.649931e-01 -4.704028e-01 -8.391439e-01
-2.288595e-01 -1.773506e-01 -4.803570e-01 -8.279053e-01
-2.400288e-01 -1.896237e-01 -4.900694e-01 -8.162481e-01
-2.510706e-01 -2.018061e-01 -4.995352e-01 -8.041781e-01
-2.619793e-01 -2.138918e-01 -5.087494e-01 -7.917015e-01
-2.727498e-01 -2.258746e-01 -5.177071e-01 -7.788245e-01
-2.833766e-01 -2.377487e-01 -5.264038e-01 -7.655536e-01
-2.938546e-01 -2.495080e-01 -5.348350e-01 -7.518954e-01
-3.041785e-01 -2.611469e-01 -5.429963e-01 -7.378569e-01
-3.143433e-01 -2.726594e-01 -5.508835e-01 -7.234449e-01
-3.243440e-01 -2.840398e-01 -5.584924e-01 -7.086668e-01
-3.341757e-01 -2.952824e-01 -5.658191e-01 -6.935299e-01
-3.438335e-01 -3.063815e-01 -5.728597e-01 -6.780418e-01
-3.533128e-01 -3.173317e-01 -5.796105e-01 -6.622102e-01
-3.626088e-01 -3.281273e-01 -5.860680e-01 -6.460431e-01
-3.717170e-01 -3.387630e-01 -5.922287e-01 -6.295485e-01
-3.806328e-01 -3.492335e-01 -5.980893e-01 -6.127347e-01
-3.893520e-01 -3.595333e-01 -6.036468e-01 -5.956100e-01
-3.978703e-01 -3.696574e-01 -6.088981e-01 -5.781831e-01
-4.061834e-01 -3.796006e-01 -6.138404e-01 -5.604627e-01
-4.142873e-01 -3.893577e-01 -6.184709e-01 -5.424576e-01
-4.221781e-01 -3.989240e-01 -6.227872e-01 -5.241769e-01
-4.298517e-01 -4.082944e-01 -6.267868e-01 -5.056298e-01
-4.373046e-01 -4.174641e-01 -6.304676e-01 -4.868255e-01
-4.445330e-01 -4.264285e-01 -6.338273e-01 -4.677735e-01
-4.515334e-01 -4.351829e-01 -6.368642e-01 -4.484835e-01
-4.583024e-01 -4.437228e-01 -6.395764e-01 -4.289651e-01
-4.648367e-01 -4.520438e-01 -6.419623e-01 -4.092282e-01
-4.711330e-01 -4.601416e-01 -6.440204e-01 -3.892828e-01
-4.771884e-01 -4.680118e-01 -6.457496e-01 -3.691389e-01
-4.829999e-01 -4.756506e-01 -6.471487e-01 -3.488067e-01
-4.885647e-01 -4.830537e-01 -6.482168e-01 -3.282966e-01
-4.938800e-01 -4.902174e-01 -6.489530e-01 -3.076190e-01
-4.989432e-01 -4.971379e-01 -6.493569e-01 -2.867843e-01
-5.037521e-01 -5.038115e-01 -6.494278e-01 -2.658032e-01
-5.083041e-01 -5.102347e-01 -6.491657e-01 -2.446862e-01
-5.125973e-01 -5.164042e-01 -6.485703e-01 -2.234443e-01
-5.166294e-01 -5.223165e-01 -6.476418e-01 -2.020881e-01
-5.203986e-01 -5.279687e-01 -6.463805e-01 -1.806286e-01
-5.239031e-01 -5.333576e-01 -6.447867e-01 -1.590768e-01
-5.271412e-01 -5.384804e-01 -6.428610e-01 -1.374436e-01
-5.301114e-01 -5.433343e-01 -6.406043e-01 -1.157400e-01
-5.328124e-01 -5.479168e-01 -6.380175e-01 -9.397730e-02
-5.352429e-01 -5.522253e-01 -6.351018e-01 -7.216646e-02
-5.374018e-01 -5.562575e-01 -6.318583e-01 -5.031868e-02
-5.392881e-01 -5.600113e-01 -6.282886e-01 -2.844515e-02
-5.409011e-01 -5.634845e-01 -6.243943e-01 -6.557039e-03
-5.422399e-01 -5.666753e-01 -6.201773e-01 1.533443e-02
-5.433041e-01 -5.695819e-01 -6.156395e-01 3.721807e-02
-5.440932e-01 -5.722027e-01 -6.107830e-01 5.908266e-02
-5.446070e-01 -5.745362e-01 -6.056103e-01 8.091703e-02
-5.448453e-01 -5.765812e-01 -6.001236e-01 1.027100e-01
-5.448081e-01 -5.783364e-01 -5.943258e-01 1.244504e-01
-5.444956e-01 -5.798009e-01 -5.882197e-01 1.461271e-01
-5.439080e-01 -5.809737e-01 -5.818081e-01 1.677290e-01
-5.430457e-01 -5.818542e-01 -5.750942e-01 1.892451e-01
-5.419093e-01 -5.824418e-01 -5.680814e-01 2.106643e-01
-5.404995e-01 -5.827360e-01 -5.607730e-01 2.319758e-01
-5.388170e-01 -5.827366e-01 -5.531726e-01 2.531685e-01
-5.368629e-01 -5.824435e-01 -5.452841e-01 2.742317e-01
-5.346382e-01 -5.818566e-01 -5.371114e-01 2.951546e-01
-5.321442e-01 -5.809761e-01 -5.286586e-01 3.159263e-01
-5.293822e-01 -5.798024e-01 -5.199299e-01 3.365362e-01
-5.263539e-01 -5.783357e-01 -5.109296e-01 3.569739e-01
-5.230607e-01 -5.765769e-01 -5.016624e-01 3.772286e-01
-5.195047e-01 -5.745265e-01 -4.921329e-01 3.972901e-01
-5.156876e-01 -5.721855e-01 -4.823459e-01 4.171480e-01
-5.116116e-01 -5.695550e-01 -4.723064e-01 4.367920e-01
-5.072789e-01 -5.666361e-01 -4.620196e-01 4.562121e-01
-5.026919e-01 -5.634302e-01 -4.514906e-01 4.753983e-01
-4.978531e-01 -5.599387e-01 -4.407248e-01 4.943405e-01
-4.927651e-01 -5.561633e-01 -4.297278e-01 5.130291e-01
-4.874307e-01 -5.521058e-01 -4.185052e-01 5.314545e-01
-4.818528e-01 -5.477680e-01 -4.070628e-01 5.496071e-01
-4.760344e-01 -5.431522e-01 -3.954064e-01 5.674775e-01
-4.699786e-01 -5.382605e-01 -3.835420e-01 5.850566e-01
-4.636888e-01 -5.330954e-01 -3.714757e-01 6.023353e-01
-4.571683e-01 -5.276592e-01 -3.592138e-01 6.193047e-01
-4.504206e-01 -5.219548e-01 -3.467626e-01 6.359561e-01
-4.434494e-01 -5.159848e-01 -3.341284e-01 6.522810e-01
-4.362584e-01 -5.097523e-01 -3.213178e-01 6.682709e-01
-4.288515e-01 -5.032603e-01 -3.083375e-01 6.839177e-01
-4.212326e-01 -4.965121e-01 -2.951940e-01 6.992134e-01
-4.134058e-01 -4.895110e-01 -2.818942e-01 7.141500e-01
-4.053752e-01 -4.822605e-01 -2.684450e-01 7.287201e-01
-3.971451e-01 -4.747643e-01 -2.548533e-01 7.429162e-01
-3.887200e-01 -4.670260e-01 -2.411261e-01 7.567310e-01
-3.801042e-01 -4.590495e-01 -2.272705e-01 7.701575e-01
-3.713024e-01 -4.508388e-01 -2.132937e-01 7.831888e-01
-3.623193e-01 -4.423981e-01 -1.992029e-01 7.958184e-01
-3.531596e-01 -4.337315e-01 -1.850055e-01 8.080398e-01
-3.438282e-01 -4.248434e-01 -1.707087e-01 8.198468e-01
-3.343301e-01 -4.157383e-01 -1.563201e-01 8.312335e-01
-3.246702e-01 -4.064206e-01 -1.418469e-01 8.421941e-01
-3.148537e-01 -3.968952e-01 -1.272967e-01 8.527232e-01
-3.048858e-01 -3.871668e-01 -1.126770e-01 8.628154e-01
-2.947716e-01 -3.772402e-01 -9.799542e-02 8.724657e-01
-2.845165e-01 -3.671204e-01 -8.325947e-02 8.816693e-01
-2.741260e-01 -3.568126e-01 -6.847678e-02 8.904216e-01
-2.636053e-01 -3.463219e-01 -5.365497e-02 8.987183e-01
-2.529600e-01 -3.356535e-01 -3.880168e-02 9.065552e-01
-2.421957e-01 -3.248129e-01 -2.392457e-02 9.139286e-01
-2.313180e-01 -3.138054e-01 -9.031305e-03 9.208347e-01
-2.203324e-01 -3.026366e-01 5.870459e-03 9.272703e-01
-2.092447e-01 -2.913120e-01 2.077305e-02 9.332322e-01
-1.980607e-01 -2.798375e-01 3.566882e-02 9.387176e-01
-1.867861e-01 -2.682186e-01 5.055010e-02 9.437237e-01
-1.754266e-01 -2.564612e-01 6.540926e-02 9.482483e-01
-1.639883e-01 -2.445713e-01 8.023867e-02 9.522891e-01
-1.524768e-01 -2.325547e-01 9.503072e-02 9.558443e-01
-1.408981e-01 -2.204175e-01 1.097778e-01 9.589122e-01
-1.292581e-01 -2.081657e-01 1.244725e-01 9.614915e-01
-1.175629e-01 -1.958055e-01 1.391071e-01 9.635810e-01
-1.058183e-01 -1.833430e-01 1.536741e-01 9.651798e-01
-9.403039e-02 -1.707844e-01 1.681663e-01 9.662873e-01
-8.220511e-02 -1.581359e-01 1.825760e-01 9.669030e-01
-7.034848e-02 -1.454040e-01 1.968960e-01 9.670267e-01
-5.846649e-02 -1.325949e-01 2.111189e-01 9.666587e-01
-4.656515e-02 -1.197151e-01 2.252375e-01 9.657992e-01
-3.465045e-02 -1.067709e-01 2.392446e-01 9.644487e-01
-2.272840e-02 -9.376877e-02 2.531330e-01 9.626082e-01
-1.080498e-02 -8.071523e-02 2.668955e-01 9.602786e-01
1.113835e-03 -6.761677e-02 2.805253e-01 9.574614e-01
1.302207e-02 -5.447992e-02 2.940152e-01 9.541580e-01
2.491379e-02 -4.131122e-02 3.073585e-01 9.503702e-01
3.678304e-02 -2.811726e-02 3.205483e-01 9.461000e-01
4.862393e-02 -1.490461e-02 3.335778e-01 9.413498e-01
6.043056e-02 -1.679854e-03 3.464404e-01 9.361220e-01
7.219707e-02 1.155039e-02 3.591295e-01 9.304193e-01
8.391762e-02 2.477952e-02 3.716386e-01 9.242448e-01
9.558641e-02 3.800093e-02 3.839613e-01 9.176017e-01
1.071977e-01 5.120800e-02 3.960913e-01 9.104933e-01
1.187456e-01 6.439412e-02 4.080222e-01 9.029234e-01
1.302246e-01 7.755270e-02 4.197481e-01 8.948959e-01
1.416290e-01 9.067714e-02 4.312628e-01 8.864148e-01
1.529531e-01 1.037609e-01 4.425605e-01 8.774846e-01
1.641914e-01 1.167973e-01 4.536352e-01 8.681098e-01
1.753384e-01 1.297799e-01 4.644813e-01 8.582952e-01
1.863885e-01 1.427022e-01 4.750933e-01 8.480459e-01
1.973364e-01 1.555577e-01 4.854655e-01 8.373670e-01
2.081767e-01 1.683398e-01 4.955926e-01 8.262640e-01
2.189040e-01 1.810422e-01 5.054693e-01 8.147426e-01
2.295132e-01 1.936585e-01 5.150906e-01 8.028087e-01
2.399990e-01 2.061822e-01 5.244514e-01 7.904683e-01
2.503563e-01 2.186072e-01 5.335468e-01 7.777277e-01
2.605801e-01 2.309271e-01 5.423722e-01 7.645935e-01
2.706653e-01 2.431357e-01 5.509228e-01 7.510722e-01
2.806070e-01 2.552271e-01 5.591943e-01 7.371707e-01
2.904002e-01 2.671950e-01 5.671824e-01 7.228960e-01
3.000401e-01 2.790337e-01 5.748830e-01 7.082553e-01
3.095220e-01 2.907371e-01 5.822921e-01 6.932560e-01
3.188412e-01 3.022994e-01 5.894058e-01 6.779057e-01
3.279932e-01 3.137149e-01 5.962204e-01 6.622120e-01
3.369735e-01 3.249777e-01 6.027322e-01 6.461828e-01
3.457776e-01 3.360822e-01 6.089380e-01 6.298263e-01
3.544012e-01 3.470229e-01 6.148343e-01 6.131506e-01
3.628402e-01 3.577942e-01 6.204181e-01 5.961642e-01
3.710904e-01 3.683906e-01 6.256864e-01 5.788755e-01
3.791477e-01 3.788068e-01 6.306363e-01 5.612934e-01
3.870084e-01 3.890375e-01 6.352652e-01 5.434266e-01
3.946684e-01 3.990775e-01 6.395706e-01 5.252842e-01
4.021241e-01 4.089216e-01 6.435501e-01 5.068754e-01
4.093719e-01 4.185649e-01 6.472015e-01 4.882093e-01
4.164083e-01 4.280025e-01 6.505227e-01 4.692955e-01
4.232298e-01 4.372294e-01 6.535120e-01 4.501434e-01
4.298331e-01 4.462409e-01 6.561676e-01 4.307628e-01
4.362151e-01 4.550325e-01 6.584880e-01 4.111635e-01
4.423726e-01 4.635995e-01 6.604718e-01 3.913553e-01
4.483028e-01 4.719375e-01 6.621178e-01 3.713484e-01
4.540027e-01 4.800423e-01 6.634249e-01 3.511529e-01
4.594696e-01 4.879096e-01 6.643923e-01 3.307789e-01
4.647009e-01 4.955354e-01 6.650194e-01 3.102369e-01
4.696942e-01 5.029156e-01 6.653056e-01 2.895372e-01
4.744469e-01 5.100463e-01 6.652506e-01 2.686904e-01
4.789569e-01 5.169240e-01 6.648541e-01 2.477071e-01
4.832221e-01 5.235450e-01 6.641163e-01 2.265979e-01
4.872404e-01 5.299057e-01 6.630373e-01 2.053737e-01
4.910099e-01 5.360029e-01 6.616174e-01 1.840451e-01
4.945289e-01 5.418333e-01 6.598572e-01 1.626231e-01
4.977958e-01 5.473939e-01 6.577574e-01 1.411185e-01
5.008090e-01 5.526817e-01 6.553189e-01 1.195424e-01
5.035671e-01 5.576939e-01 6.525428e-01 9.790567e-02
5.060690e-01 5.624278e-01 6.494303e-01 7.621943e-02
5.083135e-01 5.668810e-01 6.459827e-01 5.449470e-02
5.102996e-01 5.710509e-01 6.422017e-01 3.274258e-02
5.120265e-01 5.749354e-01 6.380891e-01 1.097417e-02
5.134933e-01 5.785324e-01 6.336468e-01 -1.079943e-02
5.146996e-01 5.818399e-01 6.288769e-01 -3.256709e-02
5.156447e-01 5.848561e-01 6.237816e-01 -5.431772e-02
5.163285e-01 5.875794e-01 6.183634e-01 -7.604020e-02
5.167506e-01 5.900082e-01 6.126249e-01 -9.772344e-02
5.169111e-01 5.921412e-01 6.065689e-01 -1.193564e-01
5.168098e-01 5.939772e-01 6.001983e-01 -1.409279e-01
5.164471e-01 5.955151e-01 5.935163e-01 -1.624271e-01
5.158232e-01 5.967540e-01 5.865261e-01 -1.838430e-01
5.149385e-01 5.976930e-01 5.792313e-01 -2.051645e-01
5.137937e-01 5.983317e-01 5.716353e-01 -2.263808e-01
5.123894e-01 5.986694e-01 5.637421e-01 -2.474811e-01
5.107264e-01 5.987059e-01 5.555556e-01 -2.684545e-01
5.088058e-01 5.984409e-01 5.470797e-01 -2.892902e-01
5.066287e-01 5.978745e-01 5.383190e-01 -3.099777e-01
5.041962e-01 5.970067e-01 5.292776e-01 -3.305063e-01
5.015098e-01 5.958379e-01 5.199602e-01 -3.508654e-01
4.985710e-01 5.943684e-01 5.103715e-01 -3.710447e-01
4.953813e-01 5.925989e-01 5.005163e-01 -3.910336e-01
4.919427e-01 5.905301e-01 4.903997e-01 -4.108221e-01
4.882569e-01 5.881628e-01 4.800267e-01 -4.303999e-01
4.843260e-01 5.854982e-01 4.694027e-01 -4.497569e-01
4.801521e-01 5.825374e-01 4.585330e-01 -4.688833e-01
4.757376e-01 5.792818e-01 4.474233e-01 -4.877691e-01
4.710849e-01 5.757329e-01 4.360792e-01 -5.064046e-01
4.661964e-01 5.718923e-01 4.245065e-01 -5.247803e-01
4.610749e-01 5.677618e-01 4.127111e-01 -5.428868e-01
4.557231e-01 5.633434e-01 4.006991e-01 -5.607146e-01
4.501439e-01 5.586392e-01 3.884767e-01 -5.782547e-01
4.443404e-01 5.536515e-01 3.760502e-01 -5.954980e-01
4.383157e-01 5.483827e-01 3.634259e-01 -6.124356e-01
4.320731e-01 5.428353e-01 3.506103e-01 -6.290589e-01
4.256158e-01 5.370120e-01 3.376101e-01 -6.453594e-01
4.189475e-01 5.309157e-01 3.244319e-01 -6.613286e-01
4.120716e-01 5.245493e-01 3.110827e-01 -6.769584e-01
4.049920e-01 5.179159e-01 2.975692e-01 -6.922407e-01
3.977123e-01 5.110189e-01 2.838984e-01 -7.071678e-01
3.902365e-01 5.038617e-01 2.700774e-01 -7.217320e-01
3.825685e-01 4.964477e-01 2.561134e-01 -7.359259e-01
3.747126e-01 4.887807e-01 2.420136e-01 -7.497422e-01
3.666729e-01 4.808644e-01 2.277852e-01 -7.631738e-01
3.584536e-01 4.727029e-01 2.134357e-01 -7.762140e-01
3.500591e-01 4.643000e-01 1.989724e-01 -7.888562e-01
3.414940e-01 4.556601e-01 1.844029e-01 -8.010938e-01
3.327627e-01 4.467875e-01 1.697346e-01 -8.129207e-01
3.238699e-01 4.376865e-01 1.549751e-01 -8.243309e-01
3.148203e-01 4.283618e-01 1.401322e-01 -8.353187e-01
3.056186e-01 4.188179e-01 1.252133e-01 -8.458785e-01
2.962698e-01 4.090597e-01 1.102264e-01 -8.560050e-01
2.867787e-01 3.990920e-01 9.517905e-02 -8.656931e-01
2.771503e-01 3.889198e-01 8.007908e-02 -8.749380e-01
2.673896e-01 3.785483e-01 6.493427e-02 -8.837350e-01
2.575019e-01 3.679825e-01 4.975244e-02 -8.920798e-01
2.474921e-01 3.572279e-01 3.454143e-02 -8.999682e-01
2.373657e-01 3.462897e-01 1.930906e-02 -9.073963e-01
2.271278e-01 3.351736e-01 4.063198e-03 -9.143605e-01
2.167837e-01 3.238849e-01 -1.118831e-02 -9.208573e-01
2.063389e-01 3.124295e-01 -2.643761e-02 -9.268836e-01
1.957987e-01 3.008130e-01 -4.167686e-02 -9.324363e-01
1.851685e-01 2.890413e-01 -5.689822e-02 -9.375129e-01
1.744540e-01 2.771202e-01 -7.209385e-02 -9.421108e-01
1.636604e-01 2.650557e-01 -8.725596e-02 -9.462278e-01
1.527936e-01 2.528539e-01 -1.023768e-01 -9.498621e-01
1.418589e-01 2.405209e-01 -1.174485e-01 -9.530119e-01
1.308620e-01 2.280628e-01 -1.324633e-01 -9.556757e-01
1.198085e-01 2.154859e-01 -1.474137e-01 -9.578523e-01
1.087040e-01 2.027965e-01 -1.622919e-01 -9.595407e-01
9.755428e-02 1.900009e-01 -1.770902e-01 -9.607403e-01
8.636493e-02 1.771056e-01 -1.918011e-01 -9.614505e-01
7.514163e-02 1.641169e-01 -2.064171e-01 -9.616711e-01
6.389008e-02 1.510415e-01 -2.209306e-01 -9.614022e-01
5.261598e-02 1.378858e-01 -2.353342e-01 -9.606440e-01
4.132504e-02 1.246564e-01 -2.496205e-01 -9.593970e-01
3.002295e-02 1.113599e-01 -2.637823e-01 -9.576620e-01
1.871542e-02 9.800300e-02 -2.778122e-01 -9.554400e-01
7.408141e-03 8.459236e-02 -2.917031e-01 -9.527322e-01
-3.893216e-03 7.113469e-02 -3.054478e-01 -9.495401e-01
-1.518297e-02 5.763674e-02 -3.190393e-01 -9.458654e-01
-2.645548e-02 4.410524e-02 -3.324707e-01 -9.417102e-01
-3.770510e-02 3.054699e-02 -3.457350e-01 -9.370766e-01
-4.892620e-02 1.696878e-02 -3.588255e-01 -9.319670e-01
-6.011320e-02 3.377399e-03 -3.717354e-01 -9.263843e-01
-7.126052e-02 -1.022033e-02 -3.844581e-01 -9.203312e-01
-8.236262e-02 -2.381758e-02 -3.969870e-01 -9.138109e-01
-9.341397e-02 -3.740754e-02 -4.093158e-01 -9.068269e-01
-1.044091e-01 -5.098339e-02 -4.214380e-01 -8.993828e-01
-1.153426e-01 -6.453831e-02 -4.333475e-01 -8.914824e-01
-1.262089e-01 -7.806548e-02 -4.450382e-01 -8.831297e-01
-1.370028e-01 -9.155813e-02 -4.565039e-01 -8.743292e-01
-1.477189e-01 -1.050095e-01 -4.677388e-01 -8.650853e-01
-1.583520e-01 -1.184127e-01 -4.787371e-01 -8.554028e-01
-1.688966e-01 -1.317612e-01 -4.894931e-01 -8.452866e-01
-1.793477e-01 -1.450482e-01 -5.000013e-01 -8.347420e-01
-1.897001e-01 -1.582669e-01 -5.102562e-01 -8.237743e-01
-1.999487e-01 -1.714109e-01 -5.202526e-01 -8.123891e-01
-2.100885e-01 -1.844734e-01 -5.299852e-01 -8.005923e-01
-2.201145e-01 -1.974478e-01 -5.394490e-01 -7.883900e-01
-2.300217e-01 -2.103277e-01 -5.486392e-01 -7.757882e-01
-2.398053e-01 -2.231065e-01 -5.575508e-01 -7.627935e-01
-2.494605e-01 -2.357779e-01 -5.661794e-01 -7.494125e-01
-2.589826e-01 -2.483353e-01 -5.745204e-01 -7.356520e-01
-2.683668e-01 -2.607726e-01 -5.825695e-01 -7.215190e-01
-2.776087e-01 -2.730834e-01 -5.903225e-01 -7.070207e-01
-2.867035e-01 -2.852616e-01 -5.977754e-01 -6.921643e-01
-2.956470e-01 -2.973011e-01 -6.049243e-01 -6.769575e-01
-3.044346e-01 -3.091959e-01 -6.117655e-01 -6.614080e-01
-3.130620e-01 -3.209399e-01 -6.182954e-01 -6.455235e-01
-3.215250e-01 -3.325272e-01 -6.245107e-01 -6.293121e-01
-3.298196e-01 -3.439519e-01 -6.304079e-01 -6.127821e-01
-3.379416e-01 -3.552084e-01 -6.359841e-01 -5.959418e-01
-3.458870e-01 -3.662909e-01 -6.412363e-01 -5.787997e-01
-3.536521e-01 -3.771937e-01 -6.461617e-01 -5.613645e-01
-3.612329e-01 -3.879114e-01 -6.507577e-01 -5.436450e-01
-3.686259e-01 -3.984386e-01 -6.550218e-01 -5.256502e-01
-3.758275e-01 -4.087697e-01 -6.589516e-01 -5.073892e-01
-3.828341e-01 -4.188997e-01 -6.625452e-01 -4.888711e-01
-3.896423e-01 -4.288233e-01 -6.658004e-01 -4.701055e-01
-3.962490e-01 -4.385355e-01 -6.687156e-01 -4.511018e-01
-4.026508e-01 -4.480312e-01 -6.712890e-01 -4.318696e-01
-4.088448e-01 -4.573057e-01 -6.735193e-01 -4.124187e-01
-4.148278e-01 -4.663541e-01 -6.754051e-01 -3.927589e-01
-4.205972e-01 -4.751719e-01 -6.769454e-01 -3.729003e-01
-4.261501e-01 -4.837544e-01 -6.781392e-01 -3.528528e-01
-4.314838e-01 -4.920972e-01 -6.789857e-01 -3.326267e-01
-4.365958e-01 -5.001962e-01 -6.794844e-01 -3.122321e-01
-4.414837e-01 -5.080470e-01 -6.796348e-01 -2.916796e-01
-4.461452e-01 -5.156455e-01 -6.794367e-01 -2.709794e-01
-4.505781e-01 -5.229880e-01 -6.788901e-01 -2.501422e-01
-4.547802e-01 -5.300705e-01 -6.779951e-01 -2.291785e-01
-4.587497e-01 -5.368894e-01 -6.767520e-01 -2.080990e-01
-4.624846e-01 -5.434411e-01 -6.751613e-01 -1.869143e-01
-4.659833e-01 -5.497222e-01 -6.732236e-01 -1.656353e-01
-4.692441e-01 -5.557294e-01 -6.709398e-01 -1.442727e-01
-4.722655e-01 -5.614596e-01 -6.683109e-01 -1.228375e-01
-4.750461e-01 -5.669097e-01 -6.653380e-01 -1.013405e-01
-4.775847e-01 -5.720770e-01 -6.620225e-01 -7.979274e-02
-4.798802e-01 -5.769586e-01 -6.583661e-01 -5.820510e-02
-4.819315e-01 -5.815520e-01 -6.543703e-01 -3.658859e-02
-4.837377e-01 -5.858548e-01 -6.500372e-01 -1.495422e-02
-4.852981e-01 -5.898647e-01 -6.453687e-01 6.686994e-03
-4.866120e-01 -5.935794e-01 -6.403671e-01 2.832405e-02
-4.876789e-01 -5.969970e-01 -6.350349e-01 4.994593e-02
-4.884983e-01 -6.001157e-01 -6.293746e-01 7.154163e-02
-4.890699e-01 -6.029337e-01 -6.233891e-01 9.310016e-02
-4.893937e-01 -6.054494e-01 -6.170813e-01 1.146105e-01
-4.894695e-01 -6.076613e-01 -6.104543e-01 1.360617e-01
-4.892975e-01 -6.095684e-01 -6.035115e-01 1.574429e-01
-4.888779e-01 -6.111693e-01 -5.962562e-01 1.787431e-01
-4.882109e-01 -6.124632e-01 -5.886921e-01 1.999514e-01
-4.872972e-01 -6.134492e-01 -5.808229e-01 2.210570e-01
-4.861373e-01 -6.141267e-01 -5.726527e-01 2.420492e-01
-4.847318e-01 -6.144952e-01 -5.641855e-01 2.629172e-01
-4.830817e-01 -6.145542e-01 -5.554256e-01 2.836503e-01
-4.811880e-01 -6.143038e-01 -5.463774e-01 3.042380e-01
-4.790517e-01 -6.137437e-01 -5.370455e-01 3.246696e-01
-4.766741e-01 -6.128741e-01 -5.274345e-01 3.449348e-01
-4.740564e-01 -6.116953e-01 -5.175494e-01 3.650232e-01
-4.712003e-01 -6.102078e-01 -5.073952e-01 3.849245e-01
-4.681073e-01 -6.084121e-01 -4.969770e-01 4.046284e-01
-4.647791e-01 -6.063089e-01 -4.863002e-01 4.241249e-01
-4.612176e-01 -6.038993e-01 -4.753702e-01 4.434040e-01
-4.574247e-01 -6.011843e-01 -4.641926e-01 4.624558e-01
-4.534025e-01 -5.981650e-01 -4.527730e-01 4.812706e-01
-4.491533e-01 -5.948429e-01 -4.411174e-01 4.998387e-01
-4.446793e-01 -5.912195e-01 -4.292317e-01 5.181506e-01
-4.399830e-01 -5.872965e-01 -4.171220e-01 5.361969e-01
-4.350670e-01 -5.830757e-01 -4.047944e-01 5.539683e-01
-4.299339e-01 -5.785592e-01 -3.922554e-01 5.714558e-01
-4.245865e-01 -5.737492e-01 -3.795114e-01 5.886504e-01
-4.190277e-01 -5.686478e-01 -3.665690e-01 6.055432e-01
-4.132606e-01 -5.632577e-01 -3.534347e-01 6.221257e-01
-4.072881e-01 -5.575813e-01 -3.401153e-01 6.383894e-01
-4.011136e-01 -5.516215e-01 -3.266178e-01 6.543259e-01
-3.947403e-01 -5.453812e-01 -3.129490e-01 6.699271e-01
-3.881717e-01 -5.388634e-01 -2.991160e-01 6.851850e-01
-3.814113e-01 -5.320713e-01 -2.851260e-01 7.000919e-01
-3.744627e-01 -5.250083e-01 -2.709861e-01 7.146401e-01
-3.673296e-01 -5.176779e-01 -2.567037e-01 7.288222e-01
-3.600158e-01 -5.100836e-01 -2.422861e-01 7.426310e-01
-3.525252e-01 -5.022292e-01 -2.277407e-01 7.560595e-01
-3.448619e-01 -4.941186e-01 -2.130751e-01 7.691008e-01
-3.370297e-01 -4.857559e-01 -1.982969e-01 7.817484e-01
-3.290330e-01 -4.771452e-01 -1.834135e-01 7.939958e-01
-3.208759e-01 -4.682907e-01 -1.684328e-01 8.058367e-01
-3.125628e-01 -4.591970e-01 -1.533624e-01 8.172653e-01
-3.040979e-01 -4.498684e-01 -1.382101e-01 8.282758e-01
-2.954859e-01 -4.403098e-01 -1.229838e-01 8.388626e-01
-2.867311e-01 -4.305258e-01 -1.076913e-01 8.490203e-01
-2.778383e-01 -4.205213e-01 -9.234035e-02 8.587439e-01
-2.688119e-01 -4.103013e-01 -7.693901e-02 8.680284e-01
-2.596569e-01 -3.998710e-01 -6.149516e-02 8.768693e-01
-2.503779e-01 -3.892356e-01 -4.601677e-02 8.852621e-01
-2.409798e-01 -3.784004e-01 -3.051179e-02 8.932026e-01
-2.314674e-01 -3.673707e-01 -1.498820e-02 9.006869e-01
-2.218458e-01 -3.561522e-01 5.460111e-04 9.077113e-01
-2.121198e-01 -3.447505e-01 1.608285e-02 9.142722e-01
-2.022946e-01 -3.331712e-01 3.161434e-02 9.203664e-01
-1.923752e-01 -3.214202e-01 4.713250e-02 9.259910e-01
-1.823667e-01 -3.095033e-01 6.262934e-02 9.311432e-01
-1.722742e-01 -2.974266e-01 7.809692e-02 9.358204e-01
-1.621030e-01 -2.851960e-01 9.352729e-02 9.400205e-01
-1.518584e-01 -2.728178e-01 1.089125e-01 9.437412e-01
-1.415454e-01 -2.602981e-01 1.242447e-01 9.469810e-01
-1.311695e-01 -2.476432e-01 1.395161e-01 9.497382e-01
-1.207358e-01 -2.348594e-01 1.547186e-01 9.520116e-01
-1.102498e-01 -2.219532e-01 1.698447e-01 9.538000e-01
-9.971681e-02 -2.089311e-01 1.848865e-01 9.551028e-01
-8.914213e-02 -1.957995e-01 1.998363e-01 9.559193e-01
-7.853115e-02 -1.825650e-01 2.146864e-01 9.562492e-01
-6.788925e-02 -1.692343e-01 2.294293e-01 9.560926e-01
-5.722184e-02 -1.558142e-01 2.440573e-01 9.554494e-01
-4.653430e-02 -1.423112e-01 2.585630e-01 9.543203e-01
-3.583203e-02 -1.287323e-01 2.729390e-01 9.527058e-01
-2.512043e-02 -1.150841e-01 2.871778e-01 9.506069e-01
-1.440491e-02 -1.013737e-01 3.012722e-01 9.480248e-01
-3.690843e-03 -8.760773e-02 3.152150e-01 9.449607e-01
7.016372e-03 -7.379328e-02 3.289989e-01 9.414165e-01
1.771136e-02 -5.993723e-02 3.426170e-01 9.373940e-01
2.838877e-02 -4.604655e-02 3.560622e-01 9.328952e-01
3.904324e-02 -3.212823e-02 3.693277e-01 9.279227e-01
4.966944e-02 -1.818925e-02 3.824066e-01 9.224789e-01
6.026206e-02 -4.236628e-03 3.952923e-01 9.165667e-01
7.081582e-02 9.722621e-03 4.079781e-01 9.101893e-01
8.132545e-02 2.368148e-02 4.204575e-01 9.033498e-01
9.178571e-02 3.763291e-02 4.327240e-01 8.960519e-01
1.021914e-01 5.156991e-02 4.447715e-01 8.882994e-01
1.125373e-01 6.548545e-02 4.565937e-01 8.800961e-01
1.228184e-01 7.937253e-02 4.681845e-01 8.714464e-01
1.330295e-01 9.322415e-02 4.795380e-01 8.623548e-01
1.431655e-01 1.070333e-01 4.906483e-01 8.528258e-01
1.532214e-01 1.207931e-01 5.015096e-01 8.428643e-01
1.631923e-01 1.344966e-01 5.121165e-01 8.324756e-01
1.730732e-01 1.481368e-01 5.224634e-01 8.216648e-01
1.828593e-01 1.617069e-01 5.325450e-01 8.104376e-01
1.925456e-01 1.752000e-01 5.423561e-01 7.987997e-01
2.021275e-01 1.886094e-01 5.518917e-01 7.867570e-01
2.116002e-01 2.019282e-01 5.611467e-01 7.743157e-01
2.209591e-01 2.151498e-01 5.701164e-01 7.614821e-01
2.301995e-01 2.282674e-01 5.787962e-01 7.482628e-01
2.393169e-01 2.412744e-01 5.871815e-01 7.346645e-01
2.483069e-01 2.541643e-01 5.952681e-01 7.206942e-01
2.571650e-01 2.669305e-01 6.030517e-01 7.063589e-01
2.658868e-01 2.795667e-01 6.105283e-01 6.916660e-01
2.744682e-01 2.920663e-01 6.176939e-01 6.766230e-01
2.829049e-01 3.044230e-01 6.245449e-01 6.612375e-01
2.911927e-01 3.166308e-01 6.310778e-01 6.455173e-01
2.993276e-01 3.286833e-01 6.372890e-01 6.294704e-01
3.073057e-01 3.405744e-01 6.431754e-01 6.131050e-01
3.151229e-01 3.522982e-01 6.487339e-01 5.964292e-01
3.227755e-01 3.638488e-01 6.539615e-01 5.794517e-01
3.302598e-01 3.752202e-01 6.588556e-01 5.621810e-01
3.375721e-01 3.864066e-01 6.634136e-01 5.446259e-01
3.447089e-01 3.974025e-01 6.676330e-01 5.267953e-01
3.516666e-01 4.082022e-01 6.715115e-01 5.086982e-01
3.584420e-01 4.188002e-01 6.750472e-01 4.903438e-01
3.650317e-01 4.291911e-01 6.782382e-01 4.717414e-01
3.714325e-01 4.393696e-01 6.810826e-01 4.529004e-01
3.776414e-01 4.493305e-01 6.835789e-01 4.338305e-01
3.836554e-01 4.590688e-01 6.857259e-01 4.145413e-01
3.894716e-01 4.685794e-01 6.875221e-01 3.950425e-01
3.950871e-01 4.778575e-01 6.889668e-01 3.753441e-01
4.004993e-01 4.868983e-01 6.900589e-01 3.554561e-01
4.057057e-01 4.956972e-01 6.907979e-01 3.353885e-01
4.107037e-01 5.042498e-01 6.911831e-01 3.151516e-01
4.154909e-01 5.125515e-01 6.912145e-01 2.947556e-01
4.200651e-01 5.205981e-01 6.908917e-01 2.742108e-01
4.244242e-01 5.283855e-01 6.902149e-01 2.535278e-01
4.285660e-01 5.359097e-01 6.891842e-01 2.327170e-01
4.324886e-01 5.431667e-01 6.878001e-01 2.117889e-01
4.361902e-01 5.501529e-01 6.860633e-01 1.907542e-01
4.396690e-01 5.568645e-01 6.839744e-01 1.696235e-01
4.429233e-01 5.632982e-01 6.815345e-01 1.484076e-01
4.459518e-01 5.694505e-01 6.787446e-01 1.271172e-01
4.487529e-01 5.753183e-01 6.756063e-01 1.057632e-01
4.513254e-01 5.808985e-01 6.721208e-01 8.435632e-02
4.536681e-01 5.861880e-01 6.682899e-01 6.290749e-02
4.557800e-01 5.911843e-01 6.641156e-01 4.142760e-02
4.576601e-01 5.958845e-01 6.595997e-01 1.992756e-02
4.593076e-01 6.002862e-01 6.547446e-01 -1.581706e-03
4.607217e-01 6.043871e-01 6.495527e-01 -2.308927e-02
4.619020e-01 6.081849e-01 6.440264e-01 -4.458419e-02
4.628478e-01 6.116776e-01 6.381686e-01 -6.605554e-02
4.635590e-01 6.148633e-01 6.319821e-01 -8.749240e-02
4.640352e-01 6.177402e-01 6.254700e-01 -1.088839e-01
4.642763e-01 6.203067e-01 6.186357e-01 -1.302190e-01
4.642823e-01 6.225615e-01 6.114825e-01 -1.514870e-01
4.640534e-01 6.245032e-01 6.040139e-01 -1.726770e-01
4.635898e-01 6.261307e-01 5.962339e-01 -1.937783e-01
4.628919e-01 6.274429e-01 5.881462e-01 -2.147800e-01
4.619602e-01 6.284392e-01 5.797550e-01 -2.356714e-01
4.607952e-01 6.291189e-01 5.710645e-01 -2.564420e-01
4.593978e-01 6.294814e-01 5.620791e-01 -2.770811e-01
4.577687e-01 6.295265e-01 5.528033e-01 -2.975782e-01
4.559089e-01 6.292539e-01 5.432419e-01 -3.179227e-01
4.538195e-01 6.286636e-01 5.333997e-01 -3.381045e-01
4.515016e-01 6.277559e-01 5.232818e-01 -3.581130e-01
4.489567e-01 6.265310e-01 5.128932e-01 -3.779382e-01
4.461862e-01 6.249894e-01 5.022393e-01 -3.975700e-01
4.431916e-01 6.231317e-01 4.913255e-01 -4.169981e-01
4.399745e-01 6.209587e-01 4.801573e-01 -4.362129e-01
4.365368e-01 6.184714e-01 4.687406e-01 -4.552044e-01
4.328804e-01 6.156709e-01 4.570810e-01 -4.739629e-01
4.290072e-01 6.125585e-01 4.451846e-01 -4.924790e-01
4.249194e-01 6.091357e-01 4.330575e-01 -5.107430e-01
4.206192e-01 6.054039e-01 4.207059e-01 -5.287458e-01
4.161089e-01 6.013651e-01 4.081361e-01 -5.464780e-01
4.113911e-01 5.970211e-01 3.953546e-01 -5.639308e-01
4.064682e-01 5.923740e-01 3.823679e-01 -5.810950e-01
4.013429e-01 5.874261e-01 3.691826e-01 -5.979621e-01
3.960179e-01 5.821796e-01 3.558056e-01 -6.145234e-01
3.904962e-01 5.766373e-01 3.422438e-01 -6.307705e-01
3.847806e-01 5.708017e-01 3.285040e-01 -6.466950e-01
3.788743e-01 5.646757e-01 3.145934e-01 -6.622889e-01
3.727804e-01 5.582623e-01 3.005190e-01 -6.775443e-01
3.665022e-01 5.515647e-01 2.862882e-01 -6.924533e-01
3.600429e-01 5.445862e-01 2.719083e-01 -7.070084e-01
3.534060e-01 5.373301e-01 2.573866e-01 -7.212022e-01
3.465950e-01 5.298002e-01 2.427305e-01 -7.350276e-01
3.396136e-01 5.220000e-01 2.279477e-01 -7.484774e-01
3.324654e-01 5.139336e-01 2.130458e-01 -7.615448e-01
3.251542e-01 5.056048e-01 1.980323e-01 -7.742233e-01
3.176839e-01 4.970178e-01 1.829151e-01 -7.865064e-01
3.100583e-01 4.881769e-01 1.677018e-01 -7.983879e-01
3.022814e-01 4.790865e-01 1.524003e-01 -8.098618e-01
2.943575e-01 4.697511e-01 1.370184e-01 -8.209224e-01
2.862905e-01 4.601754e-01 1.215641e-01 -8.315639e-01
2.780847e-01 4.503641e-01 1.060453e-01 -8.417811e-01
2.697444e-01 4.403222e-01 9.046998e-02 -8.515688e-01
2.612739e-01 4.300547e-01 7.484609e-02 -8.609222e-01
2.526777e-01 4.195666e-01 5.918168e-02 -8.698364e-01
2.439601e-01 4.088634e-01 4.348478e-02 -8.783071e-01
2.351258e-01 3.979502e-01 2.776345e-02 -8.863299e-01
2.261792e-01 3.868326e-01 1.202574e-02 -8.939009e-01
2.171250e-01 3.755161e-01 -3.720254e-03 -9.010164e-01
2.079680e-01 3.640065e-01 -1.946647e-02 -9.076727e-01
1.987127e-01 3.523095e-01 -3.520484e-02 -9.138665e-01
1.893640e-01 3.404309e-01 -5.092729e-02 -9.195948e-01
1.799266e-01 3.283767e-01 -6.662577e-02 -9.248547e-01
1.704055e-01 3.161530e-01 -8.229222e-02 -9.296436e-01
1.608054e-01 3.037659e-01 -9.791862e-02 -9.339592e-01
1.511313e-01 2.912217e-01 -1.134970e-01 -9.377994e-01
1.413882e-01 2.785265e-01 -1.290193e-01 -9.411622e-01
1.315810e-01 2.656869e-01 -1.444776e-01 -9.440461e-01
1.217147e-01 2.527092e-01 -1.598641e-01 -9.464497e-01
1.117943e-01 2.396000e-01 -1.751707e-01 -9.483718e-01
1.018250e-01 2.263659e-01 -1.903898e-01 -9.498115e-01
9.181166e-02 2.130134e-01 -2.055134e-01 -9.507682e-01
8.175948e-02 1.995495e-01 -2.205339e-01 -9.512414e-01
7.167352e-02 1.859807e-01 -2.354436e-01 -9.512310e-01
6.155889e-02 1.723140e-01 -2.502347e-01 -9.507371e-01
5.142070e-02 1.585562e-01 -2.648998e-01 -9.497599e-01
4.126409e-02 1.447142e-01 -2.794314e-01 -9.483001e-01
3.109416e-02 1.307951e-01 -2.938220e-01 -9.463585e-01
2.091606e-02 1.168058e-01 -3.080642e-01 -9.439361e-01
1.073490e-02 1.027534e-01 -3.221507e-01 -9.410342e-01
5.558108e-04 8.864490e-02 -3.360744e-01 -9.376544e-01
-9.616096e-03 7.448749e-02 -3.498280e-01 -9.337984e-01
-1.977571e-02 6.028830e-02 -3.634046e-01 -9.294683e-01
-2.991794e-02 4.605447e-02 -3.767972e-01 -9.246663e-01
-4.003770e-02 3.179318e-02 -3.899990e-01 -9.193949e-01
-5.012991e-02 1.751164e-02 -4.030030e-01 -9.136569e-01
-6.018954e-02 3.217038e-03 -4.158028e-01 -9.074552e-01
-7.021155e-02 -1.108340e-02 -4.283917e-01 -9.007930e-01
-8.019094e-02 -2.538245e-02 -4.407633e-01 -8.936738e-01
-9.012273e-02 -3.967291e-02 -4.529112e-01 -8.861012e-01
-1.000020e-01 -5.394754e-02 -4.648292e-01 -8.780792e-01
-1.098237e-01 -6.819914e-02 -4.765112e-01 -8.696118e-01
-1.195831e-01 -8.242052e-02 -4.879512e-01 -8.607034e-01
-1.292753e-01 -9.660447e-02 -4.991433e-01 -8.513586e-01
-1.388955e-01 -1.107438e-01 -5.100817e-01 -8.415821e-01
-1.484388e-01 -1.248315e-01 -5.207609e-01 -8.313790e-01
-1.579006e-01 -1.388602e-01 -5.311753e-01 -8.207545e-01
-1.672761e-01 -1.528230e-01 -5.413196e-01 -8.097141e-01
-1.765608e-01 -1.667128e-01 -5.511886e-01 -7.982632e-01
-1.857500e-01 -1.805225e-01 -5.607772e-01 -7.864079e-01
-1.948392e-01 -1.942452e-01 -5.700805e-01 -7.741542e-01
-2.038239e-01 -2.078739e-01 -5.790936e-01 -7.615083e-01
-2.126996e-01 -2.214017e-01 -5.878119e-01 -7.484766e-01
-2.214621e-01 -2.348218e-01 -5.962310e-01 -7.350659e-01
-2.301069e-01 -2.481273e-01 -6.043464e-01 -7.212829e-01
-2.386297e-01 -2.613115e-01 -6.121541e-01 -7.071347e-01
-2.470265e-01 -2.743678e-01 -6.196499e-01 -6.926285e-01
-2.552931e-01 -2.872895e-01 -6.268299e-01 -6.777717e-01
-2.634254e-01 -3.000700e-01 -6.336906e-01 -6.625717e-01
-2.714194e-01 -3.127029e-01 -6.402283e-01 -6.470365e-01
-2.792712e-01 -3.251818e-01 -6.464395e-01 -6.311737e-01
-2.869770e-01 -3.375003e-01 -6.523212e-01 -6.149917e-01
-2.945330e-01 -3.496522e-01 -6.578702e-01 -5.984984e-01
-3.019354e-01 -3.616313e-01 -6.630837e-01 -5.817024e-01
-3.091807e-01 -3.734316e-01 -6.679590e-01 -5.646122e-01
-3.162654e-01 -3.850469e-01 -6.724934e-01 -5.472365e-01
-3.231859e-01 -3.964714e-01 -6.766846e-01 -5.295840e-01
-3.299390e-01 -4.076994e-01 -6.805305e-01 -5.116637e-01
-3.365212e-01 -4.187250e-01 -6.840289e-01 -4.934848e-01
-3.429295e-01 -4.295427e-01 -6.871781e-01 -4.750565e-01
-3.491607e-01 -4.401469e-01 -6.899764e-01 -4.563880e-01
-3.552117e-01 -4.505323e-01 -6.924223e-01 -4.374890e-01
-3.610797e-01 -4.606935e-01 -6.945145e-01 -4.183689e-01
-3.667618e-01 -4.706253e-01 -6.962518e-01 -3.990375e-01
-3.722553e-01 -4.803227e-01 -6.976334e-01 -3.795046e-01
-3.775575e-01 -4.897808e-01 -6.986583e-01 -3.597801e-01
-3.826658e-01 -4.989946e-01 -6.993261e-01 -3.398740e-01
-3.875778e-01 -5.079594e-01 -6.996364e-01 -3.197963e-01
-3.922911e-01 -5.166706e-01 -6.995888e-01 -2.995574e-01
-3.968035e-01 -5.251239e-01 -6.991835e-01 -2.791673e-01
-4.011128e-01 -5.333147e-01 -6.984204e-01 -2.586366e-01
-4.052170e-01 -5.412389e-01 -6.973000e-01 -2.379755e-01
-4.091140e-01 -5.488924e-01 -6.958228e-01 -2.171947e-01
-4.128022e-01 -5.562712e-01 -6.939893e-01 -1.963045e-01
-4.162796e-01 -5.633716e-01 -6.918006e-01 -1.753156e-01
-4.195447e-01 -5.701898e-01 -6.892577e-01 -1.542387e-01
-4.225960e-01 -5.767224e-01 -6.863618e-01 -1.330844e-01
-4.254319e-01 -5.829658e-01 -6.831143e-01 -1.118636e-01
-4.280513e-01 -5.889168e-01 -6.795168e-01 -9.058683e-02
-4.304529e-01 -5.945724e-01 -6.755711e-01 -6.926504e-02
-4.326356e-01 -5.999295e-01 -6.712792e-01 -4.790903e-02
-4.345984e-01 -6.049854e-01 -6.666432e-01 -2.652962e-02
-4.363405e-01 -6.097373e-01 -6.616653e-01 -5.137687e-03
-4.378611e-01 -6.141827e-01 -6.563482e-01 1.625592e-02
-4.391595e-01 -6.183194e-01 -6.506945e-01 3.764032e-02
-4.402352e-01 -6.221450e-01 -6.447069e-01 5.900467e-02
-4.410878e-01 -6.256575e-01 -6.383886e-01 8.033811e-02
-4.417170e-01 -6.288551e-01 -6.317427e-01 1.016298e-01
-4.421226e-01 -6.317359e-01 -6.247725e-01 1.228689e-01
-4.423044e-01 -6.342984e-01 -6.174816e-01 1.440446e-01
-4.422626e-01 -6.365411e-01 -6.098737e-01 1.651462e-01
-4.419973e-01 -6.384629e-01 -6.019526e-01 1.861629e-01
-4.415088e-01 -6.400625e-01 -5.937223e-01 2.070841e-01
-4.407973e-01 -6.413391e-01 -5.851870e-01 2.278991e-01
-4.398635e-01 -6.422919e-01 -5.763511e-01 2.485973e-01
-4.387079e-01 -6.429203e-01 -5.672190e-01 2.691682e-01
-4.373312e-01 -6.432237e-01 -5.577954e-01 2.896013e-01
-4.357343e-01 -6.432021e-01 -5.480851e-01 3.098862e-01
-4.339180e-01 -6.428551e-01 -5.380930e-01 3.300127e-01
-4.318835e-01 -6.421829e-01 -5.278243e-01 3.499704e-01
-4.296319e-01 -6.411857e-01 -5.172841e-01 3.697492e-01
-4.271645e-01 -6.398638e-01 -5.064778e-01 3.893391e-01
-4.244827e-01 -6.382179e-01 -4.954110e-01 4.087301e-01
-4.215880e-01 -6.362486e-01 -4.840893e-01 4.279123e-01
-4.184819e-01 -6.339567e-01 -4.725185e-01 4.468759e-01
-4.151662e-01 -6.313434e-01 -4.607045e-01 4.656113e-01
-4.116427e-01 -6.284098e-01 -4.486534e-01 4.841090e-01
-4.079133e-01 -6.251574e-01 -4.363712e-01 5.023596e-01
-4.039801e-01 -6.215875e-01 -4.238644e-01 5.203537e-01
-3.998451e-01 -6.177020e-01 -4.111392e-01 5.380823e-01
-3.955107e-01 -6.135027e-01 -3.982023e-01 5.555364e-01
-3.909790e-01 -6.089916e-01 -3.850602e-01 5.727069e-01
-3.862527e-01 -6.041709e-01 -3.717197e-01 5.895853e-01
-3.813342e-01 -5.990429e-01 -3.581875e-01 6.061630e-01
-3.762260e-01 -5.936102e-01 -3.444707e-01 6.224314e-01
-3.709311e-01 -5.878753e-01 -3.305762e-01 6.383825e-01
-3.654521e-01 -5.818410e-01 -3.165112e-01 6.540080e-01
-3.597919e-01 -5.755105e-01 -3.022828e-01 6.693000e-01
-3.539537e-01 -5.688867e-01 -2.878984e-01 6.842509e-01
-3.479403e-01 -5.619729e-01 -2.733653e-01 6.988529e-01
-3.417551e-01 -5.547725e-01 -2.586910e-01 7.130988e-01
-3.354012e-01 -5.472892e-01 -2.438829e-01 7.269812e-01
-3.288821e-01 -5.395265e-01 -2.289487e-01 7.404932e-01
-3.222011e-01 -5.314885e-01 -2.138960e-01 7.536279e-01
-3.153616e-01 -5.231789e-01 -1.987325e-01 7.663786e-01
-3.083674e-01 -5.146021e-01 -1.834660e-01 7.787390e-01
-3.012221e-01 -5.057622e-01 -1.681042e-01 7.907027e-01
-2.939293e-01 -4.966637e-01 -1.526551e-01 8.022638e-01
-2.864928e-01 -4.873111e-01 -1.371266e-01 8.134163e-01
-2.789166e-01 -4.777090e-01 -1.215265e-01 8.241547e-01
-2.712045e-01 -4.678623e-01 -1.058629e-01 8.344735e-01
-2.633606e-01 -4.577759e-01 -9.014387e-02 8.443675e-01
-2.553889e-01 -4.474548e-01 -7.437733e-02 8.538318e-01
-2.472935e-01 -4.369042e-01 -5.857139e-02 8.628615e-01
-2.390786e-01 -4.261295e-01 -4.273413e-02 8.714522e-01
-2.307484e-01 -4.151359e-01 -2.687366e-02 8.795995e-01
-2.223072e-01 -4.039290e-01 -1.099807e-02 8.872992e-01
-2.137594e-01 -3.925144e-01 4.884496e-03 8.945477e-01
-2.051093e-01 -3.808979e-01 2.076593e-02 9.013411e-01
-1.963614e-01 -3.690852e-01 3.663812e-02 9.076761e-01
-1.875202e-01 -3.570824e-01 5.249294e-02 9.135496e-01
-1.785901e-01 -3.448955e-01 6.832229e-02 9.189585e-01
-1.695757e-01 -3.325305e-01 8.411808e-02 9.239003e-01
-1.604817e-01 -3.199937e-01 9.987222e-02 9.283723e-01
-1.513127e-01 -3.072914e-01 1.155767e-01 9.323725e-01
-1.420733e-01 -2.944301e-01 1.312234e-01 9.358988e-01
-1.327682e-01 -2.814161e-01 1.468044e-01 9.389494e-01
-1.234022e-01 -2.682561e-01 1.623118e-01 9.415230e-01
-1.139801e-01 -2.549566e-01 1.777375e-01 9.436181e-01
-1.045065e-01 -2.415244e-01 1.930737e-01 9.452338e-01
-9.498641e-02 -2.279662e-01 2.083126e-01 9.463693e-01
-8.542452e-02 -2.142890e-01 2.234464e-01 9.470241e-01
-7.582571e-02 -2.004995e-01 2.384672e-01 9.471979e-01
-6.619483e-02 -1.866047e-01 2.533676e-01 9.468906e-01
-5.653674e-02 -1.726118e-01 2.681398e-01 9.461024e-01
-4.685632e-02 -1.585276e-01 2.827762e-01 9.448339e-01
-3.715846e-02 -1.443594e-01 2.972695e-01 9.430856e-01
-2.744804e-02 -1.301143e-01 3.116121e-01 9.408585e-01
-1.772995e-02 -1.157995e-01 3.257967e-01 9.381538e-01
-8.009091e-03 -1.014222e-01 3.398162e-01 9.349729e-01
1.709658e-03 -8.698976e-02 3.536633e-01 9.313174e-01
1.142141e-02 -7.250941e-02 3.673308e-01 9.271893e-01
2.112128e-02 -5.798850e-02 3.808119e-01 9.225906e-01
3.080442e-02 -4.343437e-02 3.940997e-01 9.175238e-01
4.046595e-02 -2.885439e-02 4.071873e-01 9.119915e-01
5.010105e-02 -1.425595e-02 4.200680e-01 9.059964e-01
5.970487e-02 3.535685e-04 4.327352e-01 8.995418e-01
6.927263e-02 1.496676e-02 4.451825e-01 8.926309e-01
7.879953e-02 2.957622e-02 4.574034e-01 8.852672e-01
8.828080e-02 4.417455e-02 4.693918e-01 8.774545e-01
9.771173e-02 5.875435e-02 4.811414e-01 8.691969e-01
1.070876e-01 7.330823e-02 4.926463e-01 8.604986e-01
1.164037e-01 8.782881e-02 5.039006e-01 8.513639e-01
1.256555e-01 1.023087e-01 5.148984e-01 8.417977e-01
1.348382e-01 1.167406e-01 5.256342e-01 8.318047e-01
1.439474e-01 1.311172e-01 5.361024e-01 8.213901e-01
1.529785e-01 1.454312e-01 5.462977e-01 8.105592e-01
1.619270e-01 1.596752e-01 5.562149e-01 7.993175e-01
1.707885e-01 1.738422e-01 5.658488e-01 7.876708e-01
1.795586e-01 1.879248e-01 5.751946e-01 7.756250e-01
1.882329e-01 2.019160e-01 5.842474e-01 7.631863e-01
1.968071e-01 2.158087e-01 5.930025e-01 7.503610e-01
2.052770e-01 2.295957e-01 6.014556e-01 7.371556e-01
2.136384e-01 2.432701e-01 6.096022e-01 7.235768e-01
2.218872e-01 2.568249e-01 6.174382e-01 7.096317e-01
2.300192e-01 2.702533e-01 6.249595e-01 6.953272e-01
2.380305e-01 2.835484e-01 6.321623e-01 6.806707e-01
2.459170e-01 2.967034e-01 6.390429e-01 6.656696e-01
2.536750e-01 3.097118e-01 6.455977e-01 6.503316e-01
2.613006e-01 3.225668e-01 6.518234e-01 6.346645e-01
2.687900e-01 3.352619e-01 6.577167e-01 6.186761e-01
2.761395e-01 3.477907e-01 6.632746e-01 6.023748e-01
2.833456e-01 3.601467e-01 6.684944e-01 5.857687e-01
2.904047e-01 3.723237e-01 6.733731e-01 5.688662e-01
2.973133e-01 3.843156e-01 6.779085e-01 5.516761e-01
3.040680e-01 3.961161e-01 6.820980e-01 5.342069e-01
3.106656e-01 4.077192e-01 6.859396e-01 5.164677e-01
3.171028e-01 4.191191e-01 6.894312e-01 4.984673e-01
3.233764e-01 4.303099e-01 6.925710e-01 4.802150e-01
3.294834e-01 4.412860e-01 6.953575e-01 4.617199e-01
3.354208e-01 4.520416e-01 6.977892e-01 4.429916e-01
3.411858e-01 4.625714e-01 6.998647e-01 4.240394e-01
3.467754e-01 4.728699e-01 7.015830e-01 4.048731e-01
3.521870e-01 4.829318e-01 7.029432e-01 3.855023e-01
3.574180e-01 4.927521e-01 7.039446e-01 3.659368e-01
3.624658e-01 5.023256e-01 7.045866e-01 3.461867e-01
3.673280e-01 5.116474e-01 7.048689e-01 3.262619e-01
3.720022e-01 5.207129e-01 7.047913e-01 3.061724e-01
3.764862e-01 5.295173e-01 7.043539e-01 2.859287e-01
3.807779e-01 5.380560e-01 7.035567e-01 2.655407e-01
3.848750e-01 5.463248e-01 7.024002e-01 2.450191e-01
3.887758e-01 5.543193e-01 7.008850e-01 2.243740e-01
3.924783e-01 5.620354e-01 6.990118e-01 2.036161e-01
3.959808e-01 5.694691e-01 6.967815e-01 1.827557e-01
3.992816e-01 5.766166e-01 6.941953e-01 1.618036e-01
4.023791e-01 5.834742e-01 6.912544e-01 1.407704e-01
4.052719e-01 5.900382e-01 6.879604e-01 1.196666e-01
4.079587e-01 5.963054e-01 6.843148e-01 9.850303e-02
4.104382e-01 6.022724e-01 6.803195e-01 7.729042e-02
4.127092e-01 6.079361e-01 6.759766e-01 5.603952e-02
4.147707e-01 6.132936e-01 6.712882e-01 3.476109e-02
4.166218e-01 6.183420e-01 6.662567e-01 1.346595e-02
4.182617e-01 6.230787e-01 6.608847e-01 -7.835119e-03
4.196896e-01 6.275012e-01 6.551749e-01 -2.913130e-02
4.209050e-01 6.316072e-01 6.491302e-01 -5.041180e-02
4.219073e-01 6.353944e-01 6.427536e-01 -7.166581e-02
4.226962e-01 6.388609e-01 6.360484e-01 -9.288255e-02
4.232713e-01 6.420047e-01 6.290180e-01 -1.140513e-01
4.236325e-01 6.448242e-01 6.216661e-01 -1.351612e-01
4.237797e-01 6.473179e-01 6.139962e-01 -1.562017e-01
4.237129e-01 6.494843e-01 6.060124e-01 -1.771620e-01
4.234324e-01 6.513223e-01 5.977187e-01 -1.980315e-01
4.229384e-01 6.528309e-01 5.891194e-01 -2.187997e-01
4.222312e-01 6.540091e-01 5.802188e-01 -2.394559e-01
4.213113e-01 6.548562e-01 5.710214e-01 -2.599898e-01
4.201793e-01 6.553718e-01 5.615320e-01 -2.803908e-01
4.188359e-01 6.555554e-01 5.517553e-01 -3.006487e-01
4.172819e-01 6.554069e-01 5.416965e-01 -3.207531e-01
4.155182e-01 6.549261e-01 5.313605e-01 -3.406939e-01
4.135458e-01 6.541133e-01 5.207528e-01 -3.604610e-01
4.113658e-01 6.529688e-01 5.098787e-01 -3.800443e-01
4.089795e-01 6.514930e-01 4.987437e-01 -3.994339e-01
4.063881e-01 6.496865e-01 4.873535e-01 -4.186199e-01
4.035931e-01 6.475502e-01 4.757141e-01 -4.375927e-01
4.005961e-01 6.450851e-01 4.638312e-01 -4.563426e-01
3.973986e-01 6.422923e-01 4.517110e-01 -4.748601e-01
3.940024e-01 6.391731e-01 4.393596e-01 -4.931358e-01
3.904094e-01 6.357290e-01 4.267834e-01 -5.111605e-01
3.866214e-01 6.319617e-01 4.139888e-01 -5.289250e-01
3.826405e-01 6.278729e-01 4.009822e-01 -5.464203e-01
3.784688e-01 6.234646e-01 3.877705e-01 -5.636375e-01
3.741086e-01 6.187390e-01 3.743602e-01 -5.805680e-01
3.695621e-01 6.136984e-01 3.607583e-01 -5.972031e-01
3.648318e-01 6.083452e-01 3.469716e-01 -6.135345e-01
3.599201e-01 6.026821e-01 3.330073e-01 -6.295538e-01
3.548297e-01 5.967118e-01 3.188724e-01 -6.452529e-01
3.495631e-01 5.904373e-01 3.045741e-01 -6.606239e-01
3.441233e-01 5.838617e-01 2.901199e-01 -6.756590e-01
3.385130e-01 5.769882e-01 2.755169e-01 -6.903506e-01
3.327351e-01 5.698203e-01 2.607727e-01 -7.046913e-01
3.267927e-01 5.623614e-01 2.458948e-01 -7.186737e-01
3.206889e-01 5.546153e-01 2.308908e-01 -7.322909e-01
3.144267e-01 5.465859e-01 2.157683e-01 -7.455359e-01
3.080096e-01 5.382771e-01 2.005351e-01 -7.584020e-01
3.014408e-01 5.296930e-01 1.851989e-01 -7.708827e-01
2.947237e-01 5.208380e-01 1.697675e-01 -7.829717e-01
2.878618e-01 5.117165e-01 1.542489e-01 -7.946629e-01
2.808585e-01 5.023330e-01 1.386509e-01 -8.059504e-01
2.737176e-01 4.926922e-01 1.229814e-01 -8.168284e-01
2.664427e-01 4.827989e-01 1.072485e-01 -8.272915e-01
2.590376e-01 4.726582e-01 9.146023e-02 -8.373343e-01
2.515059e-01 4.622750e-01 7.562458e-02 -8.469519e-01
2.438517e-01 4.516546e-01 5.974964e-02 -8.561392e-01
2.360788e-01 4.408024e-01 4.384352e-02 -8.648918e-01
2.281912e-01 4.297237e-01 2.791432e-02 -8.732051e-01
2.201929e-01 4.184241e-01 1.197017e-02 -8.810750e-01
2.120881e-01 4.069093e-01 -3.980793e-03 -8.884974e-01
2.038808e-01 3.951851e-01 -1.993044e-02 -8.954687e-01
1.955752e-01 3.832574e-01 -3.587064e-02 -9.019852e-01
1.871756e-01 3.711323e-01 -5.179324e-02 -9.080438e-01
1.786863e-01 3.588157e-01 -6.769014e-02 -9.136414e-01
1.701115e-01 3.463140e-01 -8.355322e-02 -9.187750e-01
1.614556e-01 3.336333e-01 -9.937437e-02 -9.234423e-01
1.527231e-01 3.207802e-01 -1.151455e-01 -9.276407e-01
1.439183e-01 3.077611e-01 -1.308587e-01 -9.313681e-01
1.350457e-01 2.945826e-01 -1.465057e-01 -9.346228e-01
1.261098e-01 2.812514e-01 -1.620787e-01 -9.374031e-01
1.171151e-01 2.677740e-01 -1.775697e-01 -9.397074e-01
1.080663e-01 2.541575e-01 -1.929708e-01 -9.415349e-01
9.896779e-02 2.404087e-01 -2.082741e-01 -9.428844e-01
8.982426e-02 2.265344e-01 -2.234719e-01 -9.437553e-01
8.064031e-02 2.125419e-01 -2.385562e-01 -9.441472e-01
7.142059e-02 1.984380e-01 -2.535195e-01 -9.440600e-01
6.216974e-02 1.842300e-01 -2.683541e-01 -9.434937e-01
5.289244e-02 1.699251e-01 -2.830524e-01 -9.424485e-01
4.359335e-02 1.555305e-01 -2.976069e-01 -9.409251e-01
3.427717e-02 1.410536e-01 -3.120101e-01 -9.389242e-01
2.494859e-02 1.265015e-01 -3.262547e-01 -9.364469e-01
1.561230e-02 1.118819e-01 -3.403335e-01 -9.334944e-01
6.273003e-03 9.720191e-02 -3.542391e-01 -9.300683e-01
-3.064605e-03 8.246917e-02 -3.679646e-01 -9.261703e-01
-1.239583e-02 6.769111e-02 -3.815029e-01 -9.218025e-01
-2.171599e-02 5.287522e-02 -3.948470e-01 -9.169670e-01
-3.102040e-02 3.802904e-02 -4.079901e-01 -9.116664e-01
-4.030438e-02 2.316009e-02 -4.209256e-01 -9.059033e-01
-4.956329e-02 8.275938e-03 -4.336468e-01 -8.996807e-01
-5.879248e-02 -6.615863e-03 -4.461472e-01 -8.930019e-01
-6.798733e-02 -2.150774e-02 -4.584204e-01 -8.858701e-01
-7.714323e-02 -3.639214e-02 -4.704601e-01 -8.782892e-01
-8.625559e-02 -5.126147e-02 -4.822602e-01 -8.702628e-01
-9.531986e-02 -6.610820e-02 -4.938146e-01 -8.617952e-01
-1.043315e-01 -8.092476e-02 -5.051175e-01 -8.528907e-01
-1.132860e-01 -9.570363e-02 -5.161630e-01 -8.435537e-01
-1.221789e-01 -1.104373e-01 -5.269455e-01 -8.337892e-01
-1.310058e-01 -1.251182e-01 -5.374594e-01 -8.236020e-01
-1.397622e-01 -1.397390e-01 -5.476995e-01 -8.129974e-01
-1.484438e-01 -1.542922e-01 -5.576605e-01 -8.019808e-01
-1.570462e-01 -1.687703e-01 -5.673372e-01 -7.905577e-01
-1.655652e-01 -1.831661e-01 -5.767248e-01 -7.787341e-01
-1.739966e-01 -1.974722e-01 -5.858184e-01 -7.665160e-01
-1.823360e-01 -2.116812e-01 -5.946134e-01 -7.539095e-01
-1.905795e-01 -2.257861e-01 -6.031053e-01 -7.409211e-01
-1.987228e-01 -2.397795e-01 -6.112897e-01 -7.275575e-01
-2.067620e-01 -2.536544e-01 -6.191625e-01 -7.138254e-01
-2.146930e-01 -2.674037e-01 -6.267197e-01 -6.997318e-01
-2.225119e-01 -2.810204e-01 -6.339573e-01 -6.852840e-01
-2.302149e-01 -2.944976e-01 -6.408717e-01 -6.704891e-01
-2.377981e-01 -3.078283e-01 -6.474594e-01 -6.553549e-01
-2.452577e-01 -3.210059e-01 -6.537170e-01 -6.398890e-01
-2.525901e-01 -3.340236e-01 -6.596412e-01 -6.240993e-01
-2.597917e-01 -3.468747e-01 -6.652292e-01 -6.079937e-01
-2.668588e-01 -3.595527e-01 -6.704779e-01 -5.915806e-01
-2.737881e-01 -3.720511e-01 -6.753849e-01 -5.748681e-01
-2.805760e-01 -3.843636e-01 -6.799474e-01 -5.578650e-01
-2.872192e-01 -3.964838e-01 -6.841632e-01 -5.405796e-01
-2.937145e-01 -4.084057e-01 -6.880303e-01 -5.230210e-01
-3.000587e-01 -4.201230e-01 -6.915465e-01 -5.051979e-01
-3.062486e-01 -4.316298e-01 -6.947101e-01 -4.871195e-01
-3.122812e-01 -4.429203e-01 -6.975195e-01 -4.687949e-01
-3.181536e-01 -4.539886e-01 -6.999732e-01 -4.502334e-01
-3.238628e-01 -4.648291e-01 -7.020701e-01 -4.314445e-01
-3.294061e-01 -4.754363e-01 -7.038090e-01 -4.124376e-01
-3.347807e-01 -4.858047e-01 -7.051891e-01 -3.932225e-01
-3.399841e-01 -4.959290e-01 -7.062097e-01 -3.738089e-01
-3.450137e-01 -5.058040e-01 -7.068702e-01 -3.542067e-01
-3.498670e-01 -5.154247e-01 -7.071703e-01 -3.344257e-01
-3.545417e-01 -5.247862e-01 -7.071099e-01 -3.144761e-01
-3.590355e-01 -5.338835e-01 -7.066891e-01 -2.943679e-01
-3.633463e-01 -5.427121e-01 -7.059080e-01 -2.741114e-01
-3.674719e-01 -5.512673e-01 -7.047670e-01 -2.537168e-01
-3.714104e-01 -5.595449e-01 -7.032668e-01 -2.331945e-01
-3.751599e-01 -5.675405e-01 -7.014080e-01 -2.125549e-01
-3.787185e-01 -5.752501e-01 -6.991918e-01 -1.918084e-01
-3.820847e-01 -5.826695e-01 -6.966192e-01 -1.709655e-01
-3.852567e-01 -5.897951e-01 -6.936915e-01 -1.500369e-01
-3.882330e-01 -5.966231e-01 -6.904103e-01 -1.290331e-01
-3.910124e-01 -6.031500e-01 -6.867773e-01 -1.079648e-01
-3.935934e-01 -6.093724e-01 -6.827942e-01 -8.684259e-02
-3.959749e-01 -6.152870e-01 -6.784632e-01 -6.567726e-02
-3.981557e-01 -6.208909e-01 -6.737864e-01 -4.447952e-02
-4.001349e-01 -6.261810e-01 -6.687663e-01 -2.326009e-02
-4.019115e-01 -6.311547e-01 -6.634055e-01 -2.029713e-03
-4.034849e-01 -6.358092e-01 -6.577066e-01 1.920085e-02
-4.048541e-01 -6.401422e-01 -6.516727e-01 4.042084e-02
-4.060188e-01 -6.441514e-01 -6.453067e-01 6.161952e-02
-4.069784e-01 -6.478347e-01 -6.386120e-01 8.278616e-02
-4.077325e-01 -6.511900e-01 -6.315920e-01 1.039100e-01
-4.082808e-01 -6.542157e-01 -6.242503e-01 1.249805e-01
-4.086232e-01 -6.569102e-01 -6.165906e-01 1.459868e-01
-4.087596e-01 -6.592718e-01 -6.086169e-01 1.669183e-01
-4.086900e-01 -6.612995e-01 -6.003332e-01 1.877646e-01
-4.084146e-01 -6.629920e-01 -5.917438e-01 2.085149e-01
-4.079336e-01 -6.643484e-01 -5.828530e-01 2.291589e-01
-4.072474e-01 -6.653679e-01 -5.736654e-01 2.496860e-01
-4.063564e-01 -6.660500e-01 -5.641857e-01 2.700859e-01
-4.052611e-01 -6.663942e-01 -5.544188e-01 2.903482e-01
-4.039623e-01 -6.664001e-01 -5.443695e-01 3.104628e-01
-4.024606e-01 -6.660679e-01 -5.340431e-01 3.304195e-01
-4.007570e-01 -6.653974e-01 -5.234448e-01 3.502080e-01
-3.988524e-01 -6.643890e-01 -5.125800e-01 3.698186e-01
-3.967478e-01 -6.630431e-01 -5.014543e-01 3.892411e-01
-3.944445e-01 -6.613602e-01 -4.900733e-01 4.084659e-01
-3.919436e-01 -6.593412e-01 -4.784428e-01 4.274832e-01
-3.892466e-01 -6.569870e-01 -4.665687e-01 4.462833e-01
-3.863548e-01 -6.542987e-01 -4.544572e-01 4.648568e-01
-3.832699e-01 -6.512775e-01 -4.421143e-01 4.831943e-01
-3.799935e-01 -6.479249e-01 -4.295464e-01 5.012865e-01
-3.765273e-01 -6.442426e-01 -4.167598e-01 5.191242e-01
-3.728731e-01 -6.402322e-01 -4.037611e-01 5.366985e-01
-3.690330e-01 -6.358958e-01 -3.905568e-01 5.540005e-01
-3.650089e-01 -6.312354e-01 -3.771538e-01 5.710213e-01
-3.608029e-01 -6.262534e-01 -3.635587e-01 5.877525e-01
-3.564172e-01 -6.209522e-01 -3.497786e-01 6.041855e-01
-3.518542e-01 -6.153343e-01 -3.358203e-01 6.203120e-01
-3.471162e-01 -6.094026e-01 -3.216911e-01 6.361239e-01
-3.422056e-01 -6.031600e-01 -3.073981e-01 6.516132e-01
-3.371250e-01 -5.966096e-01 -2.929486e-01 6.667720e-01
-3.318770e-01 -5.897545e-01 -2.783499e-01 6.815927e-01
-3.264644e-01 -5.825983e-01 -2.636094e-01 6.960677e-01
-3.208900e-01 -5.751444e-01 -2.487346e-01 7.101898e-01
-3.151566e-01 -5.673967e-01 -2.337332e-01 7.239518e-01
-3.092671e-01 -5.593588e-01 -2.186126e-01 7.373467e-01
-3.032246e-01 -5.510349e-01 -2.033807e-01 7.503677e-01
-2.970322e-01 -5.424291e-01 -1.880451e-01 7.630083e-01
-2.906931e-01 -5.335456e-01 -1.726136e-01 7.752620e-01
-2.842104e-01 -5.243890e-01 -1.570942e-01 7.871226e-01
-2.775876e-01 -5.149638e-01 -1.414946e-01 7.985841e-01
-2.708280e-01 -5.052748e-01 -1.258228e-01 8.096408e-01
-2.639351e-01 -4.953267e-01 -1.100868e-01 8.202869e-01
-2.569123e-01 -4.851247e-01 -9.429459e-02 8.305171e-01
-2.497633e-01 -4.746737e-01 -7.845421e-02 8.403262e-01
-2.424917e-01 -4.639791e-01 -6.257370e-02 8.497092e-01
-2.351011e-01 -4.530462e-01 -4.666116e-02 8.586614e-01
-2.275954e-01 -4.418805e-01 -3.072468e-02 8.671781e-01
-2.199784e-01 -4.304877e-01 -1.477237e-02 8.752552e-01
-2.122539e-01 -4.188735e-01 1.187644e-03 8.828884e-01
-2.044258e-01 -4.070437e-01 1.714723e-02 8.900739e-01
-1.964981e-01 -3.950043e-01 3.309827e-02 8.968080e-01
-1.884749e-01 -3.827615e-01 4.903262e-02 9.030873e-01
-1.803602e-01 -3.703213e-01 6.494218e-02 9.089086e-01
-1.721581e-01 -3.576900e-01 8.081883e-02 9.142690e-01
-1.638727e-01 -3.448741e-01 9.665448e-02 9.191657e-01
-1.555083e-01 -3.318800e-01 1.124410e-01 9.235962e-01
-1.470690e-01 -3.187143e-01 1.281705e-01 9.275582e-01
-1.385592e-01 -3.053837e-01 1.438348e-01 9.310498e-01
-1.299832e-01 -2.918948e-01 1.594259e-01 9.340691e-01
-1.213452e-01 -2.782546e-01 1.749360e-01 9.366147e-01
-1.126497e-01 -2.644700e-01 1.903571e-01 9.386852e-01
-1.039010e-01 -2.505479e-01 2.056812e-01 9.402795e-01
-9.510349e-02 -2.364955e-01 2.209007e-01 9.413969e-01
-8.626170e-02 -2.223197e-01 2.360077e-01 9.420368e-01
-7.738004e-02 -2.080279e-01 2.509944e-01 9.421988e-01
-6.846301e-02 -1.936273e-01 2.658534e-01 9.418828e-01
-5.951509e-02 -1.791252e-01 2.805769e-01 9.410891e-01
-5.054079e-02 -1.645290e-01 2.951575e-01 9.398180e-01
-4.154463e-02 -1.498461e-01 3.095876e-01 9.380702e-01
-3.253114e-02 -1.350839e-01 3.238600e-01 9.358466e-01
-2.350486e-02 -1.202500e-01 3.379673e-01 9.331482e-01
-1.447034e-02 -1.053519e-01 3.519023e-01 9.299765e-01
-5.432106e-03 -9.039718e-02 3.656580e-01 9.263331e-01
3.605280e-03 -7.539345e-02 3.792272e-01 9.222199e-01
1.263728e-02 -6.034835e-02 3.926030e-01 9.176389e-01
2.165935e-02 -4.526954e-02 4.057787e-01 9.125926e-01
3.066695e-02 -3.016469e-02 4.187474e-01 9.070834e-01
3.965557e-02 -1.504149e-02 4.315026e-01 9.011141e-01
4.862069e-02 9.235958e-05 4.440378e-01 8.946879e-01
5.755781e-02 1.522915e-02 4.563464e-01 8.878080e-01
6.646244e-02 3.036116e-02 4.684223e-01 8.804780e-01
7.533012e-02 4.548070e-02 4.802593e-01 8.727015e-01
8.415639e-02 6.058005e-02 4.918514e-01 8.644825e-01
9.293684e-02 7.565154e-02 5.031925e-01 8.558252e-01
1.016671e-01 9.068746e-02 5.142770e-01 8.467342e-01
1.103427e-01 1.056802e-01 5.250992e-01 8.372138e-01
1.189594e-01 1.206220e-01 5.356535e-01 8.272692e-01
1.275128e-01 1.355054e-01 5.459346e-01 8.169053e-01
1.359986e-01 1.503227e-01 5.559372e-01 8.061273e-01
1.444127e-01 1.650664e-01 5.656563e-01 7.949409e-01
1.527509e-01 1.797290e-01 5.750868e-01 7.833517e-01
1.610088e-01 1.943030e-01 5.842240e-01 7.713656e-01
1.691825e-01 2.087809e-01 5.930632e-01 7.589887e-01
1.772678e-01 2.231555e-01 6.015999e-01 7.462274e-01
1.852607e-01 2.374192e-01 6.098298e-01 7.330881e-01
1.931572e-01 2.515650e-01 6.177487e-01 7.195776e-01
2.009534e-01 2.655855e-01 6.253526e-01 7.057027e-01
2.086454e-01 2.794736e-01 6.326375e-01 6.914705e-01
2.162294e-01 2.932222e-01 6.395998e-01 6.768882e-01
2.237016e-01 3.068244e-01 6.462361e-01 6.619633e-01
2.310582e-01 3.202731e-01 6.525428e-01 6.467033e-01
2.382956e-01 3.335614e-01 6.585168e-01 6.311162e-01
2.454103e-01 3.466828e-01 6.641551e-01 6.152096e-01
2.523986e-01 3.596303e-01 6.694548e-01 5.989919e-01
2.592572e-01 3.723974e-01 6.744133e-01 5.824711e-01
2.659825e-01 3.849776e-01 6.790280e-01 5.656558e-01
2.725714e-01 3.973645e-01 6.832966e-01 5.485545e-01
2.790205e-01 4.095517e-01 6.872170e-01 5.311758e-01
2.853266e-01 4.215330e-01 6.907873e-01 5.135287e-01
2.914866e-01 4.333022e-01 6.940055e-01 4.956220e-01
2.974975e-01 4.448535e-01 6.968701e-01 4.774649e-01
3.033562e-01 4.561808e-01 6.993797e-01 4.590665e-01
3.090600e-01 4.672783e-01 7.015331e-01 4.404364e-01
3.146060e-01 4.781404e-01 7.033291e-01 4.215838e-01
3.199915e-01 4.887615e-01 7.047670e-01 4.025185e-01
3.252139e-01 4.991362e-01 7.058459e-01 3.832500e-01
3.302704e-01 5.092592e-01 7.065654e-01 3.637881e-01
3.351588e-01 5.191253e-01 7.069252e-01 3.441428e-01
3.398766e-01 5.287294e-01 7.069251e-01 3.243239e-01
3.444215e-01 5.380666e-01 7.065652e-01 3.043416e-01
3.487913e-01 5.471320e-01 7.058457e-01 2.842059e-01
3.529838e-01 5.559212e-01 7.047670e-01 2.639272e-01
3.569970e-01 5.644295e-01 7.033297e-01 2.435156e-01
3.608291e-01 5.726526e-01 7.015345e-01 2.229815e-01
3.644780e-01 5.805862e-01 6.993825e-01 2.023353e-01
3.679421e-01 5.882262e-01 6.968748e-01 1.815875e-01
3.712197e-01 5.955688e-01 6.940126e-01 1.607486e-01
3.743092e-01 6.026102e-01 6.907976e-01 1.398290e-01
3.772091e-01 6.093467e-01 6.872315e-01 1.188393e-01
3.799179e-01 6.157748e-01 6.833161e-01 9.779007e-02
3.824344e-01 6.218912e-01 6.790535e-01 7.669196e-02
3.847574e-01 6.276927e-01 6.744459e-01 5.555566e-02
3.868858e-01 6.331763e-01 6.694955e-01 3.439186e-02
3.888187e-01 6.383392e-01 6.642051e-01 1.321127e-02
3.905552e-01 6.431787e-01 6.585774e-01 -7.975405e-03
3.920944e-01 6.476923e-01 6.526151e-01 -2.915745e-02
3.934357e-01 6.518775e-01 6.463215e-01 -5.032415e-02
3.945785e-01 6.557323e-01 6.396997e-01 -7.146481e-02
3.955223e-01 6.592545e-01 6.327532e-01 -9.256875e-02
3.962668e-01 6.624424e-01 6.254855e-01 -1.136253e-01
3.968116e-01 6.652941e-01 6.179003e-01 -1.346238e-01
3.971565e-01 6.678083e-01 6.100015e-01 -1.555537e-01
3.973015e-01 6.699836e-01 6.017931e-01 -1.764044e-01
3.972466e-01 6.718187e-01 5.932795e-01 -1.971654e-01
3.969919e-01 6.733128e-01 5.844648e-01 -2.178261e-01
3.965376e-01 6.744649e-01 5.753537e-01 -2.383763e-01
3.958840e-01 6.752743e-01 5.659507e-01 -2.588053e-01
3.950316e-01 6.757407e-01 5.562607e-01 -2.791031e-01
3.939809e-01 6.758637e-01 5.462885e-01 -2.992593e-01
3.927323e-01 6.756432e-01 5.360394e-01 -3.192637e-01
3.912868e-01 6.750791e-01 5.255185e-01 -3.391063e-01
3.896451e-01 6.741718e-01 5.147311e-01 -3.587771e-01
3.878080e-01 6.729216e-01 5.036828e-01 -3.782660e-01
3.857766e-01 6.713290e-01 4.923791e-01 -3.975633e-01
3.835520e-01 6.693948e-01 4.808259e-01 -4.166593e-01
3.811354e-01 6.671198e-01 4.690289e-01 -4.355443e-01
3.785280e-01 6.645053e-01 4.569942e-01 -4.542087e-01
3.757313e-01 6.615523e-01 4.447279e-01 -4.726432e-01
3.727467e-01 6.582624e-01 4.322362e-01 -4.908384e-01
3.695758e-01 6.546371e-01 4.195254e-01 -5.087852e-01
3.662202e-01 6.506782e-01 4.066021e-01 -5.264745e-01
3.626817e-01 6.463876e-01 3.934727e-01 -5.438973e-01
3.589621e-01 6.417675e-01 3.801440e-01 -5.610448e-01
3.550634e-01 6.368200e-01 3.666226e-01 -5.779085e-01
3.509875e-01 6.315476e-01 3.529154e-01 -5.944797e-01
3.467367e-01 6.259530e-01 3.390294e-01 -6.107500e-01
3.423130e-01 6.200388e-01 3.249717e-01 -6.267113e-01
3.377187e-01 6.138081e-01 3.107493e-01 -6.423555e-01
3.329562e-01 6.072638e-01 2.963694e-01 -6.576747e-01
3.280280e-01 6.004093e-01 2.818394e-01 -6.726610e-01
3.229365e-01 5.932480e-01 2.671666e-01 -6.873069e-01
3.176844e-01 5.857834e-01 2.523585e-01 -7.016050e-01
3.122743e-01 5.780192e-01 2.374225e-01 -7.155481e-01
3.067090e-01 5.699594e-01 2.223663e-01 -7.291290e-01
3.009914e-01 5.616079e-01 2.071974e-01 -7.423409e-01
2.951243e-01 5.529690e-01 1.919236e-01 -7.551770e-01
2.891107e-01 5.440469e-01 1.765527e-01 -7.676309e-01
2.829537e-01 5.348461e-01 1.610923e-01 -7.796962e-01
2.766564e-01 5.253713e-01 1.455504e-01 -7.913668e-01
2.702219e-01 5.156271e-01 1.299349e-01 -8.026367e-01
2.636537e-01 5.056186e-01 1.142536e-01 -8.135003e-01
2.569549e-01 4.953507e-01 9.851461e-02 -8.239519e-01
2.501291e-01 4.848286e-01 8.272584e-02 -8.339863e-01
2.431795e-01 4.740576e-01 6.689534e-02 -8.435983e-01
2.361099e-01 4.630431e-01 5.103116e-02 -8.527831e-01
2.289236e-01 4.517907e-01 3.514135e-02 -8.615360e-01
2.216245e-01 4.403061e-01 1.923400e-02 -8.698524e-01
2.142161e-01 4.285951e-01 3.317191e-03 -8.777282e-01
2.067022e-01 4.166635e-01 -1.260097e-02 -8.851593e-01
1.990865e-01 4.045175e-01 -2.851238e-02 -8.921419e-01
1.913731e-01 3.921631e-01 -4.440894e-02 -8.986725e-01
1.835657e-01 3.796067e-01 -6.028257e-02 -9.047477e-01
1.756682e-01 3.668546e-01 -7.612517e-02 -9.103644e-01
1.676848e-01 3.539132e-01 -9.192868e-02 -9.155197e-01
1.596193e-01 3.407892e-01 -1.076850e-01 -9.202110e-01
1.514759e-01 3.274891e-01 -1.233862e-01 -9.244359e-01
1.432587e-01 3.140198e-01 -1.390243e-01 -9.281922e-01
1.349718e-01 3.003880e-01 -1.545911e-01 -9.314780e-01
1.266194e-01 2.866008e-01 -1.700789e-01 -9.342915e-01
1.182057e-01 2.726650e-01 -1.854797e-01 -9.366315e-01
1.097350e-01 2.585878e-01 -2.007857e-01 -9.384965e-01
1.012115e-01 2.443764e-01 -2.159890e-01 -9.398857e-01
9.263953e-02 2.300379e-01 -2.310820e-01 -9.407984e-01
8.402340e-02 2.155797e-01 -2.460568e-01 -9.412340e-01
7.536745e-02 2.010092e-01 -2.609059e-01 -9.411924e-01
6.667604e-02 1.863337e-01 -2.756217e-01 -9.406736e-01
5.795356e-02 1.715607e-01 -2.901967e-01 -9.396777e-01
4.920439e-02 1.566977e-01 -3.046235e-01 -9.382054e-01
4.043294e-02 1.417524e-01 -3.188946e-01 -9.362573e-01
3.164362e-02 1.267322e-01 -3.330028e-01 -9.338344e-01
2.284086e-02 1.116450e-01 -3.469409e-01 -9.309381e-01
1.402909e-02 9.649831e-02 -3.607019e-01 -9.275696e-01
5.212738e-03 8.129990e-02 -3.742786e-01 -9.237308e-01
-3.603754e-03 6.605752e-02 -3.876642e-01 -9.194237e-01
-1.241595e-02 5.077893e-02 -4.008518e-01 -9.146503e-01
-2.121943e-02 3.547193e-02 -4.138347e-01 -9.094132e-01
-3.000976e-02 2.014431e-02 -4.266063e-01 -9.037149e-01
-3.878252e-02 4.803894e-03 -4.391601e-01 -8.975585e-01
-4.753330e-02 -1.054150e-02 -4.514897e-01 -8.909470e-01
-5.625771e-02 -2.588404e-02 -4.635888e-01 -8.838838e-01
-6.495136e-02 -4.121592e-02 -4.754512e-01 -8.763725e-01
-7.360989e-02 -5.652930e-02 -4.870709e-01 -8.684169e-01
-8.222895e-02 -7.181639e-02 -4.984420e-01 -8.600212e-01
-9.080420e-02 -8.706937e-02 -5.095586e-01 -8.511895e-01
-9.933135e-02 -1.022805e-01 -5.204152e-01 -8.419263e-01
-1.078061e-01 -1.174420e-01 -5.310063e-01 -8.322365e-01
-1.162243e-01 -1.325460e-01 -5.413263e-01 -8.221249e-01
-1.245815e-01 -1.475851e-01 -5.513701e-01 -8.115966e-01
-1.328738e-01 -1.625513e-01 -5.611326e-01 -8.006571e-01
-1.410968e-01 -1.774372e-01 -5.706089e-01 -7.893119e-01
-1.492465e-01 -1.922351e-01 -5.797940e-01 -7.775668e-01
-1.573187e-01 -2.069375e-01 -5.886834e-01 -7.654277e-01
-1.653096e-01 -2.215368e-01 -5.972725e-01 -7.529009e-01
-1.732149e-01 -2.360256e-01 -6.055570e-01 -7.399927e-01
-1.810309e-01 -2.503965e-01 -6.135327e-01 -7.267097e-01
-1.887535e-01 -2.646421e-01 -6.211956e-01 -7.130587e-01
-1.963789e-01 -2.787553e-01 -6.285417e-01 -6.990466e-01
-2.039033e-01 -2.927287e-01 -6.355674e-01 -6.846805e-01
-2.113229e-01 -3.065553e-01 -6.422691e-01 -6.699678e-01
-2.186341e-01 -3.202279e-01 -6.486435e-01 -6.549159e-01
-2.258331e-01 -3.337396e-01 -6.546873e-01 -6.395324e-01
-2.329164e-01 -3.470835e-01 -6.603975e-01 -6.238253e-01
-2.398805e-01 -3.602528e-01 -6.657713e-01 -6.078025e-01
-2.467218e-01 -3.732407e-01 -6.708058e-01 -5.914722e-01
-2.534369e-01 -3.860405e-01 -6.754987e-01 -5.748426e-01
-2.600226e-01 -3.986458e-01 -6.798475e-01 -5.579221e-01
-2.664755e-01 -4.110501e-01 -6.838501e-01 -5.407195e-01
-2.727924e-01 -4.232470e-01 -6.875046e-01 -5.232435e-01
-2.789702e-01 -4.352303e-01 -6.908090e-01 -5.055029e-01
-2.850057e-01 -4.469938e-01 -6.937618e-01 -4.875067e-01
-2.908961e-01 -4.585316e-01 -6.963616e-01 -4.692641e-01
-2.966384e-01 -4.698377e-01 -6.986070e-01 -4.507843e-01
-3.022297e-01 -4.809063e-01 -7.004970e-01 -4.320768e-01
-3.076672e-01 -4.917318e-01 -7.020306e-01 -4.131509e-01
-3.129484e-01 -5.023086e-01 -7.032072e-01 -3.940165e-01
-3.180705e-01 -5.126313e-01 -7.040263e-01 -3.746830e-01
-3.230310e-01 -5.226946e-01 -7.044874e-01 -3.551605e-01
-3.278275e-01 -5.324933e-01 -7.045903e-01 -3.354586e-01
-3.324577e-01 -5.420224e-01 -7.043352e-01 -3.155875e-01
-3.369192e-01 -5.512770e-01 -7.037222e-01 -2.955573e-01
-3.412099e-01 -5.602524e-01 -7.027517e-01 -2.753780e-01
-3.453276e-01 -5.689440e-01 -7.014243e-01 -2.550599e-01
-3.492704e-01 -5.773473e-01 -6.997406e-01 -2.346133e-01
-3.530363e-01 -5.854579e-01 -6.977017e-01 -2.140485e-01
-3.566235e-01 -5.932718e-01 -6.953086e-01 -1.933760e-01
-3.600302e-01 -6.007848e-01 -6.925626e-01 -1.726062e-01
-3.632548e-01 -6.079932e-01 -6.894652e-01 -1.517496e-01
-3.662958e-01 -6.148932e-01 -6.860180e-01 -1.308169e-01
-3.691517e-01 -6.214813e-01 -6.822228e-01 -1.098185e-01
-3.718210e-01 -6.277540e-01 -6.780817e-01 -8.876502e-02
-3.743026e-01 -6.337082e-01 -6.735968e-01 -6.766722e-02
-3.765952e-01 -6.393407e-01 -6.687705e-01 -4.653569e-02
-3.786977e-01 -6.446488e-01 -6.636052e-01 -2.538113e-02
-3.806092e-01 -6.496295e-01 -6.581036e-01 -4.214206e-03
-3.823288e-01 -6.542803e-01 -6.522687e-01 1.695439e-02
-3.838557e-01 -6.585989e-01 -6.461034e-01 3.811398e-02
-3.851891e-01 -6.625830e-01 -6.396109e-01 5.925388e-02
-3.863285e-01 -6.662305e-01 -6.327946e-01 8.036343e-02
-3.872734e-01 -6.695394e-01 -6.256579e-01 1.014320e-01
-3.880233e-01 -6.725082e-01 -6.182046e-01 1.224489e-01
-3.885779e-01 -6.751352e-01 -6.104385e-01 1.434036e-01
-3.889371e-01 -6.774190e-01 -6.023635e-01 1.642856e-01
-3.891006e-01 -6.793584e-01 -5.939838e-01 1.850842e-01
-3.890686e-01 -6.809524e-01 -5.853037e-01 2.057891e-01
-3.888410e-01 -6.822001e-01 -5.763276e-01 2.263897e-01
-3.884180e-01 -6.831008e-01 -5.670600e-01 2.468758e-01
-3.878000e-01 -6.836540e-01 -5.575059e-01 2.672369e-01
-3.869872e-01 -6.838594e-01 -5.476699e-01 2.874629e-01
-3.859801e-01 -6.837168e-01 -5.375571e-01 3.075435e-01
-3.847794e-01 -6.832262e-01 -5.271726e-01 3.274687e-01
-3.833856e-01 -6.823879e-01 -5.165218e-01 3.472284e-01
-3.817994e-01 -6.812021e-01 -5.056100e-01 3.668125e-01
-3.800218e-01 -6.796694e-01 -4.944428e-01 3.862114e-01
-3.780537e-01 -6.777905e-01 -4.830258e-01 4.054152e-01
-3.758961e-01 -6.755663e-01 -4.713649e-01 4.244142e-01
-3.735501e-01 -6.729980e-01 -4.594659e-01 4.431988e-01
-3.710169e-01 -6.700866e-01 -4.473349e-01 4.617596e-01
-3.682979e-01 -6.668336e-01 -4.349780e-01 4.800872e-01
-3.653944e-01 -6.632407e-01 -4.224015e-01 4.981723e-01
-3.623080e-01 -6.593095e-01 -4.096117e-01 5.160059e-01
-3.590402e-01 -6.550420e-01 -3.966151e-01 5.335790e-01
-3.555926e-01 -6.504404e-01 -3.834184e-01 5.508825e-01
-3.519671e-01 -6.455067e-01 -3.700281e-01 5.679079e-01
-3.481655e-01 -6.402436e-01 -3.564510e-01 5.846465e-01
-3.441897e-01 -6.346536e-01 -3.426941e-01 6.010899e-01
-3.400417e-01 -6.287395e-01 -3.287642e-01 6.172297e-01
-3.357237e-01 -6.225041e-01 -3.146684e-01 6.330577e-01
-3.312378e-01 -6.159507e-01 -3.004139e-01 6.485659e-01
-3.265862e-01 -6.090825e-01 -2.860078e-01 6.637466e-01
-3.217714e-01 -6.019029e-01 -2.714575e-01 6.785919e-01
-3.167957e-01 -5.944155e-01 -2.567703e-01 6.930943e-01
-3.116618e-01 -5.866240e-01 -2.419536e-01 7.072466e-01
-3.063720e-01 -5.785324e-01 -2.270150e-01 7.210414e-01
-3.009292e-01 -5.701447e-01 -2.119619e-01 7.344718e-01
-2.953361e-01 -5.614650e-01 -1.968022e-01 7.475310e-01
-2.895954e-01 -5.524979e-01 -1.815433e-01 7.602122e-01
-2.837101e-01 -5.432477e-01 -1.661930e-01 7.725092e-01
-2.776831e-01 -5.337191e-01 -1.507592e-01 7.844155e-01
-2.715175e-01 -5.239170e-01 -1.352497e-01 7.959251e-01
-2.652164e-01 -5.138463e-01 -1.196722e-01 8.070321e-01
-2.587829e-01 -5.035120e-01 -1.040348e-01 8.177309e-01
-2.522202e-01 -4.929193e-01 -8.834537e-02 8.280161e-01
-2.455317e-01 -4.820737e-01 -7.261184e-02 8.378822e-01
-2.387208e-01 -4.709806e-01 -5.684221e-02 8.473244e-01
-2.317908e-01 -4.596456e-01 -4.104451e-02 8.563377e-01
-2.247452e-01 -4.480745e-01 -2.522675e-02 8.649176e-01
-2.175876e-01 -4.362731e-01 -9.396987e-03 8.730596e-01
-2.103216e-01 -4.242474e-01 6.436740e-03 8.807596e-01
-2.029508e-01 -4.120035e-01 2.226638e-02 8.880137e-01
-1.954790e-01 -3.995476e-01 3.808387e-02 8.948180e-01
-1.879099e-01 -3.868861e-01 5.388117e-02 9.011692e-01
-1.802473e-01 -3.740254e-01 6.965024e-02 9.070638e-01
-1.724950e-01 -3.609719e-01 8.538306e-02 9.124990e-01
-1.646570e-01 -3.477325e-01 1.010716e-01 9.174719e-01
-1.567372e-01 -3.343136e-01 1.167079e-01 9.219800e-01
-1.487396e-01 -3.207223e-01 1.322840e-01 9.260209e-01
-1.406683e-01 -3.069654e-01 1.477919e-01 9.295925e-01
-1.325273e-01 -2.930497e-01 1.632237e-01 9.326931e-01
-1.243207e-01 -2.789826e-01 1.785717e-01 9.353209e-01
-1.160526e-01 -2.647710e-01 1.938279e-01 9.374747e-01
-1.077273e-01 -2.504222e-01 2.089846e-01 9.391533e-01
-9.934885e-02 -2.359435e-01 2.240341e-01 9.403559e-01
-9.092157e-02 -2.213423e-01 2.389688e-01 9.410817e-01
-8.244967e-02 -2.066260e-01 2.537809e-01 9.413304e-01
-7.393743e-02 -1.918022e-01 2.684629e-01 9.411019e-01
-6.538911e-02 -1.768784e-01 2.830074e-01 9.403962e-01
-5.680904e-02 -1.618623e-01 2.974070e-01 9.392137e-01
-4.820153e-02 -1.467614e-01 3.116543e-01 9.375550e-01
-3.957090e-02 -1.315836e-01 3.257420e-01 9.354208e-01
-3.092150e-02 -1.163365e-01 3.396630e-01 9.328123e-01
-2.225768e-02 -1.010280e-01 3.534102e-01 9.297307e-01
-1.358378e-02 -8.566596e-02 3.669765e-01 9.261777e-01
-4.904177e-03 -7.025813e-02 3.803551e-01 9.221549e-01
3.776781e-03 -5.481243e-02 3.935392e-01 9.176646e-01
1.245474e-02 -3.933678e-02 4.065219e-01 9.127088e-01
2.112533e-02 -2.383908e-02 4.192968e-01 9.072902e-01
2.978421e-02 -8.327248e-03 4.318573e-01 9.014116e-01
3.842703e-02 7.190782e-03 4.441970e-01 8.950758e-01
4.704942e-02 2.270709e-02 4.563096e-01 8.882861e-01
5.564706e-02 3.821375e-02 4.681890e-01 8.810461e-01
6.421560e-02 5.370284e-02 4.798292e-01 8.733592e-01
7.275075e-02 6.916646e-02 4.912242e-01 8.652295e-01
8.124820e-02 8.459670e-02 5.023682e-01 8.566612e-01
8.970367e-02 9.998567e-02 5.132555e-01 8.476585e-01
9.811292e-02 1.153255e-01 5.238808e-01 8.382260e-01
1.064717e-01 1.306084e-01 5.342385e-01 8.283685e-01
1.147758e-01 1.458265e-01 5.443234e-01 8.180912e-01
1.230211e-01 1.609721e-01 5.541304e-01 8.073991e-01
1.312033e-01 1.760374e-01 5.636546e-01 7.962977e-01
1.393185e-01 1.910147e-01 5.728910e-01 7.847927e-01
1.473624e-01 2.058963e-01 5.818351e-01 7.728900e-01
1.553311e-01 2.206747e-01 5.904823e-01 7.605955e-01
1.632205e-01 2.353422e-01 5.988283e-01 7.479156e-01
1.710267e-01 2.498915e-01 6.068688e-01 7.348567e-01
1.787458e-01 2.643149e-01 6.145998e-01 7.214255e-01
1.863738e-01 2.786053e-01 6.220173e-01 7.076287e-01
1.939069e-01 2.927551e-01 6.291178e-01 6.934734e-01
2.013414e-01 3.067573e-01 6.358975e-01 6.789668e-01
2.086734e-01 3.206046e-01 6.423531e-01 6.641164e-01
2.158994e-01 3.342900e-01 6.484814e-01 6.489295e-01
2.230156e-01 3.478063e-01 6.542793e-01 6.334141e-01
2.300186e-01 3.611468e-01 6.597439e-01 6.175779e-01
2.369048e-01 3.743046e-01 6.648724e-01 6.014290e-01
2.436706e-01 3.872730e-01 6.696624e-01 5.849757e-01
2.503128e-01 4.000452e-01 6.741115e-01 5.682262e-01
2.568281e-01 4.126148e-01 6.782174e-01 5.511892e-01
2.632130e-01 4.249753e-01 6.819782e-01 5.338733e-01
2.694645e-01 4.371204e-01 6.853920e-01 5.162872e-01
2.755794e-01 4.490438e-01 6.884571e-01 4.984400e-01
2.815546e-01 4.607395e-01 6.911722e-01 4.803407e-01
2.873872e-01 4.722014e-01 6.935358e-01 4.619985e-01
2.930742e-01 4.834238e-01 6.955468e-01 4.434227e-01
2.986127e-01 4.944007e-01 6.972044e-01 4.246227e-01
3.040002e-01 5.051267e-01 6.985077e-01 4.056081e-01
3.092337e-01 5.155961e-01 6.994562e-01 3.863886e-01
3.143108e-01 5.258037e-01 7.000495e-01 3.669739e-01
3.192288e-01 5.357442e-01 7.002875e-01 3.473739e-01
3.239855e-01 5.454125e-01 7.001699e-01 3.275984e-01
3.285783e-01 5.548036e-01 6.996971e-01 3.076576e-01
3.330050e-01 5.639128e-01 6.988694e-01 2.875615e-01
3.372634e-01 5.727354e-01 6.976872e-01 2.673203e-01
3.413514e-01 5.812668e-01 6.961513e-01 2.469443e-01
3.452670e-01 5.895027e-01 6.942626e-01 2.264437e-01
3.490082e-01 5.974388e-01 6.920221e-01 2.058291e-01
3.525732e-01 6.050712e-01 6.894310e-01 1.851107e-01
3.559603e-01 6.123958e-01 6.864907e-01 1.642991e-01
3.591677e-01 6.194089e-01 6.832029e-01 1.434048e-01
3.621939e-01 6.261069e-01 6.795694e-01 1.224383e-01
3.650374e-01 6.324865e-01 6.755919e-01 1.014103e-01
3.676969e-01 6.385442e-01 6.712728e-01 8.033141e-02
3.701710e-01 6.442771e-01 6.666141e-01 5.921218e-02
3.724585e-01 6.496821e-01 6.616185e-01 3.806331e-02
3.745583e-01 6.547565e-01 6.562884e-01 1.689547e-02
3.764694e-01 6.594977e-01 6.506268e-01 -4.280656e-03
3.781909e-01 6.639033e-01 6.446364e-01 -2.545441e-02
3.797219e-01 6.679709e-01 6.383206e-01 -4.661511e-02
3.810618e-01 6.716985e-01 6.316824e-01 -6.775211e-02
3.822098e-01 6.750842e-01 6.247254e-01 -8.885476e-02
3.831655e-01 6.781262e-01 6.174532e-01 -1.099124e-01
3.839283e-01 6.808229e-01 6.098694e-01 -1.309145e-01
3.844980e-01 6.831729e-01 6.019780e-01 -1.518505e-01
3.848742e-01 6.851750e-01 5.937831e-01 -1.727097e-01
3.850569e-01 6.868282e-01 5.852888e-01 -1.934818e-01
3.850459e-01 6.881316e-01 5.764995e-01 -2.141563e-01
3.848413e-01 6.890844e-01 5.674196e-01 -2.347228e-01
3.844433e-01 6.896862e-01 5.580539e-01 -2.551708e-01
3.838520e-01 6.899366e-01 5.484070e-01 -2.754903e-01
3.830677e-01 6.898354e-01 5.384839e-01 -2.956708e-01
3.820909e-01 6.893827e-01 5.282897e-01 -3.157024e-01
3.809221e-01 6.885787e-01 5.178294e-01 -3.355748e-01
3.795618e-01 6.874236e-01 5.071085e-01 -3.552782e-01
3.780108e-01 6.859181e-01 4.961323e-01 -3.748025e-01
3.762699e-01 6.840628e-01 4.849064e-01 -3.941380e-01
3.743399e-01 6.818587e-01 4.734366e-01 -4.132749e-01
3.722218e-01 6.793068e-01 4.617285e-01 -4.322036e-01
3.699166e-01 6.764084e-01 4.497881e-01 -4.509146e-01
3.674256e-01 6.731649e-01 4.376216e-01 -4.693983e-01
3.647500e-01 6.695779e-01 4.252349e-01 -4.876456e-01
3.618911e-01 6.656491e-01 4.126344e-01 -5.056471e-01
3.588503e-01 6.613805e-01 3.998264e-01 -5.233938e-01
3.556292e-01 6.567743e-01 3.868174e-01 -5.408768e-01
3.522293e-01 6.518326e-01 3.736140e-01 -5.580872e-01
3.486524e-01 6.465580e-01 3.602229e-01 -5.750163e-01
3.449003e-01 6.409531e-01 3.466507e-01 -5.916555e-01
3.409747e-01 6.350207e-01 3.329043e-01 -6.079965e-01
3.368777e-01 6.287637e-01 3.189908e-01 -6.240308e-01
3.326114e-01 6.221853e-01 3.049171e-01 -6.397505e-01
3.281777e-01 6.152888e-01 2.906903e-01 -6.551475e-01
3.235790e-01 6.080776e-01 2.763176e-01 -6.702141e-01
3.188175e-01 6.005553e-01 2.618062e-01 -6.849425e-01
3.138956e-01 5.927258e-01 2.471636e-01 -6.993252e-01
3.088158e-01 5.845930e-01 2.323970e-01 -7.133551e-01
3.035805e-01 5.761609e-01 2.175141e-01 -7.270248e-01
2.981924e-01 5.674339e-01 2.025222e-01 -7.403275e-01
2.926542e-01 5.584162e-01 1.874290e-01 -7.532564e-01
2.869686e-01 5.491126e-01 1.722421e-01 -7.658049e-01
2.811385e-01 5.395276e-01 1.569692e-01 -7.779665e-01
2.751667e-01 5.296661e-01 1.416180e-01 -7.897351e-01
2.690563e-01 5.195331e-01 1.261963e-01 -8.011046e-01
2.628103e-01 5.091338e-01 1.107120e-01 -8.120692e-01
2.564318e-01 4.984734e-01 9.517282e-02 -8.226233e-01
2.499240e-01 4.875573e-01 7.958670e-02 -8.327615e-01
2.432902e-01 4.763911e-01 6.396153e-02 -8.424787e-01
2.365336e-01 4.649804e-01 4.830524e-02 -8.517697e-01
2.296577e-01 4.533310e-01 3.262578e-02 -8.606300e-01
2.226659e-01 4.414486e-01 1.693110e-02 -8.690549e-01
2.155618e-01 4.293394e-01 1.229175e-03 -8.770401e-01
2.083488e-01 4.170094e-01 -1.447203e-02 -8.845816e-01
2.010306e-01 4.044648e-01 -3.016455e-02 -8.916754e-01
1.936109e-01 3.917121e-01 -4.584040e-02 -8.983179e-01
1.860934e-01 3.787576e-01 -6.149163e-02 -9.045058e-01
1.784819e-01 3.656080e-01 -7.711029e-02 -9.102357e-01
1.707802e-01 3.522699e-01 -9.268844e-02 -9.155047e-01
1.629922e-01 3.387502e-01 -1.082182e-01 -9.203101e-01
1.551217e-01 3.250556e-01 -1.236916e-01 -9.246494e-01
1.471728e-01 3.111932e-01 -1.391008e-01 -9.285203e-01
1.391494e-01 2.971700e-01 -1.544380e-01 -9.319208e-01
1.310556e-01 2.829932e-01 -1.696953e-01 -9.348490e-01
1.228955e-01 2.686701e-01 -1.848651e-01 -9.373036e-01
1.146731e-01 2.542080e-01 -1.999396e-01 -9.392830e-01
1.063926e-01 2.396141e-01 -2.149111e-01 -9.407863e-01
9.805816e-02 2.248962e-01 -2.297720e-01 -9.418127e-01
8.967397e-02 2.100616e-01 -2.445148e-01 -9.423615e-01
8.124426e-02 1.951179e-01 -2.591318e-01 -9.424325e-01
7.277327e-02 1.800729e-01 -2.736158e-01 -9.420256e-01
6.426526e-02 1.649343e-01 -2.879593e-01 -9.411408e-01
5.572453e-02 1.497097e-01 -3.021551e-01 -9.397787e-01
4.715536e-02 1.344071e-01 -3.161958e-01 -9.379399e-01
3.856207e-02 1.190343e-01 -3.300744e-01 -9.356253e-01
2.994899e-02 1.035992e-01 -3.437838e-01 -9.328360e-01
2.132045e-02 8.810964e-02 -3.573170e-01 -9.295734e-01
1.268079e-02 7.257365e-02 -3.706671e-01 -9.258392e-01
4.034366e-03 5.699919e-02 -3.838273e-01 -9.216352e-01
-4.614484e-03 4.139424e-02 -3.967911e-01 -9.169635e-01
-1.326141e-02 2.576682e-02 -4.095516e-01 -9.118266e-01
-2.190206e-02 1.012494e-02 -4.221026e-01 -9.062269e-01
-3.053210e-02 -5.523373e-03 -4.344375e-01 -9.001674e-01
-3.914718e-02 -2.117011e-02 -4.465502e-01 -8.936511e-01
-4.774299e-02 -3.680724e-02 -4.584344e-01 -8.866813e-01
-5.631520e-02 -5.242676e-02 -4.700842e-01 -8.792616e-01
-6.485947e-02 -6.802068e-02 -4.814936e-01 -8.713956e-01
-7.337150e-02 -8.358102e-02 -4.926569e-01 -8.630875e-01
-8.184698e-02 -9.909980e-02 -5.035683e-01 -8.543414e-01
-9.028163e-02 -1.145691e-01 -5.142225e-01 -8.451618e-01
-9.867118e-02 -1.299810e-01 -5.246139e-01 -8.355532e-01
-1.070114e-01 -1.453275e-01 -5.347374e-01 -8.255207e-01
-1.152980e-01 -1.606009e-01 -5.445877e-01 -8.150693e-01
-1.235270e-01 -1.757933e-01 -5.541601e-01 -8.042042e-01
-1.316939e-01 -1.908969e-01 -5.634495e-01 -7.929311e-01
-1.397949e-01 -2.059040e-01 -5.724513e-01 -7.812557e-01
-1.478257e-01 -2.208068e-01 -5.811610e-01 -7.691839e-01
-1.557823e-01 -2.355979e-01 -5.895742e-01 -7.567218e-01
-1.636606e-01 -2.502694e-01 -5.976867e-01 -7.438757e-01
-1.714567e-01 -2.648140e-01 -6.054943e-01 -7.306523e-01
-1.791667e-01 -2.792242e-01 -6.129932e-01 -7.170582e-01
-1.867865e-01 -2.934926e-01 -6.201797e-01 -7.031004e-01
-1.943124e-01 -3.076118e-01 -6.270500e-01 -6.887859e-01
-2.017405e-01 -3.215746e-01 -6.336008e-01 -6.741220e-01
-2.090671e-01 -3.353739e-01 -6.398289e-01 -6.591163e-01
-2.162885e-01 -3.490025e-01 -6.457311e-01 -6.437763e-01
-2.234010e-01 -3.624536e-01 -6.513045e-01 -6.281098e-01
-2.304009e-01 -3.757200e-01 -6.565463e-01 -6.121249e-01
-2.372848e-01 -3.887951e-01 -6.614540e-01 -5.958296e-01
-2.440492e-01 -4.016722e-01 -6.660251e-01 -5.792323e-01
-2.506905e-01 -4.143445e-01 -6.702575e-01 -5.623414e-01
-2.572055e-01 -4.268056e-01 -6.741490e-01 -5.451655e-01
-2.635909e-01 -4.390491e-01 -6.776978e-01 -5.277134e-01
-2.698434e-01 -4.510688e-01 -6.809022e-01 -5.099939e-01
-2.759598e-01 -4.628584e-01 -6.837606e-01 -4.920160e-01
-2.819371e-01 -4.744118e-01 -6.862717e-01 -4.737889e-01
-2.877723e-01 -4.857233e-01 -6.884344e-01 -4.553219e-01
-2.934623e-01 -4.967870e-01 -6.902476e-01 -4.366244e-01
-2.990044e-01 -5.075972e-01 -6.917104e-01 -4.177058e-01
-3.043958e-01 -5.181483e-01 -6.928224e-01 -3.985757e-01
-3.096336e-01 -5.284351e-01 -6.935830e-01 -3.792440e-01
-3.147153e-01 -5.384521e-01 -6.939921e-01 -3.597203e-01
-3.196383e-01 -5.481942e-01 -6.940493e-01 -3.400147e-01
-3.244001e-01 -5.576566e-01 -6.937550e-01 -3.201371e-01
-3.289983e-01 -5.668342e-01 -6.931094e-01 -3.000976e-01
-3.334306e-01 -5.757225e-01 -6.921128e-01 -2.799063e-01
-3.376948e-01 -5.843168e-01 -6.907660e-01 -2.595735e-01
-3.417887e-01 -5.926129e-01 -6.890697e-01 -2.391096e-01
-3.457103e-01 -6.006063e-01 -6.870250e-01 -2.185248e-01
-3.494575e-01 -6.082931e-01 -6.846330e-01 -1.978296e-01
-3.530286e-01 -6.156694e-01 -6.818950e-01 -1.770344e-01
-3.564217e-01 -6.227313e-01 -6.788126e-01 -1.561498e-01
-3.596352e-01 -6.294753e-01 -6.753873e-01 -1.351864e-01
-3.626673e-01 -6.358979e-01 -6.716212e-01 -1.141546e-01
-3.655166e-01 -6.419958e-01 -6.675162e-01 -9.306518e-02
-3.681817e-01 -6.477660e-01 -6.630745e-01 -7.192875e-02
-3.706612e-01 -6.532054e-01 -6.582984e-01 -5.075595e-02
-3.729539e-01 -6.583114e-01 -6.531905e-01 -2.955747e-02
-3.750587e-01 -6.630812e-01 -6.477536e-01 -8.343991e-03
-3.769744e-01 -6.675126e-01 -6.419903e-01 1.287380e-02
-3.787001e-01 -6.716032e-01 -6.359038e-01 3.408521e-02
-3.802350e-01 -6.753509e-01 -6.294971e-01 5.527957e-02
-3.815783e-01 -6.787539e-01 -6.227738e-01 7.644621e-02
-3.827293e-01 -6.818103e-01 -6.157371e-01 9.757447e-02
-3.836874e-01 -6.845187e-01 -6.083908e-01 1.186537e-01
-3.844522e-01 -6.868776e-01 -6.007387e-01 1.396734e-01
-3.850233e-01 -6.888859e-01 -5.927846e-01 1.606229e-01
-3.854002e-01 -6.905425e-01 -5.845327e-01 1.814918e-01
-3.855830e-01 -6.918464e-01 -5.759873e-01 2.022694e-01
-3.855714e-01 -6.927972e-01 -5.671526e-01 2.229455e-01
-3.853655e-01 -6.933941e-01 -5.580333e-01 2.435095e-01
-3.849653e-01 -6.936370e-01 -5.486340e-01 2.639513e-01
-3.843710e-01 -6.935256e-01 -5.389594e-01 2.842604e-01
-3.835829e-01 -6.930600e-01 -5.290145e-01 3.044267e-01
-3.826014e-01 -6.922405e-01 -5.188043e-01 3.244401e-01
-3.814269e-01 -6.910673e-01 -5.083340e-01 3.442905e-01
-3.800601e-01 -6.895411e-01 -4.976090e-01 3.639679e-01
-3.785015e-01 -6.876627e-01 -4.866346e-01 3.834625e-01
-3.767519e-01 -6.854328e-01 -4.754164e-01 4.027644e-01
-3.748122e-01 -6.828527e-01 -4.639600e-01 4.218638e-01
-3.726832e-01 -6.799236e-01 -4.522713e-01 4.407513e-01
-3.703661e-01 -6.766471e-01 -4.403561e-01 4.594172e-01
-3.678619e-01 -6.730246e-01 -4.282205e-01 4.778522e-01
-3.651719e-01 -6.690581e-01 -4.158705e-01 4.960469e-01
-3.622974e-01 -6.647494e-01 -4.033124e-01 5.139922e-01
-3.592397e-01 -6.601009e-01 -3.905524e-01 5.316789e-01
-3.560003e-01 -6.551148e-01 -3.775971e-01 5.490982e-01
-3.525809e-01 -6.497936e-01 -3.644529e-01 5.662412e-01
-3.489831e-01 -6.441400e-01 -3.511265e-01 5.830992e-01
-3.452086e-01 -6.381569e-01 -3.376246e-01 5.996637e-01
-3.412593e-01 -6.318472e-01 -3.239538e-01 6.159262e-01
-3.371372e-01 -6.252142e-01 -3.101213e-01 6.318785e-01
-3.328441e-01 -6.182613e-01 -2.961338e-01 6.475126e-01
-3.283824e-01 -6.109919e-01 -2.819985e-01 6.628203e-01
-3.237541e-01 -6.034097e-01 -2.677224e-01 6.777940e-01
-3.189615e-01 -5.955187e-01 -2.533128e-01 6.924259e-01
-3.140070e-01 -5.873227e-01 -2.387770e-01 7.067087e-01
-3.088929e-01 -5.788260e-01 -2.241222e-01 7.206350e-01
-3.036220e-01 -5.700329e-01 -2.093558e-01 7.341977e-01
-2.981966e-01 -5.609478e-01 -1.944854e-01 7.473900e-01
-2.926196e-01 -5.515753e-01 -1.795185e-01 7.602049e-01
-2.868937e-01 -5.419203e-01 -1.644625e-01 7.726361e-01
-2.810217e-01 -5.319875e-01 -1.493252e-01 7.846771e-01
-2.750065e-01 -5.217819e-01 -1.341141e-01 7.963219e-01
-2.688511e-01 -5.113086e-01 -1.188370e-01 8.075645e-01
-2.625585e-01 -5.005729e-01 -1.035015e-01 8.183992e-01
-2.561320e-01 -4.895803e-01 -8.811551e-02 8.288204e-01
-2.495746e-01 -4.783362e-01 -7.268673e-02 8.388228e-01
-2.428896e-01 -4.668463e-01 -5.722297e-02 8.484013e-01
-2.360804e-01 -4.551165e-01 -4.173206e-02 8.575509e-01
-2.291504e-01 -4.431526e-01 -2.622184e-02 8.662669e-01
-2.221029e-01 -4.309608e-01 -1.070015e-02 8.745448e-01
-2.149416e-01 -4.185471e-01 4.825140e-03 8.823804e-01
-2.076700e-01 -4.059180e-01 2.034617e-02 8.897695e-01
-2.002916e-01 -3.930799e-01 3.585509e-02 8.967084e-01
-1.928103e-01 -3.800392e-01 5.134402e-02 9.031933e-01
-1.852298e-01 -3.668027e-01 6.680512e-02 9.092210e-01
-1.775538e-01 -3.533771e-01 8.223055e-02 9.147882e-01
-1.697862e-01 -3.397693e-01 9.761248e-02 9.198920e-01
-1.619309e-01 -3.259862e-01 1.129431e-01 9.245297e-01
-1.539919e-01 -3.120349e-01 1.282147e-01 9.286989e-01
-1.459731e-01 -2.979225e-01 1.434194e-01 9.323974e-01
-1.378786e-01 -2.836564e-01 1.585495e-01 9.356231e-01
-1.297124e-01 -2.692437e-01 1.735974e-01 9.383744e-01
-1.214787e-01 -2.546920e-01 1.885554e-01 9.406497e-01
-1.131816e-01 -2.400087e-01 2.034159e-01 9.424477e-01
-1.048253e-01 -2.252014e-01 2.181714e-01 9.437676e-01
-9.641400e-02 -2.102777e-01 2.328143e-01 9.446085e-01
-8.795195e-02 -1.952453e-01 2.473372e-01 9.449699e-01
-7.944342e-02 -1.801119e-01 2.617327e-01 9.448515e-01
-7.089271e-02 -1.648854e-01 2.759936e-01 9.442534e-01
-6.230413e-02 -1.495736e-01 2.901125e-01 9.431758e-01
-5.368204e-02 -1.341844e-01 3.040823e-01 9.416192e-01
-4.503079e-02 -1.187257e-01 3.178959e-01 9.395843e-01
-3.635474e-02 -1.032056e-01 3.315463e-01 9.370720e-01
-2.765829e-02 -8.763193e-02 3.450265e-01 9.340837e-01
-1.894583e-02 -7.201284e-02 3.583297e-01 9.306208e-01
-1.022175e-02 -5.635635e-02 3.714491e-01 9.266850e-01
-1.490483e-03 -4.067052e-02 3.843781e-01 9.222782e-01
7.243574e-03 -2.496344e-02 3.971102e-01 9.174028e-01
1.597601e-02 -9.243176e-03 4.096388e-01 9.120611e-01
2.470240e-02 6.482171e-03 4.219576e-01 9.062558e-01
3.341834e-02 2.220452e-02 4.340604e-01 8.999899e-01
4.211944e-02 3.791579e-02 4.459410e-01 8.932664e-01
5.080130e-02 5.360791e-02 4.575935e-01 8.860889e-01
5.945953e-02 6.927283e-02 4.690119e-01 8.784610e-01
6.808976e-02 8.490252e-02 4.801904e-01 8.703864e-01
7.668759e-02 1.004889e-01 4.911234e-01 8.618693e-01
8.524866e-02 1.160241e-01 5.018055e-01 8.529140e-01
9.376860e-02 1.315000e-01 5.122310e-01 8.435251e-01
1.022431e-01 1.469088e-01 5.223949e-01 8.337072e-01
1.106678e-01 1.622424e-01 5.322920e-01 8.234654e-01
1.190385e-01 1.774930e-01 5.419173e-01 8.128048e-01
1.273508e-01 1.926527e-01 5.512660e-01 8.017310e-01
1.356004e-01 2.077138e-01 5.603333e-01 7.902494e-01
1.437833e-01 2.226684e-01 5.691147e-01 7.783660e-01
1.518951e-01 2.375089e-01 5.776058e-01 7.660868e-01
1.599316e-01 2.522275e-01 5.858024e-01 7.534180e-01
1.678889e-01 2.668167e-01 5.937004e-01 7.403662e-01
1.757627e-01 2.812688e-01 6.012958e-01 7.269379e-01
1.835490e-01 2.955766e-01 6.085848e-01 7.131401e-01
1.912439e-01 3.097324e-01 6.155639e-01 6.989797e-01
1.988434e-01 3.237292e-01 6.222296e-01 6.844641e-01
2.063436e-01 3.375595e-01 6.285785e-01 6.696006e-01
2.137407e-01 3.512163e-01 6.346077e-01 6.543968e-01
2.210308e-01 3.646925e-01 6.403140e-01 6.388605e-01
2.282102e-01 3.779812e-01 6.456948e-01 6.229997e-01
2.352753e-01 3.910756e-01 6.507473e-01 6.068223e-01
2.422224e-01 4.039688e-01 6.554693e-01 5.903368e-01
2.490480e-01 4.166542e-01 6.598583e-01 5.735515e-01
2.557485e-01 4.291254e-01 6.639123e-01 5.564751e-01
2.623207e-01 4.413759e-01 6.676294e-01 5.391161e-01
2.687610e-01 4.533993e-01 6.710078e-01 5.214835e-01
2.750663e-01 4.651897e-01 6.740460e-01 5.035863e-01
2.812333e-01 4.767409e-01 6.767424e-01 4.854335e-01
2.872589e-01 4.880469e-01 6.790959e-01 4.670345e-01
2.931399e-01 4.991021e-01 6.811055e-01 4.483986e-01
2.988735e-01 5.099009e-01 6.827702e-01 4.295353e-01
3.044566e-01 5.204376e-01 6.840894e-01 4.104542e-01
3.098866e-01 5.307069e-01 6.850624e-01 3.911649e-01
3.151605e-01 5.407036e-01 6.856890e-01 3.716774e-01
3.202757e-01 5.504227e-01 6.859689e-01 3.520014e-01
3.252296e-01 5.598592e-01 6.859022e-01 3.321470e-01
3.300198e-01 5.690083e-01 6.854889e-01 3.121241e-01
3.346437e-01 5.778655e-01 6.847294e-01 2.919431e-01
3.390990e-01 5.864262e-01 6.836242e-01 2.716140e-01
3.433834e-01 5.946860e-01 6.821740e-01 2.511473e-01
3.474949e-01 6.026408e-01 6.803797e-01 2.305532e-01
3.514311e-01 6.102866e-01 6.782424e-01 2.098422e-01
3.551902e-01 6.176193e-01 6.757632e-01 1.890248e-01
3.587701e-01 6.246354e-01 6.729436e-01 1.681116e-01
3.621692e-01 6.313312e-01 6.697852e-01 1.471130e-01
3.653855e-01 6.377033e-01 6.662896e-01 1.260398e-01
3.684176e-01 6.437486e-01 6.624589e-01 1.049025e-01
3.712637e-01 6.494639e-01 6.582949e-01 8.371192e-02
3.739225e-01 6.548464e-01 6.538001e-01 6.247863e-02
3.763926e-01 6.598933e-01 6.489768e-01 4.121337e-02
3.786727e-01 6.646021e-01 6.438275e-01 1.992688e-02
3.807616e-01 6.689705e-01 6.383551e-01 -1.370138e-03
3.826583e-01 6.729961e-01 6.325623e-01 -2.266695e-02
3.843617e-01 6.766770e-01 6.264523e-01 -4.395283e-02
3.858709e-01 6.800112e-01 6.200283e-01 -6.521708e-02
3.871852e-01 6.829972e-01 6.132936e-01 -8.644902e-02
3.883039e-01 6.856334e-01 6.062516e-01 -1.076380e-01
3.892263e-01 6.879184e-01 5.989062e-01 -1.287733e-01
3.899520e-01 6.898512e-01 5.912609e-01 -1.498443e-01
3.904804e-01 6.914307e-01 5.833199e-01 -1.708405e-01
3.908114e-01 6.926562e-01 5.750871e-01 -1.917514e-01
3.909448e-01 6.935271e-01 5.665668e-01 -2.125664e-01
3.908802e-01 6.940429e-01 5.577633e-01 -2.332751e-01
3.906179e-01 6.942033e-01 5.486811e-01 -2.538671e-01
3.901578e-01 6.940083e-01 5.393248e-01 -2.743320e-01
3.895001e-01 6.934581e-01 5.296993e-01 -2.946596e-01
3.886451e-01 6.925528e-01 5.198092e-01 -3.148397e-01
3.875932e-01 6.912929e-01 5.096597e-01 -3.348621e-01
3.863447e-01 6.896792e-01 4.992559e-01 -3.547167e-01
3.849003e-01 6.877123e-01 4.886030e-01 -3.743936e-01
3.832606e-01 6.853934e-01 4.777064e-01 -3.938830e-01
3.814264e-01 6.827236e-01 4.665715e-01 -4.131748e-01
3.793986e-01 6.797042e-01 4.552040e-01 -4.322595e-01
3.771779e-01 6.763368e-01 4.436096e-01 -4.511274e-01
3.747656e-01 6.726230e-01 4.317940e-01 -4.697690e-01
3.721627e-01 6.685649e-01 4.197633e-01 -4.881748e-01
3.693705e-01 6.641644e-01 4.075235e-01 -5.063356e-01
3.663902e-01 6.594237e-01 3.950806e-01 -5.242422e-01
3.632233e-01 6.543454e-01 3.824410e-01 -5.418854e-01
3.598713e-01 6.489319e-01 3.696109e-01 -5.592564e-01
3.563359e-01 6.431861e-01 3.565969e-01 -5.763463e-01
3.526186e-01 6.371109e-01 3.434054e-01 -5.931464e-01
3.487213e-01 6.307093e-01 3.300430e-01 -6.096482e-01
3.446459e-01 6.239846e-01 3.165165e-01 -6.258432e-01
3.403943e-01 6.169403e-01 3.028327e-01 -6.417232e-01
3.359687e-01 6.095801e-01 2.889983e-01 -6.572801e-01
3.313711e-01 6.019075e-01 2.750205e-01 -6.725060e-01
3.266037e-01 5.939267e-01 2.609061e-01 -6.873930e-01
3.216690e-01 5.856416e-01 2.466623e-01 -7.019335e-01
3.165693e-01 5.770564e-01 2.322963e-01 -7.161202e-01
3.113071e-01 5.681755e-01 2.178153e-01 -7.299458e-01
3.058850e-01 5.590033e-01 2.032266e-01 -7.434033e-01
3.003056e-01 5.495445e-01 1.885376e-01 -7.564859e-01
2.945717e-01 5.398037e-01 1.737556e-01 -7.691869e-01
2.886860e-01 5.297859e-01 1.588881e-01 -7.814997e-01
2.826514e-01 5.194962e-01 1.439425e-01 -7.934182e-01
2.764710e-01 5.089396e-01 1.289265e-01 -8.049362e-01
2.701476e-01 4.981216e-01 1.138475e-01 -8.160477e-01
2.636846e-01 4.870476e-01 9.871314e-02 -8.267471e-01
2.570849e-01 4.757233e-01 8.353107e-02 -8.370288e-01
2.503520e-01 4.641543e-01 6.830893e-02 -8.468876e-01
2.434891e-01 4.523465e-01 5.305439e-02 -8.563182e-01
2.364996e-01 4.403060e-01 3.777515e-02 -8.653159e-01
2.293870e-01 4.280389e-01 2.247891e-02 -8.738758e-01
2.221548e-01 4.155515e-01 7.173411e-03 -8.819936e-01
2.148067e-01 4.028501e-01 -8.133629e-03 -8.896650e-01
2.073463e-01 3.899412e-01 -2.343447e-02 -8.968859e-01
1.997772e-01 3.768314e-01 -3.872138e-02 -9.036525e-01
1.921035e-01 3.635275e-01 -5.398661e-02 -9.099612e-01
1.843287e-01 3.500363e-01 -6.922246e-02 -9.158088e-01
1.764569e-01 3.363648e-01 -8.442119e-02 -9.211920e-01
1.684921e-01 3.225200e-01 -9.957511e-02 -9.261080e-01
1.604381e-01 3.085089e-01 -1.146765e-01 -9.305542e-01
1.522992e-01 2.943390e-01 -1.297178e-01 -9.345281e-01
1.440793e-01 2.800174e-01 -1.446913e-01 -9.380276e-01
1.357826e-01 2.655516e-01 -1.595894e-01 -9.410508e-01
1.274134e-01 2.509491e-01 -1.744046e-01 -9.435960e-01
1.189759e-01 2.362174e-01 -1.891294e-01 -9.456618e-01
1.104743e-01 2.213641e-01 -2.037562e-01 -9.472469e-01
1.019130e-01 2.063970e-01 -2.182777e-01 -9.483506e-01
9.329622e-02 1.913238e-01 -2.326864e-01 -9.489721e-01
8.462846e-02 1.761524e-01 -2.469751e-01 -9.491110e-01
7.591408e-02 1.608905e-01 -2.611365e-01 -9.487671e-01
6.715750e-02 1.455462e-01 -2.751634e-01 -9.479405e-01
5.836319e-02 1.301273e-01 -2.890487e-01 -9.466316e-01
4.953562e-02 1.146419e-01 -3.027854e-01 -9.448410e-01
4.067927e-02 9.909790e-02 -3.163665e-01 -9.425694e-01
3.179866e-02 8.350347e-02 -3.297850e-01 -9.398180e-01
2.289831e-02 6.786664e-02 -3.430343e-01 -9.365881e-01
1.398275e-02 5.219550e-02 -3.561076e-01 -9.328813e-01
5.056524e-03 3.649816e-02 -3.689982e-01 -9.286994e-01
-3.875833e-03 2.078273e-02 -3.816997e-01 -9.240446e-01
-1.280977e-02 5.057322e-03 -3.942056e-01 -9.189191e-01
-2.174073e-02 -1.066995e-02 -4.065096e-01 -9.133255e-01
-3.066418e-02 -2.639099e-02 -4.186055e-01 -9.072666e-01
-3.957557e-02 -4.209769e-02 -4.304872e-01 -9.007454e-01
-4.847037e-02 -5.778197e-02 -4.421486e-01 -8.937653e-01
-5.734403e-02 -7.343576e-02 -4.535839e-01 -8.863298e-01
-6.619204e-02 -8.905099e-02 -4.647873e-01 -8.784425e-01
-7.500985e-02 -1.046196e-01 -4.757531e-01 -8.701076e-01
-8.379293e-02 -1.201336e-01 -4.864759e-01 -8.613291e-01
-9.253677e-02 -1.355849e-01 -4.969502e-01 -8.521116e-01
-1.012369e-01 -1.509655e-01 -5.071707e-01 -8.424597e-01
-1.098887e-01 -1.662675e-01 -5.171324e-01 -8.323783e-01
-1.184878e-01 -1.814829e-01 -5.268301e-01 -8.218727e-01
-1.270298e-01 -1.966038e-01 -5.362590e-01 -8.109480e-01
-1.355102e-01 -2.116223e-01 -5.454145e-01 -7.996099e-01
-1.439247e-01 -2.265307e-01 -5.542919e-01 -7.878642e-01
-1.522689e-01 -2.413212e-01 -5.628868e-01 -7.757169e-01
-1.605384e-01 -2.559862e-01 -5.711949e-01 -7.631742e-01
-1.687291e-01 -2.705180e-01 -5.792120e-01 -7.502426e-01
-1.768366e-01 -2.849090e-01 -5.869343e-01 -7.369286e-01
-1.848567e-01 -2.991519e-01 -5.943578e-01 -7.232392e-01
-1.927854e-01 -3.132392e-01 -6.014790e-01 -7.091812e-01
-2.006185e-01 -3.271636e-01 -6.082943e-01 -6.947620e-01
-2.083519e-01 -3.409178e-01 -6.148004e-01 -6.799890e-01
-2.159817e-01 -3.544949e-01 -6.209941e-01 -6.648696e-01
-2.235039e-01 -3.678877e-01 -6.268723e-01 -6.494118e-01
-2.309146e-01 -3.810893e-01 -6.324324e-01 -6.336234e-01
-2.382100e-01 -3.940930e-01 -6.376715e-01 -6.175126e-01
-2.453864e-01 -4.068919e-01 -6.425872e-01 -6.010875e-01
-2.524399e-01 -4.194796e-01 -6.471771e-01 -5.843567e-01
-2.593671e-01 -4.318495e-01 -6.514391e-01 -5.673286e-01
-2.661642e-01 -4.439954e-01 -6.553712e-01 -5.500121e-01
-2.728279e-01 -4.559109e-01 -6.589715e-01 -5.324160e-01
-2.793547e-01 -4.675900e-01 -6.622383e-01 -5.145493e-01
-2.857412e-01 -4.790268e-01 -6.651703e-01 -4.964211e-01
-2.919841e-01 -4.902153e-01 -6.677660e-01 -4.780406e-01
-2.980803e-01 -5.011499e-01 -6.700243e-01 -4.594174e-01
-3.040266e-01 -5.118251e-01 -6.719443e-01 -4.405608e-01
-3.098199e-01 -5.222355e-01 -6.735250e-01 -4.214804e-01
-3.154573e-01 -5.323757e-01 -6.747660e-01 -4.021861e-01
-3.209360e-01 -5.422406e-01 -6.756667e-01 -3.826875e-01
-3.262530e-01 -5.518254e-01 -6.762268e-01 -3.629946e-01
-3.314056e-01 -5.611251e-01 -6.764461e-01 -3.431174e-01
-3.363913e-01 -5.701351e-01 -6.763248e-01 -3.230660e-01
-3.412074e-01 -5.788509e-01 -6.758629e-01 -3.028505e-01
-3.458516e-01 -5.872681e-01 -6.750609e-01 -2.824812e-01
-3.503213e-01 -5.953826e-01 -6.739192e-01 -2.619684e-01
-3.546143e-01 -6.031902e-01 -6.724386e-01 -2.413224e-01
-3.587284e-01 -6.106872e-01 -6.706200e-01 -2.205538e-01
-3.626614e-01 -6.178697e-01 -6.684643e-01 -1.996729e-01
-3.664114e-01 -6.247342e-01 -6.659727e-01 -1.786904e-01
-3.699763e-01 -6.312771e-01 -6.631468e-01 -1.576170e-01
-3.733543e-01 -6.374951e-01 -6.599881e-01 -1.364632e-01
-3.765436e-01 -6.433852e-01 -6.564985e-01 -1.152398e-01
-3.795425e-01 -6.489443e-01 -6.526797e-01 -9.395744e-02
-3.823495e-01 -6.541697e-01 -6.485339e-01 -7.262698e-02
-3.849631e-01 -6.590586e-01 -6.440634e-01 -5.125913e-02
-3.873819e-01 -6.636088e-01 -6.392705e-01 -2.986467e-02
-3.896046e-01 -6.678178e-01 -6.341579e-01 -8.454371e-03
-3.916300e-01 -6.716836e-01 -6.287281e-01 1.296098e-02
-3.934571e-01 -6.752043e-01 -6.229842e-01 3.437062e-02
-3.950848e-01 -6.783781e-01 -6.169291e-01 5.576378e-02
-3.965123e-01 -6.812035e-01 -6.105660e-01 7.712970e-02
-3.977387e-01 -6.836791e-01 -6.038981e-01 9.845765e-02
-3.987635e-01 -6.858036e-01 -5.969290e-01 1.197369e-01
-3.995859e-01 -6.875760e-01 -5.896621e-01 1.409568e-01
-4.002055e-01 -6.889956e-01 -5.821014e-01 1.621068e-01
-4.006220e-01 -6.900615e-01 -5.742506e-01 1.831760e-01
-4.008349e-01 -6.907733e-01 -5.661137e-01 2.041541e-01
-4.008442e-01 -6.911307e-01 -5.576949e-01 2.250305e-01
-4.006497e-01 -6.911335e-01 -5.489984e-01 2.457947e-01
-4.002514e-01 -6.907818e-01 -5.400287e-01 2.664363e-01
-3.996495e-01 -6.900759e-01 -5.307902e-01 2.869448e-01
-3.988441e-01 -6.890159e-01 -5.212877e-01 3.073101e-01
-3.978356e-01 -6.876027e-01 -5.115259e-01 3.275219e-01
-3.966243e-01 -6.858369e-01 -5.015098e-01 3.475699e-01
-3.952108e-01 -6.837194e-01 -4.912443e-01 3.674442e-01
-3.935957e-01 -6.812514e-01 -4.807346e-01 3.871347e-01
-3.917797e-01 -6.784341e-01 -4.699859e-01 4.066315e-01
-3.897636e-01 -6.752689e-01 -4.590037e-01 4.259247e-01
-3.875482e-01 -6.717577e-01 -4.477934e-01 4.450046e-01
-3.851347e-01 -6.679020e-01 -4.363606e-01 4.638615e-01
-3.825241e-01 -6.637040e-01 -4.247111e-01 4.824860e-01
-3.797175e-01 -6.591658e-01 -4.128507e-01 5.008685e-01
-3.767165e-01 -6.542898e-01 -4.007852e-01 5.189998e-01
-3.735222e-01 -6.490784e-01 -3.885207e-01 5.368706e-01
-3.701363e-01 -6.435343e-01 -3.760634e-01 5.544719e-01
-3.665603e-01 -6.376604e-01 -3.634194e-01 5.717946e-01
-3.627959e-01 -6.314598e-01 -3.505952e-01 5.888299e-01
-3.588450e-01 -6.249355e-01 -3.375970e-01 6.055693e-01
-3.547093e-01 -6.180911e-01 -3.244314e-01 6.220040e-01
-3.503910e-01 -6.109299e-01 -3.111049e-01 6.381257e-01
-3.458921e-01 -6.034557e-01 -2.976244e-01 6.539263e-01
-3.412146e-01 -5.956722e-01 -2.839965e-01 6.693977e-01
-3.363609e-01 -5.875832e-01 -2.702280e-01 6.845320e-01
-3.313333e-01 -5.791930e-01 -2.563259e-01 6.993217e-01
-3.261342e-01 -5.705056e-01 -2.422971e-01 7.137590e-01
-3.207661e-01 -5.615255e-01 -2.281487e-01 7.278367e-01
-3.152316e-01 -5.522574e-01 -2.138877e-01 7.415476e-01
-3.095334e-01 -5.427057e-01 -1.995213e-01 7.548847e-01
-3.036742e-01 -5.328754e-01 -1.850567e-01 7.678410e-01
-2.976570e-01 -5.227715e-01 -1.705011e-01 7.804099e-01
-2.914846e-01 -5.123991e-01 -1.558619e-01 7.925850e-01
-2.851600e-01 -5.017635e-01 -1.411463e-01 8.043599e-01
-2.786864e-01 -4.908699e-01 -1.263618e-01 8.157287e-01
-2.720669e-01 -4.797240e-01 -1.115157e-01 8.266854e-01
-2.653047e-01 -4.683315e-01 -9.661558e-02 8.372243e-01
-2.584032e-01 -4.566981e-01 -8.166885e-02 8.473398e-01
-2.513658e-01 -4.448298e-01 -6.668305e-02 8.570268e-01
-2.441960e-01 -4.327327e-01 -5.166572e-02 8.662802e-01
-2.368974e-01 -4.204130e-01 -3.662440e-02 8.750950e-01
-2.294735e-01 -4.078769e-01 -2.156669e-02 8.834666e-01
-2.219281e-01 -3.951309e-01 -6.500164e-03 8.913906e-01
-2.142649e-01 -3.821817e-01 8.567569e-03 8.988628e-01
-2.064877e-01 -3.690358e-01 2.362890e-02 9.058792e-01
-1.986006e-01 -3.557000e-01 3.867623e-02 9.124360e-01
-1.906074e-01 -3.421813e-01 5.370195e-02 9.185297e-01
-1.825121e-01 -3.284866e-01 6.869846e-02 9.241571e-01
-1.743190e-01 -3.146231e-01 8.365816e-02 9.293151e-01
-1.660320e-01 -3.005979e-01 9.857348e-02 9.340008e-01
-1.576554e-01 -2.864182e-01 1.134369e-01 9.382118e-01
-1.491934e-01 -2.720916e-01 1.282408e-01 9.419457e-01
-1.406504e-01 -2.576253e-01 1.429778e-01 9.452005e-01
-1.320307e-01 -2.430270e-01 1.576403e-01 9.479743e-01
-1.233387e-01 -2.283043e-01 1.722209e-01 9.502656e-01
-1.145789e-01 -2.134647e-01 1.867123e-01 9.520730e-01
-1.057556e-01 -1.985161e-01 2.011070e-01 9.533956e-01
-9.687343e-02 -1.834662e-01 2.153978e-01 9.542324e-01
-8.793692e-02 -1.683228e-01 2.295775e-01 9.545830e-01
-7.895066e-02 -1.530939e-01 2.436387e-01 9.544471e-01
-6.991923e-02 -1.377873e-01 2.575745e-01 9.538246e-01
-6.084729e-02 -1.224111e-01 2.713777e-01 9.527157e-01
-5.173947e-02 -1.069732e-01 2.850414e-01 9.511210e-01
-4.260045e-02 -9.148164e-02 2.985586e-01 9.490411e-01
-3.343492e-02 -7.594450e-02 3.119224e-01 9.464771e-01
-2.424760e-02 -6.036982e-02 3.251262e-01 9.434302e-01
-1.504319e-02 -4.476568e-02 3.381633e-01 9.399018e-01
-5.826425e-03 -2.914017e-02 3.510270e-01 9.358937e-01
3.397964e-03 -1.350137e-02 3.637109e-01 9.314078e-01
1.262524e-02 2.142607e-03 3.762085e-01 9.264465e-01
2.185066e-02 1.778368e-02 3.885135e-01 9.210122e-01
3.106948e-02 3.341373e-02 4.006198e-01 9.151076e-01
4.027697e-02 4.902468e-02 4.125212e-01 9.087357e-01
4.946837e-02 6.460845e-02 4.242117e-01 9.018997e-01
5.863896e-02 8.015696e-02 4.356854e-01 8.946030e-01
6.778401e-02 9.566218e-02 4.469365e-01 8.868494e-01
7.689880e-02 1.111161e-01 4.579595e-01 8.786427e-01
8.597864e-02 1.265107e-01 4.687486e-01 8.699870e-01
9.501882e-02 1.418379e-01 4.792985e-01 8.608869e-01
1.040147e-01 1.570899e-01 4.896039e-01 8.513470e-01
1.129615e-01 1.722586e-01 4.996596e-01 8.413720e-01
1.218546e-01 1.873362e-01 5.094606e-01 8.309672e-01
1.306895e-01 2.023147e-01 5.190018e-01 8.201379e-01
1.394615e-01 2.171864e-01 5.282787e-01 8.088895e-01
1.481661e-01 2.319435e-01 5.372864e-01 7.972279e-01
1.567986e-01 2.465783e-01 5.460206e-01 7.851591e-01
1.653547e-01 2.610831e-01 5.544769e-01 7.726893e-01
1.738299e-01 2.754505e-01 5.626511e-01 7.598249e-01
1.822197e-01 2.896730e-01 5.705391e-01 7.465726e-01
1.905198e-01 3.037431e-01 5.781371e-01 7.329392e-01
1.987258e-01 3.176535e-01 5.854413e-01 7.189317e-01
2.068335e-01 3.313970e-01 5.924482e-01 7.045574e-01
2.148387e-01 3.449664e-01 5.991543e-01 6.898236e-01
2.227371e-01 3.583548e-01 6.055564e-01 6.747380e-01
2.305248e-01 3.715553e-01 6.116514e-01 6.593084e-01
2.381975e-01 3.845609e-01 6.174363e-01 6.435427e-01
2.457514e-01 3.973650e-01 6.229084e-01 6.274491e-01
2.531826e-01 4.099610e-01 6.280651e-01 6.110358e-01
2.604870e-01 4.223425e-01 6.329039e-01 5.943113e-01
2.676611e-01 4.345030e-01 6.374226e-01 5.772842e-01
2.747010e-01 4.464365e-01 6.416190e-01 5.599633e-01
2.816031e-01 4.581367e-01 6.454913e-01 5.423574e-01
2.883638e-01 4.695977e-01 6.490375e-01 5.244755e-01
2.949797e-01 4.808137e-01 6.522562e-01 5.063270e-01
3.014473e-01 4.917791e-01 6.551459e-01 4.879209e-01
3.077632e-01 5.024882e-01 6.577052e-01 4.692668e-01
3.139243e-01 5.129357e-01 6.599331e-01 4.503741e-01
3.199273e-01 5.231163e-01 6.618287e-01 4.312525e-01
3.257691e-01 5.330248e-01 6.633911e-01 4.119118e-01
3.314467e-01 5.426565e-01 6.646197e-01 3.923618e-01
3.369572e-01 5.520063e-01 6.655140e-01 3.726124e-01
3.422977e-01 5.610697e-01 6.660738e-01 3.526736e-01
3.474655e-01 5.698422e-01 6.662990e-01 3.325556e-01
3.524578e-01 5.783194e-01 6.661895e-01 3.122686e-01
3.572722e-01 5.864971e-01 6.657456e-01 2.918229e-01
3.619062e-01 5.943712e-01 6.649675e-01 2.712287e-01
3.663572e-01 6.019379e-01 6.638558e-01 2.504966e-01
3.706230e-01 6.091935e-01 6.624113e-01 2.296370e-01
3.747014e-01 6.161343e-01 6.606347e-01 2.086604e-01
3.785903e-01 6.227569e-01 6.585271e-01 1.875775e-01
3.822876e-01 6.290580e-01 6.560896e-01 1.663990e-01
3.857913e-01 6.350346e-01 6.533236e-01 1.451355e-01
3.890996e-01 6.406837e-01 6.502308e-01 1.237978e-01
3.922107e-01 6.460023e-01 6.468127e-01 1.023967e-01
3.951231e-01 6.509880e-01 6.430712e-01 8.094306e-02
3.978351e-01 6.556381e-01 6.390085e-01 5.944764e-02
4.003453e-01 6.599505e-01 6.346267e-01 3.792131e-02
4.026523e-01 6.639229e-01 6.299281e-01 1.637493e-02
4.047548e-01 6.675534e-01 6.249153e-01 -5.180674e-03
4.066519e-01 6.708404e-01 6.195908e-01 -2.673463e-02
4.083422e-01 6.737820e-01 6.139575e-01 -4.827612e-02
4.098251e-01 6.763771e-01 6.080183e-01 -6.979429e-02
4.110995e-01 6.786242e-01 6.017762e-01 -9.127834e-02
4.121648e-01 6.805224e-01 5.952346e-01 -1.127175e-01
4.130203e-01 6.820708e-01 5.883967e-01 -1.341010e-01
4.136655e-01 6.832685e-01 5.812660e-01 -1.554180e-01
4.141000e-01 6.841152e-01 5.738462e-01 -1.766579e-01
4.143234e-01 6.846105e-01 5.661411e-01 -1.978101e-01
4.143355e-01 6.847541e-01 5.581546e-01 -2.188639e-01
4.141363e-01 6.845460e-01 5.498906e-01 -2.398087e-01
4.137256e-01 6.839865e-01 5.413534e-01 -2.606340e-01
4.131036e-01 6.830759e-01 5.325472e-01 -2.813293e-01
4.122705e-01 6.818147e-01 5.234765e-01 -3.018843e-01
4.112266e-01 6.802035e-01 5.141458e-01 -3.222885e-01
4.099723e-01 6.782434e-01 5.045598e-01 -3.425318e-01
4.085081e-01 6.759353e-01 4.947232e-01 -3.626039e-01
4.068346e-01 6.732805e-01 4.846410e-01 -3.824947e-01
4.049525e-01 6.702803e-01 4.743182e-01 -4.021941e-01
4.028627e-01 6.669364e-01 4.637599e-01 -4.216922e-01
4.005661e-01 6.632504e-01 4.529715e-01 -4.409791e-01
3.980637e-01 6.592244e-01 4.419582e-01 -4.600450e-01
3.953566e-01 6.548604e-01 4.307256e-01 -4.788804e-01
3.924462e-01 6.501608e-01 4.192792e-01 -4.974755e-01
3.893338e-01 6.451278e-01 4.076248e-01 -5.158210e-01
3.860208e-01 6.397643e-01 3.957681e-01 -5.339075e-01
3.825087e-01 6.340729e-01 3.837151e-01 -5.517259e-01
3.787993e-01 6.280566e-01 3.714717e-01 -5.692669e-01
3.748943e-01 6.217185e-01 3.590441e-01 -5.865217e-01
3.707955e-01 6.150618e-01 3.464386e-01 -6.034816e-01
3.665049e-01 6.080899e-01 3.336613e-01 -6.201379e-01
3.620244e-01 6.008063e-01 3.207187e-01 -6.364823e-01
3.573562e-01 5.932146e-01 3.076172e-01 -6.525064e-01
3.525026e-01 5.853188e-01 2.943633e-01 -6.682021e-01
3.474657e-01 5.771228e-01 2.809638e-01 -6.835614e-01
3.422480e-01 5.686307e-01 2.674251e-01 -6.985765e-01
3.368521e-01 5.598469e-01 2.537542e-01 -7.132397e-01
3.312804e-01 5.507758e-01 2.399579e-01 -7.275434e-01
3.255358e-01 5.414221e-01 2.260429e-01 -7.414804e-01
3.196209e-01 5.317905e-01 2.120163e-01 -7.550434e-01
3.135387e-01 5.218858e-01 1.978850e-01 -7.682254e-01
3.072920e-01 5.117132e-01 1.836562e-01 -7.810196e-01
3.008840e-01 5.012779e-01 1.693368e-01 -7.934194e-01
2.943178e-01 4.905851e-01 1.549342e-01 -8.054183e-01
2.875966e-01 4.796403e-01 1.404555e-01 -8.170102e-01
2.807236e-01 4.684491e-01 1.259080e-01 -8.281889e-01
2.737023e-01 4.570173e-01 1.112989e-01 -8.389486e-01
2.665361e-01 4.453507e-01 9.663551e-02 -8.492837e-01
2.592286e-01 4.334552e-01 8.192528e-02 -8.591888e-01
2.517834e-01 4.213370e-01 6.717557e-02 -8.686586e-01
2.442042e-01 4.090023e-01 5.239379e-02 -8.776880e-01
2.364947e-01 3.964575e-01 3.758737e-02 -8.862724e-01
2.286589e-01 3.837091e-01 2.276379e-02 -8.944072e-01
2.207007e-01 3.707636e-01 7.930499e-03 -9.020879e-01
2.126240e-01 3.576278e-01 -6.905005e-03 -9.093106e-01
2.044330e-01 3.443084e-01 -2.173523e-02 -9.160712e-01
1.961318e-01 3.308124e-01 -3.655270e-02 -9.223662e-01
1.877245e-01 3.171467e-01 -5.134990e-02 -9.281921e-01
1.792156e-01 3.033186e-01 -6.611935e-02 -9.335459e-01
1.706092e-01 2.893351e-01 -8.085357e-02 -9.384244e-01
1.619098e-01 2.752036e-01 -9.554510e-02 -9.428252e-01
1.531219e-01 2.609315e-01 -1.101865e-01 -9.467457e-01
1.442499e-01 2.465261e-01 -1.247703e-01 -9.501838e-01
1.352983e-01 2.319951e-01 -1.392892e-01 -9.531375e-01
1.262719e-01 2.173459e-01 -1.537358e-01 -9.556053e-01
1.171752e-01 2.025863e-01 -1.681027e-01 -9.575856e-01
1.080129e-01 1.877239e-01 -1.823827e-01 -9.590774e-01
9.878967e-02 1.727665e-01 -1.965686e-01 -9.600798e-01
8.951036e-02 1.577218e-01 -2.106530e-01 -9.605920e-01
8.017972e-02 1.425979e-01 -2.246290e-01 -9.606138e-01
7.080257e-02 1.274024e-01 -2.384894e-01 -9.601450e-01
6.138376e-02 1.121434e-01 -2.522272e-01 -9.591858e-01
5.192815e-02 9.682879e-02 -2.658354e-01 -9.577365e-01
4.244064e-02 8.146653e-02 -2.793072e-01 -9.557978e-01
3.292612e-02 6.606460e-02 -2.926357e-01 -9.533707e-01
2.338951e-02 5.063101e-02 -3.058142e-01 -9.504563e-01
1.383571e-02 3.517378e-02 -3.188360e-01 -9.470560e-01
4.269654e-03 1.970094e-02 -3.316946e-01 -9.431714e-01
-5.303724e-03 4.220545e-03 -3.443834e-01 -9.388046e-01
-1.487947e-02 -1.125937e-02 -3.568960e-01 -9.339577e-01
-2.445265e-02 -2.673076e-02 -3.692262e-01 -9.286332e-01
-3.401829e-02 -4.218558e-02 -3.813676e-01 -9.228336e-01
-4.357144e-02 -5.761581e-02 -3.933142e-01 -9.165620e-01
-5.310716e-02 -7.301344e-02 -4.050600e-01 -9.098215e-01
-6.262050e-02 -8.837047e-02 -4.165989e-01 -9.026155e-01
-7.210654e-02 -1.036790e-01 -4.279253e-01 -8.949476e-01
-8.156034e-02 -1.189309e-01 -4.390333e-01 -8.868219e-01
-9.097700e-02 -1.341185e-01 -4.499174e-01 -8.782424e-01
-1.003516e-01 -1.492339e-01 -4.605722e-01 -8.692135e-01
-1.096794e-01 -1.642691e-01 -4.709922e-01 -8.597397e-01
-1.189554e-01 -1.792163e-01 -4.811723e-01 -8.498261e-01
-1.281748e-01 -1.940677e-01 -4.911072e-01 -8.394776e-01
-1.373328e-01 -2.088155e-01 -5.007921e-01 -8.286996e-01
-1.464246e-01 -2.234520e-01 -5.102220e-01 -8.174977e-01
-1.554455e-01 -2.379696e-01 -5.193923e-01 -8.058776e-01
-1.643908e-01 -2.523607e-01 -5.282984e-01 -7.938454e-01
-1.732558e-01 -2.666177e-01 -5.369358e-01 -7.814073e-01
-1.820359e-01 -2.807334e-01 -5.453003e-01 -7.685697e-01
-1.907264e-01 -2.947002e-01 -5.533876e-01 -7.553392e-01
-1.993229e-01 -3.085109e-01 -5.611939e-01 -7.417228e-01
-2.078208e-01 -3.221584e-01 -5.687153e-01 -7.277275e-01
-2.162157e-01 -3.356356e-01 -5.759481e-01 -7.133606e-01
-2.245032e-01 -3.489355e-01 -5.828888e-01 -6.986294e-01
-2.326791e-01 -3.620511e-01 -5.895339e-01 -6.835417e-01
-2.407390e-01 -3.749759e-01 -5.958803e-01 -6.681052e-01
-2.486787e-01 -3.877030e-01 -6.019249e-01 -6.523279e-01
-2.564941e-01 -4.002260e-01 -6.076648e-01 -6.362180e-01
-2.641812e-01 -4.125385e-01 -6.130973e-01 -6.197838e-01
-2.717358e-01 -4.246340e-01 -6.182198e-01 -6.030338e-01
-2.791542e-01 -4.365066e-01 -6.230299e-01 -5.859767e-01
-2.864325e-01 -4.481500e-01 -6.275253e-01 -5.686211e-01
-2.935668e-01 -4.595585e-01 -6.317039e-01 -5.509761e-01
-3.005535e-01 -4.707262e-01 -6.355638e-01 -5.330508e-01
-3.073889e-01 -4.816474e-01 -6.391033e-01 -5.148542e-01
-3.140695e-01 -4.923168e-01 -6.423206e-01 -4.963958e-01
-3.205919e-01 -5.027289e-01 -6.452144e-01 -4.776849e-01
-3.269526e-01 -5.128784e-01 -6.477834e-01 -4.587312e-01
-3.331485e-01 -5.227604e-01 -6.500265e-01 -4.395443e-01
-3.391761e-01 -5.323700e-01 -6.519426e-01 -4.201340e-01
-3.450326e-01 -5.417022e-01 -6.535310e-01 -4.005102e-01
-3.507147e-01 -5.507525e-01 -6.547911e-01 -3.806829e-01
-3.562196e-01 -5.595165e-01 -6.557223e-01 -3.606621e-01
-3.615444e-01 -5.679897e-01 -6.563243e-01 -3.404581e-01
-3.666864e-01 -5.761680e-01 -6.565971e-01 -3.200810e-01
-3.716428e-01 -5.840473e-01 -6.565405e-01 -2.995412e-01
-3.764111e-01 -5.916238e-01 -6.561548e-01 -2.788492e-01
-3.809889e-01 -5.988937e-01 -6.554402e-01 -2.580154e-01
-3.853736e-01 -6.058535e-01 -6.543973e-01 -2.370503e-01
-3.895631e-01 -6.124997e-01 -6.530268e-01 -2.159646e-01
-3.935551e-01 -6.188291e-01 -6.513293e-01 -1.947690e-01
-3.973476e-01 -6.248387e-01 -6.493059e-01 -1.734740e-01
-4.009386e-01 -6.305256e-01 -6.469577e-01 -1.520906e-01
-4.043261e-01 -6.358869e-01 -6.442859e-01 -1.306294e-01
-4.075083e-01 -6.409201e-01 -6.412919e-01 -1.091013e-01
-4.104836e-01 -6.456227e-01 -6.379775e-01 -8.751726e-02
-4.132504e-01 -6.499924e-01 -6.343443e-01 -6.588812e-02
-4.158072e-01 -6.540270e-01 -6.303945e-01 -4.422482e-02
-4.181526e-01 -6.577246e-01 -6.261300e-01 -2.253829e-02
-4.202853e-01 -6.610835e-01 -6.215531e-01 -8.394512e-04
-4.222041e-01 -6.641019e-01 -6.166662e-01 2.086075e-02
-4.239081e-01 -6.667785e-01 -6.114718e-01 4.255139e-02
-4.253961e-01 -6.691119e-01 -6.059728e-01 6.422155e-02
-4.266675e-01 -6.711011e-01 -6.001718e-01 8.586034e-02
-4.277213e-01 -6.727453e-01 -5.940718e-01 1.074569e-01
-4.285571e-01 -6.740435e-01 -5.876760e-01 1.290003e-01
-4.291742e-01 -6.749953e-01 -5.809877e-01 1.504797e-01
-4.295723e-01 -6.756003e-01 -5.740102e-01 1.718844e-01
-4.297510e-01 -6.758582e-01 -5.667470e-01 1.932036e-01
-4.297101e-01 -6.757690e-01 -5.592019e-01 2.144266e-01
-4.294496e-01 -6.753328e-01 -5.513786e-01 2.355426e-01
-4.289694e-01 -6.745500e-01 -5.432810e-01 2.565411e-01
-4.282697e-01 -6.734210e-01 -5.349132e-01 2.774115e-01
-4.273507e-01 -6.719464e-01 -5.262793e-01 2.981433e-01
-4.262128e-01 -6.701271e-01 -5.173838e-01 3.187260e-01
-4.248564e-01 -6.679641e-01 -5.082310e-01 3.391493e-01
-4.232820e-01 -6.654586e-01 -4.988255e-01 3.594027e-01
-4.214904e-01 -6.626118e-01 -4.891720e-01 3.794762e-01
-4.194823e-01 -6.594254e-01 -4.792752e-01 3.993595e-01
-4.172587e-01 -6.559009e-01 -4.691401e-01 4.190426e-01
-4.148204e-01 -6.520403e-01 -4.587718e-01 4.385155e-01
-4.121687e-01 -6.478456e-01 -4.481754e-01 4.577683e-01
-4.093048e-01 -6.433190e-01 -4.373561e-01 4.767912e-01
-4.062300e-01 -6.384629e-01 -4.263194e-01 4.955745e-01
-4.029457e-01 -6.332797e-01 -4.150708e-01 5.141088e-01
-3.994535e-01 -6.277722e-01 -4.036158e-01 5.323845e-01
-3.957551e-01 -6.219433e-01 -3.919601e-01 5.503924e-01
-3.918520e-01 -6.157958e-01 -3.801096e-01 5.681234e-01
-3.877462e-01 -6.093328e-01 -3.680702e-01 5.855687e-01
-3.834396e-01 -6.025578e-01 -3.558479e-01 6.027192e-01
-3.789342e-01 -5.954740e-01 -3.434488e-01 6.195664e-01
-3.742321e-01 -5.880851e-01 -3.308790e-01 6.361017e-01
-3.693355e-01 -5.803948e-01 -3.181447e-01 6.523167e-01
-3.642468e-01 -5.724071e-01 -3.052524e-01 6.682031e-01
-3.589684e-01 -5.641259e-01 -2.922084e-01 6.837528e-01
-3.535028e-01 -5.555555e-01 -2.790192e-01 6.989579e-01
-3.478527e-01 -5.467003e-01 -2.656914e-01 7.138104e-01
-3.420207e-01 -5.375648e-01 -2.522316e-01 7.283029e-01
-3.360098e-01 -5.281535e-01 -2.386465e-01 7.424279e-01
-3.298227e-01 -5.184714e-01 -2.249429e-01 7.561779e-01
-3.234626e-01 -5.085234e-01 -2.111277e-01 7.695460e-01
-3.169325e-01 -4.983146e-01 -1.972076e-01 7.825251e-01
-3.102356e-01 -4.878501e-01 -1.831898e-01 7.951086e-01
-3.033753e-01 -4.771354e-01 -1.690811e-01 8.072898e-01
-2.963549e-01 -4.661759e-01 -1.548887e-01 8.190624e-01
-2.891778e-01 -4.549774e-01 -1.406196e-01 8.304203e-01
-2.818477e-01 -4.435454e-01 -1.262810e-01 8.413575e-01
-2.743682e-01 -4.318860e-01 -1.118801e-01 8.518682e-01
-2.667429e-01 -4.200050e-01 -9.742418e-02 8.619469e-01
-2.589757e-01 -4.079087e-01 -8.292041e-02 8.715884e-01
-2.510704e-01 -3.956032e-01 -6.837612e-02 8.807874e-01
-2.430311e-01 -3.830950e-01 -5.379863e-02 8.895391e-01
-2.348617e-01 -3.703904e-01 -3.919529e-02 8.978389e-01
-2.265665e-01 -3.574961e-01 -2.457347e-02 9.056822e-01
-2.181495e-01 -3.444187e-01 -9.940541e-03 9.130650e-01
-2.096151e-01 -3.311651e-01 4.696092e-03 9.199832e-01
-2.009676e-01 -3.177421e-01 1.932903e-02 9.264331e-01
-1.922114e-01 -3.041568e-01 3.395087e-02 9.324113e-01
-1.833510e-01 -2.904161e-01 4.855420e-02 9.379144e-01
-1.743910e-01 -2.765272e-01 6.313163e-02 9.429395e-01
-1.653358e-01 -2.624975e-01 7.767577e-02 9.474838e-01
-1.561903e-01 -2.483341e-01 9.217924e-02 9.515449e-01
-1.469590e-01 -2.340445e-01 1.066347e-01 9.551205e-01
-1.376467e-01 -2.196362e-01 1.210348e-01 9.582087e-01
-1.282584e-01 -2.051166e-01 1.353722e-01 9.608076e-01
-1.187987e-01 -1.904934e-01 1.496396e-01 9.629159e-01
-1.092726e-01 -1.757741e-01 1.638299e-01 9.645324e-01
-9.968513e-02 -1.609664e-01 1.779358e-01 9.656560e-01
-9.004112e-02 -1.460781e-01 1.919502e-01 9.662861e-01
-8.034563e-02 -1.311169e-01 2.058659e-01 9.664224e-01
-7.060369e-02 -1.160906e-01 2.196759e-01 9.660645e-01
-6.082033e-02 -1.010069e-01 2.333732e-01 9.652126e-01
-5.100059e-02 -8.587387e-02 2.469509e-01 9.638671e-01
-4.114952e-02 -7.069922e-02 2.604021e-01 9.620286e-01
-3.127222e-02 -5.549090e-02 2.737199e-01 9.596980e-01
-2.137378e-02 -4.025681e-02 2.868976e-01 9.568763e-01
-1.145932e-02 -2.500489e-02 2.999286e-01 9.535650e-01
-1.533977e-03 -9.743075e-03 3.128062e-01 9.497657e-01
8.397109e-03 5.520691e-03 3.255240e-01 9.454804e-01
1.832879e-02 2.077847e-02 3.380754e-01 9.407111e-01
2.825591e-02 3.602232e-02 3.504541e-01 9.354603e-01
3.817331e-02 5.124431e-02 3.626539e-01 9.297306e-01
4.807585e-02 6.643655e-02 3.746686e-01 9.235249e-01
5.795837e-02 8.159114e-02 3.864922e-01 9.168465e-01
6.781574e-02 9.670022e-02 3.981185e-01 9.096987e-01
7.764283e-02 1.117559e-01 4.095419e-01 9.020851e-01
8.743453e-02 1.267505e-01 4.207566e-01 8.940097e-01
9.718574e-02 1.416762e-01 4.317568e-01 8.854766e-01
1.068914e-01 1.565252e-01 4.425371e-01 8.764902e-01
1.165464e-01 1.712900e-01 4.530920e-01 8.670550e-01
1.261458e-01 1.859628e-01 4.634162e-01 8.571759e-01
1.356846e-01 2.005359e-01 4.735045e-01 8.468580e-01
1.451578e-01 2.150017e-01 4.833519e-01 8.361067e-01
1.545604e-01 2.293528e-01 4.929533e-01 8.249275e-01
1.638876e-01 2.435815e-01 5.023040e-01 8.133262e-01
1.731345e-01 2.576805e-01 5.113993e-01 8.013089e-01
1.822963e-01 2.716425e-01 5.202346e-01 7.888817e-01
1.913682e-01 2.854602e-01 5.288056e-01 7.760512e-01
2.003454e-01 2.991263e-01 5.371079e-01 7.628239e-01
2.092233e-01 3.126339e-01 5.451374e-01 7.492068e-01
2.179972e-01 3.259758e-01 5.528903e-01 7.352070e-01
2.266627e-01 3.391453e-01 5.603626e-01 7.208316e-01
2.352151e-01 3.521355e-01 5.675507e-01 7.060883e-01
2.436500e-01 3.649397e-01 5.744510e-01 6.909846e-01
2.519630e-01 3.775514e-01 5.810603e-01 6.755283e-01
2.601498e-01 3.899640e-01 5.873753e-01 6.597276e-01
2.682061e-01 4.021712e-01 5.933929e-01 6.435904e-01
2.761278e-01 4.141669e-01 5.991102e-01 6.271253e-01
2.839107e-01 4.259448e-01 6.045246e-01 6.103407e-01
2.915508e-01 4.374989e-01 6.096333e-01 5.932453e-01
2.990441e-01 4.488236e-01 6.144341e-01 5.758479e-01
3.063868e-01 4.599129e-01 6.189245e-01 5.581574e-01
3.135750e-01 4.707613e-01 6.231026e-01 5.401830e-01
3.206051e-01 4.813634e-01 6.269663e-01 5.219338e-01
3.274733e-01 4.917139e-01 6.305139e-01 5.034192e-01
3.341762e-01 5.018075e-01 6.337438e-01 4.846487e-01
3.407102e-01 5.116392e-01 6.366543e-01 4.656320e-01
3.470720e-01 5.212042e-01 6.392444e-01 4.463786e-01
3.532583e-01 5.304977e-01 6.415127e-01 4.268985e-01
3.592660e-01 5.395150e-01 6.434582e-01 4.072015e-01
3.650918e-01 5.482517e-01 6.450803e-01 3.872977e-01
3.707328e-01 5.567035e-01 6.463781e-01 3.671973e-01
3.761860e-01 5.648661e-01 6.473511e-01 3.469104e-01
3.814487e-01 5.727356e-01 6.479991e-01 3.264474e-01
3.865181e-01 5.803081e-01 6.483218e-01 3.058187e-01
3.913915e-01 5.875799e-01 6.483192e-01 2.850347e-01
3.960665e-01 5.945473e-01 6.479914e-01 2.641060e-01
4.005406e-01 6.012071e-01 6.473386e-01 2.430431e-01
4.048116e-01 6.075560e-01 6.463613e-01 2.218567e-01
4.088770e-01 6.135909e-01 6.450601e-01 2.005575e-01
4.127349e-01 6.193089e-01 6.434356e-01 1.791562e-01
4.163832e-01 6.247072e-01 6.414889e-01 1.576638e-01
4.198201e-01 6.297833e-01 6.392209e-01 1.360909e-01
4.230436e-01 6.345347e-01 6.366328e-01 1.144486e-01
4.260521e-01 6.389591e-01 6.337261e-01 9.274772e-02
4.288440e-01 6.430545e-01 6.305021e-01 7.099922e-02
4.314178e-01 6.468188e-01 6.269626e-01 4.921411e-02
4.337722e-01 6.502502e-01 6.231095e-01 2.740339e-02
4.359058e-01 6.533471e-01 6.189448e-01 5.578082e-03
4.378174e-01 6.561079e-01 6.144707e-01 -1.625080e-02
4.395061e-01 6.585315e-01 6.096894e-01 -3.807225e-02
4.409709e-01 6.606166e-01 6.046035e-01 -5.987526e-02
4.422109e-01 6.623622e-01 5.992155e-01 -8.164885e-02
4.432255e-01 6.637677e-01 5.935282e-01 -1.033820e-01
4.440140e-01 6.648323e-01 5.875445e-01 -1.250639e-01
4.445760e-01 6.655557e-01 5.812674e-01 -1.466835e-01
4.449110e-01 6.659375e-01 5.747001e-01 -1.682299e-01
4.450189e-01 6.659776e-01 5.678459e-01 -1.896923e-01
4.448993e-01 6.656761e-01 5.607082e-01 -2.110599e-01
4.445524e-01 6.650332e-01 5.532906e-01 -2.323219e-01
4.439781e-01 6.640494e-01 5.455969e-01 -2.534676e-01
4.431767e-01 6.627253e-01 5.376308e-01 -2.744862e-01
4.421485e-01 6.610615e-01 5.293964e-01 -2.953673e-01
4.408939e-01 6.590589e-01 5.208978e-01 -3.161002e-01
4.394133e-01 6.567188e-01 5.121392e-01 -3.366746e-01
4.377075e-01 6.540423e-01 5.031250e-01 -3.570798e-01
4.357773e-01 6.510309e-01 4.938596e-01 -3.773057e-01
4.336234e-01 6.476862e-01 4.843477e-01 -3.973420e-01
4.312469e-01 6.440099e-01 4.745940e-01 -4.171786e-01
4.286488e-01 6.400040e-01 4.646033e-01 -4.368052e-01
4.258305e-01 6.356706e-01 4.543807e-01 -4.562121e-01
4.227932e-01 6.310119e-01 4.439313e-01 -4.753892e-01
4.195384e-01 6.260304e-01 4.332601e-01 -4.943269e-01
4.160675e-01 6.207286e-01 4.223727e-01 -5.130157e-01
4.123823e-01 6.151092e-01 4.112743e-01 -5.314461e-01
4.084843e-01 6.091751e-01 3.999705e-01 -5.496088e-01
4.043755e-01 6.029293e-01 3.884670e-01 -5.674946e-01
4.000577e-01 5.963749e-01 3.767695e-01 -5.850945e-01
3.955331e-01 5.895153e-01 3.648838e-01 -6.023994e-01
3.908037e-01 5.823540e-01 3.528157e-01 -6.194008e-01
3.858718e-01 5.748947e-01 3.405714e-01 -6.360898e-01
3.807397e-01 5.671410e-01 3.281568e-01 -6.524580e-01
3.754100e-01 5.590969e-01 3.155782e-01 -6.684971e-01
3.698852e-01 5.507666e-01 3.028418e-01 -6.841988e-01
3.641679e-01 5.421542e-01 2.899539e-01 -6.995550e-01
3.582609e-01 5.332643e-01 2.769210e-01 -7.145580e-01
3.521671e-01 5.241011e-01 2.637496e-01 -7.291999e-01
3.458894e-01 5.146696e-01 2.504461e-01 -7.434733e-01
3.394309e-01 5.049744e-01 2.370173e-01 -7.573706e-01
3.327949e-01 4.950206e-01 2.234699e-01 -7.708848e-01
3.259845e-01 4.848132e-01 2.098106e-01 -7.840088e-01
3.190031e-01 4.743574e-01 1.960463e-01 -7.967358e-01
3.118542e-01 4.636587e-01 1.821839e-01 -8.090591e-01
3.045413e-01 4.527225e-01 1.682302e-01 -8.209723e-01
2.970682e-01 4.415544e-01 1.541924e-01 -8.324692e-01
2.894384e-01 4.301602e-01 1.400775e-01 -8.435437e-01
2.816559e-01 4.185458e-01 1.258925e-01 -8.541900e-01
2.737245e-01 4.067171e-01 1.116446e-01 -8.644025e-01
2.656481e-01 3.946802e-01 9.734100e-02 -8.741758e-01
2.574310e-01 3.824413e-01 8.298886e-02 -8.835048e-01
2.490771e-01 3.700068e-01 6.859545e-02 -8.923846e-01
2.405908e-01 3.573830e-01 5.416802e-02 -9.008103e-01
2.319763e-01 3.445766e-01 3.971388e-02 -9.087776e-01
2.232381e-01 3.315940e-01 2.524032e-02 -9.162822e-01
2.143805e-01 3.184422e-01 1.075469e-02 -9.233200e-01
2.054081e-01 3.051279e-01 -3.735676e-03 -9.298874e-01
1.963255e-01 2.916579e-01 -1.822343e-02 -9.359807e-01
1.871373e-01 2.780394e-01 -3.270123e-02 -9.415967e-01
1.778484e-01 2.642793e-01 -4.716172e-02 -9.467324e-01
1.684634e-01 2.503849e-01 -6.159755e-02 -9.513849e-01
1.589872e-01 2.363633e-01 -7.600139e-02 -9.555518e-01
1.494247e-01 2.222219e-01 -9.036593e-02 -9.592308e-01
1.397809e-01 2.079681e-01 -1.046838e-01 -9.624198e-01
1.300607e-01 1.936091e-01 -1.189479e-01 -9.651172e-01
1.202692e-01 1.791525e-01 -1.331508e-01 -9.673213e-01
1.104115e-01 1.646059e-01 -1.472853e-01 -9.690311e-01
1.004927e-01 1.499767e-01 -1.613443e-01 -9.702454e-01
9.051788e-02 1.352726e-01 -1.753206e-01 -9.709637e-01
8.049219e-02 1.205011e-01 -1.892071e-01 -9.711854e-01
7.042077e-02 1.056701e-01 -2.029968e-01 -9.709104e-01
6.030881e-02 9.078712e-02 -2.166826e-01 -9.701387e-01
5.016153e-02 7.585998e-02 -2.302577e-01 -9.688707e-01
3.998416e-02 6.089643e-02 -2.437150e-01 -9.671070e-01
2.978195e-02 4.590425e-02 -2.570478e-01 -9.648483e-01
1.956019e-02 3.089123e-02 -2.702492e-01 -9.620959e-01
9.324162e-03 1.586520e-02 -2.833126e-01 -9.588510e-01
-9.208242e-04 8.339529e-04 -2.962314e-01 -9.551154e-01
-1.116946e-02 -1.419469e-02 -3.089989e-01 -9.508909e-01
-2.141642e-02 -2.921292e-02 -3.216086e-01 -9.461796e-01
-3.165640e-02 -4.421294e-02 -3.340543e-01 -9.409840e-01
-4.188406e-02 -5.918696e-02 -3.463295e-01 -9.353066e-01
-5.209411e-02 -7.412722e-02 -3.584280e-01 -9.291505e-01
-6.228122e-02 -8.902597e-02 -3.703438e-01 -9.225188e-01
-7.244010e-02 -1.038755e-01 -3.820707e-01 -9.154148e-01
-8.256548e-02 -1.186681e-01 -3.936029e-01 -9.078423e-01
-9.265208e-02 -1.333962e-01 -4.049345e-01 -8.998050e-01
-1.026947e-01 -1.480521e-01 -4.160598e-01 -8.913073e-01
-1.126880e-01 -1.626283e-01 -4.269732e-01 -8.823533e-01
-1.226269e-01 -1.771172e-01 -4.376691e-01 -8.729478e-01
-1.325062e-01 -1.915115e-01 -4.481422e-01 -8.630956e-01
-1.423207e-01 -2.058036e-01 -4.583872e-01 -8.528017e-01
-1.520654e-01 -2.199863e-01 -4.683990e-01 -8.420716e-01
-1.617353e-01 -2.340519e-01 -4.781724e-01 -8.309107e-01
-1.713252e-01 -2.479933e-01 -4.877025e-01 -8.193249e-01
-1.808302e-01 -2.618033e-01 -4.969846e-01 -8.073201e-01
-1.902455e-01 -2.754746e-01 -5.060139e-01 -7.949027e-01
-1.995660e-01 -2.890001e-01 -5.147860e-01 -7.820791e-01
-2.087870e-01 -3.023729e-01 -5.232964e-01 -7.688559e-01
-2.179037e-01 -3.155860e-01 -5.315409e-01 -7.552401e-01
-2.269114e-01 -3.286327e-01 -5.395155e-01 -7.412387e-01
-2.358053e-01 -3.415061e-01 -5.472160e-01 -7.268591e-01
-2.445809e-01 -3.541998e-01 -5.546387e-01 -7.121085e-01
-2.532336e-01 -3.667071e-01 -5.617800e-01 -6.969949e-01
-2.617590e-01 -3.790217e-01 -5.686363e-01 -6.815259e-01
-2.701526e-01 -3.911373e-01 -5.752043e-01 -6.657096e-01
-2.784100e-01 -4.030477e-01 -5.814807e-01 -6.495541e-01
-2.865272e-01 -4.147468e-01 -5.874625e-01 -6.330680e-01
-2.944997e-01 -4.262287e-01 -5.931468e-01 -6.162596e-01
-3.023236e-01 -4.374876e-01 -5.985308e-01 -5.991376e-01
-3.099948e-01 -4.485179e-01 -6.036120e-01 -5.817109e-01
-3.175093e-01 -4.593139e-01 -6.083878e-01 -5.639884e-01
-3.248632e-01 -4.698702e-01 -6.128560e-01 -5.459792e-01
-3.320529e-01 -4.801816e-01 -6.170146e-01 -5.276927e-01
-3.390745e-01 -4.902428e-01 -6.208614e-01 -5.091381e-01
-3.459245e-01 -5.000490e-01 -6.243947e-01 -4.903249e-01
-3.525993e-01 -5.095951e-01 -6.276129e-01 -4.712628e-01
-3.590956e-01 -5.188764e-01 -6.305144e-01 -4.519616e-01
-3.654100e-01 -5.278883e-01 -6.330979e-01 -4.324311e-01
-3.715391e-01 -5.366263e-01 -6.353622e-01 -4.126812e-01
-3.774800e-01 -5.450861e-01 -6.373063e-01 -3.927221e-01
-3.832295e-01 -5.532634e-01 -6.389294e-01 -3.725639e-01
-3.887847e-01 -5.611544e-01 -6.402308e-01 -3.522169e-01
-3.941427e-01 -5.687551e-01 -6.412098e-01 -3.316914e-01
-3.993008e-01 -5.760617e-01 -6.418661e-01 -3.109978e-01
-4.042564e-01 -5.830707e-01 -6.421996e-01 -2.901466e-01
-4.090068e-01 -5.897787e-01 -6.422100e-01 -2.691484e-01
-4.135496e-01 -5.961824e-01 -6.418975e-01 -2.480137e-01
-4.178826e-01 -6.022787e-01 -6.412623e-01 -2.267534e-01
-4.220034e-01 -6.080647e-01 -6.403049e-01 -2.053781e-01
-4.259099e-01 -6.135376e-01 -6.390257e-01 -1.838985e-01
-4.296001e-01 -6.186946e-01 -6.374254e-01 -1.623257e-01
-4.330721e-01 -6.235334e-01 -6.355049e-01 -1.406704e-01
-4.363241e-01 -6.280516e-01 -6.332652e-01 -1.189436e-01
-4.393544e-01 -6.322471e-01 -6.307075e-01 -9.715627e-02
-4.421613e-01 -6.361179e-01 -6.278331e-01 -7.531935e-02
-4.447435e-01 -6.396621e-01 -6.246433e-01 -5.344389e-02
-4.470996e-01 -6.428781e-01 -6.211400e-01 -3.154094e-02
-4.492283e-01 -6.457642e-01 -6.173248e-01 -9.621559e-03
-4.511285e-01 -6.483192e-01 -6.131997e-01 1.230317e-02
-4.527992e-01 -6.505418e-01 -6.087669e-01 3.422217e-02
-4.542394e-01 -6.524310e-01 -6.040285e-01 5.612438e-02
-4.554484e-01 -6.539858e-01 -5.989871e-01 7.799874e-02
-4.564254e-01 -6.552057e-01 -5.936451e-01 9.983421e-02
-4.571700e-01 -6.560899e-01 -5.880053e-01 1.216198e-01
-4.576817e-01 -6.566383e-01 -5.820705e-01 1.433445e-01
-4.579602e-01 -6.568504e-01 -5.758436e-01 1.649973e-01
-4.580051e-01 -6.567265e-01 -5.693279e-01 1.865673e-01
-4.578166e-01 -6.562665e-01 -5.625266e-01 2.080437e-01
-4.573945e-01 -6.554707e-01 -5.554430e-01 2.294155e-01
-4.567390e-01 -6.543397e-01 -5.480808e-01 2.506721e-01
-4.558504e-01 -6.528740e-01 -5.404436e-01 2.718026e-01
-4.547290e-01 -6.510746e-01 -5.325352e-01 2.927963e-01
-4.533754e-01 -6.489423e-01 -5.243596e-01 3.136427e-01
-4.517901e-01 -6.464783e-01 -5.159208e-01 3.343312e-01
-4.499738e-01 -6.436839e-01 -5.072230e-01 3.548514e-01
-4.479275e-01 -6.405605e-01 -4.982706e-01 3.751927e-01
-4.456521e-01 -6.371099e-01 -4.890681e-01 3.953449e-01
-4.431487e-01 -6.333338e-01 -4.796199e-01 4.152978e-01
-4.404184e-01 -6.292342e-01 -4.699310e-01 4.350412e-01
-4.374626e-01 -6.248132e-01 -4.600060e-01 4.545651e-01
-4.342827e-01 -6.200730e-01 -4.498499e-01 4.738598e-01
-4.308800e-01 -6.150161e-01 -4.394678e-01 4.929154e-01
-4.272564e-01 -6.096451e-01 -4.288649e-01 5.117223e-01
-4.234133e-01 -6.039626e-01 -4.180465e-01 5.302711e-01
-4.193528e-01 -5.979716e-01 -4.070179e-01 5.485523e-01
-4.150767e-01 -5.916751e-01 -3.957846e-01 5.665567e-01
-4.105870e-01 -5.850762e-01 -3.843522e-01 5.842752e-01
-4.058859e-01 -5.781784e-01 -3.727264e-01 6.016988e-01
-4.009757e-01 -5.709851e-01 -3.609130e-01 6.188185e-01
-3.958586e-01 -5.634999e-01 -3.489178e-01 6.356258e-01
-3.905373e-01 -5.557267e-01 -3.367469e-01 6.521120e-01
-3.850142e-01 -5.476694e-01 -3.244062e-01 6.682686e-01
-3.792920e-01 -5.393320e-01 -3.119019e-01 6.840875e-01
-3.733736e-01 -5.307189e-01 -2.992404e-01 6.995605e-01
-3.672617e-01 -5.218343e-01 -2.864277e-01 7.146796e-01
-3.609595e-01 -5.126828e-01 -2.734705e-01 7.294371e-01
-3.544699e-01 -5.032691e-01 -2.603751e-01 7.438253e-01
-3.477963e-01 -4.935979e-01 -2.471480e-01 7.578369e-01
-3.409418e-01 -4.836741e-01 -2.337960e-01 7.714645e-01
-3.339099e-01 -4.735029e-01 -2.203257e-01 7.847010e-01
-3.267041e-01 -4.630895e-01 -2.067439e-01 7.975397e-01
-3.193281e-01 -4.524391e-01 -1.930573e-01 8.099737e-01
-3.117853e-01 -4.415571e-01 -1.792730e-01 8.219966e-01
-3.040798e-01 -4.304493e-01 -1.653977e-01 8.336021e-01
-2.962153e-01 -4.191213e-01 -1.514386e-01 8.447841e-01
-2.881959e-01 -4.075789e-01 -1.374027e-01 8.555367e-01
-2.800255e-01 -3.958280e-01 -1.232970e-01 8.658544e-01
-2.717083e-01 -3.838747e-01 -1.091286e-01 8.757316e-01
-2.632486e-01 -3.717251e-01 -9.490488e-02 8.851631e-01
-2.546505e-01 -3.593855e-01 -8.063287e-02 8.941440e-01
-2.459185e-01 -3.468623e-01 -6.631984e-02 9.026696e-01
-2.370571e-01 -3.341618e-01 -5.197306e-02 9.107352e-01
-2.280706e-01 -3.212907e-01 -3.759980e-02 9.183367e-01
-2.189638e-01 -3.082556e-01 -2.320739e-02 9.254700e-01
-2.097413e-01 -2.950633e-01 -8.803122e-03 9.321313e-01
-2.004079e-01 -2.817205e-01 5.605658e-03 9.383170e-01
-1.909683e-01 -2.682342e-01 2.001162e-02 9.440238e-01
-1.814275e-01 -2.546114e-01 3.440741e-02 9.492488e-01
-1.717903e-01 -2.408591e-01 4.878571e-02 9.539890e-01
-1.620618e-01 -2.269844e-01 6.313918e-02 9.582419e-01
-1.522469e-01 -2.129945e-01 7.746050e-02 9.620053e-01
-1.423508e-01 -1.988967e-01 9.174236e-02 9.652770e-01
-1.323786e-01 -1.846982e-01 1.059775e-01 9.680554e-01
-1.223355e-01 -1.704065e-01 1.201586e-01 9.703389e-01
-1.122265e-01 -1.560288e-01 1.342785e-01 9.721263e-01
-1.020568e-01 -1.415728e-01 1.483300e-01 9.734165e-01
-9.183177e-02 -1.270458e-01 1.623059e-01 9.742090e-01
-8.155651e-02 -1.124554e-01 1.761990e-01 9.745031e-01
-7.123635e-02 -9.780910e-02 1.900024e-01 9.742987e-01
-6.087659e-02 -8.311461e-02 2.037088e-01 9.735958e-01
-5.048259e-02 -6.837950e-02 2.173114e-01 9.723947e-01
-4.005970e-02 -5.361143e-02 2.308031e-01 9.706961e-01
-2.961331e-02 -3.881806e-02 2.441771e-01 9.685008e-01
-1.914882e-02 -2.400708e-02 2.574266e-01 9.658098e-01
-8.671641e-03 -9.186154e-03 2.705448e-01 9.626245e-01
1.812803e-03 5.637013e-03 2.835249e-01 9.589466e-01
1.229908e-02 2.045474e-02 2.963604e-01 9.547779e-01
2.278175e-02 3.525934e-02 3.090446e-01 9.501206e-01
3.325538e-02 5.004316e-02 3.215713e-01 9.449771e-01
4.371454e-02 6.479853e-02 3.339338e-01 9.393500e-01
5.415379e-02 7.951783e-02 3.461260e-01 9.332422e-01
6.456773e-02 9.419345e-02 3.581416e-01 9.266570e-01
7.495095e-02 1.088178e-01 3.699746e-01 9.195976e-01
8.529806e-02 1.233834e-01 3.816189e-01 9.120679e-01
9.560370e-02 1.378826e-01 3.930686e-01 9.040716e-01
1.058625e-01 1.523081e-01 4.043178e-01 8.956129e-01
1.160692e-01 1.666524e-01 4.153610e-01 8.866962e-01
1.262184e-01 1.809081e-01 4.261924e-01 8.773262e-01
1.363049e-01 1.950680e-01 4.368067e-01 8.675075e-01
1.463235e-01 2.091248e-01 4.471984e-01 8.572455e-01
1.562690e-01 2.230713e-01 4.573623e-01 8.465453e-01
1.661363e-01 2.369003e-01 4.672933e-01 8.354124e-01
1.759202e-01 2.506046e-01 4.769863e-01 8.238528e-01
1.856157e-01 2.641772e-01 4.864364e-01 8.118724e-01
1.952179e-01 2.776111e-01 4.956388e-01 7.994775e-01
2.047218e-01 2.908992e-01 5.045889e-01 7.866745e-01
2.141224e-01 3.040349e-01 5.132821e-01 7.734700e-01
2.234150e-01 3.170112e-01 5.217141e-01 7.598711e-01
2.325948e-01 3.298216e-01 5.298806e-01 7.458847e-01
2.416570e-01 3.424594e-01 5.377775e-01 7.315181e-01
2.505971e-01 3.549182e-01 5.454010e-01 7.167789e-01
2.594103e-01 3.671916e-01 5.527471e-01 7.016746e-01
2.680922e-01 3.792734e-01 5.598123e-01 6.862131e-01
2.766383e-01 3.911575e-01 5.665930e-01 6.704025e-01
2.850442e-01 4.028377e-01 5.730859e-01 6.542508e-01
2.933057e-01 4.143082e-01 5.792878e-01 6.377666e-01
3.014185e-01 4.255631e-01 5.851955e-01 6.209582e-01
3.093785e-01 4.365969e-01 5.908064e-01 6.038344e-01
3.171815e-01 4.474039e-01 5.961175e-01 5.864040e-01
3.248237e-01 4.579787e-01 6.011263e-01 5.686759e-01
3.323010e-01 4.683161e-01 6.058303e-01 5.506593e-01
3.396098e-01 4.784109e-01 6.102274e-01 5.323634e-01
3.467462e-01 4.882579e-01 6.143153e-01 5.137977e-01
3.537066e-01 4.978523e-01 6.180921e-01 4.949715e-01
3.604876e-01 5.071893e-01 6.215560e-01 4.758947e-01
3.670856e-01 5.162643e-01 6.247054e-01 4.565770e-01
3.734973e-01 5.250727e-01 6.275387e-01 4.370281e-01
3.797195e-01 5.336102e-01 6.300546e-01 4.172582e-01
3.857490e-01 5.418726e-01 6.322520e-01 3.972772e-01
3.915827e-01 5.498558e-01 6.341298e-01 3.770954e-01
3.972177e-01 5.575558e-01 6.356873e-01 3.567230e-01
4.026511e-01 5.649690e-01 6.369236e-01 3.361703e-01
4.078802e-01 5.720916e-01 6.378382e-01 3.154478e-01
4.129023e-01 5.789203e-01 6.384308e-01 2.945659e-01
4.177148e-01 5.854516e-01 6.387012e-01 2.735353e-01
4.223154e-01 5.916824e-01 6.386492e-01 2.523665e-01
4.267017e-01 5.976097e-01 6.382749e-01 2.310702e-01
4.308715e-01 6.032306e-01 6.375786e-01 2.096573e-01
4.348225e-01 6.085424e-01 6.365607e-01 1.881384e-01
4.385530e-01 6.135424e-01 6.352217e-01 1.665246e-01
4.420608e-01 6.182284e-01 6.335623e-01 1.448265e-01
4.453443e-01 6.225981e-01 6.315833e-01 1.230553e-01
4.484018e-01 6.266493e-01 6.292859e-01 1.012218e-01
4.512316e-01 6.303801e-01 6.266711e-01 7.933707e-02
4.538324e-01 6.337887e-01 6.237402e-01 5.741215e-02
4.562028e-01 6.368736e-01 6.204948e-01 3.545809e-02
4.583416e-01 6.396332e-01 6.169364e-01 1.348596e-02
4.602477e-01 6.420662e-01 6.130668e-01 -8.493150e-03
4.619201e-01 6.441715e-01 6.088880e-01 -3.046815e-02
4.633579e-01 6.459480e-01 6.044021e-01 -5.242793e-02
4.645604e-01 6.473950e-01 5.996113e-01 -7.436141e-02
4.655269e-01 6.485117e-01 5.945181e-01 -9.625750e-02
4.662569e-01 6.492976e-01 5.891250e-01 -1.181052e-01
4.667501e-01 6.497525e-01 5.834346e-01 -1.398934e-01
4.670060e-01 6.498760e-01 5.774499e-01 -1.616111e-01
4.670247e-01 6.496682e-01 5.711739e-01 -1.832474e-01
4.668060e-01 6.491292e-01 5.646096e-01 -2.047913e-01
4.663499e-01 6.482594e-01 5.577604e-01 -2.262320e-01
4.656568e-01 6.470592e-01 5.506296e-01 -2.475586e-01
4.647268e-01 6.455293e-01 5.432208e-01 -2.687604e-01
4.635605e-01 6.436704e-01 5.355377e-01 -2.898265e-01
4.621583e-01 6.414837e-01 5.275842e-01 -3.107464e-01
4.605210e-01 6.389701e-01 5.193641e-01 -3.315094e-01
4.586494e-01 6.361310e-01 5.108817e-01 -3.521051e-01
4.565443e-01 6.329678e-01 5.021411e-01 -3.725229e-01
4.542068e-01 6.294823e-01 4.931466e-01 -3.927526e-01
4.516380e-01 6.256761e-01 4.839029e-01 -4.127838e-01
4.488392e-01 6.215512e-01 4.744144e-01 -4.326066e-01
4.458116e-01 6.171097e-01 4.646859e-01 -4.522108e-01
4.425567e-01 6.123538e-01 4.547223e-01 -4.715867e-01
4.390761e-01 6.072859e-01 4.445285e-01 -4.907244e-01
4.353714e-01 6.019086e-01 4.341096e-01 -5.096142e-01
4.314444e-01 5.962245e-01 4.234708e-01 -5.282466e-01
4.272970e-01 5.902366e-01 4.126173e-01 -5.466122e-01
4.229312e-01 5.839478e-01 4.015546e-01 -5.647017e-01
4.183491e-01 5.773613e-01 3.902882e-01 -5.825058e-01
4.135529e-01 5.704804e-01 3.788236e-01 -6.000156e-01
4.085449e-01 5.633086e-01 3.671666e-01 -6.172221e-01
4.033275e-01 5.558494e-01 3.553230e-01 -6.341166e-01
3.979034e-01 5.481067e-01 3.432987e-01 -6.506904e-01
3.922751e-01 5.400842e-01 3.310996e-01 -6.669350e-01
3.864454e-01 5.317861e-01 3.187319e-01 -6.828422e-01
3.804171e-01 5.232166e-01 3.062017e-01 -6.984037e-01
3.741932e-01 5.143799e-01 2.935154e-01 -7.136116e-01
3.677768e-01 5.052805e-01 2.806791e-01 -7.284580e-01
3.611711e-01 4.959229e-01 2.676995e-01 -7.429353e-01
3.543792e-01 4.863121e-01 2.545830e-01 -7.570359e-01
3.474047e-01 4.764527e-01 2.413362e-01 -7.707526e-01
3.402510e-01 4.663499e-01 2.279657e-01 -7.840782e-01
3.329216e-01 4.560087e-01 2.144783e-01 -7.970059e-01
3.254203e-01 4.454344e-01 2.008808e-01 -8.095287e-01
3.177508e-01 4.346323e-01 1.871801e-01 -8.216403e-01
3.099170e-01 4.236081e-01 1.733831e-01 -8.333342e-01
3.019228e-01 4.123672e-01 1.594968e-01 -8.446044e-01
2.937724e-01 4.009156e-01 1.455282e-01 -8.554449e-01
2.854699e-01 3.892589e-01 1.314844e-01 -8.658501e-01
2.770194e-01 3.774032e-01 1.173726e-01 -8.758144e-01
2.684254e-01 3.653545e-01 1.032000e-01 -8.853325e-01
2.596922e-01 3.531191e-01 8.897369e-02 -8.943996e-01
2.508242e-01 3.407031e-01 7.470102e-02 -9.030107e-01
2.418261e-01 3.281131e-01 6.038923e-02 -9.111614e-01
2.327024e-01 3.153554e-01 4.604564e-02 -9.188473e-01
2.234578e-01 3.024366e-01 3.167756e-02 -9.260644e-01
2.140970e-01 2.893633e-01 1.729234e-02 -9.328088e-01
2.046250e-01 2.761423e-01 2.897346e-03 -9.390770e-01
1.950465e-01 2.627804e-01 -1.150006e-02 -9.448656e-01
1.853666e-01 2.492844e-01 -2.589251e-02 -9.501716e-01
1.755902e-01 2.356613e-01 -4.027262e-02 -9.549921e-01
1.657225e-01 2.219182e-01 -5.463302e-02 -9.593246e-01
1.557684e-01 2.080621e-01 -6.896637e-02 -9.631667e-01
1.457331e-01 1.941002e-01 -8.326532e-02 -9.665164e-01
1.356217e-01 1.800396e-01 -9.752255e-02 -9.693719e-01
1.254393e-01 1.658876e-01 -1.117307e-01 -9.717317e-01
1.151911e-01 1.516516e-01 -1.258826e-01 -9.735946e-01
1.048824e-01 1.373389e-01 -1.399709e-01 -9.749594e-01
9.451851e-02 1.229569e-01 -1.539884e-01 -9.758255e-01
8.410470e-02 1.085130e-01 -1.679278e-01 -9.761924e-01
7.364635e-02 9.401473e-02 -1.817821e-01 -9.760598e-01
6.314882e-02 7.946960e-02 -1.955440e-01 -9.754278e-01
5.261754e-02 6.488512e-02 -2.092066e-01 -9.742966e-01
4.205793e-02 5.026885e-02 -2.227627e-01 -9.726669e-01
3.147545e-02 3.562835e-02 -2.362054e-01 -9.705395e-01
2.087555e-02 2.097121e-02 -2.495278e-01 -9.679154e-01
1.026372e-02 6.305011e-03 -2.627231e-01 -9.647961e-01
-3.545528e-04 -8.362664e-03 -2.757844e-01 -9.611831e-01
-1.097378e-02 -2.302423e-02 -2.887051e-01 -9.570783e-01
-2.158846e-02 -3.767211e-02 -3.014784e-01 -9.524839e-01
-3.219309e-02 -5.229873e-02 -3.140979e-01 -9.474022e-01
-4.278220e-02 -6.689656e-02 -3.265571e-01 -9.418360e-01
-5.335028e-02 -8.145807e-02 -3.388496e-01 -9.357880e-01
-6.389188e-02 -9.597575e-02 -3.509691e-01 -9.292616e-01
-7.440154e-02 -1.104421e-01 -3.629094e-01 -9.222601e-01
-8.487381e-02 -1.248498e-01 -3.746643e-01 -9.147872e-01
-9.530327e-02 -1.391913e-01 -3.862279e-01 -9.068468e-01
-1.056845e-01 -1.534594e-01 -3.975944e-01 -8.984429e-01
-1.160122e-01 -1.676467e-01 -4.087578e-01 -8.895801e-01
-1.262810e-01 -1.817460e-01 -4.197125e-01 -8.802630e-01
-1.364856e-01 -1.957500e-01 -4.304529e-01 -8.704963e-01
-1.466208e-01 -2.096517e-01 -4.409737e-01 -8.602853e-01
-1.566812e-01 -2.234439e-01 -4.512693e-01 -8.496351e-01
-1.666617e-01 -2.371197e-01 -4.613347e-01 -8.385514e-01
-1.765573e-01 -2.506721e-01 -4.711648e-01 -8.270398e-01
-1.863627e-01 -2.640941e-01 -4.807544e-01 -8.151064e-01
-1.960731e-01 -2.773789e-01 -4.900988e-01 -8.027574e-01
-2.056834e-01 -2.905195e-01 -4.991932e-01 -7.899993e-01
-2.151887e-01 -3.035094e-01 -5.080329e-01 -7.768387e-01
-2.245843e-01 -3.163418e-01 -5.166135e-01 -7.632826e-01
-2.338652e-01 -3.290101e-01 -5.249306e-01 -7.493379e-01
-2.430268e-01 -3.415079e-01 -5.329800e-01 -7.350120e-01
-2.520645e-01 -3.538289e-01 -5.407577e-01 -7.203123e-01
-2.609736e-01 -3.659667e-01 -5.482597e-01 -7.052464e-01
-2.697495e-01 -3.779151e-01 -5.554823e-01 -6.898222e-01
-2.783879e-01 -3.896683e-01 -5.624219e-01 -6.740478e-01
-2.868844e-01 -4.012201e-01 -5.690750e-01 -6.579312e-01
-2.952346e-01 -4.125648e-01 -5.754383e-01 -6.414808e-01
-3.034344e-01 -4.236967e-01 -5.815085e-01 -6.247051e-01
-3.114795e-01 -4.346102e-01 -5.872828e-01 -6.076129e-01
-3.193659e-01 -4.452998e-01 -5.927583e-01 -5.902128e-01
-3.270896e-01 -4.557601e-01 -5.979322e-01 -5.725139e-01
-3.346469e-01 -4.659859e-01 -6.028020e-01 -5.545253e-01
-3.420337e-01 -4.759722e-01 -6.073653e-01 -5.362563e-01
-3.492465e-01 -4.857138e-01 -6.116199e-01 -5.177162e-01
-3.562816e-01 -4.952061e-01 -6.155637e-01 -4.989145e-01
-3.631354e-01 -5.044441e-01 -6.191948e-01 -4.798609e-01
-3.698047e-01 -5.134235e-01 -6.225115e-01 -4.605652e-01
-3.762859e-01 -5.221397e-01 -6.255120e-01 -4.410371e-01
-3.825759e-01 -5.305885e-01 -6.281951e-01 -4.212866e-01
-3.886715e-01 -5.387656e-01 -6.305594e-01 -4.013239e-01
-3.945697e-01 -5.466672e-01 -6.326038e-01 -3.811589e-01
-4.002675e-01 -5.542893e-01 -6.343274e-01 -3.608020e-01
-4.057621e-01 -5.616282e-01 -6.357292e-01 -3.402635e-01
-4.110508e-01 -5.686802e-01 -6.368088e-01 -3.195537e-01
-4.161309e-01 -5.754421e-01 -6.375656e-01 -2.986832e-01
-4.209998e-01 -5.819104e-01 -6.379992e-01 -2.776625e-01
-4.256552e-01 -5.880821e-01 -6.381095e-01 -2.565022e-01
-4.300947e-01 -5.939541e-01 -6.378965e-01 -2.352129e-01
-4.343161e-01 -5.995236e-01 -6.373603e-01 -2.138055e-01
-4.383174e-01 -6.047880e-01 -6.365012e-01 -1.922906e-01
-4.420964e-01 -6.097445e-01 -6.353196e-01 -1.706791e-01
-4.456514e-01 -6.143910e-01 -6.338162e-01 -1.489819e-01
-4.489805e-01 -6.187250e-01 -6.319917e-01 -1.272098e-01
-4.520821e-01 -6.227445e-01 -6.298471e-01 -1.053740e-01
-4.549547e-01 -6.264477e-01 -6.273833e-01 -8.348519e-02
-4.575967e-01 -6.298325e-01 -6.246017e-01 -6.155457e-02
-4.600069e-01 -6.328976e-01 -6.215035e-01 -3.959311e-02
-4.621841e-01 -6.356413e-01 -6.180904e-01 -1.761188e-02
-4.641272e-01 -6.380623e-01 -6.143641e-01 4.378048e-03
-4.658353e-01 -6.401595e-01 -6.103263e-01 2.636560e-02
-4.673074e-01 -6.419319e-01 -6.059790e-01 4.833970e-02
-4.685428e-01 -6.433786e-01 -6.013245e-01 7.028924e-02
-4.695409e-01 -6.444988e-01 -5.963649e-01 9.220315e-02
-4.703013e-01 -6.452922e-01 -5.911029e-01 1.140704e-01
-4.708236e-01 -6.457582e-01 -5.855409e-01 1.358799e-01
-4.711074e-01 -6.458966e-01 -5.796819e-01 1.576206e-01
-4.711528e-01 -6.457075e-01 -5.735286e-01 1.792817e-01
-4.709595e-01 -6.451908e-01 -5.670841e-01 2.008521e-01
-4.705278e-01 -6.443470e-01 -5.603517e-01 2.223209e-01
-4.698579e-01 -6.431763e-01 -5.533346e-01 2.436773e-01
-4.689500e-01 -6.416795e-01 -5.460364e-01 2.649105e-01
-4.678047e-01 -6.398571e-01 -5.384607e-01 2.860098e-01
-4.664226e-01 -6.377103e-01 -5.306113e-01 3.069645e-01
-4.648043e-01 -6.352400e-01 -5.224921e-01 3.277638e-01
-4.629507e-01 -6.324475e-01 -5.141070e-01 3.483975e-01
-4.608626e-01 -6.293342e-01 -5.054604e-01 3.688549e-01
-4.585411e-01 -6.259016e-01 -4.965565e-01 3.891258e-01
-4.559874e-01 -6.221515e-01 -4.873997e-01 4.092000e-01
-4.532026e-01 -6.180856e-01 -4.779945e-01 4.290674e-01
-4.501880e-01 -6.137062e-01 -4.683458e-01 4.487179e-01
-4.469453e-01 -6.090152e-01 -4.584581e-01 4.681416e-01
-4.434759e-01 -6.040151e-01 -4.483365e-01 4.873288e-01
-4.397814e-01 -5.987083e-01 -4.379860e-01 5.062696e-01
-4.358638e-01 -5.930974e-01 -4.274117e-01 5.249547e-01
-4.317249e-01 -5.871853e-01 -4.166189e-01 5.433744e-01
-4.273667e-01 -5.809749e-01 -4.056129e-01 5.615194e-01
-4.227913e-01 -5.744693e-01 -3.943992e-01 5.793805e-01
-4.180010e-01 -5.676716e-01 -3.829834e-01 5.969487e-01
-4.129980e-01 -5.605853e-01 -3.713712e-01 6.142151e-01
-4.077849e-01 -5.532139e-01 -3.595683e-01 6.311707e-01
-4.023642e-01 -5.455611e-01 -3.475807e-01 6.478069e-01
-3.967385e-01 -5.376306e-01 -3.354143e-01 6.641152e-01
-3.909107e-01 -5.294265e-01 -3.230753e-01 6.800873e-01
-3.848835e-01 -5.209528e-01 -3.105697e-01 6.957150e-01
-3.786600e-01 -5.122137e-01 -2.979039e-01 7.109901e-01
-3.722432e-01 -5.032137e-01 -2.850843e-01 7.259049e-01
-3.656364e-01 -4.939572e-01 -2.721172e-01 7.404516e-01
-3.588428e-01 -4.844488e-01 -2.590092e-01 7.546227e-01
-3.518658e-01 -4.746934e-01 -2.457669e-01 7.684108e-01
-3.447090e-01 -4.646959e-01 -2.323970e-01 7.818088e-01
-3.373759e-01 -4.544612e-01 -2.189064e-01 7.948097e-01
-3.298702e-01 -4.439946e-01 -2.053017e-01 8.074068e-01
-3.221957e-01 -4.333014e-01 -1.915899e-01 8.195933e-01
-3.143563e-01 -4.223868e-01 -1.777780e-01 8.313630e-01
-3.063561e-01 -4.112566e-01 -1.638731e-01 8.427097e-01
-2.981990e-01 -3.999162e-01 -1.498821e-01 8.536274e-01
-2.898893e-01 -3.883716e-01 -1.358123e-01 8.641104e-01
-2.814312e-01 -3.766284e-01 -1.216709e-01 8.741531e-01
-2.728290e-01 -3.646928e-01 -1.074650e-01 8.837504e-01
-2.640873e-01 -3.525708e-01 -9.320199e-02 8.928970e-01
-2.552104e-01 -3.402686e-01 -7.888916e-02 9.015883e-01
-2.462031e-01 -3.277924e-01 -6.453386e-02 9.098195e-01
-2.370699e-01 -3.151487e-01 -5.014346e-02 9.175864e-01
-2.278156e-01 -3.023438e-01 -3.572535e-02 9.248849e-01
-2.184449e-01 -2.893844e-01 -2.128694e-02 9.317110e-01
-2.089626e-01 -2.762770e-01 -6.835658e-03 9.380613e-01
-1.993738e-01 -2.630284e-01 7.621056e-03 9.439322e-01
-1.896832e-01 -2.496453e-01 2.207578e-02 9.493209e-01
-1.798958e-01 -2.361347e-01 3.652108e-02 9.542244e-01
-1.700165e-01 -2.225034e-01 5.094952e-02 9.586401e-01
-1.600503e-01 -2.087585e-01 6.535369e-02 9.625657e-01
-1.500024e-01 -1.949070e-01 7.972614e-02 9.659991e-01
-1.398779e-01 -1.809561e-01 9.405947e-02 9.689385e-01
-1.296819e-01 -1.669129e-01 1.083463e-01 9.713824e-01
-1.194196e-01 -1.527847e-01 1.225792e-01 9.733294e-01
-1.090963e-01 -1.385787e-01 1.367508e-01 9.747785e-01
-9.871724e-02 -1.243023e-01 1.508538e-01 9.757289e-01
-8.828783e-02 -1.099629e-01 1.648810e-01 9.761802e-01
-7.781340e-02 -9.556778e-02 1.788249e-01 9.761319e-01
-6.729931e-02 -8.112447e-02 1.926785e-01 9.755842e-01
-5.675100e-02 -6.664039e-02 2.064345e-01 9.745374e-01
-4.617390e-02 -5.212303e-02 2.200858e-01 9.729920e-01
-3.557346e-02 -3.757987e-02 2.336254e-01 9.709487e-01
-2.495515e-02 -2.301842e-02 2.470461e-01 9.684088e-01
-1.432446e-02 -8.446185e-03 2.603412e-01 9.653735e-01
-3.686875e-03 6.129317e-03 2.735036e-01 9.618444e-01
6.952105e-03 2.070058e-02 2.865266e-01 9.578234e-01
1.758698e-02 3.526010e-02 2.994034e-01 9.533127e-01
2.821226e-02 4.980039e-02 3.121274e-01 9.483145e-01
3.882244e-02 6.431397e-02 3.246920e-01 9.428317e-01
4.941205e-02 7.879340e-02 3.370908e-01 9.368671e-01
5.997560e-02 9.323124e-02 3.493172e-01 9.304237e-01
7.050766e-02 1.076201e-01 3.613652e-01 9.235052e-01
8.100277e-02 1.219526e-01 3.732283e-01 9.161150e-01
9.145552e-02 1.362215e-01 3.849007e-01 9.082572e-01
1.018605e-01 1.504194e-01 3.963761e-01 8.999358e-01
1.122124e-01 1.645392e-01 4.076489e-01 8.911552e-01
1.225059e-01 1.785735e-01 4.187132e-01 8.819201e-01
1.327356e-01 1.925154e-01 4.295633e-01 8.722353e-01
1.428963e-01 2.063578e-01 4.401938e-01 8.621059e-01
1.529828e-01 2.200936e-01 4.505991e-01 8.515372e-01
1.629899e-01 2.337158e-01 4.607741e-01 8.405346e-01
1.729125e-01 2.472177e-01 4.707134e-01 8.291041e-01
1.827455e-01 2.605924e-01 4.804122e-01 8.172514e-01
1.924838e-01 2.738332e-01 4.898654e-01 8.049828e-01
2.021226e-01 2.869333e-01 4.990683e-01 7.923046e-01
2.116570e-01 2.998860e-01 5.080161e-01 7.792236e-01
2.210821e-01 3.126849e-01 5.167042e-01 7.657465e-01
2.303932e-01 3.253232e-01 5.251283e-01 7.518804e-01
2.395856e-01 3.377947e-01 5.332839e-01 7.376325e-01
2.486546e-01 3.500930e-01 5.411671e-01 7.230103e-01
2.575958e-01 3.622119e-01 5.487738e-01 7.080214e-01
2.664045e-01 3.741452e-01 5.561001e-01 6.926736e-01
2.750764e-01 3.858870e-01 5.631423e-01 6.769748e-01
2.836072e-01 3.974313e-01 5.698970e-01 6.609332e-01
2.919925e-01 4.087724e-01 5.763606e-01 6.445571e-01
3.002281e-01 4.199046e-01 5.825300e-01 6.278551e-01
3.083100e-01 4.308222e-01 5.884020e-01 6.108357e-01
3.162341e-01 4.415198e-01 5.939738e-01 5.935077e-01
3.239965e-01 4.519921e-01 5.992424e-01 5.758801e-01
3.315933e-01 4.622338e-01 6.042054e-01 5.579620e-01
3.390208e-01 4.722398e-01 6.088602e-01 5.397626e-01
3.462752e-01 4.820052e-01 6.132046e-01 5.212913e-01
3.533530e-01 4.915252e-01 6.172363e-01 5.025574e-01
3.602507e-01 5.007950e-01 6.209535e-01 4.835706e-01
3.669648e-01 5.098101e-01 6.243543e-01 4.643406e-01
3.734920e-01 5.185661e-01 6.274369e-01 4.448772e-01
3.798292e-01 5.270587e-01 6.302001e-01 4.251903e-01
3.859732e-01 5.352836e-01 6.326423e-01 4.052899e-01
3.919209e-01 5.432369e-01 6.347624e-01 3.851861e-01
3.976695e-01 5.509147e-01 6.365594e-01 3.648891e-01
4.032161e-01 5.583133e-01 6.380324e-01 3.444092e-01
4.085580e-01 5.654291e-01 6.391807e-01 3.237566e-01
4.136926e-01 5.722585e-01 6.400038e-01 3.029419e-01
4.186173e-01 5.787983e-01 6.405013e-01 2.819755e-01
4.233298e-01 5.850453e-01 6.406729e-01 2.608679e-01
4.278277e-01 5.909965e-01 6.405187e-01 2.396299e-01
4.321088e-01 5.966489e-01 6.400386e-01 2.182720e-01
4.361710e-01 6.019999e-01 6.392330e-01 1.968050e-01
4.400124e-01 6.070468e-01 6.381022e-01 1.752397e-01
4.436310e-01 6.117871e-01 6.366468e-01 1.535869e-01
4.470251e-01 6.162187e-01 6.348675e-01 1.318575e-01
4.501930e-01 6.203392e-01 6.327652e-01 1.100624e-01
4.531332e-01 6.241468e-01 6.303409e-01 8.821253e-02
4.558443e-01 6.276395e-01 6.275958e-01 6.631882e-02
4.583248e-01 6.308156e-01 6.245313e-01 4.439230e-02
4.605737e-01 6.336735e-01 6.211489e-01 2.244397e-02
4.625898e-01 6.362119e-01 6.174502e-01 4.848697e-04
4.643722e-01 6.384296e-01 6.134371e-01 -2.147397e-02
4.659200e-01 6.403253e-01 6.091114e-01 -4.342150e-02
4.672324e-01 6.418981e-01 6.044754e-01 -6.534666e-02
4.683089e-01 6.431473e-01 5.995313e-01 -8.723841e-02
4.691489e-01 6.440722e-01 5.942816e-01 -1.090857e-01
4.697522e-01 6.446723e-01 5.887288e-01 -1.308775e-01
4.701183e-01 6.449473e-01 5.828757e-01 -1.526029e-01
4.702472e-01 6.448971e-01 5.767252e-01 -1.742508e-01
4.701389e-01 6.445216e-01 5.702803e-01 -1.958103e-01
4.697935e-01 6.438211e-01 5.635442e-01 -2.172705e-01
4.692112e-01 6.427957e-01 5.565202e-01 -2.386206e-01
4.683922e-01 6.414461e-01 5.492119e-01 -2.598498e-01
4.673372e-01 6.397728e-01 5.416229e-01 -2.809473e-01
4.660465e-01 6.377766e-01 5.337569e-01 -3.019025e-01
4.645210e-01 6.354587e-01 5.256178e-01 -3.227049e-01
4.627613e-01 6.328199e-01 5.172097e-01 -3.433439e-01
4.607684e-01 6.298617e-01 5.085367e-01 -3.638091e-01
4.585432e-01 6.265855e-01 4.996031e-01 -3.840903e-01
4.560869e-01 6.229929e-01 4.904134e-01 -4.041772e-01
4.534006e-01 6.190857e-01 4.809720e-01 -4.240598e-01
4.504858e-01 6.148657e-01 4.712837e-01 -4.437278e-01
4.473437e-01 6.103351e-01 4.613532e-01 -4.631716e-01
4.439760e-01 6.054960e-01 4.511855e-01 -4.823811e-01
4.403843e-01 6.003508e-01 4.407857e-01 -5.013468e-01
4.365703e-01 5.949021e-01 4.301588e-01 -5.200589e-01
4.325360e-01 5.891524e-01 4.193102e-01 -5.385081e-01
4.282833e-01 5.831047e-01 4.082452e-01 -5.566850e-01
4.238143e-01 5.767619e-01 3.969693e-01 -5.745803e-01
4.191312e-01 5.701270e-01 3.854883e-01 -5.921849e-01
4.142363e-01 5.632034e-01 3.738077e-01 -6.094900e-01
4.091320e-01 5.559945e-01 3.619334e-01 -6.264865e-01
4.038208e-01 5.485038e-01 3.498714e-01 -6.431659e-01
3.983053e-01 5.407350e-01 3.376276e-01 -6.595196e-01
3.925884e-01 5.326919e-01 3.252083e-01 -6.755393e-01
3.866727e-01 5.243785e-01 3.126196e-01 -6.912166e-01
3.805613e-01 5.157989e-01 2.998679e-01 -7.065435e-01
3.742571e-01 5.069575e-01 2.869597e-01 -7.215122e-01
3.677635e-01 4.978584e-01 2.739013e-01 -7.361148e-01
3.610835e-01 4.885064e-01 2.606995e-01 -7.503439e-01
3.542206e-01 4.789060e-01 2.473609e-01 -7.641920e-01
3.471782e-01 4.690620e-01 2.338923e-01 -7.776519e-01
3.399599e-01 4.589794e-01 2.203005e-01 -7.907167e-01
3.325693e-01 4.486631e-01 2.065925e-01 -8.033795e-01
3.250102e-01 4.381184e-01 1.927752e-01 -8.156337e-01
3.172865e-01 4.273505e-01 1.788556e-01 -8.274730e-01
3.094021e-01 4.163648e-01 1.648410e-01 -8.388910e-01
3.013610e-01 4.051670e-01 1.507385e-01 -8.498819e-01
2.931674e-01 3.937625e-01 1.365553e-01 -8.604398e-01
2.848255e-01 3.821572e-01 1.222988e-01 -8.705592e-01
2.763396e-01 3.703569e-01 1.079761e-01 -8.802348e-01
2.677141e-01 3.583676e-01 9.359483e-02 -8.894615e-01
2.589535e-01 3.461954e-01 7.916228e-02 -8.982345e-01
2.500623e-01 3.338463e-01 6.468591e-02 -9.065491e-01
2.410451e-01 3.213268e-01 5.017321e-02 -9.144009e-01
2.319065e-01 3.086431e-01 3.563165e-02 -9.217859e-01
2.226512e-01 2.958017e-01 2.106870e-02 -9.287001e-01
2.132838e-01 2.828091e-01 6.491895e-03 -9.351400e-01
2.038091e-01 2.696719e-01 -8.091260e-03 -9.411022e-01
1.942320e-01 2.563969e-01 -2.267323e-02 -9.465836e-01
1.845571e-01 2.429909e-01 -3.724648e-02 -9.515812e-01
1.747895e-01 2.294606e-01 -5.180346e-02 -9.560925e-01
1.649342e-01 2.158131e-01 -6.633663e-02 -9.601150e-01
1.549960e-01 2.020553e-01 -8.083845e-02 -9.636467e-01
1.449802e-01 1.881943e-01 -9.530140e-02 -9.666857e-01
1.348918e-01 1.742371e-01 -1.097179e-01 -9.692304e-01
1.247360e-01 1.601910e-01 -1.240806e-01 -9.712795e-01
1.145179e-01 1.460631e-01 -1.383819e-01 -9.728318e-01
1.042429e-01 1.318608e-01 -1.526144e-01 -9.738865e-01
9.391617e-02 1.175913e-01 -1.667706e-01 -9.744432e-01
8.354301e-02 1.032619e-01 -1.808433e-01 -9.745015e-01
7.312878e-02 8.888004e-02 -1.948250e-01 -9.740615e-01
6.267884e-02 7.445310e-02 -2.087084e-01 -9.731233e-01
5.219856e-02 5.998848e-02 -2.224864e-01 -9.716874e-01
4.169334e-02 4.549361e-02 -2.361518e-01 -9.697548e-01
3.116861e-02 3.097595e-02 -2.496973e-01 -9.673263e-01
2.062979e-02 1.644295e-02 -2.631161e-01 -9.644034e-01
1.008231e-02 1.902066e-03 -2.764010e-01 -9.609876e-01
-4.683673e-04 -1.263925e-02 -2.895452e-01 -9.570808e-01
-1.101681e-02 -2.717354e-02 -3.025418e-01 -9.526850e-01
-2.155758e-02 -4.169337e-02 -3.153841e-01 -9.478026e-01
-3.208523e-02 -5.619132e-02 -3.280654e-01 -9.424363e-01
-4.259432e-02 -7.065997e-02 -3.405792e-01 -9.365889e-01
-5.307946e-02 -8.509195e-02 -3.529189e-01 -9.302635e-01
-6.353522e-02 -9.947991e-02 -3.650781e-01 -9.234636e-01
-7.395622e-02 -1.138165e-01 -3.770506e-01 -9.161927e-01
-8.433711e-02 -1.280945e-01 -3.888303e-01 -9.084548e-01
-9.467253e-02 -1.423066e-01 -4.004109e-01 -9.002539e-01
-1.049572e-01 -1.564456e-01 -4.117866e-01 -8.915944e-01
-1.151858e-01 -1.705044e-01 -4.229515e-01 -8.824809e-01
-1.253531e-01 -1.844759e-01 -4.338999e-01 -8.729181e-01
-1.354540e-01 -1.983530e-01 -4.446262e-01 -8.629113e-01
-1.454831e-01 -2.121287e-01 -4.551249e-01 -8.524655e-01
-1.554355e-01 -2.257962e-01 -4.653905e-01 -8.415863e-01
-1.653060e-01 -2.393485e-01 -4.754180e-01 -8.302794e-01
-1.750896e-01 -2.527789e-01 -4.852021e-01 -8.185508e-01
-1.847813e-01 -2.660806e-01 -4.947380e-01 -8.064064e-01
-1.943762e-01 -2.792471e-01 -5.040206e-01 -7.938527e-01
-2.038695e-01 -2.922717e-01 -5.130454e-01 -7.808962e-01
-2.132563e-01 -3.051478e-01 -5.218078e-01 -7.675436e-01
-2.225319e-01 -3.178691e-01 -5.303031e-01 -7.538020e-01
-2.316918e-01 -3.304290e-01 -5.385272e-01 -7.396784e-01
-2.407313e-01 -3.428212e-01 -5.464757e-01 -7.251803e-01
-2.496459e-01 -3.550395e-01 -5.541446e-01 -7.103151e-01
-2.584313e-01 -3.670778e-01 -5.615300e-01 -6.950908e-01
-2.670830e-01 -3.789299e-01 -5.686281e-01 -6.795152e-01
-2.755969e-01 -3.905899e-01 -5.754354e-01 -6.635963e-01
-2.839685e-01 -4.020520e-01 -5.819482e-01 -6.473425e-01
-2.921939e-01 -4.133104e-01 -5.881635e-01 -6.307622e-01
-3.002689e-01 -4.243596e-01 -5.940779e-01 -6.138640e-01
-3.081897e-01 -4.351940e-01 -5.996885e-01 -5.966565e-01
-3.159521e-01 -4.458083e-01 -6.049926e-01 -5.791487e-01
-3.235526e-01 -4.561972e-01 -6.099873e-01 -5.613496e-01
-3.309873e-01 -4.663555e-01 -6.146703e-01 -5.432682e-01
-3.382525e-01 -4.762783e-01 -6.190392e-01 -5.249140e-01
-3.453448e-01 -4.859607e-01 -6.230917e-01 -5.062962e-01
-3.522606e-01 -4.953979e-01 -6.268260e-01 -4.874244e-01
-3.589966e-01 -5.045852e-01 -6.302401e-01 -4.683083e-01
-3.655495e-01 -5.135183e-01 -6.333323e-01 -4.489574e-01
-3.719160e-01 -5.221927e-01 -6.361011e-01 -4.293817e-01
-3.780931e-01 -5.306041e-01 -6.385452e-01 -4.095912e-01
-3.840778e-01 -5.387486e-01 -6.406633e-01 -3.895957e-01
-3.898672e-01 -5.466220e-01 -6.424543e-01 -3.694055e-01
-3.954583e-01 -5.542206e-01 -6.439175e-01 -3.490307e-01
-4.008487e-01 -5.615408e-01 -6.450521e-01 -3.284816e-01
-4.060355e-01 -5.685788e-01 -6.458575e-01 -3.077685e-01
-4.110164e-01 -5.753313e-01 -6.463333e-01 -2.869019e-01
-4.157888e-01 -5.817951e-01 -6.464792e-01 -2.658923e-01
-4.203506e-01 -5.879669e-01 -6.462953e-01 -2.447502e-01
-4.246994e-01 -5.938438e-01 -6.457816e-01 -2.234862e-01
-4.288332e-01 -5.994229e-01 -6.449384e-01 -2.021110e-01
-4.327499e-01 -6.047014e-01 -6.437659e-01 -1.806353e-01
-4.364478e-01 -6.096769e-01 -6.422649e-01 -1.590699e-01
-4.399250e-01 -6.143467e-01 -6.404360e-01 -1.374255e-01
-4.431798e-01 -6.187088e-01 -6.382802e-01 -1.157131e-01
-4.462107e-01 -6.227608e-01 -6.357984e-01 -9.394341e-02
-4.490162e-01 -6.265009e-01 -6.329919e-01 -7.212745e-02
-4.515950e-01 -6.299270e-01 -6.298620e-01 -5.027613e-02
-4.539459e-01 -6.330376e-01 -6.264103e-01 -2.840040e-02
-4.560678e-01 -6.358311e-01 -6.226385e-01 -6.511239e-03
-4.579595e-01 -6.383060e-01 -6.185483e-01 1.538037e-02
-4.596204e-01 -6.404611e-01 -6.141418e-01 3.726343e-02
-4.610496e-01 -6.422952e-01 -6.094211e-01 5.912695e-02
-4.622465e-01 -6.438075e-01 -6.043887e-01 8.095991e-02
-4.632105e-01 -6.449970e-01 -5.990468e-01 1.027513e-01
-4.639412e-01 -6.458632e-01 -5.933982e-01 1.244903e-01
-4.644383e-01 -6.464056e-01 -5.874457e-01 1.461657e-01
-4.647018e-01 -6.466238e-01 -5.811921e-01 1.677667e-01
-4.647314e-01 -6.465176e-01 -5.746407e-01 1.892823e-01
-4.645274e-01 -6.460871e-01 -5.677945e-01 2.107017e-01
-4.640898e-01 -6.453322e-01 -5.606571e-01 2.320141e-01
-4.634190e-01 -6.442535e-01 -5.532319e-01 2.532087e-01
-4.625153e-01 -6.428514e-01 -5.455226e-01 2.742748e-01
-4.613793e-01 -6.411266e-01 -5.375330e-01 2.952018e-01
-4.600116e-01 -6.390798e-01 -5.292669e-01 3.159792e-01
-4.584128e-01 -6.367120e-01 -5.207286e-01 3.365966e-01
-4.565839e-01 -6.340244e-01 -5.119221e-01 3.570434e-01
-4.545257e-01 -6.310183e-01 -5.028518e-01 3.773095e-01
-4.522392e-01 -6.276950e-01 -4.935222e-01 3.973845e-01
-4.497258e-01 -6.240563e-01 -4.839379e-01 4.172585e-01
-4.469865e-01 -6.201037e-01 -4.741036e-01 4.369213e-01
-4.440228e-01 -6.158393e-01 -4.640242e-01 4.563630e-01
-4.408361e-01 -6.112651e-01 -4.537047e-01 4.755738e-01
-4.374281e-01 -6.063833e-01 -4.431502e-01 4.945440e-01
-4.338004e-01 -6.011963e-01 -4.323659e-01 5.132640e-01
-4.299549e-01 -5.957065e-01 -4.213572e-01 5.317242e-01
-4.258934e-01 -5.899167e-01 -4.101296e-01 5.499153e-01
-4.216179e-01 -5.838296e-01 -3.986885e-01 5.678281e-01
-4.171306e-01 -5.774482e-01 -3.870399e-01 5.854535e-01
-4.124337e-01 -5.707756e-01 -3.751893e-01 6.027824e-01
-4.075296e-01 -5.638150e-01 -3.631429e-01 6.198060e-01
-4.024206e-01 -5.565699e-01 -3.509066e-01 6.365156e-01
-3.971094e-01 -5.490437e-01 -3.384865e-01 6.529027e-01
-3.915986e-01 -5.412403e-01 -3.258890e-01 6.689588e-01
-3.858909e-01 -5.331632e-01 -3.131203e-01 6.846757e-01
-3.799892e-01 -5.248167e-01 -3.001869e-01 7.000454e-01
-3.738965e-01 -5.162046e-01 -2.870953e-01 7.150598e-01
-3.676159e-01 -5.073313e-01 -2.738521e-01 7.297112e-01
-3.611504e-01 -4.982012e-01 -2.604642e-01 7.439921e-01
-3.545035e-01 -4.888188e-01 -2.469382e-01 7.578951e-01
-3.476784e-01 -4.791886e-01 -2.332811e-01 7.714129e-01
-3.406787e-01 -4.693155e-01 -2.194998e-01 7.845386e-01
-3.335079e-01 -4.592044e-01 -2.056014e-01 7.972652e-01
-3.261697e-01 -4.488602e-01 -1.915930e-01 8.095863e-01
-3.186678e-01 -4.382882e-01 -1.774818e-01 8.214952e-01
-3.110062e-01 -4.274936e-01 -1.632750e-01 8.329860e-01
-3.031887e-01 -4.164819e-01 -1.489799e-01 8.440524e-01
-2.952194e-01 -4.052584e-01 -1.346039e-01 8.546888e-01
-2.871024e-01 -3.938288e-01 -1.201544e-01 8.648896e-01
-2.788417e-01 -3.821989e-01 -1.056388e-01 8.746495e-01
-2.704415e-01 -3.703745e-01 -9.106455e-02 8.839634e-01
-2.619061e-01 -3.583616e-01 -7.643918e-02 8.928265e-01
-2.532398e-01 -3.461663e-01 -6.177022e-02 9.012341e-01
-2.444471e-01 -3.337946e-01 -4.706525e-02 9.091818e-01
-2.355323e-01 -3.212530e-01 -3.233188e-02 9.166656e-01
-2.265000e-01 -3.085476e-01 -1.757773e-02 9.236813e-01
-2.173549e-01 -2.956849e-01 -2.810452e-03 9.302254e-01
-2.081015e-01 -2.826716e-01 1.196229e-02 9.362945e-01
-1.987447e-01 -2.695141e-01 2.673282e-02 9.418854e-01
-1.892891e-01 -2.562192e-01 4.149347e-02 9.469951e-01
-1.797397e-01 -2.427936e-01 5.623654e-02 9.516209e-01
-1.701012e-01 -2.292441e-01 7.095437e-02 9.557605e-01
-1.603787e-01 -2.155778e-01 8.563928e-02 9.594117e-01
-1.505770e-01 -2.018015e-01 1.002836e-01 9.625726e-01
-1.407012e-01 -1.879222e-01 1.148797e-01 9.652414e-01
-1.307563e-01 -1.739472e-01 1.294200e-01 9.674170e-01
-1.207475e-01 -1.598835e-01 1.438968e-01 9.690981e-01
-1.106797e-01 -1.457383e-01 1.583025e-01 9.702838e-01
-1.005584e-01 -1.315189e-01 1.726298e-01 9.709736e-01
-9.038850e-02 -1.172325e-01 1.868709e-01 9.711672e-01
-8.017539e-02 -1.028864e-01 2.010186e-01 9.708645e-01
-6.992428e-02 -8.848796e-02 2.150653e-01 9.700657e-01
-5.964044e-02 -7.404456e-02 2.290037e-01 9.687712e-01
-4.932919e-02 -5.956357e-02 2.428266e-01 9.669819e-01
-3.899581e-02 -4.505238e-02 2.565267e-01 9.646987e-01
-2.864565e-02 -3.051840e-02 2.700968e-01 9.619230e-01
-1.828403e-02 -1.596904e-02 2.835299e-01 9.586561e-01
-7.916298e-03 -1.411730e-03 2.968188e-01 9.548999e-01
2.452210e-03 1.314613e-02 3.099568e-01 9.506566e-01
1.281615e-02 2.769713e-02 3.229369e-01 9.459283e-01
2.317019e-02 4.223386e-02 3.357524e-01 9.407177e-01
3.350899e-02 5.674896e-02 3.483967e-01 9.350275e-01
4.382724e-02 7.123507e-02 3.608630e-01 9.288609e-01
5.411964e-02 8.568484e-02 3.731450e-01 9.222212e-01
6.438089e-02 1.000910e-01 3.852363e-01 9.151119e-01
7.460573e-02 1.144462e-01 3.971307e-01 9.075369e-01
8.478891e-02 1.287433e-01 4.088219e-01 8.995002e-01
9.492523e-02 1.429750e-01 4.203040e-01 8.910061e-01
1.050095e-01 1.571342e-01 4.315711e-01 8.820591e-01
1.150365e-01 1.712138e-01 4.426172e-01 8.726640e-01
1.250013e-01 1.852067e-01 4.534369e-01 8.628257e-01
1.348986e-01 1.991059e-01 4.640244e-01 8.525495e-01
1.447235e-01 2.129046e-01 4.743744e-01 8.418407e-01
1.544709e-01 2.265957e-01 4.844816e-01 8.307050e-01
1.641360e-01 2.401725e-01 4.943408e-01 8.191482e-01
1.737138e-01 2.536282e-01 5.039470e-01 8.071764e-01
1.831995e-01 2.669562e-01 5.132952e-01 7.947958e-01
1.925882e-01 2.801497e-01 5.223808e-01 7.820129e-01
2.018754e-01 2.932023e-01 5.311991e-01 7.688344e-01
2.110563e-01 3.061074e-01 5.397455e-01 7.552670e-01
2.201263e-01 3.188586e-01 5.480158e-01 7.413179e-01
2.290811e-01 3.314495e-01 5.560056e-01 7.269944e-01
2.379160e-01 3.438738e-01 5.637109e-01 7.123038e-01
2.466269e-01 3.561253e-01 5.711277e-01 6.972539e-01
2.552094e-01 3.681978e-01 5.782522e-01 6.818525e-01
2.636593e-01 3.800854e-01 5.850808e-01 6.661076e-01
2.719724e-01 3.917821e-01 5.916099e-01 6.500274e-01
2.801447e-01 4.032821e-01 5.978362e-01 6.336201e-01
2.881722e-01 4.145797e-01 6.037566e-01 6.168942e-01
2.960509e-01 4.256693e-01 6.093680e-01 5.998584e-01
3.037771e-01 4.365455e-01 6.146677e-01 5.825213e-01
3.113468e-01 4.472029e-01 6.196529e-01 5.648920e-01
3.187565e-01 4.576362e-01 6.243211e-01 5.469795e-01
3.260025e-01 4.678404e-01 6.286699e-01 5.287928e-01
3.330813e-01 4.778103e-01 6.326972e-01 5.103414e-01
3.399895e-01 4.875413e-01 6.364009e-01 4.916346e-01
3.467238e-01 4.970283e-01 6.397791e-01 4.726818e-01
3.532808e-01 5.062669e-01 6.428302e-01 4.534928e-01
3.596574e-01 5.152526e-01 6.455526e-01 4.340773e-01
3.658504e-01 5.239809e-01 6.479450e-01 4.144451e-01
3.718571e-01 5.324476e-01 6.500061e-01 3.946061e-01
3.776743e-01 5.406486e-01 6.517348e-01 3.745704e-01
3.832993e-01 5.485798e-01 6.531304e-01 3.543480e-01
3.887295e-01 5.562375e-01 6.541921e-01 3.339491e-01
3.939622e-01 5.636178e-01 6.549193e-01 3.133839e-01
3.989948e-01 5.707172e-01 6.553117e-01 2.926629e-01
4.038250e-01 5.775322e-01 6.553691e-01 2.717964e-01
4.084505e-01 5.840595e-01 6.550913e-01 2.507948e-01
4.128690e-01 5.902959e-01 6.544785e-01 2.296688e-01
4.170784e-01 5.962384e-01 6.535311e-01 2.084288e-01
4.210767e-01 6.018839e-01 6.522493e-01 1.870856e-01
4.248621e-01 6.072298e-01 6.506338e-01 1.656497e-01
4.284327e-01 6.122733e-01 6.486854e-01 1.441320e-01
4.317867e-01 6.170121e-01 6.464051e-01 1.225432e-01
4.349227e-01 6.214436e-01 6.437938e-01 1.008941e-01
4.378392e-01 6.255658e-01 6.408529e-01 7.919556e-02
4.405347e-01 6.293765e-01 6.375837e-01 5.745842e-02
4.430080e-01 6.328738e-01 6.339879e-01 3.569358e-02
4.452580e-01 6.360559e-01 6.300672e-01 1.391195e-02
4.472836e-01 6.389212e-01 6.258235e-01 -7.875548e-03
4.490840e-01 6.414682e-01 6.212588e-01 -2.965798e-02
4.506582e-01 6.436956e-01 6.163755e-01 -5.142441e-02
4.520056e-01 6.456021e-01 6.111758e-01 -7.316390e-02
4.531256e-01 6.471868e-01 6.056624e-01 -9.486551e-02
4.540178e-01 6.484487e-01 5.998379e-01 -1.165183e-01
4.546818e-01 6.493872e-01 5.937052e-01 -1.381114e-01
4.551174e-01 6.500018e-01 5.872673e-01 -1.596340e-01
4.553244e-01 6.502919e-01 5.805273e-01 -1.810751e-01
4.553028e-01 6.502575e-01 5.734885e-01 -2.024240e-01
4.550528e-01 6.498984e-01 5.661544e-01 -2.236700e-01
4.545744e-01 6.492148e-01 5.585286e-01 -2.448022e-01
4.538682e-01 6.482068e-01 5.506147e-01 -2.658101e-01
4.529344e-01 6.468750e-01 5.424168e-01 -2.866831e-01
4.517737e-01 6.452199e-01 5.339388e-01 -3.074105e-01
4.503866e-01 6.432422e-01 5.251849e-01 -3.279821e-01
4.487740e-01 6.409428e-01 5.161594e-01 -3.483873e-01
4.469366e-01 6.383228e-01 5.068668e-01 -3.686159e-01
4.448755e-01 6.353834e-01 4.973117e-01 -3.886577e-01
4.425918e-01 6.321260e-01 4.874987e-01 -4.085025e-01
4.400865e-01 6.285521e-01 4.774327e-01 -4.281403e-01
4.373611e-01 6.246634e-01 4.671187e-01 -4.475613e-01
4.344167e-01 6.204618e-01 4.565617e-01 -4.667555e-01
4.312551e-01 6.159492e-01 4.457671e-01 -4.857132e-01
4.278777e-01 6.111279e-01 4.347401e-01 -5.044249e-01
4.242863e-01 6.060001e-01 4.234862e-01 -5.228810e-01
4.204826e-01 6.005682e-01 4.120111e-01 -5.410721e-01
4.164687e-01 5.948349e-01 4.003204e-01 -5.589891e-01
4.122464e-01 5.888030e-01 3.884201e-01 -5.766227e-01
4.078181e-01 5.824753e-01 3.763160e-01 -5.939641e-01
4.031858e-01 5.758548e-01 3.640142e-01 -6.110042e-01
3.983519e-01 5.689449e-01 3.515210e-01 -6.277344e-01
3.933189e-01 5.617487e-01 3.388425e-01 -6.441462e-01
3.880893e-01 5.542699e-01 3.259852e-01 -6.602311e-01
3.826658e-01 5.465121e-01 3.129556e-01 -6.759809e-01
3.770511e-01 5.384789e-01 2.997604e-01 -6.913874e-01
3.712482e-01 5.301745e-01 2.864060e-01 -7.064428e-01
3.652598e-01 5.216027e-01 2.728995e-01 -7.211392e-01
3.590891e-01 5.127678e-01 2.592475e-01 -7.354692e-01
3.527393e-01 5.036741e-01 2.454572e-01 -7.494252e-01
3.462134e-01 4.943262e-01 2.315354e-01 -7.630002e-01
3.395148e-01 4.847286e-01 2.174893e-01 -7.761870e-01
3.326469e-01 4.748862e-01 2.033260e-01 -7.889789e-01
3.256131e-01 4.648036e-01 1.890528e-01 -8.013693e-01
3.184170e-01 4.544861e-01 1.746769e-01 -8.133517e-01
3.110621e-01 4.439386e-01 1.602058e-01 -8.249200e-01
3.035524e-01 4.331665e-01 1.456469e-01 -8.360680e-01
2.958914e-01 4.221751e-01 1.310077e-01 -8.467901e-01
2.880832e-01 4.109699e-01 1.162956e-01 -8.570806e-01
2.801316e-01 3.995565e-01 1.015183e-01 -8.669342e-01
2.720408e-01 3.879407e-01 8.668346e-02 -8.763457e-01
2.638148e-01 3.761281e-01 7.179868e-02 -8.853103e-01
2.554578e-01 3.641249e-01 5.687169e-02 -8.938232e-01
2.469740e-01 3.519370e-01 4.191024e-02 -9.018801e-01
2.383679e-01 3.395705e-01 2.692209e-02 -9.094767e-01
2.296437e-01 3.270317e-01 1.191503e-02 -9.166090e-01
2.208060e-01 3.143269e-01 -3.103122e-03 -9.232734e-01
2.118592e-01 3.014625e-01 -1.812454e-02 -9.294663e-01
2.028080e-01 2.884450e-01 -3.314141e-02 -9.351845e-01
1.936568e-01 2.752811e-01 -4.814590e-02 -9.404251e-01
1.844104e-01 2.619773e-01 -6.313018e-02 -9.451853e-01
1.750734e-01 2.485405e-01 -7.808641e-02 -9.494627e-01
1.656506e-01 2.349773e-01 -9.300676e-02 -9.532551e-01
1.561470e-01 2.212948e-01 -1.078834e-01 -9.565604e-01
1.465673e-01 2.074999e-01 -1.227086e-01 -9.593771e-01
1.369166e-01 1.935995e-01 -1.374745e-01 -9.617036e-01
1.271997e-01 1.796007e-01 -1.521734e-01 -9.635388e-01
1.174217e-01 1.655106e-01 -1.667976e-01 -9.648818e-01
1.075876e-01 1.513364e-01 -1.813394e-01 -9.657320e-01
9.770244e-02 1.370853e-01 -1.957911e-01 -9.660889e-01
8.777133e-02 1.227645e-01 -2.101453e-01 -9.659524e-01
7.779936e-02 1.083813e-01 -2.243943e-01 -9.653227e-01
6.779166e-02 9.394309e-02 -2.385306e-01 -9.642002e-01
5.775339e-02 7.945709e-02 -2.525470e-01 -9.625857e-01
4.768972e-02 6.493069e-02 -2.664359e-01 -9.604799e-01
3.760582e-02 5.037126e-02 -2.801902e-01 -9.578841e-01
2.750689e-02 3.578618e-02 -2.938026e-01 -9.547998e-01
1.739812e-02 2.118284e-02 -3.072660e-01 -9.512288e-01
7.284726e-03 6.568627e-03 -3.205734e-01 -9.471729e-01
-2.828105e-03 -8.049068e-03 -3.337177e-01 -9.426344e-01
-1.293517e-02 -2.266286e-02 -3.466922e-01 -9.376159e-01
-2.303127e-02 -3.726538e-02 -3.594901e-01 -9.321200e-01
-3.311122e-02 -5.184927e-02 -3.721046e-01 -9.261498e-01
-4.316986e-02 -6.640719e-02 -3.845293e-01 -9.197085e-01
-5.320203e-02 -8.093181e-02 -3.967577e-01 -9.127995e-01
-6.320258e-02 -9.541585e-02 -4.087834e-01 -9.054266e-01
-7.316642e-02 -1.098520e-01 -4.206002e-01 -8.975938e-01
-8.308846e-02 -1.242331e-01 -4.322020e-01 -8.893053e-01
-9.296364e-02 -1.385519e-01 -4.435828e-01 -8.805654e-01
-1.027870e-01 -1.528013e-01 -4.547366e-01 -8.713789e-01
-1.125534e-01 -1.669740e-01 -4.656578e-01 -8.617507e-01
-1.222581e-01 -1.810631e-01 -4.763407e-01 -8.516858e-01
-1.318960e-01 -1.950616e-01 -4.867797e-01 -8.411896e-01
-1.414624e-01 -2.089623e-01 -4.969696e-01 -8.302676e-01
-1.509523e-01 -2.227585e-01 -5.069052e-01 -8.189256e-01
-1.603611e-01 -2.364433e-01 -5.165812e-01 -8.071696e-01
-1.696840e-01 -2.500099e-01 -5.259927e-01 -7.950057e-01
-1.789162e-01 -2.634515e-01 -5.351350e-01 -7.824403e-01
-1.880533e-01 -2.767616e-01 -5.440033e-01 -7.694799e-01
-1.970906e-01 -2.899335e-01 -5.525932e-01 -7.561314e-01
-2.060236e-01 -3.029607e-01 -5.609002e-01 -7.424016e-01
-2.148479e-01 -3.158368e-01 -5.689201e-01 -7.282976e-01
-2.235591e-01 -3.285554e-01 -5.766488e-01 -7.138269e-01
-2.321528e-01 -3.411102e-01 -5.840824e-01 -6.989969e-01
-2.406250e-01 -3.534951e-01 -5.912170e-01 -6.838153e-01
-2.489715e-01 -3.657037e-01 -5.980489e-01 -6.682900e-01
-2.571882e-01 -3.777302e-01 -6.045747e-01 -6.524289e-01
-2.652710e-01 -3.895686e-01 -6.107910e-01 -6.362405e-01
-2.732161e-01 -4.012130e-01 -6.166947e-01 -6.197328e-01
-2.810195e-01 -4.126577e-01 -6.222827e-01 -6.029145e-01
-2.886776e-01 -4.238970e-01 -6.275521e-01 -5.857942e-01
-2.961865e-01 -4.349255e-01 -6.325004e-01 -5.683807e-01
-3.035427e-01 -4.457378e-01 -6.371249e-01 -5.506828e-01
-3.107425e-01 -4.563286e-01 -6.414232e-01 -5.327097e-01
-3.177825e-01 -4.666926e-01 -6.453933e-01 -5.144704e-01
-3.246594e-01 -4.768248e-01 -6.490331e-01 -4.959742e-01
-3.313697e-01 -4.867203e-01 -6.523407e-01 -4.772306e-01
-3.379103e-01 -4.963742e-01 -6.553145e-01 -4.582491e-01
-3.442780e-01 -5.057819e-01 -6.579528e-01 -4.390392e-01
-3.504697e-01 -5.149387e-01 -6.602544e-01 -4.196107e-01
-3.564825e-01 -5.238403e-01 -6.622182e-01 -3.999734e-01
-3.623134e-01 -5.324821e-01 -6.638429e-01 -3.801372e-01
-3.679598e-01 -5.408601e-01 -6.651279e-01 -3.601121e-01
-3.734189e-01 -5.489702e-01 -6.660725e-01 -3.399081e-01
-3.786881e-01 -5.568083e-01 -6.666760e-01 -3.195355e-01
-3.837648e-01 -5.643707e-01 -6.669383e-01 -2.990043e-01
-3.886467e-01 -5.716537e-01 -6.668590e-01 -2.783250e-01
-3.933314e-01 -5.786536e-01 -6.664383e-01 -2.575079e-01
-3.978167e-01 -5.853671e-01 -6.656763e-01 -2.365635e-01
-4.021005e-01 -5.917909e-01 -6.645732e-01 -2.155021e-01
-4.061808e-01 -5.979217e-01 -6.631296e-01 -1.943345e-01
-4.100556e-01 -6.037566e-01 -6.613463e-01 -1.730710e-01
-4.137230e-01 -6.092926e-01 -6.592239e-01 -1.517225e-01
-4.171814e-01 -6.145269e-01 -6.567635e-01 -1.302996e-01
-4.204292e-01 -6.194571e-01 -6.539663e-01 -1.088129e-01
-4.234648e-01 -6.240805e-01 -6.508336e-01 -8.727334e-02
-4.262868e-01 -6.283949e-01 -6.473670e-01 -6.569158e-02
-4.288940e-01 -6.323980e-01 -6.435680e-01 -4.407846e-02
-4.312850e-01 -6.360879e-01 -6.394385e-01 -2.244480e-02
-4.334590e-01 -6.394625e-01 -6.349806e-01 -8.014582e-04
-4.354147e-01 -6.425203e-01 -6.301963e-01 2.084071e-02
-4.371515e-01 -6.452595e-01 -6.250880e-01 4.247084e-02
-4.386686e-01 -6.476788e-01 -6.196580e-01 6.407809e-02
-4.399652e-01 -6.497770e-01 -6.139091e-01 8.565160e-02
-4.410409e-01 -6.515528e-01 -6.078439e-01 1.071805e-01
-4.418952e-01 -6.530053e-01 -6.014655e-01 1.286541e-01
-4.425278e-01 -6.541338e-01 -5.947770e-01 1.500615e-01
-4.429385e-01 -6.549376e-01 -5.877815e-01 1.713920e-01
-4.431272e-01 -6.554161e-01 -5.804824e-01 1.926348e-01
-4.430938e-01 -6.555691e-01 -5.728835e-01 2.137793e-01
-4.428384e-01 -6.553964e-01 -5.649883e-01 2.348148e-01
-4.423614e-01 -6.548979e-01 -5.568006e-01 2.557307e-01
-4.416629e-01 -6.540738e-01 -5.483247e-01 2.765166e-01
-4.407434e-01 -6.529244e-01 -5.395644e-01 2.971619e-01
-4.396034e-01 -6.514502e-01 -5.305243e-01 3.176562e-01
-4.382436e-01 -6.496518e-01 -5.212086e-01 3.379892e-01
-4.366647e-01 -6.475299e-01 -5.116221e-01 3.581506e-01
-4.348675e-01 -6.450855e-01 -5.017694e-01 3.781302e-01
-4.328531e-01 -6.423196e-01 -4.916554e-01 3.979180e-01
-4.306224e-01 -6.392336e-01 -4.812850e-01 4.175039e-01
-4.281766e-01 -6.358288e-01 -4.706635e-01 4.368780e-01
-4.255171e-01 -6.321068e-01 -4.597961e-01 4.560304e-01
-4.226450e-01 -6.280694e-01 -4.486881e-01 4.749516e-01
-4.195621e-01 -6.237183e-01 -4.373452e-01 4.936317e-01
-4.162697e-01 -6.190558e-01 -4.257729e-01 5.120615e-01
-4.127696e-01 -6.140838e-01 -4.139770e-01 5.302314e-01
-4.090636e-01 -6.088049e-01 -4.019634e-01 5.481323e-01
-4.051536e-01 -6.032214e-01 -3.897381e-01 5.657550e-01
-4.010415e-01 -5.973361e-01 -3.773072e-01 5.830905e-01
-3.967294e-01 -5.911517e-01 -3.646771e-01 6.001300e-01
-3.922195e-01 -5.846713e-01 -3.518539e-01 6.168648e-01
-3.875141e-01 -5.778979e-01 -3.388443e-01 6.332862e-01
-3.826156e-01 -5.708348e-01 -3.256546e-01 6.493859e-01
-3.775264e-01 -5.634854e-01 -3.122917e-01 6.651556e-01
-3.722491e-01 -5.558533e-01 -2.987622e-01 6.805872e-01
-3.667863e-01 -5.479421e-01 -2.850731e-01 6.956728e-01
-3.611409e-01 -5.397558e-01 -2.712312e-01 7.104045e-01
-3.553157e-01 -5.312982e-01 -2.572436e-01 7.247749e-01
-3.493136e-01 -5.225736e-01 -2.431174e-01 7.387765e-01
-3.431376e-01 -5.135862e-01 -2.288599e-01 7.524021e-01
-3.367910e-01 -5.043404e-01 -2.144783e-01 7.656446e-01
-3.302768e-01 -4.948408e-01 -1.999800e-01 7.784971e-01
-3.235985e-01 -4.850920e-01 -1.853724e-01 7.909531e-01
-3.167593e-01 -4.750989e-01 -1.706630e-01 8.030060e-01
-3.097628e-01 -4.648664e-01 -1.558594e-01 8.146497e-01
-3.026126e-01 -4.543995e-01 -1.409692e-01 8.258780e-01
-2.953121e-01 -4.437035e-01 -1.260002e-01 8.366851e-01
-2.878653e-01 -4.327837e-01 -1.109600e-01 8.470654e-01
-2.802758e-01 -4.216454e-01 -9.585644e-02 8.570135e-01
-2.725475e-01 -4.102944e-01 -8.069734e-02 8.665243e-01
-2.646844e-01 -3.987361e-01 -6.549059e-02 8.755927e-01
-2.566905e-01 -3.869765e-01 -5.024407e-02 8.842142e-01
-2.485699e-01 -3.750214e-01 -3.496574e-02 8.923841e-01
-2.403268e-01 -3.628767e-01 -1.966356e-02 9.000983e-01
-2.319653e-01 -3.505486e-01 -4.345498e-03 9.073527e-01
-2.234898e-01 -3.380433e-01 1.098043e-02 9.141436e-01
-2.149046e-01 -3.253671e-01 2.630622e-02 9.204674e-01
-2.062141e-01 -3.125263e-01 4.162384e-02 9.263210e-01
-1.974228e-01 -2.995274e-01 5.692527e-02 9.317012e-01
-1.885352e-01 -2.863770e-01 7.220250e-02 9.366053e-01
-1.795559e-01 -2.730817e-01 8.744751e-02 9.410308e-01
-1.704896e-01 -2.596482e-01 1.026523e-01 9.449755e-01
-1.613408e-01 -2.460832e-01 1.178089e-01 9.484373e-01
-1.521143e-01 -2.323938e-01 1.329093e-01 9.514145e-01
-1.428149e-01 -2.185866e-01 1.479456e-01 9.539056e-01
-1.334474e-01 -2.046688e-01 1.629099e-01 9.559094e-01
-1.240165e-01 -1.906474e-01 1.777944e-01 9.574250e-01
-1.145272e-01 -1.765294e-01 1.925912e-01 9.584516e-01
-1.049844e-01 -1.623220e-01 2.072925e-01 9.589889e-01
-9.539298e-02 -1.480324e-01 2.218906e-01 9.590366e-01
-8.575788e-02 -1.336678e-01 2.363779e-01 9.585948e-01
-7.608408e-02 -1.192354e-01 2.507466e-01 9.576640e-01
-6.637656e-02 -1.047425e-01 2.649894e-01 9.562446e-01
-5.664034e-02 -9.019650e-02 2.790987e-01 9.543377e-01
-4.688042e-02 -7.560465e-02 2.930672e-01 9.519442e-01
-3.710183e-02 -6.097433e-02 3.068874e-01 9.490657e-01
-2.730959e-02 -4.631291e-02 3.205522e-01 9.457037e-01
-1.750874e-02 -3.162776e-02 3.340544e-01 9.418603e-01
-7.704310e-03 -1.692627e-02 3.473870e-01 9.375374e-01
2.098678e-03 -2.215834e-03 3.605430e-01 9.327376e-01
1.189520e-02 1.249618e-02 3.735155e-01 9.274635e-01
2.168024e-02 2.720238e-02 3.862978e-01 9.217179e-01
3.144880e-02 4.189540e-02 3.988833e-01 9.155042e-01
4.119590e-02 5.656789e-02 4.112652e-01 9.088255e-01
5.091657e-02 7.121252e-02 4.234374e-01 9.016857e-01
6.060585e-02 8.582197e-02 4.353933e-01 8.940885e-01
7.025884e-02 1.003889e-01 4.471269e-01 8.860380e-01
7.987062e-02 1.149062e-01 4.586321e-01 8.775385e-01
8.943634e-02 1.293665e-01 4.699028e-01 8.685947e-01
9.895116e-02 1.437627e-01 4.809334e-01 8.592113e-01
1.084103e-01 1.580875e-01 4.917180e-01 8.493933e-01
1.178089e-01 1.723340e-01 5.022512e-01 8.391459e-01
1.271423e-01 1.864950e-01 5.125275e-01 8.284745e-01
1.364059e-01 2.005635e-01 5.225417e-01 8.173848e-01
1.455949e-01 2.145326e-01 5.322886e-01 8.058826e-01
1.547048e-01 2.283954e-01 5.417631e-01 7.939740e-01
1.637310e-01 2.421450e-01 5.509605e-01 7.816652e-01
1.726691e-01 2.557746e-01 5.598761e-01 7.689626e-01
1.815146e-01 2.692776e-01 5.685052e-01 7.558729e-01
1.902630e-01 2.826473e-01 5.768435e-01 7.424029e-01
1.989101e-01 2.958770e-01 5.848867e-01 7.285596e-01
2.074516e-01 3.089604e-01 5.926307e-01 7.143501e-01
2.158833e-01 3.218910e-01 6.000716e-01 6.997819e-01
2.242011e-01 3.346625e-01 6.072055e-01 6.848623e-01
2.324007e-01 3.472685e-01 6.140288e-01 6.695992e-01
2.404784e-01 3.597029e-01 6.205381e-01 6.540004e-01
2.484300e-01 3.719595e-01 6.267299e-01 6.380739e-01
2.562519e-01 3.840324e-01 6.326011e-01 6.218279e-01
2.639401e-01 3.959156e-01 6.381487e-01 6.052708e-01
2.714910e-01 4.076033e-01 6.433698e-01 5.884109e-01
2.789009e-01 4.190897e-01 6.482618e-01 5.712571e-01
2.861663e-01 4.303694e-01 6.528222e-01 5.538179e-01
2.932836e-01 4.414366e-01 6.570485e-01 5.361023e-01
3.002494e-01 4.522861e-01 6.609387e-01 5.181193e-01
3.070604e-01 4.629125e-01 6.644907e-01 4.998779e-01
3.137133e-01 4.733107e-01 6.677027e-01 4.813876e-01
3.202048e-01 4.834755e-01 6.705731e-01 4.626575e-01
3.265320e-01 4.934021e-01 6.731003e-01 4.436973e-01
3.326917e-01 5.030855e-01 6.752830e-01 4.245163e-01
3.386811e-01 5.125210e-01 6.771201e-01 4.051244e-01
3.444972e-01 5.217040e-01 6.786106e-01 3.855313e-01
3.501372e-01 5.306300e-01 6.797536e-01 3.657468e-01
3.555986e-01 5.392946e-01 6.805487e-01 3.457809e-01
3.608787e-01 5.476936e-01 6.809952e-01 3.256436e-01
3.659750e-01 5.558229e-01 6.810929e-01 3.053451e-01
3.708850e-01 5.636785e-01 6.808418e-01 2.848954e-01
3.756065e-01 5.712564e-01 6.802418e-01 2.643048e-01
3.801372e-01 5.785529e-01 6.792932e-01 2.435837e-01
3.844751e-01 5.855644e-01 6.779963e-01 2.227424e-01
3.886179e-01 5.922875e-01 6.763519e-01 2.017915e-01
3.925639e-01 5.987188e-01 6.743604e-01 1.807412e-01
3.963112e-01 6.048550e-01 6.720230e-01 1.596024e-01
3.998581e-01 6.106932e-01 6.693406e-01 1.383854e-01
4.032029e-01 6.162304e-01 6.663144e-01 1.171010e-01
4.063442e-01 6.214638e-01 6.629459e-01 9.575987e-02
4.092803e-01 6.263908e-01 6.592366e-01 7.437261e-02
4.120101e-01 6.310089e-01 6.551883e-01 5.294999e-02
4.145323e-01 6.353157e-01 6.508030e-01 3.150274e-02
4.168458e-01 6.393091e-01 6.460825e-01 1.004160e-02
4.189494e-01 6.429870e-01 6.410293e-01 -1.142267e-02
4.208424e-01 6.463476e-01 6.356457e-01 -3.287931e-02
4.225238e-01 6.493890e-01 6.299343e-01 -5.431756e-02
4.239929e-01 6.521097e-01 6.238978e-01 -7.572667e-02
4.252491e-01 6.545082e-01 6.175391e-01 -9.709589e-02
4.262919e-01 6.565833e-01 6.108614e-01 -1.184145e-01
4.271209e-01 6.583338e-01 6.038677e-01 -1.396718e-01
4.277356e-01 6.597587e-01 5.965615e-01 -1.608571e-01
4.281360e-01 6.608573e-01 5.889464e-01 -1.819597e-01
4.283219e-01 6.616288e-01 5.810259e-01 -2.029691e-01
4.282933e-01 6.620728e-01 5.728041e-01 -2.238747e-01
4.280503e-01 6.621889e-01 5.642848e-01 -2.446659e-01
4.275930e-01 6.619770e-01 5.554723e-01 -2.653322e-01
4.269219e-01 6.614369e-01 5.463708e-01 -2.858634e-01
4.260372e-01 6.605689e-01 5.369848e-01 -3.062488e-01
4.249396e-01 6.593732e-01 5.273189e-01 -3.264784e-01
4.236295e-01 6.578502e-01 5.173779e-01 -3.465419e-01
4.221078e-01 6.560007e-01 5.071666e-01 -3.664290e-01
4.203751e-01 6.538253e-01 4.966901e-01 -3.861298e-01
4.184326e-01 6.513249e-01 4.859535e-01 -4.056343e-01
4.162811e-01 6.485008e-01 4.749623e-01 -4.249325e-01
4.139218e-01 6.453541e-01 4.637217e-01 -4.440146e-01
4.113560e-01 6.418862e-01 4.522375e-01 -4.628711e-01
4.085848e-01 6.380987e-01 4.405153e-01 -4.814922e-01
4.056099e-01 6.339934e-01 4.285610e-01 -4.998685e-01
4.024327e-01 6.295721e-01 4.163805e-01 -5.179906e-01
3.990547e-01 6.248368e-01 4.039800e-01 -5.358492e-01
3.954779e-01 6.197899e-01 3.913656e-01 -5.534353e-01
3.917039e-01 6.144336e-01 3.785437e-01 -5.707399e-01
3.877347e-01 6.087705e-01 3.655208e-01 -5.877540e-01
3.835724e-01 6.028033e-01 3.523034e-01 -6.044690e-01
3.792190e-01 5.965347e-01 3.388982e-01 -6.208762e-01
3.746768e-01 5.899678e-01 3.253120e-01 -6.369674e-01
3.699480e-01 5.831058e-01 3.115516e-01 -6.527340e-01
3.650352e-01 5.759518e-01 2.976241e-01 -6.681682e-01
3.599407e-01 5.685094e-01 2.835366e-01 -6.832618e-01
3.546672e-01 5.607822e-01 2.692961e-01 -6.980072e-01
3.492174e-01 5.527739e-01 2.549101e-01 -7.123967e-01
3.435941e-01 5.444883e-01 2.403859e-01 -7.264229e-01
3.378000e-01 5.359296e-01 2.257309e-01 -7.400785e-01
3.318383e-01 5.271019e-01 2.109527e-01 -7.533564e-01
3.257119e-01 5.180095e-01 1.960588e-01 -7.662499e-01
3.194239e-01 5.086569e-01 1.810570e-01 -7.787521e-01
3.129776e-01 4.990487e-01 1.659549e-01 -7.908567e-01
3.063764e-01 4.891896e-01 1.507604e-01 -8.025574e-01
2.996234e-01 4.790845e-01 1.354814e-01 -8.138480e-01
2.927223e-01 4.687384e-01 1.201258e-01 -8.247228e-01
2.856766e-01 4.581564e-01 1.047015e-01 -8.351762e-01
2.784899e-01 4.473437e-01 8.921655e-02 -8.452026e-01
2.711659e-01 4.363058e-01 7.367908e-02 -8.547969e-01
2.637083e-01 4.250482e-01 5.809716e-02 -8.639541e-01
2.561211e-01 4.135763e-01 4.247891e-02 -8.726696e-01
2.484080e-01 4.018961e-01 2.683249e-02 -8.809387e-01
2.405732e-01 3.900133e-01 1.116610e-02 -8.887573e-01
2.326206e-01 3.779338e-01 -4.512072e-03 -8.961213e-01
2.245543e-01 3.656637e-01 -2.019380e-02 -9.030269e-01
2.163786e-01 3.532092e-01 -3.587087e-02 -9.094706e-01
2.080976e-01 3.405765e-01 -5.153506e-02 -9.154492e-01
1.997156e-01 3.277720e-01 -6.717813e-02 -9.209594e-01
1.912370e-01 3.148020e-01 -8.279187e-02 -9.259987e-01
1.826662e-01 3.016732e-01 -9.836808e-02 -9.305644e-01
1.740075e-01 2.883921e-01 -1.138986e-01 -9.346542e-01
1.652655e-01 2.749653e-01 -1.293752e-01 -9.382662e-01
1.564447e-01 2.613998e-01 -1.447897e-01 -9.413985e-01
1.475497e-01 2.477021e-01 -1.601342e-01 -9.440497e-01
1.385851e-01 2.338794e-01 -1.754004e-01 -9.462184e-01
1.295554e-01 2.199385e-01 -1.905805e-01 -9.479038e-01
1.204654e-01 2.058865e-01 -2.056663e-01 -9.491050e-01
1.113198e-01 1.917304e-01 -2.206499e-01 -9.498215e-01
1.021233e-01 1.774773e-01 -2.355236e-01 -9.500533e-01
9.288064e-02 1.631344e-01 -2.502795e-01 -9.498003e-01
8.359660e-02 1.487090e-01 -2.649098e-01 -9.490627e-01
7.427598e-02 1.342082e-01 -2.794069e-01 -9.478413e-01
6.492356e-02 1.196394e-01 -2.937631e-01 -9.461367e-01
5.554417e-02 1.050098e-01 -3.079710e-01 -9.439500e-01
4.614262e-02 9.032688e-02 -3.220231e-01 -9.412827e-01
3.672376e-02 7.559791e-02 -3.359120e-01 -9.381361e-01
2.729241e-02 6.083028e-02 -3.496306e-01 -9.345123e-01
1.785340e-02 4.603139e-02 -3.631716e-01 -9.304132e-01
8.411565e-03 3.120865e-02 -3.765281e-01 -9.258412e-01
-1.028266e-03 1.636944e-02 -3.896929e-01 -9.207988e-01
-1.046128e-02 1.521196e-03 -4.026593e-01 -9.152889e-01
-1.988267e-02 -1.332869e-02 -4.154206e-01 -9.093145e-01
-2.928763e-02 -2.817282e-02 -4.279700e-01 -9.028788e-01
-3.867140e-02 -4.300380e-02 -4.403012e-01 -8.959855e-01
-4.802922e-02 -5.781426e-02 -4.524077e-01 -8.886383e-01
-5.735634e-02 -7.259683e-02 -4.642832e-01 -8.808411e-01
-6.664806e-02 -8.734418e-02 -4.759217e-01 -8.725982e-01
-7.589969e-02 -1.020490e-01 -4.873170e-01 -8.639140e-01
-8.510657e-02 -1.167040e-01 -4.984634e-01 -8.547931e-01
-9.426406e-02 -1.313019e-01 -5.093550e-01 -8.452405e-01
-1.033676e-01 -1.458356e-01 -5.199863e-01 -8.352613e-01
-1.124126e-01 -1.602977e-01 -5.303518e-01 -8.248606e-01
-1.213945e-01 -1.746813e-01 -5.404462e-01 -8.140440e-01
-1.303090e-01 -1.889792e-01 -5.502643e-01 -8.028173e-01
-1.391514e-01 -2.031843e-01 -5.598010e-01 -7.911863e-01
-1.479176e-01 -2.172897e-01 -5.690515e-01 -7.791572e-01
-1.566030e-01 -2.312884e-01 -5.780111e-01 -7.667362e-01
-1.652034e-01 -2.451736e-01 -5.866751e-01 -7.539298e-01
-1.737146e-01 -2.589384e-01 -5.950391e-01 -7.407446e-01
-1.821324e-01 -2.725761e-01 -6.030989e-01 -7.271876e-01
-1.904525e-01 -2.860799e-01 -6.108502e-01 -7.132658e-01
-1.986711e-01 -2.994434e-01 -6.182893e-01 -6.989863e-01
-2.067839e-01 -3.126598e-01 -6.254122e-01 -6.843565e-01
-2.147872e-01 -3.257228e-01 -6.322153e-01 -6.693840e-01
-2.226769e-01 -3.386259e-01 -6.386952e-01 -6.540764e-01
-2.304492e-01 -3.513629e-01 -6.448485e-01 -6.384417e-01
-2.381003e-01 -3.639274e-01 -6.506720e-01 -6.224877e-01
-2.456266e-01 -3.763134e-01 -6.561629e-01 -6.062228e-01
-2.530244e-01 -3.885148e-01 -6.613182e-01 -5.896551e-01
-2.602901e-01 -4.005256e-01 -6.661354e-01 -5.727931e-01
-2.674202e-01 -4.123400e-01 -6.706119e-01 -5.556453e-01
-2.744114e-01 -4.239522e-01 -6.747455e-01 -5.382206e-01
-2.812601e-01 -4.353564e-01 -6.785340e-01 -5.205278e-01
-2.879633e-01 -4.465472e-01 -6.819754e-01 -5.025757e-01
-2.945175e-01 -4.575189e-01 -6.850679e-01 -4.843736e-01
-3.009198e-01 -4.682664e-01 -6.878100e-01 -4.659305e-01
-3.071671e-01 -4.787842e-01 -6.902001e-01 -4.472559e-01
-3.132564e-01 -4.890673e-01 -6.922370e-01 -4.283591e-01
-3.191848e-01 -4.991105e-01 -6.939197e-01 -4.092496e-01
-3.249495e-01 -5.089091e-01 -6.952470e-01 -3.899372e-01
-3.305478e-01 -5.184580e-01 -6.962184e-01 -3.704314e-01
-3.359770e-01 -5.277528e-01 -6.968331e-01 -3.507422e-01
-3.412346e-01 -5.367887e-01 -6.970909e-01 -3.308793e-01
-3.463181e-01 -5.455613e-01 -6.969915e-01 -3.108528e-01
-3.512251e-01 -5.540663e-01 -6.965348e-01 -2.906728e-01
-3.559533e-01 -5.622995e-01 -6.957210e-01 -2.703493e-01
-3.605006e-01 -5.702569e-01 -6.945503e-01 -2.498926e-01
-3.648647e-01 -5.779344e-01 -6.930233e-01 -2.293128e-01
-3.690437e-01 -5.853282e-01 -6.911405e-01 -2.086204e-01
-3.730357e-01 -5.924347e-01 -6.889028e-01 -1.878256e-01
-3.768386e-01 -5.992504e-01 -6.863112e-01 -1.669390e-01
-3.804509e-01 -6.057718e-01 -6.833668e-01 -1.459708e-01
-3.838709e-01 -6.119956e-01 -6.800710e-01 -1.249318e-01
-3.870969e-01 -6.179187e-01 -6.764254e-01 -1.038323e-01
-3.901275e-01 -6.235382e-01 -6.724316e-01 -8.268301e-02
-3.929613e-01 -6.288511e-01 -6.680914e-01 -6.149445e-02
-3.955970e-01 -6.338548e-01 -6.634070e-01 -4.027726e-02
-3.980334e-01 -6.385468e-01 -6.583804e-01 -1.904206e-02
-4.002695e-01 -6.429246e-01 -6.530142e-01 2.200507e-03
-4.023041e-01 -6.469859e-01 -6.473108e-01 2.343978e-02
-4.041365e-01 -6.507286e-01 -6.412729e-01 4.466512e-02
-4.057658e-01 -6.541509e-01 -6.349035e-01 6.586588e-02
-4.071913e-01 -6.572508e-01 -6.282055e-01 8.703140e-02
-4.084123e-01 -6.600268e-01 -6.211822e-01 1.081511e-01
-4.094285e-01 -6.624772e-01 -6.138371e-01 1.292143e-01
-4.102392e-01 -6.646009e-01 -6.061735e-01 1.502104e-01
-4.108443e-01 -6.663965e-01 -5.981953e-01 1.711289e-01
-4.112435e-01 -6.678631e-01 -5.899062e-01 1.919592e-01
-4.114367e-01 -6.689998e-01 -5.813104e-01 2.126909e-01
-4.114238e-01 -6.698058e-01 -5.724120e-01 2.333135e-01
-4.112050e-01 -6.702806e-01 -5.632153e-01 2.538166e-01
-4.107804e-01 -6.704239e-01 -5.537248e-01 2.741898e-01
-4.101503e-01 -6.702354e-01 -5.439453e-01 2.944228e-01
-4.093150e-01 -6.697149e-01 -5.338815e-01 3.145054e-01
-4.082751e-01 -6.688627e-01 -5.235383e-01 3.344275e-01
-4.070312e-01 -6.676789e-01 -5.129209e-01 3.541788e-01
-4.055838e-01 -6.661640e-01 -5.020344e-01 3.737495e-01
-4.039338e-01 -6.643186e-01 -4.908844e-01 3.931295e-01
-4.020821e-01 -6.621433e-01 -4.794763e-01 4.123090e-01
-4.000296e-01 -6.596391e-01 -4.678158e-01 4.312782e-01
-3.977774e-01 -6.568071e-01 -4.559088e-01 4.500275e-01
-3.953266e-01 -6.536485e-01 -4.437611e-01 4.685473e-01
-3.926786e-01 -6.501647e-01 -4.313788e-01 4.868282e-01
-3.898348e-01 -6.463572e-01 -4.187683e-01 5.048607e-01
-3.867965e-01 -6.422278e-01 -4.059357e-01 5.226357e-01
-3.835653e-01 -6.377784e-01 -3.928876e-01 5.401441e-01
-3.801430e-01 -6.330110e-01 -3.796306e-01 5.573769e-01
-3.765313e-01 -6.279278e-01 -3.661713e-01 5.743252e-01
-3.727320e-01 -6.225312e-01 -3.525166e-01 5.909804e-01
-3.687471e-01 -6.168237e-01 -3.386735e-01 6.073338e-01
-3.645786e-01 -6.108080e-01 -3.246489e-01 6.233771e-01
-3.602288e-01 -6.044871e-01 -3.104501e-01 6.391020e-01
-3.556997e-01 -5.978638e-01 -2.960842e-01 6.545004e-01
-3.509938e-01 -5.909413e-01 -2.815587e-01 6.695644e-01
-3.461135e-01 -5.837231e-01 -2.668809e-01 6.842861e-01
-3.410612e-01 -5.762125e-01 -2.520585e-01 6.986580e-01
-3.358397e-01 -5.684131e-01 -2.370991e-01 7.126726e-01
-3.304515e-01 -5.603289e-01 -2.220103e-01 7.263228e-01
-3.248995e-01 -5.519637e-01 -2.068000e-01 7.396014e-01
-3.191865e-01 -5.433215e-01 -1.914760e-01 7.525016e-01
-3.133155e-01 -5.344067e-01 -1.760463e-01 7.650167e-01
-3.072895e-01 -5.252236e-01 -1.605189e-01 7.771403e-01
-3.011116e-01 -5.157766e-01 -1.449018e-01 7.888661e-01
-2.947850e-01 -5.060706e-01 -1.292032e-01 8.001881e-01
-2.883131e-01 -4.961101e-01 -1.134312e-01 8.111003e-01
-2.816991e-01 -4.859003e-01 -9.759414e-02 8.215972e-01
-2.749464e-01 -4.754461e-01 -8.170020e-02 8.316734e-01
-2.680587e-01 -4.647527e-01 -6.575771e-02 8.413236e-01
-2.610394e-01 -4.538254e-01 -4.977501e-02 8.505430e-01
-2.538922e-01 -4.426698e-01 -3.376047e-02 8.593267e-01
-2.466209e-01 -4.312912e-01 -1.772249e-02 8.676704e-01
-2.392291e-01 -4.196955e-01 -1.669461e-03 8.755697e-01
-2.317208e-01 -4.078884e-01 1.439018e-02 8.830206e-01
-2.240998e-01 -3.958758e-01 3.044800e-02 8.900194e-01
-2.163701e-01 -3.836637e-01 4.649558e-02 8.965625e-01
-2.085357e-01 -3.712583e-01 6.252447e-02 9.026466e-01
-2.006007e-01 -3.586657e-01 7.852626e-02 9.082686e-01
-1.925692e-01 -3.458923e-01 9.449254e-02 9.134259e-01
-1.844454e-01 -3.329444e-01 1.104149e-01 9.181157e-01
-1.762335e-01 -3.198287e-01 1.262850e-01 9.223359e-01
-1.679378e-01 -3.065515e-01 1.420945e-01 9.260843e-01
-1.595626e-01 -2.931197e-01 1.578350e-01 9.293593e-01
-1.511122e-01 -2.795400e-01 1.734984e-01 9.321592e-01
-1.425910e-01 -2.658191e-01 1.890763e-01 9.344828e-01
-1.340035e-01 -2.519640e-01 2.045607e-01 9.363291e-01
-1.253540e-01 -2.379816e-01 2.199433e-01 9.376972e-01
-1.166471e-01 -2.238789e-01 2.352161e-01 9.385868e-01
-1.078872e-01 -2.096630e-01 2.503711e-01 9.389974e-01
-9.907884e-02 -1.953410e-01 2.654003e-01 9.389291e-01
-9.022663e-02 -1.809202e-01 2.802960e-01 9.383822e-01
-8.133509e-02 -1.664077e-01 2.950503e-01 9.373572e-01
-7.240881e-02 -1.518107e-01 3.096554e-01 9.358547e-01
-6.345236e-02 -1.371367e-01 3.241038e-01 9.338758e-01
-5.447035e-02 -1.223929e-01 3.383880e-01 9.314218e-01
-4.546739e-02 -1.075867e-01 3.525004e-01 9.284941e-01
-3.644806e-02 -9.272546e-02 3.664337e-01 9.250945e-01
-2.741700e-02 -7.781664e-02 3.801808e-01 9.212250e-01
-1.837880e-02 -6.286766e-02 3.937343e-01 9.168878e-01
-9.338060e-03 -4.788596e-02 4.070874e-01 9.120853e-01
-2.993885e-04 -3.287900e-02 4.202330e-01 9.068203e-01
8.732631e-03 -1.785424e-02 4.331644e-01 9.010957e-01
1.775342e-02 -2.819143e-03 4.458749e-01 8.949148e-01
2.675842e-02 1.221882e-02 4.583579e-01 8.882808e-01
3.574308e-02 2.725219e-02 4.706070e-01 8.811974e-01
4.470288e-02 4.227352e-02 4.826158e-01 8.736685e-01
5.363331e-02 5.727537e-02 4.943781e-01 8.656982e-01
6.252988e-02 7.225031e-02 5.058879e-01 8.572907e-01
7.138815e-02 8.719095e-02 5.171393e-01 8.484506e-01
8.020367e-02 1.020899e-01 5.281265e-01 8.391826e-01
8.897206e-02 1.169398e-01 5.388439e-01 8.294916e-01
9.768894e-02 1.317334e-01 5.492859e-01 8.193828e-01
1.063500e-01 1.464632e-01 5.594472e-01 8.088616e-01
1.149509e-01 1.611222e-01 5.693226e-01 7.979334e-01
1.234874e-01 1.757031e-01 5.789070e-01 7.866041e-01
1.319553e-01 1.901986e-01 5.881956e-01 7.748795e-01
1.403505e-01 2.046017e-01 5.971836e-01 7.627658e-01
1.486687e-01 2.189054e-01 6.058663e-01 7.502693e-01
1.569059e-01 2.331024e-01 6.142395e-01 7.373965e-01
1.650581e-01 2.471861e-01 6.222987e-01 7.241542e-01
1.731213e-01 2.611493e-01 6.300398e-01 7.105490e-01
1.810915e-01 2.749852e-01 6.374590e-01 6.965881e-01
1.889649e-01 2.886871e-01 6.445524e-01 6.822787e-01
1.967377e-01 3.022483e-01 6.513164e-01 6.676281e-01
2.044059e-01 3.156621e-01 6.577475e-01 6.526438e-01
2.119661e-01 3.289219e-01 6.638424e-01 6.373335e-01
2.194144e-01 3.420212e-01 6.695981e-01 6.217050e-01
2.267474e-01 3.549537e-01 6.750115e-01 6.057664e-01
2.339614e-01 3.677130e-01 6.800799e-01 5.895257e-01
2.410530e-01 3.802928e-01 6.848007e-01 5.729912e-01
2.480188e-01 3.926870e-01 6.891714e-01 5.561712e-01
2.548555e-01 4.048895e-01 6.931897e-01 5.390744e-01
2.615597e-01 4.168943e-01 6.968536e-01 5.217094e-01
2.681284e-01 4.286955e-01 7.001612e-01 5.040850e-01
2.745583e-01 4.402874e-01 7.031107e-01 4.862100e-01
2.808464e-01 4.516642e-01 7.057005e-01 4.680936e-01
2.869897e-01 4.628204e-01 7.079293e-01 4.497447e-01
2.929853e-01 4.737505e-01 7.097959e-01 4.311728e-01
2.988303e-01 4.844490e-01 7.112991e-01 4.123871e-01
3.045220e-01 4.949109e-01 7.124383e-01 3.933970e-01
3.100578e-01 5.051308e-01 7.132127e-01 3.742122e-01
3.154349e-01 5.151037e-01 7.136217e-01 3.548422e-01
3.206509e-01 5.248248e-01 7.136652e-01 3.352969e-01
3.257033e-01 5.342892e-01 7.133429e-01 3.155859e-01
3.305897e-01 5.434922e-01 7.126548e-01 2.957191e-01
3.353078e-01 5.524292e-01 7.116013e-01 2.757066e-01
3.398555e-01 5.610959e-01 7.101828e-01 2.555583e-01
3.442306e-01 5.694879e-01 7.083997e-01 2.352844e-01
3.484310e-01 5.776010e-01 7.062528e-01 2.148949e-01
3.524549e-01 5.854311e-01 7.037432e-01 1.944002e-01
3.563002e-01 5.929745e-01 7.008719e-01 1.738104e-01
3.599653e-01 6.002271e-01 6.976402e-01 1.531359e-01
3.634484e-01 6.071855e-01 6.940495e-01 1.323870e-01
3.667479e-01 6.138460e-01 6.901016e-01 1.115741e-01
3.698624e-01 6.202054e-01 6.857983e-01 9.070759e-02
3.727902e-01 6.262603e-01 6.811415e-01 6.979799e-02
3.755302e-01 6.320077e-01 6.761334e-01 4.885575e-02
3.780810e-01 6.374447e-01 6.707765e-01 2.789136e-02
3.804415e-01 6.425683e-01 6.650732e-01 6.915325e-03
3.826106e-01 6.473761e-01 6.590262e-01 -1.406182e-02
3.845873e-01 6.518654e-01 6.526385e-01 -3.502956e-02
3.863708e-01 6.560340e-01 6.459130e-01 -5.597736e-02
3.879601e-01 6.598795e-01 6.388530e-01 -7.689469e-02
3.893546e-01 6.634001e-01 6.314619e-01 -9.777105e-02
3.905538e-01 6.665937e-01 6.237432e-01 -1.185959e-01
3.915569e-01 6.694586e-01 6.157008e-01 -1.393588e-01
3.923638e-01 6.719933e-01 6.073384e-01 -1.600493e-01
3.929739e-01 6.741963e-01 5.986601e-01 -1.806569e-01
3.933871e-01 6.760664e-01 5.896702e-01 -2.011712e-01
3.936032e-01 6.776025e-01 5.803731e-01 -2.215819e-01
3.936222e-01 6.788035e-01 5.707732e-01 -2.418787e-01
3.934441e-01 6.796688e-01 5.608754e-01 -2.620512e-01
3.930690e-01 6.801977e-01 5.506845e-01 -2.820892e-01
3.924973e-01 6.803898e-01 5.402055e-01 -3.019827e-01
3.917292e-01 6.802448e-01 5.294437e-01 -3.217215e-01
3.907652e-01 6.797625e-01 5.184042e-01 -3.412955e-01
3.896058e-01 6.789430e-01 5.070927e-01 -3.606948e-01
3.882516e-01 6.777865e-01 4.955147e-01 -3.799096e-01
3.867034e-01 6.762935e-01 4.836761e-01 -3.989299e-01
3.849619e-01 6.744643e-01 4.715827e-01 -4.177463e-01
3.830281e-01 6.722998e-01 4.592407e-01 -4.363489e-01
3.809031e-01 6.698009e-01 4.466562e-01 -4.547283e-01
3.785878e-01 6.669686e-01 4.338355e-01 -4.728752e-01
3.760836e-01 6.638041e-01 4.207852e-01 -4.907801e-01
3.733917e-01 6.603087e-01 4.075118e-01 -5.084340e-01
3.705135e-01 6.564842e-01 3.940221e-01 -5.258278e-01
3.674505e-01 6.523321e-01 3.803230e-01 -5.429525e-01
3.642043e-01 6.478544e-01 3.664213e-01 -5.597993e-01
3.607767e-01 6.430532e-01 3.523242e-01 -5.763596e-01
3.571692e-01 6.379306e-01 3.380390e-01 -5.926249e-01
3.533839e-01 6.324892e-01 3.235728e-01 -6.085868e-01
3.494227e-01 6.267313e-01 3.089332e-01 -6.242370e-01
3.452877e-01 6.206599e-01 2.941277e-01 -6.395676e-01
3.409809e-01 6.142776e-01 2.791638e-01 -6.545705e-01
3.365046e-01 6.075877e-01 2.640494e-01 -6.692381e-01
3.318613e-01 6.005933e-01 2.487922e-01 -6.835629e-01
3.270531e-01 5.932979e-01 2.334001e-01 -6.975373e-01
3.220827e-01 5.857048e-01 2.178811e-01 -7.111543e-01
3.169527e-01 5.778179e-01 2.022433e-01 -7.244068e-01
3.116657e-01 5.696409e-01 1.864947e-01 -7.372879e-01
3.062244e-01 5.611779e-01 1.706437e-01 -7.497911e-01
3.006318e-01 5.524330e-01 1.546983e-01 -7.619100e-01
2.948906e-01 5.434105e-01 1.386670e-01 -7.736382e-01
2.890040e-01 5.341148e-01 1.225581e-01 -7.849698e-01
2.829749e-01 5.245506e-01 1.063801e-01 -7.958989e-01
2.768065e-01 5.147226e-01 9.014130e-02 -8.064201e-01
2.705021e-01 5.046356e-01 7.385035e-02 -8.165278e-01
2.640649e-01 4.942947e-01 5.751572e-02 -8.262170e-01
2.574983e-01 4.837049e-01 4.114599e-02 -8.354826e-01
2.508056e-01 4.728716e-01 2.474973e-02 -8.443201e-01
2.439905e-01 4.618002e-01 8.335538e-03 -8.527249e-01
2.370564e-01 4.504961e-01 -8.087963e-03 -8.606928e-01
2.300070e-01 4.389651e-01 -2.451216e-02 -8.682198e-01
2.228460e-01 4.272128e-01 -4.092842e-02 -8.753021e-01
2.155770e-01 4.152453e-01 -5.732814e-02 -8.819362e-01
2.082039e-01 4.030683e-01 -7.370270e-02 -8.881188e-01
2.007305e-01 3.906882e-01 -9.004352e-02 -8.938468e-01
1.931608e-01 3.781110e-01 -1.063420e-01 -8.991176e-01
1.854985e-01 3.653430e-01 -1.225896e-01 -9.039284e-01
1.777478e-01 3.523907e-01 -1.387778e-01 -9.082771e-01
1.699127e-01 3.392605e-01 -1.548981e-01 -9.121615e-01
1.619971e-01 3.259591e-01 -1.709421e-01 -9.155798e-01
1.540053e-01 3.124930e-01 -1.869014e-01 -9.185305e-01
1.459414e-01 2.988691e-01 -2.027675e-01 -9.210123e-01
1.378095e-01 2.850942e-01 -2.185323e-01 -9.230241e-01
1.296139e-01 2.711751e-01 -2.341874e-01 -9.245651e-01
1.213587e-01 2.571189e-01 -2.497247e-01 -9.256346e-01
1.130483e-01 2.429326e-01 -2.651361e-01 -9.262325e-01
1.046869e-01 2.286232e-01 -2.804136e-01 -9.263586e-01
9.627879e-02 2.141980e-01 -2.955491e-01 -9.260132e-01
8.782835e-02 1.996641e-01 -3.105348e-01 -9.251965e-01
7.933988e-02 1.850288e-01 -3.253629e-01 -9.239094e-01
7.081774e-02 1.702995e-01 -3.400257e-01 -9.221526e-01
6.226628e-02 1.554834e-01 -3.545156e-01 -9.199275e-01
5.368986e-02 1.405880e-01 -3.688250e-01 -9.172353e-01
4.509285e-02 1.256207e-01 -3.829467e-01 -9.140776e-01
3.647964e-02 1.105889e-01 -3.968732e-01 -9.104565e-01
2.785458e-02 9.550010e-02 -4.105973e-01 -9.063739e-01
1.922206e-02 8.036186e-02 -4.241120e-01 -9.018323e-01
1.058645e-02 6.518168e-02 -4.374103e-01 -8.968341e-01
1.952095e-03 4.996709e-02 -4.504854e-01 -8.913823e-01
-6.676640e-03 3.472566e-02 -4.633304e-01 -8.854798e-01
-1.529541e-02 1.946493e-02 -4.759389e-01 -8.791299e-01
-2.389990e-02 4.192467e-03 -4.883043e-01 -8.723360e-01
-3.248579e-02 -1.108415e-02 -5.004203e-01 -8.651019e-01
-4.104878e-02 -2.635737e-02 -5.122806e-01 -8.574315e-01
-4.958459e-02 -4.161964e-02 -5.238793e-01 -8.493290e-01
-5.808898e-02 -5.686340e-02 -5.352103e-01 -8.407985e-01
-6.655772e-02 -7.208114e-02 -5.462678e-01 -8.318448e-01
-7.498659e-02 -8.726532e-02 -5.570463e-01 -8.224726e-01
-8.337143e-02 -1.024085e-01 -5.675401e-01 -8.126869e-01
-9.170808e-02 -1.175031e-01 -5.777440e-01 -8.024927e-01
-9.999243e-02 -1.325418e-01 -5.876527e-01 -7.918955e-01
-1.082204e-01 -1.475172e-01 -5.972613e-01 -7.809008e-01
-1.163880e-01 -1.624218e-01 -6.065646e-01 -7.695144e-01
-1.244911e-01 -1.772483e-01 -6.155582e-01 -7.577421e-01
-1.325258e-01 -1.919895e-01 -6.242373e-01 -7.455902e-01
-1.404882e-01 -2.066380e-01 -6.325975e-01 -7.330649e-01
-1.483743e-01 -2.211868e-01 -6.406346e-01 -7.201727e-01
-1.561804e-01 -2.356286e-01 -6.483445e-01 -7.069202e-01
-1.639026e-01 -2.499563e-01 -6.557233e-01 -6.933143e-01
-1.715373e-01 -2.641629e-01 -6.627671e-01 -6.793620e-01
-1.790806e-01 -2.782414e-01 -6.694724e-01 -6.650703e-01
-1.865289e-01 -2.921849e-01 -6.758359e-01 -6.504467e-01
-1.938787e-01 -3.059865e-01 -6.818541e-01 -6.354985e-01
-2.011264e-01 -3.196395e-01 -6.875240e-01 -6.202334e-01
-2.082685e-01 -3.331372e-01 -6.928428e-01 -6.046592e-01
-2.153016e-01 -3.464728e-01 -6.978077e-01 -5.887837e-01
-2.222223e-01 -3.596400e-01 -7.024161e-01 -5.726151e-01
-2.290272e-01 -3.726321e-01 -7.066656e-01 -5.561614e-01
-2.357131e-01 -3.854428e-01 -7.105541e-01 -5.394312e-01
-2.422769e-01 -3.980659e-01 -7.140795e-01 -5.224327e-01
-2.487153e-01 -4.104950e-01 -7.172400e-01 -5.051746e-01
-2.550253e-01 -4.227240e-01 -7.200339e-01 -4.876656e-01
-2.612040e-01 -4.347470e-01 -7.224596e-01 -4.699144e-01
-2.672483e-01 -4.465580e-01 -7.245160e-01 -4.519301e-01
-2.731553e-01 -4.581512e-01 -7.262019e-01 -4.337216e-01
-2.789224e-01 -4.695208e-01 -7.275163e-01 -4.152982e-01
-2.845466e-01 -4.806613e-01 -7.284584e-01 -3.966690e-01
-2.900255e-01 -4.915670e-01 -7.290277e-01 -3.778435e-01
-2.953563e-01 -5.022327e-01 -7.292238e-01 -3.588309e-01
-3.005365e-01 -5.126529e-01 -7.290465e-01 -3.396410e-01
-3.055638e-01 -5.228226e-01 -7.284957e-01 -3.202832e-01
-3.104357e-01 -5.327367e-01 -7.275715e-01 -3.007673e-01
-3.151498e-01 -5.423902e-01 -7.262744e-01 -2.811031e-01
-3.197041e-01 -5.517783e-01 -7.246048e-01 -2.613003e-01
-3.240963e-01 -5.608962e-01 -7.225635e-01 -2.413690e-01
-3.283243e-01 -5.697396e-01 -7.201513e-01 -2.213190e-01
-3.323862e-01 -5.783038e-01 -7.173692e-01 -2.011605e-01
-3.362801e-01 -5.865846e-01 -7.142186e-01 -1.809034e-01
-3.400041e-01 -5.945778e-01 -7.107008e-01 -1.605580e-01
-3.435564e-01 -6.022793e-01 -7.068175e-01 -1.401344e-01
-3.469354e-01 -6.096853e-01 -7.025704e-01 -1.196429e-01
-3.501395e-01 -6.167920e-01 -6.979616e-01 -9.909361e-02
-3.531672e-01 -6.235957e-01 -6.929932e-01 -7.849698e-02
-3.560170e-01 -6.300929e-01 -6.876676e-01 -5.786327e-02
-3.586877e-01 -6.362803e-01 -6.819871e-01 -3.720285e-02
-3.611779e-01 -6.421547e-01 -6.759547e-01 -1.652607e-02
-3.634865e-01 -6.477131e-01 -6.695730e-01 4.156671e-03
-3.656124e-01 -6.529525e-01 -6.628453e-01 2.483499e-02
-3.675547e-01 -6.578702e-01 -6.557746e-01 4.549850e-02
-3.693123e-01 -6.624635e-01 -6.483644e-01 6.613679e-02
-3.708845e-01 -6.667301e-01 -6.406184e-01 8.673947e-02
-3.722706e-01 -6.706676e-01 -6.325402e-01 1.072962e-01
-3.734699e-01 -6.742740e-01 -6.241337e-01 1.277965e-01
-3.744818e-01 -6.775472e-01 -6.154031e-01 1.482301e-01
-3.753060e-01 -6.804854e-01 -6.063527e-01 1.685867e-01
-3.759420e-01 -6.830870e-01 -5.969868e-01 1.888559e-01
-3.763895e-01 -6.853504e-01 -5.873102e-01 2.090276e-01
-3.766484e-01 -6.872744e-01 -5.773274e-01 2.290915e-01
-3.767186e-01 -6.888578e-01 -5.670436e-01 2.490373e-01
-3.766000e-01 -6.900997e-01 -5.564637e-01 2.688551e-01
-3.762928e-01 -6.909991e-01 -5.455930e-01 2.885346e-01
-3.757972e-01 -6.915554e-01 -5.344370e-01 3.080660e-01
-3.751133e-01 -6.917682e-01 -5.230012e-01 3.274392e-01
-3.742417e-01 -6.916371e-01 -5.112914e-01 3.466444e-01
-3.731828e-01 -6.911621e-01 -4.993134e-01 3.656717e-01
-3.719370e-01 -6.903430e-01 -4.870732e-01 3.845115e-01
-3.705052e-01 -6.891802e-01 -4.745770e-01 4.031542e-01
-3.688880e-01 -6.876739e-01 -4.618311e-01 4.215901e-01
-3.670863e-01 -6.858249e-01 -4.488420e-01 4.398099e-01
-3.651010e-01 -6.836337e-01 -4.356163e-01 4.578043e-01
-3.629331e-01 -6.811013e-01 -4.221606e-01 4.755639e-01
-3.605838e-01 -6.782287e-01 -4.084819e-01 4.930797e-01
-3.580543e-01 -6.750173e-01 -3.945872e-01 5.103428e-01
-3.553459e-01 -6.714684e-01 -3.804834e-01 5.273441e-01
-3.524600e-01 -6.675836e-01 -3.661780e-01 5.440751e-01
-3.493982e-01 -6.633648e-01 -3.516781e-01 5.605270e-01
-3.461619e-01 -6.588138e-01 -3.369914e-01 5.766915e-01
-3.427529e-01 -6.539328e-01 -3.221253e-01 5.925602e-01
-3.391730e-01 -6.487241e-01 -3.070875e-01 6.081250e-01
-3.354239e-01 -6.431901e-01 -2.918858e-01 6.233779e-01
-3.315078e-01 -6.373334e-01 -2.765281e-01 6.383110e-01
-3.274265e-01 -6.311570e-01 -2.610223e-01 6.529166e-01
-3.231823e-01 -6.246637e-01 -2.453765e-01 6.671873e-01
-3.187773e-01 -6.178567e-01 -2.295988e-01 6.811157e-01
-3.142139e-01 -6.107392e-01 -2.136974e-01 6.946946e-01
-3.094943e-01 -6.033149e-01 -1.976806e-01 7.079172e-01
-3.046211e-01 -5.955872e-01 -1.815568e-01 7.207767e-01
-2.995969e-01 -5.875600e-01 -1.653344e-01 7.332663e-01
-2.944242e-01 -5.792372e-01 -1.490218e-01 7.453799e-01
-2.891057e-01 -5.706229e-01 -1.326276e-01 7.571111e-01
-2.836443e-01 -5.617214e-01 -1.161604e-01 7.684541e-01
-2.780427e-01 -5.525372e-01 -9.962867e-02 7.794030e-01
-2.723039e-01 -5.430746e-01 -8.304121e-02 7.899523e-01
-2.664310e-01 -5.333385e-01 -6.640665e-02 8.000967e-01
-2.604269e-01 -5.233337e-01 -4.973371e-02 8.098310e-01
-2.542948e-01 -5.130651e-01 -3.303114e-02 8.191503e-01
-2.480379e-01 -5.025380e-01 -1.630767e-02 8.280500e-01
-2.416594e-01 -4.917575e-01 4.279295e-04 8.365256e-01
-2.351628e-01 -4.807290e-01 1.716689e-02 8.445729e-01
-2.285513e-01 -4.694581e-01 3.390044e-02 8.521878e-01
-2.218285e-01 -4.579504e-01 5.061981e-02 8.593667e-01
-2.149978e-01 -4.462117e-01 6.731627e-02 8.661060e-01
-2.080627e-01 -4.342478e-01 8.398105e-02 8.724024e-01
-2.010270e-01 -4.220647e-01 1.006055e-01 8.782529e-01
-1.938942e-01 -4.096686e-01 1.171808e-01 8.836545e-01
-1.866681e-01 -3.970656e-01 1.336984e-01 8.886049e-01
-1.793523e-01 -3.842621e-01 1.501496e-01 8.931016e-01
-1.719507e-01 -3.712645e-01 1.665259e-01 8.971425e-01
-1.644672e-01 -3.580793e-01 1.828187e-01 9.007259e-01
-1.569055e-01 -3.447131e-01 1.990195e-01 9.038500e-01
-1.492696e-01 -3.311727e-01 2.151199e-01 9.065135e-01
-1.415634e-01 -3.174647e-01 2.311116e-01 9.087152e-01
-1.337909e-01 -3.035962e-01 2.469861e-01 9.104544e-01
-1.259561e-01 -2.895739e-01 2.627353e-01 9.117303e-01
-1.180630e-01 -2.754050e-01 2.783509e-01 9.125426e-01
-1.101156e-01 -2.610964e-01 2.938250e-01 9.128911e-01
-1.021181e-01 -2.466555e-01 3.091494e-01 9.127758e-01
-9.407444e-02 -2.320893e-01 3.243163e-01 9.121971e-01
-8.598881e-02 -2.174052e-01 3.393178e-01 9.111555e-01
-7.786530e-02 -2.026105e-01 3.541462e-01 9.096518e-01
-6.970805e-02 -1.877126e-01 3.687938e-01 9.076871e-01
-6.152119e-02 -1.727189e-01 3.832531e-01 9.052626e-01
-5.330888e-02 -1.576369e-01 3.975167e-01 9.023798e-01
-4.507527e-02 -1.424740e-01 4.115771e-01 8.990404e-01
-3.682452e-02 -1.272380e-01 4.254273e-01 8.952464e-01
-2.856079e-02 -1.119362e-01 4.390600e-01 8.909999e-01
-2.028824e-02 -9.657636e-02 4.524684e-01 8.863034e-01
-1.201102e-02 -8.116610e-02 4.656454e-01 8.811595e-01
-3.733284e-03 -6.571306e-02 4.785845e-01 8.755711e-01
4.540825e-03 -5.022491e-02 4.912790e-01 8.695412e-01
1.280718e-02 -3.470936e-02 5.037223e-01 8.630730e-01
2.106168e-02 -1.917411e-02 5.159082e-01 8.561702e-01
2.930021e-02 -3.626861e-03 5.278305e-01 8.488365e-01
3.751869e-02 1.192467e-02 5.394829e-01 8.410757e-01
4.571305e-02 2.747278e-02 5.508598e-01 8.328920e-01
5.387922e-02 4.300978e-02 5.619551e-01 8.242898e-01
6.201316e-02 5.852799e-02 5.727633e-01 8.152736e-01
7.011086e-02 7.401973e-02 5.832790e-01 8.058481e-01
7.816832e-02 8.947734e-02 5.934967e-01 7.960184e-01
8.618157e-02 1.048932e-01 6.034113e-01 7.857894e-01
9.414666e-02 1.202597e-01 6.130177e-01 7.751666e-01
1.020597e-01 1.355693e-01 6.223111e-01 7.641555e-01
1.099167e-01 1.508144e-01 6.312868e-01 7.527618e-01
1.177140e-01 1.659874e-01 6.399402e-01 7.409913e-01
1.254476e-01 1.810810e-01 6.482670e-01 7.288501e-01
1.331138e-01 1.960876e-01 6.562628e-01 7.163445e-01
1.407089e-01 2.109998e-01 6.639237e-01 7.034809e-01
1.482292e-01 2.258104e-01 6.712457e-01 6.902659e-01
1.556710e-01 2.405119e-01 6.782252e-01 6.767061e-01
1.630307e-01 2.550971e-01 6.848585e-01 6.628086e-01
1.703048e-01 2.695589e-01 6.911424e-01 6.485804e-01
1.774897e-01 2.838901e-01 6.970735e-01 6.340287e-01
1.845820e-01 2.980835e-01 7.026489e-01 6.191609e-01
1.915782e-01 3.121323e-01 7.078657e-01 6.039845e-01
1.984750e-01 3.260295e-01 7.127213e-01 5.885073e-01
2.052689e-01 3.397682e-01 7.172130e-01 5.727370e-01
2.119569e-01 3.533416e-01 7.213387e-01 5.566817e-01
2.185355e-01 3.667430e-01 7.250962e-01 5.403493e-01
2.250018e-01 3.799658e-01 7.284834e-01 5.237481e-01
2.313525e-01 3.930035e-01 7.314987e-01 5.068865e-01
2.375846e-01 4.058495e-01 7.341405e-01 4.897729e-01
2.436951e-01 4.184976e-01 7.364072e-01 4.724160e-01
2.496811e-01 4.309414e-01 7.382978e-01 4.548244e-01
2.555397e-01 4.431748e-01 7.398111e-01 4.370070e-01
2.612682e-01 4.551916e-01 7.409463e-01 4.189727e-01
2.668636e-01 4.669860e-01 7.417027e-01 4.007304e-01
2.723234e-01 4.785521e-01 7.420799e-01 3.822895e-01
2.776450e-01 4.898840e-01 7.420775e-01 3.636590e-01
2.828258e-01 5.009762e-01 7.416954e-01 3.448484e-01
2.878632e-01 5.118230e-01 7.409337e-01 3.258669e-01
2.927550e-01 5.224191e-01 7.397926e-01 3.067242e-01
2.974987e-01 5.327591e-01 7.382726e-01 2.874297e-01
3.020920e-01 5.428379e-01 7.363743e-01 2.679932e-01
3.065328e-01 5.526503e-01 7.340985e-01 2.484244e-01
3.108189e-01 5.621915e-01 7.314462e-01 2.287330e-01
3.149483e-01 5.714565e-01 7.284187e-01 2.089288e-01
3.189189e-01 5.804408e-01 7.250172e-01 1.890219e-01
3.227288e-01 5.891397e-01 7.212434e-01 1.690222e-01
3.263763e-01 5.975488e-01 7.170990e-01 1.489396e-01
3.298595e-01 6.056639e-01 7.125859e-01 1.287843e-01
3.331767e-01 6.134807e-01 7.077062e-01 1.085663e-01
3.363264e-01 6.209953e-01 7.024623e-01 8.829582e-02
3.393070e-01 6.282037e-01 6.968566e-01 6.798299e-02
3.421171e-01 6.351024e-01 6.908918e-01 4.763802e-02
3.447553e-01 6.416875e-01 6.845708e-01 2.727113e-02
3.472202e-01 6.479559e-01 6.778966e-01 6.892571e-03
3.495108e-01 6.539041e-01 6.708724e-01 -1.348741e-02
3.516259e-01 6.595290e-01 6.635016e-01 -3.385854e-02
3.535645e-01 6.648277e-01 6.557877e-01 -5.421055e-02
3.553255e-01 6.697973e-01 6.477347e-01 -7.453318e-02
3.569082e-01 6.744351e-01 6.393463e-01 -9.481616e-02
3.583117e-01 6.787388e-01 6.306267e-01 -1.150492e-01
3.595354e-01 6.827059e-01 6.215802e-01 -1.352222e-01
3.605787e-01 6.863343e-01 6.122112e-01 -1.553247e-01
3.614410e-01 6.896219e-01 6.025244e-01 -1.753468e-01
3.621219e-01 6.925669e-01 5.925245e-01 -1.952781e-01
3.626211e-01 6.951677e-01 5.822166e-01 -2.151085e-01
3.629383e-01 6.974227e-01 5.716058e-01 -2.348281e-01
3.630733e-01 6.993306e-01 5.606974e-01 -2.544267e-01
3.630262e-01 7.008902e-01 5.494968e-01 -2.738944e-01
3.627969e-01 7.021006e-01 5.380097e-01 -2.932212e-01
3.623855e-01 7.029610e-01 5.262419e-01 -3.123972e-01
3.617923e-01 7.034707e-01 5.141993e-01 -3.314128e-01
3.610175e-01 7.036292e-01 5.018879e-01 -3.502581e-01
3.600616e-01 7.034363e-01 4.893142e-01 -3.689236e-01
3.589250e-01 7.028920e-01 4.764843e-01 -3.873996e-01
3.576083e-01 7.019961e-01 4.634049e-01 -4.056768e-01
3.561121e-01 7.007491e-01 4.500827e-01 -4.237457e-01
3.544373e-01 6.991514e-01 4.365244e-01 -4.415970e-01
3.525847e-01 6.972036e-01 4.227370e-01 -4.592218e-01
3.505552e-01 6.949064e-01 4.087276e-01 -4.766108e-01
3.483499e-01 6.922610e-01 3.945034e-01 -4.937552e-01
3.459699e-01 6.892684e-01 3.800717e-01 -5.106461e-01
3.434164e-01 6.859299e-01 3.654400e-01 -5.272750e-01
3.406908e-01 6.822472e-01 3.506158e-01 -5.436332e-01
3.377944e-01 6.782219e-01 3.356068e-01 -5.597124e-01
3.347288e-01 6.738560e-01 3.204208e-01 -5.755044e-01
3.314955e-01 6.691514e-01 3.050656e-01 -5.910010e-01
3.280962e-01 6.641104e-01 2.895493e-01 -6.061942e-01
3.245327e-01 6.587355e-01 2.738798e-01 -6.210764e-01
3.208068e-01 6.530291e-01 2.580655e-01 -6.356399e-01
3.169205e-01 6.469942e-01 2.421144e-01 -6.498773e-01
3.128757e-01 6.406337e-01 2.260349e-01 -6.637812e-01
3.086746e-01 6.339506e-01 2.098355e-01 -6.773446e-01
3.043194e-01 6.269482e-01 1.935245e-01 -6.905606e-01
2.998122e-01 6.196300e-01 1.771105e-01 -7.034224e-01
2.951556e-01 6.119996e-01 1.606021e-01 -7.159236e-01
2.903518e-01 6.040608e-01 1.440078e-01 -7.280577e-01
2.854034e-01 5.958176e-01 1.273365e-01 -7.398187e-01
2.803130e-01 5.872739e-01 1.105967e-01 -7.512006e-01
2.750832e-01 5.784342e-01 9.379722e-02 -7.621976e-01
2.697168e-01 5.693027e-01 7.694690e-02 -7.728043e-01
2.642164e-01 5.598841e-01 6.005451e-02 -7.830153e-01
2.585851e-01 5.501830e-01 4.312888e-02 -7.928255e-01
2.528257e-01 5.402044e-01 2.617887e-02 -8.022301e-01
2.469412e-01 5.299532e-01 9.213321e-03 -8.112243e-01
2.409347e-01 5.194345e-01 -7.758901e-03 -8.198037e-01
2.348092e-01 5.086537e-01 -2.472894e-02 -8.279641e-01
2.285681e-01 4.976161e-01 -4.168794e-02 -8.357015e-01
2.222144e-01 4.863273e-01 -5.862707e-02 -8.430121e-01
2.157515e-01 4.747930e-01 -7.553749e-02 -8.498923e-01
2.091828e-01 4.630189e-01 -9.241040e-02 -8.563389e-01
2.025116e-01 4.510110e-01 -1.092370e-01 -8.623488e-01
1.957414e-01 4.387752e-01 -1.260086e-01 -8.679190e-01
1.888757e-01 4.263178e-01 -1.427165e-01 -8.730470e-01
1.819180e-01 4.136450e-01 -1.593519e-01 -8.777304e-01
1.748718e-01 4.007632e-01 -1.759064e-01 -8.819669e-01
1.677409e-01 3.876787e-01 -1.923712e-01 -8.857548e-01
1.605289e-01 3.743983e-01 -2.087379e-01 -8.890922e-01
1.532394e-01 3.609285e-01 -2.249980e-01 -8.919777e-01
1.458763e-01 3.472760e-01 -2.411431e-01 -8.944101e-01
1.384432e-01 3.334478e-01 -2.571649e-01 -8.963884e-01
1.309439e-01 3.194508e-01 -2.730551e-01 -8.979119e-01
1.233824e-01 3.052920e-01 -2.888056e-01 -8.989799e-01
1.157624e-01 2.909784e-01 -3.044083e-01 -8.995923e-01
1.080878e-01 2.765173e-01 -3.198551e-01 -8.997488e-01
1.003624e-01 2.619159e-01 -3.351381e-01 -8.994498e-01
9.259016e-02 2.471817e-01 -3.502494e-01 -8.986955e-01
8.477498e-02 2.323219e-01 -3.651814e-01 -8.974867e-01
7.692077e-02 2.173441e-01 -3.799263e-01 -8.958241e-01
6.903148e-02 2.022557e-01 -3.944766e-01 -8.937088e-01
6.111107e-02 1.870644e-01 -4.088250e-01 -8.911422e-01
5.316351e-02 1.717777e-01 -4.229640e-01 -8.881259e-01
4.519277e-02 1.564032e-01 -4.368864e-01 -8.846615e-01
3.720284e-02 1.409486e-01 -4.505853e-01 -8.807510e-01
2.919772e-02 1.254216e-01 -4.640535e-01 -8.763968e-01
2.118140e-02 1.098300e-01 -4.772843e-01 -8.716011e-01
1.315787e-02 9.418140e-02 -4.902709e-01 -8.663667e-01
5.131134e-03 7.848371e-02 -5.030067e-01 -8.606964e-01
-2.894809e-03 6.274468e-02 -5.154853e-01 -8.545932e-01
-1.091597e-02 4.697212e-02 -5.277004e-01 -8.480606e-01
-1.892836e-02 3.117384e-02 -5.396458e-01 -8.411018e-01
-2.692801e-02 1.535767e-02 -5.513155e-01 -8.337208e-01
-3.491094e-02 -4.685611e-04 -5.627034e-01 -8.259212e-01
-4.287320e-02 -1.629702e-02 -5.738040e-01 -8.177073e-01
-5.081083e-02 -3.211987e-02 -5.846116e-01 -8.090834e-01
-5.871991e-02 -4.792930e-02 -5.951207e-01 -8.000539e-01
-6.659653e-02 -6.371748e-02 -6.053260e-01 -7.906234e-01
-7.443678e-02 -7.947661e-02 -6.152224e-01 -7.807970e-01
-8.223679e-02 -9.519891e-02 -6.248049e-01 -7.705797e-01
-8.999270e-02 -1.108766e-01 -6.340687e-01 -7.599767e-01
-9.770069e-02 -1.265019e-01 -6.430092e-01 -7.489934e-01
-1.053569e-01 -1.420671e-01 -6.516217e-01 -7.376354e-01
-1.129577e-01 -1.575645e-01 -6.599020e-01 -7.259087e-01
-1.204992e-01 -1.729865e-01 -6.678458e-01 -7.138190e-01
-1.279777e-01 -1.883253e-01 -6.754492e-01 -7.013727e-01
-1.353897e-01 -2.035734e-01 -6.827084e-01 -6.885759e-01
-1.427315e-01 -2.187232e-01 -6.896195e-01 -6.754352e-01
-1.499995e-01 -2.337673e-01 -6.961793e-01 -6.619573e-01
-1.571901e-01 -2.486980e-01 -7.023842e-01 -6.481489e-01
-1.642999e-01 -2.635081e-01 -7.082311e-01 -6.340171e-01
-1.713255e-01 -2.781902e-01 -7.137171e-01 -6.195689e-01
-1.782633e-01 -2.927370e-01 -7.188394e-01 -6.048117e-01
-1.851100e-01 -3.071413e-01 -7.235953e-01 -5.897528e-01
-1.918622e-01 -3.213959e-01 -7.279824e-01 -5.743999e-01
-1.985168e-01 -3.354938e-01 -7.319984e-01 -5.587605e-01
-2.050704e-01 -3.494279e-01 -7.356413e-01 -5.428427e-01
-2.115199e-01 -3.631913e-01 -7.389091e-01 -5.266543e-01
-2.178620e-01 -3.767771e-01 -7.418002e-01 -5.102035e-01
-2.240939e-01 -3.901787e-01 -7.443129e-01 -4.934985e-01
-2.302123e-01 -4.033892e-01 -7.464461e-01 -4.765477e-01
-2.362143e-01 -4.164022e-01 -7.481984e-01 -4.593595e-01
-2.420970e-01 -4.292111e-01 -7.495690e-01 -4.419426e-01
-2.478575e-01 -4.418095e-01 -7.505570e-01 -4.243056e-01
-2.534930e-01 -4.541912e-01 -7.511618e-01 -4.064574e-01
-2.590008e-01 -4.663499e-01 -7.513831e-01 -3.884068e-01
-2.643781e-01 -4.782795e-01 -7.512206e-01 -3.701629e-01
-2.696224e-01 -4.899740e-01 -7.506742e-01 -3.517349e-01
-2.747311e-01 -5.014276e-01 -7.497442e-01 -3.331318e-01
-2.797015e-01 -5.126345e-01 -7.484309e-01 -3.143631e-01
-2.845314e-01 -5.235890e-01 -7.467348e-01 -2.954380e-01
-2.892184e-01 -5.342856e-01 -7.446566e-01 -2.763661e-01
-2.937600e-01 -5.447189e-01 -7.421972e-01 -2.571568e-01
-2.981542e-01 -5.548836e-01 -7.393578e-01 -2.378199e-01
-3.023986e-01 -5.647746e-01 -7.361396e-01 -2.183649e-01
-3.064913e-01 -5.743867e-01 -7.325441e-01 -1.988016e-01
-3.104301e-01 -5.837152e-01 -7.285730e-01 -1.791398e-01
-3.142131e-01 -5.927551e-01 -7.242282e-01 -1.593894e-01
-3.178385e-01 -6.015020e-01 -7.195116e-01 -1.395602e-01
-3.213043e-01 -6.099513e-01 -7.144256e-01 -1.196623e-01
-3.246090e-01 -6.180986e-01 -7.089725e-01 -9.970557e-02
-3.277507e-01 -6.259397e-01 -7.031549e-01 -7.970008e-02
-3.307279e-01 -6.334706e-01 -6.969757e-01 -5.965591e-02
-3.335392e-01 -6.406874e-01 -6.904379e-01 -3.958313e-02
-3.361830e-01 -6.475862e-01 -6.835445e-01 -1.949187e-02
-3.386581e-01 -6.541635e-01 -6.762991e-01 6.077274e-04
-3.409632e-01 -6.604158e-01 -6.687050e-01 2.070553e-02
-3.430970e-01 -6.663398e-01 -6.607661e-01 4.079136e-02
-3.450585e-01 -6.719324e-01 -6.524862e-01 6.085507e-02
-3.468466e-01 -6.771905e-01 -6.438694e-01 8.088650e-02
-3.484605e-01 -6.821114e-01 -6.349200e-01 1.008755e-01
-3.498993e-01 -6.866925e-01 -6.256424e-01 1.208119e-01
-3.511622e-01 -6.909311e-01 -6.160413e-01 1.406856e-01
-3.522485e-01 -6.948251e-01 -6.061214e-01 1.604865e-01
-3.531576e-01 -6.983722e-01 -5.958878e-01 1.802045e-01
-3.538891e-01 -7.015706e-01 -5.853455e-01 1.998296e-01
-3.544426e-01 -7.044184e-01 -5.744998e-01 2.193517e-01
-3.548177e-01 -7.069139e-01 -5.633563e-01 2.387610e-01
-3.550142e-01 -7.090558e-01 -5.519206e-01 2.580474e-01
-3.550319e-01 -7.108428e-01 -5.401984e-01 2.772012e-01
-3.548708e-01 -7.122739e-01 -5.281957e-01 2.962126e-01
-3.545310e-01 -7.133480e-01 -5.159187e-01 3.150718e-01
-3.540126e-01 -7.140646e-01 -5.033736e-01 3.337692e-01
-3.533158e-01 -7.144230e-01 -4.905668e-01 3.522952e-01
-3.524410e-01 -7.144230e-01 -4.775050e-01 3.706403e-01
-3.513885e-01 -7.140643e-01 -4.641947e-01 3.887951e-01
-3.501588e-01 -7.133470e-01 -4.506429e-01 4.067504e-01
-3.487527e-01 -7.122713e-01 -4.368565e-01 4.244968e-01
-3.471707e-01 -7.108376e-01 -4.228427e-01 4.420254e-01
-3.454136e-01 -7.090465e-01 -4.086086e-01 4.593271e-01
-3.434824e-01 -7.068988e-01 -3.941618e-01 4.763931e-01
-3.413779e-01 -7.043954e-01 -3.795095e-01 4.932147e-01
-3.391014e-01 -7.015375e-01 -3.646596e-01 5.097831e-01
-3.366538e-01 -6.983263e-01 -3.496196e-01 5.260900e-01
-3.340365e-01 -6.947635e-01 -3.343974e-01 5.421270e-01
-3.312507e-01 -6.908507e-01 -3.190009e-01 5.578859e-01
-3.282980e-01 -6.865898e-01 -3.034382e-01 5.733587e-01
-3.251798e-01 -6.819828e-01 -2.877173e-01 5.885374e-01
-3.218977e-01 -6.770321e-01 -2.718464e-01 6.034144e-01
-3.184534e-01 -6.717400e-01 -2.558339e-01 6.179820e-01
-3.148487e-01 -6.661092e-01 -2.396881e-01 6.322329e-01
-3.110854e-01 -6.601424e-01 -2.234173e-01 6.461598e-01
-3.071655e-01 -6.538427e-01 -2.070301e-01 6.597557e-01
-3.030910e-01 -6.472130e-01 -1.905351e-01 6.730137e-01
-2.988640e-01 -6.402569e-01 -1.739409e-01 6.859271e-01
-2.944867e-01 -6.329776e-01 -1.572561e-01 6.984894e-01
-2.899613e-01 -6.253790e-01 -1.404894e-01 7.106942e-01
-2.852902e-01 -6.174647e-01 -1.236496e-01 7.225356e-01
-2.804758e-01 -6.092388e-01 -1.067455e-01 7.340074e-01
-2.755205e-01 -6.007053e-01 -8.978585e-02 7.451041e-01
-2.704270e-01 -5.918687e-01 -7.277950e-02 7.558200e-01
-2.651979e-01 -5.827332e-01 -5.573530e-02 7.661499e-01
-2.598358e-01 -5.733036e-01 -3.866214e-02 7.760886e-01
-2.543436e-01 -5.635846e-01 -2.156888e-02 7.856313e-01
-2.487240e-01 -5.535811e-01 -4.464400e-03 7.947732e-01
-2.429799e-01 -5.432981e-01 1.264242e-02 8.035099e-01
-2.371144e-01 -5.327407e-01 2.974270e-02 8.118371e-01
-2.311304e-01 -5.219144e-01 4.682759e-02 8.197507e-01
-2.250310e-01 -5.108246e-01 6.388825e-02 8.272470e-01
-2.188193e-01 -4.994768e-01 8.091584e-02 8.343223e-01
-2.124986e-01 -4.878767e-01 9.790158e-02 8.409732e-01
-2.060720e-01 -4.760303e-01 1.148367e-01 8.471965e-01
-1.995429e-01 -4.639435e-01 1.317125e-01 8.529894e-01
-1.929145e-01 -4.516223e-01 1.485202e-01 8.583490e-01
-1.861903e-01 -4.390729e-01 1.652513e-01 8.632729e-01
-1.793736e-01 -4.263019e-01 1.818970e-01 8.677588e-01
-1.724679e-01 -4.133157e-01 1.984489e-01 8.718044e-01
-1.654767e-01 -4.001208e-01 2.148985e-01 8.754081e-01
-1.584035e-01 -3.867240e-01 2.312373e-01 8.785682e-01
-1.512519e-01 -3.731321e-01 2.474569e-01 8.812833e-01
-1.440254e-01 -3.593520e-01 2.635491e-01 8.835523e-01
-1.367278e-01 -3.453906e-01 2.795057e-01 8.853742e-01
-1.293626e-01 -3.312549e-01 2.953184e-01 8.867483e-01
-1.219336e-01 -3.169522e-01 3.109792e-01 8.876741e-01
-1.144446e-01 -3.024896e-01 3.264802e-01 8.881515e-01
-1.068992e-01 -2.878743e-01 3.418135e-01 8.881804e-01
-9.930121e-02 -2.731138e-01 3.569712e-01 8.877611e-01
-9.165452e-02 -2.582154e-01 3.719456e-01 8.868939e-01
-8.396293e-02 -2.431865e-01 3.867292e-01 8.855795e-01
-7.623029e-02 -2.280348e-01 4.013145e-01 8.838188e-01
-6.846045e-02 -2.127677e-01 4.156941e-01 8.816130e-01
-6.065730e-02 -1.973928e-01 4.298607e-01 8.789633e-01
-5.282474e-02 -1.819179e-01 4.438072e-01 8.758713e-01
-4.496668e-02 -1.663507e-01 4.575266e-01 8.723387e-01
-3.708703e-02 -1.506988e-01 4.710118e-01 8.683676e-01
-2.918973e-02 -1.349701e-01 4.842562e-01 8.639601e-01
-2.127870e-02 -1.191723e-01 4.972530e-01 8.591185e-01
-1.335789e-02 -1.033134e-01 5.099957e-01 8.538456e-01
-5.431246e-03 -8.740109e-02 5.224779e-01 8.481441e-01
2.497292e-03 -7.144336e-02 5.346934e-01 8.420170e-01
1.042378e-02 -5.544808e-02 5.466359e-01 8.354675e-01
1.834427e-02 -3.942318e-02 5.582996e-01 8.284992e-01
2.625482e-02 -2.337659e-02 5.696785e-01 8.211155e-01
3.415150e-02 -7.316260e-03 5.807670e-01 8.133203e-01
4.203038e-02 8.749855e-03 5.915594e-01 8.051176e-01
4.988754e-02 2.481380e-02 6.020504e-01 7.965117e-01
5.771908e-02 4.086762e-02 6.122346e-01 7.875069e-01
6.552108e-02 5.690335e-02 6.221071e-01 7.781078e-01
7.328968e-02 7.291305e-02 6.316628e-01 7.683192e-01
8.102101e-02 8.888876e-02 6.408970e-01 7.581461e-01
8.871120e-02 1.048226e-01 6.498049e-01 7.475936e-01
9.635644e-02 1.207065e-01 6.583822e-01 7.366670e-01
1.039529e-01 1.365328e-01 6.666246e-01 7.253718e-01
1.114968e-01 1.522934e-01 6.745278e-01 7.137138e-01
1.189845e-01 1.679806e-01 6.820879e-01 7.016988e-01
1.264122e-01 1.835865e-01 6.893012e-01 6.893329e-01
1.337763e-01 1.991033e-01 6.961638e-01 6.766223e-01
1.410732e-01 2.145233e-01 7.026725e-01 6.635733e-01
1.482993e-01 2.298389e-01 7.088238e-01 6.501925e-01
1.554509e-01 2.450423e-01 7.146147e-01 6.364866e-01
1.625246e-01 2.601260e-01 7.200422e-01 6.224625e-01
1.695169e-01 2.750825e-01 7.251035e-01 6.081271e-01
1.764244e-01 2.899043e-01 7.297960e-01 5.934877e-01
1.832436e-01 3.045839e-01 7.341175e-01 5.785516e-01
1.899711e-01 3.191142e-01 7.380655e-01 5.633262e-01
1.966037e-01 3.334877e-01 7.416381e-01 5.478192e-01
2.031381e-01 3.476974e-01 7.448334e-01 5.320382e-01
2.095709e-01 3.617360e-01 7.476498e-01 5.159911e-01
2.158991e-01 3.755967e-01 7.500857e-01 4.996860e-01
2.221196e-01 3.892723e-01 7.521399e-01 4.831310e-01
2.282291e-01 4.027561e-01 7.538112e-01 4.663343e-01
2.342247e-01 4.160413e-01 7.550987e-01 4.493043e-01
2.401033e-01 4.291212e-01 7.560017e-01 4.320496e-01
2.458622e-01 4.419893e-01 7.565196e-01 4.145786e-01
2.514983e-01 4.546390e-01 7.566520e-01 3.969001e-01
2.570089e-01 4.670640e-01 7.563988e-01 3.790230e-01
2.623912e-01 4.792581e-01 7.557600e-01 3.609561e-01
2.676425e-01 4.912149e-01 7.547359e-01 3.427085e-01
2.727602e-01 5.029286e-01 7.533267e-01 3.242893e-01
2.777417e-01 5.143932e-01 7.515331e-01 3.057077e-01
2.825844e-01 5.256028e-01 7.493559e-01 2.869730e-01
2.872859e-01 5.365518e-01 7.467960e-01 2.680945e-01
2.918439e-01 5.472346e-01 7.438547e-01 2.490817e-01
2.962559e-01 5.576457e-01 7.405332e-01 2.299442e-01
3.005198e-01 5.677798e-01 7.368331e-01 2.106914e-01
3.046334e-01 5.776318e-01 7.327562e-01 1.913332e-01
3.085945e-01 5.871965e-01 7.283043e-01 1.718791e-01
3.124012e-01 5.964691e-01 7.234797e-01 1.523390e-01
3.160514e-01 6.054448e-01 7.182846e-01 1.327227e-01
3.195432e-01 6.141190e-01 7.127216e-01 1.130400e-01
3.228748e-01 6.224871e-01 7.067932e-01 9.330099e-02
3.260446e-01 6.305448e-01 7.005025e-01 7.351548e-02
3.290507e-01 6.382879e-01 6.938524e-01 5.369351e-02
3.318917e-01 6.457125e-01 6.868463e-01 3.384508e-02
3.345660e-01 6.528145e-01 6.794875e-01 1.398026e-02
3.370722e-01 6.595904e-01 6.717798e-01 -5.890918e-03
3.394089e-01 6.660365e-01 6.637270e-01 -2.575836e-02
3.415749e-01 6.721494e-01 6.553330e-01 -4.561200e-02
3.435691e-01 6.779259e-01 6.466020e-01 -6.544175e-02
3.453902e-01 6.833629e-01 6.375384e-01 -8.523752e-02
3.470374e-01 6.884576e-01 6.281468e-01 -1.049892e-01
3.485097e-01 6.932071e-01 6.184319e-01 -1.246869e-01
3.498063e-01 6.976091e-01 6.083986e-01 -1.443203e-01
3.509263e-01 7.016609e-01 5.980519e-01 -1.638796e-01
3.518693e-01 7.053606e-01 5.873972e-01 -1.833548e-01
3.526346e-01 7.087060e-01 5.764397e-01 -2.027358e-01
3.532217e-01 7.116954e-01 5.651852e-01 -2.220129e-01
3.536303e-01 7.143270e-01 5.536394e-01 -2.411761e-01
3.538601e-01 7.165994e-01 5.418082e-01 -2.602156e-01
3.539109e-01 7.185114e-01 5.296975e-01 -2.791218e-01
3.537827e-01 7.200617e-01 5.173138e-01 -2.978848e-01
3.534753e-01 7.212496e-01 5.046633e-01 -3.164951e-01
3.529889e-01 7.220743e-01 4.917526e-01 -3.349432e-01
3.523237e-01 7.225352e-01 4.785883e-01 -3.532197e-01
3.514799e-01 7.226321e-01 4.651773e-01 -3.713151e-01
3.504580e-01 7.223647e-01 4.515264e-01 -3.892202e-01
3.492584e-01 7.217331e-01 4.376428e-01 -4.069259e-01
3.478816e-01 7.207376e-01 4.235337e-01 -4.244230e-01
3.463284e-01 7.193786e-01 4.092064e-01 -4.417027e-01
3.445994e-01 7.176567e-01 3.946682e-01 -4.587561e-01
3.426955e-01 7.155727e-01 3.799269e-01 -4.755744e-01
3.406177e-01 7.131277e-01 3.649900e-01 -4.921492e-01
3.383669e-01 7.103228e-01 3.498653e-01 -5.084718e-01
3.359443e-01 7.071595e-01 3.345608e-01 -5.245341e-01
3.333511e-01 7.036392e-01 3.190842e-01 -5.403278e-01
3.305886e-01 6.997638e-01 3.034439e-01 -5.558450e-01
3.276582e-01 6.955351e-01 2.876478e-01 -5.710777e-01
3.245614e-01 6.909554e-01 2.717043e-01 -5.860182e-01
3.212997e-01 6.860269e-01 2.556216e-01 -6.006590e-01
3.178748e-01 6.807521e-01 2.394081e-01 -6.149927e-01
3.142884e-01 6.751336e-01 2.230723e-01 -6.290121e-01
3.105424e-01 6.691744e-01 2.066226e-01 -6.427100e-01
3.066387e-01 6.628773e-01 1.900678e-01 -6.560798e-01
3.025792e-01 6.562456e-01 1.734162e-01 -6.691146e-01
2.983661e-01 6.492827e-01 1.566767e-01 -6.818079e-01
2.940015e-01 6.419921e-01 1.398579e-01 -6.941534e-01
2.894876e-01 6.343775e-01 1.229685e-01 -7.061451e-01
2.848268e-01 6.264426e-01 1.060173e-01 -7.177769e-01
2.800213e-01 6.181916e-01 8.901314e-02 -7.290431e-01
2.750738e-01 6.096286e-01 7.196470e-02 -7.399382e-01
2.699866e-01 6.007578e-01 5.488086e-02 -7.504567e-01
2.647625e-01 5.915839e-01 3.777041e-02 -7.605936e-01
2.594040e-01 5.821115e-01 2.064218e-02 -7.703439e-01
2.539139e-01 5.723452e-01 3.505001e-03 -7.797027e-01
2.482950e-01 5.622902e-01 -1.363232e-02 -7.886656e-01
2.425502e-01 5.519514e-01 -3.076099e-02 -7.972282e-01
2.366823e-01 5.413342e-01 -4.787220e-02 -8.053862e-01
2.306943e-01 5.304441e-01 -6.495719e-02 -8.131358e-01
2.245892e-01 5.192866e-01 -8.200721e-02 -8.204730e-01
2.183700e-01 5.078675e-01 -9.901352e-02 -8.273944e-01
2.120400e-01 4.961927e-01 -1.159674e-01 -8.338965e-01
2.056023e-01 4.842682e-01 -1.328603e-01 -8.399763e-01
1.990602e-01 4.721000e-01 -1.496834e-01 -8.456308e-01
1.924168e-01 4.596944e-01 -1.664283e-01 -8.508575e-01
1.856756e-01 4.470577e-01 -1.830864e-01 -8.556537e-01
1.788400e-01 4.341964e-01 -1.996492e-01 -8.600174e-01
1.719134e-01 4.211170e-01 -2.161084e-01 -8.639464e-01
1.648992e-01 4.078262e-01 -2.324555e-01 -8.674391e-01
1.578009e-01 3.943306e-01 -2.486822e-01 -8.704937e-01
1.506222e-01 3.806372e-01 -2.647804e-01 -8.731092e-01
1.433667e-01 3.667527e-01 -2.807420e-01 -8.752842e-01
1.360379e-01 3.526843e-01 -2.965587e-01 -8.770179e-01
1.286395e-01 3.384390e-01 -3.122228e-01 -8.783097e-01
1.211752e-01 3.240240e-01 -3.277262e-01 -8.791590e-01
1.136488e-01 3.094464e-01 -3.430611e-01 -8.795658e-01
1.060640e-01 2.947137e-01 -3.582199e-01 -8.795299e-01
9.842461e-02 2.798331e-01 -3.731950e-01 -8.790515e-01
9.073441e-02 2.648121e-01 -3.879787e-01 -8.781312e-01
8.299725e-02 2.496581e-01 -4.025638e-01 -8.767695e-01
7.521698e-02 2.343788e-01 -4.169428e-01 -8.749672e-01
6.739749e-02 2.189817e-01 -4.311087e-01 -8.727256e-01
5.954267e-02 2.034744e-01 -4.450542e-01 -8.700457e-01
5.165643e-02 1.878648e-01 -4.587725e-01 -8.669292e-01
4.374270e-02 1.721605e-01 -4.722567e-01 -8.633776e-01
3.580542e-02 1.563692e-01 -4.855000e-01 -8.593930e-01
2.784855e-02 1.404989e-01 -4.984959e-01 -8.549774e-01
1.987605e-02 1.245574e-01 -5.112377e-01 -8.501331e-01
1.189189e-02 1.085527e-01 -5.237193e-01 -8.448627e-01
3.900059e-03 9.249249e-02 -5.359343e-01 -8.391688e-01
-4.095462e-03 7.638490e-02 -5.478767e-01 -8.330545e-01
-1.209068e-02 6.023788e-02 -5.595404e-01 -8.265227e-01
-2.008161e-02 4.405943e-02 -5.709197e-01 -8.195768e-01
-2.806425e-02 2.785757e-02 -5.820089e-01 -8.122204e-01
-3.603461e-02 1.164033e-02 -5.928025e-01 -8.044571e-01
-4.398870e-02 -4.584214e-03 -6.032950e-01 -7.962909e-01
-5.192254e-02 -2.080801e-02 -6.134812e-01 -7.877258e-01
-5.983216e-02 -3.702299e-02 -6.233561e-01 -7.787661e-01
-6.771357e-02 -5.322107e-02 -6.329146e-01 -7.694163e-01
-7.556282e-02 -6.939418e-02 -6.421520e-01 -7.596812e-01
-8.337597e-02 -8.553425e-02 -6.510637e-01 -7.495655e-01
-9.114908e-02 -1.016332e-01 -6.596452e-01 -7.390742e-01
-9.887823e-02 -1.176830e-01 -6.678923e-01 -7.282127e-01
-1.065596e-01 -1.336756e-01 -6.758007e-01 -7.169863e-01
-1.141892e-01 -1.496029e-01 -6.833665e-01 -7.054006e-01
-1.217634e-01 -1.654571e-01 -6.905859e-01 -6.934614e-01
-1.292784e-01 -1.812301e-01 -6.974552e-01 -6.811747e-01
-1.367304e-01 -1.969141e-01 -7.039711e-01 -6.685465e-01
-1.441157e-01 -2.125012e-01 -7.101301e-01 -6.555831e-01
-1.514305e-01 -2.279835e-01 -7.159291e-01 -6.422911e-01
-1.586713e-01 -2.433534e-01 -7.213653e-01 -6.286769e-01
-1.658345e-01 -2.586031e-01 -7.264358e-01 -6.147474e-01
-1.729163e-01 -2.737250e-01 -7.311382e-01 -6.005094e-01
-1.799133e-01 -2.887114e-01 -7.354698e-01 -5.859702e-01
-1.868220e-01 -3.035549e-01 -7.394286e-01 -5.711368e-01
-1.936388e-01 -3.182480e-01 -7.430125e-01 -5.560168e-01
-2.003604e-01 -3.327833e-01 -7.462197e-01 -5.406175e-01
-2.069834e-01 -3.471534e-01 -7.490483e-01 -5.249466e-01
-2.135044e-01 -3.613513e-01 -7.514971e-01 -5.090120e-01
-2.199201e-01 -3.753697e-01 -7.535646e-01 -4.928215e-01
-2.262273e-01 -3.892016e-01 -7.552498e-01 -4.763833e-01
-2.324227e-01 -4.028399e-01 -7.565518e-01 -4.597055e-01
-2.385033e-01 -4.162779e-01 -7.574697e-01 -4.427964e-01
-2.444660e-01 -4.295087e-01 -7.580030e-01 -4.256643e-01
-2.503076e-01 -4.425256e-01 -7.581514e-01 -4.083180e-01
-2.560252e-01 -4.553221e-01 -7.579148e-01 -3.907660e-01
-2.616160e-01 -4.678917e-01 -7.572930e-01 -3.730170e-01
-2.670769e-01 -4.802280e-01 -7.562865e-01 -3.550800e-01
-2.724052e-01 -4.923248e-01 -7.548954e-01 -3.369639e-01
-2.775981e-01 -5.041758e-01 -7.531205e-01 -3.186777e-01
-2.826530e-01 -5.157752e-01 -7.509626e-01 -3.002306e-01
-2.875673e-01 -5.271169e-01 -7.484226e-01 -2.816319e-01
-2.923383e-01 -5.381952e-01 -7.455016e-01 -2.628908e-01
-2.969635e-01 -5.490045e-01 -7.422012e-01 -2.440168e-01
-3.014407e-01 -5.595391e-01 -7.385227e-01 -2.250193e-01
-3.057673e-01 -5.697938e-01 -7.344680e-01 -2.059079e-01
-3.099412e-01 -5.797632e-01 -7.300391e-01 -1.866922e-01
-3.139600e-01 -5.894423e-01 -7.252380e-01 -1.673819e-01
-3.178217e-01 -5.988260e-01 -7.200672e-01 -1.479867e-01
-3.215243e-01 -6.079095e-01 -7.145290e-01 -1.285165e-01
-3.250656e-01 -6.166881e-01 -7.086263e-01 -1.089809e-01
-3.284439e-01 -6.251574e-01 -7.023619e-01 -8.939002e-02
-3.316573e-01 -6.333128e-01 -6.957390e-01 -6.975366e-02
-3.347040e-01 -6.411502e-01 -6.887608e-01 -5.008180e-02
-3.375824e-01 -6.486655e-01 -6.814308e-01 -3.038442e-02
-3.402908e-01 -6.558548e-01 -6.737527e-01 -1.067151e-02
-3.428279e-01 -6.627143e-01 -6.657304e-01 9.046890e-03
-3.451922e-01 -6.692405e-01 -6.573678e-01 2.876076e-02
-3.473824e-01 -6.754299e-01 -6.486691e-01 4.846006e-02
-3.493972e-01 -6.812793e-01 -6.396388e-01 6.813475e-02
-3.512355e-01 -6.867856e-01 -6.302815e-01 8.777480e-02
-3.528962e-01 -6.919459e-01 -6.206019e-01 1.073702e-01
-3.543784e-01 -6.967576e-01 -6.106050e-01 1.269109e-01
-3.556812e-01 -7.012180e-01 -6.002958e-01 1.463869e-01
-3.568038e-01 -7.053249e-01 -5.896797e-01 1.657884e-01
-3.577456e-01 -7.090759e-01 -5.787620e-01 1.851053e-01
-3.585059e-01 -7.124693e-01 -5.675484e-01 2.043278e-01
-3.590843e-01 -7.155031e-01 -5.560447e-01 2.234460e-01
-3.594803e-01 -7.181758e-01 -5.442567e-01 2.424502e-01
-3.596937e-01 -7.204859e-01 -5.321906e-01 2.613306e-01
-3.597243e-01 -7.224322e-01 -5.198525e-01 2.800776e-01
-3.595719e-01 -7.240138e-01 -5.072489e-01 2.986815e-01
-3.592365e-01 -7.252298e-01 -4.943862e-01 3.171329e-01
-3.587182e-01 -7.260795e-01 -4.812710e-01 3.354223e-01
-3.580172e-01 -7.265624e-01 -4.679103e-01 3.535402e-01
-3.571337e-01 -7.266784e-01 -4.543109e-01 3.714776e-01
-3.560682e-01 -7.264274e-01 -4.404799e-01 3.892251e-01
-3.548211e-01 -7.258094e-01 -4.264244e-01 4.067738e-01
-3.533930e-01 -7.248248e-01 -4.121518e-01 4.241147e-01
-3.517845e-01 -7.234742e-01 -3.976695e-01 4.412389e-01
-3.499964e-01 -7.217581e-01 -3.829851e-01 4.581377e-01
-3.480296e-01 -7.196775e-01 -3.681061e-01 4.748026e-01
-3.458850e-01 -7.172336e-01 -3.530404e-01 4.912251e-01
-3.435637e-01 -7.144274e-01 -3.377957e-01 5.073968e-01
-3.410668e-01 -7.112605e-01 -3.223801e-01 5.233097e-01
-3.383955e-01 -7.077346e-01 -3.068014e-01 5.389556e-01
-3.355512e-01 -7.038514e-01 -2.910679e-01 5.543267e-01
-3.325353e-01 -6.996130e-01 -2.751877e-01 5.694152e-01
-3.293492e-01 -6.950216e-01 -2.591690e-01 5.842136e-01
-3.259947e-01 -6.900795e-01 -2.430202e-01 5.987144e-01
-3.224734e-01 -6.847893e-01 -2.267495e-01 6.129104e-01
-3.187870e-01 -6.791536e-01 -2.103656e-01 6.267946e-01
-3.149374e-01 -6.731755e-01 -1.938767e-01 6.403600e-01
-3.109266e-01 -6.668580e-01 -1.772915e-01 6.535999e-01
-3.067565e-01 -6.602042e-01 -1.606184e-01 6.665078e-01
-3.024293e-01 -6.532176e-01 -1.438662e-01 6.790771e-01
-2.979471e-01 -6.459019e-01 -1.270433e-01 6.913019e-01
-2.933123e-01 -6.382606e-01 -1.101584e-01 7.031760e-01
-2.885271e-01 -6.302977e-01 -9.322027e-02 7.146936e-01
-2.835940e-01 -6.220172e-01 -7.623747e-02 7.258491e-01
-2.785154e-01 -6.134234e-01 -5.921872e-02 7.366370e-01
-2.732938e-01 -6.045208e-01 -4.217271e-02 7.470519e-01
-2.679320e-01 -5.953139e-01 -2.510812e-02 7.570888e-01
-2.624326e-01 -5.858076e-01 -8.033648e-03 7.667425e-01
-2.567983e-01 -5.760068e-01 9.042006e-03 7.760084e-01
-2.510319e-01 -5.659167e-01 2.611016e-02 7.848819e-01
-2.451364e-01 -5.555424e-01 4.316213e-02 7.933586e-01
-2.391147e-01 -5.448893e-01 6.018927e-02 8.014344e-01
-2.329698e-01 -5.339630e-01 7.718294e-02 8.091053e-01
-2.267049e-01 -5.227691e-01 9.413452e-02 8.163676e-01
-2.203229e-01 -5.113133e-01 1.110354e-01 8.232179e-01
-2.138272e-01 -4.996016e-01 1.278771e-01 8.296527e-01
-2.072209e-01 -4.876399e-01 1.446511e-01 8.356691e-01
-2.005075e-01 -4.754345e-01 1.613490e-01 8.412641e-01
-1.936901e-01 -4.629914e-01 1.779622e-01 8.464352e-01
-1.867723e-01 -4.503170e-01 1.944825e-01 8.511799e-01
-1.797575e-01 -4.374178e-01 2.109015e-01 8.554960e-01
-1.726492e-01 -4.243003e-01 2.272111e-01 8.593815e-01
-1.654510e-01 -4.109712e-01 2.434030e-01 8.628347e-01
-1.581663e-01 -3.974371e-01 2.594692e-01 8.658539e-01
-1.507990e-01 -3.837049e-01 2.754015e-01 8.684378e-01
-1.433525e-01 -3.697815e-01 2.911921e-01 8.705853e-01
-1.358307e-01 -3.556739e-01 3.068331e-01 8.722956e-01
-1.282372e-01 -3.413890e-01 3.223167e-01 8.735678e-01
-1.205759e-01 -3.269342e-01 3.376351e-01 8.744015e-01
-1.128506e-01 -3.123165e-01 3.527807e-01 8.747965e-01
-1.050651e-01 -2.975433e-01 3.677461e-01 8.747526e-01
-9.722318e-02 -2.826219e-01 3.825238e-01 8.742700e-01
-8.932886e-02 -2.675597e-01 3.971063e-01 8.733491e-01
-8.138602e-02 -2.523642e-01 4.114866e-01 8.719905e-01
-7.339862e-02 -2.370429e-01 4.256575e-01 8.701948e-01
-6.537062e-02 -2.216035e-01 4.396119e-01 8.679631e-01
-5.730601e-02 -2.060535e-01 4.533429e-01 8.652966e-01
-4.920880e-02 -1.904008e-01 4.668438e-01 8.621966e-01
-4.108304e-02 -1.746529e-01 4.801077e-01 8.586647e-01
-3.293275e-02 -1.588178e-01 4.931282e-01 8.547028e-01
-2.476202e-02 -1.429032e-01 5.058988e-01 8.503129e-01
-1.657491e-02 -1.269170e-01 5.184131e-01 8.454970e-01
-8.375518e-03 -1.108673e-01 5.306649e-01 8.402578e-01
-1.679395e-04 -9.476179e-02 5.426481e-01 8.345976e-01
8.043713e-03 -7.860864e-02 5.543569e-01 8.285194e-01
1.625532e-02 -6.241581e-02 5.657853e-01 8.220262e-01
2.446277e-02 -4.619136e-02 5.769276e-01 8.151211e-01
3.266192e-02 -2.994336e-02 5.877784e-01 8.078076e-01
4.084865e-02 -1.367990e-02 5.983322e-01 8.000892e-01
4.901884e-02 2.590888e-03 6.085838e-01 7.919698e-01
5.716834e-02 1.886089e-02 6.185280e-01 7.834534e-01
6.529304e-02 3.512196e-02 6.281598e-01 7.745441e-01
7.338882e-02 5.136594e-02 6.374745e-01 7.652463e-01
8.145156e-02 6.758468e-02 6.464675e-01 7.555645e-01
8.947717e-02 8.377003e-02 6.551341e-01 7.455037e-01
9.746157e-02 9.991383e-02 6.634701e-01 7.350686e-01
1.054007e-01 1.160080e-01 6.714713e-01 7.242646e-01
1.132906e-01 1.320443e-01 6.791336e-01 7.130968e-01
1.211273e-01 1.480149e-01 6.864533e-01 7.015708e-01
1.289068e-01 1.639116e-01 6.934266e-01 6.896924e-01
1.366251e-01 1.797265e-01 7.000501e-01 6.774673e-01
1.442785e-01 1.954515e-01 7.063203e-01 6.649016e-01
1.518629e-01 2.110788e-01 7.122341e-01 6.520015e-01
1.593745e-01 2.266006e-01 7.177885e-01 6.387735e-01
1.668096e-01 2.420089e-01 7.229808e-01 6.252240e-01
1.741643e-01 2.572961e-01 7.278082e-01 6.113597e-01
1.814349e-01 2.724545e-01 7.322683e-01 5.971876e-01
1.886177e-01 2.874763e-01 7.363589e-01 5.827147e-01
1.957090e-01 3.023541e-01 7.400777e-01 5.679480e-01
2.027052e-01 3.170804e-01 7.434230e-01 5.528950e-01
2.096027e-01 3.316477e-01 7.463930e-01 5.375631e-01
2.163980e-01 3.460487e-01 7.489860e-01 5.219599e-01
2.230876e-01 3.602762e-01 7.512009e-01 5.060931e-01
2.296681e-01 3.743229e-01 7.530363e-01 4.899707e-01
2.361360e-01 3.881818e-01 7.544913e-01 4.736007e-01
2.424880e-01 4.018459e-01 7.555650e-01 4.569911e-01
2.487208e-01 4.153082e-01 7.562570e-01 4.401504e-01
2.548313e-01 4.285620e-01 7.565667e-01 4.230868e-01
2.608161e-01 4.416006e-01 7.564939e-01 4.058089e-01
2.666722e-01 4.544172e-01 7.560386e-01 3.883253e-01
2.723965e-01 4.670055e-01 7.552009e-01 3.706448e-01
2.779860e-01 4.793590e-01 7.539812e-01 3.527761e-01
2.834378e-01 4.914715e-01 7.523800e-01 3.347283e-01
2.887490e-01 5.033368e-01 7.503981e-01 3.165104e-01
2.939168e-01 5.149488e-01 7.480362e-01 2.981315e-01
2.989385e-01 5.263018e-01 7.452957e-01 2.796008e-01
3.038113e-01 5.373898e-01 7.421776e-01 2.609277e-01
3.085327e-01 5.482072e-01 7.386836e-01 2.421216e-01
3.131002e-01 5.587486e-01 7.348154e-01 2.231919e-01
3.175113e-01 5.690084e-01 7.305748e-01 2.041481e-01
3.217636e-01 5.789815e-01 7.259639e-01 1.849999e-01
3.258548e-01 5.886628e-01 7.209849e-01 1.657570e-01
3.297828e-01 5.980473e-01 7.156404e-01 1.464291e-01
3.335453e-01 6.071302e-01 7.099330e-01 1.270260e-01
3.371403e-01 6.159068e-01 7.038655e-01 1.075575e-01
3.405658e-01 6.243726e-01 6.974409e-01 8.803350e-02
3.438200e-01 6.325233e-01 6.906625e-01 6.846390e-02
3.469010e-01 6.403547e-01 6.835338e-01 4.885866e-02
3.498071e-01 6.478627e-01 6.760582e-01 2.922776e-02
3.525367e-01 6.550435e-01 6.682395e-01 9.581193e-03
3.550883e-01 6.618934e-01 6.600819e-01 -1.007103e-02
3.574603e-01 6.684088e-01 6.515893e-01 -2.971889e-02
3.596515e-01 6.745864e-01 6.427661e-01 -4.935237e-02
3.616606e-01 6.804231e-01 6.336169e-01 -6.896143e-02
3.634864e-01 6.859157e-01 6.241463e-01 -8.853606e-02
3.651279e-01 6.910616e-01 6.143591e-01 -1.080663e-01
3.665841e-01 6.958581e-01 6.042604e-01 -1.275421e-01
3.678540e-01 7.003028e-01 5.938553e-01 -1.469535e-01
3.689370e-01 7.043933e-01 5.831492e-01 -1.662905e-01
3.698324e-01 7.081278e-01 5.721475e-01 -1.855434e-01
3.705395e-01 7.115042e-01 5.608559e-01 -2.047022e-01
3.710579e-01 7.145208e-01 5.492802e-01 -2.237572e-01
3.713872e-01 7.171763e-01 5.374264e-01 -2.426985e-01
3.715271e-01 7.194692e-01 5.253007e-01 -2.615165e-01
3.714775e-01 7.213984e-01 5.129093e-01 -2.802016e-01
3.712383e-01 7.229629e-01 5.002586e-01 -2.987442e-01
3.708094e-01 7.241621e-01 4.873551e-01 -3.171349e-01
3.701911e-01 7.249954e-01 4.742057e-01 -3.353642e-01
3.693835e-01 7.254624e-01 4.608170e-01 -3.534229e-01
3.683870e-01 7.255629e-01 4.471962e-01 -3.713018e-01
3.672020e-01 7.252970e-01 4.333501e-01 -3.889918e-01
3.658291e-01 7.246649e-01 4.192860e-01 -4.064839e-01
3.642688e-01 7.236669e-01 4.050113e-01 -4.237692e-01
3.625219e-01 7.223037e-01 3.905333e-01 -4.408390e-01
3.605892e-01 7.205760e-01 3.758595e-01 -4.576847e-01
3.584716e-01 7.184849e-01 3.609976e-01 -4.742977e-01
3.561703e-01 7.160314e-01 3.459552e-01 -4.906698e-01
3.536862e-01 7.132169e-01 3.307401e-01 -5.067926e-01
3.510206e-01 7.100430e-01 3.153603e-01 -5.226580e-01
3.481748e-01 7.065112e-01 2.998236e-01 -5.382583e-01
3.451503e-01 7.026237e-01 2.841380e-01 -5.535855e-01
3.419484e-01 6.983823e-01 2.683117e-01 -5.686320e-01
3.385709e-01 6.937893e-01 2.523527e-01 -5.833903e-01
3.350193e-01 6.888472e-01 2.362693e-01 -5.978532e-01
3.312955e-01 6.835585e-01 2.200698e-01 -6.120134e-01
3.274012e-01 6.779260e-01 2.037623e-01 -6.258640e-01
3.233385e-01 6.719526e-01 1.873553e-01 -6.393981e-01
3.191093e-01 6.656414e-01 1.708571e-01 -6.526091e-01
3.147157e-01 6.589957e-01 1.542761e-01 -6.654905e-01
3.101600e-01 6.520189e-01 1.376208e-01 -6.780359e-01
3.054443e-01 6.447149e-01 1.208995e-01 -6.902389e-01
3.005711e-01 6.370874e-01 1.041208e-01 -7.020936e-01
2.955428e-01 6.291406e-01 8.729313e-02 -7.135941e-01
2.903618e-01 6.208785e-01 7.042505e-02 -7.247346e-01
2.850308e-01 6.123057e-01 5.352506e-02 -7.355095e-01
2.795525e-01 6.034264e-01 3.660171e-02 -7.459137e-01
2.739295e-01 5.942455e-01 1.966352e-02 -7.559420e-01
2.681646e-01 5.847677e-01 2.719023e-03 -7.655894e-01
2.622608e-01 5.749979e-01 -1.422325e-02 -7.748512e-01
2.562210e-01 5.649411e-01 -3.115478e-02 -7.837230e-01
2.500483e-01 5.546027e-01 -4.806706e-02 -7.922003e-01
2.437456e-01 5.439879e-01 -6.495162e-02 -8.002790e-01
2.373161e-01 5.331023e-01 -8.179999e-02 -8.079553e-01
2.307631e-01 5.219514e-01 -9.860375e-02 -8.152254e-01
2.240898e-01 5.105411e-01 -1.153545e-01 -8.220857e-01
2.172995e-01 4.988770e-01 -1.320439e-01 -8.285331e-01
2.103956e-01 4.869653e-01 -1.486635e-01 -8.345644e-01
2.033816e-01 4.748119e-01 -1.652052e-01 -8.401767e-01
1.962609e-01 4.624230e-01 -1.816608e-01 -8.453674e-01
1.890370e-01 4.498049e-01 -1.980219e-01 -8.501340e-01
1.817136e-01 4.369640e-01 -2.142806e-01 -8.544743e-01
1.742944e-01 4.239068e-01 -2.304288e-01 -8.583863e-01
1.667828e-01 4.106397e-01 -2.464585e-01 -8.618682e-01
1.591828e-01 3.971695e-01 -2.623617e-01 -8.649182e-01
1.514980e-01 3.835029e-01 -2.781306e-01 -8.675352e-01
1.437322e-01 3.696467e-01 -2.937575e-01 -8.697177e-01
1.358894e-01 3.556078e-01 -3.092346e-01 -8.714649e-01
1.279733e-01 3.413933e-01 -3.245543e-01 -8.727760e-01
1.199879e-01 3.270101e-01 -3.397091e-01 -8.736504e-01
1.119372e-01 3.124654e-01 -3.546914e-01 -8.740878e-01
1.038251e-01 2.977664e-01 -3.694940e-01 -8.740879e-01
9.565560e-02 2.829204e-01 -3.841095e-01 -8.736509e-01
8.743281e-02 2.679347e-01 -3.985308e-01 -8.727770e-01
7.916078e-02 2.528168e-01 -4.127507e-01 -8.714666e-01
7.084360e-02 2.375740e-01 -4.267623e-01 -8.697205e-01
6.248541e-02 2.222140e-01 -4.405586e-01 -8.675394e-01
5.409035e-02 2.067443e-01 -4.541330e-01 -8.649244e-01
4.566260e-02 1.911726e-01 -4.674785e-01 -8.618769e-01
3.720636e-02 1.755066e-01 -4.805888e-01 -8.583982e-01
2.872582e-02 1.597539e-01 -4.934573e-01 -8.544902e-01
2.022524e-02 1.439225e-01 -5.060776e-01 -8.501545e-01
1.170886e-02 1.280201e-01 -5.184436e-01 -8.453934e-01
3.180948e-03 1.120546e-01 -5.305490e-01 -8.402091e-01
-5.354223e-03 9.603404e-02 -5.423880e-01 -8.346041e-01
-1.389236e-02 7.996628e-02 -5.539546e-01 -8.285811e-01
-2.242916e-02 6.385937e-02 -5.652431e-01 -8.221430e-01
-3.096032e-02 4.772132e-02 -5.762478e-01 -8.152929e-01
-3.948151e-02 3.156021e-02 -5.869634e-01 -8.080341e-01
-4.798843e-02 1.538412e-02 -5.973844e-01 -8.003701e-01
-5.647675e-02 -7.988306e-04 -6.075057e-01 -7.923046e-01
-6.494214e-02 -1.698052e-02 -6.173222e-01 -7.838415e-01
-7.338030e-02 -3.315279e-02 -6.268291e-01 -7.749848e-01
-8.178689e-02 -4.930749e-02 -6.360215e-01 -7.657391e-01
-9.015762e-02 -6.543646e-02 -6.448949e-01 -7.561086e-01
-9.848820e-02 -8.153155e-02 -6.534449e-01 -7.460982e-01
-1.067744e-01 -9.758465e-02 -6.616671e-01 -7.357127e-01
-1.150120e-01 -1.135877e-01 -6.695574e-01 -7.249572e-01
-1.231967e-01 -1.295325e-01 -6.771120e-01 -7.138370e-01
-1.313245e-01 -1.454112e-01 -6.843269e-01 -7.023575e-01
-1.393912e-01 -1.612158e-01 -6.911987e-01 -6.905244e-01
-1.473927e-01 -1.769383e-01 -6.977237e-01 -6.783435e-01
-1.553249e-01 -1.925709e-01 -7.038987e-01 -6.658207e-01
-1.631837e-01 -2.081057e-01 -7.097206e-01 -6.529623e-01
-1.709652e-01 -2.235349e-01 -7.151864e-01 -6.397745e-01
-1.786653e-01 -2.388509e-01 -7.202934e-01 -6.262638e-01
-1.862802e-01 -2.540458e-01 -7.250389e-01 -6.124369e-01
-1.938058e-01 -2.691121e-01 -7.294205e-01 -5.983006e-01
-2.012384e-01 -2.840423e-01 -7.334360e-01 -5.838619e-01
-2.085741e-01 -2.988288e-01 -7.370832e-01 -5.691278e-01
-2.158091e-01 -3.134642e-01 -7.403603e-01 -5.541058e-01
-2.229396e-01 -3.279412e-01 -7.432656e-01 -5.388031e-01
-2.299619e-01 -3.422524e-01 -7.457975e-01 -5.232275e-01
-2.368724e-01 -3.563906e-01 -7.479546e-01 -5.073865e-01
-2.436675e-01 -3.703488e-01 -7.497359e-01 -4.912881e-01
-2.503436e-01 -3.841198e-01 -7.511403e-01 -4.749403e-01
-2.568972e-01 -3.976967e-01 -7.521671e-01 -4.583512e-01
-2.633248e-01 -4.110726e-01 -7.528157e-01 -4.415291e-01
-2.696231e-01 -4.242407e-01 -7.530856e-01 -4.244824e-01
-2.757887e-01 -4.371944e-01 -7.529767e-01 -4.072195e-01
-2.818183e-01 -4.499270e-01 -7.524890e-01 -3.897492e-01
-2.877088e-01 -4.624321e-01 -7.516226e-01 -3.720803e-01
-2.934569e-01 -4.747032e-01 -7.503780e-01 -3.542215e-01
-2.990596e-01 -4.867342e-01 -7.487556e-01 -3.361818e-01
-3.045139e-01 -4.985188e-01 -7.467564e-01 -3.179704e-01
-3.098168e-01 -5.100510e-01 -7.443813e-01 -2.995964e-01
-3.149655e-01 -5.213249e-01 -7.416315e-01 -2.810691e-01
-3.199572e-01 -5.323348e-01 -7.385082e-01 -2.623978e-01
-3.247893e-01 -5.430752e-01 -7.350130e-01 -2.435920e-01
-3.294590e-01 -5.535405e-01 -7.311477e-01 -2.246611e-01
-3.339639e-01 -5.637255e-01 -7.269142e-01 -2.056148e-01
-3.383015e-01 -5.736250e-01 -7.223144e-01 -1.864626e-01
-3.424695e-01 -5.832339e-01 -7.173508e-01 -1.672143e-01
-3.464655e-01 -5.925474e-01 -7.120258e-01 -1.478796e-01
-3.502874e-01 -6.015608e-01 -7.063421e-01 -1.284684e-01
-3.539331e-01 -6.102694e-01 -7.003026e-01 -1.089904e-01
-3.574005e-01 -6.186688e-01 -6.939103e-01 -8.945572e-02
-3.606877e-01 -6.267548e-01 -6.871684e-01 -6.987417e-02
-3.637929e-01 -6.345233e-01 -6.800804e-01 -5.025576e-02
-3.667143e-01 -6.419703e-01 -6.726498e-01 -3.061048e-02
-3.694503e-01 -6.490921e-01 -6.648805e-01 -1.094835e-02
-3.719993e-01 -6.558851e-01 -6.567764e-01 8.720611e-03
-3.743600e-01 -6.623459e-01 -6.483415e-01 2.838635e-02
-3.765309e-01 -6.684713e-01 -6.395802e-01 4.803883e-02
-3.785107e-01 -6.742582e-01 -6.304970e-01 6.766801e-02
-3.802985e-01 -6.797038e-01 -6.210964e-01 8.726385e-02
-3.818930e-01 -6.848053e-01 -6.113834e-01 1.068163e-01
-3.832934e-01 -6.895603e-01 -6.013628e-01 1.263155e-01
-3.844988e-01 -6.939663e-01 -5.910398e-01 1.457512e-01
-3.855084e-01 -6.980212e-01 -5.804198e-01 1.651138e-01
-3.863217e-01 -7.017230e-01 -5.695081e-01 1.843931e-01
-3.869381e-01 -7.050700e-01 -5.583105e-01 2.035794e-01
-3.873571e-01 -7.080605e-01 -5.468327e-01 2.226629e-01
-3.875784e-01 -7.106931e-01 -5.350806e-01 2.416339e-01
-3.876019e-01 -7.129666e-01 -5.230604e-01 2.604825e-01
-3.874274e-01 -7.148800e-01 -5.107782e-01 2.791994e-01
-3.870549e-01 -7.164323e-01 -4.982403e-01 2.977748e-01
-3.864845e-01 -7.176230e-01 -4.854534e-01 3.161994e-01
-3.857164e-01 -7.184515e-01 -4.724239e-01 3.344638e-01
-3.847509e-01 -7.189175e-01 -4.591587e-01 3.525587e-01
-3.835885e-01 -7.190210e-01 -4.456646e-01 3.704750e-01
-3.822296e-01 -7.187620e-01 -4.319486e-01 3.882037e-01
-3.806749e-01 -7.181409e-01 -4.180177e-01 4.057357e-01
-3.789251e-01 -7.171581e-01 -4.038792e-01 4.230622e-01
-3.769811e-01 -7.158141e-01 -3.895404e-01 4.401746e-01
-3.748438e-01 -7.141100e-01 -3.750085e-01 4.570642e-01
-3.725141e-01 -7.120466e-01 -3.602912e-01 4.737226e-01
-3.699933e-01 -7.096252e-01 -3.453960e-01 4.901415e-01
-3.672825e-01 -7.068471e-01 -3.303304e-01 5.063126e-01
-3.643832e-01 -7.037140e-01 -3.151023e-01 5.222280e-01
-3.612966e-01 -7.002275e-01 -2.997194e-01 5.378797e-01
-3.580244e-01 -6.963895e-01 -2.841895e-01 5.532600e-01
-3.545680e-01 -6.922021e-01 -2.685206e-01 5.683612e-01
-3.509293e-01 -6.876675e-01 -2.527206e-01 5.831760e-01
-3.471101e-01 -6.827883e-01 -2.367975e-01 5.976970e-01
-3.431121e-01 -6.775669e-01 -2.207594e-01 6.119171e-01
-3.389373e-01 -6.720062e-01 -2.046144e-01 6.258291e-01
-3.345880e-01 -6.661093e-01 -1.883706e-01 6.394261e-01
-3.300661e-01 -6.598794e-01 -1.720362e-01 6.527013e-01
-3.253741e-01 -6.533199e-01 -1.556194e-01 6.656481e-01
-3.205141e-01 -6.464344e-01 -1.391285e-01 6.782599e-01
-3.154888e-01 -6.392265e-01 -1.225718e-01 6.905306e-01
-3.103004e-01 -6.317001e-01 -1.059574e-01 7.024540e-01
-3.049518e-01 -6.238592e-01 -8.929391e-02 7.140243e-01
-2.994454e-01 -6.157079e-01 -7.258951e-02 7.252358e-01
-2.937842e-01 -6.072506e-01 -5.585259e-02 7.360829e-01
-2.879708e-01 -5.984917e-01 -3.909150e-02 7.465604e-01
-2.820082e-01 -5.894357e-01 -2.231460e-02 7.566630e-01
-2.758994e-01 -5.800875e-01 -5.530242e-03 7.663860e-01
-2.696474e-01 -5.704517e-01 1.125323e-02 7.757245e-01
-2.632553e-01 -5.605335e-01 2.802748e-02 7.846740e-01
-2.567263e-01 -5.503379e-01 4.478418e-02 7.932302e-01
-2.500636e-01 -5.398702e-01 6.151504e-02 8.013889e-01
-2.432706e-01 -5.291359e-01 7.821176e-02 8.091462e-01
-2.363507e-01 -5.181404e-01 9.486610e-02 8.164982e-01
-2.293073e-01 -5.068893e-01 1.114698e-01 8.234415e-01
-2.221438e-01 -4.953884e-01 1.280148e-01 8.299727e-01
-2.148638e-01 -4.836434e-01 1.444928e-01 8.360888e-01
-2.074710e-01 -4.716605e-01 1.608958e-01 8.417866e-01
-1.999689e-01 -4.594455e-01 1.772156e-01 8.470637e-01
-1.923614e-01 -4.470047e-01 1.934444e-01 8.519173e-01
-1.846521e-01 -4.343443e-01 2.095741e-01 8.563453e-01
-1.768448e-01 -4.214707e-01 2.255969e-01 8.603455e-01
-1.689435e-01 -4.083901e-01 2.415049e-01 8.639161e-01
-1.609519e-01 -3.951093e-01 2.572903e-01 8.670552e-01
-1.528741e-01 -3.816347e-01 2.729455e-01 8.697616e-01
-1.447140e-01 -3.679731e-01 2.884627e-01 8.720338e-01
-1.364756e-01 -3.541313e-01 3.038344e-01 8.738708e-01
-1.281630e-01 -3.401159e-01 3.190532e-01 8.752716e-01
-1.197803e-01 -3.259341e-01 3.341115e-01 8.762358e-01
-1.113316e-01 -3.115928e-01 3.490020e-01 8.767627e-01
-1.028210e-01 -2.970991e-01 3.637175e-01 8.768521e-01
-9.425277e-02 -2.824600e-01 3.782508e-01 8.765039e-01
-8.563113e-02 -2.676829e-01 3.925947e-01 8.757183e-01
-7.696034e-02 -2.527750e-01 4.067423e-01 8.744956e-01
-6.824467e-02 -2.377436e-01 4.206867e-01 8.728364e-01
-5.948844e-02 -2.225961e-01 4.344209e-01 8.707414e-01
-5.069600e-02 -2.073401e-01 4.479383e-01 8.682115e-01
-4.187170e-02 -1.919830e-01 4.612322e-01 8.652480e-01
-3.301993e-02 -1.765325e-01 4.742962e-01 8.618521e-01
-2.414511e-02 -1.609961e-01 4.871237e-01 8.580255e-01
-1.525166e-02 -1.453816e-01 4.997084e-01 8.537699e-01
-6.344042e-03 -1.296967e-01 5.120442e-01 8.490873e-01
2.573287e-03 -1.139492e-01 5.241249e-01 8.439799e-01
1.149584e-02 -9.814694e-02 5.359446e-01 8.384500e-01
2.041912e-02 -8.229778e-02 5.474974e-01 8.325003e-01
2.933863e-02 -6.640965e-02 5.587776e-01 8.261335e-01
3.824984e-02 -5.049050e-02 5.697796e-01 8.193527e-01
4.714824e-02 -3.454832e-02 5.804978e-01 8.121612e-01
5.602929e-02 -1.859110e-02 5.909270e-01 8.045622e-01
6.488847e-02 -2.626905e-03 6.010620e-01 7.965595e-01
7.372124e-02 1.333623e-02 6.108976e-01 7.881570e-01
8.252309e-02 2.929026e-02 6.204291e-01 7.793586e-01
9.128951e-02 4.522712e-02 6.296515e-01 7.701686e-01
1.000160e-01 6.113880e-02 6.385605e-01 7.605915e-01
1.086982e-01 7.701731e-02 6.471513e-01 7.506319e-01
1.173316e-01 9.285471e-02 6.554199e-01 7.402946e-01
1.259118e-01 1.086431e-01 6.633620e-01 7.295847e-01
1.344344e-01 1.243745e-01 6.709736e-01 7.185074e-01
1.428951e-01 1.400412e-01 6.782509e-01 7.070680e-01
1.512895e-01 1.556352e-01 6.851903e-01 6.952722e-01
1.596134e-01 1.711489e-01 6.917882e-01 6.831257e-01
1.678625e-01 1.865744e-01 6.980413e-01 6.706344e-01
1.760325e-01 2.019040e-01 7.039465e-01 6.578044e-01
1.841192e-01 2.171302e-01 7.095007e-01 6.446421e-01
1.921185e-01 2.322452e-01 7.147010e-01 6.311538e-01
2.000262e-01 2.472415e-01 7.195448e-01 6.173462e-01
2.078382e-01 2.621117e-01 7.240297e-01 6.032261e-01
2.155505e-01 2.768483e-01 7.281532e-01 5.888004e-01
2.231591e-01 2.914438e-01 7.319133e-01 5.740762e-01
2.306600e-01 3.058910e-01 7.353079e-01 5.590608e-01
2.380492e-01 3.201826e-01 7.383353e-01 5.437615e-01
2.453230e-01 3.343115e-01 7.409939e-01 5.281861e-01
2.524774e-01 3.482704e-01 7.432822e-01 5.123421e-01
2.595088e-01 3.620525e-01 7.451990e-01 4.962375e-01
2.664134e-01 3.756506e-01 7.467432e-01 4.798803e-01
2.731876e-01 3.890581e-01 7.479140e-01 4.632785e-01
2.798277e-01 4.022679e-01 7.487108e-01 4.464406e-01
2.863302e-01 4.152736e-01 7.491329e-01 4.293749e-01
2.926917e-01 4.280684e-01 7.491802e-01 4.120899e-01
2.989087e-01 4.406459e-01 7.488525e-01 3.945944e-01
3.049780e-01 4.529996e-01 7.481500e-01 3.768971e-01
3.108962e-01 4.651233e-01 7.470729e-01 3.590070e-01
3.166601e-01 4.770107e-01 7.456217e-01 3.409330e-01
3.222668e-01 4.886559e-01 7.437973e-01 3.226844e-01
3.277130e-01 5.000528e-01 7.416003e-01 3.042702e-01
3.329958e-01 5.111956e-01 7.390320e-01 2.857000e-01
3.381125e-01 5.220786e-01 7.360937e-01 2.669830e-01
3.430601e-01 5.326962e-01 7.327869e-01 2.481288e-01
3.478360e-01 5.430431e-01 7.291131e-01 2.291469e-01
3.524377e-01 5.531141e-01 7.250744e-01 2.100469e-01
3.568625e-01 5.629039e-01 7.206725e-01 1.908387e-01
3.611081e-01 5.724079e-01 7.159099e-01 1.715318e-01
3.651722e-01 5.816211e-01 7.107888e-01 1.521361e-01
3.690526e-01 5.905390e-01 7.053119e-01 1.326615e-01
3.727471e-01 5.991570e-01 6.994819e-01 1.131178e-01
3.762536e-01 6.074709e-01 6.933017e-01 9.351504e-02
3.795703e-01 6.154766e-01 6.867745e-01 7.386318e-02
3.826954e-01 6.231701e-01 6.799034e-01 5.417221e-02
3.856270e-01 6.305476e-01 6.726921e-01 3.445219e-02
3.883636e-01 6.376054e-01 6.651441e-01 1.471315e-02
3.909036e-01 6.443401e-01 6.572632e-01 -5.034812e-03
3.932456e-01 6.507483e-01 6.490534e-01 -2.478162e-02
3.953883e-01 6.568270e-01 6.405190e-01 -4.451719e-02
3.973304e-01 6.625731e-01 6.316643e-01 -6.423142e-02
3.990708e-01 6.679838e-01 6.224938e-01 -8.391426e-02
4.006086e-01 6.730565e-01 6.130122e-01 -1.035556e-01
4.019428e-01 6.777888e-01 6.032243e-01 -1.231455e-01
4.030726e-01 6.821783e-01 5.931352e-01 -1.426739e-01
4.039974e-01 6.862230e-01 5.827501e-01 -1.621307e-01
4.047165e-01 6.899210e-01 5.720743e-01 -1.815062e-01
4.052296e-01 6.932706e-01 5.611133e-01 -2.007904e-01
4.055362e-01 6.962701e-01 5.498727e-01 -2.199734e-01
4.056362e-01 6.989183e-01 5.383583e-01 -2.390456e-01
4.055293e-01 7.012139e-01 5.265762e-01 -2.579972e-01
4.052156e-01 7.031560e-01 5.145322e-01 -2.768185e-01
4.046952e-01 7.047437e-01 5.022328e-01 -2.955001e-01
4.039683e-01 7.059765e-01 4.896841e-01 -3.140325e-01
4.030350e-01 7.068538e-01 4.768926e-01 -3.324062e-01
4.018960e-01 7.073754e-01 4.638650e-01 -3.506121e-01
4.005517e-01 7.075413e-01 4.506079e-01 -3.686409e-01
3.990027e-01 7.073515e-01 4.371282e-01 -3.864836e-01
3.972498e-01 7.068064e-01 4.234326e-01 -4.041313e-01
3.952938e-01 7.059064e-01 4.095283e-01 -4.215750e-01
3.931356e-01 7.046522e-01 3.954224e-01 -4.388061e-01
3.907764e-01 7.030445e-01 3.811221e-01 -4.558160e-01
3.882172e-01 7.010844e-01 3.666345e-01 -4.725962e-01
3.854593e-01 6.987731e-01 3.519672e-01 -4.891384e-01
3.825041e-01 6.961119e-01 3.371276e-01 -5.054344e-01
3.793529e-01 6.931023e-01 3.221231e-01 -5.214761e-01
3.760074e-01 6.897461e-01 3.069613e-01 -5.372556e-01
3.724692e-01 6.860450e-01 2.916499e-01 -5.527651e-01
3.687400e-01 6.820012e-01 2.761967e-01 -5.679970e-01
3.648218e-01 6.776170e-01 2.606092e-01 -5.829435e-01
3.607164e-01 6.728949e-01 2.448954e-01 -5.975972e-01
3.564259e-01 6.678376e-01 2.290631e-01 -6.119507e-01
3.519525e-01 6.624479e-01 2.131202e-01 -6.259968e-01
3.472985e-01 6.567287e-01 1.970747e-01 -6.397286e-01
3.424662e-01 6.506833e-01 1.809346e-01 -6.531392e-01
3.374580e-01 6.443149e-01 1.647081e-01 -6.662219e-01
3.322765e-01 6.376270e-01 1.484031e-01 -6.789703e-01
3.269242e-01 6.306232e-01 1.320277e-01 -6.913781e-01
3.214039e-01 6.233072e-01 1.155903e-01 -7.034391e-01
3.157182e-01 6.156830e-01 9.909876e-02 -7.151474e-01
3.098701e-01 6.077546e-01 8.256143e-02 -7.264973e-01
3.038625e-01 5.995262e-01 6.598647e-02 -7.374833e-01
2.976984e-01 5.910021e-01 4.938207e-02 -7.481000e-01
2.913808e-01 5.821867e-01 3.275642e-02 -7.583422e-01
2.849130e-01 5.730846e-01 1.611771e-02 -7.682049e-01
2.782980e-01 5.637006e-01 -5.258720e-04 -7.776835e-01
2.715393e-01 5.540394e-01 -1.716614e-02 -7.867732e-01
2.646401e-01 5.441061e-01 -3.379493e-02 -7.954697e-01
2.576039e-01 5.339057e-01 -5.040408e-02 -8.037689e-01
2.504342e-01 5.234435e-01 -6.698545e-02 -8.116665e-01
2.431346e-01 5.127248e-01 -8.353093e-02 -8.191590e-01
2.357086e-01 5.017551e-01 -1.000324e-01 -8.262426e-01
2.281600e-01 4.905399e-01 -1.164819e-01 -8.329139e-01
2.204925e-01 4.790849e-01 -1.328713e-01 -8.391698e-01
2.127098e-01 4.673959e-01 -1.491926e-01 -8.450072e-01
2.048158e-01 4.554787e-01 -1.654380e-01 -8.504234e-01
1.968144e-01 4.433393e-01 -1.815996e-01 -8.554156e-01
1.887095e-01 4.309838e-01 -1.976694e-01 -8.599817e-01
1.805051e-01 4.184183e-01 -2.136396e-01 -8.641193e-01
1.722052e-01 4.056490e-01 -2.295027e-01 -8.678265e-01
1.638140e-01 3.926822e-01 -2.452508e-01 -8.711014e-01
1.553354e-01 3.795245e-01 -2.608762e-01 -8.739426e-01
1.467737e-01 3.661822e-01 -2.763716e-01 -8.763486e-01
1.381330e-01 3.526619e-01 -2.917293e-01 -8.783182e-01
1.294177e-01 3.389703e-01 -3.069418e-01 -8.798505e-01
1.206319e-01 3.251142e-01 -3.220019e-01 -8.809447e-01
1.117799e-01 3.111003e-01 -3.369022e-01 -8.816001e-01
1.028662e-01 2.969355e-01 -3.516355e-01 -8.818165e-01
9.389499e-02 2.826268e-01 -3.661946e-01 -8.815936e-01
8.487081e-02 2.681812e-01 -3.805724e-01 -8.809316e-01
7.579806e-02 2.536059e-01 -3.947620e-01 -8.798305e-01
6.668120e-02 2.389079e-01 -4.087563e-01 -8.782909e-01
5.752473e-02 2.240945e-01 -4.225487e-01 -8.763134e-01
4.833318e-02 2.091730e-01 -4.361323e-01 -8.738988e-01
3.911110e-02 1.941507e-01 -4.495005e-01 -8.710483e-01
2.986306e-02 1.790352e-01 -4.626467e-01 -8.677630e-01
2.059367e-02 1.638338e-01 -4.755645e-01 -8.640445e-01
1.130753e-02 1.485541e-01 -4.882475e-01 -8.598943e-01
2.009295e-03 1.332036e-01 -5.006894e-01 -8.553145e-01
-7.296385e-03 1.177900e-01 -5.128842e-01 -8.503071e-01
-1.660484e-02 1.023211e-01 -5.248257e-01 -8.448743e-01
-2.591137e-02 8.680441e-02 -5.365081e-01 -8.390189e-01
-3.521128e-02 7.124779e-02 -5.479256e-01 -8.327433e-01
-4.449988e-02 5.565901e-02 -5.590724e-01 -8.260507e-01
-5.377244e-02 4.004586e-02 -5.699432e-01 -8.189442e-01
-6.302425e-02 2.441616e-02 -5.805323e-01 -8.114271e-01
-7.225063e-02 8.777759e-03 -5.908347e-01 -8.035031e-01
-8.144685e-02 -6.861503e-03 -6.008450e-01 -7.951758e-01
-9.060823e-02 -2.249376e-02 -6.105584e-01 -7.864494e-01
-9.973008e-02 -3.811114e-02 -6.199700e-01 -7.773279e-01
-1.088077e-01 -5.370586e-02 -6.290750e-01 -7.678158e-01
-1.178366e-01 -6.927016e-02 -6.378690e-01 -7.579177e-01
-1.268120e-01 -8.479629e-02 -6.463475e-01 -7.476384e-01
-1.357294e-01 -1.002765e-01 -6.545063e-01 -7.369828e-01
-1.445842e-01 -1.157032e-01 -6.623413e-01 -7.259560e-01
-1.533720e-01 -1.310687e-01 -6.698485e-01 -7.145635e-01
-1.620881e-01 -1.463653e-01 -6.770242e-01 -7.028107e-01
-1.707281e-01 -1.615854e-01 -6.838647e-01 -6.907034e-01
-1.792876e-01 -1.767215e-01 -6.903665e-01 -6.782474e-01
-1.877623e-01 -1.917661e-01 -6.965263e-01 -6.654488e-01
-1.961476e-01 -2.067117e-01 -7.023410e-01 -6.523139e-01
-2.044393e-01 -2.215509e-01 -7.078076e-01 -6.388491e-01
-2.126331e-01 -2.362762e-01 -7.129233e-01 -6.250609e-01
-2.207248e-01 -2.508804e-01 -7.176854e-01 -6.109561e-01
-2.287101e-01 -2.653561e-01 -7.220914e-01 -5.965416e-01
-2.365849e-01 -2.796961e-01 -7.261390e-01 -5.818246e-01
-2.443452e-01 -2.938933e-01 -7.298261e-01 -5.668122e-01
-2.519867e-01 -3.079406e-01 -7.331507e-01 -5.515119e-01
-2.595056e-01 -3.218309e-01 -7.361111e-01 -5.359312e-01
-2.668979e-01 -3.355572e-01 -7.387056e-01 -5.200779e-01
-2.741598e-01 -3.491126e-01 -7.409328e-01 -5.039598e-01
-2.812872e-01 -3.624904e-01 -7.427915e-01 -4.875849e-01
-2.882766e-01 -3.756837e-01 -7.442806e-01 -4.709615e-01
-2.951242e-01 -3.886860e-01 -7.453993e-01 -4.540977e-01
-3.018264e-01 -4.014905e-01 -7.461470e-01 -4.370021e-01
-3.083795e-01 -4.140909e-01 -7.465231e-01 -4.196833e-01
-3.147801e-01 -4.264808e-01 -7.465274e-01 -4.021499e-01
-3.210248e-01 -4.386538e-01 -7.461597e-01 -3.844107e-01
-3.271102e-01 -4.506038e-01 -7.454203e-01 -3.664747e-01
-3.330331e-01 -4.623247e-01 -7.443094e-01 -3.483510e-01
-3.387902e-01 -4.738105e-01 -7.428275e-01 -3.300487e-01
-3.443785e-01 -4.850553e-01 -7.409754e-01 -3.115771e-01
-3.497949e-01 -4.960534e-01 -7.387539e-01 -2.929457e-01
-3.550366e-01 -5.067993e-01 -7.361642e-01 -2.741637e-01
-3.601006e-01 -5.172874e-01 -7.332076e-01 -2.552409e-01
-3.649842e-01 -5.275124e-01 -7.298856e-01 -2.361869e-01
-3.696849e-01 -5.374690e-01 -7.261999e-01 -2.170113e-01
-3.741999e-01 -5.471523e-01 -7.221524e-01 -1.977239e-01
-3.785269e-01 -5.565573e-01 -7.177451e-01 -1.783345e-01
-3.826637e-01 -5.656796e-01 -7.129802e-01 -1.588530e-01
-3.866078e-01 -5.745146e-01 -7.078601e-01 -1.392891e-01
-3.903573e-01 -5.830579e-01 -7.023872e-01 -1.196530e-01
-3.939101e-01 -5.913054e-01 -6.965643e-01 -9.995450e-02
-3.972643e-01 -5.992529e-01 -6.903944e-01 -8.020368e-02
-4.004180e-01 -6.068967e-01 -6.838804e-01 -6.041060e-02
-4.033695e-01 -6.142330e-01 -6.770256e-01 -4.058535e-02
-4.061173e-01 -6.212581e-01 -6.698336e-01 -2.073803e-02
-4.086597e-01 -6.279687e-01 -6.623079e-01 -8.787646e-04
-4.109955e-01 -6.343615e-01 -6.544523e-01 1.898230e-02
-4.131232e-01 -6.404334e-01 -6.462709e-01 3.883504e-02
-4.150418e-01 -6.461815e-01 -6.377677e-01 5.866932e-02
-4.167502e-01 -6.516030e-01 -6.289471e-01 7.847500e-02
-4.182474e-01 -6.566953e-01 -6.198136e-01 9.824198e-02
-4.195325e-01 -6.614560e-01 -6.103719e-01 1.179602e-01
-4.206049e-01 -6.658828e-01 -6.006267e-01 1.376195e-01
-4.214639e-01 -6.699737e-01 -5.905831e-01 1.572100e-01
-4.221090e-01 -6.737268e-01 -5.802462e-01 1.767217e-01
-4.225398e-01 -6.771403e-01 -5.696213e-01 1.961445e-01
-4.227561e-01 -6.802127e-01 -5.587138e-01 2.154688e-01
-4.227577e-01 -6.829426e-01 -5.475294e-01 2.346845e-01
-4.225446e-01 -6.853290e-01 -5.360737e-01 2.537821e-01
-4.221167e-01 -6.873706e-01 -5.243526e-01 2.727518e-01
-4.214743e-01 -6.890668e-01 -5.123721e-01 2.915840e-01
-4.206177e-01 -6.904168e-01 -5.001383e-01 3.102693e-01
-4.195473e-01 -6.914203e-01 -4.876576e-01 3.287981e-01
-4.182635e-01 -6.920768e-01 -4.749362e-01 3.471613e-01
-4.167671e-01 -6.923863e-01 -4.619806e-01 3.653495e-01
-4.150588e-01 -6.923488e-01 -4.487975e-01 3.833537e-01
-4.131393e-01 -6.919646e-01 -4.353936e-01 4.011649e-01
-4.110096e-01 -6.912341e-01 -4.217756e-01 4.187742e-01
-4.086708e-01 -6.901579e-01 -4.079505e-01 4.361728e-01
-4.061241e-01 -6.887366e-01 -3.939252e-01 4.533520e-01
-4.033706e-01 -6.869713e-01 -3.797068e-01 4.703034e-01
-4.004118e-01 -6.848630e-01 -3.653025e-01 4.870186e-01
-3.972491e-01 -6.824130e-01 -3.507194e-01 5.034894e-01
-3.938840e-01 -6.796227e-01 -3.359650e-01 5.197074e-01
-3.903184e-01 -6.764939e-01 -3.210466e-01 5.356647e-01
-3.865540e-01 -6.730284e-01 -3.059716e-01 5.513531e-01
-3.825927e-01 -6.692282e-01 -2.907475e-01 5.667648e-01
-3.784366e-01 -6.650956e-01 -2.753819e-01 5.818920e-01
-3.740878e-01 -6.606330e-01 -2.598826e-01 5.967272e-01
-3.695485e-01 -6.558429e-01 -2.442571e-01 6.112630e-01
-3.648210e-01 -6.507279e-01 -2.285134e-01 6.254922e-01
-3.599077e-01 -6.452910e-01 -2.126591e-01 6.394076e-01
-3.548112e-01 -6.395351e-01 -1.967023e-01 6.530024e-01
-3.495341e-01 -6.334633e-01 -1.806507e-01 6.662698e-01
-3.440789e-01 -6.270791e-01 -1.645124e-01 6.792033e-01
-3.384485e-01 -6.203858e-01 -1.482954e-01 6.917966e-01
-3.326458e-01 -6.133871e-01 -1.320076e-01 7.040434e-01
-3.266736e-01 -6.060866e-01 -1.156572e-01 7.159377e-01
-3.205350e-01 -5.984882e-01 -9.925206e-02 7.274738e-01
-3.142330e-01 -5.905960e-01 -8.280038e-02 7.386461e-01
-3.077709e-01 -5.824140e-01 -6.631019e-02 7.494491e-01
-3.011518e-01 -5.739466e-01 -4.978959e-02 7.598775e-01
-2.943790e-01 -5.651981e-01 -3.324666e-02 7.699264e-01
-2.874560e-01 -5.561731e-01 -1.668947e-02 7.795909e-01
-2.803861e-01 -5.468760e-01 -1.261105e-04 7.888664e-01
-2.731729e-01 -5.373119e-01 1.643535e-02 7.977483e-01
-2.658200e-01 -5.274854e-01 3.298685e-02 8.062325e-01
-2.583309e-01 -5.174016e-01 4.952032e-02 8.143147e-01
-2.507095e-01 -5.070658e-01 6.602772e-02 8.219911e-01
-2.429596e-01 -4.964830e-01 8.250104e-02 8.292580e-01
-2.350848e-01 -4.856587e-01 9.893230e-02 8.361120e-01
-2.270892e-01 -4.745982e-01 1.153135e-01 8.425496e-01
-2.189767e-01 -4.633072e-01 1.316368e-01 8.485679e-01
-2.107512e-01 -4.517912e-01 1.478942e-01 8.541639e-01
-2.024169e-01 -4.400561e-01 1.640779e-01 8.593349e-01
-1.939777e-01 -4.281076e-01 1.801800e-01 8.640785e-01
-1.854379e-01 -4.159516e-01 1.961929e-01 8.683924e-01
-1.768015e-01 -4.035943e-01 2.121088e-01 8.722745e-01
-1.680729e-01 -3.910415e-01 2.279199e-01 8.757228e-01
-1.592563e-01 -3.782997e-01 2.436188e-01 8.787358e-01
-1.503560e-01 -3.653750e-01 2.591977e-01 8.813120e-01
-1.413763e-01 -3.522737e-01 2.746492e-01 8.834499e-01
-1.323216e-01 -3.390023e-01 2.899659e-01 8.851487e-01
-1.231963e-01 -3.255674e-01 3.051402e-01 8.864074e-01
-1.140050e-01 -3.119754e-01 3.201649e-01 8.872252e-01
-1.047520e-01 -2.982331e-01 3.350328e-01 8.876019e-01
-9.544195e-02 -2.843472e-01 3.497365e-01 8.875370e-01
-8.607934e-02 -2.703245e-01 3.642690e-01 8.870305e-01
-7.666878e-02 -2.561719e-01 3.786232e-01 8.860826e-01
-6.721488e-02 -2.418964e-01 3.927921e-01 8.846935e-01
-5.772228e-02 -2.275049e-01 4.067688e-01 8.828640e-01
-4.819566e-02 -2.130046e-01 4.205465e-01 8.805946e-01
-3.863972e-02 -1.984026e-01 4.341185e-01 8.778864e-01
-2.905917e-02 -1.837061e-01 4.474780e-01 8.747406e-01
-1.945880e-02 -1.689224e-01 4.606185e-01 8.711585e-01
-9.843392e-03 -1.540587e-01 4.735335e-01 8.671419e-01
-2.177603e-04 -1.391226e-01 4.862168e-01 8.626923e-01
9.413274e-03 -1.241214e-01 4.986620e-01 8.578120e-01
1.904488e-02 -1.090624e-01 5.108630e-01 8.525032e-01
2.867222e-02 -9.395331e-02 5.228137e-01 8.467683e-01
3.829046e-02 -7.880149e-02 5.345083e-01 8.406099e-01
4.789476e-02 -6.361453e-02 5.459409e-01 8.340311e-01
5.748027e-02 -4.839998e-02 5.571058e-01 8.270348e-01
6.704214e-02 -3.316542e-02 5.679976e-01 8.196244e-01
7.657555e-02 -1.791848e-02 5.786107e-01 8.118034e-01
8.607565e-02 -2.666777e-03 5.889399e-01 8.035756e-01
9.553764e-02 1.258206e-02 5.989800e-01 7.949448e-01
1.049567e-01 2.782039e-02 6.087260e-01 7.859153e-01
1.143280e-01 4.304066e-02 6.181730e-01 7.764913e-01
1.236468e-01 5.823536e-02 6.273164e-01 7.666774e-01
1.329084e-01 7.339700e-02 6.361514e-01 7.564784e-01
1.421080e-01 8.851809e-02 6.446738e-01 7.458991e-01
1.512410e-01 1.035912e-01 6.528793e-01 7.349447e-01
1.603027e-01 1.186088e-01 6.607636e-01 7.236204e-01
1.692884e-01 1.335636e-01 6.683229e-01 7.119317e-01
1.781936e-01 1.484483e-01 6.755532e-01 6.998843e-01
1.870137e-01 1.632553e-01 6.824509e-01 6.874840e-01
1.957443e-01 1.779775e-01 6.890125e-01 6.747369e-01
2.043808e-01 1.926076e-01 6.952346e-01 6.616492e-01
2.129188e-01 2.071382e-01 7.011141e-01 6.482271e-01
2.213539e-01 2.215624e-01 7.066478e-01 6.344773e-01
2.296817e-01 2.358728e-01 7.118328e-01 6.204066e-01
2.378981e-01 2.500624e-01 7.166666e-01 6.060217e-01
2.459986e-01 2.641241e-01 7.211465e-01 5.913298e-01
2.539792e-01 2.780510e-01 7.252701e-01 5.763380e-01
2.618357e-01 2.918362e-01 7.290352e-01 5.610538e-01
2.695639e-01 3.054726e-01 7.324399e-01 5.454848e-01
2.771599e-01 3.189535e-01 7.354822e-01 5.296385e-01
2.846198e-01 3.322722e-01 7.381605e-01 5.135229e-01
2.919395e-01 3.454220e-01 7.404734e-01 4.971460e-01
2.991153e-01 3.583963e-01 7.424194e-01 4.805159e-01
3.061434e-01 3.711884e-01 7.439976e-01 4.636410e-01
3.130201e-01 3.837921e-01 7.452069e-01 4.465297e-01
3.197417e-01 3.962009e-01 7.460466e-01 4.291905e-01
3.263047e-01 4.084086e-01 7.465163e-01 4.116323e-01
3.327057e-01 4.204089e-01 7.466155e-01 3.938637e-01
3.389413e-01 4.321958e-01 7.463441e-01 3.758938e-01
3.450080e-01 4.437633e-01 7.457021e-01 3.577317e-01
3.509028e-01 4.551055e-01 7.446898e-01 3.393866e-01
3.566225e-01 4.662167e-01 7.433076e-01 3.208677e-01
3.621640e-01 4.770913e-01 7.415563e-01 3.021845e-01
3.675243e-01 4.877236e-01 7.394365e-01 2.833465e-01
3.727007e-01 4.981083e-01 7.369494e-01 2.643631e-01
3.776903e-01 5.082402e-01 7.340962e-01 2.452442e-01
3.824905e-01 5.181141e-01 7.308783e-01 2.259995e-01
3.870988e-01 5.277250e-01 7.272973e-01 2.066386e-01
3.915126e-01 5.370682e-01 7.233550e-01 1.871715e-01
3.957297e-01 5.461389e-01 7.190534e-01 1.676081e-01
3.997478e-01 5.549328e-01 7.143946e-01 1.479583e-01
4.035647e-01 5.634455e-01 7.093809e-01 1.282321e-01
4.071786e-01 5.716728e-01 7.040147e-01 1.084394e-01
4.105874e-01 5.796108e-01 6.982987e-01 8.859043e-02
4.137893e-01 5.872555e-01 6.922358e-01 6.869517e-02
4.167826e-01 5.946034e-01 6.858288e-01 4.876378e-02
4.195659e-01 6.016507e-01 6.790811e-01 2.880638e-02
4.221374e-01 6.083941e-01 6.719960e-01 8.833161e-03
4.244960e-01 6.148303e-01 6.645770e-01 -1.114572e-02
4.266403e-01 6.209562e-01 6.568279e-01 -3.112007e-02
4.285693e-01 6.267689e-01 6.487526e-01 -5.107973e-02
4.302818e-01 6.322656e-01 6.403551e-01 -7.101452e-02
4.317769e-01 6.374437e-01 6.316397e-01 -9.091428e-02
4.330540e-01 6.423008e-01 6.226108e-01 -1.107689e-01
4.341122e-01 6.468345e-01 6.132730e-01 -1.305682e-01
4.349510e-01 6.510427e-01 6.036309e-01 -1.503023e-01
4.355700e-01 6.549235e-01 5.936896e-01 -1.699609e-01
4.359687e-01 6.584751e-01 5.834540e-01 -1.895343e-01
4.361472e-01 6.616959e-01 5.729293e-01 -2.090123e-01
4.361051e-01 6.645845e-01 5.621210e-01 -2.283853e-01
4.358425e-01 6.671396e-01 5.510344e-01 -2.476433e-01
4.353596e-01 6.693601e-01 5.396752e-01 -2.667766e-01
4.346565e-01 6.712451e-01 5.280492e-01 -2.857756e-01
4.337337e-01 6.727939e-01 5.161623e-01 -3.046307e-01
4.325916e-01 6.740059e-01 5.040205e-01 -3.233325e-01
4.312308e-01 6.748806e-01 4.916299e-01 -3.418716e-01
4.296520e-01 6.754180e-01 4.789968e-01 -3.602386e-01
4.278559e-01 6.756178e-01 4.661276e-01 -3.784244e-01
4.258436e-01 6.754802e-01 4.530287e-01 -3.964200e-01
4.236159e-01 6.750054e-01 4.397068e-01 -4.142163e-01
4.211741e-01 6.741941e-01 4.261686e-01 -4.318045e-01
4.185193e-01 6.730466e-01 4.124207e-01 -4.491759e-01
4.156529e-01 6.715638e-01 3.984702e-01 -4.663220e-01
4.125763e-01 6.697468e-01 3.843239e-01 -4.832341e-01
4.092912e-01 6.675966e-01 3.699890e-01 -4.999037e-01
4.057992e-01 6.651147e-01 3.554724e-01 -5.163225e-01
4.021021e-01 6.623025e-01 3.407815e-01 -5.324822e-01
3.982020e-01 6.591618e-01 3.259235e-01 -5.483746e-01
3.941009e-01 6.556945e-01 3.109058e-01 -5.639918e-01
3.898008e-01 6.519026e-01 2.957360e-01 -5.793260e-01
3.853040e-01 6.477882e-01 2.804215e-01 -5.943695e-01
3.806129e-01 6.433537e-01 2.649699e-01 -6.091148e-01
3.757298e-01 6.386016e-01 2.493889e-01 -6.235545e-01
3.706574e-01 6.335346e-01 2.336863e-01 -6.376816e-01
3.653981e-01 6.281553e-01 2.178698e-01 -6.514890e-01
3.599548e-01 6.224669e-01 2.019472e-01 -6.649698e-01
3.543303e-01 6.164723e-01 1.859264e-01 -6.781175e-01
3.485273e-01 6.101748e-01 1.698153e-01 -6.909256e-01
3.425489e-01 6.035778e-01 1.536218e-01 -7.033878e-01
3.363981e-01 5.966848e-01 1.373539e-01 -7.154980e-01
3.300781e-01 5.894995e-01 1.210196e-01 -7.272504e-01
3.235920e-01 5.820255e-01 1.046269e-01 -7.386391e-01
3.169431e-01 5.742669e-01 8.818379e-02 -7.496588e-01
3.101347e-01 5.662276e-01 7.169835e-02 -7.603040e-01
3.031703e-01 5.579118e-01 5.517859e-02 -7.705696e-01
2.960534e-01 5.493238e-01 3.863257e-02 -7.804507e-01
2.887875e-01 5.404680e-01 2.206833e-02 -7.899425e-01
2.813761e-01 5.313488e-01 5.493913e-03 -7.990405e-01
2.738231e-01 5.219710e-01 -1.108264e-02 -8.077403e-01
2.661321e-01 5.123393e-01 -2.765327e-02 -8.160377e-01
2.583070e-01 5.024586e-01 -4.420995e-02 -8.239286e-01
2.503516e-01 4.923338e-01 -6.074466e-02 -8.314094e-01
2.422700e-01 4.819700e-01 -7.724938e-02 -8.384764e-01
2.340661e-01 4.713726e-01 -9.371615e-02 -8.451262e-01
2.257439e-01 4.605467e-01 -1.101370e-01 -8.513556e-01
2.173076e-01 4.494977e-01 -1.265040e-01 -8.571616e-01
2.087613e-01 4.382312e-01 -1.428093e-01 -8.625414e-01
2.001092e-01 4.267527e-01 -1.590449e-01 -8.674924e-01
1.913556e-01 4.150679e-01 -1.752032e-01 -8.720123e-01
1.825046e-01 4.031826e-01 -1.912762e-01 -8.760989e-01
1.735607e-01 3.911026e-01 -2.072563e-01 -8.797501e-01
1.645282e-01 3.788339e-01 -2.231357e-01 -8.829642e-01
1.554115e-01 3.663825e-01 -2.389068e-01 -8.857396e-01
1.462150e-01 3.537545e-01 -2.545619e-01 -8.880750e-01
1.369432e-01 3.409562e-01 -2.700936e-01 -8.899690e-01
1.276008e-01 3.279937e-01 -2.854942e-01 -8.914209e-01
1.181921e-01 3.148735e-01 -3.007565e-01 -8.924298e-01
1.087217e-01 3.016019e-01 -3.158729e-01 -8.929951e-01
9.919440e-02 2.881856e-01 -3.308361e-01 -8.931165e-01
8.961472e-02 2.746310e-01 -3.456389e-01 -8.927938e-01
7.998735e-02 2.609448e-01 -3.602740e-01 -8.920272e-01
7.031704e-02 2.471338e-01 -3.747345e-01 -8.908168e-01
6.060859e-02 2.332047e-01 -3.890130e-01 -8.891631e-01
5.086682e-02 2.191645e-01 -4.031028e-01 -8.870669e-01
4.109657e-02 2.050200e-01 -4.169969e-01 -8.845290e-01
3.130269e-02 1.907782e-01 -4.306884e-01 -8.815505e-01
2.149006e-02 1.764462e-01 -4.441708e-01 -8.781328e-01
1.166356e-02 1.620309e-01 -4.574372e-01 -8.742775e-01
1.828076e-03 1.475396e-01 -4.704813e-01 -8.699862e-01
-8.011491e-03 1.329793e-01 -4.832966e-01 -8.652611e-01
-1.785024e-02 1.183572e-01 -4.958768e-01 -8.601042e-01
-2.768325e-02 1.036805e-01 -5.082156e-01 -8.545179e-01
-3.750563e-02 8.895664e-02 -5.203070e-01 -8.485050e-01
-4.731246e-02 7.419273e-02 -5.321450e-01 -8.420681e-01
-5.709883e-02 5.939615e-02 -5.437236e-01 -8.352104e-01
-6.685984e-02 4.457424e-02 -5.550371e-01 -8.279352e-01
-7.659059e-02 2.973436e-02 -5.660800e-01 -8.202458e-01
-8.628618e-02 1.488390e-02 -5.768466e-01 -8.121460e-01
-9.594175e-02 3.026638e-05 -5.873316e-01 -8.036397e-01
-1.055524e-01 -1.481914e-02 -5.975297e-01 -7.947310e-01
-1.151133e-01 -2.965698e-02 -6.074359e-01 -7.854241e-01
-1.246197e-01 -4.447597e-02 -6.170452e-01 -7.757235e-01
-1.340666e-01 -5.926887e-02 -6.263529e-01 -7.656340e-01
-1.434493e-01 -7.402842e-02 -6.353541e-01 -7.551604e-01
-1.527630e-01 -8.874741e-02 -6.440446e-01 -7.443077e-01
-1.620031e-01 -1.034186e-01 -6.524197e-01 -7.330812e-01
-1.711649e-01 -1.180349e-01 -6.604754e-01 -7.214864e-01
-1.802436e-01 -1.325890e-01 -6.682076e-01 -7.095287e-01
-1.892348e-01 -1.470739e-01 -6.756122e-01 -6.972141e-01
-1.981338e-01 -1.614825e-01 -6.826856e-01 -6.845485e-01
-2.069361e-01 -1.758076e-01 -6.894242e-01 -6.715381e-01
-2.156372e-01 -1.900423e-01 -6.958243e-01 -6.581892e-01
-2.242328e-01 -2.041795e-01 -7.018828e-01 -6.445083e-01
-2.327183e-01 -2.182123e-01 -7.075964e-01 -6.305021e-01
-2.410896e-01 -2.321337e-01 -7.129622e-01 -6.161774e-01
-2.493422e-01 -2.459369e-01 -7.179774e-01 -6.015413e-01
-2.574721e-01 -2.596150e-01 -7.226393e-01 -5.866010e-01
-2.654749e-01 -2.731613e-01 -7.269453e-01 -5.713637e-01
-2.733466e-01 -2.865690e-01 -7.308933e-01 -5.558371e-01
-2.810832e-01 -2.998315e-01 -7.344809e-01 -5.400288e-01
-2.886806e-01 -3.129421e-01 -7.377064e-01 -5.239465e-01
-2.961350e-01 -3.258943e-01 -7.405679e-01 -5.075984e-01
-3.034424e-01 -3.386817e-01 -7.430637e-01 -4.909926e-01
-3.105992e-01 -3.512977e-01 -7.451925e-01 -4.741372e-01
-3.176015e-01 -3.637362e-01 -7.469531e-01 -4.570409e-01
-3.244458e-01 -3.759907e-01 -7.483444e-01 -4.397120e-01
-3.311284e-01 -3.880552e-01 -7.493655e-01 -4.221593e-01
-3.376460e-01 -3.999235e-01 -7.500158e-01 -4.043916e-01
-3.439951e-01 -4.115898e-01 -7.502949e-01 -3.864179e-01
-3.501724e-01 -4.230480e-01 -7.502024e-01 -3.682473e-01
-3.561747e-01 -4.342924e-01 -7.497383e-01 -3.498889e-01
-3.619988e-01 -4.453173e-01 -7.489027e-01 -3.313520e-01
-3.676418e-01 -4.561171e-01 -7.476959e-01 -3.126460e-01
-3.731006e-01 -4.666863e-01 -7.461185e-01 -2.937805e-01
-3.783724e-01 -4.770197e-01 -7.441712e-01 -2.747649e-01
-3.834545e-01 -4.871121e-01 -7.418548e-01 -2.556089e-01
-3.883442e-01 -4.969584e-01 -7.391705e-01 -2.363222e-01
-3.930390e-01 -5.065537e-01 -7.361194e-01 -2.169146e-01
-3.975364e-01 -5.158931e-01 -7.327032e-01 -1.973960e-01
-4.018341e-01 -5.249720e-01 -7.289234e-01 -1.777763e-01
-4.059298e-01 -5.337859e-01 -7.247820e-01 -1.580655e-01
-4.098215e-01 -5.423303e-01 -7.202810e-01 -1.382735e-01
-4.135070e-01 -5.506010e-01 -7.154226e-01 -1.184106e-01
-4.169846e-01 -5.585940e-01 -7.102091e-01 -9.848662e-02
-4.202523e-01 -5.663054e-01 -7.046432e-01 -7.851178e-02
-4.233087e-01 -5.737315e-01 -6.987275e-01 -5.849620e-02
-4.261519e-01 -5.808687e-01 -6.924650e-01 -3.845002e-02
-4.287807e-01 -5.877134e-01 -6.858586e-01 -1.838343e-02
-4.311936e-01 -5.942625e-01 -6.789118e-01 1.693377e-03
-4.333895e-01 -6.005127e-01 -6.716279e-01 2.177021e-02
-4.353671e-01 -6.064611e-01 -6.640106e-01 4.183687e-02
-4.371256e-01 -6.121048e-01 -6.560636e-01 6.188315e-02
-4.386639e-01 -6.174410e-01 -6.477910e-01 8.189888e-02
-4.399814e-01 -6.224673e-01 -6.391967e-01 1.018739e-01
-4.410774e-01 -6.271813e-01 -6.302853e-01 1.217981e-01
-4.419513e-01 -6.315808e-01 -6.210610e-01 1.416613e-01
-4.426027e-01 -6.356637e-01 -6.115287e-01 1.614534e-01
-4.430313e-01 -6.394281e-01 -6.016929e-01 1.811645e-01
-4.432370e-01 -6.428723e-01 -5.915588e-01 2.007846e-01
-4.432195e-01 -6.459947e-01 -5.811313e-01 2.203037e-01
-4.429791e-01 -6.487939e-01 -5.704158e-01 2.397121e-01
-4.425157e-01 -6.512687e-01 -5.594175e-01 2.589998e-01
-4.418298e-01 -6.534181e-01 -5.481421e-01 2.781572e-01
-4.409216e-01 -6.552411e-01 -5.365952e-01 2.971747e-01
-4.397917e-01 -6.567369e-01 -5.247826e-01 3.160428e-01
-4.384407e-01 -6.579051e-01 -5.127102e-01 3.347518e-01
-4.368693e-01 -6.587452e-01 -5.003841e-01 3.532926e-01
-4.350782e-01 -6.592570e-01 -4.878105e-01 3.716559e-01
-4.330685e-01 -6.594404e-01 -4.749955e-01 3.898324e-01
-4.308412e-01 -6.592955e-01 -4.619456e-01 4.078131e-01
-4.283974e-01 -6.588225e-01 -4.486674e-01 4.255891e-01
-4.257384e-01 -6.580219e-01 -4.351673e-01 4.431517e-01
-4.228656e-01 -6.568942e-01 -4.214522e-01 4.604918e-01
-4.197805e-01 -6.554404e-01 -4.075287e-01 4.776008e-01
-4.164848e-01 -6.536613e-01 -3.934039e-01 4.944701e-01
-4.129802e-01 -6.515581e-01 -3.790846e-01 5.110912e-01
-4.092686e-01 -6.491322e-01 -3.645781e-01 5.274556e-01
-4.053521e-01 -6.463849e-01 -3.498915e-01 5.435552e-01
-4.012325e-01 -6.433179e-01 -3.350321e-01 5.593818e-01
-3.969123e-01 -6.399330e-01 -3.200072e-01 5.749276e-01
-3.923936e-01 -6.362321e-01 -3.048244e-01 5.901848e-01
-3.876788e-01 -6.322173e-01 -2.894912e-01 6.051457e-01
-3.827704e-01 -6.278908e-01 -2.740151e-01 6.198029e-01
-3.776710e-01 -6.232551e-01 -2.584038e-01 6.341492e-01
-3.723832e-01 -6.183126e-01 -2.426651e-01 6.481773e-01
-3.669099e-01 -6.130661e-01 -2.268067e-01 6.618805e-01
-3.612538e-01 -6.075184e-01 -2.108365e-01 6.752518e-01
-3.554179e-01 -6.016725e-01 -1.947623e-01 6.882848e-01
-3.494052e-01 -5.955315e-01 -1.785920e-01 7.009730e-01
-3.432187e-01 -5.890986e-01 -1.623336e-01 7.133103e-01
-3.368618e-01 -5.823772e-01 -1.459951e-01 7.252905e-01
-3.303375e-01 -5.753709e-01 -1.295845e-01 7.369080e-01
-3.236492e-01 -5.680832e-01 -1.131098e-01 7.481569e-01
-3.168004e-01 -5.605181e-01 -9.657903e-02 7.590319e-01
-3.097945e-01 -5.526792e-01 -8.000035e-02 7.695278e-01
-3.026349e-01 -5.445708e-01 -6.338178e-02 7.796394e-01
-2.953254e-01 -5.361968e-01 -4.673143e-02 7.893618e-01
-2.878695e-01 -5.275616e-01 -3.005739e-02 7.986904e-01
-2.802709e-01 -5.186696e-01 -1.336775e-02 8.076208e-01
-2.725335e-01 -5.095252e-01 3.329397e-03 8.161485e-01
-2.646612e-01 -5.001330e-01 2.002594e-02 8.242696e-01
-2.566577e-01 -4.904979e-01 3.671377e-02 8.319800e-01
-2.485272e-01 -4.806245e-01 5.338480e-02 8.392761e-01
-2.402736e-01 -4.705178e-01 7.003095e-02 8.461544e-01
-2.319011e-01 -4.601830e-01 8.664416e-02 8.526114e-01
-2.234138e-01 -4.496251e-01 1.032164e-01 8.586442e-01
-2.148159e-01 -4.388494e-01 1.197396e-01 8.642498e-01
-2.061116e-01 -4.278612e-01 1.362058e-01 8.694255e-01
-1.973052e-01 -4.166660e-01 1.526071e-01 8.741688e-01
-1.884011e-01 -4.052693e-01 1.689355e-01 8.784774e-01
-1.794035e-01 -3.936767e-01 1.851831e-01 8.823493e-01
-1.703169e-01 -3.818939e-01 2.013421e-01 8.857825e-01
-1.611457e-01 -3.699267e-01 2.174047e-01 8.887753e-01
-1.518944e-01 -3.577810e-01 2.333630e-01 8.913263e-01
-1.425675e-01 -3.454628e-01 2.492094e-01 8.934342e-01
-1.331696e-01 -3.329781e-01 2.649361e-01 8.950979e-01
-1.237052e-01 -3.203330e-01 2.805356e-01 8.963167e-01
-1.141790e-01 -3.075338e-01 2.960002e-01 8.970897e-01
-1.045957e-01 -2.945868e-01 3.113224e-01 8.974167e-01
-9.496019e-02 -2.814983e-01 3.264948e-01 8.972973e-01
-8.527716e-02 -2.682748e-01 3.415098e-01 8.967316e-01
-7.555144e-02 -2.549227e-01 3.563602e-01 8.957197e-01
-6.578787e-02 -2.414487e-01 3.710388e-01 8.942621e-01
-5.599128e-02 -2.278593e-01 3.855383e-01 8.923594e-01
-4.616654e-02 -2.141612e-01 3.998516e-01 8.900125e-01
-3.631851e-02 -2.003612e-01 4.139718e-01 8.872225e-01
-2.645208e-02 -1.864659e-01 4.278918e-01 8.839906e-01
-1.657213e-02 -1.724823e-01 4.416049e-01 8.803183e-01
-6.683570e-03 -1.584172e-01 4.551044e-01 8.762074e-01
3.208713e-03 -1.442775e-01 4.683835e-01 8.716597e-01
1.309981e-02 -1.300701e-01 4.814357e-01 8.666775e-01
2.298482e-02 -1.158021e-01 4.942546e-01 8.612630e-01
3.285883e-02 -1.014804e-01 5.068339e-01 8.554189e-01
4.271695e-02 -8.711223e-02 5.191672e-01 8.491479e-01
5.255427e-02 -7.270455e-02 5.312485e-01 8.424530e-01
6.236591e-02 -5.826452e-02 5.430718e-01 8.353375e-01
7.214698e-02 -4.379929e-02 5.546311e-01 8.278048e-01
8.189262e-02 -2.931601e-02 5.659207e-01 8.198585e-01
9.159796e-02 -1.482188e-02 5.769350e-01 8.115024e-01
1.012582e-01 -3.241053e-04 5.876685e-01 8.027406e-01
1.108684e-01 1.417014e-02 5.981157e-01 7.935774e-01
1.204238e-01 2.865377e-02 6.082714e-01 7.840172e-01
1.299196e-01 4.311973e-02 6.181306e-01 7.740647e-01
1.393511e-01 5.756100e-02 6.276884e-01 7.637246e-01
1.487134e-01 7.197053e-02 6.369400e-01 7.530020e-01
1.580018e-01 8.634133e-02 6.458807e-01 7.419021e-01
1.672118e-01 1.006664e-01 6.545060e-01 7.304302e-01
1.763386e-01 1.149388e-01 6.628116e-01 7.185920e-01
1.853777e-01 1.291514e-01 6.707933e-01 7.063933e-01
1.943245e-01 1.432976e-01 6.784469e-01 6.938398e-01
2.031745e-01 1.573702e-01 6.857685e-01 6.809378e-01
2.119233e-01 1.713624e-01 6.927545e-01 6.676935e-01
2.205665e-01 1.852674e-01 6.994012e-01 6.541134e-01
2.290997e-01 1.990785e-01 7.057052e-01 6.402041e-01
2.375186e-01 2.127886e-01 7.116631e-01 6.259725e-01
2.458190e-01 2.263913e-01 7.172718e-01 6.114255e-01
2.539966e-01 2.398797e-01 7.225284e-01 5.965703e-01
2.620473e-01 2.532472e-01 7.274302e-01 5.814141e-01
2.699672e-01 2.664873e-01 7.319743e-01 5.659645e-01
2.777520e-01 2.795933e-01 7.361585e-01 5.502291e-01
2.853980e-01 2.925587e-01 7.399805e-01 5.342156e-01
2.929011e-01 3.053771e-01 7.434381e-01 5.179321e-01
3.002577e-01 3.180422e-01 7.465294e-01 5.013865e-01
3.074639e-01 3.305475e-01 7.492527e-01 4.845871e-01
3.145161e-01 3.428870e-01 7.516064e-01 4.675424e-01
3.214107e-01 3.550543e-01 7.535893e-01 4.502608e-01
3.281442e-01 3.670434e-01 7.552000e-01 4.327510e-01
3.347132e-01 3.788482e-01 7.564377e-01 4.150218e-01
3.411142e-01 3.904629e-01 7.573015e-01 3.970821e-01
3.473441e-01 4.018816e-01 7.577909e-01 3.789408e-01
3.533996e-01 4.130986e-01 7.579055e-01 3.606073e-01
3.592777e-01 4.241081e-01 7.576450e-01 3.420906e-01
3.649754e-01 4.349047e-01 7.570094e-01 3.234002e-01
3.704897e-01 4.454831e-01 7.559989e-01 3.045454e-01
3.758179e-01 4.558379e-01 7.546138e-01 2.855359e-01
3.809572e-01 4.659639e-01 7.528549e-01 2.663811e-01
3.859050e-01 4.758560e-01 7.507226e-01 2.470908e-01
3.906589e-01 4.855094e-01 7.482182e-01 2.276748e-01
3.952164e-01 4.949192e-01 7.453426e-01 2.081428e-01
3.995751e-01 5.040806e-01 7.420973e-01 1.885049e-01
4.037330e-01 5.129891e-01 7.384838e-01 1.687709e-01
4.076878e-01 5.216402e-01 7.345038e-01 1.489510e-01
4.114376e-01 5.300296e-01 7.301593e-01 1.290550e-01
4.149805e-01 5.381532e-01 7.254523e-01 1.090932e-01
4.183147e-01 5.460068e-01 7.203853e-01 8.907564e-02
4.214385e-01 5.535867e-01 7.149606e-01 6.901245e-02
4.243505e-01 5.608891e-01 7.091809e-01 4.891380e-02
4.270491e-01 5.679105e-01 7.030489e-01 2.878983e-02
4.295331e-01 5.746476e-01 6.965677e-01 8.650730e-03
4.318011e-01 5.810971e-01 6.897405e-01 -1.149330e-02
4.338522e-01 5.872557e-01 6.825704e-01 -3.163207e-02
4.356853e-01 5.931207e-01 6.750612e-01 -5.175539e-02
4.372995e-01 5.986890e-01 6.672164e-01 -7.185306e-02
4.386941e-01 6.039582e-01 6.590399e-01 -9.191491e-02
4.398685e-01 6.089256e-01 6.505358e-01 -1.119308e-01
4.408220e-01 6.135888e-01 6.417083e-01 -1.318906e-01
4.415542e-01 6.179458e-01 6.325618e-01 -1.517842e-01
4.420650e-01 6.219943e-01 6.231008e-01 -1.716016e-01
4.423539e-01 6.257325e-01 6.133299e-01 -1.913328e-01
4.424211e-01 6.291587e-01 6.032541e-01 -2.109677e-01
4.422664e-01 6.322712e-01 5.928784e-01 -2.304966e-01
4.418901e-01 6.350687e-01 5.822079e-01 -2.499096e-01
4.412924e-01 6.375499e-01 5.712479e-01 -2.691968e-01
4.404737e-01 6.397136e-01 5.600039e-01 -2.883488e-01
4.394345e-01 6.415590e-01 5.484815e-01 -3.073557e-01
4.381753e-01 6.430851e-01 5.366863e-01 -3.262081e-01
4.366968e-01 6.442915e-01 5.246243e-01 -3.448966e-01
4.349999e-01 6.451776e-01 5.123014e-01 -3.634119e-01
4.330854e-01 6.457432e-01 4.997237e-01 -3.817446e-01
4.309544e-01 6.459880e-01 4.868975e-01 -3.998857e-01
4.286080e-01 6.459121e-01 4.738291e-01 -4.178261e-01
4.260475e-01 6.455158e-01 4.605249e-01 -4.355568e-01
4.232742e-01 6.447993e-01 4.469916e-01 -4.530688e-01
4.202898e-01 6.437633e-01 4.332357e-01 -4.703532e-01
4.170959e-01 6.424084e-01 4.192642e-01 -4.874013e-01
4.136942e-01 6.407354e-01 4.050839e-01 -5.042046e-01
4.100865e-01 6.387455e-01 3.907018e-01 -5.207545e-01
4.062748e-01 6.364398e-01 3.761252e-01 -5.370428e-01
4.022612e-01 6.338197e-01 3.613611e-01 -5.530611e-01
3.980479e-01 6.308865e-01 3.464170e-01 -5.688016e-01
3.936371e-01 6.276421e-01 3.313003e-01 -5.842563e-01
3.890312e-01 6.240881e-01 3.160184e-01 -5.994174e-01
3.842326e-01 6.202265e-01 3.005789e-01 -6.142774e-01
3.792439e-01 6.160595e-01 2.849895e-01 -6.288289e-01
3.740677e-01 6.115893e-01 2.692579e-01 -6.430647e-01
3.687068e-01 6.068182e-01 2.533918e-01 -6.569776e-01
3.631640e-01 6.017489e-01 2.373992e-01 -6.705608e-01
3.574422e-01 5.963840e-01 2.212878e-01 -6.838077e-01
3.515444e-01 5.907263e-01 2.050657e-01 -6.967116e-01
3.454737e-01 5.847789e-01 1.887409e-01 -7.092662e-01
3.392331e-01 5.785447e-01 1.723214e-01 -7.214653e-01
3.328260e-01 5.720271e-01 1.558152e-01 -7.333031e-01
3.262557e-01 5.652295e-01 1.392304e-01 -7.447737e-01
3.195254e-01 5.581552e-01 1.225753e-01 -7.558714e-01
3.126386e-01 5.508080e-01 1.058579e-01 -7.665910e-01
3.055989e-01 5.431915e-01 8.908649e-02 -7.769272e-01
2.984097e-01 5.353097e-01 7.226917e-02 -7.868751e-01
2.910747e-01 5.271665e-01 5.541418e-02 -7.964297e-01
2.835977e-01 5.187661e-01 3.852974e-02 -8.055864e-01
2.759822e-01 5.101127e-01 2.162407e-02 -8.143410e-01
2.682322e-01 5.012106e-01 4.705414e-03 -8.226890e-01
2.603515e-01 4.920643e-01 -1.221800e-02 -8.306266e-01
2.523441e-01 4.826783e-01 -2.913793e-02 -8.381498e-01
2.442139e-01 4.730573e-01 -4.604612e-02 -8.452550e-01
2.359651e-01 4.632062e-01 -6.293435e-02 -8.519388e-01
2.276017e-01 4.531299e-01 -7.979439e-02 -8.581979e-01
2.191279e-01 4.428332e-01 -9.661803e-02 -8.640293e-01
2.105479e-01 4.323215e-01 -1.133971e-01 -8.694302e-01
2.018660e-01 4.215997e-01 -1.301234e-01 -8.743979e-01
1.930863e-01 4.106733e-01 -1.467889e-01 -8.789301e-01
1.842133e-01 3.995477e-01 -1.633854e-01 -8.830245e-01
1.752513e-01 3.882282e-01 -1.799048e-01 -8.866792e-01
1.662047e-01 3.767206e-01 -1.963391e-01 -8.898924e-01
1.570781e-01 3.650304e-01 -2.126804e-01 -8.926625e-01
1.478758e-01 3.531635e-01 -2.289205e-01 -8.949881e-01
1.386027e-01 3.411257e-01 -2.450515e-01 -8.968681e-01
1.292634e-01 3.289229e-01 -2.610656e-01 -8.983014e-01
1.198624e-01 3.165611e-01 -2.769549e-01 -8.992875e-01
1.104047e-01 3.040464e-01 -2.927116e-01 -8.998258e-01
1.008947e-01 2.913850e-01 -3.083281e-01 -8.999160e-01
9.133740e-02 2.785830e-01 -3.237965e-01 -8.995581e-01
8.173743e-02 2.656467e-01 -3.391095e-01 -8.987522e-01
7.209959e-02 2.525826e-01 -3.542595e-01 -8.974987e-01
6.242866e-02 2.393969e-01 -3.692390e-01 -8.957982e-01
5.272946e-02 2.260961e-01 -3.840407e-01 -8.936514e-01
4.300678e-02 2.126868e-01 -3.986574e-01 -8.910595e-01
3.326543e-02 1.991754e-01 -4.130818e-01 -8.880237e-01
2.351024e-02 1.855688e-01 -4.273068e-01 -8.845453e-01
1.374603e-02 1.718733e-01 -4.413255e-01 -8.806262e-01
3.977625e-03 1.580959e-01 -4.551309e-01 -8.762681e-01
-5.790147e-03 1.442433e-01 -4.687162e-01 -8.714732e-01
-1.555246e-02 1.303222e-01 -4.820747e-01 -8.662437e-01
-2.530450e-02 1.163395e-01 -4.951998e-01 -8.605823e-01
-3.504144e-02 1.023021e-01 -5.080849e-01 -8.544917e-01
-4.475848e-02 8.821687e-02 -5.207237e-01 -8.479748e-01
-5.445082e-02 7.409075e-02 -5.331098e-01 -8.410348e-01
-6.411367e-02 5.993071e-02 -5.452372e-01 -8.336751e-01
-7.374225e-02 4.574374e-02 -5.570997e-01 -8.258992e-01
-8.333181e-02 3.153687e-02 -5.686914e-01 -8.177111e-01
-9.287759e-02 1.731711e-02 -5.800064e-01 -8.091146e-01
-1.023749e-01 3.091526e-03 -5.910392e-01 -8.001140e-01
-1.118190e-01 -1.113290e-02 -6.017842e-01 -7.907138e-01
-1.212051e-01 -2.534926e-02 -6.122361e-01 -7.809185e-01
-1.305286e-01 -3.955067e-02 -6.223895e-01 -7.707330e-01
-1.397848e-01 -5.373027e-02 -6.322395e-01 -7.601621e-01
-1.489690e-01 -6.788117e-02 -6.417812e-01 -7.492111e-01
-1.580768e-01 -8.199653e-02 -6.510096e-01 -7.378854e-01
-1.671035e-01 -9.606950e-02 -6.599202e-01 -7.261903e-01
-1.760447e-01 -1.100933e-01 -6.685084e-01 -7.141318e-01
-1.848959e-01 -1.240610e-01 -6.767700e-01 -7.017156e-01
-1.936526e-01 -1.379659e-01 -6.847006e-01 -6.889478e-01
-2.023106e-01 -1.518013e-01 -6.922963e-01 -6.758347e-01
-2.108655e-01 -1.655603e-01 -6.995531e-01 -6.623827e-01
-2.193131e-01 -1.792364e-01 -7.064674e-01 -6.485985e-01
-2.276492e-01 -1.928227e-01 -7.130354e-01 -6.344886e-01
-2.358695e-01 -2.063127e-01 -7.192538e-01 -6.200602e-01
-2.439700e-01 -2.196997e-01 -7.251193e-01 -6.053203e-01
-2.519468e-01 -2.329772e-01 -7.306289e-01 -5.902761e-01
-2.597957e-01 -2.461387e-01 -7.357796e-01 -5.749351e-01
-2.675129e-01 -2.591776e-01 -7.405686e-01 -5.593049e-01
-2.750945e-01 -2.720875e-01 -7.449935e-01 -5.433932e-01
-2.825368e-01 -2.848620e-01 -7.490517e-01 -5.272078e-01
-2.898360e-01 -2.974949e-01 -7.527412e-01 -5.107569e-01
-2.969885e-01 -3.099798e-01 -7.560597e-01 -4.940487e-01
-3.039907e-01 -3.223105e-01 -7.590056e-01 -4.770913e-01
-3.108392e-01 -3.344809e-01 -7.615770e-01 -4.598934e-01
-3.175305e-01 -3.464849e-01 -7.637726e-01 -4.424635e-01
-3.240612e-01 -3.583165e-01 -7.655911e-01 -4.248103e-01
-3.304282e-01 -3.699699e-01 -7.670314e-01 -4.069427e-01
-3.366282e-01 -3.814391e-01 -7.680925e-01 -3.888697e-01
-3.426581e-01 -3.927185e-01 -7.687737e-01 -3.706003e-01
-3.485150e-01 -4.038025e-01 -7.690746e-01 -3.521437e-01
-3.541959e-01 -4.146855e-01 -7.689947e-01 -3.335091e-01
-3.596981e-01 -4.253621e-01 -7.685340e-01 -3.147059e-01
-3.650186e-01 -4.358271e-01 -7.676926e-01 -2.957437e-01
-3.701550e-01 -4.460751e-01 -7.664706e-01 -2.766318e-01
-3.751047e-01 -4.561010e-01 -7.648685e-01 -2.573801e-01
-3.798652e-01 -4.658999e-01 -7.628870e-01 -2.379982e-01
-3.844342e-01 -4.754668e-01 -7.605269e-01 -2.184959e-01
-3.888094e-01 -4.847969e-01 -7.577894e-01 -1.988830e-01
-3.929887e-01 -4.938856e-01 -7.546755e-01 -1.791695e-01
-3.969700e-01 -5.027284e-01 -7.511869e-01 -1.593654e-01
-4.007513e-01 -5.113207e-01 -7.473250e-01 -1.394806e-01
-4.043309e-01 -5.196584e-01 -7.430918e-01 -1.195253e-01
-4.077069e-01 -5.277372e-01 -7.384893e-01 -9.950945e-02
-4.108778e-01 -5.355531e-01 -7.335196e-01 -7.944328e-02
-4.138421e-01 -5.431023e-01 -7.281853e-01 -5.933690e-02
-4.165982e-01 -5.503810e-01 -7.224888e-01 -3.920045e-02
-4.191449e-01 -5.573856e-01 -7.164329e-01 -1.904409e-02
-4.214810e-01 -5.641128e-01 -7.100206e-01 1.122029e-03
-4.236054e-01 -5.705593e-01 -7.032548e-01 2.128773e-02
-4.255171e-01 -5.767220e-01 -6.961389e-01 4.144286e-02
-4.272153e-01 -5.825978e-01 -6.886764e-01 6.157724e-02
-4.286992e-01 -5.881839e-01 -6.808708e-01 8.168071e-02
-4.299680e-01 -5.934775e-01 -6.727260e-01 1.017431e-01
-4.310214e-01 -5.984762e-01 -6.642459e-01 1.217544e-01
-4.318588e-01 -6.031775e-01 -6.554348e-01 1.417045e-01
-4.324799e-01 -6.075792e-01 -6.462968e-01 1.615832e-01
-4.328845e-01 -6.116791e-01 -6.368365e-01 1.813807e-01
-4.330725e-01 -6.154752e-01 -6.270586e-01 2.010869e-01
-4.330440e-01 -6.189658e-01 -6.169679e-01 2.206919e-01
-4.327989e-01 -6.221491e-01 -6.065693e-01 2.401859e-01
-4.323376e-01 -6.250238e-01 -5.958679e-01 2.595590e-01
-4.316604e-01 -6.275884e-01 -5.848690e-01 2.788017e-01
-4.307677e-01 -6.298417e-01 -5.735781e-01 2.979041e-01
-4.296600e-01 -6.317827e-01 -5.620006e-01 3.168568e-01
-4.283380e-01 -6.334105e-01 -5.501424e-01 3.356502e-01
-4.268024e-01 -6.347244e-01 -5.380091e-01 3.542750e-01
-4.250542e-01 -6.357238e-01 -5.256068e-01 3.727219e-01
-4.230942e-01 -6.364083e-01 -5.129416e-01 3.909816e-01
-4.209236e-01 -6.367777e-01 -5.000197e-01 4.090450e-01
-4.185436e-01 -6.368318e-01 -4.868475e-01 4.269028e-01
-4.159555e-01 -6.365708e-01 -4.734314e-01 4.445462e-01
-4.131609e-01 -6.359949e-01 -4.597781e-01 4.619660e-01
-4.101613e-01 -6.351046e-01 -4.458943e-01 4.791536e-01
-4.069584e-01 -6.339002e-01 -4.317869e-01 4.961002e-01
-4.035539e-01 -6.323827e-01 -4.174629e-01 5.127974e-01
-3.999498e-01 -6.305527e-01 -4.029293e-01 5.292366e-01
-3.961480e-01 -6.284115e-01 -3.881934e-01 5.454096e-01
-3.921506e-01 -6.259601e-01 -3.732625e-01 5.613082e-01
-3.879599e-01 -6.231999e-01 -3.581440e-01 5.769246e-01
-3.835780e-01 -6.201323e-01 -3.428454e-01 5.922507e-01
-3.790073e-01 -6.167591e-01 -3.273742e-01 6.072790e-01
-3.742504e-01 -6.130820e-01 -3.117382e-01 6.220019e-01
-3.693098e-01 -6.091029e-01 -2.959451e-01 6.364121e-01
-3.641881e-01 -6.048240e-01 -2.800028e-01 6.505025e-01
-3.588881e-01 -6.002474e-01 -2.639190e-01 6.642659e-01
-3.534125e-01 -5.953756e-01 -2.477019e-01 6.776955e-01
-3.477643e-01 -5.902111e-01 -2.313594e-01 6.907848e-01
-3.419464e-01 -5.847566e-01 -2.148995e-01 7.035272e-01
-3.359620e-01 -5.790148e-01 -1.983305e-01 7.159165e-01
-3.298140e-01 -5.729887e-01 -1.816605e-01 7.279465e-01
-3.235057e-01 -5.666814e-01 -1.648977e-01 7.396113e-01
-3.170405e-01 -5.600961e-01 -1.480503e-01 7.509053e-01
-3.104215e-01 -5.532362e-01 -1.311268e-01 7.618228e-01
-3.036522e-01 -5.461050e-01 -1.141353e-01 7.723586e-01
-2.967361e-01 -5.387062e-01 -9.708425e-02 7.825075e-01
-2.896766e-01 -5.310436e-01 -7.998200e-02 7.922645e-01
-2.824774e-01 -5.231209e-01 -6.283693e-02 8.016250e-01
-2.751421e-01 -5.149422e-01 -4.565746e-02 8.105842e-01
-2.676744e-01 -5.065114e-01 -2.845199e-02 8.191380e-01
-2.600780e-01 -4.978330e-01 -1.122895e-02 8.272821e-01
-2.523567e-01 -4.889110e-01 6.003237e-03 8.350126e-01
-2.445145e-01 -4.797500e-01 2.323612e-02 8.423257e-01
-2.365552e-01 -4.703546e-01 4.046124e-02 8.492179e-01
-2.284829e-01 -4.607294e-01 5.767017e-02 8.556858e-01
-2.203017e-01 -4.508791e-01 7.485445e-02 8.617262e-01
-2.120155e-01 -4.408087e-01 9.200568e-02 8.673362e-01
-2.036285e-01 -4.305231e-01 1.091154e-01 8.725131e-01
-1.951449e-01 -4.200275e-01 1.261753e-01 8.772543e-01
-1.865691e-01 -4.093269e-01 1.431770e-01 8.815576e-01
-1.779053e-01 -3.984268e-01 1.601119e-01 8.854208e-01
-1.691581e-01 -3.873324e-01 1.769719e-01 8.888420e-01
-1.603318e-01 -3.760493e-01 1.937486e-01 8.918195e-01
-1.514310e-01 -3.645830e-01 2.104337e-01 8.943520e-01
-1.424602e-01 -3.529392e-01 2.270190e-01 8.964382e-01
-1.334238e-01 -3.411235e-01 2.434964e-01 8.980770e-01
-1.243265e-01 -3.291418e-01 2.598577e-01 8.992678e-01
-1.151728e-01 -3.170000e-01 2.760950e-01 9.000099e-01
-1.059674e-01 -3.047040e-01 2.922001e-01 9.003030e-01
-9.671471e-02 -2.922598e-01 3.081652e-01 9.001471e-01
-8.741951e-02 -2.796736e-01 3.239824e-01 8.995421e-01
-7.808641e-02 -2.669514e-01 3.396439e-01 8.984884e-01
-6.872004e-02 -2.540996e-01 3.551421e-01 8.969867e-01
-5.932508e-02 -2.411244e-01 3.704692e-01 8.950375e-01
-4.990618e-02 -2.280321e-01 3.856177e-01 8.926420e-01
-4.046802e-02 -2.148293e-01 4.005802e-01 8.898012e-01
-3.101527e-02 -2.015222e-01 4.153492e-01 8.865167e-01
-2.155260e-02 -1.881175e-01 4.299175e-01 8.827900e-01
-1.208470e-02 -1.746217e-01 4.442778e-01 8.786230e-01
-2.616228e-03 -1.610414e-01 4.584231e-01 8.740178e-01
6.848137e-03 -1.473832e-01 4.723462e-01 8.689766e-01
1.630373e-02 -1.336540e-01 4.860404e-01 8.635019e-01
2.574590e-02 -1.198604e-01 4.994987e-01 8.575964e-01
3.517000e-02 -1.060091e-01 5.127146e-01 8.512631e-01
4.457139e-02 -9.210709e-02 5.256813e-01 8.445051e-01
5.394544e-02 -7.816111e-02 5.383925e-01 8.373257e-01
6.328756e-02 -6.417805e-02 5.508417e-01 8.297284e-01
7.259313e-02 -5.016482e-02 5.630228e-01 8.217171e-01
8.185760e-02 -3.612834e-02 5.749296e-01 8.132958e-01
9.107641e-02 -2.207554e-02 5.865562e-01 8.044685e-01
1.002450e-01 -8.013381e-03 5.978967e-01 7.952398e-01
1.093589e-01 6.051305e-03 6.089454e-01 7.856141e-01
1.184135e-01 2.011172e-02 6.196969e-01 7.755962e-01
1.274042e-01 3.416107e-02 6.301457e-01 7.651912e-01
1.363268e-01 4.819256e-02 6.402867e-01 7.544040e-01
1.451766e-01 6.219941e-02 6.501148e-01 7.432401e-01
1.539493e-01 7.617486e-02 6.596249e-01 7.317049e-01
1.626407e-01 9.011213e-02 6.688124e-01 7.198040e-01
1.712463e-01 1.040045e-01 6.776725e-01 7.075435e-01
1.797619e-01 1.178452e-01 6.862008e-01 6.949293e-01
1.881834e-01 1.316275e-01 6.943929e-01 6.819675e-01
1.965066e-01 1.453447e-01 7.022447e-01 6.686647e-01
2.047273e-01 1.589903e-01 7.097521e-01 6.550273e-01
2.128416e-01 1.725574e-01 7.169112e-01 6.410622e-01
2.208454e-01 1.860395e-01 7.237184e-01 6.267760e-01
2.287348e-01 1.994300e-01 7.301702e-01 6.121761e-01
2.365060e-01 2.127224e-01 7.362631e-01 5.972695e-01
2.441550e-01 2.259101e-01 7.419939e-01 5.820636e-01
2.516782e-01 2.389867e-01 7.473597e-01 5.665659e-01
2.590718e-01 2.519457e-01 7.523575e-01 5.507843e-01
2.663323e-01 2.647807e-01 7.569848e-01 5.347264e-01
2.734560e-01 2.774854e-01 7.612390e-01 5.184003e-01
2.804395e-01 2.900536e-01 7.651178e-01 5.018141e-01
2.872793e-01 3.024789e-01 7.686191e-01 4.849761e-01
2.939721e-01 3.147553e-01 7.717409e-01 4.678947e-01
3.005147e-01 3.268766e-01 7.744816e-01 4.505784e-01
3.069038e-01 3.388368e-01 7.768395e-01 4.330359e-01
3.131362e-01 3.506301e-01 7.788133e-01 4.152759e-01
3.192091e-01 3.622506e-01 7.804018e-01 3.973073e-01
3.251193e-01 3.736925e-01 7.816041e-01 3.791391e-01
3.308640e-01 3.849502e-01 7.824193e-01 3.607804e-01
3.364405e-01 3.960180e-01 7.828468e-01 3.422404e-01
3.418459e-01 4.068905e-01 7.828863e-01 3.235284e-01
3.470778e-01 4.175622e-01 7.825375e-01 3.046538e-01
3.521334e-01 4.280278e-01 7.818005e-01 2.856260e-01
3.570105e-01 4.382822e-01 7.806754e-01 2.664548e-01
3.617067e-01 4.483201e-01 7.791626e-01 2.471497e-01
3.662196e-01 4.581366e-01 7.772628e-01 2.277204e-01
3.705472e-01 4.677267e-01 7.749767e-01 2.081768e-01
3.746873e-01 4.770857e-01 7.723054e-01 1.885287e-01
3.786380e-01 4.862088e-01 7.692500e-01 1.687859e-01
3.823975e-01 4.950916e-01 7.658119e-01 1.489585e-01
3.859638e-01 5.037296e-01 7.619927e-01 1.290565e-01
3.893355e-01 5.121185e-01 7.577942e-01 1.090899e-01
3.925108e-01 5.202540e-01 7.532183e-01 8.906867e-02
3.954883e-01 5.281322e-01 7.482673e-01 6.900302e-02
3.982666e-01 5.357490e-01 7.429436e-01 4.890303e-02
4.008445e-01 5.431008e-01 7.372496e-01 2.877881e-02
4.032207e-01 5.501839e-01 7.311881e-01 8.640481e-03
4.053943e-01 5.569947e-01 7.247621e-01 -1.150184e-02
4.073642e-01 5.635301e-01 7.179745e-01 -3.163803e-02
4.091296e-01 5.697866e-01 7.108286e-01 -5.175798e-02
4.106896e-01 5.757614e-01 7.033279e-01 -7.185157e-02
4.120438e-01 5.814514e-01 6.954761e-01 -9.190871e-02
4.131914e-01 5.868540e-01 6.872768e-01 -1.119193e-01
4.141321e-01 5.919663e-01 6.787340e-01 -1.318734e-01
4.148655e-01 5.967860e-01 6.698520e-01 -1.517608e-01
4.153915e-01 6.013106e-01 6.606351e-01 -1.715717e-01
4.157097e-01 6.055380e-01 6.510876e-01 -1.912960e-01
4.158202e-01 6.094660e-01 6.412143e-01 -2.109239e-01
4.157232e-01 6.130929e-01 6.310200e-01 -2.304455e-01
4.154187e-01 6.164167e-01 6.205096e-01 -2.498511e-01
4.149070e-01 6.194359e-01 6.096884e-01 -2.691309e-01
4.141885e-01 6.221491e-01 5.985615e-01 -2.882752e-01
4.132637e-01 6.245548e-01 5.871344e-01 -3.072746e-01
4.121331e-01 6.266519e-01 5.754127e-01 -3.261194e-01
4.107975e-01 6.284395e-01 5.634022e-01 -3.448004e-01
4.092575e-01 6.299166e-01 5.511086e-01 -3.633080e-01
4.075142e-01 6.310826e-01 5.385380e-01 -3.816330e-01
4.055686e-01 6.319369e-01 5.256967e-01 -3.997661e-01
4.034219e-01 6.324791e-01 5.125908e-01 -4.176981e-01
4.010752e-01 6.327090e-01 4.992268e-01 -4.354200e-01
3.985300e-01 6.326265e-01 4.856114e-01 -4.529229e-01
3.957877e-01 6.322318e-01 4.717512e-01 -4.701977e-01
3.928499e-01 6.315249e-01 4.576531e-01 -4.872360e-01
3.897182e-01 6.305064e-01 4.433241e-01 -5.040289e-01
3.863945e-01 6.291767e-01 4.287712e-01 -5.205681e-01
3.828806e-01 6.275367e-01 4.140018e-01 -5.368452e-01
3.791783e-01 6.255870e-01 3.990230e-01 -5.528520e-01
3.752899e-01 6.233288e-01 3.838424e-01 -5.685804e-01
3.712175e-01 6.207631e-01 3.684675e-01 -5.840226e-01
3.669632e-01 6.178915e-01 3.529058e-01 -5.991708e-01
3.625294e-01 6.147152e-01 3.371653e-01 -6.140173e-01
3.579186e-01 6.112359e-01 3.212535e-01 -6.285548e-01
3.531331e-01 6.074555e-01 3.051786e-01 -6.427760e-01
3.481757e-01 6.033757e-01 2.889483e-01 -6.566737e-01
3.430489e-01 5.989988e-01 2.725709e-01 -6.702410e-01
3.377555e-01 5.943269e-01 2.560543e-01 -6.834713e-01
3.322982e-01 5.893623e-01 2.394069e-01 -6.963578e-01
3.266801e-01 5.841077e-01 2.226369e-01 -7.088943e-01
3.209041e-01 5.785656e-01 2.057524e-01 -7.210745e-01
3.149731e-01 5.727388e-01 1.887621e-01 -7.328923e-01
3.088902e-01 5.666303e-01 1.716741e-01 -7.443420e-01
3.026588e-01 5.602430e-01 1.544970e-01 -7.554178e-01
2.962818e-01 5.535803e-01 1.372393e-01 -7.661144e-01
2.897628e-01 5.466454e-01 1.199094e-01 -7.764265e-01
2.831049e-01 5.394417e-01 1.025160e-01 -7.863490e-01
2.763116e-01 5.319730e-01 8.506766e-02 -7.958770e-01
2.693864e-01 5.242428e-01 6.757292e-02 -8.050058e-01
2.623327e-01 5.162550e-01 5.004043e-02 -8.137311e-01
2.551542e-01 5.080137e-01 3.247884e-02 -8.220484e-01
2.478544e-01 4.995227e-01 1.489680e-02 -8.299538e-01
2.404371e-01 4.907865e-01 -2.697027e-03 -8.374433e-01
2.329060e-01 4.818093e-01 -2.029396e-02 -8.445133e-01
2.252648e-01 4.725955e-01 -3.788529e-02 -8.511604e-01
2.175175e-01 4.631497e-01 -5.546232e-02 -8.573811e-01
2.096681e-01 4.534766e-01 -7.301630e-02 -8.631726e-01
2.017207e-01 4.435809e-01 -9.053850e-02 -8.685318e-01
1.936795e-01 4.334675e-01 -1.080202e-01 -8.734563e-01
1.855485e-01 4.231414e-01 -1.254528e-01 -8.779434e-01
1.773320e-01 4.126078e-01 -1.428275e-01 -8.819912e-01
1.690341e-01 4.018717e-01 -1.601358e-01 -8.855976e-01
1.606592e-01 3.909385e-01 -1.773691e-01 -8.887609e-01
1.522115e-01 3.798135e-01 -1.945187e-01 -8.914796e-01
1.436954e-01 3.685022e-01 -2.115764e-01 -8.937523e-01
1.351150e-01 3.570102e-01 -2.285335e-01 -8.955781e-01
1.264750e-01 3.453431e-01 -2.453816e-01 -8.969560e-01
1.177794e-01 3.335066e-01 -2.621126e-01 -8.978855e-01
1.090329e-01 3.215065e-01 -2.787179e-01 -8.983661e-01
1.002398e-01 3.093487e-01 -2.951895e-01 -8.983977e-01
9.140441e-02 2.970392e-01 -3.115192e-01 -8.979804e-01
8.253129e-02 2.845839e-01 -3.276988e-01 -8.971143e-01
7.362484e-02 2.719891e-01 -3.437204e-01 -8.958000e-01
6.468951e-02 2.592607e-01 -3.595760e-01 -8.940382e-01
5.572975e-02 2.464051e-01 -3.752578e-01 -8.918298e-01
4.675001e-02 2.334286e-01 -3.907579e-01 -8.891759e-01
3.775476e-02 2.203375e-01 -4.060688e-01 -8.860779e-01
2.874845e-02 2.071383e-01 -4.211827e-01 -8.825375e-01
1.973554e-02 1.938373e-01 -4.360922e-01 -8.785563e-01
1.072049e-02 1.804412e-01 -4.507899e-01 -8.741365e-01
1.707741e-03 1.669565e-01 -4.652684e-01 -8.692802e-01
-7.298261e-03 1.533897e-01 -4.795205e-01 -8.639898e-01
-1.629308e-02 1.397477e-01 -4.935391e-01 -8.582682e-01
-2.527230e-02 1.260370e-01 -5.073172e-01 -8.521181e-01
-3.423151e-02 1.122645e-01 -5.208479e-01 -8.455426e-01
-4.316630e-02 9.843694e-02 -5.341245e-01 -8.385451e-01
-5.207230e-02 8.456108e-02 -5.471403e-01 -8.311290e-01
-6.094514e-02 7.064381e-02 -5.598888e-01 -8.232981e-01
-6.978047e-02 5.669199e-02 -5.723635e-01 -8.150563e-01
-7.857398e-02 4.271252e-02 -5.845582e-01 -8.064077e-01
-8.732137e-02 2.871231e-02 -5.964668e-01 -7.973568e-01
-9.601831e-02 1.469822e-02 -6.080833e-01 -7.879081e-01
-1.046605e-01 6.770260e-04 -6.194018e-01 -7.780662e-01
-1.132436e-01 -1.334450e-02 -6.304169e-01 -7.678362e-01
-1.217634e-01 -2.735957e-02 -6.411228e-01 -7.572230e-01
-1.302157e-01 -4.136142e-02 -6.515143e-01 -7.462320e-01
-1.385964e-01 -5.534326e-02 -6.615861e-01 -7.348687e-01
-1.469012e-01 -6.929833e-02 -6.713332e-01 -7.231387e-01
-1.551261e-01 -8.321986e-02 -6.807506e-01 -7.110478e-01
-1.632671e-01 -9.710111e-02 -6.898336e-01 -6.986020e-01
-1.713202e-01 -1.109353e-01 -6.985777e-01 -6.858076e-01
-1.792814e-01 -1.247158e-01 -7.069782e-01 -6.726708e-01
-1.871468e-01 -1.384359e-01 -7.150310e-01 -6.591982e-01
-1.949127e-01 -1.520888e-01 -7.227320e-01 -6.453964e-01
-2.025751e-01 -1.656679e-01 -7.300771e-01 -6.312724e-01
-2.101305e-01 -1.791666e-01 -7.370627e-01 -6.168332e-01
-2.175751e-01 -1.925783e-01 -7.436850e-01 -6.020858e-01
-2.249053e-01 -2.058963e-01 -7.499407e-01 -5.870377e-01
-2.321175e-01 -2.191143e-01 -7.558265e-01 -5.716964e-01
-2.392083e-01 -2.322257e-01 -7.613392e-01 -5.560694e-01
-2.461742e-01 -2.452239e-01 -7.664761e-01 -5.401647e-01
-2.530118e-01 -2.581027e-01 -7.712344e-01 -5.239900e-01
-2.597179e-01 -2.708557e-01 -7.756115e-01 -5.075535e-01
-2.662892e-01 -2.834766e-01 -7.796051e-01 -4.908634e-01
-2.727226e-01 -2.959592e-01 -7.832131e-01 -4.739280e-01
-2.790149e-01 -3.082974e-01 -7.864335e-01 -4.567557e-01
-2.851631e-01 -3.204851e-01 -7.892645e-01 -4.393552e-01
-2.911643e-01 -3.325162e-01 -7.917044e-01 -4.217350e-01
-2.970155e-01 -3.443848e-01 -7.937521e-01 -4.039041e-01
-3.027141e-01 -3.560852e-01 -7.954061e-01 -3.858713e-01
-3.082572e-01 -3.676113e-01 -7.966656e-01 -3.676457e-01
-3.136422e-01 -3.789576e-01 -7.975297e-01 -3.492364e-01
-3.188666e-01 -3.901185e-01 -7.979978e-01 -3.306526e-01
-3.239279e-01 -4.010882e-01 -7.980696e-01 -3.119037e-01
-3.288236e-01 -4.118615e-01 -7.977447e-01 -2.929990e-01
-3.335516e-01 -4.224329e-01 -7.970233e-01 -2.739481e-01
-3.381094e-01 -4.327972e-01 -7.959055e-01 -2.547606e-01
-3.424951e-01 -4.429492e-01 -7.943918e-01 -2.354459e-01
-3.467066e-01 -4.528839e-01 -7.924826e-01 -2.160140e-01
-3.507418e-01 -4.625962e-01 -7.901789e-01 -1.964745e-01
-3.545990e-01 -4.720814e-01 -7.874816e-01 -1.768373e-01
-3.582764e-01 -4.813347e-01 -7.843919e-01 -1.571123e-01
-3.617722e-01 -4.903515e-01 -7.809113e-01 -1.373093e-01
-3.650848e-01 -4.991272e-01 -7.770414e-01 -1.174384e-01
-3.682129e-01 -5.076576e-01 -7.727839e-01 -9.750941e-02
-3.711549e-01 -5.159384e-01 -7.681409e-01 -7.753248e-02
-3.739095e-01 -5.239653e-01 -7.631145e-01 -5.751760e-02
-3.764755e-01 -5.317346e-01 -7.577072e-01 -3.747481e-02
-3.788518e-01 -5.392422e-01 -7.519215e-01 -1.741418e-02
-3.810374e-01 -5.464844e-01 -7.457602e-01 2.654250e-03
-3.830312e-01 -5.534577e-01 -7.392262e-01 2.272042e-02
-3.848325e-01 -5.601587e-01 -7.323227e-01 4.277429e-02
-3.864405e-01 -5.665839e-01 -7.250530e-01 6.280581e-02
-3.878546e-01 -5.727303e-01 -7.174205e-01 8.280496e-02
-3.890742e-01 -5.785947e-01 -7.094290e-01 1.027617e-01
-3.900988e-01 -5.841744e-01 -7.010822e-01 1.226661e-01
-3.909281e-01 -5.894665e-01 -6.923842e-01 1.425082e-01
-3.915619e-01 -5.944685e-01 -6.833392e-01 1.622780e-01
-3.919999e-01 -5.991777e-01 -6.739515e-01 1.819656e-01
-3.922421e-01 -6.035920e-01 -6.642258e-01 2.015612e-01
-3.922884e-01 -6.077091e-01 -6.541667e-01 2.210550e-01
-3.921391e-01 -6.115270e-01 -6.437791e-01 2.404372e-01
-3.917944e-01 -6.150437e-01 -6.330681e-01 2.596982e-01
-3.912545e-01 -6.182576e-01 -6.220388e-01 2.788283e-01
-3.905198e-01 -6.211669e-01 -6.106966e-01 2.978180e-01
-3.895909e-01 -6.237703e-01 -5.990471e-01 3.166577e-01
-3.884683e-01 -6.260665e-01 -5.870958e-01 3.353380e-01
-3.871529e-01 -6.280542e-01 -5.748487e-01 3.538496e-01
-3.856454e-01 -6.297325e-01 -5.623117e-01 3.721829e-01
-3.839467e-01 -6.311005e-01 -5.494910e-01 3.903289e-01
-3.820580e-01 -6.321575e-01 -5.363928e-01 4.082783e-01
-3.799804e-01 -6.329030e-01 -5.230237e-01 4.260221e-01
-3.777151e-01 -6.333365e-01 -5.093902e-01 4.435514e-01
-3.752634e-01 -6.334578e-01 -4.954990e-01 4.608571e-01
-3.726268e-01 -6.332669e-01 -4.813570e-01 4.779307e-01
-3.698067e-01 -6.327637e-01 -4.669712e-01 4.947636e-01
-3.668049e-01 -6.319486e-01 -4.523487e-01 5.113471e-01
-3.636230e-01 -6.308218e-01 -4.374968e-01 5.276730e-01
-3.602628e-01 -6.293840e-01 -4.224228e-01 5.437330e-01
-3.567262e-01 -6.276358e-01 -4.071342e-01 5.595190e-01
-3.530152e-01 -6.255780e-01 -3.916386e-01 5.750231e-01
-3.491318e-01 -6.232118e-01 -3.759438e-01 5.902376e-01
-3.450782e-01 -6.205382e-01 -3.600574e-01 6.051546e-01
-3.408566e-01 -6.175585e-01 -3.439874e-01 6.197669e-01
-3.364693e-01 -6.142742e-01 -3.277419e-01 6.340669e-01
-3.319187e-01 -6.106870e-01 -3.113288e-01 6.480477e-01
-3.272072e-01 -6.067986e-01 -2.947564e-01 6.617021e-01
-3.223374e-01 -6.026108e-01 -2.780328e-01 6.750234e-01
-3.173119e-01 -5.981259e-01 -2.611664e-01 6.880048e-01
-3.121334e-01 -5.933460e-01 -2.441656e-01 7.006400e-01
-3.068046e-01 -5.882734e-01 -2.270388e-01 7.129227e-01
-3.013282e-01 -5.829107e-01 -2.097945e-01 7.248467e-01
-2.957073e-01 -5.772605e-01 -1.924413e-01 7.364061e-01
-2.899447e-01 -5.713255e-01 -1.749878e-01 7.475951e-01
-2.840434e-01 -5.651088e-01 -1.574426e-01 7.584083e-01
-2.780066e-01 -5.586134e-01 -1.398145e-01 7.688402e-01
-2.718372e-01 -5.518425e-01 -1.221123e-01 7.788857e-01
-2.655385e-01 -5.447994e-01 -1.043446e-01 7.885398e-01
-2.591137e-01 -5.374876e-01 -8.652035e-02 7.977978e-01
-2.525661e-01 -5.299108e-01 -6.864834e-02 8.066550e-01
-2.458991e-01 -5.220725e-01 -5.073746e-02 8.151071e-01
-2.391160e-01 -5.139768e-01 -3.279659e-02 8.231499e-01
-2.322203e-01 -5.056275e-01 -1.483471e-02 8.307794e-01
-2.252158e-01 -4.970289e-01 3.139226e-03 8.379918e-01
-2.181060e-01 -4.881850e-01 2.111623e-02 8.447835e-01
-2.108947e-01 -4.791004e-01 3.908730e-02 8.511512e-01
-2.035857e-01 -4.697793e-01 5.704346e-02 8.570918e-01
-1.961827e-01 -4.602265e-01 7.497573e-02 8.626022e-01
-1.886896e-01 -4.504466e-01 9.287514e-02 8.676798e-01
-1.811104e-01 -4.404444e-01 1.107328e-01 8.723222e-01
-1.734490e-01 -4.302248e-01 1.285396e-01 8.765270e-01
-1.657092e-01 -4.197928e-01 1.462869e-01 8.802923e-01
-1.578952e-01 -4.091536e-01 1.639657e-01 8.836162e-01
-1.500109e-01 -3.983124e-01 1.815673e-01 8.864972e-01
-1.420603e-01 -3.872745e-01 1.990827e-01 8.889339e-01
-1.340476e-01 -3.760452e-01 2.165034e-01 8.909251e-01
-1.259768e-01 -3.646302e-01 2.338206e-01 8.924699e-01
-1.178521e-01 -3.530350e-01 2.510256e-01 8.935677e-01
-1.096775e-01 -3.412653e-01 2.681100e-01 8.942180e-01
-1.014571e-01 -3.293269e-01 2.850652e-01 8.944205e-01
-9.319526e-02 -3.172256e-01 3.018827e-01 8.941753e-01
-8.489598e-02 -3.049673e-01 3.185542e-01 8.934824e-01
-7.656346e-02 -2.925580e-01 3.350713e-01 8.923424e-01
-6.820188e-02 -2.800040e-01 3.514259e-01 8.907559e-01
-5.981543e-02 -2.673112e-01 3.676097e-01 8.887238e-01
-5.140828e-02 -2.544859e-01 3.836147e-01 8.862471e-01
-4.298463e-02 -2.415344e-01 3.994330e-01 8.833271e-01
-3.454866e-02 -2.284631e-01 4.150565e-01 8.799654e-01
-2.610456e-02 -2.152785e-01 4.304775e-01 8.761637e-01
-1.765651e-02 -2.019868e-01 4.456883e-01 8.719240e-01
-9.208682e-03 -1.885948e-01 4.606813e-01 8.672485e-01
-7.652515e-04 -1.751090e-01 4.754490e-01 8.621395e-01
7.669623e-03 -1.615361e-01 4.899839e-01 8.565997e-01
1.609179e-02 -1.478827e-01 5.042788e-01 8.506319e-01
2.449711e-02 -1.341555e-01 5.183266e-01 8.442392e-01
3.288146e-02 -1.203613e-01 5.321201e-01 8.374247e-01
4.124073e-02 -1.065071e-01 5.456525e-01 8.301921e-01
4.957083e-02 -9.259946e-02 5.589169e-01 8.225448e-01
5.786768e-02 -7.864544e-02 5.719066e-01 8.144870e-01
6.612723e-02 -6.465190e-02 5.846152e-01 8.060226e-01
7.434546e-02 -5.062575e-02 5.970362e-01 7.971559e-01
8.251830e-02 -3.657388e-02 6.091634e-01 7.878915e-01
9.064171e-02 -2.250309e-02 6.209907e-01 7.782340e-01
9.871166e-02 -8.420205e-03 6.325122e-01 7.681884e-01
1.067242e-01 5.667940e-03 6.437222e-01 7.577596e-01
1.146753e-01 1.975451e-02 6.546150e-01 7.469529e-01
1.225611e-01 3.383268e-02 6.651851e-01 7.357737e-01
1.303777e-01 4.789559e-02 6.754272e-01 7.242277e-01
1.381213e-01 6.193643e-02 6.853362e-01 7.123206e-01
1.457881e-01 7.594835e-02 6.949071e-01 7.000584e-01
1.533744e-01 8.992455e-02 7.041350e-01 6.874473e-01
1.608765e-01 1.038582e-01 7.130153e-01 6.744935e-01
1.682908e-01 1.177425e-01 7.215434e-01 6.612035e-01
1.756135e-01 1.315708e-01 7.297150e-01 6.475840e-01
1.828413e-01 1.453361e-01 7.375260e-01 6.336418e-01
1.899705e-01 1.590319e-01 7.449723e-01 6.193838e-01
1.969979e-01 1.726513e-01 7.520502e-01 6.048172e-01
2.039199e-01 1.861878e-01 7.587560e-01 5.899493e-01
2.107333e-01 1.996346e-01 7.650861e-01 5.747875e-01
2.174347e-01 2.129853e-01 7.710375e-01 5.593394e-01
2.240211e-01 2.262331e-01 7.766069e-01 5.436127e-01
2.304892e-01 2.393717e-01 7.817915e-01 5.276153e-01
2.368358e-01 2.523947e-01 7.865886e-01 5.113551e-01
2.430581e-01 2.652955e-01 7.909956e-01 4.948403e-01
2.491531e-01 2.780679e-01 7.950103e-01 4.780791e-01
2.551177e-01 2.907057e-01 7.986304e-01 4.610799e-01
2.609493e-01 3.032025e-01 8.018540e-01 4.438513e-01
2.666450e-01 3.155522e-01 8.046794e-01 4.264017e-01
2.722021e-01 3.277487e-01 8.071050e-01 4.087400e-01
2.776181e-01 3.397859e-01 8.091294e-01 3.908751e-01
2.828904e-01 3.516580e-01 8.107515e-01 3.728158e-01
2.880165e-01 3.633590e-01 8.119704e-01 3.545712e-01
2.929940e-01 3.748832e-01 8.127853e-01 3.361504e-01
2.978207e-01 3.862248e-01 8.131957e-01 3.175627e-01
3.024942e-01 3.973781e-01 8.132011e-01 2.988175e-01
3.070124e-01 4.083377e-01 8.128015e-01 2.799240e-01
3.113732e-01 4.190981e-01 8.119969e-01 2.608918e-01
3.155746e-01 4.296540e-01 8.107876e-01 2.417305e-01
3.196148e-01 4.400000e-01 8.091740e-01 2.224496e-01
3.234918e-01 4.501311e-01 8.071569e-01 2.030589e-01
3.272039e-01 4.600421e-01 8.047370e-01 1.835680e-01
3.307494e-01 4.697283e-01 8.019156e-01 1.639867e-01
3.341267e-01 4.791847e-01 7.986938e-01 1.443249e-01
3.373344e-01 4.884066e-01 7.950731e-01 1.245923e-01
3.403710e-01 4.973894e-01 7.910553e-01 1.047990e-01
3.432351e-01 5.061288e-01 7.866422e-01 8.495474e-02
3.459256e-01 5.146202e-01 7.818359e-01 6.506953e-02
3.484412e-01 5.228596e-01 7.766387e-01 4.515331e-02
3.507809e-01 5.308428e-01 7.710530e-01 2.521604e-02
3.529437e-01 5.385658e-01 7.650816e-01 5.267681e-03
3.549287e-01 5.460248e-01 7.587272e-01 -1.468180e-02
3.567350e-01 5.532162e-01 7.519929e-01 -3.462245e-02
3.583619e-01 5.601362e-01 7.448819e-01 -5.454430e-02
3.598088e-01 5.667816e-01 7.373977e-01 -7.443742e-02
3.610752e-01 5.731489e-01 7.295438e-01 -9.429189e-02
3.621605e-01 5.792351e-01 7.213239e-01 -1.140978e-01
3.630643e-01 5.850371e-01 7.127422e-01 -1.338452e-01
3.637865e-01 5.905520e-01 7.038026e-01 -1.535244e-01
3.643267e-01 5.957770e-01 6.945095e-01 -1.731254e-01
3.646849e-01 6.007096e-01 6.848674e-01 -1.926384e-01
3.648611e-01 6.053473e-01 6.748809e-01 -2.120539e-01
3.648553e-01 6.096877e-01 6.645549e-01 -2.313620e-01
3.646676e-01 6.137286e-01 6.538943e-01 -2.505532e-01
3.642983e-01 6.174681e-01 6.429044e-01 -2.696178e-01
3.637478e-01 6.209042e-01 6.315905e-01 -2.885463e-01
3.630165e-01 6.240351e-01 6.199580e-01 -3.073292e-01
3.621050e-01 6.268593e-01 6.080127e-01 -3.259571e-01
3.610138e-01 6.293752e-01 5.957604e-01 -3.444205e-01
3.597438e-01 6.315815e-01 5.832070e-01 -3.627103e-01
3.582957e-01 6.334771e-01 5.703589e-01 -3.808171e-01
3.566706e-01 6.350610e-01 5.572222e-01 -3.987319e-01
3.548693e-01 6.363322e-01 5.438034e-01 -4.164456e-01
3.528930e-01 6.372901e-01 5.301093e-01 -4.339494e-01
3.507429e-01 6.379341e-01 5.161464e-01 -4.512343e-01
3.484202e-01 6.382639e-01 5.019218e-01 -4.682917e-01
3.459264e-01 6.382791e-01 4.874424e-01 -4.851130e-01
3.432629e-01 6.379797e-01 4.727155e-01 -5.016897e-01
3.404311e-01 6.373658e-01 4.577483e-01 -5.180135e-01
3.374328e-01 6.364376e-01 4.425483e-01 -5.340761e-01
3.342696e-01 6.351955e-01 4.271231e-01 -5.498695e-01
3.309433e-01 6.336400e-01 4.114802e-01 -5.653856e-01
3.274558e-01 6.317719e-01 3.956275e-01 -5.806168e-01
3.238090e-01 6.295920e-01 3.795728e-01 -5.955554e-01
3.200048e-01 6.271012e-01 3.633242e-01 -6.101938e-01
3.160455e-01 6.243009e-01 3.468897e-01 -6.245247e-01
3.119331e-01 6.211923e-01 3.302775e-01 -6.385410e-01
3.076700e-01 6.177769e-01 3.134959e-01 -6.522355e-01
3.032583e-01 6.140564e-01 2.965532e-01 -6.656015e-01
2.987004e-01 6.100325e-01 2.794579e-01 -6.786322e-01
2.939989e-01 6.057071e-01 2.622185e-01 -6.913212e-01
2.891561e-01 6.010824e-01 2.448436e-01 -7.036621e-01
2.841747e-01 5.961606e-01 2.273418e-01 -7.156487e-01
2.790572e-01 5.909441e-01 2.097218e-01 -7.272750e-01
2.738064e-01 5.854354e-01 1.919925e-01 -7.385353e-01
2.684250e-01 5.796372e-01 1.741626e-01 -7.494239e-01
2.629158e-01 5.735523e-01 1.562411e-01 -7.599354e-01
2.572816e-01 5.671838e-01 1.382368e-01 -7.700645e-01
2.515254e-01 5.605346e-01 1.201588e-01 -7.798063e-01
2.456503e-01 5.536081e-01 1.020161e-01 -7.891557e-01
2.396594e-01 5.464075e-01 8.381785e-02 -7.981082e-01
2.335558e-01 5.389365e-01 6.557318e-02 -8.066593e-01
2.273427e-01 5.311986e-01 4.729121e-02 -8.148048e-01
2.210235e-01 5.231977e-01 2.898114e-02 -8.225405e-01
2.146014e-01 5.149377e-01 1.065214e-02 -8.298626e-01
2.080799e-01 5.064225e-01 -7.686597e-03 -8.367675e-01
2.014622e-01 4.976564e-01 -2.602586e-02 -8.432519e-01
1.947519e-01 4.886437e-01 -4.435644e-02 -8.493124e-01
1.879525e-01 4.793887e-01 -6.266913e-02 -8.549461e-01
1.810675e-01 4.698960e-01 -8.095474e-02 -8.601503e-01
1.741006e-01 4.601703e-01 -9.920409e-02 -8.649225e-01
1.670554e-01 4.502162e-01 -1.174080e-01 -8.692602e-01
1.599355e-01 4.400387e-01 -1.355574e-01 -8.731614e-01
1.527445e-01 4.296428e-01 -1.536431e-01 -8.766242e-01
1.454863e-01 4.190335e-01 -1.716561e-01 -8.796470e-01
1.381646e-01 4.082160e-01 -1.895873e-01 -8.822284e-01
1.307830e-01 3.971958e-01 -2.074278e-01 -8.843670e-01
1.233454e-01 3.859780e-01 -2.251686e-01 -8.860621e-01
1.158556e-01 3.745684e-01 -2.428008e-01 -8.873127e-01
1.083173e-01 3.629724e-01 -2.603156e-01 -8.881184e-01
1.007345e-01 3.511957e-01 -2.777042e-01 -8.884788e-01
9.311087e-02 3.392442e-01 -2.949579e-01 -8.883938e-01
8.545034e-02 3.271236e-01 -3.120681e-01 -8.878636e-01
7.775674e-02 3.148401e-01 -3.290262e-01 -8.868886e-01
7.003395e-02 3.023995e-01 -3.458236e-01 -8.854693e-01
6.228584e-02 2.898080e-01 -3.624521e-01 -8.836064e-01
5.451628e-02 2.770718e-01 -3.789031e-01 -8.813011e-01
4.672915e-02 2.641972e-01 -3.951685e-01 -8.785546e-01
3.892833e-02 2.511904e-01 -4.112401e-01 -8.753682e-01
3.111769e-02 2.380580e-01 -4.271099e-01 -8.717438e-01
2.330110e-02 2.248064e-01 -4.427698e-01 -8.676831e-01
1.548245e-02 2.114421e-01 -4.582121e-01 -8.631884e-01
7.665580e-03 1.979717e-01 -4.734289e-01 -8.582619e-01
-1.456394e-04 1.844019e-01 -4.884126e-01 -8.529062e-01
-7.947365e-03 1.707394e-01 -5.031556e-01 -8.471241e-01
-1.573576e-02 1.569909e-01 -5.176506e-01 -8.409186e-01
-2.350701e-02 1.431633e-01 -5.318903e-01 -8.342928e-01
-3.125729e-02 1.292633e-01 -5.458674e-01 -8.272501e-01
-3.898282e-02 1.152979e-01 -5.595750e-01 -8.197942e-01
-4.667982e-02 1.012741e-01 -5.730061e-01 -8.119289e-01
-5.434454e-02 8.719861e-02 -5.861539e-01 -8.036583e-01
-6.197321e-02 7.307857e-02 -5.990119e-01 -7.949865e-01
-6.956208e-02 5.892083e-02 -6.115736e-01 -7.859181e-01
-7.710736e-02 4.473227e-02 -6.238326e-01 -7.764576e-01
-8.460534e-02 3.051981e-02 -6.357829e-01 -7.666098e-01
-9.205231e-02 1.629038e-02 -6.474184e-01 -7.563798e-01
-9.944463e-02 2.050912e-03 -6.587334e-01 -7.457727e-01
-1.067786e-01 -1.219165e-02 -6.697221e-01 -7.347939e-01
-1.140508e-01 -2.643036e-02 -6.803790e-01 -7.234489e-01
-1.212575e-01 -4.065827e-02 -6.906987e-01 -7.117435e-01
-1.283953e-01 -5.486842e-02 -7.006760e-01 -6.996837e-01
-1.354607e-01 -6.905388e-02 -7.103060e-01 -6.872753e-01
-1.424503e-01 -8.320769e-02 -7.195837e-01 -6.745248e-01
-1.493606e-01 -9.732294e-02 -7.285044e-01 -6.614386e-01
-1.561884e-01 -1.113927e-01 -7.370637e-01 -6.480231e-01
-1.629304e-01 -1.254101e-01 -7.452572e-01 -6.342852e-01
-1.695834e-01 -1.393683e-01 -7.530806e-01 -6.202318e-01
-1.761441e-01 -1.532603e-01 -7.605302e-01 -6.058700e-01
-1.826093e-01 -1.670796e-01 -7.676020e-01 -5.912068e-01
-1.889761e-01 -1.808191e-01 -7.742924e-01 -5.762498e-01
-1.952413e-01 -1.944724e-01 -7.805980e-01 -5.610063e-01
-2.014020e-01 -2.080325e-01 -7.865157e-01 -5.454840e-01
-2.074552e-01 -2.214930e-01 -7.920422e-01 -5.296908e-01
-2.133982e-01 -2.348471e-01 -7.971749e-01 -5.136344e-01
-2.192279e-01 -2.480883e-01 -8.019109e-01 -4.973230e-01
-2.249418e-01 -2.612100e-01 -8.062479e-01 -4.807648e-01
-2.305371e-01 -2.742059e-01 -8.101836e-01 -4.639679e-01
-2.360112e-01 -2.870695e-01 -8.137159e-01 -4.469410e-01
-2.413616e-01 -2.997944e-01 -8.168429e-01 -4.296924e-01
-2.465857e-01 -3.123743e-01 -8.195630e-01 -4.122308e-01
-2.516810e-01 -3.248031e-01 -8.218747e-01 -3.945651e-01
-2.566454e-01 -3.370746e-01 -8.237767e-01 -3.767039e-01
-2.614763e-01 -3.491826e-01 -8.252680e-01 -3.586564e-01
-2.661717e-01 -3.611213e-01 -8.263477e-01 -3.404315e-01
-2.707293e-01 -3.728846e-01 -8.270151e-01 -3.220383e-01
-2.751471e-01 -3.844668e-01 -8.272699e-01 -3.034862e-01
-2.794231e-01 -3.958621e-01 -8.271117e-01 -2.847844e-01
-2.835553e-01 -4.070648e-01 -8.265406e-01 -2.659422e-01
-2.875418e-01 -4.180694e-01 -8.255568e-01 -2.469692e-01
-2.913808e-01 -4.288704e-01 -8.241605e-01 -2.278747e-01
-2.950707e-01 -4.394624e-01 -8.223525e-01 -2.086684e-01
-2.986097e-01 -4.498402e-01 -8.201334e-01 -1.893600e-01
-3.019963e-01 -4.599987e-01 -8.175044e-01 -1.699589e-01
-3.052291e-01 -4.699327e-01 -8.144665e-01 -1.504751e-01
-3.083065e-01 -4.796373e-01 -8.110213e-01 -1.309181e-01
-3.112272e-01 -4.891078e-01 -8.071703e-01 -1.112978e-01
-3.139901e-01 -4.983394e-01 -8.029154e-01 -9.162406e-02
-3.165938e-01 -5.073275e-01 -7.982585e-01 -7.190658e-02
-3.190373e-01 -5.160677e-01 -7.932019e-01 -5.215526e-02
-3.213196e-01 -5.245555e-01 -7.877479e-01 -3.237994e-02
-3.234396e-01 -5.327869e-01 -7.818992e-01 -1.259049e-02
-3.253966e-01 -5.407577e-01 -7.756586e-01 7.203224e-03
-3.271897e-01 -5.484639e-01 -7.690291e-01 2.699135e-02
-3.288181e-01 -5.559018e-01 -7.620138e-01 4.676404e-02
-3.302813e-01 -5.630675e-01 -7.546161e-01 6.651144e-02
-3.315787e-01 -5.699577e-01 -7.468395e-01 8.622372e-02
-3.327098e-01 -5.765687e-01 -7.386879e-01 1.058911e-01
-3.336742e-01 -5.828973e-01 -7.301651e-01 1.255037e-01
-3.344717e-01 -5.889404e-01 -7.212752e-01 1.450518e-01
-3.351018e-01 -5.946948e-01 -7.120226e-01 1.645257e-01
-3.355646e-01 -6.001578e-01 -7.024116e-01 1.839157e-01
-3.358599e-01 -6.053265e-01 -6.924469e-01 2.032121e-01
-3.359877e-01 -6.101984e-01 -6.821335e-01 2.224053e-01
-3.359482e-01 -6.147709e-01 -6.714761e-01 2.414857e-01
-3.357415e-01 -6.190417e-01 -6.604802e-01 2.604438e-01
-3.353679e-01 -6.230086e-01 -6.491509e-01 2.792699e-01
-3.348279e-01 -6.266695e-01 -6.374940e-01 2.979548e-01
-3.341217e-01 -6.300225e-01 -6.255149e-01 3.164890e-01
-3.332501e-01 -6.330659e-01 -6.132198e-01 3.348633e-01
-3.322136e-01 -6.357980e-01 -6.006145e-01 3.530683e-01
-3.310129e-01 -6.382174e-01 -5.877053e-01 3.710950e-01
-3.296489e-01 -6.403227e-01 -5.744986e-01 3.889343e-01
-3.281223e-01 -6.421128e-01 -5.610008e-01 4.065772e-01
-3.264342e-01 -6.435867e-01 -5.472187e-01 4.240149e-01
-3.245856e-01 -6.447435e-01 -5.331590e-01 4.412386e-01
-3.225775e-01 -6.455826e-01 -5.188287e-01 4.582396e-01
-3.204113e-01 -6.461035e-01 -5.042350e-01 4.750094e-01
-3.180881e-01 -6.463057e-01 -4.893850e-01 4.915396e-01
-3.156094e-01 -6.461891e-01 -4.742862e-01 5.078218e-01
-3.129765e-01 -6.457536e-01 -4.589460e-01 5.238479e-01
-3.101909e-01 -6.449994e-01 -4.433720e-01 5.396097e-01
-3.072543e-01 -6.439266e-01 -4.275721e-01 5.550995e-01
-3.041682e-01 -6.425357e-01 -4.115540e-01 5.703094e-01
-3.009344e-01 -6.408274e-01 -3.953258e-01 5.852318e-01
-2.975547e-01 -6.388023e-01 -3.788955e-01 5.998591e-01
-2.940310e-01 -6.364614e-01 -3.622714e-01 6.141841e-01
-2.903651e-01 -6.338057e-01 -3.454617e-01 6.281995e-01
-2.865590e-01 -6.308365e-01 -3.284747e-01 6.418984e-01
-2.826149e-01 -6.275551e-01 -3.113190e-01 6.552739e-01
-2.785347e-01 -6.239631e-01 -2.940032e-01 6.683192e-01
-2.743208e-01 -6.200622e-01 -2.765358e-01 6.810279e-01
-2.699753e-01 -6.158542e-01 -2.589256e-01 6.933935e-01
-2.655005e-01 -6.113411e-01 -2.411813e-01 7.054099e-01
-2.608988e-01 -6.065251e-01 -2.233120e-01 7.170710e-01
-2.561728e-01 -6.014085e-01 -2.053264e-01 7.283710e-01
-2.513248e-01 -5.959937e-01 -1.872337e-01 7.393043e-01
-2.463577e-01 -5.902833e-01 -1.690430e-01 7.498653e-01
-2.412739e-01 -5.842801e-01 -1.507633e-01 7.600488e-01
-2.360762e-01 -5.779869e-01 -1.324040e-01 7.698496e-01
-2.307674e-01 -5.714067e-01 -1.139742e-01 7.792629e-01
-2.253502e-01 -5.645429e-01 -9.548318e-02 7.882839e-01
-2.198277e-01 -5.573986e-01 -7.694028e-02 7.969083e-01
-2.142026e-01 -5.499774e-01 -5.835481e-02 8.051316e-01
-2.084780e-01 -5.422828e-01 -3.973612e-02 8.129498e-01
-2.026568e-01 -5.343186e-01 -2.109359e-02 8.203590e-01
-1.967421e-01 -5.260887e-01 -2.436591e-03 8.273556e-01
-1.907370e-01 -5.175971e-01 1.622549e-02 8.339361e-01
-1.846446e-01 -5.088479e-01 3.488325e-02 8.400972e-01
-1.784681e-01 -4.998454e-01 5.352730e-02 8.458360e-01
-1.722108e-01 -4.905941e-01 7.214824e-02 8.511495e-01
-1.658759e-01 -4.810983e-01 9.073670e-02 8.560353e-01
-1.594667e-01 -4.713628e-01 1.092833e-01 8.604909e-01
-1.529866e-01 -4.613923e-01 1.277788e-01 8.645142e-01
-1.464388e-01 -4.511917e-01 1.462137e-01 8.681033e-01
-1.398268e-01 -4.407660e-01 1.645789e-01 8.712563e-01
-1.331539e-01 -4.301203e-01 1.828651e-01 8.739719e-01
-1.264235e-01 -4.192598e-01 2.010631e-01 8.762488e-01
-1.196392e-01 -4.081899e-01 2.191637e-01 8.780858e-01
-1.128044e-01 -3.969160e-01 2.371579e-01 8.794822e-01
-1.059225e-01 -3.854436e-01 2.550366e-01 8.804374e-01
-9.899699e-02 -3.737783e-01 2.727908e-01 8.809509e-01
-9.203145e-02 -3.619260e-01 2.904115e-01 8.810227e-01
-8.502937e-02 -3.498924e-01 3.078899e-01 8.806527e-01
-7.799425e-02 -3.376834e-01 3.252173e-01 8.798412e-01
-7.092965e-02 -3.253052e-01 3.423848e-01 8.785887e-01
-6.383909e-02 -3.127637e-01 3.593839e-01 8.768960e-01
-5.672613e-02 -3.000652e-01 3.762060e-01 8.747640e-01
-4.959431e-02 -2.872159e-01 3.928427e-01 8.721938e-01
-4.244719e-02 -2.742222e-01 4.092854e-01 8.691869e-01
-3.528831e-02 -2.610905e-01 4.255261e-01 8.657448e-01
-2.812123e-02 -2.478274e-01 4.415564e-01 8.618693e-01
-2.094949e-02 -2.344393e-01 4.573684e-01 8.575625e-01
-1.377663e-02 -2.209328e-01 4.729540e-01 8.528267e-01
-6.606191e-03 -2.073148e-01 4.883054e-01 8.476643e-01
5.582956e-04 -1.935919e-01 5.034148e-01 8.420780e-01
7.713312e-03 -1.797710e-01 5.182747e-01 8.360707e-01
1.485535e-02 -1.658589e-01 5.328775e-01 8.296455e-01
2.198091e-02 -1.518625e-01 5.472159e-01 8.228058e-01
2.908651e-02 -1.377887e-01 5.612826e-01 8.155551e-01
3.616869e-02 -1.236446e-01 5.750705e-01 8.078971e-01
4.322396e-02 -1.094372e-01 5.885727e-01 7.998358e-01
5.024884e-02 -9.517344e-02 6.017824e-01 7.913754e-01
5.723985e-02 -8.086026e-02 6.146930e-01 7.825201e-01
6.419353e-02 -6.650468e-02 6.272980e-01 7.732745e-01
7.110645e-02 -5.211375e-02 6.395911e-01 7.636434e-01
7.797523e-02 -3.769451e-02 6.515660e-01 7.536317e-01
8.479649e-02 -2.325401e-02 6.632168e-01 7.432444e-01
9.156691e-02 -8.799347e-03 6.745377e-01 7.324868e-01
9.828317e-02 5.662401e-03 6.855229e-01 7.213645e-01
1.049420e-01 2.012414e-02 6.961669e-01 7.098830e-01
1.115402e-01 3.457876e-02 7.064643e-01 6.980482e-01
1.180746e-01 4.901919e-02 7.164100e-01 6.858661e-01
1.245420e-01 6.343834e-02 7.259989e-01 6.733428e-01
1.309392e-01 7.782916e-02 7.352263e-01 6.604846e-01
1.372633e-01 9.218458e-02 7.440874e-01 6.472981e-01
1.435110e-01 1.064976e-01 7.525778e-01 6.337898e-01
1.496796e-01 1.207611e-01 7.606932e-01 6.199667e-01
1.557659e-01 1.349682e-01 7.684295e-01 6.058355e-01
1.617672e-01 1.491118e-01 7.757827e-01 5.914036e-01
1.676805e-01 1.631851e-01 7.827492e-01 5.766781e-01
1.735030e-01 1.771810e-01 7.893254e-01 5.616663e-01
1.792320e-01 1.910927e-01 7.955079e-01 5.463760e-01
1.848647e-01 2.049133e-01 8.012935e-01 5.308147e-01
1.903986e-01 2.186360e-01 8.066794e-01 5.149903e-01
1.958310e-01 2.322540e-01 8.116628e-01 4.989106e-01
2.011594e-01 2.457607e-01 8.162410e-01 4.825839e-01
2.063813e-01 2.591492e-01 8.204117e-01 4.660183e-01
2.114942e-01 2.724131e-01 8.241729e-01 4.492220e-01
2.164958e-01 2.855457e-01 8.275224e-01 4.322036e-01
2.213837e-01 2.985406e-01 8.304586e-01 4.149715e-01
2.261557e-01 3.113913e-01 8.329799e-01 3.975344e-01
2.308097e-01 3.240914e-01 8.350849e-01 3.799011e-01
2.353434e-01 3.366346e-01 8.367726e-01 3.620804e-01
2.397547e-01 3.490148e-01 8.380420e-01 3.440813e-01
2.440418e-01 3.612257e-01 8.388925e-01 3.259126e-01
2.482025e-01 3.732613e-01 8.393234e-01 3.075837e-01
2.522352e-01 3.851157e-01 8.393345e-01 2.891035e-01
2.561378e-01 3.967830e-01 8.389258e-01 2.704815e-01
2.599087e-01 4.082573e-01 8.380973e-01 2.517268e-01
2.635462e-01 4.195329e-01 8.368494e-01 2.328490e-01
2.670486e-01 4.306044e-01 8.351826e-01 2.138574e-01
2.704145e-01 4.414660e-01 8.330976e-01 1.947615e-01
2.736423e-01 4.521126e-01 8.305955e-01 1.755709e-01
2.767306e-01 4.625387e-01 8.276774e-01 1.562952e-01
2.796780e-01 4.727393e-01 8.243447e-01 1.369439e-01
2.824834e-01 4.827092e-01 8.205988e-01 1.175268e-01
2.851454e-01 4.924434e-01 8.164417e-01 9.805349e-02
2.876629e-01 5.019372e-01 8.118753e-01 7.853371e-02
2.900350e-01 5.111859e-01 8.069017e-01 5.897719e-02
2.922604e-01 5.201847e-01 8.015234e-01 3.939366e-02
2.943384e-01 5.289294e-01 7.957430e-01 1.979287e-02
2.962681e-01 5.374154e-01 7.895631e-01 1.845763e-04
2.980486e-01 5.456387e-01 7.829868e-01 -1.942147e-02
2.996793e-01 5.535950e-01 7.760172e-01 -3.901553e-02
3.011595e-01 5.612805e-01 7.686577e-01 -5.858785e-02
3.024887e-01 5.686912e-01 7.609118e-01 -7.812871e-02
3.036662e-01 5.758236e-01 7.527833e-01 -9.762840e-02
3.046918e-01 5.826739e-01 7.442761e-01 -1.170772e-01
3.055650e-01 5.892389e-01 7.353943e-01 -1.364655e-01
3.062855e-01 5.955150e-01 7.261422e-01 -1.557836e-01
3.068532e-01 6.014993e-01 7.165243e-01 -1.750218e-01
3.072680e-01 6.071885e-01 7.065453e-01 -1.941706e-01
3.075298e-01 6.125798e-01 6.962100e-01 -2.132204e-01
3.076387e-01 6.176705e-01 6.855236e-01 -2.321617e-01
3.075947e-01 6.224577e-01 6.744912e-01 -2.509850e-01
3.073982e-01 6.269392e-01 6.631183e-01 -2.696808e-01
3.070493e-01 6.311125e-01 6.514104e-01 -2.882399e-01
3.065484e-01 6.349754e-01 6.393733e-01 -3.066530e-01
3.058959e-01 6.385260e-01 6.270130e-01 -3.249107e-01
3.050924e-01 6.417622e-01 6.143355e-01 -3.430040e-01
3.041384e-01 6.446824e-01 6.013472e-01 -3.609238e-01
3.030346e-01 6.472851e-01 5.880543e-01 -3.786611e-01
3.017817e-01 6.495687e-01 5.744636e-01 -3.962070e-01
3.003805e-01 6.515320e-01 5.605817e-01 -4.135527e-01
2.988319e-01 6.531739e-01 5.464155e-01 -4.306895e-01
2.971369e-01 6.544934e-01 5.319721e-01 -4.476089e-01
2.952964e-01 6.554899e-01 5.172586e-01 -4.643022e-01
2.933116e-01 6.561626e-01 5.022824e-01 -4.807613e-01
2.911836e-01 6.565111e-01 4.870509e-01 -4.969777e-01
2.889136e-01 6.565350e-01 4.715716e-01 -5.129433e-01
2.865030e-01 6.562344e-01 4.558524e-01 -5.286503e-01
2.839531e-01 6.556091e-01 4.399010e-01 -5.440906e-01
2.812653e-01 6.546593e-01 4.237253e-01 -5.592565e-01
2.784412e-01 6.533855e-01 4.073336e-01 -5.741404e-01
2.754823e-01 6.517881e-01 3.907338e-01 -5.887350e-01
2.723902e-01 6.498678e-01 3.739344e-01 -6.030327e-01
2.691666e-01 6.476255e-01 3.569436e-01 -6.170266e-01
2.658133e-01 6.450621e-01 3.397701e-01 -6.307095e-01
2.623321e-01 6.421788e-01 3.224223e-01 -6.440746e-01
2.587249e-01 6.389770e-01 3.049091e-01 -6.571152e-01
2.549936e-01 6.354579e-01 2.872392e-01 -6.698247e-01
2.511404e-01 6.316234e-01 2.694215e-01 -6.821968e-01
2.471674e-01 6.274751e-01 2.514650e-01 -6.942252e-01
2.430765e-01 6.230150e-01 2.333786e-01 -7.059040e-01
2.388702e-01 6.182453e-01 2.151716e-01 -7.172273e-01
2.345506e-01 6.131681e-01 1.968531e-01 -7.281893e-01
2.301201e-01 6.077859e-01 1.784322e-01 -7.387848e-01
2.255810e-01 6.021013e-01 1.599183e-01 -7.490083e-01
2.209357e-01 5.961169e-01 1.413208e-01 -7.588547e-01
2.161868e-01 5.898357e-01 1.226488e-01 -7.683192e-01
2.113367e-01 5.832607e-01 1.039120e-01 -7.773970e-01
2.063880e-01 5.763950e-01 8.511972e-02 -7.860836e-01
2.013433e-01 5.692419e-01 6.628142e-02 -7.943748e-01
1.962053e-01 5.618050e-01 4.740660e-02 -8.022663e-01
1.909767e-01 5.540879e-01 2.850479e-02 -8.097543e-01
1.856601e-01 5.460942e-01 9.585503e-03 -8.168351e-01
1.802583e-01 5.378279e-01 -9.341714e-03 -8.235052e-01
1.747743e-01 5.292930e-01 -2.826732e-02 -8.297613e-01
1.692108e-01 5.204937e-01 -4.718177e-02 -8.356004e-01
1.635707e-01 5.114342e-01 -6.607552e-02 -8.410195e-01
1.578569e-01 5.021190e-01 -8.493905e-02 -8.460160e-01
1.520725e-01 4.925526e-01 -1.037628e-01 -8.505875e-01
1.462204e-01 4.827397e-01 -1.225374e-01 -8.547318e-01
1.403036e-01 4.726852e-01 -1.412532e-01 -8.584469e-01
1.343251e-01 4.623939e-01 -1.599009e-01 -8.617310e-01
1.282880e-01 4.518709e-01 -1.784711e-01 -8.645825e-01
1.221955e-01 4.411213e-01 -1.969544e-01 -8.670001e-01
1.160505e-01 4.301505e-01 -2.153414e-01 -8.689827e-01
1.098562e-01 4.189638e-01 -2.336230e-01 -8.705293e-01
1.036158e-01 4.075668e-01 -2.517899e-01 -8.716392e-01
9.733242e-02 3.959650e-01 -2.698329e-01 -8.723121e-01
9.100919e-02 3.841642e-01 -2.877429e-01 -8.725475e-01
8.464932e-02 3.721702e-01 -3.055110e-01 -8.723456e-01
7.825598e-02 3.599889e-01 -3.231281e-01 -8.717065e-01
7.183240e-02 3.476264e-01 -3.405854e-01 -8.706306e-01
6.538176e-02 3.350887e-01 -3.578741e-01 -8.691185e-01
5.890730e-02 3.223821e-01 -3.749854e-01 -8.671711e-01
5.241223e-02 3.095128e-01 -3.919108e-01 -8.647894e-01
4.589976e-02 2.964873e-01 -4.086416e-01 -8.619748e-01
3.937314e-02 2.833119e-01 -4.251694e-01 -8.587288e-01
3.283559e-02 2.699933e-01 -4.414859e-01 -8.550530e-01
2.629033e-02 2.565381e-01 -4.575829e-01 -8.509494e-01
1.974059e-02 2.429528e-01 -4.734522e-01 -8.464202e-01
1.318959e-02 2.292444e-01 -4.890859e-01 -8.414678e-01
6.640548e-03 2.154196e-01 -5.044760e-01 -8.360947e-01
9.666740e-05 2.014852e-01 -5.196147e-01 -8.303037e-01
-6.438847e-03 1.874482e-01 -5.344944e-01 -8.240979e-01
-1.296280e-02 1.733157e-01 -5.491077e-01 -8.174805e-01
-1.947202e-02 1.590946e-01 -5.634471e-01 -8.104549e-01
-2.596327e-02 1.447919e-01 -5.775053e-01 -8.030248e-01
-3.243335e-02 1.304148e-01 -5.912755e-01 -7.951939e-01
-3.887905e-02 1.159701e-01 -6.047505e-01 -7.869664e-01
-4.529719e-02 1.014652e-01 -6.179238e-01 -7.783464e-01
-5.168463e-02 8.690697e-02 -6.307885e-01 -7.693385e-01
-5.803823e-02 7.230272e-02 -6.433384e-01 -7.599471e-01
-6.435488e-02 5.765962e-02 -6.555670e-01 -7.501771e-01
-7.063150e-02 4.298484e-02 -6.674683e-01 -7.400335e-01
-7.686501e-02 2.828561e-02 -6.790362e-01 -7.295215e-01
-8.305237e-02 1.356913e-02 -6.902649e-01 -7.186463e-01
-8.919060e-02 -1.157351e-03 -7.011488e-01 -7.074136e-01
-9.527670e-02 -1.588659e-02 -7.116825e-01 -6.958290e-01
-1.013077e-01 -3.061135e-02 -7.218606e-01 -6.838984e-01
-1.072808e-01 -4.532437e-02 -7.316780e-01 -6.716278e-01
-1.131930e-01 -6.001841e-02 -7.411297e-01 -6.590234e-01
-1.190416e-01 -7.468622e-02 -7.502110e-01 -6.460917e-01
-1.248237e-01 -8.932058e-02 -7.589174e-01 -6.328390e-01
-1.305365e-01 -1.039143e-01 -7.672444e-01 -6.192722e-01
-1.361773e-01 -1.184601e-01 -7.751878e-01 -6.053981e-01
-1.417436e-01 -1.329508e-01 -7.827436e-01 -5.912236e-01
-1.472325e-01 -1.473793e-01 -7.899080e-01 -5.767558e-01
-1.526416e-01 -1.617384e-01 -7.966773e-01 -5.620022e-01
-1.579682e-01 -1.760211e-01 -8.030482e-01 -5.469700e-01
-1.632099e-01 -1.902202e-01 -8.090173e-01 -5.316669e-01
-1.683642e-01 -2.043288e-01 -8.145817e-01 -5.161006e-01
-1.734287e-01 -2.183397e-01 -8.197385e-01 -5.002789e-01
-1.784011e-01 -2.322462e-01 -8.244851e-01 -4.842097e-01
-1.832789e-01 -2.460413e-01 -8.288191e-01 -4.679010e-01
-1.880601e-01 -2.597181e-01 -8.327382e-01 -4.513612e-01
-1.927422e-01 -2.732699e-01 -8.362405e-01 -4.345985e-01
-1.973232e-01 -2.866899e-01 -8.393241e-01 -4.176213e-01
-2.018010e-01 -2.999715e-01 -8.419874e-01 -4.004382e-01
-2.061735e-01 -3.131080e-01 -8.442291e-01 -3.830577e-01
-2.104387e-01 -3.260930e-01 -8.460479e-01 -3.654885e-01
-2.145947e-01 -3.389199e-01 -8.474430e-01 -3.477395e-01
-2.186395e-01 -3.515825e-01 -8.484135e-01 -3.298196e-01
-2.225714e-01 -3.640744e-01 -8.489590e-01 -3.117377e-01
-2.263885e-01 -3.763894e-01 -8.490791e-01 -2.935030e-01
-2.300891e-01 -3.885214e-01 -8.487737e-01 -2.751244e-01
-2.336717e-01 -4.004643e-01 -8.480428e-01 -2.566112e-01
-2.371345e-01 -4.122123e-01 -8.468868e-01 -2.379727e-01
-2.404760e-01 -4.237594e-01 -8.453063e-01 -2.192181e-01
-2.436948e-01 -4.350999e-01 -8.433019e-01 -2.003568e-01
-2.467894e-01 -4.462283e-01 -8.408745e-01 -1.813984e-01
-2.497585e-01 -4.571389e-01 -8.380254e-01 -1.623521e-01
-2.526007e-01 -4.678264e-01 -8.347558e-01 -1.432275e-01
-2.553149e-01 -4.782853e-01 -8.310674e-01 -1.240341e-01
-2.578998e-01 -4.885106e-01 -8.269618e-01 -1.047815e-01
-2.603543e-01 -4.984972e-01 -8.224412e-01 -8.547930e-02
-2.626774e-01 -5.082400e-01 -8.175075e-01 -6.613707e-02
-2.648681e-01 -5.177342e-01 -8.121633e-01 -4.676444e-02
-2.669254e-01 -5.269751e-01 -8.064111e-01 -2.737104e-02
-2.688486e-01 -5.359581e-01 -8.002536e-01 -7.966510e-03
-2.706367e-01 -5.446788e-01 -7.936939e-01 1.143950e-02
-2.722890e-01 -5.531327e-01 -7.867350e-01 3.083736e-02
-2.738049e-01 -5.613156e-01 -7.793805e-01 5.021742e-02
-2.751838e-01 -5.692234e-01 -7.716337e-01 6.957007e-02
-2.764250e-01 -5.768523e-01 -7.634985e-01 8.888566e-02
-2.775283e-01 -5.841981e-01 -7.549789e-01 1.081546e-01
-2.784931e-01 -5.912573e-01 -7.460791e-01 1.273672e-01
-2.793191e-01 -5.980263e-01 -7.368033e-01 1.465140e-01
-2.800061e-01 -6.045015e-01 -7.271561e-01 1.655855e-01
-2.805539e-01 -6.106797e-01 -7.171423e-01 1.845719e-01
-2.809624e-01 -6.165576e-01 -7.067668e-01 2.034641e-01
-2.812316e-01 -6.221322e-01 -6.960347e-01 2.222523e-01
-2.813614e-01 -6.274007e-01 -6.849512e-01 2.409274e-01
-2.813519e-01 -6.323602e-01 -6.735220e-01 2.594799e-01
-2.812035e-01 -6.370082e-01 -6.617525e-01 2.779006e-01
-2.809161e-01 -6.413423e-01 -6.496487e-01 2.961803e-01
-2.804903e-01 -6.453601e-01 -6.372166e-01 3.143097e-01
-2.799263e-01 -6.490595e-01 -6.244622e-01 3.322800e-01
-2.792246e-01 -6.524386e-01 -6.113920e-01 3.500820e-01
-2.783857e-01 -6.554955e-01 -5.980123e-01 3.677068e-01
-2.774102e-01 -6.582286e-01 -5.843300e-01 3.851457e-01
-2.762987e-01 -6.606363e-01 -5.703517e-01 4.023899e-01
-2.750520e-01 -6.627174e-01 -5.560844e-01 4.194307e-01
-2.736707e-01 -6.644707e-01 -5.415353e-01 4.362597e-01
-2.721558e-01 -6.658951e-01 -5.267116e-01 4.528684e-01
-2.705082e-01 -6.669898e-01 -5.116207e-01 4.692485e-01
-2.687288e-01 -6.677542e-01 -4.962700e-01 4.853918e-01
-2.668186e-01 -6.681877e-01 -4.806673e-01 5.012903e-01
-2.647788e-01 -6.682900e-01 -4.648204e-01 5.169358e-01
-2.626105e-01 -6.680609e-01 -4.487371e-01 5.323207e-01
-2.603150e-01 -6.675003e-01 -4.324256e-01 5.474372e-01
-2.578935e-01 -6.666085e-01 -4.158941e-01 5.622777e-01
-2.553474e-01 -6.653856e-01 -3.991507e-01 5.768348e-01
-2.526782e-01 -6.638322e-01 -3.822041e-01 5.911012e-01
-2.498874e-01 -6.619489e-01 -3.650625e-01 6.050697e-01
-2.469764e-01 -6.597364e-01 -3.477348e-01 6.187334e-01
-2.439470e-01 -6.571958e-01 -3.302296e-01 6.320854e-01
-2.408007e-01 -6.543282e-01 -3.125557e-01 6.451190e-01
-2.375393e-01 -6.511349e-01 -2.947220e-01 6.578277e-01
-2.341646e-01 -6.476173e-01 -2.767375e-01 6.702052e-01
-2.306784e-01 -6.437771e-01 -2.586113e-01 6.822453e-01
-2.270826e-01 -6.396161e-01 -2.403525e-01 6.939420e-01
-2.233790e-01 -6.351361e-01 -2.219702e-01 7.052894e-01
-2.195698e-01 -6.303394e-01 -2.034738e-01 7.162819e-01
-2.156569e-01 -6.252282e-01 -1.848726e-01 7.269140e-01
-2.116425e-01 -6.198049e-01 -1.661760e-01 7.371804e-01
-2.075285e-01 -6.140721e-01 -1.473934e-01 7.470760e-01
-2.033174e-01 -6.080326e-01 -1.285342e-01 7.565959e-01
-1.990111e-01 -6.016892e-01 -1.096079e-01 7.657354e-01
-1.946121e-01 -5.950451e-01 -9.062420e-02 7.744899e-01
-1.901225e-01 -5.881035e-01 -7.159256e-02 7.828552e-01
-1.855449e-01 -5.808676e-01 -5.252260e-02 7.908270e-01
-1.808814e-01 -5.733411e-01 -3.342394e-02 7.984014e-01
-1.761347e-01 -5.655275e-01 -1.430621e-02 8.055747e-01
-1.713070e-01 -5.574307e-01 4.820949e-03 8.123433e-01
-1.664010e-01 -5.490547e-01 2.394789e-02 8.187040e-01
-1.614191e-01 -5.404034e-01 4.306495e-02 8.246535e-01
-1.563640e-01 -5.314812e-01 6.216250e-02 8.301891e-01
-1.512382e-01 -5.222923e-01 8.123089e-02 8.353079e-01
-1.460444e-01 -5.128414e-01 1.002605e-01 8.400075e-01
-1.407852e-01 -5.031329e-01 1.192418e-01 8.442856e-01
-1.354633e-01 -4.931717e-01 1.381650e-01 8.481402e-01
-1.300815e-01 -4.829627e-01 1.570208e-01 8.515693e-01
-1.246424e-01 -4.725109e-01 1.757996e-01 8.545714e-01
-1.191488e-01 -4.618214e-01 1.944919e-01 8.571449e-01
-1.136035e-01 -4.508995e-01 2.130884e-01 8.592888e-01
-1.080093e-01 -4.397506e-01 2.315795e-01 8.610019e-01
-1.023691e-01 -4.283802e-01 2.499560e-01 8.622836e-01
-9.668552e-02 -4.167939e-01 2.682086e-01 8.631332e-01
-9.096155e-02 -4.049974e-01 2.863281e-01 8.635504e-01
-8.520002e-02 -3.929966e-01 3.043053e-01 8.635351e-01
-7.940380e-02 -3.807974e-01 3.221313e-01 8.630874e-01
-7.357578e-02 -3.684058e-01 3.397969e-01 8.622075e-01
-6.771885e-02 -3.558281e-01 3.572933e-01 8.608960e-01
-6.183591e-02 -3.430704e-01 3.746117e-01 8.591537e-01
-5.592987e-02 -3.301391e-01 3.917432e-01 8.569815e-01
-5.000364e-02 -3.170407e-01 4.086793e-01 8.543805e-01
-4.406016e-02 -3.037816e-01 4.254114e-01 8.513522e-01
-3.810233e-02 -2.903684e-01 4.419311e-01 8.478982e-01
-3.213309e-02 -2.768079e-01 4.582299e-01 8.440203e-01
-2.615537e-02 -2.631067e-01 4.742998e-01 8.397205e-01
-2.017208e-02 -2.492718e-01 4.901325e-01 8.350011e-01
-1.418615e-02 -2.353100e-01 5.057200e-01 8.298646e-01
-8.200508e-03 -2.212283e-01 5.210546e-01 8.243136e-01
-2.218076e-03 -2.070337e-01 5.361284e-01 8.183511e-01
3.758184e-03 -1.927332e-01 5.509339e-01 8.119801e-01
9.725314e-03 -1.783339e-01 5.654636e-01 8.052039e-01
1.568037e-02 -1.638428e-01 5.797102e-01 7.980261e-01
2.162040e-02 -1.492672e-01 5.936667e-01 7.904504e-01
2.754248e-02 -1.346141e-01 6.073258e-01 7.824805e-01
3.344369e-02 -1.198909e-01 6.206809e-01 7.741207e-01
3.932116e-02 -1.051047e-01 6.337251e-01 7.653753e-01
4.517199e-02 -9.026292e-02 6.464520e-01 7.562486e-01
5.099333e-02 -7.537280e-02 6.588551e-01 7.467453e-01
5.678234e-02 -6.044172e-02 6.709283e-01 7.368703e-01
6.253622e-02 -4.547704e-02 6.826653e-01 7.266286e-01
6.825218e-02 -3.048617e-02 6.940604e-01 7.160254e-01
7.392744e-02 -1.547651e-02 7.051078e-01 7.050661e-01
7.955928e-02 -4.554937e-04 7.158020e-01 6.937562e-01
8.514498e-02 1.456946e-02 7.261375e-01 6.821014e-01
9.068186e-02 2.959090e-02 7.361092e-01 6.701077e-01
9.616726e-02 4.460139e-02 7.457121e-01 6.577812e-01
1.015986e-01 5.959350e-02 7.549413e-01 6.451279e-01
1.069732e-01 7.455979e-02 7.637921e-01 6.321544e-01
1.122885e-01 8.949283e-02 7.722601e-01 6.188672e-01
1.175421e-01 1.043852e-01 7.803411e-01 6.052729e-01
1.227315e-01 1.192295e-01 7.880310e-01 5.913785e-01
1.278541e-01 1.340185e-01 7.953258e-01 5.771909e-01
1.329076e-01 1.487446e-01 8.022219e-01 5.627172e-01
1.378896e-01 1.634006e-01 8.087158e-01 5.479648e-01
1.427977e-01 1.779793e-01 8.148043e-01 5.329411e-01
1.476297e-01 1.924733e-01 8.204842e-01 5.176536e-01
1.523833e-01 2.068755e-01 8.257526e-01 5.021100e-01
1.570562e-01 2.211786e-01 8.306070e-01 4.863181e-01
1.616463e-01 2.353756e-01 8.350449e-01 4.702859e-01
1.661515e-01 2.494594e-01 8.390639e-01 4.540214e-01
1.705697e-01 2.634229e-01 8.426621e-01 4.375328e-01
1.748988e-01 2.772593e-01 8.458376e-01 4.208283e-01
1.791369e-01 2.909616e-01 8.485888e-01 4.039164e-01
1.832819e-01 3.045230e-01 8.509143e-01 3.868054e-01
1.873320e-01 3.179367e-01 8.528128e-01 3.695040e-01
1.912854e-01 3.311960e-01 8.542835e-01 3.520209e-01
1.951402e-01 3.442945e-01 8.553256e-01 3.343647e-01
1.988946e-01 3.572254e-01 8.559384e-01 3.165444e-01
2.025470e-01 3.699824e-01 8.561217e-01 2.985688e-01
2.060958e-01 3.825591e-01 8.558753e-01 2.804470e-01
2.095392e-01 3.949493e-01 8.551993e-01 2.621879e-01
2.128758e-01 4.071468e-01 8.540940e-01 2.438007e-01
2.161040e-01 4.191454e-01 8.525600e-01 2.252946e-01
2.192225e-01 4.309393e-01 8.505978e-01 2.066788e-01
2.222297e-01 4.425226e-01 8.482086e-01 1.879626e-01
2.251244e-01 4.538894e-01 8.453933e-01 1.691553e-01
2.279053e-01 4.650342e-01 8.421534e-01 1.502663e-01
2.305712e-01 4.759514e-01 8.384904e-01 1.313050e-01
2.331208e-01 4.866355e-01 8.344061e-01 1.122808e-01
2.355531e-01 4.970812e-01 8.299025e-01 9.320325e-02
2.378670e-01 5.072832e-01 8.249817e-01 7.408174e-02
2.400615e-01 5.172367e-01 8.196462e-01 5.492583e-02
2.421355e-01 5.269364e-01 8.138984e-01 3.574502e-02
2.440883e-01 5.363777e-01 8.077413e-01 1.654886e-02
2.459190e-01 5.455556e-01 8.011778e-01 -2.653117e-03
2.476268e-01 5.544657e-01 7.942111e-01 -2.185135e-02
2.492110e-01 5.631034e-01 7.868446e-01 -4.103628e-02
2.506709e-01 5.714643e-01 7.790820e-01 -6.019837e-02
2.520060e-01 5.795442e-01 7.709271e-01 -7.932808e-02
2.532156e-01 5.873390e-01 7.623838e-01 -9.841587e-02
2.542995e-01 5.948446e-01 7.534565e-01 -1.174522e-01
2.552570e-01 6.020573e-01 7.441494e-01 -1.364277e-01
2.560880e-01 6.089734e-01 7.344672e-01 -1.553328e-01
2.567921e-01 6.155892e-01 7.244148e-01 -1.741580e-01
2.573692e-01 6.219014e-01 7.139970e-01 -1.928941e-01
2.578190e-01 6.279066e-01 7.032191e-01 -2.115315e-01
2.581415e-01 6.336019e-01 6.920863e-01 -2.300612e-01
2.583367e-01 6.389841e-01 6.806043e-01 -2.484737e-01
2.584046e-01 6.440506e-01 6.687788e-01 -2.667599e-01
2.583453e-01 6.487986e-01 6.566156e-01 -2.849106e-01
2.581591e-01 6.532256e-01 6.441208e-01 -3.029169e-01
2.578460e-01 6.573294e-01 6.313005e-01 -3.207696e-01
2.574065e-01 6.611077e-01 6.181613e-01 -3.384599e-01
2.568408e-01 6.645585e-01 6.047097e-01 -3.559789e-01
2.561494e-01 6.676799e-01 5.909523e-01 -3.733179e-01
2.553328e-01 6.704704e-01 5.768961e-01 -3.904683e-01
2.543915e-01 6.729283e-01 5.625481e-01 -4.074213e-01
2.533261e-01 6.750522e-01 5.479155e-01 -4.241686e-01
2.521373e-01 6.768410e-01 5.330056e-01 -4.407018e-01
2.508259e-01 6.782936e-01 5.178259e-01 -4.570126e-01
2.493926e-01 6.794092e-01 5.023840e-01 -4.730929e-01
2.478382e-01 6.801870e-01 4.866877e-01 -4.889345e-01
2.461637e-01 6.806265e-01 4.707449e-01 -5.045297e-01
2.443701e-01 6.807274e-01 4.545636e-01 -5.198706e-01
2.424584e-01 6.804894e-01 4.381519e-01 -5.349495e-01
2.404297e-01 6.799126e-01 4.215181e-01 -5.497589e-01
2.382851e-01 6.789971e-01 4.046706e-01 -5.642914e-01
2.360259e-01 6.777432e-01 3.876179e-01 -5.785398e-01
2.336533e-01 6.761515e-01 3.703685e-01 -5.924969e-01
2.311685e-01 6.742225e-01 3.529311e-01 -6.061558e-01
2.285731e-01 6.719571e-01 3.353145e-01 -6.195096e-01
2.258683e-01 6.693563e-01 3.175277e-01 -6.325518e-01
2.230557e-01 6.664213e-01 2.995795e-01 -6.452758e-01
2.201368e-01 6.631535e-01 2.814790e-01 -6.576753e-01
2.171131e-01 6.595543e-01 2.632353e-01 -6.697441e-01
2.139863e-01 6.556254e-01 2.448577e-01 -6.814763e-01
2.107581e-01 6.513687e-01 2.263554e-01 -6.928659e-01
2.074301e-01 6.467861e-01 2.077376e-01 -7.039073e-01
2.040042e-01 6.418799e-01 1.890139e-01 -7.145951e-01
2.004821e-01 6.366524e-01 1.701936e-01 -7.249240e-01
1.968656e-01 6.311061e-01 1.512863e-01 -7.348888e-01
1.931567e-01 6.252437e-01 1.323014e-01 -7.444845e-01
1.893574e-01 6.190679e-01 1.132485e-01 -7.537065e-01
1.854695e-01 6.125818e-01 9.413730e-02 -7.625502e-01
1.814951e-01 6.057885e-01 7.497733e-02 -7.710111e-01
1.774363e-01 5.986914e-01 5.577828e-02 -7.790852e-01
1.732951e-01 5.912938e-01 3.654982e-02 -7.867684e-01
1.690737e-01 5.835993e-01 1.730165e-02 -7.940570e-01
1.647742e-01 5.756118e-01 -1.956531e-03 -8.009474e-01
1.603989e-01 5.673351e-01 -2.121501e-02 -8.074361e-01
1.559499e-01 5.587733e-01 -4.046408e-02 -8.135199e-01
1.514296e-01 5.499305e-01 -5.969404e-02 -8.191960e-01
1.468403e-01 5.408110e-01 -7.889519e-02 -8.244616e-01
1.421843e-01 5.314195e-01 -9.805784e-02 -8.293139e-01
1.374639e-01 5.217604e-01 -1.171724e-01 -8.337508e-01
1.326815e-01 5.118385e-01 -1.362291e-01 -8.377700e-01
1.278396e-01 5.016588e-01 -1.552184e-01 -8.413696e-01
1.229405e-01 4.912261e-01 -1.741308e-01 -8.445478e-01
1.179867e-01 4.805458e-01 -1.929566e-01 -8.473031e-01
1.129808e-01 4.696230e-01 -2.116865e-01 -8.496343e-01
1.079252e-01 4.584632e-01 -2.303110e-01 -8.515401e-01
1.028223e-01 4.470718e-01 -2.488206e-01 -8.530197e-01
9.767486e-02 4.354547e-01 -2.672060e-01 -8.540725e-01
9.248529e-02 4.236174e-01 -2.854580e-01 -8.546979e-01
8.725621e-02 4.115659e-01 -3.035674e-01 -8.548958e-01
8.199018e-02 3.993061e-01 -3.215249e-01 -8.546660e-01
7.668982e-02 3.868443e-01 -3.393217e-01 -8.540088e-01
7.135772e-02 3.741865e-01 -3.569486e-01 -8.529245e-01
6.599652e-02 3.613391e-01 -3.743967e-01 -8.514139e-01
6.060884e-02 3.483085e-01 -3.916574e-01 -8.494776e-01
5.519732e-02 3.351012e-01 -4.087218e-01 -8.471168e-01
4.976462e-02 3.217238e-01 -4.255814e-01 -8.443327e-01
4.431338e-02 3.081830e-01 -4.422276e-01 -8.411268e-01
3.884627e-02 2.944855e-01 -4.586520e-01 -8.375008e-01
3.336595e-02 2.806382e-01 -4.748464e-01 -8.334565e-01
2.787512e-02 2.666480e-01 -4.908026e-01 -8.289962e-01
2.237648e-02 2.525218e-01 -5.065125e-01 -8.241220e-01
1.687277e-02 2.382666e-01 -5.219683e-01 -8.188367e-01
1.136672e-02 2.238894e-01 -5.371621e-01 -8.131428e-01
5.861047e-03 2.093974e-01 -5.520864e-01 -8.070434e-01
3.584639e-04 1.947976e-01 -5.667336e-01 -8.005415e-01
-5.138321e-03 1.800974e-01 -5.810964e-01 -7.936406e-01
-1.062661e-02 1.653039e-01 -5.951676e-01 -7.863442e-01
-1.610371e-02 1.504245e-01 -6.089401e-01 -7.786560e-01
-2.156696e-02 1.354666e-01 -6.224069e-01 -7.705799e-01
-2.701368e-02 1.204376e-01 -6.355613e-01 -7.621200e-01
-3.244122e-02 1.053450e-01 -6.483967e-01 -7.532807e-01
-3.784694e-02 9.019614e-02 -6.609066e-01 -7.440663e-01
-4.322824e-02 7.499864e-02 -6.730848e-01 -7.344817e-01
-4.858250e-02 5.976003e-02 -6.849251e-01 -7.245317e-01
-5.390714e-02 4.448788e-02 -6.964215e-01 -7.142212e-01
-5.919959e-02 2.918979e-02 -7.075683e-01 -7.035556e-01
-6.445731e-02 1.387335e-02 -7.183599e-01 -6.925401e-01
-6.967778e-02 -1.453809e-03 -7.287908e-01 -6.811805e-01
-7.485849e-02 -1.678406e-02 -7.388558e-01 -6.694823e-01
-7.999696e-02 -3.210976e-02 -7.485499e-01 -6.574515e-01
-8.509075e-02 -4.742327e-02 -7.578681e-01 -6.450942e-01
-9.013743e-02 -6.271697e-02 -7.668057e-01 -6.324166e-01
-9.513460e-02 -7.798322e-02 -7.753583e-01 -6.194251e-01
-1.000799e-01 -9.321441e-02 -7.835216e-01 -6.061262e-01
-1.049709e-01 -1.084029e-01 -7.912914e-01 -5.925267e-01
-1.098054e-01 -1.235412e-01 -7.986638e-01 -5.786333e-01
-1.145811e-01 -1.386217e-01 -8.056351e-01 -5.644531e-01
-1.192957e-01 -1.536368e-01 -8.122018e-01 -5.499931e-01
-1.239471e-01 -1.685791e-01 -8.183606e-01 -5.352607e-01
-1.285329e-01 -1.834411e-01 -8.241084e-01 -5.202633e-01
-1.330511e-01 -1.982154e-01 -8.294423e-01 -5.050084e-01
-1.374996e-01 -2.128945e-01 -8.343596e-01 -4.895037e-01
-1.418762e-01 -2.274712e-01 -8.388578e-01 -4.737568e-01
-1.461790e-01 -2.419382e-01 -8.429347e-01 -4.577759e-01
-1.504059e-01 -2.562881e-01 -8.465882e-01 -4.415688e-01
-1.545549e-01 -2.705140e-01 -8.498164e-01 -4.251436e-01
-1.586242e-01 -2.846085e-01 -8.526177e-01 -4.085087e-01
-1.626119e-01 -2.985648e-01 -8.549907e-01 -3.916724e-01
-1.665161e-01 -3.123758e-01 -8.569343e-01 -3.746430e-01
-1.703349e-01 -3.260347e-01 -8.584473e-01 -3.574291e-01
-1.740667e-01 -3.395345e-01 -8.595291e-01 -3.400394e-01
-1.777098e-01 -3.528686e-01 -8.601791e-01 -3.224824e-01
-1.812623e-01 -3.660304e-01 -8.603969e-01 -3.047671e-01
-1.847228e-01 -3.790131e-01 -8.601824e-01 -2.869021e-01
-1.880897e-01 -3.918105e-01 -8.595356e-01 -2.688966e-01
-1.913613e-01 -4.044159e-01 -8.584570e-01 -2.507593e-01
-1.945362e-01 -4.168233e-01 -8.569469e-01 -2.324994e-01
-1.976130e-01 -4.290264e-01 -8.550061e-01 -2.141261e-01
-2.005902e-01 -4.410190e-01 -8.526356e-01 -1.956483e-01
-2.034666e-01 -4.527953e-01 -8.498365e-01 -1.770754e-01
-2.062407e-01 -4.643493e-01 -8.466101e-01 -1.584166e-01
-2.089113e-01 -4.756752e-01 -8.429581e-01 -1.396811e-01
-2.114773e-01 -4.867675e-01 -8.388821e-01 -1.208784e-01
-2.139374e-01 -4.976205e-01 -8.343842e-01 -1.020177e-01
-2.162906e-01 -5.082287e-01 -8.294667e-01 -8.310843e-02
-2.185357e-01 -5.185869e-01 -8.241318e-01 -6.416002e-02
-2.206719e-01 -5.286898e-01 -8.183823e-01 -4.518189e-02
-2.226980e-01 -5.385323e-01 -8.122210e-01 -2.618348e-02
-2.246133e-01 -5.481093e-01 -8.056510e-01 -7.174264e-03
-2.264169e-01 -5.574162e-01 -7.986754e-01 1.183630e-02
-2.281080e-01 -5.664481e-01 -7.912978e-01 3.083875e-02
-2.296859e-01 -5.752004e-01 -7.835218e-01 4.982361e-02
-2.311499e-01 -5.836687e-01 -7.753513e-01 6.878142e-02
-2.324994e-01 -5.918487e-01 -7.667903e-01 8.770274e-02
-2.337338e-01 -5.997362e-01 -7.578431e-01 1.065781e-01
-2.348526e-01 -6.073271e-01 -7.485141e-01 1.253982e-01
-2.358555e-01 -6.146175e-01 -7.388080e-01 1.441535e-01
-2.367419e-01 -6.216037e-01 -7.287297e-01 1.628347e-01
-2.375117e-01 -6.282820e-01 -7.182842e-01 1.814326e-01
-2.381645e-01 -6.346491e-01 -7.074766e-01 1.999377e-01
-2.387000e-01 -6.407016e-01 -6.963124e-01 2.183410e-01
-2.391183e-01 -6.464363e-01 -6.847973e-01 2.366331e-01
-2.394191e-01 -6.518503e-01 -6.729369e-01 2.548051e-01
-2.396024e-01 -6.569408e-01 -6.607372e-01 2.728477e-01
-2.396684e-01 -6.617050e-01 -6.482043e-01 2.907520e-01
-2.396169e-01 -6.661405e-01 -6.353446e-01 3.085090e-01
-2.394483e-01 -6.702448e-01 -6.221645e-01 3.261100e-01
-2.391627e-01 -6.740159e-01 -6.086705e-01 3.435460e-01
-2.387603e-01 -6.774517e-01 -5.948696e-01 3.608085e-01
-2.382416e-01 -6.805504e-01 -5.807686e-01 3.778888e-01
-2.376067e-01 -6.833102e-01 -5.663747e-01 3.947783e-01
-2.368563e-01 -6.857298e-01 -5.516950e-01 4.114686e-01
-2.359907e-01 -6.878076e-01 -5.367370e-01 4.279515e-01
-2.350106e-01 -6.895426e-01 -5.215082e-01 4.442186e-01
-2.339165e-01 -6.909338e-01 -5.060163e-01 4.602620e-01
-2.327091e-01 -6.919803e-01 -4.902691e-01 4.760735e-01
-2.313891e-01 -6.926815e-01 -4.742746e-01 4.916453e-01
-2.299573e-01 -6.930369e-01 -4.580407e-01 5.069697e-01
-2.284145e-01 -6.930462e-01 -4.415757e-01 5.220390e-01
-2.267615e-01 -6.927094e-01 -4.248878e-01 5.368457e-01
-2.249994e-01 -6.920264e-01 -4.079856e-01 5.513824e-01
-2.231290e-01 -6.909974e-01 -3.908774e-01 5.656420e-01
-2.211515e-01 -6.896229e-01 -3.735720e-01 5.796173e-01
-2.190678e-01 -6.879035e-01 -3.560780e-01 5.933014e-01
-2.168792e-01 -6.858398e-01 -3.384044e-01 6.066874e-01
-2.145867e-01 -6.834329e-01 -3.205598e-01 6.197688e-01
-2.121918e-01 -6.806837e-01 -3.025535e-01 6.325391e-01
-2.096955e-01 -6.775937e-01 -2.843944e-01 6.449918e-01
-2.070993e-01 -6.741641e-01 -2.660916e-01 6.571209e-01
-2.044045e-01 -6.703967e-01 -2.476545e-01 6.689203e-01
-2.016125e-01 -6.662931e-01 -2.290923e-01 6.803841e-01
-1.987249e-01 -6.618554e-01 -2.104143e-01 6.915068e-01
-1.957430e-01 -6.570857e-01 -1.916299e-01 7.022827e-01
-1.926685e-01 -6.519863e-01 -1.727487e-01 7.127066e-01
-1.895029e-01 -6.465595e-01 -1.537800e-01 7.227732e-01
-1.862480e-01 -6.408081e-01 -1.347335e-01 7.324776e-01
-1.829052e-01 -6.347349e-01 -1.156188e-01 7.418151e-01
-1.794764e-01 -6.283427e-01 -9.644540e-02 7.507809e-01
-1.759634e-01 -6.216346e-01 -7.722303e-02 7.593707e-01
-1.723678e-01 -6.146140e-01 -5.796134e-02 7.675802e-01
-1.686916e-01 -6.072843e-01 -3.867003e-02 7.754054e-01
-1.649365e-01 -5.996491e-01 -1.935881e-02 7.828424e-01
-1.611046e-01 -5.917120e-01 -3.741015e-05 7.898875e-01
-1.571977e-01 -5.834770e-01 1.928446e-02 7.965373e-01
-1.532178e-01 -5.749481e-01 3.859706e-02 8.027884e-01
-1.491669e-01 -5.661295e-01 5.789067e-02 8.086379e-01
-1.450470e-01 -5.570256e-01 7.715559e-02 8.140828e-01
-1.408603e-01 -5.476408e-01 9.638212e-02 8.191205e-01
-1.366087e-01 -5.379797e-01 1.155606e-01 8.237485e-01
-1.322944e-01 -5.280472e-01 1.346813e-01 8.279645e-01
-1.279196e-01 -5.178481e-01 1.537347e-01 8.317665e-01
-1.234864e-01 -5.073876e-01 1.727111e-01 8.351526e-01
-1.189970e-01 -4.966707e-01 1.916010e-01 8.381211e-01
-1.144537e-01 -4.857028e-01 2.103949e-01 8.406707e-01
-1.098586e-01 -4.744893e-01 2.290833e-01 8.428000e-01
-1.052141e-01 -4.630359e-01 2.476567e-01 8.445081e-01
-1.005224e-01 -4.513482e-01 2.661060e-01 8.457941e-01
-9.578577e-02 -4.394320e-01 2.844216e-01 8.466575e-01
-9.100662e-02 -4.272933e-01 3.025945e-01 8.470979e-01
-8.618725e-02 -4.149382e-01 3.206154e-01 8.471150e-01
-8.133003e-02 -4.023728e-01 3.384753e-01 8.467090e-01
-7.643733e-02 -3.896034e-01 3.561651e-01 8.458800e-01
-7.151153e-02 -3.766363e-01 3.736760e-01 8.446286e-01
-6.655504e-02 -3.634781e-01 3.909990e-01 8.429554e-01
-6.157029e-02 -3.501354e-01 4.081256e-01 8.408614e-01
-5.655971e-02 -3.366147e-01 4.250469e-01 8.383476e-01
-5.152577e-02 -3.229229e-01 4.417546e-01 8.354153e-01
-4.647097e-02 -3.090666e-01 4.582402e-01 8.320662e-01
-4.139781e-02 -2.950528e-01 4.744955e-01 8.283020e-01
-3.630880e-02 -2.808883e-01 4.905122e-01 8.241245e-01
-3.120644e-02 -2.665803e-01 5.062822e-01 8.195361e-01
-2.609326e-02 -2.521357e-01 5.217978e-01 8.145390e-01
-2.097177e-02 -2.375618e-01 5.370510e-01 8.091358e-01
-1.584448e-02 -2.228658e-01 5.520343e-01 8.033293e-01
-1.071389e-02 -2.080549e-01 5.667400e-01 7.971224e-01
-5.582523e-03 -1.931366e-01 5.811608e-01 7.905184e-01
-4.528758e-04 -1.781182e-01 5.952894e-01 7.835204e-01
4.672551e-03 -1.630073e-01 6.091187e-01 7.761322e-01
9.791265e-03 -1.478113e-01 6.226418e-01 7.683574e-01
1.490078e-02 -1.325378e-01 6.358519e-01 7.602000e-01
1.999862e-02 -1.171944e-01 6.487423e-01 7.516642e-01
2.508233e-02 -1.017888e-01 6.613065e-01 7.427541e-01
3.014943e-02 -8.632871e-02 6.735382e-01 7.334743e-01
3.519749e-02 -7.082177e-02 6.854314e-01 7.238296e-01
4.022408e-02 -5.527576e-02 6.969799e-01 7.138247e-01
4.522677e-02 -3.969845e-02 7.081779e-01 7.034647e-01
5.020317e-02 -2.409763e-02 7.190199e-01 6.927549e-01
5.515088e-02 -8.481101e-03 7.295004e-01 6.817005e-01
6.006755e-02 7.143323e-03 7.396141e-01 6.703073e-01
6.495081e-02 2.276782e-02 7.493559e-01 6.585808e-01
6.979833e-02 3.838456e-02 7.587210e-01 6.465271e-01
7.460780e-02 5.398572e-02 7.677045e-01 6.341522e-01
7.937692e-02 6.956349e-02 7.763020e-01 6.214623e-01
8.410344e-02 8.511005e-02 7.845092e-01 6.084638e-01
8.878510e-02 1.006176e-01 7.923219e-01 5.951632e-01
9.341967e-02 1.160784e-01 7.997363e-01 5.815672e-01
9.800497e-02 1.314847e-01 8.067485e-01 5.676827e-01
1.025388e-01 1.468287e-01 8.133551e-01 5.535166e-01
1.070191e-01 1.621028e-01 8.195527e-01 5.390760e-01
1.114436e-01 1.772993e-01 8.253383e-01 5.243682e-01
1.158103e-01 1.924105e-01 8.307089e-01 5.094006e-01
1.201172e-01 2.074290e-01 8.356618e-01 4.941806e-01
1.243622e-01 2.223471e-01 8.401945e-01 4.787160e-01
1.285433e-01 2.371575e-01 8.443048e-01 4.630144e-01
1.326585e-01 2.518526e-01 8.479907e-01 4.470837e-01
1.367059e-01 2.664251e-01 8.512501e-01 4.309320e-01
1.406837e-01 2.808677e-01 8.540816e-01 4.145672e-01
1.445899e-01 2.951733e-01 8.564837e-01 3.979976e-01
1.484227e-01 3.093345e-01 8.584552e-01 3.812315e-01
1.521803e-01 3.233444e-01 8.599951e-01 3.642773e-01
1.558610e-01 3.371959e-01 8.611026e-01 3.471434e-01
1.594631e-01 3.508821e-01 8.617772e-01 3.298384e-01
1.629848e-01 3.643961e-01 8.620185e-01 3.123709e-01
1.664245e-01 3.777313e-01 8.618263e-01 2.947496e-01
1.697806e-01 3.908809e-01 8.612008e-01 2.769834e-01
1.730516e-01 4.038383e-01 8.601423e-01 2.590811e-01
1.762359e-01 4.165971e-01 8.586512e-01 2.410517e-01
1.793320e-01 4.291509e-01 8.567283e-01 2.229040e-01
1.823385e-01 4.414934e-01 8.543745e-01 2.046471e-01
1.852540e-01 4.536183e-01 8.515911e-01 1.862902e-01
1.880770e-01 4.655197e-01 8.483793e-01 1.678424e-01
1.908064e-01 4.771914e-01 8.447408e-01 1.493128e-01
1.934408e-01 4.886276e-01 8.406774e-01 1.307108e-01
1.959789e-01 4.998225e-01 8.361911e-01 1.120455e-01
1.984197e-01 5.107705e-01 8.312841e-01 9.332624e-02
2.007620e-01 5.214660e-01 8.259590e-01 7.456240e-02
2.030047e-01 5.319036e-01 8.202183e-01 5.576330e-02
2.051468e-01 5.420781e-01 8.140649e-01 3.693831e-02
2.071873e-01 5.519841e-01 8.075020e-01 1.809681e-02
2.091253e-01 5.616168e-01 8.005327e-01 -7.518074e-04
2.109599e-01 5.709712e-01 7.931606e-01 -1.959814e-02
2.126902e-01 5.800425e-01 7.853894e-01 -3.843280e-02
2.143156e-01 5.888261e-01 7.772230e-01 -5.724639e-02
2.158353e-01 5.973174e-01 7.686654e-01 -7.602953e-02
2.172486e-01 6.055123e-01 7.597210e-01 -9.477285e-02
2.185549e-01 6.134063e-01 7.503944e-01 -1.134670e-01
2.197537e-01 6.209956e-01 7.406900e-01 -1.321027e-01
2.208444e-01 6.282761e-01 7.306130e-01 -1.506706e-01
2.218266e-01 6.352441e-01 7.201682e-01 -1.691614e-01
2.227000e-01 6.418961e-01 7.093611e-01 -1.875659e-01
2.234641e-01 6.482285e-01 6.981970e-01 -2.058751e-01
2.241187e-01 6.542381e-01 6.866816e-01 -2.240796e-01
2.246635e-01 6.599218e-01 6.748207e-01 -2.421705e-01
2.250984e-01 6.652767e-01 6.626202e-01 -2.601387e-01
2.254232e-01 6.702998e-01 6.500864e-01 -2.779752e-01
2.256379e-01 6.749887e-01 6.372255e-01 -2.956713e-01
2.257425e-01 6.793408e-01 6.240440e-01 -3.132180e-01
2.257370e-01 6.833538e-01 6.105487e-01 -3.306066e-01
2.256214e-01 6.870257e-01 5.967462e-01 -3.478285e-01
2.253960e-01 6.903544e-01 5.826437e-01 -3.648750e-01
2.250610e-01 6.933382e-01 5.682481e-01 -3.817377e-01
2.246166e-01 6.959756e-01 5.535669e-01 -3.984082e-01
2.240631e-01 6.982650e-01 5.386073e-01 -4.148783e-01
2.234008e-01 7.002052e-01 5.233769e-01 -4.311396e-01
2.226302e-01 7.017952e-01 5.078835e-01 -4.471841e-01
2.217518e-01 7.030340e-01 4.921348e-01 -4.630039e-01
2.207661e-01 7.039209e-01 4.761388e-01 -4.785911e-01
2.196736e-01 7.044555e-01 4.599036e-01 -4.939380e-01
2.184750e-01 7.046372e-01 4.434373e-01 -5.090368e-01
2.171709e-01 7.044659e-01 4.267482e-01 -5.238802e-01
2.157621e-01 7.039417e-01 4.098449e-01 -5.384607e-01
2.142493e-01 7.030647e-01 3.927357e-01 -5.527712e-01
2.126334e-01 7.018351e-01 3.754293e-01 -5.668045e-01
2.109151e-01 7.002537e-01 3.579344e-01 -5.805537e-01
2.090955e-01 6.983209e-01 3.402598e-01 -5.940120e-01
2.071755e-01 6.960378e-01 3.224144e-01 -6.071726e-01
2.051561e-01 6.934054e-01 3.044073e-01 -6.200291e-01
2.030384e-01 6.904249e-01 2.862474e-01 -6.325751e-01
2.008234e-01 6.870977e-01 2.679439e-01 -6.448045e-01
1.985123e-01 6.834254e-01 2.495060e-01 -6.567110e-01
1.961063e-01 6.794097e-01 2.309430e-01 -6.682889e-01
1.936067e-01 6.750526e-01 2.122642e-01 -6.795324e-01
1.910147e-01 6.703562e-01 1.934790e-01 -6.904360e-01
1.883316e-01 6.653227e-01 1.745968e-01 -7.009942e-01
1.855588e-01 6.599546e-01 1.556271e-01 -7.112018e-01
1.826976e-01 6.542545e-01 1.365795e-01 -7.210538e-01
1.797496e-01 6.482252e-01 1.174635e-01 -7.305453e-01
1.767163e-01 6.418696e-01 9.828876e-02 -7.396716e-01
1.735990e-01 6.351908e-01 7.906485e-02 -7.484282e-01
1.703995e-01 6.281920e-01 5.980146e-02 -7.568108e-01
1.671193e-01 6.208768e-01 4.050827e-02 -7.648152e-01
1.637600e-01 6.132487e-01 2.119498e-02 -7.724374e-01
1.603233e-01 6.053114e-01 1.871274e-03 -7.796737e-01
1.568110e-01 5.970688e-01 -1.745312e-02 -7.865205e-01
1.532247e-01 5.885251e-01 -3.676850e-02 -7.929744e-01
1.495662e-01 5.796844e-01 -5.606517e-02 -7.990323e-01
1.458374e-01 5.705512e-01 -7.533341e-02 -8.046910e-01
1.420400e-01 5.611298e-01 -9.456355e-02 -8.099479e-01
1.381760e-01 5.514251e-01 -1.137459e-01 -8.148003e-01
1.342473e-01 5.414418e-01 -1.328709e-01 -8.192459e-01
1.302557e-01 5.311849e-01 -1.519288e-01 -8.232823e-01
1.262032e-01 5.206594e-01 -1.709101e-01 -8.269076e-01
1.220918e-01 5.098707e-01 -1.898053e-01 -8.301201e-01
1.179235e-01 4.988241e-01 -2.086047e-01 -8.329182e-01
1.137003e-01 4.875251e-01 -2.272991e-01 -8.353003e-01
1.094244e-01 4.759793e-01 -2.458789e-01 -8.372655e-01
1.050977e-01 4.641926e-01 -2.643348e-01 -8.388128e-01
1.007224e-01 4.521708e-01 -2.826575e-01 -8.399413e-01
9.630070e-02 4.399199e-01 -3.008378e-01 -8.406505e-01
9.183464e-02 4.274460e-01 -3.188665e-01 -8.409402e-01
8.732643e-02 4.147554e-01 -3.367346e-01 -8.408102e-01
8.277828e-02 4.018544e-01 -3.544331e-01 -8.402606e-01
7.819243e-02 3.887495e-01 -3.719530e-01 -8.392918e-01
7.357116e-02 3.754471e-01 -3.892856e-01 -8.379043e-01
6.891674e-02 3.619537e-01 -4.064221e-01 -8.360987e-01
6.423147e-02 3.482762e-01 -4.233539e-01 -8.338762e-01
5.951767e-02 3.344212e-01 -4.400725e-01 -8.312378e-01
5.477765e-02 3.203956e-01 -4.565696e-01 -8.281849e-01
5.001373e-02 3.062065e-01 -4.728368e-01 -8.247191e-01
4.522827e-02 2.918608e-01 -4.888659e-01 -8.208421e-01
4.042359e-02 2.773658e-01 -5.046489e-01 -8.165560e-01
3.560205e-02 2.627285e-01 -5.201779e-01 -8.118628e-01
3.076601e-02 2.479564e-01 -5.354450e-01 -8.067650e-01
2.591782e-02 2.330567e-01 -5.504426e-01 -8.012651e-01
2.105984e-02 2.180370e-01 -5.651631e-01 -7.953660e-01
1.619444e-02 2.029046e-01 -5.795991e-01 -7.890706e-01
1.132399e-02 1.876672e-01 -5.937434e-01 -7.823820e-01
6.450844e-03 1.723324e-01 -6.075888e-01 -7.753036e-01
1.577368e-03 1.569079e-01 -6.211285e-01 -7.678391e-01
-3.294079e-03 1.414013e-01 -6.343555e-01 -7.599921e-01
-8.161137e-03 1.258205e-01 -6.472632e-01 -7.517666e-01
-1.302146e-02 1.101733e-01 -6.598451e-01 -7.431667e-01
-1.787269e-02 9.446740e-02 -6.720949e-01 -7.341967e-01
-2.271249e-02 7.871083e-02 -6.840065e-01 -7.248613e-01
-2.753854e-02 6.291145e-02 -6.955738e-01 -7.151649e-01
-3.234850e-02 4.707719e-02 -7.067910e-01 -7.051126e-01
-3.714007e-02 3.121601e-02 -7.176525e-01 -6.947094e-01
-4.191093e-02 1.533588e-02 -7.281528e-01 -6.839604e-01
-4.665880e-02 -5.552124e-04 -7.382866e-01 -6.728711e-01
-5.138140e-02 -1.644929e-02 -7.480489e-01 -6.614471e-01
-5.607647e-02 -3.233836e-02 -7.574346e-01 -6.496941e-01
-6.074175e-02 -4.821442e-02 -7.664392e-01 -6.376180e-01
-6.537500e-02 -6.406950e-02 -7.750581e-01 -6.252248e-01
-6.997402e-02 -7.989562e-02 -7.832870e-01 -6.125209e-01
-7.453661e-02 -9.568482e-02 -7.911217e-01 -5.995125e-01
-7.906057e-02 -1.114292e-01 -7.985583e-01 -5.862062e-01
-8.354375e-02 -1.271207e-01 -8.055930e-01 -5.726086e-01
-8.798402e-02 -1.427516e-01 -8.122224e-01 -5.587267e-01
-9.237925e-02 -1.583140e-01 -8.184432e-01 -5.445673e-01
-9.672734e-02 -1.738001e-01 -8.242521e-01 -5.301376e-01
-1.010262e-01 -1.892020e-01 -8.296463e-01 -5.154447e-01
-1.052739e-01 -2.045121e-01 -8.346232e-01 -5.004961e-01
-1.094682e-01 -2.197226e-01 -8.391801e-01 -4.852992e-01
-1.136073e-01 -2.348260e-01 -8.433149e-01 -4.698617e-01
-1.176891e-01 -2.498146e-01 -8.470255e-01 -4.541913e-01
-1.217117e-01 -2.646810e-01 -8.503100e-01 -4.382958e-01
-1.256732e-01 -2.794176e-01 -8.531667e-01 -4.221831e-01
-1.295718e-01 -2.940171e-01 -8.555943e-01 -4.058614e-01
-1.334055e-01 -3.084721e-01 -8.575916e-01 -3.893387e-01
-1.371725e-01 -3.227755e-01 -8.591574e-01 -3.726233e-01
-1.408710e-01 -3.369201e-01 -8.602912e-01 -3.557237e-01
-1.444994e-01 -3.508988e-01 -8.609921e-01 -3.386481e-01
-1.480557e-01 -3.647045e-01 -8.612600e-01 -3.214051e-01
-1.515384e-01 -3.783304e-01 -8.610948e-01 -3.040034e-01
-1.549458e-01 -3.917695e-01 -8.604963e-01 -2.864516e-01
-1.582762e-01 -4.050152e-01 -8.594651e-01 -2.687584e-01
-1.615281e-01 -4.180607e-01 -8.580016e-01 -2.509327e-01
-1.646998e-01 -4.308995e-01 -8.561066e-01 -2.329833e-01
-1.677898e-01 -4.435250e-01 -8.537809e-01 -2.149192e-01
-1.707968e-01 -4.559310e-01 -8.510258e-01 -1.967495e-01
-1.737192e-01 -4.681112e-01 -8.478428e-01 -1.784831e-01
-1.765557e-01 -4.800593e-01 -8.442333e-01 -1.601293e-01
-1.793049e-01 -4.917693e-01 -8.401992e-01 -1.416970e-01
-1.819655e-01 -5.032354e-01 -8.357425e-01 -1.231956e-01
-1.845362e-01 -5.144516e-01 -8.308656e-01 -1.046342e-01
-1.870158e-01 -5.254124e-01 -8.255708e-01 -8.602214e-02
-1.894032e-01 -5.361120e-01 -8.198608e-01 -6.736867e-02
-1.916973e-01 -5.465452e-01 -8.137386e-01 -4.868310e-02
-1.938968e-01 -5.567065e-01 -8.072072e-01 -2.997475e-02
-1.960009e-01 -5.665907e-01 -8.002699e-01 -1.125296e-02
-1.980085e-01 -5.761930e-01 -7.929303e-01 7.472950e-03
-1.999187e-01 -5.855082e-01 -7.851920e-01 2.619362e-02
-2.017306e-01 -5.945318e-01 -7.770591e-01 4.489972e-02
-2.034433e-01 -6.032590e-01 -7.685355e-01 6.358192e-02
-2.050562e-01 -6.116853e-01 -7.596256e-01 8.223090e-02
-2.065684e-01 -6.198066e-01 -7.503340e-01 1.008374e-01
-2.079792e-01 -6.276185e-01 -7.406654e-01 1.193920e-01
-2.092880e-01 -6.351172e-01 -7.306246e-01 1.378856e-01
-2.104943e-01 -6.422986e-01 -7.202167e-01 1.563089e-01
-2.115975e-01 -6.491593e-01 -7.094471e-01 1.746528e-01
-2.125971e-01 -6.556955e-01 -6.983211e-01 1.929081e-01
-2.134927e-01 -6.619039e-01 -6.868445e-01 2.110657e-01
-2.142839e-01 -6.677814e-01 -6.750230e-01 2.291165e-01
-2.149703e-01 -6.733249e-01 -6.628627e-01 2.470516e-01
-2.155517e-01 -6.785314e-01 -6.503696e-01 2.648621e-01
-2.160280e-01 -6.833984e-01 -6.375502e-01 2.825390e-01
-2.163988e-01 -6.879233e-01 -6.244108e-01 3.000737e-01
-2.166640e-01 -6.921037e-01 -6.109583e-01 3.174573e-01
-2.168237e-01 -6.959375e-01 -5.971993e-01 3.346812e-01
-2.168778e-01 -6.994225e-01 -5.831409e-01 3.517368e-01
-2.168263e-01 -7.025571e-01 -5.687901e-01 3.686158e-01
-2.166693e-01 -7.053396e-01 -5.541543e-01 3.853096e-01
-2.164069e-01 -7.077684e-01 -5.392407e-01 4.018101e-01
-2.160393e-01 -7.098424e-01 -5.240570e-01 4.181089e-01
-2.155668e-01 -7.115602e-01 -5.086108e-01 4.341981e-01
-2.149897e-01 -7.129211e-01 -4.929099e-01 4.500697e-01
-2.143083e-01 -7.139242e-01 -4.769624e-01 4.657157e-01
-2.135230e-01 -7.145689e-01 -4.607761e-01 4.811285e-01
-2.126342e-01 -7.148548e-01 -4.443594e-01 4.963003e-01
-2.116424e-01 -7.147818e-01 -4.277204e-01 5.112237e-01
-2.105482e-01 -7.143498e-01 -4.108675e-01 5.258913e-01
-2.093522e-01 -7.135589e-01 -3.938093e-01 5.402958e-01
-2.080549e-01 -7.124095e-01 -3.765544e-01 5.544301e-01
-2.066571e-01 -7.109020e-01 -3.591113e-01 5.682871e-01
-2.051594e-01 -7.090372e-01 -3.414889e-01 5.818601e-01
-2.035628e-01 -7.068160e-01 -3.236960e-01 5.951422e-01
-2.018679e-01 -7.042393e-01 -3.057416e-01 6.081270e-01
-2.000756e-01 -7.013084e-01 -2.876347e-01 6.208080e-01
-1.981869e-01 -6.980246e-01 -2.693844e-01 6.331790e-01
-1.962027e-01 -6.943897e-01 -2.509998e-01 6.452337e-01
-1.941240e-01 -6.904053e-01 -2.324903e-01 6.569662e-01
-1.919518e-01 -6.860734e-01 -2.138650e-01 6.683708e-01
-1.896873e-01 -6.813960e-01 -1.951333e-01 6.794418e-01
-1.873315e-01 -6.763755e-01 -1.763046e-01 6.901737e-01
-1.848857e-01 -6.710143e-01 -1.573885e-01 7.005612e-01
-1.823511e-01 -6.653150e-01 -1.383942e-01 7.105991e-01
-1.797288e-01 -6.592804e-01 -1.193315e-01 7.202825e-01
-1.770203e-01 -6.529135e-01 -1.002098e-01 7.296066e-01
-1.742268e-01 -6.462174e-01 -8.103874e-02 7.385667e-01
-1.713497e-01 -6.391954e-01 -6.182792e-02 7.471585e-01
-1.683905e-01 -6.318510e-01 -4.258698e-02 7.553776e-01
-1.653505e-01 -6.241877e-01 -2.332556e-02 7.632200e-01
-1.622313e-01 -6.162095e-01 -4.053332e-03 7.706818e-01
-1.590344e-01 -6.079202e-01 1.522005e-02 7.777593e-01
-1.557613e-01 -5.993239e-01 3.448492e-02 7.844489e-01
-1.524137e-01 -5.904250e-01 5.373161e-02 7.907473e-01
-1.489931e-01 -5.812278e-01 7.295047e-02 7.966514e-01
-1.455013e-01 -5.717370e-01 9.213186e-02 8.021583e-01
-1.419399e-01 -5.619572e-01 1.112661e-01 8.072652e-01
-1.383107e-01 -5.518933e-01 1.303437e-01 8.119695e-01
-1.346153e-01 -5.415504e-01 1.493550e-01 8.162689e-01
-1.308557e-01 -5.309336e-01 1.682905e-01 8.201613e-01
-1.270336e-01 -5.200482e-01 1.871406e-01 8.236448e-01
-1.231508e-01 -5.088997e-01 2.058959e-01 8.267175e-01
-1.192094e-01 -4.974936e-01 2.245470e-01 8.293780e-01
-1.152111e-01 -4.858357e-01 2.430845e-01 8.316249e-01
-1.111579e-01 -4.739317e-01 2.614991e-01 8.334572e-01
-1.070518e-01 -4.617876e-01 2.797815e-01 8.348739e-01
-1.028948e-01 -4.494093e-01 2.979226e-01 8.358744e-01
-9.868903e-02 -4.368031e-01 3.159132e-01 8.364582e-01
-9.443648e-02 -4.239751e-01 3.337444e-01 8.366251e-01
-9.013927e-02 -4.109317e-01 3.514072e-01 8.363749e-01
-8.579950e-02 -3.976793e-01 3.688927e-01 8.357079e-01
-8.141930e-02 -3.842246e-01 3.861922e-01 8.346244e-01
-7.700082e-02 -3.705742e-01 4.032969e-01 8.331250e-01
-7.254621e-02 -3.567349e-01 4.201984e-01 8.312103e-01
-6.805766e-02 -3.427136e-01 4.368880e-01 8.288814e-01
-6.353736e-02 -3.285173e-01 4.533574e-01 8.261395e-01
-5.898750e-02 -3.141530e-01 4.695984e-01 8.229859e-01
-5.441032e-02 -2.996279e-01 4.856028e-01 8.194221e-01
-4.980804e-02 -2.849493e-01 5.013625e-01 8.154500e-01
-4.518290e-02 -2.701245e-01 5.168696e-01 8.110715e-01
-4.053715e-02 -2.551609e-01 5.321164e-01 8.062889e-01
-3.587306e-02 -2.400660e-01 5.470951e-01 8.011044e-01
-3.119287e-02 -2.248474e-01 5.617983e-01 7.955208e-01
-2.649888e-02 -2.095127e-01 5.762185e-01 7.895406e-01
-2.179336e-02 -1.940696e-01 5.903485e-01 7.831671e-01
-1.707858e-02 -1.785258e-01 6.041812e-01 7.764032e-01
-1.235685e-02 -1.628892e-01 6.177096e-01 7.692524e-01
-7.630433e-03 -1.471676e-01 6.309269e-01 7.617183e-01
-2.901635e-03 -1.313689e-01 6.438265e-01 7.538045e-01
1.827258e-03 -1.155012e-01 6.564018e-01 7.455151e-01
6.553958e-03 -9.957222e-02 6.686466e-01 7.368542e-01
1.127618e-02 -8.359018e-02 6.805547e-01 7.278261e-01
1.599163e-02 -6.756309e-02 6.921200e-01 7.184354e-01
2.069804e-02 -5.149902e-02 7.033368e-01 7.086866e-01
2.539313e-02 -3.540607e-02 7.141995e-01 6.985848e-01
3.007463e-02 -1.929236e-02 7.247025e-01 6.881349e-01
3.474028e-02 -3.166013e-03 7.348406e-01 6.773422e-01
3.938783e-02 1.296483e-02 7.446087e-01 6.662120e-01
4.401503e-02 2.909203e-02 7.540019e-01 6.547500e-01
4.861965e-02 4.520746e-02 7.630154e-01 6.429618e-01
5.319947e-02 6.130298e-02 7.716448e-01 6.308535e-01
5.775229e-02 7.737048e-02 7.798857e-01 6.184309e-01
6.227589e-02 9.340186e-02 7.877340e-01 6.057004e-01
6.676811e-02 1.093890e-01 7.951857e-01 5.926684e-01
7.122677e-02 1.253239e-01 8.022371e-01 5.793412e-01
7.564973e-02 1.411986e-01 8.088847e-01 5.657258e-01
8.003486e-02 1.570049e-01 8.151251e-01 5.518287e-01
8.438004e-02 1.727350e-01 8.209553e-01 5.376570e-01
8.868318e-02 1.883809e-01 8.263723e-01 5.232178e-01
9.294220e-02 2.039347e-01 8.313733e-01 5.085183e-01
9.715506e-02 2.193887e-01 8.359559e-01 4.935658e-01
1.013197e-01 2.347351e-01 8.401179e-01 4.783678e-01
1.054342e-01 2.499661e-01 8.438570e-01 4.629319e-01
1.094964e-01 2.650741e-01 8.471715e-01 4.472659e-01
1.135045e-01 2.800515e-01 8.500596e-01 4.313774e-01
1.174565e-01 2.948908e-01 8.525200e-01 4.152746e-01
1.213505e-01 3.095845e-01 8.545514e-01 3.989653e-01
1.251846e-01 3.241252e-01 8.561528e-01 3.824578e-01
1.289569e-01 3.385055e-01 8.573235e-01 3.657603e-01
1.326656e-01 3.527183e-01 8.580627e-01 3.488811e-01
1.363088e-01 3.667563e-01 8.583703e-01 3.318286e-01
1.398849e-01 3.806124e-01 8.582459e-01 3.146114e-01
1.433920e-01 3.942796e-01 8.576898e-01 2.972380e-01
1.468285e-01 4.077511e-01 8.567023e-01 2.797172e-01
1.501927e-01 4.210199e-01 8.552837e-01 2.620576e-01
1.534829e-01 4.340794e-01 8.534349e-01 2.442681e-01
1.566976e-01 4.469229e-01 8.511569e-01 2.263575e-01
1.598352e-01 4.595440e-01 8.484507e-01 2.083349e-01
1.628941e-01 4.719361e-01 8.453179e-01 1.902092e-01
1.658729e-01 4.840931e-01 8.417599e-01 1.719894e-01
1.687701e-01 4.960088e-01 8.377786e-01 1.536848e-01
1.715843e-01 5.076770e-01 8.333761e-01 1.353043e-01
1.743142e-01 5.190918e-01 8.285546e-01 1.168572e-01
1.769584e-01 5.302475e-01 8.233165e-01 9.835276e-02
1.795157e-01 5.411383e-01 8.176646e-01 7.980015e-02
1.819848e-01 5.517586e-01 8.116018e-01 6.120866e-02
1.843645e-01 5.621032e-01 8.051311e-01 4.258758e-02
1.866537e-01 5.721666e-01 7.982558e-01 2.394621e-02
1.888513e-01 5.819438e-01 7.909795e-01 5.293860e-03
1.909562e-01 5.914297e-01 7.833059e-01 -1.336016e-02
1.929674e-01 6.006195e-01 7.752389e-01 -3.200653e-02
1.948839e-01 6.095086e-01 7.667826e-01 -5.063594e-02
1.967049e-01 6.180923e-01 7.579413e-01 -6.923909e-02
1.984294e-01 6.263662e-01 7.487197e-01 -8.780671e-02
2.000567e-01 6.343262e-01 7.391222e-01 -1.063295e-01
2.015859e-01 6.419681e-01 7.291540e-01 -1.247983e-01
2.030164e-01 6.492880e-01 7.188199e-01 -1.432038e-01
2.043474e-01 6.562822e-01 7.081254e-01 -1.615369e-01
2.055784e-01 6.629471e-01 6.970759e-01 -1.797885e-01
2.067087e-01 6.692793e-01 6.856769e-01 -1.979493e-01
2.077379e-01 6.752755e-01 6.739343e-01 -2.160105e-01
2.086654e-01 6.809326e-01 6.618541e-01 -2.339630e-01
2.094909e-01 6.862478e-01 6.494424e-01 -2.517979e-01
2.102139e-01 6.912182e-01 6.367055e-01 -2.695063e-01
2.108341e-01 6.958414e-01 6.236499e-01 -2.870794e-01
2.113513e-01 7.001149e-01 6.102822e-01 -3.045084e-01
2.117652e-01 7.040366e-01 5.966091e-01 -3.217848e-01
2.120757e-01 7.076044e-01 5.826377e-01 -3.388999e-01
2.122826e-01 7.108165e-01 5.683750e-01 -3.558452e-01
2.123858e-01 7.136712e-01 5.538283e-01 -3.726123e-01
2.123854e-01 7.161670e-01 5.390047e-01 -3.891930e-01
2.122813e-01 7.183026e-01 5.239120e-01 -4.055789e-01
2.120736e-01 7.200769e-01 5.085576e-01 -4.217619e-01
2.117624e-01 7.214890e-01 4.929494e-01 -4.377341e-01
2.113480e-01 7.225380e-01 4.770953e-01 -4.534875e-01
2.108305e-01 7.232235e-01 4.610031e-01 -4.690143e-01
2.102102e-01 7.235450e-01 4.446810e-01 -4.843068e-01
2.094874e-01 7.235023e-01 4.281373e-01 -4.993575e-01
2.086624e-01 7.230954e-01 4.113803e-01 -5.141588e-01
2.077358e-01 7.223245e-01 3.944183e-01 -5.287035e-01
2.067080e-01 7.211898e-01 3.772600e-01 -5.429844e-01
2.055794e-01 7.196919e-01 3.599139e-01 -5.569943e-01
2.043506e-01 7.178316e-01 3.423888e-01 -5.707263e-01
2.030223e-01 7.156097e-01 3.246935e-01 -5.841737e-01
2.015950e-01 7.130272e-01 3.068368e-01 -5.973297e-01
2.000696e-01 7.100855e-01 2.888277e-01 -6.101880e-01
1.984467e-01 7.067858e-01 2.706753e-01 -6.227420e-01
1.967271e-01 7.031299e-01 2.523886e-01 -6.349856e-01
1.949118e-01 6.991196e-01 2.339769e-01 -6.469127e-01
1.930014e-01 6.947567e-01 2.154493e-01 -6.585174e-01
1.909971e-01 6.900434e-01 1.968152e-01 -6.697940e-01
1.888997e-01 6.849821e-01 1.780838e-01 -6.807368e-01
1.867103e-01 6.795752e-01 1.592646e-01 -6.913404e-01
1.844299e-01 6.738255e-01 1.403670e-01 -7.015996e-01
1.820596e-01 6.677357e-01 1.214004e-01 -7.115092e-01
1.796006e-01 6.613088e-01 1.023744e-01 -7.210643e-01
1.770540e-01 6.545482e-01 8.329843e-02 -7.302602e-01
1.744211e-01 6.474570e-01 6.418210e-02 -7.390923e-01
1.717031e-01 6.400389e-01 4.503498e-02 -7.475561e-01
1.689014e-01 6.322975e-01 2.586665e-02 -7.556474e-01
1.660172e-01 6.242368e-01 6.686713e-03 -7.633623e-01
1.630520e-01 6.158606e-01 -1.249522e-02 -7.706968e-01
1.600072e-01 6.071733e-01 -3.166953e-02 -7.776473e-01
1.568843e-01 5.981791e-01 -5.082662e-02 -7.842103e-01
1.536847e-01 5.888826e-01 -6.995688e-02 -7.903824e-01
1.504099e-01 5.792883e-01 -8.905071e-02 -7.961607e-01
1.470617e-01 5.694012e-01 -1.080986e-01 -8.015422e-01
1.436414e-01 5.592261e-01 -1.270908e-01 -8.065242e-01
1.401509e-01 5.487682e-01 -1.460181e-01 -8.111042e-01
1.365918e-01 5.380326e-01 -1.648707e-01 -8.152798e-01
1.329658e-01 5.270248e-01 -1.836393e-01 -8.190492e-01
1.292747e-01 5.157502e-01 -2.023145e-01 -8.224103e-01
1.255203e-01 5.042143e-01 -2.208869e-01 -8.253615e-01
1.217044e-01 4.924228e-01 -2.393472e-01 -8.279014e-01
1.178289e-01 4.803816e-01 -2.576861e-01 -8.300287e-01
1.138957e-01 4.680967e-01 -2.758945e-01 -8.317424e-01
1.099068e-01 4.555741e-01 -2.939633e-01 -8.330416e-01
1.058640e-01 4.428201e-01 -3.118833e-01 -8.339256e-01
1.017693e-01 4.298411e-01 -3.296456e-01 -8.343941e-01
9.762469e-02 4.166434e-01 -3.472413e-01 -8.344466e-01
9.343225e-02 4.032336e-01 -3.646616e-01 -8.340833e-01
8.919398e-02 3.896185e-01 -3.818977e-01 -8.333043e-01
8.491195e-02 3.758048e-01 -3.989409e-01 -8.321099e-01
8.058823e-02 3.617995e-01 -4.157828e-01 -8.305007e-01
7.622494e-02 3.476095e-01 -4.324148e-01 -8.284774e-01
7.182420e-02 3.332419e-01 -4.488287e-01 -8.260411e-01
6.738813e-02 3.187040e-01 -4.650161e-01 -8.231930e-01
6.291891e-02 3.040029e-01 -4.809690e-01 -8.199343e-01
5.841870e-02 2.891462e-01 -4.966792e-01 -8.162668e-01
5.388970e-02 2.741413e-01 -5.121390e-01 -8.121921e-01
4.933409e-02 2.589956e-01 -5.273406e-01 -8.077124e-01
4.475411e-02 2.437169e-01 -5.422762e-01 -8.028298e-01
4.015197e-02 2.283128e-01 -5.569385e-01 -7.975466e-01
3.552991e-02 2.127911e-01 -5.713199e-01 -7.918656e-01
3.089019e-02 1.971596e-01 -5.854133e-01 -7.857895e-01
2.623506e-02 1.814262e-01 -5.992117e-01 -7.793213e-01
2.156678e-02 1.655988e-01 -6.127079e-01 -7.724642e-01
1.688763e-02 1.496854e-01 -6.258953e-01 -7.652216e-01
1.219989e-02 1.336941e-01 -6.387673e-01 -7.575971e-01
7.505835e-03 1.176329e-01 -6.513173e-01 -7.495945e-01
2.807751e-03 1.015100e-01 -6.635390e-01 -7.412178e-01
-1.892072e-03 8.533345e-02 -6.754263e-01 -7.324711e-01
-6.591344e-03 6.911152e-02 -6.869732e-01 -7.233588e-01
-1.128778e-02 5.285238e-02 -6.981739e-01 -7.138854e-01
-1.597908e-02 3.656426e-02 -7.090228e-01 -7.040557e-01
-2.066297e-02 2.025539e-02 -7.195144e-01 -6.938744e-01
-2.533717e-02 3.934018e-03 -7.296435e-01 -6.833469e-01
-2.999939e-02 -1.239160e-02 -7.394049e-01 -6.724781e-01
-3.464735e-02 -2.871320e-02 -7.487938e-01 -6.612737e-01
-3.927880e-02 -4.502254e-02 -7.578055e-01 -6.497392e-01
-4.389148e-02 -6.131138e-02 -7.664354e-01 -6.378803e-01
-4.848312e-02 -7.757149e-02 -7.746792e-01 -6.257030e-01
-5.305150e-02 -9.379465e-02 -7.825327e-01 -6.132134e-01
-5.759438e-02 -1.099727e-01 -7.899921e-01 -6.004176e-01
-6.210954e-02 -1.260974e-01 -7.970537e-01 -5.873221e-01
-6.659477e-02 -1.421607e-01 -8.037138e-01 -5.739335e-01
-7.104789e-02 -1.581544e-01 -8.099691e-01 -5.602584e-01
-7.546671e-02 -1.740706e-01 -8.158165e-01 -5.463036e-01
-7.984907e-02 -1.899011e-01 -8.212531e-01 -5.320761e-01
-8.419283e-02 -2.056380e-01 -8.262762e-01 -5.175830e-01
-8.849586e-02 -2.212734e-01 -8.308832e-01 -5.028316e-01
-9.275604e-02 -2.367993e-01 -8.350719e-01 -4.878292e-01
-9.697127e-02 -2.522081e-01 -8.388401e-01 -4.725833e-01
-1.011395e-01 -2.674918e-01 -8.421860e-01 -4.571014e-01
-1.052586e-01 -2.826427e-01 -8.451079e-01 -4.413914e-01
-1.093265e-01 -2.976532e-01 -8.476044e-01 -4.254611e-01
-1.133413e-01 -3.125157e-01 -8.496741e-01 -4.093184e-01
-1.173010e-01 -3.272226e-01 -8.513162e-01 -3.929714e-01
-1.212036e-01 -3.417665e-01 -8.525298e-01 -3.764282e-01
-1.250471e-01 -3.561400e-01 -8.533144e-01 -3.596972e-01
-1.288297e-01 -3.703358e-01 -8.536695e-01 -3.427867e-01
-1.325494e-01 -3.843467e-01 -8.535950e-01 -3.257051e-01
-1.362045e-01 -3.981655e-01 -8.530911e-01 -3.084610e-01
-1.397930e-01 -4.117852e-01 -8.521580e-01 -2.910630e-01
-1.433133e-01 -4.251988e-01 -8.507962e-01 -2.735198e-01
-1.467636e-01 -4.383997e-01 -8.490065e-01 -2.558403e-01
-1.501421e-01 -4.513809e-01 -8.467897e-01 -2.380331e-01
-1.534472e-01 -4.641360e-01 -8.441472e-01 -2.201073e-01
-1.566772e-01 -4.766583e-01 -8.410803e-01 -2.020719e-01
-1.598306e-01 -4.889416e-01 -8.375906e-01 -1.839357e-01
-1.629057e-01 -5.009796e-01 -8.336798e-01 -1.657080e-01
-1.659011e-01 -5.127661e-01 -8.293501e-01 -1.473978e-01
-1.688152e-01 -5.242952e-01 -8.246037e-01 -1.290144e-01
-1.716466e-01 -5.355609e-01 -8.194431e-01 -1.105668e-01
-1.743939e-01 -5.465576e-01 -8.138708e-01 -9.206428e-02
-1.770558e-01 -5.572797e-01 -8.078898e-01 -7.351617e-02
-1.796309e-01 -5.677217e-01 -8.015032e-01 -5.493169e-02
-1.821179e-01 -5.778782e-01 -7.947142e-01 -3.632015e-02
-1.845155e-01 -5.877442e-01 -7.875264e-01 -1.769085e-02
-1.868227e-01 -5.973145e-01 -7.799434e-01 9.469121e-04
-1.890382e-01 -6.065843e-01 -7.719692e-01 1.958381e-02
-1.911610e-01 -6.155488e-01 -7.636079e-01 3.821053e-02
-1.931900e-01 -6.242036e-01 -7.548638e-01 5.681777e-02
-1.951241e-01 -6.325440e-01 -7.457413e-01 7.539625e-02
-1.969625e-01 -6.405660e-01 -7.362451e-01 9.393669e-02
-1.987042e-01 -6.482654e-01 -7.263802e-01 1.124298e-01
-2.003484e-01 -6.556382e-01 -7.161515e-01 1.308665e-01
-2.018942e-01 -6.626808e-01 -7.055644e-01 1.492374e-01
-2.033408e-01 -6.693895e-01 -6.946242e-01 1.675335e-01
-2.046876e-01 -6.757610e-01 -6.833365e-01 1.857456e-01
-2.059338e-01 -6.817918e-01 -6.717070e-01 2.038646e-01
-2.070789e-01 -6.874791e-01 -6.597418e-01 2.218816e-01
-2.081223e-01 -6.928199e-01 -6.474469e-01 2.397876e-01
-2.090635e-01 -6.978115e-01 -6.348286e-01 2.575737e-01
-2.099019e-01 -7.024513e-01 -6.218933e-01 2.752310e-01
-2.106372e-01 -7.067370e-01 -6.086475e-01 2.927507e-01
-2.112690e-01 -7.106664e-01 -5.950981e-01 3.101242e-01
-2.117969e-01 -7.142374e-01 -5.812518e-01 3.273429e-01
-2.122208e-01 -7.174484e-01 -5.671157e-01 3.443981e-01
-2.125403e-01 -7.202975e-01 -5.526969e-01 3.612814e-01
-2.127553e-01 -7.227835e-01 -5.380027e-01 3.779845e-01
-2.128658e-01 -7.249049e-01 -5.230406e-01 3.944990e-01
-2.128715e-01 -7.266608e-01 -5.078182e-01 4.108168e-01
-2.127725e-01 -7.280502e-01 -4.923430e-01 4.269298e-01
-2.125689e-01 -7.290725e-01 -4.766229e-01 4.428300e-01
-2.122606e-01 -7.297270e-01 -4.606658e-01 4.585095e-01
-2.118479e-01 -7.300134e-01 -4.444798e-01 4.739606e-01
-2.113309e-01 -7.299315e-01 -4.280730e-01 4.891755e-01
-2.107099e-01 -7.294814e-01 -4.114537e-01 5.041469e-01
-2.099851e-01 -7.286633e-01 -3.946301e-01 5.188671e-01
-2.091569e-01 -7.274775e-01 -3.776109e-01 5.333291e-01
-2.082256e-01 -7.259246e-01 -3.604045e-01 5.475255e-01
-2.071917e-01 -7.240054e-01 -3.430195e-01 5.614494e-01
-2.060557e-01 -7.217208e-01 -3.254646e-01 5.750938e-01
-2.048180e-01 -7.190720e-01 -3.077488e-01 5.884520e-01
-2.034793e-01 -7.160602e-01 -2.898807e-01 6.015174e-01
-2.020401e-01 -7.126869e-01 -2.718695e-01 6.142835e-01
-2.005012e-01 -7.089538e-01 -2.537240e-01 6.267439e-01
-1.988633e-01 -7.048628e-01 -2.354534e-01 6.388924e-01
-1.971271e-01 -7.004159e-01 -2.170668e-01 6.507230e-01
-1.952934e-01 -6.956153e-01 -1.985735e-01 6.622299e-01
-1.933631e-01 -6.904634e-01 -1.799826e-01 6.734072e-01
-1.913371e-01 -6.849628e-01 -1.613034e-01 6.842495e-01
-1.892163e-01 -6.791162e-01 -1.425454e-01 6.947512e-01
-1.870018e-01 -6.729265e-01 -1.237178e-01 7.049072e-01
-1.846945e-01 -6.663969e-01 -1.048301e-01 7.147124e-01
-1.822956e-01 -6.595306e-01 -8.589169e-02 7.241618e-01
-1.798062e-01 -6.523310e-01 -6.691212e-02 7.332508e-01
-1.772275e-01 -6.448018e-01 -4.790084e-02 7.419747e-01
-1.745606e-01 -6.369468e-01 -2.886736e-02 7.503293e-01
-1.718068e-01 -6.287699e-01 -9.821212e-03 7.583102e-01
-1.689675e-01 -6.202751e-01 9.228086e-03 7.659136e-01
-1.660440e-01 -6.114668e-01 2.827099e-02 7.731355e-01
-1.630376e-01 -6.023495e-01 4.729798e-02 7.799723e-01
-1.599498e-01 -5.929276e-01 6.629952e-02 7.864205e-01
-1.567821e-01 -5.832059e-01 8.526611e-02 7.924771e-01
-1.535361e-01 -5.731892e-01 1.041883e-01 7.981389e-01
-1.502131e-01 -5.628824e-01 1.230565e-01 8.034031e-01
-1.468150e-01 -5.522907e-01 1.418614e-01 8.082671e-01
-1.433433e-01 -5.414193e-01 1.605935e-01 8.127285e-01
-1.397997e-01 -5.302735e-01 1.792436e-01 8.167850e-01
-1.361859e-01 -5.188590e-01 1.978022e-01 8.204347e-01
-1.325037e-01 -5.071813e-01 2.162601e-01 8.236756e-01
-1.287548e-01 -4.952464e-01 2.346080e-01 8.265061e-01
-1.249411e-01 -4.830600e-01 2.528368e-01 8.289248e-01
-1.210643e-01 -4.706284e-01 2.709373e-01 8.309304e-01
-1.171265e-01 -4.579577e-01 2.889006e-01 8.325219e-01
-1.131294e-01 -4.450541e-01 3.067175e-01 8.336984e-01
-1.090750e-01 -4.319243e-01 3.243791e-01 8.344593e-01
-1.049653e-01 -4.185746e-01 3.418767e-01 8.348041e-01
-1.008023e-01 -4.050119e-01 3.592014e-01 8.347326e-01
-9.658798e-02 -3.912429e-01 3.763446e-01 8.342448e-01
-9.232440e-02 -3.772746e-01 3.932976e-01 8.333409e-01
-8.801362e-02 -3.631138e-01 4.100520e-01 8.320212e-01
-8.365775e-02 -3.487678e-01 4.265993e-01 8.302863e-01
-7.925890e-02 -3.342438e-01 4.429313e-01 8.281371e-01
-7.481922e-02 -3.195491e-01 4.590396e-01 8.255744e-01
-7.034086e-02 -3.046911e-01 4.749163e-01 8.225995e-01
-6.582602e-02 -2.896772e-01 4.905534e-01 8.192139e-01
-6.127690e-02 -2.745151e-01 5.059430e-01 8.154191e-01
-5.669571e-02 -2.592124e-01 5.210773e-01 8.112170e-01
-5.208470e-02 -2.437769e-01 5.359487e-01 8.066096e-01
-4.744611e-02 -2.282164e-01 5.505498e-01 8.015991e-01
-4.278224e-02 -2.125387e-01 5.648732e-01 7.961879e-01
-3.809535e-02 -1.967518e-01 5.789118e-01 7.903788e-01
-3.338774e-02 -1.808636e-01 5.926584e-01 7.841745e-01
-2.866173e-02 -1.648823e-01 6.061061e-01 7.775781e-01
-2.391963e-02 -1.488159e-01 6.192482e-01 7.705929e-01
-1.916378e-02 -1.326726e-01 6.320780e-01 7.632222e-01
-1.439652e-02 -1.164606e-01 6.445891e-01 7.554697e-01
-9.620181e-03 -1.001881e-01 6.567753e-01 7.473393e-01
-4.837125e-03 -8.386330e-02 6.686303e-01 7.388349e-01
-4.970576e-05 -6.749454e-02 6.801483e-01 7.299608e-01
4.739716e-03 -5.109010e-02 6.913234e-01 7.207213e-01
9.528778e-03 -3.465832e-02 7.021501e-01 7.111212e-01
1.431512e-02 -1.820752e-02 7.126228e-01 7.011650e-01
1.909637e-02 -1.746044e-03 7.227363e-01 6.908578e-01
2.387017e-02 1.471777e-02 7.324856e-01 6.802047e-01
2.863416e-02 3.117558e-02 7.418658e-01 6.692110e-01
3.338598e-02 4.761904e-02 7.508721e-01 6.578821e-01
3.812328e-02 6.403984e-02 7.595001e-01 6.462238e-01
4.284371e-02 8.042966e-02 7.677453e-01 6.342417e-01
4.754493e-02 9.678020e-02 7.756038e-01 6.219420e-01
5.222461e-02 1.130832e-01 7.830715e-01 6.093306e-01
5.688043e-02 1.293304e-01 7.901447e-01 5.964140e-01
6.151007e-02 1.455137e-01 7.968198e-01 5.831985e-01
6.611123e-02 1.616247e-01 8.030936e-01 5.696906e-01
7.068162e-02 1.776555e-01 8.089628e-01 5.558973e-01
7.521894e-02 1.935979e-01 8.144246e-01 5.418253e-01
7.972093e-02 2.094437e-01 8.194761e-01 5.274816e-01
8.418531e-02 2.251850e-01 8.241150e-01 5.128734e-01
8.860984e-02 2.408137e-01 8.283388e-01 4.980080e-01
9.299229e-02 2.563220e-01 8.321454e-01 4.828928e-01
9.733045e-02 2.717018e-01 8.355331e-01 4.675354e-01
1.016221e-01 2.869454e-01 8.385001e-01 4.519435e-01
1.058651e-01 3.020449e-01 8.410449e-01 4.361248e-01
1.100574e-01 3.169928e-01 8.431664e-01 4.200873e-01
1.141967e-01 3.317813e-01 8.448635e-01 4.038390e-01
1.182809e-01 3.464029e-01 8.461354e-01 3.873881e-01
1.223081e-01 3.608501e-01 8.469815e-01 3.707428e-01
1.262762e-01 3.751157e-01 8.474015e-01 3.539114e-01
1.301832e-01 3.891921e-01 8.473952e-01 3.369024e-01
1.340270e-01 4.030724e-01 8.469627e-01 3.197242e-01
1.378058e-01 4.167494e-01 8.461042e-01 3.023856e-01
1.415176e-01 4.302162e-01 8.448204e-01 2.848953e-01
1.451606e-01 4.434658e-01 8.431119e-01 2.672618e-01
1.487328e-01 4.564915e-01 8.409796e-01 2.494943e-01
1.522326e-01 4.692866e-01 8.384248e-01 2.316014e-01
1.556580e-01 4.818447e-01 8.354487e-01 2.135923e-01
1.590074e-01 4.941594e-01 8.320531e-01 1.954759e-01
1.622790e-01 5.062243e-01 8.282397e-01 1.772613e-01
1.654713e-01 5.180334e-01 8.240104e-01 1.589577e-01
1.685825e-01 5.295806e-01 8.193676e-01 1.405742e-01
1.716110e-01 5.408601e-01 8.143136e-01 1.221200e-01
1.745555e-01 5.518662e-01 8.088512e-01 1.036044e-01
1.774142e-01 5.625933e-01 8.029830e-01 8.503661e-02
1.801859e-01 5.730359e-01 7.967123e-01 6.642599e-02
1.828690e-01 5.831888e-01 7.900422e-01 4.778183e-02
1.854621e-01 5.930468e-01 7.829762e-01 2.911346e-02
1.879640e-01 6.026048e-01 7.755180e-01 1.043022e-02
1.903734e-01 6.118581e-01 7.676715e-01 -8.258525e-03
1.926891e-01 6.208018e-01 7.594406e-01 -2.694344e-02
1.949098e-01 6.294315e-01 7.508298e-01 -4.561518e-02
1.970343e-01 6.377428e-01 7.418434e-01 -6.426442e-02
1.990617e-01 6.457315e-01 7.324861e-01 -8.288183e-02
2.009909e-01 6.533934e-01 7.227627e-01 -1.014581e-01
2.028208e-01 6.607249e-01 7.126782e-01 -1.199840e-01
2.045505e-01 6.677220e-01 7.022378e-01 -1.384503e-01
2.061792e-01 6.743813e-01 6.914468e-01 -1.568478e-01
2.077059e-01 6.806995e-01 6.803109e-01 -1.751673e-01
2.091299e-01 6.866733e-01 6.688356e-01 -1.933996e-01
2.104504e-01 6.922998e-01 6.570268e-01 -2.115357e-01
2.116668e-01 6.975761e-01 6.448906e-01 -2.295667e-01
2.127783e-01 7.024995e-01 6.324332e-01 -2.474834e-01
2.137845e-01 7.070677e-01 6.196609e-01 -2.652770e-01
2.146846e-01 7.112782e-01 6.065802e-01 -2.829387e-01
2.154784e-01 7.151290e-01 5.931977e-01 -3.004597e-01
2.161653e-01 7.186182e-01 5.795202e-01 -3.178313e-01
2.167449e-01 7.217441e-01 5.655547e-01 -3.350448e-01
2.172169e-01 7.245050e-01 5.513082e-01 -3.520918e-01
2.175810e-01 7.268995e-01 5.367880e-01 -3.689637e-01
2.178371e-01 7.289265e-01 5.220014e-01 -3.856522e-01
2.179848e-01 7.305850e-01 5.069559e-01 -4.021491e-01
2.180242e-01 7.318742e-01 4.916589e-01 -4.184461e-01
2.179551e-01 7.327933e-01 4.761183e-01 -4.345353e-01
2.177775e-01 7.333420e-01 4.603419e-01 -4.504085e-01
2.174915e-01 7.335199e-01 4.443376e-01 -4.660580e-01
2.170971e-01 7.333271e-01 4.281134e-01 -4.814760e-01
2.165944e-01 7.327636e-01 4.116775e-01 -4.966548e-01
2.159838e-01 7.318297e-01 3.950381e-01 -5.115869e-01
2.152653e-01 7.305259e-01 3.782036e-01 -5.262650e-01
2.144394e-01 7.288529e-01 3.611823e-01 -5.406816e-01
2.135062e-01 7.268114e-01 3.439828e-01 -5.548298e-01
2.124663e-01 7.244027e-01 3.266136e-01 -5.687024e-01
2.113201e-01 7.216278e-01 3.090835e-01 -5.822925e-01
2.100681e-01 7.184881e-01 2.914013e-01 -5.955934e-01
2.087109e-01 7.149854e-01 2.735756e-01 -6.085984e-01
2.072489e-01 7.111213e-01 2.556155e-01 -6.213011e-01
2.056830e-01 7.068978e-01 2.375299e-01 -6.336952e-01
2.040137e-01 7.023170e-01 2.193279e-01 -6.457743e-01
2.022419e-01 6.973813e-01 2.010184e-01 -6.575326e-01
2.003684e-01 6.920931e-01 1.826106e-01 -6.689641e-01
1.983939e-01 6.864552e-01 1.641138e-01 -6.800631e-01
1.963195e-01 6.804703e-01 1.455371e-01 -6.908240e-01
1.941460e-01 6.741415e-01 1.268898e-01 -7.012414e-01
1.918744e-01 6.674720e-01 1.081811e-01 -7.113101e-01
1.895059e-01 6.604652e-01 8.942058e-02 -7.210251e-01
1.870415e-01 6.531246e-01 7.061740e-02 -7.303813e-01
1.844824e-01 6.454540e-01 5.178101e-02 -7.393742e-01
1.818297e-01 6.374571e-01 3.292080e-02 -7.479991e-01
1.790847e-01 6.291381e-01 1.404618e-02 -7.562517e-01
1.762487e-01 6.205010e-01 -4.833432e-03 -7.641280e-01
1.733231e-01 6.115501e-01 -2.370862e-02 -7.716239e-01
1.703092e-01 6.022899e-01 -4.256997e-02 -7.787358e-01
1.672085e-01 5.927249e-01 -6.140808e-02 -7.854601e-01
1.640225e-01 5.828600e-01 -8.021356e-02 -7.917933e-01
1.607526e-01 5.727000e-01 -9.897704e-02 -7.977323e-01
1.574004e-01 5.622499e-01 -1.176891e-01 -8.032742e-01
1.539676e-01 5.515150e-01 -1.363406e-01 -8.084160e-01
1.504558e-01 5.405006e-01 -1.549220e-01 -8.131551e-01
1.468666e-01 5.292122e-01 -1.734242e-01 -8.174892e-01
1.432018e-01 5.176554e-01 -1.918378e-01 -8.214161e-01
1.394632e-01 5.058360e-01 -2.101538e-01 -8.249335e-01
1.356525e-01 4.937599e-01 -2.283630e-01 -8.280398e-01
1.317716e-01 4.814330e-01 -2.464562e-01 -8.307333e-01
1.278223e-01 4.688617e-01 -2.644245e-01 -8.330125e-01
1.238066e-01 4.560522e-01 -2.822588e-01 -8.348762e-01
1.197264e-01 4.430109e-01 -2.999502e-01 -8.363234e-01
1.155837e-01 4.297443e-01 -3.174898e-01 -8.373532e-01
1.113804e-01 4.162592e-01 -3.348690e-01 -8.379650e-01
1.071188e-01 4.025623e-01 -3.520790e-01 -8.381584e-01
1.028007e-01 3.886606e-01 -3.691110e-01 -8.379332e-01
9.842832e-02 3.745610e-01 -3.859567e-01 -8.372893e-01
9.400381e-02 3.602706e-01 -4.026076e-01 -8.362269e-01
8.952932e-02 3.457968e-01 -4.190552e-01 -8.347466e-01
8.500704e-02 3.311467e-01 -4.352914e-01 -8.328488e-01
8.043919e-02 3.163279e-01 -4.513080e-01 -8.305344e-01
7.582801e-02 3.013478e-01 -4.670968e-01 -8.278044e-01
7.117577e-02 2.862140e-01 -4.826501e-01 -8.246602e-01
6.648477e-02 2.709343e-01 -4.979600e-01 -8.211031e-01
6.175732e-02 2.555163e-01 -5.130187e-01 -8.171348e-01
5.699576e-02 2.399679e-01 -5.278187e-01 -8.127572e-01
5.220243e-02 2.242970e-01 -5.423526e-01 -8.079724e-01
4.737973e-02 2.085115e-01 -5.566130e-01 -8.027827e-01
4.253004e-02 1.926196e-01 -5.705928e-01 -7.971905e-01
3.765576e-02 1.766293e-01 -5.842849e-01 -7.911987e-01
3.275933e-02 1.605487e-01 -5.976824e-01 -7.848100e-01
2.784318e-02 1.443859e-01 -6.107786e-01 -7.780276e-01
2.290976e-02 1.281494e-01 -6.235670e-01 -7.708548e-01
1.796153e-02 1.118472e-01 -6.360410e-01 -7.632951e-01
1.300097e-02 9.548771e-02 -6.481944e-01 -7.553523e-01
8.030547e-03 7.907925e-02 -6.600211e-01 -7.470302e-01
3.052754e-03 6.263015e-02 -6.715152e-01 -7.383329e-01
-1.929915e-03 4.614879e-02 -6.826708e-01 -7.292648e-01
-6.914965e-03 2.964354e-02 -6.934824e-01 -7.198303e-01
-1.189989e-02 1.312279e-02 -7.039445e-01 -7.100340e-01
-1.688220e-02 -3.405057e-03 -7.140519e-01 -6.998809e-01
-2.185937e-02 -1.993162e-02 -7.237995e-01 -6.893759e-01
-2.682891e-02 -3.644849e-02 -7.331824e-01 -6.785243e-01
-3.178832e-02 -5.294731e-02 -7.421959e-01 -6.673315e-01
-3.673509e-02 -6.941969e-02 -7.508355e-01 -6.558029e-01
-4.166674e-02 -8.585730e-02 -7.590968e-01 -6.439444e-01
-4.658076e-02 -1.022518e-01 -7.669757e-01 -6.317618e-01
-5.147468e-02 -1.185948e-01 -7.744683e-01 -6.192612e-01
-5.634601e-02 -1.348782e-01 -7.815707e-01 -6.064489e-01
-6.119226e-02 -1.510934e-01 -7.882795e-01 -5.933311e-01
-6.601096e-02 -1.672324e-01 -7.945912e-01 -5.799144e-01
-7.079966e-02 -1.832869e-01 -8.005027e-01 -5.662056e-01
-7.555590e-02 -1.992485e-01 -8.060111e-01 -5.522115e-01
-8.027725e-02 -2.151093e-01 -8.111135e-01 -5.379390e-01
-8.496128e-02 -2.308611e-01 -8.158076e-01 -5.233954e-01
-8.960560e-02 -2.464957e-01 -8.200909e-01 -5.085879e-01
-9.420781e-02 -2.620053e-01 -8.239613e-01 -4.935239e-01
-9.876556e-02 -2.773818e-01 -8.274170e-01 -4.782111e-01
-1.032765e-01 -2.926174e-01 -8.304562e-01 -4.626570e-01
-1.077383e-01 -3.077042e-01 -8.330776e-01 -4.468695e-01
-1.121487e-01 -3.226346e-01 -8.352797e-01 -4.308565e-01
-1.165053e-01 -3.374009e-01 -8.370617e-01 -4.146261e-01
-1.208061e-01 -3.519955e-01 -8.384227e-01 -3.981864e-01
-1.250486e-01 -3.664110e-01 -8.393621e-01 -3.815458e-01
-1.292308e-01 -3.806399e-01 -8.398794e-01 -3.647125e-01
-1.333504e-01 -3.946751e-01 -8.399747e-01 -3.476950e-01
-1.374054e-01 -4.085092e-01 -8.396478e-01 -3.305019e-01
-1.413937e-01 -4.221353e-01 -8.388991e-01 -3.131419e-01
-1.453131e-01 -4.355464e-01 -8.377291e-01 -2.956237e-01
-1.491617e-01 -4.487357e-01 -8.361384e-01 -2.779561e-01
-1.529375e-01 -4.616964e-01 -8.341280e-01 -2.601480e-01
-1.566384e-01 -4.744220e-01 -8.316991e-01 -2.422083e-01
-1.602627e-01 -4.869059e-01 -8.288528e-01 -2.241460e-01
-1.638083e-01 -4.991419e-01 -8.255909e-01 -2.059704e-01
-1.672735e-01 -5.111237e-01 -8.219151e-01 -1.876904e-01
-1.706565e-01 -5.228452e-01 -8.178273e-01 -1.693152e-01
-1.739555e-01 -5.343006e-01 -8.133298e-01 -1.508542e-01
-1.771688e-01 -5.454841e-01 -8.084248e-01 -1.323165e-01
-1.802946e-01 -5.563899e-01 -8.031151e-01 -1.137114e-01
-1.833315e-01 -5.670127e-01 -7.974033e-01 -9.504838e-02
-1.862777e-01 -5.773470e-01 -7.912924e-01 -7.633669e-02
-1.891318e-01 -5.873877e-01 -7.847858e-01 -5.758573e-02
-1.918922e-01 -5.971297e-01 -7.778867e-01 -3.880492e-02
-1.945576e-01 -6.065680e-01 -7.705988e-01 -2.000367e-02
-1.971264e-01 -6.156979e-01 -7.629258e-01 -1.191398e-03
-1.995974e-01 -6.245148e-01 -7.548719e-01 1.762247e-02
-2.019692e-01 -6.330142e-01 -7.464412e-01 3.642851e-02
-2.042406e-01 -6.411918e-01 -7.376381e-01 5.521731e-02
-2.064103e-01 -6.490435e-01 -7.284671e-01 7.397949e-02
-2.084774e-01 -6.565655e-01 -7.189330e-01 9.270567e-02
-2.104405e-01 -6.637539e-01 -7.090407e-01 1.113865e-01
-2.122987e-01 -6.706051e-01 -6.987952e-01 1.300126e-01
-2.140510e-01 -6.771157e-01 -6.882020e-01 1.485748e-01
-2.156965e-01 -6.832825e-01 -6.772663e-01 1.670637e-01
-2.172342e-01 -6.891025e-01 -6.659939e-01 1.854702e-01
-2.186633e-01 -6.945726e-01 -6.543904e-01 2.037851e-01
-2.199831e-01 -6.996903e-01 -6.424619e-01 2.219993e-01
-2.211928e-01 -7.044529e-01 -6.302143e-01 2.401037e-01
-2.222917e-01 -7.088581e-01 -6.176540e-01 2.580893e-01
-2.232793e-01 -7.129037e-01 -6.047874e-01 2.759472e-01
-2.241549e-01 -7.165878e-01 -5.916209e-01 2.936686e-01
-2.249180e-01 -7.199085e-01 -5.781612e-01 3.112445e-01
-2.255683e-01 -7.228643e-01 -5.644153e-01 3.286664e-01
-2.261052e-01 -7.254536e-01 -5.503899e-01 3.459255e-01
-2.265286e-01 -7.276752e-01 -5.360922e-01 3.630133e-01
-2.268380e-01 -7.295281e-01 -5.215295e-01 3.799214e-01
-2.270332e-01 -7.310114e-01 -5.067089e-01 3.966413e-01
-2.271141e-01 -7.321244e-01 -4.916380e-01 4.131647e-01
-2.270806e-01 -7.328666e-01 -4.763243e-01 4.294835e-01
-2.269325e-01 -7.332377e-01 -4.607755e-01 4.455895e-01
-2.266700e-01 -7.332375e-01 -4.449994e-01 4.614748e-01
-2.262929e-01 -7.328661e-01 -4.290038e-01 4.771315e-01
-2.258015e-01 -7.321238e-01 -4.127968e-01 4.925518e-01
-2.251959e-01 -7.310109e-01 -3.963865e-01 5.077279e-01
-2.244763e-01 -7.295281e-01 -3.797809e-01 5.226525e-01
-2.236430e-01 -7.276762e-01 -3.629885e-01 5.373180e-01
-2.226962e-01 -7.254561e-01 -3.460175e-01 5.517171e-01
-2.216365e-01 -7.228690e-01 -3.288764e-01 5.658427e-01
-2.204641e-01 -7.199163e-01 -3.115738e-01 5.796877e-01
-2.191797e-01 -7.165996e-01 -2.941182e-01 5.932451e-01
-2.177838e-01 -7.129204e-01 -2.765183e-01 6.065083e-01
-2.162769e-01 -7.088808e-01 -2.587830e-01 6.194705e-01
-2.146598e-01 -7.044827e-01 -2.409209e-01 6.321253e-01
-2.129331e-01 -6.997285e-01 -2.229409e-01 6.444663e-01
-2.110976e-01 -6.946206e-01 -2.048521e-01 6.564873e-01
-2.091541e-01 -6.891616e-01 -1.866634e-01 6.681823e-01
-2.071036e-01 -6.833544e-01 -1.683838e-01 6.795453e-01
-2.049469e-01 -6.772018e-01 -1.500225e-01 6.905706e-01
-2.026851e-01 -6.707070e-01 -1.315885e-01 7.012527e-01
-2.003191e-01 -6.638734e-01 -1.130911e-01 7.115861e-01
-1.978501e-01 -6.567042e-01 -9.453939e-02 7.215658e-01
-1.952793e-01 -6.492031e-01 -7.594262e-02 7.311867e-01
-1.926077e-01 -6.413739e-01 -5.731003e-02 7.404440e-01
-1.898368e-01 -6.332203e-01 -3.865087e-02 7.493331e-01
-1.869677e-01 -6.247465e-01 -1.997441e-02 7.578495e-01
-1.840018e-01 -6.159568e-01 -1.289932e-03 7.659889e-01
-1.809405e-01 -6.068554e-01 1.739329e-02 7.737471e-01
-1.777853e-01 -5.974469e-01 3.606597e-02 7.811202e-01
-1.745377e-01 -5.877361e-01 5.471883e-02 7.881045e-01
-1.711991e-01 -5.777277e-01 7.334262e-02 7.946964e-01
-1.677712e-01 -5.674268e-01 9.192806e-02 8.008926e-01
-1.642556e-01 -5.568384e-01 1.104659e-01 8.066898e-01
-1.606540e-01 -5.459679e-01 1.289470e-01 8.120850e-01
-1.569681e-01 -5.348207e-01 1.473621e-01 8.170754e-01
-1.531997e-01 -5.234024e-01 1.657020e-01 8.216584e-01
-1.493506e-01 -5.117187e-01 1.839576e-01 8.258317e-01
-1.454226e-01 -4.997755e-01 2.021198e-01 8.295928e-01
-1.414177e-01 -4.875787e-01 2.201796e-01 8.329399e-01
-1.373378e-01 -4.751346e-01 2.381279e-01 8.358712e-01
-1.331848e-01 -4.624493e-01 2.559558e-01 8.383848e-01
-1.289608e-01 -4.495292e-01 2.736543e-01 8.404796e-01
-1.246678e-01 -4.363809e-01 2.912146e-01 8.421542e-01
-1.203080e-01 -4.230110e-01 3.086280e-01 8.434076e-01
-1.158835e-01 -4.094263e-01 3.258856e-01 8.442391e-01
-1.113964e-01 -3.956337e-01 3.429789e-01 8.446480e-01
-1.068490e-01 -3.816401e-01 3.598992e-01 8.446340e-01
-1.022435e-01 -3.674526e-01 3.766382e-01 8.441970e-01
-9.758222e-02 -3.530785e-01 3.931873e-01 8.433368e-01
-9.286740e-02 -3.385251e-01 4.095383e-01 8.420539e-01
-8.810142e-02 -3.237997e-01 4.256829e-01 8.403487e-01
-8.328665e-02 -3.089099e-01 4.416131e-01 8.382218e-01
-7.842548e-02 -2.938632e-01 4.573208e-01 8.356743e-01
-7.352036e-02 -2.786674e-01 4.727982e-01 8.327071e-01
-6.857373e-02 -2.633301e-01 4.880373e-01 8.293217e-01
-6.358807e-02 -2.478592e-01 5.030307e-01 8.255195e-01
-5.856588e-02 -2.322626e-01 5.177706e-01 8.213024e-01
-5.350970e-02 -2.165483e-01 5.322497e-01 8.166724e-01
-4.842207e-02 -2.007242e-01 5.464608e-01 8.116315e-01
-4.330555e-02 -1.847985e-01 5.603966e-01 8.061822e-01
-3.816273e-02 -1.687794e-01 5.740501e-01 8.003272e-01
-3.299621e-02 -1.526748e-01 5.874145e-01 7.940692e-01
-2.780861e-02 -1.364932e-01 6.004830e-01 7.874112e-01
-2.260256e-02 -1.202428e-01 6.132490e-01 7.803566e-01
-1.738069e-02 -1.039318e-01 6.257062e-01 7.729087e-01
-1.214568e-02 -8.756861e-02 6.378483e-01 7.650711e-01
-6.900163e-03 -7.116155e-02 6.496691e-01 7.568478e-01
-1.646829e-03 -5.471899e-02 6.611627e-01 7.482426e-01
3.611650e-03 -3.824930e-02 6.723233e-01 7.392600e-01
8.872590e-03 -2.176088e-02 6.831453e-01 7.299043e-01
1.413331e-02 -5.262126e-03 6.936233e-01 7.201800e-01
1.939111e-02 1.123856e-02 7.037520e-01 7.100921e-01
2.464330e-02 2.773277e-02 7.135263e-01 6.996455e-01
2.988719e-02 4.421210e-02 7.229413e-01 6.888454e-01
3.512010e-02 6.066814e-02 7.319922e-01 6.776971e-01
4.033932e-02 7.709252e-02 7.406746e-01 6.662062e-01
4.554219e-02 9.347686e-02 7.489840e-01 6.543783e-01
5.072600e-02 1.098128e-01 7.569162e-01 6.422195e-01
5.588810e-02 1.260919e-01 7.644673e-01 6.297357e-01
6.102579e-02 1.423059e-01 7.716336e-01 6.169331e-01
6.613643e-02 1.584464e-01 7.784113e-01 6.038183e-01
7.121735e-02 1.745052e-01 7.847972e-01 5.903977e-01
7.626592e-02 1.904739e-01 7.907880e-01 5.766781e-01
8.127952e-02 2.063445e-01 7.963807e-01 5.626663e-01
8.625552e-02 2.221086e-01 8.015726e-01 5.483695e-01
9.119134e-02 2.377582e-01 8.063612e-01 5.337947e-01
9.608439e-02 2.532853e-01 8.107440e-01 5.189494e-01
1.009321e-01 2.686819e-01 8.147189e-01 5.038411e-01
1.057320e-01 2.839400e-01 8.182841e-01 4.884772e-01
1.104815e-01 2.990518e-01 8.214377e-01 4.728657e-01
1.151782e-01 3.140095e-01 8.241783e-01 4.570143e-01
1.198196e-01 3.288055e-01 8.265047e-01 4.409311e-01
1.244032e-01 3.434321e-01 8.284156e-01 4.246242e-01
1.289267e-01 3.578819e-01 8.299104e-01 4.081019e-01
1.333876e-01 3.721475e-01 8.309883e-01 3.913724e-01
1.377837e-01 3.862215e-01 8.316490e-01 3.744443e-01
1.421127e-01 4.000968e-01 8.318922e-01 3.573261e-01
1.463721e-01 4.137663e-01 8.317179e-01 3.400264e-01
1.505599e-01 4.272230e-01 8.311264e-01 3.225540e-01
1.546738e-01 4.404601e-01 8.301181e-01 3.049177e-01
1.587117e-01 4.534708e-01 8.286937e-01 2.871264e-01
1.626714e-01 4.662486e-01 8.268540e-01 2.691891e-01
1.665508e-01 4.787869e-01 8.246001e-01 2.511149e-01
1.703479e-01 4.910795e-01 8.219332e-01 2.329128e-01
1.740607e-01 5.031200e-01 8.188549e-01 2.145920e-01
1.776872e-01 5.149026e-01 8.153669e-01 1.961618e-01
1.812255e-01 5.264211e-01 8.114710e-01 1.776315e-01
1.846738e-01 5.376699e-01 8.071693e-01 1.590103e-01
1.880303e-01 5.486434e-01 8.024642e-01 1.403076e-01
1.912930e-01 5.593360e-01 7.973581e-01 1.215329e-01
1.944604e-01 5.697423e-01 7.918538e-01 1.026955e-01
1.975307e-01 5.798574e-01 7.859541e-01 8.380503e-02
2.005023e-01 5.896759e-01 7.796620e-01 6.487087e-02
2.033737e-01 5.991931e-01 7.729811e-01 4.590257e-02
2.061432e-01 6.084041e-01 7.659147e-01 2.690965e-02
2.088094e-01 6.173044e-01 7.584666e-01 7.901658e-03
2.113708e-01 6.258894e-01 7.506406e-01 -1.111189e-02
2.138262e-01 6.341549e-01 7.424410e-01 -3.012144e-02
2.161741e-01 6.420969e-01 7.338718e-01 -4.911749e-02
2.184133e-01 6.497112e-01 7.249377e-01 -6.809052e-02
2.205426e-01 6.569943e-01 7.156431e-01 -8.703104e-02
2.225608e-01 6.639424e-01 7.059930e-01 -1.059296e-01
2.244669e-01 6.705521e-01 6.959923e-01 -1.247767e-01
2.262598e-01 6.768202e-01 6.856461e-01 -1.435630e-01
2.279384e-01 6.827435e-01 6.749599e-01 -1.622792e-01
2.295020e-01 6.883192e-01 6.639390e-01 -1.809158e-01
2.309495e-01 6.935445e-01 6.525891e-01 -1.994636e-01
2.322802e-01 6.984170e-01 6.409161e-01 -2.179134e-01
2.334934e-01 7.029341e-01 6.289258e-01 -2.362559e-01
2.345883e-01 7.070938e-01 6.166243e-01 -2.544822e-01
2.355643e-01 7.108940e-01 6.040179e-01 -2.725831e-01
2.364209e-01 7.143330e-01 5.911129e-01 -2.905496e-01
2.371574e-01 7.174090e-01 5.779160e-01 -3.083728e-01
2.377736e-01 7.201207e-01 5.644336e-01 -3.260439e-01
2.382688e-01 7.224668e-01 5.506726e-01 -3.435540e-01
2.386429e-01 7.244462e-01 5.366399e-01 -3.608945e-01
2.388955e-01 7.260580e-01 5.223425e-01 -3.780568e-01
2.390264e-01 7.273015e-01 5.077876e-01 -3.950324e-01
2.390355e-01 7.281762e-01 4.929825e-01 -4.118127e-01
2.389226e-01 7.286817e-01 4.779345e-01 -4.283895e-01
2.386877e-01 7.288179e-01 4.626511e-01 -4.447545e-01
2.383309e-01 7.285848e-01 4.471399e-01 -4.608996e-01
2.378521e-01 7.279826e-01 4.314087e-01 -4.768167e-01
2.372516e-01 7.270117e-01 4.154653e-01 -4.924979e-01
2.365296e-01 7.256727e-01 3.993176e-01 -5.079354e-01
2.356863e-01 7.239663e-01 3.829735e-01 -5.231214e-01
2.347220e-01 7.218935e-01 3.664413e-01 -5.380484e-01
2.336371e-01 7.194555e-01 3.497290e-01 -5.527089e-01
2.324321e-01 7.166534e-01 3.328451e-01 -5.670955e-01
2.311075e-01 7.134889e-01 3.157977e-01 -5.812011e-01
2.296638e-01 7.099636e-01 2.985955e-01 -5.950185e-01
2.281017e-01 7.060793e-01 2.812468e-01 -6.085408e-01
2.264218e-01 7.018381e-01 2.637604e-01 -6.217612e-01
2.246248e-01 6.972422e-01 2.461448e-01 -6.346729e-01
2.227117e-01 6.922940e-01 2.284088e-01 -6.472696e-01
2.206833e-01 6.869960e-01 2.105612e-01 -6.595448e-01
2.185404e-01 6.813510e-01 1.926108e-01 -6.714923e-01
2.162841e-01 6.753618e-01 1.745665e-01 -6.831063e-01
2.139154e-01 6.690313e-01 1.564372e-01 -6.943809e-01
2.114353e-01 6.623627e-01 1.382319e-01 -7.053104e-01
2.088450e-01 6.553594e-01 1.199596e-01 -7.158893e-01
2.061458e-01 6.480249e-01 1.016294e-01 -7.261124e-01
2.033388e-01 6.403628e-01 8.325026e-02 -7.359744e-01
2.004254e-01 6.323769e-01 6.483131e-02 -7.454703e-01
1.974069e-01 6.240714e-01 4.638166e-02 -7.545954e-01
1.942848e-01 6.154502e-01 2.791044e-02 -7.633449e-01
1.910605e-01 6.065178e-01 9.426795e-03 -7.717144e-01
1.877356e-01 5.972786e-01 -9.060119e-03 -7.796996e-01
1.843116e-01 5.877373e-01 -2.754115e-02 -7.872964e-01
1.807901e-01 5.778986e-01 -4.600714e-02 -7.945008e-01
1.771729e-01 5.677674e-01 -6.444895e-02 -8.013091e-01
1.734616e-01 5.573488e-01 -8.285742e-02 -8.077178e-01
1.696581e-01 5.466481e-01 -1.012234e-01 -8.137234e-01
1.657641e-01 5.356706e-01 -1.195378e-01 -8.193229e-01
1.617816e-01 5.244218e-01 -1.377915e-01 -8.245132e-01
1.577125e-01 5.129074e-01 -1.559755e-01 -8.292915e-01
1.535588e-01 5.011332e-01 -1.740806e-01 -8.336553e-01
1.493224e-01 4.891051e-01 -1.920978e-01 -8.376022e-01
1.450055e-01 4.768292e-01 -2.100182e-01 -8.411300e-01
1.406102e-01 4.643117e-01 -2.278329e-01 -8.442367e-01
1.361386e-01 4.515590e-01 -2.455328e-01 -8.469205e-01
1.315929e-01 4.385775e-01 -2.631092e-01 -8.491800e-01
1.269755e-01 4.253738e-01 -2.805533e-01 -8.510136e-01
1.222885e-01 4.119546e-01 -2.978563e-01 -8.524204e-01
1.175344e-01 3.983268e-01 -3.150095e-01 -8.533993e-01
1.127154e-01 3.844973e-01 -3.320044e-01 -8.539497e-01
1.078341e-01 3.704731e-01 -3.488324e-01 -8.540711e-01
1.028928e-01 3.562614e-01 -3.654851e-01 -8.537632e-01
9.789410e-02 3.418695e-01 -3.819540e-01 -8.530259e-01
9.284044e-02 3.273047e-01 -3.982310e-01 -8.518594e-01
8.773439e-02 3.125744e-01 -4.143078e-01 -8.502641e-01
8.257856e-02 2.976862e-01 -4.301763e-01 -8.482406e-01
7.737554e-02 2.826478e-01 -4.458285e-01 -8.457897e-01
7.212799e-02 2.674668e-01 -4.612566e-01 -8.429124e-01
6.683858e-02 2.521509e-01 -4.764528e-01 -8.396102e-01
6.151001e-02 2.367081e-01 -4.914094e-01 -8.358843e-01
5.614500e-02 2.211463e-01 -5.061189e-01 -8.317366e-01
5.074630e-02 2.054734e-01 -5.205739e-01 -8.271689e-01
4.531668e-02 1.896975e-01 -5.347670e-01 -8.221834e-01
3.985892e-02 1.738266e-01 -5.486912e-01 -8.167824e-01
3.437583e-02 1.578688e-01 -5.623394e-01 -8.109686e-01
2.887023e-02 1.418324e-01 -5.757048e-01 -8.047447e-01
2.334496e-02 1.257256e-01 -5.887805e-01 -7.981138e-01
1.780287e-02 1.095565e-01 -6.015601e-01 -7.910789e-01
1.224681e-02 9.333345e-02 -6.140371e-01 -7.836436e-01
6.679648e-03 7.706475e-02 -6.262052e-01 -7.758115e-01
1.104260e-03 6.075871e-02 -6.380582e-01 -7.675864e-01
-4.476476e-03 4.442366e-02 -6.495902e-01 -7.589724e-01
-1.005967e-02 2.806797e-02 -6.607954e-01 -7.499736e-01
-1.564243e-02 1.170001e-02 -6.716682e-01 -7.405946e-01
-2.122187e-02 -4.671864e-03 -6.822030e-01 -7.308399e-01
-2.679507e-02 -2.103926e-02 -6.923945e-01 -7.207144e-01
-3.235916e-02 -3.739382e-02 -7.022377e-01 -7.102231e-01
-3.791121e-02 -5.372717e-02 -7.117275e-01 -6.993712e-01
-4.344836e-02 -7.003096e-02 -7.208592e-01 -6.881641e-01
-4.896769e-02 -8.629681e-02 -7.296282e-01 -6.766075e-01
-5.446634e-02 -1.025163e-01 -7.380301e-01 -6.647070e-01
-5.994142e-02 -1.186812e-01 -7.460606e-01 -6.524687e-01
-6.539007e-02 -1.347830e-01 -7.537158e-01 -6.398986e-01
-7.080942e-02 -1.508135e-01 -7.609917e-01 -6.270032e-01
-7.619662e-02 -1.667644e-01 -7.678847e-01 -6.137888e-01
-8.154885e-02 -1.826275e-01 -7.743915e-01 -6.002622e-01
-8.686327e-02 -1.983946e-01 -7.805088e-01 -5.864302e-01
-9.213709e-02 -2.140574e-01 -7.862335e-01 -5.722998e-01
-9.736753e-02 -2.296081e-01 -7.915628e-01 -5.578781e-01
-1.025518e-01 -2.450385e-01 -7.964942e-01 -5.431724e-01
-1.076872e-01 -2.603406e-01 -8.010251e-01 -5.281903e-01
-1.127710e-01 -2.755066e-01 -8.051535e-01 -5.129392e-01
-1.178005e-01 -2.905288e-01 -8.088774e-01 -4.974269e-01
-1.227730e-01 -3.053992e-01 -8.121949e-01 -4.816613e-01
-1.276860e-01 -3.201105e-01 -8.151045e-01 -4.656504e-01
-1.325367e-01 -3.346548e-01 -8.176049e-01 -4.494023e-01
-1.373226e-01 -3.490249e-01 -8.196949e-01 -4.329253e-01
-1.420413e-01 -3.632134e-01 -8.213737e-01 -4.162277e-01
-1.466901e-01 -3.772130e-01 -8.226405e-01 -3.993181e-01
-1.512667e-01 -3.910166e-01 -8.234949e-01 -3.822049e-01
-1.557685e-01 -4.046172e-01 -8.239365e-01 -3.648969e-01
-1.601932e-01 -4.180078e-01 -8.239653e-01 -3.474029e-01
-1.645385e-01 -4.311817e-01 -8.235815e-01 -3.297318e-01
-1.688020e-01 -4.441322e-01 -8.227853e-01 -3.118924e-01
-1.729815e-01 -4.568527e-01 -8.215774e-01 -2.938938e-01
-1.770748e-01 -4.693369e-01 -8.199585e-01 -2.757452e-01
-1.810796e-01 -4.815785e-01 -8.179296e-01 -2.574557e-01
-1.849939e-01 -4.935713e-01 -8.154919e-01 -2.390345e-01
-1.888155e-01 -5.053094e-01 -8.126468e-01 -2.204910e-01
-1.925425e-01 -5.167869e-01 -8.093958e-01 -2.018345e-01
-1.961728e-01 -5.279980e-01 -8.057407e-01 -1.830745e-01
-1.997046e-01 -5.389373e-01 -8.016835e-01 -1.642204e-01
-2.031359e-01 -5.495992e-01 -7.972263e-01 -1.452817e-01
-2.064648e-01 -5.599785e-01 -7.923716e-01 -1.262680e-01
-2.096897e-01 -5.700701e-01 -7.871219e-01 -1.071888e-01
-2.128088e-01 -5.798691e-01 -7.814799e-01 -8.805367e-02
-2.158204e-01 -5.893705e-01 -7.754486e-01 -6.887235e-02
-2.187229e-01 -5.985696e-01 -7.690313e-01 -4.965446e-02
-2.215147e-01 -6.074619e-01 -7.622313e-01 -3.040966e-02
-2.241943e-01 -6.160429e-01 -7.550521e-01 -1.114764e-02
-2.267603e-01 -6.243084e-01 -7.474977e-01 8.121921e-03
-2.292113e-01 -6.322543e-01 -7.395718e-01 2.738936e-02
-2.315459e-01 -6.398767e-01 -7.312788e-01 4.664501e-02
-2.337629e-01 -6.471717e-01 -7.226228e-01 6.587923e-02
-2.358610e-01 -6.541358e-01 -7.136083e-01 8.508238e-02
-2.378391e-01 -6.607657e-01 -7.042402e-01 1.042449e-01
-2.396961e-01 -6.670581e-01 -6.945230e-01 1.233571e-01
-2.414310e-01 -6.730100e-01 -6.844620e-01 1.424096e-01
-2.430429e-01 -6.786184e-01 -6.740621e-01 1.613927e-01
-2.445307e-01 -6.838806e-01 -6.633287e-01 1.802971e-01
-2.458937e-01 -6.887943e-01 -6.522673e-01 1.991134e-01
-2.471311e-01 -6.933569e-01 -6.408835e-01 2.178320e-01
-2.482421e-01 -6.975664e-01 -6.291830e-01 2.364438e-01
-2.492262e-01 -7.014208e-01 -6.171718e-01 2.549395e-01
-2.500827e-01 -7.049183e-01 -6.048559e-01 2.733098e-01
-2.508111e-01 -7.080572e-01 -5.922414e-01 2.915457e-01
-2.514109e-01 -7.108361e-01 -5.793348e-01 3.096380e-01
-2.518818e-01 -7.132538e-01 -5.661425e-01 3.275778e-01
-2.522233e-01 -7.153092e-01 -5.526710e-01 3.453561e-01
-2.524353e-01 -7.170014e-01 -5.389272e-01 3.629640e-01
-2.525176e-01 -7.183297e-01 -5.249177e-01 3.803929e-01
-2.524699e-01 -7.192935e-01 -5.106497e-01 3.976339e-01
-2.522922e-01 -7.198924e-01 -4.961301e-01 4.146787e-01
-2.519846e-01 -7.201264e-01 -4.813663e-01 4.315185e-01
-2.515470e-01 -7.199955e-01 -4.663654e-01 4.481450e-01
-2.509796e-01 -7.194997e-01 -4.511349e-01 4.645499e-01
-2.502825e-01 -7.186396e-01 -4.356825e-01 4.807251e-01
-2.494561e-01 -7.174156e-01 -4.200156e-01 4.966623e-01
-2.485006e-01 -7.158284e-01 -4.041420e-01 5.123537e-01
-2.474165e-01 -7.138791e-01 -3.880697e-01 5.277913e-01
-2.462041e-01 -7.115687e-01 -3.718065e-01 5.429673e-01
-2.448639e-01 -7.088984e-01 -3.553604e-01 5.578742e-01
-2.433967e-01 -7.058698e-01 -3.387396e-01 5.725045e-01
-2.418029e-01 -7.024844e-01 -3.219522e-01 5.868507e-01
-2.400834e-01 -6.987442e-01 -3.050067e-01 6.009056e-01
-2.382389e-01 -6.946509e-01 -2.879113e-01 6.146620e-01
-2.362702e-01 -6.902069e-01 -2.706744e-01 6.281132e-01
-2.341782e-01 -6.854142e-01 -2.533047e-01 6.412524e-01
-2.319639e-01 -6.802754e-01 -2.358105e-01 6.540730e-01
-2.296282e-01 -6.747930e-01 -2.182007e-01 6.665686e-01
-2.271722e-01 -6.689698e-01 -2.004838e-01 6.787330e-01
-2.245971e-01 -6.628087e-01 -1.826686e-01 6.905599e-01
-2.219040e-01 -6.563129e-01 -1.647638e-01 7.020434e-01
-2.190942e-01 -6.494855e-01 -1.467783e-01 7.131777e-01
-2.161690e-01 -6.423300e-01 -1.287209e-01 7.239572e-01
-2.131298e-01 -6.348501e-01 -1.106005e-01 7.343763e-01
-2.099779e-01 -6.270494e-01 -9.242612e-02 7.444298e-01
-2.067149e-01 -6.189319e-01 -7.420664e-02 7.541125e-01
-2.033424e-01 -6.105017e-01 -5.595108e-02 7.634193e-01
-1.998619e-01 -6.017630e-01 -3.766845e-02 7.723455e-01
-1.962750e-01 -5.927203e-01 -1.936779e-02 7.808865e-01
-1.925836e-01 -5.833780e-01 -1.058133e-03 7.890377e-01
-1.887894e-01 -5.737409e-01 1.725146e-02 7.967950e-01
-1.848942e-01 -5.638138e-01 3.555192e-02 8.041543e-01
-1.809000e-01 -5.536017e-01 5.383421e-02 8.111118e-01
-1.768085e-01 -5.431097e-01 7.208924e-02 8.176636e-01
-1.726219e-01 -5.323432e-01 9.030796e-02 8.238063e-01
-1.683421e-01 -5.213075e-01 1.084813e-01 8.295367e-01
-1.639713e-01 -5.100083e-01 1.266003e-01 8.348517e-01
-1.595117e-01 -4.984513e-01 1.446559e-01 8.397482e-01
-1.549654e-01 -4.866423e-01 1.626390e-01 8.442237e-01
-1.503347e-01 -4.745873e-01 1.805408e-01 8.482756e-01
-1.456219e-01 -4.622924e-01 1.983522e-01 8.519016e-01
-1.408293e-01 -4.497640e-01 2.160644e-01 8.550998e-01
-1.359593e-01 -4.370083e-01 2.336685e-01 8.578682e-01
-1.310145e-01 -4.240319e-01 2.511558e-01 8.602051e-01
-1.259973e-01 -4.108415e-01 2.685173e-01 8.621093e-01
-1.209101e-01 -3.974436e-01 2.857445e-01 8.635794e-01
-1.157557e-01 -3.838453e-01 3.028286e-01 8.646145e-01
-1.105366e-01 -3.700535e-01 3.197612e-01 8.652138e-01
-1.052555e-01 -3.560751e-01 3.365336e-01 8.653768e-01
-9.991505e-02 -3.419175e-01 3.531374e-01 8.651031e-01
-9.451802e-02 -3.275878e-01 3.695643e-01 8.643927e-01
-8.906717e-02 -3.130934e-01 3.858061e-01 8.632458e-01
-8.356531e-02 -2.984417e-01 4.018544e-01 8.616626e-01
-7.801527e-02 -2.836403e-01 4.177013e-01 8.596438e-01
-7.241992e-02 -2.686968e-01 4.333387e-01 8.571901e-01
-6.678214e-02 -2.536188e-01 4.487588e-01 8.543028e-01
-6.110486e-02 -2.384141e-01 4.639538e-01 8.509829e-01
-5.539102e-02 -2.230904e-01 4.789160e-01 8.472320e-01
-4.964359e-02 -2.076557e-01 4.936378e-01 8.430518e-01
-4.386555e-02 -1.921178e-01 5.081119e-01 8.384443e-01
-3.805992e-02 -1.764848e-01 5.223310e-01 8.334116e-01
-3.222970e-02 -1.607646e-01 5.362879e-01 8.279561e-01
-2.637791e-02 -1.449652e-01 5.499754e-01 8.220805e-01
-2.050759e-02 -1.290949e-01 5.633869e-01 8.157875e-01
-1.462180e-02 -1.131617e-01 5.765153e-01 8.090802e-01
-8.723587e-03 -9.717384e-02 5.893542e-01 8.019618e-01
-2.816035e-03 -8.113946e-02 6.018971e-01 7.944358e-01
3.097773e-03 -6.506681e-02 6.141376e-01 7.865060e-01
9.014746e-03 -4.896414e-02 6.260695e-01 7.781762e-01
1.493179e-02 -3.283972e-02 6.376869e-01 7.694505e-01
2.084579e-02 -1.670181e-02 6.489838e-01 7.603332e-01
2.675366e-02 -5.586857e-04 6.599546e-01 7.508288e-01
3.265229e-02 1.558137e-02 6.705937e-01 7.409421e-01
3.853858e-02 3.171008e-02 6.808957e-01 7.306780e-01
4.440943e-02 4.781920e-02 6.908555e-01 7.200415e-01
5.026176e-02 6.390041e-02 7.004680e-01 7.090381e-01
5.609248e-02 7.994541e-02 7.097284e-01 6.976732e-01
6.189852e-02 9.594590e-02 7.186321e-01 6.859526e-01
6.767682e-02 1.118936e-01 7.271744e-01 6.738820e-01
7.342433e-02 1.277803e-01 7.353512e-01 6.614678e-01
7.913801e-02 1.435977e-01 7.431584e-01 6.487160e-01
8.481482e-02 1.593377e-01 7.505920e-01 6.356333e-01
9.045175e-02 1.749920e-01 7.576483e-01 6.222261e-01
9.604583e-02 1.905528e-01 7.643238e-01 6.085014e-01
1.015941e-01 2.060118e-01 7.706153e-01 5.944661e-01
1.070935e-01 2.213611e-01 7.765196e-01 5.801273e-01
1.125413e-01 2.365927e-01 7.820337e-01 5.654923e-01
1.179344e-01 2.516989e-01 7.871552e-01 5.505687e-01
1.232700e-01 2.666719e-01 7.918813e-01 5.353640e-01
1.285453e-01 2.815039e-01 7.962099e-01 5.198859e-01
1.337575e-01 2.961874e-01 8.001390e-01 5.041424e-01
1.389038e-01 3.107147e-01 8.036666e-01 4.881415e-01
1.439814e-01 3.250785e-01 8.067910e-01 4.718914e-01
1.489877e-01 3.392715e-01 8.095110e-01 4.554003e-01
1.539199e-01 3.532864e-01 8.118252e-01 4.386767e-01
1.587754e-01 3.671160e-01 8.137326e-01 4.217291e-01
1.635517e-01 3.807534e-01 8.152324e-01 4.045661e-01
1.682463e-01 3.941917e-01 8.163241e-01 3.871964e-01
1.728565e-01 4.074240e-01 8.170072e-01 3.696290e-01
1.773800e-01 4.204436e-01 8.172815e-01 3.518727e-01
1.818143e-01 4.332441e-01 8.171472e-01 3.339366e-01
1.861571e-01 4.458190e-01 8.166043e-01 3.158297e-01
1.904060e-01 4.581620e-01 8.156533e-01 2.975613e-01
1.945589e-01 4.702670e-01 8.142950e-01 2.791407e-01
1.986134e-01 4.821279e-01 8.125300e-01 2.605771e-01
2.025675e-01 4.937388e-01 8.103595e-01 2.418800e-01
2.064189e-01 5.050940e-01 8.077847e-01 2.230588e-01
2.101658e-01 5.161878e-01 8.048070e-01 2.041231e-01
2.138060e-01 5.270149e-01 8.014280e-01 1.850824e-01
2.173376e-01 5.375698e-01 7.976496e-01 1.659463e-01
2.207588e-01 5.478474e-01 7.934738e-01 1.467246e-01
2.240677e-01 5.578428e-01 7.889027e-01 1.274268e-01
2.272625e-01 5.675509e-01 7.839389e-01 1.080628e-01
2.303415e-01 5.769670e-01 7.785849e-01 8.864234e-02
2.333030e-01 5.860864e-01 7.728436e-01 6.917515e-02
2.361456e-01 5.949047e-01 7.667179e-01 4.967110e-02
2.388675e-01 6.034175e-01 7.602113e-01 3.014000e-02
2.414674e-01 6.116206e-01 7.533270e-01 1.059170e-02
2.439439e-01 6.195100e-01 7.460687e-01 -8.963985e-03
2.462955e-01 6.270817e-01 7.384401e-01 -2.851722e-02
2.485210e-01 6.343322e-01 7.304453e-01 -4.805819e-02
2.506193e-01 6.412579e-01 7.220884e-01 -6.757710e-02
2.525890e-01 6.478555e-01 7.133736e-01 -8.706417e-02
2.544293e-01 6.541217e-01 7.043055e-01 -1.065096e-01
2.561389e-01 6.600536e-01 6.948887e-01 -1.259038e-01
2.577171e-01 6.656484e-01 6.851279e-01 -1.452369e-01
2.591628e-01 6.709034e-01 6.750283e-01 -1.644994e-01
2.604754e-01 6.758162e-01 6.645947e-01 -1.836816e-01
2.616539e-01 6.803843e-01 6.538327e-01 -2.027739e-01
2.626978e-01 6.846058e-01 6.427475e-01 -2.217668e-01
2.636064e-01 6.884785e-01 6.313447e-01 -2.406508e-01
2.643793e-01 6.920008e-01 6.196301e-01 -2.594166e-01
2.650158e-01 6.951711e-01 6.076095e-01 -2.780547e-01
2.655156e-01 6.979879e-01 5.952890e-01 -2.965558e-01
2.658783e-01 7.004500e-01 5.826746e-01 -3.149108e-01
2.661038e-01 7.025563e-01 5.697726e-01 -3.331105e-01
2.661917e-01 7.043059e-01 5.565894e-01 -3.511458e-01
2.661419e-01 7.056981e-01 5.431317e-01 -3.690076e-01
2.659545e-01 7.067324e-01 5.294060e-01 -3.866871e-01
2.656293e-01 7.074083e-01 5.154191e-01 -4.041754e-01
2.651665e-01 7.077257e-01 5.011779e-01 -4.214638e-01
2.645661e-01 7.076847e-01 4.866895e-01 -4.385436e-01
2.638285e-01 7.072853e-01 4.719611e-01 -4.554062e-01
2.629539e-01 7.065279e-01 4.569998e-01 -4.720431e-01
2.619427e-01 7.054130e-01 4.418131e-01 -4.884461e-01
2.607953e-01 7.039414e-01 4.264085e-01 -5.046069e-01
2.595121e-01 7.021139e-01 4.107935e-01 -5.205173e-01
2.580938e-01 6.999316e-01 3.949758e-01 -5.361693e-01
2.565410e-01 6.973956e-01 3.789633e-01 -5.515549e-01
2.548544e-01 6.945075e-01 3.627638e-01 -5.666665e-01
2.530348e-01 6.912688e-01 3.463852e-01 -5.814965e-01
2.510830e-01 6.876810e-01 3.298358e-01 -5.960373e-01
2.489998e-01 6.837462e-01 3.131235e-01 -6.102818e-01
2.467862e-01 6.794663e-01 2.962567e-01 -6.242228e-01
2.444433e-01 6.748434e-01 2.792435e-01 -6.378534e-01
2.419720e-01 6.698800e-01 2.620925e-01 -6.511666e-01
2.393736e-01 6.645785e-01 2.448119e-01 -6.641557e-01
2.366492e-01 6.589417e-01 2.274103e-01 -6.768143e-01
2.338001e-01 6.529723e-01 2.098963e-01 -6.891359e-01
2.308276e-01 6.466735e-01 1.922784e-01 -7.011141e-01
2.277332e-01 6.400484e-01 1.745652e-01 -7.127430e-01
2.245184e-01 6.331003e-01 1.567656e-01 -7.240166e-01
2.211845e-01 6.258328e-01 1.388882e-01 -7.349291e-01
2.177333e-01 6.182495e-01 1.209418e-01 -7.454749e-01
2.141664e-01 6.103542e-01 1.029354e-01 -7.556486e-01
2.104855e-01 6.021510e-01 8.487768e-02 -7.654448e-01
2.066924e-01 5.936440e-01 6.677766e-02 -7.748585e-01
2.027890e-01 5.848375e-01 4.864424e-02 -7.838848e-01
1.987771e-01 5.757360e-01 3.048640e-02 -7.925190e-01
1.946587e-01 5.663440e-01 1.231310e-02 -8.007564e-01
1.904358e-01 5.566663e-01 -5.866665e-03 -8.085929e-01
1.861105e-01 5.467078e-01 -2.404390e-02 -8.160241e-01
1.816849e-01 5.364734e-01 -4.220959e-02 -8.230463e-01
1.771612e-01 5.259685e-01 -6.035471e-02 -8.296555e-01
1.725417e-01 5.151983e-01 -7.847026e-02 -8.358483e-01
1.678286e-01 5.041683e-01 -9.654722e-02 -8.416213e-01
1.630243e-01 4.928841e-01 -1.145766e-01 -8.469714e-01
1.581313e-01 4.813515e-01 -1.325494e-01 -8.518955e-01
1.531519e-01 4.695762e-01 -1.504566e-01 -8.563910e-01
1.480887e-01 4.575644e-01 -1.682893e-01 -8.604553e-01
1.429443e-01 4.453221e-01 -1.860387e-01 -8.640861e-01
1.377213e-01 4.328556e-01 -2.036957e-01 -8.672814e-01
1.324223e-01 4.201712e-01 -2.212515e-01 -8.700392e-01
1.270500e-01 4.072756e-01 -2.386974e-01 -8.723580e-01
1.216073e-01 3.941752e-01 -2.560245e-01 -8.742363e-01
1.160968e-01 3.808768e-01 -2.732242e-01 -8.756728e-01
1.105215e-01 3.673872e-01 -2.902878e-01 -8.766668e-01
1.048842e-01 3.537134e-01 -3.072068e-01 -8.772173e-01
9.918788e-02 3.398623e-01 -3.239725e-01 -8.773239e-01
9.343541e-02 3.258410e-01 -3.405766e-01 -8.769863e-01
8.762983e-02 3.116568e-01 -3.570108e-01 -8.762045e-01
8.177414e-02 2.973170e-01 -3.732666e-01 -8.749787e-01
7.587141e-02 2.828289e-01 -3.893359e-01 -8.733092e-01
6.992472e-02 2.681999e-01 -4.052106e-01 -8.711967e-01
6.393717e-02 2.534376e-01 -4.208828e-01 -8.686421e-01
5.791190e-02 2.385495e-01 -4.363444e-01 -8.656465e-01
5.185205e-02 2.235434e-01 -4.515877e-01 -8.622113e-01
4.576076e-02 2.084268e-01 -4.666050e-01 -8.583379e-01
3.964119e-02 1.932075e-01 -4.813887e-01 -8.540283e-01
3.349655e-02 1.778934e-01 -4.959314e-01 -8.492844e-01
2.733001e-02 1.624922e-01 -5.102256e-01 -8.441085e-01
2.114483e-02 1.470121e-01 -5.242643e-01 -8.385030e-01
1.494421e-02 1.314607e-01 -5.380402e-01 -8.324707e-01
8.731431e-03 1.158463e-01 -5.515464e-01 -8.260145e-01
2.509738e-03 1.001767e-01 -5.647761e-01 -8.191376e-01
-3.717595e-03 8.446009e-02 -5.777225e-01 -8.118432e-01
-9.947291e-03 6.870449e-02 -5.903793e-01 -8.041350e-01
-1.617607e-02 5.291801e-02 -6.027398e-01 -7.960168e-01
-2.240064e-02 3.710875e-02 -6.147980e-01 -7.874926e-01
-2.861772e-02 2.128483e-02 -6.265476e-01 -7.785666e-01
-3.482402e-02 5.454359e-03 -6.379829e-01 -7.692434e-01
-4.101626e-02 -1.037453e-02 -6.490979e-01 -7.595275e-01
-4.719117e-02 -2.619374e-02 -6.598870e-01 -7.494238e-01
-5.334548e-02 -4.199512e-02 -6.703449e-01 -7.389373e-01
-5.947594e-02 -5.777051e-02 -6.804663e-01 -7.280734e-01
-6.557931e-02 -7.351175e-02 -6.902459e-01 -7.168375e-01
-7.165238e-02 -8.921068e-02 -6.996789e-01 -7.052353e-01
-7.769191e-02 -1.048592e-01 -7.087606e-01 -6.932727e-01
-8.369471e-02 -1.204492e-01 -7.174862e-01 -6.809557e-01
-8.965760e-02 -1.359725e-01 -7.258516e-01 -6.682907e-01
-9.557741e-02 -1.514213e-01 -7.338524e-01 -6.552841e-01
-1.014510e-01 -1.667875e-01 -7.414847e-01 -6.419424e-01
-1.072752e-01 -1.820631e-01 -7.487447e-01 -6.282726e-01
-1.130470e-01 -1.972402e-01 -7.556287e-01 -6.142816e-01
-1.187632e-01 -2.123111e-01 -7.621334e-01 -5.999766e-01
-1.244209e-01 -2.272680e-01 -7.682556e-01 -5.853648e-01
-1.300169e-01 -2.421033e-01 -7.739923e-01 -5.704539e-01
-1.355485e-01 -2.568091e-01 -7.793405e-01 -5.552513e-01
-1.410124e-01 -2.713782e-01 -7.842979e-01 -5.397649e-01
-1.464060e-01 -2.858029e-01 -7.888620e-01 -5.240027e-01
-1.517263e-01 -3.000759e-01 -7.930305e-01 -5.079726e-01
-1.569704e-01 -3.141900e-01 -7.968016e-01 -4.916830e-01
-1.621356e-01 -3.281380e-01 -8.001734e-01 -4.751421e-01
-1.672191e-01 -3.419127e-01 -8.031445e-01 -4.583584e-01
-1.722182e-01 -3.555073e-01 -8.057133e-01 -4.413405e-01
-1.771303e-01 -3.689148e-01 -8.078789e-01 -4.240971e-01
-1.819527e-01 -3.821286e-01 -8.096403e-01 -4.066370e-01
-1.866829e-01 -3.951418e-01 -8.109966e-01 -3.889690e-01
-1.913183e-01 -4.079482e-01 -8.119474e-01 -3.711023e-01
-1.958566e-01 -4.205411e-01 -8.124924e-01 -3.530459e-01
-2.002952e-01 -4.329144e-01 -8.126315e-01 -3.348090e-01
-2.046319e-01 -4.450618e-01 -8.123646e-01 -3.164009e-01
-2.088643e-01 -4.569774e-01 -8.116921e-01 -2.978309e-01
-2.129901e-01 -4.686553e-01 -8.106145e-01 -2.791085e-01
-2.170073e-01 -4.800897e-01 -8.091324e-01 -2.602432e-01
-2.209136e-01 -4.912749e-01 -8.072467e-01 -2.412445e-01
-2.247070e-01 -5.022055e-01 -8.049585e-01 -2.221220e-01
-2.283854e-01 -5.128762e-01 -8.022690e-01 -2.028855e-01
-2.319470e-01 -5.232816e-01 -7.991798e-01 -1.835446e-01
-2.353898e-01 -5.334167e-01 -7.956924e-01 -1.641092e-01
-2.387120e-01 -5.432765e-01 -7.918089e-01 -1.445891e-01
-2.419118e-01 -5.528562e-01 -7.875311e-01 -1.249942e-01
-2.449875e-01 -5.621512e-01 -7.828613e-01 -1.053343e-01
-2.479375e-01 -5.711569e-01 -7.778021e-01 -8.561938e-02
-2.507602e-01 -5.798690e-01 -7.723560e-01 -6.585942e-02
-2.534541e-01 -5.882831e-01 -7.665260e-01 -4.606439e-02
-2.560177e-01 -5.963951e-01 -7.603151e-01 -2.624425e-02
-2.584496e-01 -6.042012e-01 -7.537265e-01 -6.408998e-03
-2.607487e-01 -6.116974e-01 -7.467637e-01 1.343138e-02
-2.629135e-01 -6.188802e-01 -7.394302e-01 3.326692e-02
-2.649430e-01 -6.257462e-01 -7.317299e-01 5.308764e-02
-2.668360e-01 -6.322920e-01 -7.236666e-01 7.288361e-02
-2.685915e-01 -6.385145e-01 -7.152445e-01 9.264489e-02
-2.702085e-01 -6.444108e-01 -7.064680e-01 1.123616e-01
-2.716862e-01 -6.499780e-01 -6.973413e-01 1.320238e-01
-2.730238e-01 -6.552135e-01 -6.878692e-01 1.516217e-01
-2.742204e-01 -6.601150e-01 -6.780565e-01 1.711455e-01
-2.752754e-01 -6.646801e-01 -6.679080e-01 1.905854e-01
-2.761882e-01 -6.689066e-01 -6.574288e-01 2.099316e-01
-2.769583e-01 -6.727928e-01 -6.466243e-01 2.291746e-01
-2.775853e-01 -6.763367e-01 -6.354997e-01 2.483047e-01
-2.780686e-01 -6.795368e-01 -6.240607e-01 2.673124e-01
-2.784080e-01 -6.823916e-01 -6.123129e-01 2.861880e-01
-2.786033e-01 -6.849000e-01 -6.002621e-01 3.049223e-01
-2.786543e-01 -6.870608e-01 -5.879143e-01 3.235057e-01
-2.785609e-01 -6.888731e-01 -5.752757e-01 3.419291e-01
-2.783231e-01 -6.903362e-01 -5.623525e-01 3.601831e-01
-2.779410e-01 -6.914495e-01 -5.491510e-01 3.782587e-01
-2.774146e-01 -6.922126e-01 -5.356778e-01 3.961467e-01
-2.767441e-01 -6.926253e-01 -5.219395e-01 4.138382e-01
-2.759299e-01 -6.926876e-01 -5.079428e-01 4.313244e-01
-2.749723e-01 -6.923995e-01 -4.936948e-01 4.485963e-01
-2.738717e-01 -6.917614e-01 -4.792023e-01 4.656454e-01
-2.726286e-01 -6.907738e-01 -4.644726e-01 4.824629e-01
-2.712436e-01 -6.894372e-01 -4.495128e-01 4.990406e-01
-2.697174e-01 -6.877526e-01 -4.343304e-01 5.153698e-01
-2.680505e-01 -6.857208e-01 -4.189327e-01 5.314426e-01
-2.662439e-01 -6.833431e-01 -4.033275e-01 5.472506e-01
-2.642984e-01 -6.806207e-01 -3.875223e-01 5.627862e-01
-2.622147e-01 -6.775550e-01 -3.715249e-01 5.780414e-01
-2.599940e-01 -6.741476e-01 -3.553432e-01 5.930087e-01
-2.576372e-01 -6.704003e-01 -3.389851e-01 6.076806e-01
-2.551454e-01 -6.663150e-01 -3.224586e-01 6.220496e-01
-2.525198e-01 -6.618938e-01 -3.057719e-01 6.361085e-01
-2.497616e-01 -6.571389e-01 -2.889331e-01 6.498502e-01
-2.468721e-01 -6.520529e-01 -2.719504e-01 6.632678e-01
-2.438527e-01 -6.466383e-01 -2.548323e-01 6.763544e-01
-2.407049e-01 -6.408978e-01 -2.375870e-01 6.891034e-01
-2.374301e-01 -6.348344e-01 -2.202231e-01 7.015084e-01
-2.340300e-01 -6.284511e-01 -2.027491e-01 7.135629e-01
-2.305061e-01 -6.217512e-01 -1.851735e-01 7.252608e-01
-2.268602e-01 -6.147380e-01 -1.675051e-01 7.365960e-01
-2.230941e-01 -6.074152e-01 -1.497525e-01 7.475627e-01
-2.192096e-01 -5.997864e-01 -1.319244e-01 7.581552e-01
-2.152086e-01 -5.918556e-01 -1.140296e-01 7.683681e-01
-2.110931e-01 -5.836266e-01 -9.607704e-02 7.781959e-01
-2.068651e-01 -5.751038e-01 -7.807551e-02 7.876336e-01
-2.025268e-01 -5.662914e-01 -6.003392e-02 7.966762e-01
-1.980802e-01 -5.571939e-01 -4.196120e-02 8.053189e-01
-1.935276e-01 -5.478159e-01 -2.386630e-02 8.135571e-01
-1.888713e-01 -5.381622e-01 -5.758183e-03 8.213866e-01
-1.841136e-01 -5.282376e-01 1.235416e-02 8.288031e-01
-1.792569e-01 -5.180472e-01 3.046173e-02 8.358027e-01
-1.743036e-01 -5.075962e-01 4.855553e-02 8.423816e-01
-1.692562e-01 -4.968899e-01 6.662653e-02 8.485362e-01
-1.641173e-01 -4.859338e-01 8.466573e-02 8.542632e-01
-1.588895e-01 -4.747333e-01 1.026641e-01 8.595595e-01
-1.535755e-01 -4.632944e-01 1.206127e-01 8.644220e-01
-1.481780e-01 -4.516227e-01 1.385025e-01 8.688483e-01
-1.426998e-01 -4.397243e-01 1.563246e-01 8.728356e-01
-1.371436e-01 -4.276052e-01 1.740699e-01 8.763818e-01
-1.315124e-01 -4.152716e-01 1.917297e-01 8.794849e-01
-1.258090e-01 -4.027300e-01 2.092950e-01 8.821430e-01
-1.200365e-01 -3.899866e-01 2.267571e-01 8.843545e-01
-1.141978e-01 -3.770480e-01 2.441070e-01 8.861182e-01
-1.082959e-01 -3.639209e-01 2.613361e-01 8.874328e-01
-1.023340e-01 -3.506120e-01 2.784358e-01 8.882975e-01
-9.631518e-02 -3.371282e-01 2.953973e-01 8.887117e-01
-9.024253e-02 -3.234763e-01 3.122122e-01 8.886748e-01
-8.411928e-02 -3.096633e-01 3.288719e-01 8.881868e-01
-7.794864e-02 -2.956963e-01 3.453681e-01 8.872478e-01
-7.173384e-02 -2.815826e-01 3.616923e-01 8.858579e-01
-6.547810e-02 -2.673293e-01 3.778365e-01 8.840177e-01
-5.918467e-02 -2.529438e-01 3.937924e-01 8.817279e-01
-5.285684e-02 -2.384334e-01 4.095520e-01 8.789897e-01
-4.649788e-02 -2.238055e-01 4.251073e-01 8.758041e-01
-4.011113e-02 -2.090677e-01 4.404504e-01 8.721727e-01
-3.369993e-02 -1.942276e-01 4.555736e-01 8.680971e-01
-2.726762e-02 -1.792928e-01 4.704693e-01 8.635793e-01
-2.081760e-02 -1.642709e-01 4.851298e-01 8.586215e-01
-1.435324e-02 -1.491697e-01 4.995478e-01 8.532259e-01
-7.877955e-03 -1.339969e-01 5.137159e-01 8.473953e-01
-1.395146e-03 -1.187604e-01 5.276270e-01 8.411324e-01
5.091764e-03 -1.034679e-01 5.412740e-01 8.344405e-01
1.157935e-02 -8.812740e-02 5.546501e-01 8.273226e-01
1.806418e-02 -7.274669e-02 5.677484e-01 8.197825e-01
2.454283e-02 -5.733369e-02 5.805623e-01 8.118238e-01
3.101187e-02 -4.189631e-02 5.930853e-01 8.034506e-01
3.746787e-02 -2.644246e-02 6.053111e-01 7.946669e-01
4.390742e-02 -1.098007e-02 6.172335e-01 7.854772e-01
5.032708e-02 4.482945e-03 6.288464e-01 7.758861e-01
5.672347e-02 1.993867e-02 6.401441e-01 7.658985e-01
6.309320e-02 3.537915e-02 6.511207e-01 7.555193e-01
6.943292e-02 5.079639e-02 6.617707e-01 7.447538e-01
7.573927e-02 6.618244e-02 6.720888e-01 7.336076e-01
8.200892e-02 8.152933e-02 6.820696e-01 7.220863e-01
8.823856e-02 9.682914e-02 6.917082e-01 7.101957e-01
9.442489e-02 1.120739e-01 7.009996e-01 6.979419e-01
1.005646e-01 1.272559e-01 7.099393e-01 6.853312e-01
1.066545e-01 1.423671e-01 7.185227e-01 6.723701e-01
1.126914e-01 1.573999e-01 7.267455e-01 6.590651e-01
1.186720e-01 1.723464e-01 7.346037e-01 6.454232e-01
1.245931e-01 1.871990e-01 7.420932e-01 6.314513e-01
1.304516e-01 2.019501e-01 7.492104e-01 6.171566e-01
1.362445e-01 2.165920e-01 7.559518e-01 6.025465e-01
1.419685e-01 2.311173e-01 7.623140e-01 5.876284e-01
1.476208e-01 2.455186e-01 7.682939e-01 5.724100e-01
1.531983e-01 2.597885e-01 7.738886e-01 5.568992e-01
1.586980e-01 2.739197e-01 7.790953e-01 5.411038e-01
1.641170e-01 2.879051e-01 7.839117e-01 5.250321e-01
1.694525e-01 3.017376e-01 7.883352e-01 5.086923e-01
1.747017e-01 3.154101e-01 7.923639e-01 4.920928e-01
1.798617e-01 3.289158e-01 7.959958e-01 4.752420e-01
1.849298e-01 3.422479e-01 7.992292e-01 4.581486e-01
1.899033e-01 3.553996e-01 8.020626e-01 4.408214e-01
1.947797e-01 3.683644e-01 8.044947e-01 4.232691e-01
1.995563e-01 3.811358e-01 8.065245e-01 4.055009e-01
2.042307e-01 3.937074e-01 8.081510e-01 3.875258e-01
2.088003e-01 4.060730e-01 8.093736e-01 3.693528e-01
2.132628e-01 4.182264e-01 8.101918e-01 3.509914e-01
2.176158e-01 4.301617e-01 8.106052e-01 3.324508e-01
2.218570e-01 4.418729e-01 8.106138e-01 3.137404e-01
2.259842e-01 4.533542e-01 8.102178e-01 2.948699e-01
2.299952e-01 4.646001e-01 8.094173e-01 2.758487e-01
2.338879e-01 4.756050e-01 8.082131e-01 2.566866e-01
2.376603e-01 4.863634e-01 8.066057e-01 2.373932e-01
2.413104e-01 4.968702e-01 8.045960e-01 2.179784e-01
2.448362e-01 5.071201e-01 8.021853e-01 1.984519e-01
2.482360e-01 5.171082e-01 7.993748e-01 1.788237e-01
2.515079e-01 5.268296e-01 7.961660e-01 1.591037e-01
2.546502e-01 5.362796e-01 7.925607e-01 1.393019e-01
2.576613e-01 5.454537e-01 7.885606e-01 1.194283e-01
2.605396e-01 5.543474e-01 7.841678e-01 9.949291e-02
2.632836e-01 5.629565e-01 7.793848e-01 7.950579e-02
2.658918e-01 5.712766e-01 7.742138e-01 5.947705e-02
2.683629e-01 5.793039e-01 7.686577e-01 3.941680e-02
2.706955e-01 5.870344e-01 7.627193e-01 1.933515e-02
2.728885e-01 5.944644e-01 7.564016e-01 -7.577706e-04
2.749406e-01 6.015902e-01 7.497080e-01 -2.085186e-02
2.768508e-01 6.084086e-01 7.426418e-01 -4.093700e-02
2.786181e-01 6.149161e-01 7.352066e-01 -6.100311e-02
2.802415e-01 6.211098e-01 7.274062e-01 -8.104010e-02
2.817202e-01 6.269867e-01 7.192446e-01 -1.010379e-01
2.830533e-01 6.325440e-01 7.107258e-01 -1.209865e-01
2.842402e-01 6.377791e-01 7.018542e-01 -1.408760e-01
2.852802e-01 6.426896e-01 6.926341e-01 -1.606962e-01
2.861727e-01 6.472732e-01 6.830703e-01 -1.804374e-01
2.869172e-01 6.515277e-01 6.731674e-01 -2.000896e-01
2.875134e-01 6.554513e-01 6.629304e-01 -2.196429e-01
2.879608e-01 6.590420e-01 6.523644e-01 -2.390876e-01
2.882592e-01 6.622984e-01 6.414746e-01 -2.584139e-01
2.884085e-01 6.652189e-01 6.302664e-01 -2.776122e-01
2.884084e-01 6.678023e-01 6.187454e-01 -2.966729e-01
2.882591e-01 6.700474e-01 6.069172e-01 -3.155863e-01
2.879604e-01 6.719532e-01 5.947877e-01 -3.343430e-01
2.875125e-01 6.735191e-01 5.823629e-01 -3.529335e-01
2.869156e-01 6.747443e-01 5.696488e-01 -3.713486e-01
2.861700e-01 6.756284e-01 5.566518e-01 -3.895790e-01
2.852760e-01 6.761712e-01 5.433781e-01 -4.076155e-01
2.842340e-01 6.763724e-01 5.298345e-01 -4.254490e-01
2.830446e-01 6.762322e-01 5.160274e-01 -4.430706e-01
2.817083e-01 6.757507e-01 5.019637e-01 -4.604713e-01
2.802257e-01 6.749285e-01 4.876503e-01 -4.776424e-01
2.785977e-01 6.737659e-01 4.730943e-01 -4.945752e-01
2.768249e-01 6.722637e-01 4.583028e-01 -5.112613e-01
2.749082e-01 6.704227e-01 4.432830e-01 -5.276922e-01
2.728484e-01 6.682440e-01 4.280424e-01 -5.438597e-01
2.706467e-01 6.657286e-01 4.125884e-01 -5.597559e-01
2.683039e-01 6.628780e-01 3.969285e-01 -5.753725e-01
2.658213e-01 6.596935e-01 3.810706e-01 -5.907019e-01
2.631999e-01 6.561769e-01 3.650222e-01 -6.057363e-01
2.604411e-01 6.523300e-01 3.487913e-01 -6.204681e-01
2.575462e-01 6.481547e-01 3.323858e-01 -6.348898e-01
2.545166e-01 6.436532e-01 3.158138e-01 -6.489942e-01
2.513538e-01 6.388278e-01 2.990834e-01 -6.627741e-01
2.480592e-01 6.336809e-01 2.822027e-01 -6.762225e-01
2.446346e-01 6.282151e-01 2.651801e-01 -6.893324e-01
2.410815e-01 6.224333e-01 2.480240e-01 -7.020973e-01
2.374017e-01 6.163383e-01 2.307426e-01 -7.145106e-01
2.335971e-01 6.099332e-01 2.133446e-01 -7.265658e-01
2.296695e-01 6.032214e-01 1.958385e-01 -7.382568e-01
2.256209e-01 5.962061e-01 1.782330e-01 -7.495776e-01
2.214532e-01 5.888910e-01 1.605366e-01 -7.605221e-01
2.171686e-01 5.812798e-01 1.427582e-01 -7.710848e-01
2.127693e-01 5.733762e-01 1.249065e-01 -7.812601e-01
2.082574e-01 5.651844e-01 1.069903e-01 -7.910427e-01
2.036352e-01 5.567085e-01 8.901867e-02 -8.004274e-01
1.989050e-01 5.479528e-01 7.100036e-02 -8.094093e-01
1.940694e-01 5.389218e-01 5.294435e-02 -8.179837e-01
1.891306e-01 5.296199e-01 3.485961e-02 -8.261460e-01
1.840912e-01 5.200520e-01 1.675514e-02 -8.338919e-01
1.789537e-01 5.102229e-01 -1.360053e-03 -8.412172e-01
1.737209e-01 5.001375e-01 -1.947693e-02 -8.481180e-01
1.683953e-01 4.898011e-01 -3.758644e-02 -8.545906e-01
1.629797e-01 4.792189e-01 -5.567954e-02 -8.606315e-01
1.574769e-01 4.683963e-01 -7.374717e-02 -8.662374e-01
1.518898e-01 4.573388e-01 -9.178028e-02 -8.714053e-01
1.462211e-01 4.460520e-01 -1.097698e-01 -8.761322e-01
1.404739e-01 4.345418e-01 -1.277068e-01 -8.804155e-01
1.346512e-01 4.228139e-01 -1.455821e-01 -8.842530e-01
1.287559e-01 4.108745e-01 -1.633868e-01 -8.876423e-01
1.227912e-01 3.987296e-01 -1.811119e-01 -8.905815e-01
1.167602e-01 3.863854e-01 -1.987486e-01 -8.930691e-01
1.106661e-01 3.738483e-01 -2.162878e-01 -8.951034e-01
1.045120e-01 3.611247e-01 -2.337208e-01 -8.966832e-01
9.830115e-02 3.482211e-01 -2.510387e-01 -8.978076e-01
9.203688e-02 3.351440e-01 -2.682328e-01 -8.984759e-01
8.572245e-02 3.219003e-01 -2.852944e-01 -8.986873e-01
7.936112e-02 3.084967e-01 -3.022149e-01 -8.984418e-01
7.295620e-02 2.949400e-01 -3.189858e-01 -8.977393e-01
6.651100e-02 2.812372e-01 -3.355986e-01 -8.965799e-01
6.002890e-02 2.673954e-01 -3.520448e-01 -8.949641e-01
5.351327e-02 2.534215e-01 -3.683162e-01 -8.928925e-01
4.696751e-02 2.393229e-01 -3.844044e-01 -8.903661e-01
4.039505e-02 2.251067e-01 -4.003014e-01 -8.873861e-01
3.379934e-02 2.107802e-01 -4.159991e-01 -8.839537e-01
2.718384e-02 1.963508e-01 -4.314895e-01 -8.800706e-01
2.055203e-02 1.818260e-01 -4.467647e-01 -8.757387e-01
1.390740e-02 1.672131e-01 -4.618170e-01 -8.709601e-01
7.253446e-03 1.525197e-01 -4.766387e-01 -8.657371e-01
5.936837e-04 1.377534e-01 -4.912224e-01 -8.600722e-01
-6.068373e-03 1.229217e-01 -5.055606e-01 -8.539683e-01
-1.272920e-02 1.080322e-01 -5.196460e-01 -8.474285e-01
-1.938528e-02 9.309261e-02 -5.334715e-01 -8.404559e-01
-2.603309e-02 7.811058e-02 -5.470301e-01 -8.330541e-01
-3.266911e-02 6.309378e-02 -5.603148e-01 -8.252268e-01
-3.928983e-02 4.804991e-02 -5.733190e-01 -8.169779e-01
-4.589173e-02 3.298666e-02 -5.860361e-01 -8.083115e-01
-5.247132e-02 1.791174e-02 -5.984595e-01 -7.992322e-01
-5.902512e-02 2.832860e-03 -6.105831e-01 -7.897444e-01
-6.554965e-02 -1.224229e-02 -6.224007e-01 -7.798530e-01
-7.204148e-02 -2.730596e-02 -6.339063e-01 -7.695630e-01
-7.849719e-02 -4.235037e-02 -6.450939e-01 -7.588797e-01
-8.491339e-02 -5.736776e-02 -6.559581e-01 -7.478085e-01
-9.128672e-02 -7.235039e-02 -6.664932e-01 -7.363552e-01
-9.761381e-02 -8.729051e-02 -6.766940e-01 -7.245255e-01
-1.038913e-01 -1.021804e-01 -6.865552e-01 -7.123256e-01
-1.101160e-01 -1.170125e-01 -6.960719e-01 -6.997617e-01
-1.162845e-01 -1.317791e-01 -7.052393e-01 -6.868403e-01
-1.223936e-01 -1.464726e-01 -7.140529e-01 -6.735682e-01
-1.284401e-01 -1.610855e-01 -7.225081e-01 -6.599520e-01
-1.344209e-01 -1.756103e-01 -7.306008e-01 -6.459989e-01
-1.403326e-01 -1.900395e-01 -7.383269e-01 -6.317160e-01
-1.461723e-01 -2.043658e-01 -7.456827e-01 -6.171107e-01
-1.519369e-01 -2.185819e-01 -7.526644e-01 -6.021905e-01
-1.576234e-01 -2.326806e-01 -7.592686e-01 -5.869632e-01
-1.632287e-01 -2.466547e-01 -7.654920e-01 -5.714366e-01
-1.687499e-01 -2.604971e-01 -7.713317e-01 -5.556187e-01
-1.741841e-01 -2.742008e-01 -7.767848e-01 -5.395175e-01
-1.795285e-01 -2.877589e-01 -7.818486e-01 -5.231415e-01
-1.847803e-01 -3.011646e-01 -7.865207e-01 -5.064990e-01
-1.899367e-01 -3.144112e-01 -7.907989e-01 -4.895986e-01
-1.949950e-01 -3.274920e-01 -7.946810e-01 -4.724489e-01
-1.999526e-01 -3.404004e-01 -7.981654e-01 -4.550588e-01
-2.048070e-01 -3.531302e-01 -8.012503e-01 -4.374371e-01
-2.095555e-01 -3.656748e-01 -8.039343e-01 -4.195928e-01
-2.141957e-01 -3.780282e-01 -8.062161e-01 -4.015351e-01
-2.187252e-01 -3.901841e-01 -8.080949e-01 -3.832732e-01
-2.231416e-01 -4.021367e-01 -8.095696e-01 -3.648164e-01
-2.274427e-01 -4.138799e-01 -8.106397e-01 -3.461741e-01
-2.316262e-01 -4.254081e-01 -8.113048e-01 -3.273557e-01
-2.356900e-01 -4.367156e-01 -8.115646e-01 -3.083709e-01
-2.396319e-01 -4.477967e-01 -8.114192e-01 -2.892294e-01
-2.434500e-01 -4.586461e-01 -8.108686e-01 -2.699408e-01
-2.471422e-01 -4.692584e-01 -8.099133e-01 -2.505149e-01
-2.507066e-01 -4.796286e-01 -8.085539e-01 -2.309615e-01
-2.541415e-01 -4.897515e-01 -8.067911e-01 -2.112907e-01
-2.574450e-01 -4.996223e-01 -8.046258e-01 -1.915122e-01
-2.606154e-01 -5.092361e-01 -8.020593e-01 -1.716362e-01
-2.636512e-01 -5.185884e-01 -7.990929e-01 -1.516727e-01
-2.665508e-01 -5.276747e-01 -7.957281e-01 -1.316317e-01
-2.693126e-01 -5.364905e-01 -7.919667e-01 -1.115233e-01
-2.719353e-01 -5.450317e-01 -7.878105e-01 -9.135773e-02
-2.744176e-01 -5.532942e-01 -7.832617e-01 -7.114512e-02
-2.767581e-01 -5.612739e-01 -7.783227e-01 -5.089566e-02
-2.789557e-01 -5.689670e-01 -7.729959e-01 -3.061956e-02
-2.810092e-01 -5.763698e-01 -7.672842e-01 -1.032703e-02
-2.829176e-01 -5.834788e-01 -7.611903e-01 9.971720e-03
-2.846799e-01 -5.902905e-01 -7.547174e-01 3.026649e-02
-2.862951e-01 -5.968017e-01 -7.478688e-01 5.054707e-02
-2.877626e-01 -6.030093e-01 -7.406479e-01 7.080329e-02
-2.890815e-01 -6.089103e-01 -7.330583e-01 9.102499e-02
-2.902511e-01 -6.145020e-01 -7.251039e-01 1.112020e-01
-2.912709e-01 -6.197818e-01 -7.167885e-01 1.313243e-01
-2.921403e-01 -6.247470e-01 -7.081164e-01 1.513816e-01
-2.928589e-01 -6.293955e-01 -6.990918e-01 1.713641e-01
-2.934262e-01 -6.337251e-01 -6.897192e-01 1.912616e-01
-2.938421e-01 -6.377338e-01 -6.800032e-01 2.110643e-01
-2.941062e-01 -6.414196e-01 -6.699487e-01 2.307621e-01
-2.942185e-01 -6.447810e-01 -6.595606e-01 2.503452e-01
-2.941789e-01 -6.478165e-01 -6.488440e-01 2.698039e-01
-2.939874e-01 -6.505245e-01 -6.378041e-01 2.891282e-01
-2.936441e-01 -6.529041e-01 -6.264465e-01 3.083086e-01
-2.931491e-01 -6.549540e-01 -6.147767e-01 3.273354e-01
-2.925027e-01 -6.566735e-01 -6.028004e-01 3.461991e-01
-2.917053e-01 -6.580617e-01 -5.905235e-01 3.648901e-01
-2.907572e-01 -6.591182e-01 -5.779520e-01 3.833991e-01
-2.896590e-01 -6.598426e-01 -5.650922e-01 4.017167e-01
-2.884111e-01 -6.602346e-01 -5.519502e-01 4.198338e-01
-2.870142e-01 -6.602941e-01 -5.385325e-01 4.377411e-01
-2.854691e-01 -6.600213e-01 -5.248458e-01 4.554297e-01
-2.837765e-01 -6.594163e-01 -5.108967e-01 4.728906e-01
-2.819372e-01 -6.584796e-01 -4.966921e-01 4.901152e-01
-2.799522e-01 -6.572117e-01 -4.822390e-01 5.070947e-01
-2.778223e-01 -6.556133e-01 -4.675444e-01 5.238208e-01
-2.755485e-01 -6.536852e-01 -4.526155e-01 5.402850e-01
-2.731321e-01 -6.514285e-01 -4.374596e-01 5.564790e-01
-2.705742e-01 -6.488443e-01 -4.220841e-01 5.723948e-01
-2.678760e-01 -6.459339e-01 -4.064965e-01 5.880242e-01
-2.650388e-01 -6.426990e-01 -3.907045e-01 6.033593e-01
-2.620640e-01 -6.391410e-01 -3.747158e-01 6.183925e-01
-2.589532e-01 -6.352618e-01 -3.585381e-01 6.331162e-01
-2.557077e-01 -6.310635e-01 -3.421795e-01 6.475227e-01
-2.523293e-01 -6.265480e-01 -3.256480e-01 6.616048e-01
-2.488195e-01 -6.217177e-01 -3.089515e-01 6.753554e-01
-2.451802e-01 -6.165750e-01 -2.920984e-01 6.887673e-01
-2.414131e-01 -6.111226e-01 -2.750970e-01 7.018337e-01
-2.375202e-01 -6.053631e-01 -2.579554e-01 7.145479e-01
-2.335033e-01 -5.992995e-01 -2.406823e-01 7.269033e-01
-2.293645e-01 -5.929348e-01 -2.232861e-01 7.388935e-01
-2.251059e-01 -5.862722e-01 -2.057754e-01 7.505123e-01
-2.207296e-01 -5.793151e-01 -1.881589e-01 7.617537e-01
-2.162379e-01 -5.720670e-01 -1.704453e-01 7.726117e-01
-2.116330e-01 -5.645316e-01 -1.526433e-01 7.830808e-01
-2.069172e-01 -5.567126e-01 -1.347618e-01 7.931554e-01
-2.020931e-01 -5.486141e-01 -1.168097e-01 8.028303e-01
-1.971631e-01 -5.402401e-01 -9.879597e-02 8.121002e-01
-1.921297e-01 -5.315948e-01 -8.072950e-02 8.209603e-01
-1.869955e-01 -5.226827e-01 -6.261934e-02 8.294060e-01
-1.817631e-01 -5.135082e-01 -4.447453e-02 8.374327e-01
-1.764352e-01 -5.040761e-01 -2.630413e-02 8.450361e-01
-1.710146e-01 -4.943910e-01 -8.117244e-03 8.522122e-01
-1.655041e-01 -4.844579e-01 1.007702e-02 8.589571e-01
-1.599065e-01 -4.742819e-01 2.826952e-02 8.652672e-01
-1.542248e-01 -4.638682e-01 4.645113e-02 8.711391e-01
-1.484619e-01 -4.532219e-01 6.461270e-02 8.765695e-01
-1.426208e-01 -4.423487e-01 8.274508e-02 8.815556e-01
-1.367046e-01 -4.312539e-01 1.008391e-01 8.860945e-01
-1.307164e-01 -4.199433e-01 1.188857e-01 8.901837e-01
-1.246593e-01 -4.084227e-01 1.368757e-01 8.938210e-01
-1.185366e-01 -3.966978e-01 1.548000e-01 8.970044e-01
-1.123514e-01 -3.847749e-01 1.726496e-01 8.997320e-01
-1.061071e-01 -3.726598e-01 1.904154e-01 9.020022e-01
-9.980687e-02 -3.603588e-01 2.080884e-01 9.038138e-01
-9.345399e-02 -3.478782e-01 2.256598e-01 9.051656e-01
-8.705175e-02 -3.352244e-01 2.431205e-01 9.060568e-01
-8.060349e-02 -3.224038e-01 2.604618e-01 9.064869e-01
-7.411254e-02 -3.094231e-01 2.776749e-01 9.064554e-01
-6.758230e-02 -2.962887e-01 2.947510e-01 9.059622e-01
-6.101616e-02 -2.830076e-01 3.116814e-01 9.050074e-01
-5.441756e-02 -2.695865e-01 3.284576e-01 9.035914e-01
-4.778995e-02 -2.560323e-01 3.450710e-01 9.017148e-01
-4.113681e-02 -2.423519e-01 3.615132e-01 8.993784e-01
-3.446162e-02 -2.285524e-01 3.777757e-01 8.965833e-01
-2.776790e-02 -2.146409e-01 3.938504e-01 8.933309e-01
-2.105916e-02 -2.006245e-01 4.097289e-01 8.896227e-01
-1.433895e-02 -1.865105e-01 4.254033e-01 8.854605e-01
-7.610797e-03 -1.723059e-01 4.408656e-01 8.808464e-01
-8.782623e-04 -1.580183e-01 4.561077e-01 8.757826e-01
5.855103e-03 -1.436549e-01 4.711221e-01 8.702718e-01
1.258574e-02 -1.292230e-01 4.859011e-01 8.643166e-01
1.931009e-02 -1.147301e-01 5.004370e-01 8.579201e-01
2.602460e-02 -1.001837e-01 5.147226e-01 8.510856e-01
3.272572e-02 -8.559106e-02 5.287505e-01 8.438164e-01
3.940990e-02 -7.095977e-02 5.425136e-01 8.361163e-01
4.607361e-02 -5.629728e-02 5.560050e-01 8.279893e-01
5.271332e-02 -4.161109e-02 5.692178e-01 8.194394e-01
5.932553e-02 -2.690868e-02 5.821452e-01 8.104711e-01
6.590673e-02 -1.219756e-02 5.947807e-01 8.010889e-01
7.245344e-02 2.514804e-03 6.071179e-01 7.912977e-01
7.896224e-02 1.722087e-02 6.191506e-01 7.811024e-01
8.542973e-02 3.191307e-02 6.308726e-01 7.705084e-01
9.185253e-02 4.658382e-02 6.422779e-01 7.595210e-01
9.822730e-02 6.122558e-02 6.533608e-01 7.481460e-01
1.045507e-01 7.583081e-02 6.641157e-01 7.363893e-01
1.108195e-01 9.039200e-02 6.745371e-01 7.242569e-01
1.170303e-01 1.049017e-01 6.846198e-01 7.117551e-01
1.231799e-01 1.193524e-01 6.943586e-01 6.988904e-01
1.292652e-01 1.337368e-01 7.037487e-01 6.856695e-01
1.352829e-01 1.480474e-01 7.127854e-01 6.720993e-01
1.412300e-01 1.622771e-01 7.214641e-01 6.581867e-01
1.471033e-01 1.764185e-01 7.297806e-01 6.439390e-01
1.528997e-01 1.904644e-01 7.377306e-01 6.293636e-01
1.586163e-01 2.044078e-01 7.453103e-01 6.144679e-01
1.642501e-01 2.182415e-01 7.525159e-01 5.992598e-01
1.697982e-01 2.319586e-01 7.593439e-01 5.837471e-01
1.752577e-01 2.455521e-01 7.657908e-01 5.679378e-01
1.806257e-01 2.590153e-01 7.718536e-01 5.518400e-01
1.858996e-01 2.723414e-01 7.775293e-01 5.354621e-01
1.910765e-01 2.855236e-01 7.828152e-01 5.188125e-01
1.961538e-01 2.985555e-01 7.877087e-01 5.018997e-01
2.011290e-01 3.114306e-01 7.922074e-01 4.847324e-01
2.059994e-01 3.241424e-01 7.963092e-01 4.673195e-01
2.107625e-01 3.366847e-01 8.000122e-01 4.496699e-01
2.154159e-01 3.490512e-01 8.033147e-01 4.317925e-01
2.199573e-01 3.612359e-01 8.062150e-01 4.136966e-01
2.243842e-01 3.732328e-01 8.087118e-01 3.953913e-01
2.286946e-01 3.850359e-01 8.108040e-01 3.768860e-01
2.328861e-01 3.966394e-01 8.124907e-01 3.581901e-01
2.369566e-01 4.080377e-01 8.137711e-01 3.393132e-01
2.409041e-01 4.192252e-01 8.146446e-01 3.202649e-01
2.447266e-01 4.301963e-01 8.151111e-01 3.010547e-01
2.484221e-01 4.409459e-01 8.151702e-01 2.816925e-01
2.519888e-01 4.514686e-01 8.148221e-01 2.621881e-01
2.554250e-01 4.617594e-01 8.140671e-01 2.425512e-01
2.587288e-01 4.718133e-01 8.129055e-01 2.227920e-01
2.618986e-01 4.816255e-01 8.113380e-01 2.029202e-01
2.649328e-01 4.911912e-01 8.093656e-01 1.829460e-01
2.678299e-01 5.005058e-01 8.069891e-01 1.628793e-01
2.705886e-01 5.095649e-01 8.042098e-01 1.427304e-01
2.732073e-01 5.183641e-01 8.010293e-01 1.225093e-01
2.756848e-01 5.268993e-01 7.974489e-01 1.022263e-01
2.780199e-01 5.351664e-01 7.934707e-01 8.189141e-02
2.802114e-01 5.431613e-01 7.890965e-01 6.151499e-02
2.822583e-01 5.508804e-01 7.843285e-01 4.110725e-02
2.841595e-01 5.583198e-01 7.791693e-01 2.067844e-02
2.859142e-01 5.654760e-01 7.736213e-01 2.388349e-04
2.875214e-01 5.723456e-01 7.676874e-01 -2.020132e-02
2.889803e-01 5.789252e-01 7.613705e-01 -4.063178e-02
2.902903e-01 5.852118e-01 7.546738e-01 -6.104230e-02
2.914507e-01 5.912023e-01 7.476006e-01 -8.142265e-02
2.924610e-01 5.968939e-01 7.401544e-01 -1.017626e-01
2.933207e-01 6.022839e-01 7.323389e-01 -1.220521e-01
2.940293e-01 6.073698e-01 7.241580e-01 -1.422808e-01
2.945866e-01 6.121491e-01 7.156157e-01 -1.624388e-01
2.949923e-01 6.166197e-01 7.067162e-01 -1.825158e-01
2.952461e-01 6.207794e-01 6.974638e-01 -2.025018e-01
2.953481e-01 6.246262e-01 6.878631e-01 -2.223869e-01
2.952982e-01 6.281585e-01 6.779188e-01 -2.421611e-01
2.950964e-01 6.313745e-01 6.676358e-01 -2.618145e-01
2.947429e-01 6.342728e-01 6.570191e-01 -2.813372e-01
2.942378e-01 6.368520e-01 6.460739e-01 -3.007194e-01
2.935815e-01 6.391111e-01 6.348055e-01 -3.199515e-01
2.927744e-01 6.410489e-01 6.232194e-01 -3.390237e-01
2.918168e-01 6.426645e-01 6.113214e-01 -3.579265e-01
2.907093e-01 6.439574e-01 5.991172e-01 -3.766503e-01
2.894526e-01 6.449270e-01 5.866128e-01 -3.951858e-01
2.880471e-01 6.455728e-01 5.738143e-01 -4.135235e-01
2.864938e-01 6.458946e-01 5.607280e-01 -4.316544e-01
2.847934e-01 6.458924e-01 5.473603e-01 -4.495692e-01
2.829467e-01 6.455661e-01 5.337177e-01 -4.672591e-01
2.809546e-01 6.449159e-01 5.198068e-01 -4.847152e-01
2.788182e-01 6.439423e-01 5.056345e-01 -5.019288e-01
2.765383e-01 6.426457e-01 4.912076e-01 -5.188912e-01
2.741163e-01 6.410268e-01 4.765333e-01 -5.355940e-01
2.715533e-01 6.390865e-01 4.616186e-01 -5.520286e-01
2.688505e-01 6.368256e-01 4.464708e-01 -5.681869e-01
2.660093e-01 6.342454e-01 4.310973e-01 -5.840607e-01
2.630310e-01 6.313472e-01 4.155057e-01 -5.996419e-01
2.599173e-01 6.281323e-01 3.997035e-01 -6.149227e-01
2.566695e-01 6.246024e-01 3.836984e-01 -6.298953e-01
2.532894e-01 6.207593e-01 3.674984e-01 -6.445521e-01
2.497786e-01 6.166048e-01 3.511112e-01 -6.588855e-01
2.461388e-01 6.121410e-01 3.345450e-01 -6.728884e-01
2.423720e-01 6.073701e-01 3.178079e-01 -6.865533e-01
2.384799e-01 6.022946e-01 3.009082e-01 -6.998735e-01
2.344647e-01 5.969168e-01 2.838540e-01 -7.128419e-01
2.303282e-01 5.912396e-01 2.666539e-01 -7.254519e-01
2.260726e-01 5.852656e-01 2.493164e-01 -7.376969e-01
2.217000e-01 5.789980e-01 2.318500e-01 -7.495705e-01
2.172128e-01 5.724398e-01 2.142633e-01 -7.610666e-01
2.126132e-01 5.655944e-01 1.965652e-01 -7.721792e-01
2.079035e-01 5.584650e-01 1.787644e-01 -7.829024e-01
2.030863e-01 5.510554e-01 1.608698e-01 -7.932306e-01
1.981639e-01 5.433692e-01 1.428903e-01 -8.031584e-01
1.931390e-01 5.354103e-01 1.248349e-01 -8.126804e-01
1.880141e-01 5.271827e-01 1.067126e-01 -8.217916e-01
1.827921e-01 5.186906e-01 8.853252e-02 -8.304873e-01
1.774754e-01 5.099382e-01 7.030380e-02 -8.387627e-01
1.720670e-01 5.009299e-01 5.203559e-02 -8.466135e-01
1.665696e-01 4.916703e-01 3.373705e-02 -8.540355e-01
1.609862e-01 4.821641e-01 1.541741e-02 -8.610247e-01
1.553196e-01 4.724161e-01 -2.914090e-03 -8.675773e-01
1.495727e-01 4.624312e-01 -2.124820e-02 -8.736898e-01
1.437488e-01 4.522145e-01 -3.957565e-02 -8.793589e-01
1.378507e-01 4.417712e-01 -5.788717e-02 -8.845815e-01
1.318817e-01 4.311066e-01 -7.617346e-02 -8.893548e-01
1.258448e-01 4.202261e-01 -9.442527e-02 -8.936761e-01
1.197433e-01 4.091353e-01 -1.126333e-01 -8.975431e-01
1.135805e-01 3.978397e-01 -1.307884e-01 -9.009536e-01
1.073594e-01 3.863452e-01 -1.488812e-01 -9.039058e-01
1.010832e-01 3.746577e-01 -1.669027e-01 -9.063980e-01
9.475533e-02 3.627829e-01 -1.848437e-01 -9.084287e-01
8.837894e-02 3.507271e-01 -2.026950e-01 -9.099969e-01
8.195736e-02 3.384964e-01 -2.204476e-01 -9.111015e-01
7.549393e-02 3.260971e-01 -2.380924e-01 -9.117419e-01
6.899203e-02 3.135354e-01 -2.556205e-01 -9.119176e-01
6.245505e-02 3.008179e-01 -2.730228e-01 -9.116285e-01
5.588640e-02 2.879511e-01 -2.902906e-01 -9.108744e-01
4.928952e-02 2.749415e-01 -3.074149e-01 -9.096559e-01
4.266788e-02 2.617959e-01 -3.243870e-01 -9.079733e-01
3.602496e-02 2.485209e-01 -3.411982e-01 -9.058274e-01
2.936424e-02 2.351235e-01 -3.578400e-01 -9.032193e-01
2.268923e-02 2.216105e-01 -3.743038e-01 -9.001503e-01
1.600345e-02 2.079888e-01 -3.905812e-01 -8.966219e-01
9.310425e-03 1.942655e-01 -4.066638e-01 -8.926359e-01
2.613688e-03 1.804475e-01 -4.225435e-01 -8.881942e-01
-4.083225e-03 1.665420e-01 -4.382121e-01 -8.832991e-01
-1.077678e-02 1.525561e-01 -4.536615e-01 -8.779531e-01
-1.746343e-02 1.384969e-01 -4.688840e-01 -8.721591e-01
-2.413966e-02 1.243718e-01 -4.838717e-01 -8.659198e-01
-3.080192e-02 1.101878e-01 -4.986169e-01 -8.592387e-01
-3.744670e-02 9.595235e-02 -5.131122e-01 -8.521190e-01
-4.407050e-02 8.167258e-02 -5.273502e-01 -8.445645e-01
-5.066980e-02 6.735582e-02 -5.413235e-01 -8.365791e-01
-5.724114e-02 5.300936e-02 -5.550252e-01 -8.281669e-01
-6.378104e-02 3.864049e-02 -5.684482e-01 -8.193324e-01
-7.028605e-02 2.425652e-02 -5.815857e-01 -8.100799e-01
-7.675276e-02 9.864738e-03 -5.944311e-01 -8.004145e-01
-8.317776e-02 -4.527532e-03 -6.069778e-01 -7.903410e-01
-8.955775e-02 -1.891290e-02 -6.192195e-01 -7.798647e-01
-9.588942e-02 -3.328396e-02 -6.311499e-01 -7.689910e-01
-1.021695e-01 -4.763334e-02 -6.427630e-01 -7.577257e-01
-1.083948e-01 -6.195365e-02 -6.540528e-01 -7.460746e-01
-1.145620e-01 -7.623757e-02 -6.650137e-01 -7.340437e-01
-1.206680e-01 -9.047777e-02 -6.756401e-01 -7.216394e-01
-1.267096e-01 -1.046670e-01 -6.859267e-01 -7.088682e-01
-1.326837e-01 -1.187980e-01 -6.958682e-01 -6.957367e-01
-1.385873e-01 -1.328635e-01 -7.054598e-01 -6.822517e-01
-1.444173e-01 -1.468565e-01 -7.146965e-01 -6.684203e-01
-1.501707e-01 -1.607698e-01 -7.235739e-01 -6.542497e-01
-1.558446e-01 -1.745963e-01 -7.320875e-01 -6.397472e-01
-1.614361e-01 -1.883292e-01 -7.402330e-01 -6.249204e-01
-1.669422e-01 -2.019614e-01 -7.480065e-01 -6.097771e-01
-1.723602e-01 -2.154862e-01 -7.554042e-01 -5.943250e-01
-1.776873e-01 -2.288968e-01 -7.624223e-01 -5.785722e-01
-1.829208e-01 -2.421863e-01 -7.690575e-01 -5.625267e-01
-1.880581e-01 -2.553484e-01 -7.753066e-01 -5.461970e-01
-1.930964e-01 -2.683763e-01 -7.811664e-01 -5.295913e-01
-1.980334e-01 -2.812636e-01 -7.866343e-01 -5.127183e-01
-2.028665e-01 -2.940040e-01 -7.917075e-01 -4.955866e-01
-2.075931e-01 -3.065912e-01 -7.963836e-01 -4.782051e-01
-2.122111e-01 -3.190188e-01 -8.006605e-01 -4.605825e-01
-2.167180e-01 -3.312809e-01 -8.045360e-01 -4.427280e-01
-2.211116e-01 -3.433714e-01 -8.080083e-01 -4.246507e-01
-2.253898e-01 -3.552843e-01 -8.110760e-01 -4.063598e-01
-2.295502e-01 -3.670138e-01 -8.137374e-01 -3.878647e-01
-2.335910e-01 -3.785542e-01 -8.159914e-01 -3.691747e-01
-2.375101e-01 -3.898999e-01 -8.178370e-01 -3.502993e-01
-2.413056e-01 -4.010453e-01 -8.192734e-01 -3.312482e-01
-2.449755e-01 -4.119850e-01 -8.203000e-01 -3.120309e-01
-2.485181e-01 -4.227139e-01 -8.209163e-01 -2.926572e-01
-2.519316e-01 -4.332266e-01 -8.211221e-01 -2.731368e-01
-2.552144e-01 -4.435182e-01 -8.209174e-01 -2.534797e-01
-2.583648e-01 -4.535836e-01 -8.203023e-01 -2.336956e-01
-2.613814e-01 -4.634181e-01 -8.192773e-01 -2.137946e-01
-2.642626e-01 -4.730170e-01 -8.178429e-01 -1.937867e-01
-2.670070e-01 -4.823756e-01 -8.159998e-01 -1.736818e-01
-2.696134e-01 -4.914895e-01 -8.137490e-01 -1.534902e-01
-2.720805e-01 -5.003544e-01 -8.110916e-01 -1.332218e-01
-2.744071e-01 -5.089659e-01 -8.080291e-01 -1.128870e-01
-2.765920e-01 -5.173201e-01 -8.045628e-01 -9.249580e-02
-2.786343e-01 -5.254130e-01 -8.006945e-01 -7.205848e-02
-2.805330e-01 -5.332406e-01 -7.964262e-01 -5.158527e-02
-2.822872e-01 -5.407993e-01 -7.917598e-01 -3.108642e-02
-2.838961e-01 -5.480854e-01 -7.866979e-01 -1.057220e-02
-2.853589e-01 -5.550954e-01 -7.812428e-01 9.947122e-03
-2.866750e-01 -5.618260e-01 -7.753974e-01 3.046130e-02
-2.878438e-01 -5.682739e-01 -7.691644e-01 5.096006e-02
-2.888647e-01 -5.744360e-01 -7.625469e-01 7.143318e-02
-2.897372e-01 -5.803094e-01 -7.555482e-01 9.187043e-02
-2.904611e-01 -5.858914e-01 -7.481718e-01 1.122616e-01
-2.910359e-01 -5.911791e-01 -7.404212e-01 1.325965e-01
-2.914616e-01 -5.961702e-01 -7.323002e-01 1.528650e-01
-2.917378e-01 -6.008622e-01 -7.238128e-01 1.730570e-01
-2.918646e-01 -6.052529e-01 -7.149631e-01 1.931624e-01
-2.918419e-01 -6.093403e-01 -7.057555e-01 2.131711e-01
-2.916698e-01 -6.131224e-01 -6.961944e-01 2.330731e-01
-2.913484e-01 -6.165974e-01 -6.862844e-01 2.528585e-01
-2.908781e-01 -6.197637e-01 -6.760305e-01 2.725174e-01
-2.902589e-01 -6.226197e-01 -6.654375e-01 2.920399e-01
-2.894915e-01 -6.251642e-01 -6.545107e-01 3.114163e-01
-2.885761e-01 -6.273959e-01 -6.432554e-01 3.306368e-01
-2.875134e-01 -6.293138e-01 -6.316769e-01 3.496918e-01
-2.863039e-01 -6.309170e-01 -6.197811e-01 3.685717e-01
-2.849484e-01 -6.322048e-01 -6.075737e-01 3.872670e-01
-2.834474e-01 -6.331765e-01 -5.950606e-01 4.057684e-01
-2.818018e-01 -6.338317e-01 -5.822479e-01 4.240666e-01
-2.800124e-01 -6.341701e-01 -5.691419e-01 4.421525e-01
-2.780801e-01 -6.341915e-01 -5.557489e-01 4.600172e-01
-2.760059e-01 -6.338959e-01 -5.420754e-01 4.776516e-01
-2.737908e-01 -6.332834e-01 -5.281281e-01 4.950468e-01
-2.714359e-01 -6.323544e-01 -5.139138e-01 5.121943e-01
-2.689424e-01 -6.311094e-01 -4.994393e-01 5.290854e-01
-2.663115e-01 -6.295488e-01 -4.847117e-01 5.457115e-01
-2.635445e-01 -6.276734e-01 -4.697382e-01 5.620644e-01
-2.606428e-01 -6.254843e-01 -4.545261e-01 5.781356e-01
-2.576079e-01 -6.229823e-01 -4.390827e-01 5.939172e-01
-2.544413e-01 -6.201687e-01 -4.234156e-01 6.094010e-01
-2.511446e-01 -6.170449e-01 -4.075324e-01 6.245793e-01
-2.477193e-01 -6.136124e-01 -3.914410e-01 6.394442e-01
-2.441673e-01 -6.098729e-01 -3.751491e-01 6.539882e-01
-2.404904e-01 -6.058280e-01 -3.586649e-01 6.682037e-01
-2.366903e-01 -6.014800e-01 -3.419963e-01 6.820836e-01
-2.327691e-01 -5.968307e-01 -3.251517e-01 6.956206e-01
-2.287287e-01 -5.918826e-01 -3.081392e-01 7.088078e-01
-2.245712e-01 -5.866379e-01 -2.909673e-01 7.216382e-01
-2.202987e-01 -5.810994e-01 -2.736446e-01 7.341053e-01
-2.159134e-01 -5.752697e-01 -2.561795e-01 7.462025e-01
-2.114176e-01 -5.691517e-01 -2.385808e-01 7.579236e-01
-2.068136e-01 -5.627484e-01 -2.208573e-01 7.692623e-01
-2.021038e-01 -5.560629e-01 -2.030177e-01 7.802127e-01
-1.972907e-01 -5.490987e-01 -1.850711e-01 7.907691e-01
-1.923767e-01 -5.418591e-01 -1.670263e-01 8.009258e-01
-1.873645e-01 -5.343477e-01 -1.488925e-01 8.106776e-01
-1.822566e-01 -5.265683e-01 -1.306788e-01 8.200191e-01
-1.770558e-01 -5.185248e-01 -1.123944e-01 8.289456e-01
-1.717649e-01 -5.102212e-01 -9.404838e-02 8.374521e-01
-1.663865e-01 -5.016617e-01 -7.565014e-02 8.455342e-01
-1.609236e-01 -4.928505e-01 -5.720894e-02 8.531876e-01
-1.553791e-01 -4.837921e-01 -3.873412e-02 8.604081e-01
-1.497558e-01 -4.744911e-01 -2.023502e-02 8.671920e-01
-1.440567e-01 -4.649521e-01 -1.721031e-03 8.735355e-01
-1.382849e-01 -4.551799e-01 1.679843e-02 8.794352e-01
-1.324434e-01 -4.451796e-01 3.531395e-02 8.848880e-01
-1.265353e-01 -4.349560e-01 5.381612e-02 8.898910e-01
-1.205636e-01 -4.245145e-01 7.229554e-02 8.944413e-01
-1.145315e-01 -4.138602e-01 9.074284e-02 8.985366e-01
-1.084419e-01 -4.029987e-01 1.091486e-01 9.021746e-01
-1.022981e-01 -3.919354e-01 1.275035e-01 9.053533e-01
-9.610323e-02 -3.806759e-01 1.457982e-01 9.080710e-01
-8.986048e-02 -3.692261e-01 1.640233e-01 9.103261e-01
-8.357311e-02 -3.575917e-01 1.821695e-01 9.121173e-01
-7.724438e-02 -3.457786e-01 2.002275e-01 9.134437e-01
-7.087758e-02 -3.337930e-01 2.181880e-01 9.143044e-01
-6.447605e-02 -3.216410e-01 2.360420e-01 9.146989e-01
-5.804312e-02 -3.093287e-01 2.537801e-01 9.146269e-01
-5.158217e-02 -2.968625e-01 2.713933e-01 9.140884e-01
-4.509659e-02 -2.842488e-01 2.888725e-01 9.130836e-01
-3.858977e-02 -2.714941e-01 3.062088e-01 9.116129e-01
-3.206515e-02 -2.586048e-01 3.233932e-01 9.096770e-01
-2.552616e-02 -2.455877e-01 3.404169e-01 9.072769e-01
-1.897624e-02 -2.324494e-01 3.572712e-01 9.044139e-01
-1.241884e-02 -2.191966e-01 3.739474e-01 9.010893e-01
-5.857435e-03 -2.058361e-01 3.904370e-01 8.973049e-01
7.045204e-04 -1.923749e-01 4.067314e-01 8.930627e-01
7.263559e-03 -1.788197e-01 4.228222e-01 8.883648e-01
1.381622e-02 -1.651776e-01 4.387014e-01 8.832138e-01
2.035903e-02 -1.514554e-01 4.543606e-01 8.776122e-01
2.688854e-02 -1.376603e-01 4.697919e-01 8.715631e-01
3.340131e-02 -1.237993e-01 4.849874e-01 8.650696e-01
3.989390e-02 -1.098793e-01 4.999393e-01 8.581350e-01
4.636287e-02 -9.590762e-02 5.146399e-01 8.507632e-01
5.280483e-02 -8.189124e-02 5.290819e-01 8.429578e-01
5.921638e-02 -6.783730e-02 5.432578e-01 8.347230e-01
6.559414e-02 -5.375292e-02 5.571603e-01 8.260632e-01
7.193478e-02 -3.964524e-02 5.707826e-01 8.169828e-01
7.823495e-02 -2.552138e-02 5.841176e-01 8.074866e-01
8.449136e-02 -1.138848e-02 5.971585e-01 7.975796e-01
9.070079e-02 2.746251e-03 6.098988e-01 7.872670e-01
9.686008e-02 1.687554e-02 6.223320e-01 7.765541e-01
1.029661e-01 3.099216e-02 6.344516e-01 7.654467e-01
1.090156e-01 4.508887e-02 6.462517e-01 7.539505e-01
1.150057e-01 5.915847e-02 6.577262e-01 7.420716e-01
1.209332e-01 7.319379e-02 6.688692e-01 7.298162e-01
1.267952e-01 8.718766e-02 6.796753e-01 7.171909e-01
1.325886e-01 1.011330e-01 6.901390e-01 7.042021e-01
1.383105e-01 1.150227e-01 7.002550e-01 6.908567e-01
1.439579e-01 1.288497e-01 7.100182e-01 6.771617e-01
1.495281e-01 1.426071e-01 7.194239e-01 6.631243e-01
1.550183e-01 1.562879e-01 7.284673e-01 6.487517e-01
1.604255e-01 1.698853e-01 7.371440e-01 6.340515e-01
1.657472e-01 1.833925e-01 7.454497e-01 6.190314e-01
1.709806e-01 1.968026e-01 7.533802e-01 6.036991e-01
1.761230e-01 2.101091e-01 7.609318e-01 5.880626e-01
1.811720e-01 2.233053e-01 7.681008e-01 5.721300e-01
1.861250e-01 2.363846e-01 7.748835e-01 5.559095e-01
1.909795e-01 2.493406e-01 7.812769e-01 5.394094e-01
1.957331e-01 2.621669e-01 7.872777e-01 5.226384e-01
2.003835e-01 2.748571e-01 7.928830e-01 5.056051e-01
2.049283e-01 2.874050e-01 7.980903e-01 4.883181e-01
2.093653e-01 2.998044e-01 8.028970e-01 4.707865e-01
2.136923e-01 3.120492e-01 8.073009e-01 4.530190e-01
2.179072e-01 3.241334e-01 8.112998e-01 4.350249e-01
2.220080e-01 3.360512e-01 8.148919e-01 4.168132e-01
2.259926e-01 3.477967e-01 8.180755e-01 3.983933e-01
2.298591e-01 3.593643e-01 8.208492e-01 3.797745e-01
2.336055e-01 3.707483e-01 8.232117e-01 3.609663e-01
2.372302e-01 3.819432e-01 8.251619e-01 3.419781e-01
2.407313e-01 3.929438e-01 8.266989e-01 3.228196e-01
2.441072e-01 4.037446e-01 8.278222e-01 3.035003e-01
2.473562e-01 4.143405e-01 8.285311e-01 2.840301e-01
2.504768e-01 4.247264e-01 8.288254e-01 2.644187e-01
2.534675e-01 4.348973e-01 8.287051e-01 2.446760e-01
2.563269e-01 4.448484e-01 8.281703e-01 2.248119e-01
2.590536e-01 4.545750e-01 8.272212e-01 2.048362e-01
2.616463e-01 4.640723e-01 8.258585e-01 1.847591e-01
2.641038e-01 4.733359e-01 8.240827e-01 1.645905e-01
2.664250e-01 4.823613e-01 8.218948e-01 1.443405e-01
2.686089e-01 4.911444e-01 8.192959e-01 1.240192e-01
2.706543e-01 4.996808e-01 8.162872e-01 1.036368e-01
2.725604e-01 5.079665e-01 8.128703e-01 8.320352e-02
2.743262e-01 5.159976e-01 8.090468e-01 6.272944e-02
2.759511e-01 5.237702e-01 8.048185e-01 4.222481e-02
2.774343e-01 5.312807e-01 8.001876e-01 2.169988e-02
2.787752e-01 5.385253e-01 7.951563e-01 1.164878e-03
2.799731e-01 5.455007e-01 7.897271e-01 -1.936995e-02
2.810276e-01 5.522035e-01 7.839026e-01 -3.989437e-02
2.819382e-01 5.586304e-01 7.776857e-01 -6.039815e-02
2.827045e-01 5.647783e-01 7.710794e-01 -8.087108e-02
2.833263e-01 5.706444e-01 7.640870e-01 -1.013030e-01
2.838034e-01 5.762257e-01 7.567118e-01 -1.216836e-01
2.841355e-01 5.815196e-01 7.489574e-01 -1.420029e-01
2.843226e-01 5.865236e-01 7.408275e-01 -1.622507e-01
2.843648e-01 5.912352e-01 7.323262e-01 -1.824169e-01
2.842620e-01 5.956522e-01 7.234575e-01 -2.024914e-01
2.840144e-01 5.997725e-01 7.142258e-01 -2.224643e-01
2.836222e-01 6.035940e-01 7.046354e-01 -2.423255e-01
2.830858e-01 6.071149e-01 6.946911e-01 -2.620652e-01
2.824054e-01 6.103336e-01 6.843977e-01 -2.816734e-01
2.815815e-01 6.132484e-01 6.737601e-01 -3.011404e-01
2.806147e-01 6.158580e-01 6.627836e-01 -3.204564e-01
2.795055e-01 6.181610e-01 6.514734e-01 -3.396116e-01
2.782544e-01 6.201563e-01 6.398351e-01 -3.585967e-01
2.768623e-01 6.218431e-01 6.278743e-01 -3.774021e-01
2.753297e-01 6.232203e-01 6.155968e-01 -3.960184e-01
2.736575e-01 6.242874e-01 6.030085e-01 -4.144364e-01
2.718466e-01 6.250438e-01 5.901156e-01 -4.326469e-01
2.698978e-01 6.254890e-01 5.769242e-01 -4.506408e-01
2.678122e-01 6.256229e-01 5.634407e-01 -4.684092e-01
2.655907e-01 6.254453e-01 5.496718e-01 -4.859430e-01
2.632346e-01 6.249564e-01 5.356240e-01 -5.032336e-01
2.607450e-01 6.241562e-01 5.213041e-01 -5.202722e-01
2.581231e-01 6.230451e-01 5.067192e-01 -5.370502e-01
2.553703e-01 6.216236e-01 4.918762e-01 -5.535593e-01
2.524879e-01 6.198924e-01 4.767824e-01 -5.697910e-01
2.494775e-01 6.178523e-01 4.614452e-01 -5.857371e-01
2.463404e-01 6.155041e-01 4.458720e-01 -6.013895e-01
2.430784e-01 6.128490e-01 4.300704e-01 -6.167402e-01
2.396930e-01 6.098881e-01 4.140481e-01 -6.317815e-01
2.361860e-01 6.066230e-01 3.978130e-01 -6.465056e-01
2.325592e-01 6.030551e-01 3.813731e-01 -6.609049e-01
2.288144e-01 5.991861e-01 3.647365e-01 -6.749721e-01
2.249535e-01 5.950178e-01 3.479112e-01 -6.886998e-01
2.209785e-01 5.905523e-01 3.309058e-01 -7.020811e-01
2.168914e-01 5.857917e-01 3.137285e-01 -7.151088e-01
2.126945e-01 5.807382e-01 2.963879e-01 -7.277763e-01
2.083897e-01 5.753943e-01 2.788926e-01 -7.400770e-01
2.039795e-01 5.697627e-01 2.612514e-01 -7.520044e-01
1.994660e-01 5.638459e-01 2.434730e-01 -7.635522e-01
1.948517e-01 5.576469e-01 2.255663e-01 -7.747145e-01
1.901389e-01 5.511688e-01 2.075404e-01 -7.854853e-01
1.853303e-01 5.444147e-01 1.894043e-01 -7.958589e-01
1.804282e-01 5.373879e-01 1.711671e-01 -8.058298e-01
1.754353e-01 5.300919e-01 1.528380e-01 -8.153929e-01
1.703543e-01 5.225303e-01 1.344263e-01 -8.245429e-01
1.651879e-01 5.147068e-01 1.159414e-01 -8.332751e-01
1.599388e-01 5.066254e-01 9.739255e-02 -8.415848e-01
1.546098e-01 4.982899e-01 7.878924e-02 -8.494676e-01
1.492039e-01 4.897047e-01 6.014091e-02 -8.569192e-01
1.437238e-01 4.808740e-01 4.145704e-02 -8.639358e-01
1.381725e-01 4.718021e-01 2.274714e-02 -8.705135e-01
1.325528e-01 4.624937e-01 4.020688e-03 -8.766488e-01
1.268675e-01 4.529534e-01 -1.471281e-02 -8.823386e-01
1.211197e-01 4.431860e-01 -3.344382e-02 -8.875797e-01
1.153121e-01 4.331965e-01 -5.216282e-02 -8.923693e-01
1.094479e-01 4.229898e-01 -7.086025e-02 -8.967048e-01
1.035299e-01 4.125713e-01 -8.952657e-02 -9.005840e-01
9.756141e-02 4.019461e-01 -1.081522e-01 -9.040045e-01
9.154536e-02 3.911196e-01 -1.267277e-01 -9.069647e-01
8.548489e-02 3.800974e-01 -1.452434e-01 -9.094629e-01
7.938317e-02 3.688850e-01 -1.636898e-01 -9.114976e-01
7.324337e-02 3.574883e-01 -1.820575e-01 -9.130677e-01
6.706869e-02 3.459129e-01 -2.003371e-01 -9.141724e-01
6.086235e-02 3.341648e-01 -2.185191e-01 -9.148110e-01
5.462761e-02 3.222500e-01 -2.365941e-01 -9.149831e-01
4.836774e-02 3.101747e-01 -2.545528e-01 -9.146885e-01
4.208602e-02 2.979449e-01 -2.723860e-01 -9.139275e-01
3.578575e-02 2.855670e-01 -2.900845e-01 -9.127003e-01
2.947025e-02 2.730472e-01 -3.076391e-01 -9.110076e-01
2.314284e-02 2.603921e-01 -3.250407e-01 -9.088503e-01
1.680687e-02 2.476080e-01 -3.422805e-01 -9.062295e-01
1.046568e-02 2.347015e-01 -3.593495e-01 -9.031465e-01
4.122607e-03 2.216793e-01 -3.762389e-01 -8.996030e-01
-2.218993e-03 2.085480e-01 -3.929401e-01 -8.956009e-01
-8.555774e-03 1.953142e-01 -4.094443e-01 -8.911422e-01
-1.488439e-02 1.819848e-01 -4.257432e-01 -8.862295e-01
-2.120149e-02 1.685665e-01 -4.418284e-01 -8.808652e-01
-2.750376e-02 1.550663e-01 -4.576916e-01 -8.750522e-01
-3.378786e-02 1.414909e-01 -4.733246e-01 -8.687937e-01
-4.005048e-02 1.278472e-01 -4.887195e-01 -8.620930e-01
-4.628833e-02 1.141422e-01 -5.038685e-01 -8.549535e-01
-5.249812e-02 1.003828e-01 -5.187637e-01 -8.473792e-01
-5.867659e-02 8.657601e-02 -5.333976e-01 -8.393740e-01
-6.482051e-02 7.272876e-02 -5.477627e-01 -8.309421e-01
-7.092664e-02 5.884803e-02 -5.618518e-01 -8.220881e-01
-7.699180e-02 4.494081e-02 -5.756577e-01 -8.128166e-01
-8.301281e-02 3.101409e-02 -5.891733e-01 -8.031325e-01
-8.898660e-02 1.707494e-02 -6.023919e-01 -7.930409e-01
-9.491014e-02 3.130475e-03 -6.153066e-01 -7.825471e-01
-1.007804e-01 -1.081217e-02 -6.279110e-01 -7.716568e-01
-1.065945e-01 -2.474588e-02 -6.401986e-01 -7.603755e-01
-1.123494e-01 -3.866357e-02 -6.521633e-01 -7.487094e-01
-1.180423e-01 -5.255815e-02 -6.637989e-01 -7.366646e-01
-1.236703e-01 -6.642260e-02 -6.750996e-01 -7.242473e-01
-1.292305e-01 -8.024988e-02 -6.860598e-01 -7.114643e-01
-1.347201e-01 -9.403302e-02 -6.966739e-01 -6.983221e-01
-1.401365e-01 -1.077651e-01 -7.069367e-01 -6.848276e-01
-1.454768e-01 -1.214391e-01 -7.168431e-01 -6.709881e-01
-1.507385e-01 -1.350484e-01 -7.263881e-01 -6.568106e-01
-1.559188e-01 -1.485860e-01 -7.355670e-01 -6.423027e-01
-1.610153e-01 -1.620452e-01 -7.443753e-01 -6.274718e-01
-1.660253e-01 -1.754194e-01 -7.528087e-01 -6.123257e-01
-1.709464e-01 -1.887018e-01 -7.608630e-01 -5.968722e-01
-1.757762e-01 -2.018859e-01 -7.685343e-01 -5.811195e-01
-1.805123e-01 -2.149651e-01 -7.758188e-01 -5.650756e-01
-1.851524e-01 -2.279330e-01 -7.827131e-01 -5.487489e-01
-1.896942e-01 -2.407831e-01 -7.892138e-01 -5.321477e-01
-1.941355e-01 -2.535092e-01 -7.953178e-01 -5.152806e-01
-1.984741e-01 -2.661050e-01 -8.010221e-01 -4.981563e-01
-2.027080e-01 -2.785644e-01 -8.063241e-01 -4.807836e-01
-2.068350e-01 -2.908813e-01 -8.112211e-01 -4.631713e-01
-2.108532e-01 -3.030496e-01 -8.157110e-01 -4.453284e-01
-2.147606e-01 -3.150636e-01 -8.197916e-01 -4.272641e-01
-2.185555e-01 -3.269173e-01 -8.234609e-01 -4.089874e-01
-2.222359e-01 -3.386052e-01 -8.267173e-01 -3.905076e-01
-2.258001e-01 -3.501214e-01 -8.295594e-01 -3.718341e-01
-2.292464e-01 -3.614605e-01 -8.319856e-01 -3.529764e-01
-2.325731e-01 -3.726171e-01 -8.339951e-01 -3.339438e-01
-2.357788e-01 -3.835858e-01 -8.355868e-01 -3.147460e-01
-2.388619e-01 -3.943614e-01 -8.367600e-01 -2.953926e-01
-2.418209e-01 -4.049386e-01 -8.375143e-01 -2.758934e-01
-2.446545e-01 -4.153126e-01 -8.378493e-01 -2.562580e-01
-2.473614e-01 -4.254782e-01 -8.377650e-01 -2.364963e-01
-2.499403e-01 -4.354307e-01 -8.372613e-01 -2.166182e-01
-2.523900e-01 -4.451654e-01 -8.363387e-01 -1.966335e-01
-2.547094e-01 -4.546775e-01 -8.349975e-01 -1.765523e-01
-2.568974e-01 -4.639626e-01 -8.332384e-01 -1.563846e-01
-2.589532e-01 -4.730162e-01 -8.310624e-01 -1.361403e-01
-2.608756e-01 -4.818341e-01 -8.284705e-01 -1.158296e-01
-2.626641e-01 -4.904120e-01 -8.254639e-01 -9.546257e-02
-2.643176e-01 -4.987458e-01 -8.220441e-01 -7.504933e-02
-2.658356e-01 -5.068315e-01 -8.182127e-01 -5.460003e-02
-2.672174e-01 -5.146654e-01 -8.139717e-01 -3.412487e-02
-2.684624e-01 -5.222435e-01 -8.093230e-01 -1.363401e-02
-2.695701e-01 -5.295623e-01 -8.042690e-01 6.862334e-03
-2.705402e-01 -5.366182e-01 -7.988120e-01 2.735398e-02
-2.713721e-01 -5.434079e-01 -7.929548e-01 4.783073e-02
-2.720657e-01 -5.499279e-01 -7.867001e-01 6.828242e-02
-2.726207e-01 -5.561752e-01 -7.800510e-01 8.869888e-02
-2.730369e-01 -5.621468e-01 -7.730107e-01 1.090700e-01
-2.733142e-01 -5.678398e-01 -7.655826e-01 1.293855e-01
-2.734527e-01 -5.732513e-01 -7.577703e-01 1.496355e-01
-2.734523e-01 -5.783788e-01 -7.495775e-01 1.698097e-01
-2.733132e-01 -5.832198e-01 -7.410082e-01 1.898982e-01
-2.730356e-01 -5.877719e-01 -7.320666e-01 2.098910e-01
-2.726196e-01 -5.920328e-01 -7.227570e-01 2.297781e-01
-2.720658e-01 -5.960006e-01 -7.130838e-01 2.495496e-01
-2.713743e-01 -5.996732e-01 -7.030518e-01 2.691956e-01
-2.705458e-01 -6.030488e-01 -6.926658e-01 2.887062e-01
-2.695807e-01 -6.061257e-01 -6.819308e-01 3.080718e-01
-2.684795e-01 -6.089025e-01 -6.708520e-01 3.272829e-01
-2.672429e-01 -6.113777e-01 -6.594348e-01 3.463297e-01
-2.658716e-01 -6.135501e-01 -6.476847e-01 3.652029e-01
-2.643661e-01 -6.154186e-01 -6.356072e-01 3.838931e-01
-2.627274e-01 -6.169823e-01 -6.232084e-01 4.023910e-01
-2.609563e-01 -6.182403e-01 -6.104940e-01 4.206873e-01
-2.590537e-01 -6.191920e-01 -5.974703e-01 4.387730e-01
-2.570205e-01 -6.198368e-01 -5.841435e-01 4.566390e-01
-2.548579e-01 -6.201743e-01 -5.705202e-01 4.742763e-01
-2.525669e-01 -6.202044e-01 -5.566067e-01 4.916761e-01
-2.501487e-01 -6.199269e-01 -5.424100e-01 5.088297e-01
-2.476045e-01 -6.193419e-01 -5.279368e-01 5.257284e-01
-2.449357e-01 -6.184496e-01 -5.131941e-01 5.423637e-01
-2.421435e-01 -6.172503e-01 -4.981892e-01 5.587272e-01
-2.392294e-01 -6.157445e-01 -4.829293e-01 5.748106e-01
-2.361949e-01 -6.139329e-01 -4.674219e-01 5.906058e-01
-2.330415e-01 -6.118162e-01 -4.516745e-01 6.061046e-01
-2.297709e-01 -6.093954e-01 -4.356948e-01 6.212992e-01
-2.263847e-01 -6.066715e-01 -4.194907e-01 6.361817e-01
-2.228846e-01 -6.036459e-01 -4.030701e-01 6.507447e-01
-2.192726e-01 -6.003198e-01 -3.864411e-01 6.649804e-01
-2.155503e-01 -5.966948e-01 -3.696119e-01 6.788817e-01
-2.117198e-01 -5.927727e-01 -3.525909e-01 6.924413e-01
-2.077831e-01 -5.885551e-01 -3.353864e-01 7.056522e-01
-2.037422e-01 -5.840441e-01 -3.180070e-01 7.185076e-01
-1.995992e-01 -5.792419e-01 -3.004615e-01 7.310006e-01
-1.953563e-01 -5.741507e-01 -2.827585e-01 7.431249e-01
-1.910157e-01 -5.687728e-01 -2.649069e-01 7.548740e-01
-1.865798e-01 -5.631110e-01 -2.469156e-01 7.662419e-01
-1.820508e-01 -5.571679e-01 -2.287938e-01 7.772225e-01
-1.774313e-01 -5.509464e-01 -2.105505e-01 7.878100e-01
-1.727236e-01 -5.444495e-01 -1.921950e-01 7.979990e-01
-1.679303e-01 -5.376804e-01 -1.737365e-01 8.077839e-01
-1.630540e-01 -5.306423e-01 -1.551845e-01 8.171597e-01
-1.580973e-01 -5.233387e-01 -1.365482e-01 8.261213e-01
-1.530628e-01 -5.157731e-01 -1.178373e-01 8.346642e-01
-1.479532e-01 -5.079494e-01 -9.906117e-02 8.427836e-01
-1.427712e-01 -4.998713e-01 -8.022937e-02 8.504754e-01
-1.375194e-01 -4.915429e-01 -6.135143e-02 8.577354e-01
-1.322005e-01 -4.829683e-01 -4.243694e-02 8.645599e-01
-1.268172e-01 -4.741518e-01 -2.349552e-02 8.709451e-01
-1.213723e-01 -4.650978e-01 -4.536812e-03 8.768878e-01
-1.158686e-01 -4.558109e-01 1.442952e-02 8.823847e-01
-1.103088e-01 -4.462956e-01 3.339378e-02 8.874328e-01
-1.046960e-01 -4.365569e-01 5.234627e-02 8.920295e-01
-9.903282e-02 -4.265996e-01 7.127727e-02 8.961723e-01
-9.332238e-02 -4.164287e-01 9.017706e-02 8.998590e-01
-8.756757e-02 -4.060494e-01 1.090359e-01 9.030875e-01
-8.177141e-02 -3.954669e-01 1.278442e-01 9.058561e-01
-7.593689e-02 -3.846867e-01 1.465921e-01 9.081632e-01
-7.006708e-02 -3.737141e-01 1.652701e-01 9.100078e-01
-6.416502e-02 -3.625548e-01 1.838684e-01 9.113886e-01
-5.823382e-02 -3.512144e-01 2.023776e-01 9.123051e-01
-5.227657e-02 -3.396988e-01 2.207879e-01 9.127566e-01
-4.629642e-02 -3.280137e-01 2.390900e-01 9.127429e-01
-4.029650e-02 -3.161652e-01 2.572743e-01 9.122641e-01
-3.427997e-02 -3.041592e-01 2.753314e-01 9.113203e-01
-2.825000e-02 -2.920020e-01 2.932520e-01 9.099121e-01
-2.220977e-02 -2.796997e-01 3.110268e-01 9.080403e-01
-1.616247e-02 -2.672585e-01 3.286467e-01 9.057058e-01
-1.011128e-02 -2.546849e-01 3.461026e-01 9.029099e-01
-4.059406e-03 -2.419852e-01 3.633854e-01 8.996542e-01
1.989964e-03 -2.291660e-01 3.804862e-01 8.959404e-01
8.033696e-03 -2.162337e-01 3.973962e-01 8.917706e-01
1.406873e-02 -2.031949e-01 4.141067e-01 8.871469e-01
2.009189e-02 -1.900564e-01 4.306090e-01 8.820719e-01
2.610000e-02 -1.768247e-01 4.468948e-01 8.765483e-01
3.208988e-02 -1.635066e-01 4.629556e-01 8.705791e-01
3.805840e-02 -1.501089e-01 4.787832e-01 8.641675e-01
4.400241e-02 -1.366382e-01 4.943696e-01 8.573170e-01
4.991878e-02 -1.231015e-01 5.097067e-01 8.500313e-01
5.580443e-02 -1.095054e-01 5.247867e-01 8.423143e-01
6.165627e-02 -9.585696e-02 5.396020e-01 8.341700e-01
6.747124e-02 -8.216291e-02 5.541450e-01 8.256029e-01
7.324631e-02 -6.843013e-02 5.684083e-01 8.166176e-01
7.897848e-02 -5.466550e-02 5.823848e-01 8.072187e-01
8.466483e-02 -4.087598e-02 5.960672e-01 7.974114e-01
9.030249e-02 -2.706858e-02 6.094488e-01 7.872007e-01
9.588864e-02 -1.325033e-02 6.225225e-01 7.765922e-01
1.014205e-01 5.717368e-04 6.352819e-01 7.655915e-01
1.068953e-01 1.439063e-02 6.477205e-01 7.542045e-01
1.123103e-01 2.819936e-02 6.598321e-01 7.424371e-01
1.176628e-01 4.199094e-02 6.716104e-01 7.302956e-01
1.229501e-01 5.575845e-02 6.830496e-01 7.177865e-01
1.281696e-01 6.949497e-02 6.941441e-01 7.049163e-01
1.333188e-01 8.319362e-02 7.048882e-01 6.916918e-01
1.383950e-01 9.684754e-02 7.152767e-01 6.781199e-01
1.433958e-01 1.104499e-01 7.253043e-01 6.642079e-01
1.483186e-01 1.239940e-01 7.349662e-01 6.499629e-01
1.531613e-01 1.374729e-01 7.442575e-01 6.353925e-01
1.579212e-01 1.508801e-01 7.531737e-01 6.205043e-01
1.625962e-01 1.642089e-01 7.617104e-01 6.053059e-01
1.671839e-01 1.774527e-01 7.698634e-01 5.898054e-01
1.716822e-01 1.906049e-01 7.776289e-01 5.740107e-01
1.760888e-01 2.036592e-01 7.850030e-01 5.579300e-01
1.804016e-01 2.166091e-01 7.919822e-01 5.415717e-01
1.846186e-01 2.294483e-01 7.985632e-01 5.249441e-01
1.887378e-01 2.421706e-01 8.047427e-01 5.080557e-01
1.927571e-01 2.547697e-01 8.105179e-01 4.909153e-01
1.966746e-01 2.672396e-01 8.158860e-01 4.735316e-01
2.004886e-01 2.795743e-01 8.208444e-01 4.559133e-01
2.041971e-01 2.917677e-01 8.253909e-01 4.380696e-01
2.077984e-01 3.038141e-01 8.295233e-01 4.200094e-01
2.112908e-01 3.157077e-01 8.332397e-01 4.017418e-01
2.146728e-01 3.274427e-01 8.365383e-01 3.832761e-01
2.179426e-01 3.390135e-01 8.394176e-01 3.646217e-01
2.210988e-01 3.504147e-01 8.418763e-01 3.457877e-01
2.241400e-01 3.616407e-01 8.439133e-01 3.267838e-01
2.270646e-01 3.726862e-01 8.455276e-01 3.076194e-01
2.298714e-01 3.835460e-01 8.467186e-01 2.883041e-01
2.325591e-01 3.942148e-01 8.474857e-01 2.688475e-01
2.351264e-01 4.046877e-01 8.478285e-01 2.492594e-01
2.375722e-01 4.149596e-01 8.477470e-01 2.295495e-01
2.398954e-01 4.250256e-01 8.472412e-01 2.097276e-01
2.420950e-01 4.348810e-01 8.463115e-01 1.898036e-01
2.441700e-01 4.445211e-01 8.449582e-01 1.697873e-01
2.461194e-01 4.539412e-01 8.431821e-01 1.496886e-01
2.479425e-01 4.631368e-01 8.409839e-01 1.295177e-01
2.496384e-01 4.721037e-01 8.383649e-01 1.092844e-01
2.512064e-01 4.808374e-01 8.353262e-01 8.899877e-02
2.526460e-01 4.893339e-01 8.318694e-01 6.867090e-02
2.539565e-01 4.975890e-01 8.279960e-01 4.831086e-02
2.551374e-01 5.055988e-01 8.237079e-01 2.792875e-02
2.561883e-01 5.133594e-01 8.190073e-01 7.534671e-03
2.571088e-01 5.208670e-01 8.138963e-01 -1.286126e-02
2.578985e-01 5.281180e-01 8.083775e-01 -3.324894e-02
2.585572e-01 5.351090e-01 8.024535e-01 -5.361825e-02
2.590848e-01 5.418364e-01 7.961271e-01 -7.395910e-02
2.594810e-01 5.482971e-01 7.894014e-01 -9.426142e-02
2.597459e-01 5.544879e-01 7.822797e-01 -1.145151e-01
2.598794e-01 5.604058e-01 7.747653e-01 -1.347102e-01
2.598816e-01 5.660478e-01 7.668618e-01 -1.548365e-01
2.597527e-01 5.714112e-01 7.585732e-01 -1.748843e-01
2.594928e-01 5.764934e-01 7.499032e-01 -1.948433e-01
2.591023e-01 5.812919e-01 7.408563e-01 -2.147039e-01
2.585814e-01 5.858042e-01 7.314366e-01 -2.344560e-01
2.579305e-01 5.900281e-01 7.216488e-01 -2.540899e-01
2.571501e-01 5.939616e-01 7.114975e-01 -2.735958e-01
2.562406e-01 5.976027e-01 7.009877e-01 -2.929642e-01
2.552025e-01 6.009496e-01 6.901242e-01 -3.121854e-01
2.540365e-01 6.040006e-01 6.789125e-01 -3.312499e-01
2.527431e-01 6.067542e-01 6.673578e-01 -3.501483e-01
2.513231e-01 6.092089e-01 6.554657e-01 -3.688711e-01
2.497772e-01 6.113636e-01 6.432419e-01 -3.874090e-01
2.481063e-01 6.132170e-01 6.306923e-01 -4.057529e-01
2.463113e-01 6.147682e-01 6.178228e-01 -4.238936e-01
2.443930e-01 6.160164e-01 6.046397e-01 -4.418220e-01
2.423525e-01 6.169608e-01 5.911494e-01 -4.595292e-01
2.401908e-01 6.176009e-01 5.773582e-01 -4.770063e-01
2.379092e-01 6.179362e-01 5.632730e-01 -4.942445e-01
2.355086e-01 6.179666e-01 5.489004e-01 -5.112351e-01
2.329905e-01 6.176918e-01 5.342474e-01 -5.279696e-01
2.303560e-01 6.171119e-01 5.193212e-01 -5.444396e-01
2.276066e-01 6.162270e-01 5.041290e-01 -5.606367e-01
2.247437e-01 6.150375e-01 4.886781e-01 -5.765526e-01
2.217687e-01 6.135437e-01 4.729761e-01 -5.921793e-01
2.186832e-01 6.117463e-01 4.570308e-01 -6.075088e-01
2.154887e-01 6.096461e-01 4.408498e-01 -6.225333e-01
2.121870e-01 6.072438e-01 4.244413e-01 -6.372451e-01
2.087798e-01 6.045405e-01 4.078131e-01 -6.516365e-01
2.052689e-01 6.015375e-01 3.909736e-01 -6.657003e-01
2.016560e-01 5.982361e-01 3.739310e-01 -6.794292e-01
1.979431e-01 5.946377e-01 3.566939e-01 -6.928160e-01
1.941321e-01 5.907440e-01 3.392708e-01 -7.058538e-01
1.902251e-01 5.865567e-01 3.216704e-01 -7.185359e-01
1.862242e-01 5.820778e-01 3.039014e-01 -7.308556e-01
1.821313e-01 5.773094e-01 2.859729e-01 -7.428065e-01
1.779488e-01 5.722537e-01 2.678937e-01 -7.543824e-01
1.736789e-01 5.669130e-01 2.496731e-01 -7.655773e-01
1.693238e-01 5.612900e-01 2.313201e-01 -7.763852e-01
1.648859e-01 5.553872e-01 2.128441e-01 -7.868006e-01
1.603676e-01 5.492074e-01 1.942543e-01 -7.968179e-01
1.557712e-01 5.427537e-01 1.755603e-01 -8.064319e-01
1.510990e-01 5.360292e-01 1.567713e-01 -8.156375e-01
1.463535e-01 5.290371e-01 1.378970e-01 -8.244300e-01
1.415371e-01 5.217809e-01 1.189468e-01 -8.328047e-01
1.366522e-01 5.142641e-01 9.993038e-02 -8.407571e-01
1.317015e-01 5.064904e-01 8.085742e-02 -8.482831e-01
1.266875e-01 4.984636e-01 6.173760e-02 -8.553787e-01
1.216127e-01 4.901877e-01 4.258070e-02 -8.620402e-01
1.164797e-01 4.816668e-01 2.339647e-02 -8.682639e-01
1.112913e-01 4.729052e-01 4.194734e-03 -8.740465e-01
1.060501e-01 4.639071e-01 -1.501468e-02 -8.793851e-01
1.007587e-01 4.546772e-01 -3.422192e-02 -8.842766e-01
9.541993e-02 4.452200e-01 -5.341712e-02 -8.887186e-01
9.003656e-02 4.355402e-01 -7.259040e-02 -8.927087e-01
8.461136e-02 4.256428e-01 -9.173188e-02 -8.962446e-01
7.914718e-02 4.155327e-01 -1.108317e-01 -8.993246e-01
7.364685e-02 4.052149e-01 -1.298800e-01 -9.019469e-01
6.811325e-02 3.946948e-01 -1.488669e-01 -9.041102e-01
6.254929e-02 3.839777e-01 -1.677827e-01 -9.058133e-01
5.695787e-02 3.730689e-01 -1.866174e-01 -9.070553e-01
5.134193e-02 3.619739e-01 -2.053615e-01 -9.078356e-01
4.570443e-02 3.506985e-01 -2.240051e-01 -9.081538e-01
4.004833e-02 3.392483e-01 -2.425386e-01 -9.080098e-01
3.437662e-02 3.276291e-01 -2.609524e-01 -9.074036e-01
2.869228e-02 3.158469e-01 -2.792370e-01 -9.063356e-01
2.299831e-02 3.039075e-01 -2.973830e-01 -9.048064e-01
1.729772e-02 2.918172e-01 -3.153808e-01 -9.028170e-01
1.159352e-02 2.795819e-01 -3.332212e-01 -9.003683e-01
5.888719e-03 2.672079e-01 -3.508951e-01 -8.974619e-01
1.863238e-04 2.547015e-01 -3.683932e-01 -8.940993e-01
-5.510655e-03 2.420690e-01 -3.857065e-01 -8.902824e-01
-1.119921e-02 2.293168e-01 -4.028262e-01 -8.860132e-01
-1.687635e-02 2.164514e-01 -4.197434e-01 -8.812942e-01
-2.253909e-02 2.034792e-01 -4.364494e-01 -8.761279e-01
-2.818445e-02 1.904067e-01 -4.529356e-01 -8.705172e-01
-3.380946e-02 1.772406e-01 -4.691936e-01 -8.644652e-01
-3.941118e-02 1.639876e-01 -4.852151e-01 -8.579750e-01
-4.498667e-02 1.506541e-01 -5.009919e-01 -8.510503e-01
-5.053304e-02 1.372470e-01 -5.165159e-01 -8.436949e-01
-5.604737e-02 1.237729e-01 -5.317793e-01 -8.359125e-01
-6.152681e-02 1.102386e-01 -5.467742e-01 -8.277076e-01
-6.696852e-02 9.665078e-02 -5.614931e-01 -8.190844e-01
-7.236967e-02 8.301627e-02 -5.759286e-01 -8.100476e-01
-7.772756e-02 6.934194e-02 -5.900732e-01 -8.006021e-01
-8.303951e-02 5.563470e-02 -6.039199e-01 -7.907528e-01
-8.830289e-02 4.190151e-02 -6.174615e-01 -7.805050e-01
-9.351508e-02 2.814929e-02 -6.306913e-01 -7.698643e-01
-9.867350e-02 1.438498e-02 -6.436025e-01 -7.588362e-01
-1.037756e-01 6.154941e-04 -6.561887e-01 -7.474267e-01
-1.088189e-01 -1.315225e-02 -6.684434e-01 -7.356418e-01
-1.138008e-01 -2.691134e-02 -6.803607e-01 -7.234877e-01
-1.187190e-01 -4.065487e-02 -6.919345e-01 -7.109709e-01
-1.235711e-01 -5.437596e-02 -7.031590e-01 -6.980980e-01
-1.283546e-01 -6.806777e-02 -7.140287e-01 -6.848758e-01
-1.330673e-01 -8.172349e-02 -7.245382e-01 -6.713112e-01
-1.377069e-01 -9.533632e-02 -7.346822e-01 -6.574114e-01
-1.422712e-01 -1.088995e-01 -7.444559e-01 -6.431837e-01
-1.467579e-01 -1.224064e-01 -7.538543e-01 -6.286354e-01
-1.511648e-01 -1.358504e-01 -7.628729e-01 -6.137742e-01
-1.554900e-01 -1.492247e-01 -7.715074e-01 -5.986077e-01
-1.597313e-01 -1.625230e-01 -7.797534e-01 -5.831439e-01
-1.638866e-01 -1.757386e-01 -7.876070e-01 -5.673908e-01
-1.679541e-01 -1.888652e-01 -7.950645e-01 -5.513564e-01
-1.719317e-01 -2.018963e-01 -8.021222e-01 -5.350490e-01
-1.758177e-01 -2.148258e-01 -8.087767e-01 -5.184769e-01
-1.796101e-01 -2.276472e-01 -8.150249e-01 -5.016487e-01
-1.833072e-01 -2.403544e-01 -8.208638e-01 -4.845729e-01
-1.869073e-01 -2.529413e-01 -8.262906e-01 -4.672582e-01
-1.904086e-01 -2.654019e-01 -8.313028e-01 -4.497134e-01
-1.938096e-01 -2.777301e-01 -8.358979e-01 -4.319474e-01
-1.971087e-01 -2.899201e-01 -8.400739e-01 -4.139691e-01
-2.003043e-01 -3.019660e-01 -8.438287e-01 -3.957876e-01
-2.033950e-01 -3.138621e-01 -8.471607e-01 -3.774120e-01
-2.063795e-01 -3.256028e-01 -8.500682e-01 -3.588516e-01
-2.092562e-01 -3.371823e-01 -8.525499e-01 -3.401157e-01
-2.120240e-01 -3.485952e-01 -8.546046e-01 -3.212136e-01
-2.146815e-01 -3.598361e-01 -8.562315e-01 -3.021547e-01
-2.172276e-01 -3.708996e-01 -8.574297e-01 -2.829486e-01
-2.196612e-01 -3.817804e-01 -8.581988e-01 -2.636048e-01
-2.219812e-01 -3.924734e-01 -8.585384e-01 -2.441329e-01
-2.241866e-01 -4.029734e-01 -8.584483e-01 -2.245426e-01
-2.262763e-01 -4.132755e-01 -8.579286e-01 -2.048436e-01
-2.282497e-01 -4.233747e-01 -8.569796e-01 -1.850457e-01
-2.301057e-01 -4.332663e-01 -8.556018e-01 -1.651586e-01
-2.318436e-01 -4.429454e-01 -8.537957e-01 -1.451923e-01
-2.334628e-01 -4.524075e-01 -8.515624e-01 -1.251566e-01
-2.349625e-01 -4.616480e-01 -8.489028e-01 -1.050614e-01
-2.363422e-01 -4.706624e-01 -8.458182e-01 -8.491661e-02
-2.376013e-01 -4.794465e-01 -8.423102e-01 -6.473229e-02
-2.387394e-01 -4.879960e-01 -8.383803e-01 -4.451839e-02
-2.397562e-01 -4.963067e-01 -8.340305e-01 -2.428489e-02
-2.406512e-01 -5.043746e-01 -8.292629e-01 -4.041830e-03
-2.414241e-01 -5.121959e-01 -8.240797e-01 1.620079e-02
-2.420749e-01 -5.197666e-01 -8.184834e-01 3.643295e-02
-2.426032e-01 -5.270831e-01 -8.124767e-01 5.664465e-02
-2.430090e-01 -5.341419e-01 -8.060626e-01 7.682589e-02
-2.432923e-01 -5.409394e-01 -7.992439e-01 9.696668e-02
-2.434531e-01 -5.474724e-01 -7.920241e-01 1.170571e-01
-2.434914e-01 -5.537376e-01 -7.844066e-01 1.370871e-01
-2.434075e-01 -5.597319e-01 -7.763951e-01 1.570468e-01
-2.432015e-01 -5.654524e-01 -7.679933e-01 1.769263e-01
-2.428737e-01 -5.708962e-01 -7.592053e-01 1.967159e-01
-2.424243e-01 -5.760607e-01 -7.500354e-01 2.164057e-01
-2.418537e-01 -5.809433e-01 -7.404878e-01 2.359860e-01
-2.411623e-01 -5.855416e-01 -7.305672e-01 2.554472e-01
-2.403505e-01 -5.898533e-01 -7.202783e-01 2.747796e-01
-2.394188e-01 -5.938763e-01 -7.096260e-01 2.939737e-01
-2.383678e-01 -5.976084e-01 -6.986154e-01 3.130199e-01
-2.371981e-01 -6.010479e-01 -6.872518e-01 3.319089e-01
-2.359104e-01 -6.041929e-01 -6.755405e-01 3.506312e-01
-2.345053e-01 -6.070419e-01 -6.634871e-01 3.691777e-01
-2.329837e-01 -6.095934e-01 -6.510976e-01 3.875389e-01
-2.313464e-01 -6.118459e-01 -6.383777e-01 4.057059e-01
-2.295943e-01 -6.137984e-01 -6.253336e-01 4.236695e-01
-2.277284e-01 -6.154497e-01 -6.119715e-01 4.414208e-01
-2.257495e-01 -6.167988e-01 -5.982980e-01 4.589509e-01
-2.236589e-01 -6.178451e-01 -5.843195e-01 4.762509e-01
-2.214575e-01 -6.185878e-01 -5.700428e-01 4.933123e-01
-2.191466e-01 -6.190264e-01 -5.554748e-01 5.101263e-01
-2.167274e-01 -6.191606e-01 -5.406226e-01 5.266846e-01
-2.142011e-01 -6.189901e-01 -5.254934e-01 5.429787e-01
-2.115691e-01 -6.185148e-01 -5.100946e-01 5.590004e-01
-2.088329e-01 -6.177349e-01 -4.944337e-01 5.747415e-01
-2.059937e-01 -6.166504e-01 -4.785183e-01 5.901941e-01
-2.030532e-01 -6.152619e-01 -4.623562e-01 6.053502e-01
-2.000130e-01 -6.135697e-01 -4.459555e-01 6.202022e-01
-1.968745e-01 -6.115746e-01 -4.293241e-01 6.347423e-01
-1.936395e-01 -6.092772e-01 -4.124704e-01 6.489632e-01
-1.903097e-01 -6.066787e-01 -3.954025e-01 6.628575e-01
-1.868869e-01 -6.037800e-01 -3.781291e-01 6.764180e-01
-1.833729e-01 -6.005824e-01 -3.606588e-01 6.896379e-01
-1.797696e-01 -5.970874e-01 -3.430002e-01 7.025101e-01
-1.760789e-01 -5.932963e-01 -3.251621e-01 7.150281e-01
-1.723029e-01 -5.892111e-01 -3.071536e-01 7.271854e-01
-1.684435e-01 -5.848334e-01 -2.889837e-01 7.389757e-01
-1.645027e-01 -5.801654e-01 -2.706615e-01 7.503928e-01
-1.604826e-01 -5.752092e-01 -2.521961e-01 7.614308e-01
-1.563853e-01 -5.699671e-01 -2.335968e-01 7.720840e-01
-1.522128e-01 -5.644416e-01 -2.148730e-01 7.823468e-01
-1.479673e-01 -5.586353e-01 -1.960341e-01 7.922139e-01
-1.436510e-01 -5.525511e-01 -1.770897e-01 8.016801e-01
-1.392661e-01 -5.461917e-01 -1.580492e-01 8.107404e-01
-1.348149e-01 -5.395604e-01 -1.389225e-01 8.193901e-01
-1.302997e-01 -5.326602e-01 -1.197192e-01 8.276246e-01
-1.257229e-01 -5.254945e-01 -1.004491e-01 8.354395e-01
-1.210868e-01 -5.180669e-01 -8.112205e-02 8.428309e-01
-1.163939e-01 -5.103809e-01 -6.174787e-02 8.497947e-01
-1.116466e-01 -5.024402e-01 -4.233652e-02 8.563273e-01
-1.068473e-01 -4.942489e-01 -2.289794e-02 8.624253e-01
-1.019986e-01 -4.858109e-01 -3.442109e-03 8.680853e-01
-9.710291e-02 -4.771305e-01 1.602098e-02 8.733046e-01
-9.216288e-02 -4.682119e-01 3.548131e-02 8.780801e-01
-8.718105e-02 -4.590595e-01 5.492886e-02 8.824096e-01
-8.216001e-02 -4.496780e-01 7.435358e-02 8.862906e-01
-7.710238e-02 -4.400720e-01 9.374546e-02 8.897211e-01
-7.201082e-02 -4.302464e-01 1.130945e-01 8.926994e-01
-6.688800e-02 -4.202059e-01 1.323906e-01 8.952238e-01
-6.173660e-02 -4.099558e-01 1.516238e-01 8.972932e-01
-5.655933e-02 -3.995011e-01 1.707843e-01 8.989064e-01
-5.135892e-02 -3.888471e-01 1.898619e-01 9.000626e-01
-4.613811e-02 -3.779991e-01 2.088469e-01 9.007613e-01
-4.089965e-02 -3.669626e-01 2.277295e-01 9.010022e-01
-3.564630e-02 -3.557433e-01 2.464997e-01 9.007852e-01
-3.038082e-02 -3.443466e-01 2.651480e-01 9.001105e-01
-2.510601e-02 -3.327784e-01 2.836646e-01 8.989786e-01
-1.982464e-02 -3.210446e-01 3.020400e-01 8.973902e-01
-1.453949e-02 -3.091509e-01 3.202647e-01 8.953462e-01
-9.253360e-03 -2.971035e-01 3.383292e-01 8.928478e-01
-3.969025e-03 -2.849083e-01 3.562243e-01 8.898965e-01
1.310732e-03 -2.725715e-01 3.739406e-01 8.864939e-01
6.583135e-03 -2.600994e-01 3.914692e-01 8.826420e-01
1.184541e-02 -2.474981e-01 4.088008e-01 8.783429e-01
1.709481e-02 -2.347740e-01 4.259267e-01 8.735991e-01
2.232858e-02 -2.219336e-01 4.428381e-01 8.684131e-01
2.754398e-02 -2.089831e-01 4.595263e-01 8.627879e-01
3.273829e-02 -1.959291e-01 4.759828e-01 8.567266e-01
3.790882e-02 -1.827781e-01 4.921991e-01 8.502324e-01
4.305287e-02 -1.695367e-01 5.081670e-01 8.433090e-01
4.816778e-02 -1.562115e-01 5.238784e-01 8.359601e-01
5.325091e-02 -1.428090e-01 5.393253e-01 8.281897e-01
5.829965e-02 -1.293361e-01 5.544998e-01 8.200020e-01
6.331143e-02 -1.157992e-01 5.693943e-01 8.114015e-01
6.828378e-02 -1.022055e-01 5.840012e-01 8.023927e-01
7.321424e-02 -8.856153e-02 5.983131e-01 7.929804e-01
7.810040e-02 -7.487436e-02 6.123227e-01 7.831699e-01
8.293987e-02 -6.115083e-02 6.260229e-01 7.729663e-01
8.773029e-02 -4.739784e-02 6.394069e-01 7.623750e-01
9.246932e-02 -3.362231e-02 6.524679e-01 7.514018e-01
9.715468e-02 -1.983113e-02 6.651993e-01 7.400524e-01
1.017841e-01 -6.031192e-03 6.775947e-01 7.283330e-01
1.063553e-01 7.770626e-03 6.896481e-01 7.162498e-01
1.108661e-01 2.156746e-02 7.013533e-01 7.038090e-01
1.153144e-01 3.535246e-02 7.127046e-01 6.910174e-01
1.196980e-01 4.911881e-02 7.236963e-01 6.778816e-01
1.240147e-01 6.285970e-02 7.343230e-01 6.644086e-01
1.282627e-01 7.656839e-02 7.445795e-01 6.506053e-01
1.324397e-01 9.023813e-02 7.544608e-01 6.364791e-01
1.365440e-01 1.038622e-01 7.639621e-01 6.220373e-01
1.405734e-01 1.174340e-01 7.730786e-01 6.072873e-01
1.445261e-01 1.309469e-01 7.818060e-01 5.922369e-01
1.484004e-01 1.443943e-01 7.901400e-01 5.768937e-01
1.521942e-01 1.577697e-01 7.980767e-01 5.612658e-01
1.559060e-01 1.710666e-01 8.056121e-01 5.453611e-01
1.595339e-01 1.842786e-01 8.127427e-01 5.291877e-01
1.630762e-01 1.973993e-01 8.194651e-01 5.127540e-01
1.665315e-01 2.104224e-01 8.257760e-01 4.960683e-01
1.698980e-01 2.233417e-01 8.316724e-01 4.791390e-01
1.731742e-01 2.361510e-01 8.371515e-01 4.619748e-01
1.763586e-01 2.488440e-01 8.422108e-01 4.445844e-01
1.794498e-01 2.614149e-01 8.468478e-01 4.269764e-01
1.824464e-01 2.738574e-01 8.510603e-01 4.091598e-01
1.853471e-01 2.861658e-01 8.548464e-01 3.911435e-01
1.881505e-01 2.983341e-01 8.582042e-01 3.729365e-01
1.908555e-01 3.103565e-01 8.611323e-01 3.545480e-01
1.934607e-01 3.222273e-01 8.636291e-01 3.359870e-01
1.959652e-01 3.339409e-01 8.656936e-01 3.172629e-01
1.983677e-01 3.454916e-01 8.673247e-01 2.983850e-01
2.006673e-01 3.568739e-01 8.685218e-01 2.793626e-01
2.028630e-01 3.680825e-01 8.692843e-01 2.602053e-01
2.049538e-01 3.791119e-01 8.696117e-01 2.409224e-01
2.069389e-01 3.899569e-01 8.695040e-01 2.215235e-01
2.088175e-01 4.006122e-01 8.689613e-01 2.020183e-01
2.105888e-01 4.110729e-01 8.679837e-01 1.824164e-01
2.122521e-01 4.213338e-01 8.665718e-01 1.627275e-01
2.138067e-01 4.313901e-01 8.647262e-01 1.429612e-01
2.152521e-01 4.412368e-01 8.624478e-01 1.231274e-01
2.165878e-01 4.508693e-01 8.597378e-01 1.032359e-01
2.178131e-01 4.602828e-01 8.565973e-01 8.329638e-02
2.189278e-01 4.694728e-01 8.530279e-01 6.331882e-02
2.199315e-01 4.784349e-01 8.490313e-01 4.331304e-02
2.208238e-01 4.871647e-01 8.446094e-01 2.328893e-02
2.216046e-01 4.956579e-01 8.397643e-01 3.256356e-03
2.222735e-01 5.039103e-01 8.344983e-01 -1.677478e-02
2.228305e-01 5.119180e-01 8.288140e-01 -3.679460e-02
2.232755e-01 5.196770e-01 8.227140e-01 -5.679322e-02
2.236085e-01 5.271835e-01 8.162013e-01 -7.676077e-02
2.238294e-01 5.344338e-01 8.092790e-01 -9.668738e-02
2.239384e-01 5.414243e-01 8.019503e-01 -1.165632e-01
2.239355e-01 5.481516e-01 7.942189e-01 -1.363786e-01
2.238210e-01 5.546124e-01 7.860882e-01 -1.561236e-01
2.235949e-01 5.608035e-01 7.775623e-01 -1.757886e-01
2.232576e-01 5.667219e-01 7.686451e-01 -1.953639e-01
2.228094e-01 5.723645e-01 7.593409e-01 -2.148399e-01
2.222506e-01 5.777287e-01 7.496542e-01 -2.342069e-01
2.215816e-01 5.828117e-01 7.395894e-01 -2.534554e-01
2.208029e-01 5.876110e-01 7.291514e-01 -2.725759e-01
2.199150e-01 5.921241e-01 7.183453e-01 -2.915589e-01
2.189184e-01 5.963487e-01 7.071760e-01 -3.103950e-01
2.178138e-01 6.002827e-01 6.956490e-01 -3.290749e-01
2.166018e-01 6.039241e-01 6.837697e-01 -3.475894e-01
2.152831e-01 6.072709e-01 6.715438e-01 -3.659292e-01
2.138585e-01 6.103213e-01 6.589772e-01 -3.840852e-01
2.123287e-01 6.130738e-01 6.460759e-01 -4.020484e-01
2.106947e-01 6.155269e-01 6.328460e-01 -4.198098e-01
2.089574e-01 6.176791e-01 6.192941e-01 -4.373606e-01
2.071177e-01 6.195292e-01 6.054264e-01 -4.546918e-01
2.051766e-01 6.210763e-01 5.912499e-01 -4.717949e-01
2.031351e-01 6.223192e-01 5.767713e-01 -4.886612e-01
2.009945e-01 6.232573e-01 5.619977e-01 -5.052822e-01
1.987559e-01 6.238899e-01 5.469362e-01 -5.216496e-01
1.964204e-01 6.242164e-01 5.315942e-01 -5.377551e-01
1.939894e-01 6.242365e-01 5.159792e-01 -5.535904e-01
1.914642e-01 6.239500e-01 5.000988e-01 -5.691476e-01
1.888462e-01 6.233568e-01 4.839608e-01 -5.844188e-01
1.861367e-01 6.224569e-01 4.675733e-01 -5.993961e-01
1.833372e-01 6.212507e-01 4.509442e-01 -6.140720e-01
1.804493e-01 6.197383e-01 4.340818e-01 -6.284389e-01
1.774746e-01 6.179205e-01 4.169946e-01 -6.424894e-01
1.744145e-01 6.157977e-01 3.996908e-01 -6.562164e-01
1.712709e-01 6.133710e-01 3.821793e-01 -6.696128e-01
1.680453e-01 6.106413e-01 3.644686e-01 -6.826717e-01
1.647393e-01 6.076097e-01 3.465676e-01 -6.953864e-01
1.613547e-01 6.042776e-01 3.284853e-01 -7.077504e-01
1.578933e-01 6.006464e-01 3.102305e-01 -7.197573e-01
1.543569e-01 5.967179e-01 2.918125e-01 -7.314008e-01
1.507472e-01 5.924936e-01 2.732406e-01 -7.426750e-01
1.470662e-01 5.879757e-01 2.545240e-01 -7.535739e-01
1.433158e-01 5.831660e-01 2.356723e-01 -7.640920e-01
1.394979e-01 5.780670e-01 2.166948e-01 -7.742236e-01
1.356146e-01 5.726809e-01 1.976013e-01 -7.839637e-01
1.316677e-01 5.670102e-01 1.784015e-01 -7.933069e-01
1.276595e-01 5.610578e-01 1.591050e-01 -8.022486e-01
1.235920e-01 5.548263e-01 1.397217e-01 -8.107840e-01
1.194673e-01 5.483187e-01 1.202615e-01 -8.189086e-01
1.152875e-01 5.415382e-01 1.007344e-01 -8.266182e-01
1.110550e-01 5.344881e-01 8.115031e-02 -8.339088e-01
1.067718e-01 5.271717e-01 6.151932e-02 -8.407765e-01
1.024403e-01 5.195926e-01 4.185152e-02 -8.472178e-01
9.806264e-02 5.117544e-01 2.215701e-02 -8.532293e-01
9.364122e-02 5.036611e-01 2.445925e-03 -8.588078e-01
8.917833e-02 4.953166e-01 -1.727156e-02 -8.639505e-01
8.467629e-02 4.867250e-01 -3.698529e-02 -8.686546e-01
8.013746e-02 4.778905e-01 -5.668507e-02 -8.729178e-01
7.556423e-02 4.688175e-01 -7.636073e-02 -8.767378e-01
7.095899e-02 4.595106e-01 -9.600207e-02 -8.801128e-01
6.632417e-02 4.499742e-01 -1.155989e-01 -8.830409e-01
6.166220e-02 4.402133e-01 -1.351412e-01 -8.855207e-01
5.697554e-02 4.302326e-01 -1.546187e-01 -8.875510e-01
5.226666e-02 4.200372e-01 -1.740214e-01 -8.891308e-01
4.753803e-02 4.096320e-01 -1.933391e-01 -8.902594e-01
4.279215e-02 3.990224e-01 -2.125620e-01 -8.909362e-01
3.803152e-02 3.882136e-01 -2.316800e-01 -8.911612e-01
3.325864e-02 3.772110e-01 -2.506832e-01 -8.909342e-01
2.847603e-02 3.660201e-01 -2.695618e-01 -8.902555e-01
2.368620e-02 3.546466e-01 -2.883061e-01 -8.891256e-01
1.889167e-02 3.430961e-01 -3.069063e-01 -8.875453e-01
1.409496e-02 3.313744e-01 -3.253528e-01 -8.855156e-01
9.298583e-03 3.194874e-01 -3.436362e-01 -8.830377e-01
4.505052e-03 3.074410e-01 -3.617470e-01 -8.801130e-01
-2.831276e-04 2.952412e-01 -3.796759e-01 -8.767433e-01
-5.063456e-03 2.828942e-01 -3.974136e-01 -8.729305e-01
-9.833443e-03 2.704061e-01 -4.149511e-01 -8.686768e-01
-1.459061e-02 2.577830e-01 -4.322794e-01 -8.639847e-01
-1.933249e-02 2.450314e-01 -4.493896e-01 -8.588567e-01
-2.405663e-02 2.321575e-01 -4.662729e-01 -8.532958e-01
-2.876059e-02 2.191678e-01 -4.829209e-01 -8.473050e-01
-3.344195e-02 2.060687e-01 -4.993249e-01 -8.408876e-01
-3.809832e-02 1.928667e-01 -5.154766e-01 -8.340473e-01
-4.272733e-02 1.795684e-01 -5.313679e-01 -8.267876e-01
-4.732669e-02 1.661804e-01 -5.469906e-01 -8.191127e-01
-5.189415e-02 1.527094e-01 -5.623368e-01 -8.110266e-01
-5.642749e-02 1.391624e-01 -5.773987e-01 -8.025338e-01
-6.092452e-02 1.255460e-01 -5.921687e-01 -7.936388e-01
-6.538304e-02 1.118672e-01 -6.066394e-01 -7.843465e-01
-6.980091e-02 9.813270e-02 -6.208033e-01 -7.746619e-01
-7.417600e-02 8.434947e-02 -6.346535e-01 -7.645901e-01
-7.850621e-02 7.052437e-02 -6.481829e-01 -7.541366e-01
-8.278945e-02 5.666427e-02 -6.613847e-01 -7.433070e-01
-8.702368e-02 4.277606e-02 -6.742524e-01 -7.321071e-01
-9.120688e-02 2.886664e-02 -6.867796e-01 -7.205427e-01
-9.533707e-02 1.494288e-02 -6.989601e-01 -7.086201e-01
-9.941228e-02 1.011652e-03 -7.107877e-01 -6.963455e-01
-1.034306e-01 -1.292018e-02 -7.222567e-01 -6.837254e-01
-1.073901e-01 -2.684578e-02 -7.333614e-01 -6.707665e-01
-1.112890e-01 -4.075831e-02 -7.440964e-01 -6.574755e-01
-1.151254e-01 -5.465098e-02 -7.544565e-01 -6.438594e-01
-1.188975e-01 -6.851700e-02 -7.644364e-01 -6.299252e-01
-1.226036e-01 -8.234963e-02 -7.740314e-01 -6.156803e-01
-1.262420e-01 -9.614215e-02 -7.832369e-01 -6.011319e-01
-1.298110e-01 -1.098879e-01 -7.920483e-01 -5.862877e-01
-1.333090e-01 -1.235801e-01 -8.004614e-01 -5.711551e-01
-1.367343e-01 -1.372123e-01 -8.084722e-01 -5.557421e-01
-1.400854e-01 -1.507779e-01 -8.160767e-01 -5.400564e-01
-1.433608e-01 -1.642703e-01 -8.232714e-01 -5.241061e-01
-1.465591e-01 -1.776831e-01 -8.300527e-01 -5.078992e-01
-1.496786e-01 -1.910098e-01 -8.364175e-01 -4.914441e-01
-1.527182e-01 -2.042440e-01 -8.423627e-01 -4.747489e-01
-1.556764e-01 -2.173794e-01 -8.478855e-01 -4.578223e-01
-1.585519e-01 -2.304097e-01 -8.529832e-01 -4.406726e-01
-1.613435e-01 -2.433286e-01 -8.576534e-01 -4.233085e-01
-1.640498e-01 -2.561301e-01 -8.618940e-01 -4.057386e-01
-1.666699e-01 -2.688079e-01 -8.657028e-01 -3.879719e-01
-1.692025e-01 -2.813561e-01 -8.690781e-01 -3.700171e-01
-1.716465e-01 -2.937685e-01 -8.720182e-01 -3.518831e-01
-1.740010e-01 -3.060394e-01 -8.745219e-01 -3.335791e-01
-1.762648e-01 -3.181627e-01 -8.765879e-01 -3.151141e-01
-1.784372e-01 -3.301328e-01 -8.782152e-01 -2.964973e-01
-1.805171e-01 -3.419439e-01 -8.794030e-01 -2.777378e-01
-1.825037e-01 -3.535902e-01 -8.801509e-01 -2.588451e-01
-1.843963e-01 -3.650663e-01 -8.804584e-01 -2.398283e-01
-1.861941e-01 -3.763667e-01 -8.803254e-01 -2.206970e-01
-1.878964e-01 -3.874857e-01 -8.797519e-01 -2.014604e-01
-1.895026e-01 -3.984183e-01 -8.787383e-01 -1.821283e-01
-1.910119e-01 -4.091589e-01 -8.772850e-01 -1.627100e-01
-1.924240e-01 -4.197025e-01 -8.753926e-01 -1.432152e-01
-1.937383e-01 -4.300439e-01 -8.730622e-01 -1.236534e-01
-1.949543e-01 -4.401781e-01 -8.702947e-01 -1.040343e-01
-1.960716e-01 -4.501002e-01 -8.670916e-01 -8.436751e-02
-1.970900e-01 -4.598052e-01 -8.634543e-01 -6.466281e-02
-1.980091e-01 -4.692886e-01 -8.593846e-01 -4.492985e-02
-1.988287e-01 -4.785455e-01 -8.548844e-01 -2.517836e-02
-1.995485e-01 -4.875716e-01 -8.499559e-01 -5.418060e-03
-2.001684e-01 -4.963622e-01 -8.446014e-01 1.434132e-02
-2.006884e-01 -5.049133e-01 -8.388234e-01 3.409006e-02
-2.011083e-01 -5.132204e-01 -8.326246e-01 5.381847e-02
-2.014282e-01 -5.212797e-01 -8.260081e-01 7.351686e-02
-2.016479e-01 -5.290871e-01 -8.189770e-01 9.317555e-02
-2.017677e-01 -5.366388e-01 -8.115345e-01 1.127849e-01
-2.017876e-01 -5.439310e-01 -8.036841e-01 1.323352e-01
-2.017078e-01 -5.509602e-01 -7.954297e-01 1.518170e-01
-2.015284e-01 -5.577229e-01 -7.867751e-01 1.712205e-01
-2.012497e-01 -5.642156e-01 -7.777243e-01 1.905364e-01
-2.008720e-01 -5.704352e-01 -7.682818e-01 2.097550e-01
-2.003956e-01 -5.763786e-01 -7.584519e-01 2.288669e-01
-1.998210e-01 -5.820426e-01 -7.482393e-01 2.478627e-01
-1.991484e-01 -5.874245e-01 -7.376489e-01 2.667330e-01
-1.983785e-01 -5.925214e-01 -7.266857e-01 2.854685e-01
-1.975116e-01 -5.973308e-01 -7.153549e-01 3.040599e-01
-1.965484e-01 -6.018502e-01 -7.036620e-01 3.224979e-01
-1.954894e-01 -6.060771e-01 -6.916125e-01 3.407735e-01
-1.943353e-01 -6.100094e-01 -6.792121e-01 3.588776e-01
-1.930869e-01 -6.136450e-01 -6.664670e-01 3.768011e-01
-1.917447e-01 -6.169819e-01 -6.533830e-01 3.945351e-01
-1.903097e-01 -6.200182e-01 -6.399666e-01 4.120708e-01
-1.887826e-01 -6.227523e-01 -6.262243e-01 4.293994e-01
-1.871644e-01 -6.251826e-01 -6.121627e-01 4.465122e-01
-1.854559e-01 -6.273076e-01 -5.977885e-01 4.634006e-01
-1.836581e-01 -6.291263e-01 -5.831089e-01 4.800561e-01
-1.817720e-01 -6.306373e-01 -5.681309e-01 4.964704e-01
-1.797988e-01 -6.318397e-01 -5.528619e-01 5.126351e-01
-1.777394e-01 -6.327327e-01 -5.373093e-01 5.285421e-01
-1.755950e-01 -6.333156e-01 -5.214808e-01 5.441833e-01
-1.733669e-01 -6.335878e-01 -5.053842e-01 5.595509e-01
-1.710562e-01 -6.335490e-01 -4.890275e-01 5.746369e-01
-1.686642e-01 -6.331989e-01 -4.724185e-01 5.894338e-01
-1.661922e-01 -6.325376e-01 -4.555656e-01 6.039340e-01
-1.636414e-01 -6.315650e-01 -4.384771e-01 6.181302e-01
-1.610132e-01 -6.302815e-01 -4.211615e-01 6.320150e-01
-1.583089e-01 -6.286875e-01 -4.036272e-01 6.455814e-01
-1.555301e-01 -6.267835e-01 -3.858831e-01 6.588225e-01
-1.526781e-01 -6.245703e-01 -3.679380e-01 6.717313e-01
-1.497545e-01 -6.220487e-01 -3.498009e-01 6.843014e-01
-1.467607e-01 -6.192197e-01 -3.314807e-01 6.965262e-01
-1.436984e-01 -6.160846e-01 -3.129869e-01 7.083994e-01
-1.405692e-01 -6.126447e-01 -2.943286e-01 7.199149e-01
-1.373746e-01 -6.089014e-01 -2.755152e-01 7.310668e-01
-1.341164e-01 -6.048565e-01 -2.565564e-01 7.418492e-01
-1.307963e-01 -6.005118e-01 -2.374615e-01 7.522566e-01
-1.274160e-01 -5.958691e-01 -2.182405e-01 7.622836e-01
-1.239773e-01 -5.909307e-01 -1.989030e-01 7.719249e-01
-1.204819e-01 -5.856989e-01 -1.794589e-01 7.811757e-01
-1.169317e-01 -5.801759e-01 -1.599180e-01 7.900311e-01
-1.133287e-01 -5.743645e-01 -1.402905e-01 7.984864e-01
-1.096746e-01 -5.682674e-01 -1.205864e-01 8.065374e-01
-1.059714e-01 -5.618875e-01 -1.008157e-01 8.141798e-01
-1.022210e-01 -5.552277e-01 -8.098864e-02 8.214097e-01
-9.842542e-02 -5.482914e-01 -6.111539e-02 8.282234e-01
-9.458667e-02 -5.410817e-01 -4.120621e-02 8.346173e-01
-9.070674e-02 -5.336023e-01 -2.127134e-02 8.405881e-01
-8.678769e-02 -5.258568e-01 -1.321091e-03 8.461329e-01
-8.283155e-02 -5.178488e-01 1.863425e-02 8.512487e-01
-7.884041e-02 -5.095824e-01 3.858436e-02 8.559330e-01
-7.481636e-02 -5.010616e-01 5.851893e-02 8.601833e-01
-7.076150e-02 -4.922905e-01 7.842764e-02 8.639977e-01
-6.667798e-02 -4.832736e-01 9.830018e-02 8.673741e-01
-6.256793e-02 -4.740152e-01 1.181263e-01 8.703109e-01
-5.843352e-02 -4.645199e-01 1.378956e-01 8.728067e-01
-5.427690e-02 -4.547925e-01 1.575980e-01 8.748604e-01
-5.010026e-02 -4.448378e-01 1.772232e-01 8.764709e-01
-4.590580e-02 -4.346606e-01 1.967611e-01 8.776377e-01
-4.169571e-02 -4.242661e-01 2.162015e-01 8.783602e-01
-3.747220e-02 -4.136593e-01 2.355344e-01 8.786383e-01
-3.323747e-02 -4.028457e-01 2.547499e-01 8.784720e-01
-2.899374e-02 -3.918306e-01 2.738379e-01 8.778616e-01
-2.474322e-02 -3.806194e-01 2.927887e-01 8.768075e-01
-2.048812e-02 -3.692178e-01 3.115924e-01 8.753106e-01
-1.623066e-02 -3.576313e-01 3.302394e-01 8.733718e-01
-1.197305e-02 -3.458658e-01 3.487200e-01 8.709924e-01
-7.717487e-03 -3.339272e-01 3.670249e-01 8.681738e-01
-3.466173e-03 -3.218213e-01 3.851446e-01 8.649177e-01
7.787043e-04 -3.095542e-01 4.030697e-01 8.612261e-01
5.014970e-03 -2.971319e-01 4.207913e-01 8.571010e-01
9.240465e-03 -2.845607e-01 4.383001e-01 8.525449e-01
1.345304e-02 -2.718468e-01 4.555873e-01 8.475604e-01
1.765057e-02 -2.589965e-01 4.726440e-01 8.421502e-01
2.183093e-02 -2.460162e-01 4.894616e-01 8.363174e-01
2.599207e-02 -2.329123e-01 5.060316e-01 8.300653e-01
3.013197e-02 -2.196916e-01 5.223454e-01 8.233972e-01
3.424863e-02 -2.063606e-01 5.383948e-01 8.163170e-01
3.834007e-02 -1.929260e-01 5.541717e-01 8.088284e-01
4.240433e-02 -1.793946e-01 5.696680e-01 8.009356e-01
4.643946e-02 -1.657731e-01 5.848760e-01 7.926428e-01
5.044352e-02 -1.520684e-01 5.997881e-01 7.839547e-01
5.441462e-02 -1.382872e-01 6.143966e-01 7.748758e-01
5.835086e-02 -1.244365e-01 6.286943e-01 7.654111e-01
6.225037e-02 -1.105231e-01 6.426741e-01 7.555657e-01
6.611133e-02 -9.655389e-02 6.563289e-01 7.453449e-01
6.993190e-02 -8.253583e-02 6.696519e-01 7.347541e-01
7.371030e-02 -6.847583e-02 6.826367e-01 7.237990e-01
7.744476e-02 -5.438081e-02 6.952766e-01 7.124854e-01
8.113354e-02 -4.025770e-02 7.075655e-01 7.008193e-01
8.477493e-02 -2.611343e-02 7.194974e-01 6.888068e-01
8.836724e-02 -1.195493e-02 7.310663e-01 6.764542e-01
9.190881e-02 2.210896e-03 7.422667e-01 6.637681e-01
9.539803e-02 1.637713e-02 7.530929e-01 6.507550e-01
9.883329e-02 3.053688e-02 7.635398e-01 6.374217e-01
1.022130e-01 4.468326e-02 7.736023e-01 6.237751e-01
1.055357e-01 5.880943e-02 7.832754e-01 6.098223e-01
1.087999e-01 7.290854e-02 7.925546e-01 5.955704e-01
1.120040e-01 8.697377e-02 8.014352e-01 5.810269e-01
1.151466e-01 1.009984e-01 8.099131e-01 5.661990e-01
1.182264e-01 1.149755e-01 8.179841e-01 5.510945e-01
1.212420e-01 1.288985e-01 8.256444e-01 5.357209e-01
1.241920e-01 1.427607e-01 8.328903e-01 5.200861e-01
1.270752e-01 1.565554e-01 8.397183e-01 5.041979e-01
1.298902e-01 1.702759e-01 8.461251e-01 4.880645e-01
1.326359e-01 1.839158e-01 8.521077e-01 4.716939e-01
1.353111e-01 1.974684e-01 8.576632e-01 4.550944e-01
1.379146e-01 2.109273e-01 8.627891e-01 4.382742e-01
1.404454e-01 2.242859e-01 8.674827e-01 4.212418e-01
1.429022e-01 2.375380e-01 8.717420e-01 4.040057e-01
1.452842e-01 2.506771e-01 8.755648e-01 3.865744e-01
1.475903e-01 2.636970e-01 8.789494e-01 3.689567e-01
1.498195e-01 2.765914e-01 8.818941e-01 3.511612e-01
1.519710e-01 2.893541e-01 8.843975e-01 3.331968e-01
1.540439e-01 3.019789e-01 8.864584e-01 3.150725e-01
1.560373e-01 3.144598e-01 8.880760e-01 2.967970e-01
1.579504e-01 3.267909e-01 8.892492e-01 2.783796e-01
1.597825e-01 3.389660e-01 8.899777e-01 2.598292e-01
1.615329e-01 3.509794e-01 8.902611e-01 2.411550e-01
1.632010e-01 3.628253e-01 8.900992e-01 2.223662e-01
1.647860e-01 3.744978e-01 8.894920e-01 2.034720e-01
1.662875e-01 3.859914e-01 8.884400e-01 1.844818e-01
1.677049e-01 3.973004e-01 8.869434e-01 1.654049e-01
1.690376e-01 4.084194e-01 8.850032e-01 1.462507e-01
1.702853e-01 4.193428e-01 8.826201e-01 1.270285e-01
1.714475e-01 4.300653e-01 8.797954e-01 1.077479e-01
1.725239e-01 4.405817e-01 8.765303e-01 8.841824e-02
1.735142e-01 4.508869e-01 8.728265e-01 6.904911e-02
1.744180e-01 4.609756e-01 8.686856e-01 4.964999e-02
1.752352e-01 4.708432e-01 8.641096e-01 3.023038e-02
1.759655e-01 4.804846e-01 8.591007e-01 1.079980e-02
1.766087e-01 4.898952e-01 8.536612e-01 -8.632232e-03
1.771648e-01 4.990704e-01 8.477937e-01 -2.805619e-02
1.776335e-01 5.080057e-01 8.415010e-01 -4.746256e-02
1.780150e-01 5.166966e-01 8.347859e-01 -6.684184e-02
1.783091e-01 5.251388e-01 8.276517e-01 -8.618453e-02
1.785158e-01 5.333282e-01 8.201017e-01 -1.054811e-01
1.786353e-01 5.412608e-01 8.121395e-01 -1.247222e-01
1.786676e-01 5.489324e-01 8.037689e-01 -1.438983e-01
1.786129e-01 5.563394e-01 7.949937e-01 -1.630000e-01
1.784713e-01 5.634779e-01 7.858182e-01 -1.820179e-01
1.782430e-01 5.703443e-01 7.762466e-01 -2.009426e-01
1.779284e-01 5.769353e-01 7.662836e-01 -2.197649e-01
1.775277e-01 5.832473e-01 7.559339e-01 -2.384754e-01
1.770411e-01 5.892772e-01 7.452023e-01 -2.570649e-01
1.764692e-01 5.950218e-01 7.340940e-01 -2.755242e-01
1.758123e-01 6.004782e-01 7.226143e-01 -2.938443e-01
1.750709e-01 6.056435e-01 7.107688e-01 -3.120159e-01
1.742454e-01 6.105149e-01 6.985630e-01 -3.300301e-01
1.733364e-01 6.150899e-01 6.860028e-01 -3.478780e-01
1.723444e-01 6.193659e-01 6.730944e-01 -3.655506e-01
1.712701e-01 6.233407e-01 6.598439e-01 -3.830391e-01
1.701142e-01 6.270121e-01 6.462577e-01 -4.003349e-01
1.688772e-01 6.303780e-01 6.323424e-01 -4.174292e-01
1.675601e-01 6.334365e-01 6.181049e-01 -4.343134e-01
1.661634e-01 6.361858e-01 6.035521e-01 -4.509792e-01
1.646880e-01 6.386243e-01 5.886910e-01 -4.674181e-01
1.631348e-01 6.407507e-01 5.735289e-01 -4.836220e-01
1.615046e-01 6.425635e-01 5.580733e-01 -4.995825e-01
1.597982e-01 6.440616e-01 5.423316e-01 -5.152917e-01
1.580167e-01 6.452442e-01 5.263117e-01 -5.307416e-01
1.561609e-01 6.461102e-01 5.100214e-01 -5.459245e-01
1.542318e-01 6.466591e-01 4.934687e-01 -5.608326e-01
1.522305e-01 6.468904e-01 4.766618e-01 -5.754583e-01
1.501581e-01 6.468035e-01 4.596091e-01 -5.897942e-01
1.480156e-01 6.463985e-01 4.423190e-01 -6.038330e-01
1.458042e-01 6.456751e-01 4.248001e-01 -6.175676e-01
1.435250e-01 6.446335e-01 4.070612e-01 -6.309909e-01
1.411792e-01 6.432739e-01 3.891111e-01 -6.440960e-01
1.387681e-01 6.415968e-01 3.709588e-01 -6.568763e-01
1.362929e-01 6.396028e-01 3.526135e-01 -6.693252e-01
1.337549e-01 6.372926e-01 3.340844e-01 -6.814363e-01
1.311555e-01 6.346671e-01 3.153808e-01 -6.932034e-01
1.284959e-01 6.317273e-01 2.965123e-01 -7.046204e-01
1.257777e-01 6.284746e-01 2.774883e-01 -7.156814e-01
1.230022e-01 6.249103e-01 2.583185e-01 -7.263808e-01
1.201709e-01 6.210360e-01 2.390127e-01 -7.367131e-01
1.172852e-01 6.168534e-01 2.195808e-01 -7.466729e-01
1.143467e-01 6.123643e-01 2.000326e-01 -7.562551e-01
1.113569e-01 6.075708e-01 1.803782e-01 -7.654548e-01
1.083173e-01 6.024752e-01 1.606275e-01 -7.742673e-01
1.052296e-01 5.970797e-01 1.407909e-01 -7.826880e-01
1.020954e-01 5.913869e-01 1.208784e-01 -7.907126e-01
9.891624e-02 5.853995e-01 1.009002e-01 -7.983371e-01
9.569389e-02 5.791204e-01 8.086680e-02 -8.055575e-01
9.242999e-02 5.725524e-01 6.078837e-02 -8.123701e-01
8.912627e-02 5.656987e-01 4.067531e-02 -8.187716e-01
8.578443e-02 5.585628e-01 2.053800e-02 -8.247587e-01
8.240622e-02 5.511479e-01 3.868512e-04 -8.303283e-01
7.899341e-02 5.434577e-01 -1.976773e-02 -8.354777e-01
7.554777e-02 5.354960e-01 -3.991531e-02 -8.402044e-01
7.207109e-02 5.272666e-01 -6.004548e-02 -8.445059e-01
6.856519e-02 5.187736e-01 -8.014782e-02 -8.483803e-01
6.503189e-02 5.100211e-01 -1.002119e-01 -8.518256e-01
6.147303e-02 5.010135e-01 -1.202274e-01 -8.548403e-01
5.789046e-02 4.917552e-01 -1.401840e-01 -8.574229e-01
5.428604e-02 4.822507e-01 -1.600712e-01 -8.595722e-01
5.066165e-02 4.725048e-01 -1.798789e-01 -8.612875e-01
4.701916e-02 4.625223e-01 -1.995968e-01 -8.625679e-01
4.336045e-02 4.523081e-01 -2.192148e-01 -8.634131e-01
3.968743e-02 4.418672e-01 -2.387226e-01 -8.638228e-01
3.600198e-02 4.312049e-01 -2.581104e-01 -8.637970e-01
3.230600e-02 4.203265e-01 -2.773680e-01 -8.633359e-01
2.860138e-02 4.092372e-01 -2.964857e-01 -8.624402e-01
2.489004e-02 3.979427e-01 -3.154535e-01 -8.611104e-01
2.117384e-02 3.864486e-01 -3.342618e-01 -8.593476e-01
1.745469e-02 3.747605e-01 -3.529009e-01 -8.571528e-01
1.373446e-02 3.628842e-01 -3.713612e-01 -8.545275e-01
1.001503e-02 3.508257e-01 -3.896335e-01 -8.514733e-01
6.298265e-03 3.385910e-01 -4.077082e-01 -8.479920e-01
2.586032e-03 3.261860e-01 -4.255763e-01 -8.440857e-01
-1.119842e-03 3.136171e-01 -4.432287e-01 -8.397567e-01
-4.817575e-03 3.008905e-01 -4.606563e-01 -8.350075e-01
-8.505398e-03 2.880126e-01 -4.778503e-01 -8.298406e-01
-1.218155e-02 2.749899e-01 -4.948020e-01 -8.242592e-01
-1.584427e-02 2.618290e-01 -5.115027e-01 -8.182662e-01
-1.949183e-02 2.485364e-01 -5.279441e-01 -8.118650e-01
-2.312249e-02 2.351188e-01 -5.441178e-01 -8.050592e-01
-2.673453e-02 2.215829e-01 -5.600157e-01 -7.978525e-01
-3.032626e-02 2.079355e-01 -5.756299e-01 -7.902489e-01
-3.389598e-02 1.941833e-01 -5.909524e-01 -7.822526e-01
-3.744202e-02 1.803332e-01 -6.059757e-01 -7.738679e-01
-4.096272e-02 1.663921e-01 -6.206922e-01 -7.650993e-01
-4.445645e-02 1.523668e-01 -6.350946e-01 -7.559516e-01
-4.792157e-02 1.382643e-01 -6.491758e-01 -7.464297e-01
-5.135648e-02 1.240916e-01 -6.629288e-01 -7.365386e-01
-5.475960e-02 1.098557e-01 -6.763468e-01 -7.262838e-01
-5.812936e-02 9.556347e-02 -6.894231e-01 -7.156705e-01
-6.146422e-02 8.122199e-02 -7.021515e-01 -7.047045e-01
-6.476265e-02 6.683828e-02 -7.145255e-01 -6.933915e-01
-6.802315e-02 5.241936e-02 -7.265392e-01 -6.817374e-01
-7.124425e-02 3.797227e-02 -7.381867e-01 -6.697483e-01
-7.442448e-02 2.350403e-02 -7.494623e-01 -6.574305e-01
-7.756242e-02 9.021681e-03 -7.603605e-01 -6.447903e-01
-8.065666e-02 -5.467753e-03 -7.708761e-01 -6.318344e-01
-8.370582e-02 -1.995725e-02 -7.810039e-01 -6.185693e-01
-8.670854e-02 -3.443980e-02 -7.907391e-01 -6.050018e-01
-8.966348e-02 -4.890841e-02 -8.000769e-01 -5.911390e-01
-9.256935e-02 -6.335609e-02 -8.090129e-01 -5.769879e-01
-9.542486e-02 -7.777588e-02 -8.175428e-01 -5.625556e-01
-9.822877e-02 -9.216082e-02 -8.256624e-01 -5.478496e-01
-1.009799e-01 -1.065040e-01 -8.333678e-01 -5.328771e-01
-1.036769e-01 -1.207985e-01 -8.406554e-01 -5.176459e-01
-1.063188e-01 -1.350374e-01 -8.475217e-01 -5.021634e-01
-1.089043e-01 -1.492140e-01 -8.539634e-01 -4.864376e-01
-1.114324e-01 -1.633213e-01 -8.599774e-01 -4.704762e-01
-1.139021e-01 -1.773526e-01 -8.655608e-01 -4.542873e-01
-1.163121e-01 -1.913012e-01 -8.707109e-01 -4.378788e-01
-1.186616e-01 -2.051603e-01 -8.754253e-01 -4.212590e-01
-1.209496e-01 -2.189233e-01 -8.797018e-01 -4.044361e-01
-1.231750e-01 -2.325835e-01 -8.835382e-01 -3.874184e-01
-1.253370e-01 -2.461343e-01 -8.869328e-01 -3.702144e-01
-1.274348e-01 -2.595692e-01 -8.898839e-01 -3.528326e-01
-1.294673e-01 -2.728817e-01 -8.923901e-01 -3.352815e-01
-1.314340e-01 -2.860654e-01 -8.944502e-01 -3.175697e-01
-1.333338e-01 -2.991139e-01 -8.960632e-01 -2.997061e-01
-1.351662e-01 -3.120208e-01 -8.972283e-01 -2.816994e-01
-1.369303e-01 -3.247799e-01 -8.979449e-01 -2.635584e-01
-1.386255e-01 -3.373849e-01 -8.982128e-01 -2.452921e-01
-1.402512e-01 -3.498297e-01 -8.980317e-01 -2.269094e-01
-1.418068e-01 -3.621083e-01 -8.974017e-01 -2.084193e-01
-1.432916e-01 -3.742145e-01 -8.963232e-01 -1.898310e-01
-1.447052e-01 -3.861425e-01 -8.947965e-01 -1.711535e-01
-1.460470e-01 -3.978864e-01 -8.928226e-01 -1.523960e-01
-1.473165e-01 -4.094405e-01 -8.904022e-01 -1.335677e-01
-1.485134e-01 -4.207991e-01 -8.875364e-01 -1.146778e-01
-1.496372e-01 -4.319566e-01 -8.842267e-01 -9.573554e-02
-1.506876e-01 -4.429076e-01 -8.804746e-01 -7.675017e-02
-1.516642e-01 -4.536467e-01 -8.762818e-01 -5.773098e-02
-1.525667e-01 -4.641686e-01 -8.716503e-01 -3.868727e-02
-1.533948e-01 -4.744682e-01 -8.665822e-01 -1.962835e-02
-1.541483e-01 -4.845404e-01 -8.610799e-01 -5.635205e-04
-1.548270e-01 -4.943803e-01 -8.551459e-01 1.849789e-02
-1.554306e-01 -5.039828e-01 -8.487832e-01 3.754655e-02
-1.559591e-01 -5.133433e-01 -8.419946e-01 5.657315e-02
-1.564123e-01 -5.224571e-01 -8.347833e-01 7.556838e-02
-1.567900e-01 -5.313197e-01 -8.271527e-01 9.452293e-02
-1.570924e-01 -5.399266e-01 -8.191065e-01 1.134275e-01
-1.573193e-01 -5.482734e-01 -8.106484e-01 1.322728e-01
-1.574708e-01 -5.563560e-01 -8.017824e-01 1.510497e-01
-1.575469e-01 -5.641702e-01 -7.925127e-01 1.697488e-01
-1.575476e-01 -5.717121e-01 -7.828437e-01 1.883609e-01
-1.574732e-01 -5.789777e-01 -7.727800e-01 2.068770e-01
-1.573237e-01 -5.859634e-01 -7.623264e-01 2.252878e-01
-1.570994e-01 -5.926655e-01 -7.514879e-01 2.435843e-01
-1.568004e-01 -5.990805e-01 -7.402697e-01 2.617573e-01
-1.564271e-01 -6.052051e-01 -7.286772e-01 2.797980e-01
-1.559796e-01 -6.110359e-01 -7.167159e-01 2.976974e-01
-1.554583e-01 -6.165700e-01 -7.043917e-01 3.154465e-01
-1.548636e-01 -6.218043e-01 -6.917104e-01 3.330366e-01
-1.541959e-01 -6.267359e-01 -6.786783e-01 3.504588e-01
-1.534556e-01 -6.313623e-01 -6.653017e-01 3.677046e-01
-1.526431e-01 -6.356809e-01 -6.515870e-01 3.847652e-01
-1.517589e-01 -6.396893e-01 -6.375409e-01 4.016322e-01
-1.508034e-01 -6.433854e-01 -6.231702e-01 4.182971e-01
-1.497773e-01 -6.467670e-01 -6.084820e-01 4.347516e-01
-1.486811e-01 -6.498322e-01 -5.934834e-01 4.509873e-01
-1.475153e-01 -6.525792e-01 -5.781818e-01 4.669962e-01
-1.462806e-01 -6.550065e-01 -5.625847e-01 4.827701e-01
-1.449777e-01 -6.571125e-01 -5.466997e-01 4.983011e-01
-1.436073e-01 -6.588960e-01 -5.305349e-01 5.135813e-01
-1.421700e-01 -6.603557e-01 -5.140980e-01 5.286031e-01
-1.406667e-01 -6.614908e-01 -4.973973e-01 5.433587e-01
-1.390981e-01 -6.623003e-01 -4.804412e-01 5.578407e-01
-1.374650e-01 -6.627837e-01 -4.632379e-01 5.720418e-01
-1.357683e-01 -6.629403e-01 -4.457962e-01 5.859547e-01
-1.340088e-01 -6.627698e-01 -4.281248e-01 5.995723e-01
-1.321875e-01 -6.622722e-01 -4.102326e-01 6.128876e-01
-1.303054e-01 -6.614473e-01 -3.921285e-01 6.258940e-01
-1.283633e-01 -6.602953e-01 -3.738217e-01 6.385847e-01
-1.263623e-01 -6.588165e-01 -3.553214e-01 6.509532e-01
-1.243034e-01 -6.570115e-01 -3.366370e-01 6.629933e-01
-1.221877e-01 -6.548808e-01 -3.177780e-01 6.746988e-01
-1.200162e-01 -6.524253e-01 -2.987540e-01 6.860637e-01
-1.177901e-01 -6.496461e-01 -2.795747e-01 6.970821e-01
-1.155106e-01 -6.465442e-01 -2.602498e-01 7.077485e-01
-1.131787e-01 -6.431210e-01 -2.407892e-01 7.180574e-01
-1.107958e-01 -6.393781e-01 -2.212029e-01 7.280036e-01
-1.083629e-01 -6.353170e-01 -2.015009e-01 7.375820e-01
-1.058815e-01 -6.309396e-01 -1.816934e-01 7.467877e-01
-1.033527e-01 -6.262480e-01 -1.617905e-01 7.556160e-01
-1.007778e-01 -6.212443e-01 -1.418024e-01 7.640625e-01
-9.815829e-02 -6.159308e-01 -1.217395e-01 7.721229e-01
-9.549537e-02 -6.103100e-01 -1.016120e-01 7.797931e-01
-9.279044e-02 -6.043847e-01 -8.143041e-02 7.870694e-01
-9.004490e-02 -5.981576e-01 -6.120506e-02 7.939479e-01
-8.726015e-02 -5.916318e-01 -4.094641e-02 8.004255e-01
-8.443762e-02 -5.848103e-01 -2.066492e-02 8.064987e-01
-8.157876e-02 -5.776966e-01 -3.710590e-04 8.121646e-01
-7.868503e-02 -5.702940e-01 1.992469e-02 8.174206e-01
-7.575792e-02 -5.626062e-01 4.021186e-02 8.222639e-01
-7.279893e-02 -5.546370e-01 6.047996e-02 8.266924e-01
-6.980957e-02 -5.463902e-01 8.071853e-02 8.307039e-01
-6.679137e-02 -5.378698e-01 1.009171e-01 8.342965e-01
-6.374588e-02 -5.290802e-01 1.210654e-01 8.374687e-01
-6.067465e-02 -5.200256e-01 1.411528e-01 8.402189e-01
-5.757925e-02 -5.107105e-01 1.611692e-01 8.425461e-01
-5.446126e-02 -5.011394e-01 1.811041e-01 8.444493e-01
-5.132226e-02 -4.913172e-01 2.009474e-01 8.459277e-01
-4.816384e-02 -4.812486e-01 2.206888e-01 8.469808e-01
-4.498761e-02 -4.709387e-01 2.403183e-01 8.476084e-01
-4.179515e-02 -4.603926e-01 2.598258e-01 8.478103e-01
-3.858807e-02 -4.496155e-01 2.792012e-01 8.475869e-01
-3.536797e-02 -4.386128e-01 2.984348e-01 8.469384e-01
-3.213647e-02 -4.273898e-01 3.175166e-01 8.458655e-01
-2.889517e-02 -4.159523e-01 3.364370e-01 8.443689e-01
-2.564567e-02 -4.043058e-01 3.551863e-01 8.424499e-01
-2.238954e-02 -3.924562e-01 3.737551e-01 8.401095e-01
-1.912833e-02 -3.804095e-01 3.921337e-01 8.373493e-01
-1.586358e-02 -3.681717e-01 4.103130e-01 8.341710e-01
-1.259684e-02 -3.557491e-01 4.282837e-01 8.305763e-01
-9.329641e-03 -3.431478e-01 4.460367e-01 8.265675e-01
-6.063529e-03 -3.303742e-01 4.635630e-01 8.221469e-01
-2.800037e-03 -3.174348e-01 4.808538e-01 8.173169e-01
4.593058e-04 -3.043360e-01 4.979003e-01 8.120805e-01
3.712974e-03 -2.910843e-01 5.146941e-01 8.064404e-01
6.959448e-03 -2.776864e-01 5.312268e-01 8.003999e-01
1.019722e-02 -2.641490e-01 5.474899e-01 7.939623e-01
1.342477e-02 -2.504789e-01 5.634755e-01 7.871312e-01
1.664062e-02 -2.366827e-01 5.791755e-01 7.799103e-01
1.984328e-02 -2.227673e-01 5.945823e-01 7.723036e-01
2.303126e-02 -2.087398e-01 6.096880e-01 7.643152e-01
2.620311e-02 -1.946068e-01 6.244853e-01 7.559495e-01
2.935736e-02 -1.803756e-01 6.389669e-01 7.472108e-01
3.249257e-02 -1.660529e-01 6.531257e-01 7.381040e-01
3.560731e-02 -1.516460e-01 6.669546e-01 7.286338e-01
3.870017e-02 -1.371618e-01 6.804469e-01 7.188052e-01
4.176973e-02 -1.226074e-01 6.935961e-01 7.086235e-01
4.481462e-02 -1.079900e-01 7.063956e-01 6.980939e-01
4.783345e-02 -9.331669e-02 7.188393e-01 6.872220e-01
5.082486e-02 -7.859458e-02 7.309211e-01 6.760134e-01
5.378751e-02 -6.383086e-02 7.426351e-01 6.644739e-01
5.672008e-02 -4.903268e-02 7.539757e-01 6.526096e-01
5.962126e-02 -3.420723e-02 7.649374e-01 6.404264e-01
6.248975e-02 -1.936169e-02 7.755149e-01 6.279306e-01
6.532429e-02 -4.503239e-03 7.857030e-01 6.151286e-01
6.812360e-02 1.036094e-02 7.954970e-01 6.020269e-01
7.088647e-02 2.522366e-02 8.048920e-01 5.886321e-01
7.361167e-02 4.007775e-02 8.138835e-01 5.749511e-01
7.629800e-02 5.491605e-02 8.224672e-01 5.609907e-01
7.894430e-02 6.973138e-02 8.306390e-01 5.467578e-01
8.154939e-02 8.451662e-02 8.383950e-01 5.322597e-01
8.411215e-02 9.926461e-02 8.457314e-01 5.175036e-01
8.663147e-02 1.139682e-01 8.526448e-01 5.024969e-01
8.910626e-02 1.286204e-01 8.591317e-01 4.872469e-01
9.153544e-02 1.432141e-01 8.651891e-01 4.717613e-01
9.391798e-02 1.577422e-01 8.708141e-01 4.560478e-01
9.625285e-02 1.721976e-01 8.760040e-01 4.401141e-01
9.853905e-02 1.865735e-01 8.807562e-01 4.239680e-01
1.007756e-01 2.008628e-01 8.850685e-01 4.076177e-01
1.029616e-01 2.150586e-01 8.889388e-01 3.910710e-01
1.050961e-01 2.291540e-01 8.923652e-01 3.743362e-01
1.071782e-01 2.431422e-01 8.953461e-01 3.574215e-01
1.092071e-01 2.570163e-01 8.978800e-01 3.403351e-01
1.111818e-01 2.707696e-01 8.999657e-01 3.230855e-01
1.131016e-01 2.843953e-01 9.016022e-01 3.056811e-01
1.149657e-01 2.978867e-01 9.027886e-01 2.881304e-01
1.167734e-01 3.112374e-01 9.035244e-01 2.704421e-01
1.185238e-01 3.244406e-01 9.038092e-01 2.526248e-01
1.202164e-01 3.374899e-01 9.036429e-01 2.346872e-01
1.218504e-01 3.503789e-01 9.030255e-01 2.166381e-01
1.234251e-01 3.631013e-01 9.019572e-01 1.984863e-01
1.249401e-01 3.756509e-01 9.004386e-01 1.802407e-01
1.263946e-01 3.880214e-01 8.984703e-01 1.619102e-01
1.277881e-01 4.002069e-01 8.960532e-01 1.435037e-01
1.291200e-01 4.122014e-01 8.931884e-01 1.250302e-01
1.303899e-01 4.239989e-01 8.898772e-01 1.064988e-01
1.315973e-01 4.355937e-01 8.861211e-01 8.791835e-02
1.327416e-01 4.469801e-01 8.819219e-01 6.929804e-02
1.338224e-01 4.581523e-01 8.772816e-01 5.064694e-02
1.348393e-01 4.691049e-01 8.722021e-01 3.197413e-02
1.357919e-01 4.798325e-01 8.666861e-01 1.328875e-02
1.366799e-01 4.903297e-01 8.607359e-01 -5.400091e-03
1.375029e-01 5.005912e-01 8.543544e-01 -2.408325e-02
1.382607e-01 5.106120e-01 8.475445e-01 -4.275158e-02
1.389528e-01 5.203870e-01 8.403095e-01 -6.139594e-02
1.395791e-01 5.299112e-01 8.326528e-01 -8.000721e-02
1.401394e-01 5.391799e-01 8.245779e-01 -9.857624e-02
1.406334e-01 5.481883e-01 8.160888e-01 -1.170939e-01
1.410610e-01 5.569319e-01 8.071893e-01 -1.355511e-01
1.414220e-01 5.654061e-01 7.978838e-01 -1.539388e-01
1.417164e-01 5.736067e-01 7.881767e-01 -1.722479e-01
1.419440e-01 5.815293e-01 7.780726e-01 -1.904693e-01
1.421049e-01 5.891699e-01 7.675764e-01 -2.085941e-01
1.421989e-01 5.965244e-01 7.566931e-01 -2.266133e-01
1.422262e-01 6.035891e-01 7.454280e-01 -2.445179e-01
1.421867e-01 6.103601e-01 7.337865e-01 -2.622991e-01
1.420806e-01 6.168339e-01 7.217743e-01 -2.799480e-01
1.419078e-01 6.230072e-01 7.093970e-01 -2.974560e-01
1.416686e-01 6.288766e-01 6.966608e-01 -3.148142e-01
1.413630e-01 6.344390e-01 6.835718e-01 -3.320140e-01
1.409912e-01 6.396915e-01 6.701363e-01 -3.490468e-01
1.405535e-01 6.446311e-01 6.563609e-01 -3.659041e-01
1.400501e-01 6.492553e-01 6.422524e-01 -3.825774e-01
1.394811e-01 6.535613e-01 6.278176e-01 -3.990584e-01
1.388470e-01 6.575470e-01 6.130637e-01 -4.153389e-01
1.381480e-01 6.612100e-01 5.979978e-01 -4.314106e-01
1.373845e-01 6.645482e-01 5.826276e-01 -4.472653e-01
1.365569e-01 6.675598e-01 5.669604e-01 -4.628952e-01
1.356656e-01 6.702430e-01 5.510042e-01 -4.782924e-01
1.347109e-01 6.725962e-01 5.347668e-01 -4.934489e-01
1.336935e-01 6.746179e-01 5.182564e-01 -5.083573e-01
1.326137e-01 6.763069e-01 5.014811e-01 -5.230098e-01
1.314721e-01 6.776622e-01 4.844494e-01 -5.373991e-01
1.302694e-01 6.786826e-01 4.671699e-01 -5.515179e-01
1.290060e-01 6.793677e-01 4.496512e-01 -5.653590e-01
1.276825e-01 6.797166e-01 4.319022e-01 -5.789154e-01
1.262997e-01 6.797290e-01 4.139318e-01 -5.921801e-01
1.248583e-01 6.794047e-01 3.957491e-01 -6.051465e-01
1.233588e-01 6.787436e-01 3.773634e-01 -6.178079e-01
1.218022e-01 6.777457e-01 3.587839e-01 -6.301580e-01
1.201890e-01 6.764115e-01 3.400202e-01 -6.421903e-01
1.185202e-01 6.747412e-01 3.210819e-01 -6.538989e-01
1.167966e-01 6.727356e-01 3.019784e-01 -6.652777e-01
1.150189e-01 6.703955e-01 2.827198e-01 -6.763210e-01
1.131882e-01 6.677218e-01 2.633157e-01 -6.870232e-01
1.113052e-01 6.647157e-01 2.437762e-01 -6.973790e-01
1.093710e-01 6.613785e-01 2.241112e-01 -7.073830e-01
1.073865e-01 6.577117e-01 2.043310e-01 -7.170302e-01
1.053527e-01 6.537171e-01 1.844455e-01 -7.263158e-01
1.032706e-01 6.493964e-01 1.644651e-01 -7.352351e-01
1.011412e-01 6.447518e-01 1.444001e-01 -7.437837e-01
9.896554e-02 6.397854e-01 1.242607e-01 -7.519573e-01
9.674479e-02 6.344996e-01 1.040573e-01 -7.597518e-01
9.448001e-02 6.288969e-01 8.380034e-02 -7.671635e-01
9.217233e-02 6.229800e-01 6.350027e-02 -7.741885e-01
8.982291e-02 6.167518e-01 4.316752e-02 -7.808237e-01
8.743292e-02 6.102154e-01 2.281256e-02 -7.870656e-01
8.500355e-02 6.033739e-01 2.445859e-03 -7.929113e-01
8.253603e-02 5.962307e-01 -1.792209e-02 -7.983581e-01
8.003158e-02 5.887892e-01 -3.828082e-02 -8.034032e-01
7.749145e-02 5.810532e-01 -5.861987e-02 -8.080445e-01
7.491692e-02 5.730265e-01 -7.892880e-02 -8.122797e-01
7.230926e-02 5.647129e-01 -9.919718e-02 -8.161070e-01
6.966979e-02 5.561166e-01 -1.194146e-01 -8.195246e-01
6.699981e-02 5.472420e-01 -1.395708e-01 -8.225310e-01
6.430065e-02 5.380932e-01 -1.596554e-01 -8.251250e-01
6.157365e-02 5.286749e-01 -1.796581e-01 -8.273056e-01
5.882017e-02 5.189917e-01 -1.995688e-01 -8.290718e-01
5.604155e-02 5.090485e-01 -2.193774e-01 -8.304231e-01
5.323916e-02 4.988502e-01 -2.390736e-01 -8.313591e-01
5.041437e-02 4.884018e-01 -2.586476e-01 -8.318795e-01
4.756855e-02 4.777085e-01 -2.780893e-01 -8.319845e-01
4.470304e-02 4.667758e-01 -2.973890e-01 -8.316741e-01
4.181918e-02 4.556092e-01 -3.165368e-01 -8.309488e-01
3.891830e-02 4.442143e-01 -3.355231e-01 -8.298092e-01
3.600178e-02 4.325970e-01 -3.543382e-01 -8.282561e-01
3.307096e-02 4.207631e-01 -3.729725e-01 -8.262907e-01
3.012721e-02 4.087185e-01 -3.914169e-01 -8.239141e-01
2.717191e-02 3.964694e-01 -4.096618e-01 -8.211278e-01
2.420643e-02 3.840219e-01 -4.276983e-01 -8.179336e-01
2.123214e-02 3.713822e-01 -4.455172e-01 -8.143334e-01
1.825044e-02 3.585568e-01 -4.631097e-01 -8.103292e-01
1.526271e-02 3.455519e-01 -4.804668e-01 -8.059234e-01
1.227031e-02 3.323742e-01 -4.975801e-01 -8.011185e-01
9.274658e-03 3.190302e-01 -5.144410e-01 -7.959172e-01
6.277117e-03 3.055266e-01 -5.310411e-01 -7.903224e-01
3.279077e-03 2.918699e-01 -5.473723e-01 -7.843372e-01
2.819184e-04 2.780672e-01 -5.634264e-01 -7.779649e-01
-2.712979e-03 2.641250e-01 -5.791955e-01 -7.712089e-01
-5.704240e-03 2.500504e-01 -5.946719e-01 -7.640730e-01
-8.690492e-03 2.358503e-01 -6.098479e-01 -7.565610e-01
-1.167037e-02 2.215316e-01 -6.247163e-01 -7.486769e-01
-1.464250e-02 2.071015e-01 -6.392696e-01 -7.404249e-01
-1.760554e-02 1.925669e-01 -6.535007e-01 -7.318093e-01
-2.055813e-02 1.779350e-01 -6.674028e-01 -7.228347e-01
-2.349893e-02 1.632129e-01 -6.809691e-01 -7.135058e-01
-2.642660e-02 1.484078e-01 -6.941929e-01 -7.038273e-01
-2.933981e-02 1.335269e-01 -7.070680e-01 -6.938045e-01
-3.223724e-02 1.185775e-01 -7.195879e-01 -6.834423e-01
-3.511758e-02 1.035668e-01 -7.317468e-01 -6.727461e-01
-3.797952e-02 8.850212e-02 -7.435386e-01 -6.617214e-01
-4.082179e-02 7.339072e-02 -7.549578e-01 -6.503739e-01
-4.364308e-02 5.823994e-02 -7.659987e-01 -6.387091e-01
-4.644214e-02 4.305712e-02 -7.766561e-01 -6.267332e-01
-4.921769e-02 2.784960e-02 -7.869249e-01 -6.144520e-01
-5.196850e-02 1.262473e-02 -7.968001e-01 -6.018717e-01
-5.469333e-02 -2.610113e-03 -8.062768e-01 -5.889987e-01
-5.739095e-02 -1.784757e-02 -8.153507e-01 -5.758394e-01
-6.006015e-02 -3.308027e-02 -8.240173e-01 -5.624002e-01
-6.269974e-02 -4.830083e-02 -8.322723e-01 -5.486880e-01
-6.530853e-02 -6.350190e-02 -8.401119e-01 -5.347095e-01
-6.788536e-02 -7.867610e-02 -8.475323e-01 -5.204715e-01
-7.042907e-02 -9.381608e-02 -8.545299e-01 -5.059812e-01
-7.293853e-02 -1.089145e-01 -8.611012e-01 -4.912457e-01
-7.541262e-02 -1.239640e-01 -8.672431e-01 -4.762722e-01
-7.785023e-02 -1.389573e-01 -8.729527e-01 -4.610681e-01
-8.025029e-02 -1.538870e-01 -8.782271e-01 -4.456408e-01
-8.261171e-02 -1.687460e-01 -8.830639e-01 -4.299980e-01
-8.493345e-02 -1.835269e-01 -8.874606e-01 -4.141472e-01
-8.721449e-02 -1.982225e-01 -8.914151e-01 -3.980962e-01
-8.945380e-02 -2.128255e-01 -8.949255e-01 -3.818530e-01
-9.165041e-02 -2.273290e-01 -8.979900e-01 -3.654254e-01
-9.380333e-02 -2.417256e-01 -9.006072e-01 -3.488214e-01
-9.591162e-02 -2.560084e-01 -9.027757e-01 -3.320492e-01
-9.797435e-02 -2.701702e-01 -9.044945e-01 -3.151170e-01
-9.999061e-02 -2.842041e-01 -9.057628e-01 -2.980330e-01
-1.019595e-01 -2.981032e-01 -9.065798e-01 -2.808056e-01
-1.038803e-01 -3.118608e-01 -9.069451e-01 -2.634432e-01
-1.057519e-01 -3.254699e-01 -9.068585e-01 -2.459542e-01
-1.075737e-01 -3.389241e-01 -9.063200e-01 -2.283471e-01
-1.093448e-01 -3.522166e-01 -9.053297e-01 -2.106306e-01
-1.110645e-01 -3.653409e-01 -9.038881e-01 -1.928132e-01
-1.127320e-01 -3.782906e-01 -9.019958e-01 -1.749036e-01
-1.143465e-01 -3.910593e-01 -8.996536e-01 -1.569105e-01
-1.159073e-01 -4.036407e-01 -8.968625e-01 -1.388428e-01
-1.174137e-01 -4.160285e-01 -8.936239e-01 -1.207092e-01
-1.188650e-01 -4.282167e-01 -8.899391e-01 -1.025185e-01
-1.202606e-01 -4.401991e-01 -8.858098e-01 -8.427958e-02
-1.215999e-01 -4.519699e-01 -8.812380e-01 -6.600141e-02
-1.228822e-01 -4.635231e-01 -8.762258e-01 -4.769288e-02
-1.241069e-01 -4.748530e-01 -8.707755e-01 -2.936293e-02
-1.252735e-01 -4.859539e-01 -8.648895e-01 -1.102053e-02
-1.263814e-01 -4.968202e-01 -8.585708e-01 7.325343e-03
-1.274301e-01 -5.074465e-01 -8.518221e-01 2.566569e-02
-1.284192e-01 -5.178273e-01 -8.446468e-01 4.399152e-02
-1.293481e-01 -5.279574e-01 -8.370481e-01 6.229383e-02
-1.302164e-01 -5.378316e-01 -8.290298e-01 8.056362e-02
-1.310238e-01 -5.474449e-01 -8.205955e-01 9.879189e-02
-1.317698e-01 -5.567923e-01 -8.117494e-01 1.169697e-01
-1.324540e-01 -5.658691e-01 -8.024957e-01 1.350879e-01
-1.330762e-01 -5.746705e-01 -7.928388e-01 1.531378e-01
-1.336360e-01 -5.831920e-01 -7.827834e-01 1.711103e-01
-1.341331e-01 -5.914291e-01 -7.723343e-01 1.889965e-01
-1.345674e-01 -5.993777e-01 -7.614965e-01 2.067876e-01
-1.349384e-01 -6.070335e-01 -7.502753e-01 2.244748e-01
-1.352462e-01 -6.143927e-01 -7.386761e-01 2.420491e-01
-1.354904e-01 -6.214513e-01 -7.267045e-01 2.595020e-01
-1.356709e-01 -6.282056e-01 -7.143663e-01 2.768247e-01
-1.357876e-01 -6.346521e-01 -7.016676e-01 2.940085e-01
-1.358404e-01 -6.407874e-01 -6.886146e-01 3.110448e-01
-1.358292e-01 -6.466081e-01 -6.752136e-01 3.279252e-01
-1.357540e-01 -6.521113e-01 -6.614712e-01 3.446411e-01
-1.356148e-01 -6.572938e-01 -6.473943e-01 3.611842e-01
-1.354116e-01 -6.621530e-01 -6.329897e-01 3.775462e-01
-1.351445e-01 -6.666862e-01 -6.182646e-01 3.937187e-01
-1.348135e-01 -6.708908e-01 -6.032263e-01 4.096937e-01
-1.344187e-01 -6.747646e-01 -5.878822e-01 4.254632e-01
-1.339604e-01 -6.783053e-01 -5.722401e-01 4.410190e-01
-1.334386e-01 -6.815111e-01 -5.563077e-01 4.563535e-01
-1.328536e-01 -6.843801e-01 -5.400930e-01 4.714588e-01
-1.322056e-01 -6.869106e-01 -5.236042e-01 4.863272e-01
-1.314949e-01 -6.891012e-01 -5.068495e-01 5.009514e-01
-1.307217e-01 -6.909505e-01 -4.898374e-01 5.153238e-01
-1.298865e-01 -6.924574e-01 -4.725764e-01 5.294372e-01
-1.289895e-01 -6.936210e-01 -4.550754e-01 5.432845e-01
-1.280312e-01 -6.944404e-01 -4.373432e-01 5.568585e-01
-1.270120e-01 -6.949151e-01 -4.193888e-01 5.701526e-01
-1.259323e-01 -6.950447e-01 -4.012213e-01 5.831599e-01
-1.247926e-01 -6.948288e-01 -3.828500e-01 5.958738e-01
-1.235935e-01 -6.942675e-01 -3.642842e-01 6.082880e-01
-1.223355e-01 -6.933609e-01 -3.455334e-01 6.203961e-01
-1.210191e-01 -6.921092e-01 -3.266073e-01 6.321921e-01
-1.196450e-01 -6.905130e-01 -3.075154e-01 6.436701e-01
-1.182137e-01 -6.885729e-01 -2.882676e-01 6.548242e-01
-1.167261e-01 -6.862898e-01 -2.688736e-01 6.656488e-01
-1.151827e-01 -6.836647e-01 -2.493435e-01 6.761386e-01
-1.135842e-01 -6.806988e-01 -2.296873e-01 6.862883e-01
-1.119315e-01 -6.773935e-01 -2.099150e-01 6.960928e-01
-1.102253e-01 -6.737504e-01 -1.900367e-01 7.055472e-01
-1.084664e-01 -6.697711e-01 -1.700628e-01 7.146470e-01
-1.066557e-01 -6.654577e-01 -1.500033e-01 7.233876e-01
-1.047940e-01 -6.608123e-01 -1.298687e-01 7.317646e-01
-1.028822e-01 -6.558369e-01 -1.096693e-01 7.397742e-01
-1.009213e-01 -6.505342e-01 -8.941536e-02 7.474122e-01
-9.891208e-02 -6.449067e-01 -6.911731e-02 7.546751e-01
-9.685565e-02 -6.389572e-01 -4.878554e-02 7.615594e-01
-9.475297e-02 -6.326885e-01 -2.843046e-02 7.680618e-01
-9.260504e-02 -6.261038e-01 -8.062469e-03 7.741791e-01
-9.041292e-02 -6.192064e-01 1.230802e-02 7.799086e-01
-8.817767e-02 -6.119996e-01 3.267063e-02 7.852476e-01
-8.590036e-02 -6.044871e-01 5.301496e-02 7.901936e-01
-8.358210e-02 -5.966725e-01 7.333068e-02 7.947444e-01
-8.122402e-02 -5.885597e-01 9.360744e-02 7.988979e-01
-7.882726e-02 -5.801527e-01 1.138350e-01 8.026523e-01
-7.639299e-02 -5.714557e-01 1.340030e-01 8.060060e-01
-7.392237e-02 -5.624731e-01 1.541013e-01 8.089576e-01
-7.141659e-02 -5.532092e-01 1.741198e-01 8.115058e-01
-6.887683e-02 -5.436687e-01 1.940482e-01 8.136495e-01
-6.630425e-02 -5.338566e-01 2.138766e-01 8.153880e-01
-6.370005e-02 -5.237779e-01 2.335950e-01 8.167205e-01
-6.106541e-02 -5.134376e-01 2.531933e-01 8.176466e-01
-5.840157e-02 -5.028411e-01 2.726617e-01 8.181660e-01
-5.570975e-02 -4.919937e-01 2.919904e-01 8.182788e-01
-5.299120e-02 -4.809010e-01 3.111697e-01 8.179851e-01
-5.024718e-02 -4.695685e-01 3.301900e-01 8.172853e-01
-4.747896e-02 -4.580020e-01 3.490418e-01 8.161800e-01
-4.468783e-02 -4.462073e-01 3.677157e-01 8.146700e-01
-4.187508e-02 -4.341904e-01 3.862023e-01 8.127564e-01
-3.904202e-02 -4.219573e-01 4.044925e-01 8.104404e-01
-3.618996e-02 -4.095142e-01 4.225771e-01 8.077233e-01
-3.332023e-02 -3.968672e-01 4.404473e-01 8.046070e-01
-3.043416e-02 -3.840228e-01 4.580941e-01 8.010931e-01
-2.753308e-02 -3.709873e-01 4.755088e-01 7.971836e-01
-2.461835e-02 -3.577672e-01 4.926829e-01 7.928809e-01
-2.169131e-02 -3.443690e-01 5.096079e-01 7.881873e-01
-1.875333e-02 -3.307995e-01 5.262756e-01 7.831054e-01
-1.580576e-02 -3.170653e-01 5.426776e-01 7.776379e-01
-1.284998e-02 -3.031731e-01 5.588061e-01 7.717880e-01
-9.887342e-03 -2.891299e-01 5.746532e-01 7.655585e-01
-6.919232e-03 -2.749426e-01 5.902110e-01 7.589530e-01
-3.947020e-03 -2.606180e-01 6.054720e-01 7.519749e-01
-9.720820e-04 -2.461633e-01 6.204289e-01 7.446279e-01
2.004205e-03 -2.315854e-01 6.350744e-01 7.369157e-01
4.980465e-03 -2.168916e-01 6.494012e-01 7.288424e-01
7.955320e-03 -2.020889e-01 6.634026e-01 7.204122e-01
1.092739e-02 -1.871845e-01 6.770717e-01 7.116294e-01
1.389531e-02 -1.721858e-01 6.904020e-01 7.024985e-01
1.685770e-02 -1.571000e-01 7.033869e-01 6.930240e-01
1.981319e-02 -1.419345e-01 7.160202e-01 6.832109e-01
2.276041e-02 -1.266965e-01 7.282958e-01 6.730641e-01
2.569801e-02 -1.113935e-01 7.402078e-01 6.625886e-01
2.862460e-02 -9.603287e-02 7.517504e-01 6.517896e-01
3.153886e-02 -8.062209e-02 7.629180e-01 6.406727e-01
3.443941e-02 -6.516863e-02 7.737053e-01 6.292433e-01
3.732491e-02 -4.967996e-02 7.841070e-01 6.175070e-01
4.019403e-02 -3.416360e-02 7.941182e-01 6.054697e-01
4.304544e-02 -1.862707e-02 8.037339e-01 5.931374e-01
4.587779e-02 -3.077925e-03 8.129495e-01 5.805160e-01
4.868977e-02 1.247628e-02 8.217606e-01 5.676118e-01
5.148008e-02 2.802799e-02 8.301628e-01 5.544312e-01
5.424740e-02 4.356963e-02 8.381521e-01 5.409806e-01
5.699045e-02 5.909361e-02 8.457246e-01 5.272665e-01
5.970794e-02 7.459237e-02 8.528766e-01 5.132957e-01
6.239859e-02 9.005833e-02 8.596046e-01 4.990750e-01
6.506115e-02 1.054839e-01 8.659053e-01 4.846114e-01
6.769436e-02 1.208615e-01 8.717757e-01 4.699118e-01
7.029698e-02 1.361837e-01 8.772128e-01 4.549835e-01
7.286779e-02 1.514428e-01 8.822140e-01 4.398338e-01
7.540558e-02 1.666313e-01 8.867769e-01 4.244700e-01
7.790914e-02 1.817418e-01 8.908991e-01 4.088996e-01
8.037730e-02 1.967668e-01 8.945787e-01 3.931302e-01
8.280889e-02 2.116988e-01 8.978137e-01 3.771695e-01
8.520277e-02 2.265305e-01 9.006027e-01 3.610252e-01
8.755781e-02 2.412545e-01 9.029442e-01 3.447053e-01
8.987290e-02 2.558638e-01 9.048369e-01 3.282176e-01
9.214693e-02 2.703510e-01 9.062799e-01 3.115701e-01
9.437883e-02 2.847091e-01 9.072725e-01 2.947710e-01
9.656752e-02 2.989310e-01 9.078140e-01 2.778285e-01
9.871196e-02 3.130096e-01 9.079042e-01 2.607507e-01
1.008111e-01 3.269382e-01 9.075428e-01 2.435460e-01
1.028639e-01 3.407096e-01 9.067300e-01 2.262227e-01
1.048694e-01 3.543173e-01 9.054660e-01 2.087893e-01
1.068267e-01 3.677544e-01 9.037514e-01 1.912542e-01
1.087346e-01 3.810143e-01 9.015869e-01 1.736260e-01
1.105923e-01 3.940904e-01 8.989734e-01 1.559133e-01
1.123989e-01 4.069762e-01 8.959121e-01 1.381248e-01
1.141535e-01 4.196652e-01 8.924043e-01 1.202691e-01
1.158551e-01 4.321512e-01 8.884517e-01 1.023549e-01
1.175030e-01 4.444279e-01 8.840560e-01 8.439095e-02
1.190962e-01 4.564891e-01 8.792193e-01 6.638615e-02
1.206339e-01 4.683288e-01 8.739439e-01 4.834927e-02
1.221155e-01 4.799410e-01 8.682321e-01 3.028916e-02
1.235399e-01 4.913198e-01 8.620867e-01 1.221470e-02
1.249067e-01 5.024595e-01 8.555106e-01 -5.865232e-03
1.262149e-01 5.133544e-01 8.485068e-01 -2.394172e-02
1.274640e-01 5.239989e-01 8.410788e-01 -4.200585e-02
1.286532e-01 5.343876e-01 8.332301e-01 -6.004871e-02
1.297819e-01 5.445152e-01 8.249644e-01 -7.806138e-02
1.308495e-01 5.543765e-01 8.162858e-01 -9.603495e-02
1.318553e-01 5.639663e-01 8.071983e-01 -1.139605e-01
1.327990e-01 5.732799e-01 7.977065e-01 -1.318292e-01
1.336797e-01 5.823125e-01 7.878148e-01 -1.496321e-01
1.344972e-01 5.910594e-01 7.775280e-01 -1.673604e-01
1.352508e-01 5.995161e-01 7.668511e-01 -1.850053e-01
1.359401e-01 6.076783e-01 7.557894e-01 -2.025579e-01
1.365648e-01 6.155417e-01 7.443482e-01 -2.200096e-01
1.371243e-01 6.231022e-01 7.325331e-01 -2.373516e-01
1.376183e-01 6.303560e-01 7.203499e-01 -2.545751e-01
1.380465e-01 6.372992e-01 7.078046e-01 -2.716717e-01
1.384085e-01 6.439282e-01 6.949034e-01 -2.886327e-01
1.387042e-01 6.502394e-01 6.816527e-01 -3.054496e-01
1.389331e-01 6.562297e-01 6.680589e-01 -3.221139e-01
1.390952e-01 6.618958e-01 6.541290e-01 -3.386174e-01
1.391903e-01 6.672348e-01 6.398697e-01 -3.549515e-01
1.392181e-01 6.722437e-01 6.252883e-01 -3.711082e-01
1.391786e-01 6.769199e-01 6.103919e-01 -3.870794e-01
1.390717e-01 6.812610e-01 5.951882e-01 -4.028568e-01
1.388974e-01 6.852645e-01 5.796846e-01 -4.184326e-01
1.386556e-01 6.889283e-01 5.638890e-01 -4.337989e-01
1.383464e-01 6.922505e-01 5.478095e-01 -4.489480e-01
1.379697e-01 6.952292e-01 5.314540e-01 -4.638722e-01
1.375258e-01 6.978627e-01 5.148308e-01 -4.785640e-01
1.370146e-01 7.001497e-01 4.979484e-01 -4.930159e-01
1.364365e-01 7.020888e-01 4.808154e-01 -5.072208e-01
1.357915e-01 7.036790e-01 4.634405e-01 -5.211713e-01
1.350799e-01 7.049193e-01 4.458323e-01 -5.348605e-01
1.343020e-01 7.058090e-01 4.280001e-01 -5.482815e-01
1.334580e-01 7.063475e-01 4.099527e-01 -5.614276e-01
1.325483e-01 7.065347e-01 3.916994e-01 -5.742920e-01
1.315732e-01 7.063701e-01 3.732495e-01 -5.868684e-01
1.305332e-01 7.058540e-01 3.546124e-01 -5.991505e-01
1.294286e-01 7.049864e-01 3.357977e-01 -6.111320e-01
1.282599e-01 7.037677e-01 3.168149e-01 -6.228071e-01
1.270276e-01 7.021986e-01 2.976737e-01 -6.341699e-01
1.257324e-01 7.002797e-01 2.783839e-01 -6.452148e-01
1.243746e-01 6.980119e-01 2.589554e-01 -6.559363e-01
1.229550e-01 6.953964e-01 2.393982e-01 -6.663291e-01
1.214741e-01 6.924345e-01 2.197221e-01 -6.763880e-01
1.199327e-01 6.891275e-01 1.999372e-01 -6.861082e-01
1.183315e-01 6.854772e-01 1.800537e-01 -6.954850e-01
1.166711e-01 6.814853e-01 1.600816e-01 -7.045137e-01
1.149524e-01 6.771539e-01 1.400312e-01 -7.131899e-01
1.131761e-01 6.724850e-01 1.199126e-01 -7.215095e-01
1.113430e-01 6.674811e-01 9.973608e-02 -7.294686e-01
1.094541e-01 6.621446e-01 7.951190e-02 -7.370632e-01
1.075102e-01 6.564782e-01 5.925032e-02 -7.442898e-01
1.055122e-01 6.504847e-01 3.896159e-02 -7.511451e-01
1.034610e-01 6.441670e-01 1.865598e-02 -7.576256e-01
1.013577e-01 6.375285e-01 -1.656244e-03 -7.637286e-01
9.920315e-02 6.305722e-01 -2.196484e-02 -7.694511e-01
9.699846e-02 6.233018e-01 -4.225957e-02 -7.747904e-01
9.474465e-02 6.157209e-01 -6.253023e-02 -7.797443e-01
9.244278e-02 6.078332e-01 -8.276663e-02 -7.843104e-01
9.009389e-02 5.996428e-01 -1.029586e-01 -7.884866e-01
8.769907e-02 5.911539e-01 -1.230960e-01 -7.922710e-01
8.525942e-02 5.823708e-01 -1.431687e-01 -7.956618e-01
8.277606e-02 5.732982e-01 -1.631666e-01 -7.986576e-01
8.025013e-02 5.639405e-01 -1.830798e-01 -8.012570e-01
7.768280e-02 5.543027e-01 -2.028983e-01 -8.034589e-01
7.507526e-02 5.443896e-01 -2.226121e-01 -8.052624e-01
7.242872e-02 5.342064e-01 -2.422115e-01 -8.066667e-01
6.974441e-02 5.237581e-01 -2.616867e-01 -8.076715e-01
6.702357e-02 5.130502e-01 -2.810280e-01 -8.082763e-01
6.426749e-02 5.020880e-01 -3.002257e-01 -8.084812e-01
6.147744e-02 4.908770e-01 -3.192705e-01 -8.082862e-01
5.865474e-02 4.794230e-01 -3.381529e-01 -8.076917e-01
5.580069e-02 4.677317e-01 -3.568635e-01 -8.066981e-01
5.291665e-02 4.558089e-01 -3.753931e-01 -8.053062e-01
5.000396e-02 4.436607e-01 -3.937327e-01 -8.035169e-01
4.706400e-02 4.312930e-01 -4.118731e-01 -8.013313e-01
4.409814e-02 4.187122e-01 -4.298056e-01 -7.987507e-01
4.110777e-02 4.059243e-01 -4.475213e-01 -7.957766e-01
3.809431e-02 3.929358e-01 -4.650115e-01 -7.924106e-01
3.505917e-02 3.797531e-01 -4.822678e-01 -7.886547e-01
3.200379e-02 3.663827e-01 -4.992817e-01 -7.845109e-01
2.892959e-02 3.528312e-01 -5.160449e-01 -7.799814e-01
2.583804e-02 3.391052e-01 -5.325493e-01 -7.750686e-01
2.273059e-02 3.252115e-01 -5.487869e-01 -7.697751e-01
1.960870e-02 3.111570e-01 -5.647498e-01 -7.641038e-01
1.647386e-02 2.969484e-01 -5.804302e-01 -7.580574e-01
1.332754e-02 2.825927e-01 -5.958206e-01 -7.516393e-01
1.017123e-02 2.680969e-01 -6.109135e-01 -7.448525e-01
7.006423e-03 2.534681e-01 -6.257017e-01 -7.377006e-01
3.834624e-03 2.387135e-01 -6.401779e-01 -7.301873e-01
6.573329e-04 2.238401e-01 -6.543352e-01 -7.223162e-01
-2.523940e-03 2.088552e-01 -6.681667e-01 -7.140913e-01
-5.707682e-03 1.937660e-01 -6.816657e-01 -7.055168e-01
-8.892379e-03 1.785800e-01 -6.948258e-01 -6.965969e-01
-1.207651e-02 1.633045e-01 -7.076405e-01 -6.873359e-01
-1.525856e-02 1.479468e-01 -7.201037e-01 -6.777386e-01
-1.843700e-02 1.325145e-01 -7.322093e-01 -6.678095e-01
-2.161032e-02 1.170151e-01 -7.439514e-01 -6.575536e-01
-2.477698e-02 1.014560e-01 -7.553244e-01 -6.469759e-01
-2.793548e-02 8.584482e-02 -7.663228e-01 -6.360815e-01
-3.108427e-02 7.018919e-02 -7.769411e-01 -6.248759e-01
-3.422185e-02 5.449670e-02 -7.871742e-01 -6.133643e-01
-3.734669e-02 3.877503e-02 -7.970171e-01 -6.015526e-01
-4.045729e-02 2.303183e-02 -8.064650e-01 -5.894463e-01
-4.355211e-02 7.274805e-03 -8.155134e-01 -5.770513e-01
-4.662966e-02 -8.488325e-03 -8.241577e-01 -5.643738e-01
-4.968843e-02 -2.424983e-02 -8.323937e-01 -5.514198e-01
-5.272692e-02 -4.000198e-02 -8.402174e-01 -5.381956e-01
-5.574364e-02 -5.573701e-02 -8.476249e-01 -5.247076e-01
-5.873710e-02 -7.144717e-02 -8.546126e-01 -5.109624e-01
-6.170582e-02 -8.712470e-02 -8.611770e-01 -4.969667e-01
-6.464833e-02 -1.027618e-01 -8.673149e-01 -4.827272e-01
-6.756318e-02 -1.183509e-01 -8.730232e-01 -4.682508e-01
-7.044890e-02 -1.338840e-01 -8.782991e-01 -4.535447e-01
-7.330408e-02 -1.493536e-01 -8.831399e-01 -4.386158e-01
-7.612728e-02 -1.647520e-01 -8.875434e-01 -4.234716e-01
-7.891711e-02 -1.800716e-01 -8.915071e-01 -4.081192e-01
-8.167217e-02 -1.953050e-01 -8.950292e-01 -3.925663e-01
-8.439107e-02 -2.104445e-01 -8.981079e-01 -3.768203e-01
-8.707245e-02 -2.254827e-01 -9.007415e-01 -3.608888e-01
-8.971494e-02 -2.404123e-01 -9.029287e-01 -3.447797e-01
-9.231721e-02 -2.552258e-01 -9.046683e-01 -3.285007e-01
-9.487793e-02 -2.699159e-01 -9.059593e-01 -3.120597e-01
-9.739578e-02 -2.844754e-01 -9.068012e-01 -2.954648e-01
-9.986947e-02 -2.988971e-01 -9.071932e-01 -2.787240e-01
-1.022977e-01 -3.131739e-01 -9.071352e-01 -2.618455e-01
-1.046792e-01 -3.272986e-01 -9.066270e-01 -2.448375e-01
-1.070128e-01 -3.412643e-01 -9.056687e-01 -2.277083e-01
-1.092972e-01 -3.550640e-01 -9.042608e-01 -2.104662e-01
-1.115312e-01 -3.686909e-01 -9.024038e-01 -1.931197e-01
-1.137136e-01 -3.821381e-01 -9.000984e-01 -1.756773e-01
-1.158433e-01 -3.953989e-01 -8.973457e-01 -1.581475e-01
-1.179191e-01 -4.084668e-01 -8.941469e-01 -1.405389e-01
-1.199399e-01 -4.213352e-01 -8.905035e-01 -1.228601e-01
-1.219046e-01 -4.339975e-01 -8.864171e-01 -1.051199e-01
-1.238121e-01 -4.464475e-01 -8.818896e-01 -8.732687e-02
-1.256614e-01 -4.586788e-01 -8.769231e-01 -6.948990e-02
-1.274515e-01 -4.706853e-01 -8.715200e-01 -5.161774e-02
-1.291813e-01 -4.824608e-01 -8.656829e-01 -3.371921e-02
-1.308498e-01 -4.939994e-01 -8.594144e-01 -1.580318e-02
-1.324562e-01 -5.052952e-01 -8.527177e-01 2.121489e-03
-1.339996e-01 -5.163425e-01 -8.455960e-01 2.004592e-02
-1.354790e-01 -5.271357e-01 -8.380527e-01 3.796123e-02
-1.368936e-01 -5.376692e-01 -8.300914e-01 5.585852e-02
-1.382425e-01 -5.479378e-01 -8.217160e-01 7.372890e-02
-1.395250e-01 -5.579363e-01 -8.129305e-01 9.156348e-02
-1.407402e-01 -5.676595e-01 -8.037392e-01 1.093534e-01
-1.418875e-01 -5.771026e-01 -7.941465e-01 1.270897e-01
-1.429661e-01 -5.862607e-01 -7.841572e-01 1.447637e-01
-1.439754e-01 -5.951292e-01 -7.737761e-01 1.623664e-01
-1.449147e-01 -6.037035e-01 -7.630084e-01 1.798890e-01
-1.457834e-01 -6.119792e-01 -7.518592e-01 1.973228e-01
-1.465810e-01 -6.199522e-01 -7.403343e-01 2.146591e-01
-1.473068e-01 -6.276182e-01 -7.284391e-01 2.318891e-01
-1.479605e-01 -6.349734e-01 -7.161797e-01 2.490041e-01
-1.485415e-01 -6.420141e-01 -7.035621e-01 2.659957e-01
-1.490493e-01 -6.487365e-01 -6.905927e-01 2.828551e-01
-1.494837e-01 -6.551372e-01 -6.772778e-01 2.995741e-01
-1.498442e-01 -6.612129e-01 -6.636242e-01 3.161440e-01
-1.501306e-01 -6.669606e-01 -6.496387e-01 3.325566e-01
-1.503425e-01 -6.723771e-01 -6.353283e-01 3.488037e-01
-1.504797e-01 -6.774598e-01 -6.207003e-01 3.648770e-01
-1.505419e-01 -6.822060e-01 -6.057620e-01 3.807684e-01
-1.505292e-01 -6.866132e-01 -5.905208e-01 3.964699e-01
-1.504412e-01 -6.906792e-01 -5.749847e-01 4.119736e-01
-1.502779e-01 -6.944019e-01 -5.591613e-01 4.272718e-01
-1.500393e-01 -6.977793e-01 -5.430587e-01 4.423566e-01
-1.497254e-01 -7.008098e-01 -5.266851e-01 4.572206e-01
-1.493361e-01 -7.034919e-01 -5.100487e-01 4.718562e-01
-1.488716e-01 -7.058240e-01 -4.931580e-01 4.862560e-01
-1.483320e-01 -7.078051e-01 -4.760216e-01 5.004128e-01
-1.477174e-01 -7.094342e-01 -4.586481e-01 5.143196e-01
-1.470279e-01 -7.107104e-01 -4.410464e-01 5.279693e-01
-1.462639e-01 -7.116331e-01 -4.232255e-01 5.413552e-01
-1.454256e-01 -7.122018e-01 -4.051943e-01 5.544705e-01
-1.445132e-01 -7.124164e-01 -3.869622e-01 5.673087e-01
-1.435273e-01 -7.122766e-01 -3.685383e-01 5.798634e-01
-1.424681e-01 -7.117825e-01 -3.499320e-01 5.921284e-01
-1.413360e-01 -7.109346e-01 -3.311529e-01 6.040976e-01
-1.401316e-01 -7.097331e-01 -3.122103e-01 6.157652e-01
-1.388554e-01 -7.081788e-01 -2.931140e-01 6.271253e-01
-1.375078e-01 -7.062724e-01 -2.738737e-01 6.381724e-01
-1.360896e-01 -7.040150e-01 -2.544991e-01 6.489012e-01
-1.346012e-01 -7.014077e-01 -2.349999e-01 6.593063e-01
-1.330434e-01 -6.984519e-01 -2.153862e-01 6.693827e-01
-1.314169e-01 -6.951490e-01 -1.956678e-01 6.791255e-01
-1.297224e-01 -6.915009e-01 -1.758547e-01 6.885301e-01
-1.279606e-01 -6.875093e-01 -1.559568e-01 6.975919e-01
-1.261324e-01 -6.831763e-01 -1.359842e-01 7.063066e-01
-1.242386e-01 -6.785041e-01 -1.159469e-01 7.146700e-01
-1.222801e-01 -6.734951e-01 -9.585498e-02 7.226782e-01
-1.202577e-01 -6.681518e-01 -7.571852e-02 7.303273e-01
-1.181725e-01 -6.624768e-01 -5.554758e-02 7.376138e-01
-1.160254e-01 -6.564732e-01 -3.535225e-02 7.445343e-01
-1.138173e-01 -6.501439e-01 -1.514261e-02 7.510854e-01
-1.115493e-01 -6.434922e-01 5.071257e-03 7.572641e-01
-1.092225e-01 -6.365216e-01 2.527925e-02 7.630673e-01
-1.068378e-01 -6.292357e-01 4.547131e-02 7.684923e-01
-1.043965e-01 -6.216384e-01 6.563738e-02 7.735366e-01
-1.018996e-01 -6.137335e-01 8.576742e-02 7.781977e-01
-9.934829e-02 -6.055252e-01 1.058515e-01 7.824734e-01
-9.674380e-02 -5.970176e-01 1.258795e-01 7.863619e-01
-9.408732e-02 -5.882151e-01 1.458416e-01 7.898613e-01
-9.138011e-02 -5.791223e-01 1.657280e-01 7.929699e-01
-8.862344e-02 -5.697438e-01 1.855287e-01 7.956865e-01
-8.581861e-02 -5.600845e-01 2.052340e-01 7.980097e-01
-8.296694e-02 -5.501492e-01 2.248342e-01 7.999387e-01
-8.006979e-02 -5.399429e-01 2.443196e-01 8.014726e-01
-7.712853e-02 -5.294710e-01 2.636807e-01 8.026109e-01
-7.414456e-02 -5.187385e-01 2.829079e-01 8.033530e-01
-7.111930e-02 -5.077510e-01 3.019919e-01 8.036989e-01
-6.805419e-02 -4.965139e-01 3.209233e-01 8.036484e-01
-6.495069e-02 -4.850329e-01 3.396928e-01 8.032019e-01
-6.181029e-02 -4.733137e-01 3.582914e-01 8.023596e-01
-5.863448e-02 -4.613622e-01 3.767098e-01 8.011221e-01
-5.542479e-02 -4.491842e-01 3.949392e-01 7.994902e-01
-5.218276e-02 -4.367859e-01 4.129708e-01 7.974649e-01
-4.890993e-02 -4.241732e-01 4.307956e-01 7.950472e-01
-4.560788e-02 -4.113525e-01 4.484052e-01 7.922385e-01
-4.227819e-02 -3.983301e-01 4.657910e-01 7.890402e-01
-3.892247e-02 -3.851123e-01 4.829445e-01 7.854541e-01
-3.554233e-02 -3.717056e-01 4.998575e-01 7.814820e-01
-3.213940e-02 -3.581167e-01 5.165218e-01 7.771260e-01
-2.871531e-02 -3.443520e-01 5.329293e-01 7.723882e-01
-2.527173e-02 -3.304184e-01 5.490721e-01 7.672710e-01
-2.181032e-02 -3.163226e-01 5.649424e-01 7.617771e-01
-1.833275e-02 -3.020714e-01 5.805326e-01 7.559092e-01
-1.484070e-02 -2.876719e-01 5.958351e-01 7.496701e-01
-1.133588e-02 -2.731310e-01 6.108424e-01 7.430629e-01
-7.819989e-03 -2.584558e-01 6.255475e-01 7.360909e-01
-4.294737e-03 -2.436533e-01 6.399431e-01 7.287575e-01
-7.618477e-04 -2.287309e-01 6.540222e-01 7.210663e-01
2.776952e-03 -2.136956e-01 6.677781e-01 7.130209e-01
6.319928e-03 -1.985549e-01 6.812041e-01 7.046254e-01
9.865340e-03 -1.833161e-01 6.942937e-01 6.958837e-01
1.341144e-02 -1.679866e-01 7.070405e-01 6.868002e-01
1.695648e-02 -1.525738e-01 7.194382e-01 6.773791e-01
2.049871e-02 -1.370853e-01 7.314809e-01 6.676250e-01
2.403636e-02 -1.215286e-01 7.431627e-01 6.575426e-01
2.756768e-02 -1.059112e-01 7.544778e-01 6.471368e-01
3.109090e-02 -9.024098e-02 7.654207e-01 6.364126e-01
3.460427e-02 -7.452543e-02 7.759861e-01 6.253752e-01
3.810601e-02 -5.877229e-02 7.861687e-01 6.140297e-01
4.159436e-02 -4.298931e-02 7.959636e-01 6.023818e-01
4.506757e-02 -2.718425e-02 8.053658e-01 5.904370e-01
4.852386e-02 -1.136491e-02 8.143708e-01 5.782011e-01
5.196148e-02 4.460903e-03 8.229741e-01 5.656799e-01
5.537867e-02 2.028536e-02 8.311714e-01 5.528795e-01
5.877369e-02 3.610061e-02 8.389587e-01 5.398062e-01
6.214480e-02 5.189882e-02 8.463320e-01 5.264661e-01
6.549025e-02 6.767215e-02 8.532878e-01 5.128659e-01
6.880834e-02 8.341277e-02 8.598225e-01 4.990119e-01
7.209734e-02 9.911291e-02 8.659329e-01 4.849111e-01
7.535555e-02 1.147648e-01 8.716159e-01 4.705701e-01
7.858130e-02 1.303607e-01 8.768687e-01 4.559960e-01
8.177289e-02 1.458930e-01 8.816885e-01 4.411958e-01
8.492866e-02 1.613540e-01 8.860731e-01 4.261767e-01
8.804697e-02 1.767361e-01 8.900200e-01 4.109459e-01
9.112616e-02 1.920316e-01 8.935273e-01 3.955109e-01
9.416461e-02 2.072330e-01 8.965931e-01 3.798793e-01
9.716073e-02 2.223329e-01 8.992160e-01 3.640584e-01
1.001129e-01 2.373237e-01 9.013943e-01 3.480562e-01
1.030196e-01 2.521981e-01 9.031271e-01 3.318804e-01
1.058791e-01 2.669486e-01 9.044132e-01 3.155388e-01
1.086901e-01 2.815680e-01 9.052520e-01 2.990395e-01
1.114509e-01 2.960491e-01 9.056430e-01 2.823905e-01
1.141601e-01 3.103845e-01 9.055857e-01 2.656000e-01
1.168162e-01 3.245673e-01 9.050802e-01 2.486762e-01
1.194177e-01 3.385903e-01 9.041265e-01 2.316274e-01
1.219632e-01 3.524465e-01 9.027250e-01 2.144619e-01
1.244513e-01 3.661291e-01 9.008763e-01 1.971883e-01
1.268806e-01 3.796312e-01 8.985811e-01 1.798150e-01
1.292498e-01 3.929460e-01 8.958405e-01 1.623505e-01
1.315575e-01 4.060668e-01 8.926558e-01 1.448036e-01
1.338023e-01 4.189871e-01 8.890283e-01 1.271828e-01
1.359831e-01 4.317003e-01 8.849598e-01 1.094970e-01
1.380986e-01 4.442000e-01 8.804523e-01 9.175481e-02
1.401476e-01 4.564799e-01 8.755078e-01 7.396509e-02
1.421289e-01 4.685339e-01 8.701288e-01 5.613667e-02
1.440414e-01 4.803557e-01 8.643178e-01 3.827842e-02
1.458838e-01 4.919395e-01 8.580777e-01 2.039923e-02
1.476552e-01 5.032794e-01 8.514115e-01 2.507977e-03
1.493545e-01 5.143698e-01 8.443223e-01 -1.538641e-02
1.509807e-01 5.252051e-01 8.368137e-01 -3.327500e-02
1.525328e-01 5.357798e-01 8.288893e-01 -5.114887e-02
1.540099e-01 5.460887e-01 8.205530e-01 -6.899909e-02
1.554110e-01 5.561266e-01 8.118088e-01 -8.681671e-02
1.567353e-01 5.658884e-01 8.026610e-01 -1.045928e-01
1.579819e-01 5.753692e-01 7.931142e-01 -1.223185e-01
1.591501e-01 5.845643e-01 7.831731e-01 -1.399849e-01
1.602390e-01 5.934690e-01 7.728425e-01 -1.575831e-01
1.612481e-01 6.020789e-01 7.621277e-01 -1.751042e-01
1.621766e-01 6.103896e-01 7.510339e-01 -1.925395e-01
1.630239e-01 6.183969e-01 7.395666e-01 -2.098802e-01
1.637894e-01 6.260968e-01 7.277317e-01 -2.271176e-01
1.644725e-01 6.334854e-01 7.155350e-01 -2.442429e-01
1.650728e-01 6.405591e-01 7.029827e-01 -2.612476e-01
1.655898e-01 6.473142e-01 6.900810e-01 -2.781231e-01
1.660231e-01 6.537475e-01 6.768365e-01 -2.948610e-01
1.663722e-01 6.598556e-01 6.632557e-01 -3.114526e-01
1.666370e-01 6.656355e-01 6.493456e-01 -3.278898e-01
1.668171e-01 6.710844e-01 6.351132e-01 -3.441643e-01
1.669122e-01 6.761995e-01 6.205656e-01 -3.602678e-01
1.669222e-01 6.809784e-01 6.057102e-01 -3.761922e-01
1.668469e-01 6.854187e-01 5.905544e-01 -3.919295e-01
1.666862e-01 6.895183e-01 5.751060e-01 -4.074718e-01
1.664400e-01 6.932752e-01 5.593728e-01 -4.228113e-01
1.661085e-01 6.966874e-01 5.433626e-01 -4.379402e-01
1.656915e-01 6.997535e-01 5.270837e-01 -4.528511e-01
1.651891e-01 7.024719e-01 5.105443e-01 -4.675364e-01
1.646016e-01 7.048414e-01 4.937527e-01 -4.819888e-01
1.639290e-01 7.068608e-01 4.767175e-01 -4.962011e-01
1.631716e-01 7.085292e-01 4.594472e-01 -5.101662e-01
1.623297e-01 7.098460e-01 4.419508e-01 -5.238772e-01
1.614036e-01 7.108104e-01 4.242369e-01 -5.373272e-01
1.603935e-01 7.114222e-01 4.063145e-01 -5.505096e-01
1.593000e-01 7.116811e-01 3.881928e-01 -5.634180e-01
1.581235e-01 7.115872e-01 3.698809e-01 -5.760458e-01
1.568644e-01 7.111405e-01 3.513880e-01 -5.883870e-01
1.555234e-01 7.103414e-01 3.327235e-01 -6.004354e-01
1.541009e-01 7.091903e-01 3.138967e-01 -6.121853e-01
1.525976e-01 7.076881e-01 2.949171e-01 -6.236308e-01
1.510142e-01 7.058355e-01 2.757942e-01 -6.347665e-01
1.493513e-01 7.036336e-01 2.565377e-01 -6.455868e-01
1.476098e-01 7.010835e-01 2.371572e-01 -6.560867e-01
1.457904e-01 6.981866e-01 2.176624e-01 -6.662610e-01
1.438939e-01 6.949446e-01 1.980629e-01 -6.761048e-01
1.419212e-01 6.913589e-01 1.783686e-01 -6.856135e-01
1.398732e-01 6.874317e-01 1.585893e-01 -6.947824e-01
1.377509e-01 6.831648e-01 1.387347e-01 -7.036073e-01
1.355552e-01 6.785605e-01 1.188148e-01 -7.120839e-01
1.332871e-01 6.736213e-01 9.883936e-02 -7.202081e-01
1.309478e-01 6.683498e-01 7.881833e-02 -7.279759e-01
1.285382e-01 6.627489e-01 5.876162e-02 -7.353835e-01
1.260596e-01 6.568215e-01 3.867914e-02 -7.424274e-01
1.235131e-01 6.505708e-01 1.858082e-02 -7.491041e-01
1.208999e-01 6.440000e-01 -1.523417e-03 -7.554104e-01
1.182212e-01 6.371126e-01 -2.162367e-02 -7.613433e-01
1.154783e-01 6.299123e-01 -4.171003e-02 -7.669000e-01
1.126725e-01 6.224026e-01 -6.177263e-02 -7.720778e-01
1.098052e-01 6.145875e-01 -8.180161e-02 -7.768742e-01
1.068778e-01 6.064710e-01 -1.017871e-01 -7.812870e-01
1.038916e-01 5.980574e-01 -1.217194e-01 -7.853141e-01
1.008480e-01 5.893509e-01 -1.415886e-01 -7.889536e-01
9.774864e-02 5.803560e-01 -1.613852e-01 -7.922039e-01
9.459488e-02 5.710772e-01 -1.810993e-01 -7.950633e-01
9.138830e-02 5.615194e-01 -2.007213e-01 -7.975307e-01
8.813043e-02 5.516872e-01 -2.202418e-01 -7.996048e-01
8.482285e-02 5.415856e-01 -2.396512e-01 -8.012848e-01
8.146717e-02 5.312198e-01 -2.589401e-01 -8.025700e-01
7.806503e-02 5.205949e-01 -2.780991e-01 -8.034598e-01
7.461806e-02 5.097162e-01 -2.971189e-01 -8.039539e-01
7.112795e-02 4.985890e-01 -3.159904e-01 -8.040522e-01
6.759640e-02 4.872191e-01 -3.347043e-01 -8.037545e-01
6.402512e-02 4.756118e-01 -3.532517e-01 -8.030613e-01
6.041586e-02 4.637731e-01 -3.716235e-01 -8.019728e-01
5.677038e-02 4.517086e-01 -3.898109e-01 -8.004898e-01
5.309045e-02 4.394244e-01 -4.078052e-01 -7.986129e-01
4.937788e-02 4.269264e-01 -4.255976e-01 -7.963432e-01
4.563448e-02 4.142207e-01 -4.431795e-01 -7.936817e-01
4.186208e-02 4.013136e-01 -4.605426e-01 -7.906298e-01
3.806254e-02 3.882113e-01 -4.776784e-01 -7.871890e-01
3.423772e-02 3.749202e-01 -4.945787e-01 -7.833611e-01
3.038950e-02 3.614468e-01 -5.112352e-01 -7.791478e-01
2.651977e-02 3.477976e-01 -5.276401e-01 -7.745511e-01
2.263044e-02 3.339793e-01 -5.437853e-01 -7.695734e-01
1.872343e-02 3.199985e-01 -5.596631e-01 -7.642170e-01
1.480068e-02 3.058620e-01 -5.752657e-01 -7.584845e-01
1.086413e-02 2.915767e-01 -5.905857e-01 -7.523785e-01
6.915742e-03 2.771496e-01 -6.056156e-01 -7.459021e-01
2.957472e-03 2.625875e-01 -6.203482e-01 -7.390583e-01
-1.008701e-03 2.478976e-01 -6.347762e-01 -7.318504e-01
-4.980791e-03 2.330870e-01 -6.488927e-01 -7.242817e-01
-8.956806e-03 2.181630e-01 -6.626907e-01 -7.163559e-01
-1.293475e-02 2.031327e-01 -6.761636e-01 -7.080767e-01
-1.691260e-02 1.880035e-01 -6.893048e-01 -6.994481e-01
-2.088837e-02 1.727828e-01 -7.021077e-01 -6.904741e-01
-2.486002e-02 1.574780e-01 -7.145663e-01 -6.811591e-01
-2.882554e-02 1.420966e-01 -7.266742e-01 -6.715074e-01
-3.278291e-02 1.266461e-01 -7.384256e-01 -6.615237e-01
-3.673008e-02 1.111342e-01 -7.498147e-01 -6.512127e-01
-4.066505e-02 9.556846e-02 -7.608358e-01 -6.405794e-01
-4.458577e-02 7.995654e-02 -7.714834e-01 -6.296287e-01
-4.849022e-02 6.430617e-02 -7.817524e-01 -6.183661e-01
-5.237636e-02 4.862509e-02 -7.916376e-01 -6.067967e-01
-5.624219e-02 3.292105e-02 -8.011340e-01 -5.949263e-01
-6.008567e-02 1.720182e-02 -8.102370e-01 -5.827605e-01
-6.390480e-02 1.475208e-03 -8.189420e-01 -5.703052e-01
-6.769756e-02 -1.425099e-02 -8.272446e-01 -5.575664e-01
-7.146196e-02 -2.996895e-02 -8.351407e-01 -5.445503e-01
-7.519601e-02 -4.567092e-02 -8.426264e-01 -5.312630e-01
-7.889773e-02 -6.134916e-02 -8.496979e-01 -5.177112e-01
-8.256517e-02 -7.699593e-02 -8.563516e-01 -5.039013e-01
-8.619638e-02 -9.260353e-02 -8.625843e-01 -4.898399e-01
-8.978941e-02 -1.081643e-01 -8.683926e-01 -4.755341e-01
-9.334236e-02 -1.236705e-01 -8.737737e-01 -4.609906e-01
-9.685330e-02 -1.391145e-01 -8.787248e-01 -4.462166e-01
-1.003204e-01 -1.544887e-01 -8.832435e-01 -4.312193e-01
-1.037417e-01 -1.697855e-01 -8.873272e-01 -4.160059e-01
-1.071154e-01 -1.849975e-01 -8.909741e-01 -4.005839e-01
-1.104396e-01 -2.001170e-01 -8.941820e-01 -3.849608e-01
-1.137126e-01 -2.151366e-01 -8.969494e-01 -3.691443e-01
-1.169326e-01 -2.300488e-01 -8.992747e-01 -3.531420e-01
-1.200978e-01 -2.448464e-01 -9.011567e-01 -3.369619e-01
-1.232064e-01 -2.595219e-01 -9.025943e-01 -3.206119e-01
-1.262567e-01 -2.740682e-01 -9.035868e-01 -3.041000e-01
-1.292471e-01 -2.884779e-01 -9.041334e-01 -2.874344e-01
-1.321759e-01 -3.027439e-01 -9.042338e-01 -2.706232e-01
-1.350413e-01 -3.168591e-01 -9.038879e-01 -2.536747e-01
-1.378420e-01 -3.308165e-01 -9.030956e-01 -2.365974e-01
-1.405761e-01 -3.446091e-01 -9.018574e-01 -2.193996e-01
-1.432423e-01 -3.582300e-01 -9.001736e-01 -2.020900e-01
-1.458389e-01 -3.716725e-01 -8.980451e-01 -1.846770e-01
-1.483645e-01 -3.849297e-01 -8.954728e-01 -1.671694e-01
-1.508177e-01 -3.979951e-01 -8.924578e-01 -1.495758e-01
-1.531970e-01 -4.108621e-01 -8.890017e-01 -1.319051e-01
-1.555011e-01 -4.235242e-01 -8.851061e-01 -1.141659e-01
-1.577286e-01 -4.359751e-01 -8.807728e-01 -9.636720e-02
-1.598783e-01 -4.482084e-01 -8.760041e-01 -7.851786e-02
-1.619488e-01 -4.602182e-01 -8.708020e-01 -6.062679e-02
-1.639389e-01 -4.719984e-01 -8.651693e-01 -4.270292e-02
-1.658475e-01 -4.835433e-01 -8.591087e-01 -2.475523e-02
-1.676734e-01 -4.948470e-01 -8.526230e-01 -6.792691e-03
-1.694156e-01 -5.059040e-01 -8.457154e-01 1.117569e-02
-1.710730e-01 -5.167089e-01 -8.383894e-01 2.914090e-02
-1.726445e-01 -5.272561e-01 -8.306486e-01 4.709393e-02
-1.741292e-01 -5.375406e-01 -8.224967e-01 6.502576e-02
-1.755263e-01 -5.475572e-01 -8.139378e-01 8.292738e-02
-1.768347e-01 -5.573009e-01 -8.049762e-01 1.007898e-01
-1.780537e-01 -5.667670e-01 -7.956162e-01 1.186040e-01
-1.791826e-01 -5.759507e-01 -7.858626e-01 1.363610e-01
-1.802205e-01 -5.848475e-01 -7.757203e-01 1.540519e-01
-1.811668e-01 -5.934530e-01 -7.651943e-01 1.716678e-01
-1.820208e-01 -6.017630e-01 -7.542898e-01 1.891998e-01
-1.827820e-01 -6.097733e-01 -7.430125e-01 2.066391e-01
-1.834498e-01 -6.174801e-01 -7.313678e-01 2.239769e-01
-1.840238e-01 -6.248795e-01 -7.193617e-01 2.412044e-01
-1.845035e-01 -6.319680e-01 -7.070002e-01 2.583130e-01
-1.848885e-01 -6.387421e-01 -6.942895e-01 2.752941e-01
-1.851785e-01 -6.451986e-01 -6.812360e-01 2.921390e-01
-1.853732e-01 -6.513344e-01 -6.678462e-01 3.088394e-01
-1.854723e-01 -6.571464e-01 -6.541270e-01 3.253867e-01
-1.854758e-01 -6.626319e-01 -6.400852e-01 3.417728e-01
-1.853834e-01 -6.677884e-01 -6.257279e-01 3.579892e-01
-1.851950e-01 -6.726133e-01 -6.110623e-01 3.740280e-01
-1.849107e-01 -6.771044e-01 -5.960960e-01 3.898810e-01
-1.845305e-01 -6.812596e-01 -5.808363e-01 4.055404e-01
-1.840545e-01 -6.850769e-01 -5.652911e-01 4.209982e-01
-1.834827e-01 -6.885547e-01 -5.494682e-01 4.362468e-01
-1.828154e-01 -6.916912e-01 -5.333756e-01 4.512786e-01
-1.820527e-01 -6.944851e-01 -5.170213e-01 4.660860e-01
-1.811951e-01 -6.969352e-01 -5.004137e-01 4.806618e-01
-1.802428e-01 -6.990404e-01 -4.835610e-01 4.949987e-01
-1.791961e-01 -7.007999e-01 -4.664719e-01 5.090896e-01
-1.780556e-01 -7.022128e-01 -4.491548e-01 5.229276e-01
-1.768218e-01 -7.032787e-01 -4.316186e-01 5.365058e-01
-1.754950e-01 -7.039972e-01 -4.138719e-01 5.498177e-01
-1.740760e-01 -7.043681e-01 -3.959237e-01 5.628566e-01
-1.725654e-01 -7.043914e-01 -3.777829e-01 5.756162e-01
-1.709637e-01 -7.040672e-01 -3.594587e-01 5.880903e-01
-1.692719e-01 -7.033959e-01 -3.409601e-01 6.002728e-01
-1.674905e-01 -7.023780e-01 -3.222964e-01 6.121578e-01
-1.656205e-01 -7.010140e-01 -3.034769e-01 6.237395e-01
-1.636628e-01 -6.993049e-01 -2.845108e-01 6.350124e-01
-1.616181e-01 -6.972516e-01 -2.654076e-01 6.459711e-01
-1.594874e-01 -6.948552e-01 -2.461767e-01 6.566102e-01
-1.572719e-01 -6.921172e-01 -2.268276e-01 6.669247e-01
-1.549724e-01 -6.890389e-01 -2.073698e-01 6.769096e-01
-1.525901e-01 -6.856223e-01 -1.878129e-01 6.865600e-01
-1.501261e-01 -6.818692e-01 -1.681666e-01 6.958711e-01
-1.475816e-01 -6.777817e-01 -1.484405e-01 7.048384e-01
-1.449578e-01 -6.733621e-01 -1.286443e-01 7.134574e-01
-1.422560e-01 -6.686127e-01 -1.087877e-01 7.217239e-01
-1.394776e-01 -6.635363e-01 -8.888049e-02 7.296340e-01
-1.366237e-01 -6.581355e-01 -6.893239e-02 7.371838e-01
-1.336959e-01 -6.524132e-01 -4.895318e-02 7.443696e-01
-1.306955e-01 -6.463723e-01 -2.895262e-02 7.511879e-01
-1.276240e-01 -6.400162e-01 -8.940463e-03 7.576355e-01
-1.244829e-01 -6.333480e-01 1.107352e-02 7.637092e-01
-1.212738e-01 -6.263712e-01 3.107958e-02 7.694062e-01
-1.179981e-01 -6.190895e-01 5.106798e-02 7.747236e-01
-1.146576e-01 -6.115066e-01 7.102899e-02 7.796590e-01
-1.112538e-01 -6.036264e-01 9.095291e-02 7.842100e-01
-1.077885e-01 -5.954529e-01 1.108301e-01 7.883744e-01
-1.042632e-01 -5.869904e-01 1.306508e-01 7.921501e-01
-1.006799e-01 -5.782430e-01 1.504056e-01 7.955355e-01
-9.704013e-02 -5.692152e-01 1.700848e-01 7.985289e-01
-9.334580e-02 -5.599116e-01 1.896789e-01 8.011289e-01
-8.959871e-02 -5.503367e-01 2.091785e-01 8.033343e-01
-8.580070e-02 -5.404954e-01 2.285741e-01 8.051440e-01
-8.195364e-02 -5.303925e-01 2.478565e-01 8.065572e-01
-7.805942e-02 -5.200331e-01 2.670163e-01 8.075733e-01
-7.411998e-02 -5.094223e-01 2.860442e-01 8.081917e-01
-7.013725e-02 -4.985652e-01 3.049313e-01 8.084123e-01
-6.611320e-02 -4.874673e-01 3.236682e-01 8.082348e-01
-6.204981e-02 -4.761340e-01 3.422462e-01 8.076595e-01
-5.794910e-02 -4.645707e-01 3.606561e-01 8.066865e-01
-5.381308e-02 -4.527832e-01 3.788892e-01 8.053164e-01
-4.964382e-02 -4.407771e-01 3.969367e-01 8.035498e-01
-4.544336e-02 -4.285584e-01 4.147900e-01 8.013875e-01
-4.121380e-02 -4.161328e-01 4.324404e-01 7.988305e-01
-3.695724e-02 -4.035066e-01 4.498794e-01 7.958801e-01
-3.267579e-02 -3.906857e-01 4.670987e-01 7.925375e-01
-2.837157e-02 -3.776764e-01 4.840900e-01 7.888045e-01
-2.404675e-02 -3.644850e-01 5.008450e-01 7.846826e-01
-1.970347e-02 -3.511179e-01 5.173557e-01 7.801738e-01
-1.534391e-02 -3.375815e-01 5.336140e-01 7.752802e-01
-1.097026e-02 -3.238823e-01 5.496122e-01 7.700041e-01
-6.584711e-03 -3.100271e-01 5.653424e-01 7.643480e-01
-2.189475e-03 -2.960225e-01 5.807970e-01 7.583144e-01
2.213231e-03 -2.818753e-01 5.959686e-01 7.519062e-01
6.621178e-03 -2.675924e-01 6.108496e-01 7.451263e-01
1.103213e-02 -2.531807e-01 6.254329e-01 7.379780e-01
1.544384e-02 -2.386473e-01 6.397113e-01 7.304646e-01
1.985406e-02 -2.239992e-01 6.536777e-01 7.225895e-01
2.426053e-02 -2.092435e-01 6.673255e-01 7.143565e-01
2.866099e-02 -1.943875e-01 6.806478e-01 7.057696e-01
3.305317e-02 -1.794385e-01 6.936380e-01 6.968326e-01
3.743481e-02 -1.644037e-01 7.062898e-01 6.875498e-01
4.180363e-02 -1.492907e-01 7.185969e-01 6.779257e-01
4.615735e-02 -1.341068e-01 7.305532e-01 6.679648e-01
5.049371e-02 -1.188594e-01 7.421527e-01 6.576718e-01
5.481043e-02 -1.035563e-01 7.533897e-01 6.470516e-01
5.910524e-02 -8.820476e-02 7.642587e-01 6.361094e-01
6.337589e-02 -7.281253e-02 7.747541e-01 6.248504e-01
6.762011e-02 -5.738719e-02 7.848707e-01 6.132799e-01
7.183566e-02 -4.193640e-02 7.946035e-01 6.014036e-01
7.602031e-02 -2.646781e-02 8.039476e-01 5.892271e-01
8.017181e-02 -1.098906e-02 8.128984e-01 5.767564e-01
8.428796e-02 4.492232e-03 8.214513e-01 5.639975e-01
8.836655e-02 1.996845e-02 8.296020e-01 5.509566e-01
9.240541e-02 3.543200e-02 8.373465e-01 5.376399e-01
9.640237e-02 5.087527e-02 8.446808e-01 5.240540e-01
1.003553e-01 6.629068e-02 8.516013e-01 5.102054e-01
1.042620e-01 8.167066e-02 8.581044e-01 4.961009e-01
1.081204e-01 9.700764e-02 8.641868e-01 4.817474e-01
1.119285e-01 1.122941e-01 8.698455e-01 4.671519e-01
1.156841e-01 1.275225e-01 8.750774e-01 4.523215e-01
1.193852e-01 1.426854e-01 8.798800e-01 4.372634e-01
1.230298e-01 1.577752e-01 8.842507e-01 4.219850e-01
1.266159e-01 1.727847e-01 8.881872e-01 4.064939e-01
1.301415e-01 1.877063e-01 8.916876e-01 3.907976e-01
1.336047e-01 2.025327e-01 8.947499e-01 3.749039e-01
1.370036e-01 2.172567e-01 8.973725e-01 3.588206e-01
1.403363e-01 2.318708e-01 8.995540e-01 3.425555e-01
1.436009e-01 2.463680e-01 9.012932e-01 3.261169e-01
1.467957e-01 2.607410e-01 9.025891e-01 3.095128e-01
1.499187e-01 2.749827e-01 9.034409e-01 2.927513e-01
1.529684e-01 2.890861e-01 9.038482e-01 2.758410e-01
1.559430e-01 3.030441e-01 9.038107e-01 2.587900e-01
1.588408e-01 3.168498e-01 9.033282e-01 2.416070e-01
1.616601e-01 3.304964e-01 9.024009e-01 2.243005e-01
1.643994e-01 3.439770e-01 9.010293e-01 2.068791e-01
1.670570e-01 3.572849e-01 8.992138e-01 1.893515e-01
1.696316e-01 3.704136e-01 8.969554e-01 1.717264e-01
1.721215e-01 3.833563e-01 8.942551e-01 1.540128e-01
1.745255e-01 3.961067e-01 8.911142e-01 1.362195e-01
1.768420e-01 4.086585e-01 8.875343e-01 1.183553e-01
1.790697e-01 4.210053e-01 8.835172e-01 1.004293e-01
1.812074e-01 4.331411e-01 8.790646e-01 8.245036e-02
1.832538e-01 4.450600e-01 8.741789e-01 6.442758e-02
1.852077e-01 4.567561e-01 8.688624e-01 4.636999e-02
1.870679e-01 4.682237e-01 8.631176e-01 2.828664e-02
1.888335e-01 4.794571e-01 8.569475e-01 1.018663e-02
1.905032e-01 4.904509e-01 8.503550e-01 -7.920953e-03
1.920762e-01 5.011997e-01 8.433435e-01 -2.602699e-02
1.935514e-01 5.116981e-01 8.359163e-01 -4.412236e-02
1.949280e-01 5.219411e-01 8.280773e-01 -6.219797e-02
1.962052e-01 5.319237e-01 8.198302e-01 -8.024471e-02
1.973821e-01 5.416409e-01 8.111792e-01 -9.825349e-02
1.984580e-01 5.510881e-01 8.021286e-01 -1.162152e-01
1.994322e-01 5.602606e-01 7.926830e-01 -1.341209e-01
2.003042e-01 5.691541e-01 7.828471e-01 -1.519614e-01
2.010733e-01 5.777641e-01 7.726258e-01 -1.697279e-01
2.017390e-01 5.860867e-01 7.620241e-01 -1.874113e-01
2.023009e-01 5.941177e-01 7.510475e-01 -2.050027e-01
2.027586e-01 6.018534e-01 7.397014e-01 -2.224933e-01
2.031116e-01 6.092900e-01 7.279915e-01 -2.398743e-01
2.033599e-01 6.164241e-01 7.159237e-01 -2.571368e-01
2.035030e-01 6.232522e-01 7.035041e-01 -2.742723e-01
2.035408e-01 6.297711e-01 6.907388e-01 -2.912721e-01
2.034733e-01 6.359777e-01 6.776344e-01 -3.081276e-01
2.033003e-01 6.418691e-01 6.641974e-01 -3.248304e-01
2.030219e-01 6.474427e-01 6.504346e-01 -3.413721e-01
2.026380e-01 6.526957e-01 6.363529e-01 -3.577445e-01
2.021489e-01 6.576258e-01 6.219594e-01 -3.739394e-01
2.015546e-01 6.622307e-01 6.072614e-01 -3.899486e-01
2.008554e-01 6.665083e-01 5.922662e-01 -4.057642e-01
2.000516e-01 6.704566e-01 5.769814e-01 -4.213784e-01
1.991435e-01 6.740740e-01 5.614146e-01 -4.367833e-01
1.981315e-01 6.773589e-01 5.455737e-01 -4.519714e-01
1.970160e-01 6.803097e-01 5.294666e-01 -4.669352e-01
1.957975e-01 6.829253e-01 5.131014e-01 -4.816672e-01
1.944766e-01 6.852046e-01 4.964863e-01 -4.961602e-01
1.930539e-01 6.871466e-01 4.796295e-01 -5.104070e-01
1.915300e-01 6.887505e-01 4.625395e-01 -5.244008e-01
1.899056e-01 6.900159e-01 4.452247e-01 -5.381347e-01
1.881815e-01 6.909422e-01 4.276938e-01 -5.516019e-01
1.863585e-01 6.915292e-01 4.099555e-01 -5.647959e-01
1.844374e-01 6.917767e-01 3.920185e-01 -5.777103e-01
1.824192e-01 6.916850e-01 3.738918e-01 -5.903389e-01
1.803048e-01 6.912541e-01 3.555842e-01 -6.026755e-01
1.780953e-01 6.904846e-01 3.371048e-01 -6.147142e-01
1.757915e-01 6.893768e-01 3.184626e-01 -6.264492e-01
1.733947e-01 6.879316e-01 2.996667e-01 -6.378748e-01
1.709061e-01 6.861499e-01 2.807265e-01 -6.489854e-01
1.683267e-01 6.840330e-01 2.616512e-01 -6.597755e-01
1.656580e-01 6.815821e-01 2.424500e-01 -6.702397e-01
1.629012e-01 6.787986e-01 2.231325e-01 -6.803731e-01
1.600578e-01 6.756843e-01 2.037080e-01 -6.901704e-01
1.571290e-01 6.722410e-01 1.841860e-01 -6.996271e-01
1.541164e-01 6.684705e-01 1.645762e-01 -7.087383e-01
1.510214e-01 6.643750e-01 1.448879e-01 -7.174997e-01
1.478456e-01 6.599567e-01 1.251308e-01 -7.259071e-01
1.445906e-01 6.552180e-01 1.053146e-01 -7.339562e-01
1.412579e-01 6.501615e-01 8.544877e-02 -7.416433e-01
1.378493e-01 6.447898e-01 6.554304e-02 -7.489645e-01
1.343664e-01 6.391057e-01 4.560704e-02 -7.559164e-01
1.308109e-01 6.331122e-01 2.565041e-02 -7.624956e-01
1.271847e-01 6.268124e-01 5.682812e-03 -7.686989e-01
1.234894e-01 6.202096e-01 -1.428610e-02 -7.745233e-01
1.197270e-01 6.133072e-01 -3.424668e-02 -7.799660e-01
1.158993e-01 6.061087e-01 -5.418928e-02 -7.850243e-01
1.120083e-01 5.986177e-01 -7.410429e-02 -7.896958e-01
1.080559e-01 5.908381e-01 -9.398210e-02 -7.939783e-01
1.040440e-01 5.827739e-01 -1.138131e-01 -7.978697e-01
9.997460e-02 5.744289e-01 -1.335879e-01 -8.013681e-01
9.584981e-02 5.658074e-01 -1.532968e-01 -8.044718e-01
9.167163e-02 5.569138e-01 -1.729305e-01 -8.071793e-01
8.744216e-02 5.477523e-01 -1.924794e-01 -8.094893e-01
8.316349e-02 5.383275e-01 -2.119343e-01 -8.114007e-01
7.883774e-02 5.286441e-01 -2.312857e-01 -8.129126e-01
7.446708e-02 5.187069e-01 -2.505245e-01 -8.140242e-01
7.005367e-02 5.085205e-01 -2.696413e-01 -8.147349e-01
6.559971e-02 4.980901e-01 -2.886271e-01 -8.150444e-01
6.110741e-02 4.874207e-01 -3.074727e-01 -8.149524e-01
5.657900e-02 4.765176e-01 -3.261690e-01 -8.144591e-01
5.201675e-02 4.653858e-01 -3.447072e-01 -8.135645e-01
4.742292e-02 4.540310e-01 -3.630783e-01 -8.122691e-01
4.279981e-02 4.424585e-01 -3.812735e-01 -8.105734e-01
3.814971e-02 4.306740e-01 -3.992840e-01 -8.084781e-01
3.347495e-02 4.186831e-01 -4.171013e-01 -8.059842e-01
2.877788e-02 4.064916e-01 -4.347166e-01 -8.030927e-01
2.406083e-02 3.941054e-01 -4.521216e-01 -7.998050e-01
1.932618e-02 3.815305e-01 -4.693078e-01 -7.961226e-01
1.457631e-02 3.687730e-01 -4.862669e-01 -7.920471e-01
9.813598e-03 3.558389e-01 -5.029907e-01 -7.875803e-01
5.040455e-03 3.427346e-01 -5.194711e-01 -7.827243e-01
2.592912e-04 3.294664e-01 -5.357000e-01 -7.774814e-01
-4.527472e-03 3.160407e-01 -5.516697e-01 -7.718538e-01
-9.317404e-03 3.024640e-01 -5.673723e-01 -7.658443e-01
-1.410807e-02 2.887428e-01 -5.828001e-01 -7.594555e-01
-1.889702e-02 2.748840e-01 -5.979456e-01 -7.526904e-01
-2.368180e-02 2.608942e-01 -6.128013e-01 -7.455521e-01
-2.845996e-02 2.467802e-01 -6.273600e-01 -7.380441e-01
-3.322905e-02 2.325489e-01 -6.416144e-01 -7.301697e-01
-3.798658e-02 2.182073e-01 -6.555576e-01 -7.219327e-01
-4.273009e-02 2.037625e-01 -6.691826e-01 -7.133369e-01
-4.745711e-02 1.892214e-01 -6.824828e-01 -7.043865e-01
-5.216516e-02 1.745913e-01 -6.954515e-01 -6.950855e-01
-5.685179e-02 1.598794e-01 -7.080822e-01 -6.854386e-01
-6.151452e-02 1.450928e-01 -7.203688e-01 -6.754501e-01
-6.615092e-02 1.302389e-01 -7.323050e-01 -6.651250e-01
-7.075853e-02 1.153249e-01 -7.438849e-01 -6.544682e-01
-7.533492e-02 1.003583e-01 -7.551028e-01 -6.434847e-01
-7.987768e-02 8.534642e-02 -7.659531e-01 -6.321799e-01
-8.438438e-02 7.029671e-02 -7.764302e-01 -6.205592e-01
-8.885263e-02 5.521657e-02 -7.865290e-01 -6.086283e-01
-9.328005e-02 4.011337e-02 -7.962445e-01 -5.963929e-01
-9.766426e-02 2.499451e-02 -8.055716e-01 -5.838590e-01
-1.020029e-01 9.867374e-03 -8.145059e-01 -5.710326e-01
-1.062937e-01 -5.260629e-03 -8.230427e-01 -5.579199e-01
-1.105344e-01 -2.038210e-02 -8.311778e-01 -5.445275e-01
-1.147226e-01 -3.548965e-02 -8.389071e-01 -5.308617e-01
-1.188560e-01 -5.057589e-02 -8.462266e-01 -5.169293e-01
-1.229326e-01 -6.563344e-02 -8.531326e-01 -5.027370e-01
-1.269500e-01 -8.065493e-02 -8.596217e-01 -4.882919e-01
-1.309062e-01 -9.563301e-02 -8.656904e-01 -4.736010e-01
-1.347989e-01 -1.105603e-01 -8.713358e-01 -4.586716e-01
-1.386260e-01 -1.254296e-01 -8.765548e-01 -4.435109e-01
-1.423855e-01 -1.402336e-01 -8.813448e-01 -4.281264e-01
-1.460752e-01 -1.549649e-01 -8.857033e-01 -4.125257e-01
-1.496933e-01 -1.696164e-01 -8.896281e-01 -3.967166e-01
-1.532377e-01 -1.841808e-01 -8.931170e-01 -3.807068e-01
-1.567065e-01 -1.986511e-01 -8.961682e-01 -3.645043e-01
-1.600977e-01 -2.130200e-01 -8.987801e-01 -3.481171e-01
-1.634095e-01 -2.272806e-01 -9.009513e-01 -3.315534e-01
-1.666400e-01 -2.414256e-01 -9.026806e-01 -3.148213e-01
-1.697876e-01 -2.554483e-01 -9.039671e-01 -2.979293e-01
-1.728503e-01 -2.693416e-01 -9.048100e-01 -2.808857e-01
-1.758265e-01 -2.830987e-01 -9.052088e-01 -2.636991e-01
-1.787146e-01 -2.967128e-01 -9.051632e-01 -2.463780e-01
-1.815130e-01 -3.101771e-01 -9.046733e-01 -2.289311e-01
-1.842199e-01 -3.234850e-01 -9.037391e-01 -2.113672e-01
-1.868341e-01 -3.366298e-01 -9.023612e-01 -1.936950e-01
-1.893539e-01 -3.496050e-01 -9.005400e-01 -1.759235e-01
-1.917779e-01 -3.624042e-01 -8.982767e-01 -1.580615e-01
-1.941048e-01 -3.750211e-01 -8.955721e-01 -1.401181e-01
-1.963333e-01 -3.874493e-01 -8.924278e-01 -1.221022e-01
-1.984621e-01 -3.996830e-01 -8.888451e-01 -1.040228e-01
-2.004899e-01 -4.117161e-01 -8.848258e-01 -8.588914e-02
-2.024157e-01 -4.235428e-01 -8.803719e-01 -6.771022e-02
-2.042383e-01 -4.351573e-01 -8.754856e-01 -4.949520e-02
-2.059568e-01 -4.465540e-01 -8.701693e-01 -3.125325e-02
-2.075700e-01 -4.577274e-01 -8.644255e-01 -1.299354e-02
-2.090772e-01 -4.686720e-01 -8.582572e-01 5.274742e-03
-2.104773e-01 -4.793826e-01 -8.516674e-01 2.354240e-02
-2.117697e-01 -4.898539e-01 -8.446594e-01 4.180024e-02
-2.129535e-01 -5.000810e-01 -8.372366e-01 6.003907e-02
-2.140280e-01 -5.100588e-01 -8.294028e-01 7.824970e-02
-2.149926e-01 -5.197826e-01 -8.211619e-01 9.642297e-02
-2.158468e-01 -5.292477e-01 -8.125179e-01 1.145497e-01
-2.165900e-01 -5.384498e-01 -8.034752e-01 1.326208e-01
-2.172217e-01 -5.473842e-01 -7.940382e-01 1.506272e-01
-2.177416e-01 -5.560469e-01 -7.842117e-01 1.685597e-01
-2.181493e-01 -5.644337e-01 -7.740006e-01 1.864094e-01
-2.184445e-01 -5.725407e-01 -7.634100e-01 2.041673e-01
-2.186271e-01 -5.803639e-01 -7.524452e-01 2.218244e-01
-2.186968e-01 -5.878998e-01 -7.411117e-01 2.393720e-01
-2.186537e-01 -5.951448e-01 -7.294152e-01 2.568010e-01
-2.184975e-01 -6.020954e-01 -7.173615e-01 2.741029e-01
-2.182284e-01 -6.087485e-01 -7.049567e-01 2.912690e-01
-2.178465e-01 -6.151010e-01 -6.922070e-01 3.082906e-01
-2.173519e-01 -6.211499e-01 -6.791189e-01 3.251593e-01
-2.167447e-01 -6.268924e-01 -6.656988e-01 3.418667e-01
-2.160254e-01 -6.323259e-01 -6.519535e-01 3.584044e-01
-2.151941e-01 -6.374479e-01 -6.378899e-01 3.747641e-01
-2.142513e-01 -6.422562e-01 -6.235150e-01 3.909379e-01
-2.131974e-01 -6.467485e-01 -6.088361e-01 4.069176e-01
-2.120329e-01 -6.509229e-01 -5.938603e-01 4.226953e-01
-2.107584e-01 -6.547775e-01 -5.785954e-01 4.382633e-01
-2.093744e-01 -6.583106e-01 -5.630487e-01 4.536139e-01
-2.078817e-01 -6.615208e-01 -5.472281e-01 4.687396e-01
-2.062810e-01 -6.644066e-01 -5.311415e-01 4.836329e-01
-2.045729e-01 -6.669669e-01 -5.147967e-01 4.982865e-01
-2.027585e-01 -6.692005e-01 -4.982020e-01 5.126933e-01
-2.008384e-01 -6.711067e-01 -4.813654e-01 5.268463e-01
-1.988138e-01 -6.726847e-01 -4.642954e-01 5.407385e-01
-1.966854e-01 -6.739339e-01 -4.470003e-01 5.543633e-01
-1.944545e-01 -6.748539e-01 -4.294885e-01 5.677141e-01
-1.921220e-01 -6.754445e-01 -4.117688e-01 5.807843e-01
-1.896891e-01 -6.757055e-01 -3.938497e-01 5.935677e-01
-1.871570e-01 -6.756370e-01 -3.757400e-01 6.060580e-01
-1.845270e-01 -6.752394e-01 -3.574485e-01 6.182492e-01
-1.818004e-01 -6.745132e-01 -3.389843e-01 6.301351e-01
-1.789786e-01 -6.734589e-01 -3.203562e-01 6.417099e-01
-1.760629e-01 -6.720775e-01 -3.015734e-01 6.529680e-01
-1.730550e-01 -6.703698e-01 -2.826450e-01 6.639037e-01
-1.699563e-01 -6.683370e-01 -2.635802e-01 6.745117e-01
-1.667684e-01 -6.659803e-01 -2.443884e-01 6.847867e-01
-1.634929e-01 -6.633011e-01 -2.250788e-01 6.947239e-01
-1.601315e-01 -6.603010e-01 -2.056607e-01 7.043182e-01
-1.566858e-01 -6.569817e-01 -1.861437e-01 7.135651e-01
-1.531577e-01 -6.533450e-01 -1.665372e-01 7.224600e-01
-1.495488e-01 -6.493929e-01 -1.468506e-01 7.309986e-01
-1.458610e-01 -6.451275e-01 -1.270935e-01 7.391767e-01
-1.420962e-01 -6.405512e-01 -1.072755e-01 7.469905e-01
-1.382562e-01 -6.356663e-01 -8.740595e-02 7.544360e-01
-1.343430e-01 -6.304754e-01 -6.749459e-02 7.615098e-01
-1.303585e-01 -6.249812e-01 -4.755095e-02 7.682084e-01
-1.263047e-01 -6.191864e-01 -2.758465e-02 7.745285e-01
-1.221838e-01 -6.130941e-01 -7.605280e-03 7.804671e-01
-1.179977e-01 -6.067074e-01 1.237754e-02 7.860213e-01
-1.137485e-01 -6.000296e-01 3.235421e-02 7.911884e-01
-1.094385e-01 -5.930639e-01 5.231513e-02 7.959658e-01
-1.050697e-01 -5.858139e-01 7.225074e-02 8.003513e-01
-1.006443e-01 -5.782832e-01 9.215147e-02 8.043428e-01
-9.616466e-02 -5.704756e-01 1.120078e-01 8.079383e-01
-9.163290e-02 -5.623949e-01 1.318102e-01 8.111359e-01
-8.705131e-02 -5.540450e-01 1.515492e-01 8.139343e-01
-8.242218e-02 -5.454302e-01 1.712153e-01 8.163319e-01
-7.774783e-02 -5.365546e-01 1.907992e-01 8.183277e-01
-7.303060e-02 -5.274225e-01 2.102914e-01 8.199205e-01
-6.827282e-02 -5.180384e-01 2.296826e-01 8.211096e-01
-6.347688e-02 -5.084068e-01 2.489637e-01 8.218944e-01
-5.864517e-02 -4.985324e-01 2.681252e-01 8.222743e-01
-5.378010e-02 -4.884199e-01 2.871581e-01 8.222493e-01
-4.888410e-02 -4.780743e-01 3.060532e-01 8.218192e-01
-4.395960e-02 -4.675006e-01 3.248015e-01 8.209840e-01
-3.900907e-02 -4.567037e-01 3.433939e-01 8.197442e-01
-3.403499e-02 -4.456890e-01 3.618216e-01 8.181003e-01
-2.903984e-02 -4.344617e-01 3.800756e-01 8.160529e-01
-2.402612e-02 -4.230272e-01 3.981472e-01 8.136028e-01
-1.899634e-02 -4.113911e-01 4.160276e-01 8.107512e-01
-1.395304e-02 -3.995588e-01 4.337083e-01 8.074994e-01
-8.898736e-03 -3.875362e-01 4.511806e-01 8.038486e-01
-3.835987e-03 -3.753289e-01 4.684361e-01 7.998007e-01
1.232658e-03 -3.629430e-01 4.854664e-01 7.953573e-01
6.304635e-03 -3.503843e-01 5.022632e-01 7.905205e-01
1.137738e-02 -3.376590e-01 5.188184e-01 7.852926e-01
1.644830e-02 -3.247731e-01 5.351239e-01 7.796758e-01
2.151484e-02 -3.117330e-01 5.511716e-01 7.736727e-01
2.657439e-02 -2.985451e-01 5.669537e-01 7.672862e-01
3.162435e-02 -2.852156e-01 5.824625e-01 7.605192e-01
3.666211e-02 -2.717511e-01 5.976903e-01 7.533747e-01
4.168505e-02 -2.581582e-01 6.126296e-01 7.458563e-01
4.669058e-02 -2.444435e-01 6.272731e-01 7.379673e-01
5.167608e-02 -2.306137e-01 6.416135e-01 7.297116e-01
5.663898e-02 -2.166756e-01 6.556437e-01 7.210929e-01
6.157669e-02 -2.026360e-01 6.693568e-01 7.121155e-01
6.648662e-02 -1.885017e-01 6.827459e-01 7.027835e-01
7.136622e-02 -1.742798e-01 6.958044e-01 6.931015e-01
7.621292e-02 -1.599771e-01 7.085258e-01 6.830740e-01
8.102420e-02 -1.456007e-01 7.209038e-01 6.727059e-01
8.579751e-02 -1.311577e-01 7.329322e-01 6.620022e-01
9.053034e-02 -1.166553e-01 7.446049e-01 6.509680e-01
9.522020e-02 -1.021005e-01 7.559161e-01 6.396088e-01
9.986459e-02 -8.750037e-02 7.668603e-01 6.279300e-01
1.044611e-01 -7.286209e-02 7.774319e-01 6.159372e-01
1.090071e-01 -5.819275e-02 7.876257e-01 6.036364e-01
1.135005e-01 -4.349950e-02 7.974365e-01 5.910334e-01
1.179386e-01 -2.878947e-02 8.068594e-01 5.781345e-01
1.223192e-01 -1.406983e-02 8.158897e-01 5.649460e-01
1.266400e-01 6.522778e-04 8.245229e-01 5.514742e-01
1.308986e-01 1.536969e-02 8.327546e-01 5.377259e-01
1.350927e-01 3.007524e-02 8.405806e-01 5.237077e-01
1.392202e-01 4.476178e-02 8.479969e-01 5.094265e-01
1.432788e-01 5.942215e-02 8.549999e-01 4.948893e-01
1.472663e-01 7.404923e-02 8.615858e-01 4.801033e-01
1.511806e-01 8.863587e-02 8.677515e-01 4.650758e-01
1.550197e-01 1.031750e-01 8.734936e-01 4.498142e-01
1.587813e-01 1.176594e-01 8.788092e-01 4.343261e-01
1.624636e-01 1.320822e-01 8.836956e-01 4.186190e-01
1.660645e-01 1.464362e-01 8.881503e-01 4.027009e-01
1.695822e-01 1.607143e-01 8.921710e-01 3.865796e-01
1.730146e-01 1.749097e-01 8.957555e-01 3.702630e-01
1.763599e-01 1.890154e-01 8.989019e-01 3.537594e-01
1.796163e-01 2.030244e-01 9.016087e-01 3.370769e-01
1.827821e-01 2.169298e-01 9.038743e-01 3.202240e-01
1.858555e-01 2.307249e-01 9.056976e-01 3.032089e-01
1.888348e-01 2.444028e-01 9.070776e-01 2.860402e-01
1.917185e-01 2.579568e-01 9.080134e-01 2.687265e-01
1.945049e-01 2.713802e-01 9.085047e-01 2.512764e-01
1.971926e-01 2.846664e-01 9.085510e-01 2.336988e-01
1.997800e-01 2.978089e-01 9.081524e-01 2.160024e-01
2.022657e-01 3.108011e-01 9.073090e-01 1.981961e-01
2.046484e-01 3.236367e-01 9.060211e-01 1.802889e-01
2.069267e-01 3.363093e-01 9.042895e-01 1.622898e-01
2.090995e-01 3.488126e-01 9.021149e-01 1.442077e-01
2.111654e-01 3.611407e-01 8.994985e-01 1.260519e-01
2.131234e-01 3.732875e-01 8.964415e-01 1.078313e-01
2.149725e-01 3.852471e-01 8.929453e-01 8.955520e-02
2.167115e-01 3.970139e-01 8.890118e-01 7.123270e-02
2.183396e-01 4.085821e-01 8.846428e-01 5.287303e-02
2.198559e-01 4.199462e-01 8.798405e-01 3.448541e-02
2.212595e-01 4.311007e-01 8.746073e-01 1.607907e-02
2.225497e-01 4.420403e-01 8.689457e-01 -2.336749e-03
2.237257e-01 4.527596e-01 8.628585e-01 -2.075278e-02
2.247870e-01 4.632537e-01 8.563488e-01 -3.915978e-02
2.257329e-01 4.735175e-01 8.494198e-01 -5.754849e-02
2.265629e-01 4.835461e-01 8.420749e-01 -7.590967e-02
2.272765e-01 4.933348e-01 8.343177e-01 -9.423410e-02
2.278734e-01 5.028790e-01 8.261521e-01 -1.125126e-01
2.283533e-01 5.121741e-01 8.175822e-01 -1.307359e-01
2.287158e-01 5.212157e-01 8.086121e-01 -1.488949e-01
2.289607e-01 5.299996e-01 7.992464e-01 -1.669806e-01
2.290880e-01 5.385216e-01 7.894898e-01 -1.849837e-01
2.290975e-01 5.467778e-01 7.793471e-01 -2.028954e-01
2.289891e-01 5.547642e-01 7.688233e-01 -2.207065e-01
2.287631e-01 5.624770e-01 7.579238e-01 -2.384083e-01
2.284194e-01 5.699128e-01 7.466540e-01 -2.559918e-01
2.279582e-01 5.770680e-01 7.350194e-01 -2.734483e-01
2.273797e-01 5.839394e-01 7.230260e-01 -2.907691e-01
2.266843e-01 5.905236e-01 7.106797e-01 -3.079456e-01
2.258723e-01 5.968178e-01 6.979866e-01 -3.249691e-01
2.249441e-01 6.028190e-01 6.849532e-01 -3.418313e-01
2.239001e-01 6.085244e-01 6.715858e-01 -3.585238e-01
2.227410e-01 6.139315e-01 6.578912e-01 -3.750383e-01
2.214672e-01 6.190379e-01 6.438761e-01 -3.913667e-01
2.200795e-01 6.238412e-01 6.295476e-01 -4.075009e-01
2.185785e-01 6.283393e-01 6.149127e-01 -4.234330e-01
2.169650e-01 6.325302e-01 5.999787e-01 -4.391551e-01
2.152399e-01 6.364121e-01 5.847530e-01 -4.546596e-01
2.134039e-01 6.399832e-01 5.692431e-01 -4.699389e-01
2.114580e-01 6.432421e-01 5.534567e-01 -4.849854e-01
2.094031e-01 6.461873e-01 5.374014e-01 -4.997920e-01
2.072404e-01 6.488176e-01 5.210853e-01 -5.143513e-01
2.049709e-01 6.511319e-01 5.045162e-01 -5.286564e-01
2.025956e-01 6.531293e-01 4.877024e-01 -5.427002e-01
2.001159e-01 6.548090e-01 4.706520e-01 -5.564760e-01
1.975329e-01 6.561704e-01 4.533733e-01 -5.699771e-01
1.948479e-01 6.572130e-01 4.358747e-01 -5.831969e-01
1.920624e-01 6.579367e-01 4.181648e-01 -5.961288e-01
1.891778e-01 6.583413e-01 4.002521e-01 -6.087665e-01
1.861957e-01 6.584271e-01 3.821454e-01 -6.211037e-01
1.831174e-01 6.581941e-01 3.638536e-01 -6.331344e-01
1.799448e-01 6.576427e-01 3.453854e-01 -6.448526e-01
1.766793e-01 6.567736e-01 3.267498e-01 -6.562526e-01
1.733228e-01 6.555873e-01 3.079560e-01 -6.673287e-01
1.698768e-01 6.540847e-01 2.890129e-01 -6.780757e-01
1.663433e-01 6.522668e-01 2.699298e-01 -6.884881e-01
1.627239e-01 6.501346e-01 2.507159e-01 -6.985610e-01
1.590207e-01 6.476894e-01 2.313806e-01 -7.082894e-01
1.552353e-01 6.449327e-01 2.119330e-01 -7.176686e-01
1.513699e-01 6.418658e-01 1.923827e-01 -7.266941e-01
1.474264e-01 6.384906e-01 1.727391e-01 -7.353614e-01
1.434067e-01 6.348089e-01 1.530115e-01 -7.436664e-01
1.393129e-01 6.308225e-01 1.332095e-01 -7.516050e-01
1.351471e-01 6.265336e-01 1.133427e-01 -7.591735e-01
1.309113e-01 6.219444e-01 9.342046e-02 -7.663681e-01
1.266078e-01 6.170572e-01 7.345245e-02 -7.731854e-01
1.222386e-01 6.118745e-01 5.344824e-02 -7.796221e-01
1.178061e-01 6.063991e-01 3.341743e-02 -7.856750e-01
1.133124e-01 6.006336e-01 1.336963e-02 -7.913412e-01
1.087599e-01 5.945809e-01 -6.685556e-03 -7.966179e-01
1.041508e-01 5.882441e-01 -2.673851e-02 -8.015026e-01
9.948741e-02 5.816264e-01 -4.677964e-02 -8.059930e-01
9.477214e-02 5.747310e-01 -6.679935e-02 -8.100867e-01
9.000733e-02 5.675612e-01 -8.678806e-02 -8.137818e-01
8.519537e-02 5.601207e-01 -1.067362e-01 -8.170765e-01
8.033868e-02 5.524130e-01 -1.266342e-01 -8.199691e-01
7.543969e-02 5.444419e-01 -1.464727e-01 -8.224583e-01
7.050084e-02 5.362112e-01 -1.662420e-01 -8.245428e-01
6.552462e-02 5.277251e-01 -1.859327e-01 -8.262214e-01
6.051349e-02 5.189874e-01 -2.055355e-01 -8.274934e-01
5.546998e-02 5.100026e-01 -2.250408e-01 -8.283581e-01
5.039658e-02 5.007748e-01 -2.444395e-01 -8.288149e-01
4.529585e-02 4.913086e-01 -2.637221e-01 -8.288636e-01
4.017031e-02 4.816085e-01 -2.828795e-01 -8.285040e-01
3.502254e-02 4.716790e-01 -3.019023e-01 -8.277362e-01
2.985510e-02 4.615251e-01 -3.207816e-01 -8.265606e-01
2.467058e-02 4.511516e-01 -3.395081e-01 -8.249775e-01
1.947156e-02 4.405634e-01 -3.580729e-01 -8.229876e-01
1.426066e-02 4.297656e-01 -3.764670e-01 -8.205917e-01
9.040486e-03 4.187635e-01 -3.946815e-01 -8.177909e-01
3.813654e-03 4.075622e-01 -4.127076e-01 -8.145863e-01
-1.417206e-03 3.961673e-01 -4.305365e-01 -8.109795e-01
-6.649461e-03 3.845841e-01 -4.481596e-01 -8.069720e-01
-1.188047e-02 3.728183e-01 -4.655683e-01 -8.025656e-01
-1.710759e-02 3.608756e-01 -4.827541e-01 -7.977623e-01
-2.232812e-02 3.487617e-01 -4.997085e-01 -7.925643e-01
-2.753938e-02 3.364825e-01 -5.164234e-01 -7.869739e-01
-3.273869e-02 3.240440e-01 -5.328905e-01 -7.809939e-01
-3.792338e-02 3.114521e-01 -5.491016e-01 -7.746269e-01
-4.309078e-02 2.987131e-01 -5.650489e-01 -7.678759e-01
-4.823823e-02 2.858331e-01 -5.807245e-01 -7.607441e-01
-5.336306e-02 2.728184e-01 -5.961206e-01 -7.532349e-01
-5.846264e-02 2.596752e-01 -6.112297e-01 -7.453517e-01
-6.353432e-02 2.464100e-01 -6.260443e-01 -7.370984e-01
-6.857550e-02 2.330293e-01 -6.405570e-01 -7.284789e-01
-7.358355e-02 2.195396e-01 -6.547607e-01 -7.194972e-01
-7.855589e-02 2.059475e-01 -6.686483e-01 -7.101577e-01
-8.348993e-02 1.922596e-01 -6.822129e-01 -7.004650e-01
-8.838311e-02 1.784827e-01 -6.954478e-01 -6.904236e-01
-9.323287e-02 1.646235e-01 -7.083464e-01 -6.800384e-01
-9.803671e-02 1.506888e-01 -7.209021e-01 -6.693144e-01
-1.027921e-01 1.366853e-01 -7.331089e-01 -6.582570e-01
-1.074965e-01 1.226200e-01 -7.449606e-01 -6.468713e-01
-1.121475e-01 1.084996e-01 -7.564513e-01 -6.351631e-01
-1.167426e-01 9.433082e-02 -7.675753e-01 -6.231380e-01
-1.212794e-01 8.012064e-02 -7.783271e-01 -6.108019e-01
-1.257555e-01 6.587590e-02 -7.887013e-01 -5.981607e-01
-1.301687e-01 5.160347e-02 -7.986926e-01 -5.852208e-01
-1.345164e-01 3.731028e-02 -8.082961e-01 -5.719884e-01
-1.387966e-01 2.300321e-02 -8.175070e-01 -5.584700e-01
-1.430068e-01 8.689205e-03 -8.263206e-01 -5.446722e-01
-1.471450e-01 -5.624821e-03 -8.347325e-01 -5.306020e-01
-1.512089e-01 -1.993193e-02 -8.427384e-01 -5.162661e-01
-1.551963e-01 -3.422520e-02 -8.503342e-01 -5.016716e-01
-1.591053e-01 -4.849770e-02 -8.575162e-01 -4.868258e-01
-1.629336e-01 -6.274251e-02 -8.642807e-01 -4.717360e-01
-1.666794e-01 -7.695270e-02 -8.706242e-01 -4.564096e-01
-1.703406e-01 -9.112137e-02 -8.765435e-01 -4.408543e-01
-1.739152e-01 -1.052416e-01 -8.820355e-01 -4.250777e-01
-1.774015e-01 -1.193066e-01 -8.870974e-01 -4.090877e-01
-1.807975e-01 -1.333095e-01 -8.917267e-01 -3.928923e-01
-1.841015e-01 -1.472433e-01 -8.959209e-01 -3.764994e-01
-1.873117e-01 -1.611015e-01 -8.996778e-01 -3.599173e-01
-1.904264e-01 -1.748770e-01 -9.029956e-01 -3.431542e-01
-1.934440e-01 -1.885633e-01 -9.058724e-01 -3.262186e-01
-1.963628e-01 -2.021536e-01 -9.083067e-01 -3.091188e-01
-1.991814e-01 -2.156413e-01 -9.102974e-01 -2.918634e-01
-2.018981e-01 -2.290197e-01 -9.118433e-01 -2.744611e-01
-2.045116e-01 -2.422823e-01 -9.129437e-01 -2.569205e-01
-2.070205e-01 -2.554225e-01 -9.135978e-01 -2.392506e-01
-2.094235e-01 -2.684340e-01 -9.138055e-01 -2.214600e-01
-2.117192e-01 -2.813103e-01 -9.135665e-01 -2.035579e-01
-2.139065e-01 -2.940451e-01 -9.128809e-01 -1.855530e-01
-2.159842e-01 -3.066322e-01 -9.117491e-01 -1.674546e-01
-2.179512e-01 -3.190653e-01 -9.101718e-01 -1.492716e-01
-2.198064e-01 -3.313384e-01 -9.081495e-01 -1.310132e-01
-2.215490e-01 -3.434457e-01 -9.056834e-01 -1.126885e-01
-2.231779e-01 -3.553814e-01 -9.027746e-01 -9.430670e-02
-2.246924e-01 -3.671397e-01 -8.994245e-01 -7.587702e-02
-2.260916e-01 -3.787150e-01 -8.956349e-01 -5.740868e-02
-2.273749e-01 -3.901017e-01 -8.914075e-01 -3.891092e-02
-2.285415e-01 -4.012945e-01 -8.867444e-01 -2.039302e-02
-2.295910e-01 -4.122881e-01 -8.816479e-01 -1.864237e-03
-2.305227e-01 -4.230773e-01 -8.761205e-01 1.666614e-02
-2.313363e-01 -4.336569e-01 -8.701649e-01 3.518883e-02
-2.320312e-01 -4.440219e-01 -8.637841e-01 5.369455e-02
-2.326073e-01 -4.541674e-01 -8.569812e-01 7.217404e-02
-2.330641e-01 -4.640887e-01 -8.497595e-01 9.061805e-02
-2.334015e-01 -4.737810e-01 -8.421226e-01 1.090173e-01
-2.336193e-01 -4.832397e-01 -8.340744e-01 1.273627e-01
-2.337175e-01 -4.924605e-01 -8.256188e-01 1.456450e-01
-2.336960e-01 -5.014389e-01 -8.167599e-01 1.638550e-01
-2.335548e-01 -5.101707e-01 -8.075023e-01 1.819837e-01
-2.332941e-01 -5.186518e-01 -7.978504e-01 2.000220e-01
-2.329140e-01 -5.268783e-01 -7.878092e-01 2.179610e-01
-2.324148e-01 -5.348463e-01 -7.773835e-01 2.357916e-01
-2.317967e-01 -5.425521e-01 -7.665785e-01 2.535051e-01
-2.310601e-01 -5.499921e-01 -7.553997e-01 2.710925e-01
-2.302055e-01 -5.571628e-01 -7.438526e-01 2.885453e-01
-2.292331e-01 -5.640610e-01 -7.319428e-01 3.058547e-01
-2.281437e-01 -5.706833e-01 -7.196764e-01 3.230121e-01
-2.269378e-01 -5.770268e-01 -7.070595e-01 3.400091e-01
-2.256160e-01 -5.830886e-01 -6.940981e-01 3.568374e-01
-2.241790e-01 -5.888659e-01 -6.807989e-01 3.734885e-01
-2.226277e-01 -5.943560e-01 -6.671683e-01 3.899543e-01
-2.209627e-01 -5.995565e-01 -6.532130e-01 4.062268e-01
-2.191851e-01 -6.044650e-01 -6.389401e-01 4.222980e-01
-2.172957e-01 -6.090792e-01 -6.243564e-01 4.381600e-01
-2.152955e-01 -6.133973e-01 -6.094692e-01 4.538050e-01
-2.131855e-01 -6.174171e-01 -5.942857e-01 4.692254e-01
-2.109669e-01 -6.211371e-01 -5.788134e-01 4.844138e-01
-2.086407e-01 -6.245554e-01 -5.630599e-01 4.993628e-01
-2.062081e-01 -6.276707e-01 -5.470328e-01 5.140651e-01
-2.036705e-01 -6.304815e-01 -5.307399e-01 5.285135e-01
-2.010289e-01 -6.329868e-01 -5.141892e-01 5.427012e-01
-1.982850e-01 -6.351855e-01 -4.973887e-01 5.566210e-01
-1.954401e-01 -6.370768e-01 -4.803465e-01 5.702662e-01
-1.924957e-01 -6.386601e-01 -4.630710e-01 5.836300e-01
-1.894535e-01 -6.399348e-01 -4.455705e-01 5.967058e-01
-1.863150e-01 -6.409006e-01 -4.278535e-01 6.094871e-01
-1.830819e-01 -6.415572e-01 -4.099286e-01 6.219678e-01
-1.797560e-01 -6.419046e-01 -3.918046e-01 6.341416e-01
-1.763388e-01 -6.419427e-01 -3.734901e-01 6.460025e-01
-1.728324e-01 -6.416719e-01 -3.549941e-01 6.575449e-01
-1.692384e-01 -6.410924e-01 -3.363255e-01 6.687631e-01
-1.655588e-01 -6.402048e-01 -3.174934e-01 6.796514e-01
-1.617954e-01 -6.390096e-01 -2.985068e-01 6.902048e-01
-1.579503e-01 -6.375076e-01 -2.793750e-01 7.004180e-01
-1.540254e-01 -6.356998e-01 -2.601071e-01 7.102861e-01
-1.500227e-01 -6.335871e-01 -2.407124e-01 7.198042e-01
-1.459444e-01 -6.311709e-01 -2.212003e-01 7.289678e-01
-1.417924e-01 -6.284523e-01 -2.015801e-01 7.377724e-01
-1.375689e-01 -6.254328e-01 -1.818613e-01 7.462138e-01
-1.332761e-01 -6.221141e-01 -1.620534e-01 7.542879e-01
-1.289162e-01 -6.184978e-01 -1.421659e-01 7.619908e-01
-1.244913e-01 -6.145858e-01 -1.222082e-01 7.693188e-01
-1.200037e-01 -6.103801e-01 -1.021900e-01 7.762683e-01
-1.154557e-01 -6.058829e-01 -8.212084e-02 7.828359e-01
-1.108496e-01 -6.010963e-01 -6.201038e-02 7.890186e-01
-1.061877e-01 -5.960229e-01 -4.186825e-02 7.948132e-01
-1.014724e-01 -5.906651e-01 -2.170409e-02 8.002169e-01
-9.670611e-02 -5.850255e-01 -1.527576e-03 8.052271e-01
-9.189122e-02 -5.791070e-01 1.865165e-02 8.098415e-01
-8.703016e-02 -5.729125e-01 3.882391e-02 8.140576e-01
-8.212538e-02 -5.664449e-01 5.897956e-02 8.178735e-01
-7.717934e-02 -5.597075e-01 7.910896e-02 8.212872e-01
-7.219452e-02 -5.527034e-01 9.920246e-02 8.242971e-01
-6.717342e-02 -5.454361e-01 1.192505e-01 8.269017e-01
-6.211855e-02 -5.379091e-01 1.392433e-01 8.290997e-01
-5.703246e-02 -5.301261e-01 1.591715e-01 8.308899e-01
-5.191766e-02 -5.220906e-01 1.790255e-01 8.322715e-01
-4.677673e-02 -5.138067e-01 1.987957e-01 8.332436e-01
-4.161223e-02 -5.052783e-01 2.184726e-01 8.338057e-01
-3.642673e-02 -4.965094e-01 2.380469e-01 8.339576e-01
-3.122283e-02 -4.875043e-01 2.575090e-01 8.336989e-01
-2.600312e-02 -4.782672e-01 2.768497e-01 8.330298e-01
-2.077021e-02 -4.688027e-01 2.960595e-01 8.319504e-01
-1.552671e-02 -4.591151e-01 3.151293e-01 8.304612e-01
-1.027524e-02 -4.492093e-01 3.340498e-01 8.285627e-01
-5.018430e-03 -4.390898e-01 3.528118e-01 8.262559e-01
2.410910e-04 -4.287616e-01 3.714064e-01 8.235416e-01
5.500671e-03 -4.182297e-01 3.898243e-01 8.204210e-01
1.075762e-02 -4.074991e-01 4.080567e-01 8.168957e-01
1.600924e-02 -3.965749e-01 4.260946e-01 8.129670e-01
2.125285e-02 -3.854626e-01 4.439293e-01 8.086369e-01
2.648575e-02 -3.741673e-01 4.615521e-01 8.039073e-01
3.170527e-02 -3.626947e-01 4.789542e-01 7.987805e-01
3.690873e-02 -3.510501e-01 4.961273e-01 7.932587e-01
4.209348e-02 -3.392393e-01 5.130628e-01 7.873445e-01
4.725686e-02 -3.272680e-01 5.297524e-01 7.810409e-01
5.239622e-02 -3.151418e-01 5.461880e-01 7.743506e-01
5.750894e-02 -3.028668e-01 5.623615e-01 7.672770e-01
6.259238e-02 -2.904489e-01 5.782649e-01 7.598232e-01
6.764396e-02 -2.778940e-01 5.938903e-01 7.519930e-01
7.266108e-02 -2.652084e-01 6.092300e-01 7.437901e-01
7.764117e-02 -2.523981e-01 6.242765e-01 7.352183e-01
8.258167e-02 -2.394693e-01 6.390222e-01 7.262819e-01
8.748004e-02 -2.264285e-01 6.534599e-01 7.169850e-01
9.233378e-02 -2.132819e-01 6.675824e-01 7.073323e-01
9.714037e-02 -2.000361e-01 6.813827e-01 6.973284e-01
1.018974e-01 -1.866974e-01 6.948539e-01 6.869782e-01
1.066023e-01 -1.732724e-01 7.079893e-01 6.762868e-01
1.112526e-01 -1.597674e-01 7.207825e-01 6.652592e-01
1.158460e-01 -1.461891e-01 7.332270e-01 6.539011e-01
1.203801e-01 -1.325439e-01 7.453168e-01 6.422178e-01
1.248525e-01 -1.188384e-01 7.570457e-01 6.302151e-01
1.292608e-01 -1.050793e-01 7.684080e-01 6.178989e-01
1.336029e-01 -9.127301e-02 7.793981e-01 6.052753e-01
1.378764e-01 -7.742631e-02 7.900103e-01 5.923504e-01
1.420791e-01 -6.354582e-02 8.002395e-01 5.791306e-01
1.462088e-01 -4.963823e-02 8.100805e-01 5.656223e-01
1.502635e-01 -3.571024e-02 8.195284e-01 5.518323e-01
1.542410e-01 -2.176854e-02 8.285784e-01 5.377673e-01
1.581392e-01 -7.819867e-03 8.372260e-01 5.234343e-01
1.619562e-01 6.129060e-03 8.454668e-01 5.088403e-01
1.656899e-01 2.007151e-02 8.532967e-01 4.939926e-01
1.693385e-01 3.400074e-02 8.607118e-01 4.788984e-01
1.729000e-01 4.791001e-02 8.677081e-01 4.635653e-01
1.763726e-01 6.179260e-02 8.742823e-01 4.480009e-01
1.797545e-01 7.564178e-02 8.804309e-01 4.322129e-01
1.830440e-01 8.945082e-02 8.861509e-01 4.162091e-01
1.862394e-01 1.032130e-01 8.914393e-01 3.999975e-01
1.893390e-01 1.169217e-01 8.962933e-01 3.835861e-01
1.923412e-01 1.305702e-01 9.007106e-01 3.669832e-01
1.952445e-01 1.441519e-01 9.046888e-01 3.501970e-01
1.980473e-01 1.576601e-01 9.082260e-01 3.332359e-01
2.007483e-01 1.710882e-01 9.113202e-01 3.161083e-01
2.033460e-01 1.844297e-01 9.139699e-01 2.988228e-01
2.058392e-01 1.976782e-01 9.161737e-01 2.813881e-01
2.082265e-01 2.108270e-01 9.179306e-01 2.638129e-01
2.105067e-01 2.238697e-01 9.192395e-01 2.461059e-01
2.126786e-01 2.368001e-01 9.200998e-01 2.282760e-01
2.147412e-01 2.496117e-01 9.205110e-01 2.103323e-01
2.166933e-01 2.622983e-01 9.204731e-01 1.922835e-01
2.185341e-01 2.748537e-01 9.199858e-01 1.741389e-01
2.202625e-01 2.872717e-01 9.190497e-01 1.559074e-01
2.218777e-01 2.995463e-01 9.176650e-01 1.375982e-01
2.233789e-01 3.116716e-01 9.158325e-01 1.192205e-01
2.247653e-01 3.236418e-01 9.135531e-01 1.007833e-01
2.260364e-01 3.354512e-01 9.108279e-01 8.229599e-02
2.271914e-01 3.470944e-01 9.076581e-01 6.376766e-02
2.282299e-01 3.585656e-01 9.040454e-01 4.520761e-02
2.291513e-01 3.698596e-01 8.999915e-01 2.662508e-02
2.299553e-01 3.809709e-01 8.954983e-01 8.029355e-03
2.306415e-01 3.918944e-01 8.905681e-01 -1.057029e-02
2.312096e-01 4.026247e-01 8.852033e-01 -2.916458e-02
2.316594e-01 4.131570e-01 8.794065e-01 -4.774423e-02
2.319906e-01 4.234861e-01 8.731805e-01 -6.629998e-02
2.322033e-01 4.336072e-01 8.665285e-01 -8.482259e-02
2.322973e-01 4.435155e-01 8.594536e-01 -1.033028e-01
2.322727e-01 4.532063e-01 8.519595e-01 -1.217314e-01
2.321295e-01 4.626751e-01 8.440497e-01 -1.400993e-01
2.318679e-01 4.719174e-01 8.357282e-01 -1.583973e-01
2.314881e-01 4.809288e-01 8.269990e-01 -1.766162e-01
2.309904e-01 4.897052e-01 8.178666e-01 -1.947471e-01
2.303750e-01 4.982423e-01 8.083355e-01 -2.127810e-01
2.296424e-01 5.065362e-01 7.984102e-01 -2.307089e-01
2.287930e-01 5.145829e-01 7.880958e-01 -2.485219e-01
2.278273e-01 5.223788e-01 7.773974e-01 -2.662112e-01
2.267459e-01 5.299202e-01 7.663201e-01 -2.837680e-01
2.255494e-01 5.372036e-01 7.548696e-01 -3.011838e-01
2.242384e-01 5.442255e-01 7.430514e-01 -3.184500e-01
2.228137e-01 5.509828e-01 7.308714e-01 -3.355579e-01
2.212761e-01 5.574722e-01 7.183355e-01 -3.524993e-01
2.196264e-01 5.636908e-01 7.054500e-01 -3.692658e-01
2.178655e-01 5.696358e-01 6.922211e-01 -3.858491e-01
2.159944e-01 5.753043e-01 6.786555e-01 -4.022413e-01
2.140141e-01 5.806939e-01 6.647596e-01 -4.184343e-01
2.119256e-01 5.858020e-01 6.505403e-01 -4.344201e-01
2.097300e-01 5.906263e-01 6.360046e-01 -4.501911e-01
2.074285e-01 5.951646e-01 6.211596e-01 -4.657396e-01
2.050222e-01 5.994149e-01 6.060124e-01 -4.810579e-01
2.025125e-01 6.033752e-01 5.905704e-01 -4.961387e-01
1.999006e-01 6.070438e-01 5.748412e-01 -5.109747e-01
1.971879e-01 6.104191e-01 5.588323e-01 -5.255586e-01
1.943759e-01 6.134997e-01 5.425516e-01 -5.398832e-01
1.914661e-01 6.162843e-01 5.260068e-01 -5.539415e-01
1.884602e-01 6.187718e-01 5.092061e-01 -5.677265e-01
1.853597e-01 6.209611e-01 4.921576e-01 -5.812314e-01
1.821663e-01 6.228515e-01 4.748695e-01 -5.944497e-01
1.788817e-01 6.244421e-01 4.573502e-01 -6.073748e-01
1.755078e-01 6.257325e-01 4.396082e-01 -6.200004e-01
1.720462e-01 6.267221e-01 4.216522e-01 -6.323202e-01
1.684989e-01 6.274108e-01 4.034907e-01 -6.443284e-01
1.648677e-01 6.277982e-01 3.851327e-01 -6.560190e-01
1.611546e-01 6.278844e-01 3.665868e-01 -6.673863e-01
1.573614e-01 6.276696e-01 3.478622e-01 -6.784247e-01
1.534902e-01 6.271539e-01 3.289679e-01 -6.891290e-01
1.495431e-01 6.263379e-01 3.099129e-01 -6.994939e-01
1.455220e-01 6.252219e-01 2.907065e-01 -7.095144e-01
1.414290e-01 6.238067e-01 2.713579e-01 -7.191856e-01
1.372663e-01 6.220931e-01 2.518764e-01 -7.285029e-01
1.330361e-01 6.200820e-01 2.322713e-01 -7.374617e-01
1.287404e-01 6.177746e-01 2.125522e-01 -7.460577e-01
1.243814e-01 6.151719e-01 1.927284e-01 -7.542868e-01
1.199615e-01 6.122753e-01 1.728095e-01 -7.621450e-01
1.154829e-01 6.090864e-01 1.528050e-01 -7.696285e-01
1.109477e-01 6.056067e-01 1.327246e-01 -7.767337e-01
1.063584e-01 6.018380e-01 1.125777e-01 -7.834572e-01
1.017173e-01 5.977821e-01 9.237418e-02 -7.897956e-01
9.702675e-02 5.934411e-01 7.212365e-02 -7.957460e-01
9.228912e-02 5.888171e-01 5.183582e-02 -8.013053e-01
8.750684e-02 5.839123e-01 3.152042e-02 -8.064710e-01
8.268231e-02 5.787292e-01 1.118719e-02 -8.112404e-01
7.781799e-02 5.732702e-01 -9.154116e-03 -8.156113e-01
7.291632e-02 5.675381e-01 -2.949376e-02 -8.195815e-01
6.797977e-02 5.615355e-01 -4.982199e-02 -8.231491e-01
6.301083e-02 5.552654e-01 -7.012906e-02 -8.263122e-01
5.801198e-02 5.487308e-01 -9.040523e-02 -8.290694e-01
5.298574e-02 5.419348e-01 -1.106408e-01 -8.314192e-01
4.793461e-02 5.348806e-01 -1.308260e-01 -8.333604e-01
4.286113e-02 5.275717e-01 -1.509511e-01 -8.348920e-01
3.776783e-02 5.200116e-01 -1.710066e-01 -8.360133e-01
3.265725e-02 5.122038e-01 -1.909827e-01 -8.367236e-01
2.753195e-02 5.041520e-01 -2.108698e-01 -8.370225e-01
2.239448e-02 4.958602e-01 -2.306583e-01 -8.369097e-01
1.724740e-02 4.873322e-01 -2.503388e-01 -8.363853e-01
1.209328e-02 4.785722e-01 -2.699016e-01 -8.354493e-01
6.934699e-03 4.695843e-01 -2.893373e-01 -8.341022e-01
1.774276e-03 4.603729e-01 -3.086365e-01 -8.323444e-01
-3.385339e-03 4.509424e-01 -3.277897e-01 -8.301767e-01
-8.541502e-03 4.412972e-01 -3.467877e-01 -8.276002e-01
-1.369157e-02 4.314421e-01 -3.656212e-01 -8.246159e-01
-1.883291e-02 4.213818e-01 -3.842811e-01 -8.212252e-01
-2.396290e-02 4.111211e-01 -4.027581e-01 -8.174296e-01
-2.907891e-02 4.006649e-01 -4.210433e-01 -8.132309e-01
-3.417833e-02 3.900183e-01 -4.391278e-01 -8.086312e-01
-3.925857e-02 3.791864e-01 -4.570027e-01 -8.036324e-01
-4.431703e-02 3.681743e-01 -4.746592e-01 -7.982370e-01
-4.935115e-02 3.569875e-01 -4.920887e-01 -7.924476e-01
-5.435835e-02 3.456312e-01 -5.092826e-01 -7.862668e-01
-5.933610e-02 3.341110e-01 -5.262325e-01 -7.796976e-01
-6.428186e-02 3.224324e-01 -5.429301e-01 -7.727433e-01
-6.919312e-02 3.106011e-01 -5.593670e-01 -7.654070e-01
-7.406739e-02 2.986228e-01 -5.755353e-01 -7.576923e-01
-7.890218e-02 2.865033e-01 -5.914269e-01 -7.496029e-01
-8.369504e-02 2.742485e-01 -6.070339e-01 -7.411429e-01
-8.844353e-02 2.618643e-01 -6.223487e-01 -7.323161e-01
-9.314525e-02 2.493568e-01 -6.373637e-01 -7.231270e-01
-9.779780e-02 2.367320e-01 -6.520714e-01 -7.135800e-01
-1.023988e-01 2.239962e-01 -6.664645e-01 -7.036798e-01
-1.069460e-01 2.111555e-01 -6.805359e-01 -6.934312e-01
-1.114369e-01 1.982160e-01 -6.942786e-01 -6.828393e-01
-1.158692e-01 1.851840e-01 -7.076859e-01 -6.719092e-01
-1.202408e-01 1.720658e-01 -7.207510e-01 -6.606463e-01
-1.245492e-01 1.588675e-01 -7.334677e-01 -6.490561e-01
-1.287924e-01 1.455955e-01 -7.458295e-01 -6.371443e-01
-1.329681e-01 1.322563e-01 -7.578303e-01 -6.249168e-01
-1.370741e-01 1.188560e-01 -7.694642e-01 -6.123796e-01
-1.411085e-01 1.054013e-01 -7.807254e-01 -5.995389e-01
-1.450691e-01 9.189850e-02 -7.916082e-01 -5.864009e-01
-1.489540e-01 7.835409e-02 -8.021074e-01 -5.729722e-01
-1.527610e-01 6.477457e-02 -8.122175e-01 -5.592593e-01
-1.564884e-01 5.116646e-02 -8.219337e-01 -5.452691e-01
-1.601342e-01 3.753631e-02 -8.312509e-01 -5.310085e-01
-1.636965e-01 2.389065e-02 -8.401646e-01 -5.164844e-01
-1.671736e-01 1.023605e-02 -8.486703e-01 -5.017041e-01
-1.705637e-01 -3.420900e-03 -8.567637e-01 -4.866748e-01
-1.738650e-01 -1.707363e-02 -8.644406e-01 -4.714041e-01
-1.770760e-01 -3.071554e-02 -8.716974e-01 -4.558995e-01
-1.801949e-01 -4.434004e-02 -8.785302e-01 -4.401686e-01
-1.832203e-01 -5.794055e-02 -8.849357e-01 -4.242194e-01
-1.861505e-01 -7.151047e-02 -8.909105e-01 -4.080597e-01
-1.889842e-01 -8.504324e-02 -8.964517e-01 -3.916975e-01
-1.917199e-01 -9.853228e-02 -9.015565e-01 -3.751410e-01
-1.943563e-01 -1.119710e-01 -9.062222e-01 -3.583985e-01
-1.968919e-01 -1.253530e-01 -9.104465e-01 -3.414782e-01
-1.993256e-01 -1.386716e-01 -9.142272e-01 -3.243887e-01
-2.016562e-01 -1.519204e-01 -9.175625e-01 -3.071384e-01
-2.038825e-01 -1.650930e-01 -9.204506e-01 -2.897359e-01
-2.060034e-01 -1.781829e-01 -9.228901e-01 -2.721900e-01
-2.080178e-01 -1.911837e-01 -9.248797e-01 -2.545093e-01
-2.099248e-01 -2.040891e-01 -9.264184e-01 -2.367028e-01
-2.117235e-01 -2.168927e-01 -9.275054e-01 -2.187793e-01
-2.134129e-01 -2.295884e-01 -9.281403e-01 -2.007478e-01
-2.149923e-01 -2.421700e-01 -9.283227e-01 -1.826172e-01
-2.164609e-01 -2.546312e-01 -9.280525e-01 -1.643967e-01
-2.178180e-01 -2.669661e-01 -9.273298e-01 -1.460952e-01
-2.190629e-01 -2.791688e-01 -9.261551e-01 -1.277219e-01
-2.201952e-01 -2.912334e-01 -9.245289e-01 -1.092860e-01
-2.212143e-01 -3.031541e-01 -9.224520e-01 -9.079658e-02
-2.221198e-01 -3.149255e-01 -9.199254e-01 -7.226286e-02
-2.229113e-01 -3.265419e-01 -9.169503e-01 -5.369403e-02
-2.235885e-01 -3.379979e-01 -9.135282e-01 -3.509934e-02
-2.241511e-01 -3.492879e-01 -9.096606e-01 -1.648801e-02
-2.245989e-01 -3.604066e-01 -9.053496e-01 2.130693e-03
-2.249319e-01 -3.713489e-01 -9.005971e-01 2.074753e-02
-2.251499e-01 -3.821094e-01 -8.954056e-01 3.935326e-02
-2.252530e-01 -3.926832e-01 -8.897776e-01 5.793865e-02
-2.252411e-01 -4.030652e-01 -8.837158e-01 7.649445e-02
-2.251143e-01 -4.132504e-01 -8.772231e-01 9.501148e-02
-2.248729e-01 -4.232342e-01 -8.703029e-01 1.134805e-01
-2.245171e-01 -4.330117e-01 -8.629585e-01 1.318925e-01
-2.240471e-01 -4.425784e-01 -8.551934e-01 1.502382e-01
-2.234633e-01 -4.519296e-01 -8.470116e-01 1.685086e-01
-2.227660e-01 -4.610611e-01 -8.384170e-01 1.866947e-01
-2.219558e-01 -4.699685e-01 -8.294139e-01 2.047874e-01
-2.210332e-01 -4.786476e-01 -8.200066e-01 2.227779e-01
-2.199986e-01 -4.870943e-01 -8.101999e-01 2.406572e-01
-2.188528e-01 -4.953046e-01 -7.999986e-01 2.584166e-01
-2.175964e-01 -5.032747e-01 -7.894076e-01 2.760473e-01
-2.162301e-01 -5.110009e-01 -7.784321e-01 2.935406e-01
-2.147548e-01 -5.184795e-01 -7.670776e-01 3.108881e-01
-2.131712e-01 -5.257070e-01 -7.553496e-01 3.280811e-01
-2.114803e-01 -5.326801e-01 -7.432538e-01 3.451112e-01
-2.096830e-01 -5.393954e-01 -7.307963e-01 3.619702e-01
-2.077803e-01 -5.458500e-01 -7.179829e-01 3.786498e-01
-2.057732e-01 -5.520406e-01 -7.048202e-01 3.951418e-01
-2.036628e-01 -5.579646e-01 -6.913143e-01 4.114383e-01
-2.014502e-01 -5.636191e-01 -6.774719e-01 4.275314e-01
-1.991367e-01 -5.690016e-01 -6.632998e-01 4.434131e-01
-1.967234e-01 -5.741094e-01 -6.488048e-01 4.590758e-01
-1.942117e-01 -5.789404e-01 -6.339939e-01 4.745119e-01
-1.916028e-01 -5.834922e-01 -6.188743e-01 4.897140e-01
-1.888982e-01 -5.877629e-01 -6.034534e-01 5.046745e-01
-1.860993e-01 -5.917505e-01 -5.877385e-01 5.193861e-01
-1.832079e-01 -5.954533e-01 -5.717373e-01 5.338415e-01
-1.802254e-01 -5.988696e-01 -5.554575e-01 5.480337e-01
-1.771535e-01 -6.019981e-01 -5.389071e-01 5.619556e-01
-1.739939e-01 -6.048372e-01 -5.220940e-01 5.756005e-01
-1.707483e-01 -6.073859e-01 -5.050264e-01 5.889616e-01
-1.674184e-01 -6.096429e-01 -4.877126e-01 6.020324e-01
-1.640061e-01 -6.116075e-01 -4.701608e-01 6.148066e-01
-1.605132e-01 -6.132786e-01 -4.523797e-01 6.272778e-01
-1.569416e-01 -6.146558e-01 -4.343778e-01 6.394400e-01
-1.532932e-01 -6.157384e-01 -4.161638e-01 6.512872e-01
-1.495699e-01 -6.165261e-01 -3.977466e-01 6.628138e-01
-1.457737e-01 -6.170185e-01 -3.791349e-01 6.740140e-01
-1.419065e-01 -6.172156e-01 -3.603379e-01 6.848825e-01
-1.379706e-01 -6.171173e-01 -3.413645e-01 6.954140e-01
-1.339678e-01 -6.167239e-01 -3.222239e-01 7.056033e-01
-1.299003e-01 -6.160355e-01 -3.029253e-01 7.154456e-01
-1.257702e-01 -6.150527e-01 -2.834780e-01 7.249361e-01
-1.215797e-01 -6.137758e-01 -2.638913e-01 7.340701e-01
-1.173308e-01 -6.122057e-01 -2.441748e-01 7.428434e-01
-1.130258e-01 -6.103432e-01 -2.243378e-01 7.512516e-01
-1.086669e-01 -6.081891e-01 -2.043898e-01 7.592907e-01
-1.042564e-01 -6.057446e-01 -1.843404e-01 7.669568e-01
-9.979635e-02 -6.030109e-01 -1.641993e-01 7.742462e-01
-9.528914e-02 -5.999893e-01 -1.439761e-01 7.811553e-01
-9.073707e-02 -5.966813e-01 -1.236805e-01 7.876810e-01
-8.614245e-02 -5.930886e-01 -1.033223e-01 7.938198e-01
-8.150763e-02 -5.892128e-01 -8.291122e-02 7.995690e-01
-7.683497e-02 -5.850559e-01 -6.245706e-02 8.049255e-01
-7.212684e-02 -5.806198e-01 -4.196968e-02 8.098870e-01
-6.738562e-02 -5.759067e-01 -2.145889e-02 8.144509e-01
-6.261372e-02 -5.709188e-01 -9.345554e-04 8.186149e-01
-5.781354e-02 -5.656586e-01 1.959347e-02 8.223771e-01
-5.298750e-02 -5.601285e-01 4.011531e-02 8.257355e-01
-4.813802e-02 -5.543312e-01 6.062111e-02 8.286886e-01
-4.326753e-02 -5.482694e-01 8.110100e-02 8.312348e-01
-3.837849e-02 -5.419460e-01 1.015451e-01 8.333728e-01
-3.347333e-02 -5.353641e-01 1.219436e-01 8.351015e-01
-2.855451e-02 -5.285267e-01 1.422867e-01 8.364201e-01
-2.362448e-02 -5.214372e-01 1.625645e-01 8.373279e-01
-1.868572e-02 -5.140988e-01 1.827673e-01 8.378242e-01
-1.374068e-02 -5.065151e-01 2.028852e-01 8.379088e-01
-8.791911e-03 -4.986897e-01 2.229085e-01 8.375817e-01
-3.841953e-03 -4.906264e-01 2.428275e-01 8.368427e-01
1.106643e-03 -4.823290e-01 2.626325e-01 8.356923e-01
6.051333e-03 -4.738015e-01 2.823138e-01 8.341310e-01
1.098958e-02 -4.650479e-01 3.018618e-01 8.321593e-01
1.591885e-02 -4.560725e-01 3.212671e-01 8.297783e-01
2.083663e-02 -4.468795e-01 3.405201e-01 8.269889e-01
2.574041e-02 -4.374733e-01 3.596115e-01 8.237925e-01
3.062768e-02 -4.278584e-01 3.785319e-01 8.201906e-01
3.549595e-02 -4.180395e-01 3.972722e-01 8.161849e-01
4.034276e-02 -4.080212e-01 4.158230e-01 8.117773e-01
4.516564e-02 -3.978084e-01 4.341754e-01 8.069698e-01
4.996214e-02 -3.874059e-01 4.523203e-01 8.017648e-01
5.472984e-02 -3.768188e-01 4.702489e-01 7.961647e-01
5.946633e-02 -3.660520e-01 4.879524e-01 7.901722e-01
6.416920e-02 -3.551109e-01 5.054220e-01 7.837903e-01
6.883609e-02 -3.440007e-01 5.226491e-01 7.770219e-01
7.346464e-02 -3.327268e-01 5.396253e-01 7.698703e-01
7.805252e-02 -3.212945e-01 5.563423e-01 7.623391e-01
8.259741e-02 -3.097095e-01 5.727916e-01 7.544319e-01
8.709703e-02 -2.979773e-01 5.889653e-01 7.461525e-01
9.154912e-02 -2.861036e-01 6.048554e-01 7.375049e-01
9.595143e-02 -2.740943e-01 6.204539e-01 7.284934e-01
1.003018e-01 -2.619551e-01 6.357531e-01 7.191224e-01
1.045979e-01 -2.496920e-01 6.507455e-01 7.093965e-01
1.088377e-01 -2.373108e-01 6.654237e-01 6.993205e-01
1.130190e-01 -2.248175e-01 6.797804e-01 6.888994e-01
1.171396e-01 -2.122181e-01 6.938086e-01 6.781382e-01
1.211974e-01 -1.995185e-01 7.075013e-01 6.670423e-01
1.251904e-01 -1.867249e-01 7.208518e-01 6.556172e-01
1.291165e-01 -1.738433e-01 7.338535e-01 6.438684e-01
1.329737e-01 -1.608800e-01 7.464999e-01 6.318018e-01
1.367602e-01 -1.478410e-01 7.587849e-01 6.194233e-01
1.404739e-01 -1.347326e-01 7.707023e-01 6.067390e-01
1.441131e-01 -1.215611e-01 7.822462e-01 5.937552e-01
1.476759e-01 -1.083328e-01 7.934108e-01 5.804783e-01
1.511604e-01 -9.505403e-02 8.041908e-01 5.669149e-01
1.545651e-01 -8.173112e-02 8.145806e-01 5.530715e-01
1.578881e-01 -6.837047e-02 8.245751e-01 5.389552e-01
1.611278e-01 -5.497849e-02 8.341694e-01 5.245729e-01
1.642826e-01 -4.156162e-02 8.433585e-01 5.099316e-01
1.673510e-01 -2.812631e-02 8.521381e-01 4.950386e-01
1.703314e-01 -1.467902e-02 8.605036e-01 4.799014e-01
1.732224e-01 -1.226238e-03 8.684508e-01 4.645273e-01
1.760225e-01 1.222555e-02 8.759759e-01 4.489241e-01
1.787303e-01 2.566986e-02 8.830750e-01 4.330995e-01
1.813446e-01 3.910018e-02 8.897445e-01 4.170613e-01
1.838641e-01 5.251001e-02 8.959811e-01 4.008175e-01
1.862875e-01 6.589286e-02 9.017816e-01 3.843761e-01
1.886137e-01 7.924224e-02 9.071432e-01 3.677454e-01
1.908415e-01 9.255166e-02 9.120632e-01 3.509336e-01
1.929699e-01 1.058147e-01 9.165390e-01 3.339491e-01
1.949979e-01 1.190248e-01 9.205685e-01 3.168004e-01
1.969245e-01 1.321757e-01 9.241496e-01 2.994959e-01
1.987488e-01 1.452609e-01 9.272805e-01 2.820443e-01
2.004699e-01 1.582740e-01 9.299597e-01 2.644543e-01
2.020871e-01 1.712087e-01 9.321858e-01 2.467347e-01
2.035996e-01 1.840588e-01 9.339577e-01 2.288942e-01
2.050067e-01 1.968179e-01 9.352746e-01 2.109417e-01
2.063077e-01 2.094799e-01 9.361358e-01 1.928862e-01
2.075022e-01 2.220386e-01 9.365409e-01 1.747367e-01
2.085895e-01 2.344881e-01 9.364896e-01 1.565021e-01
2.095693e-01 2.468222e-01 9.359822e-01 1.381915e-01
2.104410e-01 2.590351e-01 9.350187e-01 1.198140e-01
2.112045e-01 2.711209e-01 9.335997e-01 1.013787e-01
2.118593e-01 2.830740e-01 9.317259e-01 8.289478e-02
2.124053e-01 2.948886e-01 9.293982e-01 6.437127e-02
2.128424e-01 3.065592e-01 9.266177e-01 4.581740e-02
2.131703e-01 3.180802e-01 9.233857e-01 2.724235e-02
2.133892e-01 3.294463e-01 9.197039e-01 8.655309e-03
2.134989e-01 3.406519e-01 9.155740e-01 -9.934536e-03
2.134995e-01 3.516918e-01 9.109981e-01 -2.851799e-02
2.133912e-01 3.625608e-01 9.059784e-01 -4.708587e-02
2.131742e-01 3.732537e-01 9.005172e-01 -6.562900e-02
2.128487e-01 3.837654e-01 8.946174e-01 -8.413822e-02
2.124149e-01 3.940909e-01 8.882818e-01 -1.026044e-01
2.118733e-01 4.042254e-01 8.815135e-01 -1.210184e-01
2.112241e-01 4.141641e-01 8.743158e-01 -1.393712e-01
2.104680e-01 4.239022e-01 8.666922e-01 -1.576538e-01
2.096053e-01 4.334352e-01 8.586465e-01 -1.758570e-01
2.086367e-01 4.427584e-01 8.501827e-01 -1.939721e-01
2.075627e-01 4.518676e-01 8.413047e-01 -2.119900e-01
2.063840e-01 4.607584e-01 8.320171e-01 -2.299019e-01
2.051014e-01 4.694265e-01 8.223243e-01 -2.476991e-01
2.037156e-01 4.778680e-01 8.122311e-01 -2.653729e-01
2.022274e-01 4.860788e-01 8.017424e-01 -2.829145e-01
2.006376e-01 4.940550e-01 7.908634e-01 -3.003154e-01
1.989472e-01 5.017930e-01 7.795992e-01 -3.175671e-01
1.971572e-01 5.092889e-01 7.679556e-01 -3.346611e-01
1.952685e-01 5.165394e-01 7.559380e-01 -3.515893e-01
1.932822e-01 5.235410e-01 7.435523e-01 -3.683433e-01
1.911994e-01 5.302904e-01 7.308046e-01 -3.849149e-01
1.890212e-01 5.367844e-01 7.177011e-01 -4.012962e-01
1.867489e-01 5.430201e-01 7.042480e-01 -4.174791e-01
1.843835e-01 5.489944e-01 6.904519e-01 -4.334559e-01
1.819264e-01 5.547046e-01 6.763195e-01 -4.492189e-01
1.793790e-01 5.601480e-01 6.618575e-01 -4.647602e-01
1.767426e-01 5.653222e-01 6.470730e-01 -4.800724e-01
1.740187e-01 5.702246e-01 6.319731e-01 -4.951478e-01
1.712090e-01 5.748532e-01 6.165651e-01 -5.099791e-01
1.683149e-01 5.792058e-01 6.008565e-01 -5.245591e-01
1.653381e-01 5.832804e-01 5.848548e-01 -5.388805e-01
1.622801e-01 5.870751e-01 5.685678e-01 -5.529364e-01
1.591428e-01 5.905883e-01 5.520034e-01 -5.667198e-01
1.559278e-01 5.938183e-01 5.351695e-01 -5.802240e-01
1.526369e-01 5.967636e-01 5.180744e-01 -5.934425e-01
1.492719e-01 5.994230e-01 5.007263e-01 -6.063688e-01
1.458346e-01 6.017953e-01 4.831335e-01 -6.189966e-01
1.423268e-01 6.038793e-01 4.653046e-01 -6.313196e-01
1.387505e-01 6.056742e-01 4.472482e-01 -6.433320e-01
1.351075e-01 6.071792e-01 4.289730e-01 -6.550279e-01
1.313999e-01 6.083936e-01 4.104878e-01 -6.664016e-01
1.276295e-01 6.093169e-01 3.918016e-01 -6.774475e-01
1.237983e-01 6.099487e-01 3.729233e-01 -6.881604e-01
1.199085e-01 6.102888e-01 3.538621e-01 -6.985350e-01
1.159619e-01 6.103370e-01 3.346271e-01 -7.085663e-01
1.119607e-01 6.100934e-01 3.152276e-01 -7.182495e-01
1.079070e-01 6.095581e-01 2.956729e-01 -7.275799e-01
1.038028e-01 6.087315e-01 2.759724e-01 -7.365529e-01
9.965026e-02 6.076138e-01 2.561356e-01 -7.451643e-01
9.545153e-02 6.062058e-01 2.361720e-01 -7.534098e-01
9.120876e-02 6.045080e-01 2.160913e-01 -7.612855e-01
8.692410e-02 6.025213e-01 1.959030e-01 -7.687875e-01
8.259974e-02 6.002467e-01 1.756168e-01 -7.759123e-01
7.823788e-02 5.976852e-01 1.552426e-01 -7.826564e-01
7.384076e-02 5.948380e-01 1.347900e-01 -7.890164e-01
6.941062e-02 5.917066e-01 1.142690e-01 -7.949893e-01
6.494973e-02 5.882924e-01 9.368933e-02 -8.005722e-01
6.046036e-02 5.845970e-01 7.306102e-02 -8.057624e-01
5.594480e-02 5.806221e-01 5.239396e-02 -8.105572e-01
5.140532e-02 5.763698e-01 3.169809e-02 -8.149544e-01
4.684422e-02 5.718419e-01 1.098339e-02 -8.189517e-01
4.226382e-02 5.670406e-01 -9.740154e-03 -8.225472e-01
3.766641e-02 5.619681e-01 -3.046256e-02 -8.257391e-01
3.305432e-02 5.566270e-01 -5.117382e-02 -8.285258e-01
2.842985e-02 5.510196e-01 -7.186393e-02 -8.309059e-01
2.379533e-02 5.451487e-01 -9.252291e-02 -8.328782e-01
1.915309e-02 5.390170e-01 -1.131407e-01 -8.344417e-01
1.450550e-02 5.326275e-01 -1.337074e-01 -8.355955e-01
9.854997e-03 5.259832e-01 -1.542130e-01 -8.363390e-01
5.203977e-03 5.190871e-01 -1.746474e-01 -8.366718e-01
5.548534e-04 5.119427e-01 -1.950007e-01 -8.365937e-01
-4.089974e-03 5.045533e-01 -2.152629e-01 -8.361047e-01
-8.728110e-03 4.969224e-01 -2.354244e-01 -8.352049e-01
-1.335717e-02 4.890537e-01 -2.554750e-01 -8.338948e-01
-1.797478e-02 4.809509e-01 -2.754052e-01 -8.321749e-01
-2.257857e-02 4.726178e-01 -2.952052e-01 -8.300461e-01
-2.716620e-02 4.640585e-01 -3.148653e-01 -8.275093e-01
-3.173531e-02 4.552769e-01 -3.343759e-01 -8.245657e-01
-3.628359e-02 4.462774e-01 -3.537274e-01 -8.212167e-01
-4.080873e-02 4.370642e-01 -3.729104e-01 -8.174640e-01
-4.530842e-02 4.276416e-01 -3.919156e-01 -8.133093e-01
-4.978040e-02 4.180143e-01 -4.107335e-01 -8.087546e-01
-5.422240e-02 4.081869e-01 -4.293549e-01 -8.038021e-01
-5.863219e-02 3.981640e-01 -4.477708e-01 -7.984542e-01
-6.300753e-02 3.879504e-01 -4.659720e-01 -7.927135e-01
-6.734624e-02 3.775511e-01 -4.839496e-01 -7.865827e-01
-7.164613e-02 3.669711e-01 -5.016948e-01 -7.800650e-01
-7.590504e-02 3.562155e-01 -5.191989e-01 -7.731633e-01
-8.012086e-02 3.452894e-01 -5.364531e-01 -7.658812e-01
-8.429146e-02 3.341983e-01 -5.534490e-01 -7.582221e-01
-8.841478e-02 3.229473e-01 -5.701782e-01 -7.501898e-01
-9.248874e-02 3.115421e-01 -5.866324e-01 -7.417882e-01
-9.651133e-02 2.999880e-01 -6.028035e-01 -7.330216e-01
-1.004805e-01 2.882908e-01 -6.186836e-01 -7.238941e-01
-1.043944e-01 2.764562e-01 -6.342646e-01 -7.144104e-01
-1.082509e-01 2.644897e-01 -6.495390e-01 -7.045750e-01
-1.120481e-01 2.523972e-01 -6.644993e-01 -6.943929e-01
-1.157841e-01 2.401843e-01 -6.791381e-01 -6.838691e-01
-1.194570e-01 2.278569e-01 -6.934481e-01 -6.730089e-01
-1.230649e-01 2.154210e-01 -7.074224e-01 -6.618175e-01
-1.266060e-01 2.028823e-01 -7.210541e-01 -6.503005e-01
-1.300786e-01 1.902469e-01 -7.343363e-01 -6.384636e-01
-1.334809e-01 1.775209e-01 -7.472627e-01 -6.263127e-01
-1.368112e-01 1.647103e-01 -7.598268e-01 -6.138538e-01
-1.400679e-01 1.518212e-01 -7.720223e-01 -6.010930e-01
-1.432494e-01 1.388599e-01 -7.838433e-01 -5.880367e-01
-1.463541e-01 1.258324e-01 -7.952840e-01 -5.746913e-01
-1.493804e-01 1.127450e-01 -8.063386e-01 -5.610634e-01
-1.523270e-01 9.960408e-02 -8.170016e-01 -5.471598e-01
-1.551923e-01 8.641585e-02 -8.272679e-01 -5.329873e-01
-1.579750e-01 7.318667e-02 -8.371322e-01 -5.185530e-01
-1.606737e-01 5.992288e-02 -8.465898e-01 -5.038641e-01
-1.632871e-01 4.663089e-02 -8.556358e-01 -4.889277e-01
-1.658140e-01 3.331707e-02 -8.642658e-01 -4.737513e-01
-1.682531e-01 1.998787e-02 -8.724755e-01 -4.583424e-01
-1.706034e-01 6.649702e-03 -8.802609e-01 -4.427088e-01
-1.728636e-01 -6.690984e-03 -8.876180e-01 -4.268580e-01
-1.750328e-01 -2.002774e-02 -8.945431e-01 -4.107981e-01
-1.771098e-01 -3.335410e-02 -9.010329e-01 -3.945369e-01
-1.790938e-01 -4.666362e-02 -9.070840e-01 -3.780826e-01
-1.809839e-01 -5.994985e-02 -9.126936e-01 -3.614433e-01
-1.827790e-01 -7.320633e-02 -9.178588e-01 -3.446273e-01
-1.844785e-01 -8.642664e-02 -9.225769e-01 -3.276429e-01
-1.860816e-01 -9.960435e-02 -9.268458e-01 -3.104987e-01
-1.875876e-01 -1.127331e-01 -9.306633e-01 -2.932030e-01
-1.889957e-01 -1.258064e-01 -9.340275e-01 -2.757645e-01
-1.903054e-01 -1.388180e-01 -9.369367e-01 -2.581919e-01
-1.915161e-01 -1.517617e-01 -9.393895e-01 -2.404938e-01
-1.926274e-01 -1.646310e-01 -9.413848e-01 -2.226791e-01
-1.936387e-01 -1.774200e-01 -9.429215e-01 -2.047566e-01
-1.945497e-01 -1.901222e-01 -9.439989e-01 -1.867350e-01
-1.953600e-01 -2.027317e-01 -9.446166e-01 -1.686235e-01
-1.960693e-01 -2.152423e-01 -9.447741e-01 -1.504309e-01
-1.966773e-01 -2.276480e-01 -9.444716e-01 -1.321662e-01
-1.971840e-01 -2.399428e-01 -9.437090e-01 -1.138385e-01
-1.975891e-01 -2.521209e-01 -9.424869e-01 -9.545678e-02
-1.978925e-01 -2.641765e-01 -9.408059e-01 -7.703011e-02
-1.980944e-01 -2.761039e-01 -9.386667e-01 -5.856759e-02
-1.981946e-01 -2.878974e-01 -9.360704e-01 -4.007830e-02
-1.981933e-01 -2.995515e-01 -9.330182e-01 -2.157137e-02
-1.980907e-01 -3.110606e-01 -9.295117e-01 -3.055908e-03
-1.978868e-01 -3.224192e-01 -9.255526e-01 1.545898e-02
-1.975821e-01 -3.336220e-01 -9.211428e-01 3.396417e-02
-1.971767e-01 -3.446636e-01 -9.162845e-01 5.245057e-02
-1.966710e-01 -3.555388e-01 -9.109800e-01 7.090909e-02
-1.960654e-01 -3.662424e-01 -9.052320e-01 8.933066e-02
-1.953604e-01 -3.767693e-01 -8.990431e-01 1.077062e-01
-1.945564e-01 -3.871146e-01 -8.924166e-01 1.260268e-01
-1.936541e-01 -3.972733e-01 -8.853555e-01 1.442833e-01
-1.926539e-01 -4.072405e-01 -8.778634e-01 1.624669e-01
-1.915566e-01 -4.170117e-01 -8.699438e-01 1.805687e-01
-1.903628e-01 -4.265820e-01 -8.616007e-01 1.985798e-01
-1.890733e-01 -4.359471e-01 -8.528382e-01 2.164913e-01
-1.876888e-01 -4.451023e-01 -8.436604e-01 2.342946e-01
-1.862103e-01 -4.540435e-01 -8.340719e-01 2.519809e-01
-1.846384e-01 -4.627663e-01 -8.240772e-01 2.695416e-01
-1.829743e-01 -4.712666e-01 -8.136814e-01 2.869682e-01
-1.812188e-01 -4.795404e-01 -8.028894e-01 3.042522e-01
-1.793729e-01 -4.875838e-01 -7.917064e-01 3.213852e-01
-1.774376e-01 -4.953929e-01 -7.801378e-01 3.383589e-01
-1.754141e-01 -5.029641e-01 -7.681894e-01 3.551649e-01
-1.733035e-01 -5.102937e-01 -7.558667e-01 3.717953e-01
-1.711069e-01 -5.173784e-01 -7.431759e-01 3.882418e-01
-1.688255e-01 -5.242146e-01 -7.301229e-01 4.044966e-01
-1.664606e-01 -5.307993e-01 -7.167141e-01 4.205518e-01
-1.640135e-01 -5.371293e-01 -7.029560e-01 4.363996e-01
-1.614855e-01 -5.432017e-01 -6.888551e-01 4.520321e-01
-1.588782e-01 -5.490135e-01 -6.744183e-01 4.674419e-01
-1.561929e-01 -5.545621e-01 -6.596525e-01 4.826212e-01
-1.534313e-01 -5.598448e-01 -6.445649e-01 4.975627e-01
-1.505948e-01 -5.648593e-01 -6.291628e-01 5.122591e-01
-1.476851e-01 -5.696031e-01 -6.134535e-01 5.267031e-01
-1.447038e-01 -5.740740e-01 -5.974448e-01 5.408878e-01
-1.416525e-01 -5.782699e-01 -5.811442e-01 5.548062e-01
-1.385330e-01 -5.821889e-01 -5.645597e-01 5.684515e-01
-1.353469e-01 -5.858291e-01 -5.476993e-01 5.818170e-01
-1.320959e-01 -5.891888e-01 -5.305711e-01 5.948963e-01
-1.287819e-01 -5.922664e-01 -5.131834e-01 6.076829e-01
-1.254067e-01 -5.950605e-01 -4.955447e-01 6.201707e-01
-1.219721e-01 -5.975697e-01 -4.776633e-01 6.323535e-01
-1.184798e-01 -5.997930e-01 -4.595480e-01 6.442255e-01
-1.149319e-01 -6.017292e-01 -4.412075e-01 6.557809e-01
-1.113302e-01 -6.033775e-01 -4.226505e-01 6.670140e-01
-1.076765e-01 -6.047370e-01 -4.038862e-01 6.779195e-01
-1.039729e-01 -6.058072e-01 -3.849235e-01 6.884920e-01
-1.002212e-01 -6.065875e-01 -3.657715e-01 6.987264e-01
-9.642353e-02 -6.070775e-01 -3.464395e-01 7.086177e-01
-9.258174e-02 -6.072770e-01 -3.269368e-01 7.181613e-01
-8.869788e-02 -6.071860e-01 -3.072727e-01 7.273523e-01
-8.477395e-02 -6.068044e-01 -2.874567e-01 7.361864e-01
-8.081198e-02 -6.061323e-01 -2.674985e-01 7.446594e-01
-7.681400e-02 -6.051702e-01 -2.474075e-01 7.527670e-01
-7.278207e-02 -6.039184e-01 -2.271934e-01 7.605054e-01
-6.871825e-02 -6.023776e-01 -2.068659e-01 7.678708e-01
-6.462460e-02 -6.005483e-01 -1.864349e-01 7.748596e-01
-6.050321e-02 -5.984316e-01 -1.659102e-01 7.814684e-01
-5.635621e-02 -5.960282e-01 -1.453016e-01 7.876940e-01
-5.218571e-02 -5.933394e-01 -1.246191e-01 7.935333e-01
-4.799385e-02 -5.903664e-01 -1.038727e-01 7.989835e-01
-4.378277e-02 -5.871106e-01 -8.307243e-02 8.040418e-01
-3.955461e-02 -5.835734e-01 -6.222829e-02 8.087059e-01
-3.531151e-02 -5.797566e-01 -4.135036e-02 8.129733e-01
-3.105563e-02 -5.756618e-01 -2.044874e-02 8.168420e-01
-2.678912e-02 -5.712911e-01 4.664596e-04 8.203100e-01
-2.251413e-02 -5.666465e-01 2.138510e-02 8.233757e-01
-1.823286e-02 -5.617301e-01 4.229704e-02 8.260374e-01
-1.394756e-02 -5.565443e-01 6.319208e-02 8.282938e-01
-9.660456e-03 -5.510914e-01 8.406004e-02 8.301439e-01
-5.373803e-03 -5.453741e-01 1.048907e-01 8.315865e-01
-1.089832e-03 -5.393951e-01 1.256740e-01 8.326210e-01
3.189232e-03 -5.331571e-01 1.463998e-01 8.332469e-01
7.461168e-03 -5.266631e-01 1.670578e-01 8.334638e-01
1.172377e-02 -5.199162e-01 1.876381e-01 8.332716e-01
1.597483e-02 -5.129196e-01 2.081306e-01 8.326704e-01
2.021216e-02 -5.056765e-01 2.285253e-01 8.316603e-01
2.443360e-02 -4.981905e-01 2.488121e-01 8.302420e-01
2.863697e-02 -4.904650e-01 2.689813e-01 8.284160e-01
3.282013e-02 -4.825038e-01 2.890229e-01 8.261832e-01
3.698095e-02 -4.743106e-01 3.089270e-01 8.235447e-01
4.111731e-02 -4.658894e-01 3.286841e-01 8.205018e-01
4.522711e-02 -4.572441e-01 3.482843e-01 8.170560e-01
4.930827e-02 -4.483788e-01 3.677180e-01 8.132088e-01
5.335874e-02 -4.392979e-01 3.869758e-01 8.089623e-01
5.737647e-02 -4.300056e-01 4.060481e-01 8.043184e-01
6.135944e-02 -4.205065e-01 4.249256e-01 7.992794e-01
6.530566e-02 -4.108051e-01 4.435990e-01 7.938478e-01
6.921315e-02 -4.009060e-01 4.620592e-01 7.880262e-01
7.307996e-02 -3.908140e-01 4.802969e-01 7.818175e-01
7.690416e-02 -3.805340e-01 4.983033e-01 7.752248e-01
8.068385e-02 -3.700709e-01 5.160694e-01 7.682513e-01
8.441717e-02 -3.594298e-01 5.335865e-01 7.609003e-01
8.810225e-02 -3.486160e-01 5.508460e-01 7.531757e-01
9.173729e-02 -3.376345e-01 5.678393e-01 7.450811e-01
9.532048e-02 -3.264907e-01 5.845579e-01 7.366205e-01
9.885007e-02 -3.151902e-01 6.009938e-01 7.277983e-01
1.023243e-01 -3.037382e-01 6.171386e-01 7.186186e-01
1.057414e-01 -2.921404e-01 6.329846e-01 7.090862e-01
1.090997e-01 -2.804022e-01 6.485239e-01 6.992057e-01
1.123975e-01 -2.685292e-01 6.637488e-01 6.889821e-01
1.156331e-01 -2.565272e-01 6.786520e-01 6.784205e-01
1.188049e-01 -2.444017e-01 6.932260e-01 6.675260e-01
1.219113e-01 -2.321587e-01 7.074636e-01 6.563042e-01
1.249509e-01 -2.198040e-01 7.213580e-01 6.447605e-01
1.279221e-01 -2.073435e-01 7.349022e-01 6.329007e-01
1.308234e-01 -1.947830e-01 7.480897e-01 6.207308e-01
1.336535e-01 -1.821288e-01 7.609137e-01 6.082566e-01
1.364110e-01 -1.693867e-01 7.733682e-01 5.954845e-01
1.390945e-01 -1.565629e-01 7.854469e-01 5.824208e-01
1.417028e-01 -1.436635e-01 7.971439e-01 5.690718e-01
1.442346e-01 -1.306948e-01 8.084533e-01 5.554444e-01
1.466887e-01 -1.176629e-01 8.193697e-01 5.415451e-01
1.490639e-01 -1.045741e-01 8.298876e-01 5.273810e-01
1.513592e-01 -9.143477e-02 8.400019e-01 5.129590e-01
1.535735e-01 -7.825115e-02 8.497074e-01 4.982863e-01
1.557056e-01 -6.502961e-02 8.589995e-01 4.833701e-01
1.577547e-01 -5.177654e-02 8.678736e-01 4.682180e-01
1.597198e-01 -3.849832e-02 8.763252e-01 4.528373e-01
1.616000e-01 -2.520138e-02 8.843502e-01 4.372357e-01
1.633944e-01 -1.189214e-02 8.919446e-01 4.214210e-01
1.651023e-01 1.422952e-03 8.991047e-01 4.054009e-01
1.667229e-01 1.473746e-02 9.058269e-01 3.891836e-01
1.682555e-01 2.804493e-02 9.121080e-01 3.727769e-01
1.696993e-01 4.133890e-02 9.179448e-01 3.561891e-01
1.710540e-01 5.461294e-02 9.233344e-01 3.394283e-01
1.723187e-01 6.786061e-02 9.282742e-01 3.225029e-01
1.734931e-01 8.107552e-02 9.327619e-01 3.054213e-01
1.745766e-01 9.425128e-02 9.367952e-01 2.881918e-01
1.755688e-01 1.073815e-01 9.403721e-01 2.708232e-01
1.764693e-01 1.204599e-01 9.434909e-01 2.533238e-01
1.772779e-01 1.334802e-01 9.461501e-01 2.357025e-01
1.779943e-01 1.464360e-01 9.483484e-01 2.179678e-01
1.786181e-01 1.593210e-01 9.500847e-01 2.001286e-01
1.791492e-01 1.721292e-01 9.513583e-01 1.821936e-01
1.795875e-01 1.848542e-01 9.521685e-01 1.641718e-01
1.799329e-01 1.974900e-01 9.525150e-01 1.460720e-01
1.801854e-01 2.100304e-01 9.523976e-01 1.279030e-01
1.803449e-01 2.224695e-01 9.518165e-01 1.096740e-01
1.804116e-01 2.348013e-01 9.507719e-01 9.139369e-02
1.803855e-01 2.470199e-01 9.492644e-01 7.307120e-02
1.802668e-01 2.591196e-01 9.472946e-01 5.471550e-02
1.800557e-01 2.710946e-01 9.448637e-01 3.633559e-02
1.797525e-01 2.829392e-01 9.419727e-01 1.794048e-02
1.793574e-01 2.946478e-01 9.386231e-01 -4.607998e-04
1.788710e-01 3.062148e-01 9.348166e-01 -1.885923e-02
1.782934e-01 3.176347e-01 9.305549e-01 -3.724581e-02
1.776253e-01 3.289020e-01 9.258402e-01 -5.561153e-02
1.768670e-01 3.400115e-01 9.206748e-01 -7.394740e-02
1.760191e-01 3.509577e-01 9.150611e-01 -9.224446e-02
1.750823e-01 3.617356e-01 9.090020e-01 -1.104938e-01
1.740570e-01 3.723399e-01 9.025004e-01 -1.286864e-01
1.729440e-01 3.827656e-01 8.955594e-01 -1.468135e-01
1.717441e-01 3.930078e-01 8.881824e-01 -1.648662e-01
1.704579e-01 4.030615e-01 8.803730e-01 -1.828357e-01
1.690862e-01 4.129221e-01 8.721350e-01 -2.007133e-01
1.676299e-01 4.225847e-01 8.634723e-01 -2.184902e-01
1.660898e-01 4.320448e-01 8.543892e-01 -2.361578e-01
1.644669e-01 4.412978e-01 8.448901e-01 -2.537076e-01
1.627620e-01 4.503394e-01 8.349796e-01 -2.711310e-01
1.609763e-01 4.591653e-01 8.246624e-01 -2.884195e-01
1.591106e-01 4.677713e-01 8.139435e-01 -3.055648e-01
1.571661e-01 4.761532e-01 8.028281e-01 -3.225585e-01
1.551439e-01 4.843071e-01 7.913216e-01 -3.393925e-01
1.530450e-01 4.922290e-01 7.794294e-01 -3.560585e-01
1.508707e-01 4.999152e-01 7.671573e-01 -3.725486e-01
1.486220e-01 5.073621e-01 7.545112e-01 -3.888547e-01
1.463004e-01 5.145661e-01 7.414972e-01 -4.049689e-01
1.439072e-01 5.215237e-01 7.281215e-01 -4.208833e-01
1.414436e-01 5.282317e-01 7.143906e-01 -4.365902e-01
1.389112e-01 5.346869e-01 7.003111e-01 -4.520819e-01
1.363114e-01 5.408861e-01 6.858897e-01 -4.673508e-01
1.336457e-01 5.468265e-01 6.711334e-01 -4.823895e-01
1.309155e-01 5.525051e-01 6.560493e-01 -4.971906e-01
1.281224e-01 5.579193e-01 6.406448e-01 -5.117469e-01
1.252680e-01 5.630665e-01 6.249272e-01 -5.260514e-01
1.223539e-01 5.679442e-01 6.089040e-01 -5.400970e-01
1.193817e-01 5.725501e-01 5.925832e-01 -5.538768e-01
1.163530e-01 5.768819e-01 5.759724e-01 -5.673843e-01
1.132695e-01 5.809377e-01 5.590798e-01 -5.806128e-01
1.101328e-01 5.847153e-01 5.419135e-01 -5.935559e-01
1.069448e-01 5.882130e-01 5.244817e-01 -6.062072e-01
1.037071e-01 5.914292e-01 5.067930e-01 -6.185607e-01
1.004215e-01 5.943621e-01 4.888557e-01 -6.306102e-01
9.708966e-02 5.970105e-01 4.706786e-01 -6.423501e-01
9.371349e-02 5.993731e-01 4.522704e-01 -6.537745e-01
9.029474e-02 6.014486e-01 4.336401e-01 -6.648780e-01
8.683524e-02 6.032360e-01 4.147965e-01 -6.756551e-01
8.333681e-02 6.047345e-01 3.957489e-01 -6.861006e-01
7.980129e-02 6.059432e-01 3.765062e-01 -6.962095e-01
7.623053e-02 6.068617e-01 3.570779e-01 -7.059767e-01
7.262641e-02 6.074893e-01 3.374733e-01 -7.153977e-01
6.899079e-02 6.078258e-01 3.177019e-01 -7.244678e-01
6.532556e-02 6.078709e-01 2.977731e-01 -7.331826e-01
6.163261e-02 6.076246e-01 2.776966e-01 -7.415378e-01
5.791385e-02 6.070869e-01 2.574820e-01 -7.495295e-01
5.417118e-02 6.062580e-01 2.371391e-01 -7.571537e-01
5.040651e-02 6.051383e-01 2.166777e-01 -7.644067e-01
4.662178e-02 6.037282e-01 1.961077e-01 -7.712849e-01
4.281891e-02 6.020283e-01 1.754391e-01 -7.777851e-01
3.899986e-02 6.000394e-01 1.546817e-01 -7.839039e-01
3.516659e-02 5.977624e-01 1.338457e-01 -7.896384e-01
3.132106e-02 5.951982e-01 1.129411e-01 -7.949858e-01
2.746525e-02 5.923481e-01 9.197805e-02 -7.999434e-01
2.360110e-02 5.892134e-01 7.096677e-02 -8.045087e-01
1.973061e-02 5.857954e-01 4.991742e-02 -8.086796e-01
1.585581e-02 5.820957e-01 2.884026e-02 -8.124539e-01
1.197876e-02 5.781161e-01 7.745595e-03 -8.158298e-01
8.101496e-03 5.738584e-01 -1.335629e-02 -8.188056e-01
4.226066e-03 5.693244e-01 -3.445507e-02 -8.213797e-01
3.545035e-04 5.645164e-01 -5.554046e-02 -8.235510e-01
-3.511165e-03 5.594366e-01 -7.660213e-02 -8.253184e-01
-7.368921e-03 5.540873e-01 -9.762980e-02 -8.266809e-01
-1.121675e-02 5.484711e-01 -1.186132e-01 -8.276379e-01
-1.505267e-02 5.425905e-01 -1.395420e-01 -8.281890e-01
-1.887467e-02 5.364484e-01 -1.604061e-01 -8.283337e-01
-2.268080e-02 5.300476e-01 -1.811951e-01 -8.280721e-01
-2.646908e-02 5.233911e-01 -2.018989e-01 -8.274043e-01
-3.023758e-02 5.164821e-01 -2.225074e-01 -8.263307e-01
-3.398437e-02 5.093239e-01 -2.430105e-01 -8.248516e-01
-3.770753e-02 5.019198e-01 -2.633981e-01 -8.229679e-01
-4.140517e-02 4.942733e-01 -2.836601e-01 -8.206804e-01
-4.507541e-02 4.863882e-01 -3.037868e-01 -8.179904e-01
-4.871639e-02 4.782681e-01 -3.237681e-01 -8.148991e-01
-5.232628e-02 4.699169e-01 -3.435943e-01 -8.114080e-01
-5.590326e-02 4.613386e-01 -3.632556e-01 -8.075189e-01
-5.944554e-02 4.525374e-01 -3.827424e-01 -8.032337e-01
-6.295135e-02 4.435174e-01 -4.020450e-01 -7.985545e-01
-6.641894e-02 4.342829e-01 -4.211539e-01 -7.934836e-01
-6.984658e-02 4.248385e-01 -4.400598e-01 -7.880235e-01
-7.323257e-02 4.151887e-01 -4.587533e-01 -7.821770e-01
-7.657525e-02 4.053380e-01 -4.772252e-01 -7.759468e-01
-7.987296e-02 3.952914e-01 -4.954663e-01 -7.693362e-01
-8.312409e-02 3.850536e-01 -5.134678e-01 -7.623483e-01
-8.632703e-02 3.746296e-01 -5.312207e-01 -7.549867e-01
-8.948024e-02 3.640244e-01 -5.487161e-01 -7.472550e-01
-9.258218e-02 3.532433e-01 -5.659456e-01 -7.391571e-01
-9.563132e-02 3.422915e-01 -5.829005e-01 -7.306971e-01
-9.862618e-02 3.311742e-01 -5.995725e-01 -7.218790e-01
-1.015652e-01 3.198967e-01 -6.159535e-01 -7.127074e-01
-1.044470e-01 3.084645e-01 -6.320354e-01 -7.031869e-01
-1.072701e-01 2.968829e-01 -6.478102e-01 -6.933221e-01
-1.100331e-01 2.851576e-01 -6.632703e-01 -6.831181e-01
-1.127347e-01 2.732941e-01 -6.784080e-01 -6.725799e-01
-1.153735e-01 2.612982e-01 -6.932160e-01 -6.617128e-01
-1.179483e-01 2.491754e-01 -7.076868e-01 -6.505222e-01
-1.204578e-01 2.369317e-01 -7.218136e-01 -6.390137e-01
-1.229009e-01 2.245729e-01 -7.355892e-01 -6.271929e-01
-1.252763e-01 2.121050e-01 -7.490069e-01 -6.150659e-01
-1.275829e-01 1.995338e-01 -7.620601e-01 -6.026385e-01
-1.298197e-01 1.868655e-01 -7.747425e-01 -5.899171e-01
-1.319856e-01 1.741060e-01 -7.870478e-01 -5.769079e-01
-1.340796e-01 1.612616e-01 -7.989698e-01 -5.636174e-01
-1.361008e-01 1.483384e-01 -8.105029e-01 -5.500521e-01
-1.380481e-01 1.353427e-01 -8.216413e-01 -5.362189e-01
-1.399208e-01 1.222806e-01 -8.323795e-01 -5.221246e-01
-1.417180e-01 1.091585e-01 -8.427122e-01 -5.077761e-01
-1.434389e-01 9.598264e-02 -8.526344e-01 -4.931807e-01
-1.450827e-01 8.275948e-02 -8.621412e-01 -4.783455e-01
-1.466487e-01 6.949538e-02 -8.712279e-01 -4.632780e-01
-1.481363e-01 5.619673e-02 -8.798901e-01 -4.479855e-01
-1.495448e-01 4.286997e-02 -8.881235e-01 -4.324757e-01
-1.508736e-01 2.952156e-02 -8.959240e-01 -4.167563e-01
-1.521222e-01 1.615794e-02 -9.032879e-01 -4.008350e-01
-1.532901e-01 2.785593e-03 -9.102116e-01 -3.847197e-01
-1.543768e-01 -1.058902e-02 -9.166916e-01 -3.684185e-01
-1.553818e-01 -2.395945e-02 -9.227248e-01 -3.519394e-01
-1.563049e-01 -3.731925e-02 -9.283083e-01 -3.352905e-01
-1.571457e-01 -5.066197e-02 -9.334394e-01 -3.184800e-01
-1.579039e-01 -6.398116e-02 -9.381155e-01 -3.015164e-01
-1.585793e-01 -7.727040e-02 -9.423344e-01 -2.844078e-01
-1.591716e-01 -9.052326e-02 -9.460940e-01 -2.671629e-01
-1.596807e-01 -1.037333e-01 -9.493926e-01 -2.497901e-01
-1.601065e-01 -1.168943e-01 -9.522286e-01 -2.322979e-01
-1.604489e-01 -1.299997e-01 -9.546006e-01 -2.146949e-01
-1.607079e-01 -1.430433e-01 -9.565075e-01 -1.969900e-01
-1.608836e-01 -1.560187e-01 -9.579483e-01 -1.791916e-01
-1.609758e-01 -1.689198e-01 -9.589225e-01 -1.613087e-01
-1.609849e-01 -1.817402e-01 -9.594296e-01 -1.433499e-01
-1.609108e-01 -1.944738e-01 -9.594694e-01 -1.253241e-01
-1.607538e-01 -2.071146e-01 -9.590419e-01 -1.072401e-01
-1.605141e-01 -2.196564e-01 -9.581473e-01 -8.910675e-02
-1.601921e-01 -2.320933e-01 -9.567861e-01 -7.093296e-02
-1.597879e-01 -2.444194e-01 -9.549590e-01 -5.272760e-02
-1.593021e-01 -2.566288e-01 -9.526669e-01 -3.449956e-02
-1.587350e-01 -2.687157e-01 -9.499109e-01 -1.625775e-02
-1.580870e-01 -2.806743e-01 -9.466924e-01 1.988924e-03
-1.573586e-01 -2.924989e-01 -9.430129e-01 2.023155e-02
-1.565504e-01 -3.041839e-01 -9.388743e-01 3.846124e-02
-1.556630e-01 -3.157237e-01 -9.342784e-01 5.666910e-02
-1.546969e-01 -3.271127e-01 -9.292277e-01 7.484626e-02
-1.536527e-01 -3.383456e-01 -9.237246e-01 9.298387e-02
-1.525313e-01 -3.494170e-01 -9.177716e-01 1.110731e-01
-1.513332e-01 -3.603216e-01 -9.113717e-01 1.291052e-01
-1.500593e-01 -3.710542e-01 -9.045281e-01 1.470713e-01
-1.487103e-01 -3.816096e-01 -8.972439e-01 1.649627e-01
-1.472870e-01 -3.919828e-01 -8.895228e-01 1.827708e-01
-1.457904e-01 -4.021688e-01 -8.813685e-01 2.004869e-01
-1.442213e-01 -4.121628e-01 -8.727848e-01 2.181024e-01
-1.425806e-01 -4.219600e-01 -8.637760e-01 2.356088e-01
-1.408693e-01 -4.315558e-01 -8.543464e-01 2.529976e-01
-1.390885e-01 -4.409454e-01 -8.445004e-01 2.702603e-01
-1.372390e-01 -4.501244e-01 -8.342429e-01 2.873887e-01
-1.353220e-01 -4.590884e-01 -8.235788e-01 3.043744e-01
-1.333385e-01 -4.678332e-01 -8.125131e-01 3.212093e-01
-1.312897e-01 -4.763545e-01 -8.010512e-01 3.378852e-01
-1.291766e-01 -4.846482e-01 -7.891986e-01 3.543939e-01
-1.270006e-01 -4.927104e-01 -7.769610e-01 3.707276e-01
-1.247629e-01 -5.005371e-01 -7.643442e-01 3.868783e-01
-1.224648e-01 -5.081247e-01 -7.513543e-01 4.028380e-01
-1.201076e-01 -5.154694e-01 -7.379975e-01 4.185990e-01
-1.176926e-01 -5.225678e-01 -7.242803e-01 4.341536e-01
-1.152214e-01 -5.294164e-01 -7.102093e-01 4.494943e-01
-1.126952e-01 -5.360118e-01 -6.957913e-01 4.646135e-01
-1.101155e-01 -5.423509e-01 -6.810331e-01 4.795039e-01
-1.074838e-01 -5.484305e-01 -6.659420e-01 4.941583e-01
-1.048016e-01 -5.542479e-01 -6.505251e-01 5.085695e-01
-1.020703e-01 -5.598000e-01 -6.347900e-01 5.227306e-01
-9.929153e-02 -5.650842e-01 -6.187442e-01 5.366345e-01
-9.646677e-02 -5.700980e-01 -6.023954e-01 5.502746e-01
-9.359759e-02 -5.748388e-01 -5.857516e-01 5.636443e-01
-9.068559e-02 -5.793044e-01 -5.688208e-01 5.767369e-01
-8.773234e-02 -5.834925e-01 -5.516111e-01 5.895462e-01
-8.473947e-02 -5.874011e-01 -5.341309e-01 6.020660e-01
-8.170860e-02 -5.910282e-01 -5.163885e-01 6.142901e-01
-7.864136e-02 -5.943721e-01 -4.983926e-01 6.262126e-01
-7.553941e-02 -5.974310e-01 -4.801519e-01 6.378277e-01
-7.240440e-02 -6.002035e-01 -4.616751e-01 6.491298e-01
-6.923801e-02 -6.026881e-01 -4.429711e-01 6.601134e-01
-6.604191e-02 -6.048836e-01 -4.240490e-01 6.707732e-01
-6.281781e-02 -6.067889e-01 -4.049180e-01 6.811040e-01
-5.956738e-02 -6.084029e-01 -3.855872e-01 6.911007e-01
-5.629235e-02 -6.097249e-01 -3.660660e-01 7.007585e-01
-5.299441e-02 -6.107540e-01 -3.463637e-01 7.100727e-01
-4.967528e-02 -6.114898e-01 -3.264901e-01 7.190388e-01
-4.633668e-02 -6.119317e-01 -3.064545e-01 7.276524e-01
-4.298034e-02 -6.120796e-01 -2.862668e-01 7.359094e-01
-3.960798e-02 -6.119332e-01 -2.659366e-01 7.438056e-01
-3.622134e-02 -6.114925e-01 -2.454738e-01 7.513372e-01
-3.282214e-02 -6.107576e-01 -2.248883e-01 7.585006e-01
-2.941212e-02 -6.097289e-01 -2.041900e-01 7.652922e-01
-2.599303e-02 -6.084066e-01 -1.833891e-01 7.717087e-01
-2.256662e-02 -6.067913e-01 -1.624955e-01 7.777469e-01
-1.913467e-02 -6.048838e-01 -1.415195e-01 7.834039e-01
-1.569898e-02 -6.026848e-01 -1.204712e-01 7.886769e-01
-1.226138e-02 -6.001953e-01 -9.936100e-02 7.935633e-01
-8.823712e-03 -5.974163e-01 -7.819917e-02 7.980606e-01
-5.387800e-03 -5.943491e-01 -5.699607e-02 8.021668e-01
-1.955467e-03 -5.909951e-01 -3.576208e-02 8.058796e-01
1.471475e-03 -5.873558e-01 -1.450758e-02 8.091975e-01
4.891218e-03 -5.834328e-01 6.757011e-03 8.121186e-01
8.301967e-03 -5.792279e-01 2.802129e-02 8.146416e-01
1.170193e-02 -5.747431e-01 4.927483e-02 8.167652e-01
1.508934e-02 -5.699803e-01 7.050722e-02 8.184885e-01
1.846243e-02 -5.649419e-01 9.170805e-02 8.198106e-01
2.181945e-02 -5.596302e-01 1.128669e-01 8.207308e-01
2.515866e-02 -5.540476e-01 1.339735e-01 8.212487e-01
2.847834e-02 -5.481967e-01 1.550174e-01 8.213641e-01
3.177680e-02 -5.420804e-01 1.759882e-01 8.210769e-01
3.505232e-02 -5.357014e-01 1.968758e-01 8.203873e-01
3.830326e-02 -5.290627e-01 2.176697e-01 8.192957e-01
4.152795e-02 -5.221676e-01 2.383599e-01 8.178025e-01
4.472476e-02 -5.150193e-01 2.589362e-01 8.159086e-01
4.789207e-02 -5.076211e-01 2.793884e-01 8.136150e-01
5.102830e-02 -4.999766e-01 2.997064e-01 8.109227e-01
5.413187e-02 -4.920895e-01 3.198803e-01 8.078331e-01
5.720123e-02 -4.839634e-01 3.399002e-01 8.043477e-01
6.023486e-02 -4.756024e-01 3.597561e-01 8.004684e-01
6.323125e-02 -4.670104e-01 3.794384e-01 7.961970e-01
6.618891e-02 -4.581914e-01 3.989372e-01 7.915357e-01
6.910641e-02 -4.491499e-01 4.182430e-01 7.864868e-01
7.198230e-02 -4.398901e-01 4.373462e-01 7.810528e-01
7.481519e-02 -4.304166e-01 4.562375e-01 7.752365e-01
7.760370e-02 -4.207338e-01 4.749075e-01 7.690407e-01
8.034647e-02 -4.108465e-01 4.933470e-01 7.624686e-01
8.304220e-02 -4.007595e-01 5.115469e-01 7.555234e-01
8.568957e-02 -3.904776e-01 5.294982e-01 7.482086e-01
8.828733e-02 -3.800060e-01 5.471920e-01 7.405280e-01
9.083423e-02 -3.693496e-01 5.646197e-01 7.324853e-01
9.332900e-02 -3.585136e-01 5.817725e-01 7.240845e-01
9.577042e-02 -3.475031e-01 5.986423e-01 7.153301e-01
9.815729e-02 -3.363234e-01 6.152205e-01 7.062262e-01
1.004884e-01 -3.249799e-01 6.314992e-01 6.967775e-01
1.027628e-01 -3.134780e-01 6.474703e-01 6.869888e-01
1.049792e-01 -3.018231e-01 6.631259e-01 6.768650e-01
1.071366e-01 -2.900210e-01 6.784585e-01 6.664110e-01
1.092340e-01 -2.780771e-01 6.934605e-01 6.556322e-01
1.112704e-01 -2.659974e-01 7.081245e-01 6.445339e-01
1.132449e-01 -2.537874e-01 7.224434e-01 6.331217e-01
1.151566e-01 -2.414532e-01 7.364101e-01 6.214012e-01
1.170045e-01 -2.290006e-01 7.500178e-01 6.093784e-01
1.187880e-01 -2.164357e-01 7.632597e-01 5.970591e-01
1.205060e-01 -2.037644e-01 7.761295e-01 5.844496e-01
1.221580e-01 -1.909928e-01 7.886209e-01 5.715561e-01
1.237432e-01 -1.781271e-01 8.007276e-01 5.583849e-01
1.252608e-01 -1.651735e-01 8.124437e-01 5.449428e-01
1.267103e-01 -1.521383e-01 8.237636e-01 5.312362e-01
1.280910e-01 -1.390277e-01 8.346817e-01 5.172722e-01
1.294024e-01 -1.258481e-01 8.451926e-01 5.030575e-01
1.306439e-01 -1.126057e-01 8.552912e-01 4.885992e-01
1.318150e-01 -9.930716e-02 8.649725e-01 4.739045e-01
1.329152e-01 -8.595875e-02 8.742319e-01 4.589807e-01
1.339442e-01 -7.256696e-02 8.830647e-01 4.438351e-01
1.349016e-01 -5.913827e-02 8.914668e-01 4.284754e-01
1.357870e-01 -4.567915e-02 8.994340e-01 4.129090e-01
1.366000e-01 -3.219609e-02 9.069624e-01 3.971437e-01
1.373405e-01 -1.869561e-02 9.140483e-01 3.811872e-01
1.380082e-01 -5.184220e-03 9.206884e-01 3.650475e-01
1.386029e-01 8.331547e-03 9.268794e-01 3.487324e-01
1.391245e-01 2.184516e-02 9.326184e-01 3.322502e-01
1.395728e-01 3.535009e-02 9.379024e-01 3.156087e-01
1.399477e-01 4.883982e-02 9.427291e-01 2.988164e-01
1.402493e-01 6.230780e-02 9.470960e-01 2.818814e-01
1.404774e-01 7.574755e-02 9.510010e-01 2.648121e-01
1.406323e-01 8.915256e-02 9.544424e-01 2.476168e-01
1.407138e-01 1.025163e-01 9.574184e-01 2.303040e-01
1.407222e-01 1.158325e-01 9.599277e-01 2.128822e-01
1.406576e-01 1.290945e-01 9.619691e-01 1.953600e-01
1.405202e-01 1.422960e-01 9.635416e-01 1.777459e-01
1.403101e-01 1.554306e-01 9.646444e-01 1.600485e-01
1.400277e-01 1.684919e-01 9.652772e-01 1.422765e-01
1.396733e-01 1.814738e-01 9.654396e-01 1.244387e-01
1.392471e-01 1.943699e-01 9.651316e-01 1.065436e-01
1.387496e-01 2.071742e-01 9.643534e-01 8.860005e-02
1.381812e-01 2.198804e-01 9.631053e-01 7.061678e-02
1.375422e-01 2.324825e-01 9.613880e-01 5.260255e-02
1.368333e-01 2.449745e-01 9.592024e-01 3.456613e-02
1.360549e-01 2.573505e-01 9.565495e-01 1.651629e-02
1.352076e-01 2.696044e-01 9.534307e-01 -1.538168e-03
1.342920e-01 2.817304e-01 9.498473e-01 -1.958848e-02
1.333086e-01 2.937227e-01 9.458013e-01 -3.762587e-02
1.322582e-01 3.055756e-01 9.412945e-01 -5.564157e-02
1.311415e-01 3.172834e-01 9.363291e-01 -7.362685e-02
1.299590e-01 3.288404e-01 9.309076e-01 -9.157297e-02
1.287117e-01 3.402411e-01 9.250326e-01 -1.094712e-01
1.274003e-01 3.514801e-01 9.187069e-01 -1.273130e-01
1.260255e-01 3.625520e-01 9.119335e-01 -1.450895e-01
1.245882e-01 3.734514e-01 9.047157e-01 -1.627923e-01
1.230893e-01 3.841731e-01 8.970570e-01 -1.804127e-01
1.215297e-01 3.947120e-01 8.889611e-01 -1.979422e-01
1.199103e-01 4.050629e-01 8.804319e-01 -2.153724e-01
1.182321e-01 4.152210e-01 8.714734e-01 -2.326948e-01
1.164959e-01 4.251812e-01 8.620900e-01 -2.499010e-01
1.147028e-01 4.349390e-01 8.522861e-01 -2.669828e-01
1.128539e-01 4.444894e-01 8.420664e-01 -2.839318e-01
1.109501e-01 4.538280e-01 8.314359e-01 -3.007400e-01
1.089926e-01 4.629501e-01 8.203996e-01 -3.173992e-01
1.069825e-01 4.718515e-01 8.089629e-01 -3.339012e-01
1.049210e-01 4.805278e-01 7.971311e-01 -3.502380e-01
1.028093e-01 4.889747e-01 7.849100e-01 -3.664018e-01
1.006487e-01 4.971883e-01 7.723054e-01 -3.823846e-01
9.844029e-02 5.051644e-01 7.593235e-01 -3.981787e-01
9.618550e-02 5.128992e-01 7.459704e-01 -4.137764e-01
9.388557e-02 5.203889e-01 7.322526e-01 -4.291701e-01
9.154183e-02 5.276298e-01 7.181768e-01 -4.443523e-01
8.915561e-02 5.346185e-01 7.037496e-01 -4.593157e-01
8.672827e-02 5.413513e-01 6.889781e-01 -4.740529e-01
8.426118e-02 5.478252e-01 6.738693e-01 -4.885569e-01
8.175573e-02 5.540368e-01 6.584306e-01 -5.028205e-01
7.921333e-02 5.599830e-01 6.426694e-01 -5.168368e-01
7.663538e-02 5.656611e-01 6.265933e-01 -5.305991e-01
7.402331e-02 5.710680e-01 6.102101e-01 -5.441006e-01
7.137858e-02 5.762012e-01 5.935278e-01 -5.573348e-01
6.870263e-02 5.810581e-01 5.765542e-01 -5.702952e-01
6.599693e-02 5.856363e-01 5.592978e-01 -5.829756e-01
6.326294e-02 5.899334e-01 5.417667e-01 -5.953698e-01
6.050215e-02 5.939473e-01 5.239695e-01 -6.074718e-01
5.771604e-02 5.976761e-01 5.059148e-01 -6.192757e-01
5.490611e-02 6.011177e-01 4.876113e-01 -6.307757e-01
5.207387e-02 6.042705e-01 4.690679e-01 -6.419664e-01
4.922080e-02 6.071328e-01 4.502934e-01 -6.528422e-01
4.634844e-02 6.097032e-01 4.312971e-01 -6.633978e-01
4.345828e-02 6.119803e-01 4.120880e-01 -6.736282e-01
4.055184e-02 6.139629e-01 3.926755e-01 -6.835284e-01
3.763064e-02 6.156499e-01 3.730690e-01 -6.930935e-01
3.469621e-02 6.170405e-01 3.532780e-01 -7.023189e-01
3.175005e-02 6.181339e-01 3.333120e-01 -7.112001e-01
2.879370e-02 6.189293e-01 3.131807e-01 -7.197328e-01
2.582867e-02 6.194264e-01 2.928939e-01 -7.279127e-01
2.285648e-02 6.196248e-01 2.724614e-01 -7.357360e-01
1.987865e-02 6.195242e-01 2.518931e-01 -7.431988e-01
1.689669e-02 6.191247e-01 2.311991e-01 -7.502974e-01
1.391216e-02 6.184262e-01 2.103893e-01 -7.570283e-01
1.092668e-02 6.174290e-01 1.894740e-01 -7.633882e-01
7.941828e-03 6.161335e-01 1.684634e-01 -7.693741e-01
4.959221e-03 6.145400e-01 1.473678e-01 -7.749831e-01
1.980450e-03 6.126493e-01 1.261975e-01 -7.802122e-01
-9.928999e-04 6.104621e-01 1.049630e-01 -7.850591e-01
-3.959249e-03 6.079793e-01 8.367455e-02 -7.895214e-01
-6.917028e-03 6.052021e-01 6.234267e-02 -7.935968e-01
-9.864677e-03 6.021317e-01 4.097780e-02 -7.972835e-01
-1.280065e-02 5.987693e-01 1.959043e-02 -8.005796e-01
-1.572340e-02 5.951166e-01 -1.808947e-03 -8.034835e-01
-1.863140e-02 5.911751e-01 -2.320983e-02 -8.059939e-01
-2.152316e-02 5.869467e-01 -4.460172e-02 -8.081095e-01
-2.439715e-02 5.824333e-01 -6.597411e-02 -8.098294e-01
-2.725192e-02 5.776370e-01 -8.731649e-02 -8.111527e-01
-3.008597e-02 5.725600e-01 -1.086184e-01 -8.120788e-01
-3.289787e-02 5.672046e-01 -1.298693e-01 -8.126073e-01
-3.568618e-02 5.615734e-01 -1.510589e-01 -8.127380e-01
-3.844949e-02 5.556690e-01 -1.721766e-01 -8.124708e-01
-4.118639e-02 5.494942e-01 -1.932121e-01 -8.118060e-01
-4.389550e-02 5.430519e-01 -2.141551e-01 -8.107438e-01
-4.657548e-02 5.363451e-01 -2.349952e-01 -8.092849e-01
-4.922498e-02 5.293770e-01 -2.557222e-01 -8.074299e-01
-5.184268e-02 5.221509e-01 -2.763258e-01 -8.051800e-01
-5.442728e-02 5.146704e-01 -2.967960e-01 -8.025361e-01
-5.697753e-02 5.069388e-01 -3.171226e-01 -7.994997e-01
-5.949216e-02 4.989601e-01 -3.372957e-01 -7.960723e-01
-6.196995e-02 4.907379e-01 -3.573052e-01 -7.922557e-01
-6.440969e-02 4.822763e-01 -3.771413e-01 -7.880517e-01
-6.681021e-02 4.735792e-01 -3.967942e-01 -7.834625e-01
-6.917036e-02 4.646510e-01 -4.162543e-01 -7.784904e-01
-7.148900e-02 4.554960e-01 -4.355119e-01 -7.731379e-01
-7.376504e-02 4.461185e-01 -4.545575e-01 -7.674077e-01
-7.599739e-02 4.365231e-01 -4.733817e-01 -7.613027e-01
-7.818502e-02 4.267145e-01 -4.919752e-01 -7.548259e-01
-8.032689e-02 4.166975e-01 -5.103290e-01 -7.479807e-01
-8.242201e-02 4.064769e-01 -5.284338e-01 -7.407705e-01
-8.446935e-02 3.960576e-01 -5.462808e-01 -7.331989e-01
-8.646794e-02 3.854447e-01 -5.638612e-01 -7.252698e-01
-8.841679e-02 3.746431e-01 -5.811665e-01 -7.169871e-01
-9.031499e-02 3.636581e-01 -5.981881e-01 -7.083551e-01
-9.216164e-02 3.524950e-01 -6.149177e-01 -6.993781e-01
-9.395588e-02 3.411591e-01 -6.313471e-01 -6.900606e-01
-9.569686e-02 3.296557e-01 -6.474682e-01 -6.804073e-01
-9.738380e-02 3.179906e-01 -6.632731e-01 -6.704231e-01
-9.901593e-02 3.061692e-01 -6.787542e-01 -6.601129e-01
-1.005925e-01 2.941972e-01 -6.939037e-01 -6.494819e-01
-1.021129e-01 2.820804e-01 -7.087144e-01 -6.385354e-01
-1.035763e-01 2.698247e-01 -7.231789e-01 -6.272789e-01
-1.049822e-01 2.574358e-01 -7.372902e-01 -6.157181e-01
-1.063300e-01 2.449198e-01 -7.510413e-01 -6.038585e-01
-1.076191e-01 2.322828e-01 -7.644256e-01 -5.917063e-01
-1.088489e-01 2.195307e-01 -7.774365e-01 -5.792673e-01
-1.100190e-01 2.066697e-01 -7.900677e-01 -5.665479e-01
-1.111290e-01 1.937062e-01 -8.023129e-01 -5.535542e-01
-1.121783e-01 1.806462e-01 -8.141662e-01 -5.402929e-01
-1.131665e-01 1.674962e-01 -8.256218e-01 -5.267704e-01
-1.140934e-01 1.542625e-01 -8.366741e-01 -5.129935e-01
-1.149586e-01 1.409515e-01 -8.473177e-01 -4.989689e-01
-1.157618e-01 1.275696e-01 -8.575474e-01 -4.847037e-01
-1.165026e-01 1.141233e-01 -8.673583e-01 -4.702049e-01
-1.171809e-01 1.006191e-01 -8.767455e-01 -4.554796e-01
-1.177966e-01 8.706354e-02 -8.857046e-01 -4.405352e-01
-1.183493e-01 7.346310e-02 -8.942311e-01 -4.253790e-01
-1.188389e-01 5.982440e-02 -9.023210e-01 -4.100185e-01
-1.192655e-01 4.615404e-02 -9.099702e-01 -3.944613e-01
-1.196288e-01 3.245862e-02 -9.171752e-01 -3.787150e-01
-1.199289e-01 1.874479e-02 -9.239324e-01 -3.627874e-01
-1.201657e-01 5.019169e-03 -9.302385e-01 -3.466863e-01
-1.203394e-01 -8.711582e-03 -9.360905e-01 -3.304197e-01
-1.204499e-01 -2.244082e-02 -9.414856e-01 -3.139955e-01
-1.204974e-01 -3.616189e-02 -9.464211e-01 -2.974218e-01
-1.204819e-01 -4.986815e-02 -9.508948e-01 -2.807067e-01
-1.204037e-01 -6.355296e-02 -9.549045e-01 -2.638585e-01
-1.202629e-01 -7.720969e-02 -9.584483e-01 -2.468854e-01
-1.200598e-01 -9.083174e-02 -9.615244e-01 -2.297956e-01
-1.197945e-01 -1.044125e-01 -9.641315e-01 -2.125976e-01
-1.194675e-01 -1.179454e-01 -9.662683e-01 -1.952998e-01
-1.190790e-01 -1.314239e-01 -9.679338e-01 -1.779106e-01
-1.186293e-01 -1.448415e-01 -9.691272e-01 -1.604384e-01
-1.181189e-01 -1.581917e-01 -9.698480e-01 -1.428919e-01
-1.175481e-01 -1.714681e-01 -9.700960e-01 -1.252795e-01
-1.169173e-01 -1.846643e-01 -9.698709e-01 -1.076098e-01
-1.162272e-01 -1.977739e-01 -9.691730e-01 -8.989137e-02
-1.154780e-01 -2.107908e-01 -9.680025e-01 -7.213290e-02
-1.146705e-01 -2.237085e-01 -9.663602e-01 -5.434298e-02
-1.138051e-01 -2.365210e-01 -9.642467e-01 -3.653024e-02
-1.128825e-01 -2.492221e-01 -9.616632e-01 -1.870334e-02
-1.119032e-01 -2.618056e-01 -9.586109e-01 -8.709074e-04
-1.108679e-01 -2.742655e-01 -9.550912e-01 1.695840e-02
-1.097774e-01 -2.865958e-01 -9.511059e-01 3.477594e-02
-1.086321e-01 -2.987905e-01 -9.466569e-01 5.257309e-02
-1.074330e-01 -3.108439e-01 -9.417464e-01 7.034123e-02
-1.061807e-01 -3.227501e-01 -9.363767e-01 8.807176e-02
-1.048761e-01 -3.345033e-01 -9.305505e-01 1.057561e-01
-1.035198e-01 -3.460979e-01 -9.242704e-01 1.233857e-01
-1.021128e-01 -3.575283e-01 -9.175397e-01 1.409520e-01
-1.006558e-01 -3.687890e-01 -9.103613e-01 1.584466e-01
-9.914980e-02 -3.798745e-01 -9.027389e-01 1.758611e-01
-9.759556e-02 -3.907795e-01 -8.946761e-01 1.931869e-01
-9.599404e-02 -4.014987e-01 -8.861767e-01 2.104157e-01
-9.434614e-02 -4.120269e-01 -8.772448e-01 2.275392e-01
-9.265281e-02 -4.223591e-01 -8.678847e-01 2.445492e-01
-9.091502e-02 -4.324902e-01 -8.581009e-01 2.614375e-01
-8.913381e-02 -4.424153e-01 -8.478980e-01 2.781958e-01
-8.731023e-02 -4.521296e-01 -8.372809e-01 2.948159e-01
-8.544535e-02 -4.616283e-01 -8.262548e-01 3.112900e-01
-8.354029e-02 -4.709068e-01 -8.148249e-01 3.276099e-01
-8.159616e-02 -4.799606e-01 -8.029967e-01 3.437677e-01
-7.961408e-02 -4.887852e-01 -7.907760e-01 3.597556e-01
-7.759521e-02 -4.973762e-01 -7.781685e-01 3.755658e-01
-7.554073e-02 -5.057295e-01 -7.651805e-01 3.911906e-01
-7.345181e-02 -5.138410e-01 -7.518181e-01 4.066225e-01
-7.132965e-02 -5.217065e-01 -7.380878e-01 4.218540e-01
-6.917546e-02 -5.293224e-01 -7.239962e-01 4.368776e-01
-6.699048e-02 -5.366846e-01 -7.095502e-01 4.516861e-01
-6.477592e-02 -5.437897e-01 -6.947567e-01 4.662723e-01
-6.253305e-02 -5.506341e-01 -6.796229e-01 4.806292e-01
-6.026311e-02 -5.572144e-01 -6.641561e-01 4.947496e-01
-5.796738e-02 -5.635273e-01 -6.483637e-01 5.086269e-01
-5.564711e-02 -5.695696e-01 -6.322535e-01 5.222542e-01
-5.330360e-02 -5.753384e-01 -6.158331e-01 5.356249e-01
-5.093812e-02 -5.808307e-01 -5.991106e-01 5.487326e-01
-4.855198e-02 -5.860437e-01 -5.820941e-01 5.615709e-01
-4.614646e-02 -5.909749e-01 -5.647918e-01 5.741336e-01
-4.372286e-02 -5.956218e-01 -5.472120e-01 5.864145e-01
-4.128249e-02 -5.999820e-01 -5.293633e-01 5.984078e-01
-3.882666e-02 -6.040532e-01 -5.112543e-01 6.101076e-01
-3.635667e-02 -6.078334e-01 -4.928939e-01 6.215082e-01
-3.387383e-02 -6.113207e-01 -4.742908e-01 6.326040e-01
-3.137944e-02 -6.145132e-01 -4.554541e-01 6.433898e-01
-2.887482e-02 -6.174093e-01 -4.363930e-01 6.538602e-01
-2.636127e-02 -6.200075e-01 -4.171167e-01 6.640101e-01
-2.384011e-02 -6.223063e-01 -3.976346e-01 6.738347e-01
-2.131262e-02 -6.243047e-01 -3.779560e-01 6.833291e-01
-1.878012e-02 -6.260014e-01 -3.580905e-01 6.924888e-01
-1.624390e-02 -6.273955e-01 -3.380479e-01 7.013092e-01
-1.370526e-02 -6.284863e-01 -3.178378e-01 7.097861e-01
-1.116553e-02 -6.292731e-01 -2.974700e-01 7.179152e-01
-8.626060e-03 -6.297553e-01 -2.769546e-01 7.256928e-01
-6.088204e-03 -6.299326e-01 -2.563016e-01 7.331148e-01
-3.553313e-03 -6.298047e-01 -2.355211e-01 7.401778e-01
-1.022740e-03 -6.293715e-01 -2.146232e-01 7.468784e-01
1.502159e-03 -6.286332e-01 -1.936182e-01 7.532131e-01
4.020038e-03 -6.275898e-01 -1.725165e-01 7.591791e-01
6.529557e-03 -6.262419e-01 -1.513284e-01 7.647733e-01
9.029388e-03 -6.245897e-01 -1.300642e-01 7.699931e-01
1.151821e-02 -6.226342e-01 -1.087344e-01 7.748360e-01
1.399472e-02 -6.203760e-01 -8.734948e-02 7.792996e-01
1.645762e-02 -6.178160e-01 -6.591997e-02 7.833818e-01
1.890562e-02 -6.149555e-01 -4.445637e-02 7.870806e-01
2.133745e-02 -6.117957e-01 -2.296922e-02 7.903943e-01
2.375186e-02 -6.083380e-01 -1.469077e-03 7.933212e-01
2.614760e-02 -6.045839e-01 2.003349e-02 7.958601e-01
2.852345e-02 -6.005352e-01 4.152791e-02 7.980096e-01
3.087819e-02 -5.961936e-01 6.300361e-02 7.997689e-01
3.321063e-02 -5.915613e-01 8.445005e-02 8.011370e-01
3.551960e-02 -5.866403e-01 1.058567e-01 8.021134e-01
3.780391e-02 -5.814330e-01 1.272129e-01 8.026976e-01
4.006245e-02 -5.759417e-01 1.485083e-01 8.028894e-01
4.229408e-02 -5.701691e-01 1.697324e-01 8.026888e-01
4.449769e-02 -5.641179e-01 1.908747e-01 8.020959e-01
4.667221e-02 -5.577909e-01 2.119248e-01 8.011110e-01
4.881656e-02 -5.511912e-01 2.328724e-01 7.997348e-01
5.092970e-02 -5.443218e-01 2.537070e-01 7.979678e-01
5.301062e-02 -5.371861e-01 2.744185e-01 7.958112e-01
5.505829e-02 -5.297875e-01 2.949967e-01 7.932659e-01
5.707176e-02 -5.221295e-01 3.154314e-01 7.903333e-01
5.905005e-02 -5.142158e-01 3.357125e-01 7.870148e-01
6.099224e-02 -5.060502e-01 3.558300e-01 7.833123e-01
6.289741e-02 -4.976367e-01 3.757741e-01 7.792275e-01
6.476467e-02 -4.889794e-01 3.955348e-01 7.747625e-01
6.659316e-02 -4.800823e-01 4.151025e-01 7.699196e-01
6.838204e-02 -4.709500e-01 4.344674e-01 7.647013e-01
7.013050e-02 -4.615867e-01 4.536200e-01 7.591102e-01
7.183773e-02 -4.519971e-01 4.725510e-01 7.531491e-01
7.350297e-02 -4.421858e-01 4.912509e-01 7.468210e-01
7.512542e-02 -4.321575e-01 5.097105e-01 7.401292e-01
7.670433e-02 -4.219171e-01 5.279208e-01 7.330771e-01
7.823894e-02 -4.114694e-01 5.458730e-01 7.256682e-01
7.972854e-02 -4.008195e-01 5.635581e-01 7.179063e-01
8.117245e-02 -3.899724e-01 5.809675e-01 7.097953e-01
8.257002e-02 -3.789335e-01 5.980926e-01 7.013393e-01
8.392063e-02 -3.677079e-01 6.149252e-01 6.925426e-01
8.522367e-02 -3.563011e-01 6.314569e-01 6.834095e-01
8.647858e-02 -3.447186e-01 6.476797e-01 6.739448e-01
8.768484e-02 -3.329659e-01 6.635856e-01 6.641530e-01
8.884192e-02 -3.210487e-01 6.791668e-01 6.540392e-01
8.994936e-02 -3.089728e-01 6.944158e-01 6.436083e-01
9.100670e-02 -2.967440e-01 7.093250e-01 6.328655e-01
9.201354e-02 -2.843681e-01 7.238873e-01 6.218163e-01
9.296948e-02 -2.718512e-01 7.380953e-01 6.104661e-01
9.387417e-02 -2.591993e-01 7.519423e-01 5.988206e-01
9.472727e-02 -2.464185e-01 7.654215e-01 5.868855e-01
9.552848e-02 -2.335150e-01 7.785262e-01 5.746668e-01
9.627753e-02 -2.204950e-01 7.912502e-01 5.621706e-01
9.697417e-02 -2.073649e-01 8.035871e-01 5.494030e-01
9.761817e-02 -1.941310e-01 8.155309e-01 5.363704e-01
9.820936e-02 -1.807996e-01 8.270759e-01 5.230792e-01
9.874755e-02 -1.673773e-01 8.382165e-01 5.095360e-01
9.923261e-02 -1.538705e-01 8.489472e-01 4.957474e-01
9.966445e-02 -1.402857e-01 8.592627e-01 4.817204e-01
1.000430e-01 -1.266296e-01 8.691581e-01 4.674618e-01
1.003681e-01 -1.129087e-01 8.786286e-01 4.529786e-01
1.006399e-01 -9.912978e-02 8.876696e-01 4.382780e-01
1.008583e-01 -8.529941e-02 8.962767e-01 4.233672e-01
1.010233e-01 -7.142435e-02 9.044456e-01 4.082535e-01
1.011350e-01 -5.751132e-02 9.121726e-01 3.929445e-01
1.011936e-01 -4.356708e-02 9.194537e-01 3.774475e-01
1.011990e-01 -2.959840e-02 9.262856e-01 3.617703e-01
1.011515e-01 -1.561206e-02 9.326648e-01 3.459205e-01
1.010513e-01 -1.614862e-03 9.385884e-01 3.299059e-01
1.008984e-01 1.238641e-02 9.440534e-01 3.137343e-01
1.006933e-01 2.638495e-02 9.490574e-01 2.974136e-01
1.004359e-01 4.037395e-02 9.535977e-01 2.809518e-01
1.001268e-01 5.434663e-02 9.576724e-01 2.643571e-01
9.976613e-02 6.829621e-02 9.612794e-01 2.476374e-01
9.935424e-02 8.221590e-02 9.644170e-01 2.308009e-01
9.889148e-02 9.609897e-02 9.670838e-01 2.138559e-01
9.837822e-02 1.099387e-01 9.692785e-01 1.968106e-01
9.781486e-02 1.237283e-01 9.710000e-01 1.796733e-01
9.720182e-02 1.374611e-01 9.722476e-01 1.624524e-01
9.653955e-02 1.511306e-01 9.730207e-01 1.451561e-01
9.582852e-02 1.647301e-01 9.733190e-01 1.277930e-01
9.506923e-02 1.782530e-01 9.731423e-01 1.103714e-01
9.426221e-02 1.916929e-01 9.724907e-01 9.289976e-02
9.340800e-02 2.050433e-01 9.713645e-01 7.538662e-02
9.250718e-02 2.182976e-01 9.697644e-01 5.784044e-02
9.156034e-02 2.314496e-01 9.676911e-01 4.026972e-02
9.056809e-02 2.444928e-01 9.651457e-01 2.268297e-02
8.953107e-02 2.574209e-01 9.621293e-01 5.088702e-03
8.844993e-02 2.702278e-01 9.586434e-01 -1.250456e-02
8.732535e-02 2.829072e-01 9.546897e-01 -3.008832e-02
8.615803e-02 2.954530e-01 9.502702e-01 -4.765406e-02
8.494868e-02 3.078590e-01 9.453869e-01 -6.519329e-02
8.369803e-02 3.201194e-01 9.400422e-01 -8.269755e-02
8.240682e-02 3.322281e-01 9.342387e-01 -1.001584e-01
8.107584e-02 3.441794e-01 9.279791e-01 -1.175673e-01
7.970585e-02 3.559673e-01 9.212665e-01 -1.349160e-01
7.829766e-02 3.675862e-01 9.141040e-01 -1.521961e-01
7.685208e-02 3.790305e-01 9.064952e-01 -1.693991e-01
7.536995e-02 3.902946e-01 8.984436e-01 -1.865169e-01
7.385211e-02 4.013730e-01 8.899532e-01 -2.035411e-01
7.229948e-02 4.122602e-01 8.810279e-01 -2.204635e-01
7.071299e-02 4.229511e-01 8.716720e-01 -2.372759e-01
6.909358e-02 4.334404e-01 8.618902e-01 -2.539702e-01
6.744221e-02 4.437228e-01 8.516870e-01 -2.705382e-01
6.575985e-02 4.537934e-01 8.410674e-01 -2.869719e-01
6.404749e-02 4.636472e-01 8.300365e-01 -3.032633e-01
6.230614e-02 4.732794e-01 8.185996e-01 -3.194046e-01
6.053680e-02 4.826852e-01 8.067622e-01 -3.353879e-01
5.874049e-02 4.918599e-01 7.945301e-01 -3.512054e-01
5.691826e-02 5.007990e-01 7.819092e-01 -3.668496e-01
5.507116e-02 5.094982e-01 7.689056e-01 -3.823127e-01
5.320022e-02 5.179529e-01 7.555255e-01 -3.975873e-01
5.130653e-02 5.261592e-01 7.417755e-01 -4.126660e-01
4.939115e-02 5.341128e-01 7.276622e-01 -4.275415e-01
4.745517e-02 5.418098e-01 7.131924e-01 -4.422066e-01
4.549965e-02 5.492464e-01 6.983733e-01 -4.566541e-01
4.352570e-02 5.564188e-01 6.832118e-01 -4.708771e-01
4.153441e-02 5.633235e-01 6.677155e-01 -4.848686e-01
3.952688e-02 5.699570e-01 6.518917e-01 -4.986219e-01
3.750420e-02 5.763160e-01 6.357483e-01 -5.121303e-01
3.546748e-02 5.823972e-01 6.192930e-01 -5.253873e-01
3.341783e-02 5.881976e-01 6.025337e-01 -5.383864e-01
3.135634e-02 5.937143e-01 5.854788e-01 -5.511213e-01
2.928412e-02 5.989445e-01 5.681363e-01 -5.635859e-01
2.720228e-02 6.038855e-01 5.505147e-01 -5.757741e-01
2.511193e-02 6.085349e-01 5.326227e-01 -5.876800e-01
2.301415e-02 6.128901e-01 5.144688e-01 -5.992978e-01
2.091006e-02 6.169491e-01 4.960619e-01 -6.106219e-01
1.880075e-02 6.207097e-01 4.774109e-01 -6.216468e-01
1.668732e-02 6.241700e-01 4.585250e-01 -6.323672e-01
1.457085e-02 6.273281e-01 4.394132e-01 -6.427777e-01
1.245242e-02 6.301825e-01 4.200848e-01 -6.528734e-01
1.033314e-02 6.327316e-01 4.005493e-01 -6.626494e-01
8.214114e-03 6.349740e-01 3.808162e-01 -6.721009e-01
6.096481e-03 6.369085e-01 3.608952e-01 -6.812233e-01
3.981372e-03 6.385339e-01 3.407960e-01 -6.900121e-01
1.869912e-03 6.398495e-01 3.205284e-01 -6.984631e-01
-2.367800e-04 6.408543e-01 3.001024e-01 -7.065722e-01
-2.337591e-03 6.415477e-01 2.795280e-01 -7.143355e-01
-4.431417e-03 6.419292e-01 2.588152e-01 -7.217492e-01
-6.517151e-03 6.419986e-01 2.379743e-01 -7.288097e-01
-8.593689e-03 6.417556e-01 2.170154e-01 -7.355136e-01
-1.065994e-02 6.412001e-01 1.959489e-01 -7.418577e-01
-1.271480e-02 6.403324e-01 1.747851e-01 -7.478388e-01
-1.475722e-02 6.391526e-01 1.535344e-01 -7.534543e-01
-1.678612e-02 6.376613e-01 1.322073e-01 -7.587013e-01
-1.880045e-02 6.358589e-01 1.108141e-01 -7.635773e-01
-2.079918e-02 6.337463e-01 8.936547e-02 -7.680800e-01
-2.278127e-02 6.313243e-01 6.787190e-02 -7.722072e-01
-2.474572e-02 6.285940e-01 4.634394e-02 -7.759571e-01
-2.669153e-02 6.255567e-01 2.479219e-02 -7.793278e-01
-2.861772e-02 6.222135e-01 3.227232e-03 -7.823177e-01
-3.052331e-02 6.185662e-01 -1.834033e-02 -7.849254e-01
-3.240735e-02 6.146162e-01 -3.989989e-02 -7.871497e-01
-3.426892e-02 6.103656e-01 -6.144084e-02 -7.889896e-01
-3.610708e-02 6.058161e-01 -8.295260e-02 -7.904442e-01
-3.792094e-02 6.009699e-01 -1.044246e-01 -7.915129e-01
-3.970960e-02 5.958294e-01 -1.258462e-01 -7.921952e-01
-4.147221e-02 5.903969e-01 -1.472070e-01 -7.924908e-01
-4.320791e-02 5.846750e-01 -1.684963e-01 -7.923997e-01
-4.491587e-02 5.786663e-01 -1.897038e-01 -7.919219e-01
-4.659528e-02 5.723739e-01 -2.108190e-01 -7.910578e-01
-4.824534e-02 5.658006e-01 -2.318315e-01 -7.898078e-01
-4.986528e-02 5.589496e-01 -2.527309e-01 -7.881725e-01
-5.145436e-02 5.518241e-01 -2.735069e-01 -7.861530e-01
-5.301182e-02 5.444278e-01 -2.941493e-01 -7.837502e-01
-5.453697e-02 5.367640e-01 -3.146480e-01 -7.809653e-01
-5.602910e-02 5.288365e-01 -3.349928e-01 -7.777998e-01
-5.748755e-02 5.206491e-01 -3.551737e-01 -7.742554e-01
-5.891166e-02 5.122058e-01 -3.751807e-01 -7.703337e-01
-6.030081e-02 5.035108e-01 -3.950041e-01 -7.660369e-01
-6.165438e-02 4.945682e-01 -4.146339e-01 -7.613670e-01
-6.297180e-02 4.853825e-01 -4.340606e-01 -7.563265e-01
-6.425247e-02 4.759580e-01 -4.532746e-01 -7.509180e-01
-6.549580e-02 4.662992e-01 -4.722665e-01 -7.451441e-01
-6.670122e-02 4.564110e-01 -4.910269e-01 -7.390079e-01
-6.786818e-02 4.462978e-01 -5.095466e-01 -7.325124e-01
-6.899617e-02 4.359648e-01 -5.278166e-01 -7.256610e-01
-7.008468e-02 4.254167e-01 -5.458280e-01 -7.184571e-01
-7.113325e-02 4.146587e-01 -5.635718e-01 -7.109044e-01
-7.214143e-02 4.036959e-01 -5.810394e-01 -7.030067e-01
-7.310881e-02 3.925337e-01 -5.982224e-01 -6.947679e-01
-7.403498e-02 3.811775e-01 -6.151121e-01 -6.861921e-01
-7.491959e-02 3.696326e-01 -6.317005e-01 -6.772838e-01
-7.576228e-02 3.579047e-01 -6.479793e-01 -6.680472e-01
-7.656275e-02 3.459995e-01 -6.639407e-01 -6.584871e-01
-7.732069e-02 3.339226e-01 -6.795768e-01 -6.486082e-01
-7.803585e-02 3.216800e-01 -6.948800e-01 -6.384154e-01
-7.870797e-02 3.092776e-01 -7.098427e-01 -6.279138e-01
-7.933685e-02 2.967214e-01 -7.244578e-01 -6.171086e-01
-7.992229e-02 2.840174e-01 -7.387180e-01 -6.060052e-01
-8.046411e-02 2.711718e-01 -7.526164e-01 -5.946090e-01
-8.096216e-02 2.581909e-01 -7.661463e-01 -5.829258e-01
-8.141632e-02 2.450808e-01 -7.793010e-01 -5.709613e-01
-8.182649e-02 2.318480e-01 -7.920741e-01 -5.587214e-01
-8.219257e-02 2.184988e-01 -8.044594e-01 -5.462122e-01
-8.251452e-02 2.050398e-01 -8.164508e-01 -5.334398e-01
-8.279230e-02 1.914774e-01 -8.280426e-01 -5.204106e-01
-8.302591e-02 1.778183e-01 -8.392291e-01 -5.071310e-01
-8.321535e-02 1.640691e-01 -8.500048e-01 -4.936075e-01
-8.336067e-02 1.502364e-01 -8.603646e-01 -4.798467e-01
-8.346192e-02 1.363270e-01 -8.703032e-01 -4.658555e-01
-8.351919e-02 1.223477e-01 -8.798160e-01 -4.516407e-01
-8.353258e-02 1.083052e-01 -8.888984e-01 -4.372093e-01
-8.350221e-02 9.420646e-02 -8.975458e-01 -4.225684e-01
-8.342824e-02 8.005825e-02 -9.057541e-01 -4.077252e-01
-8.331084e-02 6.586749e-02 -9.135194e-01 -3.926869e-01
-8.315019e-02 5.164109e-02 -9.208379e-01 -3.774610e-01
-8.294652e-02 3.738598e-02 -9.277060e-01 -3.620548e-01
-8.270005e-02 2.310911e-02 -9.341205e-01 -3.464759e-01
-8.241104e-02 8.817438e-03 -9.400782e-01 -3.307320e-01
-8.207977e-02 -5.482083e-03 -9.455763e-01 -3.148306e-01
-8.170654e-02 -1.978249e-02 -9.506121e-01 -2.987797e-01
-8.129165e-02 -3.407681e-02 -9.551832e-01 -2.825870e-01
-8.083545e-02 -4.835808e-02 -9.592875e-01 -2.662604e-01
-8.033829e-02 -6.261936e-02 -9.629229e-01 -2.498079e-01
-7.980054e-02 -7.685371e-02 -9.660878e-01 -2.332375e-01
-7.922259e-02 -9.105421e-02 -9.687806e-01 -2.165572e-01
-7.860485e-02 -1.052139e-01 -9.710001e-01 -1.997751e-01
-7.794776e-02 -1.193260e-01 -9.727452e-01 -1.828995e-01
-7.725176e-02 -1.333836e-01 -9.740151e-01 -1.659384e-01
-7.651733e-02 -1.473799e-01 -9.748092e-01 -1.489002e-01
-7.574495e-02 -1.613082e-01 -9.751271e-01 -1.317931e-01
-7.493515e-02 -1.751616e-01 -9.749688e-01 -1.146253e-01
-7.408845e-02 -1.889336e-01 -9.743342e-01 -9.740526e-02
-7.320540e-02 -2.026173e-01 -9.732238e-01 -8.014126e-02
-7.228656e-02 -2.162061e-01 -9.716380e-01 -6.284166e-02
-7.133250e-02 -2.296936e-01 -9.695777e-01 -4.551483e-02
-7.034383e-02 -2.430730e-01 -9.670438e-01 -2.816917e-02
-6.932115e-02 -2.563380e-01 -9.640376e-01 -1.081305e-02
-6.826508e-02 -2.694821e-01 -9.605605e-01 6.545131e-03
-6.717627e-02 -2.824989e-01 -9.566142e-01 2.389698e-02
-6.605537e-02 -2.953821e-01 -9.522005e-01 4.123412e-02
-6.490304e-02 -3.081254e-01 -9.473217e-01 5.854817e-02
-6.371995e-02 -3.207226e-01 -9.419801e-01 7.583077e-02
-6.250681e-02 -3.331676e-01 -9.361782e-01 9.307357e-02
-6.126430e-02 -3.454543e-01 -9.299188e-01 1.102683e-01
-5.999315e-02 -3.575768e-01 -9.232049e-01 1.274065e-01
-5.869410e-02 -3.695292e-01 -9.160397e-01 1.444801e-01
-5.736793e-02 -3.813056e-01 -9.084267e-01 1.614806e-01
-5.601544e-02 -3.929001e-01 -9.003695e-01 1.784000e-01
-5.463744e-02 -4.043072e-01 -8.918720e-01 1.952299e-01
-5.323475e-02 -4.155212e-01 -8.829384e-01 2.119622e-01
-5.180818e-02 -4.265366e-01 -8.735729e-01 2.285889e-01
-5.035859e-02 -4.373480e-01 -8.637800e-01 2.451018e-01
-4.888681e-02 -4.479500e-01 -8.535645e-01 2.614929e-01
-4.739371e-02 -4.583374e-01 -8.429313e-01 2.777543e-01
-4.588015e-02 -4.685050e-01 -8.318856e-01 2.938782e-01
-4.434701e-02 -4.784478e-01 -8.204328e-01 3.098566e-01
-4.279516e-02 -4.881609e-01 -8.085783e-01 3.256819e-01
-4.122549e-02 -4.976395e-01 -7.963279e-01 3.413463e-01
-3.963890e-02 -5.068788e-01 -7.836876e-01 3.568424e-01
-3.803628e-02 -5.158742e-01 -7.706635e-01 3.721624e-01
-3.641854e-02 -5.246212e-01 -7.572619e-01 3.872992e-01
-3.478658e-02 -5.331156e-01 -7.434894e-01 4.022452e-01
-3.314131e-02 -5.413529e-01 -7.293526e-01 4.169934e-01
-3.148365e-02 -5.493292e-01 -7.148584e-01 4.315364e-01
-2.981450e-02 -5.570404e-01 -7.000138e-01 4.458673e-01
-2.813478e-02 -5.644827e-01 -6.848262e-01 4.599792e-01
-2.644540e-02 -5.716523e-01 -6.693027e-01 4.738651e-01
-2.474728e-02 -5.785456e-01 -6.534511e-01 4.875184e-01
-2.304133e-02 -5.851592e-01 -6.372790e-01 5.009324e-01
-2.132847e-02 -5.914897e-01 -6.207942e-01 5.141007e-01
-1.960959e-02 -5.975340e-01 -6.040049e-01 5.270169e-01
-1.788562e-02 -6.032889e-01 -5.869190e-01 5.396746e-01
-1.615745e-02 -6.087516e-01 -5.695451e-01 5.520678e-01
-1.442598e-02 -6.139192e-01 -5.518914e-01 5.641905e-01
-1.269212e-02 -6.187893e-01 -5.339667e-01 5.760367e-01
-1.095674e-02 -6.233592e-01 -5.157796e-01 5.876008e-01
-9.220757e-03 -6.276266e-01 -4.973390e-01 5.988771e-01
-7.485055e-03 -6.315894e-01 -4.786538e-01 6.098601e-01
-5.750570e-03 -6.352455e-01 -4.597333e-01 6.205445e-01
-4.018230e-03 -6.385928e-01 -4.405866e-01 6.309251e-01
-2.288958e-03 -6.416297e-01 -4.212232e-01 6.409969e-01
-5.636715e-04 -6.443546e-01 -4.016525e-01 6.507550e-01
1.156719e-03 -6.467659e-01 -3.818842e-01 6.601947e-01
2.871308e-03 -6.488623e-01 -3.619280e-01 6.693113e-01
4.579198e-03 -6.506426e-01 -3.417935e-01 6.781006e-01
6.279500e-03 -6.521059e-01 -3.214908e-01 6.865582e-01
7.971332e-03 -6.532513e-01 -3.010297e-01 6.946800e-01
9.653820e-03 -6.540781e-01 -2.804203e-01 7.024621e-01
1.132609e-02 -6.545858e-01 -2.596727e-01 7.099009e-01
1.298727e-02 -6.547739e-01 -2.387971e-01 7.169926e-01
1.463651e-02 -6.546422e-01 -2.178038e-01 7.237340e-01
1.627296e-02 -6.541907e-01 -1.967030e-01 7.301216e-01
1.789577e-02 -6.534194e-01 -1.755052e-01 7.361526e-01
1.950413e-02 -6.523287e-01 -1.542207e-01 7.418240e-01
2.109722e-02 -6.509187e-01 -1.328601e-01 7.471331e-01
2.267424e-02 -6.491903e-01 -1.114337e-01 7.520774e-01
2.423440e-02 -6.471440e-01 -8.995216e-02 7.566545e-01
2.577694e-02 -6.447807e-01 -6.842601e-02 7.608622e-01
2.730107e-02 -6.421015e-01 -4.686582e-02 7.646985e-01
2.880607e-02 -6.391077e-01 -2.528218e-02 7.681617e-01
3.029119e-02 -6.358004e-01 -3.685707e-03 7.712501e-01
3.175572e-02 -6.321813e-01 1.791299e-02 7.739622e-01
3.319895e-02 -6.282520e-01 3.950329e-02 7.762968e-01
3.462019e-02 -6.240143e-01 6.107458e-02 7.782528e-01
3.601878e-02 -6.194703e-01 8.261625e-02 7.798293e-01
3.739405e-02 -6.146220e-01 1.041177e-01 7.810256e-01
3.874536e-02 -6.094718e-01 1.255684e-01 7.818411e-01
4.007208e-02 -6.040221e-01 1.469577e-01 7.822755e-01
4.137361e-02 -5.982755e-01 1.682752e-01 7.823287e-01
4.264936e-02 -5.922346e-01 1.895103e-01 7.820006e-01
4.389874e-02 -5.859026e-01 2.106526e-01 7.812916e-01
4.512121e-02 -5.792823e-01 2.316917e-01 7.802020e-01
4.631622e-02 -5.723769e-01 2.526172e-01 7.787323e-01
4.748324e-02 -5.651899e-01 2.734189e-01 7.768834e-01
4.862177e-02 -5.577246e-01 2.940864e-01 7.746563e-01
4.973132e-02 -5.499848e-01 3.146096e-01 7.720520e-01
5.081143e-02 -5.419741e-01 3.349784e-01 7.690720e-01
5.186164e-02 -5.336965e-01 3.551828e-01 7.657177e-01
5.288151e-02 -5.251560e-01 3.752127e-01 7.619909e-01
5.387062e-02 -5.163568e-01 3.950585e-01 7.578934e-01
5.482854e-02 -5.073032e-01 4.147102e-01 7.534274e-01
5.575483e-02 -4.979993e-01 4.341583e-01 7.485951e-01
5.664910e-02 -4.884498e-01 4.533932e-01 7.433991e-01
5.751095e-02 -4.786593e-01 4.724055e-01 7.378420e-01
5.834003e-02 -4.686324e-01 4.911859e-01 7.319266e-01
5.913600e-02 -4.583740e-01 5.097253e-01 7.256559e-01
5.989852e-02 -4.478889e-01 5.280144e-01 7.190330e-01
6.062731e-02 -4.371824e-01 5.460444e-01 7.120614e-01
6.132209e-02 -4.262596e-01 5.638064e-01 7.047444e-01
6.198260e-02 -4.151257e-01 5.812918e-01 6.970858e-01
6.260861e-02 -4.037861e-01 5.984920e-01 6.890895e-01
6.319990e-02 -3.922464e-01 6.153985e-01 6.807593e-01
6.375627e-02 -3.805121e-01 6.320032e-01 6.720995e-01
6.427757e-02 -3.685889e-01 6.482978e-01 6.631143e-01
6.476363e-02 -3.564825e-01 6.642746e-01 6.538082e-01
6.521431e-02 -3.441990e-01 6.799255e-01 6.441859e-01
6.562951e-02 -3.317441e-01 6.952430e-01 6.342521e-01
6.600912e-02 -3.191240e-01 7.102197e-01 6.240117e-01
6.635308e-02 -3.063447e-01 7.248482e-01 6.134699e-01
6.666132e-02 -2.934125e-01 7.391213e-01 6.026318e-01
6.693380e-02 -2.803336e-01 7.530322e-01 5.915027e-01
6.717052e-02 -2.671143e-01 7.665740e-01 5.800882e-01
6.737146e-02 -2.537612e-01 7.797401e-01 5.683939e-01
6.753666e-02 -2.402807e-01 7.925242e-01 5.564256e-01
6.766614e-02 -2.266793e-01 8.049199e-01 5.441891e-01
6.775997e-02 -2.129638e-01 8.169212e-01 5.316905e-01
6.781821e-02 -1.991407e-01 8.285223e-01 5.189359e-01
6.784097e-02 -1.852168e-01 8.397176e-01 5.059316e-01
6.782834e-02 -1.711988e-01 8.505015e-01 4.926839e-01
6.778046e-02 -1.570938e-01 8.608689e-01 4.791994e-01
6.769748e-02 -1.429084e-01 8.708147e-01 4.654847e-01
6.757954e-02 -1.286497e-01 8.803340e-01 4.515465e-01
6.742684e-02 -1.143246e-01 8.894223e-01 4.373916e-01
6.723957e-02 -9.994003e-02 8.980751e-01 4.230270e-01
6.701793e-02 -8.550314e-02 9.062883e-01 4.084597e-01
6.676216e-02 -7.102093e-02 9.140578e-01 3.936969e-01
6.647251e-02 -5.650047e-02 9.213799e-01 3.787456e-01
6.614923e-02 -4.194885e-02 9.282510e-01 3.636133e-01
6.579259e-02 -2.737320e-02 9.346679e-01 3.483073e-01
6.540289e-02 -1.278062e-02 9.406274e-01 3.328351e-01
6.498044e-02 1.821768e-03 9.461267e-01 3.172042e-01
6.452556e-02 1.642682e-02 9.511631e-01 3.014223e-01
6.403857e-02 3.102742e-02 9.557342e-01 2.854970e-01
6.351983e-02 4.561644e-02 9.598378e-01 2.694360e-01
6.296970e-02 6.018676e-02 9.634719e-01 2.532473e-01
6.238856e-02 7.473128e-02 9.666349e-01 2.369386e-01
6.177680e-02 8.924291e-02 9.693251e-01 2.205179e-01
6.113482e-02 1.037146e-01 9.715414e-01 2.039932e-01
6.046305e-02 1.181393e-01 9.732825e-01 1.873724e-01
5.976193e-02 1.325100e-01 9.745479e-01 1.706636e-01
5.903191e-02 1.468197e-01 9.753367e-01 1.538750e-01
5.827346e-02 1.610614e-01 9.756487e-01 1.370146e-01
5.748705e-02 1.752283e-01 9.754837e-01 1.200906e-01
5.667318e-02 1.893134e-01 9.748419e-01 1.031112e-01
5.583235e-02 2.033099e-01 9.737234e-01 8.608471e-02
5.496508e-02 2.172110e-01 9.721289e-01 6.901926e-02
5.407189e-02 2.310098e-01 9.700591e-01 5.192314e-02
5.315332e-02 2.446997e-01 9.675151e-01 3.480461e-02
5.220992e-02 2.582740e-01 9.644980e-01 1.767196e-02
5.124223e-02 2.717261e-01 9.610093e-01 5.334647e-04
5.025083e-02 2.850494e-01 9.570507e-01 -1.660259e-02
4.923630e-02 2.982374e-01 9.526241e-01 -3.372794e-02
4.819921e-02 3.112838e-01 9.477316e-01 -5.083428e-02
4.714017e-02 3.241820e-01 9.423755e-01 -6.791337e-02
4.605981e-02 3.369259e-01 9.365585e-01 -8.495691e-02
4.495879e-02 3.495091e-01 9.302833e-01 -1.019567e-01
4.383776e-02 3.619254e-01 9.235529e-01 -1.189044e-01
4.269739e-02 3.741688e-01 9.163707e-01 -1.357918e-01
4.153835e-02 3.862331e-01 9.087400e-01 -1.526108e-01
4.036132e-02 3.981126e-01 9.006647e-01 -1.693532e-01
3.916700e-02 4.098012e-01 8.921485e-01 -1.860109e-01
3.795608e-02 4.212932e-01 8.831956e-01 -2.025758e-01
3.672927e-02 4.325830e-01 8.738103e-01 -2.190399e-01
3.548727e-02 4.436648e-01 8.639973e-01 -2.353952e-01
3.423079e-02 4.545333e-01 8.537612e-01 -2.516338e-01
3.296055e-02 4.651830e-01 8.431071e-01 -2.677477e-01
3.167727e-02 4.756087e-01 8.320401e-01 -2.837292e-01
3.038168e-02 4.858051e-01 8.205656e-01 -2.995705e-01
2.907451e-02 4.957672e-01 8.086892e-01 -3.152640e-01
2.775648e-02 5.054900e-01 7.964166e-01 -3.308021e-01
2.642833e-02 5.149687e-01 7.837539e-01 -3.461771e-01
2.509080e-02 5.241985e-01 7.707073e-01 -3.613817e-01
2.374460e-02 5.331748e-01 7.572830e-01 -3.764085e-01
2.239050e-02 5.418931e-01 7.434876e-01 -3.912502e-01
2.102921e-02 5.503492e-01 7.293278e-01 -4.058996e-01
1.966147e-02 5.585386e-01 7.148106e-01 -4.203496e-01
1.828801e-02 5.664574e-01 6.999430e-01 -4.345933e-01
1.690957e-02 5.741016e-01 6.847322e-01 -4.486236e-01
1.552687e-02 5.814673e-01 6.691858e-01 -4.624339e-01
1.414064e-02 5.885509e-01 6.533111e-01 -4.760173e-01
1.275160e-02 5.953487e-01 6.371161e-01 -4.893674e-01
1.136050e-02 6.018573e-01 6.206085e-01 -5.024776e-01
9.968066e-03 6.080735e-01 6.037966e-01 -5.153416e-01
8.575023e-03 6.139940e-01 5.866884e-01 -5.279532e-01
7.182091e-03 6.196160e-01 5.692923e-01 -5.403061e-01
5.790018e-03 6.249365e-01 5.516168e-01 -5.523945e-01
4.399550e-03 6.299527e-01 5.336707e-01 -5.642125e-01
3.011432e-03 6.346622e-01 5.154627e-01 -5.757543e-01
1.626403e-03 6.390623e-01 4.970018e-01 -5.870144e-01
2.451949e-04 6.431509e-01 4.782971e-01 -5.979872e-01
-1.131462e-03 6.469259e-01 4.593576e-01 -6.086676e-01
-2.502847e-03 6.503851e-01 4.401928e-01 -6.190503e-01
-3.868243e-03 6.535269e-01 4.208120e-01 -6.291303e-01
-5.226942e-03 6.563495e-01 4.012248e-01 -6.389027e-01
-6.578241e-03 6.588515e-01 3.814407e-01 -6.483629e-01
-7.921447e-03 6.610315e-01 3.614695e-01 -6.575062e-01
-9.255874e-03 6.628883e-01 3.413211e-01 -6.663283e-01
-1.058084e-02 6.644208e-01 3.210052e-01 -6.748249e-01
-1.189568e-02 6.656283e-01 3.005319e-01 -6.829920e-01
-1.319972e-02 6.665100e-01 2.799112e-01 -6.908255e-01
-1.449230e-02 6.670654e-01 2.591533e-01 -6.983218e-01
-1.577277e-02 6.672940e-01 2.382685e-01 -7.054772e-01
-1.704049e-02 6.671956e-01 2.172668e-01 -7.122884e-01
-1.829482e-02 6.667702e-01 1.961587e-01 -7.187521e-01
-1.953516e-02 6.660179e-01 1.749546e-01 -7.248651e-01
-2.076090e-02 6.649389e-01 1.536648e-01 -7.306246e-01
-2.197143e-02 6.635337e-01 1.322998e-01 -7.360279e-01
-2.316619e-02 6.618029e-01 1.108701e-01 -7.410723e-01
-2.434460e-02 6.597471e-01 8.938619e-02 -7.457554e-01
-2.550611e-02 6.573674e-01 6.785869e-02 -7.500751e-01
-2.665017e-02 6.546648e-01 4.629813e-02 -7.540294e-01
-2.777625e-02 6.516405e-01 2.471510e-02 -7.576162e-01
-2.888383e-02 6.482959e-01 3.120204e-03 -7.608340e-01
-2.997241e-02 6.446327e-01 -1.847596e-02 -7.636812e-01
-3.104150e-02 6.406524e-01 -4.006279e-02 -7.661566e-01
-3.209062e-02 6.363571e-01 -6.162969e-02 -7.682589e-01
-3.311932e-02 6.317486e-01 -8.316605e-02 -7.699871e-01
-3.412713e-02 6.268293e-01 -1.046613e-01 -7.713406e-01
-3.511362e-02 6.216015e-01 -1.261049e-01 -7.723187e-01
-3.607838e-02 6.160676e-01 -1.474863e-01 -7.729210e-01
-3.702100e-02 6.102304e-01 -1.687950e-01 -7.731472e-01
-3.794108e-02 6.040927e-01 -1.900206e-01 -7.729972e-01
-3.883824e-02 5.976573e-01 -2.111525e-01 -7.724713e-01
-3.971213e-02 5.909276e-01 -2.321804e-01 -7.715697e-01
-4.056238e-02 5.839066e-01 -2.530941e-01 -7.702929e-01
-4.138867e-02 5.765978e-01 -2.738832e-01 -7.686416e-01
-4.219067e-02 5.690048e-01 -2.945374e-01 -7.666167e-01
-4.296808e-02 5.611313e-01 -3.150467e-01 -7.642192e-01
-4.372059e-02 5.529811e-01 -3.354010e-01 -7.614503e-01
-4.444789e-02 5.445581e-01 -3.555902e-01 -7.583115e-01
-4.514968e-02 5.358664e-01 -3.756046e-01 -7.548045e-01
-4.582566e-02 5.269102e-01 -3.954343e-01 -7.509310e-01
-4.647557e-02 5.176937e-01 -4.150697e-01 -7.466930e-01
-4.709915e-02 5.082214e-01 -4.345010e-01 -7.420927e-01
-4.769615e-02 4.984978e-01 -4.537188e-01 -7.371325e-01
-4.826637e-02 4.885276e-01 -4.727137e-01 -7.318147e-01
-4.880958e-02 4.783158e-01 -4.914765e-01 -7.261422e-01
-4.932561e-02 4.678670e-01 -5.099979e-01 -7.201178e-01
-4.981429e-02 4.571866e-01 -5.282689e-01 -7.137443e-01
-5.027544e-02 4.462795e-01 -5.462805e-01 -7.070252e-01
-5.070895e-02 4.351511e-01 -5.640240e-01 -6.999636e-01
-5.111467e-02 4.238068e-01 -5.814906e-01 -6.925631e-01
-5.149250e-02 4.122521e-01 -5.986720e-01 -6.848274e-01
-5.184234e-02 4.004925e-01 -6.155596e-01 -6.767603e-01
-5.216412e-02 3.885338e-01 -6.321452e-01 -6.683658e-01
-5.245777e-02 3.763817e-01 -6.484207e-01 -6.596481e-01
-5.272324e-02 3.640422e-01 -6.643782e-01 -6.506114e-01
-5.296050e-02 3.515213e-01 -6.800098e-01 -6.412602e-01
-5.316954e-02 3.388249e-01 -6.953080e-01 -6.315991e-01
-5.335035e-02 3.259594e-01 -7.102653e-01 -6.216328e-01
-5.350296e-02 3.129310e-01 -7.248744e-01 -6.113663e-01
-5.362740e-02 2.997460e-01 -7.391281e-01 -6.008046e-01
-5.372370e-02 2.864108e-01 -7.530194e-01 -5.899529e-01
-5.379195e-02 2.729320e-01 -7.665417e-01 -5.788164e-01
-5.383220e-02 2.593161e-01 -7.796882e-01 -5.674007e-01
-5.384456e-02 2.455697e-01 -7.924526e-01 -5.557114e-01
-5.382912e-02 2.316997e-01 -8.048286e-01 -5.437541e-01
-5.378601e-02 2.177127e-01 -8.168103e-01 -5.315347e-01
-5.371537e-02 2.036156e-01 -8.283917e-01 -5.190593e-01
-5.361733e-02 1.894154e-01 -8.395672e-01 -5.063338e-01
-5.349206e-02 1.751188e-01 -8.503314e-01 -4.933646e-01
-5.333973e-02 1.607330e-01 -8.606789e-01 -4.801578e-01
-5.316054e-02 1.462650e-01 -8.706049e-01 -4.667201e-01
-5.295467e-02 1.317219e-01 -8.801043e-01 -4.530580e-01
-5.272234e-02 1.171107e-01 -8.891727e-01 -4.391781e-01
-5.246378e-02 1.024387e-01 -8.978055e-01 -4.250872e-01
-5.217921e-02 8.771299e-02 -9.059987e-01 -4.107921e-01
-5.186890e-02 7.294082e-02 -9.137481e-01 -3.962999e-01
-5.153308e-02 5.812941e-02 -9.210501e-01 -3.816176e-01
-5.117204e-02 4.328602e-02 -9.279011e-01 -3.667523e-01
-5.078606e-02 2.841790e-02 -9.342978e-01 -3.517113e-01
-5.037541e-02 1.353234e-02 -9.402370e-01 -3.365019e-01
-4.994041e-02 -1.363379e-03 -9.457160e-01 -3.211315e-01
-4.948136e-02 -1.626197e-02 -9.507319e-01 -3.056075e-01
-4.899858e-02 -3.115616e-02 -9.552825e-01 -2.899376e-01
-4.849241e-02 -4.603866e-02 -9.593654e-01 -2.741293e-01
-4.796317e-02 -6.090219e-02 -9.629788e-01 -2.581903e-01
-4.741122e-02 -7.573950e-02 -9.661209e-01 -2.421282e-01
-4.683691e-02 -9.054334e-02 -9.687901e-01 -2.259511e-01
-4.624063e-02 -1.053065e-01 -9.709852e-01 -2.096665e-01
-4.562276e-02 -1.200218e-01 -9.727051e-01 -1.932826e-01
-4.498368e-02 -1.346819e-01 -9.739489e-01 -1.768071e-01
-4.432379e-02 -1.492799e-01 -9.747161e-01 -1.602481e-01
-4.364351e-02 -1.638084e-01 -9.750062e-01 -1.436136e-01
-4.294324e-02 -1.782605e-01 -9.748192e-01 -1.269116e-01
-4.222342e-02 -1.926291e-01 -9.741551e-01 -1.101503e-01
-4.148446e-02 -2.069070e-01 -9.730142e-01 -9.333781e-02
-4.072682e-02 -2.210874e-01 -9.713970e-01 -7.648218e-02
-3.995092e-02 -2.351634e-01 -9.693044e-01 -5.959161e-02
-3.915722e-02 -2.491279e-01 -9.667372e-01 -4.267426e-02
-3.834618e-02 -2.629742e-01 -9.636969e-01 -2.573834e-02
-3.751827e-02 -2.766956e-01 -9.601847e-01 -8.792035e-03
-3.667399e-02 -2.902851e-01 -9.562024e-01 8.156433e-03
-3.581383e-02 -3.037362e-01 -9.517519e-01 2.509884e-02
-3.493832e-02 -3.170422e-01 -9.468354e-01 4.202698e-02
-3.404797e-02 -3.301966e-01 -9.414552e-01 5.893263e-02
-3.314329e-02 -3.431928e-01 -9.356139e-01 7.580760e-02
-3.222484e-02 -3.560244e-01 -9.293144e-01 9.264368e-02
-3.129312e-02 -3.686851e-01 -9.225598e-01 1.094327e-01
-3.034870e-02 -3.811685e-01 -9.153532e-01 1.261666e-01
-2.939211e-02 -3.934686e-01 -9.076983e-01 1.428371e-01
-2.842389e-02 -4.055791e-01 -8.995987e-01 1.594362e-01
-2.744461e-02 -4.174942e-01 -8.910583e-01 1.759559e-01
-2.645481e-02 -4.292077e-01 -8.820815e-01 1.923881e-01
-2.545505e-02 -4.407140e-01 -8.726724e-01 2.087248e-01
-2.444589e-02 -4.520073e-01 -8.628358e-01 2.249581e-01
-2.342790e-02 -4.630820e-01 -8.525764e-01 2.410802e-01
-2.240163e-02 -4.739326e-01 -8.418992e-01 2.570832e-01
-2.136764e-02 -4.845536e-01 -8.308095e-01 2.729594e-01
-2.032651e-02 -4.949398e-01 -8.193126e-01 2.887009e-01
-1.927880e-02 -5.050860e-01 -8.074143e-01 3.043003e-01
-1.822506e-02 -5.149871e-01 -7.951202e-01 3.197500e-01
-1.716587e-02 -5.246381e-01 -7.824364e-01 3.350423e-01
-1.610178e-02 -5.340344e-01 -7.693692e-01 3.501700e-01
-1.503335e-02 -5.431711e-01 -7.559249e-01 3.651257e-01
-1.396115e-02 -5.520437e-01 -7.421100e-01 3.799021e-01
-1.288573e-02 -5.606477e-01 -7.279314e-01 3.944921e-01
-1.180764e-02 -5.689790e-01 -7.133959e-01 4.088885e-01
-1.072744e-02 -5.770332e-01 -6.985107e-01 4.230845e-01
-9.645665e-03 -5.848063e-01 -6.832831e-01 4.370730e-01
-8.562875e-03 -5.922945e-01 -6.677204e-01 4.508474e-01
-7.479617e-03 -5.994940e-01 -6.518304e-01 4.644008e-01
-6.396464e-03 -6.064012e-01 -6.356208e-01 4.777269e-01
-5.313986e-03 -6.130124e-01 -6.190995e-01 4.908190e-01
-4.232749e-03 -6.193244e-01 -6.022748e-01 5.036709e-01
-3.153318e-03 -6.253340e-01 -5.851549e-01 5.162763e-01
-2.076251e-03 -6.310380e-01 -5.677482e-01 5.286291e-01
-1.002105e-03 -6.364336e-01 -5.500633e-01 5.407233e-01
6.857074e-05 -6.415179e-01 -5.321088e-01 5.525531e-01
1.135230e-03 -6.462885e-01 -5.138937e-01 5.641128e-01
2.197333e-03 -6.507427e-01 -4.954268e-01 5.753967e-01
3.254344e-03 -6.548784e-01 -4.767172e-01 5.863994e-01
4.305734e-03 -6.586935e-01 -4.577742e-01 5.971157e-01
5.350982e-03 -6.621858e-01 -4.386071e-01 6.075402e-01
6.389571e-03 -6.653537e-01 -4.192253e-01 6.176681e-01
7.420992e-03 -6.681954e-01 -3.996382e-01 6.274944e-01
8.444743e-03 -6.707094e-01 -3.798557e-01 6.370143e-01
9.460328e-03 -6.728945e-01 -3.598873e-01 6.462234e-01
1.046726e-02 -6.747495e-01 -3.397428e-01 6.551171e-01
1.146504e-02 -6.762733e-01 -3.194323e-01 6.636911e-01
1.245320e-02 -6.774651e-01 -2.989657e-01 6.719415e-01
1.343127e-02 -6.783243e-01 -2.783530e-01 6.798642e-01
1.439877e-02 -6.788503e-01 -2.576045e-01 6.874554e-01
1.535527e-02 -6.790427e-01 -2.367301e-01 6.947115e-01
1.630031e-02 -6.789015e-01 -2.157403e-01 7.016290e-01
1.723347e-02 -6.784265e-01 -1.946454e-01 7.082046e-01
1.815431e-02 -6.776179e-01 -1.734556e-01 7.144351e-01
1.906243e-02 -6.764761e-01 -1.521815e-01 7.203177e-01
1.995742e-02 -6.750015e-01 -1.308333e-01 7.258494e-01
2.083888e-02 -6.731948e-01 -1.094218e-01 7.310276e-01
2.170643e-02 -6.710568e-01 -8.795720e-02 7.358499e-01
2.255970e-02 -6.685885e-01 -6.645022e-02 7.403140e-01
2.339833e-02 -6.657910e-01 -4.491135e-02 7.444178e-01
2.422195e-02 -6.626657e-01 -2.335119e-02 7.481592e-01
2.503023e-02 -6.592140e-01 -1.780290e-03 7.515366e-01
2.582284e-02 -6.554376e-01 1.979075e-02 7.545483e-01
2.659945e-02 -6.513382e-01 4.135133e-02 7.571929e-01
2.735976e-02 -6.469179e-01 6.289090e-02 7.594692e-01
2.810346e-02 -6.421788e-01 8.439887e-02 7.613760e-01
2.883027e-02 -6.371231e-01 1.058647e-01 7.629126e-01
2.953990e-02 -6.317532e-01 1.272778e-01 7.640783e-01
3.023210e-02 -6.260719e-01 1.486277e-01 7.648724e-01
3.090659e-02 -6.200819e-01 1.699040e-01 7.652946e-01
3.156315e-02 -6.137860e-01 1.910961e-01 7.653448e-01
3.220152e-02 -6.071874e-01 2.121937e-01 7.650231e-01
3.282149e-02 -6.002893e-01 2.331864e-01 7.643295e-01
3.342284e-02 -5.930950e-01 2.540640e-01 7.632645e-01
3.400535e-02 -5.856081e-01 2.748161e-01 7.618287e-01
3.456880e-02 -5.778321e-01 2.954327e-01 7.600228e-01
3.511296e-02 -5.697707e-01 3.159035e-01 7.578479e-01
3.563763e-02 -5.614279e-01 3.362188e-01 7.553050e-01
3.614263e-02 -5.528077e-01 3.563684e-01 7.523955e-01
3.662777e-02 -5.439142e-01 3.763425e-01 7.491209e-01
3.709288e-02 -5.347517e-01 3.961314e-01 7.454828e-01
3.753782e-02 -5.253247e-01 4.157255e-01 7.414831e-01
3.796243e-02 -5.156376e-01 4.351150e-01 7.371239e-01
3.836659e-02 -5.056953e-01 4.542906e-01 7.324072e-01
3.875019e-02 -4.955025e-01 4.732429e-01 7.273354e-01
3.911310e-02 -4.850641e-01 4.919626e-01 7.219112e-01
3.945523e-02 -4.743853e-01 5.104407e-01 7.161370e-01
3.977650e-02 -4.634711e-01 5.286679e-01 7.100159e-01
4.007684e-02 -4.523269e-01 5.466355e-01 7.035509e-01
4.035617e-02 -4.409580e-01 5.643348e-01 6.967451e-01
4.061445e-02 -4.293701e-01 5.817569e-01 6.896018e-01
4.085164e-02 -4.175686e-01 5.988935e-01 6.821247e-01
4.106772e-02 -4.055595e-01 6.157362e-01 6.743174e-01
4.126267e-02 -3.933484e-01 6.322766e-01 6.661836e-01
4.143648e-02 -3.809415e-01 6.485069e-01 6.577275e-01
4.158917e-02 -3.683446e-01 6.644189e-01 6.489531e-01
4.172074e-02 -3.555640e-01 6.800050e-01 6.398647e-01
4.183124e-02 -3.426059e-01 6.952576e-01 6.304667e-01
4.192070e-02 -3.294766e-01 7.101691e-01 6.207638e-01
4.198918e-02 -3.161825e-01 7.247323e-01 6.107607e-01
4.203673e-02 -3.027302e-01 7.389400e-01 6.004623e-01
4.206343e-02 -2.891262e-01 7.527854e-01 5.898736e-01
4.206936e-02 -2.753772e-01 7.662616e-01 5.789998e-01
4.205461e-02 -2.614899e-01 7.793621e-01 5.678461e-01
4.201928e-02 -2.474711e-01 7.920804e-01 5.564180e-01
4.196349e-02 -2.333277e-01 8.044104e-01 5.447211e-01
4.188735e-02 -2.190667e-01 8.163460e-01 5.327611e-01
4.179100e-02 -2.046950e-01 8.278814e-01 5.205438e-01
4.167458e-02 -1.902196e-01 8.390110e-01 5.080751e-01
4.153822e-02 -1.756478e-01 8.497292e-01 4.953611e-01
4.138210e-02 -1.609865e-01 8.600310e-01 4.824081e-01
4.120637e-02 -1.462431e-01 8.699112e-01 4.692223e-01
4.101120e-02 -1.314248e-01 8.793650e-01 4.558101e-01
4.079678e-02 -1.165388e-01 8.883878e-01 4.421780e-01
4.056329e-02 -1.015925e-01 8.969753e-01 4.283328e-01
4.031093e-02 -8.659309e-02 9.051231e-01 4.142810e-01
4.003990e-02 -7.154806e-02 9.128275e-01 4.000296e-01
3.975041e-02 -5.646476e-02 9.200845e-01 3.855855e-01
3.944268e-02 -4.135058e-02 9.268907e-01 3.709557e-01
3.911692e-02 -2.621294e-02 9.332427e-01 3.561472e-01
3.877338e-02 -1.105927e-02 9.391374e-01 3.411674e-01
3.841228e-02 4.103013e-03 9.445721e-01 3.260234e-01
3.803386e-02 1.926647e-02 9.495439e-01 3.107227e-01
3.763837e-02 3.442367e-02 9.540506e-01 2.952725e-01
3.722608e-02 4.956719e-02 9.580898e-01 2.796805e-01
3.679724e-02 6.468961e-02 9.616597e-01 2.639542e-01
3.635212e-02 7.978353e-02 9.647585e-01 2.481012e-01
3.589101e-02 9.484154e-02 9.673846e-01 2.321292e-01
3.541419e-02 1.098563e-01 9.695368e-01 2.160460e-01
3.492194e-02 1.248204e-01 9.712140e-01 1.998593e-01
3.441456e-02 1.397265e-01 9.724154e-01 1.835770e-01
3.389235e-02 1.545673e-01 9.731403e-01 1.672070e-01
3.335562e-02 1.693355e-01 9.733885e-01 1.507572e-01
3.280467e-02 1.840239e-01 9.731597e-01 1.342356e-01
3.223981e-02 1.986253e-01 9.724541e-01 1.176503e-01
3.166136e-02 2.131324e-01 9.712720e-01 1.010091e-01
3.106966e-02 2.275382e-01 9.696139e-01 8.432028e-02
3.046506e-02 2.418356e-01 9.674806e-01 6.759186e-02
2.984791e-02 2.560174e-01 9.648732e-01 5.083198e-02
2.921856e-02 2.700767e-01 9.617929e-01 3.404878e-02
2.857738e-02 2.840065e-01 9.582411e-01 1.725042e-02
2.792475e-02 2.977999e-01 9.542197e-01 4.450404e-04
2.726102e-02 3.114501e-01 9.497305e-01 -1.635918e-02
2.658657e-02 3.249503e-01 9.447758e-01 -3.315407e-02
2.590179e-02 3.382937e-01 9.393579e-01 -4.993147e-02
2.520706e-02 3.514739e-01 9.334796e-01 -6.668323e-02
2.450276e-02 3.644841e-01 9.271436e-01 -8.340120e-02
2.378927e-02 3.773180e-01 9.203531e-01 -1.000773e-01
2.306700e-02 3.899691e-01 9.131114e-01 -1.167033e-01
2.233632e-02 4.024312e-01 9.054220e-01 -1.332712e-01
2.159764e-02 4.146980e-01 8.972888e-01 -1.497730e-01
2.085134e-02 4.267635e-01 8.887156e-01 -1.662006e-01
2.009782e-02 4.386217e-01 8.797068e-01 -1.825460e-01
1.933748e-02 4.502665e-01 8.702667e-01 -1.988013e-01
1.857072e-02 4.616923e-01 8.604000e-01 -2.149586e-01
1.779792e-02 4.728934e-01 8.501115e-01 -2.310100e-01
1.701950e-02 4.838640e-01 8.394062e-01 -2.469478e-01
1.623583e-02 4.945989e-01 8.282894e-01 -2.627641e-01
1.544732e-02 5.050925e-01 8.167667e-01 -2.784513e-01
1.465436e-02 5.153398e-01 8.048435e-01 -2.940018e-01
1.385735e-02 5.253355e-01 7.925258e-01 -3.094080e-01
1.305667e-02 5.350748e-01 7.798197e-01 -3.246625e-01
1.225271e-02 5.445527e-01 7.667313e-01 -3.397577e-01
1.144586e-02 5.537645e-01 7.532672e-01 -3.546865e-01
1.063652e-02 5.627056e-01 7.394338e-01 -3.694414e-01
9.825064e-03 5.713715e-01 7.252380e-01 -3.840154e-01
9.011914e-03 5.797579e-01 7.106869e-01 -3.984014e-01
8.197473e-03 5.878606e-01 6.957875e-01 -4.125924e-01
7.382145e-03 5.956754e-01 6.805472e-01 -4.265814e-01
6.566332e-03 6.031985e-01 6.649737e-01 -4.403618e-01
5.750435e-03 6.104259e-01 6.490744e-01 -4.539268e-01
4.934850e-03 6.173542e-01 6.328573e-01 -4.672699e-01
4.119972e-03 6.239796e-01 6.163304e-01 -4.803845e-01
3.306193e-03 6.302991e-01 5.995018e-01 -4.932644e-01
2.493902e-03 6.363092e-01 5.823799e-01 -5.059032e-01
1.683481e-03 6.420070e-01 5.649730e-01 -5.182950e-01
8.753139e-04 6.473896e-01 5.472897e-01 -5.304336e-01
6.977598e-05 6.524543e-01 5.293389e-01 -5.423133e-01
-7.327594e-04 6.571985e-01 5.111292e-01 -5.539283e-01
-1.531924e-03 6.616198e-01 4.926697e-01 -5.652729e-01
-2.327354e-03 6.657160e-01 4.739695e-01 -5.763417e-01
-3.118689e-03 6.694849e-01 4.550377e-01 -5.871294e-01
-3.905576e-03 6.729247e-01 4.358837e-01 -5.976307e-01
-4.687665e-03 6.760336e-01 4.165170e-01 -6.078407e-01
-5.464610e-03 6.788099e-01 3.969470e-01 -6.177543e-01
-6.236065e-03 6.812524e-01 3.771833e-01 -6.273668e-01
-7.001691e-03 6.833596e-01 3.572357e-01 -6.366736e-01
-7.761154e-03 6.851306e-01 3.371141e-01 -6.456702e-01
-8.514126e-03 6.865643e-01 3.168282e-01 -6.543523e-01
-9.260285e-03 6.876600e-01 2.963881e-01 -6.627157e-01
-9.999317e-03 6.884171e-01 2.758037e-01 -6.707564e-01
-1.073091e-02 6.888353e-01 2.550853e-01 -6.784706e-01
-1.145477e-02 6.889141e-01 2.342429e-01 -6.858545e-01
-1.217059e-02 6.886536e-01 2.132868e-01 -6.929046e-01
-1.287810e-02 6.880538e-01 1.922272e-01 -6.996176e-01
-1.357699e-02 6.871150e-01 1.710746e-01 -7.059902e-01
-1.426701e-02 6.858376e-01 1.498392e-01 -7.120193e-01
-1.494787e-02 6.842222e-01 1.285315e-01 -7.177020e-01
-1.561933e-02 6.822695e-01 1.071620e-01 -7.230358e-01
-1.628111e-02 6.799805e-01 8.574102e-02 -7.280178e-01
-1.693299e-02 6.773562e-01 6.427916e-02 -7.326459e-01
-1.757471e-02 6.743979e-01 4.278690e-02 -7.369178e-01
-1.820604e-02 6.711071e-01 2.127479e-02 -7.408314e-01
-1.882675e-02 6.674853e-01 -2.466355e-04 -7.443848e-01
-1.943662e-02 6.635344e-01 -2.176683e-02 -7.475765e-01
-2.003545e-02 6.592561e-01 -4.327526e-02 -7.504047e-01
-2.062301e-02 6.546526e-01 -6.476138e-02 -7.528682e-01
-2.119911e-02 6.497262e-01 -8.621465e-02 -7.549659e-01
-2.176356e-02 6.444793e-01 -1.076246e-01 -7.566966e-01
-2.231618e-02 6.389144e-01 -1.289807e-01 -7.580596e-01
-2.285677e-02 6.330342e-01 -1.502725e-01 -7.590543e-01
-2.338517e-02 6.268417e-01 -1.714895e-01 -7.596802e-01
-2.390120e-02 6.203399e-01 -1.926215e-01 -7.599370e-01
-2.440467e-02 6.135318e-01 -2.136579e-01 -7.598246e-01
-2.489540e-02 6.064208e-01 -2.345887e-01 -7.593432e-01
-2.537322e-02 5.990104e-01 -2.554035e-01 -7.584931e-01
-2.583797e-02 5.913040e-01 -2.760922e-01 -7.572748e-01
-2.628948e-02 5.833054e-01 -2.966447e-01 -7.556888e-01
-2.672760e-02 5.750185e-01 -3.170509e-01 -7.537361e-01
-2.715220e-02 5.664472e-01 -3.373009e-01 -7.514176e-01
-2.756314e-02 5.575958e-01 -3.573848e-01 -7.487345e-01
-2.796029e-02 5.484685e-01 -3.772929e-01 -7.456880e-01
-2.834353e-02 5.390697e-01 -3.970153e-01 -7.422799e-01
-2.871274e-02 5.294040e-01 -4.165425e-01 -7.385116e-01
-2.906782e-02 5.194760e-01 -4.358649e-01 -7.343851e-01
-2.940868e-02 5.092907e-01 -4.549731e-01 -7.299025e-01
-2.973521e-02 4.988528e-01 -4.738578e-01 -7.250658e-01
-3.004734e-02 4.881676e-01 -4.925098e-01 -7.198775e-01
-3.034499e-02 4.772401e-01 -5.109200e-01 -7.143401e-01
-3.062809e-02 4.660757e-01 -5.290793e-01 -7.084564e-01
-3.089659e-02 4.546799e-01 -5.469789e-01 -7.022290e-01
-3.115042e-02 4.430582e-01 -5.646101e-01 -6.956612e-01
-3.138954e-02 4.312162e-01 -5.819642e-01 -6.887561e-01
-3.161392e-02 4.191598e-01 -5.990328e-01 -6.815170e-01
-3.182352e-02 4.068948e-01 -6.158074e-01 -6.739474e-01
-3.201831e-02 3.944272e-01 -6.322800e-01 -6.660510e-01
-3.219829e-02 3.817631e-01 -6.484425e-01 -6.578317e-01
-3.236343e-02 3.689088e-01 -6.642868e-01 -6.492934e-01
-3.251373e-02 3.558705e-01 -6.798054e-01 -6.404403e-01
-3.264920e-02 3.426546e-01 -6.949905e-01 -6.312766e-01
-3.276985e-02 3.292675e-01 -7.098348e-01 -6.218067e-01
-3.287568e-02 3.157160e-01 -7.243309e-01 -6.120354e-01
-3.296672e-02 3.020065e-01 -7.384719e-01 -6.019672e-01
-3.304300e-02 2.881460e-01 -7.522506e-01 -5.916072e-01
-3.310455e-02 2.741410e-01 -7.656605e-01 -5.809602e-01
-3.315140e-02 2.599986e-01 -7.786949e-01 -5.700315e-01
-3.318361e-02 2.457257e-01 -7.913475e-01 -5.588264e-01
-3.320121e-02 2.313294e-01 -8.036119e-01 -5.473502e-01
-3.320427e-02 2.168166e-01 -8.154824e-01 -5.356086e-01
-3.319285e-02 2.021946e-01 -8.269529e-01 -5.236072e-01
-3.316701e-02 1.874705e-01 -8.380179e-01 -5.113519e-01
-3.312682e-02 1.726517e-01 -8.486719e-01 -4.988487e-01
-3.307236e-02 1.577453e-01 -8.589098e-01 -4.861035e-01
-3.300370e-02 1.427587e-01 -8.687265e-01 -4.731225e-01
-3.292094e-02 1.276994e-01 -8.781173e-01 -4.599121e-01
-3.282415e-02 1.125747e-01 -8.870774e-01 -4.464787e-01
-3.271344e-02 9.739201e-02 -8.956026e-01 -4.328287e-01
-3.258889e-02 8.215889e-02 -9.036885e-01 -4.189689e-01
-3.245062e-02 6.688280e-02 -9.113314e-01 -4.049058e-01
-3.229872e-02 5.157127e-02 -9.185274e-01 -3.906464e-01
-3.213331e-02 3.623182e-02 -9.252730e-01 -3.761976e-01
-3.195450e-02 2.087201e-02 -9.315648e-01 -3.615664e-01
-3.176240e-02 5.499384e-03 -9.373999e-01 -3.467598e-01
-3.155714e-02 -9.878499e-03 -9.427753e-01 -3.317851e-01
-3.133885e-02 -2.525408e-02 -9.476883e-01 -3.166495e-01
-3.110766e-02 -4.061978e-02 -9.521367e-01 -3.013604e-01
-3.086371e-02 -5.596806e-02 -9.561181e-01 -2.859252e-01
-3.060714e-02 -7.129135e-02 -9.596306e-01 -2.703513e-01
-3.033810e-02 -8.658212e-02 -9.626725e-01 -2.546464e-01
-3.005673e-02 -1.018328e-01 -9.652423e-01 -2.388180e-01
-2.976320e-02 -1.170360e-01 -9.673386e-01 -2.228739e-01
-2.945764e-02 -1.321841e-01 -9.689605e-01 -2.068217e-01
-2.914022e-02 -1.472696e-01 -9.701070e-01 -1.906694e-01
-2.881112e-02 -1.622853e-01 -9.707778e-01 -1.744247e-01
-2.847050e-02 -1.772235e-01 -9.709722e-01 -1.580955e-01
-2.811856e-02 -1.920769e-01 -9.706904e-01 -1.416897e-01
-2.775549e-02 -2.068382e-01 -9.699323e-01 -1.252155e-01
-2.738147e-02 -2.215000e-01 -9.686984e-01 -1.086807e-01
-2.699672e-02 -2.360551e-01 -9.669891e-01 -9.209337e-02
-2.660143e-02 -2.504961e-01 -9.648055e-01 -7.546170e-02
-2.619580e-02 -2.648159e-01 -9.621484e-01 -5.879373e-02
-2.578005e-02 -2.790075e-01 -9.590193e-01 -4.209758e-02
-2.535439e-02 -2.930637e-01 -9.554196e-01 -2.538139e-02
-2.491903e-02 -3.069775e-01 -9.513511e-01 -8.653317e-03
-2.447419e-02 -3.207420e-01 -9.468159e-01 8.078497e-03
-2.402010e-02 -3.343504e-01 -9.418161e-01 2.480589e-02
-2.355696e-02 -3.477958e-01 -9.363542e-01 4.152071e-02
-2.308501e-02 -3.610716e-01 -9.304329e-01 5.821481e-02
-2.260447e-02 -3.741711e-01 -9.240552e-01 7.488004e-02
-2.211557e-02 -3.870878e-01 -9.172242e-01 9.150828e-02
-2.161855e-02 -3.998153e-01 -9.099432e-01 1.080914e-01
-2.111362e-02 -4.123472e-01 -9.022159e-01 1.246214e-01
-2.060103e-02 -4.246773e-01 -8.940461e-01 1.410901e-01
-2.008101e-02 -4.367994e-01 -8.854378e-01 1.574896e-01
-1.955378e-02 -4.487075e-01 -8.763953e-01 1.738118e-01
-1.901959e-02 -4.603957e-01 -8.669230e-01 1.900488e-01
-1.847867e-02 -4.718581e-01 -8.570257e-01 2.061926e-01
-1.793126e-02 -4.830891e-01 -8.467082e-01 2.222355e-01
-1.737759e-02 -4.940830e-01 -8.359756e-01 2.381695e-01
-1.681789e-02 -5.048345e-01 -8.248333e-01 2.539870e-01
-1.625241e-02 -5.153380e-01 -8.132867e-01 2.696802e-01
-1.568138e-02 -5.255885e-01 -8.013415e-01 2.852415e-01
-1.510505e-02 -5.355807e-01 -7.890036e-01 3.006632e-01
-1.452368e-02 -5.453098e-01 -7.762793e-01 3.159380e-01
-1.393753e-02 -5.547708e-01 -7.631747e-01 3.310583e-01
-1.334685e-02 -5.639589e-01 -7.496964e-01 3.460167e-01
-1.275189e-02 -5.728696e-01 -7.358510e-01 3.608062e-01
-1.215292e-02 -5.814984e-01 -7.216455e-01 3.754193e-01
-1.155019e-02 -5.898410e-01 -7.070868e-01 3.898491e-01
-1.094397e-02 -5.978933e-01 -6.921823e-01 4.040886e-01
-1.033450e-02 -6.056511e-01 -6.769391e-01 4.181307e-01
-9.722041e-03 -6.131107e-01 -6.613650e-01 4.319688e-01
-9.106851e-03 -6.202682e-01 -6.454677e-01 4.455961e-01
-8.489183e-03 -6.271202e-01 -6.292549e-01 4.590060e-01
-7.869291e-03 -6.336631e-01 -6.127347e-01 4.721920e-01
-7.247427e-03 -6.398938e-01 -5.959152e-01 4.851478e-01
-6.623842e-03 -6.458091e-01 -5.788049e-01 4.978670e-01
-5.998787e-03 -6.514061e-01 -5.614121e-01 5.103436e-01
-5.372510e-03 -6.566820e-01 -5.437453e-01 5.225714e-01
-4.745259e-03 -6.616342e-01 -5.258134e-01 5.345446e-01
-4.117278e-03 -6.662602e-01 -5.076251e-01 5.462574e-01
-3.488812e-03 -6.705577e-01 -4.891895e-01 5.577042e-01
-2.860104e-03 -6.745245e-01 -4.705155e-01 5.688793e-01
-2.231397e-03 -6.781587e-01 -4.516124e-01 5.797775e-01
-1.602935e-03 -6.814585e-01 -4.324895e-01 5.903936e-01
-9.749600e-04 -6.844222e-01 -4.131562e-01 6.007222e-01
-3.477103e-04 -6.870484e-01 -3.936219e-01 6.107586e-01
2.785773e-04 -6.893357e-01 -3.738964e-01 6.204979e-01
9.036687e-04 -6.912831e-01 -3.539892e-01 6.299354e-01
1.527332e-03 -6.928894e-01 -3.339101e-01 6.390665e-01
2.149339e-03 -6.941540e-01 -3.136690e-01 6.478869e-01
2.769463e-03 -6.950761e-01 -2.932758e-01 6.563923e-01
3.387479e-03 -6.956554e-01 -2.727405e-01 6.645786e-01
4.003166e-03 -6.958915e-01 -2.520731e-01 6.724419e-01
4.616306e-03 -6.957844e-01 -2.312838e-01 6.799784e-01
5.226682e-03 -6.953340e-01 -2.103828e-01 6.871844e-01
5.834081e-03 -6.945406e-01 -1.893801e-01 6.940565e-01
6.438292e-03 -6.934046e-01 -1.682863e-01 7.005914e-01
7.039106e-03 -6.919265e-01 -1.471114e-01 7.067860e-01
7.636319e-03 -6.901071e-01 -1.258660e-01 7.126371e-01
8.229727e-03 -6.879472e-01 -1.045604e-01 7.181421e-01
8.819128e-03 -6.854480e-01 -8.320490e-02 7.232982e-01
9.404326e-03 -6.826106e-01 -6.181007e-02 7.281029e-01
9.985124e-03 -6.794365e-01 -4.038634e-02 7.325539e-01
1.056133e-02 -6.759272e-01 -1.894416e-02 7.366491e-01
1.113275e-02 -6.720845e-01 2.505995e-03 7.403865e-01
1.169920e-02 -6.679103e-01 2.395363e-02 7.437642e-01
1.226050e-02 -6.634066e-01 4.538828e-02 7.467806e-01
1.281645e-02 -6.585757e-01 6.679946e-02 7.494342e-01
1.336688e-02 -6.534199e-01 8.817671e-02 7.517237e-01
1.391160e-02 -6.479419e-01 1.095096e-01 7.536481e-01
1.445040e-02 -6.421441e-01 1.307877e-01 7.552064e-01
1.498311e-02 -6.360295e-01 1.520007e-01 7.563979e-01
1.550951e-02 -6.296009e-01 1.731383e-01 7.572221e-01
1.602943e-02 -6.228615e-01 1.941900e-01 7.576786e-01
1.654268e-02 -6.158146e-01 2.151458e-01 7.577671e-01
1.704908e-02 -6.084635e-01 2.359954e-01 7.574878e-01
1.754844e-02 -6.008118e-01 2.567285e-01 7.568406e-01
1.804059e-02 -5.928632e-01 2.773352e-01 7.558260e-01
1.852536e-02 -5.846216e-01 2.978054e-01 7.544444e-01
1.900258e-02 -5.760910e-01 3.181291e-01 7.526964e-01
1.947207e-02 -5.672754e-01 3.382965e-01 7.505831e-01
1.993368e-02 -5.581792e-01 3.582976e-01 7.481052e-01
2.038724e-02 -5.488068e-01 3.781229e-01 7.452641e-01
2.083260e-02 -5.391627e-01 3.977625e-01 7.420611e-01
2.126960e-02 -5.292516e-01 4.172069e-01 7.384976e-01
2.169809e-02 -5.190783e-01 4.364467e-01 7.345755e-01
2.211793e-02 -5.086479e-01 4.554724e-01 7.302966e-01
2.252898e-02 -4.979652e-01 4.742748e-01 7.256628e-01
2.293108e-02 -4.870357e-01 4.928446e-01 7.206765e-01
2.332412e-02 -4.758646e-01 5.111729e-01 7.153399e-01
2.370795e-02 -4.644574e-01 5.292505e-01 7.096557e-01
2.408244e-02 -4.528196e-01 5.470688e-01 7.036264e-01
2.444747e-02 -4.409569e-01 5.646190e-01 6.972551e-01
2.480291e-02 -4.288753e-01 5.818924e-01 6.905447e-01
2.514865e-02 -4.165804e-01 5.988807e-01 6.834985e-01
2.548457e-02 -4.040785e-01 6.155755e-01 6.761197e-01
2.581055e-02 -3.913757e-01 6.319686e-01 6.684120e-01
2.612648e-02 -3.784781e-01 6.480519e-01 6.603790e-01
2.643226e-02 -3.653922e-01 6.638177e-01 6.520245e-01
2.672777e-02 -3.521244e-01 6.792580e-01 6.433526e-01
2.701293e-02 -3.386811e-01 6.943655e-01 6.343674e-01
2.728762e-02 -3.250691e-01 7.091325e-01 6.250733e-01
2.755176e-02 -3.112950e-01 7.235519e-01 6.154746e-01
2.780525e-02 -2.973656e-01 7.376166e-01 6.055760e-01
2.804800e-02 -2.832878e-01 7.513197e-01 5.953823e-01
2.827993e-02 -2.690685e-01 7.646544e-01 5.848983e-01
2.850094e-02 -2.547148e-01 7.776141e-01 5.741292e-01
2.871096e-02 -2.402338e-01 7.901925e-01 5.630801e-01
2.890991e-02 -2.256325e-01 8.023834e-01 5.517563e-01
2.909772e-02 -2.109183e-01 8.141808e-01 5.401633e-01
2.927430e-02 -1.960983e-01 8.255788e-01 5.283068e-01
2.943959e-02 -1.811799e-01 8.365719e-01 5.161923e-01
2.959351e-02 -1.661705e-01 8.471547e-01 5.038259e-01
2.973602e-02 -1.510775e-01 8.573218e-01 4.912134e-01
2.986703e-02 -1.359083e-01 8.670684e-01 4.783610e-01
2.998650e-02 -1.206705e-01 8.763896e-01 4.652749e-01
3.009436e-02 -1.053715e-01 8.852808e-01 4.519615e-01
3.019056e-02 -9.001891e-02 8.937375e-01 4.384271e-01
3.027504e-02 -7.462036e-02 9.017558e-01 4.246784e-01
3.034777e-02 -5.918340e-02 9.093315e-01 4.107220e-01
3.040869e-02 -4.371568e-02 9.164609e-01 3.965647e-01
3.045776e-02 -2.822482e-02 9.231406e-01 3.822134e-01
3.049494e-02 -1.271848e-02 9.293672e-01 3.676750e-01
3.052021e-02 2.795681e-03 9.351376e-01 3.529566e-01
3.053353e-02 1.831000e-02 9.404490e-01 3.380654e-01
3.053488e-02 3.381680e-02 9.452986e-01 3.230085e-01
3.052423e-02 4.930842e-02 9.496843e-01 3.077934e-01
3.050156e-02 6.477720e-02 9.536036e-01 2.924273e-01
3.046686e-02 8.021549e-02 9.570547e-01 2.769179e-01
3.042011e-02 9.561565e-02 9.600359e-01 2.612726e-01
3.036131e-02 1.109700e-01 9.625456e-01 2.454990e-01
3.029048e-02 1.262710e-01 9.645827e-01 2.296049e-01
3.020761e-02 1.415110e-01 9.661460e-01 2.135980e-01
3.011274e-02 1.566823e-01 9.672348e-01 1.974862e-01
3.000586e-02 1.717774e-01 9.678485e-01 1.812772e-01
2.988701e-02 1.867889e-01 9.679869e-01 1.649791e-01
2.975622e-02 2.017091e-01 9.676498e-01 1.485997e-01
2.961352e-02 2.165307e-01 9.668374e-01 1.321471e-01
2.945894e-02 2.312463e-01 9.655502e-01 1.156294e-01
2.929252e-02 2.458484e-01 9.637887e-01 9.905455e-02
2.911431e-02 2.603299e-01 9.615539e-01 8.243075e-02
2.892435e-02 2.746834e-01 9.588468e-01 6.576611e-02
2.872269e-02 2.889019e-01 9.556689e-01 4.906879e-02
2.850940e-02 3.029781e-01 9.520216e-01 3.234696e-02
2.828452e-02 3.169052e-01 9.479069e-01 1.560882e-02
2.804811e-02 3.306760e-01 9.433268e-01 -1.137452e-03
2.780026e-02 3.442838e-01 9.382835e-01 -1.788364e-02
2.754101e-02 3.577217e-01 9.327797e-01 -3.462156e-02
2.727046e-02 3.709831e-01 9.268181e-01 -5.134301e-02
2.698866e-02 3.840613e-01 9.204016e-01 -6.803980e-02
2.669570e-02 3.969499e-01 9.135335e-01 -8.470376e-02
2.639167e-02 4.096423e-01 9.062171e-01 -1.013267e-01
2.607664e-02 4.221324e-01 8.984563e-01 -1.179006e-01
2.575071e-02 4.344138e-01 8.902548e-01 -1.344172e-01
2.541396e-02 4.464805e-01 8.816167e-01 -1.508686e-01
2.506650e-02 4.583265e-01 8.725463e-01 -1.672465e-01
2.470841e-02 4.699459e-01 8.630482e-01 -1.835431e-01
2.433981e-02 4.813330e-01 8.531271e-01 -1.997504e-01
2.396080e-02 4.924820e-01 8.427880e-01 -2.158605e-01
2.357151e-02 5.033874e-01 8.320360e-01 -2.318654e-01
2.317206e-02 5.140438e-01 8.208765e-01 -2.477573e-01
2.276259e-02 5.244459e-01 8.093152e-01 -2.635286e-01
2.234322e-02 5.345885e-01 7.973577e-01 -2.791715e-01
2.191410e-02 5.444665e-01 7.850100e-01 -2.946783e-01
2.147535e-02 5.540750e-01 7.722784e-01 -3.100417e-01
2.102713e-02 5.634092e-01 7.591691e-01 -3.252539e-01
2.056958e-02 5.724646e-01 7.456888e-01 -3.403077e-01
2.010285e-02 5.812367e-01 7.318441e-01 -3.551958e-01
1.962709e-02 5.897211e-01 7.176419e-01 -3.699108e-01
1.914245e-02 5.979135e-01 7.030893e-01 -3.844457e-01
1.864910e-02 6.058101e-01 6.881935e-01 -3.987933e-01
1.814720e-02 6.134068e-01 6.729619e-01 -4.129469e-01
1.763690e-02 6.206999e-01 6.574021e-01 -4.268993e-01
1.711839e-02 6.276859e-01 6.415218e-01 -4.406440e-01
1.659182e-02 6.343614e-01 6.253288e-01 -4.541743e-01
1.605737e-02 6.407229e-01 6.088312e-01 -4.674835e-01
1.551521e-02 6.467676e-01 5.920371e-01 -4.805653e-01
1.496553e-02 6.524923e-01 5.749548e-01 -4.934134e-01
1.440850e-02 6.578943e-01 5.575928e-01 -5.060215e-01
1.384431e-02 6.629710e-01 5.399595e-01 -5.183835e-01
1.327315e-02 6.677199e-01 5.220638e-01 -5.304935e-01
1.269520e-02 6.721387e-01 5.039143e-01 -5.423456e-01
1.211066e-02 6.762252e-01 4.855201e-01 -5.539341e-01
1.151974e-02 6.799775e-01 4.668901e-01 -5.652535e-01
1.092262e-02 6.833937e-01 4.480335e-01 -5.762982e-01
1.031951e-02 6.864723e-01 4.289596e-01 -5.870630e-01
9.710609e-03 6.892116e-01 4.096777e-01 -5.975427e-01
9.096125e-03 6.916105e-01 3.901972e-01 -6.077321e-01
8.476264e-03 6.936678e-01 3.705277e-01 -6.176264e-01
7.851235e-03 6.953824e-01 3.506789e-01 -6.272208e-01
7.221250e-03 6.967537e-01 3.306603e-01 -6.365107e-01
6.586521e-03 6.977810e-01 3.104818e-01 -6.454916e-01
5.947266e-03 6.984637e-01 2.901532e-01 -6.541591e-01
5.303701e-03 6.988017e-01 2.696845e-01 -6.625091e-01
4.656046e-03 6.987948e-01 2.490857e-01 -6.705374e-01
4.004524e-03 6.984431e-01 2.283667e-01 -6.782403e-01
3.349358e-03 6.977467e-01 2.075377e-01 -6.856139e-01
2.690775e-03 6.967061e-01 1.866088e-01 -6.926547e-01
2.029002e-03 6.953218e-01 1.655902e-01 -6.993593e-01
1.364272e-03 6.935945e-01 1.444922e-01 -7.057243e-01
6.968158e-04 6.915251e-01 1.233250e-01 -7.117468e-01
2.686939e-05 6.891148e-01 1.020990e-01 -7.174236e-01
-6.453303e-04 6.863646e-01 8.082443e-02 -7.227521e-01
-1.319544e-03 6.832761e-01 5.951170e-02 -7.277296e-01
-1.995530e-03 6.798508e-01 3.817119e-02 -7.323537e-01
-2.673044e-03 6.760903e-01 1.681328e-02 -7.366220e-01
-3.351839e-03 6.719967e-01 -4.551639e-03 -7.405326e-01
-4.031657e-03 6.675719e-01 -2.591317e-02 -7.440834e-01
-4.712230e-03 6.628180e-01 -4.726094e-02 -7.472727e-01
-5.393294e-03 6.577373e-01 -6.858459e-02 -7.500991e-01
-6.074581e-03 6.523323e-01 -8.987376e-02 -7.525612e-01
-6.755821e-03 6.466057e-01 -1.111181e-01 -7.546576e-01
-7.436746e-03 6.405602e-01 -1.323074e-01 -7.563875e-01
-8.117086e-03 6.341987e-01 -1.534312e-01 -7.577499e-01
-8.796568e-03 6.275244e-01 -1.744793e-01 -7.587442e-01
-9.474918e-03 6.205404e-01 -1.954416e-01 -7.593698e-01
-1.015186e-02 6.132501e-01 -2.163078e-01 -7.596263e-01
-1.082712e-02 6.056571e-01 -2.370679e-01 -7.595137e-01
-1.150042e-02 5.977651e-01 -2.577116e-01 -7.590319e-01
-1.217149e-02 5.895778e-01 -2.782291e-01 -7.581810e-01
-1.284005e-02 5.810993e-01 -2.986102e-01 -7.569615e-01
-1.350581e-02 5.723337e-01 -3.188452e-01 -7.553737e-01
-1.416851e-02 5.632852e-01 -3.389241e-01 -7.534186e-01
-1.482786e-02 5.539582e-01 -3.588372e-01 -7.510967e-01
-1.548359e-02 5.443573e-01 -3.785748e-01 -7.484093e-01
-1.613541e-02 5.344872e-01 -3.981272e-01 -7.453575e-01
-1.678304e-02 5.243526e-01 -4.174849e-01 -7.419427e-01
-1.742621e-02 5.139586e-01 -4.366384e-01 -7.381665e-01
-1.806464e-02 5.033102e-01 -4.555785e-01 -7.340305e-01
-1.869805e-02 4.924127e-01 -4.742958e-01 -7.295366e-01
-1.932615e-02 4.812712e-01 -4.927811e-01 -7.246870e-01
-1.994867e-02 4.698915e-01 -5.110254e-01 -7.194839e-01
-2.056533e-02 4.582789e-01 -5.290198e-01 -7.139296e-01
-2.117585e-02 4.464392e-01 -5.467555e-01 -7.080269e-01
-2.177995e-02 4.343783e-01 -5.642237e-01 -7.017783e-01
-2.237735e-02 4.221021e-01 -5.814158e-01 -6.951869e-01
-2.296777e-02 4.096165e-01 -5.983234e-01 -6.882557e-01
-2.355094e-02 3.969279e-01 -6.149382e-01 -6.809880e-01
-2.412658e-02 3.840424e-01 -6.312520e-01 -6.733872e-01
-2.469441e-02 3.709664e-01 -6.472567e-01 -6.654569e-01
-2.525417e-02 3.577063e-01 -6.629446e-01 -6.572008e-01
-2.580556e-02 3.442687e-01 -6.783077e-01 -6.486230e-01
-2.634833e-02 3.306604e-01 -6.933386e-01 -6.397273e-01
-2.688219e-02 3.168879e-01 -7.080299e-01 -6.305182e-01
-2.740688e-02 3.029581e-01 -7.223742e-01 -6.209999e-01
-2.792213e-02 2.888779e-01 -7.363645e-01 -6.111770e-01
-2.842768e-02 2.746543e-01 -7.499938e-01 -6.010542e-01
-2.892324e-02 2.602943e-01 -7.632555e-01 -5.906364e-01
-2.940857e-02 2.458051e-01 -7.761429e-01 -5.799286e-01
-2.988339e-02 2.311938e-01 -7.886497e-01 -5.689359e-01
-3.034744e-02 2.164676e-01 -8.007697e-01 -5.576635e-01
-3.080048e-02 2.016340e-01 -8.124969e-01 -5.461170e-01
-3.124224e-02 1.867002e-01 -8.238255e-01 -5.343019e-01
-3.167246e-02 1.716736e-01 -8.347498e-01 -5.222239e-01
-3.209090e-02 1.565617e-01 -8.452645e-01 -5.098888e-01
-3.249730e-02 1.413720e-01 -8.553642e-01 -4.973026e-01
-3.289143e-02 1.261121e-01 -8.650441e-01 -4.844714e-01
-3.327303e-02 1.107893e-01 -8.742993e-01 -4.714015e-01
-3.364187e-02 9.541151e-02 -8.831252e-01 -4.580990e-01
-3.399771e-02 7.998617e-02 -8.915174e-01 -4.445706e-01
-3.434033e-02 6.452097e-02 -8.994718e-01 -4.308228e-01
-3.466949e-02 4.902360e-02 -9.069843e-01 -4.168623e-01
-3.498499e-02 3.350174e-02 -9.140513e-01 -4.026958e-01
-3.528659e-02 1.796309e-02 -9.206692e-01 -3.883302e-01
-3.557409e-02 2.415367e-03 -9.268347e-01 -3.737727e-01
-3.584727e-02 -1.313371e-02 -9.325448e-01 -3.590301e-01
-3.610593e-02 -2.867641e-02 -9.377966e-01 -3.441099e-01
-3.634988e-02 -4.420501e-02 -9.425874e-01 -3.290191e-01
-3.657893e-02 -5.971174e-02 -9.469149e-01 -3.137653e-01
-3.679291e-02 -7.518886e-02 -9.507769e-01 -2.983559e-01
-3.699163e-02 -9.062862e-02 -9.541714e-01 -2.827984e-01
-3.717492e-02 -1.060233e-01 -9.570969e-01 -2.671005e-01
-3.734263e-02 -1.213652e-01 -9.595517e-01 -2.512698e-01
-3.749460e-02 -1.366466e-01 -9.615348e-01 -2.353142e-01
-3.763068e-02 -1.518600e-01 -9.630450e-01 -2.192414e-01
-3.775072e-02 -1.669975e-01 -9.640817e-01 -2.030594e-01
-3.785458e-02 -1.820517e-01 -9.646444e-01 -1.867761e-01
-3.794213e-02 -1.970151e-01 -9.647328e-01 -1.703995e-01
-3.801325e-02 -2.118801e-01 -9.643469e-01 -1.539376e-01
-3.806781e-02 -2.266392e-01 -9.634870e-01 -1.373987e-01
-3.810571e-02 -2.412851e-01 -9.621533e-01 -1.207908e-01
-3.812683e-02 -2.558105e-01 -9.603468e-01 -1.041220e-01
-3.813108e-02 -2.702080e-01 -9.580683e-01 -8.740064e-02
-3.811837e-02 -2.844705e-01 -9.553189e-01 -7.063491e-02
-3.808860e-02 -2.985909e-01 -9.521002e-01 -5.383304e-02
-3.804170e-02 -3.125620e-01 -9.484137e-01 -3.700333e-02
-3.797760e-02 -3.263769e-01 -9.442614e-01 -2.015404e-02
-3.789623e-02 -3.400288e-01 -9.396454e-01 -3.293486e-03
-3.779752e-02 -3.535108e-01 -9.345680e-01 1.357005e-02
-3.768144e-02 -3.668162e-01 -9.290318e-01 3.042827e-02
-3.754794e-02 -3.799383e-01 -9.230397e-01 4.727287e-02
-3.739697e-02 -3.928708e-01 -9.165946e-01 6.409558e-02
-3.722851e-02 -4.056072e-01 -9.096999e-01 8.088812e-02
-3.704253e-02 -4.181411e-01 -9.023591e-01 9.764224e-02
-3.683903e-02 -4.304664e-01 -8.945757e-01 1.143497e-01
-3.661799e-02 -4.425769e-01 -8.863539e-01 1.310023e-01
-3.637943e-02 -4.544666e-01 -8.776977e-01 1.475919e-01
-3.612336e-02 -4.661296e-01 -8.686116e-01 1.641102e-01
-3.584982e-02 -4.775601e-01 -8.591002e-01 1.805493e-01
-3.555883e-02 -4.887524e-01 -8.491682e-01 1.969011e-01
-3.525043e-02 -4.997011e-01 -8.388207e-01 2.131575e-01
-3.492468e-02 -5.104006e-01 -8.280629e-01 2.293106e-01
-3.458164e-02 -5.208457e-01 -8.169002e-01 2.453525e-01
-3.422135e-02 -5.310313e-01 -8.053383e-01 2.612754e-01
-3.384391e-02 -5.409523e-01 -7.933830e-01 2.770715e-01
-3.344939e-02 -5.506038e-01 -7.810403e-01 2.927331e-01
-3.303788e-02 -5.599812e-01 -7.683163e-01 3.082525e-01
-3.260947e-02 -5.690799e-01 -7.552175e-01 3.236221e-01
-3.216427e-02 -5.778954e-01 -7.417503e-01 3.388346e-01
-3.170240e-02 -5.864233e-01 -7.279216e-01 3.538825e-01
-3.122397e-02 -5.946596e-01 -7.137382e-01 3.687585e-01
-3.072911e-02 -6.026003e-01 -6.992071e-01 3.834553e-01
-3.021796e-02 -6.102415e-01 -6.843357e-01 3.979659e-01
-2.969066e-02 -6.175795e-01 -6.691312e-01 4.122831e-01
-2.914736e-02 -6.246109e-01 -6.536013e-01 4.264001e-01
-2.858822e-02 -6.313321e-01 -6.377536e-01 4.403100e-01
-2.801341e-02 -6.377400e-01 -6.215959e-01 4.540061e-01
-2.742311e-02 -6.438315e-01 -6.051363e-01 4.674816e-01
-2.681749e-02 -6.496037e-01 -5.883828e-01 4.807302e-01
-2.619676e-02 -6.550538e-01 -5.713438e-01 4.937454e-01
-2.556110e-02 -6.601792e-01 -5.540275e-01 5.065210e-01
-2.491074e-02 -6.649776e-01 -5.364426e-01 5.190506e-01
-2.424587e-02 -6.694466e-01 -5.185976e-01 5.313284e-01
-2.356673e-02 -6.735842e-01 -5.005013e-01 5.433483e-01
-2.287354e-02 -6.773883e-01 -4.821626e-01 5.551046e-01
-2.216654e-02 -6.808573e-01 -4.635904e-01 5.665915e-01
-2.144597e-02 -6.839894e-01 -4.447938e-01 5.778036e-01
-2.071209e-02 -6.867834e-01 -4.257820e-01 5.887353e-01
-1.996514e-02 -6.892378e-01 -4.065642e-01 5.993815e-01
-1.920541e-02 -6.913517e-01 -3.871499e-01 6.097368e-01
-1.843315e-02 -6.931240e-01 -3.675484e-01 6.197964e-01
-1.764865e-02 -6.945540e-01 -3.477693e-01 6.295552e-01
-1.685219e-02 -6.956411e-01 -3.278223e-01 6.390087e-01
-1.604408e-02 -6.963848e-01 -3.077170e-01 6.481521e-01
-1.522461e-02 -6.967848e-01 -2.874631e-01 6.569810e-01
-1.439408e-02 -6.968412e-01 -2.670706e-01 6.654912e-01
-1.355282e-02 -6.965538e-01 -2.465494e-01 6.736783e-01
-1.270115e-02 -6.959230e-01 -2.259093e-01 6.815385e-01
-1.183939e-02 -6.949492e-01 -2.051604e-01 6.890679e-01
-1.096789e-02 -6.936329e-01 -1.843128e-01 6.962628e-01
-1.008699e-02 -6.919749e-01 -1.633766e-01 7.031196e-01
-9.197027e-03 -6.899760e-01 -1.423619e-01 7.096349e-01
-8.298370e-03 -6.876373e-01 -1.212789e-01 7.158055e-01
-7.391380e-03 -6.849601e-01 -1.001379e-01 7.216283e-01
-6.476430e-03 -6.819457e-01 -7.894909e-02 7.271005e-01
-5.553903e-03 -6.785956e-01 -5.772273e-02 7.322194e-01
-4.624188e-03 -6.749114e-01 -3.646909e-02 7.369825e-01
-3.687679e-03 -6.708949e-01 -1.519844e-02 7.413875e-01
-2.744776e-03 -6.665482e-01 6.078931e-03 7.454321e-01
-1.795884e-03 -6.618733e-01 2.735273e-02 7.491144e-01
-8.414132e-04 -6.568724e-01 4.861267e-02 7.524325e-01
1.182212e-04 -6.515482e-01 6.984847e-02 7.553848e-01
1.082598e-03 -6.459030e-01 9.104987e-02 7.579697e-01
2.051292e-03 -6.399398e-01 1.122066e-01 7.601859e-01
3.023873e-03 -6.336613e-01 1.333084e-01 7.620322e-01
3.999906e-03 -6.270706e-01 1.543452e-01 7.635077e-01
4.978950e-03 -6.201709e-01 1.753066e-01 7.646116e-01
5.960564e-03 -6.129656e-01 1.961826e-01 7.653431e-01
6.944298e-03 -6.054581e-01 2.169629e-01 7.657018e-01
7.929702e-03 -5.976522e-01 2.376377e-01 7.656875e-01
8.916318e-03 -5.895516e-01 2.581967e-01 7.652998e-01
9.903688e-03 -5.811603e-01 2.786300e-01 7.645390e-01
1.089135e-02 -5.724823e-01 2.989277e-01 7.634052e-01
1.187883e-02 -5.635219e-01 3.190799e-01 7.618989e-01
1.286567e-02 -5.542835e-01 3.390768e-01 7.600205e-01
1.385139e-02 -5.447716e-01 3.589086e-01 7.577708e-01
1.483551e-02 -5.349908e-01 3.785656e-01 7.551509e-01
1.581757e-02 -5.249460e-01 3.980382e-01 7.521616e-01
1.679706e-02 -5.146420e-01 4.173169e-01 7.488044e-01
1.777352e-02 -5.040839e-01 4.363923e-01 7.450807e-01
1.874645e-02 -4.932770e-01 4.552550e-01 7.409921e-01
1.971537e-02 -4.822264e-01 4.738957e-01 7.365404e-01
2.067978e-02 -4.709378e-01 4.923053e-01 7.317277e-01
2.163921e-02 -4.594165e-01 5.104748e-01 7.265561e-01
2.259315e-02 -4.476684e-01 5.283951e-01 7.210279e-01
2.354111e-02 -4.356992e-01 5.460575e-01 7.151456e-01
2.448260e-02 -4.235148e-01 5.634533e-01 7.089120e-01
2.541712e-02 -4.111213e-01 5.805738e-01 7.023299e-01
2.634417e-02 -3.985248e-01 5.974106e-01 6.954024e-01
2.726328e-02 -3.857315e-01 6.139555e-01 6.881327e-01
2.817392e-02 -3.727477e-01 6.302001e-01 6.805242e-01
2.907563e-02 -3.595800e-01 6.461365e-01 6.725804e-01
2.996789e-02 -3.462349e-01 6.617568e-01 6.643052e-01
3.085022e-02 -3.327189e-01 6.770531e-01 6.557023e-01
3.172213e-02 -3.190388e-01 6.920181e-01 6.467758e-01
3.258313e-02 -3.052014e-01 7.066441e-01 6.375301e-01
3.343272e-02 -2.912135e-01 7.209240e-01 6.279694e-01
3.427043e-02 -2.770822e-01 7.348506e-01 6.180984e-01
3.509578e-02 -2.628144e-01 7.484170e-01 6.079217e-01
3.590827e-02 -2.484173e-01 7.616165e-01 5.974443e-01
3.670744e-02 -2.338980e-01 7.744425e-01 5.866712e-01
3.749282e-02 -2.192637e-01 7.868887e-01 5.756074e-01
3.826392e-02 -2.045216e-01 7.989488e-01 5.642585e-01
3.902029e-02 -1.896793e-01 8.106167e-01 5.526298e-01
3.976147e-02 -1.747439e-01 8.218868e-01 5.407270e-01
4.048699e-02 -1.597230e-01 8.327534e-01 5.285557e-01
4.119641e-02 -1.446240e-01 8.432110e-01 5.161221e-01
4.188929e-02 -1.294544e-01 8.532544e-01 5.034319e-01
4.256518e-02 -1.142218e-01 8.628787e-01 4.904915e-01
4.322365e-02 -9.893378e-02 8.720790e-01 4.773071e-01
4.386427e-02 -8.359793e-02 8.808506e-01 4.638852e-01
4.448663e-02 -6.822189e-02 8.891893e-01 4.502322e-01
4.509032e-02 -5.281332e-02 8.970908e-01 4.363549e-01
4.567491e-02 -3.737991e-02 9.045513e-01 4.222601e-01
4.624003e-02 -2.192936e-02 9.115668e-01 4.079546e-01
4.678527e-02 -6.469408e-03 9.181340e-01 3.934454e-01
4.731027e-02 8.992185e-03 9.242495e-01 3.787397e-01
4.781465e-02 2.444766e-02 9.299103e-01 3.638447e-01
4.829805e-02 3.988926e-02 9.351135e-01 3.487677e-01
4.876013e-02 5.530923e-02 9.398565e-01 3.335162e-01
4.920053e-02 7.069980e-02 9.441370e-01 3.180977e-01
4.961892e-02 8.605325e-02 9.479529e-01 3.025197e-01
5.001499e-02 1.013619e-01 9.513022e-01 2.867900e-01
5.038840e-02 1.166179e-01 9.541832e-01 2.709163e-01
5.073887e-02 1.318138e-01 9.565947e-01 2.549064e-01
5.106608e-02 1.469417e-01 9.585354e-01 2.387684e-01
5.136977e-02 1.619943e-01 9.600043e-01 2.225102e-01
5.164965e-02 1.769637e-01 9.610008e-01 2.061397e-01
5.190547e-02 1.918427e-01 9.615245e-01 1.896652e-01
5.213696e-02 2.066236e-01 9.615751e-01 1.730948e-01
5.234389e-02 2.212991e-01 9.611526e-01 1.564367e-01
5.252603e-02 2.358619e-01 9.602574e-01 1.396991e-01
5.268316e-02 2.503045e-01 9.588900e-01 1.228904e-01
5.281507e-02 2.646199e-01 9.570511e-01 1.060188e-01
5.292157e-02 2.788008e-01 9.547418e-01 8.909280e-02
5.300248e-02 2.928402e-01 9.519632e-01 7.212067e-02
5.305762e-02 3.067311e-01 9.487169e-01 5.511084e-02
5.308684e-02 3.204666e-01 9.450045e-01 3.807174e-02
5.308998e-02 3.340399e-01 9.408280e-01 2.101181e-02
5.306692e-02 3.474442e-01 9.361896e-01 3.939486e-03
5.301754e-02 3.606728e-01 9.310917e-01 -1.313679e-02
5.294172e-02 3.737194e-01 9.255368e-01 -3.020857e-02
5.283937e-02 3.865773e-01 9.195280e-01 -4.726742e-02
5.271042e-02 3.992403e-01 9.130683e-01 -6.430491e-02
5.255479e-02 4.117020e-01 9.061610e-01 -8.131263e-02
5.237245e-02 4.239562e-01 8.988097e-01 -9.828219e-02
5.216334e-02 4.359970e-01 8.910182e-01 -1.152052e-01
5.192746e-02 4.478183e-01 8.827904e-01 -1.320734e-01
5.166478e-02 4.594143e-01 8.741307e-01 -1.488784e-01
5.137531e-02 4.707794e-01 8.650434e-01 -1.656119e-01
5.105907e-02 4.819078e-01 8.555332e-01 -1.822658e-01
5.071609e-02 4.927943e-01 8.456048e-01 -1.988319e-01
5.034641e-02 5.034335e-01 8.352635e-01 -2.153020e-01
4.995008e-02 5.138201e-01 8.245143e-01 -2.316681e-01
4.952719e-02 5.239491e-01 8.133628e-01 -2.479221e-01
4.907781e-02 5.338157e-01 8.018145e-01 -2.640561e-01
4.860205e-02 5.434150e-01 7.898754e-01 -2.800623e-01
4.810001e-02 5.527424e-01 7.775513e-01 -2.959327e-01
4.757182e-02 5.617934e-01 7.648486e-01 -3.116597e-01
4.701761e-02 5.705636e-01 7.517735e-01 -3.272356e-01
4.643755e-02 5.790489e-01 7.383326e-01 -3.426527e-01
4.583179e-02 5.872452e-01 7.245326e-01 -3.579037e-01
4.520052e-02 5.951486e-01 7.103803e-01 -3.729810e-01
4.454393e-02 6.027553e-01 6.958829e-01 -3.878774e-01
4.386222e-02 6.100618e-01 6.810474e-01 -4.025856e-01
4.315561e-02 6.170645e-01 6.658814e-01 -4.170984e-01
4.242435e-02 6.237601e-01 6.503921e-01 -4.314089e-01
4.166867e-02 6.301455e-01 6.345874e-01 -4.455100e-01
4.088883e-02 6.362178e-01 6.184750e-01 -4.593950e-01
4.008510e-02 6.419740e-01 6.020627e-01 -4.730571e-01
3.925778e-02 6.474115e-01 5.853588e-01 -4.864898e-01
3.840716e-02 6.525277e-01 5.683713e-01 -4.996864e-01
3.753354e-02 6.573204e-01 5.511087e-01 -5.126406e-01
3.663726e-02 6.617872e-01 5.335792e-01 -5.253461e-01
3.571865e-02 6.659263e-01 5.157916e-01 -5.377968e-01
3.477806e-02 6.697356e-01 4.977544e-01 -5.499866e-01
3.381585e-02 6.732135e-01 4.794764e-01 -5.619096e-01
3.283239e-02 6.763584e-01 4.609666e-01 -5.735600e-01
3.182807e-02 6.791690e-01 4.422340e-01 -5.849321e-01
3.080330e-02 6.816440e-01 4.232875e-01 -5.960204e-01
2.975847e-02 6.837823e-01 4.041365e-01 -6.068194e-01
2.869401e-02 6.855831e-01 3.847902e-01 -6.173240e-01
2.761037e-02 6.870456e-01 3.652580e-01 -6.275290e-01
2.650798e-02 6.881692e-01 3.455493e-01 -6.374293e-01
2.538731e-02 6.889536e-01 3.256737e-01 -6.470202e-01
2.424882e-02 6.893984e-01 3.056408e-01 -6.562968e-01
2.309301e-02 6.895037e-01 2.854602e-01 -6.652547e-01
2.192035e-02 6.892694e-01 2.651419e-01 -6.738895e-01
2.073137e-02 6.886958e-01 2.446954e-01 -6.821967e-01
1.952657e-02 6.877834e-01 2.241309e-01 -6.901725e-01
1.830648e-02 6.865327e-01 2.034581e-01 -6.978127e-01
1.707164e-02 6.849444e-01 1.826871e-01 -7.051136e-01
1.582260e-02 6.830194e-01 1.618278e-01 -7.120715e-01
1.455991e-02 6.807586e-01 1.408905e-01 -7.186832e-01
1.328414e-02 6.781632e-01 1.198850e-01 -7.249454e-01
1.199586e-02 6.752344e-01 9.882163e-02 -7.308549e-01
1.069566e-02 6.719738e-01 7.771043e-02 -7.364088e-01
9.384123e-03 6.683830e-01 5.656159e-02 -7.416043e-01
8.061856e-03 6.644636e-01 3.538531e-02 -7.464389e-01
6.729469e-03 6.602177e-01 1.419178e-02 -7.509100e-01
5.387581e-03 6.556474e-01 -7.008784e-03 -7.550154e-01
4.036817e-03 6.507549e-01 -2.820617e-02 -7.587531e-01
2.677813e-03 6.455425e-01 -4.939014e-02 -7.621210e-01
1.311211e-03 6.400128e-01 -7.055050e-02 -7.651173e-01
-6.233889e-05 6.341685e-01 -9.167703e-02 -7.677406e-01
-1.442180e-03 6.280125e-01 -1.127595e-01 -7.699893e-01
-2.827646e-03 6.215478e-01 -1.337878e-01 -7.718622e-01
-4.218066e-03 6.147774e-01 -1.547516e-01 -7.733582e-01
-5.612762e-03 6.077048e-01 -1.756409e-01 -7.744764e-01
-7.011048e-03 6.003334e-01 -1.964455e-01 -7.752160e-01
-8.412233e-03 5.926667e-01 -2.171554e-01 -7.755765e-01
-9.815621e-03 5.847086e-01 -2.377604e-01 -7.755576e-01
-1.122051e-02 5.764628e-01 -2.582505e-01 -7.751589e-01
-1.262619e-02 5.679336e-01 -2.786158e-01 -7.743806e-01
-1.403194e-02 5.591250e-01 -2.988463e-01 -7.732227e-01
-1.543706e-02 5.500413e-01 -3.189322e-01 -7.716855e-01
-1.684081e-02 5.406870e-01 -3.388636e-01 -7.697697e-01
-1.824248e-02 5.310668e-01 -3.586309e-01 -7.674758e-01
-1.964133e-02 5.211853e-01 -3.782242e-01 -7.648049e-01
-2.103663e-02 5.110475e-01 -3.976340e-01 -7.617579e-01
-2.242764e-02 5.006583e-01 -4.168508e-01 -7.583361e-01
-2.381363e-02 4.900228e-01 -4.358651e-01 -7.545410e-01
-2.519385e-02 4.791463e-01 -4.546676e-01 -7.503742e-01
-2.656756e-02 4.680342e-01 -4.732490e-01 -7.458375e-01
-2.793403e-02 4.566920e-01 -4.916001e-01 -7.409329e-01
-2.929250e-02 4.451252e-01 -5.097119e-01 -7.356625e-01
-3.064224e-02 4.333397e-01 -5.275753e-01 -7.300288e-01
-3.198249e-02 4.213413e-01 -5.451817e-01 -7.240342e-01
-3.331251e-02 4.091360e-01 -5.625222e-01 -7.176816e-01
-3.463157e-02 3.967297e-01 -5.795883e-01 -7.109737e-01
-3.593891e-02 3.841287e-01 -5.963714e-01 -7.039139e-01
-3.723381e-02 3.713392e-01 -6.128633e-01 -6.965051e-01
-3.851552e-02 3.583676e-01 -6.290558e-01 -6.887511e-01
-3.978331e-02 3.452204e-01 -6.449407e-01 -6.806553e-01
-4.103646e-02 3.319041e-01 -6.605103e-01 -6.722216e-01
-4.227422e-02 3.184253e-01 -6.757567e-01 -6.634540e-01
-4.349588e-02 3.047907e-01 -6.906723e-01 -6.543566e-01
-4.470073e-02 2.910072e-01 -7.052497e-01 -6.449337e-01
-4.588804e-02 2.770816e-01 -7.194817e-01 -6.351898e-01
-4.705712e-02 2.630208e-01 -7.333611e-01 -6.251297e-01
-4.820726e-02 2.488319e-01 -7.468810e-01 -6.147581e-01
-4.933776e-02 2.345220e-01 -7.600347e-01 -6.040799e-01
-5.044795e-02 2.200980e-01 -7.728154e-01 -5.931004e-01
-5.153714e-02 2.055674e-01 -7.852170e-01 -5.818249e-01
-5.260466e-02 1.909372e-01 -7.972331e-01 -5.702588e-01
-5.364986e-02 1.762148e-01 -8.088578e-01 -5.584077e-01
-5.467208e-02 1.614075e-01 -8.200851e-01 -5.462774e-01
-5.567068e-02 1.465228e-01 -8.309096e-01 -5.338737e-01
-5.664503e-02 1.315681e-01 -8.413257e-01 -5.212028e-01
-5.759449e-02 1.165507e-01 -8.513282e-01 -5.082707e-01
-5.851847e-02 1.014784e-01 -8.609121e-01 -4.950840e-01
-5.941635e-02 8.635844e-02 -8.700726e-01 -4.816489e-01
-6.028755e-02 7.119859e-02 -8.788050e-01 -4.679721e-01
-6.113150e-02 5.600643e-02 -8.871051e-01 -4.540603e-01
-6.194763e-02 4.078959e-02 -8.949685e-01 -4.399204e-01
-6.273539e-02 2.555575e-02 -9.023915e-01 -4.255594e-01
-6.349424e-02 1.031257e-02 -9.093701e-01 -4.109843e-01
-6.422365e-02 -4.932252e-03 -9.159010e-01 -3.962023e-01
-6.492312e-02 -2.017104e-02 -9.219809e-01 -3.812209e-01
-6.559215e-02 -3.539610e-02 -9.276067e-01 -3.660473e-01
-6.623025e-02 -5.059977e-02 -9.327756e-01 -3.506891e-01
-6.683694e-02 -6.577436e-02 -9.374851e-01 -3.351540e-01
-6.741179e-02 -8.091224e-02 -9.417329e-01 -3.194496e-01
-6.795435e-02 -9.600577e-02 -9.455168e-01 -3.035839e-01
-6.846419e-02 -1.110473e-01 -9.488349e-01 -2.875646e-01
-6.894091e-02 -1.260294e-01 -9.516858e-01 -2.713997e-01
-6.938412e-02 -1.409444e-01 -9.540680e-01 -2.550974e-01
-6.979344e-02 -1.557848e-01 -9.559805e-01 -2.386657e-01
-7.016851e-02 -1.705432e-01 -9.574222e-01 -2.221129e-01
-7.050900e-02 -1.852122e-01 -9.583926e-01 -2.054471e-01
-7.081458e-02 -1.997845e-01 -9.588913e-01 -1.886767e-01
-7.108494e-02 -2.142526e-01 -9.589182e-01 -1.718100e-01
-7.131981e-02 -2.286095e-01 -9.584732e-01 -1.548556e-01
-7.151889e-02 -2.428480e-01 -9.575568e-01 -1.378217e-01
-7.168196e-02 -2.569609e-01 -9.561696e-01 -1.207169e-01
-7.180877e-02 -2.709413e-01 -9.543122e-01 -1.035497e-01
-7.189911e-02 -2.847821e-01 -9.519858e-01 -8.632873e-02
-7.195278e-02 -2.984766e-01 -9.491917e-01 -6.906249e-02
-7.196961e-02 -3.120181e-01 -9.459313e-01 -5.175959e-02
-7.194944e-02 -3.253997e-01 -9.422065e-01 -3.442865e-02
-7.189214e-02 -3.386149e-01 -9.380191e-01 -1.707827e-02
-7.179757e-02 -3.516571e-01 -9.333715e-01 2.829100e-04
-7.166566e-02 -3.645200e-01 -9.282660e-01 1.764627e-02
-7.149632e-02 -3.771971e-01 -9.227055e-01 3.500319e-02
-7.128949e-02 -3.896822e-01 -9.166928e-01 5.234505e-02
-7.104513e-02 -4.019691e-01 -9.102310e-01 6.966328e-02
-7.076323e-02 -4.140518e-01 -9.033236e-01 8.694928e-02
-7.044378e-02 -4.259244e-01 -8.959741e-01 1.041945e-01
-7.008681e-02 -4.375811e-01 -8.881864e-01 1.213905e-01
-6.969235e-02 -4.490161e-01 -8.799644e-01 1.385286e-01
-6.926047e-02 -4.602240e-01 -8.713124e-01 1.556006e-01
-6.879125e-02 -4.711993e-01 -8.622348e-01 1.725978e-01
-6.828479e-02 -4.819367e-01 -8.527364e-01 1.895121e-01
-6.774120e-02 -4.924310e-01 -8.428218e-01 2.063350e-01
-6.716063e-02 -5.026772e-01 -8.324963e-01 2.230584e-01
-6.654324e-02 -5.126703e-01 -8.217649e-01 2.396739e-01
-6.588920e-02 -5.224055e-01 -8.106332e-01 2.561735e-01
-6.519871e-02 -5.318782e-01 -7.991068e-01 2.725490e-01
-6.447200e-02 -5.410840e-01 -7.871914e-01 2.887925e-01
-6.370930e-02 -5.500184e-01 -7.748931e-01 3.048961e-01
-6.291086e-02 -5.586772e-01 -7.622179e-01 3.208517e-01
-6.207696e-02 -5.670563e-01 -7.491724e-01 3.366517e-01
-6.120790e-02 -5.751518e-01 -7.357628e-01 3.522884e-01
-6.030399e-02 -5.829598e-01 -7.219960e-01 3.677541e-01
-5.936556e-02 -5.904768e-01 -7.078787e-01 3.830413e-01
-5.839297e-02 -5.976991e-01 -6.934180e-01 3.981425e-01
-5.738658e-02 -6.046235e-01 -6.786210e-01 4.130505e-01
-5.634678e-02 -6.112468e-01 -6.634949e-01 4.277580e-01
-5.527398e-02 -6.175658e-01 -6.480473e-01 4.422578e-01
-5.416861e-02 -6.235777e-01 -6.322857e-01 4.565428e-01
-5.303110e-02 -6.292798e-01 -6.162179e-01 4.706062e-01
-5.186193e-02 -6.346694e-01 -5.998516e-01 4.844410e-01
-5.066156e-02 -6.397442e-01 -5.831949e-01 4.980406e-01
-4.943051e-02 -6.445018e-01 -5.662560e-01 5.113983e-01
-4.816928e-02 -6.489401e-01 -5.490430e-01 5.245077e-01
-4.687840e-02 -6.530571e-01 -5.315643e-01 5.373623e-01
-4.555844e-02 -6.568511e-01 -5.138284e-01 5.499558e-01
-4.420994e-02 -6.603203e-01 -4.958440e-01 5.622822e-01
-4.283351e-02 -6.634633e-01 -4.776197e-01 5.743353e-01
-4.142974e-02 -6.662788e-01 -4.591644e-01 5.861094e-01
-3.999924e-02 -6.687655e-01 -4.404870e-01 5.975986e-01
-3.854266e-02 -6.709223e-01 -4.215965e-01 6.087973e-01
-3.706064e-02 -6.727486e-01 -4.025020e-01 6.196999e-01
-3.555386e-02 -6.742435e-01 -3.832128e-01 6.303012e-01
-3.402298e-02 -6.754064e-01 -3.637381e-01 6.405960e-01
-3.246873e-02 -6.762371e-01 -3.440875e-01 6.505790e-01
-3.089179e-02 -6.767352e-01 -3.242702e-01 6.602454e-01
-2.929292e-02 -6.769007e-01 -3.042960e-01 6.695904e-01
-2.767283e-02 -6.767336e-01 -2.841744e-01 6.786094e-01
-2.603230e-02 -6.762342e-01 -2.639151e-01 6.872979e-01
-2.437206e-02 -6.754028e-01 -2.435278e-01 6.956517e-01
-2.269289e-02 -6.742398e-01 -2.230224e-01 7.036666e-01
-2.099558e-02 -6.727460e-01 -2.024087e-01 7.113387e-01
-1.928092e-02 -6.709220e-01 -1.816966e-01 7.186642e-01
-1.754971e-02 -6.687688e-01 -1.608959e-01 7.256395e-01
-1.580279e-02 -6.662877e-01 -1.400169e-01 7.322611e-01
-1.404097e-02 -6.634797e-01 -1.190693e-01 7.385256e-01
-1.226512e-02 -6.603464e-01 -9.806336e-02 7.444298e-01
-1.047608e-02 -6.568893e-01 -7.700911e-02 7.499709e-01
-8.674709e-03 -6.531101e-01 -5.591666e-02 7.551459e-01
-6.861893e-03 -6.490107e-01 -3.479617e-02 7.599521e-01
-5.038514e-03 -6.445932e-01 -1.365777e-02 7.643872e-01
-3.205467e-03 -6.398596e-01 7.488352e-03 7.684487e-01
-1.363659e-03 -6.348124e-01 2.863202e-02 7.721344e-01
4.859951e-04 -6.294539e-01 4.976303e-02 7.754425e-01
2.342572e-03 -6.237869e-01 7.087120e-02 7.783711e-01
4.205139e-03 -6.178142e-01 9.194633e-02 7.809186e-01
6.072754e-03 -6.115386e-01 1.129782e-01 7.830834e-01
7.944469e-03 -6.049632e-01 1.339567e-01 7.848644e-01
9.819326e-03 -5.980912e-01 1.548716e-01 7.862603e-01
1.169636e-02 -5.909261e-01 1.757128e-01 7.872703e-01
1.357461e-02 -5.834714e-01 1.964701e-01 7.878936e-01
1.545309e-02 -5.757306e-01 2.171335e-01 7.881297e-01
1.733081e-02 -5.677077e-01 2.376929e-01 7.879782e-01
1.920680e-02 -5.594066e-01 2.581382e-01 7.874389e-01
2.108007e-02 -5.508313e-01 2.784595e-01 7.865118e-01
2.294961e-02 -5.419861e-01 2.986468e-01 7.851971e-01
2.481442e-02 -5.328753e-01 3.186903e-01 7.834951e-01
2.667351e-02 -5.235035e-01 3.385801e-01 7.814065e-01
2.852587e-02 -5.138753e-01 3.583064e-01 7.789320e-01
3.037049e-02 -5.039954e-01 3.778595e-01 7.760725e-01
3.220637e-02 -4.938687e-01 3.972299e-01 7.728291e-01
3.403249e-02 -4.835003e-01 4.164080e-01 7.692033e-01
3.584786e-02 -4.728953e-01 4.353842e-01 7.651964e-01
3.765145e-02 -4.620589e-01 4.541493e-01 7.608103e-01
3.944227e-02 -4.509965e-01 4.726939e-01 7.560469e-01
4.121931e-02 -4.397137e-01 4.910089e-01 7.509082e-01
4.298157e-02 -4.282160e-01 5.090852e-01 7.453965e-01
4.472806e-02 -4.165091e-01 5.269137e-01 7.395143e-01
4.645776e-02 -4.045989e-01 5.444858e-01 7.332644e-01
4.816971e-02 -3.924913e-01 5.617925e-01 7.266494e-01
4.986291e-02 -3.801924e-01 5.788254e-01 7.196726e-01
5.153638e-02 -3.677082e-01 5.955758e-01 7.123371e-01
5.318915e-02 -3.550450e-01 6.120356e-01 7.046463e-01
5.482025e-02 -3.422091e-01 6.281963e-01 6.966039e-01
5.642873e-02 -3.292068e-01 6.440501e-01 6.882137e-01
5.801365e-02 -3.160448e-01 6.595890e-01 6.794796e-01
5.957404e-02 -3.027295e-01 6.748051e-01 6.704057e-01
6.110900e-02 -2.892675e-01 6.896910e-01 6.609964e-01
6.261760e-02 -2.756657e-01 7.042391e-01 6.512563e-01
6.409893e-02 -2.619307e-01 7.184422e-01 6.411899e-01
6.555211e-02 -2.480695e-01 7.322930e-01 6.308022e-01
6.697625e-02 -2.340889e-01 7.457848e-01 6.200980e-01
6.837047e-02 -2.199959e-01 7.589107e-01 6.090827e-01
6.973394e-02 -2.057977e-01 7.716641e-01 5.977616e-01
7.106579e-02 -1.915012e-01 7.840387e-01 5.861402e-01
7.236520e-02 -1.771137e-01 7.960281e-01 5.742241e-01
7.363135e-02 -1.626423e-01 8.076264e-01 5.620192e-01
7.486345e-02 -1.480942e-01 8.188277e-01 5.495314e-01
7.606071e-02 -1.334768e-01 8.296264e-01 5.367669e-01
7.722237e-02 -1.187975e-01 8.400171e-01 5.237320e-01
7.834768e-02 -1.040636e-01 8.499944e-01 5.104331e-01
7.943590e-02 -8.928248e-02 8.595535e-01 4.968767e-01
8.048633e-02 -7.446170e-02 8.686894e-01 4.830696e-01
8.149827e-02 -5.960871e-02 8.773975e-01 4.690185e-01
8.247104e-02 -4.473101e-02 8.856736e-01 4.547306e-01
8.340398e-02 -2.983610e-02 8.935134e-01 4.402129e-01
8.429645e-02 -1.493152e-02 9.009130e-01 4.254725e-01
8.514783e-02 -2.479870e-05 9.078688e-01 4.105170e-01
8.595753e-02 1.487654e-02 9.143771e-01 3.953536e-01
8.672497e-02 2.976498e-02 9.204349e-01 3.799901e-01
8.744958e-02 4.463300e-02 9.260390e-01 3.644340e-01
8.813084e-02 5.947311e-02 9.311868e-01 3.486932e-01
8.876824e-02 7.427781e-02 9.358758e-01 3.327756e-01
8.936127e-02 8.903967e-02 9.401035e-01 3.166890e-01
8.990949e-02 1.037512e-01 9.438680e-01 3.004417e-01
9.041244e-02 1.184052e-01 9.471674e-01 2.840417e-01
9.086970e-02 1.329940e-01 9.500003e-01 2.674972e-01
9.128088e-02 1.475106e-01 9.523652e-01 2.508166e-01
9.164561e-02 1.619475e-01 9.542611e-01 2.340082e-01
9.196354e-02 1.762977e-01 9.556872e-01 2.170804e-01
9.223435e-02 1.905538e-01 9.566427e-01 2.000418e-01
9.245775e-02 2.047089e-01 9.571275e-01 1.829009e-01
9.263346e-02 2.187559e-01 9.571414e-01 1.656662e-01
9.276123e-02 2.326878e-01 9.566844e-01 1.483464e-01
9.284086e-02 2.464978e-01 9.557570e-01 1.309502e-01
9.287214e-02 2.601789e-01 9.543598e-01 1.134863e-01
9.285491e-02 2.737246e-01 9.524935e-01 9.596348e-02
9.278902e-02 2.871280e-01 9.501593e-01 7.839042e-02
9.267437e-02 3.003826e-01 9.473584e-01 6.077595e-02
9.251085e-02 3.134819e-01 9.440925e-01 4.312886e-02
9.229841e-02 3.264194e-01 9.403634e-01 2.545797e-02
9.203701e-02 3.391888e-01 9.361729e-01 7.772105e-03
9.172663e-02 3.517836e-01 9.315235e-01 -9.919931e-03
9.136730e-02 3.641979e-01 9.264176e-01 -2.760932e-02
9.095904e-02 3.764254e-01 9.208580e-01 -4.528726e-02
9.050193e-02 3.884604e-01 9.148475e-01 -6.294498e-02
8.999606e-02 4.002968e-01 9.083893e-01 -8.057369e-02
8.944156e-02 4.119289e-01 9.014868e-01 -9.816465e-02
8.883856e-02 4.233512e-01 8.941436e-01 -1.157092e-01
8.818724e-02 4.345581e-01 8.863636e-01 -1.331985e-01
8.748780e-02 4.455443e-01 8.781506e-01 -1.506241e-01
8.674046e-02 4.563044e-01 8.695091e-01 -1.679773e-01
8.594547e-02 4.668333e-01 8.604433e-01 -1.852495e-01
8.510311e-02 4.771261e-01 8.509579e-01 -2.024322e-01
8.421368e-02 4.871777e-01 8.410578e-01 -2.195171e-01
8.327751e-02 4.969835e-01 8.307479e-01 -2.364956e-01
8.229494e-02 5.065387e-01 8.200336e-01 -2.533594e-01
8.126635e-02 5.158390e-01 8.089201e-01 -2.701003e-01
8.019214e-02 5.248798e-01 7.974132e-01 -2.867100e-01
7.907274e-02 5.336570e-01 7.855185e-01 -3.031805e-01
7.790860e-02 5.421665e-01 7.732420e-01 -3.195037e-01
7.670019e-02 5.504043e-01 7.605898e-01 -3.356715e-01
7.544800e-02 5.583665e-01 7.475683e-01 -3.516761e-01
7.415257e-02 5.660496e-01 7.341838e-01 -3.675097e-01
7.281444e-02 5.734499e-01 7.204431e-01 -3.831645e-01
7.143417e-02 5.805641e-01 7.063528e-01 -3.986330e-01
7.001237e-02 5.873888e-01 6.919200e-01 -4.139075e-01
6.854964e-02 5.939211e-01 6.771516e-01 -4.289805e-01
6.704663e-02 6.001580e-01 6.620550e-01 -4.438449e-01
6.550400e-02 6.060966e-01 6.466376e-01 -4.584932e-01
6.392243e-02 6.117343e-01 6.309068e-01 -4.729183e-01
6.230264e-02 6.170685e-01 6.148703e-01 -4.871133e-01
6.064534e-02 6.220969e-01 5.985360e-01 -5.010711e-01
5.895130e-02 6.268173e-01 5.819117e-01 -5.147850e-01
5.722129e-02 6.312276e-01 5.650056e-01 -5.282482e-01
5.545609e-02 6.353258e-01 5.478257e-01 -5.414542e-01
5.365653e-02 6.391103e-01 5.303806e-01 -5.543965e-01
5.182343e-02 6.425794e-01 5.126785e-01 -5.670687e-01
4.995766e-02 6.457315e-01 4.947280e-01 -5.794646e-01
4.806009e-02 6.485655e-01 4.765379e-01 -5.915781e-01
4.613162e-02 6.510801e-01 4.581168e-01 -6.034033e-01
4.417316e-02 6.532744e-01 4.394737e-01 -6.149343e-01
4.218564e-02 6.551474e-01 4.206175e-01 -6.261654e-01
4.017002e-02 6.566985e-01 4.015574e-01 -6.370911e-01
3.812726e-02 6.579271e-01 3.823024e-01 -6.477061e-01
3.605835e-02 6.588327e-01 3.628620e-01 -6.580049e-01
3.396425e-02 6.594151e-01 3.432453e-01 -6.679827e-01
3.184598e-02 6.596741e-01 3.234618e-01 -6.776344e-01
2.970453e-02 6.596096e-01 3.035210e-01 -6.869554e-01
2.754094e-02 6.592219e-01 2.834324e-01 -6.959411e-01
2.535626e-02 6.585112e-01 2.632057e-01 -7.045870e-01
2.315153e-02 6.574779e-01 2.428506e-01 -7.128888e-01
2.092784e-02 6.561227e-01 2.223768e-01 -7.208423e-01
1.868627e-02 6.544462e-01 2.017941e-01 -7.284436e-01
1.642791e-02 6.524495e-01 1.811124e-01 -7.356889e-01
1.415390e-02 6.501334e-01 1.603416e-01 -7.425744e-01
1.186534e-02 6.474993e-01 1.394917e-01 -7.490967e-01
9.563381e-03 6.445485e-01 1.185726e-01 -7.552525e-01
7.249162e-03 6.412824e-01 9.759438e-02 -7.610385e-01
4.923844e-03 6.377028e-01 7.656715e-02 -7.664518e-01
2.588597e-03 6.338113e-01 5.550097e-02 -7.714896e-01
2.446026e-04 6.296099e-01 3.440599e-02 -7.761492e-01
-2.106949e-03 6.251008e-01 1.329236e-02 -7.804280e-01
-4.464857e-03 6.202860e-01 -7.829759e-03 -7.843239e-01
-6.827911e-03 6.151682e-01 -2.895016e-02 -7.878346e-01
-9.194893e-03 6.097496e-01 -5.005866e-02 -7.909583e-01
-1.156458e-02 6.040331e-01 -7.114504e-02 -7.936930e-01
-1.393573e-02 5.980215e-01 -9.219909e-02 -7.960373e-01
-1.630710e-02 5.917176e-01 -1.132106e-01 -7.979898e-01
-1.867746e-02 5.851247e-01 -1.341694e-01 -7.995491e-01
-2.104554e-02 5.782460e-01 -1.550653e-01 -8.007143e-01
-2.341009e-02 5.710849e-01 -1.758880e-01 -8.014845e-01
-2.576985e-02 5.636449e-01 -1.966276e-01 -8.018591e-01
-2.812354e-02 5.559297e-01 -2.172737e-01 -8.018375e-01
-3.046991e-02 5.479430e-01 -2.378164e-01 -8.014196e-01
-3.280769e-02 5.396890e-01 -2.582456e-01 -8.006052e-01
-3.513559e-02 5.311715e-01 -2.785512e-01 -7.993945e-01
-3.745235e-02 5.223950e-01 -2.987233e-01 -7.977877e-01
-3.975670e-02 5.133636e-01 -3.187520e-01 -7.957854e-01
-4.204737e-02 5.040819e-01 -3.386274e-01 -7.933882e-01
-4.432308e-02 4.945545e-01 -3.583398e-01 -7.905972e-01
-4.658257e-02 4.847861e-01 -3.778793e-01 -7.874133e-01
-4.882458e-02 4.747816e-01 -3.972363e-01 -7.838379e-01
-5.104784e-02 4.645459e-01 -4.164013e-01 -7.798725e-01
-5.325112e-02 4.540842e-01 -4.353648e-01 -7.755188e-01
-5.543314e-02 4.434015e-01 -4.541174e-01 -7.707786e-01
-5.759269e-02 4.325033e-01 -4.726496e-01 -7.656541e-01
-5.972852e-02 4.213950e-01 -4.909525e-01 -7.601476e-01
-6.183940e-02 4.100821e-01 -5.090168e-01 -7.542616e-01
-6.392413e-02 3.985701e-01 -5.268335e-01 -7.479987e-01
-6.598149e-02 3.868650e-01 -5.443938e-01 -7.413618e-01
-6.801030e-02 3.749725e-01 -5.616889e-01 -7.343540e-01
-7.000936e-02 3.628984e-01 -5.787102e-01 -7.269787e-01
-7.197751e-02 3.506489e-01 -5.954491e-01 -7.192391e-01
-7.391360e-02 3.382301e-01 -6.118974e-01 -7.111391e-01
-7.581648e-02 3.256481e-01 -6.280467e-01 -7.026823e-01
-7.768503e-02 3.129092e-01 -6.438891e-01 -6.938730e-01
-7.951815e-02 3.000198e-01 -6.594165e-01 -6.847152e-01
-8.131474e-02 2.869863e-01 -6.746211e-01 -6.752134e-01
-8.307374e-02 2.738152e-01 -6.894954e-01 -6.653721e-01
-8.479407e-02 2.605132e-01 -7.040319e-01 -6.551961e-01
-8.647471e-02 2.470867e-01 -7.182232e-01 -6.446904e-01
-8.811462e-02 2.335427e-01 -7.320623e-01 -6.338600e-01
-8.971280e-02 2.198878e-01 -7.455421e-01 -6.227102e-01
-9.126828e-02 2.061289e-01 -7.586558e-01 -6.112465e-01
-9.278008e-02 1.922729e-01 -7.713970e-01 -5.994745e-01
-9.424726e-02 1.783267e-01 -7.837591e-01 -5.874000e-01
-9.566891e-02 1.642974e-01 -7.957359e-01 -5.750289e-01
-9.704414e-02 1.501919e-01 -8.073213e-01 -5.623674e-01
-9.837208e-02 1.360176e-01 -8.185096e-01 -5.494217e-01
-9.965187e-02 1.217814e-01 -8.292951e-01 -5.361982e-01
-1.008827e-01 1.074906e-01 -8.396723e-01 -5.227035e-01
-1.020638e-01 9.315239e-02 -8.496360e-01 -5.089443e-01
-1.031943e-01 7.877407e-02 -8.591812e-01 -4.949275e-01
-1.042735e-01 6.436286e-02 -8.683032e-01 -4.806601e-01
-1.053007e-01 4.992607e-02 -8.769972e-01 -4.661492e-01
-1.062752e-01 3.547097e-02 -8.852590e-01 -4.514021e-01
-1.071963e-01 2.100489e-02 -8.930845e-01 -4.364261e-01
-1.080634e-01 6.535107e-03 -9.004697e-01 -4.212289e-01
-1.088759e-01 -7.931063e-03 -9.074111e-01 -4.058181e-01
-1.096332e-01 -2.238633e-02 -9.139050e-01 -3.902013e-01
-1.103346e-01 -3.682341e-02 -9.199484e-01 -3.743865e-01
-1.109798e-01 -5.123505e-02 -9.255383e-01 -3.583816e-01
-1.115682e-01 -6.561399e-02 -9.306719e-01 -3.421947e-01
-1.120993e-01 -7.995303e-02 -9.353468e-01 -3.258339e-01
-1.125728e-01 -9.424496e-02 -9.395606e-01 -3.093074e-01
-1.129882e-01 -1.084827e-01 -9.433115e-01 -2.926237e-01
-1.133451e-01 -1.226590e-01 -9.465976e-01 -2.757911e-01
-1.136432e-01 -1.367669e-01 -9.494173e-01 -2.588181e-01
-1.138822e-01 -1.507993e-01 -9.517695e-01 -2.417132e-01
-1.140618e-01 -1.647493e-01 -9.536530e-01 -2.244851e-01
-1.141818e-01 -1.786100e-01 -9.550670e-01 -2.071424e-01
-1.142420e-01 -1.923745e-01 -9.560110e-01 -1.896939e-01
-1.142421e-01 -2.060359e-01 -9.564847e-01 -1.721483e-01
-1.141822e-01 -2.195877e-01 -9.564878e-01 -1.545145e-01
-1.140619e-01 -2.330230e-01 -9.560207e-01 -1.368013e-01
-1.138814e-01 -2.463354e-01 -9.550836e-01 -1.190177e-01
-1.136404e-01 -2.595183e-01 -9.536772e-01 -1.011725e-01
-1.133391e-01 -2.725652e-01 -9.518024e-01 -8.327469e-02
-1.129774e-01 -2.854697e-01 -9.494602e-01 -6.533328e-02
-1.125554e-01 -2.982254e-01 -9.466521e-01 -4.735724e-02
-1.120732e-01 -3.108262e-01 -9.433795e-01 -2.935557e-02
-1.115308e-01 -3.232659e-01 -9.396444e-01 -1.133726e-02
-1.109285e-01 -3.355383e-01 -9.354486e-01 6.688673e-03
-1.102663e-01 -3.476376e-01 -9.307947e-01 2.471325e-02
-1.095446e-01 -3.595579e-01 -9.256849e-01 4.272748e-02
-1.087636e-01 -3.712933e-01 -9.201220e-01 6.072240e-02
-1.079235e-01 -3.828384e-01 -9.141090e-01 7.868906e-02
-1.070246e-01 -3.941874e-01 -9.076491e-01 9.661854e-02
-1.060674e-01 -4.053351e-01 -9.007455e-01 1.145019e-01
-1.050521e-01 -4.162760e-01 -8.934019e-01 1.323304e-01
-1.039792e-01 -4.270049e-01 -8.856222e-01 1.500951e-01
-1.028491e-01 -4.375167e-01 -8.774102e-01 1.677873e-01
-1.016623e-01 -4.478065e-01 -8.687702e-01 1.853981e-01
-1.004192e-01 -4.578694e-01 -8.597066e-01 2.029191e-01
-9.912047e-02 -4.677006e-01 -8.502241e-01 2.203414e-01
-9.776654e-02 -4.772954e-01 -8.403274e-01 2.376566e-01
-9.635805e-02 -4.866495e-01 -8.300215e-01 2.548561e-01
-9.489559e-02 -4.957584e-01 -8.193117e-01 2.719315e-01
-9.337982e-02 -5.046180e-01 -8.082033e-01 2.888744e-01
-9.181141e-02 -5.132240e-01 -7.967018e-01 3.056764e-01
-9.019106e-02 -5.215725e-01 -7.848130e-01 3.223295e-01
-8.851950e-02 -5.296597e-01 -7.725427e-01 3.388254e-01
-8.679749e-02 -5.374819e-01 -7.598971e-01 3.551560e-01
-8.502581e-02 -5.450354e-01 -7.468825e-01 3.713133e-01
-8.320528e-02 -5.523169e-01 -7.335051e-01 3.872895e-01
-8.133674e-02 -5.593231e-01 -7.197716e-01 4.030767e-01
-7.942105e-02 -5.660507e-01 -7.056888e-01 4.186672e-01
-7.745910e-02 -5.724968e-01 -6.912634e-01 4.340534e-01
-7.545183e-02 -5.786584e-01 -6.765027e-01 4.492278e-01
-7.340017e-02 -5.845329e-01 -6.614136e-01 4.641828e-01
-7.130509e-02 -5.901176e-01 -6.460037e-01 4.789113e-01
-6.916759e-02 -5.954100e-01 -6.302803e-01 4.934060e-01
-6.698870e-02 -6.004078e-01 -6.142512e-01 5.076598e-01
-6.476945e-02 -6.051089e-01 -5.979240e-01 5.216656e-01
-6.251091e-02 -6.095111e-01 -5.813067e-01 5.354167e-01
-6.021419e-02 -6.136127e-01 -5.644073e-01 5.489063e-01
-5.788038e-02 -6.174117e-01 -5.472340e-01 5.621277e-01
-5.551064e-02 -6.209067e-01 -5.297950e-01 5.750745e-01
-5.310612e-02 -6.240962e-01 -5.120988e-01 5.877402e-01
-5.066800e-02 -6.269787e-01 -4.941538e-01 6.001187e-01
-4.819748e-02 -6.295533e-01 -4.759688e-01 6.122037e-01
-4.569578e-02 -6.318187e-01 -4.575525e-01 6.239893e-01
-4.316412e-02 -6.337742e-01 -4.389137e-01 6.354698e-01
-4.060371e-02 -6.354188e-01 -4.200614e-01 6.466396e-01
-3.801581e-02 -6.367519e-01 -4.010046e-01 6.574930e-01
-3.540167e-02 -6.377731e-01 -3.817524e-01 6.680249e-01
-3.276258e-02 -6.384819e-01 -3.623141e-01 6.782300e-01
-3.009983e-02 -6.388782e-01 -3.426989e-01 6.881033e-01
-2.741473e-02 -6.389618e-01 -3.229162e-01 6.976399e-01
-2.470862e-02 -6.387329e-01 -3.029756e-01 7.068349e-01
-2.198284e-02 -6.381916e-01 -2.828865e-01 7.156839e-01
-1.923874e-02 -6.373383e-01 -2.626585e-01 7.241824e-01
-1.647771e-02 -6.361737e-01 -2.423014e-01 7.323261e-01
-1.370113e-02 -6.346982e-01 -2.218249e-01 7.401109e-01
-1.091039e-02 -6.329127e-01 -2.012388e-01 7.475329e-01
-8.106915e-03 -6.308182e-01 -1.805530e-01 7.545882e-01
-5.292113e-03 -6.284157e-01 -1.597773e-01 7.612732e-01
-2.467418e-03 -6.257065e-01 -1.389218e-01 7.675845e-01
3.657270e-04 -6.226920e-01 -1.179964e-01 7.735188e-01
3.205870e-03 -6.193737e-01 -9.701122e-02 7.790731e-01
6.051549e-03 -6.157531e-01 -7.597635e-02 7.842442e-01
8.901291e-03 -6.118323e-01 -5.490192e-02 7.890296e-01
1.175362e-02 -6.076131e-01 -3.379808e-02 7.934267e-01
1.460704e-02 -6.030976e-01 -1.267503e-02 7.974329e-01
1.746006e-02 -5.982881e-01 8.457031e-03 8.010462e-01
2.031118e-02 -5.931869e-01 2.958787e-02 8.042644e-01
2.315889e-02 -5.877967e-01 5.070724e-02 8.070858e-01
2.600168e-02 -5.821200e-01 7.180489e-02 8.095086e-01
2.883804e-02 -5.761597e-01 9.287057e-02 8.115315e-01
3.166644e-02 -5.699188e-01 1.138940e-01 8.131531e-01
3.448537e-02 -5.634003e-01 1.348650e-01 8.143724e-01
3.729330e-02 -5.566074e-01 1.557733e-01 8.151884e-01
4.008871e-02 -5.495436e-01 1.766086e-01 8.156005e-01
4.287009e-02 -5.422123e-01 1.973608e-01 8.156082e-01
4.563589e-02 -5.346172e-01 2.180197e-01 8.152112e-01
4.838462e-02 -5.267621e-01 2.385751e-01 8.144094e-01
5.111476e-02 -5.186507e-01 2.590169e-01 8.132029e-01
5.382479e-02 -5.102873e-01 2.793352e-01 8.115920e-01
5.651321e-02 -5.016758e-01 2.995197e-01 8.095774e-01
5.917851e-02 -4.928207e-01 3.195607e-01 8.071596e-01
6.181922e-02 -4.837263e-01 3.394482e-01 8.043396e-01
6.443384e-02 -4.743971e-01 3.591723e-01 8.011185e-01
6.702091e-02 -4.648378e-01 3.787233e-01 7.974978e-01
6.957895e-02 -4.550531e-01 3.980915e-01 7.934788e-01
7.210651e-02 -4.450479e-01 4.172672e-01 7.890634e-01
7.460216e-02 -4.348272e-01 4.362410e-01 7.842536e-01
7.706446e-02 -4.243960e-01 4.550033e-01 7.790514e-01
7.949200e-02 -4.137596e-01 4.735449e-01 7.734592e-01
8.188339e-02 -4.029233e-01 4.918566e-01 7.674797e-01
8.423725e-02 -3.918924e-01 5.099291e-01 7.611155e-01
8.655221e-02 -3.806724e-01 5.277535e-01 7.543696e-01
8.882694e-02 -3.692690e-01 5.453208e-01 7.472452e-01
9.106013e-02 -3.576879e-01 5.626223e-01 7.397456e-01
9.325048e-02 -3.459347e-01 5.796494e-01 7.318744e-01
9.539671e-02 -3.340154e-01 5.963934e-01 7.236354e-01
9.749755e-02 -3.219359e-01 6.128460e-01 7.150324e-01
9.955177e-02 -3.097023e-01 6.289989e-01 7.060696e-01
1.015581e-01 -2.973207e-01 6.448440e-01 6.967514e-01
1.035155e-01 -2.847972e-01 6.603734e-01 6.870822e-01
1.054226e-01 -2.721382e-01 6.755793e-01 6.770668e-01
1.072784e-01 -2.593499e-01 6.904539e-01 6.667101e-01
1.090817e-01 -2.464389e-01 7.049899e-01 6.560170e-01
1.108315e-01 -2.334114e-01 7.191799e-01 6.449929e-01
1.125266e-01 -2.202741e-01 7.330167e-01 6.336431e-01
1.141661e-01 -2.070336e-01 7.464934e-01 6.219733e-01
1.157489e-01 -1.936965e-01 7.596032e-01 6.099892e-01
1.172740e-01 -1.802696e-01 7.723394e-01 5.976969e-01
1.187406e-01 -1.667596e-01 7.846956e-01 5.851023e-01
1.201476e-01 -1.531735e-01 7.966657e-01 5.722117e-01
1.214942e-01 -1.395180e-01 8.082435e-01 5.590316e-01
1.227796e-01 -1.258000e-01 8.194232e-01 5.455686e-01
1.240029e-01 -1.120266e-01 8.301992e-01 5.318295e-01
1.251634e-01 -9.820459e-02 8.405661e-01 5.178210e-01
1.262602e-01 -8.434105e-02 8.505187e-01 5.035503e-01
1.272926e-01 -7.044297e-02 8.600520e-01 4.890245e-01
1.282600e-01 -5.651735e-02 8.691612e-01 4.742510e-01
1.291617e-01 -4.257124e-02 8.778418e-01 4.592371e-01
1.299971e-01 -2.861167e-02 8.860895e-01 4.439905e-01
1.307656e-01 -1.464566e-02 8.939001e-01 4.285189e-01
1.314666e-01 -6.802490e-04 9.012699e-01 4.128300e-01
1.320996e-01 1.327754e-02 9.081952e-01 3.969319e-01
1.326642e-01 2.722070e-02 9.146726e-01 3.808324e-01
1.331599e-01 4.114225e-02 9.206989e-01 3.645399e-01
1.335864e-01 5.503521e-02 9.262712e-01 3.480625e-01
1.339431e-01 6.889265e-02 9.313868e-01 3.314085e-01
1.342299e-01 8.270764e-02 9.360433e-01 3.145865e-01
1.344465e-01 9.647332e-02 9.402385e-01 2.976048e-01
1.345925e-01 1.101828e-01 9.439704e-01 2.804720e-01
1.346678e-01 1.238294e-01 9.472372e-01 2.631969e-01
1.346723e-01 1.374063e-01 9.500374e-01 2.457881e-01
1.346057e-01 1.509067e-01 9.523699e-01 2.282545e-01
1.344681e-01 1.643241e-01 9.542335e-01 2.106048e-01
1.342593e-01 1.776519e-01 9.556275e-01 1.928480e-01
1.339793e-01 1.908835e-01 9.565514e-01 1.749930e-01
1.336283e-01 2.040124e-01 9.570048e-01 1.570488e-01
1.332061e-01 2.170323e-01 9.569876e-01 1.390244e-01
1.327130e-01 2.299367e-01 9.565002e-01 1.209289e-01
1.321491e-01 2.427195e-01 9.555427e-01 1.027715e-01
1.315145e-01 2.553742e-01 9.541160e-01 8.456112e-02
1.308095e-01 2.678948e-01 9.522209e-01 6.630701e-02
1.300344e-01 2.802751e-01 9.498585e-01 4.801830e-02
1.291894e-01 2.925091e-01 9.470302e-01 2.970413e-02
1.282748e-01 3.045909e-01 9.437376e-01 1.137367e-02
1.272910e-01 3.165145e-01 9.399825e-01 -6.963924e-03
1.262384e-01 3.282744e-01 9.357669e-01 -2.529951e-02
1.251175e-01 3.398648e-01 9.310932e-01 -4.362396e-02
1.239288e-01 3.512801e-01 9.259637e-01 -6.192815e-02
1.226727e-01 3.625149e-01 9.203814e-01 -8.020297e-02
1.213498e-01 3.735638e-01 9.143490e-01 -9.843937e-02
1.199606e-01 3.844215e-01 9.078697e-01 -1.166283e-01
1.185059e-01 3.950829e-01 9.009469e-01 -1.347608e-01
1.169862e-01 4.055429e-01 8.935842e-01 -1.528278e-01
1.154023e-01 4.157966e-01 8.857854e-01 -1.708205e-01
1.137548e-01 4.258392e-01 8.775545e-01 -1.887299e-01
1.120445e-01 4.356659e-01 8.688956e-01 -2.065473e-01
1.102722e-01 4.452721e-01 8.598131e-01 -2.242639e-01
1.084387e-01 4.546533e-01 8.503116e-01 -2.418710e-01
1.065450e-01 4.638053e-01 8.403959e-01 -2.593598e-01
1.045918e-01 4.727237e-01 8.300710e-01 -2.767219e-01
1.025801e-01 4.814044e-01 8.193420e-01 -2.939486e-01
1.005108e-01 4.898435e-01 8.082142e-01 -3.110317e-01
9.838496e-02 4.980371e-01 7.966932e-01 -3.279626e-01
9.620357e-02 5.059814e-01 7.847846e-01 -3.447330e-01
9.396767e-02 5.136727e-01 7.724943e-01 -3.613349e-01
9.167833e-02 5.211077e-01 7.598284e-01 -3.777600e-01
8.933667e-02 5.282829e-01 7.467931e-01 -3.940003e-01
8.694380e-02 5.351951e-01 7.333947e-01 -4.100478e-01
8.450091e-02 5.418412e-01 7.196398e-01 -4.258947e-01
8.200918e-02 5.482182e-01 7.055351e-01 -4.415332e-01
7.946982e-02 5.543233e-01 6.910874e-01 -4.569556e-01
7.688409e-02 5.601537e-01 6.763038e-01 -4.721545e-01
7.425326e-02 5.657069e-01 6.611914e-01 -4.871222e-01
7.157863e-02 5.709804e-01 6.457575e-01 -5.018516e-01
6.886153e-02 5.759720e-01 6.300097e-01 -5.163353e-01
6.610330e-02 5.806793e-01 6.139555e-01 -5.305662e-01
6.330532e-02 5.851005e-01 5.976027e-01 -5.445373e-01
6.046900e-02 5.892335e-01 5.809591e-01 -5.582418e-01
5.759575e-02 5.930766e-01 5.640329e-01 -5.716728e-01
5.468701e-02 5.966282e-01 5.468320e-01 -5.848238e-01
5.174426e-02 5.998867e-01 5.293649e-01 -5.976883e-01
4.876892e-02 6.028508e-01 5.116399e-01 -6.102599e-01
4.576246e-02 6.055191e-01 4.936655e-01 -6.225326e-01
4.272636e-02 6.078906e-01 4.754503e-01 -6.345002e-01
3.966212e-02 6.099641e-01 4.570030e-01 -6.461570e-01
3.657125e-02 6.117390e-01 4.383326e-01 -6.574972e-01
3.345531e-02 6.132143e-01 4.194478e-01 -6.685152e-01
3.031582e-02 6.143896e-01 4.003577e-01 -6.792055e-01
2.715438e-02 6.152644e-01 3.810716e-01 -6.895628e-01
2.397256e-02 6.158384e-01 3.615985e-01 -6.995820e-01
2.077196e-02 6.161114e-01 3.419478e-01 -7.092581e-01
1.755420e-02 6.160834e-01 3.221289e-01 -7.185862e-01
1.432092e-02 6.157546e-01 3.021513e-01 -7.275616e-01
1.107375e-02 6.151251e-01 2.820245e-01 -7.361798e-01
7.814354e-03 6.141955e-01 2.617582e-01 -7.444364e-01
4.544396e-03 6.129661e-01 2.413621e-01 -7.523272e-01
1.265546e-03 6.114378e-01 2.208460e-01 -7.598482e-01
-2.020515e-03 6.096112e-01 2.002198e-01 -7.669955e-01
-5.312093e-03 6.074875e-01 1.794932e-01 -7.737654e-01
-8.607488e-03 6.050676e-01 1.586763e-01 -7.801544e-01
-1.190499e-02 6.023528e-01 1.377792e-01 -7.861592e-01
-1.520288e-02 5.993445e-01 1.168118e-01 -7.917765e-01
-1.849943e-02 5.960441e-01 9.578431e-02 -7.970035e-01
-2.179291e-02 5.924535e-01 7.470687e-02 -8.018371e-01
-2.508159e-02 5.885743e-01 5.358967e-02 -8.062750e-01
-2.836372e-02 5.844085e-01 3.244295e-02 -8.103145e-01
-3.163756e-02 5.799582e-01 1.127696e-02 -8.139535e-01
-3.490137e-02 5.752256e-01 -9.898012e-03 -8.171899e-01
-3.815339e-02 5.702131e-01 -3.107167e-02 -8.200219e-01
-4.139188e-02 5.649231e-01 -5.223368e-02 -8.224477e-01
-4.461508e-02 5.593584e-01 -7.337373e-02 -8.244659e-01
-4.782126e-02 5.535216e-01 -9.448149e-02 -8.260752e-01
-5.100867e-02 5.474157e-01 -1.155466e-01 -8.272746e-01
-5.417556e-02 5.410436e-01 -1.365588e-01 -8.280631e-01
-5.732021e-02 5.344087e-01 -1.575077e-01 -8.284401e-01
-6.044089e-02 5.275141e-01 -1.783830e-01 -8.284052e-01
-6.353586e-02 5.203634e-01 -1.991746e-01 -8.279581e-01
-6.660343e-02 5.129600e-01 -2.198720e-01 -8.270987e-01
-6.964188e-02 5.053077e-01 -2.404651e-01 -8.258272e-01
-7.264953e-02 4.974103e-01 -2.609438e-01 -8.241440e-01
-7.562468e-02 4.892717e-01 -2.812978e-01 -8.220497e-01
-7.856567e-02 4.808959e-01 -3.015172e-01 -8.195450e-01
-8.147085e-02 4.722872e-01 -3.215919e-01 -8.166309e-01
-8.433858e-02 4.634497e-01 -3.415119e-01 -8.133087e-01
-8.716723e-02 4.543880e-01 -3.612673e-01 -8.095797e-01
-8.995519e-02 4.451066e-01 -3.808484e-01 -8.054456e-01
-9.270088e-02 4.356100e-01 -4.002454e-01 -8.009083e-01
-9.540275e-02 4.259030e-01 -4.194485e-01 -7.959698e-01
-9.805926e-02 4.159904e-01 -4.384483e-01 -7.906323e-01
-1.006689e-01 4.058771e-01 -4.572353e-01 -7.848983e-01
-1.032302e-01 3.955683e-01 -4.758001e-01 -7.787705e-01
-1.057417e-01 3.850690e-01 -4.941334e-01 -7.722517e-01
-1.082019e-01 3.743845e-01 -5.122260e-01 -7.653451e-01
-1.106095e-01 3.635202e-01 -5.300689e-01 -7.580538e-01
-1.129630e-01 3.524814e-01 -5.476532e-01 -7.503814e-01
-1.152611e-01 3.412737e-01 -5.649699e-01 -7.423316e-01
-1.175024e-01 3.299026e-01 -5.820105e-01 -7.339082e-01
-1.196857e-01 3.183740e-01 -5.987664e-01 -7.251153e-01
-1.218095e-01 3.066935e-01 -6.152291e-01 -7.159572e-01
-1.238728e-01 2.948670e-01 -6.313904e-01 -7.064384e-01
-1.258742e-01 2.829004e-01 -6.472422e-01 -6.965635e-01
-1.278126e-01 2.707997e-01 -6.627764e-01 -6.863373e-01
-1.296868e-01 2.585709e-01 -6.779853e-01 -6.757650e-01
-1.314957e-01 2.462202e-01 -6.928613e-01 -6.648517e-01
-1.332382e-01 2.337539e-01 -7.073967e-01 -6.536028e-01
-1.349133e-01 2.211781e-01 -7.215844e-01 -6.420239e-01
-1.365200e-01 2.084993e-01 -7.354170e-01 -6.301207e-01
-1.380572e-01 1.957239e-01 -7.488877e-01 -6.178993e-01
-1.395241e-01 1.828584e-01 -7.619896e-01 -6.053657e-01
-1.409197e-01 1.699092e-01 -7.747162e-01 -5.925262e-01
-1.422432e-01 1.568829e-01 -7.870611e-01 -5.793872e-01
-1.434938e-01 1.437861e-01 -7.990179e-01 -5.659554e-01
-1.446706e-01 1.306254e-01 -8.105808e-01 -5.522374e-01
-1.457730e-01 1.174075e-01 -8.217439e-01 -5.382403e-01
-1.468001e-01 1.041391e-01 -8.325017e-01 -5.239711e-01
-1.477514e-01 9.082686e-02 -8.428488e-01 -5.094369e-01
-1.486262e-01 7.747752e-02 -8.527799e-01 -4.946452e-01
-1.494239e-01 6.409780e-02 -8.622903e-01 -4.796035e-01
-1.501440e-01 5.069446e-02 -8.713751e-01 -4.643193e-01
-1.507859e-01 3.727422e-02 -8.800298e-01 -4.488003e-01
-1.513493e-01 2.384384e-02 -8.882503e-01 -4.330546e-01
-1.518337e-01 1.041006e-02 -8.960324e-01 -4.170900e-01
-1.522387e-01 -3.020407e-03 -9.033724e-01 -4.009146e-01
-1.525640e-01 -1.644083e-02 -9.102667e-01 -3.845366e-01
-1.528093e-01 -2.984453e-02 -9.167120e-01 -3.679644e-01
-1.529743e-01 -4.322481e-02 -9.227051e-01 -3.512063e-01
-1.530590e-01 -5.657503e-02 -9.282431e-01 -3.342708e-01
-1.530630e-01 -6.988857e-02 -9.333235e-01 -3.171664e-01
-1.529864e-01 -8.315884e-02 -9.379438e-01 -2.999020e-01
-1.528291e-01 -9.637929e-02 -9.421019e-01 -2.824860e-01
-1.525909e-01 -1.095434e-01 -9.457958e-01 -2.649275e-01
-1.522721e-01 -1.226447e-01 -9.490239e-01 -2.472352e-01
-1.518725e-01 -1.356768e-01 -9.517846e-01 -2.294180e-01
-1.513924e-01 -1.486333e-01 -9.540768e-01 -2.114850e-01
-1.508319e-01 -1.615079e-01 -9.558995e-01 -1.934451e-01
-1.501912e-01 -1.742943e-01 -9.572520e-01 -1.753075e-01
-1.494706e-01 -1.869864e-01 -9.581337e-01 -1.570813e-01
-1.486703e-01 -1.995779e-01 -9.585443e-01 -1.387756e-01
-1.477907e-01 -2.120627e-01 -9.584838e-01 -1.203997e-01
-1.468322e-01 -2.244348e-01 -9.579525e-01 -1.019627e-01
-1.457951e-01 -2.366882e-01 -9.569507e-01 -8.347385e-02
-1.446799e-01 -2.488167e-01 -9.554792e-01 -6.494251e-02
-1.434872e-01 -2.608147e-01 -9.535388e-01 -4.637789e-02
-1.422174e-01 -2.726763e-01 -9.511307e-01 -2.778928e-02
-1.408711e-01 -2.843956e-01 -9.482563e-01 -9.185946e-03
-1.394489e-01 -2.959672e-01 -9.449172e-01 9.422841e-03
-1.379516e-01 -3.073854e-01 -9.411153e-01 2.802782e-02
-1.363797e-01 -3.186448e-01 -9.368525e-01 4.661975e-02
-1.347340e-01 -3.297399e-01 -9.321313e-01 6.518940e-02
-1.330153e-01 -3.406654e-01 -9.269540e-01 8.372757e-02
-1.312245e-01 -3.514162e-01 -9.213234e-01 1.022251e-01
-1.293622e-01 -3.619872e-01 -9.152425e-01 1.206728e-01
-1.274295e-01 -3.723733e-01 -9.087143e-01 1.390616e-01
-1.254273e-01 -3.825697e-01 -9.017423e-01 1.573824e-01
-1.233565e-01 -3.925716e-01 -8.943300e-01 1.756262e-01
-1.212181e-01 -4.023742e-01 -8.864812e-01 1.937840e-01
-1.190131e-01 -4.119731e-01 -8.781998e-01 2.118469e-01
-1.167426e-01 -4.213637e-01 -8.694901e-01 2.298060e-01
-1.144078e-01 -4.305417e-01 -8.603563e-01 2.476525e-01
-1.120097e-01 -4.395028e-01 -8.508031e-01 2.653776e-01
-1.095496e-01 -4.482429e-01 -8.408351e-01 2.829726e-01
-1.070286e-01 -4.567580e-01 -8.304574e-01 3.004290e-01
-1.044479e-01 -4.650441e-01 -8.196750e-01 3.177381e-01
-1.018090e-01 -4.730975e-01 -8.084933e-01 3.348915e-01
-9.911290e-02 -4.809145e-01 -7.969177e-01 3.518807e-01
-9.636114e-02 -4.884915e-01 -7.849540e-01 3.686975e-01
-9.355502e-02 -4.958251e-01 -7.726079e-01 3.853336e-01
-9.069594e-02 -5.029120e-01 -7.598855e-01 4.017808e-01
-8.778534e-02 -5.097489e-01 -7.467930e-01 4.180311e-01
-8.482466e-02 -5.163329e-01 -7.333367e-01 4.340766e-01
-8.181540e-02 -5.226608e-01 -7.195232e-01 4.499092e-01
-7.875906e-02 -5.287300e-01 -7.053591e-01 4.655214e-01
-7.565718e-02 -5.345377e-01 -6.908513e-01 4.809053e-01
-7.251134e-02 -5.400812e-01 -6.760069e-01 4.960535e-01
-6.932313e-02 -5.453583e-01 -6.608329e-01 5.109584e-01
-6.609417e-02 -5.503664e-01 -6.453368e-01 5.256128e-01
-6.282609e-02 -5.551035e-01 -6.295259e-01 5.400094e-01
-5.952058e-02 -5.595674e-01 -6.134080e-01 5.541411e-01
-5.617929e-02 -5.637562e-01 -5.969907e-01 5.680009e-01
-5.280390e-02 -5.676680e-01 -5.802819e-01 5.815821e-01
-4.939607e-02 -5.713010e-01 -5.632897e-01 5.948780e-01
-4.595750e-02 -5.746538e-01 -5.460222e-01 6.078821e-01
-4.248988e-02 -5.777246e-01 -5.284877e-01 6.205881e-01
-3.899495e-02 -5.805123e-01 -5.106946e-01 6.329897e-01
-3.547445e-02 -5.830156e-01 -4.926513e-01 6.450807e-01
-3.193016e-02 -5.852333e-01 -4.743665e-01 6.568553e-01
-2.836384e-02 -5.871647e-01 -4.558489e-01 6.683075e-01
-2.477730e-02 -5.888087e-01 -4.371075e-01 6.794317e-01
-2.117235e-02 -5.901648e-01 -4.181511e-01 6.902224e-01
-1.755081e-02 -5.912323e-01 -3.989888e-01 7.006742e-01
-1.391454e-02 -5.920110e-01 -3.796297e-01 7.107817e-01
-1.026539e-02 -5.925004e-01 -3.600833e-01 7.205400e-01
-6.605217e-03 -5.927004e-01 -3.403587e-01 7.299442e-01
-2.935916e-03 -5.926111e-01 -3.204656e-01 7.389893e-01
7.406246e-04 -5.922326e-01 -3.004133e-01 7.476710e-01
4.422512e-03 -5.915651e-01 -2.802116e-01 7.559846e-01
8.107848e-03 -5.906090e-01 -2.598701e-01 7.639259e-01
1.179472e-02 -5.893648e-01 -2.393987e-01 7.714910e-01
1.548123e-02 -5.878332e-01 -2.188071e-01 7.786757e-01
1.916544e-02 -5.860150e-01 -1.981053e-01 7.854765e-01
2.284542e-02 -5.839112e-01 -1.773033e-01 7.918897e-01
2.651925e-02 -5.815228e-01 -1.564112e-01 7.979120e-01
3.018499e-02 -5.788510e-01 -1.354390e-01 8.035401e-01
3.384070e-02 -5.758972e-01 -1.143969e-01 8.087710e-01
3.748443e-02 -5.726629e-01 -9.329509e-02 8.136020e-01
4.111425e-02 -5.691497e-01 -7.214389e-02 8.180303e-01
4.472820e-02 -5.653593e-01 -5.095358e-02 8.220535e-01
4.832436e-02 -5.612937e-01 -2.973447e-02 8.256694e-01
5.190077e-02 -5.569550e-01 -8.496941e-03 8.288759e-01
5.545551e-02 -5.523451e-01 1.274863e-02 8.316712e-01
5.898664e-02 -5.474666e-01 3.399184e-02 8.340536e-01
6.249225e-02 -5.423217e-01 5.522226e-02 8.360217e-01
6.597041e-02 -5.369132e-01 7.642947e-02 8.375743e-01
6.941921e-02 -5.312436e-01 9.760303e-02 8.387102e-01
7.283677e-02 -5.253158e-01 1.187325e-01 8.394288e-01
7.622118e-02 -5.191328e-01 1.398075e-01 8.397293e-01
7.957058e-02 -5.126977e-01 1.608176e-01 8.396114e-01
8.288311e-02 -5.060136e-01 1.817524e-01 8.390749e-01
8.615692e-02 -4.990840e-01 2.026015e-01 8.381198e-01
8.939018e-02 -4.919122e-01 2.233547e-01 8.367464e-01
9.258108e-02 -4.845018e-01 2.440016e-01 8.349551e-01
9.572784e-02 -4.768566e-01 2.645319e-01 8.327466e-01
9.882867e-02 -4.689803e-01 2.849355e-01 8.301217e-01
1.018818e-01 -4.608770e-01 3.052023e-01 8.270817e-01
1.048856e-01 -4.525505e-01 3.253221e-01 8.236277e-01
1.078384e-01 -4.440051e-01 3.452849e-01 8.197613e-01
1.107385e-01 -4.352451e-01 3.650808e-01 8.154843e-01
1.135842e-01 -4.262748e-01 3.847000e-01 8.107986e-01
1.163741e-01 -4.170986e-01 4.041325e-01 8.057063e-01
1.191064e-01 -4.077213e-01 4.233688e-01 8.002099e-01
1.217798e-01 -3.981474e-01 4.423991e-01 7.943119e-01
1.243926e-01 -3.883818e-01 4.612140e-01 7.880150e-01
1.269434e-01 -3.784293e-01 4.798040e-01 7.813224e-01
1.294306e-01 -3.682950e-01 4.981599e-01 7.742372e-01
1.318530e-01 -3.579839e-01 5.162723e-01 7.667628e-01
1.342090e-01 -3.475011e-01 5.341322e-01 7.589029e-01
1.364974e-01 -3.368520e-01 5.517307e-01 7.506613e-01
1.387167e-01 -3.260419e-01 5.690589e-01 7.420420e-01
1.408658e-01 -3.150761e-01 5.861081e-01 7.330492e-01
1.429433e-01 -3.039603e-01 6.028697e-01 7.236874e-01
1.449481e-01 -2.926998e-01 6.193353e-01 7.139612e-01
1.468789e-01 -2.813004e-01 6.354967e-01 7.038754e-01
1.487346e-01 -2.697678e-01 6.513457e-01 6.934350e-01
1.505141e-01 -2.581078e-01 6.668744e-01 6.826452e-01
1.522165e-01 -2.463263e-01 6.820748e-01 6.715113e-01
1.538407e-01 -2.344293e-01 6.969394e-01 6.600390e-01
1.553857e-01 -2.224228e-01 7.114606e-01 6.482339e-01
1.568506e-01 -2.103129e-01 7.256311e-01 6.361021e-01
1.582345e-01 -1.981057e-01 7.394439e-01 6.236495e-01
1.595367e-01 -1.858075e-01 7.528919e-01 6.108825e-01
1.607563e-01 -1.734244e-01 7.659684e-01 5.978075e-01
1.618926e-01 -1.609628e-01 7.786668e-01 5.844312e-01
1.629449e-01 -1.484289e-01 7.909808e-01 5.707602e-01
1.639124e-01 -1.358292e-01 8.029042e-01 5.568015e-01
1.647947e-01 -1.231699e-01 8.144312e-01 5.425622e-01
1.655911e-01 -1.104575e-01 8.255558e-01 5.280496e-01
1.663012e-01 -9.769838e-02 8.362727e-01 5.132709e-01
1.669244e-01 -8.489898e-02 8.465764e-01 4.982336e-01
1.674603e-01 -7.206575e-02 8.564620e-01 4.829455e-01
1.679086e-01 -5.920513e-02 8.659246e-01 4.674143e-01
1.682689e-01 -4.632357e-02 8.749594e-01 4.516478e-01
1.685409e-01 -3.342753e-02 8.835622e-01 4.356540e-01
1.687245e-01 -2.052344e-02 8.917286e-01 4.194412e-01
1.688194e-01 -7.617741e-03 8.994548e-01 4.030175e-01
1.688255e-01 5.283144e-03 9.067370e-01 3.863912e-01
1.687427e-01 1.817281e-02 9.135716e-01 3.695707e-01
1.685710e-01 3.104488e-02 9.199555e-01 3.525646e-01
1.683104e-01 4.389299e-02 9.258856e-01 3.353816e-01
1.679609e-01 5.671082e-02 9.313591e-01 3.180301e-01
1.675227e-01 6.949205e-02 9.363734e-01 3.005192e-01
1.669959e-01 8.223042e-02 9.409262e-01 2.828575e-01
1.663807e-01 9.491971e-02 9.450154e-01 2.650539e-01
1.656775e-01 1.075537e-01 9.486391e-01 2.471176e-01
1.648864e-01 1.201263e-01 9.517956e-01 2.290574e-01
1.640078e-01 1.326314e-01 9.544836e-01 2.108824e-01
1.630422e-01 1.450629e-01 9.567019e-01 1.926019e-01
1.619899e-01 1.574148e-01 9.584495e-01 1.742249e-01
1.608516e-01 1.696812e-01 9.597258e-01 1.557606e-01
1.596277e-01 1.818562e-01 9.605303e-01 1.372185e-01
1.583187e-01 1.939339e-01 9.608627e-01 1.186076e-01
1.569254e-01 2.059083e-01 9.607230e-01 9.993732e-02
1.554484e-01 2.177737e-01 9.601116e-01 8.121702e-02
1.538884e-01 2.295243e-01 9.590288e-01 6.245602e-02
1.522461e-01 2.411544e-01 9.574754e-01 4.366368e-02
1.505223e-01 2.526583e-01 9.554524e-01 2.484934e-02
1.487179e-01 2.640306e-01 9.529609e-01 6.022363e-03
1.468337e-01 2.752657e-01 9.500024e-01 -1.280791e-02
1.448706e-01 2.863583e-01 9.465785e-01 -3.163215e-02
1.428297e-01 2.973030e-01 9.426910e-01 -5.044104e-02
1.407118e-01 3.080947e-01 9.383420e-01 -6.922527e-02
1.385181e-01 3.187281e-01 9.335338e-01 -8.797557e-02
1.362496e-01 3.291984e-01 9.282690e-01 -1.066827e-01
1.339074e-01 3.395004e-01 9.225501e-01 -1.253374e-01
1.314927e-01 3.496295e-01 9.163803e-01 -1.439306e-01
1.290067e-01 3.595807e-01 9.097626e-01 -1.624530e-01
1.264505e-01 3.693495e-01 9.027004e-01 -1.808957e-01
1.238256e-01 3.789313e-01 8.951972e-01 -1.992494e-01
1.211331e-01 3.883216e-01 8.872568e-01 -2.175053e-01
1.183743e-01 3.975160e-01 8.788831e-01 -2.356544e-01
1.155508e-01 4.065103e-01 8.700804e-01 -2.536878e-01
1.126639e-01 4.153003e-01 8.608530e-01 -2.715966e-01
1.097150e-01 4.238820e-01 8.512053e-01 -2.893721e-01
1.067055e-01 4.322513e-01 8.411423e-01 -3.070056e-01
1.036371e-01 4.404045e-01 8.306687e-01 -3.244884e-01
1.005113e-01 4.483379e-01 8.197897e-01 -3.418119e-01
9.732962e-02 4.560477e-01 8.085107e-01 -3.589678e-01
9.409366e-02 4.635305e-01 7.968371e-01 -3.759476e-01
9.080509e-02 4.707828e-01 7.847745e-01 -3.927429e-01
8.746556e-02 4.778014e-01 7.723289e-01 -4.093455e-01
8.407677e-02 4.845830e-01 7.595062e-01 -4.257473e-01
8.064046e-02 4.911246e-01 7.463127e-01 -4.419402e-01
7.715837e-02 4.974232e-01 7.327546e-01 -4.579163e-01
7.363229e-02 5.034761e-01 7.188387e-01 -4.736677e-01
7.006403e-02 5.092803e-01 7.045715e-01 -4.891866e-01
6.645542e-02 5.148335e-01 6.899600e-01 -5.044654e-01
6.280833e-02 5.201330e-01 6.750112e-01 -5.194965e-01
5.912463e-02 5.251765e-01 6.597323e-01 -5.342726e-01
5.540617e-02 5.299616e-01 6.441307e-01 -5.487864e-01
5.165479e-02 5.344863e-01 6.282137e-01 -5.630308e-01
4.787236e-02 5.387484e-01 6.119892e-01 -5.769988e-01
4.406075e-02 5.427460e-01 5.954647e-01 -5.906837e-01
4.022189e-02 5.464772e-01 5.786483e-01 -6.040787e-01
3.635768e-02 5.499404e-01 5.615479e-01 -6.171771e-01
3.247006e-02 5.531340e-01 5.441718e-01 -6.299726e-01
2.856100e-02 5.560566e-01 5.265282e-01 -6.424589e-01
2.463245e-02 5.587068e-01 5.086255e-01 -6.546297e-01
2.068641e-02 5.610834e-01 4.904724e-01 -6.664790e-01
1.672489e-02 5.631855e-01 4.720775e-01 -6.780009e-01
1.274989e-02 5.650119e-01 4.534496e-01 -6.891896e-01
8.763451e-03 5.665621e-01 4.345977e-01 -7.000396e-01
4.767611e-03 5.678352e-01 4.155306e-01 -7.105454e-01
7.644271e-04 5.688307e-01 3.962577e-01 -7.207016e-01
-3.244035e-03 5.695483e-01 3.767881e-01 -7.305032e-01
-7.255700e-03 5.699875e-01 3.571312e-01 -7.399452e-01
-1.126848e-02 5.701484e-01 3.372965e-01 -7.490226e-01
-1.528029e-02 5.700309e-01 3.172935e-01 -7.577309e-01
-1.928905e-02 5.696350e-01 2.971318e-01 -7.660657e-01
-2.329267e-02 5.689610e-01 2.768211e-01 -7.740225e-01
-2.728905e-02 5.680093e-01 2.563714e-01 -7.815974e-01
-3.127611e-02 5.667804e-01 2.357923e-01 -7.887862e-01
-3.525175e-02 5.652750e-01 2.150940e-01 -7.955854e-01
-3.921385e-02 5.634937e-01 1.942865e-01 -8.019912e-01
-4.316033e-02 5.614376e-01 1.733798e-01 -8.080003e-01
-4.708908e-02 5.591076e-01 1.523841e-01 -8.136095e-01
-5.099800e-02 5.565049e-01 1.313097e-01 -8.188158e-01
-5.488500e-02 5.536309e-01 1.101669e-01 -8.236162e-01
-5.874797e-02 5.504870e-01 8.896596e-02 -8.280083e-01
-6.258485e-02 5.470747e-01 6.771730e-02 -8.319896e-01
-6.639354e-02 5.433959e-01 4.643135e-02 -8.355579e-01
-7.017198e-02 5.394522e-01 2.511855e-02 -8.387111e-01
-7.391811e-02 5.352458e-01 3.789387e-03 -8.414474e-01
-7.762986e-02 5.307786e-01 -1.754563e-02 -8.437653e-01
-8.130521e-02 5.260530e-01 -3.887597e-02 -8.456633e-01
-8.494213e-02 5.210713e-01 -6.019110e-02 -8.471402e-01
-8.853862e-02 5.158360e-01 -8.148048e-02 -8.481952e-01
-9.209267e-02 5.103497e-01 -1.027336e-01 -8.488274e-01
-9.560232e-02 5.046151e-01 -1.239398e-01 -8.490363e-01
-9.906560e-02 4.986352e-01 -1.450888e-01 -8.488216e-01
-1.024806e-01 4.924129e-01 -1.661698e-01 -8.481833e-01
-1.058454e-01 4.859513e-01 -1.871726e-01 -8.471213e-01
-1.091581e-01 4.792537e-01 -2.080866e-01 -8.456361e-01
-1.124169e-01 4.723233e-01 -2.289014e-01 -8.437282e-01
-1.156200e-01 4.651637e-01 -2.496067e-01 -8.413984e-01
-1.187657e-01 4.577784e-01 -2.701922e-01 -8.386476e-01
-1.218522e-01 4.501712e-01 -2.906475e-01 -8.354771e-01
-1.248778e-01 4.423458e-01 -3.109626e-01 -8.318882e-01
-1.278409e-01 4.343061e-01 -3.311272e-01 -8.278827e-01
-1.307398e-01 4.260562e-01 -3.511313e-01 -8.234622e-01
-1.335728e-01 4.176002e-01 -3.709648e-01 -8.186290e-01
-1.363384e-01 4.089423e-01 -3.906179e-01 -8.133853e-01
-1.390350e-01 4.000870e-01 -4.100805e-01 -8.077336e-01
-1.416611e-01 3.910386e-01 -4.293431e-01 -8.016766e-01
-1.442153e-01 3.818017e-01 -4.483960e-01 -7.952172e-01
-1.466960e-01 3.723809e-01 -4.672295e-01 -7.883586e-01
-1.491019e-01 3.627810e-01 -4.858342e-01 -7.811041e-01
-1.514315e-01 3.530068e-01 -5.042008e-01 -7.734573e-01
-1.536836e-01 3.430631e-01 -5.223201e-01 -7.654220e-01
-1.558569e-01 3.329550e-01 -5.401829e-01 -7.570020e-01
-1.579500e-01 3.226876e-01 -5.577803e-01 -7.482016e-01
-1.599619e-01 3.122659e-01 -5.751035e-01 -7.390252e-01
-1.618913e-01 3.016952e-01 -5.921437e-01 -7.294772e-01
-1.637371e-01 2.909808e-01 -6.088924e-01 -7.195626e-01
-1.654983e-01 2.801281e-01 -6.253413e-01 -7.092862e-01
-1.671738e-01 2.691426e-01 -6.414819e-01 -6.986531e-01
-1.687626e-01 2.580298e-01 -6.573062e-01 -6.876688e-01
-1.702640e-01 2.467954e-01 -6.728062e-01 -6.763386e-01
-1.716770e-01 2.354452e-01 -6.879741e-01 -6.646685e-01
-1.730008e-01 2.239849e-01 -7.028023e-01 -6.526641e-01
-1.742346e-01 2.124203e-01 -7.172833e-01 -6.403316e-01
-1.753777e-01 2.007573e-01 -7.314098e-01 -6.276773e-01
-1.764295e-01 1.890019e-01 -7.451749e-01 -6.147076e-01
-1.773892e-01 1.771599e-01 -7.585715e-01 -6.014289e-01
-1.782564e-01 1.652375e-01 -7.715930e-01 -5.878482e-01
-1.790304e-01 1.532406e-01 -7.842329e-01 -5.739722e-01
-1.797109e-01 1.411753e-01 -7.964850e-01 -5.598081e-01
-1.802974e-01 1.290477e-01 -8.083431e-01 -5.453631e-01
-1.807895e-01 1.168640e-01 -8.198015e-01 -5.306444e-01
-1.811868e-01 1.046302e-01 -8.308543e-01 -5.156597e-01
-1.814892e-01 9.235259e-02 -8.414963e-01 -5.004164e-01
-1.816964e-01 8.003724e-02 -8.517222e-01 -4.849224e-01
-1.818082e-01 6.769034e-02 -8.615270e-01 -4.691856e-01
-1.818244e-01 5.531806e-02 -8.709058e-01 -4.532139e-01
-1.817452e-01 4.292656e-02 -8.798543e-01 -4.370154e-01
-1.815703e-01 3.052200e-02 -8.883680e-01 -4.205984e-01
-1.812999e-01 1.811055e-02 -8.964428e-01 -4.039711e-01
-1.809340e-01 5.698336e-03 -9.040749e-01 -3.871421e-01
-1.804728e-01 -6.708514e-03 -9.112606e-01 -3.701197e-01
-1.799165e-01 -1.910389e-02 -9.179966e-01 -3.529127e-01
-1.792653e-01 -3.148172e-02 -9.242796e-01 -3.355297e-01
-1.785195e-01 -4.383594e-02 -9.301066e-01 -3.179794e-01
-1.776794e-01 -5.616051e-02 -9.354750e-01 -3.002708e-01
-1.767456e-01 -6.844944e-02 -9.403823e-01 -2.824126e-01
-1.757183e-01 -8.069676e-02 -9.448261e-01 -2.644139e-01
-1.745981e-01 -9.289655e-02 -9.488045e-01 -2.462838e-01
-1.733856e-01 -1.050429e-01 -9.523157e-01 -2.280313e-01
-1.720813e-01 -1.171300e-01 -9.553580e-01 -2.096655e-01
-1.706859e-01 -1.291519e-01 -9.579302e-01 -1.911956e-01
-1.692002e-01 -1.411031e-01 -9.600311e-01 -1.726309e-01
-1.676247e-01 -1.529776e-01 -9.616599e-01 -1.539807e-01
-1.659604e-01 -1.647698e-01 -9.628158e-01 -1.352542e-01
-1.642081e-01 -1.764740e-01 -9.634986e-01 -1.164608e-01
-1.623686e-01 -1.880844e-01 -9.637079e-01 -9.760992e-02
-1.604428e-01 -1.995955e-01 -9.634440e-01 -7.871083e-02
-1.584318e-01 -2.110016e-01 -9.627071e-01 -5.977298e-02
-1.563364e-01 -2.222972e-01 -9.614977e-01 -4.080577e-02
-1.541578e-01 -2.334768e-01 -9.598166e-01 -2.181858e-02
-1.518970e-01 -2.445351e-01 -9.576648e-01 -2.820818e-03
-1.495551e-01 -2.554669e-01 -9.550436e-01 1.617813e-02
-1.471334e-01 -2.662668e-01 -9.519543e-01 3.516888e-02
-1.446329e-01 -2.769297e-01 -9.483986e-01 5.414208e-02
-1.420551e-01 -2.874506e-01 -9.443784e-01 7.308839e-02
-1.394011e-01 -2.978244e-01 -9.398959e-01 9.199848e-02
-1.366723e-01 -3.080462e-01 -9.349533e-01 1.108631e-01
-1.338700e-01 -3.181113e-01 -9.295531e-01 1.296729e-01
-1.309958e-01 -3.280149e-01 -9.236981e-01 1.484187e-01
-1.280509e-01 -3.377523e-01 -9.173913e-01 1.670914e-01
-1.250369e-01 -3.473189e-01 -9.106358e-01 1.856817e-01
-1.219553e-01 -3.567104e-01 -9.034351e-01 2.041806e-01
-1.188076e-01 -3.659223e-01 -8.957925e-01 2.225790e-01
-1.155955e-01 -3.749503e-01 -8.877120e-01 2.408680e-01
-1.123205e-01 -3.837902e-01 -8.791975e-01 2.590385e-01
-1.089843e-01 -3.924379e-01 -8.702532e-01 2.770817e-01
-1.055886e-01 -4.008895e-01 -8.608834e-01 2.949887e-01
-1.021352e-01 -4.091410e-01 -8.510928e-01 3.127509e-01
-9.862574e-02 -4.171886e-01 -8.408860e-01 3.303594e-01
-9.506204e-02 -4.250285e-01 -8.302681e-01 3.478057e-01
-9.144593e-02 -4.326573e-01 -8.192442e-01 3.650812e-01
-8.777926e-02 -4.400713e-01 -8.078196e-01 3.821775e-01
-8.406390e-02 -4.472671e-01 -7.959998e-01 3.990862e-01
-8.030176e-02 -4.542415e-01 -7.837905e-01 4.157989e-01
-7.649479e-02 -4.609913e-01 -7.711976e-01 4.323075e-01
-7.264494e-02 -4.675133e-01 -7.582273e-01 4.486038e-01
-6.875421e-02 -4.738047e-01 -7.448857e-01 4.646798e-01
-6.482461e-02 -4.798624e-01 -7.311792e-01 4.805276e-01
-6.085819e-02 -4.856838e-01 -7.171145e-01 4.961394e-01
-5.685698e-02 -4.912661e-01 -7.026984e-01 5.115074e-01
-5.282297e-02 -4.966068e-01 -6.879377e-01 5.266243e-01
-4.875818e-02 -5.017034e-01 -6.728395e-01 5.414825e-01
-4.466461e-02 -5.065535e-01 -6.574110e-01 5.560749e-01
-4.054432e-02 -5.111549e-01 -6.416597e-01 5.703943e-01
-3.639937e-02 -5.155053e-01 -6.255930e-01 5.844337e-01
-3.223183e-02 -5.196029e-01 -6.092186e-01 5.981861e-01
-2.804380e-02 -5.234456e-01 -5.925444e-01 6.116448e-01
-2.383738e-02 -5.270318e-01 -5.755782e-01 6.248031e-01
-1.961472e-02 -5.303597e-01 -5.583283e-01 6.376546e-01
-1.537793e-02 -5.334278e-01 -5.408028e-01 6.501928e-01
-1.112918e-02 -5.362346e-01 -5.230101e-01 6.624115e-01
-6.870629e-03 -5.387789e-01 -5.049587e-01 6.743046e-01
-2.604462e-03 -5.410596e-01 -4.866573e-01 6.858662e-01
1.667134e-03 -5.430754e-01 -4.681147e-01 6.970903e-01
5.941958e-03 -5.448256e-01 -4.493397e-01 7.079715e-01
1.021780e-02 -5.463092e-01 -4.303414e-01 7.185041e-01
1.449244e-02 -5.475257e-01 -4.111289e-01 7.286828e-01
1.876365e-02 -5.484745e-01 -3.917114e-01 7.385024e-01
2.302920e-02 -5.491552e-01 -3.720984e-01 7.479579e-01
2.728684e-02 -5.495674e-01 -3.522993e-01 7.570445e-01
3.153435e-02 -5.497110e-01 -3.323236e-01 7.657574e-01
3.576950e-02 -5.495859e-01 -3.121811e-01 7.740922e-01
3.999006e-02 -5.491923e-01 -2.918815e-01 7.820446e-01
4.419382e-02 -5.485304e-01 -2.714346e-01 7.896104e-01
4.837854e-02 -5.476004e-01 -2.508504e-01 7.967856e-01
5.254201e-02 -5.464030e-01 -2.301390e-01 8.035665e-01
5.668201e-02 -5.449386e-01 -2.093103e-01 8.099496e-01
6.079632e-02 -5.432080e-01 -1.883747e-01 8.159313e-01
6.488274e-02 -5.412122e-01 -1.673422e-01 8.215085e-01
6.893906e-02 -5.389520e-01 -1.462234e-01 8.266782e-01
7.296309e-02 -5.364286e-01 -1.250285e-01 8.314377e-01
7.695264e-02 -5.336434e-01 -1.037679e-01 8.357842e-01
8.090555e-02 -5.305976e-01 -8.245213e-02 8.397155e-01
8.481965e-02 -5.272928e-01 -6.109172e-02 8.432293e-01
8.869280e-02 -5.237307e-01 -3.969719e-02 8.463238e-01
9.252287e-02 -5.199130e-01 -1.827913e-02 8.489970e-01
9.630775e-02 -5.158416e-01 3.151837e-03 8.512475e-01
1.000453e-01 -5.115186e-01 2.458510e-02 8.530740e-01
1.037336e-01 -5.069462e-01 4.601002e-02 8.544753e-01
1.073704e-01 -5.021265e-01 6.741594e-02 8.554505e-01
1.109539e-01 -4.970621e-01 8.879222e-02 8.559991e-01
1.144819e-01 -4.917555e-01 1.101282e-01 8.561205e-01
1.179525e-01 -4.862092e-01 1.314134e-01 8.558144e-01
1.213639e-01 -4.804261e-01 1.526370e-01 8.550810e-01
1.247143e-01 -4.744090e-01 1.737886e-01 8.539203e-01
1.280018e-01 -4.681610e-01 1.948577e-01 8.523328e-01
1.312246e-01 -4.616852e-01 2.158336e-01 8.503192e-01
1.343810e-01 -4.549849e-01 2.367060e-01 8.478802e-01
1.374692e-01 -4.480633e-01 2.574643e-01 8.450169e-01
1.404876e-01 -4.409241e-01 2.780983e-01 8.417307e-01
1.434344e-01 -4.335707e-01 2.985975e-01 8.380230e-01
1.463080e-01 -4.260068e-01 3.189516e-01 8.338957e-01
1.491069e-01 -4.182364e-01 3.391505e-01 8.293506e-01
1.518294e-01 -4.102632e-01 3.591841e-01 8.243899e-01
1.544741e-01 -4.020913e-01 3.790422e-01 8.190161e-01
1.570395e-01 -3.937248e-01 3.987149e-01 8.132317e-01
1.595241e-01 -3.851679e-01 4.181923e-01 8.070396e-01
1.619266e-01 -3.764249e-01 4.374646e-01 8.004428e-01
1.642455e-01 -3.675003e-01 4.565222e-01 7.934447e-01
1.664795e-01 -3.583984e-01 4.753555e-01 7.860485e-01
1.686275e-01 -3.491240e-01 4.939549e-01 7.782582e-01
1.706881e-01 -3.396815e-01 5.123113e-01 7.700774e-01
1.726602e-01 -3.300758e-01 5.304152e-01 7.615104e-01
1.745427e-01 -3.203117e-01 5.482578e-01 7.525614e-01
1.763344e-01 -3.103941e-01 5.658300e-01 7.432349e-01
1.780344e-01 -3.003278e-01 5.831231e-01 7.335356e-01
1.796417e-01 -2.901181e-01 6.001283e-01 7.234683e-01
1.811554e-01 -2.797700e-01 6.168370e-01 7.130383e-01
1.825746e-01 -2.692890e-01 6.332409e-01 7.022506e-01
1.838987e-01 -2.586802e-01 6.493317e-01 6.911108e-01
1.851267e-01 -2.479492e-01 6.651014e-01 6.796245e-01
1.862581e-01 -2.371013e-01 6.805419e-01 6.677975e-01
1.872922e-01 -2.261422e-01 6.956456e-01 6.556359e-01
1.882284e-01 -2.150774e-01 7.104049e-01 6.431459e-01
1.890662e-01 -2.039125e-01 7.248125e-01 6.303337e-01
1.898051e-01 -1.926532e-01 7.388610e-01 6.172059e-01
1.904446e-01 -1.813053e-01 7.525436e-01 6.037693e-01
1.909845e-01 -1.698744e-01 7.658535e-01 5.900306e-01
1.914242e-01 -1.583663e-01 7.787840e-01 5.759968e-01
1.917637e-01 -1.467869e-01 7.913288e-01 5.616752e-01
1.920026e-01 -1.351420e-01 8.034816e-01 5.470731e-01
1.921409e-01 -1.234375e-01 8.152365e-01 5.321977e-01
1.921783e-01 -1.116792e-01 8.265878e-01 5.170569e-01
1.921149e-01 -9.987299e-02 8.375299e-01 5.016581e-01
1.919506e-01 -8.802483e-02 8.480575e-01 4.860094e-01
1.916855e-01 -7.614059e-02 8.581654e-01 4.701185e-01
1.913197e-01 -6.422619e-02 8.678488e-01 4.539937e-01
1.908533e-01 -5.228754e-02 8.771030e-01 4.376430e-01
1.902867e-01 -4.033053e-02 8.859235e-01 4.210747e-01
1.896199e-01 -2.836106e-02 8.943062e-01 4.042973e-01
1.888534e-01 -1.638502e-02 9.022471e-01 3.873192e-01
1.879875e-01 -4.408283e-03 9.097423e-01 3.701489e-01
1.870227e-01 7.563297e-03 9.167883e-01 3.527952e-01
1.859594e-01 1.952388e-02 9.233819e-01 3.352667e-01
1.847982e-01 3.146765e-02 9.295199e-01 3.175723e-01
1.835397e-01 4.338882e-02 9.351995e-01 2.997207e-01
1.821844e-01 5.528162e-02 9.404180e-01 2.817211e-01
1.807332e-01 6.714031e-02 9.451730e-01 2.635823e-01
1.791866e-01 7.895919e-02 9.494624e-01 2.453135e-01
1.775456e-01 9.073254e-02 9.532842e-01 2.269238e-01
1.758109e-01 1.024547e-01 9.566367e-01 2.084223e-01
1.739835e-01 1.141200e-01 9.595183e-01 1.898183e-01
1.720642e-01 1.257229e-01 9.619279e-01 1.711210e-01
1.700542e-01 1.372578e-01 9.638643e-01 1.523397e-01
1.679543e-01 1.487193e-01 9.653269e-01 1.334839e-01
1.657657e-01 1.601017e-01 9.663149e-01 1.145627e-01
1.634895e-01 1.713995e-01 9.668282e-01 9.558566e-02
1.611269e-01 1.826073e-01 9.668666e-01 7.656214e-02
1.586789e-01 1.937197e-01 9.664302e-01 5.750155e-02
1.561470e-01 2.047312e-01 9.655194e-01 3.841331e-02
1.535323e-01 2.156366e-01 9.641348e-01 1.930684e-02
1.508362e-01 2.264306e-01 9.622773e-01 1.915456e-04
1.480600e-01 2.371082e-01 9.599478e-01 -1.892316e-02
1.452052e-01 2.476642e-01 9.571477e-01 -3.802788e-02
1.422732e-01 2.580935e-01 9.538785e-01 -5.711324e-02
1.392655e-01 2.683912e-01 9.501418e-01 -7.616987e-02
1.361835e-01 2.785525e-01 9.459396e-01 -9.518843e-02
1.330289e-01 2.885725e-01 9.412740e-01 -1.141596e-01
1.298032e-01 2.984465e-01 9.361475e-01 -1.330741e-01
1.265081e-01 3.081698e-01 9.305625e-01 -1.519227e-01
1.231453e-01 3.177380e-01 9.245218e-01 -1.706962e-01
1.197164e-01 3.271464e-01 9.180285e-01 -1.893854e-01
1.162232e-01 3.363907e-01 9.110858e-01 -2.079811e-01
1.126675e-01 3.454665e-01 9.036970e-01 -2.264743e-01
1.090510e-01 3.543697e-01 8.958658e-01 -2.448560e-01
1.053757e-01 3.630960e-01 8.875960e-01 -2.631171e-01
1.016434e-01 3.716414e-01 8.788916e-01 -2.812488e-01
9.785595e-02 3.800019e-01 8.697568e-01 -2.992421e-01
9.401537e-02 3.881737e-01 8.601961e-01 -3.170883e-01
9.012360e-02 3.961528e-01 8.502140e-01 -3.347787e-01
8.618265e-02 4.039356e-01 8.398155e-01 -3.523045e-01
8.219455e-02 4.115186e-01 8.290054e-01 -3.696573e-01
7.816135e-02 4.188981e-01 8.177891e-01 -3.868284e-01
7.408514e-02 4.260708e-01 8.061718e-01 -4.038094e-01
6.996804e-02 4.330332e-01 7.941593e-01 -4.205921e-01
6.581219e-02 4.397823e-01 7.817572e-01 -4.371681e-01
6.161976e-02 4.463148e-01 7.689716e-01 -4.535293e-01
5.739292e-02 4.526277e-01 7.558085e-01 -4.696676e-01
5.313384e-02 4.587182e-01 7.422744e-01 -4.855751e-01
4.884464e-02 4.645832e-01 7.283756e-01 -5.012441e-01
4.452745e-02 4.702200e-01 7.141189e-01 -5.166669e-01
4.018443e-02 4.756260e-01 6.995110e-01 -5.318359e-01
3.581775e-02 4.807987e-01 6.845589e-01 -5.467438e-01
3.142959e-02 4.857355e-01 6.692698e-01 -5.613833e-01
2.702216e-02 4.904341e-01 6.536509e-01 -5.757470e-01
2.259768e-02 4.948924e-01 6.377097e-01 -5.898281e-01
1.815837e-02 4.991082e-01 6.214539e-01 -6.036194e-01
1.370649e-02 5.030795e-01 6.048910e-01 -6.171142e-01
9.244283e-03 5.068045e-01 5.880292e-01 -6.303059e-01
4.774029e-03 5.102813e-01 5.708763e-01 -6.431877e-01
2.980086e-04 5.135083e-01 5.534407e-01 -6.557534e-01
-4.181486e-03 5.164840e-01 5.357307e-01 -6.679965e-01
-8.662152e-03 5.192070e-01 5.177547e-01 -6.799111e-01
-1.314168e-02 5.216760e-01 4.995215e-01 -6.914910e-01
-1.761774e-02 5.238897e-01 4.810396e-01 -7.027304e-01
-2.208803e-02 5.258472e-01 4.623182e-01 -7.136237e-01
-2.655019e-02 5.275474e-01 4.433661e-01 -7.241653e-01
-3.100190e-02 5.289896e-01 4.241925e-01 -7.343497e-01
-3.544081e-02 5.301732e-01 4.048067e-01 -7.441719e-01
-3.986458e-02 5.310974e-01 3.852181e-01 -7.536268e-01
-4.427087e-02 5.317619e-01 3.654363e-01 -7.627094e-01
-4.865734e-02 5.321664e-01 3.454707e-01 -7.714152e-01
-5.302166e-02 5.323107e-01 3.253311e-01 -7.797395e-01
-5.736154e-02 5.321946e-01 3.050274e-01 -7.876781e-01
-6.167466e-02 5.318183e-01 2.845694e-01 -7.952269e-01
-6.595872e-02 5.311819e-01 2.639672e-01 -8.023818e-01
-7.021143e-02 5.302858e-01 2.432308e-01 -8.091391e-01
-7.443050e-02 5.291303e-01 2.223703e-01 -8.154953e-01
-7.861367e-02 5.277161e-01 2.013961e-01 -8.214470e-01
-8.275866e-02 5.260439e-01 1.803185e-01 -8.269910e-01
-8.686322e-02 5.241144e-01 1.591478e-01 -8.321243e-01
-9.092525e-02 5.219287e-01 1.378944e-01 -8.368442e-01
-9.494264e-02 5.194878e-01 1.165688e-01 -8.411480e-01
-9.891319e-02 5.167929e-01 9.518157e-02 -8.450336e-01
-1.028347e-01 5.138454e-01 7.374325e-02 -8.484986e-01
-1.067051e-01 5.106467e-01 5.226450e-02 -8.515412e-01
-1.105221e-01 5.071984e-01 3.075600e-02 -8.541597e-01
-1.142838e-01 5.035021e-01 9.228452e-03 -8.563525e-01
-1.179879e-01 4.995598e-01 -1.230743e-02 -8.581185e-01
-1.216324e-01 4.953733e-01 -3.384092e-02 -8.594566e-01
-1.252155e-01 4.909447e-01 -5.536131e-02 -8.603659e-01
-1.287351e-01 4.862763e-01 -7.685789e-02 -8.608458e-01
-1.321895e-01 4.813703e-01 -9.831993e-02 -8.608959e-01
-1.355766e-01 4.762292e-01 -1.197367e-01 -8.605160e-01
-1.388948e-01 4.708556e-01 -1.410976e-01 -8.597062e-01
-1.421421e-01 4.652521e-01 -1.623917e-01 -8.584667e-01
-1.453169e-01 4.594216e-01 -1.836086e-01 -8.567979e-01
-1.484174e-01 4.533669e-01 -2.047375e-01 -8.547007e-01
-1.514418e-01 4.470912e-01 -2.257678e-01 -8.521759e-01
-1.543886e-01 4.405976e-01 -2.466890e-01 -8.492246e-01
-1.572561e-01 4.338894e-01 -2.674905e-01 -8.458483e-01
-1.600426e-01 4.269699e-01 -2.881619e-01 -8.420486e-01
-1.627468e-01 4.198426e-01 -3.086927e-01 -8.378272e-01
-1.653670e-01 4.125112e-01 -3.290726e-01 -8.331863e-01
-1.679018e-01 4.049793e-01 -3.492915e-01 -8.281281e-01
-1.703497e-01 3.972508e-01 -3.693390e-01 -8.226552e-01
-1.727095e-01 3.893294e-01 -3.892051e-01 -8.167701e-01
-1.749797e-01 3.812193e-01 -4.088797e-01 -8.104759e-01
-1.771592e-01 3.729246e-01 -4.283531e-01 -8.037758e-01
-1.792466e-01 3.644493e-01 -4.476153e-01 -7.966730e-01
-1.812408e-01 3.557978e-01 -4.666568e-01 -7.891712e-01
-1.831407e-01 3.469744e-01 -4.854678e-01 -7.812741e-01
-1.849451e-01 3.379835e-01 -5.040391e-01 -7.729858e-01
-1.866531e-01 3.288297e-01 -5.223612e-01 -7.643104e-01
-1.882637e-01 3.195176e-01 -5.404249e-01 -7.552524e-01
-1.897760e-01 3.100518e-01 -5.582213e-01 -7.458163e-01
-1.911890e-01 3.004370e-01 -5.757414e-01 -7.360069e-01
-1.925022e-01 2.906783e-01 -5.929764e-01 -7.258292e-01
-1.937147e-01 2.807805e-01 -6.099175e-01 -7.152884e-01
-1.948259e-01 2.707488e-01 -6.265563e-01 -7.043899e-01
-1.958353e-01 2.605883e-01 -6.428845e-01 -6.931391e-01
-1.967423e-01 2.503042e-01 -6.588937e-01 -6.815419e-01
-1.975463e-01 2.399017e-01 -6.745761e-01 -6.696042e-01
-1.982470e-01 2.293861e-01 -6.899237e-01 -6.573320e-01
-1.988440e-01 2.187627e-01 -7.049290e-01 -6.447317e-01
-1.993370e-01 2.080371e-01 -7.195844e-01 -6.318098e-01
-1.997256e-01 1.972145e-01 -7.338828e-01 -6.185727e-01
-2.000098e-01 1.863005e-01 -7.478169e-01 -6.050274e-01
-2.001892e-01 1.753007e-01 -7.613799e-01 -5.911806e-01
-2.002639e-01 1.642204e-01 -7.745652e-01 -5.770396e-01
-2.002338e-01 1.530654e-01 -7.873663e-01 -5.626116e-01
-2.000988e-01 1.418413e-01 -7.997768e-01 -5.479038e-01
-1.998590e-01 1.305535e-01 -8.117908e-01 -5.329239e-01
-1.995146e-01 1.192079e-01 -8.234024e-01 -5.176794e-01
-1.990657e-01 1.078099e-01 -8.346059e-01 -5.021781e-01
-1.985126e-01 9.636539e-02 -8.453959e-01 -4.864280e-01
-1.978554e-01 8.487992e-02 -8.557673e-01 -4.704369e-01
-1.970946e-01 7.335920e-02 -8.657151e-01 -4.542130e-01
-1.962305e-01 6.180890e-02 -8.752345e-01 -4.377646e-01
-1.952636e-01 5.023471e-02 -8.843209e-01 -4.210999e-01
-1.941943e-01 3.864229e-02 -8.929701e-01 -4.042273e-01
-1.930232e-01 2.703731e-02 -9.011780e-01 -3.871554e-01
-1.917509e-01 1.542543e-02 -9.089406e-01 -3.698927e-01
-1.903781e-01 3.812284e-03 -9.162544e-01 -3.524480e-01
-1.889054e-01 -7.796489e-03 -9.231159e-01 -3.348298e-01
-1.873336e-01 -1.939527e-02 -9.295219e-01 -3.170472e-01
-1.856636e-01 -3.097844e-02 -9.354695e-01 -2.991089e-01
-1.838961e-01 -4.254038e-02 -9.409559e-01 -2.810240e-01
-1.820321e-01 -5.407552e-02 -9.459786e-01 -2.628014e-01
-1.800725e-01 -6.557829e-02 -9.505353e-01 -2.444503e-01
-1.780184e-01 -7.704317e-02 -9.546240e-01 -2.259797e-01
-1.758709e-01 -8.846466e-02 -9.582427e-01 -2.073989e-01
-1.736310e-01 -9.983730e-02 -9.613900e-01 -1.887170e-01
-1.712999e-01 -1.111557e-01 -9.640643e-01 -1.699434e-01
-1.688787e-01 -1.224144e-01 -9.662646e-01 -1.510872e-01
-1.663689e-01 -1.336080e-01 -9.679900e-01 -1.321579e-01
-1.637716e-01 -1.447313e-01 -9.692396e-01 -1.131647e-01
-1.610883e-01 -1.557788e-01 -9.700131e-01 -9.411714e-02
-1.583201e-01 -1.667452e-01 -9.703103e-01 -7.502450e-02
-1.554687e-01 -1.776251e-01 -9.701311e-01 -5.589621e-02
-1.525354e-01 -1.884135e-01 -9.694758e-01 -3.674168e-02
-1.495218e-01 -1.991050e-01 -9.683448e-01 -1.757031e-02
-1.464293e-01 -2.096947e-01 -9.667389e-01 1.608490e-03
-1.432595e-01 -2.201774e-01 -9.646588e-01 2.078533e-02
-1.400141e-01 -2.305481e-01 -9.621058e-01 3.995081e-02
-1.366948e-01 -2.408020e-01 -9.590812e-01 5.909557e-02
-1.333031e-01 -2.509341e-01 -9.555865e-01 7.821026e-02
-1.298409e-01 -2.609397e-01 -9.516235e-01 9.728553e-02
-1.263098e-01 -2.708140e-01 -9.471943e-01 1.163121e-01
-1.227118e-01 -2.805524e-01 -9.423011e-01 1.352806e-01
-1.190485e-01 -2.901503e-01 -9.369462e-01 1.541820e-01
-1.153220e-01 -2.996032e-01 -9.311323e-01 1.730068e-01
-1.115341e-01 -3.089066e-01 -9.248623e-01 1.917460e-01
-1.076867e-01 -3.180563e-01 -9.181392e-01 2.103905e-01
-1.037819e-01 -3.270478e-01 -9.109663e-01 2.289310e-01
-9.982152e-02 -3.358770e-01 -9.033471e-01 2.473587e-01
-9.580772e-02 -3.445397e-01 -8.952852e-01 2.656645e-01
-9.174252e-02 -3.530319e-01 -8.867846e-01 2.838394e-01
-8.762802e-02 -3.613497e-01 -8.778493e-01 3.018747e-01
-8.346634e-02 -3.694891e-01 -8.684836e-01 3.197615e-01
-7.925963e-02 -3.774463e-01 -8.586921e-01 3.374910e-01
-7.501006e-02 -3.852175e-01 -8.484794e-01 3.550545e-01
-7.071985e-02 -3.927993e-01 -8.378504e-01 3.724436e-01
-6.639121e-02 -4.001879e-01 -8.268102e-01 3.896496e-01
-6.202641e-02 -4.073799e-01 -8.153641e-01 4.066641e-01
-5.762772e-02 -4.143721e-01 -8.035177e-01 4.234787e-01
-5.319744e-02 -4.211609e-01 -7.912765e-01 4.400852e-01
-4.873782e-02 -4.277434e-01 -7.786465e-01 4.564755e-01
-4.425108e-02 -4.341162e-01 -7.656336e-01 4.726417e-01
-3.973946e-02 -4.402764e-01 -7.522441e-01 4.885757e-01
-3.520523e-02 -4.462211e-01 -7.384844e-01 5.042699e-01
-3.065064e-02 -4.519474e-01 -7.243610e-01 5.197165e-01
-2.607799e-02 -4.574526e-01 -7.098806e-01 5.349080e-01
-2.148958e-02 -4.627340e-01 -6.950502e-01 5.498370e-01
-1.688772e-02 -4.677891e-01 -6.798767e-01 5.644961e-01
-1.227472e-02 -4.726155e-01 -6.643674e-01 5.788781e-01
-7.652939e-03 -4.772108e-01 -6.485297e-01 5.929759e-01
-3.024708e-03 -4.815730e-01 -6.323712e-01 6.067825e-01
1.607615e-03 -4.856998e-01 -6.158995e-01 6.202910e-01
6.241663e-03 -4.895893e-01 -5.991225e-01 6.334948e-01
1.087506e-02 -4.932395e-01 -5.820482e-01 6.463872e-01
1.550544e-02 -4.966488e-01 -5.646848e-01 6.589618e-01
2.013039e-02 -4.998155e-01 -5.470406e-01 6.712122e-01
2.474754e-02 -5.027380e-01 -5.291241e-01 6.831323e-01
2.935448e-02 -5.054148e-01 -5.109439e-01 6.947161e-01
3.394882e-02 -5.078448e-01 -4.925088e-01 7.059577e-01
3.852815e-02 -5.100266e-01 -4.738275e-01 7.168514e-01
4.309007e-02 -5.119593e-01 -4.549092e-01 7.273916e-01
4.763217e-02 -5.136418e-01 -4.357631e-01 7.375729e-01
5.215206e-02 -5.150733e-01 -4.163983e-01 7.473902e-01
5.664733e-02 -5.162530e-01 -3.968244e-01 7.568383e-01
6.111560e-02 -5.171805e-01 -3.770508e-01 7.659125e-01
6.555446e-02 -5.178551e-01 -3.570873e-01 7.746079