-2.785010e-14 3.281976e-13 1.594302e-29
5.468541e-03 -1.988642e-03 2.192090e-02
1.092048e-02 -4.024147e-03 4.384167e-02
1.635578e-02 -6.106511e-03 6.576219e-02
2.177443e-02 -8.235727e-03 8.768235e-02
2.717642e-02 -1.041179e-02 1.096020e-01
3.256171e-02 -1.263469e-02 1.315212e-01
3.793029e-02 -1.490442e-02 1.534396e-01
4.328213e-02 -1.722098e-02 1.753573e-01
4.861722e-02 -1.958436e-02 1.972740e-01
5.393554e-02 -2.199456e-02 2.191897e-01
5.923706e-02 -2.445155e-02 2.411043e-01
6.452177e-02 -2.695534e-02 2.630177e-01
6.978965e-02 -2.950592e-02 2.849298e-01
7.504067e-02 -3.210328e-02 3.068403e-01
8.027482e-02 -3.474741e-02 3.287494e-01
8.549208e-02 -3.743829e-02 3.506567e-01
9.069243e-02 -4.017593e-02 3.725623e-01
9.587585e-02 -4.296031e-02 3.944660e-01
1.010423e-01 -4.579142e-02 4.163677e-01
1.061918e-01 -4.866925e-02 4.382673e-01
1.113243e-01 -5.159378e-02 4.601646e-01
1.164398e-01 -5.456501e-02 4.820596e-01
1.215383e-01 -5.758291e-02 5.039522e-01
1.266198e-01 -6.064749e-02 5.258423e-01
1.316842e-01 -6.375873e-02 5.477297e-01
1.367315e-01 -6.691661e-02 5.696143e-01
1.417617e-01 -7.012111e-02 5.914960e-01
1.467748e-01 -7.337223e-02 6.133747e-01
1.517707e-01 -7.666995e-02 6.352504e-01
1.567495e-01 -8.001423e-02 6.571228e-01
1.617112e-01 -8.340505e-02 6.789919e-01
1.666556e-01 -8.684242e-02 7.008576e-01
1.715829e-01 -9.032629e-02 7.227198e-01
1.764930e-01 -9.385666e-02 7.445783e-01
1.813858e-01 -9.743351e-02 7.664330e-01
1.862613e-01 -1.010568e-01 7.882839e-01
1.911196e-01 -1.047266e-01 8.101308e-01
1.959606e-01 -1.084428e-01 8.319737e-01
2.007843e-01 -1.122053e-01 8.538123e-01
2.055907e-01 -1.160143e-01 8.756467e-01
2.103797e-01 -1.198696e-01 8.974767e-01
2.151514e-01 -1.237713e-01 9.193021e-01
2.199057e-01 -1.277193e-01 9.411230e-01
2.246426e-01 -1.317136e-01 9.629391e-01
2.293621e-01 -1.357542e-01 9.847503e-01
2.340642e-01 -1.398410e-01 1.006557e+00
2.387488e-01 -1.439741e-01 1.028358e+00
2.434160e-01 -1.481534e-01 1.050154e+00
2.480657e-01 -1.523789e-01 1.071945e+00
2.526979e-01 -1.566506e-01 1.093730e+00
2.573127e-01 -1.609684e-01 1.115510e+00
2.619099e-01 -1.653324e-01 1.137285e+00
2.664896e-01 -1.697423e-01 1.159054e+00
2.710517e-01 -1.741984e-01 1.180817e+00
2.755963e-01 -1.787004e-01 1.202574e+00
2.801234e-01 -1.832485e-01 1.224325e+00
2.846328e-01 -1.878425e-01 1.246069e+00
2.891247e-01 -1.924825e-01 1.267808e+00
2.935989e-01 -1.971685e-01 1.289541e+00
2.980555e-01 -2.019004e-01 1.311266e+00
3.024945e-01 -2.066781e-01 1.332986e+00
3.069158e-01 -2.115017e-01 1.354699e+00
3.113194e-01 -2.163712e-01 1.376404e+00
3.157054e-01 -2.212865e-01 1.398104e+00
3.200736e-01 -2.262477e-01 1.419796e+00
3.244241e-01 -2.312546e-01 1.441481e+00
3.287569e-01 -2.363072e-01 1.463159e+00
3.330719e-01 -2.414056e-01 1.484829e+00
3.373692e-01 -2.465497e-01 1.506492e+00
3.416487e-01 -2.517395e-01 1.528148e+00
3.459104e-01 -2.569749e-01 1.549796e+00
3.501543e-01 -2.622560e-01 1.571436e+00
3.543804e-01 -2.675826e-01 1.593069e+00
3.585887e-01 -2.729549e-01 1.614693e+00
3.627791e-01 -2.783727e-01 1.636310e+00
3.669517e-01 -2.838360e-01 1.657918e+00
3.711064e-01 -2.893448e-01 1.679518e+00
3.752432e-01 -2.948990e-01 1.701110e+00
3.793621e-01 -3.004987e-01 1.722693e+00
3.834631e-01 -3.061437e-01 1.744268e+00
3.875463e-01 -3.118341e-01 1.765834e+00
3.916115e-01 -3.175697e-01 1.787391e+00
3.956588e-01 -3.233507e-01 1.808939e+00
3.996881e-01 -3.291768e-01 1.830479e+00
4.036995e-01 -3.350481e-01 1.852009e+00
4.076929e-01 -3.409646e-01 1.873530e+00
4.116684e-01 -3.469262e-01 1.895042e+00
4.156259e-01 -3.529329e-01 1.916544e+00
4.195654e-01 -3.589846e-01 1.938037e+00
4.234869e-01 -3.650814e-01 1.959520e+00
4.273903e-01 -3.712231e-01 1.980994e+00
4.312758e-01 -3.774098e-01 2.002458e+00
4.351432e-01 -3.836414e-01 2.023911e+00
4.389925e-01 -3.899179e-01 2.045355e+00
4.428238e-01 -3.962392e-01 2.066789e+00
4.466371e-01 -4.026053e-01 2.088212e+00
4.504322e-01 -4.090162e-01 2.109625e+00
4.542093e-01 -4.154718e-01 2.131028e+00
4.579682e-01 -4.219721e-01 2.152420e+00
4.617091e-01 -4.285170e-01 2.173801e+00
4.654318e-01 -4.351064e-01 2.195172e+00
4.691365e-01 -4.417404e-01 2.216531e+00
4.728230e-01 -4.484188e-01 2.237880e+00
4.764914e-01 -4.551417e-01 2.259218e+00
4.801417e-01 -4.619090e-01 2.280545e+00
4.837738e-01 -4.687207e-01 2.301860e+00
4.873878e-01 -4.755767e-01 2.323164e+00
4.909835e-01 -4.824771e-01 2.344456e+00
4.945611e-01 -4.894217e-01 2.365737e+00
4.981205e-01 -4.964105e-01 2.387007e+00
5.016617e-01 -5.034435e-01 2.408264e+00
5.051847e-01 -5.105207e-01 2.429510e+00
5.086895e-01 -5.176420e-01 2.450744e+00
5.121760e-01 -5.248074e-01 2.471965e+00
5.156443e-01 -5.320168e-01 2.493175e+00
5.190943e-01 -5.392702e-01 2.514372e+00
5.225261e-01 -5.465676e-01 2.535557e+00
5.259396e-01 -5.539089e-01 2.556729e+00
5.293348e-01 -5.612941e-01 2.577889e+00
5.327117e-01 -5.687232e-01 2.599036e+00
5.360704e-01 -5.761961e-01 2.620170e+00
5.394107e-01 -5.837127e-01 2.641291e+00
5.427328e-01 -5.912731e-01 2.662400e+00
5.460365e-01 -5.988771e-01 2.683495e+00
5.493218e-01 -6.065249e-01 2.704577e+00
5.525889e-01 -6.142162e-01 2.725646e+00
5.558375e-01 -6.219511e-01 2.746702e+00
5.590679e-01 -6.297295e-01 2.767744e+00
5.622798e-01 -6.375514e-01 2.788772e+00
5.654734e-01 -6.454168e-01 2.809787e+00
5.686486e-01 -6.533255e-01 2.830788e+00
5.718054e-01 -6.612776e-01 2.851775e+00
5.749439e-01 -6.692730e-01 2.872748e+00
5.780639e-01 -6.773117e-01 2.893707e+00
5.811655e-01 -6.853937e-01 2.914652e+00
5.842487e-01 -6.935188e-01 2.935582e+00
5.873134e-01 -7.016871e-01 2.956498e+00
5.903597e-01 -7.098984e-01 2.977400e+00
5.933876e-01 -7.181528e-01 2.998287e+00
5.963970e-01 -7.264503e-01 3.019159e+00
5.993880e-01 -7.347907e-01 3.040017e+00
6.023605e-01 -7.431740e-01 3.060860e+00
6.053145e-01 -7.516002e-01 3.081688e+00
6.082501e-01 -7.600692e-01 3.102500e+00
6.111672e-01 -7.685809e-01 3.123298e+00
6.140659e-01 -7.771352e-01 3.144080e+00
6.169461e-01 -7.857323e-01 3.164847e+00
6.198077e-01 -7.943718e-01 3.185599e+00
6.226510e-01 -8.030540e-01 3.206335e+00
6.254757e-01 -8.117786e-01 3.227055e+00
6.282819e-01 -8.205456e-01 3.247760e+00
6.310696e-01 -8.293551e-01 3.268449e+00
6.338389e-01 -8.382069e-01 3.289122e+00
6.365896e-01 -8.471009e-01 3.309779e+00
6.393217e-01 -8.560372e-01 3.330420e+00
6.420354e-01 -8.650157e-01 3.351044e+00
6.447306e-01 -8.740364e-01 3.371652e+00
6.474072e-01 -8.830991e-01 3.392244e+00
6.500653e-01 -8.922038e-01 3.412820e+00
6.527048e-01 -9.013505e-01 3.433378e+00
6.553259e-01 -9.105391e-01 3.453921e+00
6.579283e-01 -9.197696e-01 3.474446e+00
6.605123e-01 -9.290420e-01 3.494954e+00
6.630776e-01 -9.383561e-01 3.515446e+00
6.656244e-01 -9.477119e-01 3.535920e+00
6.681527e-01 -9.571094e-01 3.556378e+00
6.706624e-01 -9.665486e-01 3.576818e+00
6.731535e-01 -9.760293e-01 3.597241e+00
6.756261e-01 -9.855515e-01 3.617646e+00
6.780800e-01 -9.951152e-01 3.638034e+00
6.805154e-01 -1.004720e+00 3.658404e+00
6.829322e-01 -1.014367e+00 3.678756e+00
6.853304e-01 -1.024055e+00 3.699091e+00
6.877100e-01 -1.033784e+00 3.719408e+00
6.900711e-01 -1.043554e+00 3.739706e+00
6.924135e-01 -1.053365e+00 3.759987e+00
6.947373e-01 -1.063218e+00 3.780250e+00
6.970426e-01 -1.073111e+00 3.800494e+00
6.993292e-01 -1.083046e+00 3.820720e+00
7.015972e-01 -1.093022e+00 3.840927e+00
7.038466e-01 -1.103038e+00 3.861116e+00
7.060774e-01 -1.113095e+00 3.881286e+00
7.082896e-01 -1.123193e+00 3.901438e+00
7.104832e-01 -1.133332e+00 3.921571e+00
7.126582e-01 -1.143511e+00 3.941684e+00
7.148145e-01 -1.153731e+00 3.961779e+00
7.169522e-01 -1.163992e+00 3.981855e+00
7.190713e-01 -1.174293e+00 4.001911e+00
7.211718e-01 -1.184635e+00 4.021949e+00
7.232536e-01 -1.195016e+00 4.041967e+00
7.253169e-01 -1.205439e+00 4.061965e+00
7.273615e-01 -1.215901e+00 4.081944e+00
7.293874e-01 -1.226404e+00 4.101903e+00
7.313948e-01 -1.236947e+00 4.121843e+00
7.333835e-01 -1.247530e+00 4.141763e+00
7.353535e-01 -1.258153e+00 4.161662e+00
7.373050e-01 -1.268816e+00 4.181542e+00
7.392378e-01 -1.279519e+00 4.201402e+00
7.411520e-01 -1.290262e+00 4.221242e+00
7.430475e-01 -1.301045e+00 4.241061e+00
7.449244e-01 -1.311867e+00 4.260860e+00
7.467827e-01 -1.322729e+00 4.280639e+00
7.486223e-01 -1.333631e+00 4.300397e+00
7.504433e-01 -1.344572e+00 4.320135e+00
7.522457e-01 -1.355553e+00 4.339851e+00
7.540294e-01 -1.366573e+00 4.359547e+00
7.557945e-01 -1.377633e+00 4.379223e+00
7.575410e-01 -1.388732e+00 4.398877e+00
7.592688e-01 -1.399870e+00 4.418510e+00
7.609780e-01 -1.411048e+00 4.438122e+00
7.626686e-01 -1.422264e+00 4.457713e+00
7.643406e-01 -1.433520e+00 4.477283e+00
7.659939e-01 -1.444814e+00 4.496831e+00
7.676286e-01 -1.456148e+00 4.516358e+00
7.692447e-01 -1.467521e+00 4.535863e+00
7.708421e-01 -1.478932e+00 4.555347e+00
7.724210e-01 -1.490382e+00 4.574808e+00
7.739812e-01 -1.501871e+00 4.594249e+00
7.755227e-01 -1.513398e+00 4.613667e+00
7.770457e-01 -1.524964e+00 4.633063e+00
7.785501e-01 -1.536568e+00 4.652437e+00
7.800358e-01 -1.548211e+00 4.671789e+00
7.815029e-01 -1.559893e+00 4.691119e+00
7.829514e-01 -1.571612e+00 4.710427e+00
7.843813e-01 -1.583370e+00 4.729712e+00
7.857926e-01 -1.595166e+00 4.748975e+00
7.871853e-01 -1.607000e+00 4.768215e+00
7.885594e-01 -1.618872e+00 4.787432e+00
7.899149e-01 -1.630782e+00 4.806627e+00
7.912518e-01 -1.642730e+00 4.825799e+00
7.925701e-01 -1.654716e+00 4.844949e+00
7.938699e-01 -1.666740e+00 4.864075e+00
7.951511e-01 -1.678801e+00 4.883178e+00
7.964137e-01 -1.690900e+00 4.902258e+00
7.976578e-01 -1.703036e+00 4.921315e+00
7.988832e-01 -1.715210e+00 4.940349e+00
8.000902e-01 -1.727421e+00 4.959359e+00
8.012785e-01 -1.739670e+00 4.978346e+00
8.024483e-01 -1.751956e+00 4.997310e+00
8.035995e-01 -1.764280e+00 5.016250e+00
8.047322e-01 -1.776640e+00 5.035166e+00
8.058463e-01 -1.789038e+00 5.054058e+00
8.069419e-01 -1.801472e+00 5.072927e+00
8.080190e-01 -1.813944e+00 5.091772e+00
8.090775e-01 -1.826452e+00 5.110592e+00
8.101174e-01 -1.838998e+00 5.129389e+00
8.111389e-01 -1.851580e+00 5.148162e+00
8.121418e-01 -1.864199e+00 5.166910e+00
8.131262e-01 -1.876854e+00 5.185634e+00
8.140920e-01 -1.889546e+00 5.204334e+00
8.150394e-01 -1.902275e+00 5.223009e+00
8.159682e-01 -1.915040e+00 5.241659e+00
8.168786e-01 -1.927841e+00 5.260285e+00
8.177704e-01 -1.940679e+00 5.278887e+00
8.186437e-01 -1.953553e+00 5.297463e+00
8.194986e-01 -1.966463e+00 5.316015e+00
8.203350e-01 -1.979409e+00 5.334542e+00
8.211529e-01 -1.992391e+00 5.353044e+00
8.219523e-01 -2.005409e+00 5.371521e+00
8.227332e-01 -2.018463e+00 5.389972e+00
8.234957e-01 -2.031553e+00 5.408399e+00
8.242397e-01 -2.044679e+00 5.426800e+00
8.249653e-01 -2.057840e+00 5.445176e+00
8.256724e-01 -2.071037e+00 5.463526e+00
8.263611e-01 -2.084270e+00 5.481851e+00
8.270314e-01 -2.097538e+00 5.500150e+00
8.276832e-01 -2.110841e+00 5.518424e+00
8.283166e-01 -2.124180e+00 5.536671e+00
8.289316e-01 -2.137554e+00 5.554893e+00
8.295282e-01 -2.150963e+00 5.573090e+00
8.301063e-01 -2.164407e+00 5.591260e+00
8.306661e-01 -2.177886e+00 5.609404e+00
8.312075e-01 -2.191401e+00 5.627522e+00
8.317305e-01 -2.204950e+00 5.645614e+00
8.322352e-01 -2.218534e+00 5.663679e+00
8.327214e-01 -2.232153e+00 5.681718e+00
8.331893e-01 -2.245806e+00 5.699731e+00
8.336389e-01 -2.259494e+00 5.717718e+00
8.340701e-01 -2.273217e+00 5.735678e+00
8.344829e-01 -2.286974e+00 5.753611e+00
8.348774e-01 -2.300765e+00 5.771517e+00
8.352537e-01 -2.314591e+00 5.789397e+00
8.356116e-01 -2.328451e+00 5.807250e+00
8.359512e-01 -2.342345e+00 5.825076e+00
8.362725e-01 -2.356273e+00 5.842876e+00
8.365756e-01 -2.370235e+00 5.860648e+00
8.368604e-01 -2.384231e+00 5.878393e+00
8.371269e-01 -2.398261e+00 5.896111e+00
8.373752e-01 -2.412324e+00 5.913802e+00
8.376053e-01 -2.426422e+00 5.931465e+00
8.378171e-01 -2.440553e+00 5.949101e+00
8.380107e-01 -2.454717e+00 5.966710e+00
8.381860e-01 -2.468915e+00 5.984291e+00
8.383432e-01 -2.483146e+00 6.001845e+00
8.384822e-01 -2.497411e+00 6.019371e+00
8.386029e-01 -2.511708e+00 6.036869e+00
8.387055e-01 -2.526039e+00 6.054340e+00
8.387900e-01 -2.540403e+00 6.071782e+00
8.388562e-01 -2.554800e+00 6.089197e+00
8.389044e-01 -2.569230e+00 6.106584e+00
8.389344e-01 -2.583693e+00 6.123943e+00
8.389463e-01 -2.598188e+00 6.141274e+00
8.389401e-01 -2.612716e+00 6.158577e+00
8.389158e-01 -2.627277e+00 6.175851e+00
8.388734e-01 -2.641870e+00 6.193098e+00
8.388130e-01 -2.656495e+00 6.210316e+00
8.387344e-01 -2.671153e+00 6.227505e+00
8.386379e-01 -2.685843e+00 6.244666e+00
8.385232e-01 -2.700565e+00 6.261799e+00
8.383906e-01 -2.715320e+00 6.278903e+00
8.382399e-01 -2.730106e+00 6.295978e+00
8.380712e-01 -2.744924e+00 6.313025e+00
8.378845e-01 -2.759775e+00 6.330043e+00
8.376798e-01 -2.774657e+00 6.347032e+00
8.374571e-01 -2.789570e+00 6.363992e+00
8.372164e-01 -2.804516e+00 6.380923e+00
8.369578e-01 -2.819493e+00 6.397826e+00
8.366812e-01 -2.834501e+00 6.414699e+00
8.363866e-01 -2.849541e+00 6.431543e+00
8.360742e-01 -2.864612e+00 6.448357e+00
8.357438e-01 -2.879715e+00 6.465143e+00
8.353955e-01 -2.894848e+00 6.481899e+00
8.350293e-01 -2.910013e+00 6.498626e+00
8.346452e-01 -2.925209e+00 6.515323e+00
8.342432e-01 -2.940436e+00 6.531991e+00
8.338234e-01 -2.955693e+00 6.548630e+00
8.333857e-01 -2.970982e+00 6.565238e+00
8.329301e-01 -2.986301e+00 6.581817e+00
8.324567e-01 -3.001651e+00 6.598367e+00
8.319655e-01 -3.017031e+00 6.614886e+00
8.314565e-01 -3.032442e+00 6.631376e+00
8.309297e-01 -3.047883e+00 6.647836e+00
8.303851e-01 -3.063355e+00 6.664265e+00
8.298228e-01 -3.078856e+00 6.680665e+00
8.292426e-01 -3.094388e+00 6.697035e+00
8.286447e-01 -3.109950e+00 6.713374e+00
8.280291e-01 -3.125542e+00 6.729683e+00
8.273958e-01 -3.141164e+00 6.745963e+00
8.267447e-01 -3.156816e+00 6.762211e+00
8.260760e-01 -3.172498e+00 6.778430e+00
8.253895e-01 -3.188209e+00 6.794618e+00
8.246854e-01 -3.203950e+00 6.810775e+00
8.239636e-01 -3.219720e+00 6.826902e+00
8.232242e-01 -3.235520e+00 6.842998e+00
8.224671e-01 -3.251349e+00 6.859064e+00
8.216924e-01 -3.267208e+00 6.875099e+00
8.209001e-01 -3.283096e+00 6.891103e+00
8.200902e-01 -3.299013e+00 6.907077e+00
8.192627e-01 -3.314958e+00 6.923019e+00
8.184176e-01 -3.330933e+00 6.938931e+00
8.175550e-01 -3.346937e+00 6.954811e+00
8.166748e-01 -3.362970e+00 6.970661e+00
8.157771e-01 -3.379031e+00 6.986480e+00
8.148618e-01 -3.395121e+00 7.002267e+00
8.139291e-01 -3.411239e+00 7.018024e+00
8.129789e-01 -3.427386e+00 7.033749e+00
8.120111e-01 -3.443562e+00 7.049442e+00
8.110260e-01 -3.459765e+00 7.065105e+00
8.100233e-01 -3.475997e+00 7.080736e+00
8.090033e-01 -3.492257e+00 7.096335e+00
8.079658e-01 -3.508546e+00 7.111904e+00
8.069109e-01 -3.524862e+00 7.127440e+00
8.058386e-01 -3.541206e+00 7.142945e+00
8.047489e-01 -3.557578e+00 7.158419e+00
8.036418e-01 -3.573978e+00 7.173860e+00
8.025174e-01 -3.590405e+00 7.189270e+00
8.013757e-01 -3.606860e+00 7.204649e+00
8.002166e-01 -3.623342e+00 7.219995e+00
7.990402e-01 -3.639852e+00 7.235309e+00
7.978466e-01 -3.656389e+00 7.250592e+00
7.966356e-01 -3.672954e+00 7.265843e+00
7.954074e-01 -3.689545e+00 7.281061e+00
7.941619e-01 -3.706164e+00 7.296248e+00
7.928992e-01 -3.722810e+00 7.311402e+00
7.916193e-01 -3.739483e+00 7.326524e+00
7.903221e-01 -3.756182e+00 7.341614e+00
7.890078e-01 -3.772909e+00 7.356672e+00
7.876763e-01 -3.789662e+00 7.371697e+00
7.863276e-01 -3.806441e+00 7.386691e+00
7.849618e-01 -3.823247e+00 7.401651e+00
7.835789e-01 -3.840080e+00 7.416580e+00
7.821788e-01 -3.856939e+00 7.431475e+00
7.807617e-01 -3.873824e+00 7.446339e+00
7.793275e-01 -3.890735e+00 7.461169e+00
7.778762e-01 -3.907673e+00 7.475968e+00
7.764079e-01 -3.924636e+00 7.490733e+00
7.749226e-01 -3.941625e+00 7.505466e+00
7.734203e-01 -3.958641e+00 7.520166e+00
7.719011e-01 -3.975681e+00 7.534833e+00
7.703648e-01 -3.992748e+00 7.549468e+00
7.688116e-01 -4.009840e+00 7.564070e+00
7.672415e-01 -4.026957e+00 7.578638e+00
7.656545e-01 -4.044100e+00 7.593174e+00
7.640506e-01 -4.061268e+00 7.607677e+00
7.624298e-01 -4.078462e+00 7.622147e+00
7.607921e-01 -4.095680e+00 7.636584e+00
7.591376e-01 -4.112924e+00 7.650988e+00
7.574662e-01 -4.130192e+00 7.665358e+00
7.557781e-01 -4.147486e+00 7.679696e+00
7.540731e-01 -4.164804e+00 7.694000e+00
7.523514e-01 -4.182147e+00 7.708271e+00
7.506129e-01 -4.199514e+00 7.722509e+00
7.488576e-01 -4.216907e+00 7.736713e+00
7.470857e-01 -4.234323e+00 7.750884e+00
7.452970e-01 -4.251764e+00 7.765022e+00
7.434916e-01 -4.269230e+00 7.779126e+00
7.416695e-01 -4.286719e+00 7.793196e+00
7.398308e-01 -4.304233e+00 7.807234e+00
7.379754e-01 -4.321771e+00 7.821237e+00
7.361035e-01 -4.339332e+00 7.835207e+00
7.342149e-01 -4.356918e+00 7.849144e+00
7.323097e-01 -4.374527e+00 7.863046e+00
7.303879e-01 -4.392160e+00 7.876915e+00
7.284496e-01 -4.409817e+00 7.890751e+00
7.264948e-01 -4.427497e+00 7.904552e+00
7.245234e-01 -4.445201e+00 7.918320e+00
7.225356e-01 -4.462928e+00 7.932053e+00
7.205312e-01 -4.480679e+00 7.945753e+00
7.185104e-01 -4.498452e+00 7.959419e+00
7.164732e-01 -4.516249e+00 7.973051e+00
7.144195e-01 -4.534069e+00 7.986650e+00
7.123494e-01 -4.551912e+00 8.000214e+00
7.102630e-01 -4.569777e+00 8.013744e+00
7.081601e-01 -4.587666e+00 8.027240e+00
7.060409e-01 -4.605577e+00 8.040701e+00
7.039054e-01 -4.623511e+00 8.054129e+00
7.017535e-01 -4.641467e+00 8.067522e+00
6.995854e-01 -4.659446e+00 8.080882e+00
6.974010e-01 -4.677447e+00 8.094207e+00
6.952003e-01 -4.695470e+00 8.107497e+00
6.929833e-01 -4.713516e+00 8.120754e+00
6.907502e-01 -4.731584e+00 8.133976e+00
6.885009e-01 -4.749673e+00 8.147164e+00
6.862353e-01 -4.767785e+00 8.160317e+00
6.839536e-01 -4.785919e+00 8.173436e+00
6.816558e-01 -4.804074e+00 8.186520e+00
6.793418e-01 -4.822251e+00 8.199570e+00
6.770118e-01 -4.840450e+00 8.212586e+00
6.746656e-01 -4.858670e+00 8.225566e+00
6.723034e-01 -4.876912e+00 8.238513e+00
6.699251e-01 -4.895175e+00 8.251424e+00
6.675308e-01 -4.913460e+00 8.264301e+00
6.651205e-01 -4.931765e+00 8.277144e+00
6.626943e-01 -4.950092e+00 8.289951e+00
6.602520e-01 -4.968439e+00 8.302724e+00
6.577938e-01 -4.986808e+00 8.315463e+00
6.553197e-01 -5.005198e+00 8.328166e+00
6.528296e-01 -5.023608e+00 8.340835e+00
6.503237e-01 -5.042039e+00 8.353468e+00
6.478019e-01 -5.060490e+00 8.366067e+00
6.452643e-01 -5.078962e+00 8.378631e+00
6.427108e-01 -5.097455e+00 8.391161e+00
6.401415e-01 -5.115968e+00 8.403655e+00
6.375564e-01 -5.134501e+00 8.416114e+00
6.349556e-01 -5.153054e+00 8.428538e+00
6.323390e-01 -5.171628e+00 8.440928e+00
6.297067e-01 -5.190221e+00 8.453282e+00
6.270587e-01 -5.208835e+00 8.465601e+00
6.243950e-01 -5.227468e+00 8.477885e+00
6.217156e-01 -5.246121e+00 8.490134e+00
6.190206e-01 -5.264793e+00 8.502348e+00
6.163100e-01 -5.283486e+00 8.514527e+00
6.135838e-01 -5.302197e+00 8.526671e+00
6.108419e-01 -5.320929e+00 8.538779e+00
6.080846e-01 -5.339679e+00 8.550853e+00
6.053116e-01 -5.358449e+00 8.562891e+00
6.025232e-01 -5.377238e+00 8.574893e+00
5.997192e-01 -5.396046e+00 8.586861e+00
5.968998e-01 -5.414873e+00 8.598793e+00
5.940649e-01 -5.433719e+00 8.610690e+00
5.912146e-01 -5.452584e+00 8.622552e+00
5.883489e-01 -5.471467e+00 8.634378e+00
5.854678e-01 -5.490370e+00 8.646169e+00
5.825713e-01 -5.509290e+00 8.657924e+00
5.796594e-01 -5.528230e+00 8.669644e+00
5.767322e-01 -5.547188e+00 8.681329e+00
5.737897e-01 -5.566164e+00 8.692978e+00
5.708319e-01 -5.585158e+00 8.704592e+00
5.678589e-01 -5.604170e+00 8.716170e+00
5.648706e-01 -5.623201e+00 8.727713e+00
5.618670e-01 -5.642250e+00 8.739220e+00
5.588483e-01 -5.661316e+00 8.750692e+00
5.558144e-01 -5.680401e+00 8.762128e+00
5.527653e-01 -5.699503e+00 8.773528e+00
5.497011e-01 -5.718622e+00 8.784893e+00
5.466218e-01 -5.737760e+00 8.796223e+00
5.435273e-01 -5.756915e+00 8.807517e+00
5.404178e-01 -5.776087e+00 8.818775e+00
5.372933e-01 -5.795276e+00 8.829997e+00
5.341537e-01 -5.814483e+00 8.841184e+00
5.309991e-01 -5.833707e+00 8.852335e+00
5.278295e-01 -5.852948e+00 8.863451e+00
5.246449e-01 -5.872207e+00 8.874531e+00
5.214454e-01 -5.891482e+00 8.885575e+00
5.182310e-01 -5.910773e+00 8.896583e+00
5.150016e-01 -5.930082e+00 8.907556e+00
5.117574e-01 -5.949407e+00 8.918493e+00
5.084984e-01 -5.968749e+00 8.929394e+00
5.052245e-01 -5.988107e+00 8.940259e+00
5.019358e-01 -6.007482e+00 8.951089e+00
4.986324e-01 -6.026873e+00 8.961882e+00
4.953142e-01 -6.046280e+00 8.972641e+00
4.919813e-01 -6.065704e+00 8.983363e+00
4.886337e-01 -6.085143e+00 8.994049e+00
4.852713e-01 -6.104599e+00 9.004700e+00
4.818944e-01 -6.124070e+00 9.015315e+00
4.785028e-01 -6.143557e+00 9.025893e+00
4.750965e-01 -6.163060e+00 9.036437e+00
4.716757e-01 -6.182578e+00 9.046944e+00
4.682403e-01 -6.202112e+00 9.057415e+00
4.647904e-01 -6.221662e+00 9.067851e+00
4.613259e-01 -6.241227e+00 9.078250e+00
4.578469e-01 -6.260807e+00 9.088614e+00
4.543534e-01 -6.280402e+00 9.098942e+00
4.508455e-01 -6.300013e+00 9.109234e+00
4.473231e-01 -6.319639e+00 9.119490e+00
4.437863e-01 -6.339279e+00 9.129710e+00
4.402351e-01 -6.358935e+00 9.139894e+00
4.366696e-01 -6.378606e+00 9.150042e+00
4.330897e-01 -6.398291e+00 9.160154e+00
4.294954e-01 -6.417991e+00 9.170230e+00
4.258869e-01 -6.437705e+00 9.180271e+00
4.222641e-01 -6.457434e+00 9.190275e+00
4.186270e-01 -6.477178e+00 9.200243e+00
4.149757e-01 -6.496935e+00 9.210176e+00
4.113101e-01 -6.516708e+00 9.220072e+00
4.076304e-01 -6.536494e+00 9.229932e+00
4.039365e-01 -6.556294e+00 9.239757e+00
4.002284e-01 -6.576109e+00 9.249545e+00
3.965063e-01 -6.595937e+00 9.259297e+00
3.927700e-01 -6.615779e+00 9.269014e+00
3.890197e-01 -6.635635e+00 9.278694e+00
3.852553e-01 -6.655505e+00 9.288339e+00
3.814768e-01 -6.675388e+00 9.297947e+00
3.776844e-01 -6.695285e+00 9.307519e+00
3.738780e-01 -6.715196e+00 9.317056e+00
3.700576e-01 -6.735119e+00 9.326556e+00
3.662232e-01 -6.755057e+00 9.336020e+00
3.623750e-01 -6.775007e+00 9.345448e+00
3.585128e-01 -6.794970e+00 9.354841e+00
3.546368e-01 -6.814947e+00 9.364197e+00
3.507470e-01 -6.834937e+00 9.373517e+00
3.468433e-01 -6.854939e+00 9.382801e+00
3.429258e-01 -6.874954e+00 9.392049e+00
3.389945e-01 -6.894983e+00 9.401261e+00
3.350495e-01 -6.915023e+00 9.410437e+00
3.310907e-01 -6.935077e+00 9.419577e+00
3.271183e-01 -6.955143e+00 9.428681e+00
3.231321e-01 -6.975221e+00 9.437749e+00
3.191323e-01 -6.995312e+00 9.446781e+00
3.151188e-01 -7.015415e+00 9.455777e+00
3.110918e-01 -7.035530e+00 9.464737e+00
3.070511e-01 -7.055658e+00 9.473660e+00
3.029969e-01 -7.075797e+00 9.482548e+00
2.989291e-01 -7.095949e+00 9.491400e+00
2.948478e-01 -7.116112e+00 9.500216e+00
2.907530e-01 -7.136288e+00 9.508995e+00
2.866447e-01 -7.156475e+00 9.517739e+00
2.825229e-01 -7.176673e+00 9.526447e+00
2.783878e-01 -7.196884e+00 9.535118e+00
2.742392e-01 -7.217105e+00 9.543754e+00
2.700772e-01 -7.237339e+00 9.552354e+00
2.659019e-01 -7.257583e+00 9.560917e+00
2.617133e-01 -7.277839e+00 9.569445e+00
2.575113e-01 -7.298106e+00 9.577937e+00
2.532960e-01 -7.318385e+00 9.586393e+00
2.490675e-01 -7.338674e+00 9.594812e+00
2.448257e-01 -7.358975e+00 9.603196e+00
2.405708e-01 -7.379286e+00 9.611544e+00
2.363026e-01 -7.399608e+00 9.619856e+00
2.320212e-01 -7.419941e+00 9.628132e+00
2.277267e-01 -7.440284e+00 9.636372e+00
2.234191e-01 -7.460639e+00 9.644576e+00
2.190983e-01 -7.481003e+00 9.652744e+00
2.147645e-01 -7.501379e+00 9.660876e+00
2.104177e-01 -7.521764e+00 9.668973e+00
2.060578e-01 -7.542160e+00 9.677033e+00
2.016849e-01 -7.562566e+00 9.685058e+00
1.972990e-01 -7.582982e+00 9.693046e+00
1.929001e-01 -7.603409e+00 9.700999e+00
1.884883e-01 -7.623845e+00 9.708916e+00
1.840636e-01 -7.644292e+00 9.716797e+00
1.796260e-01 -7.664748e+00 9.724642e+00
1.751755e-01 -7.685214e+00 9.732451e+00
1.707122e-01 -7.705690e+00 9.740225e+00
1.662361e-01 -7.726175e+00 9.747962e+00
1.617472e-01 -7.746670e+00 9.755664e+00
1.572455e-01 -7.767174e+00 9.763330e+00
1.527310e-01 -7.787688e+00 9.770960e+00
1.482038e-01 -7.808212e+00 9.778555e+00
1.436639e-01 -7.828744e+00 9.786114e+00
1.391114e-01 -7.849286e+00 9.793637e+00
1.345462e-01 -7.869837e+00 9.801124e+00
1.299683e-01 -7.890397e+00 9.808575e+00
1.253778e-01 -7.910966e+00 9.815991e+00
1.207748e-01 -7.931543e+00 9.823371e+00
1.161592e-01 -7.952130e+00 9.830715e+00
1.115310e-01 -7.972726e+00 9.838024e+00
1.068904e-01 -7.993330e+00 9.845297e+00
1.022372e-01 -8.013943e+00 9.852534e+00
9.757158e-02 -8.034564e+00 9.859736e+00
9.289350e-02 -8.055194e+00 9.866902e+00
8.820301e-02 -8.075832e+00 9.874033e+00
8.350011e-02 -8.096479e+00 9.881127e+00
7.878484e-02 -8.117134e+00 9.888187e+00
7.405722e-02 -8.137797e+00 9.895210e+00
6.931727e-02 -8.158468e+00 9.902199e+00
6.456501e-02 -8.179147e+00 9.909151e+00
5.980047e-02 -8.199835e+00 9.916068e+00
5.502368e-02 -8.220530e+00 9.922950e+00
5.023464e-02 -8.241233e+00 9.929796e+00
4.543340e-02 -8.261944e+00 9.936607e+00
4.061997e-02 -8.282662e+00 9.943382e+00
3.579437e-02 -8.303389e+00 9.950121e+00
3.095663e-02 -8.324122e+00 9.956826e+00
2.610677e-02 -8.344864e+00 9.963495e+00
2.124481e-02 -8.365612e+00 9.970128e+00
1.637078e-02 -8.386369e+00 9.976726e+00
1.148470e-02 -8.407132e+00 9.983289e+00
6.586597e-03 -8.427903e+00 9.989816e+00
1.676489e-03 -8.448680e+00 9.996308e+00
-3.245598e-03 -8.469465e+00 1.000277e+01
-8.179643e-03 -8.490257e+00 1.000919e+01
-1.312562e-02 -8.511056e+00 1.001557e+01
-1.808351e-02 -8.531862e+00 1.002192e+01
-2.305329e-02 -8.552675e+00 1.002824e+01
-2.803493e-02 -8.573494e+00 1.003452e+01
-3.302841e-02 -8.594320e+00 1.004077e+01
-3.803371e-02 -8.615153e+00 1.004698e+01
-4.305080e-02 -8.635992e+00 1.005315e+01
-4.807967e-02 -8.656838e+00 1.005929e+01
-5.312029e-02 -8.677690e+00 1.006540e+01
-5.817263e-02 -8.698548e+00 1.007147e+01
-6.323668e-02 -8.719413e+00 1.007750e+01
-6.831241e-02 -8.740284e+00 1.008350e+01
-7.339980e-02 -8.761161e+00 1.008946e+01
-7.849882e-02 -8.782045e+00 1.009539e+01
-8.360945e-02 -8.802934e+00 1.010129e+01
-8.873167e-02 -8.823829e+00 1.010715e+01
-9.386546e-02 -8.844730e+00 1.011297e+01
-9.901079e-02 -8.865637e+00 1.011876e+01
-1.041676e-01 -8.886550e+00 1.012452e+01
-1.093360e-01 -8.907469e+00 1.013024e+01
-1.145158e-01 -8.928393e+00 1.013592e+01
-1.197071e-01 -8.949323e+00 1.014157e+01
-1.249098e-01 -8.970258e+00 1.014719e+01
-1.301239e-01 -8.991198e+00 1.015277e+01
-1.353493e-01 -9.012144e+00 1.015832e+01
-1.405861e-01 -9.033096e+00 1.016383e+01
-1.458343e-01 -9.054052e+00 1.016931e+01
-1.510937e-01 -9.075014e+00 1.017475e+01
-1.563644e-01 -9.095981e+00 1.018016e+01
-1.616464e-01 -9.116953e+00 1.018553e+01
-1.669396e-01 -9.137929e+00 1.019087e+01
-1.722440e-01 -9.158911e+00 1.019617e+01
-1.775596e-01 -9.179898e+00 1.020144e+01
-1.828864e-01 -9.200889e+00 1.020667e+01
-1.882243e-01 -9.221885e+00 1.021188e+01
-1.935733e-01 -9.242886e+00 1.021704e+01
-1.989334e-01 -9.263891e+00 1.022217e+01
-2.043046e-01 -9.284901e+00 1.022727e+01
-2.096869e-01 -9.305916e+00 1.023233e+01
-2.150801e-01 -9.326934e+00 1.023736e+01
-2.204844e-01 -9.347957e+00 1.024236e+01
-2.258997e-01 -9.368985e+00 1.024732e+01
-2.313259e-01 -9.390017e+00 1.025224e+01
-2.367631e-01 -9.411053e+00 1.025713e+01
-2.422112e-01 -9.432093e+00 1.026199e+01
-2.476702e-01 -9.453137e+00 1.026681e+01
-2.531400e-01 -9.474185e+00 1.027160e+01
-2.586207e-01 -9.495237e+00 1.027636e+01
-2.641123e-01 -9.516293e+00 1.028108e+01
-2.696146e-01 -9.537352e+00 1.028576e+01
-2.751278e-01 -9.558416e+00 1.029042e+01
-2.806517e-01 -9.579483e+00 1.029504e+01
-2.861864e-01 -9.600554e+00 1.029962e+01
-2.917318e-01 -9.621628e+00 1.030417e+01
-2.972878e-01 -9.642706e+00 1.030869e+01
-3.028546e-01 -9.663788e+00 1.031317e+01
-3.084320e-01 -9.684873e+00 1.031762e+01
-3.140201e-01 -9.705961e+00 1.032203e+01
-3.196188e-01 -9.727053e+00 1.032642e+01
-3.252281e-01 -9.748147e+00 1.033076e+01
-3.308479e-01 -9.769245e+00 1.033508e+01
-3.364784e-01 -9.790347e+00 1.033936e+01
-3.421193e-01 -9.811451e+00 1.034361e+01
-3.477708e-01 -9.832558e+00 1.034782e+01
-3.534327e-01 -9.853668e+00 1.035200e+01
-3.591051e-01 -9.874782e+00 1.035614e+01
-3.647880e-01 -9.895898e+00 1.036026e+01
-3.704813e-01 -9.917017e+00 1.036433e+01
-3.761850e-01 -9.938138e+00 1.036838e+01
-3.818990e-01 -9.959263e+00 1.037239e+01
-3.876235e-01 -9.980390e+00 1.037637e+01
-3.933583e-01 -1.000152e+01 1.038032e+01
-3.991034e-01 -1.002265e+01 1.038423e+01
-4.048588e-01 -1.004379e+01 1.038811e+01
-4.106245e-01 -1.006492e+01 1.039195e+01
-4.164004e-01 -1.008606e+01 1.039576e+01
-4.221866e-01 -1.010720e+01 1.039954e+01
-4.279830e-01 -1.012835e+01 1.040329e+01
-4.337896e-01 -1.014949e+01 1.040700e+01
-4.396064e-01 -1.017064e+01 1.041068e+01
-4.454334e-01 -1.019179e+01 1.041432e+01
-4.512705e-01 -1.021295e+01 1.041794e+01
-4.571177e-01 -1.023410e+01 1.042152e+01
-4.629750e-01 -1.025526e+01 1.042506e+01
-4.688424e-01 -1.027642e+01 1.042858e+01
-4.747198e-01 -1.029758e+01 1.043206e+01
-4.806073e-01 -1.031874e+01 1.043551e+01
-4.865047e-01 -1.033990e+01 1.043892e+01
-4.924122e-01 -1.036107e+01 1.044231e+01
-4.983297e-01 -1.038224e+01 1.044566e+01
-5.042571e-01 -1.040340e+01 1.044897e+01
-5.101945e-01 -1.042457e+01 1.045226e+01
-5.161417e-01 -1.044575e+01 1.045551e+01
-5.220989e-01 -1.046692e+01 1.045873e+01
-5.280660e-01 -1.048810e+01 1.046191e+01
-5.340429e-01 -1.050927e+01 1.046507e+01
-5.400296e-01 -1.053045e+01 1.046819e+01
-5.460262e-01 -1.055163e+01 1.047128e+01
-5.520326e-01 -1.057281e+01 1.047434e+01
-5.580487e-01 -1.059399e+01 1.047736e+01
-5.640746e-01 -1.061517e+01 1.048035e+01
-5.701103e-01 -1.063636e+01 1.048331e+01
-5.761557e-01 -1.065754e+01 1.048624e+01
-5.822107e-01 -1.067873e+01 1.048913e+01
-5.882755e-01 -1.069991e+01 1.049199e+01
-5.943499e-01 -1.072110e+01 1.049482e+01
-6.004340e-01 -1.074229e+01 1.049762e+01
-6.065277e-01 -1.076348e+01 1.050039e+01
-6.126310e-01 -1.078467e+01 1.050312e+01
-6.187439e-01 -1.080586e+01 1.050582e+01
-6.248664e-01 -1.082705e+01 1.050849e+01
-6.309984e-01 -1.084824e+01 1.051113e+01
-6.371400e-01 -1.086943e+01 1.051374e+01
-6.432911e-01 -1.089063e+01 1.051631e+01
-6.494517e-01 -1.091182e+01 1.051885e+01
-6.556217e-01 -1.093301e+01 1.052136e+01
-6.618012e-01 -1.095421e+01 1.052384e+01
-6.679902e-01 -1.097540e+01 1.052629e+01
-6.741886e-01 -1.099660e+01 1.052870e+01
-6.803964e-01 -1.101779e+01 1.053109e+01
-6.866135e-01 -1.103899e+01 1.053344e+01
-6.928401e-01 -1.106018e+01 1.053576e+01
-6.990760e-01 -1.108138e+01 1.053805e+01
-7.053212e-01 -1.110257e+01 1.054030e+01
-7.115757e-01 -1.112377e+01 1.054253e+01
-7.178395e-01 -1.114497e+01 1.054472e+01
-7.241127e-01 -1.116616e+01 1.054688e+01
-7.303950e-01 -1.118736e+01 1.054901e+01
-7.366867e-01 -1.120855e+01 1.055111e+01
-7.429875e-01 -1.122975e+01 1.055318e+01
-7.492976e-01 -1.125095e+01 1.055522e+01
-7.556168e-01 -1.127214e+01 1.055723e+01
-7.619452e-01 -1.129334e+01 1.055920e+01
-7.682828e-01 -1.131453e+01 1.056114e+01
-7.746295e-01 -1.133573e+01 1.056306e+01
-7.809854e-01 -1.135692e+01 1.056494e+01
-7.873503e-01 -1.137811e+01 1.056679e+01
-7.937243e-01 -1.139931e+01 1.056861e+01
-8.001075e-01 -1.142050e+01 1.057040e+01
-8.064996e-01 -1.144169e+01 1.057216e+01
-8.129008e-01 -1.146288e+01 1.057388e+01
-8.193110e-01 -1.148407e+01 1.057558e+01
-8.257303e-01 -1.150526e+01 1.057724e+01
-8.321585e-01 -1.152645e+01 1.057888e+01
-8.385956e-01 -1.154764e+01 1.058048e+01
-8.450418e-01 -1.156883e+01 1.058206e+01
-8.514969e-01 -1.159002e+01 1.058360e+01
-8.579608e-01 -1.161120e+01 1.058511e+01
-8.644338e-01 -1.163239e+01 1.058659e+01
-8.709155e-01 -1.165357e+01 1.058804e+01
-8.774062e-01 -1.167476e+01 1.058946e+01
-8.839057e-01 -1.169594e+01 1.059085e+01
-8.904141e-01 -1.171712e+01 1.059221e+01
-8.969313e-01 -1.173830e+01 1.059354e+01
-9.034573e-01 -1.175948e+01 1.059484e+01
-9.099921e-01 -1.178066e+01 1.059611e+01
-9.165356e-01 -1.180184e+01 1.059735e+01
-9.230880e-01 -1.182302e+01 1.059856e+01
-9.296490e-01 -1.184419e+01 1.059974e+01
-9.362188e-01 -1.186537e+01 1.060089e+01
-9.427974e-01 -1.188654e+01 1.060201e+01
-9.493846e-01 -1.190771e+01 1.060309e+01
-9.559805e-01 -1.192888e+01 1.060415e+01
-9.625851e-01 -1.195005e+01 1.060518e+01
-9.691983e-01 -1.197121e+01 1.060618e+01
-9.758202e-01 -1.199238e+01 1.060715e+01
-9.824507e-01 -1.201354e+01 1.060809e+01
-9.890898e-01 -1.203471e+01 1.060900e+01
-9.957375e-01 -1.205587e+01 1.060988e+01
-1.002394e+00 -1.207703e+01 1.061073e+01
-1.009059e+00 -1.209819e+01 1.061155e+01
-1.015732e+00 -1.211934e+01 1.061234e+01
-1.022414e+00 -1.214050e+01 1.061310e+01
-1.029104e+00 -1.216165e+01 1.061383e+01
-1.035803e+00 -1.218280e+01 1.061454e+01
-1.042511e+00 -1.220395e+01 1.061521e+01
-1.049227e+00 -1.222510e+01 1.061585e+01
-1.055951e+00 -1.224625e+01 1.061647e+01
-1.062684e+00 -1.226739e+01 1.061705e+01
-1.069425e+00 -1.228853e+01 1.061761e+01
-1.076175e+00 -1.230967e+01 1.061814e+01
-1.082933e+00 -1.233081e+01 1.061863e+01
-1.089700e+00 -1.235195e+01 1.061910e+01
-1.096474e+00 -1.237308e+01 1.061954e+01
-1.103258e+00 -1.239421e+01 1.061995e+01
-1.110049e+00 -1.241535e+01 1.062033e+01
-1.116849e+00 -1.243647e+01 1.062069e+01
-1.123658e+00 -1.245760e+01 1.062101e+01
-1.130474e+00 -1.247873e+01 1.062130e+01
-1.137299e+00 -1.249985e+01 1.062157e+01
-1.144132e+00 -1.252097e+01 1.062181e+01
-1.150974e+00 -1.254209e+01 1.062202e+01
-1.157823e+00 -1.256320e+01 1.062220e+01
-1.164681e+00 -1.258431e+01 1.062235e+01
-1.171548e+00 -1.260543e+01 1.062247e+01
-1.178422e+00 -1.262654e+01 1.062257e+01
-1.185305e+00 -1.264764e+01 1.062263e+01
-1.192195e+00 -1.266875e+01 1.062267e+01
-1.199094e+00 -1.268985e+01 1.062268e+01
-1.206002e+00 -1.271095e+01 1.062266e+01
-1.212917e+00 -1.273205e+01 1.062261e+01
-1.219840e+00 -1.275314e+01 1.062254e+01
-1.226772e+00 -1.277423e+01 1.062243e+01
-1.233712e+00 -1.279532e+01 1.062230e+01
-1.240660e+00 -1.281641e+01 1.062214e+01
-1.247616e+00 -1.283749e+01 1.062195e+01
-1.254580e+00 -1.285858e+01 1.062173e+01
-1.261552e+00 -1.287966e+01 1.062149e+01
-1.268532e+00 -1.290073e+01 1.062122e+01
-1.275520e+00 -1.292181e+01 1.062092e+01
-1.282517e+00 -1.294288e+01 1.062059e+01
-1.289521e+00 -1.296395e+01 1.062023e+01
-1.296533e+00 -1.298502e+01 1.061985e+01
-1.303553e+00 -1.300608e+01 1.061944e+01
-1.310582e+00 -1.302714e+01 1.061900e+01
-1.317618e+00 -1.304820e+01 1.061853e+01
-1.324662e+00 -1.306926e+01 1.061804e+01
-1.331715e+00 -1.309031e+01 1.061752e+01
-1.338775e+00 -1.311136e+01 1.061697e+01
-1.345843e+00 -1.313241e+01 1.061639e+01
-1.352919e+00 -1.315345e+01 1.061578e+01
-1.360003e+00 -1.317449e+01 1.061515e+01
-1.367095e+00 -1.319553e+01 1.061449e+01
-1.374194e+00 -1.321657e+01 1.061381e+01
-1.381302e+00 -1.323760e+01 1.061309e+01
-1.388418e+00 -1.325863e+01 1.061235e+01
-1.395541e+00 -1.327966e+01 1.061159e+01
-1.402672e+00 -1.330069e+01 1.061079e+01
-1.409811e+00 -1.332171e+01 1.060997e+01
-1.416958e+00 -1.334273e+01 1.060912e+01
-1.424113e+00 -1.336374e+01 1.060824e+01
-1.431275e+00 -1.338475e+01 1.060734e+01
-1.438446e+00 -1.340576e+01 1.060641e+01
-1.445624e+00 -1.342677e+01 1.060545e+01
-1.452810e+00 -1.344777e+01 1.060447e+01
-1.460003e+00 -1.346878e+01 1.060346e+01
-1.467205e+00 -1.348977e+01 1.060242e+01
-1.474414e+00 -1.351077e+01 1.060136e+01
-1.481631e+00 -1.353176e+01 1.060027e+01
-1.488856e+00 -1.355275e+01 1.059915e+01
-1.496088e+00 -1.357373e+01 1.059801e+01
-1.503328e+00 -1.359471e+01 1.059684e+01
-1.510576e+00 -1.361569e+01 1.059564e+01
-1.517832e+00 -1.363667e+01 1.059442e+01
-1.525095e+00 -1.365764e+01 1.059317e+01
-1.532366e+00 -1.367861e+01 1.059189e+01
-1.539645e+00 -1.369958e+01 1.059059e+01
-1.546931e+00 -1.372054e+01 1.058926e+01
-1.554225e+00 -1.374150e+01 1.058791e+01
-1.561527e+00 -1.376245e+01 1.058653e+01
-1.568836e+00 -1.378341e+01 1.058512e+01
-1.576153e+00 -1.380436e+01 1.058369e+01
-1.583477e+00 -1.382530e+01 1.058223e+01
-1.590809e+00 -1.384625e+01 1.058074e+01
-1.598149e+00 -1.386719e+01 1.057923e+01
-1.605497e+00 -1.388812e+01 1.057769e+01
-1.612851e+00 -1.390906e+01 1.057613e+01
-1.620214e+00 -1.392999e+01 1.057454e+01
-1.627584e+00 -1.395091e+01 1.057293e+01
-1.634962e+00 -1.397184e+01 1.057129e+01
-1.642347e+00 -1.399276e+01 1.056963e+01
-1.649740e+00 -1.401367e+01 1.056793e+01
-1.657140e+00 -1.403459e+01 1.056622e+01
-1.664548e+00 -1.405550e+01 1.056448e+01
-1.671964e+00 -1.407641e+01 1.056271e+01
-1.679387e+00 -1.409731e+01 1.056091e+01
-1.686817e+00 -1.411821e+01 1.055910e+01
-1.694255e+00 -1.413910e+01 1.055725e+01
-1.701701e+00 -1.416000e+01 1.055538e+01
-1.709154e+00 -1.418089e+01 1.055349e+01
-1.716614e+00 -1.420177e+01 1.055157e+01
-1.724082e+00 -1.422266e+01 1.054962e+01
-1.731558e+00 -1.424354e+01 1.054765e+01
-1.739041e+00 -1.426441e+01 1.054566e+01
-1.746531e+00 -1.428528e+01 1.054364e+01
-1.754029e+00 -1.430615e+01 1.054159e+01
-1.761534e+00 -1.432702e+01 1.053952e+01
-1.769047e+00 -1.434788e+01 1.053743e+01
-1.776567e+00 -1.436874e+01 1.053531e+01
-1.784095e+00 -1.438959e+01 1.053316e+01
-1.791630e+00 -1.441045e+01 1.053099e+01
-1.799172e+00 -1.443129e+01 1.052880e+01
-1.806722e+00 -1.445214e+01 1.052658e+01
-1.814280e+00 -1.447298e+01 1.052434e+01
-1.821844e+00 -1.449382e+01 1.052207e+01
-1.829416e+00 -1.451465e+01 1.051977e+01
-1.836996e+00 -1.453548e+01 1.051746e+01
-1.844583e+00 -1.455631e+01 1.051511e+01
-1.852177e+00 -1.457713e+01 1.051275e+01
-1.859779e+00 -1.459795e+01 1.051036e+01
-1.867388e+00 -1.461877e+01 1.050794e+01
-1.875004e+00 -1.463958e+01 1.050550e+01
-1.882628e+00 -1.466039e+01 1.050304e+01
-1.890259e+00 -1.468120e+01 1.050055e+01
-1.897898e+00 -1.470200e+01 1.049804e+01
-1.905544e+00 -1.472280e+01 1.049550e+01
-1.913197e+00 -1.474360e+01 1.049294e+01
-1.920857e+00 -1.476439e+01 1.049036e+01
-1.928525e+00 -1.478518e+01 1.048775e+01
-1.936200e+00 -1.480596e+01 1.048511e+01
-1.943883e+00 -1.482674e+01 1.048246e+01
-1.951573e+00 -1.484752e+01 1.047978e+01
-1.959270e+00 -1.486830e+01 1.047707e+01
-1.966975e+00 -1.488907e+01 1.047434e+01
-1.974687e+00 -1.490984e+01 1.047159e+01
-1.982406e+00 -1.493060e+01 1.046881e+01
-1.990132e+00 -1.495136e+01 1.046601e+01
-1.997866e+00 -1.497212e+01 1.046319e+01
-2.005607e+00 -1.499287e+01 1.046034e+01
-2.013356e+00 -1.501362e+01 1.045747e+01
-2.021111e+00 -1.503437e+01 1.045458e+01
-2.028874e+00 -1.505511e+01 1.045166e+01
-2.036645e+00 -1.507585e+01 1.044872e+01
-2.044422e+00 -1.509659e+01 1.044575e+01
-2.052207e+00 -1.511732e+01 1.044277e+01
-2.059999e+00 -1.513805e+01 1.043975e+01
-2.067799e+00 -1.515877e+01 1.043672e+01
-2.075605e+00 -1.517950e+01 1.043366e+01
-2.083419e+00 -1.520022e+01 1.043058e+01
-2.091241e+00 -1.522093e+01 1.042748e+01
-2.099069e+00 -1.524164e+01 1.042435e+01
-2.106905e+00 -1.526235e+01 1.042120e+01
-2.114748e+00 -1.528306e+01 1.041802e+01
-2.122599e+00 -1.530376e+01 1.041483e+01
-2.130456e+00 -1.532446e+01 1.041161e+01
-2.138321e+00 -1.534515e+01 1.040836e+01
-2.146193e+00 -1.536584e+01 1.040510e+01
-2.154073e+00 -1.538653e+01 1.040181e+01
-2.161959e+00 -1.540722e+01 1.039850e+01
-2.169853e+00 -1.542790e+01 1.039516e+01
-2.177755e+00 -1.544858e+01 1.039180e+01
-2.185663e+00 -1.546925e+01 1.038842e+01
-2.193579e+00 -1.548992e+01 1.038502e+01
-2.201502e+00 -1.551059e+01 1.038160e+01
-2.209432e+00 -1.553125e+01 1.037815e+01
-2.217370e+00 -1.555191e+01 1.037468e+01
-2.225314e+00 -1.557257e+01 1.037118e+01
-2.233266e+00 -1.559323e+01 1.036767e+01
-2.241226e+00 -1.561388e+01 1.036413e+01
-2.249192e+00 -1.563453e+01 1.036057e+01
-2.257166e+00 -1.565517e+01 1.035699e+01
-2.265147e+00 -1.567581e+01 1.035338e+01
-2.273135e+00 -1.569645e+01 1.034975e+01
-2.281131e+00 -1.571708e+01 1.034610e+01
-2.289134e+00 -1.573772e+01 1.034243e+01
-2.297144e+00 -1.575834e+01 1.033873e+01
-2.305161e+00 -1.577897e+01 1.033502e+01
-2.313185e+00 -1.579959e+01 1.033128e+01
-2.321217e+00 -1.582021e+01 1.032752e+01
-2.329256e+00 -1.584082e+01 1.032373e+01
-2.337302e+00 -1.586144e+01 1.031993e+01
-2.345356e+00 -1.588205e+01 1.031610e+01
-2.353417e+00 -1.590265e+01 1.031225e+01
-2.361485e+00 -1.592325e+01 1.030838e+01
-2.369560e+00 -1.594385e+01 1.030449e+01
-2.377643e+00 -1.596445e+01 1.030057e+01
-2.385732e+00 -1.598504e+01 1.029664e+01
-2.393830e+00 -1.600563e+01 1.029268e+01
-2.401934e+00 -1.602622e+01 1.028870e+01
-2.410045e+00 -1.604681e+01 1.028470e+01
-2.418164e+00 -1.606739e+01 1.028067e+01
-2.426290e+00 -1.608796e+01 1.027663e+01
-2.434424e+00 -1.610854e+01 1.027256e+01
-2.442565e+00 -1.612911e+01 1.026847e+01
-2.450712e+00 -1.614968e+01 1.026436e+01
-2.458868e+00 -1.617025e+01 1.026023e+01
-2.467030e+00 -1.619081e+01 1.025607e+01
-2.475200e+00 -1.621137e+01 1.025190e+01
-2.483377e+00 -1.623193e+01 1.024770e+01
-2.491561e+00 -1.625248e+01 1.024349e+01
-2.499753e+00 -1.627303e+01 1.023925e+01
-2.507952e+00 -1.629358e+01 1.023499e+01
-2.516158e+00 -1.631413e+01 1.023070e+01
-2.524371e+00 -1.633467e+01 1.022640e+01
-2.532592e+00 -1.635521e+01 1.022208e+01
-2.540820e+00 -1.637574e+01 1.021773e+01
-2.549055e+00 -1.639628e+01 1.021337e+01
-2.557298e+00 -1.641681e+01 1.020898e+01
-2.565548e+00 -1.643734e+01 1.020457e+01
-2.573805e+00 -1.645786e+01 1.020014e+01
-2.582070e+00 -1.647839e+01 1.019569e+01
-2.590342e+00 -1.649891e+01 1.019122e+01
-2.598621e+00 -1.651942e+01 1.018672e+01
-2.606907e+00 -1.653994e+01 1.018221e+01
-2.615201e+00 -1.656045e+01 1.017768e+01
-2.623502e+00 -1.658096e+01 1.017312e+01
-2.631811e+00 -1.660147e+01 1.016854e+01
-2.640127e+00 -1.662197e+01 1.016395e+01
-2.648450e+00 -1.664247e+01 1.015933e+01
-2.656780e+00 -1.666297e+01 1.015469e+01
-2.665118e+00 -1.668347e+01 1.015003e+01
-2.673463e+00 -1.670396e+01 1.014535e+01
-2.681816e+00 -1.672446e+01 1.014065e+01
-2.690176e+00 -1.674494e+01 1.013593e+01
-2.698543e+00 -1.676543e+01 1.013118e+01
-2.706918e+00 -1.678591e+01 1.012642e+01
-2.715300e+00 -1.680640e+01 1.012164e+01
-2.723689e+00 -1.682688e+01 1.011683e+01
-2.732086e+00 -1.684735e+01 1.011201e+01
-2.740490e+00 -1.686783e+01 1.010717e+01
-2.748901e+00 -1.688830e+01 1.010230e+01
-2.757320e+00 -1.690877e+01 1.009741e+01
-2.765747e+00 -1.692924e+01 1.009251e+01
-2.774180e+00 -1.694970e+01 1.008758e+01
-2.782621e+00 -1.697016e+01 1.008263e+01
-2.791070e+00 -1.699062e+01 1.007767e+01
-2.799526e+00 -1.701108e+01 1.007268e+01
-2.807989e+00 -1.703154e+01 1.006767e+01
-2.816460e+00 -1.705199e+01 1.006264e+01
-2.824938e+00 -1.707244e+01 1.005760e+01
-2.833424e+00 -1.709289e+01 1.005253e+01
-2.841917e+00 -1.711334e+01 1.004744e+01
-2.850418e+00 -1.713379e+01 1.004233e+01
-2.858926e+00 -1.715423e+01 1.003720e+01
-2.867441e+00 -1.717467e+01 1.003205e+01
-2.875964e+00 -1.719511e+01 1.002688e+01
-2.884495e+00 -1.721555e+01 1.002170e+01
-2.893033e+00 -1.723599e+01 1.001649e+01
-2.901578e+00 -1.725642e+01 1.001126e+01
-2.910131e+00 -1.727685e+01 1.000601e+01
-2.918692e+00 -1.729728e+01 1.000074e+01
-2.927260e+00 -1.731771e+01 9.995452e+00
-2.935835e+00 -1.733813e+01 9.990144e+00
-2.944418e+00 -1.735856e+01 9.984816e+00
-2.953008e+00 -1.737898e+01 9.979468e+00
-2.961607e+00 -1.739940e+01 9.974100e+00
-2.970212e+00 -1.741982e+01 9.968712e+00
-2.978825e+00 -1.744024e+01 9.963305e+00
-2.987446e+00 -1.746065e+01 9.957878e+00
-2.996074e+00 -1.748107e+01 9.952431e+00
-3.004710e+00 -1.750148e+01 9.946964e+00
-3.013353e+00 -1.752189e+01 9.941478e+00
-3.022004e+00 -1.754230e+01 9.935972e+00
-3.030663e+00 -1.756271e+01 9.930447e+00
-3.039329e+00 -1.758311e+01 9.924902e+00
-3.048003e+00 -1.760352e+01 9.919338e+00
-3.056684e+00 -1.762392e+01 9.913754e+00
-3.065373e+00 -1.764432e+01 9.908150e+00
-3.074070e+00 -1.766472e+01 9.902527e+00
-3.082774e+00 -1.768512e+01 9.896885e+00
-3.091486e+00 -1.770552e+01 9.891223e+00
-3.100205e+00 -1.772591e+01 9.885542e+00
-3.108932e+00 -1.774631e+01 9.879841e+00
-3.117667e+00 -1.776670e+01 9.874121e+00
-3.126410e+00 -1.778709e+01 9.868382e+00
-3.135160e+00 -1.780748e+01 9.862624e+00
-3.143918e+00 -1.782787e+01 9.856846e+00
-3.152683e+00 -1.784826e+01 9.851048e+00
-3.161456e+00 -1.786865e+01 9.845232e+00
-3.170237e+00 -1.788903e+01 9.839396e+00
-3.179026e+00 -1.790942e+01 9.833541e+00
-3.187822e+00 -1.792980e+01 9.827667e+00
-3.196626e+00 -1.795019e+01 9.821773e+00
-3.205438e+00 -1.797057e+01 9.815861e+00
-3.214258e+00 -1.799095e+01 9.809929e+00
-3.223085e+00 -1.801133e+01 9.803978e+00
-3.231920e+00 -1.803171e+01 9.798008e+00
-3.240763e+00 -1.805209e+01 9.792019e+00
-3.249614e+00 -1.807247e+01 9.786010e+00
-3.258473e+00 -1.809284e+01 9.779983e+00
-3.267339e+00 -1.811322e+01 9.773937e+00
-3.276213e+00 -1.813359e+01 9.767871e+00
-3.285095e+00 -1.815397e+01 9.761787e+00
-3.293985e+00 -1.817434e+01 9.755683e+00
-3.302883e+00 -1.819471e+01 9.749561e+00
-3.311788e+00 -1.821509e+01 9.743419e+00
-3.320702e+00 -1.823546e+01 9.737259e+00
-3.329623e+00 -1.825583e+01 9.731080e+00
-3.338552e+00 -1.827620e+01 9.724881e+00
-3.347489e+00 -1.829657e+01 9.718664e+00
-3.356434e+00 -1.831694e+01 9.712428e+00
-3.365387e+00 -1.833731e+01 9.706173e+00
-3.374348e+00 -1.835768e+01 9.699899e+00
-3.383317e+00 -1.837805e+01 9.693607e+00
-3.392294e+00 -1.839842e+01 9.687295e+00
-3.401278e+00 -1.841878e+01 9.680965e+00
-3.410271e+00 -1.843915e+01 9.674616e+00
-3.419272e+00 -1.845952e+01 9.668248e+00
-3.428280e+00 -1.847989e+01 9.661861e+00
-3.437297e+00 -1.850025e+01 9.655455e+00
-3.446322e+00 -1.852062e+01 9.649031e+00
-3.455354e+00 -1.854099e+01 9.642588e+00
-3.464395e+00 -1.856136e+01 9.636126e+00
-3.473444e+00 -1.858172e+01 9.629645e+00
-3.482501e+00 -1.860209e+01 9.623146e+00
-3.491566e+00 -1.862246e+01 9.616628e+00
-3.500639e+00 -1.864282e+01 9.610091e+00
-3.509720e+00 -1.866319e+01 9.603536e+00
-3.518809e+00 -1.868356e+01 9.596962e+00
-3.527906e+00 -1.870393e+01 9.590369e+00
-3.537012e+00 -1.872429e+01 9.583757e+00
-3.546125e+00 -1.874466e+01 9.577127e+00
-3.555247e+00 -1.876503e+01 9.570478e+00
-3.564377e+00 -1.878540e+01 9.563811e+00
-3.573515e+00 -1.880577e+01 9.557125e+00
-3.582662e+00 -1.882614e+01 9.550420e+00
-3.591816e+00 -1.884651e+01 9.543697e+00
-3.600979e+00 -1.886688e+01 9.536955e+00
-3.610150e+00 -1.888725e+01 9.530195e+00
-3.619329e+00 -1.890762e+01 9.523416e+00
-3.628516e+00 -1.892799e+01 9.516618e+00
-3.637712e+00 -1.894836e+01 9.509802e+00
-3.646916e+00 -1.896874e+01 9.502967e+00
-3.656128e+00 -1.898911e+01 9.496114e+00
-3.665348e+00 -1.900948e+01 9.489242e+00
-3.674577e+00 -1.902986e+01 9.482351e+00
-3.683814e+00 -1.905023e+01 9.475442e+00
-3.693060e+00 -1.907061e+01 9.468515e+00
-3.702314e+00 -1.909099e+01 9.461569e+00
-3.711576e+00 -1.911137e+01 9.454604e+00
-3.720847e+00 -1.913175e+01 9.447621e+00
-3.730125e+00 -1.915213e+01 9.440620e+00
-3.739413e+00 -1.917251e+01 9.433600e+00
-3.748709e+00 -1.919289e+01 9.426561e+00
-3.758013e+00 -1.921328e+01 9.419504e+00
-3.767325e+00 -1.923366e+01 9.412428e+00
-3.776647e+00 -1.925405e+01 9.405334e+00
-3.785976e+00 -1.927443e+01 9.398221e+00
-3.795314e+00 -1.929482e+01 9.391090e+00
-3.804661e+00 -1.931521e+01 9.383941e+00
-3.814016e+00 -1.933560e+01 9.376773e+00
-3.823379e+00 -1.935600e+01 9.369586e+00
-3.832751e+00 -1.937639e+01 9.362381e+00
-3.842132e+00 -1.939678e+01 9.355157e+00
-3.851521e+00 -1.941718e+01 9.347915e+00
-3.860919e+00 -1.943758e+01 9.340655e+00
-3.870326e+00 -1.945798e+01 9.333376e+00
-3.879741e+00 -1.947838e+01 9.326078e+00
-3.889164e+00 -1.949878e+01 9.318763e+00
-3.898596e+00 -1.951919e+01 9.311428e+00
-3.908037e+00 -1.953959e+01 9.304075e+00
-3.917487e+00 -1.956000e+01 9.296704e+00
-3.926945e+00 -1.958041e+01 9.289314e+00
-3.936412e+00 -1.960082e+01 9.281906e+00
-3.945887e+00 -1.962124e+01 9.274479e+00
-3.955372e+00 -1.964165e+01 9.267034e+00
-3.964865e+00 -1.966207e+01 9.259570e+00
-3.974367e+00 -1.968249e+01 9.252088e+00
-3.983877e+00 -1.970291e+01 9.244587e+00
-3.993397e+00 -1.972334e+01 9.237068e+00
-4.002925e+00 -1.974376e+01 9.229530e+00
-4.012462e+00 -1.976419e+01 9.221974e+00
-4.022007e+00 -1.978462e+01 9.214399e+00
-4.031562e+00 -1.980505e+01 9.206806e+00
-4.041125e+00 -1.982549e+01 9.199194e+00
-4.050698e+00 -1.984592e+01 9.191564e+00
-4.060279e+00 -1.986636e+01 9.183916e+00
-4.069869e+00 -1.988680e+01 9.176248e+00
-4.079468e+00 -1.990725e+01 9.168563e+00
-4.089075e+00 -1.992769e+01 9.160859e+00
-4.098692e+00 -1.994814e+01 9.153136e+00
-4.108318e+00 -1.996859e+01 9.145395e+00
-4.117953e+00 -1.998905e+01 9.137635e+00
-4.127596e+00 -2.000950e+01 9.129857e+00
-4.137249e+00 -2.002996e+01 9.122061e+00
-4.146910e+00 -2.005042e+01 9.114245e+00
-4.156581e+00 -2.007089e+01 9.106412e+00
-4.166261e+00 -2.009136e+01 9.098560e+00
-4.175949e+00 -2.011183e+01 9.090689e+00
-4.185647e+00 -2.013230e+01 9.082800e+00
-4.195354e+00 -2.015278e+01 9.074892e+00
-4.205070e+00 -2.017325e+01 9.066965e+00
-4.214795e+00 -2.019374e+01 9.059020e+00
-4.224529e+00 -2.021422e+01 9.051057e+00
-4.234273e+00 -2.023471e+01 9.043075e+00
-4.244025e+00 -2.025520e+01 9.035074e+00
-4.253787e+00 -2.027570e+01 9.027055e+00
-4.263558e+00 -2.029619e+01 9.019017e+00
-4.273338e+00 -2.031669e+01 9.010960e+00
-4.283127e+00 -2.033720e+01 9.002885e+00
-4.292926e+00 -2.035771e+01 8.994791e+00
-4.302733e+00 -2.037822e+01 8.986678e+00
-4.312550e+00 -2.039873e+01 8.978547e+00
-4.322377e+00 -2.041925e+01 8.970397e+00
-4.332212e+00 -2.043977e+01 8.962228e+00
-4.342057e+00 -2.046029e+01 8.954041e+00
-4.351912e+00 -2.048082e+01 8.945835e+00
-4.361775e+00 -2.050135e+01 8.937611e+00
-4.371648e+00 -2.052189e+01 8.929367e+00
-4.381531e+00 -2.054243e+01 8.921105e+00
-4.391422e+00 -2.056297e+01 8.912824e+00
-4.401323e+00 -2.058352e+01 8.904525e+00
-4.411234e+00 -2.060407e+01 8.896206e+00
-4.421154e+00 -2.062462e+01 8.887869e+00
-4.431084e+00 -2.064518e+01 8.879513e+00
-4.441023e+00 -2.066575e+01 8.871138e+00
-4.450971e+00 -2.068631e+01 8.862745e+00
-4.460929e+00 -2.070688e+01 8.854332e+00
-4.470896e+00 -2.072746e+01 8.845901e+00
-4.480874e+00 -2.074804e+01 8.837451e+00
-4.490860e+00 -2.076862e+01 8.828981e+00
-4.500856e+00 -2.078921e+01 8.820493e+00
-4.510862e+00 -2.080980e+01 8.811986e+00
-4.520878e+00 -2.083039e+01 8.803461e+00
-4.530903e+00 -2.085099e+01 8.794916e+00
-4.540937e+00 -2.087160e+01 8.786352e+00
-4.550982e+00 -2.089221e+01 8.777769e+00
-4.561036e+00 -2.091282e+01 8.769167e+00
-4.571099e+00 -2.093344e+01 8.760546e+00
-4.581173e+00 -2.095406e+01 8.751906e+00
-4.591256e+00 -2.097469e+01 8.743247e+00
-4.601349e+00 -2.099532e+01 8.734569e+00
-4.611452e+00 -2.101595e+01 8.725872e+00
-4.621564e+00 -2.103660e+01 8.717155e+00
-4.631687e+00 -2.105724e+01 8.708420e+00
-4.641819e+00 -2.107789e+01 8.699665e+00
-4.651961e+00 -2.109855e+01 8.690891e+00
-4.662113e+00 -2.111921e+01 8.682098e+00
-4.672274e+00 -2.113987e+01 8.673285e+00
-4.682446e+00 -2.116054e+01 8.664454e+00
-4.692627e+00 -2.118122e+01 8.655603e+00
-4.702819e+00 -2.120190e+01 8.646733e+00
-4.713020e+00 -2.122259e+01 8.637843e+00
-4.723232e+00 -2.124328e+01 8.628934e+00
-4.733453e+00 -2.126397e+01 8.620006e+00
-4.743684e+00 -2.128467e+01 8.611058e+00
-4.753926e+00 -2.130538e+01 8.602091e+00
-4.764177e+00 -2.132609e+01 8.593104e+00
-4.774438e+00 -2.134681e+01 8.584098e+00
-4.784710e+00 -2.136753e+01 8.575072e+00
-4.794992e+00 -2.138826e+01 8.566027e+00
-4.805283e+00 -2.140899e+01 8.556962e+00
-4.815585e+00 -2.142973e+01 8.547877e+00
-4.825897e+00 -2.145048e+01 8.538773e+00
-4.836219e+00 -2.147123e+01 8.529650e+00
-4.846552e+00 -2.149199e+01 8.520506e+00
-4.856894e+00 -2.151275e+01 8.511343e+00
-4.867247e+00 -2.153352e+01 8.502160e+00
-4.877610e+00 -2.155429e+01 8.492958e+00
-4.887984e+00 -2.157507e+01 8.483735e+00
-4.898367e+00 -2.159585e+01 8.474493e+00
-4.908761e+00 -2.161665e+01 8.465231e+00
-4.919165e+00 -2.163744e+01 8.455949e+00
-4.929580e+00 -2.165825e+01 8.446648e+00
-4.940005e+00 -2.167906e+01 8.437326e+00
-4.950440e+00 -2.169987e+01 8.427984e+00
-4.960886e+00 -2.172069e+01 8.418622e+00
-4.971342e+00 -2.174152e+01 8.409241e+00
-4.981808e+00 -2.176236e+01 8.399839e+00
-4.992285e+00 -2.178320e+01 8.390417e+00
-5.002772e+00 -2.180404e+01 8.380975e+00
-5.013270e+00 -2.182490e+01 8.371513e+00
-5.023778e+00 -2.184576e+01 8.362031e+00
-5.034297e+00 -2.186662e+01 8.352529e+00
-5.044827e+00 -2.188750e+01 8.343006e+00
-5.055366e+00 -2.190838e+01 8.333464e+00
-5.065917e+00 -2.192926e+01 8.323901e+00
-5.076478e+00 -2.195016e+01 8.314317e+00
-5.087050e+00 -2.197106e+01 8.304714e+00
-5.097632e+00 -2.199196e+01 8.295090e+00
-5.108225e+00 -2.201287e+01 8.285445e+00
-5.118828e+00 -2.203379e+01 8.275780e+00
-5.129443e+00 -2.205472e+01 8.266095e+00
-5.140068e+00 -2.207565e+01 8.256389e+00
-5.150703e+00 -2.209659e+01 8.246662e+00
-5.161350e+00 -2.211754e+01 8.236915e+00
-5.172007e+00 -2.213850e+01 8.227148e+00
-5.182675e+00 -2.215946e+01 8.217359e+00
-5.193354e+00 -2.218043e+01 8.207550e+00
-5.204043e+00 -2.220140e+01 8.197720e+00
-5.214743e+00 -2.222239e+01 8.187870e+00
-5.225455e+00 -2.224338e+01 8.177998e+00
-5.236177e+00 -2.226437e+01 8.168106e+00
-5.246910e+00 -2.228538e+01 8.158192e+00
-5.257654e+00 -2.230639e+01 8.148258e+00
-5.268409e+00 -2.232741e+01 8.138303e+00
-5.279174e+00 -2.234844e+01 8.128327e+00
-5.289951e+00 -2.236947e+01 8.118330e+00
-5.300739e+00 -2.239052e+01 8.108311e+00
-5.311538e+00 -2.241157e+01 8.098272e+00
-5.322347e+00 -2.243262e+01 8.088211e+00
-5.333168e+00 -2.245369e+01 8.078129e+00
-5.344000e+00 -2.247476e+01 8.068026e+00
-5.354843e+00 -2.249584e+01 8.057901e+00
-5.365697e+00 -2.251693e+01 8.047756e+00
-5.376562e+00 -2.253803e+01 8.037588e+00
-5.387439e+00 -2.255913e+01 8.027400e+00
-5.398326e+00 -2.258025e+01 8.017190e+00
-5.409225e+00 -2.260137e+01 8.006958e+00
-5.420135e+00 -2.262249e+01 7.996705e+00
-5.431056e+00 -2.264363e+01 7.986430e+00
-5.441988e+00 -2.266478e+01 7.976133e+00
-5.452932e+00 -2.268593e+01 7.965815e+00
-5.463887e+00 -2.270709e+01 7.955475e+00
-5.474853e+00 -2.272826e+01 7.945114e+00
-5.485830e+00 -2.274944e+01 7.934730e+00
-5.496819e+00 -2.277062e+01 7.924325e+00
-5.507819e+00 -2.279182e+01 7.913897e+00
-5.518831e+00 -2.281302e+01 7.903448e+00
-5.529854e+00 -2.283423e+01 7.892977e+00
-5.540888e+00 -2.285545e+01 7.882484e+00
-5.551934e+00 -2.287668e+01 7.871968e+00
-5.562991e+00 -2.289791e+01 7.861431e+00
-5.574060e+00 -2.291916e+01 7.850871e+00
-5.585140e+00 -2.294041e+01 7.840289e+00
-5.596231e+00 -2.296167e+01 7.829685e+00
-5.607335e+00 -2.298295e+01 7.819058e+00
-5.618449e+00 -2.300423e+01 7.808409e+00
-5.629576e+00 -2.302551e+01 7.797738e+00
-5.640713e+00 -2.304681e+01 7.787044e+00
-5.651863e+00 -2.306812e+01 7.776327e+00
-5.663024e+00 -2.308943e+01 7.765588e+00
-5.674197e+00 -2.311076e+01 7.754827e+00
-5.685381e+00 -2.313209e+01 7.744042e+00
-5.696577e+00 -2.315343e+01 7.733235e+00
-5.707785e+00 -2.317479e+01 7.722405e+00
-5.719004e+00 -2.319615e+01 7.711553e+00
-5.730236e+00 -2.321752e+01 7.700677e+00
-5.741479e+00 -2.323890e+01 7.689778e+00
-5.752733e+00 -2.326028e+01 7.678857e+00
-5.764000e+00 -2.328168e+01 7.667912e+00
-5.775278e+00 -2.330309e+01 7.656945e+00
-5.786568e+00 -2.332451e+01 7.645954e+00
-5.797870e+00 -2.334593e+01 7.634940e+00
-5.809184e+00 -2.336737e+01 7.623902e+00
-5.820510e+00 -2.338881e+01 7.612842e+00
-5.831848e+00 -2.341027e+01 7.601758e+00
-5.843197e+00 -2.343173e+01 7.590650e+00
-5.854559e+00 -2.345320e+01 7.579519e+00
-5.865933e+00 -2.347469e+01 7.568365e+00
-5.877318e+00 -2.349618e+01 7.557186e+00
-5.888716e+00 -2.351768e+01 7.545985e+00
-5.900125e+00 -2.353919e+01 7.534759e+00
-5.911547e+00 -2.356072e+01 7.523510e+00
-5.922981e+00 -2.358225e+01 7.512237e+00
-5.934426e+00 -2.360379e+01 7.500940e+00
-5.945884e+00 -2.362534e+01 7.489619e+00
-5.957354e+00 -2.364690e+01 7.478274e+00
-5.968836e+00 -2.366847e+01 7.466905e+00
-5.980331e+00 -2.369006e+01 7.455512e+00
-5.991837e+00 -2.371165e+01 7.444094e+00
-6.003356e+00 -2.373325e+01 7.432653e+00
-6.014887e+00 -2.375486e+01 7.421187e+00
-6.026430e+00 -2.377648e+01 7.409696e+00
-6.037985e+00 -2.379812e+01 7.398182e+00
-6.049553e+00 -2.381976e+01 7.386643e+00
-6.061133e+00 -2.384141e+01 7.375079e+00
-6.072725e+00 -2.386308e+01 7.363491e+00
-6.084330e+00 -2.388475e+01 7.351878e+00
-6.095947e+00 -2.390643e+01 7.340240e+00
-6.107576e+00 -2.392813e+01 7.328577e+00
-6.119218e+00 -2.394983e+01 7.316890e+00
-6.130872e+00 -2.397155e+01 7.305178e+00
-6.142539e+00 -2.399327e+01 7.293440e+00
-6.154218e+00 -2.401501e+01 7.281678e+00
-6.165909e+00 -2.403676e+01 7.269890e+00
-6.177613e+00 -2.405852e+01 7.258078e+00
-6.189330e+00 -2.408028e+01 7.246240e+00
-6.201059e+00 -2.410206e+01 7.234377e+00
-6.212800e+00 -2.412385e+01 7.222488e+00
-6.224554e+00 -2.414566e+01 7.210574e+00
-6.236321e+00 -2.416747e+01 7.198634e+00
-6.248100e+00 -2.418929e+01 7.186669e+00
-6.259892e+00 -2.421112e+01 7.174678e+00
-6.271697e+00 -2.423297e+01 7.162662e+00
-6.283514e+00 -2.425482e+01 7.150619e+00
-6.295344e+00 -2.427669e+01 7.138551e+00
-6.307186e+00 -2.429857e+01 7.126457e+00
-6.319042e+00 -2.432046e+01 7.114337e+00
-6.330910e+00 -2.434235e+01 7.102190e+00
-6.342790e+00 -2.436427e+01 7.090018e+00
-6.354684e+00 -2.438619e+01 7.077820e+00
-6.366590e+00 -2.440812e+01 7.065595e+00
-6.378509e+00 -2.443006e+01 7.053343e+00
-6.390441e+00 -2.445202e+01 7.041066e+00
-6.402386e+00 -2.447399e+01 7.028762e+00
-6.414344e+00 -2.449597e+01 7.016431e+00
-6.426314e+00 -2.451796e+01 7.004073e+00
-6.438298e+00 -2.453996e+01 6.991689e+00
-6.450294e+00 -2.456197e+01 6.979278e+00
-6.462304e+00 -2.458399e+01 6.966841e+00
-6.474326e+00 -2.460603e+01 6.954376e+00
-6.486361e+00 -2.462807e+01 6.941884e+00
-6.498409e+00 -2.465013e+01 6.929366e+00
-6.510471e+00 -2.467220e+01 6.916820e+00
-6.522545e+00 -2.469428e+01 6.904246e+00
-6.534632e+00 -2.471638e+01 6.891646e+00
-6.546733e+00 -2.473848e+01 6.879018e+00
-6.558846e+00 -2.476060e+01 6.866363e+00
-6.570973e+00 -2.478273e+01 6.853680e+00
-6.583112e+00 -2.480487e+01 6.840969e+00
-6.595265e+00 -2.482702e+01 6.828231e+00
-6.607431e+00 -2.484918e+01 6.815465e+00
-6.619611e+00 -2.487136e+01 6.802672e+00
-6.631803e+00 -2.489355e+01 6.789850e+00
-6.644009e+00 -2.491575e+01 6.777000e+00
-6.656227e+00 -2.493796e+01 6.764123e+00
-6.668459e+00 -2.496018e+01 6.751217e+00
-6.680705e+00 -2.498242e+01 6.738282e+00
-6.692963e+00 -2.500467e+01 6.725320e+00
-6.705235e+00 -2.502693e+01 6.712329e+00
-6.717521e+00 -2.504920e+01 6.699310e+00
-6.729819e+00 -2.507148e+01 6.686262e+00
-6.742131e+00 -2.509378e+01 6.673185e+00
-6.754456e+00 -2.511608e+01 6.660080e+00
-6.766795e+00 -2.513840e+01 6.646946e+00
-6.779147e+00 -2.516074e+01 6.633783e+00
-6.791513e+00 -2.518308e+01 6.620592e+00
-6.803892e+00 -2.520544e+01 6.607371e+00
-6.816284e+00 -2.522781e+01 6.594121e+00
-6.828690e+00 -2.525019e+01 6.580842e+00
-6.841110e+00 -2.527258e+01 6.567533e+00
-6.853543e+00 -2.529499e+01 6.554195e+00
-6.865989e+00 -2.531741e+01 6.540828e+00
-6.878449e+00 -2.533984e+01 6.527431e+00
-6.890923e+00 -2.536228e+01 6.514005e+00
-6.903410e+00 -2.538474e+01 6.500548e+00
-6.915910e+00 -2.540721e+01 6.487062e+00
-6.928425e+00 -2.542969e+01 6.473547e+00
-6.940953e+00 -2.545218e+01 6.460001e+00
-6.953494e+00 -2.547469e+01 6.446425e+00
-6.966050e+00 -2.549721e+01 6.432819e+00
-6.978619e+00 -2.551974e+01 6.419183e+00
-6.991201e+00 -2.554229e+01 6.405516e+00
-7.003798e+00 -2.556484e+01 6.391820e+00
-7.016408e+00 -2.558741e+01 6.378092e+00
-7.029032e+00 -2.561000e+01 6.364334e+00
-7.041670e+00 -2.563259e+01 6.350546e+00
-7.054321e+00 -2.565520e+01 6.336727e+00
-7.066986e+00 -2.567782e+01 6.322877e+00
-7.079665e+00 -2.570045e+01 6.308996e+00
-7.092358e+00 -2.572310e+01 6.295084e+00
-7.105065e+00 -2.574576e+01 6.281141e+00
-7.117785e+00 -2.576843e+01 6.267166e+00
-7.130520e+00 -2.579111e+01 6.253161e+00
-7.143268e+00 -2.581381e+01 6.239124e+00
-7.156031e+00 -2.583652e+01 6.225056e+00
-7.168807e+00 -2.585925e+01 6.210956e+00
-7.181597e+00 -2.588198e+01 6.196825e+00
-7.194401e+00 -2.590473e+01 6.182661e+00
-7.207219e+00 -2.592750e+01 6.168466e+00
-7.220051e+00 -2.595027e+01 6.154240e+00
-7.232897e+00 -2.597306e+01 6.139981e+00
-7.245757e+00 -2.599586e+01 6.125690e+00
-7.258631e+00 -2.601868e+01 6.111367e+00
-7.271519e+00 -2.604151e+01 6.097011e+00
-7.284422e+00 -2.606435e+01 6.082624e+00
-7.297338e+00 -2.608720e+01 6.068204e+00
-7.310268e+00 -2.611007e+01 6.053751e+00
-7.323213e+00 -2.613295e+01 6.039265e+00
-7.336172e+00 -2.615584e+01 6.024747e+00
-7.349144e+00 -2.617875e+01 6.010196e+00
-7.362131e+00 -2.620167e+01 5.995613e+00
-7.375133e+00 -2.622460e+01 5.980996e+00
-7.388148e+00 -2.624755e+01 5.966346e+00
-7.401177e+00 -2.627051e+01 5.951663e+00
-7.414221e+00 -2.629348e+01 5.936946e+00
-7.427279e+00 -2.631647e+01 5.922196e+00
-7.440351e+00 -2.633947e+01 5.907413e+00
-7.453438e+00 -2.636248e+01 5.892596e+00
-7.466539e+00 -2.638551e+01 5.877745e+00
-7.479654e+00 -2.640855e+01 5.862861e+00
-7.492783e+00 -2.643160e+01 5.847943e+00
-7.505927e+00 -2.645467e+01 5.832990e+00
-7.519085e+00 -2.647775e+01 5.818004e+00
-7.532257e+00 -2.650084e+01 5.802983e+00
-7.545444e+00 -2.652395e+01 5.787928e+00
-7.558645e+00 -2.654707e+01 5.772839e+00
-7.571860e+00 -2.657020e+01 5.757715e+00
-7.585090e+00 -2.659335e+01 5.742557e+00
-7.598335e+00 -2.661651e+01 5.727364e+00
-7.611594e+00 -2.663969e+01 5.712136e+00
-7.624867e+00 -2.666287e+01 5.696873e+00
-7.638154e+00 -2.668607e+01 5.681576e+00
-7.651457e+00 -2.670929e+01 5.666243e+00
-7.664773e+00 -2.673252e+01 5.650875e+00
-7.678104e+00 -2.675576e+01 5.635472e+00
-7.691450e+00 -2.677901e+01 5.620033e+00
-7.704810e+00 -2.680228e+01 5.604559e+00
-7.718185e+00 -2.682557e+01 5.589049e+00
-7.731574e+00 -2.684886e+01 5.573503e+00
-7.744978e+00 -2.687217e+01 5.557922e+00
-7.758396e+00 -2.689549e+01 5.542305e+00
-7.771829e+00 -2.691883e+01 5.526652e+00
-7.785277e+00 -2.694218e+01 5.510962e+00
-7.798739e+00 -2.696554e+01 5.495237e+00
-7.812216e+00 -2.698892e+01 5.479475e+00
-7.825708e+00 -2.701231e+01 5.463676e+00
-7.839214e+00 -2.703572e+01 5.447841e+00
-7.852735e+00 -2.705914e+01 5.431970e+00
-7.866270e+00 -2.708257e+01 5.416061e+00
-7.879820e+00 -2.710601e+01 5.400116e+00
-7.893385e+00 -2.712947e+01 5.384134e+00
-7.906965e+00 -2.715294e+01 5.368114e+00
-7.920559e+00 -2.717643e+01 5.352058e+00
-7.934169e+00 -2.719993e+01 5.335964e+00
-7.947792e+00 -2.722344e+01 5.319833e+00
-7.961431e+00 -2.724697e+01 5.303664e+00
-7.975085e+00 -2.727051e+01 5.287458e+00
-7.988753e+00 -2.729407e+01 5.271214e+00
-8.002436e+00 -2.731763e+01 5.254932e+00
-8.016134e+00 -2.734122e+01 5.238612e+00
-8.029846e+00 -2.736481e+01 5.222254e+00
-8.043574e+00 -2.738842e+01 5.205858e+00
-8.057316e+00 -2.741204e+01 5.189424e+00
-8.071073e+00 -2.743568e+01 5.172951e+00
-8.084845e+00 -2.745933e+01 5.156439e+00
-8.098632e+00 -2.748299e+01 5.139890e+00
-8.112434e+00 -2.750667e+01 5.123301e+00
-8.126251e+00 -2.753036e+01 5.106674e+00
-8.140082e+00 -2.755407e+01 5.090007e+00
-8.153929e+00 -2.757779e+01 5.073302e+00
-8.167791e+00 -2.760152e+01 5.056557e+00
-8.181667e+00 -2.762526e+01 5.039773e+00
-8.195558e+00 -2.764902e+01 5.022950e+00
-8.209465e+00 -2.767280e+01 5.006087e+00
-8.223386e+00 -2.769658e+01 4.989185e+00
-8.237322e+00 -2.772038e+01 4.972242e+00
-8.251274e+00 -2.774420e+01 4.955260e+00
-8.265240e+00 -2.776802e+01 4.938238e+00
-8.279221e+00 -2.779187e+01 4.921176e+00
-8.293217e+00 -2.781572e+01 4.904074e+00
-8.307229e+00 -2.783959e+01 4.886931e+00
-8.321255e+00 -2.786347e+01 4.869749e+00
-8.335297e+00 -2.788737e+01 4.852525e+00
-8.349353e+00 -2.791128e+01 4.835261e+00
-8.363425e+00 -2.793520e+01 4.817956e+00
-8.377511e+00 -2.795913e+01 4.800610e+00
-8.391613e+00 -2.798308e+01 4.783223e+00
-8.405730e+00 -2.800705e+01 4.765796e+00
-8.419862e+00 -2.803102e+01 4.748326e+00
-8.434009e+00 -2.805501e+01 4.730816e+00
-8.448171e+00 -2.807902e+01 4.713264e+00
-8.462348e+00 -2.810304e+01 4.695671e+00
-8.476540e+00 -2.812707e+01 4.678036e+00
-8.490748e+00 -2.815111e+01 4.660359e+00
-8.504971e+00 -2.817517e+01 4.642640e+00
-8.519208e+00 -2.819924e+01 4.624879e+00
-8.533461e+00 -2.822333e+01 4.607076e+00
-8.547730e+00 -2.824742e+01 4.589230e+00
-8.562013e+00 -2.827154e+01 4.571343e+00
-8.576311e+00 -2.829566e+01 4.553412e+00
-8.590625e+00 -2.831980e+01 4.535439e+00
-8.604954e+00 -2.834395e+01 4.517424e+00
-8.619298e+00 -2.836812e+01 4.499365e+00
-8.633657e+00 -2.839229e+01 4.481264e+00
-8.648032e+00 -2.841649e+01 4.463119e+00
-8.662422e+00 -2.844069e+01 4.444931e+00
-8.676827e+00 -2.846491e+01 4.426700e+00
-8.691247e+00 -2.848914e+01 4.408425e+00
-8.705682e+00 -2.851339e+01 4.390107e+00
-8.720133e+00 -2.853765e+01 4.371745e+00
-8.734599e+00 -2.856192e+01 4.353339e+00
-8.749080e+00 -2.858620e+01 4.334890e+00
-8.763577e+00 -2.861050e+01 4.316396e+00
-8.778088e+00 -2.863481e+01 4.297858e+00
-8.792616e+00 -2.865914e+01 4.279275e+00
-8.807158e+00 -2.868348e+01 4.260649e+00
-8.821715e+00 -2.870783e+01 4.241977e+00
-8.836288e+00 -2.873219e+01 4.223261e+00
-8.850877e+00 -2.875657e+01 4.204501e+00
-8.865480e+00 -2.878096e+01 4.185695e+00
-8.880099e+00 -2.880536e+01 4.166844e+00
-8.894733e+00 -2.882978e+01 4.147948e+00
-8.909383e+00 -2.885421e+01 4.129007e+00
-8.924047e+00 -2.887865e+01 4.110020e+00
-8.938727e+00 -2.890311e+01 4.090988e+00
-8.953423e+00 -2.892757e+01 4.071910e+00
-8.968134e+00 -2.895205e+01 4.052787e+00
-8.982860e+00 -2.897655e+01 4.033617e+00
-8.997601e+00 -2.900106e+01 4.014402e+00
-9.012358e+00 -2.902558e+01 3.995140e+00
-9.027130e+00 -2.905011e+01 3.975832e+00
-9.041918e+00 -2.907465e+01 3.956478e+00
-9.056721e+00 -2.909921e+01 3.937077e+00
-9.071539e+00 -2.912378e+01 3.917629e+00
-9.086372e+00 -2.914837e+01 3.898135e+00
-9.101221e+00 -2.917296e+01 3.878594e+00
-9.116086e+00 -2.919757e+01 3.859005e+00
-9.130965e+00 -2.922219e+01 3.839370e+00
-9.145860e+00 -2.924683e+01 3.819687e+00
-9.160771e+00 -2.927148e+01 3.799957e+00
-9.175696e+00 -2.929614e+01 3.780180e+00
-9.190638e+00 -2.932081e+01 3.760354e+00
-9.205594e+00 -2.934549e+01 3.740481e+00
-9.220566e+00 -2.937019e+01 3.720560e+00
-9.235553e+00 -2.939490e+01 3.700591e+00
-9.250556e+00 -2.941962e+01 3.680574e+00
-9.265574e+00 -2.944436e+01 3.660509e+00
-9.280608e+00 -2.946910e+01 3.640395e+00
-9.295657e+00 -2.949386e+01 3.620233e+00
-9.310721e+00 -2.951863e+01 3.600022e+00
-9.325800e+00 -2.954342e+01 3.579762e+00
-9.340895e+00 -2.956821e+01 3.559453e+00
-9.356006e+00 -2.959302e+01 3.539095e+00
-9.371132e+00 -2.961784e+01 3.518688e+00
-9.386273e+00 -2.964267e+01 3.498232e+00
-9.401429e+00 -2.966752e+01 3.477727e+00
-9.416601e+00 -2.969237e+01 3.457172e+00
-9.431789e+00 -2.971724e+01 3.436567e+00
-9.446991e+00 -2.974212e+01 3.415912e+00
-9.462210e+00 -2.976701e+01 3.395208e+00
-9.477443e+00 -2.979192e+01 3.374453e+00
-9.492692e+00 -2.981683e+01 3.353648e+00
-9.507956e+00 -2.984176e+01 3.332793e+00
-9.523236e+00 -2.986670e+01 3.311888e+00
-9.538531e+00 -2.989165e+01 3.290931e+00
-9.553842e+00 -2.991661e+01 3.269925e+00
-9.569167e+00 -2.994159e+01 3.248867e+00
-9.584509e+00 -2.996657e+01 3.227758e+00
-9.599865e+00 -2.999157e+01 3.206599e+00
-9.615237e+00 -3.001658e+01 3.185388e+00
-9.630624e+00 -3.004160e+01 3.164125e+00
-9.646027e+00 -3.006663e+01 3.142811e+00
-9.661445e+00 -3.009168e+01 3.121446e+00
-9.676879e+00 -3.011673e+01 3.100029e+00
-9.692328e+00 -3.014180e+01 3.078560e+00
-9.707792e+00 -3.016687e+01 3.057039e+00
-9.723271e+00 -3.019196e+01 3.035465e+00
-9.738766e+00 -3.021706e+01 3.013840e+00
-9.754276e+00 -3.024217e+01 2.992162e+00
-9.769802e+00 -3.026730e+01 2.970431e+00
-9.785343e+00 -3.029243e+01 2.948648e+00
-9.800899e+00 -3.031757e+01 2.926812e+00
-9.816471e+00 -3.034273e+01 2.904923e+00
-9.832058e+00 -3.036789e+01 2.882981e+00
-9.847660e+00 -3.039307e+01 2.860986e+00
-9.863278e+00 -3.041826e+01 2.838938e+00
-9.878911e+00 -3.044346e+01 2.816836e+00
-9.894559e+00 -3.046867e+01 2.794680e+00
-9.910223e+00 -3.049389e+01 2.772471e+00
-9.925902e+00 -3.051912e+01 2.750208e+00
-9.941596e+00 -3.054436e+01 2.727891e+00
-9.957305e+00 -3.056961e+01 2.705520e+00
-9.973030e+00 -3.059487e+01 2.683094e+00
-9.988770e+00 -3.062014e+01 2.660614e+00
-1.000453e+01 -3.064542e+01 2.638080e+00
-1.002030e+01 -3.067072e+01 2.615491e+00
-1.003608e+01 -3.069602e+01 2.592847e+00
-1.005188e+01 -3.072133e+01 2.570149e+00
-1.006770e+01 -3.074666e+01 2.547395e+00
-1.008353e+01 -3.077199e+01 2.524586e+00
-1.009938e+01 -3.079733e+01 2.501722e+00
-1.011524e+01 -3.082269e+01 2.478803e+00
-1.013112e+01 -3.084805e+01 2.455828e+00
-1.014701e+01 -3.087342e+01 2.432797e+00
-1.016292e+01 -3.089881e+01 2.409710e+00
-1.017884e+01 -3.092420e+01 2.386567e+00
-1.019478e+01 -3.094960e+01 2.363369e+00
-1.021073e+01 -3.097501e+01 2.340114e+00
-1.022670e+01 -3.100043e+01 2.316802e+00
-1.024268e+01 -3.102586e+01 2.293434e+00
-1.025868e+01 -3.105130e+01 2.270010e+00
-1.027470e+01 -3.107675e+01 2.246529e+00
-1.029073e+01 -3.110221e+01 2.222990e+00
-1.030677e+01 -3.112768e+01 2.199395e+00
-1.032283e+01 -3.115316e+01 2.175743e+00
-1.033891e+01 -3.117864e+01 2.152033e+00
-1.035500e+01 -3.120414e+01 2.128266e+00
-1.037110e+01 -3.122964e+01 2.104441e+00
-1.038722e+01 -3.125516e+01 2.080558e+00
-1.040336e+01 -3.128068e+01 2.056618e+00
-1.041951e+01 -3.130621e+01 2.032620e+00
-1.043567e+01 -3.133175e+01 2.008563e+00
-1.045185e+01 -3.135730e+01 1.984449e+00
-1.046805e+01 -3.138286e+01 1.960276e+00
-1.048426e+01 -3.140842e+01 1.936044e+00
-1.050048e+01 -3.143399e+01 1.911754e+00
-1.051672e+01 -3.145958e+01 1.887405e+00
-1.053298e+01 -3.148517e+01 1.862997e+00
-1.054925e+01 -3.151077e+01 1.838530e+00
-1.056553e+01 -3.153637e+01 1.814003e+00
-1.058183e+01 -3.156199e+01 1.789418e+00
-1.059815e+01 -3.158761e+01 1.764773e+00
-1.061448e+01 -3.161324e+01 1.740068e+00
-1.063082e+01 -3.163888e+01 1.715304e+00
-1.064718e+01 -3.166453e+01 1.690479e+00
-1.066356e+01 -3.169018e+01 1.665595e+00
-1.067995e+01 -3.171584e+01 1.640651e+00
-1.069635e+01 -3.174151e+01 1.615646e+00
-1.071277e+01 -3.176719e+01 1.590581e+00
-1.072921e+01 -3.179288e+01 1.565455e+00
-1.074566e+01 -3.181857e+01 1.540269e+00
-1.076212e+01 -3.184427e+01 1.515022e+00
-1.077860e+01 -3.186997e+01 1.489714e+00
-1.079509e+01 -3.189569e+01 1.464345e+00
-1.081160e+01 -3.192141e+01 1.438914e+00
-1.082812e+01 -3.194714e+01 1.413422e+00
-1.084466e+01 -3.197287e+01 1.387869e+00
-1.086121e+01 -3.199861e+01 1.362254e+00
-1.087778e+01 -3.202436e+01 1.336578e+00
-1.089436e+01 -3.205012e+01 1.310839e+00
-1.091096e+01 -3.207588e+01 1.285039e+00
-1.092757e+01 -3.210164e+01 1.259176e+00
-1.094420e+01 -3.212742e+01 1.233251e+00
-1.096084e+01 -3.215320e+01 1.207264e+00
-1.097749e+01 -3.217899e+01 1.181214e+00
-1.099416e+01 -3.220478e+01 1.155101e+00
-1.101085e+01 -3.223058e+01 1.128925e+00
-1.102755e+01 -3.225638e+01 1.102687e+00
-1.104426e+01 -3.228220e+01 1.076385e+00
-1.106099e+01 -3.230801e+01 1.050020e+00
-1.107773e+01 -3.233384e+01 1.023592e+00
-1.109449e+01 -3.235966e+01 9.971004e-01
-1.111126e+01 -3.238550e+01 9.705449e-01
-1.112805e+01 -3.241134e+01 9.439258e-01
-1.114485e+01 -3.243718e+01 9.172426e-01
-1.116167e+01 -3.246303e+01 8.904955e-01
-1.117850e+01 -3.248889e+01 8.636841e-01
-1.119534e+01 -3.251475e+01 8.368085e-01
-1.121220e+01 -3.254061e+01 8.098685e-01
-1.122907e+01 -3.256648e+01 7.828639e-01
-1.124596e+01 -3.259236e+01 7.557947e-01
-1.126286e+01 -3.261824e+01 7.286606e-01
-1.127978e+01 -3.264413e+01 7.014616e-01
-1.129671e+01 -3.267001e+01 6.741975e-01
-1.131365e+01 -3.269591e+01 6.468682e-01
-1.133061e+01 -3.272181e+01 6.194736e-01
-1.134758e+01 -3.274771e+01 5.920135e-01
-1.136457e+01 -3.277362e+01 5.644877e-01
-1.138157e+01 -3.279953e+01 5.368963e-01
-1.139858e+01 -3.282544e+01 5.092389e-01
-1.141561e+01 -3.285136e+01 4.815156e-01
-1.143266e+01 -3.287729e+01 4.537261e-01
-1.144972e+01 -3.290321e+01 4.258703e-01
-1.146679e+01 -3.292914e+01 3.979482e-01
-1.148387e+01 -3.295508e+01 3.699594e-01
-1.150097e+01 -3.298102e+01 3.419041e-01
-1.151809e+01 -3.300696e+01 3.137819e-01
-1.153522e+01 -3.303290e+01 2.855927e-01
-1.155236e+01 -3.305885e+01 2.573366e-01
-1.156951e+01 -3.308480e+01 2.290132e-01
-1.158668e+01 -3.311075e+01 2.006224e-01
-1.160387e+01 -3.313671e+01 1.721642e-01
-1.162106e+01 -3.316267e+01 1.436384e-01
-1.163828e+01 -3.318863e+01 1.150449e-01
-1.165550e+01 -3.321460e+01 8.638354e-02
-1.167274e+01 -3.324056e+01 5.765417e-02
-1.168999e+01 -3.326653e+01 2.885667e-02
-1.170726e+01 -3.329250e+01 -9.092668e-06
-1.172454e+01 -3.331848e+01 -2.894324e-02
-1.174183e+01 -3.334445e+01 -5.794590e-02
-1.175914e+01 -3.337043e+01 -8.701722e-02
-1.177646e+01 -3.339641e+01 -1.161573e-01
-1.179380e+01 -3.342239e+01 -1.453663e-01
-1.181115e+01 -3.344838e+01 -1.746443e-01
-1.182851e+01 -3.347436e+01 -2.039915e-01
-1.184589e+01 -3.350035e+01 -2.334079e-01
-1.186327e+01 -3.352633e+01 -2.628938e-01
-1.188068e+01 -3.355232e+01 -2.924492e-01
-1.189809e+01 -3.357831e+01 -3.220743e-01
-1.191552e+01 -3.360430e+01 -3.517692e-01
-1.193297e+01 -3.363030e+01 -3.815340e-01
-1.195042e+01 -3.365629e+01 -4.113689e-01
-1.196789e+01 -3.368228e+01 -4.412740e-01
-1.198538e+01 -3.370827e+01 -4.712494e-01
-1.200287e+01 -3.373427e+01 -5.012953e-01
-1.202038e+01 -3.376026e+01 -5.314117e-01
-1.203791e+01 -3.378626e+01 -5.615989e-01
-1.205544e+01 -3.381225e+01 -5.918568e-01
-1.207299e+01 -3.383825e+01 -6.221858e-01
-1.209056e+01 -3.386424e+01 -6.525858e-01
-1.210813e+01 -3.389024e+01 -6.830571e-01
-1.212572e+01 -3.391623e+01 -7.135997e-01
-1.214332e+01 -3.394222e+01 -7.442138e-01
-1.216094e+01 -3.396822e+01 -7.748995e-01
-1.217857e+01 -3.399421e+01 -8.056570e-01
-1.219621e+01 -3.402020e+01 -8.364863e-01
-1.221386e+01 -3.404619e+01 -8.673876e-01
-1.223153e+01 -3.407218e+01 -8.983610e-01
-1.224921e+01 -3.409817e+01 -9.294067e-01
-1.226690e+01 -3.412416e+01 -9.605247e-01
-1.228461e+01 -3.415014e+01 -9.917153e-01
-1.230233e+01 -3.417613e+01 -1.022978e+00
-1.232006e+01 -3.420211e+01 -1.054314e+00
-1.233780e+01 -3.422809e+01 -1.085723e+00
-1.235556e+01 -3.425407e+01 -1.117205e+00
-1.237333e+01 -3.428004e+01 -1.148760e+00
-1.239111e+01 -3.430602e+01 -1.180388e+00
-1.240891e+01 -3.433199e+01 -1.212090e+00
-1.242671e+01 -3.435796e+01 -1.243865e+00
-1.244454e+01 -3.438393e+01 -1.275714e+00
-1.246237e+01 -3.440989e+01 -1.307636e+00
-1.248021e+01 -3.443585e+01 -1.339633e+00
-1.249807e+01 -3.446181e+01 -1.371703e+00
-1.251594e+01 -3.448777e+01 -1.403848e+00
-1.253382e+01 -3.451372e+01 -1.436066e+00
-1.255172e+01 -3.453967e+01 -1.468360e+00
-1.256963e+01 -3.456562e+01 -1.500727e+00
-1.258754e+01 -3.459156e+01 -1.533170e+00
-1.260548e+01 -3.461750e+01 -1.565687e+00
-1.262342e+01 -3.464343e+01 -1.598279e+00
-1.264138e+01 -3.466937e+01 -1.630946e+00
-1.265934e+01 -3.469529e+01 -1.663688e+00
-1.267733e+01 -3.472122e+01 -1.696505e+00
-1.269532e+01 -3.474713e+01 -1.729398e+00
-1.271332e+01 -3.477305e+01 -1.762366e+00
-1.273134e+01 -3.479896e+01 -1.795410e+00
-1.274937e+01 -3.482486e+01 -1.828530e+00
-1.276741e+01 -3.485076e+01 -1.861725e+00
-1.278546e+01 -3.487666e+01 -1.894996e+00
-1.280353e+01 -3.490255e+01 -1.928344e+00
-1.282160e+01 -3.492843e+01 -1.961768e+00
-1.283969e+01 -3.495431e+01 -1.995268e+00
-1.285779e+01 -3.498019e+01 -2.028844e+00
-1.287590e+01 -3.500606e+01 -2.062497e+00
-1.289402e+01 -3.503192e+01 -2.096227e+00
-1.291216e+01 -3.505778e+01 -2.130034e+00
-1.293031e+01 -3.508363e+01 -2.163917e+00
-1.294846e+01 -3.510947e+01 -2.197878e+00
-1.296663e+01 -3.513531e+01 -2.231916e+00
-1.298481e+01 -3.516114e+01 -2.266031e+00
-1.300301e+01 -3.518696e+01 -2.300224e+00
-1.302121e+01 -3.521278e+01 -2.334494e+00
-1.303943e+01 -3.523859e+01 -2.368842e+00
-1.305765e+01 -3.526440e+01 -2.403267e+00
-1.307589e+01 -3.529020e+01 -2.437771e+00
-1.309414e+01 -3.531599e+01 -2.472352e+00
-1.311240e+01 -3.534177e+01 -2.507012e+00
-1.313067e+01 -3.536754e+01 -2.541749e+00
-1.314895e+01 -3.539331e+01 -2.576566e+00
-1.316725e+01 -3.541907e+01 -2.611460e+00
-1.318555e+01 -3.544482e+01 -2.646434e+00
-1.320387e+01 -3.547056e+01 -2.681486e+00
-1.322220e+01 -3.549630e+01 -2.716616e+00
-1.324053e+01 -3.552202e+01 -2.751826e+00
-1.325888e+01 -3.554774e+01 -2.787115e+00
-1.327724e+01 -3.557345e+01 -2.822483e+00
-1.329561e+01 -3.559915e+01 -2.857930e+00
-1.331399e+01 -3.562484e+01 -2.893457e+00
-1.333238e+01 -3.565052e+01 -2.929063e+00
-1.335079e+01 -3.567619e+01 -2.964749e+00
-1.336920e+01 -3.570186e+01 -3.000514e+00
-1.338762e+01 -3.572751e+01 -3.036360e+00
-1.340606e+01 -3.575315e+01 -3.072285e+00
-1.342450e+01 -3.577879e+01 -3.108291e+00
-1.344296e+01 -3.580441e+01 -3.144376e+00
-1.346142e+01 -3.583002e+01 -3.180542e+00
-1.347990e+01 -3.585562e+01 -3.216789e+00
-1.349839e+01 -3.588122e+01 -3.253116e+00
-1.351688e+01 -3.590680e+01 -3.289523e+00
-1.353539e+01 -3.593237e+01 -3.326011e+00
-1.355391e+01 -3.595793e+01 -3.362581e+00
-1.357244e+01 -3.598348e+01 -3.399231e+00
-1.359097e+01 -3.600901e+01 -3.435962e+00
-1.360952e+01 -3.603454e+01 -3.472774e+00
-1.362808e+01 -3.606005e+01 -3.509668e+00
-1.364665e+01 -3.608555e+01 -3.546643e+00
-1.366522e+01 -3.611104e+01 -3.583700e+00
-1.368381e+01 -3.613652e+01 -3.620838e+00
-1.370241e+01 -3.616199e+01 -3.658058e+00
-1.372101e+01 -3.618744e+01 -3.695360e+00
-1.373963e+01 -3.621288e+01 -3.732744e+00
-1.375826e+01 -3.623831e+01 -3.770210e+00
-1.377689e+01 -3.626373e+01 -3.807758e+00
-1.379554e+01 -3.628913e+01 -3.845388e+00
-1.381419e+01 -3.631452e+01 -3.883101e+00
-1.383286e+01 -3.633989e+01 -3.920896e+00
-1.385153e+01 -3.636525e+01 -3.958774e+00
-1.387021e+01 -3.639060e+01 -3.996735e+00
-1.388891e+01 -3.641594e+01 -4.034778e+00
-1.390761e+01 -3.644126e+01 -4.072904e+00
-1.392632e+01 -3.646656e+01 -4.111113e+00
-1.394504e+01 -3.649186e+01 -4.149406e+00
-1.396377e+01 -3.651713e+01 -4.187781e+00
-1.398251e+01 -3.654240e+01 -4.226240e+00
-1.400126e+01 -3.656764e+01 -4.264782e+00
-1.402001e+01 -3.659288e+01 -4.303408e+00
-1.403878e+01 -3.661809e+01 -4.342118e+00
-1.405755e+01 -3.664330e+01 -4.380911e+00
-1.407634e+01 -3.666848e+01 -4.419788e+00
-1.409513e+01 -3.669365e+01 -4.458749e+00
-1.411393e+01 -3.671881e+01 -4.497794e+00
-1.413274e+01 -3.674395e+01 -4.536923e+00
-1.415156e+01 -3.676907e+01 -4.576137e+00
-1.417039e+01 -3.679418e+01 -4.615434e+00
-1.418922e+01 -3.681927e+01 -4.654817e+00
-1.420807e+01 -3.684434e+01 -4.694283e+00
-1.422692e+01 -3.686940e+01 -4.733835e+00
-1.424578e+01 -3.689444e+01 -4.773471e+00
-1.426465e+01 -3.691946e+01 -4.813192e+00
-1.428352e+01 -3.694447e+01 -4.852998e+00
-1.430241e+01 -3.696946e+01 -4.892888e+00
-1.432130e+01 -3.699443e+01 -4.932864e+00
-1.434021e+01 -3.701938e+01 -4.972926e+00
-1.435912e+01 -3.704431e+01 -5.013072e+00
-1.437803e+01 -3.706923e+01 -5.053304e+00
-1.439696e+01 -3.709413e+01 -5.093622e+00
-1.441589e+01 -3.711901e+01 -5.134025e+00
-1.443483e+01 -3.714387e+01 -5.174513e+00
-1.445378e+01 -3.716871e+01 -5.215088e+00
-1.447274e+01 -3.719353e+01 -5.255748e+00
-1.449171e+01 -3.721833e+01 -5.296495e+00
-1.451068e+01 -3.724312e+01 -5.337327e+00
-1.452966e+01 -3.726788e+01 -5.378246e+00
-1.454865e+01 -3.729263e+01 -5.419251e+00
-1.456764e+01 -3.731735e+01 -5.460342e+00
-1.458664e+01 -3.734206e+01 -5.501520e+00
-1.460565e+01 -3.736674e+01 -5.542784e+00
-1.462467e+01 -3.739140e+01 -5.584134e+00
-1.464369e+01 -3.741605e+01 -5.625572e+00
-1.466272e+01 -3.744067e+01 -5.667096e+00
-1.468176e+01 -3.746527e+01 -5.708707e+00
-1.470081e+01 -3.748985e+01 -5.750406e+00
-1.471986e+01 -3.751441e+01 -5.792191e+00
-1.473892e+01 -3.753895e+01 -5.834063e+00
-1.475799e+01 -3.756346e+01 -5.876023e+00
-1.477706e+01 -3.758795e+01 -5.918070e+00
-1.479614e+01 -3.761242e+01 -5.960204e+00
-1.481523e+01 -3.763687e+01 -6.002426e+00
-1.483432e+01 -3.766130e+01 -6.044736e+00
-1.485342e+01 -3.768570e+01 -6.087133e+00
-1.487252e+01 -3.771008e+01 -6.129618e+00
-1.489164e+01 -3.773444e+01 -6.172191e+00
-1.491076e+01 -3.775878e+01 -6.214851e+00
-1.492988e+01 -3.778309e+01 -6.257600e+00
-1.494901e+01 -3.780738e+01 -6.300437e+00
-1.496815e+01 -3.783164e+01 -6.343362e+00
-1.498730e+01 -3.785588e+01 -6.386375e+00
-1.500645e+01 -3.788010e+01 -6.429477e+00
-1.502560e+01 -3.790429e+01 -6.472667e+00
-1.504476e+01 -3.792845e+01 -6.515945e+00
-1.506393e+01 -3.795260e+01 -6.559313e+00
-1.508311e+01 -3.797671e+01 -6.602768e+00
-1.510229e+01 -3.800081e+01 -6.646313e+00
-1.512147e+01 -3.802487e+01 -6.689947e+00
-1.514066e+01 -3.804892e+01 -6.733669e+00
-1.515986e+01 -3.807293e+01 -6.777480e+00
-1.517906e+01 -3.809692e+01 -6.821381e+00
-1.519827e+01 -3.812089e+01 -6.865371e+00
-1.521748e+01 -3.814482e+01 -6.909449e+00
-1.523670e+01 -3.816874e+01 -6.953618e+00
-1.525592e+01 -3.819262e+01 -6.997875e+00
-1.527515e+01 -3.821648e+01 -7.042222e+00
-1.529439e+01 -3.824031e+01 -7.086659e+00
-1.531363e+01 -3.826411e+01 -7.131185e+00
-1.533287e+01 -3.828789e+01 -7.175801e+00
-1.535212e+01 -3.831164e+01 -7.220507e+00
-1.537137e+01 -3.833536e+01 -7.265302e+00
-1.539063e+01 -3.835905e+01 -7.310187e+00
-1.540990e+01 -3.838272e+01 -7.355163e+00
-1.542916e+01 -3.840636e+01 -7.400228e+00
-1.544844e+01 -3.842997e+01 -7.445384e+00
-1.546772e+01 -3.845355e+01 -7.490630e+00
-1.548700e+01 -3.847710e+01 -7.535966e+00
-1.550628e+01 -3.850062e+01 -7.581392e+00
-1.552557e+01 -3.852411e+01 -7.626909e+00
-1.554487e+01 -3.854757e+01 -7.672517e+00
-1.556417e+01 -3.857101e+01 -7.718215e+00
-1.558347e+01 -3.859441e+01 -7.764003e+00
-1.560278e+01 -3.861778e+01 -7.809882e+00
-1.562209e+01 -3.864113e+01 -7.855852e+00
-1.564141e+01 -3.866444e+01 -7.901913e+00
-1.566073e+01 -3.868772e+01 -7.948065e+00
-1.568005e+01 -3.871097e+01 -7.994308e+00
-1.569938e+01 -3.873419e+01 -8.040641e+00
-1.571871e+01 -3.875738e+01 -8.087066e+00
-1.573804e+01 -3.878054e+01 -8.133582e+00
-1.575738e+01 -3.880366e+01 -8.180190e+00
-1.577672e+01 -3.882676e+01 -8.226888e+00
-1.579607e+01 -3.884982e+01 -8.273678e+00
-1.581542e+01 -3.887285e+01 -8.320559e+00
-1.583477e+01 -3.889584e+01 -8.367532e+00
-1.585412e+01 -3.891881e+01 -8.414596e+00
-1.587348e+01 -3.894174e+01 -8.461752e+00
-1.589284e+01 -3.896464e+01 -8.509000e+00
-1.591221e+01 -3.898750e+01 -8.556339e+00
-1.593157e+01 -3.901033e+01 -8.603770e+00
-1.595094e+01 -3.903313e+01 -8.651293e+00
-1.597032e+01 -3.905590e+01 -8.698908e+00
-1.598969e+01 -3.907863e+01 -8.746615e+00
-1.600907e+01 -3.910132e+01 -8.794414e+00
-1.602845e+01 -3.912398e+01 -8.842305e+00
-1.604783e+01 -3.914661e+01 -8.890288e+00
-1.606722e+01 -3.916920e+01 -8.938363e+00
-1.608661e+01 -3.919176e+01 -8.986531e+00
-1.610600e+01 -3.921428e+01 -9.034791e+00
-1.612539e+01 -3.923676e+01 -9.083143e+00
-1.614478e+01 -3.925921e+01 -9.131588e+00
-1.616418e+01 -3.928162e+01 -9.180125e+00
-1.618358e+01 -3.930400e+01 -9.228755e+00
-1.620298e+01 -3.932634e+01 -9.277477e+00
-1.622238e+01 -3.934865e+01 -9.326292e+00
-1.624178e+01 -3.937091e+01 -9.375199e+00
-1.626119e+01 -3.939315e+01 -9.424200e+00
-1.628060e+01 -3.941534e+01 -9.473293e+00
-1.630001e+01 -3.943749e+01 -9.522479e+00
-1.631942e+01 -3.945961e+01 -9.571758e+00
-1.633883e+01 -3.948169e+01 -9.621129e+00
-1.635824e+01 -3.950374e+01 -9.670594e+00
-1.637766e+01 -3.952574e+01 -9.720152e+00
-1.639707e+01 -3.954771e+01 -9.769803e+00
-1.641649e+01 -3.956963e+01 -9.819547e+00
-1.643591e+01 -3.959152e+01 -9.869385e+00
-1.645532e+01 -3.961337e+01 -9.919315e+00
-1.647474e+01 -3.963518e+01 -9.969339e+00
-1.649416e+01 -3.965695e+01 -1.001946e+01
-1.651359e+01 -3.967868e+01 -1.006967e+01
-1.653301e+01 -3.970037e+01 -1.011997e+01
-1.655243e+01 -3.972202e+01 -1.017037e+01
-1.657185e+01 -3.974363e+01 -1.022086e+01
-1.659127e+01 -3.976520e+01 -1.027144e+01
-1.661070e+01 -3.978673e+01 -1.032212e+01
-1.663012e+01 -3.980822e+01 -1.037289e+01
-1.664955e+01 -3.982966e+01 -1.042376e+01
-1.666897e+01 -3.985107e+01 -1.047472e+01
-1.668839e+01 -3.987243e+01 -1.052577e+01
-1.670782e+01 -3.989375e+01 -1.057692e+01
-1.672724e+01 -3.991503e+01 -1.062816e+01
-1.674667e+01 -3.993627e+01 -1.067949e+01
-1.676609e+01 -3.995747e+01 -1.073092e+01
-1.678551e+01 -3.997862e+01 -1.078244e+01
-1.680493e+01 -3.999973e+01 -1.083406e+01
-1.682436e+01 -4.002079e+01 -1.088577e+01
-1.684378e+01 -4.004181e+01 -1.093757e+01
-1.686320e+01 -4.006279e+01 -1.098947e+01
-1.688262e+01 -4.008373e+01 -1.104147e+01
-1.690204e+01 -4.010462e+01 -1.109355e+01
-1.692146e+01 -4.012546e+01 -1.114573e+01
-1.694087e+01 -4.014627e+01 -1.119801e+01
-1.696029e+01 -4.016702e+01 -1.125038e+01
-1.697970e+01 -4.018774e+01 -1.130284e+01
-1.699912e+01 -4.020840e+01 -1.135540e+01
-1.701853e+01 -4.022903e+01 -1.140805e+01
-1.703794e+01 -4.024960e+01 -1.146080e+01
-1.705735e+01 -4.027013e+01 -1.151364e+01
-1.707676e+01 -4.029062e+01 -1.156658e+01
-1.709616e+01 -4.031105e+01 -1.161961e+01
-1.711557e+01 -4.033145e+01 -1.167273e+01
-1.713497e+01 -4.035179e+01 -1.172595e+01
-1.715437e+01 -4.037209e+01 -1.177927e+01
-1.717377e+01 -4.039234e+01 -1.183268e+01
-1.719317e+01 -4.041254e+01 -1.188618e+01
-1.721256e+01 -4.043270e+01 -1.193978e+01
-1.723196e+01 -4.045281e+01 -1.199347e+01
-1.725135e+01 -4.047287e+01 -1.204726e+01
-1.727073e+01 -4.049288e+01 -1.210114e+01
-1.729012e+01 -4.051284e+01 -1.215512e+01
-1.730950e+01 -4.053276e+01 -1.220919e+01
-1.732888e+01 -4.055262e+01 -1.226335e+01
-1.734826e+01 -4.057244e+01 -1.231762e+01
-1.736763e+01 -4.059221e+01 -1.237197e+01
-1.738700e+01 -4.061193e+01 -1.242642e+01
-1.740637e+01 -4.063159e+01 -1.248097e+01
-1.742574e+01 -4.065121e+01 -1.253561e+01
-1.744510e+01 -4.067078e+01 -1.259034e+01
-1.746446e+01 -4.069030e+01 -1.264518e+01
-1.748382e+01 -4.070976e+01 -1.270010e+01
-1.750317e+01 -4.072918e+01 -1.275512e+01
-1.752252e+01 -4.074854e+01 -1.281024e+01
-1.754186e+01 -4.076786e+01 -1.286545e+01
-1.756120e+01 -4.078712e+01 -1.292075e+01
-1.758054e+01 -4.080633e+01 -1.297615e+01
-1.759988e+01 -4.082549e+01 -1.303165e+01
-1.761921e+01 -4.084459e+01 -1.308724e+01
-1.763853e+01 -4.086364e+01 -1.314293e+01
-1.765785e+01 -4.088264e+01 -1.319871e+01
-1.767717e+01 -4.090159e+01 -1.325458e+01
-1.769648e+01 -4.092049e+01 -1.331055e+01
-1.771579e+01 -4.093933e+01 -1.336662e+01
-1.773510e+01 -4.095811e+01 -1.342278e+01
-1.775440e+01 -4.097685e+01 -1.347904e+01
-1.777369e+01 -4.099552e+01 -1.353539e+01
-1.779299e+01 -4.101415e+01 -1.359184e+01
-1.781227e+01 -4.103272e+01 -1.364838e+01
-1.783155e+01 -4.105123e+01 -1.370502e+01
-1.785083e+01 -4.106969e+01 -1.376175e+01
-1.787010e+01 -4.108810e+01 -1.381858e+01
-1.788937e+01 -4.110645e+01 -1.387550e+01
-1.790863e+01 -4.112474e+01 -1.393252e+01
-1.792788e+01 -4.114298e+01 -1.398963e+01
-1.794713e+01 -4.116116e+01 -1.404684e+01
-1.796638e+01 -4.117929e+01 -1.410414e+01
-1.798562e+01 -4.119736e+01 -1.416154e+01
-1.800485e+01 -4.121537e+01 -1.421903e+01
-1.802408e+01 -4.123332e+01 -1.427662e+01
-1.804330e+01 -4.125122e+01 -1.433431e+01
-1.806251e+01 -4.126906e+01 -1.439209e+01
-1.808172e+01 -4.128684e+01 -1.444996e+01
-1.810093e+01 -4.130456e+01 -1.450793e+01
-1.812012e+01 -4.132223e+01 -1.456600e+01
-1.813931e+01 -4.133984e+01 -1.462416e+01
-1.815850e+01 -4.135739e+01 -1.468241e+01
-1.817768e+01 -4.137488e+01 -1.474076e+01
-1.819685e+01 -4.139231e+01 -1.479921e+01
-1.821601e+01 -4.140968e+01 -1.485775e+01
-1.823517e+01 -4.142699e+01 -1.491639e+01
-1.825432e+01 -4.144424e+01 -1.497512e+01
-1.827347e+01 -4.146143e+01 -1.503394e+01
-1.829260e+01 -4.147856e+01 -1.509287e+01
-1.831173e+01 -4.149563e+01 -1.515188e+01
-1.833085e+01 -4.151264e+01 -1.521100e+01
-1.834997e+01 -4.152959e+01 -1.527020e+01
-1.836908e+01 -4.154648e+01 -1.532951e+01
-1.838818e+01 -4.156330e+01 -1.538890e+01
-1.840727e+01 -4.158007e+01 -1.544840e+01
-1.842636e+01 -4.159677e+01 -1.550798e+01
-1.844543e+01 -4.161341e+01 -1.556767e+01
-1.846450e+01 -4.162999e+01 -1.562744e+01
-1.848356e+01 -4.164650e+01 -1.568732e+01
-1.850262e+01 -4.166295e+01 -1.574729e+01
-1.852166e+01 -4.167934e+01 -1.580735e+01
-1.854070e+01 -4.169567e+01 -1.586751e+01
-1.855973e+01 -4.171193e+01 -1.592776e+01
-1.857875e+01 -4.172812e+01 -1.598811e+01
-1.859776e+01 -4.174426e+01 -1.604855e+01
-1.861676e+01 -4.176033e+01 -1.610909e+01
-1.863576e+01 -4.177633e+01 -1.616972e+01
-1.865474e+01 -4.179227e+01 -1.623045e+01
-1.867372e+01 -4.180815e+01 -1.629127e+01
-1.869269e+01 -4.182396e+01 -1.635219e+01
-1.871165e+01 -4.183970e+01 -1.641320e+01
-1.873059e+01 -4.185538e+01 -1.647431e+01
-1.874953e+01 -4.187099e+01 -1.653551e+01
-1.876846e+01 -4.188654e+01 -1.659681e+01
-1.878739e+01 -4.190202e+01 -1.665820e+01
-1.880630e+01 -4.191743e+01 -1.671969e+01
-1.882520e+01 -4.193278e+01 -1.678127e+01
-1.884409e+01 -4.194805e+01 -1.684294e+01
-1.886297e+01 -4.196327e+01 -1.690471e+01
-1.888184e+01 -4.197841e+01 -1.696658e+01
-1.890071e+01 -4.199349e+01 -1.702854e+01
-1.891956e+01 -4.200849e+01 -1.709059e+01
-1.893840e+01 -4.202343e+01 -1.715274e+01
-1.895723e+01 -4.203830e+01 -1.721498e+01
-1.897605e+01 -4.205311e+01 -1.727732e+01
-1.899486e+01 -4.206784e+01 -1.733975e+01
-1.901366e+01 -4.208250e+01 -1.740228e+01
-1.903245e+01 -4.209710e+01 -1.746490e+01
-1.905123e+01 -4.211162e+01 -1.752762e+01
-1.906999e+01 -4.212608e+01 -1.759043e+01
-1.908875e+01 -4.214046e+01 -1.765333e+01
-1.910749e+01 -4.215477e+01 -1.771633e+01
-1.912623e+01 -4.216902e+01 -1.777942e+01
-1.914495e+01 -4.218319e+01 -1.784261e+01
-1.916366e+01 -4.219729e+01 -1.790589e+01
-1.918236e+01 -4.221132e+01 -1.796926e+01
-1.920105e+01 -4.222527e+01 -1.803273e+01
-1.921972e+01 -4.223916e+01 -1.809629e+01
-1.923839e+01 -4.225297e+01 -1.815995e+01
-1.925704e+01 -4.226672e+01 -1.822370e+01
-1.927568e+01 -4.228038e+01 -1.828754e+01
-1.929431e+01 -4.229398e+01 -1.835148e+01
-1.931292e+01 -4.230750e+01 -1.841552e+01
-1.933153e+01 -4.232095e+01 -1.847964e+01
-1.935012e+01 -4.233433e+01 -1.854386e+01
-1.936870e+01 -4.234763e+01 -1.860817e+01
-1.938726e+01 -4.236086e+01 -1.867258e+01
-1.940581e+01 -4.237401e+01 -1.873708e+01
-1.942435e+01 -4.238709e+01 -1.880168e+01
-1.944288e+01 -4.240009e+01 -1.886636e+01
-1.946140e+01 -4.241302e+01 -1.893115e+01
-1.947990e+01 -4.242587e+01 -1.899602e+01
-1.949838e+01 -4.243865e+01 -1.906099e+01
-1.951686e+01 -4.245135e+01 -1.912605e+01
-1.953532e+01 -4.246398e+01 -1.919120e+01
-1.955377e+01 -4.247653e+01 -1.925645e+01
-1.957220e+01 -4.248900e+01 -1.932179e+01
-1.959062e+01 -4.250140e+01 -1.938723e+01
-1.960903e+01 -4.251372e+01 -1.945275e+01
-1.962742e+01 -4.252596e+01 -1.951837e+01
-1.964580e+01 -4.253813e+01 -1.958409e+01
-1.966416e+01 -4.255022e+01 -1.964989e+01
-1.968251e+01 -4.256223e+01 -1.971579e+01
-1.970085e+01 -4.257416e+01 -1.978178e+01
-1.971917e+01 -4.258601e+01 -1.984787e+01
-1.973748e+01 -4.259779e+01 -1.991404e+01
-1.975577e+01 -4.260948e+01 -1.998031e+01
-1.977404e+01 -4.262110e+01 -2.004668e+01
-1.979231e+01 -4.263264e+01 -2.011313e+01
-1.981055e+01 -4.264409e+01 -2.017968e+01
-1.982879e+01 -4.265547e+01 -2.024632e+01
-1.984700e+01 -4.266677e+01 -2.031305e+01
-1.986520e+01 -4.267799e+01 -2.037987e+01
-1.988339e+01 -4.268912e+01 -2.044679e+01
-1.990156e+01 -4.270018e+01 -2.051380e+01
-1.991972e+01 -4.271116e+01 -2.058090e+01
-1.993786e+01 -4.272205e+01 -2.064809e+01
-1.995598e+01 -4.273286e+01 -2.071538e+01
-1.997409e+01 -4.274359e+01 -2.078275e+01
-1.999218e+01 -4.275424e+01 -2.085022e+01
-2.001026e+01 -4.276481e+01 -2.091778e+01
-2.002832e+01 -4.277529e+01 -2.098543e+01
-2.004636e+01 -4.278569e+01 -2.105317e+01
-2.006439e+01 -4.279601e+01 -2.112101e+01
-2.008240e+01 -4.280625e+01 -2.118894e+01
-2.010039e+01 -4.281640e+01 -2.125695e+01
-2.011837e+01 -4.282646e+01 -2.132506e+01
-2.013633e+01 -4.283645e+01 -2.139326e+01
-2.015427e+01 -4.284635e+01 -2.146155e+01
-2.017220e+01 -4.285616e+01 -2.152994e+01
-2.019011e+01 -4.286589e+01 -2.159841e+01
-2.020800e+01 -4.287554e+01 -2.166697e+01
-2.022587e+01 -4.288510e+01 -2.173563e+01
-2.024373e+01 -4.289458e+01 -2.180438e+01
-2.026157e+01 -4.290397e+01 -2.187321e+01
-2.027939e+01 -4.291327e+01 -2.194214e+01
-2.029719e+01 -4.292249e+01 -2.201116e+01
-2.031498e+01 -4.293162e+01 -2.208027e+01
-2.033275e+01 -4.294066e+01 -2.214946e+01
-2.035050e+01 -4.294962e+01 -2.221875e+01
-2.036823e+01 -4.295849e+01 -2.228813e+01
-2.038594e+01 -4.296728e+01 -2.235760e+01
-2.040364e+01 -4.297597e+01 -2.242716e+01
-2.042131e+01 -4.298458e+01 -2.249681e+01
-2.043897e+01 -4.299310e+01 -2.256655e+01
-2.045661e+01 -4.300153e+01 -2.263638e+01
-2.047423e+01 -4.300988e+01 -2.270630e+01
-2.049183e+01 -4.301813e+01 -2.277631e+01
-2.050941e+01 -4.302630e+01 -2.284641e+01
-2.052698e+01 -4.303437e+01 -2.291660e+01
-2.054452e+01 -4.304236e+01 -2.298688e+01
-2.056204e+01 -4.305026e+01 -2.305724e+01
-2.057955e+01 -4.305806e+01 -2.312770e+01
-2.059703e+01 -4.306578e+01 -2.319824e+01
-2.061450e+01 -4.307341e+01 -2.326888e+01
-2.063194e+01 -4.308095e+01 -2.333960e+01
-2.064937e+01 -4.308839e+01 -2.341041e+01
-2.066677e+01 -4.309574e+01 -2.348131e+01
-2.068416e+01 -4.310301e+01 -2.355230e+01
-2.070153e+01 -4.311018e+01 -2.362338e+01
-2.071887e+01 -4.311726e+01 -2.369455e+01
-2.073619e+01 -4.312424e+01 -2.376580e+01
-2.075350e+01 -4.313114e+01 -2.383715e+01
-2.077078e+01 -4.313794e+01 -2.390858e+01
-2.078804e+01 -4.314465e+01 -2.398010e+01
-2.080529e+01 -4.315127e+01 -2.405171e+01
-2.082251e+01 -4.315779e+01 -2.412340e+01
-2.083971e+01 -4.316422e+01 -2.419519e+01
-2.085688e+01 -4.317056e+01 -2.426706e+01
-2.087404e+01 -4.317680e+01 -2.433902e+01
-2.089118e+01 -4.318295e+01 -2.441106e+01
-2.090829e+01 -4.318900e+01 -2.448320e+01
-2.092538e+01 -4.319496e+01 -2.455542e+01
-2.094245e+01 -4.320082e+01 -2.462773e+01
-2.095950e+01 -4.320659e+01 -2.470012e+01
-2.097653e+01 -4.321226e+01 -2.477260e+01
-2.099353e+01 -4.321784e+01 -2.484517e+01
-2.101051e+01 -4.322332e+01 -2.491783e+01
-2.102747e+01 -4.322870e+01 -2.499057e+01
-2.104441e+01 -4.323399e+01 -2.506340e+01
-2.106133e+01 -4.323918e+01 -2.513632e+01
-2.107822e+01 -4.324428e+01 -2.520932e+01
-2.109509e+01 -4.324928e+01 -2.528241e+01
-2.111193e+01 -4.325418e+01 -2.535558e+01
-2.112876e+01 -4.325898e+01 -2.542885e+01
-2.114556e+01 -4.326369e+01 -2.550219e+01
-2.116234e+01 -4.326829e+01 -2.557562e+01
-2.117909e+01 -4.327280e+01 -2.564914e+01
-2.119582e+01 -4.327721e+01 -2.572275e+01
-2.121253e+01 -4.328152e+01 -2.579644e+01
-2.122921e+01 -4.328573e+01 -2.587021e+01
-2.124587e+01 -4.328985e+01 -2.594407e+01
-2.126251e+01 -4.329386e+01 -2.601802e+01
-2.127912e+01 -4.329778e+01 -2.609205e+01
-2.129571e+01 -4.330159e+01 -2.616616e+01
-2.131227e+01 -4.330530e+01 -2.624036e+01
-2.132881e+01 -4.330892e+01 -2.631464e+01
-2.134532e+01 -4.331243e+01 -2.638901e+01
-2.136181e+01 -4.331584e+01 -2.646347e+01
-2.137828e+01 -4.331915e+01 -2.653800e+01
-2.139472e+01 -4.332236e+01 -2.661263e+01
-2.141114e+01 -4.332547e+01 -2.668733e+01
-2.142753e+01 -4.332847e+01 -2.676212e+01
-2.144389e+01 -4.333138e+01 -2.683699e+01
-2.146023e+01 -4.333418e+01 -2.691195e+01
-2.147655e+01 -4.333688e+01 -2.698699e+01
-2.149284e+01 -4.333947e+01 -2.706212e+01
-2.150911e+01 -4.334196e+01 -2.713732e+01
-2.152534e+01 -4.334435e+01 -2.721261e+01
-2.154156e+01 -4.334664e+01 -2.728799e+01
-2.155774e+01 -4.334882e+01 -2.736344e+01
-2.157391e+01 -4.335090e+01 -2.743898e+01
-2.159004e+01 -4.335288e+01 -2.751461e+01
-2.160615e+01 -4.335475e+01 -2.759031e+01
-2.162223e+01 -4.335651e+01 -2.766610e+01
-2.163829e+01 -4.335817e+01 -2.774197e+01
-2.165432e+01 -4.335973e+01 -2.781792e+01
-2.167032e+01 -4.336117e+01 -2.789395e+01
-2.168630e+01 -4.336252e+01 -2.797007e+01
-2.170225e+01 -4.336376e+01 -2.804626e+01
-2.171817e+01 -4.336489e+01 -2.812254e+01
-2.173407e+01 -4.336591e+01 -2.819890e+01
-2.174994e+01 -4.336683e+01 -2.827534e+01
-2.176578e+01 -4.336765e+01 -2.835186e+01
-2.178159e+01 -4.336835e+01 -2.842847e+01
-2.179738e+01 -4.336895e+01 -2.850515e+01
-2.181313e+01 -4.336944e+01 -2.858192e+01
-2.182886e+01 -4.336982e+01 -2.865876e+01
-2.184457e+01 -4.337010e+01 -2.873569e+01
-2.186024e+01 -4.337027e+01 -2.881269e+01
-2.187589e+01 -4.337032e+01 -2.888978e+01
-2.189151e+01 -4.337027e+01 -2.896695e+01
-2.190710e+01 -4.337012e+01 -2.904419e+01
-2.192266e+01 -4.336985e+01 -2.912152e+01
-2.193819e+01 -4.336947e+01 -2.919893e+01
-2.195370e+01 -4.336898e+01 -2.927641e+01
-2.196917e+01 -4.336839e+01 -2.935398e+01
-2.198462e+01 -4.336768e+01 -2.943162e+01
-2.200004e+01 -4.336686e+01 -2.950934e+01
-2.201542e+01 -4.336594e+01 -2.958714e+01
-2.203078e+01 -4.336490e+01 -2.966502e+01
-2.204611e+01 -4.336375e+01 -2.974298e+01
-2.206141e+01 -4.336249e+01 -2.982102e+01
-2.207668e+01 -4.336112e+01 -2.989914e+01
-2.209193e+01 -4.335963e+01 -2.997733e+01
-2.210714e+01 -4.335804e+01 -3.005560e+01
-2.212232e+01 -4.335633e+01 -3.013395e+01
-2.213747e+01 -4.335451e+01 -3.021238e+01
-2.215259e+01 -4.335258e+01 -3.029088e+01
-2.216768e+01 -4.335053e+01 -3.036946e+01
-2.218274e+01 -4.334838e+01 -3.044812e+01
-2.219777e+01 -4.334611e+01 -3.052686e+01
-2.221277e+01 -4.334372e+01 -3.060567e+01
-2.222774e+01 -4.334122e+01 -3.068456e+01
-2.224268e+01 -4.333861e+01 -3.076353e+01
-2.225759e+01 -4.333588e+01 -3.084257e+01
-2.227246e+01 -4.333304e+01 -3.092169e+01
-2.228731e+01 -4.333009e+01 -3.100089e+01
-2.230212e+01 -4.332702e+01 -3.108016e+01
-2.231690e+01 -4.332383e+01 -3.115950e+01
-2.233165e+01 -4.332053e+01 -3.123893e+01
-2.234637e+01 -4.331712e+01 -3.131842e+01
-2.236106e+01 -4.331359e+01 -3.139800e+01
-2.237572e+01 -4.330994e+01 -3.147764e+01
-2.239034e+01 -4.330618e+01 -3.155737e+01
-2.240493e+01 -4.330230e+01 -3.163716e+01
-2.241949e+01 -4.329830e+01 -3.171704e+01
-2.243402e+01 -4.329419e+01 -3.179698e+01
-2.244851e+01 -4.328996e+01 -3.187700e+01
-2.246297e+01 -4.328561e+01 -3.195710e+01
-2.247740e+01 -4.328115e+01 -3.203727e+01
-2.249180e+01 -4.327656e+01 -3.211751e+01
-2.250616e+01 -4.327186e+01 -3.219783e+01
-2.252049e+01 -4.326704e+01 -3.227821e+01
-2.253479e+01 -4.326211e+01 -3.235868e+01
-2.254906e+01 -4.325705e+01 -3.243921e+01
-2.256329e+01 -4.325188e+01 -3.251982e+01
-2.257748e+01 -4.324658e+01 -3.260050e+01
-2.259165e+01 -4.324117e+01 -3.268126e+01
-2.260578e+01 -4.323564e+01 -3.276208e+01
-2.261988e+01 -4.322999e+01 -3.284298e+01
-2.263394e+01 -4.322421e+01 -3.292395e+01
-2.264797e+01 -4.321832e+01 -3.300499e+01
-2.266196e+01 -4.321231e+01 -3.308611e+01
-2.267592e+01 -4.320618e+01 -3.316729e+01
-2.268985e+01 -4.319992e+01 -3.324855e+01
-2.270374e+01 -4.319355e+01 -3.332987e+01
-2.271760e+01 -4.318705e+01 -3.341127e+01
-2.273142e+01 -4.318043e+01 -3.349274e+01
-2.274521e+01 -4.317369e+01 -3.357428e+01
-2.275896e+01 -4.316683e+01 -3.365589e+01
-2.277268e+01 -4.315985e+01 -3.373757e+01
-2.278636e+01 -4.315274e+01 -3.381932e+01
-2.280000e+01 -4.314552e+01 -3.390114e+01
-2.281362e+01 -4.313816e+01 -3.398303e+01
-2.282719e+01 -4.313069e+01 -3.406499e+01
-2.284073e+01 -4.312309e+01 -3.414702e+01
-2.285424e+01 -4.311537e+01 -3.422911e+01
-2.286771e+01 -4.310753e+01 -3.431128e+01
-2.288114e+01 -4.309956e+01 -3.439351e+01
-2.289454e+01 -4.309147e+01 -3.447582e+01
-2.290790e+01 -4.308325e+01 -3.455819e+01
-2.292122e+01 -4.307491e+01 -3.464063e+01
-2.293451e+01 -4.306645e+01 -3.472313e+01
-2.294776e+01 -4.305786e+01 -3.480571e+01
-2.296097e+01 -4.304914e+01 -3.488835e+01
-2.297415e+01 -4.304030e+01 -3.497106e+01
-2.298729e+01 -4.303133e+01 -3.505384e+01
-2.300040e+01 -4.302224e+01 -3.513668e+01
-2.301346e+01 -4.301302e+01 -3.521959e+01
-2.302649e+01 -4.300368e+01 -3.530257e+01
-2.303949e+01 -4.299421e+01 -3.538561e+01
-2.305244e+01 -4.298461e+01 -3.546872e+01
-2.306536e+01 -4.297489e+01 -3.555189e+01
-2.307824e+01 -4.296504e+01 -3.563513e+01
-2.309108e+01 -4.295506e+01 -3.571844e+01
-2.310389e+01 -4.294495e+01 -3.580181e+01
-2.311665e+01 -4.293472e+01 -3.588525e+01
-2.312938e+01 -4.292436e+01 -3.596875e+01
-2.314207e+01 -4.291387e+01 -3.605232e+01
-2.315472e+01 -4.290325e+01 -3.613595e+01
-2.316733e+01 -4.289250e+01 -3.621964e+01
-2.317991e+01 -4.288163e+01 -3.630340e+01
-2.319244e+01 -4.287063e+01 -3.638722e+01
-2.320494e+01 -4.285949e+01 -3.647111e+01
-2.321740e+01 -4.284823e+01 -3.655506e+01
-2.322982e+01 -4.283684e+01 -3.663907e+01
-2.324220e+01 -4.282532e+01 -3.672315e+01
-2.325454e+01 -4.281367e+01 -3.680729e+01
-2.326684e+01 -4.280188e+01 -3.689149e+01
-2.327910e+01 -4.278997e+01 -3.697575e+01
-2.329132e+01 -4.277793e+01 -3.706008e+01
-2.330350e+01 -4.276576e+01 -3.714447e+01
-2.331565e+01 -4.275345e+01 -3.722892e+01
-2.332775e+01 -4.274102e+01 -3.731343e+01
-2.333981e+01 -4.272845e+01 -3.739800e+01
-2.335183e+01 -4.271575e+01 -3.748264e+01
-2.336381e+01 -4.270292e+01 -3.756733e+01
-2.337576e+01 -4.268996e+01 -3.765209e+01
-2.338766e+01 -4.267687e+01 -3.773690e+01
-2.339952e+01 -4.266364e+01 -3.782178e+01
-2.341134e+01 -4.265028e+01 -3.790672e+01
-2.342312e+01 -4.263679e+01 -3.799171e+01
-2.343485e+01 -4.262317e+01 -3.807677e+01
-2.344655e+01 -4.260941e+01 -3.816188e+01
-2.345821e+01 -4.259552e+01 -3.824706e+01
-2.346982e+01 -4.258149e+01 -3.833229e+01
-2.348139e+01 -4.256733e+01 -3.841758e+01
-2.349292e+01 -4.255304e+01 -3.850293e+01
-2.350441e+01 -4.253861e+01 -3.858834e+01
-2.351586e+01 -4.252405e+01 -3.867381e+01
-2.352727e+01 -4.250936e+01 -3.875933e+01
-2.353863e+01 -4.249453e+01 -3.884491e+01
-2.354995e+01 -4.247956e+01 -3.893055e+01
-2.356123e+01 -4.246446e+01 -3.901625e+01
-2.357247e+01 -4.244922e+01 -3.910200e+01
-2.358366e+01 -4.243385e+01 -3.918781e+01
-2.359482e+01 -4.241834e+01 -3.927368e+01
-2.360593e+01 -4.240270e+01 -3.935960e+01
-2.361699e+01 -4.238692e+01 -3.944558e+01
-2.362802e+01 -4.237101e+01 -3.953161e+01
-2.363900e+01 -4.235495e+01 -3.961770e+01
-2.364994e+01 -4.233877e+01 -3.970385e+01
-2.366083e+01 -4.232244e+01 -3.979005e+01
-2.367168e+01 -4.230598e+01 -3.987630e+01
-2.368249e+01 -4.228938e+01 -3.996261e+01
-2.369325e+01 -4.227264e+01 -4.004897e+01
-2.370397e+01 -4.225576e+01 -4.013539e+01
-2.371465e+01 -4.223875e+01 -4.022186e+01
-2.372528e+01 -4.222160e+01 -4.030839e+01
-2.373587e+01 -4.220431e+01 -4.039497e+01
-2.374642e+01 -4.218688e+01 -4.048160e+01
-2.375692e+01 -4.216932e+01 -4.056828e+01
-2.376737e+01 -4.215161e+01 -4.065502e+01
-2.377779e+01 -4.213377e+01 -4.074181e+01
-2.378815e+01 -4.211578e+01 -4.082865e+01
-2.379847e+01 -4.209766e+01 -4.091554e+01
-2.380875e+01 -4.207940e+01 -4.100249e+01
-2.381898e+01 -4.206100e+01 -4.108949e+01
-2.382917e+01 -4.204245e+01 -4.117654e+01
-2.383931e+01 -4.202377e+01 -4.126363e+01
-2.384941e+01 -4.200495e+01 -4.135078e+01
-2.385946e+01 -4.198599e+01 -4.143798e+01
-2.386947e+01 -4.196688e+01 -4.152524e+01
-2.387943e+01 -4.194764e+01 -4.161254e+01
-2.388935e+01 -4.192826e+01 -4.169989e+01
-2.389922e+01 -4.190873e+01 -4.178729e+01
-2.390904e+01 -4.188906e+01 -4.187473e+01
-2.391882e+01 -4.186925e+01 -4.196223e+01
-2.392855e+01 -4.184930e+01 -4.204978e+01
-2.393823e+01 -4.182921e+01 -4.213737e+01
-2.394787e+01 -4.180897e+01 -4.222502e+01
-2.395746e+01 -4.178860e+01 -4.231271e+01
-2.396701e+01 -4.176808e+01 -4.240045e+01
-2.397651e+01 -4.174741e+01 -4.248823e+01
-2.398596e+01 -4.172661e+01 -4.257607e+01
-2.399537e+01 -4.170566e+01 -4.266395e+01
-2.400472e+01 -4.168457e+01 -4.275188e+01
-2.401403e+01 -4.166333e+01 -4.283985e+01
-2.402330e+01 -4.164195e+01 -4.292787e+01
-2.403251e+01 -4.162043e+01 -4.301594e+01
-2.404168e+01 -4.159877e+01 -4.310405e+01
-2.405080e+01 -4.157696e+01 -4.319220e+01
-2.405988e+01 -4.155500e+01 -4.328041e+01
-2.406890e+01 -4.153290e+01 -4.336865e+01
-2.407788e+01 -4.151066e+01 -4.345694e+01
-2.408681e+01 -4.148827e+01 -4.354528e+01
-2.409569e+01 -4.146574e+01 -4.363366e+01
-2.410453e+01 -4.144306e+01 -4.372208e+01
-2.411331e+01 -4.142024e+01 -4.381055e+01
-2.412205e+01 -4.139727e+01 -4.389906e+01
-2.413074e+01 -4.137416e+01 -4.398762e+01
-2.413938e+01 -4.135090e+01 -4.407621e+01
-2.414797e+01 -4.132749e+01 -4.416485e+01
-2.415651e+01 -4.130394e+01 -4.425353e+01
-2.416500e+01 -4.128024e+01 -4.434226e+01
-2.417345e+01 -4.125640e+01 -4.443102e+01
-2.418184e+01 -4.123241e+01 -4.451983e+01
-2.419019e+01 -4.120827e+01 -4.460868e+01
-2.419848e+01 -4.118398e+01 -4.469757e+01
-2.420673e+01 -4.115955e+01 -4.478650e+01
-2.421493e+01 -4.113497e+01 -4.487547e+01
-2.422308e+01 -4.111025e+01 -4.496448e+01
-2.423117e+01 -4.108537e+01 -4.505353e+01
-2.423922e+01 -4.106035e+01 -4.514261e+01
-2.424722e+01 -4.103518e+01 -4.523174e+01
-2.425516e+01 -4.100986e+01 -4.532091e+01
-2.426306e+01 -4.098440e+01 -4.541012e+01
-2.427091e+01 -4.095878e+01 -4.549936e+01
-2.427870e+01 -4.093302e+01 -4.558865e+01
-2.428645e+01 -4.090711e+01 -4.567797e+01
-2.429414e+01 -4.088105e+01 -4.576732e+01
-2.430179e+01 -4.085484e+01 -4.585672e+01
-2.430938e+01 -4.082848e+01 -4.594615e+01
-2.431692e+01 -4.080197e+01 -4.603562e+01
-2.432441e+01 -4.077532e+01 -4.612513e+01
-2.433185e+01 -4.074851e+01 -4.621467e+01
-2.433924e+01 -4.072155e+01 -4.630425e+01
-2.434658e+01 -4.069444e+01 -4.639387e+01
-2.435386e+01 -4.066719e+01 -4.648352e+01
-2.436109e+01 -4.063978e+01 -4.657320e+01
-2.436828e+01 -4.061222e+01 -4.666292e+01
-2.437541e+01 -4.058451e+01 -4.675267e+01
-2.438248e+01 -4.055665e+01 -4.684246e+01
-2.438951e+01 -4.052864e+01 -4.693229e+01
-2.439648e+01 -4.050048e+01 -4.702214e+01
-2.440340e+01 -4.047217e+01 -4.711203e+01
-2.441027e+01 -4.044371e+01 -4.720195e+01
-2.441709e+01 -4.041509e+01 -4.729191e+01
-2.442385e+01 -4.038632e+01 -4.738190e+01
-2.443056e+01 -4.035741e+01 -4.747192e+01
-2.443722e+01 -4.032834e+01 -4.756197e+01
-2.444383e+01 -4.029911e+01 -4.765206e+01
-2.445038e+01 -4.026974e+01 -4.774217e+01
-2.445688e+01 -4.024021e+01 -4.783232e+01
-2.446332e+01 -4.021053e+01 -4.792250e+01
-2.446972e+01 -4.018070e+01 -4.801270e+01
-2.447605e+01 -4.015071e+01 -4.810294e+01
-2.448234e+01 -4.012057e+01 -4.819321e+01
-2.448857e+01 -4.009028e+01 -4.828351e+01
-2.449475e+01 -4.005984e+01 -4.837384e+01
-2.450087e+01 -4.002924e+01 -4.846419e+01
-2.450694e+01 -3.999849e+01 -4.855458e+01
-2.451296e+01 -3.996758e+01 -4.864499e+01
-2.451892e+01 -3.993652e+01 -4.873543e+01
-2.452483e+01 -3.990531e+01 -4.882590e+01
-2.453068e+01 -3.987394e+01 -4.891640e+01
-2.453648e+01 -3.984242e+01 -4.900693e+01
-2.454222e+01 -3.981074e+01 -4.909748e+01
-2.454791e+01 -3.977891e+01 -4.918806e+01
-2.455355e+01 -3.974693e+01 -4.927866e+01
-2.455913e+01 -3.971479e+01 -4.936929e+01
-2.456465e+01 -3.968249e+01 -4.945995e+01
-2.457012e+01 -3.965004e+01 -4.955063e+01
-2.457554e+01 -3.961744e+01 -4.964134e+01
-2.458089e+01 -3.958468e+01 -4.973207e+01
-2.458620e+01 -3.955176e+01 -4.982283e+01
-2.459145e+01 -3.951869e+01 -4.991361e+01
-2.459664e+01 -3.948546e+01 -5.000442e+01
-2.460178e+01 -3.945208e+01 -5.009525e+01
-2.460686e+01 -3.941854e+01 -5.018610e+01
-2.461188e+01 -3.938484e+01 -5.027697e+01
-2.461685e+01 -3.935099e+01 -5.036787e+01
-2.462176e+01 -3.931698e+01 -5.045879e+01
-2.462662e+01 -3.928282e+01 -5.054974e+01
-2.463142e+01 -3.924850e+01 -5.064070e+01
-2.463616e+01 -3.921402e+01 -5.073169e+01
-2.464085e+01 -3.917939e+01 -5.082270e+01
-2.464548e+01 -3.914459e+01 -5.091373e+01
-2.465006e+01 -3.910964e+01 -5.100478e+01
-2.465457e+01 -3.907454e+01 -5.109584e+01
-2.465903e+01 -3.903927e+01 -5.118693e+01
-2.466344e+01 -3.900385e+01 -5.127804e+01
-2.466778e+01 -3.896827e+01 -5.136917e+01
-2.467207e+01 -3.893254e+01 -5.146032e+01
-2.467631e+01 -3.889664e+01 -5.155149e+01
-2.468048e+01 -3.886059e+01 -5.164267e+01
-2.468460e+01 -3.882438e+01 -5.173388e+01
-2.468866e+01 -3.878801e+01 -5.182510e+01
-2.469266e+01 -3.875148e+01 -5.191634e+01
-2.469660e+01 -3.871479e+01 -5.200759e+01
-2.470049e+01 -3.867795e+01 -5.209887e+01
-2.470432e+01 -3.864095e+01 -5.219016e+01
-2.470809e+01 -3.860378e+01 -5.228146e+01
-2.471180e+01 -3.856646e+01 -5.237278e+01
-2.471545e+01 -3.852898e+01 -5.246412e+01
-2.471905e+01 -3.849134e+01 -5.255547e+01
-2.472258e+01 -3.845354e+01 -5.264684e+01
-2.472606e+01 -3.841558e+01 -5.273822e+01
-2.472948e+01 -3.837747e+01 -5.282962e+01
-2.473284e+01 -3.833919e+01 -5.292103e+01
-2.473614e+01 -3.830075e+01 -5.301246e+01
-2.473938e+01 -3.826215e+01 -5.310389e+01
-2.474257e+01 -3.822339e+01 -5.319535e+01
-2.474569e+01 -3.818448e+01 -5.328681e+01
-2.474876e+01 -3.814540e+01 -5.337829e+01
-2.475176e+01 -3.810616e+01 -5.346977e+01
-2.475471e+01 -3.806676e+01 -5.356127e+01
-2.475760e+01 -3.802720e+01 -5.365279e+01
-2.476042e+01 -3.798748e+01 -5.374431e+01
-2.476319e+01 -3.794760e+01 -5.383584e+01
-2.476590e+01 -3.790756e+01 -5.392739e+01
-2.476855e+01 -3.786736e+01 -5.401894e+01
-2.477113e+01 -3.782699e+01 -5.411051e+01
-2.477366e+01 -3.778647e+01 -5.420208e+01
-2.477613e+01 -3.774578e+01 -5.429366e+01
-2.477854e+01 -3.770493e+01 -5.438525e+01
-2.478088e+01 -3.766393e+01 -5.447686e+01
-2.478317e+01 -3.762275e+01 -5.456846e+01
-2.478540e+01 -3.758142e+01 -5.466008e+01
-2.478756e+01 -3.753993e+01 -5.475170e+01
-2.478967e+01 -3.749827e+01 -5.484334e+01
-2.479171e+01 -3.745645e+01 -5.493497e+01
-2.479369e+01 -3.741447e+01 -5.502662e+01
-2.479561e+01 -3.737233e+01 -5.511827e+01
-2.479747e+01 -3.733003e+01 -5.520993e+01
-2.479927e+01 -3.728756e+01 -5.530159e+01
-2.480101e+01 -3.724493e+01 -5.539326e+01
-2.480269e+01 -3.720214e+01 -5.548493e+01
-2.480430e+01 -3.715918e+01 -5.557661e+01
-2.480586e+01 -3.711606e+01 -5.566829e+01
-2.480735e+01 -3.707278e+01 -5.575998e+01
-2.480878e+01 -3.702934e+01 -5.585166e+01
-2.481015e+01 -3.698573e+01 -5.594336e+01
-2.481145e+01 -3.694196e+01 -5.603505e+01
-2.481270e+01 -3.689803e+01 -5.612675e+01
-2.481388e+01 -3.685393e+01 -5.621845e+01
-2.481500e+01 -3.680967e+01 -5.631015e+01
-2.481606e+01 -3.676525e+01 -5.640186e+01
-2.481705e+01 -3.672066e+01 -5.649356e+01
-2.481798e+01 -3.667591e+01 -5.658527e+01
-2.481885e+01 -3.663100e+01 -5.667697e+01
-2.481966e+01 -3.658592e+01 -5.676868e+01
-2.482041e+01 -3.654068e+01 -5.686039e+01
-2.482109e+01 -3.649527e+01 -5.695209e+01
-2.482171e+01 -3.644970e+01 -5.704380e+01
-2.482226e+01 -3.640397e+01 -5.713550e+01
-2.482276e+01 -3.635807e+01 -5.722720e+01
-2.482319e+01 -3.631201e+01 -5.731890e+01
-2.482355e+01 -3.626578e+01 -5.741060e+01
-2.482386e+01 -3.621939e+01 -5.750230e+01
-2.482410e+01 -3.617284e+01 -5.759399e+01
-2.482427e+01 -3.612612e+01 -5.768568e+01
-2.482439e+01 -3.607923e+01 -5.777737e+01
-2.482444e+01 -3.603218e+01 -5.786905e+01
-2.482442e+01 -3.598496e+01 -5.796073e+01
-2.482434e+01 -3.593759e+01 -5.805240e+01
-2.482420e+01 -3.589004e+01 -5.814407e+01
-2.482399e+01 -3.584233e+01 -5.823574e+01
-2.482372e+01 -3.579446e+01 -5.832740e+01
-2.482339e+01 -3.574642e+01 -5.841905e+01
-2.482299e+01 -3.569821e+01 -5.851069e+01
-2.482253e+01 -3.564984e+01 -5.860233e+01
-2.482200e+01 -3.560130e+01 -5.869397e+01
-2.482140e+01 -3.555260e+01 -5.878559e+01
-2.482075e+01 -3.550373e+01 -5.887721e+01
-2.482003e+01 -3.545470e+01 -5.896882e+01
-2.481924e+01 -3.540550e+01 -5.906042e+01
-2.481839e+01 -3.535614e+01 -5.915201e+01
-2.481747e+01 -3.530661e+01 -5.924359e+01
-2.481649e+01 -3.525691e+01 -5.933517e+01
-2.481544e+01 -3.520705e+01 -5.942673e+01
-2.481433e+01 -3.515702e+01 -5.951829e+01
-2.481315e+01 -3.510683e+01 -5.960983e+01
-2.481191e+01 -3.505647e+01 -5.970136e+01
-2.481060e+01 -3.500594e+01 -5.979289e+01
-2.480923e+01 -3.495525e+01 -5.988440e+01
-2.480779e+01 -3.490439e+01 -5.997589e+01
-2.480629e+01 -3.485336e+01 -6.006738e+01
-2.480472e+01 -3.480217e+01 -6.015885e+01
-2.480308e+01 -3.475081e+01 -6.025031e+01
-2.480138e+01 -3.469929e+01 -6.034176e+01
-2.479961e+01 -3.464760e+01 -6.043319e+01
-2.479777e+01 -3.459574e+01 -6.052461e+01
-2.479587e+01 -3.454371e+01 -6.061602e+01
-2.479391e+01 -3.449152e+01 -6.070741e+01
-2.479187e+01 -3.443916e+01 -6.079879e+01
-2.478977e+01 -3.438664e+01 -6.089015e+01
-2.478761e+01 -3.433394e+01 -6.098149e+01
-2.478538e+01 -3.428108e+01 -6.107282e+01
-2.478308e+01 -3.422806e+01 -6.116413e+01
-2.478071e+01 -3.417487e+01 -6.125543e+01
-2.477828e+01 -3.412150e+01 -6.134670e+01
-2.477578e+01 -3.406798e+01 -6.143796e+01
-2.477321e+01 -3.401428e+01 -6.152921e+01
-2.477058e+01 -3.396042e+01 -6.162043e+01
-2.476788e+01 -3.390639e+01 -6.171164e+01
-2.476511e+01 -3.385219e+01 -6.180282e+01
-2.476227e+01 -3.379783e+01 -6.189399e+01
-2.475937e+01 -3.374330e+01 -6.198514e+01
-2.475640e+01 -3.368860e+01 -6.207627e+01
-2.475336e+01 -3.363373e+01 -6.216737e+01
-2.475026e+01 -3.357870e+01 -6.225846e+01
-2.474709e+01 -3.352350e+01 -6.234952e+01
-2.474385e+01 -3.346813e+01 -6.244057e+01
-2.474054e+01 -3.341259e+01 -6.253159e+01
-2.473716e+01 -3.335689e+01 -6.262259e+01
-2.473372e+01 -3.330101e+01 -6.271357e+01
-2.473021e+01 -3.324497e+01 -6.280452e+01
-2.472663e+01 -3.318877e+01 -6.289545e+01
-2.472298e+01 -3.313239e+01 -6.298636e+01
-2.471926e+01 -3.307585e+01 -6.307724e+01
-2.471548e+01 -3.301914e+01 -6.316810e+01
-2.471163e+01 -3.296226e+01 -6.325894e+01
-2.470770e+01 -3.290521e+01 -6.334974e+01
-2.470371e+01 -3.284799e+01 -6.344053e+01
-2.469966e+01 -3.279061e+01 -6.353129e+01
-2.469553e+01 -3.273306e+01 -6.362202e+01
-2.469133e+01 -3.267534e+01 -6.371272e+01
-2.468707e+01 -3.261745e+01 -6.380340e+01
-2.468274e+01 -3.255940e+01 -6.389405e+01
-2.467833e+01 -3.250117e+01 -6.398467e+01
-2.467386e+01 -3.244278e+01 -6.407527e+01
-2.466932e+01 -3.238422e+01 -6.416584e+01
-2.466471e+01 -3.232549e+01 -6.425637e+01
-2.466003e+01 -3.226659e+01 -6.434688e+01
-2.465529e+01 -3.220753e+01 -6.443736e+01
-2.465047e+01 -3.214829e+01 -6.452781e+01
-2.464558e+01 -3.208889e+01 -6.461823e+01
-2.464062e+01 -3.202932e+01 -6.470862e+01
-2.463560e+01 -3.196958e+01 -6.479898e+01
-2.463050e+01 -3.190968e+01 -6.488930e+01
-2.462534e+01 -3.184960e+01 -6.497960e+01
-2.462010e+01 -3.178936e+01 -6.506986e+01
-2.461480e+01 -3.172895e+01 -6.516009e+01
-2.460942e+01 -3.166837e+01 -6.525029e+01
-2.460398e+01 -3.160762e+01 -6.534045e+01
-2.459846e+01 -3.154670e+01 -6.543058e+01
-2.459288e+01 -3.148562e+01 -6.552068e+01
-2.458723e+01 -3.142436e+01 -6.561074e+01
-2.458150e+01 -3.136294e+01 -6.570077e+01
-2.457570e+01 -3.130135e+01 -6.579076e+01
-2.456984e+01 -3.123959e+01 -6.588072e+01
-2.456390e+01 -3.117766e+01 -6.597064e+01
-2.455790e+01 -3.111556e+01 -6.606053e+01
-2.455182e+01 -3.105330e+01 -6.615038e+01
-2.454567e+01 -3.099086e+01 -6.624019e+01
-2.453945e+01 -3.092826e+01 -6.632996e+01
-2.453316e+01 -3.086549e+01 -6.641970e+01
-2.452680e+01 -3.080255e+01 -6.650940e+01
-2.452037e+01 -3.073944e+01 -6.659906e+01
-2.451387e+01 -3.067617e+01 -6.668868e+01
-2.450730e+01 -3.061272e+01 -6.677827e+01
-2.450065e+01 -3.054911e+01 -6.686781e+01
-2.449394e+01 -3.048532e+01 -6.695731e+01
-2.448715e+01 -3.042137e+01 -6.704678e+01
-2.448030e+01 -3.035725e+01 -6.713620e+01
-2.447337e+01 -3.029297e+01 -6.722558e+01
-2.446637e+01 -3.022851e+01 -6.731492e+01
-2.445930e+01 -3.016389e+01 -6.740422e+01
-2.445215e+01 -3.009909e+01 -6.749348e+01
-2.444494e+01 -3.003413e+01 -6.758269e+01
-2.443765e+01 -2.996900e+01 -6.767186e+01
-2.443029e+01 -2.990370e+01 -6.776099e+01
-2.442287e+01 -2.983823e+01 -6.785008e+01
-2.441536e+01 -2.977260e+01 -6.793912e+01
-2.440779e+01 -2.970679e+01 -6.802811e+01
-2.440015e+01 -2.964082e+01 -6.811707e+01
-2.439243e+01 -2.957468e+01 -6.820597e+01
-2.438464e+01 -2.950837e+01 -6.829483e+01
-2.437678e+01 -2.944189e+01 -6.838365e+01
-2.436885e+01 -2.937524e+01 -6.847242e+01
-2.436084e+01 -2.930843e+01 -6.856114e+01
-2.435276e+01 -2.924144e+01 -6.864981e+01
-2.434461e+01 -2.917429e+01 -6.873844e+01
-2.433639e+01 -2.910697e+01 -6.882702e+01
-2.432810e+01 -2.903948e+01 -6.891556e+01
-2.431973e+01 -2.897183e+01 -6.900404e+01
-2.431129e+01 -2.890400e+01 -6.909247e+01
-2.430278e+01 -2.883601e+01 -6.918086e+01
-2.429420e+01 -2.876785e+01 -6.926920e+01
-2.428554e+01 -2.869952e+01 -6.935748e+01
-2.427681e+01 -2.863102e+01 -6.944572e+01
-2.426801e+01 -2.856235e+01 -6.953390e+01
-2.425913e+01 -2.849352e+01 -6.962204e+01
-2.425018e+01 -2.842451e+01 -6.971012e+01
-2.424116e+01 -2.835534e+01 -6.979815e+01
-2.423207e+01 -2.828601e+01 -6.988613e+01
-2.422290e+01 -2.821650e+01 -6.997405e+01
-2.421366e+01 -2.814682e+01 -7.006193e+01
-2.420434e+01 -2.807698e+01 -7.014975e+01
-2.419496e+01 -2.800697e+01 -7.023751e+01
-2.418550e+01 -2.793679e+01 -7.032522e+01
-2.417596e+01 -2.786645e+01 -7.041288e+01
-2.416636e+01 -2.779593e+01 -7.050048e+01
-2.415668e+01 -2.772525e+01 -7.058803e+01
-2.414692e+01 -2.765440e+01 -7.067552e+01
-2.413710e+01 -2.758338e+01 -7.076295e+01
-2.412720e+01 -2.751220e+01 -7.085033e+01
-2.411722e+01 -2.744084e+01 -7.093765e+01
-2.410717e+01 -2.736932e+01 -7.102492e+01
-2.409705e+01 -2.729764e+01 -7.111212e+01
-2.408686e+01 -2.722578e+01 -7.119927e+01
-2.407659e+01 -2.715376e+01 -7.128636e+01
-2.406625e+01 -2.708157e+01 -7.137340e+01
-2.405583e+01 -2.700921e+01 -7.146037e+01
-2.404534e+01 -2.693668e+01 -7.154728e+01
-2.403477e+01 -2.686399e+01 -7.163414e+01
-2.402414e+01 -2.679113e+01 -7.172093e+01
-2.401342e+01 -2.671810e+01 -7.180766e+01
-2.400264e+01 -2.664491e+01 -7.189433e+01
-2.399177e+01 -2.657155e+01 -7.198094e+01
-2.398084e+01 -2.649802e+01 -7.206749e+01
-2.396983e+01 -2.642432e+01 -7.215398e+01
-2.395875e+01 -2.635046e+01 -7.224040e+01
-2.394759e+01 -2.627643e+01 -7.232676e+01
-2.393636e+01 -2.620223e+01 -7.241306e+01
-2.392505e+01 -2.612787e+01 -7.249930e+01
-2.391367e+01 -2.605334e+01 -7.258547e+01
-2.390221e+01 -2.597864e+01 -7.267157e+01
-2.389068e+01 -2.590378e+01 -7.275761e+01
-2.387908e+01 -2.582875e+01 -7.284359e+01
-2.386740e+01 -2.575355e+01 -7.292950e+01
-2.385564e+01 -2.567819e+01 -7.301534e+01
-2.384381e+01 -2.560266e+01 -7.310112e+01
-2.383191e+01 -2.552696e+01 -7.318683e+01
-2.381993e+01 -2.545110e+01 -7.327248e+01
-2.380788e+01 -2.537507e+01 -7.335805e+01
-2.379575e+01 -2.529887e+01 -7.344356e+01
-2.378355e+01 -2.522251e+01 -7.352900e+01
-2.377127e+01 -2.514599e+01 -7.361437e+01
-2.375892e+01 -2.506929e+01 -7.369968e+01
-2.374649e+01 -2.499243e+01 -7.378491e+01
-2.373398e+01 -2.491541e+01 -7.387008e+01
-2.372141e+01 -2.483822e+01 -7.395517e+01
-2.370875e+01 -2.476086e+01 -7.404019e+01
-2.369602e+01 -2.468334e+01 -7.412514e+01
-2.368322e+01 -2.460565e+01 -7.421003e+01
-2.367034e+01 -2.452780e+01 -7.429484e+01
-2.365739e+01 -2.444978e+01 -7.437957e+01
-2.364436e+01 -2.437159e+01 -7.446424e+01
-2.363125e+01 -2.429324e+01 -7.454883e+01
-2.361807e+01 -2.421473e+01 -7.463335e+01
-2.360481e+01 -2.413605e+01 -7.471779e+01
-2.359148e+01 -2.405720e+01 -7.480217e+01
-2.357808e+01 -2.397819e+01 -7.488646e+01
-2.356459e+01 -2.389902e+01 -7.497069e+01
-2.355104e+01 -2.381968e+01 -7.505483e+01
-2.353740e+01 -2.374017e+01 -7.513890e+01
-2.352369e+01 -2.366050e+01 -7.522290e+01
-2.350991e+01 -2.358067e+01 -7.530682e+01
-2.349605e+01 -2.350067e+01 -7.539066e+01
-2.348211e+01 -2.342051e+01 -7.547443e+01
-2.346810e+01 -2.334018e+01 -7.555812e+01
-2.345401e+01 -2.325969e+01 -7.564173e+01
-2.343985e+01 -2.317903e+01 -7.572526e+01
-2.342561e+01 -2.309821e+01 -7.580872e+01
-2.341129e+01 -2.301722e+01 -7.589209e+01
-2.339690e+01 -2.293608e+01 -7.597539e+01
-2.338243e+01 -2.285476e+01 -7.605860e+01
-2.336789e+01 -2.277329e+01 -7.614174e+01
-2.335327e+01 -2.269165e+01 -7.622480e+01
-2.333857e+01 -2.260984e+01 -7.630777e+01
-2.332380e+01 -2.252788e+01 -7.639067e+01
-2.330895e+01 -2.244575e+01 -7.647348e+01
-2.329403e+01 -2.236345e+01 -7.655621e+01
-2.327903e+01 -2.228100e+01 -7.663886e+01
-2.326395e+01 -2.219838e+01 -7.672142e+01
-2.324880e+01 -2.211559e+01 -7.680390e+01
-2.323357e+01 -2.203265e+01 -7.688630e+01
-2.321827e+01 -2.194954e+01 -7.696862e+01
-2.320289e+01 -2.186627e+01 -7.705085e+01
-2.318743e+01 -2.178283e+01 -7.713299e+01
-2.317189e+01 -2.169923e+01 -7.721506e+01
-2.315628e+01 -2.161548e+01 -7.729703e+01
-2.314060e+01 -2.153155e+01 -7.737892e+01
-2.312483e+01 -2.144747e+01 -7.746072e+01
-2.310900e+01 -2.136322e+01 -7.754244e+01
-2.309308e+01 -2.127882e+01 -7.762407e+01
-2.307709e+01 -2.119424e+01 -7.770561e+01
-2.306102e+01 -2.110951e+01 -7.778707e+01
-2.304487e+01 -2.102462e+01 -7.786844e+01
-2.302865e+01 -2.093956e+01 -7.794972e+01
-2.301235e+01 -2.085435e+01 -7.803091e+01
-2.299598e+01 -2.076897e+01 -7.811201e+01
-2.297952e+01 -2.068343e+01 -7.819302e+01
-2.296299e+01 -2.059773e+01 -7.827394e+01
-2.294639e+01 -2.051187e+01 -7.835477e+01
-2.292971e+01 -2.042584e+01 -7.843551e+01
-2.291295e+01 -2.033966e+01 -7.851616e+01
-2.289611e+01 -2.025331e+01 -7.859672e+01
-2.287920e+01 -2.016681e+01 -7.867718e+01
-2.286221e+01 -2.008014e+01 -7.875756e+01
-2.284514e+01 -1.999332e+01 -7.883784e+01
-2.282800e+01 -1.990633e+01 -7.891803e+01
-2.281078e+01 -1.981918e+01 -7.899812e+01
-2.279349e+01 -1.973188e+01 -7.907812e+01
-2.277611e+01 -1.964441e+01 -7.915803e+01
-2.275866e+01 -1.955678e+01 -7.923784e+01
-2.274114e+01 -1.946900e+01 -7.931756e+01
-2.272353e+01 -1.938105e+01 -7.939718e+01
-2.270585e+01 -1.929295e+01 -7.947671e+01
-2.268809e+01 -1.920468e+01 -7.955614e+01
-2.267026e+01 -1.911626e+01 -7.963548e+01
-2.265235e+01 -1.902768e+01 -7.971471e+01
-2.263436e+01 -1.893893e+01 -7.979385e+01
-2.261629e+01 -1.885003e+01 -7.987290e+01
-2.259815e+01 -1.876097e+01 -7.995184e+01
-2.257993e+01 -1.867176e+01 -8.003069e+01
-2.256163e+01 -1.858238e+01 -8.010944e+01
-2.254326e+01 -1.849284e+01 -8.018809e+01
-2.252480e+01 -1.840315e+01 -8.026664e+01
-2.250628e+01 -1.831330e+01 -8.034509e+01
-2.248767e+01 -1.822329e+01 -8.042344e+01
-2.246899e+01 -1.813313e+01 -8.050169e+01
-2.245023e+01 -1.804280e+01 -8.057983e+01
-2.243139e+01 -1.795232e+01 -8.065788e+01
-2.241248e+01 -1.786168e+01 -8.073583e+01
-2.239349e+01 -1.777088e+01 -8.081367e+01
-2.237442e+01 -1.767993e+01 -8.089141e+01
-2.235527e+01 -1.758882e+01 -8.096905e+01
-2.233605e+01 -1.749755e+01 -8.104659e+01
-2.231675e+01 -1.740613e+01 -8.112402e+01
-2.229737e+01 -1.731455e+01 -8.120135e+01
-2.227792e+01 -1.722281e+01 -8.127857e+01
-2.225838e+01 -1.713092e+01 -8.135569e+01
-2.223878e+01 -1.703887e+01 -8.143270e+01
-2.221909e+01 -1.694666e+01 -8.150961e+01
-2.219933e+01 -1.685430e+01 -8.158641e+01
-2.217948e+01 -1.676178e+01 -8.166311e+01
-2.215957e+01 -1.666911e+01 -8.173970e+01
-2.213957e+01 -1.657628e+01 -8.181618e+01
-2.211950e+01 -1.648330e+01 -8.189256e+01
-2.209935e+01 -1.639016e+01 -8.196883e+01
-2.207912e+01 -1.629687e+01 -8.204499e+01
-2.205882e+01 -1.620342e+01 -8.212104e+01
-2.203843e+01 -1.610982e+01 -8.219699e+01
-2.201797e+01 -1.601606e+01 -8.227282e+01
-2.199744e+01 -1.592215e+01 -8.234854e+01
-2.197682e+01 -1.582808e+01 -8.242416e+01
-2.195613e+01 -1.573386e+01 -8.249966e+01
-2.193536e+01 -1.563949e+01 -8.257506e+01
-2.191452e+01 -1.554496e+01 -8.265034e+01
-2.189359e+01 -1.545028e+01 -8.272551e+01
-2.187259e+01 -1.535545e+01 -8.280057e+01
-2.185152e+01 -1.526046e+01 -8.287552e+01
-2.183036e+01 -1.516532e+01 -8.295036e+01
-2.180913e+01 -1.507002e+01 -8.302508e+01
-2.178782e+01 -1.497458e+01 -8.309969e+01
-2.176643e+01 -1.487898e+01 -8.317419e+01
-2.174497e+01 -1.478323e+01 -8.324857e+01
-2.172342e+01 -1.468732e+01 -8.332284e+01
-2.170180e+01 -1.459127e+01 -8.339699e+01
-2.168011e+01 -1.449506e+01 -8.347103e+01
-2.165833e+01 -1.439870e+01 -8.354495e+01
-2.163648e+01 -1.430219e+01 -8.361876e+01
-2.161455e+01 -1.420552e+01 -8.369245e+01
-2.159254e+01 -1.410871e+01 -8.376602e+01
-2.157046e+01 -1.401174e+01 -8.383948e+01
-2.154830e+01 -1.391463e+01 -8.391282e+01
-2.152606e+01 -1.381736e+01 -8.398605e+01
-2.150375e+01 -1.371994e+01 -8.405915e+01
-2.148135e+01 -1.362237e+01 -8.413214e+01
-2.145888e+01 -1.352465e+01 -8.420501e+01
-2.143633e+01 -1.342678e+01 -8.427775e+01
-2.141371e+01 -1.332877e+01 -8.435038e+01
-2.139101e+01 -1.323060e+01 -8.442289e+01
-2.136823e+01 -1.313228e+01 -8.449528e+01
-2.134537e+01 -1.303381e+01 -8.456755e+01
-2.132244e+01 -1.293519e+01 -8.463970e+01
-2.129942e+01 -1.283643e+01 -8.471173e+01
-2.127634e+01 -1.273751e+01 -8.478363e+01
-2.125317e+01 -1.263845e+01 -8.485542e+01
-2.122993e+01 -1.253924e+01 -8.492708e+01
-2.120661e+01 -1.243988e+01 -8.499862e+01
-2.118321e+01 -1.234037e+01 -8.507003e+01
-2.115973e+01 -1.224071e+01 -8.514132e+01
-2.113618e+01 -1.214091e+01 -8.521249e+01
-2.111255e+01 -1.204096e+01 -8.528354e+01
-2.108884e+01 -1.194086e+01 -8.535446e+01
-2.106506e+01 -1.184061e+01 -8.542525e+01
-2.104120e+01 -1.174022e+01 -8.549592e+01
-2.101726e+01 -1.163968e+01 -8.556646e+01
-2.099324e+01 -1.153899e+01 -8.563688e+01
-2.096915e+01 -1.143816e+01 -8.570717e+01
-2.094498e+01 -1.133718e+01 -8.577734e+01
-2.092073e+01 -1.123605e+01 -8.584738e+01
-2.089641e+01 -1.113478e+01 -8.591729e+01
-2.087201e+01 -1.103336e+01 -8.598707e+01
-2.084753e+01 -1.093180e+01 -8.605673e+01
-2.082297e+01 -1.083009e+01 -8.612625e+01
-2.079834e+01 -1.072823e+01 -8.619565e+01
-2.077363e+01 -1.062624e+01 -8.626492e+01
-2.074884e+01 -1.052409e+01 -8.633406e+01
-2.072398e+01 -1.042180e+01 -8.640307e+01
-2.069904e+01 -1.031937e+01 -8.647195e+01
-2.067402e+01 -1.021680e+01 -8.654070e+01
-2.064893e+01 -1.011408e+01 -8.660932e+01
-2.062376e+01 -1.001121e+01 -8.667780e+01
-2.059851e+01 -9.908203e+00 -8.674616e+01
-2.057318e+01 -9.805052e+00 -8.681438e+01
-2.054778e+01 -9.701757e+00 -8.688247e+01
-2.052230e+01 -9.598320e+00 -8.695043e+01
-2.049674e+01 -9.494740e+00 -8.701825e+01
-2.047111e+01 -9.391018e+00 -8.708594e+01
-2.044540e+01 -9.287153e+00 -8.715350e+01
-2.041961e+01 -9.183146e+00 -8.722093e+01
-2.039375e+01 -9.078997e+00 -8.728822e+01
-2.036781e+01 -8.974706e+00 -8.735537e+01
-2.034179e+01 -8.870274e+00 -8.742239e+01
-2.031570e+01 -8.765700e+00 -8.748927e+01
-2.028952e+01 -8.660986e+00 -8.755602e+01
-2.026328e+01 -8.556130e+00 -8.762263e+01
-2.023695e+01 -8.451134e+00 -8.768911e+01
-2.021055e+01 -8.345998e+00 -8.775545e+01
-2.018407e+01 -8.240721e+00 -8.782165e+01
-2.015752e+01 -8.135304e+00 -8.788771e+01
-2.013089e+01 -8.029747e+00 -8.795364e+01
-2.010418e+01 -7.924051e+00 -8.801942e+01
-2.007740e+01 -7.818215e+00 -8.808507e+01
-2.005054e+01 -7.712240e+00 -8.815058e+01
-2.002360e+01 -7.606127e+00 -8.821595e+01
-1.999659e+01 -7.499874e+00 -8.828118e+01
-1.996950e+01 -7.393483e+00 -8.834627e+01
-1.994233e+01 -7.286954e+00 -8.841122e+01
-1.991509e+01 -7.180286e+00 -8.847603e+01
-1.988777e+01 -7.073481e+00 -8.854070e+01
-1.986037e+01 -6.966538e+00 -8.860523e+01
-1.983290e+01 -6.859458e+00 -8.866961e+01
-1.980535e+01 -6.752240e+00 -8.873386e+01
-1.977773e+01 -6.644885e+00 -8.879796e+01
-1.975002e+01 -6.537394e+00 -8.886192e+01
-1.972225e+01 -6.429766e+00 -8.892573e+01
-1.969439e+01 -6.322002e+00 -8.898940e+01
-1.966646e+01 -6.214102e+00 -8.905293e+01
-1.963846e+01 -6.106066e+00 -8.911632e+01
-1.961038e+01 -5.997895e+00 -8.917956e+01
-1.958222e+01 -5.889588e+00 -8.924265e+01
-1.955399e+01 -5.781146e+00 -8.930560e+01
-1.952568e+01 -5.672568e+00 -8.936840e+01
-1.949729e+01 -5.563857e+00 -8.943106e+01
-1.946883e+01 -5.455010e+00 -8.949357e+01
-1.944029e+01 -5.346030e+00 -8.955594e+01
-1.941168e+01 -5.236916e+00 -8.961816e+01
-1.938299e+01 -5.127667e+00 -8.968023e+01
-1.935422e+01 -5.018286e+00 -8.974215e+01
-1.932538e+01 -4.908771e+00 -8.980393e+01
-1.929646e+01 -4.799123e+00 -8.986556e+01
-1.926747e+01 -4.689342e+00 -8.992704e+01
-1.923840e+01 -4.579428e+00 -8.998837e+01
-1.920926e+01 -4.469382e+00 -9.004955e+01
-1.918004e+01 -4.359204e+00 -9.011058e+01
-1.915074e+01 -4.248894e+00 -9.017147e+01
-1.912137e+01 -4.138453e+00 -9.023220e+01
-1.909192e+01 -4.027880e+00 -9.029278e+01
-1.906240e+01 -3.917176e+00 -9.035321e+01
-1.903280e+01 -3.806341e+00 -9.041349e+01
-1.900313e+01 -3.695376e+00 -9.047362e+01
-1.897338e+01 -3.584280e+00 -9.053359e+01
-1.894356e+01 -3.473054e+00 -9.059342e+01
-1.891366e+01 -3.361698e+00 -9.065309e+01
-1.888368e+01 -3.250212e+00 -9.071261e+01
-1.885363e+01 -3.138597e+00 -9.077198e+01
-1.882351e+01 -3.026852e+00 -9.083119e+01
-1.879331e+01 -2.914979e+00 -9.089025e+01
-1.876303e+01 -2.802977e+00 -9.094915e+01
-1.873268e+01 -2.690847e+00 -9.100790e+01
-1.870226e+01 -2.578588e+00 -9.106650e+01
-1.867176e+01 -2.466201e+00 -9.112494e+01
-1.864118e+01 -2.353687e+00 -9.118322e+01
-1.861053e+01 -2.241045e+00 -9.124135e+01
-1.857980e+01 -2.128276e+00 -9.129932e+01
-1.854900e+01 -2.015381e+00 -9.135714e+01
-1.851813e+01 -1.902358e+00 -9.141480e+01
-1.848718e+01 -1.789209e+00 -9.147230e+01
-1.845616e+01 -1.675934e+00 -9.152965e+01
-1.842506e+01 -1.562533e+00 -9.158684e+01
-1.839388e+01 -1.449006e+00 -9.164387e+01
-1.836263e+01 -1.335354e+00 -9.170074e+01
-1.833131e+01 -1.221577e+00 -9.175745e+01
-1.829991e+01 -1.107675e+00 -9.181400e+01
-1.826844e+01 -9.936483e-01 -9.187040e+01
-1.823689e+01 -8.794972e-01 -9.192663e+01
-1.820527e+01 -7.652220e-01 -9.198271e+01
-1.817358e+01 -6.508230e-01 -9.203862e+01
-1.814181e+01 -5.363004e-01 -9.209438e+01
-1.810996e+01 -4.216544e-01 -9.214997e+01
-1.807805e+01 -3.068854e-01 -9.220540e+01
-1.804605e+01 -1.919937e-01 -9.226068e+01
-1.801399e+01 -7.697937e-02 -9.231578e+01
-1.798185e+01 3.815720e-02 -9.237073e+01
-1.794963e+01 1.534158e-01 -9.242552e+01
-1.791734e+01 2.687960e-01 -9.248014e+01
-1.788498e+01 3.842978e-01 -9.253460e+01
-1.785254e+01 4.999207e-01 -9.258889e+01
-1.782003e+01 6.156646e-01 -9.264302e+01
-1.778745e+01 7.315291e-01 -9.269699e+01
-1.775479e+01 8.475140e-01 -9.275079e+01
-1.772206e+01 9.636190e-01 -9.280443e+01
-1.768926e+01 1.079844e+00 -9.285791e+01
-1.765638e+01 1.196188e+00 -9.291122e+01
-1.762342e+01 1.312652e+00 -9.296436e+01
-1.759040e+01 1.429235e+00 -9.301734e+01
-1.755730e+01 1.545936e+00 -9.307015e+01
-1.752413e+01 1.662756e+00 -9.312279e+01
-1.749088e+01 1.779694e+00 -9.317527e+01
-1.745756e+01 1.896750e+00 -9.322758e+01
-1.742417e+01 2.013924e+00 -9.327972e+01
-1.739070e+01 2.131215e+00 -9.333170e+01
-1.735717e+01 2.248623e+00 -9.338351e+01
-1.732355e+01 2.366149e+00 -9.343515e+01
-1.728987e+01 2.483790e+00 -9.348662e+01
-1.725611e+01 2.601548e+00 -9.353792e+01
-1.722228e+01 2.719422e+00 -9.358905e+01
-1.718838e+01 2.837411e+00 -9.364002e+01
-1.715440e+01 2.955516e+00 -9.369081e+01
-1.712035e+01 3.073736e+00 -9.374143e+01
-1.708623e+01 3.192071e+00 -9.379189e+01
-1.705203e+01 3.310520e+00 -9.384217e+01
-1.701777e+01 3.429084e+00 -9.389228e+01
-1.698343e+01 3.547762e+00 -9.394222e+01
-1.694902e+01 3.666553e+00 -9.399199e+01
-1.691453e+01 3.785458e+00 -9.404159e+01
-1.687997e+01 3.904476e+00 -9.409101e+01
-1.684535e+01 4.023607e+00 -9.414026e+01
-1.681064e+01 4.142851e+00 -9.418934e+01
-1.677587e+01 4.262206e+00 -9.423825e+01
-1.674102e+01 4.381674e+00 -9.428698e+01
-1.670611e+01 4.501253e+00 -9.433554e+01
-1.667112e+01 4.620944e+00 -9.438392e+01
-1.663605e+01 4.740746e+00 -9.443214e+01
-1.660092e+01 4.860659e+00 -9.448017e+01
-1.656572e+01 4.980682e+00 -9.452803e+01
-1.653044e+01 5.100816e+00 -9.457572e+01
-1.649509e+01 5.221059e+00 -9.462323e+01
-1.645967e+01 5.341412e+00 -9.467057e+01
-1.642418e+01 5.461875e+00 -9.471773e+01
-1.638861e+01 5.582446e+00 -9.476471e+01
-1.635298e+01 5.703127e+00 -9.481152e+01
-1.631727e+01 5.823915e+00 -9.485815e+01
-1.628149e+01 5.944812e+00 -9.490460e+01
-1.624564e+01 6.065817e+00 -9.495087e+01
-1.620972e+01 6.186930e+00 -9.499697e+01
-1.617373e+01 6.308149e+00 -9.504289e+01
-1.613767e+01 6.429476e+00 -9.508863e+01
-1.610154e+01 6.550910e+00 -9.513420e+01
-1.606533e+01 6.672449e+00 -9.517958e+01
-1.602905e+01 6.794095e+00 -9.522479e+01
-1.599271e+01 6.915847e+00 -9.526981e+01
-1.595629e+01 7.037704e+00 -9.531466e+01
-1.591980e+01 7.159666e+00 -9.535932e+01
-1.588325e+01 7.281734e+00 -9.540381e+01
-1.584662e+01 7.403905e+00 -9.544811e+01
-1.580992e+01 7.526181e+00 -9.549224e+01
-1.577315e+01 7.648561e+00 -9.553618e+01
-1.573631e+01 7.771045e+00 -9.557994e+01
-1.569940e+01 7.893632e+00 -9.562352e+01
-1.566241e+01 8.016322e+00 -9.566692e+01
-1.562536e+01 8.139115e+00 -9.571014e+01
-1.558824e+01 8.262010e+00 -9.575317e+01
-1.555105e+01 8.385007e+00 -9.579603e+01
-1.551379e+01 8.508107e+00 -9.583869e+01
-1.547646e+01 8.631307e+00 -9.588118e+01
-1.543906e+01 8.754609e+00 -9.592348e+01
-1.540159e+01 8.878012e+00 -9.596560e+01
-1.536405e+01 9.001515e+00 -9.600753e+01
-1.532644e+01 9.125119e+00 -9.604928e+01
-1.528876e+01 9.248822e+00 -9.609085e+01
-1.525101e+01 9.372625e+00 -9.613223e+01
-1.521319e+01 9.496528e+00 -9.617342e+01
-1.517530e+01 9.620529e+00 -9.621443e+01
-1.513735e+01 9.744629e+00 -9.625525e+01
-1.509932e+01 9.868828e+00 -9.629589e+01
-1.506123e+01 9.993125e+00 -9.633634e+01
-1.502306e+01 1.011752e+01 -9.637661e+01
-1.498483e+01 1.024201e+01 -9.641669e+01
-1.494653e+01 1.036660e+01 -9.645658e+01
-1.490815e+01 1.049129e+01 -9.649628e+01
-1.486972e+01 1.061607e+01 -9.653580e+01
-1.483121e+01 1.074095e+01 -9.657513e+01
-1.479263e+01 1.086592e+01 -9.661427e+01
-1.475398e+01 1.099099e+01 -9.665322e+01
-1.471527e+01 1.111615e+01 -9.669199e+01
-1.467649e+01 1.124141e+01 -9.673056e+01
-1.463764e+01 1.136677e+01 -9.676895e+01
-1.459872e+01 1.149222e+01 -9.680715e+01
-1.455973e+01 1.161776e+01 -9.684515e+01
-1.452068e+01 1.174340e+01 -9.688297e+01
-1.448156e+01 1.186913e+01 -9.692060e+01
-1.444237e+01 1.199495e+01 -9.695803e+01
-1.440311e+01 1.212086e+01 -9.699528e+01
-1.436378e+01 1.224687e+01 -9.703234e+01
-1.432439e+01 1.237297e+01 -9.706920e+01
-1.428492e+01 1.249916e+01 -9.710587e+01
-1.424540e+01 1.262544e+01 -9.714236e+01
-1.420580e+01 1.275182e+01 -9.717865e+01
-1.416614e+01 1.287828e+01 -9.721474e+01
-1.412640e+01 1.300483e+01 -9.725065e+01
-1.408661e+01 1.313148e+01 -9.728636e+01
-1.404674e+01 1.325821e+01 -9.732188e+01
-1.400681e+01 1.338503e+01 -9.735721e+01
-1.396681e+01 1.351195e+01 -9.739234e+01
-1.392674e+01 1.363895e+01 -9.742728e+01
-1.388661e+01 1.376604e+01 -9.746203e+01
-1.384641e+01 1.389321e+01 -9.749658e+01
-1.380614e+01 1.402048e+01 -9.753094e+01
-1.376581e+01 1.414783e+01 -9.756510e+01
-1.372541e+01 1.427527e+01 -9.759907e+01
-1.368495e+01 1.440279e+01 -9.763284e+01
-1.364442e+01 1.453041e+01 -9.766642e+01
-1.360382e+01 1.465810e+01 -9.769980e+01
-1.356315e+01 1.478589e+01 -9.773299e+01
-1.352242e+01 1.491376e+01 -9.776598e+01
-1.348163e+01 1.504171e+01 -9.779877e+01
-1.344076e+01 1.516975e+01 -9.783137e+01
-1.339984e+01 1.529787e+01 -9.786377e+01
-1.335884e+01 1.542608e+01 -9.789598e+01
-1.331778e+01 1.555437e+01 -9.792798e+01
-1.327666e+01 1.568275e+01 -9.795979e+01
-1.323547e+01 1.581120e+01 -9.799141e+01
-1.319421e+01 1.593974e+01 -9.802282e+01
-1.315289e+01 1.606836e+01 -9.805404e+01
-1.311151e+01 1.619707e+01 -9.808506e+01
-1.307006e+01 1.632585e+01 -9.811587e+01
-1.302854e+01 1.645472e+01 -9.814650e+01
-1.298696e+01 1.658367e+01 -9.817692e+01
-1.294531e+01 1.671270e+01 -9.820714e+01
-1.290360e+01 1.684181e+01 -9.823716e+01
-1.286183e+01 1.697100e+01 -9.826699e+01
-1.281999e+01 1.710026e+01 -9.829661e+01
-1.277808e+01 1.722961e+01 -9.832603e+01
-1.273612e+01 1.735904e+01 -9.835525e+01
-1.269408e+01 1.748854e+01 -9.838428e+01
-1.265199e+01 1.761813e+01 -9.841310e+01
-1.260982e+01 1.774779e+01 -9.844172e+01
-1.256760e+01 1.787753e+01 -9.847014e+01
-1.252531e+01 1.800734e+01 -9.849835e+01
-1.248296e+01 1.813723e+01 -9.852637e+01
-1.244054e+01 1.826720e+01 -9.855418e+01
-1.239806e+01 1.839725e+01 -9.858179e+01
-1.235552e+01 1.852737e+01 -9.860920e+01
-1.231291e+01 1.865756e+01 -9.863641e+01
-1.227024e+01 1.878784e+01 -9.866341e+01
-1.222750e+01 1.891818e+01 -9.869022e+01
-1.218471e+01 1.904860e+01 -9.871681e+01
-1.214185e+01 1.917910e+01 -9.874321e+01
-1.209892e+01 1.930966e+01 -9.876940e+01
-1.205594e+01 1.944031e+01 -9.879538e+01
-1.201289e+01 1.957102e+01 -9.882117e+01
-1.196978e+01 1.970181e+01 -9.884675e+01
-1.192660e+01 1.983267e+01 -9.887212e+01
-1.188336e+01 1.996360e+01 -9.889729e+01
-1.184006e+01 2.009460e+01 -9.892225e+01
-1.179670e+01 2.022567e+01 -9.894701e+01
-1.175328e+01 2.035682e+01 -9.897157e+01
-1.170979e+01 2.048803e+01 -9.899591e+01
-1.166624e+01 2.061932e+01 -9.902006e+01
-1.162263e+01 2.075068e+01 -9.904399e+01
-1.157896e+01 2.088210e+01 -9.906772e+01
-1.153523e+01 2.101359e+01 -9.909125e+01
-1.149143e+01 2.114516e+01 -9.911457e+01
-1.144758e+01 2.127679e+01 -9.913768e+01
-1.140366e+01 2.140848e+01 -9.916058e+01
-1.135968e+01 2.154025e+01 -9.918328e+01
-1.131564e+01 2.167208e+01 -9.920577e+01
-1.127153e+01 2.180399e+01 -9.922805e+01
-1.122737e+01 2.193595e+01 -9.925012e+01
-1.118315e+01 2.206799e+01 -9.927199e+01
-1.113886e+01 2.220008e+01 -9.929365e+01
-1.109452e+01 2.233225e+01 -9.931510e+01
-1.105011e+01 2.246448e+01 -9.933634e+01
-1.100564e+01 2.259677e+01 -9.935737e+01
-1.096111e+01 2.272913e+01 -9.937819e+01
-1.091653e+01 2.286156e+01 -9.939881e+01
-1.087188e+01 2.299404e+01 -9.941921e+01
-1.082717e+01 2.312659e+01 -9.943941e+01
-1.078240e+01 2.325920e+01 -9.945939e+01
-1.073757e+01 2.339188e+01 -9.947917e+01
-1.069268e+01 2.352462e+01 -9.949874e+01
-1.064773e+01 2.365742e+01 -9.951809e+01
-1.060273e+01 2.379028e+01 -9.953724e+01
-1.055766e+01 2.392320e+01 -9.955617e+01
-1.051253e+01 2.405618e+01 -9.957490e+01
-1.046735e+01 2.418923e+01 -9.959341e+01
-1.042210e+01 2.432233e+01 -9.961171e+01
-1.037680e+01 2.445549e+01 -9.962980e+01
-1.033143e+01 2.458872e+01 -9.964768e+01
-1.028601e+01 2.472200e+01 -9.966535e+01
-1.024053e+01 2.485534e+01 -9.968280e+01
-1.019499e+01 2.498873e+01 -9.970005e+01
-1.014939e+01 2.512219e+01 -9.971708e+01
-1.010373e+01 2.525570e+01 -9.973390e+01
-1.005801e+01 2.538927e+01 -9.975050e+01
-1.001224e+01 2.552290e+01 -9.976689e+01
-9.966408e+00 2.565659e+01 -9.978307e+01
-9.920518e+00 2.579033e+01 -9.979904e+01
-9.874569e+00 2.592412e+01 -9.981480e+01
-9.828563e+00 2.605797e+01 -9.983034e+01
-9.782499e+00 2.619188e+01 -9.984566e+01
-9.736377e+00 2.632584e+01 -9.986077e+01
-9.690198e+00 2.645985e+01 -9.987567e+01
-9.643961e+00 2.659392e+01 -9.989036e+01
-9.597667e+00 2.672804e+01 -9.990483e+01
-9.551315e+00 2.686222e+01 -9.991908e+01
-9.504907e+00 2.699644e+01 -9.993312e+01
-9.458441e+00 2.713072e+01 -9.994695e+01
-9.411919e+00 2.726505e+01 -9.996056e+01
-9.365339e+00 2.739944e+01 -9.997396e+01
-9.318703e+00 2.753387e+01 -9.998714e+01
-9.272011e+00 2.766835e+01 -1.000001e+02
-9.225261e+00 2.780289e+01 -1.000129e+02
-9.178456e+00 2.793748e+01 -1.000254e+02
-9.131594e+00 2.807211e+01 -1.000377e+02
-9.084676e+00 2.820680e+01 -1.000498e+02
-9.037702e+00 2.834153e+01 -1.000617e+02
-8.990673e+00 2.847631e+01 -1.000734e+02
-8.943587e+00 2.861114e+01 -1.000848e+02
-8.896446e+00 2.874602e+01 -1.000960e+02
-8.849249e+00 2.888094e+01 -1.001071e+02
-8.801996e+00 2.901592e+01 -1.001179e+02
-8.754688e+00 2.915094e+01 -1.001285e+02
-8.707325e+00 2.928600e+01 -1.001388e+02
-8.659907e+00 2.942111e+01 -1.001490e+02
-8.612434e+00 2.955627e+01 -1.001589e+02
-8.564905e+00 2.969147e+01 -1.001686e+02
-8.517322e+00 2.982672e+01 -1.001781e+02
-8.469685e+00 2.996201e+01 -1.001874e+02
-8.421992e+00 3.009735e+01 -1.001964e+02
-8.374245e+00 3.023273e+01 -1.002053e+02
-8.326444e+00 3.036815e+01 -1.002139e+02
-8.278589e+00 3.050361e+01 -1.002223e+02
-8.230679e+00 3.063912e+01 -1.002305e+02
-8.182716e+00 3.077467e+01 -1.002385e+02
-8.134698e+00 3.091026e+01 -1.002462e+02
-8.086627e+00 3.104590e+01 -1.002537e+02
-8.038502e+00 3.118157e+01 -1.002610e+02
-7.990324e+00 3.131729e+01 -1.002681e+02
-7.942092e+00 3.145304e+01 -1.002750e+02
-7.893806e+00 3.158884e+01 -1.002816e+02
-7.845468e+00 3.172467e+01 -1.002881e+02
-7.797077e+00 3.186054e+01 -1.002943e+02
-7.748632e+00 3.199646e+01 -1.003003e+02
-7.700135e+00 3.213241e+01 -1.003060e+02
-7.651585e+00 3.226840e+01 -1.003116e+02
-7.602982e+00 3.240442e+01 -1.003169e+02
-7.554327e+00 3.254049e+01 -1.003220e+02
-7.505619e+00 3.267659e+01 -1.003269e+02
-7.456859e+00 3.281272e+01 -1.003316e+02
-7.408047e+00 3.294890e+01 -1.003360e+02
-7.359183e+00 3.308511e+01 -1.003402e+02
-7.310267e+00 3.322135e+01 -1.003442e+02
-7.261299e+00 3.335763e+01 -1.003480e+02
-7.212279e+00 3.349394e+01 -1.003516e+02
-7.163208e+00 3.363029e+01 -1.003549e+02
-7.114086e+00 3.376667e+01 -1.003580e+02
-7.064912e+00 3.390308e+01 -1.003609e+02
-7.015687e+00 3.403953e+01 -1.003636e+02
-6.966411e+00 3.417601e+01 -1.003660e+02
-6.917084e+00 3.431252e+01 -1.003682e+02
-6.867706e+00 3.444907e+01 -1.003702e+02
-6.818277e+00 3.458564e+01 -1.003720e+02
-6.768798e+00 3.472225e+01 -1.003736e+02
-6.719268e+00 3.485889e+01 -1.003749e+02
-6.669688e+00 3.499556e+01 -1.003760e+02
-6.620058e+00 3.513225e+01 -1.003769e+02
-6.570377e+00 3.526898e+01 -1.003775e+02
-6.520647e+00 3.540574e+01 -1.003780e+02
-6.470866e+00 3.554252e+01 -1.003782e+02
-6.421036e+00 3.567934e+01 -1.003782e+02
-6.371157e+00 3.581618e+01 -1.003780e+02
-6.321227e+00 3.595305e+01 -1.003775e+02
-6.271249e+00 3.608994e+01 -1.003768e+02
-6.221221e+00 3.622687e+01 -1.003759e+02
-6.171144e+00 3.636381e+01 -1.003748e+02
-6.121018e+00 3.650079e+01 -1.003734e+02
-6.070843e+00 3.663779e+01 -1.003719e+02
-6.020619e+00 3.677482e+01 -1.003701e+02
-5.970347e+00 3.691187e+01 -1.003680e+02
-5.920026e+00 3.704894e+01 -1.003658e+02
-5.869657e+00 3.718604e+01 -1.003633e+02
-5.819239e+00 3.732317e+01 -1.003606e+02
-5.768773e+00 3.746031e+01 -1.003577e+02
-5.718260e+00 3.759748e+01 -1.003545e+02
-5.667698e+00 3.773468e+01 -1.003511e+02
-5.617088e+00 3.787189e+01 -1.003475e+02
-5.566431e+00 3.800913e+01 -1.003437e+02
-5.515727e+00 3.814638e+01 -1.003397e+02
-5.464975e+00 3.828366e+01 -1.003354e+02
-5.414175e+00 3.842096e+01 -1.003309e+02
-5.363329e+00 3.855828e+01 -1.003261e+02
-5.312436e+00 3.869562e+01 -1.003212e+02
-5.261495e+00 3.883298e+01 -1.003160e+02
-5.210508e+00 3.897036e+01 -1.003106e+02
-5.159474e+00 3.910775e+01 -1.003050e+02
-5.108394e+00 3.924517e+01 -1.002991e+02
-5.057267e+00 3.938260e+01 -1.002930e+02
-5.006095e+00 3.952005e+01 -1.002867e+02
-4.954875e+00 3.965751e+01 -1.002802e+02
-4.903610e+00 3.979500e+01 -1.002734e+02
-4.852299e+00 3.993250e+01 -1.002664e+02
-4.800943e+00 4.007001e+01 -1.002592e+02
-4.749540e+00 4.020754e+01 -1.002517e+02
-4.698093e+00 4.034509e+01 -1.002440e+02
-4.646599e+00 4.048265e+01 -1.002361e+02
-4.595061e+00 4.062023e+01 -1.002280e+02
-4.543478e+00 4.075781e+01 -1.002197e+02
-4.491849e+00 4.089542e+01 -1.002111e+02
-4.440176e+00 4.103303e+01 -1.002023e+02
-4.388458e+00 4.117066e+01 -1.001932e+02
-4.336695e+00 4.130830e+01 -1.001839e+02
-4.284888e+00 4.144596e+01 -1.001745e+02
-4.233036e+00 4.158362e+01 -1.001647e+02
-4.181141e+00 4.172130e+01 -1.001548e+02
-4.129201e+00 4.185898e+01 -1.001446e+02
-4.077218e+00 4.199668e+01 -1.001342e+02
-4.025190e+00 4.213438e+01 -1.001236e+02
-3.973119e+00 4.227210e+01 -1.001127e+02
-3.921004e+00 4.240983e+01 -1.001016e+02
-3.868846e+00 4.254756e+01 -1.000903e+02
-3.816645e+00 4.268530e+01 -1.000787e+02
-3.764401e+00 4.282305e+01 -1.000670e+02
-3.712113e+00 4.296081e+01 -1.000550e+02
-3.659783e+00 4.309858e+01 -1.000427e+02
-3.607410e+00 4.323635e+01 -1.000303e+02
-3.554994e+00 4.337413e+01 -1.000176e+02
-3.502536e+00 4.351191e+01 -1.000047e+02
-3.450035e+00 4.364970e+01 -9.999151e+01
-3.397492e+00 4.378750e+01 -9.997813e+01
-3.344907e+00 4.392530e+01 -9.996453e+01
-3.292280e+00 4.406310e+01 -9.995069e+01
-3.239612e+00 4.420091e+01 -9.993663e+01
-3.186901e+00 4.433873e+01 -9.992233e+01
-3.134149e+00 4.447654e+01 -9.990781e+01
-3.081356e+00 4.461436e+01 -9.989306e+01
-3.028521e+00 4.475218e+01 -9.987808e+01
-2.975646e+00 4.489001e+01 -9.986287e+01
-2.922729e+00 4.502783e+01 -9.984743e+01
-2.869771e+00 4.516566e+01 -9.983176e+01
-2.816773e+00 4.530348e+01 -9.981586e+01
-2.763733e+00 4.544131e+01 -9.979974e+01
-2.710654e+00 4.557914e+01 -9.978338e+01
-2.657534e+00 4.571697e+01 -9.976679e+01
-2.604374e+00 4.585480e+01 -9.974998e+01
-2.551173e+00 4.599262e+01 -9.973293e+01
-2.497933e+00 4.613045e+01 -9.971565e+01
-2.444653e+00 4.626827e+01 -9.969815e+01
-2.391333e+00 4.640609e+01 -9.968041e+01
-2.337974e+00 4.654391e+01 -9.966244e+01
-2.284575e+00 4.668172e+01 -9.964425e+01
-2.231137e+00 4.681953e+01 -9.962582e+01
-2.177660e+00 4.695734e+01 -9.960716e+01
-2.124144e+00 4.709514e+01 -9.958828e+01
-2.070589e+00 4.723294e+01 -9.956916e+01
-2.016995e+00 4.737074e+01 -9.954982e+01
-1.963363e+00 4.750852e+01 -9.953024e+01
-1.909692e+00 4.764631e+01 -9.951043e+01
-1.855983e+00 4.778408e+01 -9.949039e+01
-1.802236e+00 4.792185e+01 -9.947012e+01
-1.748450e+00 4.805962e+01 -9.944963e+01
-1.694627e+00 4.819737e+01 -9.942890e+01
-1.640766e+00 4.833512e+01 -9.940794e+01
-1.586867e+00 4.847286e+01 -9.938675e+01
-1.532931e+00 4.861059e+01 -9.936533e+01
-1.478958e+00 4.874831e+01 -9.934368e+01
-1.424947e+00 4.888602e+01 -9.932179e+01
-1.370899e+00 4.902373e+01 -9.929968e+01
-1.316814e+00 4.916142e+01 -9.927734e+01
-1.262692e+00 4.929910e+01 -9.925477e+01
-1.208534e+00 4.943677e+01 -9.923196e+01
-1.154339e+00 4.957443e+01 -9.920893e+01
-1.100108e+00 4.971208e+01 -9.918566e+01
-1.045840e+00 4.984972e+01 -9.916216e+01
-9.915367e-01 4.998734e+01 -9.913844e+01
-9.371971e-01 5.012495e+01 -9.911448e+01
-8.828215e-01 5.026255e+01 -9.909029e+01
-8.284103e-01 5.040013e+01 -9.906587e+01
-7.739635e-01 5.053770e+01 -9.904122e+01
-7.194813e-01 5.067526e+01 -9.901634e+01
-6.649638e-01 5.081280e+01 -9.899122e+01
-6.104111e-01 5.095032e+01 -9.896588e+01
-5.558234e-01 5.108783e+01 -9.894030e+01
-5.012009e-01 5.122532e+01 -9.891450e+01
-4.465436e-01 5.136280e+01 -9.888846e+01
-3.918517e-01 5.150026e+01 -9.886219e+01
-3.371254e-01 5.163770e+01 -9.883570e+01
-2.823647e-01 5.177513e+01 -9.880897e+01
-2.275699e-01 5.191254e+01 -9.878200e+01
-1.727410e-01 5.204992e+01 -9.875481e+01
-1.178783e-01 5.218729e+01 -9.872739e+01
-6.298175e-02 5.232465e+01 -9.869973e+01
-8.051632e-03 5.246198e+01 -9.867185e+01
4.691196e-02 5.259929e+01 -9.864373e+01
1.019089e-01 5.273658e+01 -9.861538e+01
1.569390e-01 5.287385e+01 -9.858681e+01
2.120021e-01 5.301110e+01 -9.855800e+01
2.670982e-01 5.314832e+01 -9.852896e+01
3.222270e-01 5.328553e+01 -9.849968e+01
3.773885e-01 5.342271e+01 -9.847018e+01
4.325824e-01 5.355987e+01 -9.844045e+01
4.878087e-01 5.369701e+01 -9.841048e+01
5.430672e-01 5.383412e+01 -9.838028e+01
5.983577e-01 5.397121e+01 -9.834985e+01
6.536801e-01 5.410827e+01 -9.831920e+01
7.090344e-01 5.424531e+01 -9.828831e+01
7.644202e-01 5.438233e+01 -9.825718e+01
8.198376e-01 5.451932e+01 -9.822583e+01
8.752863e-01 5.465628e+01 -9.819425e+01
9.307662e-01 5.479322e+01 -9.816243e+01
9.862772e-01 5.493013e+01 -9.813039e+01
1.041819e+00 5.506702e+01 -9.809811e+01
1.097392e+00 5.520387e+01 -9.806560e+01
1.152995e+00 5.534070e+01 -9.803286e+01
1.208629e+00 5.547750e+01 -9.799989e+01
1.264293e+00 5.561427e+01 -9.796669e+01
1.319987e+00 5.575101e+01 -9.793326e+01
1.375712e+00 5.588773e+01 -9.789960e+01
1.431466e+00 5.602441e+01 -9.786570e+01
1.487250e+00 5.616106e+01 -9.783158e+01
1.543064e+00 5.629768e+01 -9.779722e+01
1.598907e+00 5.643428e+01 -9.776263e+01
1.654780e+00 5.657084e+01 -9.772782e+01
1.710682e+00 5.670736e+01 -9.769277e+01
1.766613e+00 5.684386e+01 -9.765749e+01
1.822572e+00 5.698032e+01 -9.762198e+01
1.878561e+00 5.711675e+01 -9.758623e+01
1.934578e+00 5.725315e+01 -9.755026e+01
1.990624e+00 5.738951e+01 -9.751406e+01
2.046698e+00 5.752584e+01 -9.747762e+01
2.102800e+00 5.766214e+01 -9.744096e+01
2.158930e+00 5.779840e+01 -9.740406e+01
2.215089e+00 5.793462e+01 -9.736694e+01
2.271275e+00 5.807081e+01 -9.732958e+01
2.327488e+00 5.820697e+01 -9.729199e+01
2.383729e+00 5.834308e+01 -9.725417e+01
2.439998e+00 5.847916e+01 -9.721612e+01
2.496293e+00 5.861520e+01 -9.717784e+01
2.552616e+00 5.875121e+01 -9.713933e+01
2.608965e+00 5.888718e+01 -9.710059e+01
2.665342e+00 5.902310e+01 -9.706162e+01
2.721745e+00 5.915899e+01 -9.702242e+01
2.778174e+00 5.929484e+01 -9.698298e+01
2.834630e+00 5.943066e+01 -9.694332e+01
2.891112e+00 5.956643e+01 -9.690343e+01
2.947619e+00 5.970216e+01 -9.686330e+01
3.004153e+00 5.983785e+01 -9.682295e+01
3.060713e+00 5.997350e+01 -9.678237e+01
3.117298e+00 6.010910e+01 -9.674155e+01
3.173908e+00 6.024467e+01 -9.670051e+01
3.230544e+00 6.038019e+01 -9.665923e+01
3.287205e+00 6.051567e+01 -9.661773e+01
3.343891e+00 6.065111e+01 -9.657599e+01
3.400602e+00 6.078650e+01 -9.653403e+01
3.457338e+00 6.092185e+01 -9.649183e+01
3.514098e+00 6.105716e+01 -9.644941e+01
3.570883e+00 6.119242e+01 -9.640676e+01
3.627692e+00 6.132764e+01 -9.636387e+01
3.684525e+00 6.146281e+01 -9.632076e+01
3.741382e+00 6.159793e+01 -9.627741e+01
3.798263e+00 6.173301e+01 -9.623384e+01
3.855167e+00 6.186804e+01 -9.619004e+01
3.912095e+00 6.200303e+01 -9.614600e+01
3.969047e+00 6.213797e+01 -9.610174e+01
4.026022e+00 6.227286e+01 -9.605725e+01
4.083020e+00 6.240770e+01 -9.601253e+01
4.140041e+00 6.254250e+01 -9.596758e+01
4.197084e+00 6.267724e+01 -9.592240e+01
4.254151e+00 6.281194e+01 -9.587699e+01
4.311240e+00 6.294659e+01 -9.583135e+01
4.368351e+00 6.308118e+01 -9.578549e+01
4.425484e+00 6.321573e+01 -9.573939e+01
4.482640e+00 6.335022e+01 -9.569306e+01
4.539818e+00 6.348467e+01 -9.564651e+01
4.597017e+00 6.361906e+01 -9.559973e+01
4.654238e+00 6.375340e+01 -9.555271e+01
4.711481e+00 6.388769e+01 -9.550547e+01
4.768744e+00 6.402193e+01 -9.545800e+01
4.826030e+00 6.415611e+01 -9.541031e+01
4.883336e+00 6.429024e+01 -9.536238e+01
4.940663e+00 6.442432e+01 -9.531422e+01
4.998011e+00 6.455834e+01 -9.526584e+01
5.055379e+00 6.469231e+01 -9.521723e+01
5.112768e+00 6.482622e+01 -9.516839e+01
5.170177e+00 6.496008e+01 -9.511932e+01
5.227607e+00 6.509388e+01 -9.507002e+01
5.285056e+00 6.522763e+01 -9.502050e+01
5.342525e+00 6.536131e+01 -9.497074e+01
5.400015e+00 6.549495e+01 -9.492076e+01
5.457523e+00 6.562852e+01 -9.487055e+01
5.515051e+00 6.576204e+01 -9.482012e+01
5.572599e+00 6.589550e+01 -9.476945e+01
5.630165e+00 6.602890e+01 -9.471856e+01
5.687751e+00 6.616224e+01 -9.466744e+01
5.745355e+00 6.629553e+01 -9.461609e+01
5.802978e+00 6.642875e+01 -9.456452e+01
5.860620e+00 6.656191e+01 -9.451272e+01
5.918280e+00 6.669502e+01 -9.446069e+01
5.975958e+00 6.682806e+01 -9.440843e+01
6.033655e+00 6.696104e+01 -9.435595e+01
6.091369e+00 6.709397e+01 -9.430324e+01
6.149102e+00 6.722682e+01 -9.425030e+01
6.206851e+00 6.735962e+01 -9.419714e+01
6.264619e+00 6.749236e+01 -9.414375e+01
6.322404e+00 6.762503e+01 -9.409013e+01
6.380206e+00 6.775764e+01 -9.403628e+01
6.438025e+00 6.789018e+01 -9.398221e+01
6.495861e+00 6.802266e+01 -9.392792e+01
6.553713e+00 6.815508e+01 -9.387339e+01
6.611583e+00 6.828743e+01 -9.381864e+01
6.669469e+00 6.841972e+01 -9.376367e+01
6.727371e+00 6.855194e+01 -9.370847e+01
6.785289e+00 6.868410e+01 -9.365304e+01
6.843224e+00 6.881619e+01 -9.359738e+01
6.901174e+00 6.894821e+01 -9.354151e+01
6.959140e+00 6.908017e+01 -9.348540e+01
7.017122e+00 6.921205e+01 -9.342907e+01
7.075119e+00 6.934388e+01 -9.337251e+01
7.133132e+00 6.947563e+01 -9.331573e+01
7.191159e+00 6.960731e+01 -9.325872e+01
7.249202e+00 6.973893e+01 -9.320149e+01
7.307259e+00 6.987048e+01 -9.314404e+01
7.365331e+00 7.000195e+01 -9.308635e+01
7.423418e+00 7.013336e+01 -9.302845e+01
7.481519e+00 7.026470e+01 -9.297031e+01
7.539634e+00 7.039596e+01 -9.291196e+01
7.597764e+00 7.052716e+01 -9.285338e+01
7.655907e+00 7.065828e+01 -9.279457e+01
7.714065e+00 7.078933e+01 -9.273554e+01
7.772236e+00 7.092031e+01 -9.267629e+01
7.830420e+00 7.105122e+01 -9.261681e+01
7.888618e+00 7.118206e+01 -9.255710e+01
7.946829e+00 7.131282e+01 -9.249718e+01
8.005053e+00 7.144351e+01 -9.243703e+01
8.063290e+00 7.157412e+01 -9.237665e+01
8.121540e+00 7.170466e+01 -9.231606e+01
8.179802e+00 7.183512e+01 -9.225523e+01
8.238077e+00 7.196551e+01 -9.219419e+01
8.296365e+00 7.209583e+01 -9.213292e+01
8.354664e+00 7.222607e+01 -9.207143e+01
8.412976e+00 7.235623e+01 -9.200972e+01
8.471299e+00 7.248632e+01 -9.194778e+01
8.529634e+00 7.261633e+01 -9.188562e+01
8.587981e+00 7.274626e+01 -9.182324e+01
8.646339e+00 7.287611e+01 -9.176063e+01
8.704708e+00 7.300589e+01 -9.169780e+01
8.763089e+00 7.313559e+01 -9.163475e+01
8.821481e+00 7.326521e+01 -9.157148e+01
8.879883e+00 7.339475e+01 -9.150798e+01
8.938296e+00 7.352421e+01 -9.144427e+01
8.996720e+00 7.365359e+01 -9.138033e+01
9.055154e+00 7.378289e+01 -9.131617e+01
9.113599e+00 7.391211e+01 -9.125179e+01
9.172053e+00 7.404125e+01 -9.118718e+01
9.230518e+00 7.417031e+01 -9.112236e+01
9.288992e+00 7.429929e+01 -9.105731e+01
9.347476e+00 7.442818e+01 -9.099204e+01
9.405970e+00 7.455700e+01 -9.092656e+01
9.464473e+00 7.468573e+01 -9.086085e+01
9.522985e+00 7.481438e+01 -9.079492e+01
9.581506e+00 7.494294e+01 -9.072877e+01
9.640036e+00 7.507142e+01 -9.066240e+01
9.698575e+00 7.519982e+01 -9.059580e+01
9.757122e+00 7.532813e+01 -9.052899e+01
9.815678e+00 7.545636e+01 -9.046196e+01
9.874243e+00 7.558450e+01 -9.039471e+01
9.932815e+00 7.571256e+01 -9.032724e+01
9.991396e+00 7.584053e+01 -9.025954e+01
1.004998e+01 7.596841e+01 -9.019163e+01
1.010858e+01 7.609621e+01 -9.012350e+01
1.016718e+01 7.622392e+01 -9.005515e+01
1.022580e+01 7.635155e+01 -8.998658e+01
1.028441e+01 7.647909e+01 -8.991780e+01
1.034304e+01 7.660653e+01 -8.984879e+01
1.040167e+01 7.673389e+01 -8.977956e+01
1.046031e+01 7.686117e+01 -8.971012e+01
1.051896e+01 7.698835e+01 -8.964046e+01
1.057761e+01 7.711544e+01 -8.957058e+01
1.063627e+01 7.724245e+01 -8.950048e+01
1.069494e+01 7.736936e+01 -8.943016e+01
1.075361e+01 7.749619e+01 -8.935962e+01
1.081229e+01 7.762292e+01 -8.928887e+01
1.087097e+01 7.774956e+01 -8.921790e+01
1.092966e+01 7.787611e+01 -8.914671e+01
1.098835e+01 7.800257e+01 -8.907531e+01
1.104705e+01 7.812894e+01 -8.900368e+01
1.110576e+01 7.825521e+01 -8.893184e+01
1.116447e+01 7.838139e+01 -8.885979e+01
1.122318e+01 7.850748e+01 -8.878752e+01
1.128190e+01 7.863347e+01 -8.871503e+01
1.134063e+01 7.875938e+01 -8.864232e+01
1.139936e+01 7.888518e+01 -8.856940e+01
1.145809e+01 7.901089e+01 -8.849626e+01
1.151683e+01 7.913651e+01 -8.842290e+01
1.157557e+01 7.926203e+01 -8.834933e+01
1.163432e+01 7.938746e+01 -8.827555e+01
1.169307e+01 7.951279e+01 -8.820155e+01
1.175182e+01 7.963803e+01 -8.812733e+01
1.181058e+01 7.976316e+01 -8.805290e+01
1.186934e+01 7.988820e+01 -8.797825e+01
1.192810e+01 8.001315e+01 -8.790339e+01
1.198687e+01 8.013799e+01 -8.782831e+01
1.204563e+01 8.026274e+01 -8.775302e+01
1.210441e+01 8.038739e+01 -8.767751e+01
1.216318e+01 8.051194e+01 -8.760179e+01
1.222196e+01 8.063640e+01 -8.752586e+01
1.228074e+01 8.076075e+01 -8.744971e+01
1.233952e+01 8.088500e+01 -8.737335e+01
1.239830e+01 8.100915e+01 -8.729678e+01
1.245709e+01 8.113321e+01 -8.721999e+01
1.251587e+01 8.125716e+01 -8.714298e+01
1.257466e+01 8.138101e+01 -8.706577e+01
1.263345e+01 8.150476e+01 -8.698834e+01
1.269224e+01 8.162841e+01 -8.691070e+01
1.275103e+01 8.175196e+01 -8.683285e+01
1.280983e+01 8.187540e+01 -8.675478e+01
1.286862e+01 8.199874e+01 -8.667650e+01
1.292742e+01 8.212198e+01 -8.659801e+01
1.298621e+01 8.224512e+01 -8.651931e+01
1.304501e+01 8.236815e+01 -8.644040e+01
1.310380e+01 8.249107e+01 -8.636127e+01
1.316260e+01 8.261390e+01 -8.628194e+01
1.322139e+01 8.273662e+01 -8.620239e+01
1.328019e+01 8.285923e+01 -8.612263e+01
1.333899e+01 8.298174e+01 -8.604266e+01
1.339778e+01 8.310414e+01 -8.596248e+01
1.345658e+01 8.322644e+01 -8.588209e+01
1.351537e+01 8.334863e+01 -8.580149e+01
1.357416e+01 8.347071e+01 -8.572067e+01
1.363295e+01 8.359269e+01 -8.563965e+01
1.369174e+01 8.371456e+01 -8.555842e+01
1.375053e+01 8.383632e+01 -8.547698e+01
1.380932e+01 8.395798e+01 -8.539533e+01
1.386811e+01 8.407952e+01 -8.531347e+01
1.392689e+01 8.420096e+01 -8.523140e+01
1.398567e+01 8.432229e+01 -8.514912e+01
1.404445e+01 8.444351e+01 -8.506663e+01
1.410323e+01 8.456462e+01 -8.498394e+01
1.416201e+01 8.468562e+01 -8.490103e+01
1.422078e+01 8.480651e+01 -8.481792e+01
1.427955e+01 8.492728e+01 -8.473460e+01
1.433832e+01 8.504795e+01 -8.465108e+01
1.439708e+01 8.516851e+01 -8.456734e+01
1.445584e+01 8.528896e+01 -8.448340e+01
1.451460e+01 8.540929e+01 -8.439925e+01
1.457336e+01 8.552951e+01 -8.431489e+01
1.463211e+01 8.564962e+01 -8.423033e+01
1.469086e+01 8.576962e+01 -8.414555e+01
1.474960e+01 8.588950e+01 -8.406058e+01
1.480834e+01 8.600927e+01 -8.397539e+01
1.486708e+01 8.612893e+01 -8.389000e+01
1.492581e+01 8.624847e+01 -8.380441e+01
1.498454e+01 8.636790e+01 -8.371861e+01
1.504326e+01 8.648721e+01 -8.363260e+01
1.510198e+01 8.660641e+01 -8.354639e+01
1.516069e+01 8.672549e+01 -8.345997e+01
1.521940e+01 8.684446e+01 -8.337335e+01
1.527810e+01 8.696331e+01 -8.328652e+01
1.533680e+01 8.708205e+01 -8.319949e+01
1.539549e+01 8.720066e+01 -8.311225e+01
1.545418e+01 8.731917e+01 -8.302481e+01
1.551286e+01 8.743755e+01 -8.293717e+01
1.557154e+01 8.755582e+01 -8.284932e+01
1.563021e+01 8.767397e+01 -8.276127e+01
1.568887e+01 8.779200e+01 -8.267301e+01
1.574753e+01 8.790991e+01 -8.258455e+01
1.580618e+01 8.802771e+01 -8.249589e+01
1.586482e+01 8.814538e+01 -8.240703e+01
1.592346e+01 8.826294e+01 -8.231796e+01
1.598209e+01 8.838037e+01 -8.222869e+01
1.604072e+01 8.849769e+01 -8.213922e+01
1.609933e+01 8.861488e+01 -8.204955e+01
1.615794e+01 8.873196e+01 -8.195967e+01
1.621655e+01 8.884891e+01 -8.186960e+01
1.627514e+01 8.896575e+01 -8.177932e+01
1.633373e+01 8.908246e+01 -8.168884e+01
1.639231e+01 8.919905e+01 -8.159816e+01
1.645088e+01 8.931552e+01 -8.150728e+01
1.650944e+01 8.943186e+01 -8.141620e+01
1.656800e+01 8.954809e+01 -8.132492e+01
1.662655e+01 8.966419e+01 -8.123343e+01
1.668508e+01 8.978016e+01 -8.114175e+01
1.674361e+01 8.989601e+01 -8.104987e+01
1.680213e+01 9.001174e+01 -8.095779e+01
1.686065e+01 9.012735e+01 -8.086551e+01
1.691915e+01 9.024283e+01 -8.077303e+01
1.697764e+01 9.035818e+01 -8.068035e+01
1.703613e+01 9.047341e+01 -8.058748e+01
1.709460e+01 9.058852e+01 -8.049440e+01
1.715307e+01 9.070350e+01 -8.040113e+01
1.721152e+01 9.081835e+01 -8.030766e+01
1.726997e+01 9.093308e+01 -8.021399e+01
1.732840e+01 9.104768e+01 -8.012012e+01
1.738683e+01 9.116215e+01 -8.002606e+01
1.744525e+01 9.127650e+01 -7.993180e+01
1.750365e+01 9.139072e+01 -7.983734e+01
1.756204e+01 9.150481e+01 -7.974269e+01
1.762043e+01 9.161877e+01 -7.964783e+01
1.767880e+01 9.173261e+01 -7.955279e+01
1.773716e+01 9.184631e+01 -7.945754e+01
1.779551e+01 9.195989e+01 -7.936210e+01
1.785385e+01 9.207334e+01 -7.926647e+01
1.791218e+01 9.218666e+01 -7.917064e+01
1.797049e+01 9.229984e+01 -7.907462e+01
1.802880e+01 9.241290e+01 -7.897840e+01
1.808709e+01 9.252583e+01 -7.888198e+01
1.814537e+01 9.263863e+01 -7.878537e+01
1.820364e+01 9.275129e+01 -7.868857e+01
1.826189e+01 9.286383e+01 -7.859157e+01
1.832014e+01 9.297623e+01 -7.849438e+01
1.837837e+01 9.308850e+01 -7.839699e+01
1.843659e+01 9.320064e+01 -7.829942e+01
1.849479e+01 9.331265e+01 -7.820165e+01
1.855298e+01 9.342453e+01 -7.810368e+01
1.861116e+01 9.353627e+01 -7.800552e+01
1.866933e+01 9.364788e+01 -7.790718e+01
1.872748e+01 9.375935e+01 -7.780863e+01
1.878562e+01 9.387069e+01 -7.770990e+01
1.884375e+01 9.398190e+01 -7.761098e+01
1.890186e+01 9.409297e+01 -7.751186e+01
1.895995e+01 9.420391e+01 -7.741255e+01
1.901804e+01 9.431471e+01 -7.731305e+01
1.907611e+01 9.442538e+01 -7.721336e+01
1.913416e+01 9.453591e+01 -7.711348e+01
1.919220e+01 9.464631e+01 -7.701341e+01
1.925023e+01 9.475657e+01 -7.691315e+01
1.930824e+01 9.486669e+01 -7.681270e+01
1.936624e+01 9.497668e+01 -7.671206e+01
1.942422e+01 9.508653e+01 -7.661123e+01
1.948218e+01 9.519624e+01 -7.651021e+01
1.954014e+01 9.530582e+01 -7.640901e+01
1.959807e+01 9.541526e+01 -7.630761e+01
1.965599e+01 9.552456e+01 -7.620602e+01
1.971390e+01 9.563372e+01 -7.610425e+01
1.977178e+01 9.574274e+01 -7.600229e+01
1.982966e+01 9.585163e+01 -7.590014e+01
1.988751e+01 9.596038e+01 -7.579781e+01
1.994535e+01 9.606898e+01 -7.569528e+01
2.000318e+01 9.617745e+01 -7.559257e+01
2.006098e+01 9.628577e+01 -7.548968e+01
2.011877e+01 9.639396e+01 -7.538659e+01
2.017655e+01 9.650201e+01 -7.528332e+01
2.023430e+01 9.660991e+01 -7.517987e+01
2.029204e+01 9.671768e+01 -7.507623e+01
2.034977e+01 9.682530e+01 -7.497240e+01
2.040747e+01 9.693278e+01 -7.486839e+01
2.046516e+01 9.704012e+01 -7.476419e+01
2.052283e+01 9.714732e+01 -7.465981e+01
2.058048e+01 9.725438e+01 -7.455524e+01
2.063812e+01 9.736129e+01 -7.445049e+01
2.069573e+01 9.746806e+01 -7.434555e+01
2.075333e+01 9.757469e+01 -7.424043e+01
2.081091e+01 9.768117e+01 -7.413513e+01
2.086848e+01 9.778751e+01 -7.402965e+01
2.092602e+01 9.789371e+01 -7.392398e+01
2.098354e+01 9.799976e+01 -7.381813e+01
2.104105e+01 9.810567e+01 -7.371209e+01
2.109854e+01 9.821143e+01 -7.360588e+01
2.115600e+01 9.831705e+01 -7.349948e+01
2.121345e+01 9.842252e+01 -7.339290e+01
2.127088e+01 9.852785e+01 -7.328613e+01
2.132829e+01 9.863303e+01 -7.317919e+01
2.138568e+01 9.873807e+01 -7.307207e+01
2.144305e+01 9.884296e+01 -7.296476e+01
2.150041e+01 9.894770e+01 -7.285728e+01
2.155774e+01 9.905230e+01 -7.274961e+01
2.161505e+01 9.915675e+01 -7.264176e+01
2.167234e+01 9.926105e+01 -7.253374e+01
2.172961e+01 9.936521e+01 -7.242553e+01
2.178686e+01 9.946922e+01 -7.231715e+01
2.184409e+01 9.957308e+01 -7.220858e+01
2.190130e+01 9.967679e+01 -7.209984e+01
2.195848e+01 9.978035e+01 -7.199092e+01
2.201565e+01 9.988377e+01 -7.188182e+01
2.207280e+01 9.998703e+01 -7.177254e+01
2.212992e+01 1.000901e+02 -7.166309e+01
2.218702e+01 1.001931e+02 -7.155346e+01
2.224410e+01 1.002959e+02 -7.144365e+01
2.230116e+01 1.003986e+02 -7.133366e+01
2.235820e+01 1.005011e+02 -7.122350e+01
2.241522e+01 1.006035e+02 -7.111316e+01
2.247221e+01 1.007057e+02 -7.100264e+01
2.252918e+01 1.008078e+02 -7.089195e+01
2.258613e+01 1.009097e+02 -7.078108e+01
2.264306e+01 1.010114e+02 -7.067004e+01
2.269996e+01 1.011131e+02 -7.055882e+01
2.275685e+01 1.012145e+02 -7.044743e+01
2.281370e+01 1.013158e+02 -7.033586e+01
2.287054e+01 1.014170e+02 -7.022412e+01
2.292735e+01 1.015180e+02 -7.011220e+01
2.298414e+01 1.016188e+02 -7.000011e+01
2.304091e+01 1.017195e+02 -6.988785e+01
2.309765e+01 1.018201e+02 -6.977541e+01
2.315437e+01 1.019204e+02 -6.966280e+01
2.321107e+01 1.020207e+02 -6.955002e+01
2.326774e+01 1.021208e+02 -6.943707e+01
2.332439e+01 1.022207e+02 -6.932394e+01
2.338101e+01 1.023205e+02 -6.921064e+01
2.343761e+01 1.024201e+02 -6.909717e+01
2.349418e+01 1.025195e+02 -6.898353e+01
2.355073e+01 1.026188e+02 -6.886972e+01
2.360726e+01 1.027180e+02 -6.875573e+01
2.366376e+01 1.028170e+02 -6.864158e+01
2.372024e+01 1.029158e+02 -6.852725e+01
2.377669e+01 1.030145e+02 -6.841276e+01
2.383312e+01 1.031130e+02 -6.829810e+01
2.388952e+01 1.032114e+02 -6.818326e+01
2.394589e+01 1.033096e+02 -6.806826e+01
2.400224e+01 1.034077e+02 -6.795309e+01
2.405857e+01 1.035056e+02 -6.783775e+01
2.411487e+01 1.036033e+02 -6.772224e+01
2.417114e+01 1.037009e+02 -6.760656e+01
2.422739e+01 1.037983e+02 -6.749071e+01
2.428361e+01 1.038956e+02 -6.737470e+01
2.433980e+01 1.039927e+02 -6.725852e+01
2.439597e+01 1.040897e+02 -6.714218e+01
2.445211e+01 1.041865e+02 -6.702566e+01
2.450823e+01 1.042831e+02 -6.690898e+01
2.456432e+01 1.043796e+02 -6.679213e+01
2.462038e+01 1.044759e+02 -6.667512e+01
2.467641e+01 1.045720e+02 -6.655794e+01
2.473242e+01 1.046680e+02 -6.644060e+01
2.478840e+01 1.047639e+02 -6.632309e+01
2.484436e+01 1.048595e+02 -6.620542e+01
2.490028e+01 1.049551e+02 -6.608758e+01
2.495618e+01 1.050504e+02 -6.596958e+01
2.501205e+01 1.051456e+02 -6.585141e+01
2.506789e+01 1.052406e+02 -6.573308e+01
2.512371e+01 1.053355e+02 -6.561459e+01
2.517949e+01 1.054302e+02 -6.549593e+01
2.523525e+01 1.055248e+02 -6.537711e+01
2.529098e+01 1.056191e+02 -6.525813e+01
2.534668e+01 1.057134e+02 -6.513899e+01
2.540236e+01 1.058074e+02 -6.501968e+01
2.545800e+01 1.059013e+02 -6.490021e+01
2.551362e+01 1.059950e+02 -6.478059e+01
2.556920e+01 1.060886e+02 -6.466079e+01
2.562476e+01 1.061820e+02 -6.454084e+01
2.568029e+01 1.062753e+02 -6.442073e+01
2.573579e+01 1.063683e+02 -6.430046e+01
2.579126e+01 1.064613e+02 -6.418003e+01
2.584670e+01 1.065540e+02 -6.405943e+01
2.590211e+01 1.066466e+02 -6.393868e+01
2.595749e+01 1.067390e+02 -6.381777e+01
2.601284e+01 1.068313e+02 -6.369670e+01
2.606816e+01 1.069234e+02 -6.357547e+01
2.612346e+01 1.070153e+02 -6.345409e+01
2.617872e+01 1.071070e+02 -6.333254e+01
2.623395e+01 1.071986e+02 -6.321084e+01
2.628915e+01 1.072901e+02 -6.308898e+01
2.634432e+01 1.073813e+02 -6.296696e+01
2.639946e+01 1.074724e+02 -6.284479e+01
2.645456e+01 1.075634e+02 -6.272246e+01
2.650964e+01 1.076541e+02 -6.259997e+01
2.656469e+01 1.077447e+02 -6.247733e+01
2.661970e+01 1.078352e+02 -6.235453e+01
2.667469e+01 1.079254e+02 -6.223158e+01
2.672964e+01 1.080155e+02 -6.210847e+01
2.678456e+01 1.081054e+02 -6.198520e+01
2.683945e+01 1.081952e+02 -6.186178e+01
2.689431e+01 1.082848e+02 -6.173821e+01
2.694913e+01 1.083742e+02 -6.161448e+01
2.700392e+01 1.084635e+02 -6.149060e+01
2.705869e+01 1.085525e+02 -6.136657e+01
2.711341e+01 1.086415e+02 -6.124238e+01
2.716811e+01 1.087302e+02 -6.111804e+01
2.722278e+01 1.088188e+02 -6.099355e+01
2.727741e+01 1.089072e+02 -6.086890e+01
2.733201e+01 1.089954e+02 -6.074411e+01
2.738657e+01 1.090835e+02 -6.061916e+01
2.744111e+01 1.091714e+02 -6.049406e+01
2.749561e+01 1.092591e+02 -6.036881e+01
2.755007e+01 1.093467e+02 -6.024341e+01
2.760451e+01 1.094341e+02 -6.011785e+01
2.765891e+01 1.095213e+02 -5.999215e+01
2.771328e+01 1.096084e+02 -5.986630e+01
2.776761e+01 1.096952e+02 -5.974030e+01
2.782191e+01 1.097819e+02 -5.961414e+01
2.787618e+01 1.098685e+02 -5.948784e+01
2.793041e+01 1.099548e+02 -5.936139e+01
2.798461e+01 1.100410e+02 -5.923480e+01
2.803877e+01 1.101270e+02 -5.910805e+01
2.809290e+01 1.102129e+02 -5.898116e+01
2.814700e+01 1.102986e+02 -5.885411e+01
2.820106e+01 1.103841e+02 -5.872693e+01
2.825509e+01 1.104694e+02 -5.859959e+01
2.830908e+01 1.105545e+02 -5.847211e+01
2.836303e+01 1.106395e+02 -5.834448e+01
2.841696e+01 1.107243e+02 -5.821671e+01
2.847084e+01 1.108090e+02 -5.808878e+01
2.852470e+01 1.108934e+02 -5.796072e+01
2.857851e+01 1.109777e+02 -5.783251e+01
2.863229e+01 1.110618e+02 -5.770415e+01
2.868604e+01 1.111458e+02 -5.757565e+01
2.873975e+01 1.112295e+02 -5.744701e+01
2.879342e+01 1.113131e+02 -5.731822e+01
2.884706e+01 1.113966e+02 -5.718928e+01
2.890067e+01 1.114798e+02 -5.706021e+01
2.895423e+01 1.115629e+02 -5.693099e+01
2.900776e+01 1.116458e+02 -5.680163e+01
2.906126e+01 1.117285e+02 -5.667212e+01
2.911472e+01 1.118110e+02 -5.654248e+01
2.916814e+01 1.118934e+02 -5.641269e+01
2.922152e+01 1.119756e+02 -5.628276e+01
2.927487e+01 1.120576e+02 -5.615269e+01
2.932818e+01 1.121394e+02 -5.602247e+01
2.938146e+01 1.122211e+02 -5.589212e+01
2.943469e+01 1.123026e+02 -5.576163e+01
2.948790e+01 1.123839e+02 -5.563099e+01
2.954106e+01 1.124650e+02 -5.550022e+01
2.959419e+01 1.125460e+02 -5.536931e+01
2.964727e+01 1.126267e+02 -5.523826e+01
2.970033e+01 1.127073e+02 -5.510707e+01
2.975334e+01 1.127878e+02 -5.497574e+01
2.980631e+01 1.128680e+02 -5.484427e+01
2.985925e+01 1.129481e+02 -5.471266e+01
2.991215e+01 1.130280e+02 -5.458092e+01
2.996501e+01 1.131077e+02 -5.444904e+01
3.001784e+01 1.131872e+02 -5.431702e+01
3.007062e+01 1.132666e+02 -5.418487e+01
3.012337e+01 1.133457e+02 -5.405258e+01
3.017608e+01 1.134247e+02 -5.392015e+01
3.022875e+01 1.135036e+02 -5.378759e+01
3.028138e+01 1.135822e+02 -5.365489e+01
3.033397e+01 1.136607e+02 -5.352205e+01
3.038653e+01 1.137389e+02 -5.338909e+01
3.043904e+01 1.138170e+02 -5.325598e+01
3.049152e+01 1.138950e+02 -5.312274e+01
3.054395e+01 1.139727e+02 -5.298937e+01
3.059635e+01 1.140503e+02 -5.285587e+01
3.064871e+01 1.141276e+02 -5.272223e+01
3.070103e+01 1.142048e+02 -5.258846e+01
3.075331e+01 1.142819e+02 -5.245455e+01
3.080555e+01 1.143587e+02 -5.232052e+01
3.085774e+01 1.144354e+02 -5.218635e+01
3.090990e+01 1.145119e+02 -5.205205e+01
3.096202e+01 1.145881e+02 -5.191762e+01
3.101410e+01 1.146643e+02 -5.178305e+01
3.106614e+01 1.147402e+02 -5.164836e+01
3.111814e+01 1.148160e+02 -5.151353e+01
3.117010e+01 1.148915e+02 -5.137858e+01
3.122201e+01 1.149669e+02 -5.124349e+01
3.127389e+01 1.150421e+02 -5.110828e+01
3.132573e+01 1.151172e+02 -5.097293e+01
3.137752e+01 1.151920e+02 -5.083746e+01
3.142928e+01 1.152667e+02 -5.070186e+01
3.148099e+01 1.153411e+02 -5.056612e+01
3.153266e+01 1.154154e+02 -5.043027e+01
3.158429e+01 1.154896e+02 -5.029428e+01
3.163588e+01 1.155635e+02 -5.015816e+01
3.168743e+01 1.156372e+02 -5.002192e+01
3.173894e+01 1.157108e+02 -4.988555e+01
3.179040e+01 1.157842e+02 -4.974906e+01
3.184183e+01 1.158574e+02 -4.961244e+01
3.189321e+01 1.159304e+02 -4.947569e+01
3.194455e+01 1.160032e+02 -4.933882e+01
3.199584e+01 1.160759e+02 -4.920182e+01
3.204710e+01 1.161484e+02 -4.906469e+01
3.209831e+01 1.162206e+02 -4.892745e+01
3.214948e+01 1.162927e+02 -4.879007e+01
3.220061e+01 1.163647e+02 -4.865258e+01
3.225170e+01 1.164364e+02 -4.851496e+01
3.230274e+01 1.165079e+02 -4.837721e+01
3.235374e+01 1.165793e+02 -4.823934e+01
3.240470e+01 1.166505e+02 -4.810135e+01
3.245561e+01 1.167214e+02 -4.796324e+01
3.250649e+01 1.167923e+02 -4.782500e+01
3.255732e+01 1.168629e+02 -4.768665e+01
3.260810e+01 1.169333e+02 -4.754817e+01
3.265884e+01 1.170036e+02 -4.740957e+01
3.270954e+01 1.170736e+02 -4.727085e+01
3.276020e+01 1.171435e+02 -4.713200e+01
3.281081e+01 1.172132e+02 -4.699304e+01
3.286138e+01 1.172827e+02 -4.685396e+01
3.291190e+01 1.173520e+02 -4.671476e+01
3.296238e+01 1.174212e+02 -4.657544e+01
3.301282e+01 1.174901e+02 -4.643599e+01
3.306321e+01 1.175589e+02 -4.629643e+01
3.311356e+01 1.176274e+02 -4.615676e+01
3.316387e+01 1.176958e+02 -4.601696e+01
3.321413e+01 1.177640e+02 -4.587705e+01
3.326434e+01 1.178320e+02 -4.573701e+01
3.331452e+01 1.178999e+02 -4.559686e+01
3.336464e+01 1.179675e+02 -4.545660e+01
3.341473e+01 1.180350e+02 -4.531621e+01
3.346476e+01 1.181022e+02 -4.517571e+01
3.351476e+01 1.181693e+02 -4.503510e+01
3.356470e+01 1.182362e+02 -4.489437e+01
3.361461e+01 1.183029e+02 -4.475352e+01
3.366446e+01 1.183694e+02 -4.461256e+01
3.371428e+01 1.184357e+02 -4.447148e+01
3.376404e+01 1.185019e+02 -4.433029e+01
3.381376e+01 1.185678e+02 -4.418899e+01
3.386344e+01 1.186336e+02 -4.404757e+01
3.391307e+01 1.186992e+02 -4.390603e+01
3.396266e+01 1.187646e+02 -4.376439e+01
3.401220e+01 1.188298e+02 -4.362263e+01
3.406169e+01 1.188948e+02 -4.348076e+01
3.411114e+01 1.189596e+02 -4.333877e+01
3.416054e+01 1.190242e+02 -4.319668e+01
3.420989e+01 1.190887e+02 -4.305447e+01
3.425920e+01 1.191529e+02 -4.291215e+01
3.430847e+01 1.192170e+02 -4.276972e+01
3.435768e+01 1.192809e+02 -4.262718e+01
3.440685e+01 1.193446e+02 -4.248453e+01
3.445597e+01 1.194080e+02 -4.234177e+01
3.450505e+01 1.194714e+02 -4.219890e+01
3.455408e+01 1.195345e+02 -4.205592e+01
3.460307e+01 1.195974e+02 -4.191283e+01
3.465200e+01 1.196601e+02 -4.176963e+01
3.470089e+01 1.197227e+02 -4.162632e+01
3.474973e+01 1.197850e+02 -4.148291e+01
3.479853e+01 1.198472e+02 -4.133939e+01
3.484728e+01 1.199092e+02 -4.119575e+01
3.489598e+01 1.199710e+02 -4.105202e+01
3.494463e+01 1.200326e+02 -4.090817e+01
3.499324e+01 1.200940e+02 -4.076422e+01
3.504179e+01 1.201552e+02 -4.062016e+01
3.509030e+01 1.202162e+02 -4.047600e+01
3.513877e+01 1.202771e+02 -4.033173e+01
3.518718e+01 1.203377e+02 -4.018735e+01
3.523555e+01 1.203982e+02 -4.004287e+01
3.528387e+01 1.204584e+02 -3.989829e+01
3.533214e+01 1.205185e+02 -3.975360e+01
3.538036e+01 1.205784e+02 -3.960881e+01
3.542854e+01 1.206381e+02 -3.946391e+01
3.547666e+01 1.206976e+02 -3.931891e+01
3.552474e+01 1.207569e+02 -3.917380e+01
3.557277e+01 1.208160e+02 -3.902860e+01
3.562075e+01 1.208749e+02 -3.888329e+01
3.566868e+01 1.209336e+02 -3.873788e+01
3.571656e+01 1.209922e+02 -3.859236e+01
3.576440e+01 1.210505e+02 -3.844675e+01
3.581218e+01 1.211087e+02 -3.830103e+01
3.585992e+01 1.211666e+02 -3.815521e+01
3.590761e+01 1.212244e+02 -3.800929e+01
3.595525e+01 1.212820e+02 -3.786327e+01
3.600284e+01 1.213394e+02 -3.771716e+01
3.605037e+01 1.213965e+02 -3.757094e+01
3.609787e+01 1.214535e+02 -3.742462e+01
3.614531e+01 1.215104e+02 -3.727820e+01
3.619270e+01 1.215670e+02 -3.713169e+01
3.624004e+01 1.216234e+02 -3.698507e+01
3.628733e+01 1.216796e+02 -3.683836e+01
3.633457e+01 1.217357e+02 -3.669155e+01
3.638176e+01 1.217915e+02 -3.654464e+01
3.642891e+01 1.218471e+02 -3.639764e+01
3.647600e+01 1.219026e+02 -3.625053e+01
3.652304e+01 1.219579e+02 -3.610333e+01
3.657003e+01 1.220129e+02 -3.595604e+01
3.661697e+01 1.220678e+02 -3.580865e+01
3.666387e+01 1.221225e+02 -3.566116e+01
3.671071e+01 1.221770e+02 -3.551358e+01
3.675750e+01 1.222313e+02 -3.536590e+01
3.680424e+01 1.222854e+02 -3.521813e+01
3.685093e+01 1.223393e+02 -3.507026e+01
3.689756e+01 1.223930e+02 -3.492230e+01
3.694415e+01 1.224465e+02 -3.477425e+01
3.699069e+01 1.224999e+02 -3.462610e+01
3.703717e+01 1.225530e+02 -3.447786e+01
3.708361e+01 1.226059e+02 -3.432953e+01
3.712999e+01 1.226587e+02 -3.418110e+01
3.717632e+01 1.227112e+02 -3.403258e+01
3.722261e+01 1.227636e+02 -3.388397e+01
3.726884e+01 1.228158e+02 -3.373527e+01
3.731501e+01 1.228677e+02 -3.358648e+01
3.736114e+01 1.229195e+02 -3.343759e+01
3.740722e+01 1.229711e+02 -3.328862e+01
3.745324e+01 1.230225e+02 -3.313955e+01
3.749921e+01 1.230737e+02 -3.299040e+01
3.754513e+01 1.231246e+02 -3.284115e+01
3.759100e+01 1.231754e+02 -3.269182e+01
3.763682e+01 1.232261e+02 -3.254240e+01
3.768258e+01 1.232765e+02 -3.239288e+01
3.772829e+01 1.233267e+02 -3.224328e+01
3.777395e+01 1.233767e+02 -3.209359e+01
3.781956e+01 1.234265e+02 -3.194382e+01
3.786512e+01 1.234762e+02 -3.179395e+01
3.791062e+01 1.235256e+02 -3.164400e+01
3.795607e+01 1.235748e+02 -3.149396e+01
3.800147e+01 1.236239e+02 -3.134384e+01
3.804681e+01 1.236727e+02 -3.119363e+01
3.809211e+01 1.237214e+02 -3.104333e+01
3.813735e+01 1.237698e+02 -3.089295e+01
3.818253e+01 1.238181e+02 -3.074248e+01
3.822767e+01 1.238662e+02 -3.059193e+01
3.827275e+01 1.239140e+02 -3.044129e+01
3.831778e+01 1.239617e+02 -3.029057e+01
3.836275e+01 1.240092e+02 -3.013976e+01
3.840768e+01 1.240565e+02 -2.998887e+01
3.845255e+01 1.241036e+02 -2.983790e+01
3.849736e+01 1.241505e+02 -2.968684e+01
3.854212e+01 1.241972e+02 -2.953570e+01
3.858683e+01 1.242437e+02 -2.938448e+01
3.863149e+01 1.242900e+02 -2.923317e+01
3.867609e+01 1.243361e+02 -2.908179e+01
3.872064e+01 1.243820e+02 -2.893032e+01
3.876513e+01 1.244277e+02 -2.877877e+01
3.880957e+01 1.244732e+02 -2.862714e+01
3.885396e+01 1.245186e+02 -2.847543e+01
3.889829e+01 1.245637e+02 -2.832364e+01
3.894257e+01 1.246086e+02 -2.817176e+01
3.898680e+01 1.246534e+02 -2.801981e+01
3.903097e+01 1.246979e+02 -2.786778e+01
3.907509e+01 1.247422e+02 -2.771567e+01
3.911915e+01 1.247864e+02 -2.756348e+01
3.916316e+01 1.248303e+02 -2.741122e+01
3.920711e+01 1.248741e+02 -2.725887e+01
3.925101e+01 1.249176e+02 -2.710645e+01
3.929486e+01 1.249610e+02 -2.695395e+01
3.933865e+01 1.250042e+02 -2.680137e+01
3.938238e+01 1.250471e+02 -2.664871e+01
3.942606e+01 1.250899e+02 -2.649598e+01
3.946969e+01 1.251325e+02 -2.634317e+01
3.951326e+01 1.251748e+02 -2.619029e+01
3.955678e+01 1.252170e+02 -2.603733e+01
3.960024e+01 1.252590e+02 -2.588429e+01
3.964364e+01 1.253008e+02 -2.573118e+01
3.968700e+01 1.253424e+02 -2.557800e+01
3.973029e+01 1.253838e+02 -2.542474e+01
3.977353e+01 1.254250e+02 -2.527140e+01
3.981672e+01 1.254660e+02 -2.511799e+01
3.985985e+01 1.255068e+02 -2.496451e+01
3.990292e+01 1.255474e+02 -2.481096e+01
3.994594e+01 1.255878e+02 -2.465733e+01
3.998891e+01 1.256280e+02 -2.450363e+01
4.003182e+01 1.256680e+02 -2.434985e+01
4.007467e+01 1.257078e+02 -2.419601e+01
4.011747e+01 1.257474e+02 -2.404209e+01
4.016021e+01 1.257868e+02 -2.388810e+01
4.020289e+01 1.258261e+02 -2.373404e+01
4.024552e+01 1.258651e+02 -2.357991e+01
4.028810e+01 1.259039e+02 -2.342571e+01
4.033061e+01 1.259425e+02 -2.327144e+01
4.037308e+01 1.259810e+02 -2.311710e+01
4.041548e+01 1.260192e+02 -2.296269e+01
4.045783e+01 1.260572e+02 -2.280821e+01
4.050012e+01 1.260951e+02 -2.265366e+01
4.054236e+01 1.261327e+02 -2.249904e+01
4.058454e+01 1.261702e+02 -2.234436e+01
4.062666e+01 1.262074e+02 -2.218960e+01
4.066873e+01 1.262445e+02 -2.203478e+01
4.071074e+01 1.262813e+02 -2.187989e+01
4.075269e+01 1.263180e+02 -2.172493e+01
4.079459e+01 1.263544e+02 -2.156991e+01
4.083643e+01 1.263907e+02 -2.141482e+01
4.087822e+01 1.264267e+02 -2.125966e+01
4.091994e+01 1.264626e+02 -2.110444e+01
4.096161e+01 1.264983e+02 -2.094915e+01
4.100323e+01 1.265337e+02 -2.079380e+01
4.104478e+01 1.265690e+02 -2.063838e+01
4.108628e+01 1.266041e+02 -2.048289e+01
4.112772e+01 1.266389e+02 -2.032735e+01
4.116911e+01 1.266736e+02 -2.017173e+01
4.121044e+01 1.267081e+02 -2.001606e+01
4.125171e+01 1.267424e+02 -1.986032e+01
4.129292e+01 1.267765e+02 -1.970452e+01
4.133407e+01 1.268103e+02 -1.954865e+01
4.137517e+01 1.268440e+02 -1.939272e+01
4.141621e+01 1.268775e+02 -1.923673e+01
4.145719e+01 1.269108e+02 -1.908068e+01
4.149812e+01 1.269439e+02 -1.892456e+01
4.153899e+01 1.269768e+02 -1.876839e+01
4.157980e+01 1.270095e+02 -1.861215e+01
4.162055e+01 1.270420e+02 -1.845585e+01
4.166124e+01 1.270743e+02 -1.829949e+01
4.170188e+01 1.271064e+02 -1.814307e+01
4.174246e+01 1.271383e+02 -1.798659e+01
4.178298e+01 1.271700e+02 -1.783005e+01
4.182344e+01 1.272015e+02 -1.767346e+01
4.186384e+01 1.272328e+02 -1.751680e+01
4.190419e+01 1.272639e+02 -1.736008e+01
4.194448e+01 1.272948e+02 -1.720331e+01
4.198470e+01 1.273256e+02 -1.704648e+01
4.202488e+01 1.273561e+02 -1.688958e+01
4.206499e+01 1.273864e+02 -1.673264e+01
4.210504e+01 1.274165e+02 -1.657563e+01
4.214504e+01 1.274464e+02 -1.641857e+01
4.218497e+01 1.274762e+02 -1.626145e+01
4.222485e+01 1.275057e+02 -1.610427e+01
4.226467e+01 1.275350e+02 -1.594704e+01
4.230443e+01 1.275642e+02 -1.578975e+01
4.234413e+01 1.275931e+02 -1.563241e+01
4.238378e+01 1.276218e+02 -1.547501e+01
4.242336e+01 1.276504e+02 -1.531756e+01
4.246289e+01 1.276787e+02 -1.516005e+01
4.250236e+01 1.277068e+02 -1.500249e+01
4.254176e+01 1.277348e+02 -1.484487e+01
4.258111e+01 1.277625e+02 -1.468720e+01
4.262040e+01 1.277901e+02 -1.452948e+01
4.265963e+01 1.278174e+02 -1.437170e+01
4.269880e+01 1.278446e+02 -1.421387e+01
4.273791e+01 1.278715e+02 -1.405599e+01
4.277697e+01 1.278983e+02 -1.389806e+01
4.281596e+01 1.279248e+02 -1.374007e+01
4.285489e+01 1.279512e+02 -1.358203e+01
4.289377e+01 1.279773e+02 -1.342394e+01
4.293258e+01 1.280033e+02 -1.326580e+01
4.297134e+01 1.280291e+02 -1.310761e+01
4.301003e+01 1.280546e+02 -1.294937e+01
4.304867e+01 1.280800e+02 -1.279108e+01
4.308725e+01 1.281052e+02 -1.263273e+01
4.312576e+01 1.281301e+02 -1.247434e+01
4.316422e+01 1.281549e+02 -1.231590e+01
4.320262e+01 1.281795e+02 -1.215741e+01
4.324095e+01 1.282039e+02 -1.199887e+01
4.327923e+01 1.282280e+02 -1.184029e+01
4.331745e+01 1.282520e+02 -1.168165e+01
4.335561e+01 1.282758e+02 -1.152297e+01
4.339370e+01 1.282994e+02 -1.136424e+01
4.343174e+01 1.283228e+02 -1.120546e+01
4.346972e+01 1.283460e+02 -1.104663e+01
4.350763e+01 1.283689e+02 -1.088776e+01
4.354549e+01 1.283917e+02 -1.072884e+01
4.358329e+01 1.284143e+02 -1.056988e+01
4.362102e+01 1.284367e+02 -1.041086e+01
4.365870e+01 1.284589e+02 -1.025181e+01
4.369631e+01 1.284809e+02 -1.009271e+01
4.373387e+01 1.285027e+02 -9.933560e+00
4.377136e+01 1.285243e+02 -9.774368e+00
4.380880e+01 1.285457e+02 -9.615132e+00
4.384617e+01 1.285670e+02 -9.455852e+00
4.388348e+01 1.285880e+02 -9.296528e+00
4.392073e+01 1.286088e+02 -9.137161e+00
4.395792e+01 1.286294e+02 -8.977750e+00
4.399505e+01 1.286498e+02 -8.818296e+00
4.403212e+01 1.286700e+02 -8.658799e+00
4.406913e+01 1.286901e+02 -8.499260e+00
4.410608e+01 1.287099e+02 -8.339679e+00
4.414297e+01 1.287295e+02 -8.180056e+00
4.417979e+01 1.287489e+02 -8.020391e+00
4.421656e+01 1.287682e+02 -7.860685e+00
4.425326e+01 1.287872e+02 -7.700938e+00
4.428990e+01 1.288060e+02 -7.541151e+00
4.432648e+01 1.288247e+02 -7.381322e+00
4.436300e+01 1.288431e+02 -7.221454e+00
4.439946e+01 1.288614e+02 -7.061546e+00
4.443586e+01 1.288794e+02 -6.901598e+00
4.447219e+01 1.288973e+02 -6.741611e+00
4.450847e+01 1.289149e+02 -6.581585e+00
4.454468e+01 1.289324e+02 -6.421520e+00
4.458084e+01 1.289496e+02 -6.261416e+00
4.461693e+01 1.289667e+02 -6.101274e+00
4.465295e+01 1.289835e+02 -5.941095e+00
4.468892e+01 1.290002e+02 -5.780878e+00
4.472483e+01 1.290167e+02 -5.620623e+00
4.476067e+01 1.290329e+02 -5.460332e+00
4.479645e+01 1.290490e+02 -5.300003e+00
4.483218e+01 1.290649e+02 -5.139638e+00
4.486783e+01 1.290806e+02 -4.979237e+00
4.490343e+01 1.290961e+02 -4.818800e+00
4.493897e+01 1.291113e+02 -4.658327e+00
4.497444e+01 1.291264e+02 -4.497819e+00
4.500985e+01 1.291413e+02 -4.337276e+00
4.504520e+01 1.291560e+02 -4.176698e+00
4.508049e+01 1.291705e+02 -4.016085e+00
4.511572e+01 1.291848e+02 -3.855438e+00
4.515088e+01 1.291989e+02 -3.694757e+00
4.518598e+01 1.292128e+02 -3.534042e+00
4.522102e+01 1.292265e+02 -3.373294e+00
4.525600e+01 1.292400e+02 -3.212513e+00
4.529091e+01 1.292533e+02 -3.051699e+00
4.532577e+01 1.292664e+02 -2.890852e+00
4.536056e+01 1.292794e+02 -2.729973e+00
4.539528e+01 1.292921e+02 -2.569062e+00
4.542995e+01 1.293046e+02 -2.408119e+00
4.546455e+01 1.293169e+02 -2.247144e+00
4.549909e+01 1.293291e+02 -2.086139e+00
4.553357e+01 1.293410e+02 -1.925102e+00
4.556799e+01 1.293528e+02 -1.764034e+00
4.560234e+01 1.293643e+02 -1.602937e+00
4.563663e+01 1.293756e+02 -1.441809e+00
4.567086e+01 1.293868e+02 -1.280651e+00
4.570503e+01 1.293977e+02 -1.119463e+00
4.573913e+01 1.294085e+02 -9.582466e-01
4.577317e+01 1.294191e+02 -7.970008e-01
4.580715e+01 1.294294e+02 -6.357262e-01
4.584106e+01 1.294396e+02 -4.744231e-01
4.587492e+01 1.294496e+02 -3.130918e-01
4.590870e+01 1.294593e+02 -1.517325e-01
4.594243e+01 1.294689e+02 9.654456e-03
4.597609e+01 1.294783e+02 1.710689e-01
4.600969e+01 1.294875e+02 3.325104e-01
4.604323e+01 1.294965e+02 4.939788e-01
4.607671e+01 1.295053e+02 6.554739e-01
4.611012e+01 1.295139e+02 8.169952e-01
4.614347e+01 1.295223e+02 9.785427e-01
4.617675e+01 1.295305e+02 1.140116e+00
4.620997e+01 1.295385e+02 1.301715e+00
4.624313e+01 1.295463e+02 1.463339e+00
4.627623e+01 1.295539e+02 1.624988e+00
4.630926e+01 1.295614e+02 1.786662e+00
4.634223e+01 1.295686e+02 1.948360e+00
4.637513e+01 1.295756e+02 2.110082e+00
4.640798e+01 1.295825e+02 2.271829e+00
4.644076e+01 1.295891e+02 2.433599e+00
4.647347e+01 1.295955e+02 2.595392e+00
4.650612e+01 1.296018e+02 2.757209e+00
4.653871e+01 1.296078e+02 2.919048e+00
4.657124e+01 1.296137e+02 3.080910e+00
4.660370e+01 1.296194e+02 3.242794e+00
4.663610e+01 1.296248e+02 3.404701e+00
4.666843e+01 1.296301e+02 3.566629e+00
4.670070e+01 1.296352e+02 3.728578e+00
4.673291e+01 1.296401e+02 3.890549e+00
4.676506e+01 1.296448e+02 4.052541e+00
4.679714e+01 1.296492e+02 4.214554e+00
4.682915e+01 1.296535e+02 4.376587e+00
4.686111e+01 1.296576e+02 4.538641e+00
4.689299e+01 1.296616e+02 4.700714e+00
4.692482e+01 1.296653e+02 4.862807e+00
4.695658e+01 1.296688e+02 5.024920e+00
4.698828e+01 1.296721e+02 5.187052e+00
4.701991e+01 1.296752e+02 5.349202e+00
4.705148e+01 1.296782e+02 5.511371e+00
4.708299e+01 1.296809e+02 5.673559e+00
4.711443e+01 1.296835e+02 5.835765e+00
4.714580e+01 1.296858e+02 5.997988e+00
4.717712e+01 1.296880e+02 6.160230e+00
4.720837e+01 1.296899e+02 6.322488e+00
4.723955e+01 1.296917e+02 6.484764e+00
4.727067e+01 1.296933e+02 6.647056e+00
4.730173e+01 1.296946e+02 6.809366e+00
4.733272e+01 1.296958e+02 6.971691e+00
4.736365e+01 1.296968e+02 7.134032e+00
4.739452e+01 1.296976e+02 7.296390e+00
4.742532e+01 1.296982e+02 7.458762e+00
4.745605e+01 1.296986e+02 7.621150e+00
4.748672e+01 1.296988e+02 7.783554e+00
4.751733e+01 1.296988e+02 7.945971e+00
4.754787e+01 1.296987e+02 8.108404e+00
4.757835e+01 1.296983e+02 8.270850e+00
4.760877e+01 1.296977e+02 8.433311e+00
4.763911e+01 1.296970e+02 8.595785e+00
4.766940e+01 1.296960e+02 8.758273e+00
4.769962e+01 1.296949e+02 8.920774e+00
4.772978e+01 1.296936e+02 9.083288e+00
4.775987e+01 1.296920e+02 9.245815e+00
4.778989e+01 1.296903e+02 9.408355e+00
4.781986e+01 1.296884e+02 9.570906e+00
4.784975e+01 1.296863e+02 9.733470e+00
4.787959e+01 1.296840e+02 9.896045e+00
4.790936e+01 1.296815e+02 1.005863e+01
4.793906e+01 1.296788e+02 1.022123e+01
4.796870e+01 1.296759e+02 1.038384e+01
4.799827e+01 1.296728e+02 1.054646e+01
4.802778e+01 1.296696e+02 1.070909e+01
4.805723e+01 1.296661e+02 1.087173e+01
4.808661e+01 1.296624e+02 1.103438e+01
4.811592e+01 1.296586e+02 1.119704e+01
4.814517e+01 1.296546e+02 1.135971e+01
4.817436e+01 1.296503e+02 1.152239e+01
4.820348e+01 1.296459e+02 1.168507e+01
4.823253e+01 1.296413e+02 1.184777e+01
4.826152e+01 1.296365e+02 1.201047e+01
4.829045e+01 1.296315e+02 1.217319e+01
4.831931e+01 1.296263e+02 1.233591e+01
4.834810e+01 1.296209e+02 1.249864e+01
4.837683e+01 1.296153e+02 1.266137e+01
4.840550e+01 1.296095e+02 1.282412e+01
4.843410e+01 1.296036e+02 1.298687e+01
4.846263e+01 1.295974e+02 1.314962e+01
4.849110e+01 1.295911e+02 1.331239e+01
4.851951e+01 1.295845e+02 1.347516e+01
4.854785e+01 1.295778e+02 1.363793e+01
4.857612e+01 1.295709e+02 1.380071e+01
4.860433e+01 1.295637e+02 1.396350e+01
4.863247e+01 1.295564e+02 1.412629e+01
4.866055e+01 1.295489e+02 1.428909e+01
4.868857e+01 1.295413e+02 1.445189e+01
4.871651e+01 1.295334e+02 1.461470e+01
4.874440e+01 1.295253e+02 1.477751e+01
4.877221e+01 1.295170e+02 1.494032e+01
4.879997e+01 1.295086e+02 1.510314e+01
4.882765e+01 1.294999e+02 1.526596e+01
4.885527e+01 1.294911e+02 1.542879e+01
4.888283e+01 1.294821e+02 1.559162e+01
4.891032e+01 1.294728e+02 1.575445e+01
4.893774e+01 1.294634e+02 1.591728e+01
4.896510e+01 1.294538e+02 1.608012e+01
4.899240e+01 1.294440e+02 1.624296e+01
4.901963e+01 1.294341e+02 1.640580e+01
4.904679e+01 1.294239e+02 1.656864e+01
4.907389e+01 1.294135e+02 1.673148e+01
4.910092e+01 1.294030e+02 1.689433e+01
4.912788e+01 1.293922e+02 1.705717e+01
4.915478e+01 1.293813e+02 1.722002e+01
4.918162e+01 1.293702e+02 1.738286e+01
4.920839e+01 1.293588e+02 1.754571e+01
4.923509e+01 1.293473e+02 1.770855e+01
4.926173e+01 1.293356e+02 1.787140e+01
4.928830e+01 1.293238e+02 1.803425e+01
4.931481e+01 1.293117e+02 1.819709e+01
4.934125e+01 1.292994e+02 1.835993e+01
4.936762e+01 1.292870e+02 1.852278e+01
4.939393e+01 1.292743e+02 1.868562e+01
4.942017e+01 1.292615e+02 1.884846e+01
4.944635e+01 1.292484e+02 1.901129e+01
4.947246e+01 1.292352e+02 1.917413e+01
4.949851e+01 1.292218e+02 1.933696e+01
4.952449e+01 1.292082e+02 1.949979e+01
4.955040e+01 1.291945e+02 1.966262e+01
4.957625e+01 1.291805e+02 1.982544e+01
4.960203e+01 1.291663e+02 1.998826e+01
4.962775e+01 1.291520e+02 2.015108e+01
4.965340e+01 1.291374e+02 2.031389e+01
4.967898e+01 1.291227e+02 2.047670e+01
4.970450e+01 1.291078e+02 2.063951e+01
4.972995e+01 1.290927e+02 2.080231e+01
4.975534e+01 1.290774e+02 2.096510e+01
4.978066e+01 1.290619e+02 2.112789e+01
4.980591e+01 1.290462e+02 2.129068e+01
4.983110e+01 1.290304e+02 2.145346e+01
4.985622e+01 1.290143e+02 2.161623e+01
4.988128e+01 1.289981e+02 2.177900e+01
4.990627e+01 1.289817e+02 2.194176e+01
4.993119e+01 1.289650e+02 2.210452e+01
4.995605e+01 1.289482e+02 2.226727e+01
4.998084e+01 1.289312e+02 2.243001e+01
5.000556e+01 1.289141e+02 2.259275e+01
5.003022e+01 1.288967e+02 2.275548e+01
5.005481e+01 1.288791e+02 2.291820e+01
5.007934e+01 1.288614e+02 2.308091e+01
5.010380e+01 1.288435e+02 2.324361e+01
5.012819e+01 1.288254e+02 2.340631e+01
5.015252e+01 1.288071e+02 2.356900e+01
5.017678e+01 1.287886e+02 2.373168e+01
5.020098e+01 1.287699e+02 2.389435e+01
5.022511e+01 1.287510e+02 2.405701e+01
5.024917e+01 1.287320e+02 2.421966e+01
5.027317e+01 1.287127e+02 2.438230e+01
5.029709e+01 1.286933e+02 2.454494e+01
5.032096e+01 1.286737e+02 2.470756e+01
5.034475e+01 1.286539e+02 2.487017e+01
5.036848e+01 1.286339e+02 2.503277e+01
5.039215e+01 1.286137e+02 2.519537e+01
5.041575e+01 1.285933e+02 2.535795e+01
5.043928e+01 1.285728e+02 2.552052e+01
5.046274e+01 1.285521e+02 2.568307e+01
5.048614e+01 1.285311e+02 2.584562e+01
5.050947e+01 1.285100e+02 2.600815e+01
5.053274e+01 1.284887e+02 2.617068e+01
5.055594e+01 1.284672e+02 2.633319e+01
5.057907e+01 1.284456e+02 2.649569e+01
5.060213e+01 1.284237e+02 2.665817e+01
5.062513e+01 1.284017e+02 2.682064e+01
5.064807e+01 1.283795e+02 2.698310e+01
5.067093e+01 1.283571e+02 2.714555e+01
5.069373e+01 1.283345e+02 2.730798e+01
5.071646e+01 1.283117e+02 2.747040e+01
5.073913e+01 1.282887e+02 2.763280e+01
5.076173e+01 1.282656e+02 2.779519e+01
5.078426e+01 1.282422e+02 2.795757e+01
5.080673e+01 1.282187e+02 2.811993e+01
5.082913e+01 1.281950e+02 2.828228e+01
5.085146e+01 1.281711e+02 2.844461e+01
5.087373e+01 1.281470e+02 2.860692e+01
5.089593e+01 1.281227e+02 2.876922e+01
5.091806e+01 1.280983e+02 2.893151e+01
5.094013e+01 1.280737e+02 2.909378e+01
5.096213e+01 1.280488e+02 2.925603e+01
5.098406e+01 1.280238e+02 2.941827e+01
5.100592e+01 1.279986e+02 2.958048e+01
5.102772e+01 1.279733e+02 2.974269e+01
5.104946e+01 1.279477e+02 2.990487e+01
5.107112e+01 1.279220e+02 3.006704e+01
5.109272e+01 1.278960e+02 3.022919e+01
5.111425e+01 1.278699e+02 3.039132e+01
5.113572e+01 1.278436e+02 3.055344e+01
5.115712e+01 1.278172e+02 3.071554e+01
5.117845e+01 1.277905e+02 3.087761e+01
5.119971e+01 1.277637e+02 3.103967e+01
5.122091e+01 1.277366e+02 3.120172e+01
5.124204e+01 1.277094e+02 3.136374e+01
5.126311e+01 1.276820e+02 3.152574e+01
5.128410e+01 1.276544e+02 3.168773e+01
5.130503e+01 1.276267e+02 3.184969e+01
5.132590e+01 1.275987e+02 3.201163e+01
5.134670e+01 1.275706e+02 3.217356e+01
5.136742e+01 1.275423e+02 3.233546e+01
5.138809e+01 1.275138e+02 3.249734e+01
5.140868e+01 1.274851e+02 3.265921e+01
5.142921e+01 1.274562e+02 3.282105e+01
5.144967e+01 1.274272e+02 3.298287e+01
5.147007e+01 1.273980e+02 3.314467e+01
5.149040e+01 1.273686e+02 3.330645e+01
5.151066e+01 1.273390e+02 3.346820e+01
5.153085e+01 1.273092e+02 3.362994e+01
5.155098e+01 1.272792e+02 3.379165e+01
5.157104e+01 1.272491e+02 3.395334e+01
5.159103e+01 1.272188e+02 3.411501e+01
5.161096e+01 1.271883e+02 3.427665e+01
5.163082e+01 1.271576e+02 3.443827e+01
5.165061e+01 1.271267e+02 3.459987e+01
5.167034e+01 1.270956e+02 3.476145e+01
5.168999e+01 1.270644e+02 3.492300e+01
5.170958e+01 1.270330e+02 3.508453e+01
5.172911e+01 1.270014e+02 3.524603e+01
5.174856e+01 1.269696e+02 3.540751e+01
5.176795e+01 1.269377e+02 3.556897e+01
5.178728e+01 1.269055e+02 3.573040e+01
5.180653e+01 1.268732e+02 3.589180e+01
5.182572e+01 1.268407e+02 3.605318e+01
5.184484e+01 1.268080e+02 3.621454e+01
5.186389e+01 1.267752e+02 3.637587e+01
5.188288e+01 1.267421e+02 3.653717e+01
5.190180e+01 1.267089e+02 3.669845e+01
5.192065e+01 1.266755e+02 3.685970e+01
5.193944e+01 1.266419e+02 3.702093e+01
5.195816e+01 1.266081e+02 3.718213e+01
5.197681e+01 1.265742e+02 3.734330e+01
5.199539e+01 1.265400e+02 3.750445e+01
5.201391e+01 1.265057e+02 3.766557e+01
5.203236e+01 1.264712e+02 3.782666e+01
5.205074e+01 1.264366e+02 3.798772e+01
5.206906e+01 1.264017e+02 3.814876e+01
5.208730e+01 1.263667e+02 3.830977e+01
5.210548e+01 1.263315e+02 3.847075e+01
5.212360e+01 1.262961e+02 3.863170e+01
5.214164e+01 1.262605e+02 3.879263e+01
5.215962e+01 1.262248e+02 3.895352e+01
5.217753e+01 1.261888e+02 3.911439e+01
5.219538e+01 1.261527e+02 3.927523e+01
5.221316e+01 1.261165e+02 3.943603e+01
5.223087e+01 1.260800e+02 3.959681e+01
5.224851e+01 1.260433e+02 3.975756e+01
5.226608e+01 1.260065e+02 3.991828e+01
5.228359e+01 1.259695e+02 4.007897e+01
5.230103e+01 1.259323e+02 4.023963e+01
5.231841e+01 1.258950e+02 4.040026e+01
5.233571e+01 1.258574e+02 4.056086e+01
5.235295e+01 1.258197e+02 4.072142e+01
5.237012e+01 1.257818e+02 4.088196e+01
5.238723e+01 1.257437e+02 4.104247e+01
5.240427e+01 1.257055e+02 4.120294e+01
5.242123e+01 1.256671e+02 4.136338e+01
5.243814e+01 1.256284e+02 4.152379e+01
5.245497e+01 1.255897e+02 4.168417e+01
5.247174e+01 1.255507e+02 4.184452e+01
5.248844e+01 1.255116e+02 4.200483e+01
5.250507e+01 1.254722e+02 4.216511e+01
5.252164e+01 1.254327e+02 4.232536e+01
5.253814e+01 1.253931e+02 4.248557e+01
5.255457e+01 1.253532e+02 4.264576e+01
5.257093e+01 1.253132e+02 4.280590e+01
5.258723e+01 1.252730e+02 4.296602e+01
5.260346e+01 1.252326e+02 4.312610e+01
5.261962e+01 1.251920e+02 4.328615e+01
5.263571e+01 1.251513e+02 4.344616e+01
5.265174e+01 1.251104e+02 4.360614e+01
5.266770e+01 1.250693e+02 4.376609e+01
5.268359e+01 1.250280e+02 4.392599e+01
5.269941e+01 1.249865e+02 4.408587e+01
5.271517e+01 1.249449e+02 4.424571e+01
5.273086e+01 1.249031e+02 4.440551e+01
5.274648e+01 1.248611e+02 4.456528e+01
5.276204e+01 1.248190e+02 4.472502e+01
5.277752e+01 1.247767e+02 4.488471e+01
5.279294e+01 1.247342e+02 4.504438e+01
5.280830e+01 1.246915e+02 4.520400e+01
5.282358e+01 1.246486e+02 4.536359e+01
5.283880e+01 1.246056e+02 4.552314e+01
5.285395e+01 1.245624e+02 4.568266e+01
5.286903e+01 1.245190e+02 4.584214e+01
5.288405e+01 1.244754e+02 4.600158e+01
5.289899e+01 1.244317e+02 4.616098e+01
5.291387e+01 1.243878e+02 4.632035e+01
5.292869e+01 1.243437e+02 4.647968e+01
5.294343e+01 1.242994e+02 4.663897e+01
5.295811e+01 1.242550e+02 4.679822e+01
5.297272e+01 1.242104e+02 4.695743e+01
5.298726e+01 1.241656e+02 4.711661e+01
5.300174e+01 1.241207e+02 4.727575e+01
5.301615e+01 1.240755e+02 4.743484e+01
5.303049e+01 1.240302e+02 4.759390e+01
5.304476e+01 1.239847e+02 4.775292e+01
5.305897e+01 1.239391e+02 4.791190e+01
5.307310e+01 1.238932e+02 4.807085e+01
5.308717e+01 1.238472e+02 4.822975e+01
5.310118e+01 1.238010e+02 4.838861e+01
5.311511e+01 1.237547e+02 4.854743e+01
5.312898e+01 1.237082e+02 4.870621e+01
5.314278e+01 1.236615e+02 4.886495e+01
5.315651e+01 1.236146e+02 4.902365e+01
5.317018e+01 1.235675e+02 4.918231e+01
5.318378e+01 1.235203e+02 4.934093e+01
5.319731e+01 1.234729e+02 4.949950e+01
5.321077e+01 1.234253e+02 4.965804e+01
5.322417e+01 1.233776e+02 4.981653e+01
5.323749e+01 1.233297e+02 4.997498e+01
5.325075e+01 1.232816e+02 5.013339e+01
5.326395e+01 1.232333e+02 5.029176e+01
5.327707e+01 1.231849e+02 5.045009e+01
5.329013e+01 1.231363e+02 5.060837e+01
5.330312e+01 1.230875e+02 5.076661e+01
5.331604e+01 1.230385e+02 5.092481e+01
5.332890e+01 1.229894e+02 5.108296e+01
5.334169e+01 1.229401e+02 5.124107e+01
5.335441e+01 1.228906e+02 5.139914e+01
5.336706e+01 1.228410e+02 5.155716e+01
5.337964e+01 1.227912e+02 5.171514e+01
5.339216e+01 1.227412e+02 5.187308e+01
5.340461e+01 1.226910e+02 5.203097e+01
5.341699e+01 1.226407e+02 5.218882e+01
5.342931e+01 1.225902e+02 5.234662e+01
5.344155e+01 1.225395e+02 5.250438e+01
5.345373e+01 1.224887e+02 5.266209e+01
5.346585e+01 1.224377e+02 5.281976e+01
5.347789e+01 1.223865e+02 5.297739e+01
5.348987e+01 1.223351e+02 5.313496e+01
5.350178e+01 1.222836e+02 5.329250e+01
5.351362e+01 1.222319e+02 5.344998e+01
5.352539e+01 1.221800e+02 5.360742e+01
5.353710e+01 1.221280e+02 5.376482e+01
5.354874e+01 1.220757e+02 5.392217e+01
5.356031e+01 1.220234e+02 5.407947e+01
5.357181e+01 1.219708e+02 5.423673e+01
5.358325e+01 1.219181e+02 5.439394e+01
5.359462e+01 1.218652e+02 5.455110e+01
5.360592e+01 1.218121e+02 5.470821e+01
5.361715e+01 1.217589e+02 5.486528e+01
5.362832e+01 1.217055e+02 5.502230e+01
5.363942e+01 1.216519e+02 5.517927e+01
5.365045e+01 1.215981e+02 5.533620e+01
5.366141e+01 1.215442e+02 5.549307e+01
5.367231e+01 1.214901e+02 5.564990e+01
5.368314e+01 1.214359e+02 5.580668e+01
5.369390e+01 1.213814e+02 5.596341e+01
5.370459e+01 1.213268e+02 5.612010e+01
5.371522e+01 1.212721e+02 5.627673e+01
5.372577e+01 1.212171e+02 5.643332e+01
5.373627e+01 1.211620e+02 5.658985e+01
5.374669e+01 1.211068e+02 5.674634e+01
5.375704e+01 1.210513e+02 5.690278e+01
5.376733e+01 1.209957e+02 5.705916e+01
5.377755e+01 1.209399e+02 5.721550e+01
5.378770e+01 1.208840e+02 5.737179e+01
5.379779e+01 1.208279e+02 5.752803e+01
5.380781e+01 1.207716e+02 5.768421e+01
5.381776e+01 1.207151e+02 5.784035e+01
5.382764e+01 1.206585e+02 5.799644e+01
5.383745e+01 1.206017e+02 5.815247e+01
5.384720e+01 1.205448e+02 5.830845e+01
5.385688e+01 1.204876e+02 5.846439e+01
5.386649e+01 1.204303e+02 5.862027e+01
5.387604e+01 1.203729e+02 5.877610e+01
5.388551e+01 1.203152e+02 5.893188e+01
5.389492e+01 1.202574e+02 5.908760e+01
5.390426e+01 1.201995e+02 5.924328e+01
5.391354e+01 1.201413e+02 5.939890e+01
5.392274e+01 1.200830e+02 5.955447e+01
5.393188e+01 1.200246e+02 5.970998e+01
5.394095e+01 1.199659e+02 5.986545e+01
5.394996e+01 1.199071e+02 6.002086e+01
5.395889e+01 1.198482e+02 6.017622e+01
5.396776e+01 1.197890e+02 6.033152e+01
5.397656e+01 1.197297e+02 6.048677e+01
5.398530e+01 1.196703e+02 6.064197e+01
5.399396e+01 1.196106e+02 6.079711e+01
5.400256e+01 1.195508e+02 6.095220e+01
5.401109e+01 1.194909e+02 6.110724e+01
5.401956e+01 1.194307e+02 6.126222e+01
5.402795e+01 1.193704e+02 6.141715e+01
5.403628e+01 1.193100e+02 6.157202e+01
5.404454e+01 1.192493e+02 6.172684e+01
5.405273e+01 1.191885e+02 6.188160e+01
5.406086e+01 1.191276e+02 6.203631e+01
5.406892e+01 1.190665e+02 6.219096e+01
5.407691e+01 1.190052e+02 6.234556e+01
5.408483e+01 1.189437e+02 6.250010e+01
5.409268e+01 1.188821e+02 6.265459e+01
5.410047e+01 1.188203e+02 6.280902e+01
5.410819e+01 1.187583e+02 6.296339e+01
5.411584e+01 1.186962e+02 6.311771e+01
5.412343e+01 1.186339e+02 6.327197e+01
5.413095e+01 1.185715e+02 6.342618e+01
5.413840e+01 1.185089e+02 6.358033e+01
5.414578e+01 1.184461e+02 6.373442e+01
5.415309e+01 1.183831e+02 6.388846e+01
5.416034e+01 1.183200e+02 6.404243e+01
5.416752e+01 1.182567e+02 6.419635e+01
5.417463e+01 1.181933e+02 6.435022e+01
5.418168e+01 1.181297e+02 6.450402e+01
5.418865e+01 1.180659e+02 6.465777e+01
5.419556e+01 1.180020e+02 6.481146e+01
5.420241e+01 1.179379e+02 6.496509e+01
5.420918e+01 1.178737e+02 6.511866e+01
5.421589e+01 1.178092e+02 6.527218e+01
5.422253e+01 1.177447e+02 6.542563e+01
5.422910e+01 1.176799e+02 6.557903e+01
5.423560e+01 1.176150e+02 6.573237e+01
5.424204e+01 1.175499e+02 6.588565e+01
5.424841e+01 1.174847e+02 6.603887e+01
5.425471e+01 1.174193e+02 6.619203e+01
5.426094e+01 1.173537e+02 6.634513e+01
5.426711e+01 1.172880e+02 6.649817e+01
5.427321e+01 1.172221e+02 6.665116e+01
5.427924e+01 1.171560e+02 6.680408e+01
5.428521e+01 1.170898e+02 6.695694e+01
5.429110e+01 1.170235e+02 6.710974e+01
5.429693e+01 1.169569e+02 6.726248e+01
5.430269e+01 1.168902e+02 6.741516e+01
5.430839e+01 1.168233e+02 6.756778e+01
5.431401e+01 1.167563e+02 6.772034e+01
5.431957e+01 1.166891e+02 6.787284e+01
5.432506e+01 1.166218e+02 6.802527e+01
5.433049e+01 1.165543e+02 6.817765e+01
5.433584e+01 1.164866e+02 6.832996e+01
5.434113e+01 1.164187e+02 6.848221e+01
5.434635e+01 1.163508e+02 6.863440e+01
5.435151e+01 1.162826e+02 6.878653e+01
5.435660e+01 1.162143e+02 6.893859e+01
5.436161e+01 1.161458e+02 6.909059e+01
5.436657e+01 1.160771e+02 6.924253e+01
5.437145e+01 1.160083e+02 6.939441e+01
5.437627e+01 1.159394e+02 6.954622e+01
5.438102e+01 1.158703e+02 6.969798e+01
5.438570e+01 1.158010e+02 6.984966e+01
5.439031e+01 1.157315e+02 7.000129e+01
5.439486e+01 1.156619e+02 7.015285e+01
5.439934e+01 1.155921e+02 7.030435e+01
5.440375e+01 1.155222e+02 7.045578e+01
5.440809e+01 1.154521e+02 7.060715e+01
5.441237e+01 1.153819e+02 7.075846e+01
5.441658e+01 1.153115e+02 7.090970e+01
5.442072e+01 1.152409e+02 7.106088e+01
5.442480e+01 1.151702e+02 7.121199e+01
5.442880e+01 1.150993e+02 7.136304e+01
5.443274e+01 1.150282e+02 7.151402e+01
5.443661e+01 1.149570e+02 7.166494e+01
5.444042e+01 1.148857e+02 7.181580e+01
5.444416e+01 1.148141e+02 7.196658e+01
5.444783e+01 1.147424e+02 7.211731e+01
5.445143e+01 1.146706e+02 7.226796e+01
5.445496e+01 1.145986e+02 7.241856e+01
5.445843e+01 1.145264e+02 7.256908e+01
5.446183e+01 1.144541e+02 7.271954e+01
5.446516e+01 1.143816e+02 7.286993e+01
5.446843e+01 1.143090e+02 7.302026e+01
5.447162e+01 1.142362e+02 7.317052e+01
5.447476e+01 1.141632e+02 7.332071e+01
5.447782e+01 1.140901e+02 7.347084e+01
5.448081e+01 1.140168e+02 7.362090e+01
5.448374e+01 1.139434e+02 7.377089e+01
5.448660e+01 1.138698e+02 7.392082e+01
5.448940e+01 1.137961e+02 7.407068e+01
5.449212e+01 1.137222e+02 7.422047e+01
5.449478e+01 1.136481e+02 7.437019e+01
5.449737e+01 1.135739e+02 7.451985e+01
5.449989e+01 1.134995e+02 7.466944e+01
5.450235e+01 1.134250e+02 7.481896e+01
5.450474e+01 1.133503e+02 7.496841e+01
5.450706e+01 1.132754e+02 7.511779e+01
5.450931e+01 1.132004e+02 7.526710e+01
5.451150e+01 1.131252e+02 7.541635e+01
5.451362e+01 1.130499e+02 7.556552e+01
5.451567e+01 1.129744e+02 7.571463e+01
5.451766e+01 1.128988e+02 7.586367e+01
5.451957e+01 1.128230e+02 7.601264e+01
5.452142e+01 1.127471e+02 7.616154e+01
5.452321e+01 1.126709e+02 7.631037e+01
5.452492e+01 1.125947e+02 7.645913e+01
5.452657e+01 1.125183e+02 7.660782e+01
5.452815e+01 1.124417e+02 7.675644e+01
5.452966e+01 1.123650e+02 7.690499e+01
5.453111e+01 1.122881e+02 7.705347e+01
5.453249e+01 1.122110e+02 7.720188e+01
5.453380e+01 1.121338e+02 7.735022e+01
5.453504e+01 1.120565e+02 7.749849e+01
5.453622e+01 1.119790e+02 7.764668e+01
5.453733e+01 1.119013e+02 7.779481e+01
5.453837e+01 1.118235e+02 7.794286e+01
5.453934e+01 1.117455e+02 7.809085e+01
5.454025e+01 1.116674e+02 7.823876e+01
5.454109e+01 1.115891e+02 7.838660e+01
5.454186e+01 1.115106e+02 7.853437e+01
5.454257e+01 1.114320e+02 7.868206e+01
5.454320e+01 1.113533e+02 7.882969e+01
5.454377e+01 1.112744e+02 7.897724e+01
5.454428e+01 1.111953e+02 7.912472e+01
5.454471e+01 1.111161e+02 7.927213e+01
5.454508e+01 1.110367e+02 7.941946e+01
5.454538e+01 1.109572e+02 7.956673e+01
5.454562e+01 1.108775e+02 7.971391e+01
5.454578e+01 1.107977e+02 7.986103e+01
5.454588e+01 1.107177e+02 8.000807e+01
5.454591e+01 1.106375e+02 8.015504e+01
5.454588e+01 1.105572e+02 8.030194e+01
5.454578e+01 1.104768e+02 8.044876e+01
5.454561e+01 1.103962e+02 8.059551e+01
5.454537e+01 1.103154e+02 8.074219e+01
5.454506e+01 1.102345e+02 8.088879e+01
5.454469e+01 1.101534e+02 8.103531e+01
5.454425e+01 1.100722e+02 8.118176e+01
5.454375e+01 1.099908e+02 8.132814e+01
5.454317e+01 1.099093e+02 8.147445e+01
5.454253e+01 1.098276e+02 8.162067e+01
5.454183e+01 1.097458e+02 8.176683e+01
5.454105e+01 1.096638e+02 8.191291e+01
5.454021e+01 1.095817e+02 8.205891e+01
5.453930e+01 1.094994e+02 8.220484e+01
5.453832e+01 1.094169e+02 8.235069e+01
5.453728e+01 1.093343e+02 8.249647e+01
5.453617e+01 1.092516e+02 8.264217e+01
5.453499e+01 1.091687e+02 8.278779e+01
5.453374e+01 1.090856e+02 8.293334e+01
5.453243e+01 1.090024e+02 8.307881e+01
5.453105e+01 1.089191e+02 8.322421e+01
5.452960e+01 1.088356e+02 8.336953e+01
5.452809e+01 1.087519e+02 8.351477e+01
5.452651e+01 1.086681e+02 8.365994e+01
5.452486e+01 1.085841e+02 8.380503e+01
5.452314e+01 1.085000e+02 8.395004e+01
5.452136e+01 1.084158e+02 8.409498e+01
5.451951e+01 1.083313e+02 8.423984e+01
5.451759e+01 1.082468e+02 8.438462e+01
5.451560e+01 1.081620e+02 8.452932e+01
5.451355e+01 1.080772e+02 8.467395e+01
5.451143e+01 1.079922e+02 8.481849e+01
5.450924e+01 1.079070e+02 8.496296e+01
5.450699e+01 1.078217e+02 8.510736e+01
5.450467e+01 1.077362e+02 8.525167e+01
5.450228e+01 1.076506e+02 8.539590e+01
5.449983e+01 1.075648e+02 8.554006e+01
5.449730e+01 1.074789e+02 8.568414e+01
5.449472e+01 1.073928e+02 8.582814e+01
5.449206e+01 1.073065e+02 8.597206e+01
5.448933e+01 1.072202e+02 8.611590e+01
5.448654e+01 1.071336e+02 8.625966e+01
5.448369e+01 1.070470e+02 8.640334e+01
5.448076e+01 1.069601e+02 8.654694e+01
5.447777e+01 1.068732e+02 8.669047e+01
5.447471e+01 1.067860e+02 8.683391e+01
5.447158e+01 1.066988e+02 8.697727e+01
5.446839e+01 1.066113e+02 8.712056e+01
5.446513e+01 1.065238e+02 8.726376e+01
5.446180e+01 1.064360e+02 8.740688e+01
5.445840e+01 1.063482e+02 8.754993e+01
5.445494e+01 1.062601e+02 8.769289e+01
5.445141e+01 1.061720e+02 8.783577e+01
5.444782e+01 1.060836e+02 8.797857e+01
5.444415e+01 1.059952e+02 8.812129e+01
5.444042e+01 1.059066e+02 8.826393e+01
5.443662e+01 1.058178e+02 8.840648e+01
5.443276e+01 1.057289e+02 8.854896e+01
5.442883e+01 1.056398e+02 8.869135e+01
5.442483e+01 1.055506e+02 8.883366e+01
5.442076e+01 1.054612e+02 8.897589e+01
5.441663e+01 1.053717e+02 8.911804e+01
5.441243e+01 1.052821e+02 8.926011e+01
5.440816e+01 1.051923e+02 8.940209e+01
5.440383e+01 1.051023e+02 8.954399e+01
5.439943e+01 1.050122e+02 8.968581e+01
5.439496e+01 1.049220e+02 8.982755e+01
5.439042e+01 1.048316e+02 8.996920e+01
5.438582e+01 1.047410e+02 9.011077e+01
5.438115e+01 1.046503e+02 9.025226e+01
5.437641e+01 1.045595e+02 9.039367e+01
5.437161e+01 1.044685e+02 9.053499e+01
5.436674e+01 1.043774e+02 9.067623e+01
5.436180e+01 1.042861e+02 9.081738e+01
5.435680e+01 1.041947e+02 9.095845e+01
5.435173e+01 1.041031e+02 9.109944e+01
5.434659e+01 1.040114e+02 9.124034e+01
5.434138e+01 1.039195e+02 9.138116e+01
5.433611e+01 1.038275e+02 9.152189e+01
5.433077e+01 1.037354e+02 9.166254e+01
5.432536e+01 1.036431e+02 9.180311e+01
5.431989e+01 1.035506e+02 9.194359e+01
5.431435e+01 1.034580e+02 9.208399e+01
5.430874e+01 1.033653e+02 9.222430e+01
5.430306e+01 1.032724e+02 9.236452e+01
5.429732e+01 1.031793e+02 9.250467e+01
5.429151e+01 1.030862e+02 9.264472e+01
5.428564e+01 1.029928e+02 9.278469e+01
5.427969e+01 1.028994e+02 9.292458e+01
5.427368e+01 1.028057e+02 9.306438e+01
5.426761e+01 1.027120e+02 9.320409e+01
5.426146e+01 1.026181e+02 9.334372e+01
5.425525e+01 1.025240e+02 9.348326e+01
5.424897e+01 1.024298e+02 9.362271e+01
5.424263e+01 1.023355e+02 9.376208e+01
5.423622e+01 1.022410e+02 9.390136e+01
5.422974e+01 1.021463e+02 9.404056e+01
5.422319e+01 1.020516e+02 9.417967e+01
5.421658e+01 1.019566e+02 9.431869e+01
5.420990e+01 1.018616e+02 9.445762e+01
5.420316e+01 1.017664e+02 9.459647e+01
5.419634e+01 1.016710e+02 9.473523e+01
5.418946e+01 1.015755e+02 9.487390e+01
5.418251e+01 1.014799e+02 9.501249e+01
5.417550e+01 1.013841e+02 9.515099e+01
5.416842e+01 1.012881e+02 9.528940e+01
5.416127e+01 1.011921e+02 9.542772e+01
5.415406e+01 1.010958e+02 9.556595e+01
5.414677e+01 1.009995e+02 9.570410e+01
5.413943e+01 1.009030e+02 9.584215e+01
5.413201e+01 1.008063e+02 9.598012e+01
5.412453e+01 1.007095e+02 9.611800e+01
5.411698e+01 1.006126e+02 9.625580e+01
5.410936e+01 1.005155e+02 9.639350e+01
5.410168e+01 1.004183e+02 9.653111e+01
5.409393e+01 1.003209e+02 9.666864e+01
5.408611e+01 1.002234e+02 9.680607e+01
5.407823e+01 1.001257e+02 9.694342e+01
5.407028e+01 1.000279e+02 9.708067e+01
5.406226e+01 9.992999e+01 9.721784e+01
5.405417e+01 9.983190e+01 9.735492e+01
5.404602e+01 9.973368e+01 9.749190e+01
5.403780e+01 9.963531e+01 9.762880e+01
5.402952e+01 9.953680e+01 9.776561e+01
5.402117e+01 9.943814e+01 9.790232e+01
5.401275e+01 9.933935e+01 9.803895e+01
5.400426e+01 9.924041e+01 9.817548e+01
5.399571e+01 9.914133e+01 9.831193e+01
5.398709e+01 9.904211e+01 9.844828e+01
5.397840e+01 9.894274e+01 9.858455e+01
5.396965e+01 9.884324e+01 9.872072e+01
5.396083e+01 9.874359e+01 9.885680e+01
5.395194e+01 9.864380e+01 9.899279e+01
5.394299e+01 9.854387e+01 9.912869e+01
5.393397e+01 9.844380e+01 9.926449e+01
5.392488e+01 9.834359e+01 9.940021e+01
5.391572e+01 9.824324e+01 9.953583e+01
5.390650e+01 9.814274e+01 9.967136e+01
5.389721e+01 9.804210e+01 9.980680e+01
5.388786e+01 9.794133e+01 9.994215e+01
5.387844e+01 9.784041e+01 1.000774e+02
5.386895e+01 9.773935e+01 1.002126e+02
5.385939e+01 9.763815e+01 1.003476e+02
5.384977e+01 9.753681e+01 1.004826e+02
5.384008e+01 9.743533e+01 1.006175e+02
5.383033e+01 9.733371e+01 1.007523e+02
5.382050e+01 9.723195e+01 1.008870e+02
5.381062e+01 9.713005e+01 1.010216e+02
5.380066e+01 9.702801e+01 1.011561e+02
5.379064e+01 9.692583e+01 1.012905e+02
5.378055e+01 9.682350e+01 1.014248e+02
5.377039e+01 9.672104e+01 1.015591e+02
5.376017e+01 9.661844e+01 1.016932e+02
5.374988e+01 9.651570e+01 1.018272e+02
5.373952e+01 9.641282e+01 1.019612e+02
5.372910e+01 9.630980e+01 1.020950e+02
5.371861e+01 9.620664e+01 1.022288e+02
5.370805e+01 9.610334e+01 1.023625e+02
5.369742e+01 9.599991e+01 1.024960e+02
5.368673e+01 9.589633e+01 1.026295e+02
5.367598e+01 9.579261e+01 1.027629e+02
5.366515e+01 9.568876e+01 1.028962e+02
5.365426e+01 9.558476e+01 1.030294e+02
5.364330e+01 9.548063e+01 1.031624e+02
5.363228e+01 9.537636e+01 1.032954e+02
5.362119e+01 9.527195e+01 1.034283e+02
5.361003e+01 9.516740e+01 1.035612e+02
5.359880e+01 9.506271e+01 1.036939e+02
5.358751e+01 9.495789e+01 1.038265e+02
5.357615e+01 9.485293e+01 1.039590e+02
5.356473e+01 9.474782e+01 1.040914e+02
5.355324e+01 9.464258e+01 1.042237e+02
5.354168e+01 9.453721e+01 1.043560e+02
5.353005e+01 9.443169e+01 1.044881e+02
5.351836e+01 9.432604e+01 1.046201e+02
5.350660e+01 9.422025e+01 1.047521e+02
5.349478e+01 9.411432e+01 1.048839e+02
5.348288e+01 9.400825e+01 1.050157e+02
5.347093e+01 9.390205e+01 1.051473e+02
5.345890e+01 9.379571e+01 1.052789e+02
5.344681e+01 9.368923e+01 1.054103e+02
5.343465e+01 9.358261e+01 1.055417e+02
5.342242e+01 9.347586e+01 1.056729e+02
5.341013e+01 9.336897e+01 1.058041e+02
5.339777e+01 9.326195e+01 1.059351e+02
5.338535e+01 9.315478e+01 1.060661e+02
5.337285e+01 9.304748e+01 1.061970e+02
5.336029e+01 9.294005e+01 1.063277e+02
5.334767e+01 9.283247e+01 1.064584e+02
5.333498e+01 9.272476e+01 1.065890e+02
5.332222e+01 9.261692e+01 1.067194e+02
5.330939e+01 9.250893e+01 1.068498e+02
5.329650e+01 9.240082e+01 1.069801e+02
5.328354e+01 9.229256e+01 1.071103e+02
5.327051e+01 9.218417e+01 1.072403e+02
5.325742e+01 9.207564e+01 1.073703e+02
5.324426e+01 9.196698e+01 1.075002e+02
5.323103e+01 9.185818e+01 1.076300e+02
5.321774e+01 9.174925e+01 1.077596e+02
5.320438e+01 9.164018e+01 1.078892e+02
5.319096e+01 9.153098e+01 1.080187e+02
5.317746e+01 9.142163e+01 1.081481e+02
5.316390e+01 9.131216e+01 1.082773e+02
5.315028e+01 9.120255e+01 1.084065e+02
5.313659e+01 9.109280e+01 1.085356e+02
5.312283e+01 9.098292e+01 1.086645e+02
5.310900e+01 9.087291e+01 1.087934e+02
5.309511e+01 9.076275e+01 1.089222e+02
5.308115e+01 9.065247e+01 1.090509e+02
5.306712e+01 9.054205e+01 1.091794e+02
5.305303e+01 9.043149e+01 1.093079e+02
5.303887e+01 9.032080e+01 1.094363e+02
5.302464e+01 9.020998e+01 1.095645e+02
5.301035e+01 9.009902e+01 1.096927e+02
5.299599e+01 8.998793e+01 1.098207e+02
5.298157e+01 8.987670e+01 1.099487e+02
5.296708e+01 8.976534e+01 1.100766e+02
5.295252e+01 8.965385e+01 1.102043e+02
5.293789e+01 8.954222e+01 1.103320e+02
5.292320e+01 8.943045e+01 1.104595e+02
5.290844e+01 8.931856e+01 1.105869e+02
5.289361e+01 8.920653e+01 1.107143e+02
5.287872e+01 8.909437e+01 1.108415e+02
5.286376e+01 8.898207e+01 1.109687e+02
5.284874e+01 8.886964e+01 1.110957e+02
5.283365e+01 8.875707e+01 1.112226e+02
5.281849e+01 8.864438e+01 1.113494e+02
5.280326e+01 8.853155e+01 1.114762e+02
5.278797e+01 8.841858e+01 1.116028e+02
5.277261e+01 8.830549e+01 1.117293e+02
5.275719e+01 8.819226e+01 1.118557e+02
5.274170e+01 8.807890e+01 1.119820e+02
5.272614e+01 8.796540e+01 1.121082e+02
5.271051e+01 8.785178e+01 1.122343e+02
5.269482e+01 8.773802e+01 1.123603e+02
5.267907e+01 8.762413e+01 1.124862e+02
5.266324e+01 8.751010e+01 1.126120e+02
5.264735e+01 8.739595e+01 1.127377e+02
5.263139e+01 8.728166e+01 1.128632e+02
5.261537e+01 8.716724e+01 1.129887e+02
5.259928e+01 8.705268e+01 1.131141e+02
5.258312e+01 8.693800e+01 1.132393e+02
5.256690e+01 8.682318e+01 1.133645e+02
5.255061e+01 8.670823e+01 1.134895e+02
5.253425e+01 8.659315e+01 1.136145e+02
5.251783e+01 8.647794e+01 1.137393e+02
5.250134e+01 8.636260e+01 1.138640e+02
5.248478e+01 8.624713e+01 1.139886e+02
5.246816e+01 8.613152e+01 1.141132e+02
5.245147e+01 8.601578e+01 1.142376e+02
5.243471e+01 8.589992e+01 1.143619e+02
5.241789e+01 8.578392e+01 1.144861e+02
5.240100e+01 8.566779e+01 1.146102e+02
5.238404e+01 8.555153e+01 1.147341e+02
5.236702e+01 8.543514e+01 1.148580e+02
5.234993e+01 8.531862e+01 1.149818e+02
5.233278e+01 8.520196e+01 1.151054e+02
5.231555e+01 8.508518e+01 1.152290e+02
5.229826e+01 8.496827e+01 1.153524e+02
5.228091e+01 8.485122e+01 1.154758e+02
5.226349e+01 8.473405e+01 1.155990e+02
5.224600e+01 8.461674e+01 1.157221e+02
5.222844e+01 8.449931e+01 1.158451e+02
5.221082e+01 8.438175e+01 1.159681e+02
5.219314e+01 8.426405e+01 1.160908e+02
5.217538e+01 8.414623e+01 1.162135e+02
5.215756e+01 8.402827e+01 1.163361e+02
5.213967e+01 8.391019e+01 1.164586e+02
5.212172e+01 8.379198e+01 1.165809e+02
5.210370e+01 8.367364e+01 1.167032e+02
5.208561e+01 8.355516e+01 1.168253e+02
5.206746e+01 8.343656e+01 1.169474e+02
5.204924e+01 8.331783e+01 1.170693e+02
5.203095e+01 8.319897e+01 1.171911e+02
5.201260e+01 8.307999e+01 1.173128e+02
5.199418e+01 8.296087e+01 1.174344e+02
5.197569e+01 8.284162e+01 1.175559e+02
5.195714e+01 8.272225e+01 1.176773e+02
5.193852e+01 8.260274e+01 1.177985e+02
5.191984e+01 8.248311e+01 1.179197e+02
5.190108e+01 8.236335e+01 1.180407e+02
5.188227e+01 8.224346e+01 1.181617e+02
5.186338e+01 8.212344e+01 1.182825e+02
5.184443e+01 8.200330e+01 1.184032e+02
5.182541e+01 8.188303e+01 1.185238e+02
5.180633e+01 8.176262e+01 1.186443e+02
5.178718e+01 8.164209e+01 1.187647e+02
5.176796e+01 8.152144e+01 1.188849e+02
5.174867e+01 8.140065e+01 1.190051e+02
5.172932e+01 8.127974e+01 1.191251e+02
5.170991e+01 8.115870e+01 1.192451e+02
5.169042e+01 8.103753e+01 1.193649e+02
5.167087e+01 8.091623e+01 1.194846e+02
5.165126e+01 8.079481e+01 1.196042e+02
5.163157e+01 8.067326e+01 1.197237e+02
5.161183e+01 8.055158e+01 1.198430e+02
5.159201e+01 8.042978e+01 1.199623e+02
5.157213e+01 8.030784e+01 1.200814e+02
5.155218e+01 8.018579e+01 1.202005e+02
5.153216e+01 8.006360e+01 1.203194e+02
5.151208e+01 7.994129e+01 1.204382e+02
5.149193e+01 7.981885e+01 1.205569e+02
5.147172e+01 7.969628e+01 1.206755e+02
5.145144e+01 7.957359e+01 1.207939e+02
5.143109e+01 7.945077e+01 1.209123e+02
5.141068e+01 7.932783e+01 1.210305e+02
5.139020e+01 7.920476e+01 1.211486e+02
5.136965e+01 7.908156e+01 1.212666e+02
5.134904e+01 7.895824e+01 1.213845e+02
5.132836e+01 7.883479e+01 1.215023e+02
5.130761e+01 7.871121e+01 1.216200e+02
5.128680e+01 7.858751e+01 1.217375e+02
5.126592e+01 7.846369e+01 1.218550e+02
5.124498e+01 7.833973e+01 1.219723e+02
5.122396e+01 7.821566e+01 1.220895e+02
5.120289e+01 7.809145e+01 1.222066e+02
5.118174e+01 7.796713e+01 1.223236e+02
5.116053e+01 7.784267e+01 1.224404e+02
5.113925e+01 7.771809e+01 1.225572e+02
5.111791e+01 7.759339e+01 1.226738e+02
5.109650e+01 7.746856e+01 1.227903e+02
5.107502e+01 7.734361e+01 1.229067e+02
5.105348e+01 7.721853e+01 1.230230e+02
5.103187e+01 7.709332e+01 1.231391e+02
5.101019e+01 7.696800e+01 1.232552e+02
5.098845e+01 7.684254e+01 1.233711e+02
5.096664e+01 7.671697e+01 1.234869e+02
5.094477e+01 7.659126e+01 1.236026e+02
5.092283e+01 7.646544e+01 1.237182e+02
5.090082e+01 7.633949e+01 1.238337e+02
5.087874e+01 7.621342e+01 1.239490e+02
5.085660e+01 7.608722e+01 1.240642e+02
5.083440e+01 7.596090e+01 1.241794e+02
5.081212e+01 7.583445e+01 1.242943e+02
5.078978e+01 7.570788e+01 1.244092e+02
5.076738e+01 7.558119e+01 1.245240e+02
5.074490e+01 7.545437e+01 1.246386e+02
5.072236e+01 7.532743e+01 1.247531e+02
5.069976e+01 7.520037e+01 1.248675e+02
5.067709e+01 7.507318e+01 1.249818e+02
5.065435e+01 7.494587e+01 1.250960e+02
5.063154e+01 7.481844e+01 1.252100e+02
5.060867e+01 7.469088e+01 1.253240e+02
5.058574e+01 7.456320e+01 1.254378e+02
5.056273e+01 7.443540e+01 1.255515e+02
5.053966e+01 7.430747e+01 1.256650e+02
5.051653e+01 7.417942e+01 1.257785e+02
5.049332e+01 7.405125e+01 1.258918e+02
5.047005e+01 7.392296e+01 1.260050e+02
5.044672e+01 7.379455e+01 1.261181e+02
5.042332e+01 7.366601e+01 1.262311e+02
5.039985e+01 7.353735e+01 1.263439e+02
5.037631e+01 7.340857e+01 1.264567e+02
5.035271e+01 7.327966e+01 1.265693e+02
5.032905e+01 7.315064e+01 1.266818e+02
5.030531e+01 7.302149e+01 1.267941e+02
5.028151e+01 7.289222e+01 1.269064e+02
5.025765e+01 7.276283e+01 1.270185e+02
5.023371e+01 7.263332e+01 1.271305e+02
5.020972e+01 7.250368e+01 1.272424e+02
5.018565e+01 7.237393e+01 1.273542e+02
5.016152e+01 7.224405e+01 1.274658e+02
5.013732e+01 7.211405e+01 1.275773e+02
5.011306e+01 7.198393e+01 1.276887e+02
5.008873e+01 7.185369e+01 1.278000e+02
5.006433e+01 7.172333e+01 1.279112e+02
5.003987e+01 7.159285e+01 1.280222e+02
5.001534e+01 7.146224e+01 1.281331e+02
4.999074e+01 7.133152e+01 1.282439e+02
4.996608e+01 7.120068e+01 1.283546e+02
4.994135e+01 7.106971e+01 1.284651e+02
4.991656e+01 7.093863e+01 1.285755e+02
4.989170e+01 7.080742e+01 1.286858e+02
4.986677e+01 7.067609e+01 1.287960e+02
4.984178e+01 7.054465e+01 1.289060e+02
4.981672e+01 7.041308e+01 1.290160e+02
4.979159e+01 7.028140e+01 1.291258e+02
4.976640e+01 7.014959e+01 1.292354e+02
4.974114e+01 7.001766e+01 1.293450e+02
4.971581e+01 6.988562e+01 1.294544e+02
4.969042e+01 6.975345e+01 1.295637e+02
4.966497e+01 6.962117e+01 1.296729e+02
4.963944e+01 6.948876e+01 1.297820e+02
4.961385e+01 6.935624e+01 1.298909e+02
4.958820e+01 6.922360e+01 1.299997e+02
4.956247e+01 6.909084e+01 1.301084e+02
4.953668e+01 6.895796e+01 1.302170e+02
4.951083e+01 6.882496e+01 1.303254e+02
4.948491e+01 6.869184e+01 1.304337e+02
4.945892e+01 6.855860e+01 1.305419e+02
4.943287e+01 6.842525e+01 1.306499e+02
4.940675e+01 6.829177e+01 1.307579e+02
4.938056e+01 6.815818e+01 1.308657e+02
4.935431e+01 6.802447e+01 1.309734e+02
4.932799e+01 6.789064e+01 1.310809e+02
4.930161e+01 6.775669e+01 1.311883e+02
4.927515e+01 6.762263e+01 1.312956e+02
4.924864e+01 6.748844e+01 1.314028e+02
4.922205e+01 6.735414e+01 1.315099e+02
4.919540e+01 6.721972e+01 1.316168e+02
4.916869e+01 6.708518e+01 1.317236e+02
4.914191e+01 6.695053e+01 1.318302e+02
4.911506e+01 6.681576e+01 1.319368e+02
4.908814e+01 6.668087e+01 1.320432e+02
4.906116e+01 6.654586e+01 1.321495e+02
4.903412e+01 6.641073e+01 1.322556e+02
4.900700e+01 6.627549e+01 1.323616e+02
4.897982e+01 6.614013e+01 1.324675e+02
4.895258e+01 6.600466e+01 1.325733e+02
4.892527e+01 6.586907e+01 1.326789e+02
4.889789e+01 6.573336e+01 1.327845e+02
4.887045e+01 6.559753e+01 1.328898e+02
4.884294e+01 6.546159e+01 1.329951e+02
4.881536e+01 6.532553e+01 1.331002e+02
4.878772e+01 6.518935e+01 1.332052e+02
4.876001e+01 6.505306e+01 1.333101e+02
4.873223e+01 6.491665e+01 1.334148e+02
4.870439e+01 6.478013e+01 1.335194e+02
4.867649e+01 6.464349e+01 1.336239e+02
4.864851e+01 6.450673e+01 1.337283e+02
4.862047e+01 6.436986e+01 1.338325e+02
4.859237e+01 6.423287e+01 1.339366e+02
4.856420e+01 6.409577e+01 1.340405e+02
4.853596e+01 6.395855e+01 1.341444e+02
4.850766e+01 6.382122e+01 1.342481e+02
4.847929e+01 6.368377e+01 1.343516e+02
4.845085e+01 6.354621e+01 1.344551e+02
4.842235e+01 6.340853e+01 1.345584e+02
4.839378e+01 6.327073e+01 1.346616e+02
4.836515e+01 6.313282e+01 1.347646e+02
4.833645e+01 6.299480e+01 1.348675e+02
4.830768e+01 6.285666e+01 1.349703e+02
4.827885e+01 6.271840e+01 1.350730e+02
4.824995e+01 6.258004e+01 1.351755e+02
4.822098e+01 6.244155e+01 1.352779e+02
4.819195e+01 6.230296e+01 1.353801e+02
4.816286e+01 6.216424e+01 1.354822e+02
4.813369e+01 6.202542e+01 1.355842e+02
4.810447e+01 6.188648e+01 1.356861e+02
4.807517e+01 6.174743e+01 1.357878e+02
4.804581e+01 6.160826e+01 1.358894e+02
4.801638e+01 6.146898e+01 1.359908e+02
4.798689e+01 6.132958e+01 1.360922e+02
4.795733e+01 6.119007e+01 1.361934e+02
4.792771e+01 6.105045e+01 1.362944e+02
4.789802e+01 6.091072e+01 1.363953e+02
4.786826e+01 6.077087e+01 1.364961e+02
4.783844e+01 6.063091e+01 1.365968e+02
4.780855e+01 6.049083e+01 1.366973e+02
4.777859e+01 6.035064e+01 1.367977e+02
4.774857e+01 6.021034e+01 1.368980e+02
4.771849e+01 6.006993e+01 1.369981e+02
4.768833e+01 5.992941e+01 1.370981e+02
4.765811e+01 5.978877e+01 1.371979e+02
4.762783e+01 5.964802e+01 1.372976e+02
4.759748e+01 5.950715e+01 1.373972e+02
4.756706e+01 5.936618e+01 1.374966e+02
4.753658e+01 5.922509e+01 1.375959e+02
4.750603e+01 5.908389e+01 1.376951e+02
4.747542e+01 5.894258e+01 1.377942e+02
4.744474e+01 5.880116e+01 1.378931e+02
4.741399e+01 5.865962e+01 1.379918e+02
4.738318e+01 5.851798e+01 1.380905e+02
4.735230e+01 5.837622e+01 1.381889e+02
4.732136e+01 5.823435e+01 1.382873e+02
4.729035e+01 5.809237e+01 1.383855e+02
4.725927e+01 5.795028e+01 1.384836e+02
4.722813e+01 5.780807e+01 1.385815e+02
4.719692e+01 5.766576e+01 1.386794e+02
4.716565e+01 5.752334e+01 1.387770e+02
4.713431e+01 5.738080e+01 1.388746e+02
4.710290e+01 5.723815e+01 1.389720e+02
4.707143e+01 5.709540e+01 1.390692e+02
4.703990e+01 5.695253e+01 1.391663e+02
4.700829e+01 5.680955e+01 1.392633e+02
4.697663e+01 5.666646e+01 1.393602e+02
4.694489e+01 5.652327e+01 1.394569e+02
4.691309e+01 5.637996e+01 1.395534e+02
4.688123e+01 5.623654e+01 1.396499e+02
4.684929e+01 5.609301e+01 1.397462e+02
4.681730e+01 5.594937e+01 1.398423e+02
4.678523e+01 5.580563e+01 1.399383e+02
4.675310e+01 5.566177e+01 1.400342e+02
4.672091e+01 5.551780e+01 1.401299e+02
4.668865e+01 5.537373e+01 1.402255e+02
4.665632e+01 5.522954e+01 1.403210e+02
4.662393e+01 5.508525e+01 1.404163e+02
4.659147e+01 5.494085e+01 1.405115e+02
4.655895e+01 5.479634e+01 1.406065e+02
4.652636e+01 5.465172e+01 1.407014e+02
4.649371e+01 5.450699e+01 1.407961e+02
4.646099e+01 5.436215e+01 1.408908e+02
4.642820e+01 5.421720e+01 1.409852e+02
4.639535e+01 5.407215e+01 1.410796e+02
4.636243e+01 5.392699e+01 1.411738e+02
4.632945e+01 5.378172e+01 1.412678e+02
4.629640e+01 5.363634e+01 1.413617e+02
4.626328e+01 5.349085e+01 1.414555e+02
4.623010e+01 5.334526e+01 1.415491e+02
4.619686e+01 5.319956e+01 1.416426e+02
4.616355e+01 5.305375e+01 1.417359e+02
4.613017e+01 5.290783e+01 1.418291e+02
4.609673e+01 5.276181e+01 1.419222e+02
4.606322e+01 5.261568e+01 1.420151e+02
4.602964e+01 5.246944e+01 1.421079e+02
4.599600e+01 5.232309e+01 1.422005e+02
4.596230e+01 5.217664e+01 1.422930e+02
4.592853e+01 5.203008e+01 1.423853e+02
4.589469e+01 5.188342e+01 1.424775e+02
4.586079e+01 5.173664e+01 1.425696e+02
4.582682e+01 5.158976e+01 1.426615e+02
4.579279e+01 5.144278e+01 1.427533e+02
4.575869e+01 5.129569e+01 1.428449e+02
4.572453e+01 5.114849e+01 1.429364e+02
4.569030e+01 5.100119e+01 1.430277e+02
4.565600e+01 5.085378e+01 1.431189e+02
4.562164e+01 5.070626e+01 1.432099e+02
4.558722e+01 5.055864e+01 1.433008e+02
4.555272e+01 5.041092e+01 1.433916e+02
4.551817e+01 5.026309e+01 1.434822e+02
4.548355e+01 5.011515e+01 1.435727e+02
4.544886e+01 4.996711e+01 1.436630e+02
4.541410e+01 4.981896e+01 1.437532e+02
4.537929e+01 4.967071e+01 1.438432e+02
4.534440e+01 4.952235e+01 1.439331e+02
4.530945e+01 4.937389e+01 1.440229e+02
4.527444e+01 4.922533e+01 1.441124e+02
4.523936e+01 4.907666e+01 1.442019e+02
4.520421e+01 4.892788e+01 1.442912e+02
4.516900e+01 4.877900e+01 1.443804e+02
4.513373e+01 4.863002e+01 1.444694e+02
4.509838e+01 4.848093e+01 1.445582e+02
4.506298e+01 4.833174e+01 1.446469e+02
4.502751e+01 4.818245e+01 1.447355e+02
4.499197e+01 4.803305e+01 1.448239e+02
4.495637e+01 4.788355e+01 1.449122e+02
4.492070e+01 4.773394e+01 1.450003e+02
4.488496e+01 4.758423e+01 1.450883e+02
4.484917e+01 4.743442e+01 1.451761e+02
4.481330e+01 4.728451e+01 1.452638e+02
4.477737e+01 4.713449e+01 1.453514e+02
4.474138e+01 4.698437e+01 1.454387e+02
4.470532e+01 4.683414e+01 1.455260e+02
4.466919e+01 4.668382e+01 1.456131e+02
4.463300e+01 4.653339e+01 1.457000e+02
4.459675e+01 4.638286e+01 1.457868e+02
4.456043e+01 4.623223e+01 1.458734e+02
4.452404e+01 4.608149e+01 1.459599e+02
4.448759e+01 4.593066e+01 1.460463e+02
4.445108e+01 4.577972e+01 1.461325e+02
4.441450e+01 4.562868e+01 1.462185e+02
4.437785e+01 4.547753e+01 1.463044e+02
4.434114e+01 4.532629e+01 1.463901e+02
4.430437e+01 4.517495e+01 1.464757e+02
4.426752e+01 4.502350e+01 1.465612e+02
4.423062e+01 4.487195e+01 1.466465e+02
4.419365e+01 4.472030e+01 1.467316e+02
4.415661e+01 4.456855e+01 1.468166e+02
4.411951e+01 4.441670e+01 1.469014e+02
4.408234e+01 4.426475e+01 1.469861e+02
4.404511e+01 4.411270e+01 1.470707e+02
4.400782e+01 4.396055e+01 1.471551e+02
4.397046e+01 4.380830e+01 1.472393e+02
4.393303e+01 4.365595e+01 1.473234e+02
4.389554e+01 4.350350e+01 1.474073e+02
4.385798e+01 4.335095e+01 1.474911e+02
4.382036e+01 4.319829e+01 1.475747e+02
4.378268e+01 4.304554e+01 1.476582e+02
4.374493e+01 4.289269e+01 1.477415e+02
4.370711e+01 4.273974e+01 1.478247e+02
4.366923e+01 4.258669e+01 1.479077e+02
4.363129e+01 4.243355e+01 1.479905e+02
4.359328e+01 4.228030e+01 1.480732e+02
4.355520e+01 4.212695e+01 1.481558e+02
4.351706e+01 4.197351e+01 1.482382e+02
4.347886e+01 4.181997e+01 1.483204e+02
4.344059e+01 4.166632e+01 1.484025e+02
4.340226e+01 4.151258e+01 1.484845e+02
4.336386e+01 4.135875e+01 1.485663e+02
4.332540e+01 4.120481e+01 1.486479e+02
4.328687e+01 4.105078e+01 1.487294e+02
4.324828e+01 4.089664e+01 1.488107e+02
4.320962e+01 4.074241e+01 1.488919e+02
4.317090e+01 4.058809e+01 1.489729e+02
4.313211e+01 4.043366e+01 1.490537e+02
4.309326e+01 4.027914e+01 1.491344e+02
4.305434e+01 4.012452e+01 1.492150e+02
4.301536e+01 3.996981e+01 1.492954e+02
4.297632e+01 3.981499e+01 1.493756e+02
4.293721e+01 3.966008e+01 1.494557e+02
4.289804e+01 3.950508e+01 1.495356e+02
4.285880e+01 3.934997e+01 1.496153e+02
4.281949e+01 3.919477e+01 1.496950e+02
4.278013e+01 3.903948e+01 1.497744e+02
4.274070e+01 3.888409e+01 1.498537e+02
4.270120e+01 3.872860e+01 1.499328e+02
4.266164e+01 3.857302e+01 1.500118e+02
4.262201e+01 3.841734e+01 1.500906e+02
4.258232e+01 3.826156e+01 1.501693e+02
4.254257e+01 3.810569e+01 1.502478e+02
4.250275e+01 3.794973e+01 1.503262e+02
4.246287e+01 3.779367e+01 1.504044e+02
4.242292e+01 3.763751e+01 1.504824e+02
4.238291e+01 3.748126e+01 1.505603e+02
4.234284e+01 3.732492e+01 1.506380e+02
4.230270e+01 3.716848e+01 1.507156e+02
4.226249e+01 3.701194e+01 1.507930e+02
4.222222e+01 3.685532e+01 1.508702e+02
4.218189e+01 3.669859e+01 1.509473e+02
4.214149e+01 3.654178e+01 1.510242e+02
4.210103e+01 3.638487e+01 1.511010e+02
4.206051e+01 3.622786e+01 1.511776e+02
4.201992e+01 3.607076e+01 1.512540e+02
4.197926e+01 3.591357e+01 1.513303e+02
4.193855e+01 3.575629e+01 1.514064e+02
4.189776e+01 3.559891e+01 1.514824e+02
4.185692e+01 3.544144e+01 1.515582e+02
4.181601e+01 3.528388e+01 1.516339e+02
4.177504e+01 3.512622e+01 1.517093e+02
4.173400e+01 3.496847e+01 1.517847e+02
4.169290e+01 3.481063e+01 1.518598e+02
4.165173e+01 3.465269e+01 1.519348e+02
4.161050e+01 3.449467e+01 1.520097e+02
4.156921e+01 3.433655e+01 1.520843e+02
4.152785e+01 3.417834e+01 1.521589e+02
4.148643e+01 3.402003e+01 1.522332e+02
4.144494e+01 3.386164e+01 1.523074e+02
4.140339e+01 3.370316e+01 1.523814e+02
4.136178e+01 3.354458e+01 1.524553e+02
4.132010e+01 3.338591e+01 1.525290e+02
4.127836e+01 3.322715e+01 1.526026e+02
4.123655e+01 3.306830e+01 1.526759e+02
4.119469e+01 3.290936e+01 1.527492e+02
4.115275e+01 3.275033e+01 1.528222e+02
4.111076e+01 3.259121e+01 1.528951e+02
4.106870e+01 3.243199e+01 1.529678e+02
4.102658e+01 3.227269e+01 1.530404e+02
4.098439e+01 3.211330e+01 1.531128e+02
4.094214e+01 3.195382e+01 1.531851e+02
4.089982e+01 3.179424e+01 1.532571e+02
4.085745e+01 3.163458e+01 1.533290e+02
4.081500e+01 3.147483e+01 1.534008e+02
4.077250e+01 3.131499e+01 1.534724e+02
4.072993e+01 3.115506e+01 1.535438e+02
4.068730e+01 3.099504e+01 1.536150e+02
4.064460e+01 3.083493e+01 1.536861e+02
4.060184e+01 3.067474e+01 1.537570e+02
4.055902e+01 3.051445e+01 1.538278e+02
4.051614e+01 3.035408e+01 1.538984e+02
4.047319e+01 3.019362e+01 1.539688e+02
4.043017e+01 3.003307e+01 1.540391e+02
4.038710e+01 2.987243e+01 1.541092e+02
4.034396e+01 2.971170e+01 1.541791e+02
4.030076e+01 2.955089e+01 1.542489e+02
4.025749e+01 2.938999e+01 1.543185e+02
4.021416e+01 2.922900e+01 1.543879e+02
4.017077e+01 2.906792e+01 1.544572e+02
4.012731e+01 2.890676e+01 1.545262e+02
4.008380e+01 2.874551e+01 1.545952e+02
4.004021e+01 2.858418e+01 1.546639e+02
3.999657e+01 2.842275e+01 1.547325e+02
3.995286e+01 2.826124e+01 1.548010e+02
3.990909e+01 2.809965e+01 1.548692e+02
3.986525e+01 2.793797e+01 1.549373e+02
3.982136e+01 2.777620e+01 1.550052e+02
3.977740e+01 2.761435e+01 1.550730e+02
3.973337e+01 2.745241e+01 1.551406e+02
3.968929e+01 2.729038e+01 1.552080e+02
3.964514e+01 2.712827e+01 1.552752e+02
3.960093e+01 2.696608e+01 1.553423e+02
3.955665e+01 2.680380e+01 1.554092e+02
3.951231e+01 2.664143e+01 1.554760e+02
3.946791e+01 2.647898e+01 1.555426e+02
3.942345e+01 2.631645e+01 1.556090e+02
3.937892e+01 2.615383e+01 1.556752e+02
3.933433e+01 2.599112e+01 1.557413e+02
3.928968e+01 2.582834e+01 1.558072e+02
3.924497e+01 2.566547e+01 1.558729e+02
3.920019e+01 2.550251e+01 1.559384e+02
3.915535e+01 2.533947e+01 1.560038e+02
3.911045e+01 2.517635e+01 1.560690e+02
3.906548e+01 2.501315e+01 1.561341e+02
3.902046e+01 2.484986e+01 1.561990e+02
3.897537e+01 2.468649e+01 1.562637e+02
3.893021e+01 2.452303e+01 1.563282e+02
3.888500e+01 2.435949e+01 1.563925e+02
3.883972e+01 2.419587e+01 1.564567e+02
3.879438e+01 2.403217e+01 1.565208e+02
3.874898e+01 2.386839e+01 1.565846e+02
3.870351e+01 2.370452e+01 1.566483e+02
3.865799e+01 2.354057e+01 1.567118e+02
3.861240e+01 2.337654e+01 1.567751e+02
3.856674e+01 2.321243e+01 1.568383e+02
3.852103e+01 2.304824e+01 1.569012e+02
3.847525e+01 2.288397e+01 1.569641e+02
3.842941e+01 2.271961e+01 1.570267e+02
3.838351e+01 2.255518e+01 1.570892e+02
3.833755e+01 2.239066e+01 1.571515e+02
3.829153e+01 2.222606e+01 1.572136e+02
3.824544e+01 2.206139e+01 1.572755e+02
3.819929e+01 2.189663e+01 1.573373e+02
3.815308e+01 2.173179e+01 1.573989e+02
3.810680e+01 2.156687e+01 1.574603e+02
3.806047e+01 2.140188e+01 1.575216e+02
3.801407e+01 2.123680e+01 1.575826e+02
3.796761e+01 2.107164e+01 1.576435e+02
3.792109e+01 2.090641e+01 1.577043e+02
3.787451e+01 2.074109e+01 1.577648e+02
3.782786e+01 2.057570e+01 1.578252e+02
3.778116e+01 2.041023e+01 1.578854e+02
3.773439e+01 2.024468e+01 1.579454e+02
3.768756e+01 2.007905e+01 1.580053e+02
3.764066e+01 1.991334e+01 1.580650e+02
3.759371e+01 1.974756e+01 1.581245e+02
3.754670e+01 1.958169e+01 1.581838e+02
3.749962e+01 1.941575e+01 1.582429e+02
3.745248e+01 1.924973e+01 1.583019e+02
3.740528e+01 1.908364e+01 1.583607e+02
3.735802e+01 1.891746e+01 1.584193e+02
3.731070e+01 1.875121e+01 1.584778e+02
3.726331e+01 1.858489e+01 1.585360e+02
3.721586e+01 1.841848e+01 1.585941e+02
3.716836e+01 1.825200e+01 1.586520e+02
3.712079e+01 1.808545e+01 1.587098e+02
3.707316e+01 1.791881e+01 1.587673e+02
3.702547e+01 1.775211e+01 1.588247e+02
3.697771e+01 1.758532e+01 1.588819e+02
3.692990e+01 1.741846e+01 1.589389e+02
3.688202e+01 1.725153e+01 1.589958e+02
3.683409e+01 1.708451e+01 1.590525e+02
3.678609e+01 1.691743e+01 1.591089e+02
3.673803e+01 1.675027e+01 1.591653e+02
3.668991e+01 1.658303e+01 1.592214e+02
3.664173e+01 1.641572e+01 1.592774e+02
3.659349e+01 1.624834e+01 1.593331e+02
3.654518e+01 1.608088e+01 1.593887e+02
3.649682e+01 1.591335e+01 1.594441e+02
3.644840e+01 1.574574e+01 1.594994e+02
3.639991e+01 1.557806e+01 1.595544e+02
3.635136e+01 1.541030e+01 1.596093e+02
3.630276e+01 1.524248e+01 1.596640e+02
3.625409e+01 1.507458e+01 1.597185e+02
3.620536e+01 1.490660e+01 1.597729e+02
3.615657e+01 1.473856e+01 1.598270e+02
3.610772e+01 1.457044e+01 1.598810e+02
3.605881e+01 1.440225e+01 1.599348e+02
3.600984e+01 1.423398e+01 1.599884e+02
3.596081e+01 1.406565e+01 1.600419e+02
3.591171e+01 1.389724e+01 1.600951e+02
3.586256e+01 1.372876e+01 1.601482e+02
3.581335e+01 1.356021e+01 1.602011e+02
3.576407e+01 1.339159e+01 1.602538e+02
3.571474e+01 1.322289e+01 1.603064e+02
3.566534e+01 1.305413e+01 1.603587e+02
3.561589e+01 1.288529e+01 1.604109e+02
3.556637e+01 1.271639e+01 1.604629e+02
3.551680e+01 1.254741e+01 1.605147e+02
3.546716e+01 1.237837e+01 1.605663e+02
3.541746e+01 1.220925e+01 1.606177e+02
3.536771e+01 1.204006e+01 1.606690e+02
3.531789e+01 1.187081e+01 1.607201e+02
3.526802e+01 1.170148e+01 1.607709e+02
3.521808e+01 1.153209e+01 1.608217e+02
3.516808e+01 1.136262e+01 1.608722e+02
3.511803e+01 1.119309e+01 1.609225e+02
3.506791e+01 1.102349e+01 1.609727e+02
3.501773e+01 1.085382e+01 1.610226e+02
3.496750e+01 1.068408e+01 1.610724e+02
3.491720e+01 1.051427e+01 1.611220e+02
3.486685e+01 1.034440e+01 1.611715e+02
3.481643e+01 1.017445e+01 1.612207e+02
3.476596e+01 1.000444e+01 1.612698e+02
3.471542e+01 9.834363e+00 1.613186e+02
3.466483e+01 9.664218e+00 1.613673e+02
3.461418e+01 9.494006e+00 1.614158e+02
3.456346e+01 9.323726e+00 1.614641e+02
3.451269e+01 9.153380e+00 1.615122e+02
3.446186e+01 8.982968e+00 1.615602e+02
3.441097e+01 8.812489e+00 1.616079e+02
3.436002e+01 8.641944e+00 1.616555e+02
3.430901e+01 8.471333e+00 1.617029e+02
3.425794e+01 8.300657e+00 1.617501e+02
3.420681e+01 8.129915e+00 1.617971e+02
3.415562e+01 7.959107e+00 1.618439e+02
3.410437e+01 7.788234e+00 1.618906e+02
3.405307e+01 7.617297e+00 1.619370e+02
3.400170e+01 7.446294e+00 1.619833e+02
3.395028e+01 7.275227e+00 1.620294e+02
3.389879e+01 7.104096e+00 1.620753e+02
3.384725e+01 6.932900e+00 1.621210e+02
3.379565e+01 6.761640e+00 1.621665e+02
3.374399e+01 6.590317e+00 1.622119e+02
3.369227e+01 6.418930e+00 1.622570e+02
3.364049e+01 6.247479e+00 1.623020e+02
3.358866e+01 6.075966e+00 1.623467e+02
3.353676e+01 5.904389e+00 1.623913e+02
3.348481e+01 5.732749e+00 1.624357e+02
3.343279e+01 5.561047e+00 1.624799e+02
3.338072e+01 5.389282e+00 1.625239e+02
3.332859e+01 5.217455e+00 1.625678e+02
3.327641e+01 5.045566e+00 1.626114e+02
3.322416e+01 4.873616e+00 1.626549e+02
3.317185e+01 4.701603e+00 1.626981e+02
3.311949e+01 4.529529e+00 1.627412e+02
3.306707e+01 4.357394e+00 1.627841e+02
3.301459e+01 4.185198e+00 1.628268e+02
3.296205e+01 4.012940e+00 1.628693e+02
3.290945e+01 3.840623e+00 1.629116e+02
3.285680e+01 3.668244e+00 1.629537e+02
3.280409e+01 3.495806e+00 1.629957e+02
3.275132e+01 3.323307e+00 1.630374e+02
3.269849e+01 3.150749e+00 1.630790e+02
3.264560e+01 2.978130e+00 1.631203e+02
3.259266e+01 2.805453e+00 1.631615e+02
3.253965e+01 2.632716e+00 1.632025e+02
3.248659e+01 2.459920e+00 1.632433e+02
3.243348e+01 2.287065e+00 1.632839e+02
3.238030e+01 2.114152e+00 1.633243e+02
3.232707e+01 1.941180e+00 1.633645e+02
3.227377e+01 1.768149e+00 1.634046e+02
3.222043e+01 1.595061e+00 1.634444e+02
3.216702e+01 1.421915e+00 1.634840e+02
3.211355e+01 1.248711e+00 1.635235e+02
3.206003e+01 1.075450e+00 1.635628e+02
3.200645e+01 9.021315e-01 1.636018e+02
3.195282e+01 7.287560e-01 1.636407e+02
3.189912e+01 5.553237e-01 1.636794e+02
3.184537e+01 3.818347e-01 1.637179e+02
3.179156e+01 2.082893e-01 1.637562e+02
3.173770e+01 3.468771e-02 1.637943e+02
3.168378e+01 -1.389699e-01 1.638322e+02
3.162980e+01 -3.126832e-01 1.638700e+02
3.157576e+01 -4.864522e-01 1.639075e+02
3.152167e+01 -6.602766e-01 1.639448e+02
3.146752e+01 -8.341562e-01 1.639820e+02
3.141331e+01 -1.008091e+00 1.640189e+02
3.135904e+01 -1.182080e+00 1.640557e+02
3.130472e+01 -1.356124e+00 1.640922e+02
3.125034e+01 -1.530222e+00 1.641286e+02
3.119591e+01 -1.704375e+00 1.641648e+02
3.114142e+01 -1.878581e+00 1.642008e+02
3.108687e+01 -2.052841e+00 1.642366e+02
3.103226e+01 -2.227155e+00 1.642721e+02
3.097760e+01 -2.401522e+00 1.643075e+02
3.092288e+01 -2.575942e+00 1.643427e+02
3.086811e+01 -2.750415e+00 1.643778e+02
3.081328e+01 -2.924940e+00 1.644126e+02
3.075839e+01 -3.099518e+00 1.644472e+02
3.070345e+01 -3.274149e+00 1.644816e+02
3.064845e+01 -3.448831e+00 1.645158e+02
3.059339e+01 -3.623565e+00 1.645499e+02
3.053828e+01 -3.798351e+00 1.645837e+02
3.048311e+01 -3.973188e+00 1.646174e+02
3.042789e+01 -4.148077e+00 1.646508e+02
3.037261e+01 -4.323016e+00 1.646840e+02
3.031727e+01 -4.498006e+00 1.647171e+02
3.026188e+01 -4.673047e+00 1.647500e+02
3.020643e+01 -4.848138e+00 1.647826e+02
3.015093e+01 -5.023280e+00 1.648151e+02
3.009537e+01 -5.198471e+00 1.648473e+02
3.003976e+01 -5.373712e+00 1.648794e+02
2.998409e+01 -5.549002e+00 1.649113e+02
2.992836e+01 -5.724342e+00 1.649430e+02
2.987258e+01 -5.899730e+00 1.649744e+02
2.981674e+01 -6.075168e+00 1.650057e+02
2.976085e+01 -6.250654e+00 1.650368e+02
2.970490e+01 -6.426189e+00 1.650677e+02
2.964890e+01 -6.601771e+00 1.650984e+02
2.959284e+01 -6.777402e+00 1.651289e+02
2.953672e+01 -6.953081e+00 1.651592e+02
2.948056e+01 -7.128807e+00 1.651893e+02
2.942433e+01 -7.304580e+00 1.652192e+02
2.936805e+01 -7.480400e+00 1.652489e+02
2.931172e+01 -7.656268e+00 1.652784e+02
2.925533e+01 -7.832182e+00 1.653077e+02
2.919889e+01 -8.008142e+00 1.653368e+02
2.914239e+01 -8.184149e+00 1.653657e+02
2.908583e+01 -8.360202e+00 1.653944e+02
2.902922e+01 -8.536300e+00 1.654229e+02
2.897256e+01 -8.712444e+00 1.654512e+02
2.891584e+01 -8.888633e+00 1.654793e+02
2.885907e+01 -9.064868e+00 1.655072e+02
2.880225e+01 -9.241147e+00 1.655349e+02
2.874536e+01 -9.417471e+00 1.655624e+02
2.868843e+01 -9.593840e+00 1.655897e+02
2.863144e+01 -9.770253e+00 1.656169e+02
2.857439e+01 -9.946710e+00 1.656438e+02
2.851730e+01 -1.012321e+01 1.656705e+02
2.846014e+01 -1.029975e+01 1.656970e+02
2.840294e+01 -1.047634e+01 1.657233e+02
2.834568e+01 -1.065297e+01 1.657494e+02
2.828836e+01 -1.082965e+01 1.657753e+02
2.823099e+01 -1.100636e+01 1.658010e+02
2.817357e+01 -1.118312e+01 1.658265e+02
2.811609e+01 -1.135992e+01 1.658518e+02
2.805856e+01 -1.153676e+01 1.658769e+02
2.800098e+01 -1.171365e+01 1.659018e+02
2.794334e+01 -1.189058e+01 1.659265e+02
2.788565e+01 -1.206754e+01 1.659510e+02
2.782790e+01 -1.224455e+01 1.659753e+02
2.777010e+01 -1.242160e+01 1.659994e+02
2.771225e+01 -1.259869e+01 1.660233e+02
2.765435e+01 -1.277582e+01 1.660470e+02
2.759639e+01 -1.295299e+01 1.660705e+02
2.753838e+01 -1.313020e+01 1.660938e+02
2.748031e+01 -1.330745e+01 1.661169e+02
2.742219e+01 -1.348474e+01 1.661398e+02
2.736402e+01 -1.366207e+01 1.661624e+02
2.730580e+01 -1.383944e+01 1.661849e+02
2.724752e+01 -1.401685e+01 1.662072e+02
2.718919e+01 -1.419430e+01 1.662293e+02
2.713080e+01 -1.437178e+01 1.662511e+02
2.707237e+01 -1.454930e+01 1.662728e+02
2.701388e+01 -1.472686e+01 1.662943e+02
2.695534e+01 -1.490446e+01 1.663155e+02
2.689674e+01 -1.508210e+01 1.663366e+02
2.683810e+01 -1.525977e+01 1.663574e+02
2.677940e+01 -1.543748e+01 1.663781e+02
2.672064e+01 -1.561522e+01 1.663985e+02
2.666184e+01 -1.579301e+01 1.664188e+02
2.660298e+01 -1.597083e+01 1.664388e+02
2.654407e+01 -1.614868e+01 1.664586e+02
2.648511e+01 -1.632657e+01 1.664782e+02
2.642610e+01 -1.650450e+01 1.664977e+02
2.636703e+01 -1.668246e+01 1.665169e+02
2.630792e+01 -1.686046e+01 1.665359e+02
2.624875e+01 -1.703849e+01 1.665547e+02
2.618953e+01 -1.721656e+01 1.665733e+02
2.613025e+01 -1.739466e+01 1.665917e+02
2.607093e+01 -1.757280e+01 1.666099e+02
2.601155e+01 -1.775097e+01 1.666279e+02
2.595212e+01 -1.792917e+01 1.666457e+02
2.589264e+01 -1.810741e+01 1.666633e+02
2.583311e+01 -1.828568e+01 1.666806e+02
2.577353e+01 -1.846398e+01 1.666978e+02
2.571389e+01 -1.864231e+01 1.667148e+02
2.565421e+01 -1.882068e+01 1.667315e+02
2.559447e+01 -1.899908e+01 1.667481e+02
2.553468e+01 -1.917752e+01 1.667644e+02
2.547484e+01 -1.935598e+01 1.667805e+02
2.541495e+01 -1.953448e+01 1.667965e+02
2.535501e+01 -1.971301e+01 1.668122e+02
2.529502e+01 -1.989156e+01 1.668277e+02
2.523497e+01 -2.007015e+01 1.668430e+02
2.517488e+01 -2.024878e+01 1.668581e+02
2.511473e+01 -2.042743e+01 1.668730e+02
2.505454e+01 -2.060611e+01 1.668877e+02
2.499429e+01 -2.078482e+01 1.669022e+02
2.493399e+01 -2.096356e+01 1.669165e+02
2.487365e+01 -2.114233e+01 1.669306e+02
2.481325e+01 -2.132113e+01 1.669444e+02
2.475280e+01 -2.149996e+01 1.669581e+02
2.469230e+01 -2.167882e+01 1.669715e+02
2.463175e+01 -2.185770e+01 1.669848e+02
2.457115e+01 -2.203662e+01 1.669978e+02
2.451050e+01 -2.221556e+01 1.670106e+02
2.444980e+01 -2.239453e+01 1.670232e+02
2.438905e+01 -2.257353e+01 1.670356e+02
2.432825e+01 -2.275255e+01 1.670478e+02
2.426740e+01 -2.293160e+01 1.670598e+02
2.420650e+01 -2.311068e+01 1.670716e+02
2.414555e+01 -2.328979e+01 1.670832e+02
2.408455e+01 -2.346892e+01 1.670945e+02
2.402350e+01 -2.364808e+01 1.671057e+02
2.396241e+01 -2.382726e+01 1.671167e+02
2.390126e+01 -2.400647e+01 1.671274e+02
2.384006e+01 -2.418571e+01 1.671379e+02
2.377882e+01 -2.436497e+01 1.671482e+02
2.371752e+01 -2.454425e+01 1.671584e+02
2.365617e+01 -2.472356e+01 1.671683e+02
2.359478e+01 -2.490290e+01 1.671780e+02
2.353334e+01 -2.508225e+01 1.671874e+02
2.347184e+01 -2.526164e+01 1.671967e+02
2.341030e+01 -2.544104e+01 1.672058e+02
2.334871e+01 -2.562047e+01 1.672146e+02
2.328707e+01 -2.579993e+01 1.672233e+02
2.322539e+01 -2.597940e+01 1.672317e+02
2.316365e+01 -2.615890e+01 1.672399e+02
2.310187e+01 -2.633842e+01 1.672480e+02
2.304003e+01 -2.651796e+01 1.672558e+02
2.297815e+01 -2.669753e+01 1.672634e+02
2.291622e+01 -2.687712e+01 1.672707e+02
2.285424e+01 -2.705672e+01 1.672779e+02
2.279221e+01 -2.723635e+01 1.672849e+02
2.273014e+01 -2.741600e+01 1.672916e+02
2.266801e+01 -2.759568e+01 1.672982e+02
2.260584e+01 -2.777537e+01 1.673045e+02
2.254362e+01 -2.795508e+01 1.673106e+02
2.248136e+01 -2.813481e+01 1.673165e+02
2.241904e+01 -2.831456e+01 1.673222e+02
2.235668e+01 -2.849433e+01 1.673277e+02
2.229427e+01 -2.867412e+01 1.673330e+02
2.223181e+01 -2.885393e+01 1.673381e+02
2.216930e+01 -2.903376e+01 1.673429e+02
2.210675e+01 -2.921361e+01 1.673475e+02
2.204415e+01 -2.939347e+01 1.673520e+02
2.198150e+01 -2.957336e+01 1.673562e+02
2.191881e+01 -2.975326e+01 1.673602e+02
2.185606e+01 -2.993318e+01 1.673640e+02
2.179327e+01 -3.011311e+01 1.673676e+02
2.173044e+01 -3.029307e+01 1.673709e+02
2.166755e+01 -3.047303e+01 1.673741e+02
2.160462e+01 -3.065302e+01 1.673770e+02
2.154164e+01 -3.083302e+01 1.673798e+02
2.147862e+01 -3.101304e+01 1.673823e+02
2.141555e+01 -3.119308e+01 1.673846e+02
2.135243e+01 -3.137312e+01 1.673867e+02
2.128927e+01 -3.155319e+01 1.673886e+02
2.122605e+01 -3.173327e+01 1.673903e+02
2.116280e+01 -3.191336e+01 1.673917e+02
2.109949e+01 -3.209347e+01 1.673929e+02
2.103614e+01 -3.227360e+01 1.673940e+02
2.097275e+01 -3.245373e+01 1.673948e+02
2.090930e+01 -3.263388e+01 1.673954e+02
2.084582e+01 -3.281405e+01 1.673958e+02
2.078228e+01 -3.299423e+01 1.673960e+02
2.071870e+01 -3.317442e+01 1.673959e+02
2.065508e+01 -3.335462e+01 1.673957e+02
2.059140e+01 -3.353484e+01 1.673952e+02
2.052769e+01 -3.371506e+01 1.673945e+02
2.046392e+01 -3.389530e+01 1.673936e+02
2.040011e+01 -3.407556e+01 1.673925e+02
2.033626e+01 -3.425582e+01 1.673912e+02
2.027236e+01 -3.443609e+01 1.673897e+02
2.020842e+01 -3.461638e+01 1.673879e+02
2.014443e+01 -3.479667e+01 1.673860e+02
2.008039e+01 -3.497698e+01 1.673838e+02
2.001631e+01 -3.515730e+01 1.673814e+02
1.995218e+01 -3.533762e+01 1.673788e+02
1.988801e+01 -3.551796e+01 1.673760e+02
1.982380e+01 -3.569831e+01 1.673730e+02
1.975954e+01 -3.587866e+01 1.673697e+02
1.969523e+01 -3.605902e+01 1.673662e+02
1.963088e+01 -3.623940e+01 1.673626e+02
1.956649e+01 -3.641978e+01 1.673587e+02
1.950205e+01 -3.660017e+01 1.673546e+02
1.943757e+01 -3.678056e+01 1.673502e+02
1.937304e+01 -3.696097e+01 1.673457e+02
1.930847e+01 -3.714138e+01 1.673410e+02
1.924386e+01 -3.732180e+01 1.673360e+02
1.917920e+01 -3.750222e+01 1.673308e+02
1.911449e+01 -3.768265e+01 1.673254e+02
1.904974e+01 -3.786309e+01 1.673198e+02
1.898495e+01 -3.804354e+01 1.673140e+02
1.892012e+01 -3.822399e+01 1.673079e+02
1.885524e+01 -3.840444e+01 1.673017e+02
1.879032e+01 -3.858490e+01 1.672952e+02
1.872535e+01 -3.876537e+01 1.672885e+02
1.866034e+01 -3.894584e+01 1.672816e+02
1.859529e+01 -3.912632e+01 1.672745e+02
1.853019e+01 -3.930680e+01 1.672671e+02
1.846505e+01 -3.948728e+01 1.672596e+02
1.839987e+01 -3.966777e+01 1.672518e+02
1.833464e+01 -3.984826e+01 1.672438e+02
1.826937e+01 -4.002875e+01 1.672356e+02
1.820406e+01 -4.020925e+01 1.672272e+02
1.813871e+01 -4.038975e+01 1.672185e+02
1.807331e+01 -4.057025e+01 1.672097e+02
1.800787e+01 -4.075075e+01 1.672006e+02
1.794239e+01 -4.093126e+01 1.671913e+02
1.787686e+01 -4.111177e+01 1.671818e+02
1.781130e+01 -4.129228e+01 1.671721e+02
1.774569e+01 -4.147279e+01 1.671622e+02
1.768003e+01 -4.165330e+01 1.671520e+02
1.761434e+01 -4.183381e+01 1.671416e+02
1.754860e+01 -4.201432e+01 1.671310e+02
1.748282e+01 -4.219483e+01 1.671202e+02
1.741700e+01 -4.237534e+01 1.671092e+02
1.735114e+01 -4.255585e+01 1.670980e+02
1.728524e+01 -4.273636e+01 1.670865e+02
1.721929e+01 -4.291687e+01 1.670748e+02
1.715330e+01 -4.309738e+01 1.670629e+02
1.708727e+01 -4.327789e+01 1.670508e+02
1.702120e+01 -4.345839e+01 1.670385e+02
1.695509e+01 -4.363889e+01 1.670260e+02
1.688894e+01 -4.381939e+01 1.670132e+02
1.682274e+01 -4.399989e+01 1.670002e+02
1.675651e+01 -4.418038e+01 1.669870e+02
1.669023e+01 -4.436088e+01 1.669736e+02
1.662391e+01 -4.454136e+01 1.669600e+02
1.655756e+01 -4.472185e+01 1.669461e+02
1.649116e+01 -4.490233e+01 1.669321e+02
1.642472e+01 -4.508281e+01 1.669178e+02
1.635824e+01 -4.526328e+01 1.669033e+02
1.629171e+01 -4.544374e+01 1.668885e+02
1.622515e+01 -4.562421e+01 1.668736e+02
1.615855e+01 -4.580466e+01 1.668584e+02
1.609191e+01 -4.598511e+01 1.668431e+02
1.602523e+01 -4.616556e+01 1.668275e+02
1.595850e+01 -4.634600e+01 1.668117e+02
1.589174e+01 -4.652643e+01 1.667956e+02
1.582494e+01 -4.670686e+01 1.667794e+02
1.575809e+01 -4.688728e+01 1.667629e+02
1.569121e+01 -4.706769e+01 1.667462e+02
1.562429e+01 -4.724810e+01 1.667293e+02
1.555733e+01 -4.742849e+01 1.667122e+02
1.549032e+01 -4.760888e+01 1.666948e+02
1.542328e+01 -4.778926e+01 1.666773e+02
1.535620e+01 -4.796964e+01 1.666595e+02
1.528908e+01 -4.815000e+01 1.666415e+02
1.522192e+01 -4.833036e+01 1.666233e+02
1.515473e+01 -4.851070e+01 1.666048e+02
1.508749e+01 -4.869104e+01 1.665862e+02
1.502021e+01 -4.887137e+01 1.665673e+02
1.495290e+01 -4.905168e+01 1.665482e+02
1.488554e+01 -4.923199e+01 1.665289e+02
1.481815e+01 -4.941228e+01 1.665094e+02
1.475072e+01 -4.959257e+01 1.664896e+02
1.468325e+01 -4.977284e+01 1.664696e+02
1.461574e+01 -4.995310e+01 1.664494e+02
1.454820e+01 -5.013335e+01 1.664290e+02
1.448061e+01 -5.031359e+01 1.664084e+02
1.441299e+01 -5.049382e+01 1.663875e+02
1.434533e+01 -5.067403e+01 1.663665e+02
1.427763e+01 -5.085423e+01 1.663452e+02
1.420989e+01 -5.103442e+01 1.663237e+02
1.414212e+01 -5.121459e+01 1.663019e+02
1.407431e+01 -5.139475e+01 1.662800e+02
1.400646e+01 -5.157490e+01 1.662578e+02
1.393857e+01 -5.175503e+01 1.662354e+02
1.387064e+01 -5.193515e+01 1.662128e+02
1.380268e+01 -5.211526e+01 1.661900e+02
1.373468e+01 -5.229534e+01 1.661670e+02
1.366664e+01 -5.247542e+01 1.661437e+02
1.359857e+01 -5.265548e+01 1.661202e+02
1.353046e+01 -5.283552e+01 1.660965e+02
1.346231e+01 -5.301554e+01 1.660726e+02
1.339413e+01 -5.319555e+01 1.660484e+02
1.332590e+01 -5.337555e+01 1.660241e+02
1.325765e+01 -5.355552e+01 1.659995e+02
1.318935e+01 -5.373548e+01 1.659747e+02
1.312102e+01 -5.391542e+01 1.659496e+02
1.305265e+01 -5.409535e+01 1.659244e+02
1.298425e+01 -5.427525e+01 1.658989e+02
1.291581e+01 -5.445514e+01 1.658732e+02
1.284733e+01 -5.463501e+01 1.658473e+02
1.277882e+01 -5.481486e+01 1.658212e+02
1.271027e+01 -5.499469e+01 1.657948e+02
1.264168e+01 -5.517451e+01 1.657683e+02
1.257306e+01 -5.535430e+01 1.657415e+02
1.250441e+01 -5.553407e+01 1.657145e+02
1.243572e+01 -5.571382e+01 1.656872e+02
1.236699e+01 -5.589356e+01 1.656598e+02
1.229823e+01 -5.607327e+01 1.656321e+02
1.222943e+01 -5.625296e+01 1.656042e+02
1.216059e+01 -5.643263e+01 1.655761e+02
1.209173e+01 -5.661228e+01 1.655478e+02
1.202282e+01 -5.679190e+01 1.655192e+02
1.195388e+01 -5.697151e+01 1.654905e+02
1.188491e+01 -5.715109e+01 1.654615e+02
1.181590e+01 -5.733065e+01 1.654322e+02
1.174686e+01 -5.751018e+01 1.654028e+02
1.167778e+01 -5.768970e+01 1.653732e+02
1.160867e+01 -5.786919e+01 1.653433e+02
1.153953e+01 -5.804865e+01 1.653132e+02
1.147034e+01 -5.822809e+01 1.652829e+02
1.140113e+01 -5.840751e+01 1.652523e+02
1.133188e+01 -5.858690e+01 1.652215e+02
1.126260e+01 -5.876627e+01 1.651906e+02
1.119328e+01 -5.894562e+01 1.651594e+02
1.112393e+01 -5.912493e+01 1.651279e+02
1.105455e+01 -5.930423e+01 1.650963e+02
1.098513e+01 -5.948349e+01 1.650644e+02
1.091568e+01 -5.966273e+01 1.650323e+02
1.084619e+01 -5.984194e+01 1.650000e+02
1.077667e+01 -6.002113e+01 1.649675e+02
1.070712e+01 -6.020029e+01 1.649347e+02
1.063754e+01 -6.037942e+01 1.649018e+02
1.056792e+01 -6.055853e+01 1.648686e+02
1.049827e+01 -6.073761e+01 1.648352e+02
1.042858e+01 -6.091665e+01 1.648015e+02
1.035886e+01 -6.109567e+01 1.647677e+02
1.028911e+01 -6.127467e+01 1.647336e+02
1.021933e+01 -6.145363e+01 1.646993e+02
1.014952e+01 -6.163256e+01 1.646648e+02
1.007967e+01 -6.181147e+01 1.646300e+02
1.000979e+01 -6.199034e+01 1.645951e+02
9.939878e+00 -6.216919e+01 1.645599e+02
9.869933e+00 -6.234800e+01 1.645245e+02
9.799957e+00 -6.252678e+01 1.644889e+02
9.729949e+00 -6.270553e+01 1.644530e+02
9.659909e+00 -6.288426e+01 1.644170e+02
9.589837e+00 -6.306295e+01 1.643807e+02
9.519733e+00 -6.324160e+01 1.643442e+02
9.449598e+00 -6.342023e+01 1.643074e+02
9.379431e+00 -6.359882e+01 1.642705e+02
9.309233e+00 -6.377738e+01 1.642333e+02
9.239003e+00 -6.395591e+01 1.641959e+02
9.168743e+00 -6.413441e+01 1.641583e+02
9.098451e+00 -6.431287e+01 1.641204e+02
9.028128e+00 -6.449130e+01 1.640824e+02
8.957774e+00 -6.466969e+01 1.640441e+02
8.887390e+00 -6.484805e+01 1.640056e+02
8.816974e+00 -6.502638e+01 1.639669e+02
8.746528e+00 -6.520467e+01 1.639279e+02
8.676052e+00 -6.538292e+01 1.638888e+02
8.605545e+00 -6.556114e+01 1.638494e+02
8.535008e+00 -6.573933e+01 1.638098e+02
8.464440e+00 -6.591748e+01 1.637699e+02
8.393843e+00 -6.609559e+01 1.637299e+02
8.323215e+00 -6.627366e+01 1.636896e+02
8.252557e+00 -6.645170e+01 1.636491e+02
8.181869e+00 -6.662971e+01 1.636084e+02
8.111152e+00 -6.680767e+01 1.635675e+02
8.040405e+00 -6.698560e+01 1.635263e+02
7.969629e+00 -6.716349e+01 1.634849e+02
7.898823e+00 -6.734134e+01 1.634433e+02
7.827987e+00 -6.751915e+01 1.634015e+02
7.757122e+00 -6.769693e+01 1.633594e+02
7.686229e+00 -6.787466e+01 1.633172e+02
7.615306e+00 -6.805236e+01 1.632747e+02
7.544354e+00 -6.823002e+01 1.632320e+02
7.473373e+00 -6.840763e+01 1.631891e+02
7.402363e+00 -6.858521e+01 1.631459e+02
7.331325e+00 -6.876275e+01 1.631025e+02
7.260258e+00 -6.894024e+01 1.630589e+02
7.189163e+00 -6.911770e+01 1.630151e+02
7.118039e+00 -6.929511e+01 1.629711e+02
7.046887e+00 -6.947248e+01 1.629268e+02
6.975707e+00 -6.964981e+01 1.628824e+02
6.904498e+00 -6.982710e+01 1.628377e+02
6.833262e+00 -7.000435e+01 1.627927e+02
6.761998e+00 -7.018155e+01 1.627476e+02
6.690706e+00 -7.035871e+01 1.627022e+02
6.619386e+00 -7.053583e+01 1.626566e+02
6.548039e+00 -7.071290e+01 1.626108e+02
6.476664e+00 -7.088993e+01 1.625648e+02
6.405262e+00 -7.106692e+01 1.625186e+02
6.333833e+00 -7.124386e+01 1.624721e+02
6.262376e+00 -7.142076e+01 1.624254e+02
6.190892e+00 -7.159761e+01 1.623785e+02
6.119382e+00 -7.177442e+01 1.623314e+02
6.047844e+00 -7.195118e+01 1.622840e+02
5.976280e+00 -7.212790e+01 1.622364e+02
5.904688e+00 -7.230457e+01 1.621886e+02
5.833071e+00 -7.248120e+01 1.621406e+02
5.761426e+00 -7.265777e+01 1.620924e+02
5.689756e+00 -7.283430e+01 1.620439e+02
5.618059e+00 -7.301079e+01 1.619952e+02
5.546336e+00 -7.318723e+01 1.619463e+02
5.474587e+00 -7.336362e+01 1.618972e+02
5.402812e+00 -7.353996e+01 1.618479e+02
5.331011e+00 -7.371625e+01 1.617983e+02
5.259184e+00 -7.389250e+01 1.617485e+02
5.187331e+00 -7.406869e+01 1.616985e+02
5.115453e+00 -7.424484e+01 1.616483e+02
5.043550e+00 -7.442094e+01 1.615978e+02
4.971621e+00 -7.459699e+01 1.615472e+02
4.899667e+00 -7.477298e+01 1.614963e+02
4.827687e+00 -7.494893e+01 1.614452e+02
4.755683e+00 -7.512483e+01 1.613938e+02
4.683653e+00 -7.530068e+01 1.613423e+02
4.611599e+00 -7.547647e+01 1.612905e+02
4.539520e+00 -7.565222e+01 1.612385e+02
4.467416e+00 -7.582791e+01 1.611863e+02
4.395288e+00 -7.600355e+01 1.611339e+02
4.323135e+00 -7.617914e+01 1.610812e+02
4.250958e+00 -7.635468e+01 1.610283e+02
4.178757e+00 -7.653017e+01 1.609752e+02
4.106532e+00 -7.670560e+01 1.609219e+02
4.034282e+00 -7.688098e+01 1.608684e+02
3.962009e+00 -7.705630e+01 1.608146e+02
3.889711e+00 -7.723158e+01 1.607607e+02
3.817390e+00 -7.740679e+01 1.607065e+02
3.745046e+00 -7.758196e+01 1.606520e+02
3.672677e+00 -7.775706e+01 1.605974e+02
3.600286e+00 -7.793212e+01 1.605425e+02
3.527871e+00 -7.810712e+01 1.604875e+02
3.455433e+00 -7.828206e+01 1.604322e+02
3.382971e+00 -7.845695e+01 1.603766e+02
3.310487e+00 -7.863178e+01 1.603209e+02
3.237980e+00 -7.880656e+01 1.602649e+02
3.165450e+00 -7.898128e+01 1.602088e+02
3.092897e+00 -7.915594e+01 1.601524e+02
3.020322e+00 -7.933054e+01 1.600957e+02
2.947724e+00 -7.950509e+01 1.600389e+02
2.875104e+00 -7.967958e+01 1.599818e+02
2.802461e+00 -7.985401e+01 1.599246e+02
2.729796e+00 -8.002839e+01 1.598671e+02
2.657110e+00 -8.020270e+01 1.598093e+02
2.584401e+00 -8.037696e+01 1.597514e+02
2.511670e+00 -8.055116e+01 1.596932e+02
2.438918e+00 -8.072530e+01 1.596349e+02
2.366144e+00 -8.089937e+01 1.595763e+02
2.293348e+00 -8.107339e+01 1.595175e+02
2.220531e+00 -8.124735e+01 1.594584e+02
2.147693e+00 -8.142125e+01 1.593992e+02
2.074833e+00 -8.159509e+01 1.593397e+02
2.001952e+00 -8.176887e+01 1.592800e+02
1.929051e+00 -8.194258e+01 1.592201e+02
1.856128e+00 -8.211624e+01 1.591599e+02
1.783184e+00 -8.228983e+01 1.590996e+02
1.710220e+00 -8.246336e+01 1.590390e+02
1.637235e+00 -8.263683e+01 1.589782e+02
1.564230e+00 -8.281023e+01 1.589172e+02
1.491204e+00 -8.298358e+01 1.588560e+02
1.418158e+00 -8.315686e+01 1.587945e+02
1.345092e+00 -8.333007e+01 1.587329e+02
1.272005e+00 -8.350322e+01 1.586710e+02
1.198899e+00 -8.367631e+01 1.586089e+02
1.125773e+00 -8.384934e+01 1.585465e+02
1.052627e+00 -8.402229e+01 1.584840e+02
9.794615e-01 -8.419519e+01 1.584212e+02
9.062763e-01 -8.436802e+01 1.583582e+02
8.330717e-01 -8.454078e+01 1.582950e+02
7.598478e-01 -8.471348e+01 1.582316e+02
6.866046e-01 -8.488611e+01 1.581680e+02
6.133423e-01 -8.505868e+01 1.581041e+02
5.400610e-01 -8.523118e+01 1.580401e+02
4.667608e-01 -8.540361e+01 1.579758e+02
3.934418e-01 -8.557598e+01 1.579113e+02
3.201040e-01 -8.574828e+01 1.578465e+02
2.467477e-01 -8.592051e+01 1.577816e+02
1.733729e-01 -8.609267e+01 1.577164e+02
9.997971e-02 -8.626477e+01 1.576510e+02
2.656824e-02 -8.643679e+01 1.575854e+02
-4.686139e-02 -8.660875e+01 1.575196e+02
-1.203091e-01 -8.678064e+01 1.574536e+02
-1.937747e-01 -8.695246e+01 1.573873e+02
-2.672582e-01 -8.712421e+01 1.573208e+02
-3.407594e-01 -8.729589e+01 1.572542e+02
-4.142783e-01 -8.746750e+01 1.571872e+02
-4.878147e-01 -8.763904e+01 1.571201e+02
-5.613685e-01 -8.781051e+01 1.570528e+02
-6.349396e-01 -8.798191e+01 1.569852e+02
-7.085279e-01 -8.815323e+01 1.569174e+02
-7.821333e-01 -8.832449e+01 1.568494e+02
-8.557557e-01 -8.849567e+01 1.567812e+02
-9.293949e-01 -8.866679e+01 1.567128e+02
-1.003051e+00 -8.883783e+01 1.566442e+02
-1.076724e+00 -8.900879e+01 1.565753e+02
-1.150413e+00 -8.917969e+01 1.565062e+02
-1.224119e+00 -8.935051e+01 1.564369e+02
-1.297841e+00 -8.952126e+01 1.563674e+02
-1.371579e+00 -8.969193e+01 1.562977e+02
-1.445333e+00 -8.986253e+01 1.562277e+02
-1.519104e+00 -9.003306e+01 1.561576e+02
-1.592890e+00 -9.020351e+01 1.560872e+02
-1.666692e+00 -9.037389e+01 1.560166e+02
-1.740510e+00 -9.054419e+01 1.559458e+02
-1.814344e+00 -9.071442e+01 1.558747e+02
-1.888193e+00 -9.088457e+01 1.558035e+02
-1.962057e+00 -9.105464e+01 1.557320e+02
-2.035937e+00 -9.122464e+01 1.556603e+02
-2.109831e+00 -9.139457e+01 1.555884e+02
-2.183741e+00 -9.156441e+01 1.555163e+02
-2.257666e+00 -9.173418e+01 1.554440e+02
-2.331605e+00 -9.190388e+01 1.553715e+02
-2.405560e+00 -9.207349e+01 1.552987e+02
-2.479529e+00 -9.224303e+01 1.552257e+02
-2.553512e+00 -9.241249e+01 1.551525e+02
-2.627510e+00 -9.258187e+01 1.550791e+02
-2.701522e+00 -9.275117e+01 1.550055e+02
-2.775548e+00 -9.292040e+01 1.549317e+02
-2.849589e+00 -9.308954e+01 1.548576e+02
-2.923643e+00 -9.325861e+01 1.547833e+02
-2.997711e+00 -9.342759e+01 1.547089e+02
-3.071793e+00 -9.359650e+01 1.546342e+02
-3.145889e+00 -9.376533e+01 1.545593e+02
-3.219998e+00 -9.393407e+01 1.544841e+02
-3.294120e+00 -9.410274e+01 1.544088e+02
-3.368256e+00 -9.427132e+01 1.543332e+02
-3.442405e+00 -9.443983e+01 1.542575e+02
-3.516568e+00 -9.460825e+01 1.541815e+02
-3.590743e+00 -9.477659e+01 1.541053e+02
-3.664931e+00 -9.494484e+01 1.540289e+02
-3.739132e+00 -9.511302e+01 1.539522e+02
-3.813345e+00 -9.528111e+01 1.538754e+02
-3.887571e+00 -9.544912e+01 1.537983e+02
-3.961810e+00 -9.561705e+01 1.537210e+02
-4.036061e+00 -9.578489e+01 1.536436e+02
-4.110324e+00 -9.595266e+01 1.535659e+02
-4.184599e+00 -9.612033e+01 1.534879e+02
-4.258886e+00 -9.628792e+01 1.534098e+02
-4.333185e+00 -9.645543e+01 1.533315e+02
-4.407496e+00 -9.662286e+01 1.532529e+02
-4.481819e+00 -9.679019e+01 1.531742e+02
-4.556153e+00 -9.695745e+01 1.530952e+02
-4.630499e+00 -9.712462e+01 1.530160e+02
-4.704856e+00 -9.729170e+01 1.529366e+02
-4.779224e+00 -9.745869e+01 1.528569e+02
-4.853604e+00 -9.762560e+01 1.527771e+02
-4.927994e+00 -9.779243e+01 1.526971e+02
-5.002396e+00 -9.795916e+01 1.526168e+02
-5.076808e+00 -9.812581e+01 1.525363e+02
-5.151231e+00 -9.829238e+01 1.524557e+02
-5.225665e+00 -9.845885e+01 1.523748e+02
-5.300109e+00 -9.862524e+01 1.522936e+02
-5.374563e+00 -9.879154e+01 1.522123e+02
-5.449028e+00 -9.895775e+01 1.521308e+02
-5.523503e+00 -9.912387e+01 1.520490e+02
-5.597988e+00 -9.928990e+01 1.519671e+02
-5.672483e+00 -9.945585e+01 1.518849e+02
-5.746988e+00 -9.962170e+01 1.518025e+02
-5.821502e+00 -9.978746e+01 1.517199e+02
-5.896026e+00 -9.995314e+01 1.516371e+02
-5.970560e+00 -1.001187e+02 1.515541e+02
-6.045103e+00 -1.002842e+02 1.514709e+02
-6.119655e+00 -1.004496e+02 1.513874e+02
-6.194217e+00 -1.006149e+02 1.513038e+02
-6.268787e+00 -1.007802e+02 1.512199e+02
-6.343367e+00 -1.009453e+02 1.511359e+02
-6.417955e+00 -1.011103e+02 1.510516e+02
-6.492552e+00 -1.012753e+02 1.509671e+02
-6.567158e+00 -1.014401e+02 1.508824e+02
-6.641772e+00 -1.016049e+02 1.507975e+02
-6.716395e+00 -1.017696e+02 1.507123e+02
-6.791026e+00 -1.019341e+02 1.506270e+02
-6.865665e+00 -1.020986e+02 1.505414e+02
-6.940313e+00 -1.022630e+02 1.504557e+02
-7.014968e+00 -1.024273e+02 1.503697e+02
-7.089631e+00 -1.025915e+02 1.502835e+02
-7.164302e+00 -1.027556e+02 1.501971e+02
-7.238981e+00 -1.029196e+02 1.501105e+02
-7.313667e+00 -1.030835e+02 1.500237e+02
-7.388361e+00 -1.032474e+02 1.499367e+02
-7.463062e+00 -1.034111e+02 1.498495e+02
-7.537770e+00 -1.035747e+02 1.497621e+02
-7.612485e+00 -1.037382e+02 1.496744e+02
-7.687207e+00 -1.039017e+02 1.495866e+02
-7.761936e+00 -1.040650e+02 1.494985e+02
-7.836672e+00 -1.042283e+02 1.494102e+02
-7.911415e+00 -1.043914e+02 1.493217e+02
-7.986164e+00 -1.045545e+02 1.492331e+02
-8.060920e+00 -1.047174e+02 1.491442e+02
-8.135682e+00 -1.048803e+02 1.490551e+02
-8.210450e+00 -1.050430e+02 1.489657e+02
-8.285224e+00 -1.052057e+02 1.488762e+02
-8.360005e+00 -1.053683e+02 1.487865e+02
-8.434791e+00 -1.055307e+02 1.486966e+02
-8.509583e+00 -1.056931e+02 1.486064e+02
-8.584381e+00 -1.058554e+02 1.485161e+02
-8.659184e+00 -1.060175e+02 1.484255e+02
-8.733993e+00 -1.061796e+02 1.483347e+02
-8.808807e+00 -1.063416e+02 1.482437e+02
-8.883627e+00 -1.065034e+02 1.481526e+02
-8.958451e+00 -1.066652e+02 1.480612e+02
-9.033281e+00 -1.068269e+02 1.479696e+02
-9.108116e+00 -1.069884e+02 1.478778e+02
-9.182955e+00 -1.071499e+02 1.477858e+02
-9.257799e+00 -1.073112e+02 1.476935e+02
-9.332648e+00 -1.074725e+02 1.476011e+02
-9.407501e+00 -1.076337e+02 1.475085e+02
-9.482358e+00 -1.077947e+02 1.474156e+02
-9.557220e+00 -1.079557e+02 1.473226e+02
-9.632086e+00 -1.081165e+02 1.472294e+02
-9.706956e+00 -1.082773e+02 1.471359e+02
-9.781830e+00 -1.084379e+02 1.470422e+02
-9.856708e+00 -1.085985e+02 1.469484e+02
-9.931590e+00 -1.087589e+02 1.468543e+02
-1.000647e+01 -1.089192e+02 1.467600e+02
-1.008136e+01 -1.090795e+02 1.466655e+02
-1.015626e+01 -1.092396e+02 1.465709e+02
-1.023115e+01 -1.093996e+02 1.464760e+02
-1.030605e+01 -1.095595e+02 1.463809e+02
-1.038095e+01 -1.097193e+02 1.462856e+02
-1.045586e+01 -1.098790e+02 1.461901e+02
-1.053076e+01 -1.100386e+02 1.460943e+02
-1.060567e+01 -1.101981e+02 1.459984e+02
-1.068059e+01 -1.103575e+02 1.459023e+02
-1.075550e+01 -1.105168e+02 1.458060e+02
-1.083042e+01 -1.106760e+02 1.457095e+02
-1.090534e+01 -1.108350e+02 1.456127e+02
-1.098026e+01 -1.109940e+02 1.455158e+02
-1.105519e+01 -1.111528e+02 1.454186e+02
-1.113011e+01 -1.113116e+02 1.453213e+02
-1.120504e+01 -1.114702e+02 1.452238e+02
-1.127997e+01 -1.116288e+02 1.451260e+02
-1.135490e+01 -1.117872e+02 1.450281e+02
-1.142983e+01 -1.119455e+02 1.449299e+02
-1.150477e+01 -1.121037e+02 1.448315e+02
-1.157971e+01 -1.122618e+02 1.447330e+02
-1.165464e+01 -1.124198e+02 1.446342e+02
-1.172958e+01 -1.125776e+02 1.445353e+02
-1.180452e+01 -1.127354e+02 1.444361e+02
-1.187946e+01 -1.128931e+02 1.443367e+02
-1.195440e+01 -1.130506e+02 1.442372e+02
-1.202934e+01 -1.132080e+02 1.441374e+02
-1.210429e+01 -1.133654e+02 1.440374e+02
-1.217923e+01 -1.135226e+02 1.439372e+02
-1.225417e+01 -1.136797e+02 1.438368e+02
-1.232911e+01 -1.138367e+02 1.437363e+02
-1.240406e+01 -1.139935e+02 1.436355e+02
-1.247900e+01 -1.141503e+02 1.435345e+02
-1.255395e+01 -1.143070e+02 1.434333e+02
-1.262889e+01 -1.144635e+02 1.433319e+02
-1.270383e+01 -1.146199e+02 1.432304e+02
-1.277877e+01 -1.147762e+02 1.431286e+02
-1.285372e+01 -1.149325e+02 1.430266e+02
-1.292866e+01 -1.150885e+02 1.429244e+02
-1.300360e+01 -1.152445e+02 1.428220e+02
-1.307854e+01 -1.154004e+02 1.427194e+02
-1.315348e+01 -1.155561e+02 1.426167e+02
-1.322842e+01 -1.157118e+02 1.425137e+02
-1.330335e+01 -1.158673e+02 1.424105e+02
-1.337829e+01 -1.160227e+02 1.423071e+02
-1.345322e+01 -1.161780e+02 1.422035e+02
-1.352815e+01 -1.163331e+02 1.420998e+02
-1.360309e+01 -1.164882e+02 1.419958e+02
-1.367802e+01 -1.166431e+02 1.418916e+02
-1.375294e+01 -1.167980e+02 1.417872e+02
-1.382787e+01 -1.169527e+02 1.416827e+02
-1.390279e+01 -1.171073e+02 1.415779e+02
-1.397771e+01 -1.172618e+02 1.414729e+02
-1.405263e+01 -1.174161e+02 1.413678e+02
-1.412755e+01 -1.175704e+02 1.412624e+02
-1.420247e+01 -1.177245e+02 1.411568e+02
-1.427738e+01 -1.178785e+02 1.410511e+02
-1.435229e+01 -1.180324e+02 1.409451e+02
-1.442719e+01 -1.181862e+02 1.408390e+02
-1.450210e+01 -1.183398e+02 1.407326e+02
-1.457700e+01 -1.184933e+02 1.406261e+02
-1.465190e+01 -1.186468e+02 1.405193e+02
-1.472679e+01 -1.188001e+02 1.404124e+02
-1.480168e+01 -1.189532e+02 1.403052e+02
-1.487657e+01 -1.191063e+02 1.401979e+02
-1.495146e+01 -1.192592e+02 1.400904e+02
-1.502634e+01 -1.194121e+02 1.399826e+02
-1.510121e+01 -1.195648e+02 1.398747e+02
-1.517609e+01 -1.197173e+02 1.397666e+02
-1.525096e+01 -1.198698e+02 1.396583e+02
-1.532582e+01 -1.200221e+02 1.395498e+02
-1.540068e+01 -1.201744e+02 1.394411e+02
-1.547554e+01 -1.203265e+02 1.393322e+02
-1.555039e+01 -1.204784e+02 1.392231e+02
-1.562524e+01 -1.206303e+02 1.391138e+02
-1.570009e+01 -1.207820e+02 1.390043e+02
-1.577492e+01 -1.209336e+02 1.388946e+02
-1.584976e+01 -1.210851e+02 1.387848e+02
-1.592459e+01 -1.212365e+02 1.386747e+02
-1.599941e+01 -1.213877e+02 1.385645e+02
-1.607423e+01 -1.215388e+02 1.384540e+02
-1.614905e+01 -1.216898e+02 1.383434e+02
-1.622386e+01 -1.218407e+02 1.382325e+02
-1.629866e+01 -1.219915e+02 1.381215e+02
-1.637346e+01 -1.221421e+02 1.380103e+02
-1.644825e+01 -1.222926e+02 1.378988e+02
-1.652304e+01 -1.224430e+02 1.377872e+02
-1.659782e+01 -1.225932e+02 1.376754e+02
-1.667259e+01 -1.227433e+02 1.375634e+02
-1.674736e+01 -1.228933e+02 1.374512e+02
-1.682212e+01 -1.230432e+02 1.373389e+02
-1.689688e+01 -1.231930e+02 1.372263e+02
-1.697163e+01 -1.233426e+02 1.371135e+02
-1.704638e+01 -1.234921e+02 1.370006e+02
-1.712111e+01 -1.236415e+02 1.368874e+02
-1.719584e+01 -1.237907e+02 1.367741e+02
-1.727057e+01 -1.239398e+02 1.366606e+02
-1.734528e+01 -1.240888e+02 1.365468e+02
-1.741999e+01 -1.242377e+02 1.364329e+02
-1.749470e+01 -1.243864e+02 1.363188e+02
-1.756939e+01 -1.245351e+02 1.362045e+02
-1.764408e+01 -1.246835e+02 1.360901e+02
-1.771876e+01 -1.248319e+02 1.359754e+02
-1.779344e+01 -1.249801e+02 1.358605e+02
-1.786810e+01 -1.251282e+02 1.357455e+02
-1.794276e+01 -1.252762e+02 1.356302e+02
-1.801741e+01 -1.254240e+02 1.355148e+02
-1.809205e+01 -1.255718e+02 1.353992e+02
-1.816669e+01 -1.257194e+02 1.352834e+02
-1.824132e+01 -1.258668e+02 1.351674e+02
-1.831593e+01 -1.260141e+02 1.350512e+02
-1.839054e+01 -1.261613e+02 1.349348e+02
-1.846515e+01 -1.263084e+02 1.348183e+02
-1.853974e+01 -1.264553e+02 1.347015e+02
-1.861432e+01 -1.266022e+02 1.345846e+02
-1.868890e+01 -1.267488e+02 1.344674e+02
-1.876347e+01 -1.268954e+02 1.343501e+02
-1.883802e+01 -1.270418e+02 1.342326e+02
-1.891257e+01 -1.271881e+02 1.341149e+02
-1.898711e+01 -1.273342e+02 1.339971e+02
-1.906164e+01 -1.274803e+02 1.338790e+02
-1.913616e+01 -1.276262e+02 1.337607e+02
-1.921068e+01 -1.277719e+02 1.336423e+02
-1.928518e+01 -1.279175e+02 1.335237e+02
-1.935967e+01 -1.280630e+02 1.334049e+02
-1.943415e+01 -1.282084e+02 1.332859e+02
-1.950863e+01 -1.283536e+02 1.331667e+02
-1.958309e+01 -1.284987e+02 1.330473e+02
-1.965754e+01 -1.286437e+02 1.329278e+02
-1.973199e+01 -1.287885e+02 1.328080e+02
-1.980642e+01 -1.289332e+02 1.326881e+02
-1.988084e+01 -1.290778e+02 1.325680e+02
-1.995525e+01 -1.292222e+02 1.324477e+02
-2.002965e+01 -1.293665e+02 1.323272e+02
-2.010404e+01 -1.295107e+02 1.322066e+02
-2.017842e+01 -1.296547e+02 1.320857e+02
-2.025279e+01 -1.297986e+02 1.319647e+02
-2.032715e+01 -1.299423e+02 1.318435e+02
-2.040150e+01 -1.300859e+02 1.317221e+02
-2.047583e+01 -1.302294e+02 1.316005e+02
-2.055016e+01 -1.303728e+02 1.314787e+02
-2.062447e+01 -1.305160e+02 1.313568e+02
-2.069877e+01 -1.306591e+02 1.312346e+02
-2.077306e+01 -1.308020e+02 1.311123e+02
-2.084734e+01 -1.309448e+02 1.309898e+02
-2.092161e+01 -1.310875e+02 1.308672e+02
-2.099586e+01 -1.312300e+02 1.307443e+02
-2.107010e+01 -1.313724e+02 1.306212e+02
-2.114434e+01 -1.315147e+02 1.304980e+02
-2.121855e+01 -1.316568e+02 1.303746e+02
-2.129276e+01 -1.317988e+02 1.302510e+02
-2.136695e+01 -1.319406e+02 1.301272e+02
-2.144114e+01 -1.320823e+02 1.300033e+02
-2.151530e+01 -1.322239e+02 1.298792e+02
-2.158946e+01 -1.323653e+02 1.297548e+02
-2.166360e+01 -1.325066e+02 1.296304e+02
-2.173773e+01 -1.326478e+02 1.295057e+02
-2.181185e+01 -1.327888e+02 1.293808e+02
-2.188595e+01 -1.329297e+02 1.292558e+02
-2.196005e+01 -1.330704e+02 1.291306e+02
-2.203412e+01 -1.332110e+02 1.290052e+02
-2.210819e+01 -1.333515e+02 1.288796e+02
-2.218224e+01 -1.334918e+02 1.287538e+02
-2.225628e+01 -1.336320e+02 1.286279e+02
-2.233030e+01 -1.337720e+02 1.285018e+02
-2.240431e+01 -1.339119e+02 1.283755e+02
-2.247831e+01 -1.340517e+02 1.282490e+02
-2.255229e+01 -1.341913e+02 1.281224e+02
-2.262626e+01 -1.343307e+02 1.279956e+02
-2.270021e+01 -1.344701e+02 1.278686e+02
-2.277415e+01 -1.346093e+02 1.277414e+02
-2.284808e+01 -1.347483e+02 1.276140e+02
-2.292199e+01 -1.348872e+02 1.274865e+02
-2.299588e+01 -1.350260e+02 1.273588e+02
-2.306976e+01 -1.351646e+02 1.272309e+02
-2.314363e+01 -1.353031e+02 1.271028e+02
-2.321748e+01 -1.354414e+02 1.269746e+02
-2.329132e+01 -1.355796e+02 1.268461e+02
-2.336514e+01 -1.357177e+02 1.267175e+02
-2.343895e+01 -1.358556e+02 1.265888e+02
-2.351274e+01 -1.359934e+02 1.264598e+02
-2.358652e+01 -1.361310e+02 1.263307e+02
-2.366028e+01 -1.362685e+02 1.262014e+02
-2.373402e+01 -1.364058e+02 1.260719e+02
-2.380775e+01 -1.365430e+02 1.259423e+02
-2.388147e+01 -1.366801e+02 1.258124e+02
-2.395517e+01 -1.368170e+02 1.256824e+02
-2.402885e+01 -1.369537e+02 1.255523e+02
-2.410251e+01 -1.370904e+02 1.254219e+02
-2.417616e+01 -1.372268e+02 1.252914e+02
-2.424980e+01 -1.373632e+02 1.251607e+02
-2.432342e+01 -1.374993e+02 1.250298e+02
-2.439702e+01 -1.376354e+02 1.248988e+02
-2.447060e+01 -1.377713e+02 1.247675e+02
-2.454417e+01 -1.379070e+02 1.246362e+02
-2.461772e+01 -1.380426e+02 1.245046e+02
-2.469126e+01 -1.381781e+02 1.243728e+02
-2.476477e+01 -1.383134e+02 1.242409e+02
-2.483827e+01 -1.384485e+02 1.241089e+02
-2.491176e+01 -1.385836e+02 1.239766e+02
-2.498522e+01 -1.387184e+02 1.238442e+02
-2.505867e+01 -1.388531e+02 1.237116e+02
-2.513211e+01 -1.389877e+02 1.235788e+02
-2.520552e+01 -1.391221e+02 1.234459e+02
-2.527892e+01 -1.392564e+02 1.233127e+02
-2.535230e+01 -1.393906e+02 1.231795e+02
-2.542566e+01 -1.395245e+02 1.230460e+02
-2.549900e+01 -1.396584e+02 1.229124e+02
-2.557233e+01 -1.397921e+02 1.227786e+02
-2.564564e+01 -1.399256e+02 1.226446e+02
-2.571893e+01 -1.400590e+02 1.225105e+02
-2.579220e+01 -1.401922e+02 1.223762e+02
-2.586545e+01 -1.403253e+02 1.222417e+02
-2.593869e+01 -1.404583e+02 1.221070e+02
-2.601190e+01 -1.405911e+02 1.219722e+02
-2.608510e+01 -1.407237e+02 1.218372e+02
-2.615828e+01 -1.408562e+02 1.217021e+02
-2.623144e+01 -1.409886e+02 1.215668e+02
-2.630458e+01 -1.411208e+02 1.214313e+02
-2.637771e+01 -1.412528e+02 1.212956e+02
-2.645081e+01 -1.413847e+02 1.211598e+02
-2.652389e+01 -1.415165e+02 1.210238e+02
-2.659696e+01 -1.416481e+02 1.208876e+02
-2.667000e+01 -1.417795e+02 1.207513e+02
-2.674303e+01 -1.419108e+02 1.206148e+02
-2.681604e+01 -1.420419e+02 1.204781e+02
-2.688903e+01 -1.421729e+02 1.203413e+02
-2.696199e+01 -1.423038e+02 1.202043e+02
-2.703494e+01 -1.424345e+02 1.200671e+02
-2.710787e+01 -1.425650e+02 1.199298e+02
-2.718078e+01 -1.426954e+02 1.197923e+02
-2.725367e+01 -1.428256e+02 1.196547e+02
-2.732653e+01 -1.429557e+02 1.195168e+02
-2.739938e+01 -1.430857e+02 1.193788e+02
-2.747221e+01 -1.432154e+02 1.192407e+02
-2.754502e+01 -1.433451e+02 1.191024e+02
-2.761780e+01 -1.434745e+02 1.189639e+02
-2.769057e+01 -1.436039e+02 1.188252e+02
-2.776331e+01 -1.437330e+02 1.186864e+02
-2.783604e+01 -1.438620e+02 1.185474e+02
-2.790874e+01 -1.439909e+02 1.184083e+02
-2.798142e+01 -1.441196e+02 1.182690e+02
-2.805409e+01 -1.442482e+02 1.181295e+02
-2.812673e+01 -1.443766e+02 1.179898e+02
-2.819935e+01 -1.445048e+02 1.178500e+02
-2.827194e+01 -1.446329e+02 1.177101e+02
-2.834452e+01 -1.447608e+02 1.175700e+02
-2.841707e+01 -1.448886e+02 1.174297e+02
-2.848961e+01 -1.450163e+02 1.172892e+02
-2.856212e+01 -1.451437e+02 1.171486e+02
-2.863461e+01 -1.452711e+02 1.170078e+02
-2.870708e+01 -1.453982e+02 1.168669e+02
-2.877952e+01 -1.455252e+02 1.167258e+02
-2.885195e+01 -1.456521e+02 1.165845e+02
-2.892435e+01 -1.457788e+02 1.164431e+02
-2.899673e+01 -1.459053e+02 1.163015e+02
-2.906909e+01 -1.460317e+02 1.161598e+02
-2.914142e+01 -1.461579e+02 1.160179e+02
-2.921373e+01 -1.462840e+02 1.158758e+02
-2.928602e+01 -1.464099e+02 1.157336e+02
-2.935829e+01 -1.465357e+02 1.155912e+02
-2.943053e+01 -1.466613e+02 1.154487e+02
-2.950276e+01 -1.467868e+02 1.153060e+02
-2.957495e+01 -1.469121e+02 1.151631e+02
-2.964713e+01 -1.470372e+02 1.150201e+02
-2.971928e+01 -1.471622e+02 1.148769e+02
-2.979141e+01 -1.472870e+02 1.147336e+02
-2.986352e+01 -1.474117e+02 1.145901e+02
-2.993560e+01 -1.475362e+02 1.144464e+02
-3.000766e+01 -1.476605e+02 1.143026e+02
-3.007969e+01 -1.477847e+02 1.141587e+02
-3.015171e+01 -1.479087e+02 1.140145e+02
-3.022369e+01 -1.480326e+02 1.138703e+02
-3.029566e+01 -1.481563e+02 1.137258e+02
-3.036760e+01 -1.482799e+02 1.135812e+02
-3.043952e+01 -1.484033e+02 1.134365e+02
-3.051141e+01 -1.485265e+02 1.132915e+02
-3.058328e+01 -1.486496e+02 1.131465e+02
-3.065512e+01 -1.487725e+02 1.130013e+02
-3.072694e+01 -1.488953e+02 1.128559e+02
-3.079874e+01 -1.490179e+02 1.127103e+02
-3.087051e+01 -1.491403e+02 1.125646e+02
-3.094225e+01 -1.492626e+02 1.124188e+02
-3.101398e+01 -1.493848e+02 1.122728e+02
-3.108567e+01 -1.495067e+02 1.121266e+02
-3.115734e+01 -1.496285e+02 1.119803e+02
-3.122899e+01 -1.497502e+02 1.118339e+02
-3.130061e+01 -1.498717e+02 1.116872e+02
-3.137221e+01 -1.499930e+02 1.115405e+02
-3.144378e+01 -1.501142e+02 1.113935e+02
-3.151533e+01 -1.502352e+02 1.112465e+02
-3.158685e+01 -1.503560e+02 1.110992e+02
-3.165835e+01 -1.504767e+02 1.109518e+02
-3.172982e+01 -1.505972e+02 1.108043e+02
-3.180126e+01 -1.507176e+02 1.106566e+02
-3.187268e+01 -1.508378e+02 1.105088e+02
-3.194407e+01 -1.509578e+02 1.103608e+02
-3.201544e+01 -1.510777e+02 1.102126e+02
-3.208678e+01 -1.511974e+02 1.100643e+02
-3.215810e+01 -1.513170e+02 1.099159e+02
-3.222939e+01 -1.514363e+02 1.097673e+02
-3.230065e+01 -1.515556e+02 1.096185e+02
-3.237189e+01 -1.516746e+02 1.094696e+02
-3.244310e+01 -1.517935e+02 1.093205e+02
-3.251428e+01 -1.519123e+02 1.091713e+02
-3.258544e+01 -1.520309e+02 1.090220e+02
-3.265657e+01 -1.521493e+02 1.088725e+02
-3.272767e+01 -1.522675e+02 1.087228e+02
-3.279875e+01 -1.523856e+02 1.085730e+02
-3.286980e+01 -1.525036e+02 1.084230e+02
-3.294082e+01 -1.526213e+02 1.082729e+02
-3.301182e+01 -1.527389e+02 1.081227e+02
-3.308279e+01 -1.528564e+02 1.079723e+02
-3.315373e+01 -1.529736e+02 1.078217e+02
-3.322465e+01 -1.530907e+02 1.076710e+02
-3.329553e+01 -1.532077e+02 1.075202e+02
-3.336639e+01 -1.533245e+02 1.073692e+02
-3.343723e+01 -1.534411e+02 1.072180e+02
-3.350803e+01 -1.535576e+02 1.070667e+02
-3.357881e+01 -1.536738e+02 1.069153e+02
-3.364956e+01 -1.537900e+02 1.067637e+02
-3.372028e+01 -1.539059e+02 1.066120e+02
-3.379097e+01 -1.540217e+02 1.064601e+02
-3.386164e+01 -1.541374e+02 1.063080e+02
-3.393228e+01 -1.542528e+02 1.061559e+02
-3.400289e+01 -1.543681e+02 1.060036e+02
-3.407347e+01 -1.544833e+02 1.058511e+02
-3.414402e+01 -1.545982e+02 1.056985e+02
-3.421454e+01 -1.547130e+02 1.055457e+02
-3.428504e+01 -1.548277e+02 1.053928e+02
-3.435551e+01 -1.549421e+02 1.052398e+02
-3.442595e+01 -1.550564e+02 1.050866e+02
-3.449636e+01 -1.551706e+02 1.049332e+02
-3.456674e+01 -1.552846e+02 1.047798e+02
-3.463709e+01 -1.553984e+02 1.046261e+02
-3.470741e+01 -1.555120e+02 1.044724e+02
-3.477771e+01 -1.556255e+02 1.043184e+02
-3.484797e+01 -1.557388e+02 1.041644e+02
-3.491821e+01 -1.558519e+02 1.040102e+02
-3.498841e+01 -1.559649e+02 1.038558e+02
-3.505859e+01 -1.560777e+02 1.037014e+02
-3.512874e+01 -1.561904e+02 1.035467e+02
-3.519886e+01 -1.563029e+02 1.033920e+02
-3.526895e+01 -1.564152e+02 1.032370e+02
-3.533901e+01 -1.565273e+02 1.030820e+02
-3.540903e+01 -1.566393e+02 1.029268e+02
-3.547903e+01 -1.567511e+02 1.027715e+02
-3.554900e+01 -1.568627e+02 1.026160e+02
-3.561894e+01 -1.569742e+02 1.024604e+02
-3.568885e+01 -1.570855e+02 1.023046e+02
-3.575873e+01 -1.571966e+02 1.021487e+02
-3.582858e+01 -1.573076e+02 1.019927e+02
-3.589840e+01 -1.574184e+02 1.018365e+02
-3.596819e+01 -1.575290e+02 1.016801e+02
-3.603795e+01 -1.576395e+02 1.015237e+02
-3.610767e+01 -1.577498e+02 1.013671e+02
-3.617737e+01 -1.578599e+02 1.012103e+02
-3.624704e+01 -1.579699e+02 1.010535e+02
-3.631667e+01 -1.580796e+02 1.008964e+02
-3.638628e+01 -1.581893e+02 1.007393e+02
-3.645585e+01 -1.582987e+02 1.005820e+02
-3.652539e+01 -1.584080e+02 1.004246e+02
-3.659490e+01 -1.585171e+02 1.002670e+02
-3.666439e+01 -1.586260e+02 1.001093e+02
-3.673383e+01 -1.587348e+02 9.995142e+01
-3.680325e+01 -1.588434e+02 9.979343e+01
-3.687264e+01 -1.589518e+02 9.963531e+01
-3.694199e+01 -1.590601e+02 9.947705e+01
-3.701132e+01 -1.591682e+02 9.931865e+01
-3.708061e+01 -1.592761e+02 9.916012e+01
-3.714987e+01 -1.593839e+02 9.900145e+01
-3.721910e+01 -1.594915e+02 9.884264e+01
-3.728829e+01 -1.595989e+02 9.868370e+01
-3.735746e+01 -1.597061e+02 9.852463e+01
-3.742659e+01 -1.598132e+02 9.836541e+01
-3.749569e+01 -1.599201e+02 9.820606e+01
-3.756476e+01 -1.600268e+02 9.804658e+01
-3.763380e+01 -1.601334e+02 9.788696e+01
-3.770280e+01 -1.602398e+02 9.772721e+01
-3.777177e+01 -1.603460e+02 9.756733e+01
-3.784071e+01 -1.604520e+02 9.740730e+01
-3.790962e+01 -1.605579e+02 9.724715e+01
-3.797849e+01 -1.606636e+02 9.708686e+01
-3.804734e+01 -1.607691e+02 9.692644e+01
-3.811615e+01 -1.608745e+02 9.676589e+01
-3.818492e+01 -1.609797e+02 9.660520e+01
-3.825367e+01 -1.610847e+02 9.644438e+01
-3.832238e+01 -1.611895e+02 9.628342e+01
-3.839105e+01 -1.612942e+02 9.612234e+01
-3.845970e+01 -1.613987e+02 9.596112e+01
-3.852831e+01 -1.615030e+02 9.579977e+01
-3.859689e+01 -1.616072e+02 9.563829e+01
-3.866543e+01 -1.617112e+02 9.547668e+01
-3.873394e+01 -1.618150e+02 9.531493e+01
-3.880242e+01 -1.619186e+02 9.515306e+01
-3.887086e+01 -1.620221e+02 9.499105e+01
-3.893928e+01 -1.621254e+02 9.482891e+01
-3.900765e+01 -1.622285e+02 9.466665e+01
-3.907600e+01 -1.623314e+02 9.450425e+01
-3.914431e+01 -1.624342e+02 9.434172e+01
-3.921258e+01 -1.625368e+02 9.417906e+01
-3.928082e+01 -1.626393e+02 9.401628e+01
-3.934903e+01 -1.627415e+02 9.385336e+01
-3.941720e+01 -1.628436e+02 9.369032e+01
-3.948534e+01 -1.629455e+02 9.352714e+01
-3.955345e+01 -1.630472e+02 9.336384e+01
-3.962152e+01 -1.631488e+02 9.320041e+01
-3.968956e+01 -1.632502e+02 9.303685e+01
-3.975756e+01 -1.633514e+02 9.287316e+01
-3.982553e+01 -1.634524e+02 9.270935e+01
-3.989346e+01 -1.635533e+02 9.254540e+01
-3.996136e+01 -1.636540e+02 9.238133e+01
-4.002922e+01 -1.637545e+02 9.221714e+01
-4.009705e+01 -1.638549e+02 9.205281e+01
-4.016484e+01 -1.639550e+02 9.188836e+01
-4.023260e+01 -1.640550e+02 9.172378e+01
-4.030033e+01 -1.641549e+02 9.155908e+01
-4.036802e+01 -1.642545e+02 9.139425e+01
-4.043567e+01 -1.643540e+02 9.122929e+01
-4.050329e+01 -1.644533e+02 9.106421e+01
-4.057087e+01 -1.645524e+02 9.089901e+01
-4.063842e+01 -1.646513e+02 9.073368e+01
-4.070593e+01 -1.647501e+02 9.056822e+01
-4.077341e+01 -1.648487e+02 9.040264e+01
-4.084085e+01 -1.649471e+02 9.023693e+01
-4.090826e+01 -1.650454e+02 9.007110e+01
-4.097563e+01 -1.651435e+02 8.990515e+01
-4.104296e+01 -1.652413e+02 8.973907e+01
-4.111026e+01 -1.653391e+02 8.957287e+01
-4.117752e+01 -1.654366e+02 8.940654e+01
-4.124475e+01 -1.655340e+02 8.924009e+01
-4.131194e+01 -1.656312e+02 8.907352e+01
-4.137910e+01 -1.657282e+02 8.890683e+01
-4.144622e+01 -1.658250e+02 8.874001e+01
-4.151330e+01 -1.659217e+02 8.857307e+01
-4.158034e+01 -1.660182e+02 8.840601e+01
-4.164735e+01 -1.661145e+02 8.823883e+01
-4.171433e+01 -1.662107e+02 8.807152e+01
-4.178126e+01 -1.663066e+02 8.790410e+01
-4.184816e+01 -1.664024e+02 8.773655e+01
-4.191503e+01 -1.664980e+02 8.756888e+01
-4.198185e+01 -1.665935e+02 8.740109e+01
-4.204865e+01 -1.666887e+02 8.723318e+01
-4.211540e+01 -1.667838e+02 8.706515e+01
-4.218212e+01 -1.668787e+02 8.689700e+01
-4.224879e+01 -1.669734e+02 8.672873e+01
-4.231544e+01 -1.670680e+02 8.656034e+01
-4.238204e+01 -1.671624e+02 8.639183e+01
-4.244861e+01 -1.672565e+02 8.622320e+01
-4.251514e+01 -1.673506e+02 8.605446e+01
-4.258164e+01 -1.674444e+02 8.588559e+01
-4.264809e+01 -1.675381e+02 8.571660e+01
-4.271451e+01 -1.676316e+02 8.554750e+01
-4.278089e+01 -1.677249e+02 8.537828e+01
-4.284724e+01 -1.678180e+02 8.520894e+01
-4.291354e+01 -1.679110e+02 8.503948e+01
-4.297981e+01 -1.680038e+02 8.486990e+01
-4.304604e+01 -1.680964e+02 8.470021e+01
-4.311224e+01 -1.681888e+02 8.453040e+01
-4.317839e+01 -1.682810e+02 8.436047e+01
-4.324451e+01 -1.683731e+02 8.419043e+01
-4.331059e+01 -1.684650e+02 8.402027e+01
-4.337663e+01 -1.685567e+02 8.385000e+01
-4.344263e+01 -1.686482e+02 8.367960e+01
-4.350860e+01 -1.687396e+02 8.350909e+01
-4.357453e+01 -1.688308e+02 8.333847e+01
-4.364041e+01 -1.689218e+02 8.316773e+01
-4.370626e+01 -1.690126e+02 8.299688e+01
-4.377208e+01 -1.691032e+02 8.282591e+01
-4.383785e+01 -1.691937e+02 8.265483e+01
-4.390358e+01 -1.692840e+02 8.248363e+01
-4.396928e+01 -1.693741e+02 8.231231e+01
-4.403494e+01 -1.694640e+02 8.214089e+01
-4.410056e+01 -1.695538e+02 8.196935e+01
-4.416614e+01 -1.696434e+02 8.179769e+01
-4.423168e+01 -1.697327e+02 8.162592e+01
-4.429718e+01 -1.698220e+02 8.145404e+01
-4.436264e+01 -1.699110e+02 8.128205e+01
-4.442807e+01 -1.699999e+02 8.110994e+01
-4.449345e+01 -1.700885e+02 8.093772e+01
-4.455880e+01 -1.701770e+02 8.076539e+01
-4.462410e+01 -1.702654e+02 8.059295e+01
-4.468937e+01 -1.703535e+02 8.042039e+01
-4.475460e+01 -1.704415e+02 8.024773e+01
-4.481979e+01 -1.705292e+02 8.007495e+01
-4.488494e+01 -1.706168e+02 7.990206e+01
-4.495005e+01 -1.707043e+02 7.972905e+01
-4.501512e+01 -1.707915e+02 7.955594e+01
-4.508015e+01 -1.708786e+02 7.938272e+01
-4.514514e+01 -1.709655e+02 7.920939e+01
-4.521009e+01 -1.710522e+02 7.903594e+01
-4.527500e+01 -1.711387e+02 7.886239e+01
-4.533987e+01 -1.712250e+02 7.868873e+01
-4.540470e+01 -1.713112e+02 7.851496e+01
-4.546949e+01 -1.713972e+02 7.834107e+01
-4.553424e+01 -1.714830e+02 7.816708e+01
-4.559895e+01 -1.715686e+02 7.799298e+01
-4.566362e+01 -1.716541e+02 7.781877e+01
-4.572825e+01 -1.717394e+02 7.764446e+01
-4.579284e+01 -1.718244e+02 7.747003e+01
-4.585739e+01 -1.719093e+02 7.729550e+01
-4.592190e+01 -1.719941e+02 7.712086e+01
-4.598637e+01 -1.720786e+02 7.694611e+01
-4.605080e+01 -1.721630e+02 7.677125e+01
-4.611518e+01 -1.722472e+02 7.659629e+01
-4.617953e+01 -1.723312e+02 7.642122e+01
-4.624384e+01 -1.724150e+02 7.624604e+01
-4.630810e+01 -1.724986e+02 7.607076e+01
-4.637232e+01 -1.725821e+02 7.589537e+01
-4.643651e+01 -1.726654e+02 7.571987e+01
-4.650065e+01 -1.727485e+02 7.554427e+01
-4.656475e+01 -1.728314e+02 7.536857e+01
-4.662881e+01 -1.729142e+02 7.519275e+01
-4.669283e+01 -1.729967e+02 7.501683e+01
-4.675681e+01 -1.730791e+02 7.484081e+01
-4.682075e+01 -1.731613e+02 7.466468e+01
-4.688464e+01 -1.732433e+02 7.448845e+01
-4.694849e+01 -1.733252e+02 7.431211e+01
-4.701231e+01 -1.734068e+02 7.413567e+01
-4.707608e+01 -1.734883e+02 7.395913e+01
-4.713981e+01 -1.735696e+02 7.378248e+01
-4.720350e+01 -1.736507e+02 7.360572e+01
-4.726714e+01 -1.737316e+02 7.342887e+01
-4.733075e+01 -1.738124e+02 7.325191e+01
-4.739431e+01 -1.738929e+02 7.307485e+01
-4.745783e+01 -1.739733e+02 7.289768e+01
-4.752131e+01 -1.740535e+02 7.272041e+01
-4.758475e+01 -1.741336e+02 7.254304e+01
-4.764814e+01 -1.742134e+02 7.236557e+01
-4.771150e+01 -1.742931e+02 7.218800e+01
-4.777481e+01 -1.743725e+02 7.201032e+01
-4.783808e+01 -1.744518e+02 7.183255e+01
-4.790130e+01 -1.745310e+02 7.165467e+01
-4.796449e+01 -1.746099e+02 7.147669e+01
-4.802763e+01 -1.746886e+02 7.129861e+01
-4.809073e+01 -1.747672e+02 7.112043e+01
-4.815379e+01 -1.748456e+02 7.094215e+01
-4.821680e+01 -1.749238e+02 7.076377e+01
-4.827977e+01 -1.750018e+02 7.058529e+01
-4.834270e+01 -1.750797e+02 7.040670e+01
-4.840559e+01 -1.751573e+02 7.022802e+01
-4.846844e+01 -1.752348e+02 7.004924e+01
-4.853124e+01 -1.753121e+02 6.987036e+01
-4.859400e+01 -1.753892e+02 6.969139e+01
-4.865671e+01 -1.754662e+02 6.951231e+01
-4.871939e+01 -1.755429e+02 6.933313e+01
-4.878202e+01 -1.756195e+02 6.915386e+01
-4.884460e+01 -1.756959e+02 6.897449e+01
-4.890715e+01 -1.757721e+02 6.879502e+01
-4.896965e+01 -1.758481e+02 6.861545e+01
-4.903211e+01 -1.759239e+02 6.843579e+01
-4.909452e+01 -1.759996e+02 6.825602e+01
-4.915689e+01 -1.760751e+02 6.807616e+01
-4.921922e+01 -1.761504e+02 6.789621e+01
-4.928151e+01 -1.762255e+02 6.771616e+01
-4.934375e+01 -1.763004e+02 6.753601e+01
-4.940595e+01 -1.763751e+02 6.735576e+01
-4.946810e+01 -1.764497e+02 6.717542e+01
-4.953021e+01 -1.765241e+02 6.699498e+01
-4.959228e+01 -1.765983e+02 6.681445e+01
-4.965430e+01 -1.766723e+02 6.663382e+01
-4.971628e+01 -1.767461e+02 6.645310e+01
-4.977822e+01 -1.768198e+02 6.627228e+01
-4.984011e+01 -1.768932e+02 6.609136e+01
-4.990196e+01 -1.769665e+02 6.591036e+01
-4.996376e+01 -1.770396e+02 6.572925e+01
-5.002553e+01 -1.771125e+02 6.554806e+01
-5.008724e+01 -1.771853e+02 6.536677e+01
-5.014891e+01 -1.772578e+02 6.518538e+01
-5.021054e+01 -1.773302e+02 6.500390e+01
-5.027213e+01 -1.774024e+02 6.482233e+01
-5.033367e+01 -1.774744e+02 6.464067e+01
-5.039516e+01 -1.775462e+02 6.445891e+01
-5.045661e+01 -1.776178e+02 6.427706e+01
-5.051802e+01 -1.776893e+02 6.409512e+01
-5.057938e+01 -1.777606e+02 6.391308e+01
-5.064070e+01 -1.778316e+02 6.373095e+01
-5.070197e+01 -1.779026e+02 6.354873e+01
-5.076320e+01 -1.779733e+02 6.336642e+01
-5.082439e+01 -1.780438e+02 6.318402e+01
-5.088553e+01 -1.781142e+02 6.300153e+01
-5.094662e+01 -1.781843e+02 6.281894e+01
-5.100767e+01 -1.782543e+02 6.263627e+01
-5.106868e+01 -1.783241e+02 6.245350e+01
-5.112964e+01 -1.783938e+02 6.227064e+01
-5.119055e+01 -1.784632e+02 6.208770e+01
-5.125142e+01 -1.785324e+02 6.190466e+01
-5.131225e+01 -1.786015e+02 6.172153e+01
-5.137303e+01 -1.786704e+02 6.153832e+01
-5.143376e+01 -1.787391e+02 6.135501e+01
-5.149445e+01 -1.788076e+02 6.117161e+01
-5.155510e+01 -1.788760e+02 6.098813e+01
-5.161570e+01 -1.789441e+02 6.080456e+01
-5.167625e+01 -1.790121e+02 6.062089e+01
-5.173676e+01 -1.790799e+02 6.043714e+01
-5.179722e+01 -1.791475e+02 6.025330e+01
-5.185764e+01 -1.792149e+02 6.006938e+01
-5.191801e+01 -1.792821e+02 5.988536e+01
-5.197834e+01 -1.793492e+02 5.970126e+01
-5.203862e+01 -1.794160e+02 5.951707e+01
-5.209886e+01 -1.794827e+02 5.933279e+01
-5.215905e+01 -1.795492e+02 5.914843e+01
-5.221919e+01 -1.796155e+02 5.896398e+01
-5.227929e+01 -1.796817e+02 5.877944e+01
-5.233934e+01 -1.797476e+02 5.859482e+01
-5.239935e+01 -1.798134e+02 5.841011e+01
-5.245931e+01 -1.798790e+02 5.822531e+01
-5.251922e+01 -1.799444e+02 5.804043e+01
-5.257909e+01 -1.800096e+02 5.785546e+01
-5.263892e+01 -1.800746e+02 5.767041e+01
-5.269869e+01 -1.801395e+02 5.748527e+01
-5.275842e+01 -1.802041e+02 5.730004e+01
-5.281811e+01 -1.802686e+02 5.711473e+01
-5.287775e+01 -1.803329e+02 5.692934e+01
-5.293734e+01 -1.803970e+02 5.674386e+01
-5.299688e+01 -1.804609e+02 5.655830e+01
-5.305638e+01 -1.805247e+02 5.637265e+01
-5.311584e+01 -1.805882e+02 5.618692e+01
-5.317524e+01 -1.806516e+02 5.600111e+01
-5.323460e+01 -1.807148e+02 5.581521e+01
-5.329392e+01 -1.807778e+02 5.562923e+01
-5.335318e+01 -1.808406e+02 5.544317e+01
-5.341240e+01 -1.809033e+02 5.525702e+01
-5.347158e+01 -1.809657e+02 5.507079e+01
-5.353070e+01 -1.810280e+02 5.488448e+01
-5.358978e+01 -1.810901e+02 5.469809e+01
-5.364882e+01 -1.811520e+02 5.451161e+01
-5.370780e+01 -1.812137e+02 5.432505e+01
-5.376674e+01 -1.812752e+02 5.413841e+01
-5.382563e+01 -1.813366e+02 5.395169e+01
-5.388448e+01 -1.813978e+02 5.376489e+01
-5.394328e+01 -1.814587e+02 5.357800e+01
-5.400203e+01 -1.815195e+02 5.339104e+01
-5.406073e+01 -1.815801e+02 5.320399e+01
-5.411939e+01 -1.816406e+02 5.301687e+01
-5.417800e+01 -1.817008e+02 5.282966e+01
-5.423656e+01 -1.817609e+02 5.264237e+01
-5.429508e+01 -1.818208e+02 5.245500e+01
-5.435355e+01 -1.818804e+02 5.226756e+01
-5.441197e+01 -1.819400e+02 5.208003e+01
-5.447034e+01 -1.819993e+02 5.189243e+01
-5.452867e+01 -1.820584e+02 5.170474e+01
-5.458695e+01 -1.821174e+02 5.151698e+01
-5.464518e+01 -1.821761e+02 5.132913e+01
-5.470336e+01 -1.822347e+02 5.114121e+01
-5.476150e+01 -1.822931e+02 5.095321e+01
-5.481959e+01 -1.823514e+02 5.076513e+01
-5.487763e+01 -1.824094e+02 5.057698e+01
-5.493562e+01 -1.824672e+02 5.038874e+01
-5.499356e+01 -1.825249e+02 5.020043e+01
-5.505146e+01 -1.825824e+02 5.001204e+01
-5.510931e+01 -1.826397e+02 4.982357e+01
-5.516711e+01 -1.826968e+02 4.963503e+01
-5.522487e+01 -1.827537e+02 4.944641e+01
-5.528257e+01 -1.828105e+02 4.925771e+01
-5.534023e+01 -1.828670e+02 4.906893e+01
-5.539784e+01 -1.829234e+02 4.888008e+01
-5.545540e+01 -1.829796e+02 4.869116e+01
-5.551291e+01 -1.830356e+02 4.850215e+01
-5.557038e+01 -1.830914e+02 4.831307e+01
-5.562780e+01 -1.831471e+02 4.812392e+01
-5.568517e+01 -1.832025e+02 4.793469e+01
-5.574249e+01 -1.832578e+02 4.774538e+01
-5.579976e+01 -1.833129e+02 4.755600e+01
-5.585698e+01 -1.833678e+02 4.736655e+01
-5.591416e+01 -1.834225e+02 4.717702e+01
-5.597129e+01 -1.834770e+02 4.698741e+01
-5.602836e+01 -1.835314e+02 4.679773e+01
-5.608539e+01 -1.835855e+02 4.660798e+01
-5.614238e+01 -1.836395e+02 4.641815e+01
-5.619931e+01 -1.836933e+02 4.622825e+01
-5.625619e+01 -1.837469e+02 4.603828e+01
-5.631303e+01 -1.838003e+02 4.584823e+01
-5.636981e+01 -1.838536e+02 4.565811e+01
-5.642655e+01 -1.839066e+02 4.546791e+01
-5.648324e+01 -1.839595e+02 4.527765e+01
-5.653988e+01 -1.840122e+02 4.508731e+01
-5.659647e+01 -1.840647e+02 4.489689e+01
-5.665302e+01 -1.841170e+02 4.470641e+01
-5.670951e+01 -1.841691e+02 4.451585e+01
-5.676596e+01 -1.842211e+02 4.432522e+01
-5.682235e+01 -1.842729e+02 4.413452e+01
-5.687870e+01 -1.843244e+02 4.394375e+01
-5.693500e+01 -1.843758e+02 4.375291e+01
-5.699124e+01 -1.844271e+02 4.356199e+01
-5.704744e+01 -1.844781e+02 4.337101e+01
-5.710359e+01 -1.845289e+02 4.317995e+01
-5.715970e+01 -1.845796e+02 4.298882e+01
-5.721575e+01 -1.846301e+02 4.279763e+01
-5.727175e+01 -1.846804e+02 4.260636e+01
-5.732770e+01 -1.847305e+02 4.241502e+01
-5.738361e+01 -1.847804e+02 4.222361e+01
-5.743946e+01 -1.848301e+02 4.203213e+01
-5.749527e+01 -1.848797e+02 4.184059e+01
-5.755102e+01 -1.849290e+02 4.164897e+01
-5.760673e+01 -1.849782e+02 4.145728e+01
-5.766238e+01 -1.850272e+02 4.126553e+01
-5.771799e+01 -1.850761e+02 4.107370e+01
-5.777355e+01 -1.851247e+02 4.088181e+01
-5.782905e+01 -1.851731e+02 4.068985e+01
-5.788451e+01 -1.852214e+02 4.049782e+01
-5.793992e+01 -1.852695e+02 4.030572e+01
-5.799528e+01 -1.853174e+02 4.011356e+01
-5.805059e+01 -1.853651e+02 3.992132e+01
-5.810585e+01 -1.854126e+02 3.972902e+01
-5.816105e+01 -1.854600e+02 3.953665e+01
-5.821621e+01 -1.855071e+02 3.934422e+01
-5.827132e+01 -1.855541e+02 3.915171e+01
-5.832638e+01 -1.856009e+02 3.895914e+01
-5.838139e+01 -1.856475e+02 3.876651e+01
-5.843635e+01 -1.856939e+02 3.857380e+01
-5.849126e+01 -1.857402e+02 3.838103e+01
-5.854612e+01 -1.857862e+02 3.818820e+01
-5.860092e+01 -1.858321e+02 3.799529e+01
-5.865568e+01 -1.858778e+02 3.780233e+01
-5.871039e+01 -1.859233e+02 3.760929e+01
-5.876505e+01 -1.859686e+02 3.741619e+01
-5.881965e+01 -1.860137e+02 3.722303e+01
-5.887421e+01 -1.860587e+02 3.702980e+01
-5.892872e+01 -1.861034e+02 3.683651e+01
-5.898318e+01 -1.861480e+02 3.664315e+01
-5.903758e+01 -1.861924e+02 3.644972e+01
-5.909194e+01 -1.862366e+02 3.625623e+01
-5.914624e+01 -1.862807e+02 3.606268e+01
-5.920050e+01 -1.863245e+02 3.586906e+01
-5.925470e+01 -1.863682e+02 3.567538e+01
-5.930885e+01 -1.864116e+02 3.548164e+01
-5.936296e+01 -1.864549e+02 3.528783e+01
-5.941701e+01 -1.864980e+02 3.509396e+01
-5.947101e+01 -1.865410e+02 3.490002e+01
-5.952496e+01 -1.865837e+02 3.470602e+01
-5.957886e+01 -1.866263e+02 3.451196e+01
-5.963271e+01 -1.866686e+02 3.431784e+01
-5.968651e+01 -1.867108e+02 3.412365e+01
-5.974026e+01 -1.867528e+02 3.392940e+01
-5.979395e+01 -1.867946e+02 3.373509e+01
-5.984760e+01 -1.868363e+02 3.354072e+01
-5.990119e+01 -1.868777e+02 3.334628e+01
-5.995474e+01 -1.869190e+02 3.315178e+01
-6.000823e+01 -1.869601e+02 3.295723e+01
-6.006167e+01 -1.870010e+02 3.276260e+01
-6.011506e+01 -1.870417e+02 3.256792e+01
-6.016840e+01 -1.870823e+02 3.237318e+01
-6.022169e+01 -1.871226e+02 3.217838e+01
-6.027493e+01 -1.871628e+02 3.198351e+01
-6.032811e+01 -1.872028e+02 3.178859e+01
-6.038125e+01 -1.872426e+02 3.159360e+01
-6.043433e+01 -1.872822e+02 3.139855e+01
-6.048736e+01 -1.873216e+02 3.120345e+01
-6.054034e+01 -1.873608e+02 3.100828e+01
-6.059327e+01 -1.873999e+02 3.081306e+01
-6.064615e+01 -1.874388e+02 3.061777e+01
-6.069898e+01 -1.874775e+02 3.042242e+01
-6.075175e+01 -1.875160e+02 3.022702e+01
-6.080448e+01 -1.875543e+02 3.003156e+01
-6.085715e+01 -1.875925e+02 2.983603e+01
-6.090977e+01 -1.876304e+02 2.964045e+01
-6.096234e+01 -1.876682e+02 2.944481e+01
-6.101486e+01 -1.877058e+02 2.924911e+01
-6.106733e+01 -1.877432e+02 2.905335e+01
-6.111974e+01 -1.877805e+02 2.885754e+01
-6.117210e+01 -1.878175e+02 2.866167e+01
-6.122441e+01 -1.878544e+02 2.846573e+01
-6.127667e+01 -1.878910e+02 2.826974e+01
-6.132888e+01 -1.879275e+02 2.807370e+01
-6.138104e+01 -1.879638e+02 2.787759e+01
-6.143314e+01 -1.880000e+02 2.768143e+01
-6.148519e+01 -1.880359e+02 2.748521e+01
-6.153719e+01 -1.880717e+02 2.728894e+01
-6.158914e+01 -1.881073e+02 2.709261e+01
-6.164104e+01 -1.881427e+02 2.689622e+01
-6.169288e+01 -1.881779e+02 2.669977e+01
-6.174468e+01 -1.882129e+02 2.650327e+01
-6.179642e+01 -1.882477e+02 2.630671e+01
-6.184811e+01 -1.882824e+02 2.611010e+01
-6.189974e+01 -1.883169e+02 2.591343e+01
-6.195133e+01 -1.883512e+02 2.571670e+01
-6.200286e+01 -1.883853e+02 2.551992e+01
-6.205434e+01 -1.884192e+02 2.532308e+01
-6.210577e+01 -1.884530e+02 2.512619e+01
-6.215714e+01 -1.884865e+02 2.492924e+01
-6.220846e+01 -1.885199e+02 2.473224e+01
-6.225974e+01 -1.885531e+02 2.453519e+01
-6.231095e+01 -1.885861e+02 2.433807e+01
-6.236212e+01 -1.886189e+02 2.414091e+01
-6.241323e+01 -1.886516e+02 2.394369e+01
-6.246430e+01 -1.886840e+02 2.374641e+01
-6.251531e+01 -1.887163e+02 2.354909e+01
-6.256626e+01 -1.887484e+02 2.335170e+01
-6.261717e+01 -1.887803e+02 2.315427e+01
-6.266802e+01 -1.888121e+02 2.295678e+01
-6.271882e+01 -1.888436e+02 2.275924e+01
-6.276956e+01 -1.888750e+02 2.256164e+01
-6.282026e+01 -1.889062e+02 2.236399e+01
-6.287090e+01 -1.889372e+02 2.216629e+01
-6.292149e+01 -1.889680e+02 2.196853e+01
-6.297203e+01 -1.889986e+02 2.177072e+01
-6.302251e+01 -1.890291e+02 2.157286e+01
-6.307294e+01 -1.890593e+02 2.137495e+01
-6.312332e+01 -1.890894e+02 2.117699e+01
-6.317364e+01 -1.891193e+02 2.097897e+01
-6.322392e+01 -1.891490e+02 2.078090e+01
-6.327413e+01 -1.891786e+02 2.058278e+01
-6.332430e+01 -1.892079e+02 2.038461e+01
-6.337442e+01 -1.892371e+02 2.018638e+01
-6.342448e+01 -1.892661e+02 1.998811e+01
-6.347448e+01 -1.892949e+02 1.978978e+01
-6.352444e+01 -1.893235e+02 1.959140e+01
-6.357434e+01 -1.893520e+02 1.939297e+01
-6.362419e+01 -1.893802e+02 1.919449e+01
-6.367399e+01 -1.894083e+02 1.899596e+01
-6.372373e+01 -1.894362e+02 1.879738e+01
-6.377342e+01 -1.894639e+02 1.859875e+01
-6.382306e+01 -1.894914e+02 1.840007e+01
-6.387264e+01 -1.895188e+02 1.820134e+01
-6.392217e+01 -1.895459e+02 1.800256e+01
-6.397165e+01 -1.895729e+02 1.780373e+01
-6.402107e+01 -1.895997e+02 1.760485e+01
-6.407044e+01 -1.896263e+02 1.740592e+01
-6.411976e+01 -1.896528e+02 1.720694e+01
-6.416903e+01 -1.896790e+02 1.700791e+01
-6.421824e+01 -1.897051e+02 1.680883e+01
-6.426739e+01 -1.897310e+02 1.660970e+01
-6.431650e+01 -1.897567e+02 1.641053e+01
-6.436555e+01 -1.897822e+02 1.621130e+01
-6.441455e+01 -1.898076e+02 1.601203e+01
-6.446349e+01 -1.898327e+02 1.581271e+01
-6.451238e+01 -1.898577e+02 1.561334e+01
-6.456122e+01 -1.898825e+02 1.541392e+01
-6.461000e+01 -1.899071e+02 1.521446e+01
-6.465873e+01 -1.899315e+02 1.501494e+01
-6.470741e+01 -1.899558e+02 1.481538e+01
-6.475603e+01 -1.899798e+02 1.461577e+01
-6.480460e+01 -1.900037e+02 1.441612e+01
-6.485312e+01 -1.900274e+02 1.421641e+01
-6.490158e+01 -1.900510e+02 1.401666e+01
-6.494999e+01 -1.900743e+02 1.381687e+01
-6.499834e+01 -1.900974e+02 1.361702e+01
-6.504664e+01 -1.901204e+02 1.341713e+01
-6.509489e+01 -1.901432e+02 1.321719e+01
-6.514308e+01 -1.901658e+02 1.301721e+01
-6.519122e+01 -1.901883e+02 1.281718e+01
-6.523930e+01 -1.902105e+02 1.261710e+01
-6.528734e+01 -1.902326e+02 1.241698e+01
-6.533531e+01 -1.902544e+02 1.221681e+01
-6.538324e+01 -1.902762e+02 1.201660e+01
-6.543111e+01 -1.902977e+02 1.181634e+01
-6.547892e+01 -1.903190e+02 1.161603e+01
-6.552668e+01 -1.903402e+02 1.141568e+01
-6.557439e+01 -1.903611e+02 1.121529e+01
-6.562204e+01 -1.903819e+02 1.101485e+01
-6.566964e+01 -1.904025e+02 1.081436e+01
-6.571719e+01 -1.904230e+02 1.061383e+01
-6.576468e+01 -1.904432e+02 1.041325e+01
-6.581212e+01 -1.904633e+02 1.021263e+01
-6.585950e+01 -1.904832e+02 1.001197e+01
-6.590683e+01 -1.905029e+02 9.811261e+00
-6.595410e+01 -1.905224e+02 9.610508e+00
-6.600132e+01 -1.905417e+02 9.409711e+00
-6.604849e+01 -1.905609e+02 9.208870e+00
-6.609560e+01 -1.905799e+02 9.007985e+00
-6.614266e+01 -1.905987e+02 8.807056e+00
-6.618966e+01 -1.906173e+02 8.606084e+00
-6.623661e+01 -1.906357e+02 8.405069e+00
-6.628350e+01 -1.906540e+02 8.204010e+00
-6.633034e+01 -1.906720e+02 8.002908e+00
-6.637713e+01 -1.906899e+02 7.801763e+00
-6.642386e+01 -1.907076e+02 7.600575e+00
-6.647054e+01 -1.907252e+02 7.399344e+00
-6.651716e+01 -1.907425e+02 7.198071e+00
-6.656373e+01 -1.907597e+02 6.996754e+00
-6.661024e+01 -1.907767e+02 6.795396e+00
-6.665670e+01 -1.907935e+02 6.593995e+00
-6.670310e+01 -1.908101e+02 6.392552e+00
-6.674945e+01 -1.908265e+02 6.191067e+00
-6.679574e+01 -1.908428e+02 5.989540e+00
-6.684198e+01 -1.908589e+02 5.787971e+00
-6.688817e+01 -1.908748e+02 5.586361e+00
-6.693430e+01 -1.908905e+02 5.384709e+00
-6.698037e+01 -1.909060e+02 5.183015e+00
-6.702639e+01 -1.909214e+02 4.981280e+00
-6.707236e+01 -1.909365e+02 4.779504e+00
-6.711827e+01 -1.909515e+02 4.577687e+00
-6.716413e+01 -1.909663e+02 4.375829e+00
-6.720993e+01 -1.909810e+02 4.173930e+00
-6.725568e+01 -1.909954e+02 3.971990e+00
-6.730137e+01 -1.910097e+02 3.770010e+00
-6.734700e+01 -1.910238e+02 3.567989e+00
-6.739258e+01 -1.910377e+02 3.365928e+00
-6.743811e+01 -1.910514e+02 3.163827e+00
-6.748358e+01 -1.910650e+02 2.961685e+00
-6.752900e+01 -1.910783e+02 2.759504e+00
-6.757436e+01 -1.910915e+02 2.557282e+00
-6.761967e+01 -1.911045e+02 2.355021e+00
-6.766492e+01 -1.911173e+02 2.152720e+00
-6.771012e+01 -1.911300e+02 1.950379e+00
-6.775526e+01 -1.911424e+02 1.748000e+00
-6.780034e+01 -1.911547e+02 1.545580e+00
-6.784537e+01 -1.911668e+02 1.343122e+00
-6.789035e+01 -1.911787e+02 1.140625e+00
-6.793527e+01 -1.911905e+02 9.380882e-01
-6.798013e+01 -1.912020e+02 7.355129e-01
-6.802494e+01 -1.912134e+02 5.328989e-01
-6.806970e+01 -1.912246e+02 3.302463e-01
-6.811440e+01 -1.912356e+02 1.275551e-01
-6.815904e+01 -1.912465e+02 -7.517440e-02
-6.820363e+01 -1.912571e+02 -2.779422e-01
-6.824816e+01 -1.912676e+02 -4.807482e-01
-6.829264e+01 -1.912779e+02 -6.835922e-01
-6.833706e+01 -1.912880e+02 -8.864742e-01
-6.838143e+01 -1.912980e+02 -1.089394e+00
-6.842574e+01 -1.913077e+02 -1.292352e+00
-6.847000e+01 -1.913173e+02 -1.495347e+00
-6.851420e+01 -1.913267e+02 -1.698379e+00
-6.855834e+01 -1.913359e+02 -1.901449e+00
-6.860243e+01 -1.913449e+02 -2.104557e+00
-6.864646e+01 -1.913538e+02 -2.307701e+00
-6.869044e+01 -1.913624e+02 -2.510883e+00
-6.873436e+01 -1.913709e+02 -2.714101e+00
-6.877823e+01 -1.913793e+02 -2.917356e+00
-6.882204e+01 -1.913874e+02 -3.120648e+00
-6.886579e+01 -1.913953e+02 -3.323977e+00
-6.890949e+01 -1.914031e+02 -3.527342e+00
-6.895314e+01 -1.914107e+02 -3.730744e+00
-6.899672e+01 -1.914181e+02 -3.934181e+00
-6.904026e+01 -1.914253e+02 -4.137655e+00
-6.908373e+01 -1.914324e+02 -4.341165e+00
-6.912715e+01 -1.914393e+02 -4.544712e+00
-6.917052e+01 -1.914460e+02 -4.748293e+00
-6.921382e+01 -1.914525e+02 -4.951911e+00
-6.925708e+01 -1.914588e+02 -5.155564e+00
-6.930027e+01 -1.914650e+02 -5.359253e+00
-6.934341e+01 -1.914709e+02 -5.562977e+00
-6.938650e+01 -1.914767e+02 -5.766737e+00
-6.942953e+01 -1.914823e+02 -5.970532e+00
-6.947250e+01 -1.914878e+02 -6.174362e+00
-6.951541e+01 -1.914930e+02 -6.378227e+00
-6.955827e+01 -1.914981e+02 -6.582127e+00
-6.960108e+01 -1.915030e+02 -6.786061e+00
-6.964383e+01 -1.915077e+02 -6.990031e+00
-6.968652e+01 -1.915122e+02 -7.194035e+00
-6.972915e+01 -1.915166e+02 -7.398073e+00
-6.977173e+01 -1.915208e+02 -7.602146e+00
-6.981426e+01 -1.915248e+02 -7.806253e+00
-6.985672e+01 -1.915286e+02 -8.010394e+00
-6.989913e+01 -1.915322e+02 -8.214570e+00
-6.994149e+01 -1.915357e+02 -8.418779e+00
-6.998378e+01 -1.915389e+02 -8.623022e+00
-7.002603e+01 -1.915420e+02 -8.827300e+00
-7.006821e+01 -1.915449e+02 -9.031610e+00
-7.011034e+01 -1.915477e+02 -9.235955e+00
-7.015241e+01 -1.915502e+02 -9.440332e+00
-7.019443e+01 -1.915526e+02 -9.644743e+00
-7.023639e+01 -1.915548e+02 -9.849188e+00
-7.027829e+01 -1.915568e+02 -1.005367e+01
-7.032014e+01 -1.915587e+02 -1.025818e+01
-7.036193e+01 -1.915603e+02 -1.046272e+01
-7.040366e+01 -1.915618e+02 -1.066730e+01
-7.044534e+01 -1.915631e+02 -1.087191e+01
-7.048696e+01 -1.915642e+02 -1.107655e+01
-7.052852e+01 -1.915652e+02 -1.128122e+01
-7.057003e+01 -1.915659e+02 -1.148593e+01
-7.061148e+01 -1.915665e+02 -1.169067e+01
-7.065287e+01 -1.915669e+02 -1.189544e+01
-7.069420e+01 -1.915671e+02 -1.210024e+01
-7.073548e+01 -1.915672e+02 -1.230508e+01
-7.077671e+01 -1.915670e+02 -1.250995e+01
-7.081787e+01 -1.915667e+02 -1.271485e+01
-7.085898e+01 -1.915662e+02 -1.291978e+01
-7.090004e+01 -1.915655e+02 -1.312474e+01
-7.094103e+01 -1.915647e+02 -1.332974e+01
-7.098197e+01 -1.915637e+02 -1.353476e+01
-7.102285e+01 -1.915624e+02 -1.373982e+01
-7.106368e+01 -1.915610e+02 -1.394491e+01
-7.110444e+01 -1.915595e+02 -1.415003e+01
-7.114515e+01 -1.915577e+02 -1.435518e+01
-7.118581e+01 -1.915558e+02 -1.456037e+01
-7.122640e+01 -1.915537e+02 -1.476558e+01
-7.126694e+01 -1.915514e+02 -1.497082e+01
-7.130743e+01 -1.915489e+02 -1.517610e+01
-7.134785e+01 -1.915463e+02 -1.538140e+01
-7.138822e+01 -1.915435e+02 -1.558674e+01
-7.142853e+01 -1.915404e+02 -1.579211e+01
-7.146878e+01 -1.915373e+02 -1.599750e+01
-7.150898e+01 -1.915339e+02 -1.620293e+01
-7.154912e+01 -1.915304e+02 -1.640839e+01
-7.158920e+01 -1.915266e+02 -1.661388e+01
-7.162923e+01 -1.915227e+02 -1.681939e+01
-7.166919e+01 -1.915186e+02 -1.702494e+01
-7.170910e+01 -1.915144e+02 -1.723052e+01
-7.174896e+01 -1.915099e+02 -1.743612e+01
-7.178875e+01 -1.915053e+02 -1.764176e+01
-7.182849e+01 -1.915005e+02 -1.784743e+01
-7.186817e+01 -1.914955e+02 -1.805312e+01
-7.190779e+01 -1.914904e+02 -1.825885e+01
-7.194736e+01 -1.914851e+02 -1.846460e+01
-7.198686e+01 -1.914795e+02 -1.867038e+01
-7.202632e+01 -1.914738e+02 -1.887620e+01
-7.206571e+01 -1.914680e+02 -1.908204e+01
-7.210504e+01 -1.914619e+02 -1.928791e+01
-7.214432e+01 -1.914557e+02 -1.949381e+01
-7.218354e+01 -1.914493e+02 -1.969973e+01
-7.222270e+01 -1.914427e+02 -1.990569e+01
-7.226181e+01 -1.914359e+02 -2.011168e+01
-7.230085e+01 -1.914290e+02 -2.031769e+01
-7.233984e+01 -1.914218e+02 -2.052373e+01
-7.237877e+01 -1.914145e+02 -2.072980e+01
-7.241765e+01 -1.914070e+02 -2.093590e+01
-7.245646e+01 -1.913994e+02 -2.114202e+01
-7.249522e+01 -1.913915e+02 -2.134818e+01
-7.253392e+01 -1.913835e+02 -2.155436e+01
-7.257256e+01 -1.913753e+02 -2.176057e+01
-7.261114e+01 -1.913669e+02 -2.196681e+01
-7.264967e+01 -1.913584e+02 -2.217307e+01
-7.268814e+01 -1.913496e+02 -2.237937e+01
-7.272655e+01 -1.913407e+02 -2.258569e+01
-7.276490e+01 -1.913316e+02 -2.279204e+01
-7.280319e+01 -1.913223e+02 -2.299841e+01
-7.284143e+01 -1.913129e+02 -2.320481e+01
-7.287960e+01 -1.913032e+02 -2.341124e+01
-7.291772e+01 -1.912934e+02 -2.361770e+01
-7.295578e+01 -1.912834e+02 -2.382418e+01
-7.299379e+01 -1.912733e+02 -2.403069e+01
-7.303173e+01 -1.912629e+02 -2.423723e+01
-7.306962e+01 -1.912524e+02 -2.444379e+01
-7.310744e+01 -1.912417e+02 -2.465039e+01
-7.314521e+01 -1.912308e+02 -2.485700e+01
-7.318293e+01 -1.912197e+02 -2.506365e+01
-7.322058e+01 -1.912085e+02 -2.527032e+01
-7.325817e+01 -1.911970e+02 -2.547701e+01
-7.329571e+01 -1.911854e+02 -2.568374e+01
-7.333319e+01 -1.911737e+02 -2.589048e+01
-7.337060e+01 -1.911617e+02 -2.609726e+01
-7.340797e+01 -1.911496e+02 -2.630406e+01
-7.344527e+01 -1.911372e+02 -2.651089e+01
-7.348251e+01 -1.911247e+02 -2.671774e+01
-7.351970e+01 -1.911121e+02 -2.692462e+01
-7.355682e+01 -1.910992e+02 -2.713152e+01
-7.359389e+01 -1.910862e+02 -2.733845e+01
-7.363090e+01 -1.910729e+02 -2.754540e+01
-7.366785e+01 -1.910595e+02 -2.775239e+01
-7.370474e+01 -1.910460e+02 -2.795939e+01
-7.374157e+01 -1.910322e+02 -2.816642e+01
-7.377835e+01 -1.910183e+02 -2.837348e+01
-7.381506e+01 -1.910042e+02 -2.858056e+01
-7.385172e+01 -1.909899e+02 -2.878766e+01
-7.388831e+01 -1.909754e+02 -2.899479e+01
-7.392485e+01 -1.909608e+02 -2.920195e+01
-7.396133e+01 -1.909459e+02 -2.940913e+01
-7.399775e+01 -1.909309e+02 -2.961634e+01
-7.403411e+01 -1.909157e+02 -2.982356e+01
-7.407042e+01 -1.909004e+02 -3.003082e+01
-7.410666e+01 -1.908848e+02 -3.023810e+01
-7.414284e+01 -1.908691e+02 -3.044540e+01
-7.417897e+01 -1.908532e+02 -3.065273e+01
-7.421503e+01 -1.908371e+02 -3.086008e+01
-7.425104e+01 -1.908208e+02 -3.106745e+01
-7.428699e+01 -1.908044e+02 -3.127485e+01
-7.432288e+01 -1.907878e+02 -3.148228e+01
-7.435871e+01 -1.907710e+02 -3.168972e+01
-7.439448e+01 -1.907540e+02 -3.189719e+01
-7.443019e+01 -1.907368e+02 -3.210469e+01
-7.446584e+01 -1.907195e+02 -3.231221e+01
-7.450143e+01 -1.907020e+02 -3.251975e+01
-7.453696e+01 -1.906843e+02 -3.272731e+01
-7.457243e+01 -1.906664e+02 -3.293490e+01
-7.460785e+01 -1.906483e+02 -3.314251e+01
-7.464320e+01 -1.906301e+02 -3.335015e+01
-7.467850e+01 -1.906117e+02 -3.355781e+01
-7.471373e+01 -1.905931e+02 -3.376549e+01
-7.474891e+01 -1.905743e+02 -3.397319e+01
-7.478402e+01 -1.905554e+02 -3.418092e+01
-7.481908e+01 -1.905362e+02 -3.438867e+01
-7.485407e+01 -1.905169e+02 -3.459644e+01
-7.488901e+01 -1.904974e+02 -3.480424e+01
-7.492389e+01 -1.904778e+02 -3.501205e+01
-7.495870e+01 -1.904579e+02 -3.521989e+01
-7.499346e+01 -1.904379e+02 -3.542776e+01
-7.502816e+01 -1.904177e+02 -3.563564e+01
-7.506280e+01 -1.903973e+02 -3.584355e+01
-7.509737e+01 -1.903767e+02 -3.605148e+01
-7.513189e+01 -1.903560e+02 -3.625943e+01
-7.516635e+01 -1.903351e+02 -3.646740e+01
-7.520075e+01 -1.903140e+02 -3.667540e+01
-7.523508e+01 -1.902927e+02 -3.688342e+01
-7.526936e+01 -1.902712e+02 -3.709146e+01
-7.530358e+01 -1.902496e+02 -3.729952e+01
-7.533774e+01 -1.902277e+02 -3.750760e+01
-7.537183e+01 -1.902057e+02 -3.771570e+01
-7.540587e+01 -1.901835e+02 -3.792383e+01
-7.543985e+01 -1.901612e+02 -3.813198e+01
-7.547376e+01 -1.901386e+02 -3.834015e+01
-7.550762e+01 -1.901159e+02 -3.854834e+01
-7.554141e+01 -1.900930e+02 -3.875655e+01
-7.557515e+01 -1.900699e+02 -3.896478e+01
-7.560883e+01 -1.900467e+02 -3.917303e+01
-7.564244e+01 -1.900232e+02 -3.938131e+01
-7.567599e+01 -1.899996e+02 -3.958960e+01
-7.570949e+01 -1.899758e+02 -3.979792e+01
-7.574292e+01 -1.899518e+02 -4.000625e+01
-7.577629e+01 -1.899277e+02 -4.021461e+01
-7.580960e+01 -1.899033e+02 -4.042299e+01
-7.584286e+01 -1.898788e+02 -4.063139e+01
-7.587605e+01 -1.898541e+02 -4.083981e+01
-7.590918e+01 -1.898292e+02 -4.104825e+01
-7.594225e+01 -1.898041e+02 -4.125670e+01
-7.597525e+01 -1.897789e+02 -4.146518e+01
-7.600820e+01 -1.897535e+02 -4.167368e+01
-7.604109e+01 -1.897279e+02 -4.188220e+01
-7.607391e+01 -1.897021e+02 -4.209074e+01
-7.610668e+01 -1.896761e+02 -4.229930e+01
-7.613938e+01 -1.896500e+02 -4.250788e+01
-7.617203e+01 -1.896237e+02 -4.271648e+01
-7.620461e+01 -1.895972e+02 -4.292510e+01
-7.623713e+01 -1.895705e+02 -4.313374e+01
-7.626959e+01 -1.895436e+02 -4.334240e+01
-7.630199e+01 -1.895166e+02 -4.355107e+01
-7.633433e+01 -1.894894e+02 -4.375977e+01
-7.636660e+01 -1.894620e+02 -4.396849e+01
-7.639882e+01 -1.894344e+02 -4.417722e+01
-7.643097e+01 -1.894066e+02 -4.438598e+01
-7.646306e+01 -1.893787e+02 -4.459475e+01
-7.649510e+01 -1.893505e+02 -4.480354e+01
-7.652707e+01 -1.893222e+02 -4.501235e+01
-7.655897e+01 -1.892938e+02 -4.522118e+01
-7.659082e+01 -1.892651e+02 -4.543003e+01
-7.662261e+01 -1.892362e+02 -4.563890e+01
-7.665433e+01 -1.892072e+02 -4.584779e+01
-7.668599e+01 -1.891780e+02 -4.605669e+01
-7.671760e+01 -1.891486e+02 -4.626561e+01
-7.674913e+01 -1.891191e+02 -4.647455e+01
-7.678061e+01 -1.890893e+02 -4.668351e+01
-7.681203e+01 -1.890594e+02 -4.689249e+01
-7.684338e+01 -1.890293e+02 -4.710149e+01
-7.687468e+01 -1.889990e+02 -4.731050e+01
-7.690591e+01 -1.889685e+02 -4.751953e+01
-7.693708e+01 -1.889378e+02 -4.772858e+01
-7.696818e+01 -1.889070e+02 -4.793765e+01
-7.699923e+01 -1.888760e+02 -4.814674e+01
-7.703021e+01 -1.888448e+02 -4.835584e+01
-7.706113e+01 -1.888134e+02 -4.856496e+01
-7.709199e+01 -1.887819e+02 -4.877410e+01
-7.712279e+01 -1.887501e+02 -4.898325e+01
-7.715352e+01 -1.887182e+02 -4.919243e+01
-7.718420e+01 -1.886861e+02 -4.940162e+01
-7.721481e+01 -1.886538e+02 -4.961082e+01
-7.724535e+01 -1.886214e+02 -4.982005e+01
-7.727584e+01 -1.885887e+02 -5.002929e+01
-7.730626e+01 -1.885559e+02 -5.023855e+01
-7.733663e+01 -1.885229e+02 -5.044782e+01
-7.736693e+01 -1.884897e+02 -5.065711e+01
-7.739716e+01 -1.884563e+02 -5.086642e+01
-7.742734e+01 -1.884228e+02 -5.107575e+01
-7.745745e+01 -1.883890e+02 -5.128509e+01
-7.748750e+01 -1.883551e+02 -5.149445e+01
-7.751748e+01 -1.883210e+02 -5.170383e+01
-7.754741e+01 -1.882868e+02 -5.191322e+01
-7.757727e+01 -1.882523e+02 -5.212262e+01
-7.760707e+01 -1.882177e+02 -5.233205e+01
-7.763680e+01 -1.881828e+02 -5.254149e+01
-7.766648e+01 -1.881478e+02 -5.275095e+01
-7.769609e+01 -1.881127e+02 -5.296042e+01
-7.772563e+01 -1.880773e+02 -5.316991e+01
-7.775512e+01 -1.880417e+02 -5.337941e+01
-7.778454e+01 -1.880060e+02 -5.358893e+01
-7.781390e+01 -1.879701e+02 -5.379847e+01
-7.784319e+01 -1.879340e+02 -5.400802e+01
-7.787243e+01 -1.878977e+02 -5.421758e+01
-7.790160e+01 -1.878613e+02 -5.442717e+01
-7.793070e+01 -1.878246e+02 -5.463676e+01
-7.795975e+01 -1.877878e+02 -5.484638e+01
-7.798872e+01 -1.877508e+02 -5.505600e+01
-7.801764e+01 -1.877136e+02 -5.526565e+01
-7.804649e+01 -1.876762e+02 -5.547530e+01
-7.807528e+01 -1.876387e+02 -5.568498e+01
-7.810401e+01 -1.876010e+02 -5.589467e+01
-7.813267e+01 -1.875631e+02 -5.610437e+01
-7.816127e+01 -1.875250e+02 -5.631409e+01
-7.818981e+01 -1.874867e+02 -5.652382e+01
-7.821828e+01 -1.874482e+02 -5.673357e+01
-7.824669e+01 -1.874096e+02 -5.694333e+01
-7.827504e+01 -1.873707e+02 -5.715310e+01
-7.830332e+01 -1.873317e+02 -5.736289e+01
-7.833154e+01 -1.872925e+02 -5.757270e+01
-7.835969e+01 -1.872532e+02 -5.778252e+01
-7.838778e+01 -1.872136e+02 -5.799235e+01
-7.841581e+01 -1.871739e+02 -5.820220e+01
-7.844377e+01 -1.871339e+02 -5.841206e+01
-7.847167e+01 -1.870938e+02 -5.862194e+01
-7.849950e+01 -1.870535e+02 -5.883182e+01
-7.852727e+01 -1.870131e+02 -5.904173e+01
-7.855498e+01 -1.869724e+02 -5.925164e+01
-7.858262e+01 -1.869316e+02 -5.946157e+01
-7.861020e+01 -1.868906e+02 -5.967152e+01
-7.863771e+01 -1.868494e+02 -5.988147e+01
-7.866516e+01 -1.868080e+02 -6.009144e+01
-7.869255e+01 -1.867664e+02 -6.030143e+01
-7.871987e+01 -1.867246e+02 -6.051142e+01
-7.874712e+01 -1.866827e+02 -6.072143e+01
-7.877431e+01 -1.866406e+02 -6.093145e+01
-7.880144e+01 -1.865983e+02 -6.114149e+01
-7.882851e+01 -1.865558e+02 -6.135154e+01
-7.885550e+01 -1.865131e+02 -6.156160e+01
-7.888244e+01 -1.864703e+02 -6.177167e+01
-7.890931e+01 -1.864272e+02 -6.198176e+01
-7.893611e+01 -1.863840e+02 -6.219186e+01
-7.896285e+01 -1.863406e+02 -6.240197e+01
-7.898952e+01 -1.862970e+02 -6.261210e+01
-7.901613e+01 -1.862532e+02 -6.282223e+01
-7.904268e+01 -1.862093e+02 -6.303238e+01
-7.906916e+01 -1.861651e+02 -6.324254e+01
-7.909557e+01 -1.861208e+02 -6.345271e+01
-7.912192e+01 -1.860763e+02 -6.366290e+01
-7.914821e+01 -1.860316e+02 -6.387309e+01
-7.917443e+01 -1.859867e+02 -6.408330e+01
-7.920058e+01 -1.859417e+02 -6.429352e+01
-7.922667e+01 -1.858964e+02 -6.450375e+01
-7.925270e+01 -1.858510e+02 -6.471400e+01
-7.927866e+01 -1.858054e+02 -6.492425e+01
-7.930455e+01 -1.857596e+02 -6.513452e+01
-7.933038e+01 -1.857136e+02 -6.534480e+01
-7.935614e+01 -1.856674e+02 -6.555509e+01
-7.938184e+01 -1.856211e+02 -6.576538e+01
-7.940747e+01 -1.855745e+02 -6.597570e+01
-7.943303e+01 -1.855278e+02 -6.618602e+01
-7.945853e+01 -1.854809e+02 -6.639635e+01
-7.948397e+01 -1.854338e+02 -6.660669e+01
-7.950934e+01 -1.853865e+02 -6.681705e+01
-7.953464e+01 -1.853390e+02 -6.702741e+01
-7.955988e+01 -1.852914e+02 -6.723779e+01
-7.958505e+01 -1.852436e+02 -6.744818e+01
-7.961015e+01 -1.851955e+02 -6.765857e+01
-7.963519e+01 -1.851473e+02 -6.786898e+01
-7.966016e+01 -1.850990e+02 -6.807940e+01
-7.968507e+01 -1.850504e+02 -6.828982e+01
-7.970991e+01 -1.850016e+02 -6.850026e+01
-7.973469e+01 -1.849527e+02 -6.871071e+01
-7.975939e+01 -1.849035e+02 -6.892116e+01
-7.978404e+01 -1.848542e+02 -6.913163e+01
-7.980861e+01 -1.848047e+02 -6.934211e+01
-7.983312e+01 -1.847550e+02 -6.955259e+01
-7.985756e+01 -1.847052e+02 -6.976309e+01
-7.988194e+01 -1.846551e+02 -6.997359e+01
-7.990625e+01 -1.846049e+02 -7.018411e+01
-7.993049e+01 -1.845544e+02 -7.039463e+01
-7.995467e+01 -1.845038e+02 -7.060516e+01
-7.997878e+01 -1.844530e+02 -7.081571e+01
-8.000282e+01 -1.844020e+02 -7.102626e+01
-8.002680e+01 -1.843508e+02 -7.123682e+01
-8.005071e+01 -1.842995e+02 -7.144739e+01
-8.007455e+01 -1.842479e+02 -7.165796e+01
-8.009832e+01 -1.841962e+02 -7.186855e+01
-8.012203e+01 -1.841443e+02 -7.207914e+01
-8.014567e+01 -1.840922e+02 -7.228975e+01
-8.016925e+01 -1.840399e+02 -7.250036e+01
-8.019275e+01 -1.839874e+02 -7.271098e+01
-8.021619e+01 -1.839347e+02 -7.292161e+01
-8.023957e+01 -1.838819e+02 -7.313224e+01
-8.026287e+01 -1.838288e+02 -7.334289e+01
-8.028611e+01 -1.837756e+02 -7.355354e+01
-8.030928e+01 -1.837222e+02 -7.376420e+01
-8.033238e+01 -1.836686e+02 -7.397487e+01
-8.035542e+01 -1.836148e+02 -7.418554e+01
-8.037838e+01 -1.835608e+02 -7.439623e+01
-8.040128e+01 -1.835066e+02 -7.460692e+01
-8.042412e+01 -1.834523e+02 -7.481762e+01
-8.044688e+01 -1.833978e+02 -7.502832e+01
-8.046958e+01 -1.833430e+02 -7.523903e+01
-8.049221e+01 -1.832881e+02 -7.544975e+01
-8.051477e+01 -1.832330e+02 -7.566048e+01
-8.053726e+01 -1.831777e+02 -7.587121e+01
-8.055968e+01 -1.831222e+02 -7.608195e+01
-8.058204e+01 -1.830666e+02 -7.629270e+01
-8.060433e+01 -1.830107e+02 -7.650345e+01
-8.062655e+01 -1.829547e+02 -7.671421e+01
-8.064870e+01 -1.828985e+02 -7.692498e+01
-8.067079e+01 -1.828420e+02 -7.713575e+01
-8.069280e+01 -1.827854e+02 -7.734653e+01
-8.071475e+01 -1.827286e+02 -7.755732e+01
-8.073663e+01 -1.826717e+02 -7.776811e+01
-8.075844e+01 -1.826145e+02 -7.797891e+01
-8.078018e+01 -1.825571e+02 -7.818971e+01
-8.080185e+01 -1.824996e+02 -7.840052e+01
-8.082346e+01 -1.824418e+02 -7.861134e+01
-8.084499e+01 -1.823839e+02 -7.882216e+01
-8.086646e+01 -1.823258e+02 -7.903298e+01
-8.088785e+01 -1.822675e+02 -7.924382e+01
-8.090918e+01 -1.822090e+02 -7.945465e+01
-8.093044e+01 -1.821503e+02 -7.966550e+01
-8.095163e+01 -1.820915e+02 -7.987634e+01
-8.097276e+01 -1.820324e+02 -8.008720e+01
-8.099381e+01 -1.819732e+02 -8.029805e+01
-8.101479e+01 -1.819137e+02 -8.050892e+01
-8.103571e+01 -1.818541e+02 -8.071978e+01
-8.105655e+01 -1.817943e+02 -8.093065e+01
-8.107733e+01 -1.817343e+02 -8.114153e+01
-8.109803e+01 -1.816741e+02 -8.135241e+01
-8.111867e+01 -1.816137e+02 -8.156330e+01
-8.113923e+01 -1.815531e+02 -8.177418e+01
-8.115973e+01 -1.814923e+02 -8.198508e+01
-8.118016e+01 -1.814314e+02 -8.219597e+01
-8.120052e+01 -1.813702e+02 -8.240688e+01
-8.122081e+01 -1.813089e+02 -8.261778e+01
-8.124102e+01 -1.812474e+02 -8.282869e+01
-8.126117e+01 -1.811857e+02 -8.303960e+01
-8.128125e+01 -1.811238e+02 -8.325052e+01
-8.130126e+01 -1.810617e+02 -8.346144e+01
-8.132120e+01 -1.809994e+02 -8.367236e+01
-8.134106e+01 -1.809369e+02 -8.388329e+01
-8.136086e+01 -1.808742e+02 -8.409422e+01
-8.138059e+01 -1.808114e+02 -8.430515e+01
-8.140025e+01 -1.807483e+02 -8.451608e+01
-8.141983e+01 -1.806851e+02 -8.472702e+01
-8.143935e+01 -1.806217e+02 -8.493796e+01
-8.145880e+01 -1.805580e+02 -8.514890e+01
-8.147817e+01 -1.804942e+02 -8.535985e+01
-8.149748e+01 -1.804302e+02 -8.557080e+01
-8.151671e+01 -1.803660e+02 -8.578175e+01
-8.153588e+01 -1.803016e+02 -8.599270e+01
-8.155497e+01 -1.802371e+02 -8.620365e+01
-8.157399e+01 -1.801723e+02 -8.641461e+01
-8.159294e+01 -1.801073e+02 -8.662557e+01
-8.161182e+01 -1.800422e+02 -8.683653e+01
-8.163063e+01 -1.799768e+02 -8.704749e+01
-8.164937e+01 -1.799113e+02 -8.725845e+01
-8.166803e+01 -1.798456e+02 -8.746942e+01
-8.168663e+01 -1.797797e+02 -8.768038e+01
-8.170515e+01 -1.797135e+02 -8.789135e+01
-8.172361e+01 -1.796472e+02 -8.810232e+01
-8.174199e+01 -1.795807e+02 -8.831329e+01
-8.176030e+01 -1.795141e+02 -8.852426e+01
-8.177854e+01 -1.794472e+02 -8.873523e+01
-8.179670e+01 -1.793801e+02 -8.894620e+01
-8.181480e+01 -1.793128e+02 -8.915717e+01
-8.183282e+01 -1.792454e+02 -8.936815e+01
-8.185078e+01 -1.791777e+02 -8.957912e+01
-8.186865e+01 -1.791099e+02 -8.979009e+01
-8.188646e+01 -1.790418e+02 -9.000107e+01
-8.190420e+01 -1.789736e+02 -9.021204e+01
-8.192186e+01 -1.789052e+02 -9.042301e+01
-8.193946e+01 -1.788366e+02 -9.063399e+01
-8.195698e+01 -1.787678e+02 -9.084496e+01
-8.197442e+01 -1.786988e+02 -9.105593e+01
-8.199180e+01 -1.786296e+02 -9.126690e+01
-8.200910e+01 -1.785602e+02 -9.147787e+01
-8.202633e+01 -1.784906e+02 -9.168884e+01
-8.204349e+01 -1.784208e+02 -9.189981e+01
-8.206058e+01 -1.783508e+02 -9.211078e+01
-8.207759e+01 -1.782807e+02 -9.232175e+01
-8.209453e+01 -1.782103e+02 -9.253271e+01
-8.211140e+01 -1.781398e+02 -9.274368e+01
-8.212819e+01 -1.780690e+02 -9.295464e+01
-8.214491e+01 -1.779981e+02 -9.316560e+01
-8.216156e+01 -1.779269e+02 -9.337656e+01
-8.217814e+01 -1.778556e+02 -9.358752e+01
-8.219464e+01 -1.777841e+02 -9.379848e+01
-8.221107e+01 -1.777124e+02 -9.400943e+01
-8.222743e+01 -1.776404e+02 -9.422038e+01
-8.224371e+01 -1.775683e+02 -9.443133e+01
-8.225992e+01 -1.774960e+02 -9.464228e+01
-8.227606e+01 -1.774235e+02 -9.485322e+01
-8.229212e+01 -1.773508e+02 -9.506416e+01
-8.230811e+01 -1.772779e+02 -9.527510e+01
-8.232403e+01 -1.772049e+02 -9.548604e+01
-8.233987e+01 -1.771316e+02 -9.569697e+01
-8.235564e+01 -1.770581e+02 -9.590790e+01
-8.237134e+01 -1.769844e+02 -9.611883e+01
-8.238696e+01 -1.769106e+02 -9.632975e+01
-8.240251e+01 -1.768365e+02 -9.654067e+01
-8.241798e+01 -1.767622e+02 -9.675159e+01
-8.243338e+01 -1.766878e+02 -9.696250e+01
-8.244870e+01 -1.766131e+02 -9.717341e+01
-8.246396e+01 -1.765383e+02 -9.738431e+01
-8.247913e+01 -1.764633e+02 -9.759521e+01
-8.249424e+01 -1.763880e+02 -9.780611e+01
-8.250926e+01 -1.763126e+02 -9.801700e+01
-8.252422e+01 -1.762370e+02 -9.822789e+01
-8.253910e+01 -1.761611e+02 -9.843877e+01
-8.255390e+01 -1.760851e+02 -9.864965e+01
-8.256863e+01 -1.760089e+02 -9.886052e+01
-8.258329e+01 -1.759325e+02 -9.907139e+01
-8.259787e+01 -1.758559e+02 -9.928225e+01
-8.261238e+01 -1.757791e+02 -9.949311e+01
-8.262681e+01 -1.757020e+02 -9.970396e+01
-8.264117e+01 -1.756248e+02 -9.991480e+01
-8.265545e+01 -1.755474e+02 -1.001256e+02
-8.266965e+01 -1.754698e+02 -1.003365e+02
-8.268378e+01 -1.753921e+02 -1.005473e+02
-8.269784e+01 -1.753141e+02 -1.007581e+02
-8.271182e+01 -1.752359e+02 -1.009689e+02
-8.272573e+01 -1.751575e+02 -1.011798e+02
-8.273956e+01 -1.750789e+02 -1.013906e+02
-8.275331e+01 -1.750001e+02 -1.016014e+02
-8.276699e+01 -1.749211e+02 -1.018122e+02
-8.278059e+01 -1.748419e+02 -1.020229e+02
-8.279412e+01 -1.747626e+02 -1.022337e+02
-8.280757e+01 -1.746830e+02 -1.024445e+02
-8.282095e+01 -1.746032e+02 -1.026552e+02
-8.283425e+01 -1.745232e+02 -1.028660e+02
-8.284747e+01 -1.744431e+02 -1.030767e+02
-8.286062e+01 -1.743627e+02 -1.032875e+02
-8.287369e+01 -1.742821e+02 -1.034982e+02
-8.288668e+01 -1.742014e+02 -1.037089e+02
-8.289960e+01 -1.741204e+02 -1.039197e+02
-8.291245e+01 -1.740392e+02 -1.041304e+02
-8.292521e+01 -1.739579e+02 -1.043411e+02
-8.293790e+01 -1.738763e+02 -1.045518e+02
-8.295052e+01 -1.737945e+02 -1.047624e+02
-8.296305e+01 -1.737126e+02 -1.049731e+02
-8.297551e+01 -1.736304e+02 -1.051838e+02
-8.298790e+01 -1.735481e+02 -1.053944e+02
-8.300020e+01 -1.734655e+02 -1.056051e+02
-8.301243e+01 -1.733827e+02 -1.058157e+02
-8.302459e+01 -1.732998e+02 -1.060264e+02
-8.303666e+01 -1.732166e+02 -1.062370e+02
-8.304866e+01 -1.731333e+02 -1.064476e+02
-8.306058e+01 -1.730497e+02 -1.066582e+02
-8.307242e+01 -1.729659e+02 -1.068688e+02
-8.308419e+01 -1.728820e+02 -1.070794e+02
-8.309588e+01 -1.727978e+02 -1.072899e+02
-8.310749e+01 -1.727135e+02 -1.075005e+02
-8.311903e+01 -1.726289e+02 -1.077110e+02
-8.313048e+01 -1.725441e+02 -1.079216e+02
-8.314186e+01 -1.724592e+02 -1.081321e+02
-8.315316e+01 -1.723740e+02 -1.083426e+02
-8.316439e+01 -1.722886e+02 -1.085531e+02
-8.317553e+01 -1.722031e+02 -1.087636e+02
-8.318660e+01 -1.721173e+02 -1.089741e+02
-8.319759e+01 -1.720313e+02 -1.091846e+02
-8.320850e+01 -1.719452e+02 -1.093950e+02
-8.321934e+01 -1.718588e+02 -1.096055e+02
-8.323009e+01 -1.717722e+02 -1.098159e+02
-8.324077e+01 -1.716854e+02 -1.100263e+02
-8.325137e+01 -1.715985e+02 -1.102367e+02
-8.326189e+01 -1.715113e+02 -1.104471e+02
-8.327233e+01 -1.714239e+02 -1.106575e+02
-8.328269e+01 -1.713363e+02 -1.108679e+02
-8.329297e+01 -1.712485e+02 -1.110783e+02
-8.330318e+01 -1.711605e+02 -1.112886e+02
-8.331331e+01 -1.710724e+02 -1.114989e+02
-8.332335e+01 -1.709840e+02 -1.117093e+02
-8.333332e+01 -1.708954e+02 -1.119196e+02
-8.334321e+01 -1.708066e+02 -1.121299e+02
-8.335302e+01 -1.707176e+02 -1.123401e+02
-8.336275e+01 -1.706284e+02 -1.125504e+02
-8.337241e+01 -1.705390e+02 -1.127607e+02
-8.338198e+01 -1.704494e+02 -1.129709e+02
-8.339147e+01 -1.703595e+02 -1.131811e+02
-8.340089e+01 -1.702695e+02 -1.133913e+02
-8.341022e+01 -1.701793e+02 -1.136015e+02
-8.341947e+01 -1.700889e+02 -1.138117e+02
-8.342865e+01 -1.699983e+02 -1.140219e+02
-8.343774e+01 -1.699074e+02 -1.142320e+02
-8.344676e+01 -1.698164e+02 -1.144421e+02
-8.345569e+01 -1.697252e+02 -1.146523e+02
-8.346455e+01 -1.696337e+02 -1.148624e+02
-8.347332e+01 -1.695421e+02 -1.150724e+02
-8.348202e+01 -1.694502e+02 -1.152825e+02
-8.349063e+01 -1.693582e+02 -1.154926e+02
-8.349917e+01 -1.692659e+02 -1.157026e+02
-8.350762e+01 -1.691735e+02 -1.159126e+02
-8.351600e+01 -1.690808e+02 -1.161226e+02
-8.352429e+01 -1.689879e+02 -1.163326e+02
-8.353250e+01 -1.688948e+02 -1.165426e+02
-8.354063e+01 -1.688016e+02 -1.167525e+02
-8.354868e+01 -1.687081e+02 -1.169625e+02
-8.355665e+01 -1.686144e+02 -1.171724e+02
-8.356454e+01 -1.685205e+02 -1.173823e+02
-8.357235e+01 -1.684264e+02 -1.175922e+02
-8.358008e+01 -1.683321e+02 -1.178020e+02
-8.358773e+01 -1.682376e+02 -1.180119e+02
-8.359529e+01 -1.681429e+02 -1.182217e+02
-8.360277e+01 -1.680479e+02 -1.184315e+02
-8.361018e+01 -1.679528e+02 -1.186413e+02
-8.361750e+01 -1.678575e+02 -1.188511e+02
-8.362474e+01 -1.677619e+02 -1.190609e+02
-8.363189e+01 -1.676662e+02 -1.192706e+02
-8.363897e+01 -1.675702e+02 -1.194803e+02
-8.364596e+01 -1.674741e+02 -1.196900e+02
-8.365288e+01 -1.673777e+02 -1.198997e+02
-8.365971e+01 -1.672812e+02 -1.201093e+02
-8.366646e+01 -1.671844e+02 -1.203190e+02
-8.367312e+01 -1.670874e+02 -1.205286e+02
-8.367971e+01 -1.669902e+02 -1.207382e+02
-8.368621e+01 -1.668928e+02 -1.209478e+02
-8.369263e+01 -1.667952e+02 -1.211573e+02
-8.369897e+01 -1.666974e+02 -1.213669e+02
-8.370522e+01 -1.665994e+02 -1.215764e+02
-8.371140e+01 -1.665011e+02 -1.217859e+02
-8.371749e+01 -1.664027e+02 -1.219953e+02
-8.372349e+01 -1.663041e+02 -1.222048e+02
-8.372942e+01 -1.662052e+02 -1.224142e+02
-8.373526e+01 -1.661062e+02 -1.226236e+02
-8.374102e+01 -1.660069e+02 -1.228330e+02
-8.374670e+01 -1.659074e+02 -1.230424e+02
-8.375229e+01 -1.658078e+02 -1.232517e+02
-8.375780e+01 -1.657079e+02 -1.234610e+02
-8.376323e+01 -1.656078e+02 -1.236703e+02
-8.376857e+01 -1.655075e+02 -1.238796e+02
-8.377383e+01 -1.654070e+02 -1.240889e+02
-8.377901e+01 -1.653063e+02 -1.242981e+02
-8.378410e+01 -1.652053e+02 -1.245073e+02
-8.378911e+01 -1.651042e+02 -1.247165e+02
-8.379403e+01 -1.650028e+02 -1.249256e+02
-8.379888e+01 -1.649013e+02 -1.251348e+02
-8.380364e+01 -1.647995e+02 -1.253439e+02
-8.380831e+01 -1.646976e+02 -1.255530e+02
-8.381290e+01 -1.645954e+02 -1.257620e+02
-8.381741e+01 -1.644930e+02 -1.259711e+02
-8.382183e+01 -1.643904e+02 -1.261801e+02
-8.382617e+01 -1.642876e+02 -1.263891e+02
-8.383042e+01 -1.641846e+02 -1.265980e+02
-8.383459e+01 -1.640813e+02 -1.268069e+02
-8.383868e+01 -1.639779e+02 -1.270159e+02
-8.384268e+01 -1.638743e+02 -1.272247e+02
-8.384659e+01 -1.637704e+02 -1.274336e+02
-8.385042e+01 -1.636663e+02 -1.276424e+02
-8.385417e+01 -1.635621e+02 -1.278512e+02
-8.385783e+01 -1.634576e+02 -1.280600e+02
-8.386141e+01 -1.633529e+02 -1.282688e+02
-8.386490e+01 -1.632480e+02 -1.284775e+02
-8.386831e+01 -1.631428e+02 -1.286862e+02
-8.387163e+01 -1.630375e+02 -1.288949e+02
-8.387487e+01 -1.629320e+02 -1.291035e+02
-8.387802e+01 -1.628262e+02 -1.293121e+02
-8.388108e+01 -1.627203e+02 -1.295207e+02
-8.388406e+01 -1.626141e+02 -1.297293e+02
-8.388696e+01 -1.625077e+02 -1.299378e+02
-8.388977e+01 -1.624011e+02 -1.301463e+02
-8.389249e+01 -1.622943e+02 -1.303548e+02
-8.389513e+01 -1.621873e+02 -1.305632e+02
-8.389768e+01 -1.620801e+02 -1.307717e+02
-8.390014e+01 -1.619726e+02 -1.309800e+02
-8.390252e+01 -1.618650e+02 -1.311884e+02
-8.390482e+01 -1.617571e+02 -1.313967e+02
-8.390703e+01 -1.616490e+02 -1.316050e+02
-8.390915e+01 -1.615407e+02 -1.318133e+02
-8.391118e+01 -1.614322e+02 -1.320215e+02
-8.391313e+01 -1.613235e+02 -1.322298e+02
-8.391499e+01 -1.612146e+02 -1.324379e+02
-8.391677e+01 -1.611055e+02 -1.326461e+02
-8.391846e+01 -1.609961e+02 -1.328542e+02
-8.392006e+01 -1.608866e+02 -1.330623e+02
-8.392157e+01 -1.607768e+02 -1.332704e+02
-8.392300e+01 -1.606668e+02 -1.334784e+02
-8.392434e+01 -1.605566e+02 -1.336864e+02
-8.392560e+01 -1.604462e+02 -1.338943e+02
-8.392676e+01 -1.603356e+02 -1.341023e+02
-8.392784e+01 -1.602247e+02 -1.343102e+02
-8.392884e+01 -1.601137e+02 -1.345180e+02
-8.392974e+01 -1.600024e+02 -1.347259e+02
-8.393056e+01 -1.598909e+02 -1.349337e+02
-8.393129e+01 -1.597792e+02 -1.351414e+02
-8.393193e+01 -1.596673e+02 -1.353492e+02
-8.393249e+01 -1.595552e+02 -1.355569e+02
-8.393295e+01 -1.594429e+02 -1.357645e+02
-8.393333e+01 -1.593303e+02 -1.359722e+02
-8.393362e+01 -1.592176e+02 -1.361798e+02
-8.393383e+01 -1.591046e+02 -1.363873e+02
-8.393394e+01 -1.589914e+02 -1.365949e+02
-8.393397e+01 -1.588780e+02 -1.368023e+02
-8.393391e+01 -1.587644e+02 -1.370098e+02
-8.393376e+01 -1.586505e+02 -1.372172e+02
-8.393352e+01 -1.585365e+02 -1.374246e+02
-8.393320e+01 -1.584222e+02 -1.376320e+02
-8.393278e+01 -1.583078e+02 -1.378393e+02
-8.393228e+01 -1.581931e+02 -1.380466e+02
-8.393168e+01 -1.580782e+02 -1.382538e+02
-8.393100e+01 -1.579630e+02 -1.384610e+02
-8.393023e+01 -1.578477e+02 -1.386682e+02
-8.392937e+01 -1.577321e+02 -1.388754e+02
-8.392843e+01 -1.576164e+02 -1.390825e+02
-8.392739e+01 -1.575004e+02 -1.392895e+02
-8.392626e+01 -1.573842e+02 -1.394965e+02
-8.392505e+01 -1.572678e+02 -1.397035e+02
-8.392374e+01 -1.571511e+02 -1.399105e+02
-8.392234e+01 -1.570343e+02 -1.401174e+02
-8.392086e+01 -1.569172e+02 -1.403243e+02
-8.391929e+01 -1.568000e+02 -1.405311e+02
-8.391762e+01 -1.566825e+02 -1.407379e+02
-8.391587e+01 -1.565647e+02 -1.409447e+02
-8.391403e+01 -1.564468e+02 -1.411514e+02
-8.391209e+01 -1.563287e+02 -1.413581e+02
-8.391007e+01 -1.562103e+02 -1.415647e+02
-8.390796e+01 -1.560917e+02 -1.417713e+02
-8.390575e+01 -1.559729e+02 -1.419779e+02
-8.390346e+01 -1.558539e+02 -1.421844e+02
-8.390107e+01 -1.557347e+02 -1.423909e+02
-8.389860e+01 -1.556153e+02 -1.425973e+02
-8.389603e+01 -1.554956e+02 -1.428037e+02
-8.389338e+01 -1.553757e+02 -1.430101e+02
-8.389063e+01 -1.552556e+02 -1.432164e+02
-8.388779e+01 -1.551353e+02 -1.434227e+02
-8.388486e+01 -1.550148e+02 -1.436289e+02
-8.388185e+01 -1.548940e+02 -1.438351e+02
-8.387874e+01 -1.547731e+02 -1.440412e+02
-8.387553e+01 -1.546519e+02 -1.442473e+02
-8.387224e+01 -1.545305e+02 -1.444534e+02
-8.386886e+01 -1.544089e+02 -1.446594e+02
-8.386538e+01 -1.542870e+02 -1.448654e+02
-8.386182e+01 -1.541650e+02 -1.450713e+02
-8.385816e+01 -1.540427e+02 -1.452772e+02
-8.385441e+01 -1.539202e+02 -1.454831e+02
-8.385057e+01 -1.537975e+02 -1.456889e+02
-8.384663e+01 -1.536745e+02 -1.458946e+02
-8.384261e+01 -1.535514e+02 -1.461004e+02
-8.383849e+01 -1.534280e+02 -1.463060e+02
-8.383428e+01 -1.533044e+02 -1.465117e+02
-8.382998e+01 -1.531806e+02 -1.467172e+02
-8.382559e+01 -1.530566e+02 -1.469228e+02
-8.382110e+01 -1.529324e+02 -1.471283e+02
-8.381653e+01 -1.528079e+02 -1.473337e+02
-8.381186e+01 -1.526832e+02 -1.475391e+02
-8.380709e+01 -1.525583e+02 -1.477445e+02
-8.380224e+01 -1.524332e+02 -1.479498e+02
-8.379729e+01 -1.523079e+02 -1.481550e+02
-8.379225e+01 -1.521823e+02 -1.483602e+02
-8.378712e+01 -1.520565e+02 -1.485654e+02
-8.378189e+01 -1.519305e+02 -1.487705e+02
-8.377657e+01 -1.518043e+02 -1.489756e+02
-8.377116e+01 -1.516779e+02 -1.491806e+02
-8.376565e+01 -1.515512e+02 -1.493856e+02
-8.376006e+01 -1.514243e+02 -1.495905e+02
-8.375436e+01 -1.512972e+02 -1.497954e+02
-8.374858e+01 -1.511699e+02 -1.500002e+02
-8.374270e+01 -1.510424e+02 -1.502050e+02
-8.373673e+01 -1.509146e+02 -1.504097e+02
-8.373066e+01 -1.507866e+02 -1.506144e+02
-8.372450e+01 -1.506584e+02 -1.508190e+02
-8.371825e+01 -1.505300e+02 -1.510236e+02
-8.371190e+01 -1.504014e+02 -1.512281e+02
-8.370546e+01 -1.502725e+02 -1.514326e+02
-8.369892e+01 -1.501434e+02 -1.516370e+02
-8.369229e+01 -1.500141e+02 -1.518414e+02
-8.368557e+01 -1.498846e+02 -1.520457e+02
-8.367875e+01 -1.497548e+02 -1.522500e+02
-8.367184e+01 -1.496249e+02 -1.524542e+02
-8.366483e+01 -1.494947e+02 -1.526584e+02
-8.365773e+01 -1.493643e+02 -1.528625e+02
-8.365054e+01 -1.492336e+02 -1.530666e+02
-8.364324e+01 -1.491028e+02 -1.532706e+02
-8.363586e+01 -1.489717e+02 -1.534746e+02
-8.362838e+01 -1.488404e+02 -1.536785e+02
-8.362080e+01 -1.487089e+02 -1.538823e+02
-8.361313e+01 -1.485771e+02 -1.540861e+02
-8.360537e+01 -1.484452e+02 -1.542899e+02
-8.359751e+01 -1.483130e+02 -1.544936e+02
-8.358955e+01 -1.481806e+02 -1.546972e+02
-8.358150e+01 -1.480479e+02 -1.549008e+02
-8.357335e+01 -1.479151e+02 -1.551043e+02
-8.356511e+01 -1.477820e+02 -1.553078e+02
-8.355677e+01 -1.476487e+02 -1.555112e+02
-8.354834e+01 -1.475152e+02 -1.557146e+02
-8.353981e+01 -1.473814e+02 -1.559179e+02
-8.353118e+01 -1.472475e+02 -1.561211e+02
-8.352246e+01 -1.471133e+02 -1.563243e+02
-8.351365e+01 -1.469789e+02 -1.565275e+02
-8.350473e+01 -1.468442e+02 -1.567306e+02
-8.349572e+01 -1.467094e+02 -1.569336e+02
-8.348662e+01 -1.465743e+02 -1.571365e+02
-8.347742e+01 -1.464390e+02 -1.573394e+02
-8.346812e+01 -1.463034e+02 -1.575423e+02
-8.345872e+01 -1.461677e+02 -1.577451e+02
-8.344923e+01 -1.460317e+02 -1.579478e+02
-8.343964e+01 -1.458955e+02 -1.581505e+02
-8.342996e+01 -1.457591e+02 -1.583531e+02
-8.342017e+01 -1.456224e+02 -1.585557e+02
-8.341030e+01 -1.454855e+02 -1.587582e+02
-8.340032e+01 -1.453484e+02 -1.589606e+02
-8.339025e+01 -1.452111e+02 -1.591630e+02
-8.338008e+01 -1.450736e+02 -1.593653e+02
-8.336981e+01 -1.449358e+02 -1.595676e+02
-8.335944e+01 -1.447978e+02 -1.597697e+02
-8.334898e+01 -1.446596e+02 -1.599719e+02
-8.333842e+01 -1.445211e+02 -1.601740e+02
-8.332777e+01 -1.443825e+02 -1.603760e+02
-8.331701e+01 -1.442436e+02 -1.605779e+02
-8.330616e+01 -1.441045e+02 -1.607798e+02
-8.329521e+01 -1.439651e+02 -1.609816e+02
-8.328416e+01 -1.438255e+02 -1.611834e+02
-8.327301e+01 -1.436857e+02 -1.613851e+02
-8.326177e+01 -1.435457e+02 -1.615867e+02
-8.325043e+01 -1.434055e+02 -1.617883e+02
-8.323899e+01 -1.432650e+02 -1.619898e+02
-8.322745e+01 -1.431243e+02 -1.621913e+02
-8.321581e+01 -1.429834e+02 -1.623926e+02
-8.320407e+01 -1.428423e+02 -1.625940e+02
-8.319224e+01 -1.427009e+02 -1.627952e+02
-8.318031e+01 -1.425593e+02 -1.629964e+02
-8.316827e+01 -1.424175e+02 -1.631975e+02
-8.315614e+01 -1.422754e+02 -1.633986e+02
-8.314391e+01 -1.421331e+02 -1.635996e+02
-8.313159e+01 -1.419906e+02 -1.638005e+02
-8.311916e+01 -1.418479e+02 -1.640013e+02
-8.310663e+01 -1.417050e+02 -1.642021e+02
-8.309401e+01 -1.415618e+02 -1.644029e+02
-8.308128e+01 -1.414184e+02 -1.646035e+02
-8.306846e+01 -1.412747e+02 -1.648041e+02
-8.305553e+01 -1.411309e+02 -1.650046e+02
-8.304251e+01 -1.409868e+02 -1.652051e+02
-8.302938e+01 -1.408425e+02 -1.654055e+02
-8.301616e+01 -1.406980e+02 -1.656058e+02
-8.300284e+01 -1.405532e+02 -1.658060e+02
-8.298942e+01 -1.404082e+02 -1.660062e+02
-8.297589e+01 -1.402630e+02 -1.662063e+02
-8.296227e+01 -1.401175e+02 -1.664063e+02
-8.294855e+01 -1.399719e+02 -1.666063e+02
-8.293473e+01 -1.398260e+02 -1.668062e+02
-8.292080e+01 -1.396798e+02 -1.670060e+02
-8.290678e+01 -1.395335e+02 -1.672058e+02
-8.289266e+01 -1.393869e+02 -1.674055e+02
-8.287843e+01 -1.392401e+02 -1.676051e+02
-8.286411e+01 -1.390931e+02 -1.678046e+02
-8.284968e+01 -1.389458e+02 -1.680041e+02
-8.283515e+01 -1.387983e+02 -1.682035e+02
-8.282053e+01 -1.386506e+02 -1.684028e+02
-8.280580e+01 -1.385027e+02 -1.686021e+02
-8.279097e+01 -1.383545e+02 -1.688013e+02
-8.277604e+01 -1.382061e+02 -1.690004e+02
-8.276101e+01 -1.380575e+02 -1.691994e+02
-8.274588e+01 -1.379086e+02 -1.693984e+02
-8.273064e+01 -1.377595e+02 -1.695973e+02
-8.271531e+01 -1.376102e+02 -1.697961e+02
-8.269987e+01 -1.374607e+02 -1.699948e+02
-8.268433e+01 -1.373109e+02 -1.701935e+02
-8.266869e+01 -1.371609e+02 -1.703921e+02
-8.265295e+01 -1.370107e+02 -1.705906e+02
-8.263711e+01 -1.368602e+02 -1.707890e+02
-8.262116e+01 -1.367095e+02 -1.709874e+02
-8.260511e+01 -1.365586e+02 -1.711856e+02
-8.258896e+01 -1.364075e+02 -1.713838e+02
-8.257271e+01 -1.362561e+02 -1.715820e+02
-8.255636e+01 -1.361045e+02 -1.717800e+02
-8.253990e+01 -1.359527e+02 -1.719780e+02
-8.252334e+01 -1.358006e+02 -1.721759e+02
-8.250668e+01 -1.356483e+02 -1.723737e+02
-8.248992e+01 -1.354958e+02 -1.725714e+02
-8.247305e+01 -1.353431e+02 -1.727691e+02
-8.245608e+01 -1.351901e+02 -1.729667e+02
-8.243901e+01 -1.350369e+02 -1.731642e+02
-8.242184e+01 -1.348835e+02 -1.733616e+02
-8.240456e+01 -1.347298e+02 -1.735589e+02
-8.238718e+01 -1.345759e+02 -1.737562e+02
-8.236970e+01 -1.344218e+02 -1.739534e+02
-8.235211e+01 -1.342675e+02 -1.741505e+02
-8.233442e+01 -1.341129e+02 -1.743475e+02
-8.231663e+01 -1.339581e+02 -1.745444e+02
-8.229873e+01 -1.338031e+02 -1.747413e+02
-8.228073e+01 -1.336478e+02 -1.749381e+02
-8.226263e+01 -1.334923e+02 -1.751347e+02
-8.224442e+01 -1.333366e+02 -1.753313e+02
-8.222611e+01 -1.331806e+02 -1.755279e+02
-8.220770e+01 -1.330244e+02 -1.757243e+02
-8.218918e+01 -1.328680e+02 -1.759207e+02
-8.217056e+01 -1.327114e+02 -1.761169e+02
-8.215183e+01 -1.325545e+02 -1.763131e+02
-8.213300e+01 -1.323974e+02 -1.765092e+02
-8.211406e+01 -1.322401e+02 -1.767052e+02
-8.209502e+01 -1.320825e+02 -1.769012e+02
-8.207588e+01 -1.319247e+02 -1.770970e+02
-8.205663e+01 -1.317667e+02 -1.772928e+02
-8.203728e+01 -1.316084e+02 -1.774885e+02
-8.201782e+01 -1.314499e+02 -1.776840e+02
-8.199826e+01 -1.312912e+02 -1.778796e+02
-8.197860e+01 -1.311323e+02 -1.780750e+02
-8.195883e+01 -1.309731e+02 -1.782703e+02
-8.193895e+01 -1.308137e+02 -1.784655e+02
-8.191897e+01 -1.306540e+02 -1.786607e+02
-8.189888e+01 -1.304942e+02 -1.788558e+02
-8.187869e+01 -1.303341e+02 -1.790507e+02
-8.185839e+01 -1.301737e+02 -1.792456e+02
-8.183799e+01 -1.300132e+02 -1.794404e+02
-8.181749e+01 -1.298524e+02 -1.796351e+02
-8.179687e+01 -1.296913e+02 -1.798297e+02
-8.177615e+01 -1.295301e+02 -1.800243e+02
-8.175533e+01 -1.293686e+02 -1.802187e+02
-8.173440e+01 -1.292069e+02 -1.804130e+02
-8.171337e+01 -1.290449e+02 -1.806073e+02
-8.169223e+01 -1.288827e+02 -1.808015e+02
-8.167098e+01 -1.287203e+02 -1.809955e+02
-8.164963e+01 -1.285577e+02 -1.811895e+02
-8.162817e+01 -1.283948e+02 -1.813834e+02
-8.160660e+01 -1.282317e+02 -1.815772e+02
-8.158493e+01 -1.280684e+02 -1.817709e+02
-8.156315e+01 -1.279048e+02 -1.819645e+02
-8.154127e+01 -1.277410e+02 -1.821580e+02
-8.151928e+01 -1.275769e+02 -1.823515e+02
-8.149718e+01 -1.274127e+02 -1.825448e+02
-8.147498e+01 -1.272482e+02 -1.827380e+02
-8.145267e+01 -1.270835e+02 -1.829311e+02
-8.143025e+01 -1.269185e+02 -1.831242e+02
-8.140773e+01 -1.267533e+02 -1.833171e+02
-8.138510e+01 -1.265879e+02 -1.835100e+02
-8.136236e+01 -1.264222e+02 -1.837027e+02
-8.133952e+01 -1.262563e+02 -1.838954e+02
-8.131656e+01 -1.260902e+02 -1.840880e+02
-8.129350e+01 -1.259238e+02 -1.842804e+02
-8.127034e+01 -1.257573e+02 -1.844728e+02
-8.124706e+01 -1.255904e+02 -1.846651e+02
-8.122368e+01 -1.254234e+02 -1.848572e+02
-8.120020e+01 -1.252561e+02 -1.850493e+02
-8.117660e+01 -1.250886e+02 -1.852413e+02
-8.115289e+01 -1.249208e+02 -1.854332e+02
-8.112908e+01 -1.247529e+02 -1.856249e+02
-8.110516e+01 -1.245847e+02 -1.858166e+02
-8.108114e+01 -1.244162e+02 -1.860082e+02
-8.105700e+01 -1.242475e+02 -1.861997e+02
-8.103276e+01 -1.240786e+02 -1.863910e+02
-8.100841e+01 -1.239095e+02 -1.865823e+02
-8.098395e+01 -1.237401e+02 -1.867735e+02
-8.095938e+01 -1.235705e+02 -1.869645e+02
-8.093470e+01 -1.234007e+02 -1.871555e+02
-8.090992e+01 -1.232306e+02 -1.873464e+02
-8.088502e+01 -1.230603e+02 -1.875371e+02
-8.086002e+01 -1.228897e+02 -1.877278e+02
-8.083491e+01 -1.227190e+02 -1.879184e+02
-8.080969e+01 -1.225480e+02 -1.881088e+02
-8.078437e+01 -1.223767e+02 -1.882992e+02
-8.075893e+01 -1.222053e+02 -1.884894e+02
-8.073338e+01 -1.220336e+02 -1.886795e+02
-8.070773e+01 -1.218616e+02 -1.888696e+02
-8.068196e+01 -1.216894e+02 -1.890595e+02
-8.065609e+01 -1.215170e+02 -1.892493e+02
-8.063011e+01 -1.213444e+02 -1.894390e+02
-8.060402e+01 -1.211715e+02 -1.896287e+02
-8.057782e+01 -1.209984e+02 -1.898182e+02
-8.055151e+01 -1.208251e+02 -1.900076e+02
-8.052509e+01 -1.206515e+02 -1.901968e+02
-8.049856e+01 -1.204777e+02 -1.903860e+02
-8.047192e+01 -1.203037e+02 -1.905751e+02
-8.044517e+01 -1.201294e+02 -1.907641e+02
-8.041831e+01 -1.199549e+02 -1.909529e+02
-8.039134e+01 -1.197802e+02 -1.911417e+02
-8.036426e+01 -1.196052e+02 -1.913303e+02
-8.033708e+01 -1.194300e+02 -1.915188e+02
-8.030978e+01 -1.192546e+02 -1.917072e+02
-8.028237e+01 -1.190789e+02 -1.918955e+02
-8.025485e+01 -1.189030e+02 -1.920837e+02
-8.022722e+01 -1.187269e+02 -1.922718e+02
-8.019948e+01 -1.185505e+02 -1.924598e+02
-8.017163e+01 -1.183739e+02 -1.926477e+02
-8.014367e+01 -1.181971e+02 -1.928354e+02
-8.011560e+01 -1.180200e+02 -1.930230e+02
-8.008742e+01 -1.178427e+02 -1.932106e+02
-8.005912e+01 -1.176652e+02 -1.933980e+02
-8.003072e+01 -1.174874e+02 -1.935853e+02
-8.000220e+01 -1.173094e+02 -1.937725e+02
-7.997358e+01 -1.171312e+02 -1.939595e+02
-7.994484e+01 -1.169527e+02 -1.941465e+02
-7.991599e+01 -1.167740e+02 -1.943333e+02
-7.988704e+01 -1.165951e+02 -1.945200e+02
-7.985797e+01 -1.164159e+02 -1.947066e+02
-7.982878e+01 -1.162365e+02 -1.948931e+02
-7.979949e+01 -1.160568e+02 -1.950795e+02
-7.977009e+01 -1.158770e+02 -1.952658e+02
-7.974057e+01 -1.156969e+02 -1.954519e+02
-7.971094e+01 -1.155165e+02 -1.956379e+02
-7.968121e+01 -1.153360e+02 -1.958238e+02
-7.965136e+01 -1.151551e+02 -1.960096e+02
-7.962139e+01 -1.149741e+02 -1.961953e+02
-7.959132e+01 -1.147928e+02 -1.963808e+02
-7.956113e+01 -1.146113e+02 -1.965663e+02
-7.953083e+01 -1.144296e+02 -1.967516e+02
-7.950042e+01 -1.142476e+02 -1.969368e+02
-7.946990e+01 -1.140654e+02 -1.971218e+02
-7.943927e+01 -1.138829e+02 -1.973068e+02
-7.940852e+01 -1.137003e+02 -1.974916e+02
-7.937766e+01 -1.135174e+02 -1.976763e+02
-7.934669e+01 -1.133342e+02 -1.978609e+02
-7.931560e+01 -1.131508e+02 -1.980454e+02
-7.928441e+01 -1.129672e+02 -1.982297e+02
-7.925310e+01 -1.127834e+02 -1.984139e+02
-7.922167e+01 -1.125993e+02 -1.985980e+02
-7.919014e+01 -1.124150e+02 -1.987820e+02
-7.915849e+01 -1.122304e+02 -1.989658e+02
-7.912673e+01 -1.120456e+02 -1.991496e+02
-7.909486e+01 -1.118606e+02 -1.993332e+02
-7.906287e+01 -1.116754e+02 -1.995166e+02
-7.903077e+01 -1.114899e+02 -1.997000e+02
-7.899856e+01 -1.113042e+02 -1.998832e+02
-7.896623e+01 -1.111182e+02 -2.000663e+02
-7.893379e+01 -1.109320e+02 -2.002493e+02
-7.890124e+01 -1.107456e+02 -2.004321e+02
-7.886857e+01 -1.105589e+02 -2.006148e+02
-7.883579e+01 -1.103720e+02 -2.007974e+02
-7.880290e+01 -1.101849e+02 -2.009799e+02
-7.876989e+01 -1.099976e+02 -2.011622e+02
-7.873677e+01 -1.098100e+02 -2.013444e+02
-7.870354e+01 -1.096221e+02 -2.015265e+02
-7.867019e+01 -1.094341e+02 -2.017084e+02
-7.863673e+01 -1.092458e+02 -2.018902e+02
-7.860315e+01 -1.090573e+02 -2.020719e+02
-7.856946e+01 -1.088685e+02 -2.022535e+02
-7.853566e+01 -1.086795e+02 -2.024349e+02
-7.850174e+01 -1.084903e+02 -2.026162e+02
-7.846771e+01 -1.083008e+02 -2.027973e+02
-7.843356e+01 -1.081111e+02 -2.029783e+02
-7.839930e+01 -1.079212e+02 -2.031592e+02
-7.836492e+01 -1.077310e+02 -2.033400e+02
-7.833043e+01 -1.075406e+02 -2.035206e+02
-7.829583e+01 -1.073500e+02 -2.037011e+02
-7.826111e+01 -1.071591e+02 -2.038815e+02
-7.822628e+01 -1.069680e+02 -2.040617e+02
-7.819133e+01 -1.067767e+02 -2.042418e+02
-7.815626e+01 -1.065851e+02 -2.044218e+02
-7.812109e+01 -1.063933e+02 -2.046016e+02
-7.808579e+01 -1.062013e+02 -2.047813e+02
-7.805039e+01 -1.060090e+02 -2.049608e+02
-7.801486e+01 -1.058165e+02 -2.051402e+02
-7.797922e+01 -1.056238e+02 -2.053195e+02
-7.794347e+01 -1.054308e+02 -2.054986e+02
-7.790760e+01 -1.052376e+02 -2.056776e+02
-7.787162e+01 -1.050442e+02 -2.058565e+02
-7.783552e+01 -1.048505e+02 -2.060352e+02
-7.779931e+01 -1.046566e+02 -2.062138e+02
-7.776298e+01 -1.044625e+02 -2.063923e+02
-7.772653e+01 -1.042681e+02 -2.065706e+02
-7.768997e+01 -1.040735e+02 -2.067487e+02
-7.765329e+01 -1.038786e+02 -2.069268e+02
-7.761650e+01 -1.036836e+02 -2.071047e+02
-7.757959e+01 -1.034883e+02 -2.072824e+02
-7.754257e+01 -1.032927e+02 -2.074600e+02
-7.750543e+01 -1.030969e+02 -2.076375e+02
-7.746817e+01 -1.029009e+02 -2.078148e+02
-7.743080e+01 -1.027047e+02 -2.079920e+02
-7.739331e+01 -1.025082e+02 -2.081690e+02
-7.735571e+01 -1.023115e+02 -2.083459e+02
-7.731799e+01 -1.021146e+02 -2.085226e+02
-7.728015e+01 -1.019174e+02 -2.086992e+02
-7.724220e+01 -1.017200e+02 -2.088757e+02
-7.720413e+01 -1.015224e+02 -2.090520e+02
-7.716595e+01 -1.013245e+02 -2.092282e+02
-7.712764e+01 -1.011264e+02 -2.094042e+02
-7.708923e+01 -1.009280e+02 -2.095801e+02
-7.705069e+01 -1.007295e+02 -2.097558e+02
-7.701204e+01 -1.005307e+02 -2.099314e+02
-7.697327e+01 -1.003316e+02 -2.101068e+02
-7.693439e+01 -1.001323e+02 -2.102821e+02
-7.689538e+01 -9.993283e+01 -2.104572e+02
-7.685627e+01 -9.973310e+01 -2.106322e+02
-7.681703e+01 -9.953313e+01 -2.108071e+02
-7.677768e+01 -9.933292e+01 -2.109818e+02
-7.673821e+01 -9.913248e+01 -2.111563e+02
-7.669862e+01 -9.893181e+01 -2.113307e+02
-7.665892e+01 -9.873091e+01 -2.115049e+02
-7.661910e+01 -9.852977e+01 -2.116790e+02
-7.657916e+01 -9.832841e+01 -2.118530e+02
-7.653910e+01 -9.812681e+01 -2.120268e+02
-7.649893e+01 -9.792497e+01 -2.122004e+02
-7.645864e+01 -9.772291e+01 -2.123739e+02
-7.641823e+01 -9.752061e+01 -2.125472e+02
-7.637770e+01 -9.731807e+01 -2.127204e+02
-7.633706e+01 -9.711531e+01 -2.128934e+02
-7.629630e+01 -9.691231e+01 -2.130663e+02
-7.625542e+01 -9.670909e+01 -2.132390e+02
-7.621443e+01 -9.650562e+01 -2.134116e+02
-7.617331e+01 -9.630193e+01 -2.135840e+02
-7.613208e+01 -9.609800e+01 -2.137562e+02
-7.609073e+01 -9.589385e+01 -2.139283e+02
-7.604926e+01 -9.568946e+01 -2.141003e+02
-7.600768e+01 -9.548483e+01 -2.142721e+02
-7.596597e+01 -9.527998e+01 -2.144437e+02
-7.592415e+01 -9.507489e+01 -2.146152e+02
-7.588221e+01 -9.486957e+01 -2.147865e+02
-7.584015e+01 -9.466402e+01 -2.149576e+02
-7.579797e+01 -9.445824e+01 -2.151286e+02
-7.575568e+01 -9.425223e+01 -2.152995e+02
-7.571327e+01 -9.404598e+01 -2.154701e+02
-7.567073e+01 -9.383950e+01 -2.156406e+02
-7.562808e+01 -9.363279e+01 -2.158110e+02
-7.558531e+01 -9.342585e+01 -2.159812e+02
-7.554243e+01 -9.321868e+01 -2.161512e+02
-7.549942e+01 -9.301127e+01 -2.163211e+02
-7.545630e+01 -9.280364e+01 -2.164908e+02
-7.541305e+01 -9.259577e+01 -2.166604e+02
-7.536969e+01 -9.238767e+01 -2.168297e+02
-7.532621e+01 -9.217934e+01 -2.169990e+02
-7.528261e+01 -9.197078e+01 -2.171680e+02
-7.523889e+01 -9.176199e+01 -2.173369e+02
-7.519505e+01 -9.155297e+01 -2.175056e+02
-7.515109e+01 -9.134371e+01 -2.176742e+02
-7.510702e+01 -9.113423e+01 -2.178426e+02
-7.506282e+01 -9.092451e+01 -2.180108e+02
-7.501851e+01 -9.071456e+01 -2.181789e+02
-7.497407e+01 -9.050438e+01 -2.183468e+02
-7.492952e+01 -9.029397e+01 -2.185145e+02
-7.488485e+01 -9.008333e+01 -2.186821e+02
-7.484006e+01 -8.987246e+01 -2.188495e+02
-7.479515e+01 -8.966136e+01 -2.190168e+02
-7.475012e+01 -8.945003e+01 -2.191838e+02
-7.470497e+01 -8.923847e+01 -2.193507e+02
-7.465970e+01 -8.902668e+01 -2.195174e+02
-7.461431e+01 -8.881466e+01 -2.196840e+02
-7.456880e+01 -8.860240e+01 -2.198504e+02
-7.452317e+01 -8.838992e+01 -2.200166e+02
-7.447742e+01 -8.817721e+01 -2.201826e+02
-7.443155e+01 -8.796427e+01 -2.203485e+02
-7.438556e+01 -8.775109e+01 -2.205142e+02
-7.433946e+01 -8.753769e+01 -2.206798e+02
-7.429323e+01 -8.732406e+01 -2.208451e+02
-7.424688e+01 -8.711020e+01 -2.210103e+02
-7.420041e+01 -8.689610e+01 -2.211753e+02
-7.415382e+01 -8.668178e+01 -2.213401e+02
-7.410712e+01 -8.646723e+01 -2.215048e+02
-7.406029e+01 -8.625245e+01 -2.216693e+02
-7.401334e+01 -8.603744e+01 -2.218336e+02
-7.396627e+01 -8.582220e+01 -2.219978e+02
-7.391908e+01 -8.560674e+01 -2.221617e+02
-7.387177e+01 -8.539104e+01 -2.223255e+02
-7.382434e+01 -8.517511e+01 -2.224891e+02
-7.377679e+01 -8.495896e+01 -2.226525e+02
-7.372912e+01 -8.474257e+01 -2.228158e+02
-7.368133e+01 -8.452596e+01 -2.229789e+02
-7.363342e+01 -8.430912e+01 -2.231418e+02
-7.358539e+01 -8.409205e+01 -2.233045e+02
-7.353724e+01 -8.387475e+01 -2.234670e+02
-7.348896e+01 -8.365723e+01 -2.236294e+02
-7.344057e+01 -8.343947e+01 -2.237916e+02
-7.339206e+01 -8.322149e+01 -2.239536e+02
-7.334342e+01 -8.300328e+01 -2.241154e+02
-7.329466e+01 -8.278484e+01 -2.242771e+02
-7.324579e+01 -8.256617e+01 -2.244385e+02
-7.319679e+01 -8.234727e+01 -2.245998e+02
-7.314767e+01 -8.212815e+01 -2.247609e+02
-7.309843e+01 -8.190880e+01 -2.249218e+02
-7.304907e+01 -8.168922e+01 -2.250825e+02
-7.299959e+01 -8.146941e+01 -2.252431e+02
-7.294998e+01 -8.124938e+01 -2.254034e+02
-7.290026e+01 -8.102912e+01 -2.255636e+02
-7.285042e+01 -8.080863e+01 -2.257236e+02
-7.280045e+01 -8.058792e+01 -2.258834e+02
-7.275036e+01 -8.036697e+01 -2.260430e+02
-7.270015e+01 -8.014581e+01 -2.262025e+02
-7.264982e+01 -7.992441e+01 -2.263617e+02
-7.259937e+01 -7.970279e+01 -2.265208e+02
-7.254880e+01 -7.948094e+01 -2.266796e+02
-7.249810e+01 -7.925886e+01 -2.268383e+02
-7.244729e+01 -7.903656e+01 -2.269968e+02
-7.239635e+01 -7.881403e+01 -2.271551e+02
-7.234529e+01 -7.859127e+01 -2.273133e+02
-7.229411e+01 -7.836829e+01 -2.274712e+02
-7.224281e+01 -7.814509e+01 -2.276289e+02
-7.219139e+01 -7.792165e+01 -2.277865e+02
-7.213984e+01 -7.769799e+01 -2.279438e+02
-7.208817e+01 -7.747411e+01 -2.281010e+02
-7.203639e+01 -7.725000e+01 -2.282580e+02
-7.198448e+01 -7.702566e+01 -2.284148e+02
-7.193244e+01 -7.680110e+01 -2.285714e+02
-7.188029e+01 -7.657632e+01 -2.287277e+02
-7.182801e+01 -7.635131e+01 -2.288840e+02
-7.177562e+01 -7.612607e+01 -2.290400e+02
-7.172310e+01 -7.590061e+01 -2.291958e+02
-7.167046e+01 -7.567492e+01 -2.293514e+02
-7.161769e+01 -7.544901e+01 -2.295068e+02
-7.156481e+01 -7.522287e+01 -2.296621e+02
-7.151180e+01 -7.499651e+01 -2.298171e+02
-7.145867e+01 -7.476993e+01 -2.299719e+02
-7.140542e+01 -7.454312e+01 -2.301266e+02
-7.135204e+01 -7.431609e+01 -2.302810e+02
-7.129855e+01 -7.408883e+01 -2.304353e+02
-7.124493e+01 -7.386135e+01 -2.305893e+02
-7.119119e+01 -7.363365e+01 -2.307432e+02
-7.113733e+01 -7.340572e+01 -2.308968e+02
-7.108334e+01 -7.317757e+01 -2.310503e+02
-7.102924e+01 -7.294919e+01 -2.312035e+02
-7.097501e+01 -7.272059e+01 -2.313566e+02
-7.092065e+01 -7.249177e+01 -2.315094e+02
-7.086618e+01 -7.226273e+01 -2.316621e+02
-7.081158e+01 -7.203346e+01 -2.318145e+02
-7.075686e+01 -7.180397e+01 -2.319668e+02
-7.070202e+01 -7.157426e+01 -2.321188e+02
-7.064706e+01 -7.134432e+01 -2.322707e+02
-7.059197e+01 -7.111416e+01 -2.324223e+02
-7.053676e+01 -7.088378e+01 -2.325737e+02
-7.048143e+01 -7.065318e+01 -2.327250e+02
-7.042598e+01 -7.042236e+01 -2.328760e+02
-7.037040e+01 -7.019131e+01 -2.330268e+02
-7.031470e+01 -6.996004e+01 -2.331774e+02
-7.025888e+01 -6.972855e+01 -2.333278e+02
-7.020293e+01 -6.949684e+01 -2.334781e+02
-7.014686e+01 -6.926491e+01 -2.336280e+02
-7.009067e+01 -6.903276e+01 -2.337778e+02
-7.003436e+01 -6.880038e+01 -2.339274e+02
-6.997793e+01 -6.856779e+01 -2.340768e+02
-6.992137e+01 -6.833497e+01 -2.342260e+02
-6.986469e+01 -6.810193e+01 -2.343749e+02
-6.980788e+01 -6.786868e+01 -2.345237e+02
-6.975095e+01 -6.763520e+01 -2.346722e+02
-6.969390e+01 -6.740150e+01 -2.348205e+02
-6.963673e+01 -6.716758e+01 -2.349687e+02
-6.957943e+01 -6.693345e+01 -2.351166e+02
-6.952201e+01 -6.669909e+01 -2.352643e+02
-6.946447e+01 -6.646451e+01 -2.354118e+02
-6.940681e+01 -6.622971e+01 -2.355590e+02
-6.934902e+01 -6.599470e+01 -2.357061e+02
-6.929111e+01 -6.575946e+01 -2.358529e+02
-6.923307e+01 -6.552401e+01 -2.359996e+02
-6.917492e+01 -6.528833e+01 -2.361460e+02
-6.911664e+01 -6.505244e+01 -2.362922e+02
-6.905823e+01 -6.481633e+01 -2.364382e+02
-6.899971e+01 -6.458000e+01 -2.365840e+02
-6.894106e+01 -6.434346e+01 -2.367295e+02
-6.888228e+01 -6.410669e+01 -2.368749e+02
-6.882339e+01 -6.386971e+01 -2.370200e+02
-6.876437e+01 -6.363251e+01 -2.371649e+02
-6.870523e+01 -6.339509e+01 -2.373096e+02
-6.864596e+01 -6.315745e+01 -2.374541e+02
-6.858657e+01 -6.291960e+01 -2.375983e+02
-6.852706e+01 -6.268152e+01 -2.377424e+02
-6.846742e+01 -6.244324e+01 -2.378862e+02
-6.840766e+01 -6.220473e+01 -2.380298e+02
-6.834778e+01 -6.196601e+01 -2.381731e+02
-6.828778e+01 -6.172707e+01 -2.383163e+02
-6.822765e+01 -6.148792e+01 -2.384592e+02
-6.816740e+01 -6.124855e+01 -2.386020e+02
-6.810702e+01 -6.100896e+01 -2.387444e+02
-6.804652e+01 -6.076916e+01 -2.388867e+02
-6.798590e+01 -6.052914e+01 -2.390288e+02
-6.792515e+01 -6.028890e+01 -2.391706e+02
-6.786428e+01 -6.004845e+01 -2.393122e+02
-6.780329e+01 -5.980779e+01 -2.394536e+02
-6.774217e+01 -5.956691e+01 -2.395947e+02
-6.768093e+01 -5.932581e+01 -2.397357e+02
-6.761957e+01 -5.908450e+01 -2.398764e+02
-6.755809e+01 -5.884298e+01 -2.400168e+02
-6.749648e+01 -5.860124e+01 -2.401571e+02
-6.743474e+01 -5.835929e+01 -2.402971e+02
-6.737288e+01 -5.811712e+01 -2.404369e+02
-6.731090e+01 -5.787474e+01 -2.405765e+02
-6.724880e+01 -5.763215e+01 -2.407158e+02
-6.718657e+01 -5.738934e+01 -2.408549e+02
-6.712422e+01 -5.714632e+01 -2.409938e+02
-6.706175e+01 -5.690309e+01 -2.411325e+02
-6.699915e+01 -5.665964e+01 -2.412709e+02
-6.693643e+01 -5.641598e+01 -2.414091e+02
-6.687358e+01 -5.617211e+01 -2.415471e+02
-6.681061e+01 -5.592802e+01 -2.416848e+02
-6.674752e+01 -5.568372e+01 -2.418223e+02
-6.668430e+01 -5.543921e+01 -2.419596e+02
-6.662096e+01 -5.519449e+01 -2.420966e+02
-6.655750e+01 -5.494956e+01 -2.422334e+02
-6.649391e+01 -5.470442e+01 -2.423700e+02
-6.643020e+01 -5.445906e+01 -2.425063e+02
-6.636637e+01 -5.421349e+01 -2.426424e+02
-6.630241e+01 -5.396772e+01 -2.427783e+02
-6.623833e+01 -5.372173e+01 -2.429140e+02
-6.617412e+01 -5.347553e+01 -2.430494e+02
-6.610979e+01 -5.322912e+01 -2.431845e+02
-6.604534e+01 -5.298250e+01 -2.433195e+02
-6.598077e+01 -5.273567e+01 -2.434541e+02
-6.591607e+01 -5.248863e+01 -2.435886e+02
-6.585124e+01 -5.224138e+01 -2.437228e+02
-6.578630e+01 -5.199392e+01 -2.438568e+02
-6.572122e+01 -5.174626e+01 -2.439905e+02
-6.565603e+01 -5.149838e+01 -2.441240e+02
-6.559071e+01 -5.125029e+01 -2.442573e+02
-6.552527e+01 -5.100200e+01 -2.443903e+02
-6.545970e+01 -5.075350e+01 -2.445231e+02
-6.539402e+01 -5.050479e+01 -2.446557e+02
-6.532820e+01 -5.025587e+01 -2.447880e+02
-6.526227e+01 -5.000674e+01 -2.449200e+02
-6.519621e+01 -4.975741e+01 -2.450518e+02
-6.513002e+01 -4.950787e+01 -2.451834e+02
-6.506372e+01 -4.925812e+01 -2.453148e+02
-6.499728e+01 -4.900817e+01 -2.454458e+02
-6.493073e+01 -4.875800e+01 -2.455767e+02
-6.486405e+01 -4.850764e+01 -2.457073e+02
-6.479725e+01 -4.825706e+01 -2.458377e+02
-6.473032e+01 -4.800628e+01 -2.459678e+02
-6.466328e+01 -4.775529e+01 -2.460976e+02
-6.459610e+01 -4.750410e+01 -2.462273e+02
-6.452881e+01 -4.725270e+01 -2.463566e+02
-6.446139e+01 -4.700110e+01 -2.464858e+02
-6.439384e+01 -4.674929e+01 -2.466146e+02
-6.432618e+01 -4.649728e+01 -2.467433e+02
-6.425838e+01 -4.624506e+01 -2.468717e+02
-6.419047e+01 -4.599264e+01 -2.469998e+02
-6.412243e+01 -4.574001e+01 -2.471277e+02
-6.405427e+01 -4.548718e+01 -2.472553e+02
-6.398599e+01 -4.523415e+01 -2.473827e+02
-6.391758e+01 -4.498091e+01 -2.475099e+02
-6.384904e+01 -4.472747e+01 -2.476368e+02
-6.378039e+01 -4.447382e+01 -2.477634e+02
-6.371161e+01 -4.421998e+01 -2.478898e+02
-6.364271e+01 -4.396593e+01 -2.480159e+02
-6.357368e+01 -4.371167e+01 -2.481418e+02
-6.350453e+01 -4.345722e+01 -2.482674e+02
-6.343526e+01 -4.320256e+01 -2.483928e+02
-6.336586e+01 -4.294771e+01 -2.485179e+02
-6.329634e+01 -4.269265e+01 -2.486428e+02
-6.322669e+01 -4.243739e+01 -2.487674e+02
-6.315693e+01 -4.218192e+01 -2.488918e+02
-6.308704e+01 -4.192626e+01 -2.490159e+02
-6.301702e+01 -4.167040e+01 -2.491397e+02
-6.294688e+01 -4.141433e+01 -2.492633e+02
-6.287662e+01 -4.115807e+01 -2.493866e+02
-6.280624e+01 -4.090161e+01 -2.495097e+02
-6.273573e+01 -4.064494e+01 -2.496325e+02
-6.266510e+01 -4.038808e+01 -2.497551e+02
-6.259435e+01 -4.013102e+01 -2.498774e+02
-6.252347e+01 -3.987376e+01 -2.499995e+02
-6.245247e+01 -3.961630e+01 -2.501212e+02
-6.238134e+01 -3.935864e+01 -2.502428e+02
-6.231009e+01 -3.910078e+01 -2.503640e+02
-6.223872e+01 -3.884273e+01 -2.504850e+02
-6.216723e+01 -3.858448e+01 -2.506058e+02
-6.209561e+01 -3.832603e+01 -2.507263e+02
-6.202387e+01 -3.806738e+01 -2.508465e+02
-6.195200e+01 -3.780854e+01 -2.509664e+02
-6.188002e+01 -3.754950e+01 -2.510861e+02
-6.180791e+01 -3.729026e+01 -2.512056e+02
-6.173567e+01 -3.703083e+01 -2.513247e+02
-6.166332e+01 -3.677120e+01 -2.514436e+02
-6.159084e+01 -3.651137e+01 -2.515623e+02
-6.151823e+01 -3.625135e+01 -2.516806e+02
-6.144551e+01 -3.599113e+01 -2.517987e+02
-6.137266e+01 -3.573072e+01 -2.519166e+02
-6.129968e+01 -3.547012e+01 -2.520342e+02
-6.122659e+01 -3.520932e+01 -2.521515e+02
-6.115337e+01 -3.494832e+01 -2.522685e+02
-6.108003e+01 -3.468713e+01 -2.523853e+02
-6.100657e+01 -3.442575e+01 -2.525018e+02
-6.093298e+01 -3.416417e+01 -2.526180e+02
-6.085927e+01 -3.390241e+01 -2.527340e+02
-6.078543e+01 -3.364044e+01 -2.528497e+02
-6.071148e+01 -3.337829e+01 -2.529651e+02
-6.063740e+01 -3.311594e+01 -2.530803e+02
-6.056320e+01 -3.285340e+01 -2.531952e+02
-6.048887e+01 -3.259067e+01 -2.533098e+02
-6.041443e+01 -3.232775e+01 -2.534241e+02
-6.033986e+01 -3.206463e+01 -2.535382e+02
-6.026516e+01 -3.180133e+01 -2.536520e+02
-6.019035e+01 -3.153783e+01 -2.537656e+02
-6.011541e+01 -3.127414e+01 -2.538788e+02
-6.004035e+01 -3.101027e+01 -2.539918e+02
-5.996517e+01 -3.074620e+01 -2.541045e+02
-5.988986e+01 -3.048194e+01 -2.542169e+02
-5.981443e+01 -3.021749e+01 -2.543291e+02
-5.973888e+01 -2.995286e+01 -2.544410e+02
-5.966321e+01 -2.968803e+01 -2.545526e+02
-5.958741e+01 -2.942302e+01 -2.546639e+02
-5.951149e+01 -2.915782e+01 -2.547750e+02
-5.943545e+01 -2.889243e+01 -2.548857e+02
-5.935929e+01 -2.862685e+01 -2.549962e+02
-5.928300e+01 -2.836108e+01 -2.551065e+02
-5.920660e+01 -2.809513e+01 -2.552164e+02
-5.913007e+01 -2.782899e+01 -2.553261e+02
-5.905341e+01 -2.756266e+01 -2.554355e+02
-5.897664e+01 -2.729615e+01 -2.555446e+02
-5.889974e+01 -2.702945e+01 -2.556534e+02
-5.882272e+01 -2.676256e+01 -2.557619e+02
-5.874558e+01 -2.649549e+01 -2.558702e+02
-5.866832e+01 -2.622823e+01 -2.559782e+02
-5.859093e+01 -2.596079e+01 -2.560859e+02
-5.851343e+01 -2.569316e+01 -2.561933e+02
-5.843580e+01 -2.542535e+01 -2.563004e+02
-5.835804e+01 -2.515736e+01 -2.564073e+02
-5.828017e+01 -2.488918e+01 -2.565139e+02
-5.820218e+01 -2.462082e+01 -2.566201e+02
-5.812406e+01 -2.435227e+01 -2.567261e+02
-5.804582e+01 -2.408354e+01 -2.568319e+02
-5.796746e+01 -2.381463e+01 -2.569373e+02
-5.788898e+01 -2.354553e+01 -2.570424e+02
-5.781037e+01 -2.327626e+01 -2.571473e+02
-5.773165e+01 -2.300680e+01 -2.572519e+02
-5.765280e+01 -2.273716e+01 -2.573561e+02
-5.757383e+01 -2.246733e+01 -2.574601e+02
-5.749474e+01 -2.219733e+01 -2.575639e+02
-5.741553e+01 -2.192715e+01 -2.576673e+02
-5.733619e+01 -2.165678e+01 -2.577704e+02
-5.725674e+01 -2.138624e+01 -2.578733e+02
-5.717716e+01 -2.111552e+01 -2.579758e+02
-5.709746e+01 -2.084461e+01 -2.580781e+02
-5.701764e+01 -2.057353e+01 -2.581800e+02
-5.693770e+01 -2.030227e+01 -2.582817e+02
-5.685764e+01 -2.003083e+01 -2.583831e+02
-5.677746e+01 -1.975921e+01 -2.584842e+02
-5.669715e+01 -1.948741e+01 -2.585850e+02
-5.661673e+01 -1.921544e+01 -2.586855e+02
-5.653618e+01 -1.894329e+01 -2.587858e+02
-5.645551e+01 -1.867096e+01 -2.588857e+02
-5.637473e+01 -1.839845e+01 -2.589853e+02
-5.629382e+01 -1.812577e+01 -2.590847e+02
-5.621279e+01 -1.785291e+01 -2.591837e+02
-5.613164e+01 -1.757988e+01 -2.592825e+02
-5.605036e+01 -1.730667e+01 -2.593809e+02
-5.596897e+01 -1.703329e+01 -2.594791e+02
-5.588746e+01 -1.675973e+01 -2.595770e+02
-5.580582e+01 -1.648599e+01 -2.596745e+02
-5.572407e+01 -1.621208e+01 -2.597718e+02
-5.564219e+01 -1.593800e+01 -2.598688e+02
-5.556020e+01 -1.566375e+01 -2.599655e+02
-5.547808e+01 -1.538932e+01 -2.600618e+02
-5.539585e+01 -1.511471e+01 -2.601579e+02
-5.531349e+01 -1.483994e+01 -2.602537e+02
-5.523101e+01 -1.456499e+01 -2.603492e+02
-5.514841e+01 -1.428987e+01 -2.604444e+02
-5.506570e+01 -1.401458e+01 -2.605392e+02
-5.498286e+01 -1.373912e+01 -2.606338e+02
-5.489990e+01 -1.346349e+01 -2.607281e+02
-5.481682e+01 -1.318768e+01 -2.608221e+02
-5.473362e+01 -1.291171e+01 -2.609157e+02
-5.465030e+01 -1.263556e+01 -2.610091e+02
-5.456687e+01 -1.235925e+01 -2.611022e+02
-5.448331e+01 -1.208276e+01 -2.611949e+02
-5.439963e+01 -1.180611e+01 -2.612874e+02
-5.431583e+01 -1.152929e+01 -2.613796e+02
-5.423192e+01 -1.125230e+01 -2.614714e+02
-5.414788e+01 -1.097514e+01 -2.615630e+02
-5.406372e+01 -1.069781e+01 -2.616542e+02
-5.397945e+01 -1.042032e+01 -2.617452e+02
-5.389505e+01 -1.014266e+01 -2.618358e+02
-5.381053e+01 -9.864832e+00 -2.619261e+02
-5.372590e+01 -9.586838e+00 -2.620161e+02
-5.364115e+01 -9.308678e+00 -2.621058e+02
-5.355627e+01 -9.030352e+00 -2.621952e+02
-5.347128e+01 -8.751861e+00 -2.622843e+02
-5.338617e+01 -8.473205e+00 -2.623731e+02
-5.330094e+01 -8.194384e+00 -2.624616e+02
-5.321559e+01 -7.915398e+00 -2.625498e+02
-5.313012e+01 -7.636249e+00 -2.626376e+02
-5.304453e+01 -7.356936e+00 -2.627252e+02
-5.295883e+01 -7.077459e+00 -2.628124e+02
-5.287300e+01 -6.797819e+00 -2.628993e+02
-5.278706e+01 -6.518017e+00 -2.629859e+02
-5.270099e+01 -6.238053e+00 -2.630722e+02
-5.261481e+01 -5.957926e+00 -2.631582e+02
-5.252851e+01 -5.677638e+00 -2.632439e+02
-5.244210e+01 -5.397189e+00 -2.633293e+02
-5.235556e+01 -5.116578e+00 -2.634143e+02
-5.226890e+01 -4.835807e+00 -2.634991e+02
-5.218213e+01 -4.554876e+00 -2.635835e+02
-5.209524e+01 -4.273785e+00 -2.636676e+02
-5.200823e+01 -3.992534e+00 -2.637514e+02
-5.192110e+01 -3.711124e+00 -2.638349e+02
-5.183385e+01 -3.429556e+00 -2.639180e+02
-5.174649e+01 -3.147829e+00 -2.640009e+02
-5.165901e+01 -2.865944e+00 -2.640834e+02
-5.157141e+01 -2.583901e+00 -2.641656e+02
-5.148369e+01 -2.301700e+00 -2.642475e+02
-5.139586e+01 -2.019343e+00 -2.643291e+02
-5.130790e+01 -1.736829e+00 -2.644103e+02
-5.121983e+01 -1.454159e+00 -2.644913e+02
-5.113164e+01 -1.171332e+00 -2.645719e+02
-5.104334e+01 -8.883506e-01 -2.646522e+02
-5.095492e+01 -6.052135e-01 -2.647321e+02
-5.086638e+01 -3.219216e-01 -2.648118e+02
-5.077772e+01 -3.847523e-02 -2.648911e+02
-5.068894e+01 2.451253e-01 -2.649702e+02
-5.060005e+01 5.288796e-01 -2.650489e+02
-5.051104e+01 8.127872e-01 -2.651272e+02
-5.042192e+01 1.096848e+00 -2.652053e+02
-5.033267e+01 1.381061e+00 -2.652830e+02
-5.024331e+01 1.665427e+00 -2.653604e+02
-5.015384e+01 1.949944e+00 -2.654375e+02
-5.006424e+01 2.234613e+00 -2.655143e+02
-4.997454e+01 2.519434e+00 -2.655907e+02
-4.988471e+01 2.804405e+00 -2.656668e+02
-4.979477e+01 3.089526e+00 -2.657426e+02
-4.970471e+01 3.374797e+00 -2.658180e+02
-4.961453e+01 3.660219e+00 -2.658932e+02
-4.952424e+01 3.945789e+00 -2.659680e+02
-4.943383e+01 4.231508e+00 -2.660425e+02
-4.934331e+01 4.517376e+00 -2.661166e+02
-4.925267e+01 4.803392e+00 -2.661904e+02
-4.916191e+01 5.089556e+00 -2.662639e+02
-4.907104e+01 5.375867e+00 -2.663371e+02
-4.898005e+01 5.662325e+00 -2.664099e+02
-4.888895e+01 5.948930e+00 -2.664825e+02
-4.879773e+01 6.235681e+00 -2.665546e+02
-4.870640e+01 6.522578e+00 -2.666265e+02
-4.861495e+01 6.809620e+00 -2.666980e+02
-4.852338e+01 7.096807e+00 -2.667692e+02
-4.843170e+01 7.384140e+00 -2.668401e+02
-4.833991e+01 7.671616e+00 -2.669106e+02
-4.824800e+01 7.959236e+00 -2.669808e+02
-4.815597e+01 8.247000e+00 -2.670507e+02
-4.806383e+01 8.534907e+00 -2.671202e+02
-4.797157e+01 8.822957e+00 -2.671894e+02
-4.787920e+01 9.111149e+00 -2.672583e+02
-4.778672e+01 9.399483e+00 -2.673268e+02
-4.769412e+01 9.687959e+00 -2.673950e+02
-4.760140e+01 9.976576e+00 -2.674629e+02
-4.750857e+01 1.026533e+01 -2.675304e+02
-4.741563e+01 1.055423e+01 -2.675976e+02
-4.732257e+01 1.084327e+01 -2.676644e+02
-4.722940e+01 1.113245e+01 -2.677310e+02
-4.713611e+01 1.142176e+01 -2.677972e+02
-4.704271e+01 1.171122e+01 -2.678630e+02
-4.694920e+01 1.200081e+01 -2.679285e+02
-4.685557e+01 1.229055e+01 -2.679937e+02
-4.676183e+01 1.258041e+01 -2.680585e+02
-4.666797e+01 1.287042e+01 -2.681230e+02
-4.657400e+01 1.316057e+01 -2.681872e+02
-4.647992e+01 1.345085e+01 -2.682510e+02
-4.638572e+01 1.374126e+01 -2.683145e+02
-4.629141e+01 1.403181e+01 -2.683777e+02
-4.619699e+01 1.432250e+01 -2.684405e+02
-4.610245e+01 1.461332e+01 -2.685029e+02
-4.600780e+01 1.490428e+01 -2.685651e+02
-4.591304e+01 1.519537e+01 -2.686268e+02
-4.581816e+01 1.548659e+01 -2.686883e+02
-4.572317e+01 1.577795e+01 -2.687494e+02
-4.562807e+01 1.606944e+01 -2.688101e+02
-4.553286e+01 1.636106e+01 -2.688706e+02
-4.543753e+01 1.665281e+01 -2.689306e+02
-4.534209e+01 1.694469e+01 -2.689904e+02
-4.524654e+01 1.723671e+01 -2.690498e+02
-4.515088e+01 1.752886e+01 -2.691088e+02
-4.505510e+01 1.782113e+01 -2.691675e+02
-4.495921e+01 1.811354e+01 -2.692258e+02
-4.486321e+01 1.840608e+01 -2.692839e+02
-4.476710e+01 1.869874e+01 -2.693415e+02
-4.467088e+01 1.899154e+01 -2.693988e+02
-4.457454e+01 1.928446e+01 -2.694558e+02
-4.447810e+01 1.957751e+01 -2.695124e+02
-4.438154e+01 1.987068e+01 -2.695687e+02
-4.428487e+01 2.016399e+01 -2.696246e+02
-4.418809e+01 2.045742e+01 -2.696802e+02
-4.409119e+01 2.075097e+01 -2.697354e+02
-4.399419e+01 2.104466e+01 -2.697903e+02
-4.389707e+01 2.133846e+01 -2.698449e+02
-4.379985e+01 2.163239e+01 -2.698991e+02
-4.370251e+01 2.192645e+01 -2.699529e+02
-4.360506e+01 2.222063e+01 -2.700064e+02
-4.350750e+01 2.251493e+01 -2.700595e+02
-4.340984e+01 2.280936e+01 -2.701123e+02
-4.331206e+01 2.310391e+01 -2.701647e+02
-4.321417e+01 2.339858e+01 -2.702168e+02
-4.311617e+01 2.369338e+01 -2.702686e+02
-4.301806e+01 2.398829e+01 -2.703200e+02
-4.291984e+01 2.428333e+01 -2.703710e+02
-4.282151e+01 2.457848e+01 -2.704217e+02
-4.272307e+01 2.487376e+01 -2.704720e+02
-4.262452e+01 2.516915e+01 -2.705220e+02
-4.252586e+01 2.546467e+01 -2.705716e+02
-4.242709e+01 2.576030e+01 -2.706208e+02
-4.232821e+01 2.605605e+01 -2.706697e+02
-4.222922e+01 2.635192e+01 -2.707183e+02
-4.213012e+01 2.664791e+01 -2.707665e+02
-4.203092e+01 2.694401e+01 -2.708143e+02
-4.193160e+01 2.724024e+01 -2.708618e+02
-4.183218e+01 2.753657e+01 -2.709090e+02
-4.173265e+01 2.783302e+01 -2.709557e+02
-4.163300e+01 2.812959e+01 -2.710022e+02
-4.153325e+01 2.842627e+01 -2.710482e+02
-4.143340e+01 2.872307e+01 -2.710939e+02
-4.133343e+01 2.901998e+01 -2.711393e+02
-4.123335e+01 2.931701e+01 -2.711843e+02
-4.113317e+01 2.961414e+01 -2.712289e+02
-4.103288e+01 2.991139e+01 -2.712732e+02
-4.093248e+01 3.020876e+01 -2.713171e+02
-4.083197e+01 3.050623e+01 -2.713606e+02
-4.073136e+01 3.080381e+01 -2.714038e+02
-4.063063e+01 3.110151e+01 -2.714467e+02
-4.052980e+01 3.139932e+01 -2.714891e+02
-4.042886e+01 3.169723e+01 -2.715312e+02
-4.032782e+01 3.199526e+01 -2.715730e+02
-4.022667e+01 3.229339e+01 -2.716144e+02
-4.012541e+01 3.259163e+01 -2.716554e+02
-4.002404e+01 3.288998e+01 -2.716961e+02
-3.992257e+01 3.318844e+01 -2.717364e+02
-3.982099e+01 3.348701e+01 -2.717763e+02
-3.971930e+01 3.378568e+01 -2.718159e+02
-3.961751e+01 3.408446e+01 -2.718551e+02
-3.951561e+01 3.438334e+01 -2.718939e+02
-3.941360e+01 3.468233e+01 -2.719324e+02
-3.931149e+01 3.498143e+01 -2.719705e+02
-3.920928e+01 3.528063e+01 -2.720083e+02
-3.910695e+01 3.557993e+01 -2.720457e+02
-3.900452e+01 3.587934e+01 -2.720827e+02
-3.890199e+01 3.617884e+01 -2.721194e+02
-3.879935e+01 3.647846e+01 -2.721557e+02
-3.869660e+01 3.677817e+01 -2.721916e+02
-3.859375e+01 3.707799e+01 -2.722272e+02
-3.849079e+01 3.737790e+01 -2.722623e+02
-3.838773e+01 3.767792e+01 -2.722972e+02
-3.828456e+01 3.797804e+01 -2.723316e+02
-3.818129e+01 3.827826e+01 -2.723657e+02
-3.807791e+01 3.857857e+01 -2.723994e+02
-3.797443e+01 3.887899e+01 -2.724328e+02
-3.787085e+01 3.917950e+01 -2.724658e+02
-3.776716e+01 3.948012e+01 -2.724984e+02
-3.766336e+01 3.978082e+01 -2.725306e+02
-3.755946e+01 4.008163e+01 -2.725625e+02
-3.745546e+01 4.038253e+01 -2.725940e+02
-3.735136e+01 4.068353e+01 -2.726251e+02
-3.724715e+01 4.098463e+01 -2.726559e+02
-3.714283e+01 4.128582e+01 -2.726863e+02
-3.703841e+01 4.158710e+01 -2.727163e+02
-3.693389e+01 4.188848e+01 -2.727460e+02
-3.682927e+01 4.218995e+01 -2.727752e+02
-3.672454e+01 4.249152e+01 -2.728041e+02
-3.661971e+01 4.279318e+01 -2.728327e+02
-3.651478e+01 4.309493e+01 -2.728608e+02
-3.640974e+01 4.339677e+01 -2.728886e+02
-3.630461e+01 4.369870e+01 -2.729160e+02
-3.619936e+01 4.400073e+01 -2.729430e+02
-3.609402e+01 4.430284e+01 -2.729697e+02
-3.598858e+01 4.460504e+01 -2.729960e+02
-3.588303e+01 4.490734e+01 -2.730219e+02
-3.577738e+01 4.520972e+01 -2.730474e+02
-3.567163e+01 4.551219e+01 -2.730726e+02
-3.556577e+01 4.581475e+01 -2.730974e+02
-3.545982e+01 4.611740e+01 -2.731218e+02
-3.535376e+01 4.642013e+01 -2.731458e+02
-3.524760e+01 4.672295e+01 -2.731695e+02
-3.514134e+01 4.702586e+01 -2.731928e+02
-3.503498e+01 4.732885e+01 -2.732157e+02
-3.492852e+01 4.763192e+01 -2.732382e+02
-3.482196e+01 4.793508e+01 -2.732603e+02
-3.471530e+01 4.823833e+01 -2.732821e+02
-3.460853e+01 4.854166e+01 -2.733035e+02
-3.450167e+01 4.884507e+01 -2.733245e+02
-3.439470e+01 4.914856e+01 -2.733451e+02
-3.428764e+01 4.945214e+01 -2.733654e+02
-3.418047e+01 4.975580e+01 -2.733853e+02
-3.407321e+01 5.005953e+01 -2.734048e+02
-3.396585e+01 5.036335e+01 -2.734239e+02
-3.385838e+01 5.066725e+01 -2.734426e+02
-3.375082e+01 5.097123e+01 -2.734610e+02
-3.364316e+01 5.127529e+01 -2.734789e+02
-3.353539e+01 5.157943e+01 -2.734965e+02
-3.342753e+01 5.188364e+01 -2.735137e+02
-3.331957e+01 5.218793e+01 -2.735305e+02
-3.321151e+01 5.249230e+01 -2.735470e+02
-3.310336e+01 5.279675e+01 -2.735630e+02
-3.299510e+01 5.310127e+01 -2.735787e+02
-3.288674e+01 5.340587e+01 -2.735940e+02
-3.277829e+01 5.371054e+01 -2.736089e+02
-3.266974e+01 5.401529e+01 -2.736235e+02
-3.256109e+01 5.432011e+01 -2.736376e+02
-3.245234e+01 5.462501e+01 -2.736514e+02
-3.234350e+01 5.492998e+01 -2.736647e+02
-3.223456e+01 5.523502e+01 -2.736777e+02
-3.212552e+01 5.554013e+01 -2.736903e+02
-3.201638e+01 5.584532e+01 -2.737025e+02
-3.190715e+01 5.615057e+01 -2.737144e+02
-3.179781e+01 5.645590e+01 -2.737258e+02
-3.168839e+01 5.676130e+01 -2.737369e+02
-3.157886e+01 5.706677e+01 -2.737476e+02
-3.146924e+01 5.737230e+01 -2.737578e+02
-3.135952e+01 5.767791e+01 -2.737677e+02
-3.124971e+01 5.798358e+01 -2.737773e+02
-3.113980e+01 5.828932e+01 -2.737864e+02
-3.102979e+01 5.859513e+01 -2.737951e+02
-3.091969e+01 5.890100e+01 -2.738035e+02
-3.080949e+01 5.920694e+01 -2.738114e+02
-3.069920e+01 5.951294e+01 -2.738190e+02
-3.058881e+01 5.981901e+01 -2.738262e+02
-3.047832e+01 6.012515e+01 -2.738330e+02
-3.036774e+01 6.043135e+01 -2.738394e+02
-3.025707e+01 6.073761e+01 -2.738454e+02
-3.014630e+01 6.104394e+01 -2.738510e+02
-3.003543e+01 6.135032e+01 -2.738563e+02
-2.992448e+01 6.165677e+01 -2.738611e+02
-2.981342e+01 6.196329e+01 -2.738656e+02
-2.970227e+01 6.226986e+01 -2.738696e+02
-2.959103e+01 6.257649e+01 -2.738733e+02
-2.947970e+01 6.288318e+01 -2.738766e+02
-2.936827e+01 6.318993e+01 -2.738795e+02
-2.925674e+01 6.349675e+01 -2.738820e+02
-2.914513e+01 6.380361e+01 -2.738841e+02
-2.903342e+01 6.411054e+01 -2.738858e+02
-2.892161e+01 6.441753e+01 -2.738871e+02
-2.880972e+01 6.472457e+01 -2.738880e+02
-2.869773e+01 6.503166e+01 -2.738886e+02
-2.858565e+01 6.533882e+01 -2.738887e+02
-2.847347e+01 6.564603e+01 -2.738885e+02
-2.836120e+01 6.595329e+01 -2.738878e+02
-2.824884e+01 6.626061e+01 -2.738868e+02
-2.813639e+01 6.656798e+01 -2.738853e+02
-2.802385e+01 6.687540e+01 -2.738835e+02
-2.791121e+01 6.718288e+01 -2.738813e+02
-2.779849e+01 6.749041e+01 -2.738787e+02
-2.768567e+01 6.779799e+01 -2.738757e+02
-2.757276e+01 6.810562e+01 -2.738722e+02
-2.745975e+01 6.841330e+01 -2.738684e+02
-2.734666e+01 6.872103e+01 -2.738642e+02
-2.723348e+01 6.902881e+01 -2.738596e+02
-2.712020e+01 6.933664e+01 -2.738546e+02
-2.700684e+01 6.964452e+01 -2.738492e+02
-2.689338e+01 6.995245e+01 -2.738434e+02
-2.677984e+01 7.026042e+01 -2.738373e+02
-2.666620e+01 7.056844e+01 -2.738307e+02
-2.655248e+01 7.087651e+01 -2.738237e+02
-2.643866e+01 7.118462e+01 -2.738163e+02
-2.632475e+01 7.149278e+01 -2.738085e+02
-2.621076e+01 7.180099e+01 -2.738004e+02
-2.609667e+01 7.210923e+01 -2.737918e+02
-2.598250e+01 7.241752e+01 -2.737828e+02
-2.586824e+01 7.272586e+01 -2.737734e+02
-2.575389e+01 7.303423e+01 -2.737636e+02
-2.563945e+01 7.334265e+01 -2.737535e+02
-2.552492e+01 7.365111e+01 -2.737429e+02
-2.541030e+01 7.395961e+01 -2.737319e+02
-2.529559e+01 7.426815e+01 -2.737206e+02
-2.518080e+01 7.457673e+01 -2.737088e+02
-2.506592e+01 7.488535e+01 -2.736966e+02
-2.495095e+01 7.519401e+01 -2.736840e+02
-2.483589e+01 7.550271e+01 -2.736710e+02
-2.472075e+01 7.581145e+01 -2.736577e+02
-2.460552e+01 7.612022e+01 -2.736439e+02
-2.449020e+01 7.642903e+01 -2.736297e+02
-2.437479e+01 7.673787e+01 -2.736151e+02
-2.425930e+01 7.704675e+01 -2.736001e+02
-2.414372e+01 7.735567e+01 -2.735847e+02
-2.402806e+01 7.766462e+01 -2.735690e+02
-2.391230e+01 7.797360e+01 -2.735528e+02
-2.379647e+01 7.828262e+01 -2.735362e+02
-2.368054e+01 7.859167e+01 -2.735192e+02
-2.356453e+01 7.890075e+01 -2.735018e+02
-2.344844e+01 7.920987e+01 -2.734839e+02
-2.333226e+01 7.951902e+01 -2.734657e+02
-2.321599e+01 7.982819e+01 -2.734471e+02
-2.309964e+01 8.013740e+01 -2.734281e+02
-2.298320e+01 8.044664e+01 -2.734087e+02
-2.286668e+01 8.075590e+01 -2.733888e+02
-2.275008e+01 8.106520e+01 -2.733686e+02
-2.263339e+01 8.137452e+01 -2.733480e+02
-2.251661e+01 8.168387e+01 -2.733269e+02
-2.239975e+01 8.199324e+01 -2.733055e+02
-2.228281e+01 8.230265e+01 -2.732836e+02
-2.216578e+01 8.261207e+01 -2.732613e+02
-2.204867e+01 8.292153e+01 -2.732387e+02
-2.193148e+01 8.323101e+01 -2.732156e+02
-2.181421e+01 8.354051e+01 -2.731921e+02
-2.169685e+01 8.385004e+01 -2.731682e+02
-2.157940e+01 8.415959e+01 -2.731439e+02
-2.146188e+01 8.446916e+01 -2.731192e+02
-2.134427e+01 8.477875e+01 -2.730941e+02
-2.122658e+01 8.508837e+01 -2.730686e+02
-2.110881e+01 8.539800e+01 -2.730427e+02
-2.099095e+01 8.570766e+01 -2.730163e+02
-2.087302e+01 8.601733e+01 -2.729896e+02
-2.075500e+01 8.632703e+01 -2.729624e+02
-2.063690e+01 8.663674e+01 -2.729349e+02
-2.051872e+01 8.694647e+01 -2.729069e+02
-2.040046e+01 8.725622e+01 -2.728785e+02
-2.028211e+01 8.756599e+01 -2.728497e+02
-2.016369e+01 8.787577e+01 -2.728206e+02
-2.004518e+01 8.818557e+01 -2.727909e+02
-1.992660e+01 8.849539e+01 -2.727609e+02
-1.980793e+01 8.880521e+01 -2.727305e+02
-1.968919e+01 8.911506e+01 -2.726997e+02
-1.957036e+01 8.942491e+01 -2.726684e+02
-1.945145e+01 8.973478e+01 -2.726368e+02
-1.933247e+01 9.004467e+01 -2.726047e+02
-1.921340e+01 9.035456e+01 -2.725722e+02
-1.909426e+01 9.066446e+01 -2.725394e+02
-1.897504e+01 9.097438e+01 -2.725061e+02
-1.885574e+01 9.128431e+01 -2.724723e+02
-1.873636e+01 9.159424e+01 -2.724382e+02
-1.861690e+01 9.190419e+01 -2.724037e+02
-1.849736e+01 9.221414e+01 -2.723688e+02
-1.837774e+01 9.252411e+01 -2.723334e+02
-1.825805e+01 9.283407e+01 -2.722976e+02
-1.813828e+01 9.314405e+01 -2.722615e+02
-1.801843e+01 9.345403e+01 -2.722249e+02
-1.789850e+01 9.376402e+01 -2.721879e+02
-1.777850e+01 9.407402e+01 -2.721504e+02
-1.765842e+01 9.438401e+01 -2.721126e+02
-1.753826e+01 9.469402e+01 -2.720744e+02
-1.741803e+01 9.500402e+01 -2.720357e+02
-1.729771e+01 9.531403e+01 -2.719967e+02
-1.717733e+01 9.562404e+01 -2.719572e+02
-1.705686e+01 9.593406e+01 -2.719173e+02
-1.693632e+01 9.624407e+01 -2.718770e+02
-1.681571e+01 9.655409e+01 -2.718362e+02
-1.669502e+01 9.686410e+01 -2.717951e+02
-1.657425e+01 9.717412e+01 -2.717536e+02
-1.645341e+01 9.748413e+01 -2.717116e+02
-1.633249e+01 9.779415e+01 -2.716692e+02
-1.621150e+01 9.810416e+01 -2.716264e+02
-1.609043e+01 9.841416e+01 -2.715832e+02
-1.596929e+01 9.872417e+01 -2.715396e+02
-1.584807e+01 9.903417e+01 -2.714955e+02
-1.572678e+01 9.934417e+01 -2.714511e+02
-1.560542e+01 9.965416e+01 -2.714062e+02
-1.548398e+01 9.996414e+01 -2.713609e+02
-1.536247e+01 1.002741e+02 -2.713152e+02
-1.524089e+01 1.005841e+02 -2.712691e+02
-1.511923e+01 1.008941e+02 -2.712226e+02
-1.499750e+01 1.012040e+02 -2.711756e+02
-1.487569e+01 1.015140e+02 -2.711283e+02
-1.475382e+01 1.018239e+02 -2.710805e+02
-1.463187e+01 1.021338e+02 -2.710323e+02
-1.450985e+01 1.024438e+02 -2.709837e+02
-1.438776e+01 1.027537e+02 -2.709347e+02
-1.426559e+01 1.030636e+02 -2.708852e+02
-1.414335e+01 1.033735e+02 -2.708353e+02
-1.402104e+01 1.036833e+02 -2.707851e+02
-1.389866e+01 1.039932e+02 -2.707344e+02
-1.377621e+01 1.043030e+02 -2.706832e+02
-1.365369e+01 1.046129e+02 -2.706317e+02
-1.353110e+01 1.049227e+02 -2.705798e+02
-1.340844e+01 1.052325e+02 -2.705274e+02
-1.328570e+01 1.055423e+02 -2.704746e+02
-1.316290e+01 1.058521e+02 -2.704214e+02
-1.304002e+01 1.061618e+02 -2.703678e+02
-1.291708e+01 1.064716e+02 -2.703137e+02
-1.279407e+01 1.067813e+02 -2.702593e+02
-1.267098e+01 1.070910e+02 -2.702044e+02
-1.254783e+01 1.074007e+02 -2.701491e+02
-1.242461e+01 1.077103e+02 -2.700934e+02
-1.230132e+01 1.080200e+02 -2.700372e+02
-1.217796e+01 1.083296e+02 -2.699807e+02
-1.205454e+01 1.086392e+02 -2.699237e+02
-1.193104e+01 1.089488e+02 -2.698663e+02
-1.180748e+01 1.092583e+02 -2.698085e+02
-1.168385e+01 1.095679e+02 -2.697503e+02
-1.156015e+01 1.098774e+02 -2.696916e+02
-1.143638e+01 1.101868e+02 -2.696325e+02
-1.131255e+01 1.104963e+02 -2.695731e+02
-1.118864e+01 1.108057e+02 -2.695131e+02
-1.106468e+01 1.111151e+02 -2.694528e+02
-1.094064e+01 1.114245e+02 -2.693921e+02
-1.081654e+01 1.117339e+02 -2.693309e+02
-1.069237e+01 1.120432e+02 -2.692693e+02
-1.056814e+01 1.123525e+02 -2.692073e+02
-1.044384e+01 1.126618e+02 -2.691449e+02
-1.031948e+01 1.129710e+02 -2.690820e+02
-1.019505e+01 1.132802e+02 -2.690187e+02
-1.007055e+01 1.135894e+02 -2.689550e+02
-9.945988e+00 1.138985e+02 -2.688909e+02
-9.821362e+00 1.142076e+02 -2.688264e+02
-9.696672e+00 1.145167e+02 -2.687614e+02
-9.571916e+00 1.148258e+02 -2.686961e+02
-9.447097e+00 1.151348e+02 -2.686303e+02
-9.322213e+00 1.154437e+02 -2.685640e+02
-9.197265e+00 1.157527e+02 -2.684974e+02
-9.072254e+00 1.160616e+02 -2.684303e+02
-8.947179e+00 1.163705e+02 -2.683629e+02
-8.822040e+00 1.166793e+02 -2.682949e+02
-8.696839e+00 1.169881e+02 -2.682266e+02
-8.571575e+00 1.172969e+02 -2.681579e+02
-8.446247e+00 1.176056e+02 -2.680887e+02
-8.320858e+00 1.179143e+02 -2.680191e+02
-8.195406e+00 1.182229e+02 -2.679491e+02
-8.069892e+00 1.185315e+02 -2.678786e+02
-7.944316e+00 1.188401e+02 -2.678078e+02
-7.818678e+00 1.191486e+02 -2.677365e+02
-7.692979e+00 1.194571e+02 -2.676648e+02
-7.567218e+00 1.197655e+02 -2.675927e+02
-7.441396e+00 1.200739e+02 -2.675201e+02
-7.315514e+00 1.203822e+02 -2.674471e+02
-7.189570e+00 1.206906e+02 -2.673737e+02
-7.063566e+00 1.209988e+02 -2.672999e+02
-6.937502e+00 1.213070e+02 -2.672257e+02
-6.811378e+00 1.216152e+02 -2.671510e+02
-6.685194e+00 1.219233e+02 -2.670759e+02
-6.558950e+00 1.222314e+02 -2.670004e+02
-6.432647e+00 1.225394e+02 -2.669245e+02
-6.306284e+00 1.228474e+02 -2.668481e+02
-6.179863e+00 1.231553e+02 -2.667713e+02
-6.053382e+00 1.234632e+02 -2.666941e+02
-5.926843e+00 1.237710e+02 -2.666165e+02
-5.800245e+00 1.240788e+02 -2.665385e+02
-5.673589e+00 1.243865e+02 -2.664600e+02
-5.546875e+00 1.246942e+02 -2.663811e+02
-5.420104e+00 1.250019e+02 -2.663018e+02
-5.293274e+00 1.253094e+02 -2.662220e+02
-5.166388e+00 1.256169e+02 -2.661419e+02
-5.039443e+00 1.259244e+02 -2.660613e+02
-4.912442e+00 1.262318e+02 -2.659802e+02
-4.785385e+00 1.265392e+02 -2.658988e+02
-4.658270e+00 1.268465e+02 -2.658169e+02
-4.531099e+00 1.271537e+02 -2.657347e+02
-4.403872e+00 1.274609e+02 -2.656519e+02
-4.276590e+00 1.277680e+02 -2.655688e+02
-4.149251e+00 1.280751e+02 -2.654852e+02
-4.021857e+00 1.283821e+02 -2.654013e+02
-3.894407e+00 1.286890e+02 -2.653169e+02
-3.766902e+00 1.289959e+02 -2.652320e+02
-3.639343e+00 1.293028e+02 -2.651468e+02
-3.511728e+00 1.296095e+02 -2.650611e+02
-3.384060e+00 1.299162e+02 -2.649750e+02
-3.256336e+00 1.302229e+02 -2.648884e+02
-3.128559e+00 1.305294e+02 -2.648015e+02
-3.000728e+00 1.308360e+02 -2.647141e+02
-2.872844e+00 1.311424e+02 -2.646263e+02
-2.744905e+00 1.314488e+02 -2.645381e+02
-2.616914e+00 1.317551e+02 -2.644494e+02
-2.488870e+00 1.320614e+02 -2.643603e+02
-2.360772e+00 1.323676e+02 -2.642708e+02
-2.232623e+00 1.326737e+02 -2.641809e+02
-2.104420e+00 1.329797e+02 -2.640906e+02
-1.976166e+00 1.332857e+02 -2.639998e+02
-1.847860e+00 1.335916e+02 -2.639086e+02
-1.719502e+00 1.338975e+02 -2.638169e+02
-1.591092e+00 1.342033e+02 -2.637249e+02
-1.462631e+00 1.345090e+02 -2.636324e+02
-1.334119e+00 1.348146e+02 -2.635395e+02
-1.205556e+00 1.351202e+02 -2.634462e+02
-1.076942e+00 1.354257e+02 -2.633524e+02
-9.482783e-01 1.357311e+02 -2.632583e+02
-8.195639e-01 1.360364e+02 -2.631637e+02
-6.907995e-01 1.363417e+02 -2.630686e+02
-5.619853e-01 1.366469e+02 -2.629732e+02
-4.331215e-01 1.369520e+02 -2.628773e+02
-3.042083e-01 1.372570e+02 -2.627810e+02
-1.752459e-01 1.375620e+02 -2.626843e+02
-4.623456e-02 1.378669e+02 -2.625871e+02
8.282555e-02 1.381717e+02 -2.624895e+02
2.119342e-01 1.384764e+02 -2.623915e+02
3.410911e-01 1.387811e+02 -2.622931e+02
4.702962e-01 1.390857e+02 -2.621942e+02
5.995491e-01 1.393902e+02 -2.620950e+02
7.288497e-01 1.396946e+02 -2.619953e+02
8.581978e-01 1.399989e+02 -2.618951e+02
9.875931e-01 1.403032e+02 -2.617946e+02
1.117035e+00 1.406073e+02 -2.616936e+02
1.246524e+00 1.409114e+02 -2.615922e+02
1.376060e+00 1.412154e+02 -2.614904e+02
1.505642e+00 1.415193e+02 -2.613881e+02
1.635270e+00 1.418231e+02 -2.612854e+02
1.764945e+00 1.421269e+02 -2.611823e+02
1.894664e+00 1.424306e+02 -2.610788e+02
2.024430e+00 1.427341e+02 -2.609748e+02
2.154240e+00 1.430376e+02 -2.608705e+02
2.284096e+00 1.433410e+02 -2.607657e+02
2.413997e+00 1.436443e+02 -2.606604e+02
2.543942e+00 1.439475e+02 -2.605548e+02
2.673931e+00 1.442507e+02 -2.604487e+02
2.803965e+00 1.445537e+02 -2.603422e+02
2.934043e+00 1.448567e+02 -2.602353e+02
3.064164e+00 1.451595e+02 -2.601279e+02
3.194329e+00 1.454623e+02 -2.600201e+02
3.324537e+00 1.457650e+02 -2.599119e+02
3.454789e+00 1.460675e+02 -2.598033e+02
3.585083e+00 1.463700e+02 -2.596942e+02
3.715419e+00 1.466724e+02 -2.595847e+02
3.845799e+00 1.469747e+02 -2.594748e+02
3.976220e+00 1.472769e+02 -2.593645e+02
4.106684e+00 1.475790e+02 -2.592537e+02
4.237189e+00 1.478810e+02 -2.591426e+02
4.367735e+00 1.481829e+02 -2.590310e+02
4.498323e+00 1.484847e+02 -2.589189e+02
4.628953e+00 1.487865e+02 -2.588065e+02
4.759623e+00 1.490881e+02 -2.586936e+02
4.890333e+00 1.493896e+02 -2.585803e+02
5.021084e+00 1.496910e+02 -2.584666e+02
5.151876e+00 1.499923e+02 -2.583524e+02
5.282707e+00 1.502935e+02 -2.582378e+02
5.413578e+00 1.505946e+02 -2.581228e+02
5.544488e+00 1.508956e+02 -2.580074e+02
5.675438e+00 1.511966e+02 -2.578915e+02
5.806427e+00 1.514974e+02 -2.577753e+02
5.937455e+00 1.517981e+02 -2.576586e+02
6.068521e+00 1.520986e+02 -2.575414e+02
6.199626e+00 1.523991e+02 -2.574239e+02
6.330769e+00 1.526995e+02 -2.573059e+02
6.461950e+00 1.529998e+02 -2.571875e+02
6.593169e+00 1.532999e+02 -2.570687e+02
6.724425e+00 1.536000e+02 -2.569494e+02
6.855719e+00 1.539000e+02 -2.568297e+02
6.987050e+00 1.541998e+02 -2.567097e+02
7.118417e+00 1.544995e+02 -2.565891e+02
7.249821e+00 1.547991e+02 -2.564682e+02
7.381262e+00 1.550986e+02 -2.563468e+02
7.512739e+00 1.553980e+02 -2.562250e+02
7.644251e+00 1.556973e+02 -2.561028e+02
7.775800e+00 1.559965e+02 -2.559802e+02
7.907384e+00 1.562956e+02 -2.558571e+02
8.039003e+00 1.565945e+02 -2.557336e+02
8.170657e+00 1.568933e+02 -2.556097e+02
8.302346e+00 1.571920e+02 -2.554854e+02
8.434070e+00 1.574906e+02 -2.553606e+02
8.565828e+00 1.577891e+02 -2.552354e+02
8.697620e+00 1.580875e+02 -2.551098e+02
8.829446e+00 1.583857e+02 -2.549838e+02
8.961306e+00 1.586839e+02 -2.548573e+02
9.093199e+00 1.589819e+02 -2.547304e+02
9.225126e+00 1.592798e+02 -2.546031e+02
9.357085e+00 1.595776e+02 -2.544754e+02
9.489078e+00 1.598752e+02 -2.543473e+02
9.621102e+00 1.601727e+02 -2.542187e+02
9.753160e+00 1.604702e+02 -2.540897e+02
9.885249e+00 1.607674e+02 -2.539603e+02
1.001737e+01 1.610646e+02 -2.538305e+02
1.014952e+01 1.613616e+02 -2.537002e+02
1.028171e+01 1.616586e+02 -2.535695e+02
1.041392e+01 1.619554e+02 -2.534384e+02
1.054617e+01 1.622520e+02 -2.533069e+02
1.067845e+01 1.625486e+02 -2.531749e+02
1.081075e+01 1.628450e+02 -2.530425e+02
1.094309e+01 1.631413e+02 -2.529098e+02
1.107546e+01 1.634374e+02 -2.527765e+02
1.120786e+01 1.637335e+02 -2.526429e+02
1.134028e+01 1.640294e+02 -2.525088e+02
1.147274e+01 1.643252e+02 -2.523743e+02
1.160523e+01 1.646208e+02 -2.522394e+02
1.173774e+01 1.649163e+02 -2.521041e+02
1.187029e+01 1.652117e+02 -2.519684e+02
1.200286e+01 1.655070e+02 -2.518322e+02
1.213546e+01 1.658021e+02 -2.516956e+02
1.226809e+01 1.660971e+02 -2.515586e+02
1.240074e+01 1.663919e+02 -2.514211e+02
1.253342e+01 1.666866e+02 -2.512833e+02
1.266614e+01 1.669812e+02 -2.511450e+02
1.279887e+01 1.672757e+02 -2.510063e+02
1.293164e+01 1.675700e+02 -2.508672e+02
1.306443e+01 1.678642e+02 -2.507276e+02
1.319725e+01 1.681582e+02 -2.505877e+02
1.333009e+01 1.684521e+02 -2.504473e+02
1.346296e+01 1.687459e+02 -2.503065e+02
1.359585e+01 1.690395e+02 -2.501653e+02
1.372878e+01 1.693330e+02 -2.500236e+02
1.386172e+01 1.696264e+02 -2.498816e+02
1.399469e+01 1.699196e+02 -2.497391e+02
1.412769e+01 1.702127e+02 -2.495962e+02
1.426071e+01 1.705056e+02 -2.494528e+02
1.439375e+01 1.707984e+02 -2.493091e+02
1.452682e+01 1.710910e+02 -2.491649e+02
1.465991e+01 1.713835e+02 -2.490204e+02
1.479303e+01 1.716759e+02 -2.488753e+02
1.492617e+01 1.719681e+02 -2.487299e+02
1.505933e+01 1.722601e+02 -2.485841e+02
1.519252e+01 1.725521e+02 -2.484378e+02
1.532572e+01 1.728438e+02 -2.482911e+02
1.545896e+01 1.731355e+02 -2.481440e+02
1.559221e+01 1.734270e+02 -2.479965e+02
1.572548e+01 1.737183e+02 -2.478486e+02
1.585878e+01 1.740095e+02 -2.477002e+02
1.599210e+01 1.743005e+02 -2.475514e+02
1.612544e+01 1.745914e+02 -2.474023e+02
1.625880e+01 1.748821e+02 -2.472526e+02
1.639218e+01 1.751727e+02 -2.471026e+02
1.652558e+01 1.754631e+02 -2.469522e+02
1.665900e+01 1.757534e+02 -2.468013e+02
1.679244e+01 1.760436e+02 -2.466500e+02
1.692591e+01 1.763335e+02 -2.464983e+02
1.705939e+01 1.766234e+02 -2.463462e+02
1.719289e+01 1.769130e+02 -2.461937e+02
1.732641e+01 1.772025e+02 -2.460407e+02
1.745995e+01 1.774919e+02 -2.458873e+02
1.759351e+01 1.777811e+02 -2.457335e+02
1.772708e+01 1.780701e+02 -2.455793e+02
1.786068e+01 1.783590e+02 -2.454247e+02
1.799429e+01 1.786478e+02 -2.452697e+02
1.812792e+01 1.789363e+02 -2.451142e+02
1.826157e+01 1.792247e+02 -2.449584e+02
1.839523e+01 1.795130e+02 -2.448021e+02
1.852891e+01 1.798011e+02 -2.446454e+02
1.866261e+01 1.800890e+02 -2.444883e+02
1.879633e+01 1.803768e+02 -2.443307e+02
1.893006e+01 1.806644e+02 -2.441728e+02
1.906381e+01 1.809518e+02 -2.440144e+02
1.919757e+01 1.812391e+02 -2.438556e+02
1.933135e+01 1.815263e+02 -2.436964e+02
1.946515e+01 1.818132e+02 -2.435368e+02
1.959896e+01 1.821000e+02 -2.433768e+02
1.973279e+01 1.823866e+02 -2.432163e+02
1.986663e+01 1.826731e+02 -2.430555e+02
2.000048e+01 1.829594e+02 -2.428942e+02
2.013435e+01 1.832455e+02 -2.427325e+02
2.026823e+01 1.835315e+02 -2.425704e+02
2.040213e+01 1.838173e+02 -2.424079e+02
2.053604e+01 1.841029e+02 -2.422450e+02
2.066996e+01 1.843883e+02 -2.420817e+02
2.080390e+01 1.846736e+02 -2.419179e+02
2.093785e+01 1.849587e+02 -2.417537e+02
2.107181e+01 1.852437e+02 -2.415892e+02
2.120579e+01 1.855285e+02 -2.414242e+02
2.133977e+01 1.858131e+02 -2.412588e+02
2.147377e+01 1.860975e+02 -2.410929e+02
2.160778e+01 1.863817e+02 -2.409267e+02
2.174180e+01 1.866658e+02 -2.407601e+02
2.187583e+01 1.869497e+02 -2.405930e+02
2.200988e+01 1.872335e+02 -2.404256e+02
2.214393e+01 1.875170e+02 -2.402577e+02
2.227800e+01 1.878004e+02 -2.400894e+02
2.241207e+01 1.880836e+02 -2.399207e+02
2.254616e+01 1.883666e+02 -2.397516e+02
2.268025e+01 1.886495e+02 -2.395820e+02
2.281436e+01 1.889321e+02 -2.394121e+02
2.294847e+01 1.892146e+02 -2.392418e+02
2.308259e+01 1.894969e+02 -2.390710e+02
2.321673e+01 1.897791e+02 -2.388998e+02
2.335087e+01 1.900610e+02 -2.387283e+02
2.348502e+01 1.903428e+02 -2.385563e+02
2.361917e+01 1.906244e+02 -2.383839e+02
2.375334e+01 1.909058e+02 -2.382111e+02
2.388751e+01 1.911870e+02 -2.380378e+02
2.402169e+01 1.914680e+02 -2.378642e+02
2.415588e+01 1.917489e+02 -2.376902e+02
2.429007e+01 1.920296e+02 -2.375157e+02
2.442427e+01 1.923100e+02 -2.373409e+02
2.455848e+01 1.925903e+02 -2.371656e+02
2.469269e+01 1.928704e+02 -2.369899e+02
2.482691e+01 1.931504e+02 -2.368139e+02
2.496114e+01 1.934301e+02 -2.366374e+02
2.509537e+01 1.937097e+02 -2.364605e+02
2.522960e+01 1.939890e+02 -2.362832e+02
2.536384e+01 1.942682e+02 -2.361055e+02
2.549809e+01 1.945472e+02 -2.359273e+02
2.563234e+01 1.948260e+02 -2.357488e+02
2.576659e+01 1.951046e+02 -2.355699e+02
2.590085e+01 1.953830e+02 -2.353905e+02
2.603511e+01 1.956612e+02 -2.352108e+02
2.616938e+01 1.959392e+02 -2.350306e+02
2.630365e+01 1.962171e+02 -2.348501e+02
2.643792e+01 1.964947e+02 -2.346691e+02
2.657220e+01 1.967722e+02 -2.344878e+02
2.670648e+01 1.970494e+02 -2.343060e+02
2.684076e+01 1.973265e+02 -2.341238e+02
2.697504e+01 1.976033e+02 -2.339412e+02
2.710933e+01 1.978800e+02 -2.337582e+02
2.724361e+01 1.981565e+02 -2.335748e+02
2.737790e+01 1.984327e+02 -2.333910e+02
2.751219e+01 1.987088e+02 -2.332068e+02
2.764648e+01 1.989847e+02 -2.330222e+02
2.778077e+01 1.992603e+02 -2.328372e+02
2.791506e+01 1.995358e+02 -2.326518e+02
2.804935e+01 1.998111e+02 -2.324660e+02
2.818365e+01 2.000862e+02 -2.322797e+02
2.831794e+01 2.003610e+02 -2.320931e+02
2.845223e+01 2.006357e+02 -2.319061e+02
2.858652e+01 2.009102e+02 -2.317187e+02
2.872081e+01 2.011844e+02 -2.315308e+02
2.885510e+01 2.014585e+02 -2.313426e+02
2.898939e+01 2.017324e+02 -2.311539e+02
2.912367e+01 2.020060e+02 -2.309649e+02
2.925796e+01 2.022795e+02 -2.307755e+02
2.939224e+01 2.025527e+02 -2.305856e+02
2.952652e+01 2.028257e+02 -2.303954e+02
2.966079e+01 2.030986e+02 -2.302047e+02
2.979507e+01 2.033712e+02 -2.300137e+02
2.992934e+01 2.036436e+02 -2.298222e+02
3.006361e+01 2.039158e+02 -2.296304e+02
3.019787e+01 2.041878e+02 -2.294382e+02
3.033213e+01 2.044596e+02 -2.292455e+02
3.046639e+01 2.047312e+02 -2.290525e+02
3.060064e+01 2.050025e+02 -2.288590e+02
3.073489e+01 2.052737e+02 -2.286652e+02
3.086913e+01 2.055446e+02 -2.284709e+02
3.100337e+01 2.058154e+02 -2.282763e+02
3.113761e+01 2.060859e+02 -2.280813e+02
3.127183e+01 2.063562e+02 -2.278858e+02
3.140606e+01 2.066263e+02 -2.276900e+02
3.154027e+01 2.068961e+02 -2.274938e+02
3.167448e+01 2.071658e+02 -2.272971e+02
3.180869e+01 2.074353e+02 -2.271001e+02
3.194288e+01 2.077045e+02 -2.269027e+02
3.207707e+01 2.079735e+02 -2.267049e+02
3.221126e+01 2.082423e+02 -2.265066e+02
3.234543e+01 2.085109e+02 -2.263080e+02
3.247960e+01 2.087792e+02 -2.261090e+02
3.261376e+01 2.090474e+02 -2.259096e+02
3.274792e+01 2.093153e+02 -2.257098e+02
3.288206e+01 2.095830e+02 -2.255096e+02
3.301620e+01 2.098505e+02 -2.253090e+02
3.315032e+01 2.101177e+02 -2.251080e+02
3.328444e+01 2.103848e+02 -2.249067e+02
3.341855e+01 2.106516e+02 -2.247049e+02
3.355265e+01 2.109182e+02 -2.245027e+02
3.368674e+01 2.111846e+02 -2.243002e+02
3.382082e+01 2.114507e+02 -2.240972e+02
3.395489e+01 2.117166e+02 -2.238939e+02
3.408895e+01 2.119823e+02 -2.236901e+02
3.422300e+01 2.122478e+02 -2.234860e+02
3.435704e+01 2.125131e+02 -2.232815e+02
3.449107e+01 2.127781e+02 -2.230766e+02
3.462508e+01 2.130429e+02 -2.228713e+02
3.475909e+01 2.133075e+02 -2.226656e+02
3.489308e+01 2.135718e+02 -2.224595e+02
3.502706e+01 2.138359e+02 -2.222530e+02
3.516103e+01 2.140998e+02 -2.220461e+02
3.529498e+01 2.143634e+02 -2.218388e+02
3.542892e+01 2.146269e+02 -2.216312e+02
3.556285e+01 2.148901e+02 -2.214231e+02
3.569677e+01 2.151530e+02 -2.212147e+02
3.583067e+01 2.154158e+02 -2.210059e+02
3.596456e+01 2.156783e+02 -2.207967e+02
3.609844e+01 2.159405e+02 -2.205871e+02
3.623230e+01 2.162026e+02 -2.203771e+02
3.636614e+01 2.164644e+02 -2.201667e+02
3.649998e+01 2.167259e+02 -2.199559e+02
3.663379e+01 2.169872e+02 -2.197448e+02
3.676759e+01 2.172483e+02 -2.195333e+02
3.690138e+01 2.175092e+02 -2.193213e+02
3.703515e+01 2.177698e+02 -2.191090e+02
3.716891e+01 2.180302e+02 -2.188963e+02
3.730265e+01 2.182904e+02 -2.186832e+02
3.743637e+01 2.185503e+02 -2.184697e+02
3.757007e+01 2.188099e+02 -2.182559e+02
3.770376e+01 2.190694e+02 -2.180416e+02
3.783744e+01 2.193286e+02 -2.178270e+02
3.797109e+01 2.195875e+02 -2.176120e+02
3.810473e+01 2.198462e+02 -2.173966e+02
3.823835e+01 2.201047e+02 -2.171808e+02
3.837195e+01 2.203630e+02 -2.169646e+02
3.850553e+01 2.206209e+02 -2.167481e+02
3.863910e+01 2.208787e+02 -2.165312e+02
3.877264e+01 2.211362e+02 -2.163138e+02
3.890617e+01 2.213935e+02 -2.160961e+02
3.903968e+01 2.216505e+02 -2.158780e+02
3.917317e+01 2.219072e+02 -2.156596e+02
3.930664e+01 2.221638e+02 -2.154407e+02
3.944009e+01 2.224201e+02 -2.152215e+02
3.957352e+01 2.226761e+02 -2.150019e+02
3.970693e+01 2.229319e+02 -2.147819e+02
3.984031e+01 2.231874e+02 -2.145615e+02
3.997368e+01 2.234427e+02 -2.143408e+02
4.010703e+01 2.236978e+02 -2.141196e+02
4.024035e+01 2.239526e+02 -2.138981e+02
4.037366e+01 2.242071e+02 -2.136762e+02
4.050694e+01 2.244614e+02 -2.134539e+02
4.064020e+01 2.247155e+02 -2.132313e+02
4.077344e+01 2.249693e+02 -2.130083e+02
4.090665e+01 2.252228e+02 -2.127848e+02
4.103984e+01 2.254761e+02 -2.125611e+02
4.117301e+01 2.257291e+02 -2.123369e+02
4.130616e+01 2.259819e+02 -2.121123e+02
4.143928e+01 2.262345e+02 -2.118874e+02
4.157238e+01 2.264868e+02 -2.116621e+02
4.170546e+01 2.267388e+02 -2.114364e+02
4.183851e+01 2.269906e+02 -2.112104e+02
4.197154e+01 2.272421e+02 -2.109840e+02
4.210454e+01 2.274933e+02 -2.107572e+02
4.223752e+01 2.277443e+02 -2.105300e+02
4.237047e+01 2.279951e+02 -2.103024e+02
4.250339e+01 2.282456e+02 -2.100745e+02
4.263630e+01 2.284958e+02 -2.098462e+02
4.276917e+01 2.287458e+02 -2.096175e+02
4.290202e+01 2.289955e+02 -2.093885e+02
4.303485e+01 2.292450e+02 -2.091590e+02
4.316764e+01 2.294942e+02 -2.089293e+02
4.330041e+01 2.297431e+02 -2.086991e+02
4.343316e+01 2.299918e+02 -2.084685e+02
4.356587e+01 2.302402e+02 -2.082376e+02
4.369856e+01 2.304884e+02 -2.080063e+02
4.383122e+01 2.307363e+02 -2.077747e+02
4.396386e+01 2.309839e+02 -2.075426e+02
4.409646e+01 2.312313e+02 -2.073102e+02
4.422904e+01 2.314784e+02 -2.070775e+02
4.436159e+01 2.317252e+02 -2.068443e+02
4.449411e+01 2.319718e+02 -2.066108e+02
4.462660e+01 2.322181e+02 -2.063769e+02
4.475906e+01 2.324641e+02 -2.061427e+02
4.489149e+01 2.327099e+02 -2.059081e+02
4.502389e+01 2.329554e+02 -2.056731e+02
4.515626e+01 2.332007e+02 -2.054377e+02
4.528861e+01 2.334457e+02 -2.052020e+02
4.542092e+01 2.336904e+02 -2.049659e+02
4.555320e+01 2.339348e+02 -2.047295e+02
4.568545e+01 2.341790e+02 -2.044926e+02
4.581767e+01 2.344229e+02 -2.042554e+02
4.594985e+01 2.346665e+02 -2.040179e+02
4.608201e+01 2.349099e+02 -2.037800e+02
4.621413e+01 2.351530e+02 -2.035417e+02
4.634622e+01 2.353958e+02 -2.033030e+02
4.647828e+01 2.356383e+02 -2.030640e+02
4.661031e+01 2.358806e+02 -2.028246e+02
4.674231e+01 2.361226e+02 -2.025849e+02
4.687427e+01 2.363643e+02 -2.023448e+02
4.700619e+01 2.366058e+02 -2.021043e+02
4.713809e+01 2.368470e+02 -2.018634e+02
4.726995e+01 2.370879e+02 -2.016222e+02
4.740178e+01 2.373285e+02 -2.013807e+02
4.753357e+01 2.375688e+02 -2.011388e+02
4.766533e+01 2.378089e+02 -2.008965e+02
4.779705e+01 2.380487e+02 -2.006538e+02
4.792874e+01 2.382883e+02 -2.004108e+02
4.806039e+01 2.385275e+02 -2.001674e+02
4.819201e+01 2.387665e+02 -1.999237e+02
4.832359e+01 2.390052e+02 -1.996796e+02
4.845514e+01 2.392436e+02 -1.994352e+02
4.858665e+01 2.394817e+02 -1.991904e+02
4.871813e+01 2.397195e+02 -1.989452e+02
4.884956e+01 2.399571e+02 -1.986997e+02
4.898097e+01 2.401944e+02 -1.984538e+02
4.911233e+01 2.404314e+02 -1.982075e+02
4.924366e+01 2.406681e+02 -1.979609e+02
4.937495e+01 2.409046e+02 -1.977140e+02
4.950620e+01 2.411407e+02 -1.974667e+02
4.963741e+01 2.413766e+02 -1.972190e+02
4.976859e+01 2.416122e+02 -1.969710e+02
4.989973e+01 2.418475e+02 -1.967226e+02
5.003083e+01 2.420825e+02 -1.964738e+02
5.016189e+01 2.423173e+02 -1.962247e+02
5.029291e+01 2.425517e+02 -1.959753e+02
5.042389e+01 2.427859e+02 -1.957255e+02
5.055484e+01 2.430198e+02 -1.954753e+02
5.068574e+01 2.432534e+02 -1.952248e+02
5.081660e+01 2.434867e+02 -1.949740e+02
5.094743e+01 2.437197e+02 -1.947228e+02
5.107821e+01 2.439524e+02 -1.944712e+02
5.120895e+01 2.441849e+02 -1.942193e+02
5.133965e+01 2.444170e+02 -1.939670e+02
5.147031e+01 2.446489e+02 -1.937144e+02
5.160093e+01 2.448805e+02 -1.934614e+02
5.173151e+01 2.451117e+02 -1.932081e+02
5.186205e+01 2.453427e+02 -1.929544e+02
5.199254e+01 2.455734e+02 -1.927004e+02
5.212299e+01 2.458038e+02 -1.924460e+02
5.225340e+01 2.460340e+02 -1.921913e+02
5.238377e+01 2.462638e+02 -1.919362e+02
5.251409e+01 2.464933e+02 -1.916808e+02
5.264437e+01 2.467225e+02 -1.914250e+02
5.277461e+01 2.469515e+02 -1.911689e+02
5.290480e+01 2.471801e+02 -1.909125e+02
5.303495e+01 2.474085e+02 -1.906556e+02
5.316506e+01 2.476365e+02 -1.903985e+02
5.329512e+01 2.478643e+02 -1.901410e+02
5.342514e+01 2.480917e+02 -1.898831e+02
5.355511e+01 2.483189e+02 -1.896250e+02
5.368504e+01 2.485458e+02 -1.893664e+02
5.381492e+01 2.487723e+02 -1.891075e+02
5.394475e+01 2.489986e+02 -1.888483e+02
5.407455e+01 2.492246e+02 -1.885887e+02
5.420429e+01 2.494502e+02 -1.883288e+02
5.433399e+01 2.496756e+02 -1.880686e+02
5.446364e+01 2.499007e+02 -1.878080e+02
5.459325e+01 2.501255e+02 -1.875470e+02
5.472281e+01 2.503499e+02 -1.872858e+02
5.485232e+01 2.505741e+02 -1.870241e+02
5.498179e+01 2.507980e+02 -1.867622e+02
5.511121e+01 2.510215e+02 -1.864999e+02
5.524058e+01 2.512448e+02 -1.862372e+02
5.536990e+01 2.514678e+02 -1.859743e+02
5.549917e+01 2.516904e+02 -1.857109e+02
5.562840e+01 2.519128e+02 -1.854473e+02
5.575758e+01 2.521348e+02 -1.851833e+02
5.588670e+01 2.523566e+02 -1.849189e+02
5.601578e+01 2.525780e+02 -1.846543e+02
5.614482e+01 2.527991e+02 -1.843892e+02
5.627380e+01 2.530200e+02 -1.841239e+02
5.640273e+01 2.532405e+02 -1.838582e+02
5.653161e+01 2.534607e+02 -1.835922e+02
5.666044e+01 2.536806e+02 -1.833258e+02
5.678922e+01 2.539002e+02 -1.830591e+02
5.691795e+01 2.541195e+02 -1.827921e+02
5.704663e+01 2.543384e+02 -1.825247e+02
5.717526e+01 2.545571e+02 -1.822570e+02
5.730384e+01 2.547755e+02 -1.819890e+02
5.743237e+01 2.549935e+02 -1.817206e+02
5.756084e+01 2.552113e+02 -1.814520e+02
5.768926e+01 2.554287e+02 -1.811829e+02
5.781763e+01 2.556458e+02 -1.809136e+02
5.794595e+01 2.558626e+02 -1.806439e+02
5.807422e+01 2.560791e+02 -1.803738e+02
5.820243e+01 2.562953e+02 -1.801035e+02
5.833059e+01 2.565112e+02 -1.798328e+02
5.845870e+01 2.567267e+02 -1.795618e+02
5.858675e+01 2.569420e+02 -1.792904e+02
5.871475e+01 2.571569e+02 -1.790188e+02
5.884269e+01 2.573715e+02 -1.787468e+02
5.897058e+01 2.575858e+02 -1.784744e+02
5.909842e+01 2.577998e+02 -1.782018e+02
5.922620e+01 2.580134e+02 -1.779288e+02
5.935393e+01 2.582268e+02 -1.776555e+02
5.948160e+01 2.584398e+02 -1.773818e+02
5.960922e+01 2.586525e+02 -1.771079e+02
5.973678e+01 2.588649e+02 -1.768336e+02
5.986429e+01 2.590770e+02 -1.765589e+02
5.999174e+01 2.592888e+02 -1.762840e+02
6.011914e+01 2.595002e+02 -1.760087e+02
6.024647e+01 2.597113e+02 -1.757331e+02
6.037376e+01 2.599221e+02 -1.754572e+02
6.050098e+01 2.601326e+02 -1.751810e+02
6.062815e+01 2.603428e+02 -1.749044e+02
6.075526e+01 2.605526e+02 -1.746275e+02
6.088231e+01 2.607621e+02 -1.743503e+02
6.100931e+01 2.609713e+02 -1.740728e+02
6.113625e+01 2.611802e+02 -1.737950e+02
6.126313e+01 2.613888e+02 -1.735168e+02
6.138995e+01 2.615970e+02 -1.732383e+02
6.151671e+01 2.618049e+02 -1.729595e+02
6.164341e+01 2.620125e+02 -1.726804e+02
6.177006e+01 2.622198e+02 -1.724009e+02
6.189665e+01 2.624267e+02 -1.721211e+02
6.202317e+01 2.626333e+02 -1.718411e+02
6.214964e+01 2.628396e+02 -1.715607e+02
6.227605e+01 2.630456e+02 -1.712799e+02
6.240239e+01 2.632512e+02 -1.709989e+02
6.252868e+01 2.634565e+02 -1.707175e+02
6.265491e+01 2.636615e+02 -1.704359e+02
6.278107e+01 2.638661e+02 -1.701539e+02
6.290718e+01 2.640705e+02 -1.698716e+02
6.303322e+01 2.642745e+02 -1.695890e+02
6.315921e+01 2.644781e+02 -1.693060e+02
6.328513e+01 2.646815e+02 -1.690228e+02
6.341099e+01 2.648845e+02 -1.687392e+02
6.353678e+01 2.650872e+02 -1.684554e+02
6.366252e+01 2.652895e+02 -1.681712e+02
6.378819e+01 2.654916e+02 -1.678867e+02
6.391380e+01 2.656932e+02 -1.676019e+02
6.403935e+01 2.658946e+02 -1.673168e+02
6.416483e+01 2.660956e+02 -1.670313e+02
6.429026e+01 2.662963e+02 -1.667456e+02
6.441561e+01 2.664967e+02 -1.664596e+02
6.454091e+01 2.666967e+02 -1.661732e+02
6.466614e+01 2.668964e+02 -1.658865e+02
6.479130e+01 2.670958e+02 -1.655996e+02
6.491641e+01 2.672948e+02 -1.653123e+02
6.504144e+01 2.674935e+02 -1.650247e+02
6.516642e+01 2.676919e+02 -1.647368e+02
6.529132e+01 2.678899e+02 -1.644486e+02
6.541617e+01 2.680876e+02 -1.641601e+02
6.554094e+01 2.682850e+02 -1.638713e+02
6.566565e+01 2.684820e+02 -1.635821e+02
6.579030e+01 2.686787e+02 -1.632927e+02
6.591488e+01 2.688750e+02 -1.630030e+02
6.603939e+01 2.690710e+02 -1.627129e+02
6.616384e+01 2.692667e+02 -1.624226e+02
6.628822e+01 2.694620e+02 -1.621320e+02
6.641253e+01 2.696570e+02 -1.618410e+02
6.653678e+01 2.698517e+02 -1.615498e+02
6.666096e+01 2.700460e+02 -1.612582e+02
6.678507e+01 2.702400e+02 -1.609664e+02
6.690912e+01 2.704336e+02 -1.606742e+02
6.703309e+01 2.706269e+02 -1.603818e+02
6.715700e+01 2.708199e+02 -1.600890e+02
6.728084e+01 2.710125e+02 -1.597960e+02
6.740461e+01 2.712048e+02 -1.595026e+02
6.752831e+01 2.713967e+02 -1.592090e+02
6.765195e+01 2.715883e+02 -1.589150e+02
6.777551e+01 2.717796e+02 -1.586208e+02
6.789901e+01 2.719705e+02 -1.583263e+02
6.802243e+01 2.721611e+02 -1.580314e+02
6.814579e+01 2.723513e+02 -1.577363e+02
6.826907e+01 2.725412e+02 -1.574409e+02
6.839229e+01 2.727307e+02 -1.571451e+02
6.851543e+01 2.729199e+02 -1.568491e+02
6.863851e+01 2.731088e+02 -1.565528e+02
6.876151e+01 2.732973e+02 -1.562562e+02
6.888444e+01 2.734854e+02 -1.559593e+02
6.900731e+01 2.736732e+02 -1.556621e+02
6.913010e+01 2.738607e+02 -1.553646e+02
6.925281e+01 2.740478e+02 -1.550668e+02
6.937546e+01 2.742346e+02 -1.547688e+02
6.949804e+01 2.744210e+02 -1.544704e+02
6.962054e+01 2.746071e+02 -1.541717e+02
6.974297e+01 2.747928e+02 -1.538728e+02
6.986532e+01 2.749782e+02 -1.535736e+02
6.998761e+01 2.751632e+02 -1.532740e+02
7.010982e+01 2.753479e+02 -1.529742e+02
7.023196e+01 2.755322e+02 -1.526741e+02
7.035402e+01 2.757162e+02 -1.523737e+02
7.047601e+01 2.758999e+02 -1.520731e+02
7.059793e+01 2.760831e+02 -1.517721e+02
7.071977e+01 2.762661e+02 -1.514709e+02
7.084154e+01 2.764486e+02 -1.511693e+02
7.096324e+01 2.766309e+02 -1.508675e+02
7.108485e+01 2.768128e+02 -1.505654e+02
7.120640e+01 2.769943e+02 -1.502630e+02
7.132787e+01 2.771755e+02 -1.499603e+02
7.144926e+01 2.773563e+02 -1.496574e+02
7.157058e+01 2.775367e+02 -1.493541e+02
7.169182e+01 2.777169e+02 -1.490506e+02
7.181299e+01 2.778966e+02 -1.487468e+02
7.193408e+01 2.780760e+02 -1.484427e+02
7.205510e+01 2.782551e+02 -1.481384e+02
7.217603e+01 2.784338e+02 -1.478337e+02
7.229689e+01 2.786121e+02 -1.475288e+02
7.241768e+01 2.787901e+02 -1.472236e+02
7.253839e+01 2.789677e+02 -1.469181e+02
7.265902e+01 2.791450e+02 -1.466123e+02
7.277957e+01 2.793219e+02 -1.463063e+02
7.290004e+01 2.794985e+02 -1.460000e+02
7.302044e+01 2.796747e+02 -1.456934e+02
7.314076e+01 2.798506e+02 -1.453865e+02
7.326100e+01 2.800261e+02 -1.450793e+02
7.338116e+01 2.802012e+02 -1.447719e+02
7.350124e+01 2.803760e+02 -1.444642e+02
7.362125e+01 2.805504e+02 -1.441562e+02
7.374117e+01 2.807244e+02 -1.438480e+02
7.386102e+01 2.808981e+02 -1.435394e+02
7.398078e+01 2.810715e+02 -1.432306e+02
7.410047e+01 2.812444e+02 -1.429216e+02
7.422008e+01 2.814171e+02 -1.426122e+02
7.433960e+01 2.815893e+02 -1.423026e+02
7.445905e+01 2.817612e+02 -1.419927e+02
7.457841e+01 2.819328e+02 -1.416826e+02
7.469770e+01 2.821039e+02 -1.413721e+02
7.481690e+01 2.822747e+02 -1.410614e+02
7.493602e+01 2.824452e+02 -1.407505e+02
7.505507e+01 2.826153e+02 -1.404392e+02
7.517403e+01 2.827850e+02 -1.401277e+02
7.529290e+01 2.829544e+02 -1.398159e+02
7.541170e+01 2.831234e+02 -1.395039e+02
7.553042e+01 2.832920e+02 -1.391916e+02
7.564905e+01 2.834603e+02 -1.388790e+02
7.576760e+01 2.836282e+02 -1.385661e+02
7.588606e+01 2.837957e+02 -1.382530e+02
7.600445e+01 2.839629e+02 -1.379397e+02
7.612275e+01 2.841297e+02 -1.376260e+02
7.624097e+01 2.842962e+02 -1.373121e+02
7.635910e+01 2.844622e+02 -1.369979e+02
7.647715e+01 2.846280e+02 -1.366835e+02
7.659512e+01 2.847933e+02 -1.363688e+02
7.671300e+01 2.849583e+02 -1.360539e+02
7.683080e+01 2.851229e+02 -1.357386e+02
7.694852e+01 2.852871e+02 -1.354232e+02
7.706615e+01 2.854510e+02 -1.351074e+02
7.718369e+01 2.856145e+02 -1.347914e+02
7.730115e+01 2.857777e+02 -1.344752e+02
7.741853e+01 2.859405e+02 -1.341587e+02
7.753582e+01 2.861029e+02 -1.338419e+02
7.765302e+01 2.862649e+02 -1.335248e+02
7.777014e+01 2.864266e+02 -1.332075e+02
7.788717e+01 2.865879e+02 -1.328900e+02
7.800412e+01 2.867488e+02 -1.325722e+02
7.812098e+01 2.869094e+02 -1.322541e+02
7.823775e+01 2.870696e+02 -1.319358e+02
7.835444e+01 2.872294e+02 -1.316172e+02
7.847104e+01 2.873888e+02 -1.312984e+02
7.858755e+01 2.875479e+02 -1.309793e+02
7.870398e+01 2.877066e+02 -1.306600e+02
7.882032e+01 2.878649e+02 -1.303404e+02
7.893657e+01 2.880229e+02 -1.300205e+02
7.905273e+01 2.881805e+02 -1.297005e+02
7.916881e+01 2.883377e+02 -1.293801e+02
7.928480e+01 2.884945e+02 -1.290595e+02
7.940069e+01 2.886510e+02 -1.287387e+02
7.951650e+01 2.888071e+02 -1.284176e+02
7.963223e+01 2.889628e+02 -1.280962e+02
7.974786e+01 2.891182e+02 -1.277746e+02
7.986340e+01 2.892731e+02 -1.274528e+02
7.997886e+01 2.894277e+02 -1.271307e+02
8.009422e+01 2.895819e+02 -1.268083e+02
8.020949e+01 2.897358e+02 -1.264857e+02
8.032468e+01 2.898893e+02 -1.261629e+02
8.043977e+01 2.900424e+02 -1.258398e+02
8.055478e+01 2.901951e+02 -1.255165e+02
8.066969e+01 2.903474e+02 -1.251929e+02
8.078452e+01 2.904994e+02 -1.248691e+02
8.089925e+01 2.906510e+02 -1.245450e+02
8.101389e+01 2.908022e+02 -1.242207e+02
8.112844e+01 2.909530e+02 -1.238962e+02
8.124290e+01 2.911035e+02 -1.235714e+02
8.135727e+01 2.912536e+02 -1.232464e+02
8.147155e+01 2.914033e+02 -1.229211e+02
8.158573e+01 2.915526e+02 -1.225956e+02
8.169982e+01 2.917015e+02 -1.222698e+02
8.181382e+01 2.918501e+02 -1.219438e+02
8.192773e+01 2.919983e+02 -1.216176e+02
8.204155e+01 2.921461e+02 -1.212911e+02
8.215527e+01 2.922935e+02 -1.209644e+02
8.226890e+01 2.924406e+02 -1.206375e+02
8.238244e+01 2.925872e+02 -1.203103e+02
8.249588e+01 2.927335e+02 -1.199829e+02
8.260923e+01 2.928794e+02 -1.196552e+02
8.272248e+01 2.930249e+02 -1.193273e+02
8.283565e+01 2.931701e+02 -1.189992e+02
8.294871e+01 2.933148e+02 -1.186708e+02
8.306169e+01 2.934592e+02 -1.183422e+02
8.317457e+01 2.936032e+02 -1.180134e+02
8.328735e+01 2.937468e+02 -1.176843e+02
8.340004e+01 2.938901e+02 -1.173550e+02
8.351264e+01 2.940329e+02 -1.170255e+02
8.362514e+01 2.941754e+02 -1.166957e+02
8.373754e+01 2.943175e+02 -1.163657e+02
8.384985e+01 2.944592e+02 -1.160355e+02
8.396207e+01 2.946005e+02 -1.157050e+02
8.407418e+01 2.947414e+02 -1.153743e+02
8.418621e+01 2.948820e+02 -1.150434e+02
8.429813e+01 2.950221e+02 -1.147123e+02
8.440996e+01 2.951619e+02 -1.143809e+02
8.452169e+01 2.953013e+02 -1.140493e+02
8.463333e+01 2.954403e+02 -1.137175e+02
8.474487e+01 2.955789e+02 -1.133854e+02
8.485631e+01 2.957172e+02 -1.130531e+02
8.496766e+01 2.958550e+02 -1.127206e+02
8.507890e+01 2.959925e+02 -1.123879e+02
8.519005e+01 2.961296e+02 -1.120549e+02
8.530111e+01 2.962662e+02 -1.117217e+02
8.541206e+01 2.964025e+02 -1.113883e+02
8.552292e+01 2.965385e+02 -1.110547e+02
8.563367e+01 2.966740e+02 -1.107209e+02
8.574433e+01 2.968091e+02 -1.103868e+02
8.585490e+01 2.969439e+02 -1.100525e+02
8.596536e+01 2.970783e+02 -1.097180e+02
8.607572e+01 2.972122e+02 -1.093833e+02
8.618599e+01 2.973458e+02 -1.090483e+02
8.629615e+01 2.974790e+02 -1.087131e+02
8.640622e+01 2.976118e+02 -1.083777e+02
8.651618e+01 2.977443e+02 -1.080421e+02
8.662605e+01 2.978763e+02 -1.077063e+02
8.673581e+01 2.980079e+02 -1.073703e+02
8.684548e+01 2.981392e+02 -1.070340e+02
8.695504e+01 2.982701e+02 -1.066975e+02
8.706451e+01 2.984005e+02 -1.063608e+02
8.717387e+01 2.985306e+02 -1.060239e+02
8.728314e+01 2.986603e+02 -1.056868e+02
8.739230e+01 2.987896e+02 -1.053495e+02
8.750136e+01 2.989185e+02 -1.050119e+02
8.761032e+01 2.990470e+02 -1.046742e+02
8.771918e+01 2.991752e+02 -1.043362e+02
8.782794e+01 2.993029e+02 -1.039980e+02
8.793659e+01 2.994302e+02 -1.036596e+02
8.804514e+01 2.995572e+02 -1.033210e+02
8.815360e+01 2.996837e+02 -1.029822e+02
8.826194e+01 2.998099e+02 -1.026431e+02
8.837019e+01 2.999357e+02 -1.023039e+02
8.847833e+01 3.000611e+02 -1.019645e+02
8.858637e+01 3.001861e+02 -1.016248e+02
8.869431e+01 3.003106e+02 -1.012849e+02
8.880214e+01 3.004348e+02 -1.009449e+02
8.890988e+01 3.005586e+02 -1.006046e+02
8.901750e+01 3.006821e+02 -1.002641e+02
8.912503e+01 3.008051e+02 -9.992342e+01
8.923245e+01 3.009277e+02 -9.958252e+01
8.933976e+01 3.010499e+02 -9.924143e+01
8.944697e+01 3.011718e+02 -9.890012e+01
8.955408e+01 3.012932e+02 -9.855862e+01
8.966108e+01 3.014142e+02 -9.821691e+01
8.976798e+01 3.015349e+02 -9.787500e+01
8.987478e+01 3.016551e+02 -9.753289e+01
8.998147e+01 3.017750e+02 -9.719057e+01
9.008805e+01 3.018944e+02 -9.684806e+01
9.019453e+01 3.020135e+02 -9.650534e+01
9.030090e+01 3.021322e+02 -9.616243e+01
9.040717e+01 3.022504e+02 -9.581931e+01
9.051333e+01 3.023683e+02 -9.547600e+01
9.061938e+01 3.024858e+02 -9.513249e+01
9.072533e+01 3.026029e+02 -9.478878e+01
9.083117e+01 3.027195e+02 -9.444488e+01
9.093691e+01 3.028358e+02 -9.410077e+01
9.104254e+01 3.029517e+02 -9.375648e+01
9.114806e+01 3.030672e+02 -9.341198e+01
9.125348e+01 3.031823e+02 -9.306729e+01
9.135879e+01 3.032970e+02 -9.272241e+01
9.146399e+01 3.034113e+02 -9.237733e+01
9.156909e+01 3.035252e+02 -9.203206e+01
9.167407e+01 3.036386e+02 -9.168660e+01
9.177895e+01 3.037517e+02 -9.134094e+01
9.188372e+01 3.038644e+02 -9.099510e+01
9.198839e+01 3.039767e+02 -9.064906e+01
9.209294e+01 3.040886e+02 -9.030283e+01
9.219739e+01 3.042001e+02 -8.995641e+01
9.230173e+01 3.043112e+02 -8.960980e+01
9.240596e+01 3.044219e+02 -8.926300e+01
9.251008e+01 3.045322e+02 -8.891602e+01
9.261409e+01 3.046421e+02 -8.856884e+01
9.271799e+01 3.047516e+02 -8.822148e+01
9.282179e+01 3.048607e+02 -8.787393e+01
9.292547e+01 3.049694e+02 -8.752620e+01
9.302905e+01 3.050777e+02 -8.717828e+01
9.313251e+01 3.051855e+02 -8.683017e+01
9.323587e+01 3.052930e+02 -8.648188e+01
9.333911e+01 3.054001e+02 -8.613340e+01
9.344225e+01 3.055068e+02 -8.578474e+01
9.354527e+01 3.056131e+02 -8.543590e+01
9.364818e+01 3.057189e+02 -8.508687e+01
9.375099e+01 3.058244e+02 -8.473767e+01
9.385368e+01 3.059295e+02 -8.438828e+01
9.395626e+01 3.060342e+02 -8.403871e+01
9.405873e+01 3.061384e+02 -8.368896e+01
9.416109e+01 3.062423e+02 -8.333903e+01
9.426334e+01 3.063458e+02 -8.298892e+01
9.436547e+01 3.064488e+02 -8.263863e+01
9.446750e+01 3.065515e+02 -8.228816e+01
9.456941e+01 3.066537e+02 -8.193752e+01
9.467121e+01 3.067556e+02 -8.158670e+01
9.477290e+01 3.068570e+02 -8.123570e+01
9.487448e+01 3.069580e+02 -8.088452e+01
9.497594e+01 3.070587e+02 -8.053317e+01
9.507729e+01 3.071589e+02 -8.018164e+01
9.517853e+01 3.072587e+02 -7.982994e+01
9.527965e+01 3.073581e+02 -7.947807e+01
9.538067e+01 3.074571e+02 -7.912602e+01
9.548156e+01 3.075557e+02 -7.877380e+01
9.558235e+01 3.076539e+02 -7.842141e+01
9.568302e+01 3.077517e+02 -7.806884e+01
9.578358e+01 3.078491e+02 -7.771611e+01
9.588403e+01 3.079461e+02 -7.736320e+01
9.598436e+01 3.080427e+02 -7.701012e+01
9.608457e+01 3.081389e+02 -7.665687e+01
9.618467e+01 3.082346e+02 -7.630346e+01
9.628466e+01 3.083300e+02 -7.594987e+01
9.638454e+01 3.084249e+02 -7.559612e+01
9.648429e+01 3.085195e+02 -7.524220e+01
9.658394e+01 3.086136e+02 -7.488811e+01
9.668347e+01 3.087074e+02 -7.453385e+01
9.678288e+01 3.088007e+02 -7.417943e+01
9.688218e+01 3.088936e+02 -7.382485e+01
9.698136e+01 3.089861e+02 -7.347009e+01
9.708043e+01 3.090782e+02 -7.311518e+01
9.717938e+01 3.091699e+02 -7.276010e+01
9.727822e+01 3.092612e+02 -7.240486e+01
9.737694e+01 3.093521e+02 -7.204945e+01
9.747554e+01 3.094425e+02 -7.169388e+01
9.757403e+01 3.095326e+02 -7.133816e+01
9.767240e+01 3.096223e+02 -7.098227e+01
9.777065e+01 3.097115e+02 -7.062621e+01
9.786879e+01 3.098003e+02 -7.027000e+01
9.796681e+01 3.098888e+02 -6.991363e+01
9.806472e+01 3.099768e+02 -6.955710e+01
9.816250e+01 3.100644e+02 -6.920042e+01
9.826017e+01 3.101516e+02 -6.884357e+01
9.835772e+01 3.102384e+02 -6.848657e+01
9.845516e+01 3.103248e+02 -6.812941e+01
9.855248e+01 3.104107e+02 -6.777209e+01
9.864968e+01 3.104963e+02 -6.741462e+01
9.874676e+01 3.105814e+02 -6.705699e+01
9.884372e+01 3.106662e+02 -6.669921e+01
9.894056e+01 3.107505e+02 -6.634127e+01
9.903729e+01 3.108344e+02 -6.598318e+01
9.913390e+01 3.109180e+02 -6.562494e+01
9.923039e+01 3.110011e+02 -6.526655e+01
9.932676e+01 3.110837e+02 -6.490800e+01
9.942301e+01 3.111660e+02 -6.454930e+01
9.951914e+01 3.112479e+02 -6.419045e+01
9.961516e+01 3.113293e+02 -6.383145e+01
9.971105e+01 3.114104e+02 -6.347230e+01
9.980682e+01 3.114910e+02 -6.311300e+01
9.990248e+01 3.115713e+02 -6.275355e+01
9.999801e+01 3.116511e+02 -6.239396e+01
1.000934e+02 3.117305e+02 -6.203421e+01
1.001887e+02 3.118095e+02 -6.167432e+01
1.002839e+02 3.118880e+02 -6.131429e+01
1.003790e+02 3.119662e+02 -6.095410e+01
1.004739e+02 3.120439e+02 -6.059377e+01
1.005687e+02 3.121213e+02 -6.023330e+01
1.006634e+02 3.121982e+02 -5.987268e+01
1.007580e+02 3.122747e+02 -5.951192e+01
1.008524e+02 3.123508e+02 -5.915102e+01
1.009467e+02 3.124265e+02 -5.878997e+01
1.010410e+02 3.125018e+02 -5.842878e+01
1.011350e+02 3.125767e+02 -5.806744e+01
1.012290e+02 3.126511e+02 -5.770597e+01
1.013229e+02 3.127252e+02 -5.734436e+01
1.014166e+02 3.127988e+02 -5.698260e+01
1.015102e+02 3.128720e+02 -5.662071e+01
1.016037e+02 3.129448e+02 -5.625868e+01
1.016970e+02 3.130172e+02 -5.589651e+01
1.017903e+02 3.130892e+02 -5.553420e+01
1.018834e+02 3.131607e+02 -5.517175e+01
1.019764e+02 3.132319e+02 -5.480917e+01
1.020692e+02 3.133026e+02 -5.444645e+01
1.021620e+02 3.133729e+02 -5.408359e+01
1.022546e+02 3.134428e+02 -5.372060e+01
1.023471e+02 3.135123e+02 -5.335748e+01
1.024395e+02 3.135814e+02 -5.299422e+01
1.025317e+02 3.136500e+02 -5.263082e+01
1.026238e+02 3.137183e+02 -5.226730e+01
1.027158e+02 3.137861e+02 -5.190364e+01
1.028077e+02 3.138535e+02 -5.153985e+01
1.028995e+02 3.139205e+02 -5.117592e+01
1.029911e+02 3.139871e+02 -5.081187e+01
1.030826e+02 3.140533e+02 -5.044769e+01
1.031740e+02 3.141191e+02 -5.008337e+01
1.032653e+02 3.141844e+02 -4.971893e+01
1.033564e+02 3.142493e+02 -4.935436e+01
1.034474e+02 3.143138e+02 -4.898966e+01
1.035383e+02 3.143779e+02 -4.862483e+01
1.036291e+02 3.144416e+02 -4.825987e+01
1.037197e+02 3.145049e+02 -4.789479e+01
1.038102e+02 3.145677e+02 -4.752958e+01
1.039006e+02 3.146302e+02 -4.716425e+01
1.039909e+02 3.146922e+02 -4.679879e+01
1.040810e+02 3.147538e+02 -4.643321e+01
1.041710e+02 3.148150e+02 -4.606750e+01
1.042609e+02 3.148758e+02 -4.570167e+01
1.043506e+02 3.149361e+02 -4.533572e+01
1.044403e+02 3.149960e+02 -4.496964e+01
1.045298e+02 3.150556e+02 -4.460345e+01
1.046192e+02 3.151147e+02 -4.423713e+01
1.047084e+02 3.151734e+02 -4.387069e+01
1.047975e+02 3.152316e+02 -4.350413e+01
1.048865e+02 3.152895e+02 -4.313745e+01
1.049754e+02 3.153469e+02 -4.277065e+01
1.050642e+02 3.154040e+02 -4.240374e+01
1.051528e+02 3.154606e+02 -4.203670e+01
1.052413e+02 3.155168e+02 -4.166955e+01
1.053296e+02 3.155725e+02 -4.130228e+01
1.054179e+02 3.156279e+02 -4.093489e+01
1.055060e+02 3.156828e+02 -4.056739e+01
1.055940e+02 3.157373e+02 -4.019978e+01
1.056818e+02 3.157915e+02 -3.983204e+01
1.057696e+02 3.158451e+02 -3.946420e+01
1.058572e+02 3.158984e+02 -3.909624e+01
1.059446e+02 3.159513e+02 -3.872817e+01
1.060320e+02 3.160037e+02 -3.835998e+01
1.061192e+02 3.160557e+02 -3.799168e+01
1.062063e+02 3.161073e+02 -3.762327e+01
1.062933e+02 3.161585e+02 -3.725475e+01
1.063801e+02 3.162093e+02 -3.688612e+01
1.064668e+02 3.162596e+02 -3.651738e+01
1.065534e+02 3.163095e+02 -3.614853e+01
1.066398e+02 3.163590e+02 -3.577957e+01
1.067261e+02 3.164081e+02 -3.541050e+01
1.068123e+02 3.164568e+02 -3.504133e+01
1.068984e+02 3.165051e+02 -3.467204e+01
1.069843e+02 3.165529e+02 -3.430265e+01
1.070701e+02 3.166003e+02 -3.393316e+01
1.071558e+02 3.166473e+02 -3.356356e+01
1.072413e+02 3.166939e+02 -3.319385e+01
1.073267e+02 3.167401e+02 -3.282404e+01
1.074120e+02 3.167858e+02 -3.245412e+01
1.074971e+02 3.168312e+02 -3.208410e+01
1.075821e+02 3.168761e+02 -3.171398e+01
1.076670e+02 3.169206e+02 -3.134375e+01
1.077518e+02 3.169646e+02 -3.097343e+01
1.078364e+02 3.170083e+02 -3.060300e+01
1.079209e+02 3.170515e+02 -3.023247e+01
1.080053e+02 3.170943e+02 -2.986184e+01
1.080895e+02 3.171367e+02 -2.949111e+01
1.081736e+02 3.171787e+02 -2.912028e+01
1.082576e+02 3.172203e+02 -2.874936e+01
1.083414e+02 3.172614e+02 -2.837833e+01
1.084251e+02 3.173021e+02 -2.800721e+01
1.085087e+02 3.173424e+02 -2.763599e+01
1.085922e+02 3.173823e+02 -2.726467e+01
1.086755e+02 3.174218e+02 -2.689325e+01
1.087587e+02 3.174608e+02 -2.652175e+01
1.088417e+02 3.174994e+02 -2.615014e+01
1.089246e+02 3.175377e+02 -2.577844e+01
1.090074e+02 3.175754e+02 -2.540665e+01
1.090901e+02 3.176128e+02 -2.503476e+01
1.091726e+02 3.176498e+02 -2.466279e+01
1.092550e+02 3.176863e+02 -2.429071e+01
1.093373e+02 3.177224e+02 -2.391855e+01
1.094194e+02 3.177581e+02 -2.354630e+01
1.095014e+02 3.177933e+02 -2.317395e+01
1.095832e+02 3.178282e+02 -2.280152e+01
1.096650e+02 3.178626e+02 -2.242899e+01
1.097466e+02 3.178966e+02 -2.205638e+01
1.098280e+02 3.179302e+02 -2.168367e+01
1.099093e+02 3.179634e+02 -2.131088e+01
1.099905e+02 3.179962e+02 -2.093800e+01
1.100716e+02 3.180285e+02 -2.056504e+01
1.101525e+02 3.180604e+02 -2.019198e+01
1.102333e+02 3.180919e+02 -1.981884e+01
1.103140e+02 3.181230e+02 -1.944562e+01
1.103945e+02 3.181536e+02 -1.907231e+01
1.104749e+02 3.181838e+02 -1.869892e+01
1.105552e+02 3.182136e+02 -1.832544e+01
1.106353e+02 3.182430e+02 -1.795188e+01
1.107153e+02 3.182720e+02 -1.757824e+01
1.107951e+02 3.183006e+02 -1.720451e+01
1.108748e+02 3.183287e+02 -1.683070e+01
1.109544e+02 3.183564e+02 -1.645681e+01
1.110339e+02 3.183837e+02 -1.608284e+01
1.111132e+02 3.184106e+02 -1.570879e+01
1.111924e+02 3.184370e+02 -1.533466e+01
1.112714e+02 3.184630e+02 -1.496046e+01
1.113503e+02 3.184887e+02 -1.458617e+01
1.114291e+02 3.185138e+02 -1.421180e+01
1.115077e+02 3.185386e+02 -1.383736e+01
1.115863e+02 3.185630e+02 -1.346284e+01
1.116646e+02 3.185869e+02 -1.308824e+01
1.117429e+02 3.186104e+02 -1.271357e+01
1.118210e+02 3.186335e+02 -1.233882e+01
1.118989e+02 3.186561e+02 -1.196400e+01
1.119767e+02 3.186784e+02 -1.158910e+01
1.120544e+02 3.187002e+02 -1.121413e+01
1.121320e+02 3.187216e+02 -1.083909e+01
1.122094e+02 3.187426e+02 -1.046397e+01
1.122867e+02 3.187632e+02 -1.008878e+01
1.123638e+02 3.187833e+02 -9.713516e+00
1.124408e+02 3.188030e+02 -9.338183e+00
1.125177e+02 3.188223e+02 -8.962780e+00
1.125944e+02 3.188412e+02 -8.587306e+00
1.126710e+02 3.188597e+02 -8.211763e+00
1.127475e+02 3.188777e+02 -7.836150e+00
1.128238e+02 3.188953e+02 -7.460469e+00
1.129000e+02 3.189125e+02 -7.084720e+00
1.129761e+02 3.189293e+02 -6.708903e+00
1.130520e+02 3.189457e+02 -6.333019e+00
1.131277e+02 3.189616e+02 -5.957068e+00
1.132034e+02 3.189771e+02 -5.581052e+00
1.132789e+02 3.189922e+02 -5.204970e+00
1.133542e+02 3.190069e+02 -4.828823e+00
1.134295e+02 3.190212e+02 -4.452612e+00
1.135045e+02 3.190350e+02 -4.076337e+00
1.135795e+02 3.190484e+02 -3.699998e+00
1.136543e+02 3.190614e+02 -3.323597e+00
1.137290e+02 3.190740e+02 -2.947133e+00
1.138035e+02 3.190861e+02 -2.570607e+00
1.138779e+02 3.190978e+02 -2.194021e+00
1.139522e+02 3.191092e+02 -1.817373e+00
1.140263e+02 3.191200e+02 -1.440665e+00
1.141003e+02 3.191305e+02 -1.063898e+00
1.141741e+02 3.191406e+02 -6.870710e-01
1.142478e+02 3.191502e+02 -3.101856e-01
1.143214e+02 3.191594e+02 6.675800e-02
1.143948e+02 3.191682e+02 4.437592e-01
1.144681e+02 3.191765e+02 8.208175e-01
1.145412e+02 3.191845e+02 1.197932e+00
1.146142e+02 3.191920e+02 1.575103e+00
1.146871e+02 3.191991e+02 1.952330e+00
1.147598e+02 3.192058e+02 2.329612e+00
1.148324e+02 3.192121e+02 2.706948e+00
1.149048e+02 3.192179e+02 3.084338e+00
1.149771e+02 3.192233e+02 3.461782e+00
1.150493e+02 3.192283e+02 3.839278e+00
1.151213e+02 3.192329e+02 4.216827e+00
1.151932e+02 3.192370e+02 4.594428e+00
1.152650e+02 3.192408e+02 4.972081e+00
1.153366e+02 3.192441e+02 5.349784e+00
1.154081e+02 3.192470e+02 5.727537e+00
1.154794e+02 3.192495e+02 6.105341e+00
1.155506e+02 3.192515e+02 6.483194e+00
1.156216e+02 3.192532e+02 6.861095e+00
1.156925e+02 3.192544e+02 7.239045e+00
1.157633e+02 3.192552e+02 7.617043e+00
1.158339e+02 3.192555e+02 7.995088e+00
1.159044e+02 3.192555e+02 8.373180e+00
1.159747e+02 3.192550e+02 8.751318e+00
1.160449e+02 3.192541e+02 9.129502e+00
1.161150e+02 3.192528e+02 9.507731e+00
1.161849e+02 3.192511e+02 9.886005e+00
1.162547e+02 3.192490e+02 1.026432e+01
1.163243e+02 3.192464e+02 1.064268e+01
1.163938e+02 3.192434e+02 1.102109e+01
1.164632e+02 3.192400e+02 1.139954e+01
1.165324e+02 3.192362e+02 1.177803e+01
1.166014e+02 3.192319e+02 1.215656e+01
1.166704e+02 3.192272e+02 1.253513e+01
1.167391e+02 3.192221e+02 1.291374e+01
1.168078e+02 3.192166e+02 1.329239e+01
1.168763e+02 3.192107e+02 1.367109e+01
1.169446e+02 3.192043e+02 1.404982e+01
1.170129e+02 3.191976e+02 1.442859e+01
1.170809e+02 3.191904e+02 1.480740e+01
1.171489e+02 3.191828e+02 1.518624e+01
1.172167e+02 3.191747e+02 1.556512e+01
1.172843e+02 3.191663e+02 1.594404e+01
1.173518e+02 3.191574e+02 1.632300e+01
1.174192e+02 3.191481e+02 1.670199e+01
1.174864e+02 3.191384e+02 1.708101e+01
1.175535e+02 3.191283e+02 1.746007e+01
1.176204e+02 3.191177e+02 1.783917e+01
1.176872e+02 3.191067e+02 1.821830e+01
1.177538e+02 3.190953e+02 1.859746e+01
1.178203e+02 3.190835e+02 1.897665e+01
1.178867e+02 3.190713e+02 1.935587e+01
1.179529e+02 3.190586e+02 1.973513e+01
1.180190e+02 3.190456e+02 2.011442e+01
1.180849e+02 3.190321e+02 2.049373e+01
1.181507e+02 3.190182e+02 2.087308e+01
1.182163e+02 3.190038e+02 2.125246e+01
1.182818e+02 3.189891e+02 2.163186e+01
1.183472e+02 3.189739e+02 2.201129e+01
1.184124e+02 3.189583e+02 2.239076e+01
1.184774e+02 3.189423e+02 2.277024e+01
1.185424e+02 3.189259e+02 2.314976e+01
1.186071e+02 3.189090e+02 2.352930e+01
1.186718e+02 3.188918e+02 2.390887e+01
1.187362e+02 3.188741e+02 2.428846e+01
1.188006e+02 3.188560e+02 2.466808e+01
1.188648e+02 3.188374e+02 2.504772e+01
1.189288e+02 3.188185e+02 2.542739e+01
1.189927e+02 3.187991e+02 2.580708e+01
1.190565e+02 3.187793e+02 2.618679e+01
1.191201e+02 3.187591e+02 2.656652e+01
1.191836e+02 3.187385e+02 2.694628e+01
1.192469e+02 3.187175e+02 2.732605e+01
1.193101e+02 3.186960e+02 2.770585e+01
1.193732e+02 3.186741e+02 2.808567e+01
1.194360e+02 3.186518e+02 2.846551e+01
1.194988e+02 3.186291e+02 2.884536e+01
1.195614e+02 3.186060e+02 2.922524e+01
1.196239e+02 3.185824e+02 2.960513e+01
1.196862e+02 3.185585e+02 2.998505e+01
1.197483e+02 3.185341e+02 3.036497e+01
1.198104e+02 3.185093e+02 3.074492e+01
1.198722e+02 3.184840e+02 3.112488e+01
1.199340e+02 3.184584e+02 3.150486e+01
1.199955e+02 3.184323e+02 3.188485e+01
1.200570e+02 3.184058e+02 3.226486e+01
1.201183e+02 3.183789e+02 3.264488e+01
1.201794e+02 3.183516e+02 3.302492e+01
1.202404e+02 3.183239e+02 3.340496e+01
1.203013e+02 3.182957e+02 3.378503e+01
1.203620e+02 3.182671e+02 3.416510e+01
1.204225e+02 3.182382e+02 3.454518e+01
1.204829e+02 3.182087e+02 3.492528e+01
1.205432e+02 3.181789e+02 3.530539e+01
1.206033e+02 3.181487e+02 3.568551e+01
1.206633e+02 3.181180e+02 3.606563e+01
1.207231e+02 3.180869e+02 3.644577e+01
1.207828e+02 3.180554e+02 3.682591e+01
1.208423e+02 3.180235e+02 3.720607e+01
1.209017e+02 3.179912e+02 3.758623e+01
1.209610e+02 3.179584e+02 3.796640e+01
1.210200e+02 3.179252e+02 3.834657e+01
1.210790e+02 3.178916e+02 3.872675e+01
1.211378e+02 3.178576e+02 3.910694e+01
1.211964e+02 3.178232e+02 3.948713e+01
1.212549e+02 3.177884e+02 3.986733e+01
1.213133e+02 3.177531e+02 4.024753e+01
1.213715e+02 3.177174e+02 4.062773e+01
1.214295e+02 3.176813e+02 4.100794e+01
1.214875e+02 3.176448e+02 4.138815e+01
1.215452e+02 3.176079e+02 4.176836e+01
1.216028e+02 3.175706e+02 4.214858e+01
1.216603e+02 3.175328e+02 4.252880e+01
1.217176e+02 3.174946e+02 4.290901e+01
1.217748e+02 3.174560e+02 4.328923e+01
1.218318e+02 3.174170e+02 4.366945e+01
1.218887e+02 3.173776e+02 4.404966e+01
1.219454e+02 3.173378e+02 4.442988e+01
1.220020e+02 3.172975e+02 4.481009e+01
1.220584e+02 3.172568e+02 4.519030e+01
1.221147e+02 3.172157e+02 4.557051e+01
1.221708e+02 3.171742e+02 4.595072e+01
1.222268e+02 3.171323e+02 4.633092e+01
1.222827e+02 3.170899e+02 4.671111e+01
1.223383e+02 3.170472e+02 4.709131e+01
1.223939e+02 3.170040e+02 4.747150e+01
1.224493e+02 3.169604e+02 4.785168e+01
1.225045e+02 3.169164e+02 4.823185e+01
1.225596e+02 3.168720e+02 4.861202e+01
1.226145e+02 3.168272e+02 4.899218e+01
1.226693e+02 3.167819e+02 4.937234e+01
1.227240e+02 3.167362e+02 4.975249e+01
1.227785e+02 3.166902e+02 5.013262e+01
1.228328e+02 3.166437e+02 5.051275e+01
1.228870e+02 3.165967e+02 5.089287e+01
1.229411e+02 3.165494e+02 5.127298e+01
1.229950e+02 3.165017e+02 5.165308e+01
1.230487e+02 3.164535e+02 5.203317e+01
1.231023e+02 3.164049e+02 5.241324e+01
1.231558e+02 3.163559e+02 5.279331e+01
1.232091e+02 3.163065e+02 5.317336e+01
1.232622e+02 3.162567e+02 5.355340e+01
1.233152e+02 3.162065e+02 5.393342e+01
1.233681e+02 3.161558e+02 5.431344e+01
1.234208e+02 3.161048e+02 5.469343e+01
1.234733e+02 3.160533e+02 5.507341e+01
1.235257e+02 3.160014e+02 5.545338e+01
1.235779e+02 3.159491e+02 5.583333e+01
1.236300e+02 3.158964e+02 5.621327e+01
1.236820e+02 3.158432e+02 5.659318e+01
1.237338e+02 3.157897e+02 5.697308e+01
1.237854e+02 3.157357e+02 5.735297e+01
1.238369e+02 3.156813e+02 5.773283e+01
1.238883e+02 3.156265e+02 5.811268e+01
1.239395e+02 3.155713e+02 5.849250e+01
1.239905e+02 3.155157e+02 5.887231e+01
1.240414e+02 3.154597e+02 5.925209e+01
1.240922e+02 3.154032e+02 5.963186e+01
1.241428e+02 3.153464e+02 6.001160e+01
1.241932e+02 3.152891e+02 6.039133e+01
1.242435e+02 3.152314e+02 6.077103e+01
1.242936e+02 3.151733e+02 6.115070e+01
1.243436e+02 3.151148e+02 6.153036e+01
1.243934e+02 3.150559e+02 6.190999e+01
1.244431e+02 3.149965e+02 6.228959e+01
1.244927e+02 3.149368e+02 6.266918e+01
1.245421e+02 3.148766e+02 6.304873e+01
1.245913e+02 3.148160e+02 6.342827e+01
1.246404e+02 3.147550e+02 6.380777e+01
1.246893e+02 3.146936e+02 6.418725e+01
1.247381e+02 3.146318e+02 6.456670e+01
1.247867e+02 3.145696e+02 6.494613e+01
1.248352e+02 3.145070e+02 6.532552e+01
1.248835e+02 3.144439e+02 6.570489e+01
1.249317e+02 3.143804e+02 6.608423e+01
1.249797e+02 3.143166e+02 6.646354e+01
1.250276e+02 3.142523e+02 6.684282e+01
1.250753e+02 3.141876e+02 6.722207e+01
1.251228e+02 3.141225e+02 6.760129e+01
1.251702e+02 3.140570e+02 6.798047e+01
1.252175e+02 3.139910e+02 6.835963e+01
1.252646e+02 3.139247e+02 6.873875e+01
1.253116e+02 3.138579e+02 6.911784e+01
1.253584e+02 3.137908e+02 6.949690e+01
1.254050e+02 3.137232e+02 6.987592e+01
1.254515e+02 3.136552e+02 7.025491e+01
1.254979e+02 3.135868e+02 7.063387e+01
1.255440e+02 3.135180e+02 7.101279e+01
1.255901e+02 3.134487e+02 7.139167e+01
1.256360e+02 3.133791e+02 7.177052e+01
1.256817e+02 3.133091e+02 7.214933e+01
1.257273e+02 3.132386e+02 7.252811e+01
1.257727e+02 3.131678e+02 7.290684e+01
1.258180e+02 3.130965e+02 7.328554e+01
1.258631e+02 3.130248e+02 7.366420e+01
1.259081e+02 3.129527e+02 7.404283e+01
1.259529e+02 3.128802e+02 7.442141e+01
1.259976e+02 3.128073e+02 7.479995e+01
1.260421e+02 3.127340e+02 7.517845e+01
1.260864e+02 3.126602e+02 7.555691e+01
1.261306e+02 3.125861e+02 7.593533e+01
1.261747e+02 3.125115e+02 7.631371e+01
1.262186e+02 3.124366e+02 7.669205e+01
1.262623e+02 3.123612e+02 7.707034e+01
1.263059e+02 3.122854e+02 7.744859e+01
1.263494e+02 3.122092e+02 7.782680e+01
1.263927e+02 3.121326e+02 7.820496e+01
1.264358e+02 3.120556e+02 7.858308e+01
1.264788e+02 3.119782e+02 7.896115e+01
1.265216e+02 3.119004e+02 7.933918e+01
1.265643e+02 3.118222e+02 7.971716e+01
1.266068e+02 3.117435e+02 8.009510e+01
1.266491e+02 3.116645e+02 8.047298e+01
1.266913e+02 3.115850e+02 8.085082e+01
1.267334e+02 3.115052e+02 8.122862e+01
1.267753e+02 3.114249e+02 8.160636e+01
1.268170e+02 3.113442e+02 8.198406e+01
1.268586e+02 3.112631e+02 8.236170e+01
1.269001e+02 3.111816e+02 8.273930e+01
1.269414e+02 3.110997e+02 8.311685e+01
1.269825e+02 3.110174e+02 8.349434e+01
1.270235e+02 3.109347e+02 8.387179e+01
1.270643e+02 3.108516e+02 8.424918e+01
1.271050e+02 3.107680e+02 8.462652e+01
1.271455e+02 3.106841e+02 8.500381e+01
1.271858e+02 3.105997e+02 8.538105e+01
1.272260e+02 3.105150e+02 8.575823e+01
1.272661e+02 3.104298e+02 8.613536e+01
1.273060e+02 3.103443e+02 8.651243e+01
1.273457e+02 3.102583e+02 8.688945e+01
1.273853e+02 3.101719e+02 8.726642e+01
1.274247e+02 3.100851e+02 8.764332e+01
1.274640e+02 3.099980e+02 8.802018e+01
1.275031e+02 3.099104e+02 8.839697e+01
1.275421e+02 3.098224e+02 8.877371e+01
1.275809e+02 3.097339e+02 8.915039e+01
1.276196e+02 3.096451e+02 8.952701e+01
1.276581e+02 3.095559e+02 8.990358e+01
1.276964e+02 3.094663e+02 9.028008e+01
1.277346e+02 3.093763e+02 9.065653e+01
1.277727e+02 3.092858e+02 9.103291e+01
1.278105e+02 3.091950e+02 9.140924e+01
1.278483e+02 3.091038e+02 9.178550e+01
1.278858e+02 3.090121e+02 9.216170e+01
1.279232e+02 3.089201e+02 9.253785e+01
1.279605e+02 3.088276e+02 9.291392e+01
1.279976e+02 3.087347e+02 9.328994e+01
1.280346e+02 3.086415e+02 9.366589e+01
1.280714e+02 3.085478e+02 9.404178e+01
1.281080e+02 3.084537e+02 9.441761e+01
1.281445e+02 3.083593e+02 9.479337e+01
1.281808e+02 3.082644e+02 9.516907e+01
1.282170e+02 3.081691e+02 9.554470e+01
1.282530e+02 3.080734e+02 9.592026e+01
1.282889e+02 3.079773e+02 9.629576e+01
1.283246e+02 3.078808e+02 9.667119e+01
1.283601e+02 3.077839e+02 9.704655e+01
1.283955e+02 3.076866e+02 9.742185e+01
1.284307e+02 3.075889e+02 9.779708e+01
1.284658e+02 3.074908e+02 9.817224e+01
1.285007e+02 3.073923e+02 9.854733e+01
1.285355e+02 3.072934e+02 9.892235e+01
1.285701e+02 3.071941e+02 9.929730e+01
1.286046e+02 3.070944e+02 9.967218e+01
1.286389e+02 3.069942e+02 1.000470e+02
1.286730e+02 3.068937e+02 1.004217e+02
1.287070e+02 3.067928e+02 1.007964e+02
1.287408e+02 3.066915e+02 1.011710e+02
1.287745e+02 3.065898e+02 1.015455e+02
1.288080e+02 3.064876e+02 1.019200e+02
1.288414e+02 3.063851e+02 1.022943e+02
1.288746e+02 3.062822e+02 1.026686e+02
1.289077e+02 3.061788e+02 1.030429e+02
1.289406e+02 3.060751e+02 1.034170e+02
1.289733e+02 3.059710e+02 1.037911e+02
1.290059e+02 3.058664e+02 1.041651e+02
1.290383e+02 3.057615e+02 1.045390e+02
1.290706e+02 3.056562e+02 1.049129e+02
1.291027e+02 3.055505e+02 1.052866e+02
1.291346e+02 3.054443e+02 1.056603e+02
1.291664e+02 3.053378e+02 1.060339e+02
1.291981e+02 3.052309e+02 1.064075e+02
1.292295e+02 3.051235e+02 1.067809e+02
1.292609e+02 3.050158e+02 1.071543e+02
1.292920e+02 3.049077e+02 1.075276e+02
1.293231e+02 3.047991e+02 1.079008e+02
1.293539e+02 3.046902e+02 1.082739e+02
1.293846e+02 3.045809e+02 1.086470e+02
1.294151e+02 3.044711e+02 1.090200e+02
1.294455e+02 3.043610e+02 1.093929e+02
1.294758e+02 3.042505e+02 1.097657e+02
1.295058e+02 3.041396e+02 1.101384e+02
1.295357e+02 3.040282e+02 1.105110e+02
1.295655e+02 3.039165e+02 1.108836e+02
1.295951e+02 3.038044e+02 1.112561e+02
1.296245e+02 3.036919e+02 1.116284e+02
1.296538e+02 3.035790e+02 1.120007e+02
1.296829e+02 3.034656e+02 1.123730e+02
1.297119e+02 3.033519e+02 1.127451e+02
1.297407e+02 3.032378e+02 1.131171e+02
1.297694e+02 3.031233e+02 1.134891e+02
1.297979e+02 3.030084e+02 1.138610e+02
1.298262e+02 3.028931e+02 1.142327e+02
1.298544e+02 3.027774e+02 1.146044e+02
1.298824e+02 3.026613e+02 1.149760e+02
1.299103e+02 3.025448e+02 1.153476e+02
1.299380e+02 3.024280e+02 1.157190e+02
1.299655e+02 3.023107e+02 1.160903e+02
1.299929e+02 3.021930e+02 1.164616e+02
1.300201e+02 3.020749e+02 1.168327e+02
1.300472e+02 3.019565e+02 1.172038e+02
1.300741e+02 3.018376e+02 1.175747e+02
1.301009e+02 3.017183e+02 1.179456e+02
1.301275e+02 3.015987e+02 1.183164e+02
1.301539e+02 3.014786e+02 1.186871e+02
1.301802e+02 3.013582e+02 1.190577e+02
1.302064e+02 3.012373e+02 1.194282e+02
1.302323e+02 3.011161e+02 1.197986e+02
1.302581e+02 3.009945e+02 1.201689e+02
1.302838e+02 3.008724e+02 1.205391e+02
1.303093e+02 3.007500e+02 1.209092e+02
1.303346e+02 3.006272e+02 1.212793e+02
1.303598e+02 3.005040e+02 1.216492e+02
1.303848e+02 3.003804e+02 1.220190e+02
1.304097e+02 3.002564e+02 1.223888e+02
1.304344e+02 3.001320e+02 1.227584e+02
1.304589e+02 3.000072e+02 1.231279e+02
1.304833e+02 2.998821e+02 1.234974e+02
1.305075e+02 2.997565e+02 1.238667e+02
1.305316e+02 2.996305e+02 1.242359e+02
1.305555e+02 2.995042e+02 1.246051e+02
1.305793e+02 2.993774e+02 1.249741e+02
1.306029e+02 2.992503e+02 1.253430e+02
1.306263e+02 2.991227e+02 1.257119e+02
1.306496e+02 2.989948e+02 1.260806e+02
1.306727e+02 2.988665e+02 1.264492e+02
1.306957e+02 2.987378e+02 1.268178e+02
1.307185e+02 2.986087e+02 1.271862e+02
1.307411e+02 2.984792e+02 1.275545e+02
1.307636e+02 2.983493e+02 1.279227e+02
1.307859e+02 2.982190e+02 1.282908e+02
1.308081e+02 2.980884e+02 1.286588e+02
1.308301e+02 2.979573e+02 1.290267e+02
1.308519e+02 2.978259e+02 1.293945e+02
1.308736e+02 2.976940e+02 1.297622e+02
1.308951e+02 2.975618e+02 1.301298e+02
1.309165e+02 2.974292e+02 1.304973e+02
1.309377e+02 2.972962e+02 1.308646e+02
1.309588e+02 2.971628e+02 1.312319e+02
1.309797e+02 2.970290e+02 1.315990e+02
1.310004e+02 2.968948e+02 1.319661e+02
1.310210e+02 2.967602e+02 1.323330e+02
1.310414e+02 2.966252e+02 1.326998e+02
1.310616e+02 2.964899e+02 1.330665e+02
1.310817e+02 2.963542e+02 1.334331e+02
1.311017e+02 2.962180e+02 1.337996e+02
1.311215e+02 2.960815e+02 1.341660e+02
1.311411e+02 2.959446e+02 1.345322e+02
1.311605e+02 2.958073e+02 1.348984e+02
1.311798e+02 2.956696e+02 1.352644e+02
1.311990e+02 2.955316e+02 1.356303e+02
1.312180e+02 2.953931e+02 1.359962e+02
1.312368e+02 2.952542e+02 1.363619e+02
1.312554e+02 2.951150e+02 1.367274e+02
1.312739e+02 2.949754e+02 1.370929e+02
1.312923e+02 2.948354e+02 1.374583e+02
1.313105e+02 2.946950e+02 1.378235e+02
1.313285e+02 2.945542e+02 1.381886e+02
1.313464e+02 2.944130e+02 1.385536e+02
1.313641e+02 2.942715e+02 1.389185e+02
1.313816e+02 2.941295e+02 1.392833e+02
1.313990e+02 2.939872e+02 1.396479e+02
1.314162e+02 2.938445e+02 1.400124e+02
1.314333e+02 2.937014e+02 1.403768e+02
1.314502e+02 2.935579e+02 1.407411e+02
1.314669e+02 2.934140e+02 1.411053e+02
1.314835e+02 2.932697e+02 1.414694e+02
1.315000e+02 2.931251e+02 1.418333e+02
1.315162e+02 2.929801e+02 1.421971e+02
1.315323e+02 2.928346e+02 1.425608e+02
1.315483e+02 2.926888e+02 1.429244e+02
1.315641e+02 2.925426e+02 1.432878e+02
1.315797e+02 2.923961e+02 1.436511e+02
1.315952e+02 2.922491e+02 1.440143e+02
1.316105e+02 2.921018e+02 1.443774e+02
1.316256e+02 2.919540e+02 1.447404e+02
1.316406e+02 2.918059e+02 1.451032e+02
1.316554e+02 2.916574e+02 1.454659e+02
1.316701e+02 2.915086e+02 1.458285e+02
1.316846e+02 2.913593e+02 1.461909e+02
1.316990e+02 2.912097e+02 1.465532e+02
1.317131e+02 2.910596e+02 1.469154e+02
1.317272e+02 2.909092e+02 1.472775e+02
1.317410e+02 2.907584e+02 1.476394e+02
1.317547e+02 2.906073e+02 1.480013e+02
1.317683e+02 2.904557e+02 1.483629e+02
1.317817e+02 2.903038e+02 1.487245e+02
1.317949e+02 2.901514e+02 1.490859e+02
1.318080e+02 2.899987e+02 1.494472e+02
1.318209e+02 2.898456e+02 1.498084e+02
1.318336e+02 2.896922e+02 1.501694e+02
1.318462e+02 2.895383e+02 1.505304e+02
1.318586e+02 2.893841e+02 1.508911e+02
1.318709e+02 2.892295e+02 1.512518e+02
1.318830e+02 2.890745e+02 1.516123e+02
1.318949e+02 2.889191e+02 1.519727e+02
1.319067e+02 2.887634e+02 1.523329e+02
1.319183e+02 2.886072e+02 1.526930e+02
1.319298e+02 2.884507e+02 1.530530e+02
1.319411e+02 2.882938e+02 1.534129e+02
1.319522e+02 2.881365e+02 1.537726e+02
1.319632e+02 2.879789e+02 1.541322e+02
1.319740e+02 2.878208e+02 1.544916e+02
1.319847e+02 2.876624e+02 1.548509e+02
1.319952e+02 2.875036e+02 1.552101e+02
1.320055e+02 2.873445e+02 1.555691e+02
1.320157e+02 2.871849e+02 1.559280e+02
1.320257e+02 2.870250e+02 1.562868e+02
1.320356e+02 2.868647e+02 1.566454e+02
1.320453e+02 2.867040e+02 1.570039e+02
1.320548e+02 2.865429e+02 1.573622e+02
1.320642e+02 2.863815e+02 1.577204e+02
1.320734e+02 2.862197e+02 1.580785e+02
1.320825e+02 2.860575e+02 1.584364e+02
1.320913e+02 2.858949e+02 1.587942e+02
1.321001e+02 2.857319e+02 1.591518e+02
1.321086e+02 2.855686e+02 1.595093e+02
1.321170e+02 2.854049e+02 1.598667e+02
1.321253e+02 2.852408e+02 1.602239e+02
1.321334e+02 2.850763e+02 1.605810e+02
1.321413e+02 2.849115e+02 1.609379e+02
1.321491e+02 2.847463e+02 1.612947e+02
1.321567e+02 2.845807e+02 1.616514e+02
1.321641e+02 2.844147e+02 1.620079e+02
1.321714e+02 2.842484e+02 1.623642e+02
1.321785e+02 2.840817e+02 1.627204e+02
1.321855e+02 2.839146e+02 1.630765e+02
1.321923e+02 2.837471e+02 1.634324e+02
1.321989e+02 2.835793e+02 1.637882e+02
1.322054e+02 2.834111e+02 1.641438e+02
1.322117e+02 2.832425e+02 1.644993e+02
1.322179e+02 2.830735e+02 1.648547e+02
1.322239e+02 2.829042e+02 1.652099e+02
1.322297e+02 2.827345e+02 1.655649e+02
1.322354e+02 2.825644e+02 1.659198e+02
1.322409e+02 2.823939e+02 1.662745e+02
1.322462e+02 2.822231e+02 1.666291e+02
1.322514e+02 2.820519e+02 1.669836e+02
1.322564e+02 2.818803e+02 1.673379e+02
1.322613e+02 2.817083e+02 1.676920e+02
1.322660e+02 2.815360e+02 1.680460e+02
1.322705e+02 2.813633e+02 1.683998e+02
1.322749e+02 2.811902e+02 1.687535e+02
1.322791e+02 2.810168e+02 1.691070e+02
1.322832e+02 2.808430e+02 1.694604e+02
1.322871e+02 2.806688e+02 1.698137e+02
1.322908e+02 2.804942e+02 1.701667e+02
1.322944e+02 2.803193e+02 1.705197e+02
1.322978e+02 2.801440e+02 1.708724e+02
1.323011e+02 2.799683e+02 1.712250e+02
1.323042e+02 2.797923e+02 1.715775e+02
1.323071e+02 2.796159e+02 1.719298e+02
1.323099e+02 2.794391e+02 1.722819e+02
1.323125e+02 2.792619e+02 1.726339e+02
1.323149e+02 2.790844e+02 1.729858e+02
1.323172e+02 2.789065e+02 1.733374e+02
1.323193e+02 2.787282e+02 1.736889e+02
1.323213e+02 2.785496e+02 1.740403e+02
1.323231e+02 2.783706e+02 1.743915e+02
1.323247e+02 2.781912e+02 1.747426e+02
1.323262e+02 2.780115e+02 1.750934e+02
1.323275e+02 2.778313e+02 1.754442e+02
1.323286e+02 2.776509e+02 1.757947e+02
1.323296e+02 2.774700e+02 1.761451e+02
1.323305e+02 2.772888e+02 1.764954e+02
1.323311e+02 2.771072e+02 1.768454e+02
1.323316e+02 2.769253e+02 1.771954e+02
1.323320e+02 2.767429e+02 1.775451e+02
1.323322e+02 2.765602e+02 1.778947e+02
1.323322e+02 2.763772e+02 1.782442e+02
1.323321e+02 2.761938e+02 1.785934e+02
1.323318e+02 2.760100e+02 1.789425e+02
1.323313e+02 2.758258e+02 1.792915e+02
1.323307e+02 2.756413e+02 1.796402e+02
1.323299e+02 2.754564e+02 1.799889e+02
1.323289e+02 2.752711e+02 1.803373e+02
1.323278e+02 2.750855e+02 1.806856e+02
1.323265e+02 2.748995e+02 1.810337e+02
1.323251e+02 2.747132e+02 1.813816e+02
1.323235e+02 2.745265e+02 1.817294e+02
1.323218e+02 2.743394e+02 1.820770e+02
1.323198e+02 2.741519e+02 1.824245e+02
1.323178e+02 2.739641e+02 1.827718e+02
1.323155e+02 2.737759e+02 1.831189e+02
1.323131e+02 2.735874e+02 1.834658e+02
1.323106e+02 2.733985e+02 1.838126e+02
1.323078e+02 2.732092e+02 1.841592e+02
1.323049e+02 2.730196e+02 1.845056e+02
1.323019e+02 2.728296e+02 1.848519e+02
1.322987e+02 2.726392e+02 1.851980e+02
1.322953e+02 2.724485e+02 1.855439e+02
1.322918e+02 2.722574e+02 1.858896e+02
1.322881e+02 2.720660e+02 1.862352e+02
1.322842e+02 2.718741e+02 1.865806e+02
1.322802e+02 2.716820e+02 1.869259e+02
1.322760e+02 2.714894e+02 1.872709e+02
1.322717e+02 2.712965e+02 1.876158e+02
1.322672e+02 2.711033e+02 1.879605e+02
1.322625e+02 2.709096e+02 1.883050e+02
1.322577e+02 2.707157e+02 1.886494e+02
1.322527e+02 2.705213e+02 1.889936e+02
1.322475e+02 2.703266e+02 1.893376e+02
1.322422e+02 2.701315e+02 1.896814e+02
1.322367e+02 2.699361e+02 1.900251e+02
1.322311e+02 2.697403e+02 1.903686e+02
1.322253e+02 2.695442e+02 1.907119e+02
1.322193e+02 2.693476e+02 1.910550e+02
1.322132e+02 2.691508e+02 1.913980e+02
1.322069e+02 2.689535e+02 1.917407e+02
1.322005e+02 2.687560e+02 1.920833e+02
1.321938e+02 2.685580e+02 1.924257e+02
1.321871e+02 2.683597e+02 1.927680e+02
1.321801e+02 2.681610e+02 1.931100e+02
1.321730e+02 2.679620e+02 1.934519e+02
1.321658e+02 2.677626e+02 1.937936e+02
1.321584e+02 2.675629e+02 1.941351e+02
1.321508e+02 2.673628e+02 1.944764e+02
1.321430e+02 2.671623e+02 1.948176e+02
1.321351e+02 2.669615e+02 1.951585e+02
1.321271e+02 2.667603e+02 1.954993e+02
1.321188e+02 2.665588e+02 1.958399e+02
1.321104e+02 2.663569e+02 1.961803e+02
1.321019e+02 2.661547e+02 1.965206e+02
1.320932e+02 2.659521e+02 1.968606e+02
1.320843e+02 2.657491e+02 1.972005e+02
1.320752e+02 2.655458e+02 1.975402e+02
1.320660e+02 2.653421e+02 1.978796e+02
1.320567e+02 2.651381e+02 1.982190e+02
1.320471e+02 2.649337e+02 1.985581e+02
1.320375e+02 2.647290e+02 1.988970e+02
1.320276e+02 2.645239e+02 1.992358e+02
1.320176e+02 2.643184e+02 1.995743e+02
1.320074e+02 2.641126e+02 1.999127e+02
1.319971e+02 2.639065e+02 2.002509e+02
1.319866e+02 2.637000e+02 2.005889e+02
1.319759e+02 2.634931e+02 2.009267e+02
1.319651e+02 2.632859e+02 2.012643e+02
1.319541e+02 2.630783e+02 2.016017e+02
1.319430e+02 2.628704e+02 2.019390e+02
1.319317e+02 2.626621e+02 2.022760e+02
1.319202e+02 2.624535e+02 2.026129e+02
1.319085e+02 2.622445e+02 2.029495e+02
1.318968e+02 2.620351e+02 2.032860e+02
1.318848e+02 2.618255e+02 2.036223e+02
1.318727e+02 2.616154e+02 2.039584e+02
1.318604e+02 2.614050e+02 2.042943e+02
1.318480e+02 2.611943e+02 2.046300e+02
1.318353e+02 2.609832e+02 2.049655e+02
1.318226e+02 2.607717e+02 2.053008e+02
1.318096e+02 2.605599e+02 2.056359e+02
1.317966e+02 2.603478e+02 2.059708e+02
1.317833e+02 2.601353e+02 2.063056e+02
1.317699e+02 2.599224e+02 2.066401e+02
1.317563e+02 2.597092e+02 2.069745e+02
1.317426e+02 2.594956e+02 2.073086e+02
1.317287e+02 2.592817e+02 2.076425e+02
1.317146e+02 2.590675e+02 2.079763e+02
1.317004e+02 2.588529e+02 2.083098e+02
1.316860e+02 2.586379e+02 2.086432e+02
1.316714e+02 2.584226e+02 2.089764e+02
1.316567e+02 2.582070e+02 2.093093e+02
1.316419e+02 2.579910e+02 2.096421e+02
1.316268e+02 2.577746e+02 2.099746e+02
1.316116e+02 2.575579e+02 2.103070e+02
1.315963e+02 2.573409e+02 2.106392e+02
1.315807e+02 2.571235e+02 2.109711e+02
1.315651e+02 2.569058e+02 2.113029e+02
1.315492e+02 2.566877e+02 2.116344e+02
1.315332e+02 2.564692e+02 2.119658e+02
1.315170e+02 2.562504e+02 2.122969e+02
1.315007e+02 2.560313e+02 2.126279e+02
1.314842e+02 2.558118e+02 2.129586e+02
1.314675e+02 2.555920e+02 2.132892e+02
1.314507e+02 2.553718e+02 2.136195e+02
1.314337e+02 2.551513e+02 2.139497e+02
1.314166e+02 2.549305e+02 2.142796e+02
1.313993e+02 2.547093e+02 2.146093e+02
1.313818e+02 2.544877e+02 2.149389e+02
1.313642e+02 2.542658e+02 2.152682e+02
1.313464e+02 2.540436e+02 2.155973e+02
1.313285e+02 2.538210e+02 2.159262e+02
1.313103e+02 2.535981e+02 2.162549e+02
1.312921e+02 2.533748e+02 2.165834e+02
1.312736e+02 2.531512e+02 2.169117e+02
1.312550e+02 2.529272e+02 2.172398e+02
1.312363e+02 2.527029e+02 2.175676e+02
1.312173e+02 2.524783e+02 2.178953e+02
1.311982e+02 2.522533e+02 2.182227e+02
1.311790e+02 2.520279e+02 2.185500e+02
1.311596e+02 2.518023e+02 2.188770e+02
1.311400e+02 2.515762e+02 2.192038e+02
1.311203e+02 2.513499e+02 2.195304e+02
1.311004e+02 2.511232e+02 2.198569e+02
1.310803e+02 2.508961e+02 2.201830e+02
1.310601e+02 2.506687e+02 2.205090e+02
1.310397e+02 2.504410e+02 2.208348e+02
1.310192e+02 2.502129e+02 2.211603e+02
1.309985e+02 2.499845e+02 2.214857e+02
1.309776e+02 2.497558e+02 2.218108e+02
1.309566e+02 2.495267e+02 2.221357e+02
1.309354e+02 2.492973e+02 2.224604e+02
1.309140e+02 2.490675e+02 2.227849e+02
1.308925e+02 2.488374e+02 2.231092e+02
1.308708e+02 2.486069e+02 2.234333e+02
1.308490e+02 2.483761e+02 2.237571e+02
1.308270e+02 2.481450e+02 2.240807e+02
1.308048e+02 2.479135e+02 2.244041e+02
1.307825e+02 2.476817e+02 2.247273e+02
1.307600e+02 2.474496e+02 2.250503e+02
1.307373e+02 2.472171e+02 2.253731e+02
1.307145e+02 2.469843e+02 2.256956e+02
1.306916e+02 2.467511e+02 2.260179e+02
1.306684e+02 2.465176e+02 2.263401e+02
1.306451e+02 2.462838e+02 2.266619e+02
1.306217e+02 2.460496e+02 2.269836e+02
1.305980e+02 2.458151e+02 2.273051e+02
1.305743e+02 2.455802e+02 2.276263e+02
1.305503e+02 2.453451e+02 2.279473e+02
1.305262e+02 2.451095e+02 2.282681e+02
1.305019e+02 2.448737e+02 2.285887e+02
1.304775e+02 2.446375e+02 2.289090e+02
1.304529e+02 2.444010e+02 2.292291e+02
1.304282e+02 2.441641e+02 2.295490e+02
1.304032e+02 2.439269e+02 2.298687e+02
1.303782e+02 2.436894e+02 2.301882e+02
1.303529e+02 2.434515e+02 2.305074e+02
1.303275e+02 2.432133e+02 2.308264e+02
1.303020e+02 2.429748e+02 2.311452e+02
1.302762e+02 2.427359e+02 2.314638e+02
1.302503e+02 2.424967e+02 2.317821e+02
1.302243e+02 2.422572e+02 2.321002e+02
1.301981e+02 2.420173e+02 2.324181e+02
1.301717e+02 2.417771e+02 2.327358e+02
1.301452e+02 2.415366e+02 2.330532e+02
1.301185e+02 2.412957e+02 2.333704e+02
1.300916e+02 2.410545e+02 2.336874e+02
1.300646e+02 2.408130e+02 2.340042e+02
1.300374e+02 2.405711e+02 2.343207e+02
1.300101e+02 2.403289e+02 2.346370e+02
1.299826e+02 2.400864e+02 2.349531e+02
1.299549e+02 2.398435e+02 2.352689e+02
1.299271e+02 2.396003e+02 2.355845e+02
1.298991e+02 2.393568e+02 2.358999e+02
1.298709e+02 2.391129e+02 2.362151e+02
1.298426e+02 2.388688e+02 2.365300e+02
1.298142e+02 2.386243e+02 2.368447e+02
1.297855e+02 2.383794e+02 2.371592e+02
1.297567e+02 2.381342e+02 2.374734e+02
1.297278e+02 2.378887e+02 2.377874e+02
1.296986e+02 2.376429e+02 2.381012e+02
1.296694e+02 2.373967e+02 2.384147e+02
1.296399e+02 2.371503e+02 2.387280e+02
1.296103e+02 2.369034e+02 2.390411e+02
1.295806e+02 2.366563e+02 2.393539e+02
1.295506e+02 2.364088e+02 2.396665e+02
1.295205e+02 2.361610e+02 2.399789e+02
1.294903e+02 2.359129e+02 2.402910e+02
1.294599e+02 2.356644e+02 2.406029e+02
1.294293e+02 2.354157e+02 2.409146e+02
1.293986e+02 2.351666e+02 2.412260e+02
1.293677e+02 2.349171e+02 2.415372e+02
1.293366e+02 2.346674e+02 2.418482e+02
1.293054e+02 2.344173e+02 2.421589e+02
1.292740e+02 2.341669e+02 2.424694e+02
1.292425e+02 2.339161e+02 2.427796e+02
1.292108e+02 2.336650e+02 2.430896e+02
1.291789e+02 2.334137e+02 2.433994e+02
1.291469e+02 2.331619e+02 2.437089e+02
1.291147e+02 2.329099e+02 2.440182e+02
1.290823e+02 2.326575e+02 2.443272e+02
1.290498e+02 2.324048e+02 2.446360e+02
1.290172e+02 2.321518e+02 2.449446e+02
1.289843e+02 2.318985e+02 2.452529e+02
1.289513e+02 2.316448e+02 2.455610e+02
1.289182e+02 2.313909e+02 2.458689e+02
1.288849e+02 2.311365e+02 2.461765e+02
1.288514e+02 2.308819e+02 2.464839e+02
1.288177e+02 2.306270e+02 2.467910e+02
1.287839e+02 2.303717e+02 2.470979e+02
1.287500e+02 2.301161e+02 2.474045e+02
1.287158e+02 2.298602e+02 2.477109e+02
1.286816e+02 2.296039e+02 2.480170e+02
1.286471e+02 2.293474e+02 2.483229e+02
1.286125e+02 2.290905e+02 2.486286e+02
1.285777e+02 2.288333e+02 2.489340e+02
1.285428e+02 2.285758e+02 2.492392e+02
1.285077e+02 2.283179e+02 2.495441e+02
1.284725e+02 2.280598e+02 2.498488e+02
1.284371e+02 2.278013e+02 2.501532e+02
1.284015e+02 2.275425e+02 2.504574e+02
1.283658e+02 2.272833e+02 2.507613e+02
1.283299e+02 2.270239e+02 2.510650e+02
1.282938e+02 2.267641e+02 2.513685e+02
1.282576e+02 2.265041e+02 2.516717e+02
1.282212e+02 2.262437e+02 2.519746e+02
1.281847e+02 2.259829e+02 2.522773e+02
1.281480e+02 2.257219e+02 2.525797e+02
1.281111e+02 2.254605e+02 2.528819e+02
1.280741e+02 2.251989e+02 2.531839e+02
1.280369e+02 2.249369e+02 2.534856e+02
1.279996e+02 2.246746e+02 2.537870e+02
1.279621e+02 2.244120e+02 2.540882e+02
1.279244e+02 2.241490e+02 2.543892e+02
1.278866e+02 2.238858e+02 2.546899e+02
1.278486e+02 2.236222e+02 2.549903e+02
1.278104e+02 2.233583e+02 2.552905e+02
1.277721e+02 2.230941e+02 2.555904e+02
1.277337e+02 2.228296e+02 2.558901e+02
1.276950e+02 2.225648e+02 2.561895e+02
1.276562e+02 2.222996e+02 2.564887e+02
1.276173e+02 2.220341e+02 2.567876e+02
1.275782e+02 2.217684e+02 2.570863e+02
1.275389e+02 2.215023e+02 2.573847e+02
1.274995e+02 2.212359e+02 2.576828e+02
1.274599e+02 2.209692e+02 2.579807e+02
1.274201e+02 2.207021e+02 2.582784e+02
1.273802e+02 2.204348e+02 2.585758e+02
1.273401e+02 2.201671e+02 2.588729e+02
1.272999e+02 2.198991e+02 2.591698e+02
1.272595e+02 2.196309e+02 2.594664e+02
1.272189e+02 2.193623e+02 2.597627e+02
1.271782e+02 2.190934e+02 2.600588e+02
1.271373e+02 2.188241e+02 2.603547e+02
1.270963e+02 2.185546e+02 2.606502e+02
1.270551e+02 2.182848e+02 2.609456e+02
1.270137e+02 2.180146e+02 2.612406e+02
1.269722e+02 2.177442e+02 2.615354e+02
1.269305e+02 2.174734e+02 2.618300e+02
1.268887e+02 2.172023e+02 2.621242e+02
1.268467e+02 2.169309e+02 2.624183e+02
1.268045e+02 2.166592e+02 2.627120e+02
1.267622e+02 2.163872e+02 2.630055e+02
1.267197e+02 2.161149e+02 2.632987e+02
1.266771e+02 2.158422e+02 2.635917e+02
1.266343e+02 2.155693e+02 2.638844e+02
1.265913e+02 2.152960e+02 2.641768e+02
1.265482e+02 2.150225e+02 2.644690e+02
1.265049e+02 2.147486e+02 2.647609e+02
1.264615e+02 2.144745e+02 2.650526e+02
1.264179e+02 2.142000e+02 2.653440e+02
1.263741e+02 2.139252e+02 2.656351e+02
1.263302e+02 2.136501e+02 2.659259e+02
1.262861e+02 2.133747e+02 2.662165e+02
1.262418e+02 2.130990e+02 2.665069e+02
1.261974e+02 2.128230e+02 2.667969e+02
1.261529e+02 2.125467e+02 2.670867e+02
1.261082e+02 2.122700e+02 2.673762e+02
1.260633e+02 2.119931e+02 2.676655e+02
1.260182e+02 2.117159e+02 2.679545e+02
1.259730e+02 2.114383e+02 2.682432e+02
1.259277e+02 2.111605e+02 2.685316e+02
1.258821e+02 2.108824e+02 2.688198e+02
1.258365e+02 2.106039e+02 2.691077e+02
1.257906e+02 2.103251e+02 2.693953e+02
1.257446e+02 2.100461e+02 2.696827e+02
1.256984e+02 2.097667e+02 2.699698e+02
1.256521e+02 2.094871e+02 2.702566e+02
1.256056e+02 2.092071e+02 2.705432e+02
1.255590e+02 2.089268e+02 2.708295e+02
1.255122e+02 2.086462e+02 2.711155e+02
1.254652e+02 2.083654e+02 2.714012e+02
1.254181e+02 2.080842e+02 2.716867e+02
1.253708e+02 2.078027e+02 2.719719e+02
1.253234e+02 2.075209e+02 2.722568e+02
1.252758e+02 2.072389e+02 2.725415e+02
1.252280e+02 2.069565e+02 2.728258e+02
1.251801e+02 2.066738e+02 2.731099e+02
1.251320e+02 2.063908e+02 2.733938e+02
1.250838e+02 2.061075e+02 2.736773e+02
1.250354e+02 2.058240e+02 2.739606e+02
1.249868e+02 2.055401e+02 2.742436e+02
1.249381e+02 2.052559e+02 2.745263e+02
1.248892e+02 2.049714e+02 2.748087e+02
1.248402e+02 2.046866e+02 2.750909e+02
1.247910e+02 2.044016e+02 2.753728e+02
1.247417e+02 2.041162e+02 2.756544e+02
1.246921e+02 2.038305e+02 2.759357e+02
1.246425e+02 2.035445e+02 2.762168e+02
1.245926e+02 2.032583e+02 2.764976e+02
1.245427e+02 2.029717e+02 2.767781e+02
1.244925e+02 2.026849e+02 2.770583e+02
1.244422e+02 2.023977e+02 2.773382e+02
1.243917e+02 2.021102e+02 2.776179e+02
1.243411e+02 2.018225e+02 2.778973e+02
1.242903e+02 2.015345e+02 2.781763e+02
1.242394e+02 2.012461e+02 2.784552e+02
1.241883e+02 2.009575e+02 2.787337e+02
1.241370e+02 2.006685e+02 2.790119e+02
1.240856e+02 2.003793e+02 2.792899e+02
1.240340e+02 2.000898e+02 2.795676e+02
1.239823e+02 1.998000e+02 2.798450e+02
1.239304e+02 1.995099e+02 2.801221e+02
1.238783e+02 1.992195e+02 2.803990e+02
1.238261e+02 1.989288e+02 2.806755e+02
1.237737e+02 1.986378e+02 2.809518e+02
1.237212e+02 1.983465e+02 2.812278e+02
1.236685e+02 1.980549e+02 2.815035e+02
1.236156e+02 1.977631e+02 2.817789e+02
1.235626e+02 1.974709e+02 2.820540e+02
1.235094e+02 1.971785e+02 2.823288e+02
1.234561e+02 1.968857e+02 2.826034e+02
1.234026e+02 1.965927e+02 2.828777e+02
1.233490e+02 1.962994e+02 2.831516e+02
1.232952e+02 1.960058e+02 2.834253e+02
1.232412e+02 1.957119e+02 2.836987e+02
1.231871e+02 1.954177e+02 2.839719e+02
1.231328e+02 1.951232e+02 2.842447e+02
1.230784e+02 1.948284e+02 2.845172e+02
1.230238e+02 1.945333e+02 2.847895e+02
1.229690e+02 1.942380e+02 2.850614e+02
1.229141e+02 1.939424e+02 2.853331e+02
1.228590e+02 1.936464e+02 2.856045e+02
1.228038e+02 1.933502e+02 2.858756e+02
1.227484e+02 1.930537e+02 2.861464e+02
1.226929e+02 1.927569e+02 2.864169e+02
1.226372e+02 1.924598e+02 2.866871e+02
1.225813e+02 1.921625e+02 2.869570e+02
1.225253e+02 1.918648e+02 2.872266e+02
1.224691e+02 1.915669e+02 2.874960e+02
1.224128e+02 1.912686e+02 2.877650e+02
1.223563e+02 1.909701e+02 2.880337e+02
1.222996e+02 1.906713e+02 2.883022e+02
1.222428e+02 1.903723e+02 2.885704e+02
1.221859e+02 1.900729e+02 2.888382e+02
1.221287e+02 1.897732e+02 2.891058e+02
1.220714e+02 1.894733e+02 2.893731e+02
1.220140e+02 1.891731e+02 2.896400e+02
1.219564e+02 1.888726e+02 2.899067e+02
1.218987e+02 1.885718e+02 2.901731e+02
1.218407e+02 1.882707e+02 2.904392e+02
1.217827e+02 1.879693e+02 2.907050e+02
1.217244e+02 1.876677e+02 2.909705e+02
1.216660e+02 1.873658e+02 2.912357e+02
1.216075e+02 1.870636e+02 2.915006e+02
1.215488e+02 1.867611e+02 2.917652e+02
1.214899e+02 1.864583e+02 2.920295e+02
1.214309e+02 1.861553e+02 2.922935e+02
1.213717e+02 1.858519e+02 2.925572e+02
1.213124e+02 1.855483e+02 2.928206e+02
1.212529e+02 1.852444e+02 2.930837e+02
1.211933e+02 1.849402e+02 2.933465e+02
1.211335e+02 1.846358e+02 2.936090e+02
1.210735e+02 1.843311e+02 2.938712e+02
1.210134e+02 1.840260e+02 2.941331e+02
1.209531e+02 1.837207e+02 2.943947e+02
1.208927e+02 1.834152e+02 2.946560e+02
1.208321e+02 1.831093e+02 2.949170e+02
1.207713e+02 1.828032e+02 2.951777e+02
1.207104e+02 1.824968e+02 2.954381e+02
1.206494e+02 1.821901e+02 2.956982e+02
1.205881e+02 1.818831e+02 2.959579e+02
1.205268e+02 1.815759e+02 2.962174e+02
1.204652e+02 1.812684e+02 2.964766e+02
1.204035e+02 1.809606e+02 2.967354e+02
1.203417e+02 1.806525e+02 2.969940e+02
1.202797e+02 1.803441e+02 2.972522e+02
1.202175e+02 1.800355e+02 2.975102e+02
1.201552e+02 1.797266e+02 2.977678e+02
1.200927e+02 1.794175e+02 2.980252e+02
1.200301e+02 1.791080e+02 2.982822e+02
1.199673e+02 1.787983e+02 2.985389e+02
1.199044e+02 1.784883e+02 2.987953e+02
1.198413e+02 1.781780e+02 2.990514e+02
1.197780e+02 1.778675e+02 2.993072e+02
1.197146e+02 1.775566e+02 2.995627e+02
1.196510e+02 1.772455e+02 2.998179e+02
1.195873e+02 1.769342e+02 3.000727e+02
1.195234e+02 1.766225e+02 3.003273e+02
1.194594e+02 1.763106e+02 3.005815e+02
1.193952e+02 1.759984e+02 3.008355e+02
1.193308e+02 1.756860e+02 3.010891e+02
1.192663e+02 1.753732e+02 3.013424e+02
1.192017e+02 1.750602e+02 3.015954e+02
1.191368e+02 1.747470e+02 3.018481e+02
1.190719e+02 1.744334e+02 3.021005e+02
1.190067e+02 1.741196e+02 3.023525e+02
1.189414e+02 1.738055e+02 3.026043e+02
1.188760e+02 1.734912e+02 3.028557e+02
1.188104e+02 1.731766e+02 3.031068e+02
1.187446e+02 1.728617e+02 3.033576e+02
1.186787e+02 1.725465e+02 3.036081e+02
1.186127e+02 1.722311e+02 3.038583e+02
1.185464e+02 1.719154e+02 3.041082e+02
1.184800e+02 1.715994e+02 3.043577e+02
1.184135e+02 1.712832e+02 3.046070e+02
1.183468e+02 1.709667e+02 3.048559e+02
1.182800e+02 1.706499e+02 3.051045e+02
1.182130e+02 1.703329e+02 3.053528e+02
1.181458e+02 1.700156e+02 3.056007e+02
1.180785e+02 1.696980e+02 3.058484e+02
1.180110e+02 1.693802e+02 3.060957e+02
1.179434e+02 1.690621e+02 3.063427e+02
1.178756e+02 1.687437e+02 3.065894e+02
1.178077e+02 1.684251e+02 3.068358e+02
1.177396e+02 1.681062e+02 3.070818e+02
1.176713e+02 1.677870e+02 3.073276e+02
1.176029e+02 1.674676e+02 3.075730e+02
1.175344e+02 1.671479e+02 3.078181e+02
1.174657e+02 1.668280e+02 3.080628e+02
1.173968e+02 1.665078e+02 3.083073e+02
1.173278e+02 1.661873e+02 3.085514e+02
1.172586e+02 1.658665e+02 3.087952e+02
1.171893e+02 1.655455e+02 3.090387e+02
1.171198e+02 1.652243e+02 3.092819e+02
1.170501e+02 1.649028e+02 3.095247e+02
1.169803e+02 1.645810e+02 3.097673e+02
1.169104e+02 1.642589e+02 3.100094e+02
1.168403e+02 1.639366e+02 3.102513e+02
1.167700e+02 1.636140e+02 3.104929e+02
1.166996e+02 1.632912e+02 3.107341e+02
1.166290e+02 1.629681e+02 3.109750e+02
1.165583e+02 1.626448e+02 3.112156e+02
1.164874e+02 1.623212e+02 3.114558e+02
1.164164e+02 1.619973e+02 3.116957e+02
1.163452e+02 1.616732e+02 3.119353e+02
1.162739e+02 1.613488e+02 3.121746e+02
1.162024e+02 1.610241e+02 3.124135e+02
1.161307e+02 1.606992e+02 3.126522e+02
1.160589e+02 1.603741e+02 3.128904e+02
1.159870e+02 1.600487e+02 3.131284e+02
1.159148e+02 1.597230e+02 3.133660e+02
1.158426e+02 1.593971e+02 3.136033e+02
1.157702e+02 1.590709e+02 3.138403e+02
1.156976e+02 1.587444e+02 3.140770e+02
1.156249e+02 1.584177e+02 3.143133e+02
1.155520e+02 1.580908e+02 3.145493e+02
1.154789e+02 1.577636e+02 3.147849e+02
1.154057e+02 1.574361e+02 3.150202e+02
1.153324e+02 1.571084e+02 3.152552e+02
1.152589e+02 1.567804e+02 3.154899e+02
1.151852e+02 1.564522e+02 3.157242e+02
1.151114e+02 1.561237e+02 3.159582e+02
1.150375e+02 1.557950e+02 3.161919e+02
1.149634e+02 1.554660e+02 3.164252e+02
1.148891e+02 1.551367e+02 3.166582e+02
1.148147e+02 1.548073e+02 3.168909e+02
1.147401e+02 1.544775e+02 3.171232e+02
1.146654e+02 1.541475e+02 3.173552e+02
1.145905e+02 1.538173e+02 3.175869e+02
1.145155e+02 1.534868e+02 3.178182e+02
1.144403e+02 1.531560e+02 3.180492e+02
1.143649e+02 1.528250e+02 3.182799e+02
1.142894e+02 1.524938e+02 3.185102e+02
1.142138e+02 1.521623e+02 3.187402e+02
1.141380e+02 1.518305e+02 3.189698e+02
1.140620e+02 1.514986e+02 3.191992e+02
1.139859e+02 1.511663e+02 3.194281e+02
1.139097e+02 1.508338e+02 3.196568e+02
1.138333e+02 1.505011e+02 3.198851e+02
1.137567e+02 1.501681e+02 3.201130e+02
1.136800e+02 1.498349e+02 3.203407e+02
1.136031e+02 1.495014e+02 3.205680e+02
1.135261e+02 1.491676e+02 3.207949e+02
1.134489e+02 1.488337e+02 3.210215e+02
1.133716e+02 1.484994e+02 3.212478e+02
1.132941e+02 1.481650e+02 3.214737e+02
1.132165e+02 1.478303e+02 3.216993e+02
1.131387e+02 1.474953e+02 3.219246e+02
1.130608e+02 1.471601e+02 3.221495e+02
1.129827e+02 1.468246e+02 3.223740e+02
1.129044e+02 1.464889e+02 3.225982e+02
1.128260e+02 1.461530e+02 3.228221e+02
1.127475e+02 1.458168e+02 3.230457e+02
1.126688e+02 1.454804e+02 3.232689e+02
1.125900e+02 1.451437e+02 3.234917e+02
1.125110e+02 1.448068e+02 3.237142e+02
1.124318e+02 1.444697e+02 3.239364e+02
1.123525e+02 1.441323e+02 3.241582e+02
1.122730e+02 1.437946e+02 3.243797e+02
1.121934e+02 1.434568e+02 3.246008e+02
1.121137e+02 1.431187e+02 3.248216e+02
1.120338e+02 1.427803e+02 3.250421e+02
1.119537e+02 1.424417e+02 3.252622e+02
1.118735e+02 1.421029e+02 3.254819e+02
1.117931e+02 1.417638e+02 3.257013e+02
1.117126e+02 1.414245e+02 3.259204e+02
1.116319e+02 1.410849e+02 3.261391e+02
1.115511e+02 1.407451e+02 3.263574e+02
1.114701e+02 1.404051e+02 3.265755e+02
1.113890e+02 1.400648e+02 3.267931e+02
1.113078e+02 1.397243e+02 3.270105e+02
1.112263e+02 1.393835e+02 3.272274e+02
1.111448e+02 1.390426e+02 3.274440e+02
1.110630e+02 1.387013e+02 3.276603e+02
1.109812e+02 1.383599e+02 3.278762e+02
1.108991e+02 1.380182e+02 3.280918e+02
1.108170e+02 1.376762e+02 3.283070e+02
1.107346e+02 1.373341e+02 3.285219e+02
1.106521e+02 1.369917e+02 3.287364e+02
1.105695e+02 1.366490e+02 3.289506e+02
1.104867e+02 1.363062e+02 3.291644e+02
1.104038e+02 1.359631e+02 3.293779e+02
1.103207e+02 1.356197e+02 3.295910e+02
1.102375e+02 1.352762e+02 3.298037e+02
1.101541e+02 1.349324e+02 3.300161e+02
1.100706e+02 1.345883e+02 3.302282e+02
1.099869e+02 1.342441e+02 3.304399e+02
1.099031e+02 1.338996e+02 3.306512e+02
1.098191e+02 1.335548e+02 3.308622e+02
1.097350e+02 1.332099e+02 3.310729e+02
1.096507e+02 1.328647e+02 3.312831e+02
1.095662e+02 1.325192e+02 3.314931e+02
1.094817e+02 1.321736e+02 3.317026e+02
1.093969e+02 1.318277e+02 3.319119e+02
1.093120e+02 1.314816e+02 3.321207e+02
1.092270e+02 1.311352e+02 3.323292e+02
1.091418e+02 1.307887e+02 3.325374e+02
1.090565e+02 1.304418e+02 3.327451e+02
1.089710e+02 1.300948e+02 3.329526e+02
1.088854e+02 1.297476e+02 3.331596e+02
1.087996e+02 1.294001e+02 3.333664e+02
1.087137e+02 1.290524e+02 3.335727e+02
1.086276e+02 1.287044e+02 3.337787e+02
1.085414e+02 1.283562e+02 3.339843e+02
1.084550e+02 1.280079e+02 3.341896e+02
1.083685e+02 1.276592e+02 3.343945e+02
1.082818e+02 1.273104e+02 3.345991e+02
1.081950e+02 1.269613e+02 3.348033e+02
1.081080e+02 1.266120e+02 3.350071e+02
1.080209e+02 1.262625e+02 3.352106e+02
1.079337e+02 1.259128e+02 3.354137e+02
1.078462e+02 1.255628e+02 3.356165e+02
1.077587e+02 1.252126e+02 3.358188e+02
1.076710e+02 1.248622e+02 3.360209e+02
1.075831e+02 1.245115e+02 3.362225e+02
1.074951e+02 1.241607e+02 3.364238e+02
1.074069e+02 1.238096e+02 3.366248e+02
1.073186e+02 1.234583e+02 3.368253e+02
1.072302e+02 1.231068e+02 3.370255e+02
1.071416e+02 1.227550e+02 3.372254e+02
1.070528e+02 1.224030e+02 3.374249e+02
1.069639e+02 1.220509e+02 3.376240e+02
1.068749e+02 1.216985e+02 3.378227e+02
1.067857e+02 1.213458e+02 3.380211e+02
1.066963e+02 1.209930e+02 3.382191e+02
1.066069e+02 1.206399e+02 3.384168e+02
1.065172e+02 1.202866e+02 3.386140e+02
1.064274e+02 1.199331e+02 3.388110e+02
1.063375e+02 1.195794e+02 3.390075e+02
1.062474e+02 1.192255e+02 3.392037e+02
1.061572e+02 1.188713e+02 3.393995e+02
1.060668e+02 1.185169e+02 3.395949e+02
1.059763e+02 1.181624e+02 3.397900e+02
1.058856e+02 1.178075e+02 3.399847e+02
1.057948e+02 1.174525e+02 3.401790e+02
1.057039e+02 1.170973e+02 3.403730e+02
1.056127e+02 1.167418e+02 3.405666e+02
1.055215e+02 1.163862e+02 3.407598e+02
1.054301e+02 1.160303e+02 3.409527e+02
1.053385e+02 1.156742e+02 3.411452e+02
1.052468e+02 1.153179e+02 3.413373e+02
1.051550e+02 1.149614e+02 3.415290e+02
1.050630e+02 1.146046e+02 3.417204e+02
1.049709e+02 1.142477e+02 3.419114e+02
1.048786e+02 1.138905e+02 3.421020e+02
1.047862e+02 1.135332e+02 3.422923e+02
1.046936e+02 1.131756e+02 3.424822e+02
1.046009e+02 1.128178e+02 3.426717e+02
1.045080e+02 1.124598e+02 3.428608e+02
1.044150e+02 1.121016e+02 3.430496e+02
1.043218e+02 1.117432e+02 3.432379e+02
1.042285e+02 1.113845e+02 3.434259e+02
1.041351e+02 1.110257e+02 3.436136e+02
1.040415e+02 1.106666e+02 3.438008e+02
1.039477e+02 1.103074e+02 3.439877e+02
1.038539e+02 1.099479e+02 3.441742e+02
1.037598e+02 1.095882e+02 3.443604e+02
1.036656e+02 1.092284e+02 3.445461e+02
1.035713e+02 1.088683e+02 3.447315e+02
1.034769e+02 1.085080e+02 3.449165e+02
1.033822e+02 1.081475e+02 3.451011e+02
1.032875e+02 1.077868e+02 3.452853e+02
1.031926e+02 1.074258e+02 3.454692e+02
1.030975e+02 1.070647e+02 3.456527e+02
1.030023e+02 1.067034e+02 3.458358e+02
1.029070e+02 1.063419e+02 3.460185e+02
1.028115e+02 1.059801e+02 3.462009e+02
1.027159e+02 1.056182e+02 3.463829e+02
1.026201e+02 1.052561e+02 3.465644e+02
1.025242e+02 1.048937e+02 3.467456e+02
1.024281e+02 1.045312e+02 3.469265e+02
1.023319e+02 1.041684e+02 3.471069e+02
1.022356e+02 1.038055e+02 3.472870e+02
1.021391e+02 1.034423e+02 3.474667e+02
1.020424e+02 1.030790e+02 3.476460e+02
1.019457e+02 1.027154e+02 3.478249e+02
1.018487e+02 1.023517e+02 3.480034e+02
1.017517e+02 1.019877e+02 3.481816e+02
1.016545e+02 1.016236e+02 3.483594e+02
1.015571e+02 1.012592e+02 3.485367e+02
1.014596e+02 1.008947e+02 3.487138e+02
1.013619e+02 1.005299e+02 3.488904e+02
1.012642e+02 1.001650e+02 3.490666e+02
1.011662e+02 9.979985e+01 3.492425e+02
1.010682e+02 9.943451e+01 3.494179e+02
1.009699e+02 9.906897e+01 3.495930e+02
1.008716e+02 9.870324e+01 3.497677e+02
1.007731e+02 9.833731e+01 3.499420e+02
1.006744e+02 9.797118e+01 3.501159e+02
1.005756e+02 9.760486e+01 3.502895e+02
1.004767e+02 9.723835e+01 3.504626e+02
1.003776e+02 9.687163e+01 3.506354e+02
1.002784e+02 9.650473e+01 3.508077e+02
1.001790e+02 9.613763e+01 3.509797e+02
1.000795e+02 9.577034e+01 3.511513e+02
9.997988e+01 9.540285e+01 3.513225e+02
9.988009e+01 9.503517e+01 3.514934e+02
9.978016e+01 9.466730e+01 3.516638e+02
9.968009e+01 9.429924e+01 3.518338e+02
9.957987e+01 9.393099e+01 3.520035e+02
9.947951e+01 9.356254e+01 3.521727e+02
9.937901e+01 9.319391e+01 3.523416e+02
9.927837e+01 9.282508e+01 3.525101e+02
9.917758e+01 9.245606e+01 3.526782e+02
9.907666e+01 9.208686e+01 3.528459e+02
9.897559e+01 9.171746e+01 3.530132e+02
9.887438e+01 9.134788e+01 3.531801e+02
9.877303e+01 9.097811e+01 3.533466e+02
9.867154e+01 9.060815e+01 3.535128e+02
9.856991e+01 9.023800e+01 3.536785e+02
9.846813e+01 8.986766e+01 3.538439e+02
9.836622e+01 8.949714e+01 3.540088e+02
9.826416e+01 8.912643e+01 3.541734e+02
9.816196e+01 8.875554e+01 3.543375e+02
9.805963e+01 8.838446e+01 3.545013e+02
9.795715e+01 8.801319e+01 3.546647e+02
9.785453e+01 8.764174e+01 3.548277e+02
9.775177e+01 8.727010e+01 3.549902e+02
9.764887e+01 8.689828e+01 3.551524e+02
9.754582e+01 8.652628e+01 3.553142e+02
9.744264e+01 8.615409e+01 3.554756e+02
9.733932e+01 8.578172e+01 3.556366e+02
9.723586e+01 8.540917e+01 3.557972e+02
9.713226e+01 8.503644e+01 3.559575e+02
9.702851e+01 8.466352e+01 3.561173e+02
9.692463e+01 8.429042e+01 3.562767e+02
9.682061e+01 8.391715e+01 3.564357e+02
9.671645e+01 8.354369e+01 3.565943e+02
9.661215e+01 8.317005e+01 3.567525e+02
9.650771e+01 8.279623e+01 3.569104e+02
9.640313e+01 8.242223e+01 3.570678e+02
9.629841e+01 8.204805e+01 3.572248e+02
9.619355e+01 8.167370e+01 3.573814e+02
9.608855e+01 8.129916e+01 3.575377e+02
9.598341e+01 8.092445e+01 3.576935e+02
9.587813e+01 8.054956e+01 3.578489e+02
9.577272e+01 8.017449e+01 3.580039e+02
9.566716e+01 7.979925e+01 3.581586e+02
9.556147e+01 7.942383e+01 3.583128e+02
9.545564e+01 7.904824e+01 3.584666e+02
9.534967e+01 7.867246e+01 3.586200e+02
9.524356e+01 7.829652e+01 3.587730e+02
9.513731e+01 7.792040e+01 3.589256e+02
9.503093e+01 7.754411e+01 3.590779e+02
9.492440e+01 7.716764e+01 3.592297e+02
9.481774e+01 7.679100e+01 3.593811e+02
9.471094e+01 7.641418e+01 3.595321e+02
9.460400e+01 7.603719e+01 3.596827e+02
9.449693e+01 7.566004e+01 3.598329e+02
9.438971e+01 7.528270e+01 3.599827e+02
9.428236e+01 7.490520e+01 3.601320e+02
9.417488e+01 7.452753e+01 3.602810e+02
9.406725e+01 7.414969e+01 3.604296e+02
9.395949e+01 7.377167e+01 3.605778e+02
9.385159e+01 7.339349e+01 3.607255e+02
9.374355e+01 7.301514e+01 3.608729e+02
9.363537e+01 7.263661e+01 3.610198e+02
9.352706e+01 7.225792e+01 3.611664e+02
9.341861e+01 7.187907e+01 3.613125e+02
9.331003e+01 7.150004e+01 3.614582e+02
9.320130e+01 7.112085e+01 3.616035e+02
9.309244e+01 7.074149e+01 3.617485e+02
9.298345e+01 7.036196e+01 3.618930e+02
9.287432e+01 6.998227e+01 3.620371e+02
9.276505e+01 6.960241e+01 3.621807e+02
9.265564e+01 6.922239e+01 3.623240e+02
9.254610e+01 6.884220e+01 3.624669e+02
9.243643e+01 6.846185e+01 3.626093e+02
9.232662e+01 6.808133e+01 3.627514e+02
9.221667e+01 6.770065e+01 3.628930e+02
9.210658e+01 6.731981e+01 3.630343e+02
9.199636e+01 6.693881e+01 3.631751e+02
9.188601e+01 6.655764e+01 3.633155e+02
9.177552e+01 6.617631e+01 3.634555e+02
9.166489e+01 6.579482e+01 3.635951e+02
9.155413e+01 6.541317e+01 3.637342e+02
9.144323e+01 6.503136e+01 3.638730e+02
9.133220e+01 6.464938e+01 3.640113e+02
9.122104e+01 6.426725e+01 3.641493e+02
9.110974e+01 6.388496e+01 3.642868e+02
9.099830e+01 6.350251e+01 3.644239e+02
9.088673e+01 6.311990e+01 3.645606e+02
9.077502e+01 6.273713e+01 3.646969e+02
9.066318e+01 6.235421e+01 3.648327e+02
9.055121e+01 6.197113e+01 3.649682e+02
9.043910e+01 6.158789e+01 3.651032e+02
9.032686e+01 6.120450e+01 3.652379e+02
9.021448e+01 6.082094e+01 3.653721e+02
9.010197e+01 6.043724e+01 3.655059e+02
8.998933e+01 6.005338e+01 3.656392e+02
8.987655e+01 5.966936e+01 3.657722e+02
8.976364e+01 5.928519e+01 3.659047e+02
8.965060e+01 5.890087e+01 3.660369e+02
8.953742e+01 5.851639e+01 3.661686e+02
8.942411e+01 5.813176e+01 3.662999e+02
8.931066e+01 5.774698e+01 3.664308e+02
8.919709e+01 5.736204e+01 3.665612e+02
8.908338e+01 5.697696e+01 3.666913e+02
8.896953e+01 5.659172e+01 3.668209e+02
8.885556e+01 5.620633e+01 3.669501e+02
8.874145e+01 5.582079e+01 3.670789e+02
8.862721e+01 5.543510e+01 3.672072e+02
8.851283e+01 5.504926e+01 3.673352e+02
8.839833e+01 5.466328e+01 3.674627e+02
8.828369e+01 5.427714e+01 3.675898e+02
8.816892e+01 5.389085e+01 3.677165e+02
8.805401e+01 5.350442e+01 3.678428e+02
8.793898e+01 5.311784e+01 3.679686e+02
8.782381e+01 5.273112e+01 3.680940e+02
8.770851e+01 5.234424e+01 3.682190e+02
8.759308e+01 5.195722e+01 3.683436e+02
8.747752e+01 5.157006e+01 3.684678e+02
8.736183e+01 5.118275e+01 3.685915e+02
8.724601e+01 5.079530e+01 3.687148e+02
8.713005e+01 5.040770e+01 3.688377e+02
8.701397e+01 5.001995e+01 3.689602e+02
8.689775e+01 4.963207e+01 3.690823e+02
8.678140e+01 4.924404e+01 3.692039e+02
8.666492e+01 4.885587e+01 3.693251e+02
8.654831e+01 4.846755e+01 3.694459e+02
8.643157e+01 4.807910e+01 3.695662e+02
8.631470e+01 4.769050e+01 3.696862e+02
8.619770e+01 4.730176e+01 3.698057e+02
8.608057e+01 4.691289e+01 3.699247e+02
8.596331e+01 4.652387e+01 3.700434e+02
8.584592e+01 4.613471e+01 3.701616e+02
8.572840e+01 4.574541e+01 3.702794e+02
8.561075e+01 4.535598e+01 3.703968e+02
8.549297e+01 4.496640e+01 3.705138e+02
8.537506e+01 4.457669e+01 3.706303e+02
8.525702e+01 4.418685e+01 3.707464e+02
8.513885e+01 4.379686e+01 3.708621e+02
8.502056e+01 4.340674e+01 3.709773e+02
8.490213e+01 4.301648e+01 3.710921e+02
8.478358e+01 4.262609e+01 3.712065e+02
8.466489e+01 4.223556e+01 3.713205e+02
8.454608e+01 4.184490e+01 3.714340e+02
8.442714e+01 4.145410e+01 3.715471e+02
8.430807e+01 4.106317e+01 3.716598e+02
8.418887e+01 4.067211e+01 3.717721e+02
8.406954e+01 4.028091e+01 3.718839e+02
8.395009e+01 3.988958e+01 3.719953e+02
8.383051e+01 3.949812e+01 3.721062e+02
8.371079e+01 3.910653e+01 3.722168e+02
8.359096e+01 3.871480e+01 3.723269e+02
8.347099e+01 3.832295e+01 3.724365e+02
8.335090e+01 3.793096e+01 3.725458e+02
8.323068e+01 3.753885e+01 3.726546e+02
8.311033e+01 3.714660e+01 3.727630e+02
8.298985e+01 3.675423e+01 3.728709e+02
8.286925e+01 3.636173e+01 3.729784e+02
8.274852e+01 3.596910e+01 3.730855e+02
8.262766e+01 3.557635e+01 3.731921e+02
8.250668e+01 3.518346e+01 3.732984e+02
8.238557e+01 3.479045e+01 3.734041e+02
8.226433e+01 3.439732e+01 3.735095e+02
8.214297e+01 3.400406e+01 3.736144e+02
8.202148e+01 3.361067e+01 3.737189e+02
8.189986e+01 3.321716e+01 3.738230e+02
8.177812e+01 3.282352e+01 3.739266e+02
8.165626e+01 3.242976e+01 3.740298e+02
8.153426e+01 3.203588e+01 3.741325e+02
8.141214e+01 3.164187e+01 3.742348e+02
8.128990e+01 3.124774e+01 3.743367e+02
8.116753e+01 3.085349e+01 3.744381e+02
8.104503e+01 3.045912e+01 3.745392e+02
8.092241e+01 3.006463e+01 3.746397e+02
8.079967e+01 2.967001e+01 3.747399e+02
8.067680e+01 2.927528e+01 3.748396e+02
8.055380e+01 2.888042e+01 3.749388e+02
8.043068e+01 2.848545e+01 3.750377e+02
8.030744e+01 2.809036e+01 3.751361e+02
8.018407e+01 2.769515e+01 3.752340e+02
8.006057e+01 2.729982e+01 3.753315e+02
7.993696e+01 2.690437e+01 3.754286e+02
7.981322e+01 2.650881e+01 3.755253e+02
7.968935e+01 2.611313e+01 3.756215e+02
7.956536e+01 2.571733e+01 3.757172e+02
7.944125e+01 2.532142e+01 3.758126e+02
7.931701e+01 2.492540e+01 3.759074e+02
7.919265e+01 2.452925e+01 3.760019e+02
7.906816e+01 2.413300e+01 3.760959e+02
7.894356e+01 2.373663e+01 3.761895e+02
7.881883e+01 2.334015e+01 3.762826e+02
7.869397e+01 2.294355e+01 3.763753e+02
7.856900e+01 2.254684e+01 3.764676e+02
7.844390e+01 2.215002e+01 3.765594e+02
7.831868e+01 2.175309e+01 3.766507e+02
7.819333e+01 2.135605e+01 3.767417e+02
7.806787e+01 2.095890e+01 3.768322e+02
7.794228e+01 2.056163e+01 3.769222e+02
7.781657e+01 2.016426e+01 3.770118e+02
7.769074e+01 1.976678e+01 3.771010e+02
7.756478e+01 1.936919e+01 3.771897e+02
7.743870e+01 1.897149e+01 3.772780e+02
7.731251e+01 1.857369e+01 3.773658e+02
7.718619e+01 1.817577e+01 3.774532e+02
7.705975e+01 1.777775e+01 3.775402e+02
7.693318e+01 1.737962e+01 3.776267e+02
7.680650e+01 1.698139e+01 3.777127e+02
7.667970e+01 1.658305e+01 3.777984e+02
7.655277e+01 1.618461e+01 3.778835e+02
7.642573e+01 1.578606e+01 3.779683e+02
7.629856e+01 1.538741e+01 3.780526e+02
7.617127e+01 1.498866e+01 3.781364e+02
7.604387e+01 1.458980e+01 3.782198e+02
7.591634e+01 1.419084e+01 3.783028e+02
7.578869e+01 1.379178e+01 3.783853e+02
7.566093e+01 1.339261e+01 3.784674e+02
7.553304e+01 1.299335e+01 3.785490e+02
7.540503e+01 1.259398e+01 3.786302e+02
7.527691e+01 1.219451e+01 3.787109e+02
7.514866e+01 1.179495e+01 3.787912e+02
7.502029e+01 1.139528e+01 3.788710e+02
7.489181e+01 1.099552e+01 3.789504e+02
7.476321e+01 1.059565e+01 3.790293e+02
7.463449e+01 1.019569e+01 3.791078e+02
7.450565e+01 9.795636e+00 3.791859e+02
7.437669e+01 9.395481e+00 3.792635e+02
7.424761e+01 8.995230e+00 3.793406e+02
7.411841e+01 8.594883e+00 3.794174e+02
7.398910e+01 8.194441e+00 3.794936e+02
7.385967e+01 7.793903e+00 3.795694e+02
7.373012e+01 7.393271e+00 3.796448e+02
7.360045e+01 6.992546e+00 3.797197e+02
7.347066e+01 6.591726e+00 3.797942e+02
7.334076e+01 6.190813e+00 3.798682e+02
7.321074e+01 5.789808e+00 3.799417e+02
7.308060e+01 5.388711e+00 3.800149e+02
7.295034e+01 4.987522e+00 3.800875e+02
7.281997e+01 4.586242e+00 3.801597e+02
7.268948e+01 4.184871e+00 3.802315e+02
7.255888e+01 3.783411e+00 3.803028e+02
7.242816e+01 3.381860e+00 3.803737e+02
7.229732e+01 2.980220e+00 3.804441e+02
7.216636e+01 2.578492e+00 3.805141e+02
7.203529e+01 2.176675e+00 3.805836e+02
7.190410e+01 1.774771e+00 3.806526e+02
7.177280e+01 1.372779e+00 3.807212e+02
7.164138e+01 9.707003e-01 3.807894e+02
7.150985e+01 5.685355e-01 3.808571e+02
7.137820e+01 1.662848e-01 3.809244e+02
7.124643e+01 -2.360512e-01 3.809912e+02
7.111455e+01 -6.384721e-01 3.810575e+02
7.098256e+01 -1.040977e+00 3.811234e+02
7.085045e+01 -1.443566e+00 3.811888e+02
7.071822e+01 -1.846239e+00 3.812538e+02
7.058588e+01 -2.248994e+00 3.813184e+02
7.045343e+01 -2.651832e+00 3.813824e+02
7.032086e+01 -3.054752e+00 3.814461e+02
7.018817e+01 -3.457753e+00 3.815092e+02
7.005538e+01 -3.860835e+00 3.815720e+02
6.992246e+01 -4.263997e+00 3.816342e+02
6.978944e+01 -4.667240e+00 3.816960e+02
6.965630e+01 -5.070562e+00 3.817574e+02
6.952305e+01 -5.473963e+00 3.818183e+02
6.938968e+01 -5.877442e+00 3.818787e+02
6.925620e+01 -6.281000e+00 3.819387e+02
6.912261e+01 -6.684635e+00 3.819982e+02
6.898891e+01 -7.088347e+00 3.820573e+02
6.885509e+01 -7.492135e+00 3.821159e+02
6.872116e+01 -7.896000e+00 3.821741e+02
6.858712e+01 -8.299940e+00 3.822318e+02
6.845296e+01 -8.703955e+00 3.822891e+02
6.831870e+01 -9.108045e+00 3.823459e+02
6.818432e+01 -9.512209e+00 3.824022e+02
6.804982e+01 -9.916447e+00 3.824581e+02
6.791522e+01 -1.032076e+01 3.825135e+02
6.778051e+01 -1.072514e+01 3.825685e+02
6.764568e+01 -1.112960e+01 3.826230e+02
6.751074e+01 -1.153412e+01 3.826770e+02
6.737569e+01 -1.193872e+01 3.827306e+02
6.724053e+01 -1.234339e+01 3.827838e+02
6.710526e+01 -1.274813e+01 3.828364e+02
6.696988e+01 -1.315294e+01 3.828886e+02
6.683439e+01 -1.355781e+01 3.829404e+02
6.669878e+01 -1.396276e+01 3.829917e+02
6.656307e+01 -1.436777e+01 3.830425e+02
6.642725e+01 -1.477286e+01 3.830929e+02
6.629131e+01 -1.517801e+01 3.831428e+02
6.615527e+01 -1.558322e+01 3.831923e+02
6.601912e+01 -1.598850e+01 3.832413e+02
6.588285e+01 -1.639385e+01 3.832898e+02
6.574648e+01 -1.679926e+01 3.833379e+02
6.561000e+01 -1.720474e+01 3.833855e+02
6.547341e+01 -1.761028e+01 3.834327e+02
6.533671e+01 -1.801589e+01 3.834794e+02
6.519990e+01 -1.842156e+01 3.835256e+02
6.506298e+01 -1.882729e+01 3.835714e+02
6.492596e+01 -1.923308e+01 3.836167e+02
6.478882e+01 -1.963893e+01 3.836616e+02
6.465158e+01 -2.004485e+01 3.837060e+02
6.451423e+01 -2.045083e+01 3.837499e+02
6.437677e+01 -2.085686e+01 3.837934e+02
6.423920e+01 -2.126296e+01 3.838364e+02
6.410153e+01 -2.166912e+01 3.838789e+02
6.396375e+01 -2.207533e+01 3.839210e+02
6.382586e+01 -2.248160e+01 3.839626e+02
6.368786e+01 -2.288793e+01 3.840038e+02
6.354976e+01 -2.329432e+01 3.840445e+02
6.341155e+01 -2.370076e+01 3.840847e+02
6.327323e+01 -2.410726e+01 3.841245e+02
6.313481e+01 -2.451382e+01 3.841638e+02
6.299628e+01 -2.492043e+01 3.842026e+02
6.285764e+01 -2.532710e+01 3.842410e+02
6.271890e+01 -2.573381e+01 3.842789e+02
6.258005e+01 -2.614059e+01 3.843163e+02
6.244110e+01 -2.654741e+01 3.843533e+02
6.230204e+01 -2.695429e+01 3.843898e+02
6.216287e+01 -2.736122e+01 3.844259e+02
6.202360e+01 -2.776821e+01 3.844615e+02
6.188422e+01 -2.817524e+01 3.844966e+02
6.174474e+01 -2.858232e+01 3.845312e+02
6.160515e+01 -2.898946e+01 3.845654e+02
6.146546e+01 -2.939664e+01 3.845991e+02
6.132567e+01 -2.980387e+01 3.846324e+02
6.118577e+01 -3.021116e+01 3.846652e+02
6.104576e+01 -3.061848e+01 3.846975e+02
6.090565e+01 -3.102586e+01 3.847294e+02
6.076544e+01 -3.143329e+01 3.847608e+02
6.062512e+01 -3.184076e+01 3.847917e+02
6.048470e+01 -3.224827e+01 3.848222e+02
6.034418e+01 -3.265583e+01 3.848522e+02
6.020355e+01 -3.306344e+01 3.848817e+02
6.006282e+01 -3.347109e+01 3.849107e+02
5.992199e+01 -3.387879e+01 3.849393e+02
5.978105e+01 -3.428653e+01 3.849675e+02
5.964001e+01 -3.469431e+01 3.849951e+02
5.949887e+01 -3.510213e+01 3.850223e+02
5.935763e+01 -3.551000e+01 3.850490e+02
5.921628e+01 -3.591790e+01 3.850753e+02
5.907483e+01 -3.632585e+01 3.851011e+02
5.893328e+01 -3.673384e+01 3.851264e+02
5.879163e+01 -3.714187e+01 3.851512e+02
5.864988e+01 -3.754994e+01 3.851756e+02
5.850802e+01 -3.795804e+01 3.851995e+02
5.836607e+01 -3.836619e+01 3.852230e+02
5.822401e+01 -3.877437e+01 3.852459e+02
5.808185e+01 -3.918259e+01 3.852685e+02
5.793959e+01 -3.959085e+01 3.852905e+02
5.779723e+01 -3.999914e+01 3.853121e+02
5.765477e+01 -4.040747e+01 3.853331e+02
5.751221e+01 -4.081583e+01 3.853538e+02
5.736955e+01 -4.122423e+01 3.853739e+02
5.722679e+01 -4.163266e+01 3.853936e+02
5.708393e+01 -4.204113e+01 3.854128e+02
5.694097e+01 -4.244963e+01 3.854316e+02
5.679791e+01 -4.285816e+01 3.854499e+02
5.665475e+01 -4.326673e+01 3.854677e+02
5.651149e+01 -4.367532e+01 3.854850e+02
5.636813e+01 -4.408395e+01 3.855018e+02
5.622467e+01 -4.449261e+01 3.855182e+02
5.608112e+01 -4.490130e+01 3.855342e+02
5.593746e+01 -4.531001e+01 3.855496e+02
5.579371e+01 -4.571876e+01 3.855646e+02
5.564986e+01 -4.612753e+01 3.855791e+02
5.550591e+01 -4.653634e+01 3.855931e+02
5.536186e+01 -4.694517e+01 3.856067e+02
5.521772e+01 -4.735402e+01 3.856198e+02
5.507348e+01 -4.776291e+01 3.856324e+02
5.492914e+01 -4.817182e+01 3.856445e+02
5.478470e+01 -4.858075e+01 3.856562e+02
5.464017e+01 -4.898971e+01 3.856674e+02
5.449554e+01 -4.939869e+01 3.856781e+02
5.435081e+01 -4.980770e+01 3.856884e+02
5.420599e+01 -5.021673e+01 3.856982e+02
5.406107e+01 -5.062578e+01 3.857075e+02
5.391605e+01 -5.103486e+01 3.857163e+02
5.377094e+01 -5.144396e+01 3.857247e+02
5.362573e+01 -5.185308e+01 3.857326e+02
5.348042e+01 -5.226221e+01 3.857400e+02
5.333502e+01 -5.267137e+01 3.857469e+02
5.318953e+01 -5.308055e+01 3.857534e+02
5.304394e+01 -5.348975e+01 3.857594e+02
5.289825e+01 -5.389897e+01 3.857649e+02
5.275247e+01 -5.430820e+01 3.857699e+02
5.260660e+01 -5.471745e+01 3.857745e+02
5.246063e+01 -5.512672e+01 3.857786e+02
5.231456e+01 -5.553601e+01 3.857822e+02
5.216840e+01 -5.594531e+01 3.857854e+02
5.202215e+01 -5.635463e+01 3.857881e+02
5.187581e+01 -5.676396e+01 3.857903e+02
5.172937e+01 -5.717330e+01 3.857920e+02
5.158283e+01 -5.758266e+01 3.857932e+02
5.143621e+01 -5.799204e+01 3.857940e+02
5.128949e+01 -5.840142e+01 3.857943e+02
5.114267e+01 -5.881082e+01 3.857941e+02
5.099577e+01 -5.922023e+01 3.857935e+02
5.084877e+01 -5.962965e+01 3.857923e+02
5.070168e+01 -6.003908e+01 3.857907e+02
5.055449e+01 -6.044852e+01 3.857886e+02
5.040722e+01 -6.085797e+01 3.857861e+02
5.025985e+01 -6.126743e+01 3.857830e+02
5.011239e+01 -6.167690e+01 3.857795e+02
4.996484e+01 -6.208638e+01 3.857755e+02
4.981719e+01 -6.249586e+01 3.857711e+02
4.966946e+01 -6.290535e+01 3.857661e+02
4.952164e+01 -6.331485e+01 3.857607e+02
4.937372e+01 -6.372435e+01 3.857548e+02
4.922571e+01 -6.413386e+01 3.857485e+02
4.907761e+01 -6.454337e+01 3.857416e+02
4.892943e+01 -6.495289e+01 3.857343e+02
4.878115e+01 -6.536241e+01 3.857265e+02
4.863278e+01 -6.577194e+01 3.857182e+02
4.848432e+01 -6.618146e+01 3.857095e+02
4.833577e+01 -6.659099e+01 3.857002e+02
4.818714e+01 -6.700052e+01 3.856905e+02
4.803841e+01 -6.741005e+01 3.856803e+02
4.788959e+01 -6.781959e+01 3.856697e+02
4.774069e+01 -6.822912e+01 3.856585e+02
4.759169e+01 -6.863865e+01 3.856469e+02
4.744261e+01 -6.904818e+01 3.856348e+02
4.729344e+01 -6.945771e+01 3.856222e+02
4.714418e+01 -6.986724e+01 3.856091e+02
4.699483e+01 -7.027676e+01 3.855956e+02
4.684539e+01 -7.068628e+01 3.855816e+02
4.669587e+01 -7.109580e+01 3.855671e+02
4.654626e+01 -7.150531e+01 3.855521e+02
4.639656e+01 -7.191482e+01 3.855367e+02
4.624677e+01 -7.232432e+01 3.855208e+02
4.609690e+01 -7.273382e+01 3.855043e+02
4.594694e+01 -7.314331e+01 3.854875e+02
4.579689e+01 -7.355280e+01 3.854701e+02
4.564676e+01 -7.396227e+01 3.854522e+02
4.549654e+01 -7.437174e+01 3.854339e+02
4.534623e+01 -7.478120e+01 3.854151e+02
4.519584e+01 -7.519065e+01 3.853958e+02
4.504536e+01 -7.560009e+01 3.853761e+02
4.489480e+01 -7.600952e+01 3.853558e+02
4.474415e+01 -7.641894e+01 3.853351e+02
4.459341e+01 -7.682835e+01 3.853139e+02
4.444259e+01 -7.723775e+01 3.852922e+02
4.429169e+01 -7.764713e+01 3.852700e+02
4.414070e+01 -7.805650e+01 3.852474e+02
4.398963e+01 -7.846586e+01 3.852243e+02
4.383847e+01 -7.887521e+01 3.852007e+02
4.368722e+01 -7.928454e+01 3.851766e+02
4.353590e+01 -7.969385e+01 3.851520e+02
4.338449e+01 -8.010315e+01 3.851270e+02
4.323299e+01 -8.051243e+01 3.851015e+02
4.308141e+01 -8.092170e+01 3.850755e+02
4.292975e+01 -8.133095e+01 3.850490e+02
4.277801e+01 -8.174018e+01 3.850220e+02
4.262618e+01 -8.214940e+01 3.849946e+02
4.247427e+01 -8.255859e+01 3.849666e+02
4.232228e+01 -8.296777e+01 3.849382e+02
4.217020e+01 -8.337692e+01 3.849093e+02
4.201805e+01 -8.378606e+01 3.848800e+02
4.186581e+01 -8.419517e+01 3.848501e+02
4.171348e+01 -8.460426e+01 3.848198e+02
4.156108e+01 -8.501334e+01 3.847889e+02
4.140860e+01 -8.542238e+01 3.847577e+02
4.125603e+01 -8.583141e+01 3.847259e+02
4.110338e+01 -8.624041e+01 3.846936e+02
4.095066e+01 -8.664939e+01 3.846609e+02
4.079785e+01 -8.705834e+01 3.846276e+02
4.064496e+01 -8.746727e+01 3.845939e+02
4.049199e+01 -8.787617e+01 3.845598e+02
4.033894e+01 -8.828505e+01 3.845251e+02
4.018581e+01 -8.869389e+01 3.844899e+02
4.003260e+01 -8.910271e+01 3.844543e+02
3.987931e+01 -8.951151e+01 3.844182e+02
3.972594e+01 -8.992027e+01 3.843816e+02
3.957249e+01 -9.032901e+01 3.843445e+02
3.941896e+01 -9.073771e+01 3.843069e+02
3.926536e+01 -9.114639e+01 3.842689e+02
3.911167e+01 -9.155503e+01 3.842304e+02
3.895791e+01 -9.196365e+01 3.841914e+02
3.880407e+01 -9.237223e+01 3.841519e+02
3.865015e+01 -9.278078e+01 3.841119e+02
3.849615e+01 -9.318930e+01 3.840714e+02
3.834207e+01 -9.359778e+01 3.840305e+02
3.818792e+01 -9.400623e+01 3.839891e+02
3.803369e+01 -9.441464e+01 3.839472e+02
3.787938e+01 -9.482302e+01 3.839048e+02
3.772499e+01 -9.523137e+01 3.838619e+02
3.757053e+01 -9.563968e+01 3.838186e+02
3.741599e+01 -9.604795e+01 3.837747e+02
3.726138e+01 -9.645618e+01 3.837304e+02
3.710668e+01 -9.686438e+01 3.836856e+02
3.695192e+01 -9.727254e+01 3.836403e+02
3.679707e+01 -9.768066e+01 3.835946e+02
3.664215e+01 -9.808874e+01 3.835483e+02
3.648716e+01 -9.849678e+01 3.835016e+02
3.633209e+01 -9.890478e+01 3.834544e+02
3.617694e+01 -9.931274e+01 3.834067e+02
3.602172e+01 -9.972065e+01 3.833585e+02
3.586643e+01 -1.001285e+02 3.833098e+02
3.571106e+01 -1.005364e+02 3.832607e+02
3.555561e+01 -1.009441e+02 3.832110e+02
3.540009e+01 -1.013519e+02 3.831609e+02
3.524450e+01 -1.017596e+02 3.831103e+02
3.508883e+01 -1.021673e+02 3.830592e+02
3.493309e+01 -1.025749e+02 3.830077e+02
3.477728e+01 -1.029824e+02 3.829556e+02
3.462139e+01 -1.033899e+02 3.829031e+02
3.446543e+01 -1.037974e+02 3.828500e+02
3.430940e+01 -1.042048e+02 3.827965e+02
3.415330e+01 -1.046122e+02 3.827426e+02
3.399712e+01 -1.050195e+02 3.826881e+02
3.384087e+01 -1.054268e+02 3.826331e+02
3.368454e+01 -1.058340e+02 3.825777e+02
3.352815e+01 -1.062412e+02 3.825218e+02
3.337168e+01 -1.066483e+02 3.824654e+02
3.321515e+01 -1.070554e+02 3.824085e+02
3.305854e+01 -1.074624e+02 3.823511e+02
3.290186e+01 -1.078694e+02 3.822932e+02
3.274511e+01 -1.082763e+02 3.822349e+02
3.258829e+01 -1.086832e+02 3.821761e+02
3.243139e+01 -1.090900e+02 3.821168e+02
3.227443e+01 -1.094968e+02 3.820570e+02
3.211740e+01 -1.099035e+02 3.819967e+02
3.196030e+01 -1.103101e+02 3.819359e+02
3.180312e+01 -1.107167e+02 3.818747e+02
3.164588e+01 -1.111232e+02 3.818129e+02
3.148857e+01 -1.115297e+02 3.817507e+02
3.133119e+01 -1.119361e+02 3.816880e+02
3.117374e+01 -1.123425e+02 3.816248e+02
3.101622e+01 -1.127488e+02 3.815612e+02
3.085863e+01 -1.131550e+02 3.814970e+02
3.070098e+01 -1.135612e+02 3.814324e+02
3.054325e+01 -1.139673e+02 3.813673e+02
3.038546e+01 -1.143733e+02 3.813016e+02
3.022760e+01 -1.147793e+02 3.812356e+02
3.006968e+01 -1.151853e+02 3.811690e+02
2.991168e+01 -1.155911e+02 3.811019e+02
2.975362e+01 -1.159969e+02 3.810344e+02
2.959549e+01 -1.164027e+02 3.809664e+02
2.943730e+01 -1.168084e+02 3.808978e+02
2.927903e+01 -1.172140e+02 3.808288e+02
2.912070e+01 -1.176195e+02 3.807594e+02
2.896231e+01 -1.180250e+02 3.806894e+02
2.880385e+01 -1.184304e+02 3.806189e+02
2.864532e+01 -1.188357e+02 3.805480e+02
2.848673e+01 -1.192410e+02 3.804766e+02
2.832807e+01 -1.196462e+02 3.804047e+02
2.816935e+01 -1.200514e+02 3.803323e+02
2.801056e+01 -1.204564e+02 3.802594e+02
2.785171e+01 -1.208614e+02 3.801861e+02
2.769279e+01 -1.212664e+02 3.801122e+02
2.753381e+01 -1.216712e+02 3.800379e+02
2.737476e+01 -1.220760e+02 3.799631e+02
2.721565e+01 -1.224807e+02 3.798878e+02
2.705648e+01 -1.228853e+02 3.798120e+02
2.689724e+01 -1.232899e+02 3.797358e+02
2.673794e+01 -1.236944e+02 3.796590e+02
2.657857e+01 -1.240988e+02 3.795818e+02
2.641914e+01 -1.245032e+02 3.795041e+02
2.625965e+01 -1.249074e+02 3.794259e+02
2.610010e+01 -1.253116e+02 3.793472e+02
2.594048e+01 -1.257157e+02 3.792680e+02
2.578081e+01 -1.261198e+02 3.791884e+02
2.562107e+01 -1.265237e+02 3.791082e+02
2.546126e+01 -1.269276e+02 3.790276e+02
2.530140e+01 -1.273314e+02 3.789465e+02
2.514147e+01 -1.277351e+02 3.788649e+02
2.498149e+01 -1.281388e+02 3.787828e+02
2.482144e+01 -1.285423e+02 3.787003e+02
2.466133e+01 -1.289458e+02 3.786172e+02
2.450116e+01 -1.293492e+02 3.785337e+02
2.434093e+01 -1.297525e+02 3.784497e+02
2.418064e+01 -1.301558e+02 3.783652e+02
2.402030e+01 -1.305589e+02 3.782802e+02
2.385989e+01 -1.309620e+02 3.781947e+02
2.369942e+01 -1.313649e+02 3.781088e+02
2.353889e+01 -1.317678e+02 3.780223e+02
2.337830e+01 -1.321706e+02 3.779354e+02
2.321765e+01 -1.325734e+02 3.778480e+02
2.305695e+01 -1.329760e+02 3.777601e+02
2.289618e+01 -1.333786e+02 3.776718e+02
2.273536e+01 -1.337810e+02 3.775829e+02
2.257448e+01 -1.341834e+02 3.774936e+02
2.241354e+01 -1.345857e+02 3.774037e+02
2.225255e+01 -1.349879e+02 3.773134e+02
2.209149e+01 -1.353900e+02 3.772226e+02
2.193038e+01 -1.357920e+02 3.771314e+02
2.176921e+01 -1.361939e+02 3.770396e+02
2.160798e+01 -1.365957e+02 3.769474e+02
2.144670e+01 -1.369975e+02 3.768546e+02
2.128536e+01 -1.373991e+02 3.767614e+02
2.112397e+01 -1.378007e+02 3.766677e+02
2.096252e+01 -1.382021e+02 3.765736e+02
2.080101e+01 -1.386035e+02 3.764789e+02
2.063944e+01 -1.390048e+02 3.763837e+02
2.047783e+01 -1.394059e+02 3.762881e+02
2.031615e+01 -1.398070e+02 3.761920e+02
2.015442e+01 -1.402080e+02 3.760954e+02
1.999264e+01 -1.406089e+02 3.759983e+02
1.983080e+01 -1.410097e+02 3.759008e+02
1.966890e+01 -1.414104e+02 3.758027e+02
1.950696e+01 -1.418109e+02 3.757042e+02
1.934495e+01 -1.422114e+02 3.756052e+02
1.918290e+01 -1.426118e+02 3.755057e+02
1.902079e+01 -1.430121e+02 3.754057e+02
1.885863e+01 -1.434123e+02 3.753052e+02
1.869641e+01 -1.438124e+02 3.752043e+02
1.853414e+01 -1.442124e+02 3.751028e+02
1.837182e+01 -1.446122e+02 3.750009e+02
1.820944e+01 -1.450120e+02 3.748985e+02
1.804701e+01 -1.454117e+02 3.747957e+02
1.788453e+01 -1.458113e+02 3.746923e+02
1.772200e+01 -1.462107e+02 3.745884e+02
1.755942e+01 -1.466101e+02 3.744841e+02
1.739678e+01 -1.470093e+02 3.743793e+02
1.723410e+01 -1.474085e+02 3.742740e+02
1.707136e+01 -1.478075e+02 3.741682e+02
1.690857e+01 -1.482065e+02 3.740620e+02
1.674573e+01 -1.486053e+02 3.739552e+02
1.658284e+01 -1.490040e+02 3.738480e+02
1.641990e+01 -1.494026e+02 3.737403e+02
1.625691e+01 -1.498011e+02 3.736321e+02
1.609387e+01 -1.501995e+02 3.735234e+02
1.593078e+01 -1.505977e+02 3.734143e+02
1.576764e+01 -1.509959e+02 3.733046e+02
1.560445e+01 -1.513940e+02 3.731945e+02
1.544121e+01 -1.517919e+02 3.730839e+02
1.527792e+01 -1.521897e+02 3.729728e+02
1.511458e+01 -1.525874e+02 3.728613e+02
1.495120e+01 -1.529850e+02 3.727492e+02
1.478777e+01 -1.533825e+02 3.726367e+02
1.462428e+01 -1.537799e+02 3.725237e+02
1.446076e+01 -1.541771e+02 3.724102e+02
1.429718e+01 -1.545743e+02 3.722962e+02
1.413355e+01 -1.549713e+02 3.721818e+02
1.396988e+01 -1.553682e+02 3.720668e+02
1.380616e+01 -1.557649e+02 3.719514e+02
1.364240e+01 -1.561616e+02 3.718355e+02
1.347859e+01 -1.565581e+02 3.717191e+02
1.331473e+01 -1.569546e+02 3.716023e+02
1.315082e+01 -1.573509e+02 3.714849e+02
1.298687e+01 -1.577470e+02 3.713671e+02
1.282288e+01 -1.581431e+02 3.712488e+02
1.265884e+01 -1.585390e+02 3.711300e+02
1.249475e+01 -1.589349e+02 3.710107e+02
1.233062e+01 -1.593305e+02 3.708910e+02
1.216644e+01 -1.597261e+02 3.707707e+02
1.200222e+01 -1.601216e+02 3.706500e+02
1.183795e+01 -1.605169e+02 3.705288e+02
1.167364e+01 -1.609121e+02 3.704072e+02
1.150929e+01 -1.613071e+02 3.702850e+02
1.134489e+01 -1.617021e+02 3.701624e+02
1.118044e+01 -1.620969e+02 3.700393e+02
1.101596e+01 -1.624916e+02 3.699157e+02
1.085143e+01 -1.628861e+02 3.697916e+02
1.068686e+01 -1.632806e+02 3.696670e+02
1.052224e+01 -1.636749e+02 3.695420e+02
1.035759e+01 -1.640690e+02 3.694165e+02
1.019289e+01 -1.644631e+02 3.692905e+02
1.002814e+01 -1.648570e+02 3.691640e+02
9.863360e+00 -1.652507e+02 3.690371e+02
9.698534e+00 -1.656444e+02 3.689096e+02
9.533667e+00 -1.660379e+02 3.687817e+02
9.368759e+00 -1.664313e+02 3.686533e+02
9.203809e+00 -1.668245e+02 3.685245e+02
9.038819e+00 -1.672176e+02 3.683951e+02
8.873788e+00 -1.676106e+02 3.682653e+02
8.708716e+00 -1.680035e+02 3.681350e+02
8.543604e+00 -1.683962e+02 3.680042e+02
8.378453e+00 -1.687887e+02 3.678729e+02
8.213261e+00 -1.691812e+02 3.677412e+02
8.048030e+00 -1.695735e+02 3.676090e+02
7.882759e+00 -1.699656e+02 3.674763e+02
7.717450e+00 -1.703576e+02 3.673431e+02
7.552101e+00 -1.707495e+02 3.672094e+02
7.386714e+00 -1.711413e+02 3.670753e+02
7.221288e+00 -1.715329e+02 3.669407e+02
7.055823e+00 -1.719243e+02 3.668056e+02
6.890321e+00 -1.723156e+02 3.666700e+02
6.724781e+00 -1.727068e+02 3.665340e+02
6.559203e+00 -1.730978e+02 3.663975e+02
6.393587e+00 -1.734887e+02 3.662605e+02
6.227935e+00 -1.738795e+02 3.661230e+02
6.062245e+00 -1.742701e+02 3.659850e+02
5.896519e+00 -1.746605e+02 3.658466e+02
5.730756e+00 -1.750509e+02 3.657077e+02
5.564957e+00 -1.754410e+02 3.655683e+02
5.399121e+00 -1.758310e+02 3.654284e+02
5.233250e+00 -1.762209e+02 3.652881e+02
5.067342e+00 -1.766106e+02 3.651473e+02
4.901400e+00 -1.770002e+02 3.650060e+02
4.735422e+00 -1.773897e+02 3.648642e+02
4.569409e+00 -1.777789e+02 3.647219e+02
4.403361e+00 -1.781681e+02 3.645792e+02
4.237278e+00 -1.785571e+02 3.644360e+02
4.071161e+00 -1.789459e+02 3.642923e+02
3.905010e+00 -1.793346e+02 3.641482e+02
3.738825e+00 -1.797231e+02 3.640036e+02
3.572606e+00 -1.801115e+02 3.638585e+02
3.406353e+00 -1.804997e+02 3.637129e+02
3.240067e+00 -1.808878e+02 3.635668e+02
3.073748e+00 -1.812757e+02 3.634203e+02
2.907396e+00 -1.816634e+02 3.632733e+02
2.741012e+00 -1.820511e+02 3.631258e+02
2.574595e+00 -1.824385e+02 3.629779e+02
2.408145e+00 -1.828258e+02 3.628294e+02
2.241664e+00 -1.832129e+02 3.626805e+02
2.075151e+00 -1.835999e+02 3.625312e+02
1.908606e+00 -1.839867e+02 3.623813e+02
1.742029e+00 -1.843734e+02 3.622310e+02
1.575422e+00 -1.847599e+02 3.620802e+02
1.408784e+00 -1.851463e+02 3.619289e+02
1.242114e+00 -1.855325e+02 3.617772e+02
1.075415e+00 -1.859185e+02 3.616249e+02
9.086848e-01 -1.863044e+02 3.614722e+02
7.419248e-01 -1.866901e+02 3.613191e+02
5.751348e-01 -1.870756e+02 3.611654e+02
4.083152e-01 -1.874610e+02 3.610113e+02
2.414662e-01 -1.878462e+02 3.608567e+02
7.458799e-02 -1.882313e+02 3.607017e+02
-9.231925e-02 -1.886161e+02 3.605461e+02
-2.592553e-01 -1.890009e+02 3.603901e+02
-4.262199e-01 -1.893854e+02 3.602336e+02
-5.932128e-01 -1.897698e+02 3.600767e+02
-7.602339e-01 -1.901541e+02 3.599193e+02
-9.272829e-01 -1.905381e+02 3.597614e+02
-1.094360e+00 -1.909220e+02 3.596030e+02
-1.261464e+00 -1.913057e+02 3.594442e+02
-1.428595e+00 -1.916893e+02 3.592849e+02
-1.595754e+00 -1.920727e+02 3.591251e+02
-1.762939e+00 -1.924559e+02 3.589648e+02
-1.930151e+00 -1.928390e+02 3.588041e+02
-2.097389e+00 -1.932218e+02 3.586429e+02
-2.264653e+00 -1.936045e+02 3.584812e+02
-2.431944e+00 -1.939871e+02 3.583191e+02
-2.599260e+00 -1.943694e+02 3.581565e+02
-2.766601e+00 -1.947516e+02 3.579934e+02
-2.933968e+00 -1.951336e+02 3.578299e+02
-3.101360e+00 -1.955155e+02 3.576659e+02
-3.268777e+00 -1.958972e+02 3.575014e+02
-3.436218e+00 -1.962787e+02 3.573364e+02
-3.603684e+00 -1.966600e+02 3.571710e+02
-3.771174e+00 -1.970411e+02 3.570051e+02
-3.938688e+00 -1.974221e+02 3.568387e+02
-4.106226e+00 -1.978029e+02 3.566719e+02
-4.273787e+00 -1.981835e+02 3.565046e+02
-4.441372e+00 -1.985639e+02 3.563368e+02
-4.608980e+00 -1.989442e+02 3.561686e+02
-4.776610e+00 -1.993243e+02 3.559999e+02
-4.944264e+00 -1.997041e+02 3.558307e+02
-5.111939e+00 -2.000839e+02 3.556610e+02
-5.279637e+00 -2.004634e+02 3.554909e+02
-5.447357e+00 -2.008428e+02 3.553203e+02
-5.615099e+00 -2.012219e+02 3.551493e+02
-5.782862e+00 -2.016009e+02 3.549778e+02
-5.950647e+00 -2.019797e+02 3.548058e+02
-6.118452e+00 -2.023583e+02 3.546333e+02
-6.286279e+00 -2.027368e+02 3.544604e+02
-6.454126e+00 -2.031150e+02 3.542870e+02
-6.621994e+00 -2.034931e+02 3.541132e+02
-6.789882e+00 -2.038710e+02 3.539389e+02
-6.957790e+00 -2.042487e+02 3.537641e+02
-7.125718e+00 -2.046262e+02 3.535888e+02
-7.293665e+00 -2.050035e+02 3.534131e+02
-7.461632e+00 -2.053807e+02 3.532369e+02
-7.629618e+00 -2.057576e+02 3.530603e+02
-7.797623e+00 -2.061344e+02 3.528832e+02
-7.965647e+00 -2.065109e+02 3.527056e+02
-8.133689e+00 -2.068873e+02 3.525275e+02
-8.301749e+00 -2.072635e+02 3.523490e+02
-8.469827e+00 -2.076395e+02 3.521701e+02
-8.637923e+00 -2.080153e+02 3.519906e+02
-8.806037e+00 -2.083909e+02 3.518107e+02
-8.974168e+00 -2.087664e+02 3.516303e+02
-9.142317e+00 -2.091416e+02 3.514495e+02
-9.310482e+00 -2.095166e+02 3.512682e+02
-9.478664e+00 -2.098915e+02 3.510865e+02
-9.646862e+00 -2.102661e+02 3.509042e+02
-9.815077e+00 -2.106406e+02 3.507216e+02
-9.983308e+00 -2.110148e+02 3.505384e+02
-1.015155e+01 -2.113889e+02 3.503548e+02
-1.031982e+01 -2.117628e+02 3.501707e+02
-1.048809e+01 -2.121364e+02 3.499862e+02
-1.065639e+01 -2.125099e+02 3.498012e+02
-1.082469e+01 -2.128832e+02 3.496157e+02
-1.099302e+01 -2.132563e+02 3.494298e+02
-1.116135e+01 -2.136291e+02 3.492434e+02
-1.132971e+01 -2.140018e+02 3.490566e+02
-1.149807e+01 -2.143743e+02 3.488693e+02
-1.166645e+01 -2.147466e+02 3.486815e+02
-1.183484e+01 -2.151186e+02 3.484933e+02
-1.200325e+01 -2.154905e+02 3.483046e+02
-1.217167e+01 -2.158622e+02 3.481154e+02
-1.234010e+01 -2.162336e+02 3.479258e+02
-1.250855e+01 -2.166049e+02 3.477357e+02
-1.267700e+01 -2.169760e+02 3.475452e+02
-1.284547e+01 -2.173468e+02 3.473542e+02
-1.301396e+01 -2.177175e+02 3.471628e+02
-1.318245e+01 -2.180879e+02 3.469709e+02
-1.335095e+01 -2.184581e+02 3.467785e+02
-1.351947e+01 -2.188282e+02 3.465857e+02
-1.368800e+01 -2.191980e+02 3.463924e+02
-1.385654e+01 -2.195676e+02 3.461986e+02
-1.402509e+01 -2.199370e+02 3.460044e+02
-1.419365e+01 -2.203062e+02 3.458098e+02
-1.436222e+01 -2.206752e+02 3.456147e+02
-1.453080e+01 -2.210440e+02 3.454191e+02
-1.469939e+01 -2.214126e+02 3.452231e+02
-1.486799e+01 -2.217809e+02 3.450266e+02
-1.503660e+01 -2.221491e+02 3.448296e+02
-1.520522e+01 -2.225170e+02 3.446322e+02
-1.537385e+01 -2.228847e+02 3.444343e+02
-1.554248e+01 -2.232522e+02 3.442360e+02
-1.571113e+01 -2.236195e+02 3.440373e+02
-1.587978e+01 -2.239866e+02 3.438380e+02
-1.604844e+01 -2.243535e+02 3.436383e+02
-1.621711e+01 -2.247202e+02 3.434382e+02
-1.638579e+01 -2.250866e+02 3.432376e+02
-1.655448e+01 -2.254528e+02 3.430365e+02
-1.672317e+01 -2.258188e+02 3.428350e+02
-1.689187e+01 -2.261846e+02 3.426331e+02
-1.706057e+01 -2.265502e+02 3.424307e+02
-1.722928e+01 -2.269155e+02 3.422278e+02
-1.739800e+01 -2.272807e+02 3.420245e+02
-1.756673e+01 -2.276456e+02 3.418207e+02
-1.773546e+01 -2.280103e+02 3.416165e+02
-1.790419e+01 -2.283748e+02 3.414118e+02
-1.807293e+01 -2.287390e+02 3.412066e+02
-1.824168e+01 -2.291031e+02 3.410010e+02
-1.841043e+01 -2.294669e+02 3.407950e+02
-1.857919e+01 -2.298305e+02 3.405885e+02
-1.874795e+01 -2.301939e+02 3.403816e+02
-1.891671e+01 -2.305570e+02 3.401742e+02
-1.908548e+01 -2.309199e+02 3.399663e+02
-1.925426e+01 -2.312826e+02 3.397580e+02
-1.942303e+01 -2.316451e+02 3.395492e+02
-1.959181e+01 -2.320074e+02 3.393400e+02
-1.976060e+01 -2.323694e+02 3.391304e+02
-1.992938e+01 -2.327312e+02 3.389203e+02
-2.009817e+01 -2.330928e+02 3.387097e+02
-2.026696e+01 -2.334541e+02 3.384987e+02
-2.043576e+01 -2.338152e+02 3.382873e+02
-2.060455e+01 -2.341761e+02 3.380753e+02
-2.077335e+01 -2.345368e+02 3.378630e+02
-2.094215e+01 -2.348972e+02 3.376502e+02
-2.111095e+01 -2.352574e+02 3.374369e+02
-2.127976e+01 -2.356174e+02 3.372232e+02
-2.144856e+01 -2.359772e+02 3.370091e+02
-2.161736e+01 -2.363367e+02 3.367945e+02
-2.178617e+01 -2.366960e+02 3.365794e+02
-2.195497e+01 -2.370550e+02 3.363639e+02
-2.212378e+01 -2.374138e+02 3.361480e+02
-2.229258e+01 -2.377724e+02 3.359316e+02
-2.246139e+01 -2.381308e+02 3.357148e+02
-2.263019e+01 -2.384889e+02 3.354975e+02
-2.279899e+01 -2.388468e+02 3.352798e+02
-2.296780e+01 -2.392044e+02 3.350616e+02
-2.313660e+01 -2.395618e+02 3.348430e+02
-2.330540e+01 -2.399190e+02 3.346239e+02
-2.347420e+01 -2.402759e+02 3.344044e+02
-2.364299e+01 -2.406326e+02 3.341844e+02
-2.381179e+01 -2.409891e+02 3.339640e+02
-2.398058e+01 -2.413453e+02 3.337432e+02
-2.414937e+01 -2.417013e+02 3.335219e+02
-2.431815e+01 -2.420571e+02 3.333001e+02
-2.448694e+01 -2.424126e+02 3.330780e+02
-2.465572e+01 -2.427678e+02 3.328553e+02
-2.482450e+01 -2.431229e+02 3.326323e+02
-2.499327e+01 -2.434777e+02 3.324087e+02
-2.516204e+01 -2.438322e+02 3.321848e+02
-2.533080e+01 -2.441865e+02 3.319604e+02
-2.549956e+01 -2.445406e+02 3.317356e+02
-2.566832e+01 -2.448944e+02 3.315103e+02
-2.583707e+01 -2.452480e+02 3.312846e+02
-2.600582e+01 -2.456013e+02 3.310584e+02
-2.617456e+01 -2.459544e+02 3.308318e+02
-2.634330e+01 -2.463072e+02 3.306047e+02
-2.651203e+01 -2.466598e+02 3.303772e+02
-2.668075e+01 -2.470122e+02 3.301493e+02
-2.684947e+01 -2.473643e+02 3.299209e+02
-2.701818e+01 -2.477161e+02 3.296921e+02
-2.718689e+01 -2.480678e+02 3.294629e+02
-2.735559e+01 -2.484191e+02 3.292332e+02
-2.752428e+01 -2.487702e+02 3.290031e+02
-2.769296e+01 -2.491211e+02 3.287725e+02
-2.786164e+01 -2.494717e+02 3.285415e+02
-2.803031e+01 -2.498221e+02 3.283101e+02
-2.819897e+01 -2.501722e+02 3.280782e+02
-2.836763e+01 -2.505221e+02 3.278459e+02
-2.853627e+01 -2.508717e+02 3.276131e+02
-2.870491e+01 -2.512210e+02 3.273799e+02
-2.887354e+01 -2.515702e+02 3.271463e+02
-2.904216e+01 -2.519190e+02 3.269122e+02
-2.921077e+01 -2.522676e+02 3.266777e+02
-2.937937e+01 -2.526160e+02 3.264427e+02
-2.954796e+01 -2.529641e+02 3.262074e+02
-2.971654e+01 -2.533119e+02 3.259716e+02
-2.988511e+01 -2.536595e+02 3.257353e+02
-3.005368e+01 -2.540068e+02 3.254986e+02
-3.022223e+01 -2.543539e+02 3.252615e+02
-3.039077e+01 -2.547007e+02 3.250240e+02
-3.055930e+01 -2.550473e+02 3.247860e+02
-3.072781e+01 -2.553936e+02 3.245475e+02
-3.089632e+01 -2.557397e+02 3.243087e+02
-3.106481e+01 -2.560854e+02 3.240694e+02
-3.123330e+01 -2.564310e+02 3.238297e+02
-3.140177e+01 -2.567762e+02 3.235895e+02
-3.157023e+01 -2.571213e+02 3.233489e+02
-3.173867e+01 -2.574660e+02 3.231079e+02
-3.190711e+01 -2.578105e+02 3.228665e+02
-3.207553e+01 -2.581547e+02 3.226246e+02
-3.224394e+01 -2.584987e+02 3.223823e+02
-3.241233e+01 -2.588424e+02 3.221395e+02
-3.258071e+01 -2.591858e+02 3.218963e+02
-3.274908e+01 -2.595290e+02 3.216527e+02
-3.291743e+01 -2.598719e+02 3.214087e+02
-3.308577e+01 -2.602146e+02 3.211642e+02
-3.325410e+01 -2.605570e+02 3.209193e+02
-3.342241e+01 -2.608991e+02 3.206740e+02
-3.359070e+01 -2.612410e+02 3.204282e+02
-3.375898e+01 -2.615825e+02 3.201820e+02
-3.392725e+01 -2.619239e+02 3.199354e+02
-3.409549e+01 -2.622649e+02 3.196884e+02
-3.426373e+01 -2.626057e+02 3.194409e+02
-3.443195e+01 -2.629462e+02 3.191930e+02
-3.460015e+01 -2.632865e+02 3.189447e+02
-3.476833e+01 -2.636265e+02 3.186959e+02
-3.493650e+01 -2.639662e+02 3.184468e+02
-3.510465e+01 -2.643056e+02 3.181972e+02
-3.527278e+01 -2.646448e+02 3.179471e+02
-3.544090e+01 -2.649837e+02 3.176967e+02
-3.560900e+01 -2.653224e+02 3.174458e+02
-3.577708e+01 -2.656607e+02 3.171945e+02
-3.594515e+01 -2.659988e+02 3.169427e+02
-3.611319e+01 -2.663366e+02 3.166906e+02
-3.628122e+01 -2.666742e+02 3.164380e+02
-3.644923e+01 -2.670115e+02 3.161850e+02
-3.661722e+01 -2.673485e+02 3.159316e+02
-3.678519e+01 -2.676852e+02 3.156777e+02
-3.695314e+01 -2.680216e+02 3.154234e+02
-3.712107e+01 -2.683578e+02 3.151687e+02
-3.728898e+01 -2.686937e+02 3.149136e+02
-3.745688e+01 -2.690293e+02 3.146580e+02
-3.762475e+01 -2.693647e+02 3.144021e+02
-3.779260e+01 -2.696997e+02 3.141457e+02
-3.796043e+01 -2.700345e+02 3.138889e+02
-3.812824e+01 -2.703690e+02 3.136317e+02
-3.829603e+01 -2.707033e+02 3.133740e+02
-3.846380e+01 -2.710372e+02 3.131159e+02
-3.863155e+01 -2.713709e+02 3.128574e+02
-3.879927e+01 -2.717043e+02 3.125985e+02
-3.896698e+01 -2.720374e+02 3.123392e+02
-3.913466e+01 -2.723703e+02 3.120794e+02
-3.930232e+01 -2.727028e+02 3.118193e+02
-3.946995e+01 -2.730351e+02 3.115587e+02
-3.963757e+01 -2.733671e+02 3.112977e+02
-3.980516e+01 -2.736988e+02 3.110363e+02
-3.997273e+01 -2.740302e+02 3.107744e+02
-4.014027e+01 -2.743614e+02 3.105122e+02
-4.030779e+01 -2.746922e+02 3.102495e+02
-4.047529e+01 -2.750228e+02 3.099864e+02
-4.064276e+01 -2.753531e+02 3.097229e+02
-4.081021e+01 -2.756831e+02 3.094590e+02
-4.097763e+01 -2.760128e+02 3.091946e+02
-4.114503e+01 -2.763422e+02 3.089299e+02
-4.131241e+01 -2.766714e+02 3.086647e+02
-4.147976e+01 -2.770002e+02 3.083991e+02
-4.164708e+01 -2.773288e+02 3.081331e+02
-4.181438e+01 -2.776571e+02 3.078667e+02
-4.198165e+01 -2.779851e+02 3.075999e+02
-4.214890e+01 -2.783128e+02 3.073326e+02
-4.231612e+01 -2.786402e+02 3.070650e+02
-4.248331e+01 -2.789674e+02 3.067969e+02
-4.265048e+01 -2.792942e+02 3.065284e+02
-4.281762e+01 -2.796207e+02 3.062595e+02
-4.298474e+01 -2.799470e+02 3.059902e+02
-4.315182e+01 -2.802730e+02 3.057205e+02
-4.331888e+01 -2.805986e+02 3.054504e+02
-4.348591e+01 -2.809240e+02 3.051799e+02
-4.365292e+01 -2.812491e+02 3.049089e+02
-4.381989e+01 -2.815739e+02 3.046376e+02
-4.398684e+01 -2.818984e+02 3.043658e+02
-4.415376e+01 -2.822226e+02 3.040936e+02
-4.432064e+01 -2.825465e+02 3.038210e+02
-4.448751e+01 -2.828701e+02 3.035481e+02
-4.465434e+01 -2.831935e+02 3.032747e+02
-4.482114e+01 -2.835165e+02 3.030008e+02
-4.498791e+01 -2.838392e+02 3.027266e+02
-4.515465e+01 -2.841617e+02 3.024520e+02
-4.532136e+01 -2.844838e+02 3.021770e+02
-4.548805e+01 -2.848056e+02 3.019015e+02
-4.565470e+01 -2.851272e+02 3.016257e+02
-4.582132e+01 -2.854484e+02 3.013494e+02
-4.598791e+01 -2.857694e+02 3.010728e+02
-4.615447e+01 -2.860900e+02 3.007957e+02
-4.632099e+01 -2.864104e+02 3.005183e+02
-4.648749e+01 -2.867304e+02 3.002404e+02
-4.665395e+01 -2.870502e+02 2.999621e+02
-4.682039e+01 -2.873696e+02 2.996834e+02
-4.698678e+01 -2.876888e+02 2.994044e+02
-4.715315e+01 -2.880076e+02 2.991249e+02
-4.731949e+01 -2.883261e+02 2.988450e+02
-4.748579e+01 -2.886444e+02 2.985647e+02
-4.765206e+01 -2.889623e+02 2.982840e+02
-4.781829e+01 -2.892799e+02 2.980029e+02
-4.798449e+01 -2.895973e+02 2.977214e+02
-4.815066e+01 -2.899143e+02 2.974395e+02
-4.831680e+01 -2.902310e+02 2.971572e+02
-4.848290e+01 -2.905474e+02 2.968745e+02
-4.864896e+01 -2.908635e+02 2.965914e+02
-4.881499e+01 -2.911793e+02 2.963079e+02
-4.898099e+01 -2.914948e+02 2.960240e+02
-4.914695e+01 -2.918100e+02 2.957397e+02
-4.931288e+01 -2.921249e+02 2.954550e+02
-4.947877e+01 -2.924395e+02 2.951699e+02
-4.964462e+01 -2.927537e+02 2.948844e+02
-4.981044e+01 -2.930677e+02 2.945986e+02
-4.997623e+01 -2.933813e+02 2.943123e+02
-5.014197e+01 -2.936947e+02 2.940256e+02
-5.030768e+01 -2.940077e+02 2.937385e+02
-5.047336e+01 -2.943204e+02 2.934510e+02
-5.063899e+01 -2.946328e+02 2.931632e+02
-5.080459e+01 -2.949449e+02 2.928749e+02
-5.097016e+01 -2.952567e+02 2.925862e+02
-5.113568e+01 -2.955682e+02 2.922972e+02
-5.130117e+01 -2.958794e+02 2.920077e+02
-5.146662e+01 -2.961902e+02 2.917179e+02
-5.163203e+01 -2.965008e+02 2.914276e+02
-5.179740e+01 -2.968110e+02 2.911370e+02
-5.196274e+01 -2.971209e+02 2.908460e+02
-5.212803e+01 -2.974305e+02 2.905545e+02
-5.229329e+01 -2.977398e+02 2.902627e+02
-5.245851e+01 -2.980487e+02 2.899705e+02
-5.262368e+01 -2.983574e+02 2.896779e+02
-5.278882e+01 -2.986657e+02 2.893850e+02
-5.295392e+01 -2.989737e+02 2.890916e+02
-5.311898e+01 -2.992814e+02 2.887978e+02
-5.328400e+01 -2.995888e+02 2.885036e+02
-5.344898e+01 -2.998959e+02 2.882091e+02
-5.361391e+01 -3.002026e+02 2.879142e+02
-5.377881e+01 -3.005091e+02 2.876188e+02
-5.394366e+01 -3.008152e+02 2.873231e+02
-5.410848e+01 -3.011210e+02 2.870270e+02
-5.427325e+01 -3.014264e+02 2.867305e+02
-5.443798e+01 -3.017316e+02 2.864336e+02
-5.460267e+01 -3.020364e+02 2.861364e+02
-5.476731e+01 -3.023409e+02 2.858387e+02
-5.493192e+01 -3.026451e+02 2.855407e+02
-5.509648e+01 -3.029490e+02 2.852423e+02
-5.526100e+01 -3.032525e+02 2.849435e+02
-5.542547e+01 -3.035558e+02 2.846443e+02
-5.558991e+01 -3.038587e+02 2.843447e+02
-5.575430e+01 -3.041613e+02 2.840447e+02
-5.591864e+01 -3.044635e+02 2.837444e+02
-5.608294e+01 -3.047654e+02 2.834436e+02
-5.624720e+01 -3.050671e+02 2.831425e+02
-5.641141e+01 -3.053683e+02 2.828410e+02
-5.657558e+01 -3.056693e+02 2.825391e+02
-5.673971e+01 -3.059699e+02 2.822369e+02
-5.690379e+01 -3.062702e+02 2.819342e+02
-5.706782e+01 -3.065702e+02 2.816312e+02
-5.723181e+01 -3.068699e+02 2.813278e+02
-5.739575e+01 -3.071692e+02 2.810240e+02
-5.755965e+01 -3.074682e+02 2.807198e+02
-5.772350e+01 -3.077669e+02 2.804153e+02
-5.788731e+01 -3.080652e+02 2.801103e+02
-5.805107e+01 -3.083632e+02 2.798050e+02
-5.821478e+01 -3.086609e+02 2.794993e+02
-5.837845e+01 -3.089583e+02 2.791933e+02
-5.854207e+01 -3.092553e+02 2.788868e+02
-5.870564e+01 -3.095520e+02 2.785800e+02
-5.886917e+01 -3.098484e+02 2.782728e+02
-5.903264e+01 -3.101444e+02 2.779652e+02
-5.919607e+01 -3.104401e+02 2.776573e+02
-5.935946e+01 -3.107355e+02 2.773489e+02
-5.952279e+01 -3.110305e+02 2.770402e+02
-5.968608e+01 -3.113253e+02 2.767311e+02
-5.984931e+01 -3.116196e+02 2.764217e+02
-6.001250e+01 -3.119137e+02 2.761119e+02
-6.017564e+01 -3.122074e+02 2.758016e+02
-6.033873e+01 -3.125008e+02 2.754911e+02
-6.050177e+01 -3.127938e+02 2.751801e+02
-6.066476e+01 -3.130865e+02 2.748688e+02
-6.082770e+01 -3.133789e+02 2.745571e+02
-6.099059e+01 -3.136709e+02 2.742450e+02
-6.115344e+01 -3.139626e+02 2.739326e+02
-6.131623e+01 -3.142540e+02 2.736198e+02
-6.147897e+01 -3.145450e+02 2.733066e+02
-6.164165e+01 -3.148357e+02 2.729930e+02
-6.180429e+01 -3.151261e+02 2.726791e+02
-6.196688e+01 -3.154161e+02 2.723648e+02
-6.212942e+01 -3.157058e+02 2.720501e+02
-6.229190e+01 -3.159951e+02 2.717351e+02
-6.245433e+01 -3.162841e+02 2.714197e+02
-6.261671e+01 -3.165728e+02 2.711039e+02
-6.277904e+01 -3.168611e+02 2.707878e+02
-6.294131e+01 -3.171491e+02 2.704712e+02
-6.310354e+01 -3.174367e+02 2.701544e+02
-6.326571e+01 -3.177240e+02 2.698371e+02
-6.342782e+01 -3.180110e+02 2.695195e+02
-6.358989e+01 -3.182976e+02 2.692015e+02
-6.375190e+01 -3.185839e+02 2.688832e+02
-6.391385e+01 -3.188698e+02 2.685645e+02
-6.407576e+01 -3.191554e+02 2.682454e+02
-6.423760e+01 -3.194407e+02 2.679260e+02
-6.439940e+01 -3.197256e+02 2.676062e+02
-6.456114e+01 -3.200102e+02 2.672860e+02
-6.472282e+01 -3.202944e+02 2.669655e+02
-6.488445e+01 -3.205783e+02 2.666446e+02
-6.504603e+01 -3.208618e+02 2.663233e+02
-6.520755e+01 -3.211450e+02 2.660017e+02
-6.536901e+01 -3.214278e+02 2.656797e+02
-6.553042e+01 -3.217103e+02 2.653574e+02
-6.569178e+01 -3.219925e+02 2.650347e+02
-6.585307e+01 -3.222743e+02 2.647116e+02
-6.601431e+01 -3.225558e+02 2.643882e+02
-6.617550e+01 -3.228369e+02 2.640644e+02
-6.633662e+01 -3.231176e+02 2.637403e+02
-6.649770e+01 -3.233980e+02 2.634158e+02
-6.665871e+01 -3.236781e+02 2.630909e+02
-6.681966e+01 -3.239578e+02 2.627657e+02
-6.698056e+01 -3.242372e+02 2.624401e+02
-6.714140e+01 -3.245162e+02 2.621142e+02
-6.730219e+01 -3.247949e+02 2.617879e+02
-6.746291e+01 -3.250732e+02 2.614613e+02
-6.762358e+01 -3.253512e+02 2.611343e+02
-6.778419e+01 -3.256288e+02 2.608069e+02
-6.794474e+01 -3.259061e+02 2.604792e+02
-6.810523e+01 -3.261830e+02 2.601511e+02
-6.826566e+01 -3.264596e+02 2.598227e+02
-6.842603e+01 -3.267358e+02 2.594940e+02
-6.858635e+01 -3.270117e+02 2.591648e+02
-6.874660e+01 -3.272872e+02 2.588353e+02
-6.890679e+01 -3.275623e+02 2.585055e+02
-6.906693e+01 -3.278372e+02 2.581753e+02
-6.922700e+01 -3.281116e+02 2.578448e+02
-6.938701e+01 -3.283857e+02 2.575139e+02
-6.954696e+01 -3.286594e+02 2.571827e+02
-6.970686e+01 -3.289328e+02 2.568511e+02
-6.986669e+01 -3.292059e+02 2.565191e+02
-7.002646e+01 -3.294786e+02 2.561868e+02
-7.018616e+01 -3.297509e+02 2.558542e+02
-7.034581e+01 -3.300228e+02 2.555212e+02
-7.050539e+01 -3.302945e+02 2.551879e+02
-7.066492e+01 -3.305657e+02 2.548542e+02
-7.082438e+01 -3.308366e+02 2.545201e+02
-7.098377e+01 -3.311071e+02 2.541858e+02
-7.114311e+01 -3.313773e+02 2.538510e+02
-7.130238e+01 -3.316472e+02 2.535159e+02
-7.146159e+01 -3.319166e+02 2.531805e+02
-7.162074e+01 -3.321857e+02 2.528448e+02
-7.177982e+01 -3.324545e+02 2.525086e+02
-7.193884e+01 -3.327229e+02 2.521722e+02
-7.209779e+01 -3.329909e+02 2.518354e+02
-7.225668e+01 -3.332586e+02 2.514982e+02
-7.241551e+01 -3.335259e+02 2.511607e+02
-7.257427e+01 -3.337928e+02 2.508229e+02
-7.273297e+01 -3.340594e+02 2.504847e+02
-7.289160e+01 -3.343256e+02 2.501462e+02
-7.305017e+01 -3.345915e+02 2.498073e+02
-7.320868e+01 -3.348570e+02 2.494681e+02
-7.336711e+01 -3.351222e+02 2.491286e+02
-7.352549e+01 -3.353869e+02 2.487887e+02
-7.368379e+01 -3.356513e+02 2.484485e+02
-7.384203e+01 -3.359154e+02 2.481079e+02
-7.400021e+01 -3.361791e+02 2.477670e+02
-7.415832e+01 -3.364424e+02 2.474258e+02
-7.431636e+01 -3.367054e+02 2.470842e+02
-7.447434e+01 -3.369680e+02 2.467423e+02
-7.463224e+01 -3.372302e+02 2.464000e+02
-7.479009e+01 -3.374921e+02 2.460574e+02
-7.494786e+01 -3.377536e+02 2.457145e+02
-7.510557e+01 -3.380147e+02 2.453712e+02
-7.526321e+01 -3.382755e+02 2.450276e+02
-7.542078e+01 -3.385359e+02 2.446837e+02
-7.557828e+01 -3.387959e+02 2.443394e+02
-7.573571e+01 -3.390556e+02 2.439948e+02
-7.589308e+01 -3.393149e+02 2.436498e+02
-7.605038e+01 -3.395738e+02 2.433045e+02
-7.620761e+01 -3.398324e+02 2.429589e+02
-7.636477e+01 -3.400906e+02 2.426130e+02
-7.652186e+01 -3.403484e+02 2.422667e+02
-7.667888e+01 -3.406059e+02 2.419201e+02
-7.683583e+01 -3.408629e+02 2.415732e+02
-7.699272e+01 -3.411197e+02 2.412259e+02
-7.714953e+01 -3.413760e+02 2.408783e+02
-7.730627e+01 -3.416320e+02 2.405303e+02
-7.746294e+01 -3.418876e+02 2.401821e+02
-7.761955e+01 -3.421428e+02 2.398335e+02
-7.777608e+01 -3.423977e+02 2.394845e+02
-7.793254e+01 -3.426522e+02 2.391353e+02
-7.808893e+01 -3.429063e+02 2.387857e+02
-7.824524e+01 -3.431601e+02 2.384358e+02
-7.840149e+01 -3.434135e+02 2.380856e+02
-7.855766e+01 -3.436665e+02 2.377350e+02
-7.871377e+01 -3.439191e+02 2.373841e+02
-7.886980e+01 -3.441714e+02 2.370329e+02
-7.902576e+01 -3.444233e+02 2.366813e+02
-7.918164e+01 -3.446748e+02 2.363295e+02
-7.933746e+01 -3.449259e+02 2.359773e+02
-7.949320e+01 -3.451767e+02 2.356248e+02
-7.964887e+01 -3.454271e+02 2.352719e+02
-7.980446e+01 -3.456771e+02 2.349187e+02
-7.995998e+01 -3.459267e+02 2.345653e+02
-8.011543e+01 -3.461760e+02 2.342114e+02
-8.027081e+01 -3.464249e+02 2.338573e+02
-8.042611e+01 -3.466734e+02 2.335028e+02
-8.058133e+01 -3.469215e+02 2.331481e+02
-8.073649e+01 -3.471693e+02 2.327930e+02
-8.089156e+01 -3.474167e+02 2.324375e+02
-8.104657e+01 -3.476637e+02 2.320818e+02
-8.120150e+01 -3.479103e+02 2.317257e+02
-8.135635e+01 -3.481565e+02 2.313694e+02
-8.151113e+01 -3.484024e+02 2.310127e+02
-8.166583e+01 -3.486479e+02 2.306556e+02
-8.182046e+01 -3.488930e+02 2.302983e+02
-8.197501e+01 -3.491377e+02 2.299407e+02
-8.212949e+01 -3.493821e+02 2.295827e+02
-8.228389e+01 -3.496261e+02 2.292244e+02
-8.243821e+01 -3.498697e+02 2.288658e+02
-8.259246e+01 -3.501129e+02 2.285069e+02
-8.274663e+01 -3.503557e+02 2.281476e+02
-8.290072e+01 -3.505982e+02 2.277881e+02
-8.305474e+01 -3.508402e+02 2.274282e+02
-8.320868e+01 -3.510819e+02 2.270681e+02
-8.336254e+01 -3.513232e+02 2.267076e+02
-8.351632e+01 -3.515642e+02 2.263468e+02
-8.367003e+01 -3.518047e+02 2.259856e+02
-8.382366e+01 -3.520449e+02 2.256242e+02
-8.397721e+01 -3.522847e+02 2.252625e+02
-8.413068e+01 -3.525241e+02 2.249004e+02
-8.428408e+01 -3.527631e+02 2.245380e+02
-8.443739e+01 -3.530017e+02 2.241754e+02
-8.459063e+01 -3.532399e+02 2.238124e+02
-8.474379e+01 -3.534778e+02 2.234491e+02
-8.489687e+01 -3.537153e+02 2.230855e+02
-8.504986e+01 -3.539524e+02 2.227216e+02
-8.520278e+01 -3.541891e+02 2.223574e+02
-8.535562e+01 -3.544254e+02 2.219928e+02
-8.550838e+01 -3.546613e+02 2.216280e+02
-8.566106e+01 -3.548969e+02 2.212629e+02
-8.581366e+01 -3.551320e+02 2.208974e+02
-8.596618e+01 -3.553668e+02 2.205316e+02
-8.611862e+01 -3.556012e+02 2.201656e+02
-8.627098e+01 -3.558352e+02 2.197992e+02
-8.642325e+01 -3.560688e+02 2.194325e+02
-8.657545e+01 -3.563021e+02 2.190656e+02
-8.672756e+01 -3.565349e+02 2.186983e+02
-8.687960e+01 -3.567674e+02 2.183307e+02
-8.703155e+01 -3.569994e+02 2.179628e+02
-8.718342e+01 -3.572311e+02 2.175946e+02
-8.733520e+01 -3.574624e+02 2.172261e+02
-8.748691e+01 -3.576933e+02 2.168573e+02
-8.763853e+01 -3.579238e+02 2.164883e+02
-8.779007e+01 -3.581539e+02 2.161189e+02
-8.794153e+01 -3.583836e+02 2.157492e+02
-8.809290e+01 -3.586130e+02 2.153792e+02
-8.824419e+01 -3.588419e+02 2.150089e+02
-8.839540e+01 -3.590705e+02 2.146383e+02
-8.854653e+01 -3.592987e+02 2.142674e+02
-8.869757e+01 -3.595264e+02 2.138962e+02
-8.884852e+01 -3.597538e+02 2.135247e+02
-8.899940e+01 -3.599808e+02 2.131529e+02
-8.915018e+01 -3.602074e+02 2.127808e+02
-8.930089e+01 -3.604336e+02 2.124085e+02
-8.945151e+01 -3.606594e+02 2.120358e+02
-8.960204e+01 -3.608849e+02 2.116628e+02
-8.975249e+01 -3.611099e+02 2.112896e+02
-8.990286e+01 -3.613345e+02 2.109160e+02
-9.005314e+01 -3.615588e+02 2.105422e+02
-9.020333e+01 -3.617826e+02 2.101680e+02
-9.035344e+01 -3.620061e+02 2.097936e+02
-9.050346e+01 -3.622291e+02 2.094188e+02
-9.065340e+01 -3.624518e+02 2.090438e+02
-9.080325e+01 -3.626741e+02 2.086685e+02
-9.095302e+01 -3.628960e+02 2.082929e+02
-9.110270e+01 -3.631174e+02 2.079170e+02
-9.125229e+01 -3.633385e+02 2.075408e+02
-9.140179e+01 -3.635592e+02 2.071643e+02
-9.155121e+01 -3.637795e+02 2.067876e+02
-9.170054e+01 -3.639994e+02 2.064105e+02
-9.184978e+01 -3.642189e+02 2.060332e+02
-9.199894e+01 -3.644380e+02 2.056555e+02
-9.214801e+01 -3.646567e+02 2.052776e+02
-9.229699e+01 -3.648750e+02 2.048994e+02
-9.244588e+01 -3.650930e+02 2.045209e+02
-9.259469e+01 -3.653105e+02 2.041421e+02
-9.274340e+01 -3.655276e+02 2.037630e+02
-9.289203e+01 -3.657443e+02 2.033837e+02
-9.304057e+01 -3.659606e+02 2.030041e+02
-9.318902e+01 -3.661766e+02 2.026241e+02
-9.333738e+01 -3.663921e+02 2.022439e+02
-9.348565e+01 -3.666072e+02 2.018634e+02
-9.363383e+01 -3.668219e+02 2.014827e+02
-9.378192e+01 -3.670363e+02 2.011016e+02
-9.392993e+01 -3.672502e+02 2.007203e+02
-9.407784e+01 -3.674637e+02 2.003386e+02
-9.422566e+01 -3.676768e+02 1.999567e+02
-9.437340e+01 -3.678896e+02 1.995746e+02
-9.452104e+01 -3.681019e+02 1.991921e+02
-9.466859e+01 -3.683138e+02 1.988094e+02
-9.481605e+01 -3.685253e+02 1.984263e+02
-9.496342e+01 -3.687365e+02 1.980430e+02
-9.511070e+01 -3.689472e+02 1.976594e+02
-9.525789e+01 -3.691575e+02 1.972756e+02
-9.540499e+01 -3.693674e+02 1.968915e+02
-9.555199e+01 -3.695769e+02 1.965070e+02
-9.569890e+01 -3.697860e+02 1.961223e+02
-9.584573e+01 -3.699947e+02 1.957374e+02
-9.599246e+01 -3.702030e+02 1.953521e+02
-9.613909e+01 -3.704109e+02 1.949666e+02
-9.628564e+01 -3.706184e+02 1.945808e+02
-9.643209e+01 -3.708255e+02 1.941948e+02
-9.657845e+01 -3.710322e+02 1.938084e+02
-9.672472e+01 -3.712385e+02 1.934218e+02
-9.687089e+01 -3.714444e+02 1.930349e+02
-9.701697e+01 -3.716499e+02 1.926478e+02
-9.716296e+01 -3.718549e+02 1.922603e+02
-9.730885e+01 -3.720596e+02 1.918726e+02
-9.745465e+01 -3.722639e+02 1.914846e+02
-9.760035e+01 -3.724677e+02 1.910964e+02
-9.774597e+01 -3.726712e+02 1.907079e+02
-9.789148e+01 -3.728742e+02 1.903191e+02
-9.803691e+01 -3.730768e+02 1.899300e+02
-9.818223e+01 -3.732791e+02 1.895407e+02
-9.832747e+01 -3.734809e+02 1.891511e+02
-9.847261e+01 -3.736823e+02 1.887612e+02
-9.861765e+01 -3.738833e+02 1.883711e+02
-9.876260e+01 -3.740839e+02 1.879807e+02
-9.890745e+01 -3.742841e+02 1.875900e+02
-9.905221e+01 -3.744839e+02 1.871991e+02
-9.919687e+01 -3.746833e+02 1.868079e+02
-9.934144e+01 -3.748823e+02 1.864165e+02
-9.948591e+01 -3.750808e+02 1.860247e+02
-9.963028e+01 -3.752790e+02 1.856327e+02
-9.977456e+01 -3.754767e+02 1.852405e+02
-9.991874e+01 -3.756741e+02 1.848480e+02
-1.000628e+02 -3.758710e+02 1.844552e+02
-1.002068e+02 -3.760675e+02 1.840621e+02
-1.003507e+02 -3.762636e+02 1.836688e+02
-1.004945e+02 -3.764593e+02 1.832753e+02
-1.006382e+02 -3.766546e+02 1.828814e+02
-1.007818e+02 -3.768495e+02 1.824873e+02
-1.009253e+02 -3.770440e+02 1.820930e+02
-1.010687e+02 -3.772380e+02 1.816984e+02
-1.012120e+02 -3.774317e+02 1.813035e+02
-1.013552e+02 -3.776249e+02 1.809084e+02
-1.014983e+02 -3.778177e+02 1.805130e+02
-1.016413e+02 -3.780101e+02 1.801174e+02
-1.017842e+02 -3.782021e+02 1.797215e+02
-1.019271e+02 -3.783937e+02 1.793253e+02
-1.020698e+02 -3.785849e+02 1.789289e+02
-1.022124e+02 -3.787757e+02 1.785322e+02
-1.023549e+02 -3.789660e+02 1.781353e+02
-1.024973e+02 -3.791560e+02 1.777381e+02
-1.026396e+02 -3.793455e+02 1.773407e+02
-1.027819e+02 -3.795346e+02 1.769430e+02
-1.029240e+02 -3.797233e+02 1.765450e+02
-1.030660e+02 -3.799116e+02 1.761468e+02
-1.032079e+02 -3.800995e+02 1.757484e+02
-1.033497e+02 -3.802869e+02 1.753497e+02
-1.034914e+02 -3.804740e+02 1.749507e+02
-1.036331e+02 -3.806606e+02 1.745515e+02
-1.037746e+02 -3.808468e+02 1.741520e+02
-1.039160e+02 -3.810326e+02 1.737523e+02
-1.040573e+02 -3.812180e+02 1.733524e+02
-1.041985e+02 -3.814030e+02 1.729521e+02
-1.043396e+02 -3.815875e+02 1.725517e+02
-1.044806e+02 -3.817717e+02 1.721510e+02
-1.046215e+02 -3.819554e+02 1.717500e+02
-1.047623e+02 -3.821387e+02 1.713488e+02
-1.049030e+02 -3.823216e+02 1.709474e+02
-1.050437e+02 -3.825041e+02 1.705457e+02
-1.051841e+02 -3.826861e+02 1.701437e+02
-1.053245e+02 -3.828678e+02 1.697415e+02
-1.054648e+02 -3.830490e+02 1.693391e+02
-1.056050e+02 -3.832298e+02 1.689364e+02
-1.057451e+02 -3.834102e+02 1.685335e+02
-1.058851e+02 -3.835902e+02 1.681303e+02
-1.060250e+02 -3.837698e+02 1.677269e+02
-1.061648e+02 -3.839489e+02 1.673232e+02
-1.063044e+02 -3.841276e+02 1.669193e+02
-1.064440e+02 -3.843059e+02 1.665152e+02
-1.065835e+02 -3.844838e+02 1.661108e+02
-1.067228e+02 -3.846613e+02 1.657062e+02
-1.068621e+02 -3.848384e+02 1.653013e+02
-1.070013e+02 -3.850150e+02 1.648962e+02
-1.071403e+02 -3.851912e+02 1.644909e+02
-1.072793e+02 -3.853670e+02 1.640853e+02
-1.074181e+02 -3.855424e+02 1.636795e+02
-1.075568e+02 -3.857173e+02 1.632734e+02
-1.076955e+02 -3.858919e+02 1.628671e+02
-1.078340e+02 -3.860660e+02 1.624606e+02
-1.079724e+02 -3.862397e+02 1.620538e+02
-1.081107e+02 -3.864130e+02 1.616468e+02
-1.082489e+02 -3.865858e+02 1.612395e+02
-1.083870e+02 -3.867583e+02 1.608320e+02
-1.085250e+02 -3.869303e+02 1.604243e+02
-1.086629e+02 -3.871019e+02 1.600164e+02
-1.088007e+02 -3.872731e+02 1.596082e+02
-1.089384e+02 -3.874438e+02 1.591997e+02
-1.090760e+02 -3.876141e+02 1.587911e+02
-1.092134e+02 -3.877841e+02 1.583822e+02
-1.093508e+02 -3.879535e+02 1.579731e+02
-1.094880e+02 -3.881226e+02 1.575637e+02
-1.096252e+02 -3.882913e+02 1.571541e+02
-1.097622e+02 -3.884595e+02 1.567443e+02
-1.098991e+02 -3.886273e+02 1.563343e+02
-1.100360e+02 -3.887947e+02 1.559240e+02
-1.101727e+02 -3.889616e+02 1.555135e+02
-1.103093e+02 -3.891281e+02 1.551027e+02
-1.104458e+02 -3.892943e+02 1.546918e+02
-1.105822e+02 -3.894599e+02 1.542806e+02
-1.107185e+02 -3.896252e+02 1.538691e+02
-1.108546e+02 -3.897901e+02 1.534575e+02
-1.109907e+02 -3.899545e+02 1.530456e+02
-1.111267e+02 -3.901185e+02 1.526335e+02
-1.112625e+02 -3.902820e+02 1.522212e+02
-1.113982e+02 -3.904452e+02 1.518086e+02
-1.115339e+02 -3.906079e+02 1.513958e+02
-1.116694e+02 -3.907702e+02 1.509828e+02
-1.118048e+02 -3.909321e+02 1.505696e+02
-1.119401e+02 -3.910935e+02 1.501562e+02
-1.120753e+02 -3.912545e+02 1.497425e+02
-1.122104e+02 -3.914151e+02 1.493286e+02
-1.123453e+02 -3.915753e+02 1.489145e+02
-1.124802e+02 -3.917351e+02 1.485001e+02
-1.126150e+02 -3.918944e+02 1.480855e+02
-1.127496e+02 -3.920533e+02 1.476708e+02
-1.128841e+02 -3.922117e+02 1.472558e+02
-1.130185e+02 -3.923698e+02 1.468405e+02
-1.131529e+02 -3.925274e+02 1.464251e+02
-1.132870e+02 -3.926846e+02 1.460094e+02
-1.134211e+02 -3.928414e+02 1.455935e+02
-1.135551e+02 -3.929977e+02 1.451774e+02
-1.136890e+02 -3.931536e+02 1.447611e+02
-1.138227e+02 -3.933091e+02 1.443446e+02
-1.139564e+02 -3.934642e+02 1.439278e+02
-1.140899e+02 -3.936188e+02 1.435109e+02
-1.142233e+02 -3.937730e+02 1.430937e+02
-1.143566e+02 -3.939268e+02 1.426763e+02
-1.144898e+02 -3.940801e+02 1.422587e+02
-1.146229e+02 -3.942330e+02 1.418408e+02
-1.147558e+02 -3.943855e+02 1.414228e+02
-1.148887e+02 -3.945376e+02 1.410045e+02
-1.150214e+02 -3.946892e+02 1.405861e+02
-1.151541e+02 -3.948404e+02 1.401674e+02
-1.152866e+02 -3.949912e+02 1.397485e+02
-1.154190e+02 -3.951416e+02 1.393294e+02
-1.155513e+02 -3.952915e+02 1.389100e+02
-1.156834e+02 -3.954410e+02 1.384905e+02
-1.158155e+02 -3.955900e+02 1.380708e+02
-1.159474e+02 -3.957387e+02 1.376508e+02
-1.160793e+02 -3.958869e+02 1.372307e+02
-1.162110e+02 -3.960347e+02 1.368103e+02
-1.163426e+02 -3.961820e+02 1.363897e+02
-1.164741e+02 -3.963289e+02 1.359689e+02
-1.166055e+02 -3.964754e+02 1.355480e+02
-1.167367e+02 -3.966215e+02 1.351268e+02
-1.168679e+02 -3.967671e+02 1.347053e+02
-1.169989e+02 -3.969123e+02 1.342837e+02
-1.171298e+02 -3.970571e+02 1.338619e+02
-1.172606e+02 -3.972014e+02 1.334399e+02
-1.173913e+02 -3.973453e+02 1.330177e+02
-1.175219e+02 -3.974888e+02 1.325952e+02
-1.176523e+02 -3.976318e+02 1.321726e+02
-1.177827e+02 -3.977744e+02 1.317498e+02
-1.179129e+02 -3.979166e+02 1.313267e+02
-1.180430e+02 -3.980584e+02 1.309035e+02
-1.181730e+02 -3.981997e+02 1.304800e+02
-1.183028e+02 -3.983406e+02 1.300564e+02
-1.184326e+02 -3.984810e+02 1.296325e+02
-1.185622e+02 -3.986211e+02 1.292085e+02
-1.186918e+02 -3.987607e+02 1.287842e+02
-1.188212e+02 -3.988998e+02 1.283598e+02
-1.189505e+02 -3.990385e+02 1.279352e+02
-1.190796e+02 -3.991768e+02 1.275103e+02
-1.192087e+02 -3.993147e+02 1.270853e+02
-1.193376e+02 -3.994521e+02 1.266600e+02
-1.194664e+02 -3.995891e+02 1.262346e+02
-1.195952e+02 -3.997257e+02 1.258089e+02
-1.197237e+02 -3.998618e+02 1.253831e+02
-1.198522e+02 -3.999975e+02 1.249571e+02
-1.199806e+02 -4.001328e+02 1.245309e+02
-1.201088e+02 -4.002676e+02 1.241044e+02
-1.202369e+02 -4.004020e+02 1.236778e+02
-1.203649e+02 -4.005360e+02 1.232510e+02
-1.204928e+02 -4.006695e+02 1.228240e+02
-1.206205e+02 -4.008026e+02 1.223968e+02
-1.207482e+02 -4.009353e+02 1.219694e+02
-1.208757e+02 -4.010675e+02 1.215419e+02
-1.210031e+02 -4.011993e+02 1.211141e+02
-1.211304e+02 -4.013307e+02 1.206861e+02
-1.212575e+02 -4.014616e+02 1.202580e+02
-1.213846e+02 -4.015921e+02 1.198296e+02
-1.215115e+02 -4.017221e+02 1.194011e+02
-1.216383e+02 -4.018518e+02 1.189724e+02
-1.217650e+02 -4.019809e+02 1.185434e+02
-1.218916e+02 -4.021097e+02 1.181143e+02
-1.220180e+02 -4.022380e+02 1.176851e+02
-1.221443e+02 -4.023659e+02 1.172556e+02
-1.222705e+02 -4.024933e+02 1.168259e+02
-1.223966e+02 -4.026204e+02 1.163961e+02
-1.225226e+02 -4.027469e+02 1.159660e+02
-1.226484e+02 -4.028731e+02 1.155358e+02
-1.227741e+02 -4.029988e+02 1.151054e+02
-1.228997e+02 -4.031241e+02 1.146748e+02
-1.230252e+02 -4.032489e+02 1.142440e+02
-1.231506e+02 -4.033733e+02 1.138131e+02
-1.232758e+02 -4.034972e+02 1.133819e+02
-1.234009e+02 -4.036208e+02 1.129506e+02
-1.235259e+02 -4.037439e+02 1.125191e+02
-1.236508e+02 -4.038665e+02 1.120874e+02
-1.237755e+02 -4.039887e+02 1.116555e+02
-1.239002e+02 -4.041105e+02 1.112234e+02
-1.240247e+02 -4.042318e+02 1.107912e+02
-1.241491e+02 -4.043527e+02 1.103588e+02
-1.242733e+02 -4.044732e+02 1.099262e+02
-1.243975e+02 -4.045932e+02 1.094934e+02
-1.245215e+02 -4.047128e+02 1.090605e+02
-1.246454e+02 -4.048320e+02 1.086273e+02
-1.247691e+02 -4.049507e+02 1.081940e+02
-1.248928e+02 -4.050690e+02 1.077605e+02
-1.250163e+02 -4.051868e+02 1.073268e+02
-1.251397e+02 -4.053042e+02 1.068930e+02
-1.252630e+02 -4.054212e+02 1.064590e+02
-1.253861e+02 -4.055377e+02 1.060248e+02
-1.255092e+02 -4.056538e+02 1.055904e+02
-1.256321e+02 -4.057695e+02 1.051559e+02
-1.257549e+02 -4.058847e+02 1.047211e+02
-1.258775e+02 -4.059995e+02 1.042862e+02
-1.260001e+02 -4.061138e+02 1.038512e+02
-1.261225e+02 -4.062277e+02 1.034159e+02
-1.262448e+02 -4.063411e+02 1.029805e+02
-1.263669e+02 -4.064542e+02 1.025449e+02
-1.264890e+02 -4.065668e+02 1.021092e+02
-1.266109e+02 -4.066789e+02 1.016732e+02
-1.267327e+02 -4.067906e+02 1.012371e+02
-1.268543e+02 -4.069019e+02 1.008009e+02
-1.269759e+02 -4.070127e+02 1.003644e+02
-1.270973e+02 -4.071231e+02 9.992783e+01
-1.272186e+02 -4.072330e+02 9.949105e+01
-1.273397e+02 -4.073425e+02 9.905410e+01
-1.274608e+02 -4.074516e+02 9.861699e+01
-1.275817e+02 -4.075602e+02 9.817970e+01
-1.277025e+02 -4.076684e+02 9.774225e+01
-1.278231e+02 -4.077762e+02 9.730464e+01
-1.279437e+02 -4.078835e+02 9.686685e+01
-1.280641e+02 -4.079903e+02 9.642890e+01
-1.281843e+02 -4.080968e+02 9.599079e+01
-1.283045e+02 -4.082027e+02 9.555251e+01
-1.284245e+02 -4.083083e+02 9.511407e+01
-1.285444e+02 -4.084134e+02 9.467546e+01
-1.286642e+02 -4.085181e+02 9.423669e+01
-1.287839e+02 -4.086223e+02 9.379775e+01
-1.289034e+02 -4.087261e+02 9.335866e+01
-1.290228e+02 -4.088294e+02 9.291940e+01
-1.291420e+02 -4.089323e+02 9.247998e+01
-1.292612e+02 -4.090348e+02 9.204040e+01
-1.293802e+02 -4.091368e+02 9.160065e+01
-1.294991e+02 -4.092384e+02 9.116075e+01
-1.296178e+02 -4.093395e+02 9.072069e+01
-1.297365e+02 -4.094402e+02 9.028047e+01
-1.298550e+02 -4.095405e+02 8.984008e+01
-1.299733e+02 -4.096403e+02 8.939954e+01
-1.300916e+02 -4.097397e+02 8.895885e+01
-1.302097e+02 -4.098386e+02 8.851799e+01
-1.303277e+02 -4.099371e+02 8.807698e+01
-1.304456e+02 -4.100351e+02 8.763581e+01
-1.305633e+02 -4.101327e+02 8.719448e+01
-1.306809e+02 -4.102299e+02 8.675300e+01
-1.307984e+02 -4.103266e+02 8.631136e+01
-1.309157e+02 -4.104229e+02 8.586957e+01
-1.310329e+02 -4.105187e+02 8.542762e+01
-1.311500e+02 -4.106141e+02 8.498552e+01
-1.312670e+02 -4.107091e+02 8.454327e+01
-1.313838e+02 -4.108036e+02 8.410086e+01
-1.315005e+02 -4.108977e+02 8.365830e+01
-1.316171e+02 -4.109913e+02 8.321559e+01
-1.317335e+02 -4.110845e+02 8.277272e+01
-1.318498e+02 -4.111772e+02 8.232971e+01
-1.319660e+02 -4.112695e+02 8.188654e+01
-1.320821e+02 -4.113614e+02 8.144323e+01
-1.321980e+02 -4.114528e+02 8.099976e+01
-1.323138e+02 -4.115437e+02 8.055614e+01
-1.324294e+02 -4.116343e+02 8.011238e+01
-1.325450e+02 -4.117243e+02 7.966846e+01
-1.326604e+02 -4.118140e+02 7.922440e+01
-1.327756e+02 -4.119032e+02 7.878019e+01
-1.328908e+02 -4.119919e+02 7.833583e+01
-1.330058e+02 -4.120802e+02 7.789133e+01
-1.331207e+02 -4.121681e+02 7.744668e+01
-1.332354e+02 -4.122555e+02 7.700188e+01
-1.333500e+02 -4.123425e+02 7.655694e+01
-1.334645e+02 -4.124290e+02 7.611185e+01
-1.335789e+02 -4.125151e+02 7.566662e+01
-1.336931e+02 -4.126008e+02 7.522124e+01
-1.338072e+02 -4.126860e+02 7.477572e+01
-1.339211e+02 -4.127707e+02 7.433006e+01
-1.340350e+02 -4.128550e+02 7.388425e+01
-1.341486e+02 -4.129389e+02 7.343830e+01
-1.342622e+02 -4.130223e+02 7.299221e+01
-1.343756e+02 -4.131053e+02 7.254598e+01
-1.344889e+02 -4.131879e+02 7.209960e+01
-1.346021e+02 -4.132699e+02 7.165309e+01
-1.347151e+02 -4.133516e+02 7.120643e+01
-1.348280e+02 -4.134328e+02 7.075964e+01
-1.349408e+02 -4.135136e+02 7.031271e+01
-1.350534e+02 -4.135939e+02 6.986563e+01
-1.351659e+02 -4.136737e+02 6.941842e+01
-1.352783e+02 -4.137532e+02 6.897107e+01
-1.353905e+02 -4.138321e+02 6.852359e+01
-1.355026e+02 -4.139107e+02 6.807597e+01
-1.356146e+02 -4.139888e+02 6.762821e+01
-1.357264e+02 -4.140664e+02 6.718031e+01
-1.358381e+02 -4.141436e+02 6.673228e+01
-1.359497e+02 -4.142204e+02 6.628411e+01
-1.360611e+02 -4.142967e+02 6.583581e+01
-1.361724e+02 -4.143725e+02 6.538737e+01
-1.362836e+02 -4.144479e+02 6.493880e+01
-1.363946e+02 -4.145229e+02 6.449009e+01
-1.365055e+02 -4.145974e+02 6.404126e+01
-1.366163e+02 -4.146715e+02 6.359229e+01
-1.367269e+02 -4.147452e+02 6.314318e+01
-1.368374e+02 -4.148184e+02 6.269395e+01
-1.369478e+02 -4.148911e+02 6.224458e+01
-1.370580e+02 -4.149634e+02 6.179509e+01
-1.371681e+02 -4.150352e+02 6.134546e+01
-1.372780e+02 -4.151067e+02 6.089570e+01
-1.373878e+02 -4.151776e+02 6.044582e+01
-1.374975e+02 -4.152481e+02 5.999580e+01
-1.376071e+02 -4.153182e+02 5.954566e+01
-1.377165e+02 -4.153878e+02 5.909538e+01
-1.378258e+02 -4.154570e+02 5.864498e+01
-1.379349e+02 -4.155257e+02 5.819445e+01
-1.380439e+02 -4.155940e+02 5.774380e+01
-1.381528e+02 -4.156618e+02 5.729302e+01
-1.382615e+02 -4.157292e+02 5.684211e+01
-1.383701e+02 -4.157962e+02 5.639108e+01
-1.384786e+02 -4.158627e+02 5.593992e+01
-1.385869e+02 -4.159287e+02 5.548863e+01
-1.386951e+02 -4.159943e+02 5.503723e+01
-1.388031e+02 -4.160595e+02 5.458569e+01
-1.389110e+02 -4.161242e+02 5.413404e+01
-1.390188e+02 -4.161885e+02 5.368226e+01
-1.391265e+02 -4.162523e+02 5.323036e+01
-1.392340e+02 -4.163156e+02 5.277834e+01
-1.393413e+02 -4.163786e+02 5.232619e+01
-1.394486e+02 -4.164410e+02 5.187392e+01
-1.395557e+02 -4.165031e+02 5.142154e+01
-1.396626e+02 -4.165647e+02 5.096903e+01
-1.397695e+02 -4.166258e+02 5.051640e+01
-1.398761e+02 -4.166865e+02 5.006366e+01
-1.399827e+02 -4.167467e+02 4.961079e+01
-1.400891e+02 -4.168065e+02 4.915780e+01
-1.401954e+02 -4.168659e+02 4.870470e+01
-1.403015e+02 -4.169248e+02 4.825148e+01
-1.404075e+02 -4.169832e+02 4.779814e+01
-1.405133e+02 -4.170412e+02 4.734469e+01
-1.406191e+02 -4.170988e+02 4.689111e+01
-1.407246e+02 -4.171559e+02 4.643743e+01
-1.408301e+02 -4.172125e+02 4.598362e+01
-1.409354e+02 -4.172688e+02 4.552970e+01
-1.410405e+02 -4.173245e+02 4.507567e+01
-1.411456e+02 -4.173798e+02 4.462152e+01
-1.412505e+02 -4.174347e+02 4.416726e+01
-1.413552e+02 -4.174891e+02 4.371288e+01
-1.414598e+02 -4.175431e+02 4.325839e+01
-1.415643e+02 -4.175966e+02 4.280379e+01
-1.416686e+02 -4.176497e+02 4.234908e+01
-1.417728e+02 -4.177023e+02 4.189425e+01
-1.418769e+02 -4.177545e+02 4.143932e+01
-1.419808e+02 -4.178063e+02 4.098427e+01
-1.420846e+02 -4.178576e+02 4.052911e+01
-1.421882e+02 -4.179084e+02 4.007384e+01
-1.422917e+02 -4.179588e+02 3.961847e+01
-1.423950e+02 -4.180087e+02 3.916298e+01
-1.424983e+02 -4.180582e+02 3.870738e+01
-1.426013e+02 -4.181073e+02 3.825168e+01
-1.427043e+02 -4.181559e+02 3.779587e+01
-1.428071e+02 -4.182040e+02 3.733995e+01
-1.429097e+02 -4.182517e+02 3.688392e+01
-1.430122e+02 -4.182990e+02 3.642779e+01
-1.431146e+02 -4.183458e+02 3.597155e+01
-1.432168e+02 -4.183921e+02 3.551520e+01
-1.433189e+02 -4.184380e+02 3.505875e+01
-1.434209e+02 -4.184835e+02 3.460220e+01
-1.435227e+02 -4.185285e+02 3.414554e+01
-1.436244e+02 -4.185730e+02 3.368878e+01
-1.437259e+02 -4.186172e+02 3.323191e+01
-1.438273e+02 -4.186608e+02 3.277494e+01
-1.439285e+02 -4.187040e+02 3.231786e+01
-1.440296e+02 -4.187468e+02 3.186069e+01
-1.441306e+02 -4.187891e+02 3.140341e+01
-1.442314e+02 -4.188310e+02 3.094603e+01
-1.443321e+02 -4.188724e+02 3.048855e+01
-1.444326e+02 -4.189134e+02 3.003097e+01
-1.445330e+02 -4.189539e+02 2.957329e+01
-1.446333e+02 -4.189940e+02 2.911551e+01
-1.447334e+02 -4.190336e+02 2.865763e+01
-1.448334e+02 -4.190728e+02 2.819965e+01
-1.449332e+02 -4.191115e+02 2.774157e+01
-1.450329e+02 -4.191498e+02 2.728339e+01
-1.451324e+02 -4.191876e+02 2.682512e+01
-1.452318e+02 -4.192250e+02 2.636675e+01
-1.453311e+02 -4.192619e+02 2.590828e+01
-1.454302e+02 -4.192984e+02 2.544972e+01
-1.455292e+02 -4.193344e+02 2.499106e+01
-1.456280e+02 -4.193700e+02 2.453230e+01
-1.457267e+02 -4.194051e+02 2.407345e+01
-1.458252e+02 -4.194398e+02 2.361451e+01
-1.459236e+02 -4.194740e+02 2.315547e+01
-1.460219e+02 -4.195078e+02 2.269634e+01
-1.461200e+02 -4.195411e+02 2.223711e+01
-1.462180e+02 -4.195740e+02 2.177779e+01
-1.463158e+02 -4.196064e+02 2.131838e+01
-1.464135e+02 -4.196384e+02 2.085887e+01
-1.465110e+02 -4.196699e+02 2.039928e+01
-1.466084e+02 -4.197010e+02 1.993959e+01
-1.467057e+02 -4.197317e+02 1.947981e+01
-1.468028e+02 -4.197618e+02 1.901995e+01
-1.468998e+02 -4.197916e+02 1.855999e+01
-1.469966e+02 -4.198209e+02 1.809994e+01
-1.470933e+02 -4.198497e+02 1.763980e+01
-1.471898e+02 -4.198781e+02 1.717958e+01
-1.472862e+02 -4.199060e+02 1.671926e+01
-1.473824e+02 -4.199335e+02 1.625886e+01
-1.474785e+02 -4.199605e+02 1.579837e+01
-1.475745e+02 -4.199871e+02 1.533779e+01
-1.476703e+02 -4.200132e+02 1.487713e+01
-1.477660e+02 -4.200389e+02 1.441638e+01
-1.478615e+02 -4.200642e+02 1.395554e+01
-1.479568e+02 -4.200889e+02 1.349462e+01
-1.480521e+02 -4.201133e+02 1.303362e+01
-1.481472e+02 -4.201372e+02 1.257253e+01
-1.482421e+02 -4.201606e+02 1.211135e+01
-1.483369e+02 -4.201836e+02 1.165009e+01
-1.484315e+02 -4.202061e+02 1.118875e+01
-1.485260e+02 -4.202282e+02 1.072733e+01
-1.486204e+02 -4.202498e+02 1.026582e+01
-1.487146e+02 -4.202710e+02 9.804231e+00
-1.488087e+02 -4.202917e+02 9.342560e+00
-1.489026e+02 -4.203120e+02 8.880808e+00
-1.489964e+02 -4.203318e+02 8.418975e+00
-1.490900e+02 -4.203512e+02 7.957062e+00
-1.491835e+02 -4.203702e+02 7.495069e+00
-1.492768e+02 -4.203886e+02 7.032996e+00
-1.493700e+02 -4.204067e+02 6.570844e+00
-1.494630e+02 -4.204242e+02 6.108613e+00
-1.495559e+02 -4.204414e+02 5.646304e+00
-1.496487e+02 -4.204581e+02 5.183918e+00
-1.497413e+02 -4.204743e+02 4.721453e+00
-1.498337e+02 -4.204901e+02 4.258912e+00
-1.499260e+02 -4.205054e+02 3.796294e+00
-1.500182e+02 -4.205203e+02 3.333599e+00
-1.501102e+02 -4.205347e+02 2.870829e+00
-1.502021e+02 -4.205487e+02 2.407984e+00
-1.502938e+02 -4.205622e+02 1.945063e+00
-1.503854e+02 -4.205753e+02 1.482068e+00
-1.504768e+02 -4.205879e+02 1.018999e+00
-1.505681e+02 -4.206001e+02 5.558556e-01
-1.506592e+02 -4.206118e+02 9.263912e-02
-1.507502e+02 -4.206230e+02 -3.706502e-01
-1.508410e+02 -4.206339e+02 -8.340121e-01
-1.509317e+02 -4.206442e+02 -1.297446e+00
-1.510223e+02 -4.206542e+02 -1.760952e+00
-1.511126e+02 -4.206636e+02 -2.224529e+00
-1.512029e+02 -4.206726e+02 -2.688177e+00
-1.512930e+02 -4.206812e+02 -3.151895e+00
-1.513829e+02 -4.206893e+02 -3.615683e+00
-1.514727e+02 -4.206970e+02 -4.079541e+00
-1.515624e+02 -4.207042e+02 -4.543469e+00
-1.516519e+02 -4.207110e+02 -5.007465e+00
-1.517412e+02 -4.207173e+02 -5.471529e+00
-1.518304e+02 -4.207231e+02 -5.935661e+00
-1.519195e+02 -4.207285e+02 -6.399861e+00
-1.520084e+02 -4.207335e+02 -6.864129e+00
-1.520971e+02 -4.207380e+02 -7.328463e+00
-1.521857e+02 -4.207421e+02 -7.792863e+00
-1.522742e+02 -4.207457e+02 -8.257329e+00
-1.523625e+02 -4.207488e+02 -8.721861e+00
-1.524507e+02 -4.207515e+02 -9.186458e+00
-1.525387e+02 -4.207538e+02 -9.651119e+00
-1.526265e+02 -4.207556e+02 -1.011585e+01
-1.527142e+02 -4.207569e+02 -1.058064e+01
-1.528018e+02 -4.207578e+02 -1.104549e+01
-1.528892e+02 -4.207583e+02 -1.151040e+01
-1.529765e+02 -4.207583e+02 -1.197538e+01
-1.530636e+02 -4.207578e+02 -1.244043e+01
-1.531505e+02 -4.207569e+02 -1.290553e+01
-1.532374e+02 -4.207555e+02 -1.337069e+01
-1.533240e+02 -4.207537e+02 -1.383592e+01
-1.534105e+02 -4.207515e+02 -1.430121e+01
-1.534969e+02 -4.207488e+02 -1.476655e+01
-1.535831e+02 -4.207456e+02 -1.523196e+01
-1.536692e+02 -4.207420e+02 -1.569742e+01
-1.537551e+02 -4.207379e+02 -1.616295e+01
-1.538408e+02 -4.207334e+02 -1.662853e+01
-1.539264e+02 -4.207284e+02 -1.709417e+01
-1.540119e+02 -4.207230e+02 -1.755987e+01
-1.540972e+02 -4.207172e+02 -1.802563e+01
-1.541823e+02 -4.207108e+02 -1.849144e+01
-1.542673e+02 -4.207041e+02 -1.895731e+01
-1.543522e+02 -4.206968e+02 -1.942324e+01
-1.544369e+02 -4.206892e+02 -1.988922e+01
-1.545214e+02 -4.206810e+02 -2.035526e+01
-1.546058e+02 -4.206725e+02 -2.082135e+01
-1.546901e+02 -4.206634e+02 -2.128750e+01
-1.547742e+02 -4.206539e+02 -2.175370e+01
-1.548581e+02 -4.206440e+02 -2.221995e+01
-1.549419e+02 -4.206336e+02 -2.268626e+01
-1.550255e+02 -4.206228e+02 -2.315262e+01
-1.551090e+02 -4.206115e+02 -2.361904e+01
-1.551924e+02 -4.205998e+02 -2.408550e+01
-1.552755e+02 -4.205876e+02 -2.455202e+01
-1.553586e+02 -4.205749e+02 -2.501859e+01
-1.554415e+02 -4.205619e+02 -2.548521e+01
-1.555242e+02 -4.205483e+02 -2.595188e+01
-1.556068e+02 -4.205343e+02 -2.641860e+01
-1.556892e+02 -4.205199e+02 -2.688537e+01
-1.557714e+02 -4.205050e+02 -2.735219e+01
-1.558536e+02 -4.204896e+02 -2.781906e+01
-1.559355e+02 -4.204738e+02 -2.828597e+01
-1.560173e+02 -4.204576e+02 -2.875294e+01
-1.560990e+02 -4.204409e+02 -2.921995e+01
-1.561805e+02 -4.204237e+02 -2.968701e+01
-1.562618e+02 -4.204061e+02 -3.015412e+01
-1.563430e+02 -4.203880e+02 -3.062127e+01
-1.564241e+02 -4.203695e+02 -3.108847e+01
-1.565050e+02 -4.203506e+02 -3.155571e+01
-1.565857e+02 -4.203311e+02 -3.202300e+01
-1.566663e+02 -4.203113e+02 -3.249034e+01
-1.567467e+02 -4.202910e+02 -3.295772e+01
-1.568270e+02 -4.202702e+02 -3.342514e+01
-1.569071e+02 -4.202490e+02 -3.389261e+01
-1.569871e+02 -4.202273e+02 -3.436012e+01
-1.570669e+02 -4.202052e+02 -3.482767e+01
-1.571466e+02 -4.201826e+02 -3.529527e+01
-1.572261e+02 -4.201596e+02 -3.576290e+01
-1.573054e+02 -4.201361e+02 -3.623058e+01
-1.573846e+02 -4.201122e+02 -3.669830e+01
-1.574637e+02 -4.200878e+02 -3.716607e+01
-1.575425e+02 -4.200629e+02 -3.763387e+01
-1.576213e+02 -4.200377e+02 -3.810171e+01
-1.576999e+02 -4.200119e+02 -3.856959e+01
-1.577783e+02 -4.199857e+02 -3.903751e+01
-1.578565e+02 -4.199591e+02 -3.950547e+01
-1.579347e+02 -4.199320e+02 -3.997347e+01
-1.580126e+02 -4.199045e+02 -4.044151e+01
-1.580904e+02 -4.198765e+02 -4.090958e+01
-1.581681e+02 -4.198480e+02 -4.137769e+01
-1.582456e+02 -4.198191e+02 -4.184584e+01
-1.583229e+02 -4.197898e+02 -4.231402e+01
-1.584001e+02 -4.197600e+02 -4.278224e+01
-1.584771e+02 -4.197297e+02 -4.325050e+01
-1.585540e+02 -4.196990e+02 -4.371879e+01
-1.586307e+02 -4.196678e+02 -4.418712e+01
-1.587073e+02 -4.196362e+02 -4.465548e+01
-1.587837e+02 -4.196042e+02 -4.512387e+01
-1.588599e+02 -4.195716e+02 -4.559230e+01
-1.589360e+02 -4.195387e+02 -4.606076e+01
-1.590120e+02 -4.195053e+02 -4.652926e+01
-1.590877e+02 -4.194714e+02 -4.699778e+01
-1.591634e+02 -4.194371e+02 -4.746634e+01
-1.592388e+02 -4.194023e+02 -4.793493e+01
-1.593142e+02 -4.193671e+02 -4.840355e+01
-1.593893e+02 -4.193314e+02 -4.887221e+01
-1.594643e+02 -4.192953e+02 -4.934089e+01
-1.595392e+02 -4.192587e+02 -4.980960e+01
-1.596138e+02 -4.192217e+02 -5.027835e+01
-1.596884e+02 -4.191842e+02 -5.074712e+01
-1.597627e+02 -4.191462e+02 -5.121592e+01
-1.598370e+02 -4.191079e+02 -5.168475e+01
-1.599110e+02 -4.190690e+02 -5.215361e+01
-1.599849e+02 -4.190297e+02 -5.262250e+01
-1.600587e+02 -4.189900e+02 -5.309141e+01
-1.601323e+02 -4.189498e+02 -5.356035e+01
-1.602057e+02 -4.189092e+02 -5.402931e+01
-1.602790e+02 -4.188681e+02 -5.449831e+01
-1.603521e+02 -4.188265e+02 -5.496733e+01
-1.604250e+02 -4.187845e+02 -5.543637e+01
-1.604978e+02 -4.187420e+02 -5.590544e+01
-1.605705e+02 -4.186991e+02 -5.637453e+01
-1.606430e+02 -4.186558e+02 -5.684365e+01
-1.607153e+02 -4.186120e+02 -5.731279e+01
-1.607875e+02 -4.185677e+02 -5.778196e+01
-1.608595e+02 -4.185230e+02 -5.825114e+01
-1.609313e+02 -4.184778e+02 -5.872035e+01
-1.610030e+02 -4.184322e+02 -5.918959e+01
-1.610746e+02 -4.183862e+02 -5.965884e+01
-1.611459e+02 -4.183396e+02 -6.012812e+01
-1.612172e+02 -4.182927e+02 -6.059741e+01
-1.612882e+02 -4.182452e+02 -6.106673e+01
-1.613591e+02 -4.181974e+02 -6.153607e+01
-1.614299e+02 -4.181490e+02 -6.200543e+01
-1.615005e+02 -4.181003e+02 -6.247480e+01
-1.615709e+02 -4.180510e+02 -6.294420e+01
-1.616412e+02 -4.180014e+02 -6.341361e+01
-1.617113e+02 -4.179512e+02 -6.388305e+01
-1.617812e+02 -4.179006e+02 -6.435250e+01
-1.618510e+02 -4.178496e+02 -6.482196e+01
-1.619206e+02 -4.177981e+02 -6.529145e+01
-1.619901e+02 -4.177462e+02 -6.576095e+01
-1.620594e+02 -4.176938e+02 -6.623047e+01
-1.621286e+02 -4.176409e+02 -6.670000e+01
-1.621976e+02 -4.175876e+02 -6.716955e+01
-1.622664e+02 -4.175339e+02 -6.763912e+01
-1.623351e+02 -4.174797e+02 -6.810870e+01
-1.624036e+02 -4.174250e+02 -6.857829e+01
-1.624720e+02 -4.173699e+02 -6.904790e+01
-1.625402e+02 -4.173144e+02 -6.951752e+01
-1.626082e+02 -4.172584e+02 -6.998716e+01
-1.626761e+02 -4.172019e+02 -7.045680e+01
-1.627438e+02 -4.171450e+02 -7.092646e+01
-1.628113e+02 -4.170876e+02 -7.139613e+01
-1.628787e+02 -4.170298e+02 -7.186582e+01
-1.629460e+02 -4.169715e+02 -7.233551e+01
-1.630130e+02 -4.169128e+02 -7.280522e+01
-1.630799e+02 -4.168537e+02 -7.327493e+01
-1.631467e+02 -4.167940e+02 -7.374466e+01
-1.632133e+02 -4.167340e+02 -7.421439e+01
-1.632797e+02 -4.166734e+02 -7.468414e+01
-1.633460e+02 -4.166125e+02 -7.515389e+01
-1.634121e+02 -4.165510e+02 -7.562365e+01
-1.634781e+02 -4.164891e+02 -7.609342e+01
-1.635438e+02 -4.164268e+02 -7.656320e+01
-1.636095e+02 -4.163640e+02 -7.703298e+01
-1.636749e+02 -4.163008e+02 -7.750277e+01
-1.637402e+02 -4.162371e+02 -7.797257e+01
-1.638054e+02 -4.161730e+02 -7.844238e+01
-1.638704e+02 -4.161084e+02 -7.891219e+01
-1.639352e+02 -4.160433e+02 -7.938200e+01
-1.639998e+02 -4.159778e+02 -7.985182e+01
-1.640643e+02 -4.159119e+02 -8.032165e+01
-1.641287e+02 -4.158455e+02 -8.079147e+01
-1.641928e+02 -4.157786e+02 -8.126131e+01
-1.642568e+02 -4.157113e+02 -8.173114e+01
-1.643207e+02 -4.156436e+02 -8.220098e+01
-1.643844e+02 -4.155754e+02 -8.267082e+01
-1.644479e+02 -4.155067e+02 -8.314067e+01
-1.645113e+02 -4.154376e+02 -8.361051e+01
-1.645745e+02 -4.153681e+02 -8.408036e+01
-1.646375e+02 -4.152980e+02 -8.455021e+01
-1.647004e+02 -4.152276e+02 -8.502006e+01
-1.647631e+02 -4.151567e+02 -8.548990e+01
-1.648256e+02 -4.150853e+02 -8.595975e+01
-1.648880e+02 -4.150135e+02 -8.642960e+01
-1.649502e+02 -4.149412e+02 -8.689945e+01
-1.650123e+02 -4.148685e+02 -8.736929e+01
-1.650742e+02 -4.147953e+02 -8.783914e+01
-1.651359e+02 -4.147217e+02 -8.830898e+01
-1.651975e+02 -4.146476e+02 -8.877882e+01
-1.652589e+02 -4.145731e+02 -8.924866e+01
-1.653201e+02 -4.144981e+02 -8.971849e+01
-1.653812e+02 -4.144227e+02 -9.018832e+01
-1.654421e+02 -4.143468e+02 -9.065815e+01
-1.655029e+02 -4.142704e+02 -9.112797e+01
-1.655635e+02 -4.141937e+02 -9.159778e+01
-1.656239e+02 -4.141164e+02 -9.206759e+01
-1.656842e+02 -4.140387e+02 -9.253740e+01
-1.657443e+02 -4.139606e+02 -9.300720e+01
-1.658042e+02 -4.138820e+02 -9.347699e+01
-1.658640e+02 -4.138029e+02 -9.394678e+01
-1.659236e+02 -4.137234e+02 -9.441656e+01
-1.659830e+02 -4.136435e+02 -9.488633e+01
-1.660423e+02 -4.135631e+02 -9.535610e+01
-1.661014e+02 -4.134822e+02 -9.582585e+01
-1.661604e+02 -4.134009e+02 -9.629560e+01
-1.662191e+02 -4.133192e+02 -9.676534e+01
-1.662778e+02 -4.132370e+02 -9.723506e+01
-1.663362e+02 -4.131543e+02 -9.770478e+01
-1.663945e+02 -4.130712e+02 -9.817449e+01
-1.664526e+02 -4.129876e+02 -9.864419e+01
-1.665106e+02 -4.129036e+02 -9.911387e+01
-1.665684e+02 -4.128192e+02 -9.958355e+01
-1.666260e+02 -4.127342e+02 -1.000532e+02
-1.666835e+02 -4.126489e+02 -1.005229e+02
-1.667408e+02 -4.125631e+02 -1.009925e+02
-1.667979e+02 -4.124768e+02 -1.014621e+02
-1.668549e+02 -4.123901e+02 -1.019317e+02
-1.669117e+02 -4.123029e+02 -1.024013e+02
-1.669683e+02 -4.122153e+02 -1.028709e+02
-1.670248e+02 -4.121272e+02 -1.033405e+02
-1.670811e+02 -4.120387e+02 -1.038100e+02
-1.671373e+02 -4.119497e+02 -1.042796e+02
-1.671932e+02 -4.118602e+02 -1.047491e+02
-1.672491e+02 -4.117704e+02 -1.052186e+02
-1.673047e+02 -4.116800e+02 -1.056881e+02
-1.673602e+02 -4.115892e+02 -1.061576e+02
-1.674155e+02 -4.114980e+02 -1.066270e+02
-1.674706e+02 -4.114063e+02 -1.070965e+02
-1.675256e+02 -4.113142e+02 -1.075659e+02
-1.675804e+02 -4.112216e+02 -1.080353e+02
-1.676351e+02 -4.111285e+02 -1.085047e+02
-1.676896e+02 -4.110350e+02 -1.089740e+02
-1.677439e+02 -4.109411e+02 -1.094434e+02
-1.677980e+02 -4.108467e+02 -1.099127e+02
-1.678520e+02 -4.107519e+02 -1.103820e+02
-1.679058e+02 -4.106566e+02 -1.108513e+02
-1.679595e+02 -4.105608e+02 -1.113206e+02
-1.680129e+02 -4.104646e+02 -1.117898e+02
-1.680662e+02 -4.103679e+02 -1.122590e+02
-1.681194e+02 -4.102708e+02 -1.127282e+02
-1.681724e+02 -4.101733e+02 -1.131974e+02
-1.682252e+02 -4.100753e+02 -1.136665e+02
-1.682778e+02 -4.099768e+02 -1.141357e+02
-1.683303e+02 -4.098779e+02 -1.146048e+02
-1.683826e+02 -4.097785e+02 -1.150738e+02
-1.684347e+02 -4.096787e+02 -1.155429e+02
-1.684867e+02 -4.095785e+02 -1.160119e+02
-1.685385e+02 -4.094778e+02 -1.164809e+02
-1.685902e+02 -4.093766e+02 -1.169499e+02
-1.686416e+02 -4.092750e+02 -1.174189e+02
-1.686929e+02 -4.091729e+02 -1.178878e+02
-1.687441e+02 -4.090704e+02 -1.183567e+02
-1.687950e+02 -4.089674e+02 -1.188255e+02
-1.688458e+02 -4.088640e+02 -1.192944e+02
-1.688964e+02 -4.087601e+02 -1.197632e+02
-1.689469e+02 -4.086558e+02 -1.202320e+02
-1.689972e+02 -4.085510e+02 -1.207007e+02
-1.690473e+02 -4.084458e+02 -1.211695e+02
-1.690973e+02 -4.083401e+02 -1.216382e+02
-1.691471e+02 -4.082340e+02 -1.221068e+02
-1.691967e+02 -4.081274e+02 -1.225755e+02
-1.692461e+02 -4.080203e+02 -1.230441e+02
-1.692954e+02 -4.079129e+02 -1.235127e+02
-1.693445e+02 -4.078049e+02 -1.239812e+02
-1.693935e+02 -4.076965e+02 -1.244497e+02
-1.694422e+02 -4.075877e+02 -1.249182e+02
-1.694908e+02 -4.074784e+02 -1.253866e+02
-1.695393e+02 -4.073687e+02 -1.258550e+02
-1.695875e+02 -4.072585e+02 -1.263234e+02
-1.696356e+02 -4.071478e+02 -1.267918e+02
-1.696835e+02 -4.070367e+02 -1.272601e+02
-1.697313e+02 -4.069252e+02 -1.277284e+02
-1.697789e+02 -4.068132e+02 -1.281966e+02
-1.698263e+02 -4.067008e+02 -1.286648e+02
-1.698735e+02 -4.065879e+02 -1.291330e+02
-1.699206e+02 -4.064745e+02 -1.296011e+02
-1.699675e+02 -4.063607e+02 -1.300692e+02
-1.700143e+02 -4.062465e+02 -1.305373e+02
-1.700608e+02 -4.061318e+02 -1.310053e+02
-1.701072e+02 -4.060166e+02 -1.314733e+02
-1.701534e+02 -4.059010e+02 -1.319412e+02
-1.701995e+02 -4.057850e+02 -1.324091e+02
-1.702454e+02 -4.056684e+02 -1.328770e+02
-1.702911e+02 -4.055515e+02 -1.333448e+02
-1.703366e+02 -4.054341e+02 -1.338126e+02
-1.703820e+02 -4.053162e+02 -1.342803e+02
-1.704272e+02 -4.051979e+02 -1.347480e+02
-1.704722e+02 -4.050792e+02 -1.352157e+02
-1.705171e+02 -4.049599e+02 -1.356833e+02
-1.705618e+02 -4.048403e+02 -1.361509e+02
-1.706063e+02 -4.047202e+02 -1.366185e+02
-1.706506e+02 -4.045996e+02 -1.370860e+02
-1.706948e+02 -4.044786e+02 -1.375534e+02
-1.707388e+02 -4.043571e+02 -1.380208e+02
-1.707826e+02 -4.042352e+02 -1.384882e+02
-1.708263e+02 -4.041128e+02 -1.389555e+02
-1.708698e+02 -4.039900e+02 -1.394228e+02
-1.709131e+02 -4.038668e+02 -1.398900e+02
-1.709562e+02 -4.037430e+02 -1.403572e+02
-1.709992e+02 -4.036189e+02 -1.408244e+02
-1.710420e+02 -4.034942e+02 -1.412914e+02
-1.710846e+02 -4.033692e+02 -1.417585e+02
-1.711271e+02 -4.032437e+02 -1.422255e+02
-1.711694e+02 -4.031177e+02 -1.426925e+02
-1.712115e+02 -4.029913e+02 -1.431594e+02
-1.712534e+02 -4.028644e+02 -1.436262e+02
-1.712952e+02 -4.027371e+02 -1.440930e+02
-1.713368e+02 -4.026093e+02 -1.445598e+02
-1.713782e+02 -4.024811e+02 -1.450265e+02
-1.714195e+02 -4.023524e+02 -1.454932e+02
-1.714605e+02 -4.022233e+02 -1.459598e+02
-1.715014e+02 -4.020937e+02 -1.464263e+02
-1.715422e+02 -4.019636e+02 -1.468929e+02
-1.715827e+02 -4.018332e+02 -1.473593e+02
-1.716231e+02 -4.017022e+02 -1.478257e+02
-1.716633e+02 -4.015709e+02 -1.482921e+02
-1.717034e+02 -4.014390e+02 -1.487584e+02
-1.717432e+02 -4.013067e+02 -1.492246e+02
-1.717829e+02 -4.011740e+02 -1.496908e+02
-1.718224e+02 -4.010408e+02 -1.501570e+02
-1.718618e+02 -4.009072e+02 -1.506231e+02
-1.719009e+02 -4.007731e+02 -1.510891e+02
-1.719399e+02 -4.006386e+02 -1.515551e+02
-1.719788e+02 -4.005036e+02 -1.520210e+02
-1.720174e+02 -4.003682e+02 -1.524869e+02
-1.720559e+02 -4.002323e+02 -1.529527e+02
-1.720942e+02 -4.000959e+02 -1.534185e+02
-1.721323e+02 -3.999591e+02 -1.538842e+02
-1.721703e+02 -3.998219e+02 -1.543498e+02
-1.722080e+02 -3.996842e+02 -1.548154e+02
-1.722457e+02 -3.995461e+02 -1.552809e+02
-1.722831e+02 -3.994075e+02 -1.557464e+02
-1.723203e+02 -3.992685e+02 -1.562118e+02
-1.723574e+02 -3.991290e+02 -1.566772e+02
-1.723943e+02 -3.989890e+02 -1.571425e+02
-1.724311e+02 -3.988486e+02 -1.576077e+02
-1.724676e+02 -3.987078e+02 -1.580729e+02
-1.725040e+02 -3.985665e+02 -1.585380e+02
-1.725402e+02 -3.984248e+02 -1.590030e+02
-1.725762e+02 -3.982826e+02 -1.594680e+02
-1.726121e+02 -3.981399e+02 -1.599329e+02
-1.726478e+02 -3.979969e+02 -1.603978e+02
-1.726833e+02 -3.978533e+02 -1.608626e+02
-1.727186e+02 -3.977093e+02 -1.613273e+02
-1.727538e+02 -3.975649e+02 -1.617920e+02
-1.727888e+02 -3.974200e+02 -1.622566e+02
-1.728236e+02 -3.972746e+02 -1.627212e+02
-1.728582e+02 -3.971289e+02 -1.631857e+02
-1.728926e+02 -3.969826e+02 -1.636501e+02
-1.729269e+02 -3.968359e+02 -1.641144e+02
-1.729610e+02 -3.966888e+02 -1.645787e+02
-1.729950e+02 -3.965412e+02 -1.650429e+02
-1.730287e+02 -3.963931e+02 -1.655071e+02
-1.730623e+02 -3.962446e+02 -1.659712e+02
-1.730957e+02 -3.960957e+02 -1.664352e+02
-1.731289e+02 -3.959463e+02 -1.668991e+02
-1.731619e+02 -3.957965e+02 -1.673630e+02
-1.731948e+02 -3.956462e+02 -1.678268e+02
-1.732275e+02 -3.954954e+02 -1.682906e+02
-1.732600e+02 -3.953442e+02 -1.687543e+02
-1.732924e+02 -3.951926e+02 -1.692179e+02
-1.733245e+02 -3.950405e+02 -1.696814e+02
-1.733565e+02 -3.948880e+02 -1.701449e+02
-1.733883e+02 -3.947350e+02 -1.706083e+02
-1.734199e+02 -3.945815e+02 -1.710716e+02
-1.734514e+02 -3.944276e+02 -1.715348e+02
-1.734827e+02 -3.942733e+02 -1.719980e+02
-1.735138e+02 -3.941185e+02 -1.724611e+02
-1.735447e+02 -3.939633e+02 -1.729242e+02
-1.735754e+02 -3.938076e+02 -1.733871e+02
-1.736060e+02 -3.936514e+02 -1.738500e+02
-1.736364e+02 -3.934949e+02 -1.743128e+02
-1.736666e+02 -3.933378e+02 -1.747755e+02
-1.736967e+02 -3.931803e+02 -1.752382e+02
-1.737265e+02 -3.930224e+02 -1.757008e+02
-1.737562e+02 -3.928640e+02 -1.761633e+02
-1.737857e+02 -3.927052e+02 -1.766257e+02
-1.738150e+02 -3.925459e+02 -1.770881e+02
-1.738442e+02 -3.923861e+02 -1.775504e+02
-1.738731e+02 -3.922259e+02 -1.780126e+02
-1.739019e+02 -3.920653e+02 -1.784747e+02
-1.739305e+02 -3.919042e+02 -1.789367e+02
-1.739590e+02 -3.917427e+02 -1.793987e+02
-1.739872e+02 -3.915807e+02 -1.798606e+02
-1.740153e+02 -3.914183e+02 -1.803224e+02
-1.740432e+02 -3.912554e+02 -1.807841e+02
-1.740709e+02 -3.910920e+02 -1.812458e+02
-1.740985e+02 -3.909283e+02 -1.817074e+02
-1.741258e+02 -3.907640e+02 -1.821688e+02
-1.741530e+02 -3.905994e+02 -1.826302e+02
-1.741800e+02 -3.904342e+02 -1.830916e+02
-1.742068e+02 -3.902686e+02 -1.835528e+02
-1.742335e+02 -3.901026e+02 -1.840140e+02
-1.742599e+02 -3.899361e+02 -1.844750e+02
-1.742862e+02 -3.897692e+02 -1.849360e+02
-1.743123e+02 -3.896018e+02 -1.853969e+02
-1.743383e+02 -3.894340e+02 -1.858578e+02
-1.743640e+02 -3.892657e+02 -1.863185e+02
-1.743896e+02 -3.890970e+02 -1.867792e+02
-1.744150e+02 -3.889278e+02 -1.872397e+02
-1.744402e+02 -3.887582e+02 -1.877002e+02
-1.744652e+02 -3.885881e+02 -1.881606e+02
-1.744900e+02 -3.884176e+02 -1.886209e+02
-1.745147e+02 -3.882466e+02 -1.890811e+02
-1.745392e+02 -3.880752e+02 -1.895413e+02
-1.745635e+02 -3.879033e+02 -1.900013e+02
-1.745876e+02 -3.877310e+02 -1.904613e+02
-1.746116e+02 -3.875582e+02 -1.909212e+02
-1.746353e+02 -3.873850e+02 -1.913809e+02
-1.746589e+02 -3.872114e+02 -1.918406e+02
-1.746823e+02 -3.870372e+02 -1.923002e+02
-1.747056e+02 -3.868627e+02 -1.927597e+02
-1.747286e+02 -3.866877e+02 -1.932192e+02
-1.747515e+02 -3.865122e+02 -1.936785e+02
-1.747742e+02 -3.863363e+02 -1.941377e+02
-1.747967e+02 -3.861599e+02 -1.945969e+02
-1.748190e+02 -3.859831e+02 -1.950559e+02
-1.748411e+02 -3.858059e+02 -1.955149e+02
-1.748631e+02 -3.856282e+02 -1.959737e+02
-1.748849e+02 -3.854500e+02 -1.964325e+02
-1.749065e+02 -3.852714e+02 -1.968912e+02
-1.749279e+02 -3.850923e+02 -1.973498e+02
-1.749491e+02 -3.849128e+02 -1.978083e+02
-1.749701e+02 -3.847329e+02 -1.982667e+02
-1.749910e+02 -3.845525e+02 -1.987250e+02
-1.750117e+02 -3.843717e+02 -1.991832e+02
-1.750322e+02 -3.841904e+02 -1.996413e+02
-1.750525e+02 -3.840086e+02 -2.000993e+02
-1.750727e+02 -3.838264e+02 -2.005572e+02
-1.750926e+02 -3.836438e+02 -2.010150e+02
-1.751124e+02 -3.834607e+02 -2.014727e+02
-1.751320e+02 -3.832771e+02 -2.019303e+02
-1.751514e+02 -3.830932e+02 -2.023878e+02
-1.751707e+02 -3.829087e+02 -2.028453e+02
-1.751897e+02 -3.827238e+02 -2.033026e+02
-1.752086e+02 -3.825385e+02 -2.037598e+02
-1.752273e+02 -3.823527e+02 -2.042169e+02
-1.752458e+02 -3.821665e+02 -2.046739e+02
-1.752641e+02 -3.819798e+02 -2.051308e+02
-1.752822e+02 -3.817927e+02 -2.055877e+02
-1.753002e+02 -3.816051e+02 -2.060444e+02
-1.753179e+02 -3.814171e+02 -2.065010e+02
-1.753355e+02 -3.812286e+02 -2.069575e+02
-1.753529e+02 -3.810397e+02 -2.074139e+02
-1.753701e+02 -3.808503e+02 -2.078702e+02
-1.753872e+02 -3.806605e+02 -2.083264e+02
-1.754040e+02 -3.804702e+02 -2.087825e+02
-1.754207e+02 -3.802795e+02 -2.092384e+02
-1.754372e+02 -3.800884e+02 -2.096943e+02
-1.754535e+02 -3.798968e+02 -2.101501e+02
-1.754696e+02 -3.797047e+02 -2.106058e+02
-1.754855e+02 -3.795122e+02 -2.110613e+02
-1.755013e+02 -3.793193e+02 -2.115168e+02
-1.755168e+02 -3.791258e+02 -2.119721e+02
-1.755322e+02 -3.789320e+02 -2.124274e+02
-1.755474e+02 -3.787377e+02 -2.128825e+02
-1.755624e+02 -3.785430e+02 -2.133375e+02
-1.755773e+02 -3.783478e+02 -2.137924e+02
-1.755919e+02 -3.781521e+02 -2.142472e+02
-1.756064e+02 -3.779560e+02 -2.147019e+02
-1.756207e+02 -3.777595e+02 -2.151565e+02
-1.756347e+02 -3.775625e+02 -2.156109e+02
-1.756487e+02 -3.773651e+02 -2.160653e+02
-1.756624e+02 -3.771672e+02 -2.165195e+02
-1.756759e+02 -3.769689e+02 -2.169737e+02
-1.756893e+02 -3.767701e+02 -2.174277e+02
-1.757024e+02 -3.765709e+02 -2.178816e+02
-1.757154e+02 -3.763712e+02 -2.183354e+02
-1.757282e+02 -3.761711e+02 -2.187891e+02
-1.757408e+02 -3.759705e+02 -2.192426e+02
-1.757533e+02 -3.757695e+02 -2.196961e+02
-1.757655e+02 -3.755681e+02 -2.201494e+02
-1.757776e+02 -3.753662e+02 -2.206026e+02
-1.757894e+02 -3.751638e+02 -2.210557e+02
-1.758011e+02 -3.749610e+02 -2.215087e+02
-1.758126e+02 -3.747577e+02 -2.219616e+02
-1.758239e+02 -3.745540e+02 -2.224143e+02
-1.758351e+02 -3.743499e+02 -2.228670e+02
-1.758460e+02 -3.741453e+02 -2.233195e+02
-1.758568e+02 -3.739403e+02 -2.237719e+02
-1.758673e+02 -3.737348e+02 -2.242242e+02
-1.758777e+02 -3.735289e+02 -2.246763e+02
-1.758879e+02 -3.733225e+02 -2.251284e+02
-1.758979e+02 -3.731156e+02 -2.255803e+02
-1.759077e+02 -3.729084e+02 -2.260321e+02
-1.759174e+02 -3.727006e+02 -2.264838e+02
-1.759268e+02 -3.724925e+02 -2.269353e+02
-1.759361e+02 -3.722839e+02 -2.273867e+02
-1.759452e+02 -3.720748e+02 -2.278381e+02
-1.759541e+02 -3.718653e+02 -2.282892e+02
-1.759628e+02 -3.716553e+02 -2.287403e+02
-1.759713e+02 -3.714449e+02 -2.291912e+02
-1.759796e+02 -3.712341e+02 -2.296421e+02
-1.759878e+02 -3.710228e+02 -2.300928e+02
-1.759957e+02 -3.708110e+02 -2.305433e+02
-1.760035e+02 -3.705988e+02 -2.309938e+02
-1.760111e+02 -3.703862e+02 -2.314441e+02
-1.760185e+02 -3.701731e+02 -2.318943e+02
-1.760257e+02 -3.699596e+02 -2.323443e+02
-1.760327e+02 -3.697456e+02 -2.327943e+02
-1.760395e+02 -3.695312e+02 -2.332441e+02
-1.760462e+02 -3.693163e+02 -2.336938e+02
-1.760526e+02 -3.691010e+02 -2.341433e+02
-1.760589e+02 -3.688852e+02 -2.345927e+02
-1.760650e+02 -3.686690e+02 -2.350420e+02
-1.760709e+02 -3.684524e+02 -2.354912e+02
-1.760766e+02 -3.682353e+02 -2.359402e+02
-1.760821e+02 -3.680177e+02 -2.363891e+02
-1.760874e+02 -3.677997e+02 -2.368379e+02
-1.760926e+02 -3.675813e+02 -2.372866e+02
-1.760975e+02 -3.673624e+02 -2.377351e+02
-1.761023e+02 -3.671431e+02 -2.381835e+02
-1.761069e+02 -3.669233e+02 -2.386317e+02
-1.761113e+02 -3.667030e+02 -2.390798e+02
-1.761155e+02 -3.664824e+02 -2.395278e+02
-1.761195e+02 -3.662613e+02 -2.399756e+02
-1.761233e+02 -3.660397e+02 -2.404234e+02
-1.761269e+02 -3.658177e+02 -2.408709e+02
-1.761304e+02 -3.655952e+02 -2.413184e+02
-1.761336e+02 -3.653723e+02 -2.417657e+02
-1.761367e+02 -3.651490e+02 -2.422129e+02
-1.761396e+02 -3.649252e+02 -2.426599e+02
-1.761423e+02 -3.647009e+02 -2.431068e+02
-1.761448e+02 -3.644763e+02 -2.435535e+02
-1.761471e+02 -3.642511e+02 -2.440002e+02
-1.761492e+02 -3.640255e+02 -2.444466e+02
-1.761511e+02 -3.637995e+02 -2.448930e+02
-1.761528e+02 -3.635730e+02 -2.453392e+02
-1.761544e+02 -3.633461e+02 -2.457853e+02
-1.761558e+02 -3.631188e+02 -2.462312e+02
-1.761569e+02 -3.628910e+02 -2.466770e+02
-1.761579e+02 -3.626627e+02 -2.471226e+02
-1.761587e+02 -3.624340e+02 -2.475681e+02
-1.761593e+02 -3.622049e+02 -2.480135e+02
-1.761597e+02 -3.619753e+02 -2.484587e+02
-1.761599e+02 -3.617453e+02 -2.489038e+02
-1.761600e+02 -3.615148e+02 -2.493487e+02
-1.761598e+02 -3.612839e+02 -2.497935e+02
-1.761594e+02 -3.610525e+02 -2.502382e+02
-1.761589e+02 -3.608207e+02 -2.506827e+02
-1.761582e+02 -3.605884e+02 -2.511270e+02
-1.761572e+02 -3.603557e+02 -2.515712e+02
-1.761561e+02 -3.601226e+02 -2.520153e+02
-1.761548e+02 -3.598890e+02 -2.524592e+02
-1.761533e+02 -3.596549e+02 -2.529030e+02
-1.761516e+02 -3.594204e+02 -2.533466e+02
-1.761498e+02 -3.591855e+02 -2.537901e+02
-1.761477e+02 -3.589501e+02 -2.542334e+02
-1.761454e+02 -3.587143e+02 -2.546766e+02
-1.761430e+02 -3.584781e+02 -2.551196e+02
-1.761403e+02 -3.582414e+02 -2.555625e+02
-1.761375e+02 -3.580042e+02 -2.560053e+02
-1.761345e+02 -3.577666e+02 -2.564479e+02
-1.761312e+02 -3.575286e+02 -2.568903e+02
-1.761278e+02 -3.572901e+02 -2.573326e+02
-1.761242e+02 -3.570511e+02 -2.577747e+02
-1.761204e+02 -3.568118e+02 -2.582167e+02
-1.761165e+02 -3.565720e+02 -2.586585e+02
-1.761123e+02 -3.563317e+02 -2.591002e+02
-1.761079e+02 -3.560910e+02 -2.595417e+02
-1.761033e+02 -3.558498e+02 -2.599831e+02
-1.760986e+02 -3.556082e+02 -2.604243e+02
-1.760936e+02 -3.553662e+02 -2.608654e+02
-1.760885e+02 -3.551237e+02 -2.613063e+02
-1.760832e+02 -3.548808e+02 -2.617470e+02
-1.760777e+02 -3.546374e+02 -2.621876e+02
-1.760719e+02 -3.543936e+02 -2.626281e+02
-1.760660e+02 -3.541493e+02 -2.630683e+02
-1.760599e+02 -3.539046e+02 -2.635085e+02
-1.760536e+02 -3.536595e+02 -2.639484e+02
-1.760471e+02 -3.534139e+02 -2.643882e+02
-1.760405e+02 -3.531678e+02 -2.648279e+02
-1.760336e+02 -3.529214e+02 -2.652674e+02
-1.760265e+02 -3.526744e+02 -2.657067e+02
-1.760193e+02 -3.524271e+02 -2.661459e+02
-1.760118e+02 -3.521793e+02 -2.665849e+02
-1.760042e+02 -3.519310e+02 -2.670238e+02
-1.759963e+02 -3.516823e+02 -2.674624e+02
-1.759883e+02 -3.514332e+02 -2.679010e+02
-1.759801e+02 -3.511836e+02 -2.683393e+02
-1.759716e+02 -3.509336e+02 -2.687775e+02
-1.759630e+02 -3.506831e+02 -2.692156e+02
-1.759542e+02 -3.504322e+02 -2.696535e+02
-1.759452e+02 -3.501808e+02 -2.700912e+02
-1.759360e+02 -3.499290e+02 -2.705287e+02
-1.759266e+02 -3.496768e+02 -2.709661e+02
-1.759171e+02 -3.494241e+02 -2.714033e+02
-1.759073e+02 -3.491710e+02 -2.718404e+02
-1.758973e+02 -3.489174e+02 -2.722773e+02
-1.758871e+02 -3.486634e+02 -2.727140e+02
-1.758768e+02 -3.484089e+02 -2.731506e+02
-1.758662e+02 -3.481540e+02 -2.735869e+02
-1.758555e+02 -3.478987e+02 -2.740232e+02
-1.758445e+02 -3.476429e+02 -2.744592e+02
-1.758334e+02 -3.473867e+02 -2.748951e+02
-1.758221e+02 -3.471300e+02 -2.753308e+02
-1.758105e+02 -3.468729e+02 -2.757663e+02
-1.757988e+02 -3.466153e+02 -2.762017e+02
-1.757869e+02 -3.463573e+02 -2.766369e+02
-1.757748e+02 -3.460989e+02 -2.770720e+02
-1.757625e+02 -3.458400e+02 -2.775068e+02
-1.757500e+02 -3.455807e+02 -2.779415e+02
-1.757373e+02 -3.453209e+02 -2.783760e+02
-1.757244e+02 -3.450607e+02 -2.788104e+02
-1.757113e+02 -3.448000e+02 -2.792445e+02
-1.756980e+02 -3.445389e+02 -2.796785e+02
-1.756845e+02 -3.442774e+02 -2.801123e+02
-1.756708e+02 -3.440154e+02 -2.805460e+02
-1.756570e+02 -3.437530e+02 -2.809795e+02
-1.756429e+02 -3.434902e+02 -2.814128e+02
-1.756286e+02 -3.432268e+02 -2.818459e+02
-1.756142e+02 -3.429631e+02 -2.822788e+02
-1.755995e+02 -3.426989e+02 -2.827116e+02
-1.755847e+02 -3.424343e+02 -2.831442e+02
-1.755696e+02 -3.421692e+02 -2.835766e+02
-1.755544e+02 -3.419037e+02 -2.840088e+02
-1.755389e+02 -3.416378e+02 -2.844409e+02
-1.755233e+02 -3.413714e+02 -2.848727e+02
-1.755075e+02 -3.411045e+02 -2.853044e+02
-1.754915e+02 -3.408373e+02 -2.857359e+02
-1.754752e+02 -3.405695e+02 -2.861673e+02
-1.754588e+02 -3.403014e+02 -2.865984e+02
-1.754422e+02 -3.400328e+02 -2.870294e+02
-1.754254e+02 -3.397637e+02 -2.874602e+02
-1.754084e+02 -3.394943e+02 -2.878908e+02
-1.753912e+02 -3.392243e+02 -2.883212e+02
-1.753738e+02 -3.389540e+02 -2.887514e+02
-1.753562e+02 -3.386832e+02 -2.891815e+02
-1.753384e+02 -3.384119e+02 -2.896114e+02
-1.753204e+02 -3.381403e+02 -2.900410e+02
-1.753022e+02 -3.378681e+02 -2.904705e+02
-1.752838e+02 -3.375956e+02 -2.908999e+02
-1.752652e+02 -3.373226e+02 -2.913290e+02
-1.752464e+02 -3.370491e+02 -2.917579e+02
-1.752274e+02 -3.367752e+02 -2.921867e+02
-1.752082e+02 -3.365009e+02 -2.926152e+02
-1.751889e+02 -3.362261e+02 -2.930436e+02
-1.751693e+02 -3.359509e+02 -2.934718e+02
-1.751495e+02 -3.356753e+02 -2.938998e+02
-1.751295e+02 -3.353992e+02 -2.943276e+02
-1.751094e+02 -3.351227e+02 -2.947552e+02
-1.750890e+02 -3.348457e+02 -2.951827e+02
-1.750684e+02 -3.345683e+02 -2.956099e+02
-1.750477e+02 -3.342905e+02 -2.960370e+02
-1.750267e+02 -3.340122e+02 -2.964638e+02
-1.750056e+02 -3.337335e+02 -2.968905e+02
-1.749842e+02 -3.334543e+02 -2.973169e+02
-1.749626e+02 -3.331747e+02 -2.977432e+02
-1.749409e+02 -3.328946e+02 -2.981693e+02
-1.749189e+02 -3.326142e+02 -2.985952e+02
-1.748968e+02 -3.323332e+02 -2.990209e+02
-1.748744e+02 -3.320519e+02 -2.994464e+02
-1.748519e+02 -3.317701e+02 -2.998717e+02
-1.748291e+02 -3.314878e+02 -3.002968e+02
-1.748062e+02 -3.312052e+02 -3.007217e+02
-1.747830e+02 -3.309221e+02 -3.011464e+02
-1.747597e+02 -3.306385e+02 -3.015709e+02
-1.747361e+02 -3.303545e+02 -3.019952e+02
-1.747124e+02 -3.300701e+02 -3.024194e+02
-1.746885e+02 -3.297852e+02 -3.028433e+02
-1.746643e+02 -3.294999e+02 -3.032670e+02
-1.746400e+02 -3.292142e+02 -3.036905e+02
-1.746154e+02 -3.289280e+02 -3.041138e+02
-1.745907e+02 -3.286413e+02 -3.045370e+02
-1.745658e+02 -3.283543e+02 -3.049599e+02
-1.745406e+02 -3.280668e+02 -3.053826e+02
-1.745153e+02 -3.277788e+02 -3.058051e+02
-1.744897e+02 -3.274905e+02 -3.062274e+02
-1.744640e+02 -3.272017e+02 -3.066495e+02
-1.744381e+02 -3.269124e+02 -3.070714e+02
-1.744119e+02 -3.266227e+02 -3.074931e+02
-1.743856e+02 -3.263326e+02 -3.079146e+02
-1.743591e+02 -3.260420e+02 -3.083359e+02
-1.743323e+02 -3.257510e+02 -3.087570e+02
-1.743054e+02 -3.254596e+02 -3.091779e+02
-1.742782e+02 -3.251677e+02 -3.095985e+02
-1.742509e+02 -3.248754e+02 -3.100190e+02
-1.742234e+02 -3.245826e+02 -3.104392e+02
-1.741956e+02 -3.242895e+02 -3.108593e+02
-1.741677e+02 -3.239958e+02 -3.112791e+02
-1.741395e+02 -3.237018e+02 -3.116988e+02
-1.741112e+02 -3.234073e+02 -3.121182e+02
-1.740827e+02 -3.231123e+02 -3.125374e+02
-1.740539e+02 -3.228170e+02 -3.129564e+02
-1.740250e+02 -3.225212e+02 -3.133752e+02
-1.739958e+02 -3.222249e+02 -3.137938e+02
-1.739665e+02 -3.219282e+02 -3.142121e+02
-1.739369e+02 -3.216311e+02 -3.146303e+02
-1.739072e+02 -3.213336e+02 -3.150482e+02
-1.738772e+02 -3.210356e+02 -3.154659e+02
-1.738471e+02 -3.207371e+02 -3.158835e+02
-1.738167e+02 -3.204383e+02 -3.163008e+02
-1.737862e+02 -3.201390e+02 -3.167178e+02
-1.737554e+02 -3.198392e+02 -3.171347e+02
-1.737245e+02 -3.195391e+02 -3.175514e+02
-1.736933e+02 -3.192385e+02 -3.179678e+02
-1.736620e+02 -3.189374e+02 -3.183840e+02
-1.736304e+02 -3.186359e+02 -3.188000e+02
-1.735986e+02 -3.183340e+02 -3.192158e+02
-1.735667e+02 -3.180317e+02 -3.196314e+02
-1.735345e+02 -3.177289e+02 -3.200467e+02
-1.735021e+02 -3.174257e+02 -3.204618e+02
-1.734696e+02 -3.171220e+02 -3.208767e+02
-1.734368e+02 -3.168179e+02 -3.212914e+02
-1.734038e+02 -3.165134e+02 -3.217059e+02
-1.733706e+02 -3.162084e+02 -3.221201e+02
-1.733373e+02 -3.159031e+02 -3.225342e+02
-1.733037e+02 -3.155972e+02 -3.229480e+02
-1.732699e+02 -3.152910e+02 -3.233616e+02
-1.732359e+02 -3.149843e+02 -3.237749e+02
-1.732017e+02 -3.146771e+02 -3.241880e+02
-1.731673e+02 -3.143696e+02 -3.246009e+02
-1.731327e+02 -3.140616e+02 -3.250136e+02
-1.730980e+02 -3.137531e+02 -3.254261e+02
-1.730630e+02 -3.134443e+02 -3.258383e+02
-1.730278e+02 -3.131350e+02 -3.262503e+02
-1.729923e+02 -3.128252e+02 -3.266621e+02
-1.729567e+02 -3.125151e+02 -3.270737e+02
-1.729209e+02 -3.122044e+02 -3.274850e+02
-1.728849e+02 -3.118934e+02 -3.278961e+02
-1.728487e+02 -3.115819e+02 -3.283069e+02
-1.728123e+02 -3.112700e+02 -3.287176e+02
-1.727757e+02 -3.109577e+02 -3.291280e+02
-1.727388e+02 -3.106449e+02 -3.295382e+02
-1.727018e+02 -3.103317e+02 -3.299481e+02
-1.726646e+02 -3.100181e+02 -3.303578e+02
-1.726271e+02 -3.097040e+02 -3.307673e+02
-1.725895e+02 -3.093895e+02 -3.311766e+02
-1.725516e+02 -3.090746e+02 -3.315856e+02
-1.725136e+02 -3.087592e+02 -3.319944e+02
-1.724753e+02 -3.084434e+02 -3.324029e+02
-1.724369e+02 -3.081272e+02 -3.328113e+02
-1.723982e+02 -3.078105e+02 -3.332194e+02
-1.723594e+02 -3.074934e+02 -3.336272e+02
-1.723203e+02 -3.071759e+02 -3.340348e+02
-1.722810e+02 -3.068579e+02 -3.344422e+02
-1.722416e+02 -3.065395e+02 -3.348493e+02
-1.722019e+02 -3.062207e+02 -3.352562e+02
-1.721620e+02 -3.059014e+02 -3.356629e+02
-1.721219e+02 -3.055818e+02 -3.360693e+02
-1.720816e+02 -3.052616e+02 -3.364755e+02
-1.720411e+02 -3.049411e+02 -3.368815e+02
-1.720004e+02 -3.046201e+02 -3.372872e+02
-1.719595e+02 -3.042987e+02 -3.376927e+02
-1.719184e+02 -3.039768e+02 -3.380979e+02
-1.718771e+02 -3.036546e+02 -3.385029e+02
-1.718356e+02 -3.033319e+02 -3.389076e+02
-1.717939e+02 -3.030087e+02 -3.393121e+02
-1.717519e+02 -3.026852e+02 -3.397164e+02
-1.717098e+02 -3.023612e+02 -3.401204e+02
-1.716675e+02 -3.020367e+02 -3.405242e+02
-1.716249e+02 -3.017119e+02 -3.409277e+02
-1.715822e+02 -3.013866e+02 -3.413310e+02
-1.715392e+02 -3.010609e+02 -3.417341e+02
-1.714961e+02 -3.007347e+02 -3.421369e+02
-1.714527e+02 -3.004081e+02 -3.425394e+02
-1.714091e+02 -3.000811e+02 -3.429417e+02
-1.713654e+02 -2.997537e+02 -3.433438e+02
-1.713214e+02 -2.994258e+02 -3.437456e+02
-1.712772e+02 -2.990975e+02 -3.441472e+02
-1.712328e+02 -2.987688e+02 -3.445485e+02
-1.711882e+02 -2.984396e+02 -3.449495e+02
-1.711434e+02 -2.981100e+02 -3.453504e+02
-1.710984e+02 -2.977800e+02 -3.457509e+02
-1.710532e+02 -2.974496e+02 -3.461512e+02
-1.710078e+02 -2.971187e+02 -3.465513e+02
-1.709621e+02 -2.967874e+02 -3.469511e+02
-1.709163e+02 -2.964557e+02 -3.473507e+02
-1.708703e+02 -2.961235e+02 -3.477500e+02
-1.708240e+02 -2.957909e+02 -3.481490e+02
-1.707776e+02 -2.954579e+02 -3.485478e+02
-1.707309e+02 -2.951245e+02 -3.489464e+02
-1.706841e+02 -2.947906e+02 -3.493446e+02
-1.706370e+02 -2.944563e+02 -3.497427e+02
-1.705897e+02 -2.941216e+02 -3.501405e+02
-1.705423e+02 -2.937864e+02 -3.505380e+02
-1.704946e+02 -2.934508e+02 -3.509352e+02
-1.704467e+02 -2.931148e+02 -3.513322e+02
-1.703986e+02 -2.927784e+02 -3.517290e+02
-1.703503e+02 -2.924415e+02 -3.521255e+02
-1.703018e+02 -2.921042e+02 -3.525217e+02
-1.702531e+02 -2.917665e+02 -3.529177e+02
-1.702041e+02 -2.914284e+02 -3.533134e+02
-1.701550e+02 -2.910898e+02 -3.537088e+02
-1.701057e+02 -2.907508e+02 -3.541040e+02
-1.700561e+02 -2.904114e+02 -3.544990e+02
-1.700064e+02 -2.900715e+02 -3.548936e+02
-1.699564e+02 -2.897312e+02 -3.552880e+02
-1.699063e+02 -2.893905e+02 -3.556822e+02
-1.698559e+02 -2.890494e+02 -3.560761e+02
-1.698053e+02 -2.887078e+02 -3.564697e+02
-1.697545e+02 -2.883659e+02 -3.568630e+02
-1.697035e+02 -2.880235e+02 -3.572561e+02
-1.696523e+02 -2.876806e+02 -3.576489e+02
-1.696009e+02 -2.873374e+02 -3.580415e+02
-1.695493e+02 -2.869937e+02 -3.584338e+02
-1.694975e+02 -2.866496e+02 -3.588258e+02
-1.694455e+02 -2.863050e+02 -3.592175e+02
-1.693932e+02 -2.859601e+02 -3.596090e+02
-1.693408e+02 -2.856147e+02 -3.600002e+02
-1.692881e+02 -2.852689e+02 -3.603912e+02
-1.692353e+02 -2.849227e+02 -3.607818e+02
-1.691822e+02 -2.845760e+02 -3.611722e+02
-1.691289e+02 -2.842289e+02 -3.615624e+02
-1.690754e+02 -2.838814e+02 -3.619522e+02
-1.690218e+02 -2.835335e+02 -3.623418e+02
-1.689679e+02 -2.831851e+02 -3.627311e+02
-1.689137e+02 -2.828364e+02 -3.631202e+02
-1.688594e+02 -2.824872e+02 -3.635089e+02
-1.688049e+02 -2.821376e+02 -3.638974e+02
-1.687502e+02 -2.817875e+02 -3.642856e+02
-1.686952e+02 -2.814370e+02 -3.646736e+02
-1.686401e+02 -2.810861e+02 -3.650613e+02
-1.685847e+02 -2.807348e+02 -3.654486e+02
-1.685292e+02 -2.803831e+02 -3.658358e+02
-1.684734e+02 -2.800309e+02 -3.662226e+02
-1.684174e+02 -2.796784e+02 -3.666092e+02
-1.683612e+02 -2.793254e+02 -3.669954e+02
-1.683048e+02 -2.789719e+02 -3.673815e+02
-1.682482e+02 -2.786181e+02 -3.677672e+02
-1.681914e+02 -2.782638e+02 -3.681526e+02
-1.681344e+02 -2.779091e+02 -3.685378e+02
-1.680772e+02 -2.775540e+02 -3.689227e+02
-1.680197e+02 -2.771985e+02 -3.693073e+02
-1.679621e+02 -2.768425e+02 -3.696916e+02
-1.679042e+02 -2.764861e+02 -3.700756e+02
-1.678462e+02 -2.761294e+02 -3.704594e+02
-1.677879e+02 -2.757721e+02 -3.708428e+02
-1.677294e+02 -2.754145e+02 -3.712260e+02
-1.676707e+02 -2.750564e+02 -3.716089e+02
-1.676118e+02 -2.746980e+02 -3.719916e+02
-1.675527e+02 -2.743391e+02 -3.723739e+02
-1.674934e+02 -2.739797e+02 -3.727559e+02
-1.674339e+02 -2.736200e+02 -3.731377e+02
-1.673741e+02 -2.732598e+02 -3.735192e+02
-1.673142e+02 -2.728993e+02 -3.739003e+02
-1.672540e+02 -2.725383e+02 -3.742812e+02
-1.671937e+02 -2.721768e+02 -3.746618e+02
-1.671331e+02 -2.718150e+02 -3.750421e+02
-1.670723e+02 -2.714528e+02 -3.754222e+02
-1.670113e+02 -2.710901e+02 -3.758019e+02
-1.669501e+02 -2.707270e+02 -3.761813e+02
-1.668887e+02 -2.703635e+02 -3.765605e+02
-1.668271e+02 -2.699995e+02 -3.769394e+02
-1.667653e+02 -2.696352e+02 -3.773179e+02
-1.667032e+02 -2.692704e+02 -3.776962e+02
-1.666410e+02 -2.689052e+02 -3.780742e+02
-1.665785e+02 -2.685396e+02 -3.784519e+02
-1.665158e+02 -2.681736e+02 -3.788293e+02
-1.664530e+02 -2.678072e+02 -3.792064e+02
-1.663899e+02 -2.674403e+02 -3.795832e+02
-1.663266e+02 -2.670731e+02 -3.799597e+02
-1.662631e+02 -2.667054e+02 -3.803359e+02
-1.661993e+02 -2.663373e+02 -3.807118e+02
-1.661354e+02 -2.659687e+02 -3.810874e+02
-1.660713e+02 -2.655998e+02 -3.814627e+02
-1.660069e+02 -2.652304e+02 -3.818377e+02
-1.659424e+02 -2.648607e+02 -3.822124e+02
-1.658776e+02 -2.644905e+02 -3.825868e+02
-1.658126e+02 -2.641199e+02 -3.829609e+02
-1.657474e+02 -2.637489e+02 -3.833347e+02
-1.656820e+02 -2.633774e+02 -3.837083e+02
-1.656164e+02 -2.630056e+02 -3.840815e+02
-1.655506e+02 -2.626333e+02 -3.844544e+02
-1.654846e+02 -2.622606e+02 -3.848270e+02
-1.654183e+02 -2.618875e+02 -3.851993e+02
-1.653519e+02 -2.615140e+02 -3.855712e+02
-1.652852e+02 -2.611401e+02 -3.859429e+02
-1.652183e+02 -2.607658e+02 -3.863143e+02
-1.651513e+02 -2.603910e+02 -3.866854e+02
-1.650840e+02 -2.600158e+02 -3.870561e+02
-1.650165e+02 -2.596402e+02 -3.874266e+02
-1.649488e+02 -2.592643e+02 -3.877968e+02
-1.648808e+02 -2.588878e+02 -3.881666e+02
-1.648127e+02 -2.585110e+02 -3.885361e+02
-1.647443e+02 -2.581338e+02 -3.889054e+02
-1.646758e+02 -2.577561e+02 -3.892743e+02
-1.646070e+02 -2.573781e+02 -3.896429e+02
-1.645380e+02 -2.569996e+02 -3.900112e+02
-1.644689e+02 -2.566207e+02 -3.903791e+02
-1.643994e+02 -2.562414e+02 -3.907468e+02
-1.643298e+02 -2.558617e+02 -3.911142e+02
-1.642600e+02 -2.554816e+02 -3.914812e+02
-1.641900e+02 -2.551010e+02 -3.918479e+02
-1.641197e+02 -2.547201e+02 -3.922144e+02
-1.640493e+02 -2.543387e+02 -3.925805e+02
-1.639786e+02 -2.539570e+02 -3.929462e+02
-1.639077e+02 -2.535748e+02 -3.933117e+02
-1.638366e+02 -2.531922e+02 -3.936768e+02
-1.637653e+02 -2.528092e+02 -3.940417e+02
-1.636938e+02 -2.524258e+02 -3.944062e+02
-1.636221e+02 -2.520420e+02 -3.947704e+02
-1.635502e+02 -2.516577e+02 -3.951343e+02
-1.634780e+02 -2.512731e+02 -3.954978e+02
-1.634057e+02 -2.508880e+02 -3.958611e+02
-1.633331e+02 -2.505026e+02 -3.962240e+02
-1.632603e+02 -2.501167e+02 -3.965866e+02
-1.631873e+02 -2.497304e+02 -3.969489e+02
-1.631141e+02 -2.493437e+02 -3.973108e+02
-1.630407e+02 -2.489566e+02 -3.976724e+02
-1.629671e+02 -2.485691e+02 -3.980337e+02
-1.628932e+02 -2.481812e+02 -3.983947e+02
-1.628192e+02 -2.477929e+02 -3.987554e+02
-1.627449e+02 -2.474042e+02 -3.991157e+02
-1.626704e+02 -2.470150e+02 -3.994757e+02
-1.625958e+02 -2.466255e+02 -3.998354e+02
-1.625209e+02 -2.462355e+02 -4.001948e+02
-1.624458e+02 -2.458452e+02 -4.005538e+02
-1.623704e+02 -2.454544e+02 -4.009125e+02
-1.622949e+02 -2.450632e+02 -4.012709e+02
-1.622192e+02 -2.446716e+02 -4.016289e+02
-1.621432e+02 -2.442796e+02 -4.019866e+02
-1.620670e+02 -2.438872e+02 -4.023440e+02
-1.619906e+02 -2.434944e+02 -4.027011e+02
-1.619141e+02 -2.431012e+02 -4.030578e+02
-1.618373e+02 -2.427076e+02 -4.034142e+02
-1.617602e+02 -2.423136e+02 -4.037702e+02
-1.616830e+02 -2.419192e+02 -4.041260e+02
-1.616056e+02 -2.415243e+02 -4.044813e+02
-1.615279e+02 -2.411291e+02 -4.048364e+02
-1.614500e+02 -2.407335e+02 -4.051911e+02
-1.613720e+02 -2.403374e+02 -4.055455e+02
-1.612937e+02 -2.399410e+02 -4.058996e+02
-1.612152e+02 -2.395441e+02 -4.062533e+02
-1.611365e+02 -2.391469e+02 -4.066067e+02
-1.610575e+02 -2.387492e+02 -4.069597e+02
-1.609784e+02 -2.383511e+02 -4.073124e+02
-1.608990e+02 -2.379527e+02 -4.076648e+02
-1.608195e+02 -2.375538e+02 -4.080168e+02
-1.607397e+02 -2.371545e+02 -4.083685e+02
-1.606597e+02 -2.367548e+02 -4.087198e+02
-1.605795e+02 -2.363548e+02 -4.090708e+02
-1.604991e+02 -2.359543e+02 -4.094215e+02
-1.604185e+02 -2.355534e+02 -4.097718e+02
-1.603376e+02 -2.351521e+02 -4.101218e+02
-1.602566e+02 -2.347504e+02 -4.104715e+02
-1.601753e+02 -2.343483e+02 -4.108208e+02
-1.600939e+02 -2.339458e+02 -4.111697e+02
-1.600122e+02 -2.335430e+02 -4.115183e+02
-1.599303e+02 -2.331397e+02 -4.118666e+02
-1.598481e+02 -2.327360e+02 -4.122145e+02
-1.597658e+02 -2.323319e+02 -4.125621e+02
-1.596833e+02 -2.319274e+02 -4.129093e+02
-1.596005e+02 -2.315225e+02 -4.132562e+02
-1.595176e+02 -2.311172e+02 -4.136027e+02
-1.594344e+02 -2.307115e+02 -4.139489e+02
-1.593510e+02 -2.303054e+02 -4.142947e+02
-1.592674e+02 -2.298989e+02 -4.146402e+02
-1.591836e+02 -2.294920e+02 -4.149853e+02
-1.590996e+02 -2.290847e+02 -4.153301e+02
-1.590153e+02 -2.286771e+02 -4.156745e+02
-1.589309e+02 -2.282690e+02 -4.160186e+02
-1.588462e+02 -2.278605e+02 -4.163623e+02
-1.587613e+02 -2.274516e+02 -4.167057e+02
-1.586762e+02 -2.270423e+02 -4.170487e+02
-1.585909e+02 -2.266327e+02 -4.173914e+02
-1.585054e+02 -2.262226e+02 -4.177337e+02
-1.584197e+02 -2.258121e+02 -4.180756e+02
-1.583337e+02 -2.254013e+02 -4.184172e+02
-1.582476e+02 -2.249900e+02 -4.187585e+02
-1.581612e+02 -2.245783e+02 -4.190993e+02
-1.580746e+02 -2.241663e+02 -4.194399e+02
-1.579878e+02 -2.237538e+02 -4.197800e+02
-1.579008e+02 -2.233410e+02 -4.201198e+02
-1.578136e+02 -2.229277e+02 -4.204593e+02
-1.577261e+02 -2.225141e+02 -4.207984e+02
-1.576385e+02 -2.221001e+02 -4.211371e+02
-1.575506e+02 -2.216857e+02 -4.214755e+02
-1.574626e+02 -2.212708e+02 -4.218135e+02
-1.573743e+02 -2.208556e+02 -4.221511e+02
-1.572858e+02 -2.204400e+02 -4.224884e+02
-1.571970e+02 -2.200240e+02 -4.228253e+02
-1.571081e+02 -2.196076e+02 -4.231619e+02
-1.570190e+02 -2.191908e+02 -4.234981e+02
-1.569296e+02 -2.187737e+02 -4.238339e+02
-1.568401e+02 -2.183561e+02 -4.241693e+02
-1.567503e+02 -2.179381e+02 -4.245044e+02
-1.566603e+02 -2.175198e+02 -4.248392e+02
-1.565701e+02 -2.171010e+02 -4.251735e+02
-1.564797e+02 -2.166819e+02 -4.255075e+02
-1.563890e+02 -2.162624e+02 -4.258411e+02
-1.562982e+02 -2.158424e+02 -4.261744e+02
-1.562071e+02 -2.154221e+02 -4.265073e+02
-1.561158e+02 -2.150014e+02 -4.268398e+02
-1.560244e+02 -2.145803e+02 -4.271719e+02
-1.559327e+02 -2.141588e+02 -4.275037e+02
-1.558407e+02 -2.137370e+02 -4.278351e+02
-1.557486e+02 -2.133147e+02 -4.281661e+02
-1.556563e+02 -2.128921e+02 -4.284968e+02
-1.555637e+02 -2.124690e+02 -4.288270e+02
-1.554709e+02 -2.120456e+02 -4.291569e+02
-1.553780e+02 -2.116218e+02 -4.294865e+02
-1.552848e+02 -2.111976e+02 -4.298156e+02
-1.551914e+02 -2.107730e+02 -4.301444e+02
-1.550977e+02 -2.103480e+02 -4.304728e+02
-1.550039e+02 -2.099226e+02 -4.308008e+02
-1.549099e+02 -2.094968e+02 -4.311285e+02
-1.548156e+02 -2.090707e+02 -4.314557e+02
-1.547211e+02 -2.086442e+02 -4.317826e+02
-1.546264e+02 -2.082172e+02 -4.321091e+02
-1.545315e+02 -2.077899e+02 -4.324353e+02
-1.544364e+02 -2.073623e+02 -4.327610e+02
-1.543411e+02 -2.069342e+02 -4.330864e+02
-1.542456e+02 -2.065057e+02 -4.334114e+02
-1.541498e+02 -2.060769e+02 -4.337360e+02
-1.540538e+02 -2.056476e+02 -4.340602e+02
-1.539577e+02 -2.052180e+02 -4.343840e+02
-1.538613e+02 -2.047880e+02 -4.347075e+02
-1.537646e+02 -2.043576e+02 -4.350306e+02
-1.536678e+02 -2.039269e+02 -4.353532e+02
-1.535708e+02 -2.034957e+02 -4.356755e+02
-1.534735e+02 -2.030642e+02 -4.359975e+02
-1.533761e+02 -2.026322e+02 -4.363190e+02
-1.532784e+02 -2.021999e+02 -4.366401e+02
-1.531805e+02 -2.017673e+02 -4.369609e+02
-1.530824e+02 -2.013342e+02 -4.372812e+02
-1.529841e+02 -2.009007e+02 -4.376012e+02
-1.528856e+02 -2.004669e+02 -4.379208e+02
-1.527868e+02 -2.000327e+02 -4.382400e+02
-1.526879e+02 -1.995981e+02 -4.385588e+02
-1.525887e+02 -1.991631e+02 -4.388772e+02
-1.524893e+02 -1.987278e+02 -4.391952e+02
-1.523897e+02 -1.982920e+02 -4.395128e+02
-1.522899e+02 -1.978559e+02 -4.398300e+02
-1.521899e+02 -1.974194e+02 -4.401469e+02
-1.520896e+02 -1.969825e+02 -4.404633e+02
-1.519892e+02 -1.965453e+02 -4.407793e+02
-1.518885e+02 -1.961077e+02 -4.410950e+02
-1.517876e+02 -1.956696e+02 -4.414102e+02
-1.516865e+02 -1.952313e+02 -4.417251e+02
-1.515852e+02 -1.947925e+02 -4.420396e+02
-1.514837e+02 -1.943533e+02 -4.423536e+02
-1.513820e+02 -1.939138e+02 -4.426673e+02
-1.512800e+02 -1.934739e+02 -4.429805e+02
-1.511779e+02 -1.930336e+02 -4.432934e+02
-1.510755e+02 -1.925930e+02 -4.436059e+02
-1.509729e+02 -1.921519e+02 -4.439179e+02
-1.508701e+02 -1.917105e+02 -4.442296e+02
-1.507671e+02 -1.912688e+02 -4.445408e+02
-1.506639e+02 -1.908266e+02 -4.448517e+02
-1.505604e+02 -1.903841e+02 -4.451621e+02
-1.504568e+02 -1.899412e+02 -4.454722e+02
-1.503529e+02 -1.894979e+02 -4.457818e+02
-1.502488e+02 -1.890542e+02 -4.460911e+02
-1.501446e+02 -1.886102e+02 -4.463999e+02
-1.500400e+02 -1.881658e+02 -4.467083e+02
-1.499353e+02 -1.877210e+02 -4.470163e+02
-1.498304e+02 -1.872758e+02 -4.473240e+02
-1.497252e+02 -1.868303e+02 -4.476312e+02
-1.496199e+02 -1.863844e+02 -4.479380e+02
-1.495143e+02 -1.859381e+02 -4.482443e+02
-1.494085e+02 -1.854915e+02 -4.485503e+02
-1.493025e+02 -1.850445e+02 -4.488559e+02
-1.491963e+02 -1.845971e+02 -4.491610e+02
-1.490899e+02 -1.841494e+02 -4.494658e+02
-1.489832e+02 -1.837012e+02 -4.497701e+02
-1.488764e+02 -1.832527e+02 -4.500740e+02
-1.487693e+02 -1.828039e+02 -4.503775e+02
-1.486620e+02 -1.823546e+02 -4.506806e+02
-1.485545e+02 -1.819050e+02 -4.509833e+02
-1.484468e+02 -1.814550e+02 -4.512856e+02
-1.483389e+02 -1.810047e+02 -4.515874e+02
-1.482308e+02 -1.805540e+02 -4.518888e+02
-1.481224e+02 -1.801029e+02 -4.521898e+02
-1.480139e+02 -1.796514e+02 -4.524904e+02
-1.479051e+02 -1.791996e+02 -4.527906e+02
-1.477961e+02 -1.787474e+02 -4.530904e+02
-1.476869e+02 -1.782949e+02 -4.533897e+02
-1.475775e+02 -1.778420e+02 -4.536886e+02
-1.474679e+02 -1.773887e+02 -4.539871e+02
-1.473580e+02 -1.769350e+02 -4.542852e+02
-1.472480e+02 -1.764810e+02 -4.545829e+02
-1.471377e+02 -1.760266e+02 -4.548801e+02
-1.470273e+02 -1.755719e+02 -4.551769e+02
-1.469166e+02 -1.751168e+02 -4.554733e+02
-1.468057e+02 -1.746613e+02 -4.557693e+02
-1.466945e+02 -1.742055e+02 -4.560648e+02
-1.465832e+02 -1.737493e+02 -4.563599e+02
-1.464717e+02 -1.732927e+02 -4.566546e+02
-1.463599e+02 -1.728358e+02 -4.569489e+02
-1.462480e+02 -1.723785e+02 -4.572427e+02
-1.461358e+02 -1.719208e+02 -4.575361e+02
-1.460234e+02 -1.714628e+02 -4.578291e+02
-1.459108e+02 -1.710044e+02 -4.581217e+02
-1.457979e+02 -1.705457e+02 -4.584138e+02
-1.456849e+02 -1.700866e+02 -4.587055e+02
-1.455717e+02 -1.696271e+02 -4.589968e+02
-1.454582e+02 -1.691673e+02 -4.592876e+02
-1.453445e+02 -1.687071e+02 -4.595780e+02
-1.452307e+02 -1.682466e+02 -4.598680e+02
-1.451166e+02 -1.677857e+02 -4.601575e+02
-1.450023e+02 -1.673244e+02 -4.604466e+02
-1.448877e+02 -1.668628e+02 -4.607353e+02
-1.447730e+02 -1.664008e+02 -4.610235e+02
-1.446581e+02 -1.659384e+02 -4.613113e+02
-1.445429e+02 -1.654758e+02 -4.615987e+02
-1.444275e+02 -1.650127e+02 -4.618856e+02
-1.443119e+02 -1.645493e+02 -4.621721e+02
-1.441961e+02 -1.640855e+02 -4.624581e+02
-1.440801e+02 -1.636214e+02 -4.627438e+02
-1.439639e+02 -1.631569e+02 -4.630289e+02
-1.438475e+02 -1.626921e+02 -4.633137e+02
-1.437308e+02 -1.622269e+02 -4.635980e+02
-1.436140e+02 -1.617613e+02 -4.638818e+02
-1.434969e+02 -1.612954e+02 -4.641653e+02
-1.433796e+02 -1.608292e+02 -4.644482e+02
-1.432621e+02 -1.603626e+02 -4.647308e+02
-1.431444e+02 -1.598956e+02 -4.650129e+02
-1.430265e+02 -1.594283e+02 -4.652945e+02
-1.429084e+02 -1.589606e+02 -4.655757e+02
-1.427900e+02 -1.584926e+02 -4.658565e+02
-1.426715e+02 -1.580242e+02 -4.661368e+02
-1.425527e+02 -1.575555e+02 -4.664166e+02
-1.424337e+02 -1.570864e+02 -4.666961e+02
-1.423145e+02 -1.566170e+02 -4.669750e+02
-1.421951e+02 -1.561472e+02 -4.672536e+02
-1.420755e+02 -1.556771e+02 -4.675317e+02
-1.419557e+02 -1.552066e+02 -4.678093e+02
-1.418356e+02 -1.547358e+02 -4.680865e+02
-1.417154e+02 -1.542646e+02 -4.683632e+02
-1.415949e+02 -1.537931e+02 -4.686395e+02
-1.414742e+02 -1.533212e+02 -4.689153e+02
-1.413533e+02 -1.528490e+02 -4.691907e+02
-1.412322e+02 -1.523764e+02 -4.694656e+02
-1.411109e+02 -1.519035e+02 -4.697401e+02
-1.409894e+02 -1.514302e+02 -4.700141e+02
-1.408677e+02 -1.509566e+02 -4.702877e+02
-1.407457e+02 -1.504826e+02 -4.705608e+02
-1.406236e+02 -1.500083e+02 -4.708335e+02
-1.405012e+02 -1.495337e+02 -4.711057e+02
-1.403786e+02 -1.490587e+02 -4.713774e+02
-1.402558e+02 -1.485833e+02 -4.716487e+02
-1.401328e+02 -1.481077e+02 -4.719195e+02
-1.400096e+02 -1.476316e+02 -4.721899e+02
-1.398862e+02 -1.471552e+02 -4.724598e+02
-1.397625e+02 -1.466785e+02 -4.727293e+02
-1.396387e+02 -1.462015e+02 -4.729983e+02
-1.395146e+02 -1.457241e+02 -4.732668e+02
-1.393903e+02 -1.452463e+02 -4.735349e+02
-1.392658e+02 -1.447682e+02 -4.738025e+02
-1.391412e+02 -1.442898e+02 -4.740697e+02
-1.390162e+02 -1.438110e+02 -4.743364e+02
-1.388911e+02 -1.433319e+02 -4.746026e+02
-1.387658e+02 -1.428525e+02 -4.748683e+02
-1.386403e+02 -1.423727e+02 -4.751336e+02
-1.385145e+02 -1.418925e+02 -4.753985e+02
-1.383886e+02 -1.414121e+02 -4.756628e+02
-1.382624e+02 -1.409313e+02 -4.759267e+02
-1.381360e+02 -1.404501e+02 -4.761902e+02
-1.380094e+02 -1.399686e+02 -4.764531e+02
-1.378826e+02 -1.394868e+02 -4.767156e+02
-1.377556e+02 -1.390046e+02 -4.769777e+02
-1.376284e+02 -1.385221e+02 -4.772392e+02
-1.375009e+02 -1.380393e+02 -4.775003e+02
-1.373733e+02 -1.375561e+02 -4.777609e+02
-1.372454e+02 -1.370726e+02 -4.780211e+02
-1.371174e+02 -1.365888e+02 -4.782808e+02
-1.369891e+02 -1.361046e+02 -4.785400e+02
-1.368606e+02 -1.356201e+02 -4.787987e+02
-1.367319e+02 -1.351353e+02 -4.790570e+02
-1.366030e+02 -1.346501e+02 -4.793147e+02
-1.364739e+02 -1.341646e+02 -4.795721e+02
-1.363445e+02 -1.336787e+02 -4.798289e+02
-1.362150e+02 -1.331925e+02 -4.800853e+02
-1.360852e+02 -1.327060e+02 -4.803411e+02
-1.359553e+02 -1.322192e+02 -4.805965e+02
-1.358251e+02 -1.317320e+02 -4.808515e+02
-1.356947e+02 -1.312445e+02 -4.811059e+02
-1.355641e+02 -1.307567e+02 -4.813599e+02
-1.354333e+02 -1.302685e+02 -4.816134e+02
-1.353023e+02 -1.297800e+02 -4.818664e+02
-1.351711e+02 -1.292912e+02 -4.821189e+02
-1.350397e+02 -1.288021e+02 -4.823710e+02
-1.349080e+02 -1.283126e+02 -4.826226e+02
-1.347762e+02 -1.278228e+02 -4.828737e+02
-1.346441e+02 -1.273326e+02 -4.831243e+02
-1.345119e+02 -1.268422e+02 -4.833744e+02
-1.343794e+02 -1.263514e+02 -4.836240e+02
-1.342467e+02 -1.258603e+02 -4.838732e+02
-1.341138e+02 -1.253688e+02 -4.841218e+02
-1.339807e+02 -1.248771e+02 -4.843700e+02
-1.338474e+02 -1.243850e+02 -4.846177e+02
-1.337139e+02 -1.238925e+02 -4.848649e+02
-1.335802e+02 -1.233998e+02 -4.851117e+02
-1.334462e+02 -1.229067e+02 -4.853579e+02
-1.333121e+02 -1.224134e+02 -4.856037e+02
-1.331777e+02 -1.219196e+02 -4.858489e+02
-1.330431e+02 -1.214256e+02 -4.860937e+02
-1.329084e+02 -1.209313e+02 -4.863380e+02
-1.327734e+02 -1.204366e+02 -4.865817e+02
-1.326382e+02 -1.199416e+02 -4.868250e+02
-1.325028e+02 -1.194463e+02 -4.870678e+02
-1.323672e+02 -1.189506e+02 -4.873102e+02
-1.322314e+02 -1.184547e+02 -4.875520e+02
-1.320953e+02 -1.179584e+02 -4.877933e+02
-1.319591e+02 -1.174618e+02 -4.880341e+02
-1.318227e+02 -1.169649e+02 -4.882745e+02
-1.316860e+02 -1.164676e+02 -4.885143e+02
-1.315491e+02 -1.159701e+02 -4.887536e+02
-1.314121e+02 -1.154722e+02 -4.889925e+02
-1.312748e+02 -1.149740e+02 -4.892308e+02
-1.311373e+02 -1.144755e+02 -4.894687e+02
-1.309996e+02 -1.139767e+02 -4.897060e+02
-1.308617e+02 -1.134776e+02 -4.899429e+02
-1.307236e+02 -1.129781e+02 -4.901792e+02
-1.305853e+02 -1.124784e+02 -4.904151e+02
-1.304468e+02 -1.119783e+02 -4.906505e+02
-1.303080e+02 -1.114779e+02 -4.908853e+02
-1.301691e+02 -1.109772e+02 -4.911197e+02
-1.300300e+02 -1.104762e+02 -4.913535e+02
-1.298906e+02 -1.099748e+02 -4.915868e+02
-1.297510e+02 -1.094732e+02 -4.918197e+02
-1.296113e+02 -1.089712e+02 -4.920520e+02
-1.294713e+02 -1.084690e+02 -4.922839e+02
-1.293311e+02 -1.079664e+02 -4.925152e+02
-1.291907e+02 -1.074635e+02 -4.927460e+02
-1.290501e+02 -1.069603e+02 -4.929763e+02
-1.289093e+02 -1.064568e+02 -4.932061e+02
-1.287683e+02 -1.059530e+02 -4.934354e+02
-1.286271e+02 -1.054489e+02 -4.936642e+02
-1.284857e+02 -1.049444e+02 -4.938925e+02
-1.283441e+02 -1.044397e+02 -4.941203e+02
-1.282022e+02 -1.039346e+02 -4.943475e+02
-1.280602e+02 -1.034293e+02 -4.945743e+02
-1.279179e+02 -1.029236e+02 -4.948005e+02
-1.277755e+02 -1.024177e+02 -4.950262e+02
-1.276328e+02 -1.019114e+02 -4.952515e+02
-1.274899e+02 -1.014048e+02 -4.954762e+02
-1.273469e+02 -1.008980e+02 -4.957003e+02
-1.272036e+02 -1.003908e+02 -4.959240e+02
-1.270601e+02 -9.988329e+01 -4.961472e+02
-1.269164e+02 -9.937550e+01 -4.963698e+02
-1.267725e+02 -9.886742e+01 -4.965920e+02
-1.266284e+02 -9.835902e+01 -4.968136e+02
-1.264841e+02 -9.785033e+01 -4.970347e+02
-1.263396e+02 -9.734134e+01 -4.972552e+02
-1.261949e+02 -9.683205e+01 -4.974753e+02
-1.260499e+02 -9.632245e+01 -4.976948e+02
-1.259048e+02 -9.581256e+01 -4.979139e+02
-1.257595e+02 -9.530237e+01 -4.981324e+02
-1.256139e+02 -9.479188e+01 -4.983503e+02
-1.254682e+02 -9.428109e+01 -4.985678e+02
-1.253222e+02 -9.377000e+01 -4.987847e+02
-1.251761e+02 -9.325862e+01 -4.990012e+02
-1.250297e+02 -9.274694e+01 -4.992171e+02
-1.248831e+02 -9.223496e+01 -4.994324e+02
-1.247364e+02 -9.172269e+01 -4.996473e+02
-1.245894e+02 -9.121013e+01 -4.998616e+02
-1.244422e+02 -9.069727e+01 -5.000754e+02
-1.242948e+02 -9.018411e+01 -5.002887e+02
-1.241472e+02 -8.967066e+01 -5.005014e+02
-1.239994e+02 -8.915692e+01 -5.007136e+02
-1.238514e+02 -8.864288e+01 -5.009253e+02
-1.237032e+02 -8.812856e+01 -5.011365e+02
-1.235548e+02 -8.761394e+01 -5.013471e+02
-1.234062e+02 -8.709903e+01 -5.015572e+02
-1.232574e+02 -8.658383e+01 -5.017668e+02
-1.231084e+02 -8.606834e+01 -5.019759e+02
-1.229592e+02 -8.555256e+01 -5.021844e+02
-1.228098e+02 -8.503649e+01 -5.023924e+02
-1.226601e+02 -8.452013e+01 -5.025998e+02
-1.225103e+02 -8.400348e+01 -5.028067e+02
-1.223603e+02 -8.348655e+01 -5.030131e+02
-1.222100e+02 -8.296933e+01 -5.032190e+02
-1.220596e+02 -8.245182e+01 -5.034243e+02
-1.219089e+02 -8.193402e+01 -5.036291e+02
-1.217581e+02 -8.141594e+01 -5.038333e+02
-1.216070e+02 -8.089758e+01 -5.040371e+02
-1.214558e+02 -8.037893e+01 -5.042402e+02
-1.213043e+02 -7.985999e+01 -5.044429e+02
-1.211527e+02 -7.934077e+01 -5.046450e+02
-1.210008e+02 -7.882127e+01 -5.048465e+02
-1.208487e+02 -7.830149e+01 -5.050476e+02
-1.206965e+02 -7.778142e+01 -5.052481e+02
-1.205440e+02 -7.726107e+01 -5.054480e+02
-1.203913e+02 -7.674044e+01 -5.056474e+02
-1.202385e+02 -7.621954e+01 -5.058463e+02
-1.200854e+02 -7.569835e+01 -5.060446e+02
-1.199321e+02 -7.517688e+01 -5.062424e+02
-1.197786e+02 -7.465513e+01 -5.064396e+02
-1.196250e+02 -7.413310e+01 -5.066363e+02
-1.194711e+02 -7.361080e+01 -5.068325e+02
-1.193170e+02 -7.308821e+01 -5.070281e+02
-1.191627e+02 -7.256535e+01 -5.072232e+02
-1.190082e+02 -7.204222e+01 -5.074177e+02
-1.188535e+02 -7.151881e+01 -5.076117e+02
-1.186986e+02 -7.099512e+01 -5.078051e+02
-1.185436e+02 -7.047116e+01 -5.079980e+02
-1.183883e+02 -6.994692e+01 -5.081903e+02
-1.182328e+02 -6.942241e+01 -5.083821e+02
-1.180771e+02 -6.889763e+01 -5.085733e+02
-1.179212e+02 -6.837257e+01 -5.087640e+02
-1.177651e+02 -6.784724e+01 -5.089541e+02
-1.176088e+02 -6.732164e+01 -5.091437e+02
-1.174523e+02 -6.679577e+01 -5.093328e+02
-1.172956e+02 -6.626962e+01 -5.095212e+02
-1.171387e+02 -6.574321e+01 -5.097092e+02
-1.169816e+02 -6.521653e+01 -5.098966e+02
-1.168243e+02 -6.468958e+01 -5.100834e+02
-1.166669e+02 -6.416236e+01 -5.102697e+02
-1.165092e+02 -6.363487e+01 -5.104554e+02
-1.163513e+02 -6.310712e+01 -5.106405e+02
-1.161932e+02 -6.257909e+01 -5.108251e+02
-1.160349e+02 -6.205081e+01 -5.110092e+02
-1.158764e+02 -6.152225e+01 -5.111927e+02
-1.157177e+02 -6.099343e+01 -5.113756e+02
-1.155588e+02 -6.046435e+01 -5.115580e+02
-1.153997e+02 -5.993500e+01 -5.117398e+02
-1.152404e+02 -5.940539e+01 -5.119211e+02
-1.150810e+02 -5.887551e+01 -5.121018e+02
-1.149213e+02 -5.834538e+01 -5.122820e+02
-1.147614e+02 -5.781498e+01 -5.124615e+02
-1.146013e+02 -5.728432e+01 -5.126406e+02
-1.144410e+02 -5.675339e+01 -5.128190e+02
-1.142806e+02 -5.622221e+01 -5.129969e+02
-1.141199e+02 -5.569077e+01 -5.131743e+02
-1.139590e+02 -5.515907e+01 -5.133510e+02
-1.137980e+02 -5.462711e+01 -5.135273e+02
-1.136367e+02 -5.409489e+01 -5.137029e+02
-1.134752e+02 -5.356242e+01 -5.138780e+02
-1.133136e+02 -5.302969e+01 -5.140525e+02
-1.131517e+02 -5.249670e+01 -5.142265e+02
-1.129896e+02 -5.196345e+01 -5.143998e+02
-1.128274e+02 -5.142995e+01 -5.145727e+02
-1.126649e+02 -5.089620e+01 -5.147449e+02
-1.125023e+02 -5.036219e+01 -5.149166e+02
-1.123394e+02 -4.982793e+01 -5.150877e+02
-1.121764e+02 -4.929341e+01 -5.152583e+02
-1.120132e+02 -4.875864e+01 -5.154282e+02
-1.118497e+02 -4.822362e+01 -5.155976e+02
-1.116861e+02 -4.768835e+01 -5.157665e+02
-1.115223e+02 -4.715283e+01 -5.159347e+02
-1.113582e+02 -4.661706e+01 -5.161024e+02
-1.111940e+02 -4.608104e+01 -5.162696e+02
-1.110296e+02 -4.554477e+01 -5.164361e+02
-1.108650e+02 -4.500825e+01 -5.166021e+02
-1.107002e+02 -4.447148e+01 -5.167675e+02
-1.105352e+02 -4.393446e+01 -5.169323e+02
-1.103700e+02 -4.339720e+01 -5.170966e+02
-1.102046e+02 -4.285970e+01 -5.172602e+02
-1.100390e+02 -4.232194e+01 -5.174233e+02
-1.098732e+02 -4.178394e+01 -5.175858e+02
-1.097073e+02 -4.124570e+01 -5.177478e+02
-1.095411e+02 -4.070722e+01 -5.179092e+02
-1.093747e+02 -4.016849e+01 -5.180700e+02
-1.092082e+02 -3.962951e+01 -5.182302e+02
-1.090414e+02 -3.909030e+01 -5.183898e+02
-1.088745e+02 -3.855084e+01 -5.185488e+02
-1.087073e+02 -3.801114e+01 -5.187073e+02
-1.085400e+02 -3.747121e+01 -5.188652e+02
-1.083724e+02 -3.693103e+01 -5.190225e+02
-1.082047e+02 -3.639061e+01 -5.191793e+02
-1.080368e+02 -3.584996e+01 -5.193354e+02
-1.078687e+02 -3.530906e+01 -5.194910e+02
-1.077004e+02 -3.476793e+01 -5.196459e+02
-1.075319e+02 -3.422657e+01 -5.198003e+02
-1.073632e+02 -3.368496e+01 -5.199541e+02
-1.071943e+02 -3.314312e+01 -5.201074e+02
-1.070252e+02 -3.260105e+01 -5.202600e+02
-1.068560e+02 -3.205874e+01 -5.204121e+02
-1.066865e+02 -3.151620e+01 -5.205635e+02
-1.065169e+02 -3.097342e+01 -5.207144e+02
-1.063470e+02 -3.043041e+01 -5.208647e+02
-1.061770e+02 -2.988717e+01 -5.210144e+02
-1.060067e+02 -2.934370e+01 -5.211635e+02
-1.058363e+02 -2.880000e+01 -5.213120e+02
-1.056657e+02 -2.825606e+01 -5.214600e+02
-1.054949e+02 -2.771190e+01 -5.216073e+02
-1.053239e+02 -2.716751e+01 -5.217541e+02
-1.051527e+02 -2.662289e+01 -5.219003e+02
-1.049813e+02 -2.607804e+01 -5.220458e+02
-1.048098e+02 -2.553297e+01 -5.221908e+02
-1.046380e+02 -2.498766e+01 -5.223352e+02
-1.044660e+02 -2.444214e+01 -5.224790e+02
-1.042939e+02 -2.389638e+01 -5.226222e+02
-1.041216e+02 -2.335041e+01 -5.227648e+02
-1.039490e+02 -2.280420e+01 -5.229068e+02
-1.037763e+02 -2.225778e+01 -5.230482e+02
-1.036034e+02 -2.171113e+01 -5.231890e+02
-1.034303e+02 -2.116426e+01 -5.233293e+02
-1.032570e+02 -2.061716e+01 -5.234689e+02
-1.030836e+02 -2.006985e+01 -5.236079e+02
-1.029099e+02 -1.952232e+01 -5.237463e+02
-1.027361e+02 -1.897456e+01 -5.238842e+02
-1.025620e+02 -1.842659e+01 -5.240214e+02
-1.023878e+02 -1.787840e+01 -5.241580e+02
-1.022134e+02 -1.732999e+01 -5.242941e+02
-1.020388e+02 -1.678136e+01 -5.244295e+02
-1.018640e+02 -1.623252e+01 -5.245643e+02
-1.016890e+02 -1.568346e+01 -5.246986e+02
-1.015138e+02 -1.513418e+01 -5.248322e+02
-1.013384e+02 -1.458469e+01 -5.249652e+02
-1.011629e+02 -1.403499e+01 -5.250976e+02
-1.009872e+02 -1.348507e+01 -5.252295e+02
-1.008112e+02 -1.293494e+01 -5.253607e+02
-1.006351e+02 -1.238459e+01 -5.254913e+02
-1.004588e+02 -1.183404e+01 -5.256213e+02
-1.002823e+02 -1.128327e+01 -5.257507e+02
-1.001057e+02 -1.073229e+01 -5.258795e+02
-9.992879e+01 -1.018111e+01 -5.260077e+02
-9.975174e+01 -9.629712e+00 -5.261352e+02
-9.957451e+01 -9.078108e+00 -5.262622e+02
-9.939708e+01 -8.526296e+00 -5.263886e+02
-9.921947e+01 -7.974276e+00 -5.265143e+02
-9.904168e+01 -7.422050e+00 -5.266395e+02
-9.886370e+01 -6.869619e+00 -5.267640e+02
-9.868553e+01 -6.316981e+00 -5.268879e+02
-9.850718e+01 -5.764139e+00 -5.270113e+02
-9.832864e+01 -5.211093e+00 -5.271340e+02
-9.814992e+01 -4.657844e+00 -5.272561e+02
-9.797101e+01 -4.104392e+00 -5.273775e+02
-9.779191e+01 -3.550738e+00 -5.274984e+02
-9.761263e+01 -2.996882e+00 -5.276187e+02
-9.743317e+01 -2.442826e+00 -5.277383e+02
-9.725352e+01 -1.888569e+00 -5.278573e+02
-9.707369e+01 -1.334113e+00 -5.279757e+02
-9.689367e+01 -7.794580e-01 -5.280935e+02
-9.671347e+01 -2.246049e-01 -5.282107e+02
-9.653308e+01 3.304459e-01 -5.283273e+02
-9.635251e+01 8.856935e-01 -5.284432e+02
-9.617176e+01 1.441137e+00 -5.285586e+02
-9.599082e+01 1.996777e+00 -5.286733e+02
-9.580970e+01 2.552611e+00 -5.287874e+02
-9.562840e+01 3.108640e+00 -5.289009e+02
-9.544691e+01 3.664862e+00 -5.290137e+02
-9.526524e+01 4.221277e+00 -5.291260e+02
-9.508339e+01 4.777885e+00 -5.292376e+02
-9.490135e+01 5.334684e+00 -5.293486e+02
-9.471914e+01 5.891674e+00 -5.294590e+02
-9.453674e+01 6.448854e+00 -5.295687e+02
-9.435415e+01 7.006224e+00 -5.296779e+02
-9.417139e+01 7.563783e+00 -5.297864e+02
-9.398844e+01 8.121531e+00 -5.298943e+02
-9.380532e+01 8.679466e+00 -5.300015e+02
-9.362201e+01 9.237588e+00 -5.301082e+02
-9.343852e+01 9.795896e+00 -5.302142e+02
-9.325485e+01 1.035439e+01 -5.303196e+02
-9.307099e+01 1.091307e+01 -5.304244e+02
-9.288696e+01 1.147193e+01 -5.305285e+02
-9.270275e+01 1.203098e+01 -5.306320e+02
-9.251835e+01 1.259021e+01 -5.307349e+02
-9.233378e+01 1.314962e+01 -5.308372e+02
-9.214902e+01 1.370921e+01 -5.309388e+02
-9.196409e+01 1.426899e+01 -5.310398e+02
-9.177898e+01 1.482894e+01 -5.311402e+02
-9.159368e+01 1.538908e+01 -5.312400e+02
-9.140821e+01 1.594939e+01 -5.313391e+02
-9.122256e+01 1.650988e+01 -5.314376e+02
-9.103673e+01 1.707055e+01 -5.315355e+02
-9.085072e+01 1.763140e+01 -5.316327e+02
-9.066453e+01 1.819242e+01 -5.317293e+02
-9.047816e+01 1.875362e+01 -5.318253e+02
-9.029161e+01 1.931499e+01 -5.319206e+02
-9.010489e+01 1.987653e+01 -5.320153e+02
-8.991799e+01 2.043825e+01 -5.321094e+02
-8.973091e+01 2.100015e+01 -5.322028e+02
-8.954365e+01 2.156221e+01 -5.322956e+02
-8.935621e+01 2.212445e+01 -5.323878e+02
-8.916860e+01 2.268685e+01 -5.324793e+02
-8.898081e+01 2.324943e+01 -5.325702e+02
-8.879284e+01 2.381218e+01 -5.326605e+02
-8.860470e+01 2.437509e+01 -5.327501e+02
-8.841638e+01 2.493817e+01 -5.328391e+02
-8.822788e+01 2.550142e+01 -5.329275e+02
-8.803921e+01 2.606484e+01 -5.330152e+02
-8.785036e+01 2.662842e+01 -5.331023e+02
-8.766134e+01 2.719217e+01 -5.331887e+02
-8.747214e+01 2.775608e+01 -5.332745e+02
-8.728276e+01 2.832015e+01 -5.333597e+02
-8.709321e+01 2.888439e+01 -5.334442e+02
-8.690349e+01 2.944879e+01 -5.335281e+02
-8.671358e+01 3.001335e+01 -5.336113e+02
-8.652351e+01 3.057807e+01 -5.336939e+02
-8.633326e+01 3.114296e+01 -5.337759e+02
-8.614283e+01 3.170800e+01 -5.338572e+02
-8.595223e+01 3.227320e+01 -5.339378e+02
-8.576146e+01 3.283856e+01 -5.340179e+02
-8.557051e+01 3.340408e+01 -5.340973e+02
-8.537939e+01 3.396975e+01 -5.341760e+02
-8.518810e+01 3.453558e+01 -5.342541e+02
-8.499663e+01 3.510156e+01 -5.343316e+02
-8.480499e+01 3.566770e+01 -5.344084e+02
-8.461318e+01 3.623400e+01 -5.344845e+02
-8.442119e+01 3.680044e+01 -5.345600e+02
-8.422903e+01 3.736704e+01 -5.346349e+02
-8.403670e+01 3.793379e+01 -5.347091e+02
-8.384420e+01 3.850069e+01 -5.347827e+02
-8.365153e+01 3.906774e+01 -5.348556e+02
-8.345868e+01 3.963494e+01 -5.349279e+02
-8.326566e+01 4.020229e+01 -5.349995e+02
-8.307247e+01 4.076979e+01 -5.350705e+02
-8.287911e+01 4.133744e+01 -5.351409e+02
-8.268558e+01 4.190523e+01 -5.352105e+02
-8.249188e+01 4.247316e+01 -5.352796e+02
-8.229800e+01 4.304125e+01 -5.353480e+02
-8.210396e+01 4.360947e+01 -5.354157e+02
-8.190975e+01 4.417785e+01 -5.354828e+02
-8.171536e+01 4.474636e+01 -5.355492e+02
-8.152081e+01 4.531502e+01 -5.356150e+02
-8.132609e+01 4.588381e+01 -5.356801e+02
-8.113119e+01 4.645275e+01 -5.357445e+02
-8.093613e+01 4.702183e+01 -5.358084e+02
-8.074090e+01 4.759105e+01 -5.358715e+02
-8.054550e+01 4.816041e+01 -5.359340e+02
-8.034993e+01 4.872990e+01 -5.359959e+02
-8.015420e+01 4.929954e+01 -5.360571e+02
-7.995829e+01 4.986931e+01 -5.361176e+02
-7.976222e+01 5.043921e+01 -5.361775e+02
-7.956598e+01 5.100925e+01 -5.362367e+02
-7.936957e+01 5.157942e+01 -5.362953e+02
-7.917299e+01 5.214973e+01 -5.363532e+02
-7.897625e+01 5.272017e+01 -5.364104e+02
-7.877934e+01 5.329074e+01 -5.364670e+02
-7.858226e+01 5.386145e+01 -5.365230e+02
-7.838502e+01 5.443228e+01 -5.365782e+02
-7.818761e+01 5.500325e+01 -5.366329e+02
-7.799004e+01 5.557434e+01 -5.366868e+02
-7.779229e+01 5.614556e+01 -5.367401e+02
-7.759439e+01 5.671691e+01 -5.367927e+02
-7.739631e+01 5.728839e+01 -5.368447e+02
-7.719807e+01 5.785999e+01 -5.368960e+02
-7.699967e+01 5.843172e+01 -5.369467e+02
-7.680110e+01 5.900357e+01 -5.369967e+02
-7.660237e+01 5.957555e+01 -5.370460e+02
-7.640347e+01 6.014765e+01 -5.370946e+02
-7.620441e+01 6.071987e+01 -5.371426e+02
-7.600518e+01 6.129221e+01 -5.371900e+02
-7.580579e+01 6.186468e+01 -5.372366e+02
-7.560624e+01 6.243726e+01 -5.372827e+02
-7.540652e+01 6.300997e+01 -5.373280e+02
-7.520664e+01 6.358279e+01 -5.373727e+02
-7.500659e+01 6.415573e+01 -5.374167e+02
-7.480639e+01 6.472879e+01 -5.374600e+02
-7.460602e+01 6.530197e+01 -5.375027e+02
-7.440549e+01 6.587526e+01 -5.375447e+02
-7.420479e+01 6.644866e+01 -5.375860e+02
-7.400394e+01 6.702218e+01 -5.376267e+02
-7.380292e+01 6.759581e+01 -5.376667e+02
-7.360174e+01 6.816956e+01 -5.377060e+02
-7.340040e+01 6.874342e+01 -5.377447e+02
-7.319890e+01 6.931739e+01 -5.377827e+02
-7.299723e+01 6.989147e+01 -5.378200e+02
-7.279541e+01 7.046565e+01 -5.378567e+02
-7.259343e+01 7.103995e+01 -5.378927e+02
-7.239128e+01 7.161436e+01 -5.379280e+02
-7.218898e+01 7.218887e+01 -5.379626e+02
-7.198651e+01 7.276349e+01 -5.379966e+02
-7.178389e+01 7.333822e+01 -5.380299e+02
-7.158111e+01 7.391305e+01 -5.380625e+02
-7.137816e+01 7.448798e+01 -5.380945e+02
-7.117506e+01 7.506302e+01 -5.381258e+02
-7.097180e+01 7.563816e+01 -5.381564e+02
-7.076838e+01 7.621340e+01 -5.381863e+02
-7.056481e+01 7.678875e+01 -5.382156e+02
-7.036107e+01 7.736419e+01 -5.382441e+02
-7.015718e+01 7.793973e+01 -5.382720e+02
-6.995313e+01 7.851538e+01 -5.382993e+02
-6.974892e+01 7.909112e+01 -5.383258e+02
-6.954456e+01 7.966696e+01 -5.383517e+02
-6.934003e+01 8.024289e+01 -5.383769e+02
-6.913536e+01 8.081892e+01 -5.384014e+02
-6.893052e+01 8.139505e+01 -5.384253e+02
-6.872553e+01 8.197127e+01 -5.384485e+02
-6.852038e+01 8.254758e+01 -5.384710e+02
-6.831508e+01 8.312399e+01 -5.384928e+02
-6.810962e+01 8.370049e+01 -5.385139e+02
-6.790400e+01 8.427708e+01 -5.385344e+02
-6.769823e+01 8.485376e+01 -5.385542e+02
-6.749231e+01 8.543053e+01 -5.385732e+02
-6.728623e+01 8.600738e+01 -5.385917e+02
-6.708000e+01 8.658433e+01 -5.386094e+02
-6.687361e+01 8.716136e+01 -5.386265e+02
-6.666707e+01 8.773848e+01 -5.386428e+02
-6.646037e+01 8.831569e+01 -5.386585e+02
-6.625352e+01 8.889298e+01 -5.386735e+02
-6.604652e+01 8.947035e+01 -5.386879e+02
-6.583937e+01 9.004781e+01 -5.387015e+02
-6.563206e+01 9.062535e+01 -5.387145e+02
-6.542460e+01 9.120297e+01 -5.387268e+02
-6.521698e+01 9.178067e+01 -5.387384e+02
-6.500922e+01 9.235846e+01 -5.387493e+02
-6.480130e+01 9.293632e+01 -5.387595e+02
-6.459323e+01 9.351426e+01 -5.387690e+02
-6.438501e+01 9.409228e+01 -5.387779e+02
-6.417664e+01 9.467037e+01 -5.387861e+02
-6.396812e+01 9.524855e+01 -5.387936e+02
-6.375944e+01 9.582679e+01 -5.388004e+02
-6.355062e+01 9.640512e+01 -5.388065e+02
-6.334165e+01 9.698351e+01 -5.388119e+02
-6.313252e+01 9.756198e+01 -5.388166e+02
-6.292325e+01 9.814052e+01 -5.388207e+02
-6.271382e+01 9.871913e+01 -5.388241e+02
-6.250425e+01 9.929782e+01 -5.388267e+02
-6.229453e+01 9.987657e+01 -5.388287e+02
-6.208466e+01 1.004554e+02 -5.388300e+02
-6.187464e+01 1.010343e+02 -5.388306e+02
-6.166447e+01 1.016132e+02 -5.388306e+02
-6.145416e+01 1.021923e+02 -5.388298e+02
-6.124369e+01 1.027714e+02 -5.388283e+02
-6.103308e+01 1.033505e+02 -5.388262e+02
-6.082232e+01 1.039297e+02 -5.388234e+02
-6.061142e+01 1.045090e+02 -5.388198e+02
-6.040037e+01 1.050884e+02 -5.388156e+02
-6.018917e+01 1.056678e+02 -5.388107e+02
-5.997782e+01 1.062472e+02 -5.388051e+02
-5.976633e+01 1.068268e+02 -5.387988e+02
-5.955469e+01 1.074063e+02 -5.387918e+02
-5.934291e+01 1.079860e+02 -5.387841e+02
-5.913098e+01 1.085657e+02 -5.387757e+02
-5.891891e+01 1.091455e+02 -5.387667e+02
-5.870669e+01 1.097253e+02 -5.387569e+02
-5.849433e+01 1.103051e+02 -5.387465e+02
-5.828182e+01 1.108851e+02 -5.387353e+02
-5.806917e+01 1.114651e+02 -5.387235e+02
-5.785637e+01 1.120451e+02 -5.387109e+02
-5.764343e+01 1.126252e+02 -5.386977e+02
-5.743035e+01 1.132053e+02 -5.386838e+02
-5.721712e+01 1.137855e+02 -5.386691e+02
-5.700375e+01 1.143657e+02 -5.386538e+02
-5.679024e+01 1.149460e+02 -5.386378e+02
-5.657658e+01 1.155264e+02 -5.386211e+02
-5.636279e+01 1.161067e+02 -5.386036e+02
-5.614885e+01 1.166872e+02 -5.385855e+02
-5.593477e+01 1.172676e+02 -5.385667e+02
-5.572055e+01 1.178482e+02 -5.385472e+02
-5.550619e+01 1.184287e+02 -5.385270e+02
-5.529168e+01 1.190093e+02 -5.385061e+02
-5.507704e+01 1.195900e+02 -5.384845e+02
-5.486225e+01 1.201707e+02 -5.384622e+02
-5.464733e+01 1.207514e+02 -5.384392e+02
-5.443226e+01 1.213322e+02 -5.384155e+02
-5.421706e+01 1.219130e+02 -5.383911e+02
-5.400172e+01 1.224938e+02 -5.383660e+02
-5.378623e+01 1.230747e+02 -5.383402e+02
-5.357061e+01 1.236556e+02 -5.383137e+02
-5.335485e+01 1.242366e+02 -5.382865e+02
-5.313895e+01 1.248176e+02 -5.382586e+02
-5.292292e+01 1.253986e+02 -5.382300e+02
-5.270674e+01 1.259796e+02 -5.382007e+02
-5.249043e+01 1.265607e+02 -5.381706e+02
-5.227398e+01 1.271419e+02 -5.381399e+02
-5.205739e+01 1.277230e+02 -5.381085e+02
-5.184067e+01 1.283042e+02 -5.380764e+02
-5.162381e+01 1.288854e+02 -5.380436e+02
-5.140681e+01 1.294666e+02 -5.380100e+02
-5.118968e+01 1.300479e+02 -5.379758e+02
-5.097241e+01 1.306292e+02 -5.379409e+02
-5.075501e+01 1.312105e+02 -5.379052e+02
-5.053747e+01 1.317919e+02 -5.378689e+02
-5.031980e+01 1.323732e+02 -5.378318e+02
-5.010199e+01 1.329546e+02 -5.377941e+02
-4.988405e+01 1.335360e+02 -5.377556e+02
-4.966597e+01 1.341175e+02 -5.377164e+02
-4.944776e+01 1.346989e+02 -5.376766e+02
-4.922941e+01 1.352804e+02 -5.376360e+02
-4.901094e+01 1.358619e+02 -5.375947e+02
-4.879233e+01 1.364434e+02 -5.375527e+02
-4.857358e+01 1.370249e+02 -5.375100e+02
-4.835471e+01 1.376065e+02 -5.374666e+02
-4.813570e+01 1.381881e+02 -5.374225e+02
-4.791656e+01 1.387696e+02 -5.373777e+02
-4.769728e+01 1.393512e+02 -5.373321e+02
-4.747788e+01 1.399328e+02 -5.372859e+02
-4.725835e+01 1.405144e+02 -5.372390e+02
-4.703868e+01 1.410961e+02 -5.371913e+02
-4.681888e+01 1.416777e+02 -5.371429e+02
-4.659896e+01 1.422594e+02 -5.370939e+02
-4.637890e+01 1.428410e+02 -5.370441e+02
-4.615871e+01 1.434227e+02 -5.369936e+02
-4.593839e+01 1.440044e+02 -5.369424e+02
-4.571795e+01 1.445860e+02 -5.368905e+02
-4.549737e+01 1.451677e+02 -5.368378e+02
-4.527667e+01 1.457494e+02 -5.367845e+02
-4.505584e+01 1.463311e+02 -5.367305e+02
-4.483488e+01 1.469128e+02 -5.366757e+02
-4.461379e+01 1.474945e+02 -5.366202e+02
-4.439257e+01 1.480762e+02 -5.365640e+02
-4.417123e+01 1.486579e+02 -5.365072e+02
-4.394976e+01 1.492396e+02 -5.364496e+02
-4.372816e+01 1.498213e+02 -5.363912e+02
-4.350643e+01 1.504030e+02 -5.363322e+02
-4.328458e+01 1.509847e+02 -5.362725e+02
-4.306261e+01 1.515664e+02 -5.362120e+02
-4.284050e+01 1.521481e+02 -5.361508e+02
-4.261828e+01 1.527298e+02 -5.360890e+02
-4.239592e+01 1.533114e+02 -5.360264e+02
-4.217344e+01 1.538931e+02 -5.359631e+02
-4.195084e+01 1.544748e+02 -5.358990e+02
-4.172811e+01 1.550564e+02 -5.358343e+02
-4.150526e+01 1.556381e+02 -5.357688e+02
-4.128229e+01 1.562197e+02 -5.357027e+02
-4.105919e+01 1.568013e+02 -5.356358e+02
-4.083597e+01 1.573829e+02 -5.355682e+02
-4.061262e+01 1.579645e+02 -5.354999e+02
-4.038915e+01 1.585461e+02 -5.354308e+02
-4.016556e+01 1.591276e+02 -5.353611e+02
-3.994185e+01 1.597092e+02 -5.352906e+02
-3.971802e+01 1.602907e+02 -5.352195e+02
-3.949406e+01 1.608722e+02 -5.351476e+02
-3.926999e+01 1.614537e+02 -5.350750e+02
-3.904579e+01 1.620352e+02 -5.350016e+02
-3.882147e+01 1.626167e+02 -5.349276e+02
-3.859703e+01 1.631981e+02 -5.348528e+02
-3.837247e+01 1.637795e+02 -5.347774e+02
-3.814779e+01 1.643609e+02 -5.347012e+02
-3.792300e+01 1.649423e+02 -5.346242e+02
-3.769808e+01 1.655236e+02 -5.345466e+02
-3.747304e+01 1.661049e+02 -5.344683e+02
-3.724789e+01 1.666862e+02 -5.343892e+02
-3.702261e+01 1.672675e+02 -5.343094e+02
-3.679722e+01 1.678487e+02 -5.342289e+02
-3.657171e+01 1.684299e+02 -5.341477e+02
-3.634608e+01 1.690111e+02 -5.340657e+02
-3.612034e+01 1.695923e+02 -5.339831e+02
-3.589448e+01 1.701734e+02 -5.338997e+02
-3.566850e+01 1.707545e+02 -5.338156e+02
-3.544240e+01 1.713355e+02 -5.337308e+02
-3.521619e+01 1.719166e+02 -5.336452e+02
-3.498986e+01 1.724975e+02 -5.335590e+02
-3.476342e+01 1.730785e+02 -5.334720e+02
-3.453686e+01 1.736594e+02 -5.333843e+02
-3.431019e+01 1.742403e+02 -5.332959e+02
-3.408341e+01 1.748211e+02 -5.332067e+02
-3.385650e+01 1.754019e+02 -5.331168e+02
-3.362949e+01 1.759827e+02 -5.330263e+02
-3.340236e+01 1.765634e+02 -5.329349e+02
-3.317512e+01 1.771441e+02 -5.328429e+02
-3.294776e+01 1.777247e+02 -5.327502e+02
-3.272029e+01 1.783053e+02 -5.326567e+02
-3.249271e+01 1.788858e+02 -5.325625e+02
-3.226502e+01 1.794663e+02 -5.324676e+02
-3.203721e+01 1.800468e+02 -5.323719e+02
-3.180929e+01 1.806272e+02 -5.322756e+02
-3.158126e+01 1.812075e+02 -5.321785e+02
-3.135312e+01 1.817878e+02 -5.320807e+02
-3.112487e+01 1.823681e+02 -5.319821e+02
-3.089651e+01 1.829483e+02 -5.318829e+02
-3.066804e+01 1.835285e+02 -5.317829e+02
-3.043946e+01 1.841086e+02 -5.316822e+02
-3.021076e+01 1.846886e+02 -5.315808e+02
-2.998196e+01 1.852686e+02 -5.314786e+02
-2.975305e+01 1.858486e+02 -5.313758e+02
-2.952404e+01 1.864285e+02 -5.312722e+02
-2.929491e+01 1.870083e+02 -5.311678e+02
-2.906567e+01 1.875881e+02 -5.310628e+02
-2.883633e+01 1.881678e+02 -5.309570e+02
-2.860688e+01 1.887475e+02 -5.308505e+02
-2.837732e+01 1.893270e+02 -5.307433e+02
-2.814766e+01 1.899066e+02 -5.306354e+02
-2.791789e+01 1.904861e+02 -5.305267e+02
-2.768801e+01 1.910655e+02 -5.304173e+02
-2.745802e+01 1.916448e+02 -5.303072e+02
-2.722793e+01 1.922241e+02 -5.301963e+02
-2.699774e+01 1.928033e+02 -5.300848e+02
-2.676744e+01 1.933825e+02 -5.299725e+02
-2.653703e+01 1.939616e+02 -5.298594e+02
-2.630652e+01 1.945406e+02 -5.297457e+02
-2.607591e+01 1.951195e+02 -5.296312e+02
-2.584519e+01 1.956984e+02 -5.295160e+02
-2.561437e+01 1.962772e+02 -5.294001e+02
-2.538345e+01 1.968559e+02 -5.292834e+02
-2.515242e+01 1.974346e+02 -5.291660e+02
-2.492129e+01 1.980132e+02 -5.290479e+02
-2.469006e+01 1.985917e+02 -5.289291e+02
-2.445872e+01 1.991702e+02 -5.288095e+02
-2.422729e+01 1.997485e+02 -5.286893e+02
-2.399575e+01 2.003268e+02 -5.285682e+02
-2.376411e+01 2.009050e+02 -5.284465e+02
-2.353237e+01 2.014831e+02 -5.283240e+02
-2.330053e+01 2.020612e+02 -5.282008e+02
-2.306859e+01 2.026392e+02 -5.280769e+02
-2.283655e+01 2.032171e+02 -5.279523e+02
-2.260441e+01 2.037949e+02 -5.278269e+02
-2.237217e+01 2.043726e+02 -5.277008e+02
-2.213983e+01 2.049502e+02 -5.275739e+02
-2.190739e+01 2.055278e+02 -5.274464e+02
-2.167485e+01 2.061053e+02 -5.273181e+02
-2.144222e+01 2.066826e+02 -5.271890e+02
-2.120949e+01 2.072599e+02 -5.270593e+02
-2.097666e+01 2.078372e+02 -5.269288e+02
-2.074373e+01 2.084143e+02 -5.267976e+02
-2.051071e+01 2.089913e+02 -5.266657e+02
-2.027759e+01 2.095682e+02 -5.265330e+02
-2.004438e+01 2.101451e+02 -5.263996e+02
-1.981106e+01 2.107218e+02 -5.262655e+02
-1.957766e+01 2.112985e+02 -5.261306e+02
-1.934415e+01 2.118751e+02 -5.259951e+02
-1.911056e+01 2.124515e+02 -5.258587e+02
-1.887686e+01 2.130279e+02 -5.257217e+02
-1.864308e+01 2.136042e+02 -5.255839e+02
-1.840920e+01 2.141803e+02 -5.254454e+02
-1.817522e+01 2.147564e+02 -5.253062e+02
-1.794116e+01 2.153324e+02 -5.251662e+02
-1.770700e+01 2.159083e+02 -5.250256e+02
-1.747274e+01 2.164841e+02 -5.248841e+02
-1.723840e+01 2.170597e+02 -5.247420e+02
-1.700396e+01 2.176353e+02 -5.245991e+02
-1.676943e+01 2.182108e+02 -5.244555e+02
-1.653481e+01 2.187861e+02 -5.243112e+02
-1.630010e+01 2.193614e+02 -5.241661e+02
-1.606530e+01 2.199365e+02 -5.240203e+02
-1.583040e+01 2.205116e+02 -5.238738e+02
-1.559542e+01 2.210865e+02 -5.237265e+02
-1.536035e+01 2.216613e+02 -5.235785e+02
-1.512518e+01 2.222360e+02 -5.234298e+02
-1.488993e+01 2.228106e+02 -5.232804e+02
-1.465459e+01 2.233851e+02 -5.231302e+02
-1.441916e+01 2.239595e+02 -5.229793e+02
-1.418364e+01 2.245337e+02 -5.228276e+02
-1.394804e+01 2.251079e+02 -5.226753e+02
-1.371234e+01 2.256819e+02 -5.225222e+02
-1.347656e+01 2.262558e+02 -5.223683e+02
-1.324069e+01 2.268296e+02 -5.222138e+02
-1.300474e+01 2.274032e+02 -5.220585e+02
-1.276870e+01 2.279768e+02 -5.219024e+02
-1.253257e+01 2.285502e+02 -5.217457e+02
-1.229636e+01 2.291235e+02 -5.215882e+02
-1.206006e+01 2.296967e+02 -5.214300e+02
-1.182368e+01 2.302698e+02 -5.212710e+02
-1.158721e+01 2.308427e+02 -5.211113e+02
-1.135066e+01 2.314155e+02 -5.209509e+02
-1.111402e+01 2.319882e+02 -5.207898e+02
-1.087730e+01 2.325608e+02 -5.206279e+02
-1.064050e+01 2.331332e+02 -5.204653e+02
-1.040361e+01 2.337055e+02 -5.203020e+02
-1.016664e+01 2.342777e+02 -5.201379e+02
-9.929593e+00 2.348497e+02 -5.199731e+02
-9.692459e+00 2.354217e+02 -5.198075e+02
-9.455244e+00 2.359934e+02 -5.196413e+02
-9.217947e+00 2.365651e+02 -5.194743e+02
-8.980569e+00 2.371366e+02 -5.193066e+02
-8.743110e+00 2.377080e+02 -5.191381e+02
-8.505571e+00 2.382792e+02 -5.189689e+02
-8.267952e+00 2.388503e+02 -5.187990e+02
-8.030253e+00 2.394213e+02 -5.186283e+02
-7.792474e+00 2.399921e+02 -5.184569e+02
-7.554616e+00 2.405628e+02 -5.182848e+02
-7.316679e+00 2.411334e+02 -5.181120e+02
-7.078664e+00 2.417038e+02 -5.179384e+02
-6.840571e+00 2.422740e+02 -5.177641e+02
-6.602399e+00 2.428442e+02 -5.175890e+02
-6.364151e+00 2.434141e+02 -5.174133e+02
-6.125825e+00 2.439840e+02 -5.172367e+02
-5.887422e+00 2.445537e+02 -5.170595e+02
-5.648943e+00 2.451232e+02 -5.168815e+02
-5.410387e+00 2.456926e+02 -5.167028e+02
-5.171756e+00 2.462618e+02 -5.165234e+02
-4.933049e+00 2.468309e+02 -5.163432e+02
-4.694267e+00 2.473999e+02 -5.161623e+02
-4.455410e+00 2.479687e+02 -5.159807e+02
-4.216478e+00 2.485373e+02 -5.157983e+02
-3.977473e+00 2.491058e+02 -5.156152e+02
-3.738393e+00 2.496741e+02 -5.154314e+02
-3.499240e+00 2.502423e+02 -5.152469e+02
-3.260014e+00 2.508104e+02 -5.150616e+02
-3.020714e+00 2.513782e+02 -5.148755e+02
-2.781343e+00 2.519459e+02 -5.146888e+02
-2.541899e+00 2.525135e+02 -5.145013e+02
-2.302383e+00 2.530809e+02 -5.143131e+02
-2.062796e+00 2.536481e+02 -5.141241e+02
-1.823137e+00 2.542152e+02 -5.139345e+02
-1.583408e+00 2.547821e+02 -5.137441e+02
-1.343608e+00 2.553488e+02 -5.135529e+02
-1.103738e+00 2.559154e+02 -5.133610e+02
-8.637984e-01 2.564818e+02 -5.131684e+02
-6.237890e-01 2.570481e+02 -5.129751e+02
-3.837105e-01 2.576142e+02 -5.127810e+02
-1.435631e-01 2.581801e+02 -5.125862e+02
9.665278e-02 2.587458e+02 -5.123907e+02
3.369368e-01 2.593114e+02 -5.121944e+02
5.772887e-01 2.598768e+02 -5.119974e+02
8.177080e-01 2.604421e+02 -5.117997e+02
1.058195e+00 2.610071e+02 -5.116012e+02
1.298748e+00 2.615720e+02 -5.114021e+02
1.539368e+00 2.621368e+02 -5.112021e+02
1.780054e+00 2.627013e+02 -5.110015e+02
2.020805e+00 2.632657e+02 -5.108001e+02
2.261622e+00 2.638299e+02 -5.105980e+02
2.502505e+00 2.643939e+02 -5.103951e+02
2.743452e+00 2.649577e+02 -5.101916e+02
2.984463e+00 2.655214e+02 -5.099873e+02
3.225539e+00 2.660849e+02 -5.097822e+02
3.466678e+00 2.666482e+02 -5.095765e+02
3.707881e+00 2.672113e+02 -5.093700e+02
3.949146e+00 2.677742e+02 -5.091627e+02
4.190475e+00 2.683369e+02 -5.089548e+02
4.431866e+00 2.688995e+02 -5.087461e+02
4.673319e+00 2.694619e+02 -5.085367e+02
4.914833e+00 2.700241e+02 -5.083265e+02
5.156409e+00 2.705861e+02 -5.081156e+02
5.398046e+00 2.711479e+02 -5.079040e+02
5.639744e+00 2.717095e+02 -5.076917e+02
5.881502e+00 2.722710e+02 -5.074786e+02
6.123320e+00 2.728322e+02 -5.072648e+02
6.365198e+00 2.733933e+02 -5.070503e+02
6.607135e+00 2.739541e+02 -5.068350e+02
6.849131e+00 2.745148e+02 -5.066190e+02
7.091185e+00 2.750753e+02 -5.064023e+02
7.333298e+00 2.756355e+02 -5.061848e+02
7.575469e+00 2.761956e+02 -5.059666e+02
7.817697e+00 2.767555e+02 -5.057477e+02
8.059982e+00 2.773152e+02 -5.055281e+02
8.302325e+00 2.778747e+02 -5.053077e+02
8.544724e+00 2.784340e+02 -5.050866e+02
8.787179e+00 2.789931e+02 -5.048648e+02
9.029690e+00 2.795519e+02 -5.046422e+02
9.272256e+00 2.801106e+02 -5.044189e+02
9.514878e+00 2.806691e+02 -5.041949e+02
9.757554e+00 2.812274e+02 -5.039701e+02
1.000029e+01 2.817854e+02 -5.037447e+02
1.024307e+01 2.823433e+02 -5.035185e+02
1.048591e+01 2.829010e+02 -5.032915e+02
1.072880e+01 2.834584e+02 -5.030639e+02
1.097175e+01 2.840156e+02 -5.028355e+02
1.121474e+01 2.845727e+02 -5.026063e+02
1.145780e+01 2.851295e+02 -5.023765e+02
1.170090e+01 2.856861e+02 -5.021459e+02
1.194405e+01 2.862425e+02 -5.019146e+02
1.218726e+01 2.867987e+02 -5.016826e+02
1.243051e+01 2.873546e+02 -5.014498e+02
1.267382e+01 2.879104e+02 -5.012163e+02
1.291718e+01 2.884659e+02 -5.009821e+02
1.316059e+01 2.890212e+02 -5.007471e+02
1.340404e+01 2.895763e+02 -5.005115e+02
1.364755e+01 2.901312e+02 -5.002751e+02
1.389110e+01 2.906858e+02 -5.000379e+02
1.413471e+01 2.912403e+02 -4.998001e+02
1.437836e+01 2.917945e+02 -4.995615e+02
1.462206e+01 2.923485e+02 -4.993222e+02
1.486580e+01 2.929023e+02 -4.990822e+02
1.510960e+01 2.934558e+02 -4.988414e+02
1.535344e+01 2.940091e+02 -4.985999e+02
1.559733e+01 2.945622e+02 -4.983577e+02
1.584126e+01 2.951151e+02 -4.981147e+02
1.608524e+01 2.956677e+02 -4.978711e+02
1.632926e+01 2.962201e+02 -4.976267e+02
1.657333e+01 2.967723e+02 -4.973815e+02
1.681745e+01 2.973243e+02 -4.971357e+02
1.706161e+01 2.978760e+02 -4.968891e+02
1.730581e+01 2.984275e+02 -4.966418e+02
1.755005e+01 2.989787e+02 -4.963938e+02
1.779434e+01 2.995297e+02 -4.961450e+02
1.803868e+01 3.000805e+02 -4.958956e+02
1.828305e+01 3.006311e+02 -4.956454e+02
1.852747e+01 3.011814e+02 -4.953944e+02
1.877193e+01 3.017314e+02 -4.951428e+02
1.901643e+01 3.022813e+02 -4.948904e+02
1.926097e+01 3.028309e+02 -4.946373e+02
1.950555e+01 3.033802e+02 -4.943835e+02
1.975017e+01 3.039293e+02 -4.941289e+02
1.999484e+01 3.044782e+02 -4.938737e+02
2.023954e+01 3.050268e+02 -4.936177e+02
2.048428e+01 3.055752e+02 -4.933609e+02
2.072906e+01 3.061233e+02 -4.931035e+02
2.097388e+01 3.066712e+02 -4.928453e+02
2.121874e+01 3.072189e+02 -4.925864e+02
2.146363e+01 3.077662e+02 -4.923268e+02
2.170857e+01 3.083134e+02 -4.920665e+02
2.195354e+01 3.088603e+02 -4.918054e+02
2.219854e+01 3.094069e+02 -4.915436e+02
2.244359e+01 3.099533e+02 -4.912811e+02
2.268867e+01 3.104995e+02 -4.910179e+02
2.293378e+01 3.110454e+02 -4.907540e+02
2.317893e+01 3.115910e+02 -4.904893e+02
2.342412e+01 3.121364e+02 -4.902239e+02
2.366934e+01 3.126815e+02 -4.899578e+02
2.391460e+01 3.132264e+02 -4.896909e+02
2.415989e+01 3.137710e+02 -4.894234e+02
2.440521e+01 3.143153e+02 -4.891551e+02
2.465056e+01 3.148594e+02 -4.888861e+02
2.489595e+01 3.154032e+02 -4.886164e+02
2.514137e+01 3.159468e+02 -4.883459e+02
2.538683e+01 3.164901e+02 -4.880748e+02
2.563231e+01 3.170332e+02 -4.878029e+02
2.587783e+01 3.175759e+02 -4.875303e+02
2.612338e+01 3.181185e+02 -4.872569e+02
2.636896e+01 3.186607e+02 -4.869829e+02
2.661457e+01 3.192027e+02 -4.867081e+02
2.686021e+01 3.197444e+02 -4.864326e+02
2.710588e+01 3.202859e+02 -4.861564e+02
2.735158e+01 3.208270e+02 -4.858795e+02
2.759730e+01 3.213679e+02 -4.856019e+02
2.784306e+01 3.219086e+02 -4.853235e+02
2.808884e+01 3.224489e+02 -4.850444e+02
2.833466e+01 3.229890e+02 -4.847646e+02
2.858050e+01 3.235288e+02 -4.844841e+02
2.882636e+01 3.240684e+02 -4.842029e+02
2.907226e+01 3.246077e+02 -4.839209e+02
2.931818e+01 3.251467e+02 -4.836383e+02
2.956412e+01 3.256854e+02 -4.833549e+02
2.981009e+01 3.262238e+02 -4.830708e+02
3.005609e+01 3.267620e+02 -4.827860e+02
3.030211e+01 3.272998e+02 -4.825004e+02
3.054816e+01 3.278374e+02 -4.822142e+02
3.079423e+01 3.283747e+02 -4.819272e+02
3.104033e+01 3.289118e+02 -4.816395e+02
3.128645e+01 3.294485e+02 -4.813511e+02
3.153259e+01 3.299850e+02 -4.810620e+02
3.177875e+01 3.305212e+02 -4.807722e+02
3.202494e+01 3.310571e+02 -4.804816e+02
3.227115e+01 3.315927e+02 -4.801904e+02
3.251738e+01 3.321280e+02 -4.798984e+02
3.276363e+01 3.326630e+02 -4.796057e+02
3.300991e+01 3.331977e+02 -4.793123e+02
3.325620e+01 3.337322e+02 -4.790182e+02
3.350251e+01 3.342663e+02 -4.787234e+02
3.374885e+01 3.348002e+02 -4.784278e+02
3.399520e+01 3.353338e+02 -4.781315e+02
3.424158e+01 3.358670e+02 -4.778346e+02
3.448797e+01 3.364000e+02 -4.775369e+02
3.473438e+01 3.369327e+02 -4.772385e+02
3.498081e+01 3.374651e+02 -4.769394e+02
3.522725e+01 3.379972e+02 -4.766396e+02
3.547372e+01 3.385290e+02 -4.763390e+02
3.572020e+01 3.390605e+02 -4.760378e+02
3.596669e+01 3.395917e+02 -4.757358e+02
3.621321e+01 3.401226e+02 -4.754332e+02
3.645974e+01 3.406531e+02 -4.751298e+02
3.670628e+01 3.411834e+02 -4.748257e+02
3.695284e+01 3.417134e+02 -4.745209e+02
3.719942e+01 3.422431e+02 -4.742154e+02
3.744601e+01 3.427724e+02 -4.739091e+02
3.769261e+01 3.433015e+02 -4.736022e+02
3.793923e+01 3.438303e+02 -4.732946e+02
3.818586e+01 3.443587e+02 -4.729862e+02
3.843250e+01 3.448869e+02 -4.726772e+02
3.867916e+01 3.454147e+02 -4.723674e+02
3.892583e+01 3.459422e+02 -4.720569e+02
3.917251e+01 3.464694e+02 -4.717457e+02
3.941920e+01 3.469963e+02 -4.714338e+02
3.966590e+01 3.475229e+02 -4.711212e+02
3.991262e+01 3.480491e+02 -4.708079e+02
4.015934e+01 3.485751e+02 -4.704939e+02
4.040607e+01 3.491007e+02 -4.701792e+02
4.065282e+01 3.496260e+02 -4.698638e+02
4.089957e+01 3.501510e+02 -4.695476e+02
4.114633e+01 3.506757e+02 -4.692308e+02
4.139311e+01 3.512001e+02 -4.689132e+02
4.163989e+01 3.517241e+02 -4.685950e+02
4.188667e+01 3.522478e+02 -4.682760e+02
4.213347e+01 3.527712e+02 -4.679564e+02
4.238027e+01 3.532943e+02 -4.676360e+02
4.262708e+01 3.538170e+02 -4.673149e+02
4.287389e+01 3.543395e+02 -4.669932e+02
4.312071e+01 3.548616e+02 -4.666707e+02
4.336754e+01 3.553833e+02 -4.663475e+02
4.361437e+01 3.559048e+02 -4.660236e+02
4.386121e+01 3.564259e+02 -4.656990e+02
4.410805e+01 3.569467e+02 -4.653737e+02
4.435490e+01 3.574671e+02 -4.650477e+02
4.460175e+01 3.579873e+02 -4.647210e+02
4.484860e+01 3.585070e+02 -4.643936e+02
4.509545e+01 3.590265e+02 -4.640655e+02
4.534231e+01 3.595456e+02 -4.637367e+02
4.558917e+01 3.600644e+02 -4.634072e+02
4.583604e+01 3.605829e+02 -4.630770e+02
4.608290e+01 3.611010e+02 -4.627461e+02
4.632977e+01 3.616188e+02 -4.624145e+02
4.657663e+01 3.621362e+02 -4.620822e+02
4.682350e+01 3.626533e+02 -4.617492e+02
4.707037e+01 3.631701e+02 -4.614155e+02
4.731724e+01 3.636865e+02 -4.610811e+02
4.756410e+01 3.642026e+02 -4.607460e+02
4.781097e+01 3.647183e+02 -4.604102e+02
4.805783e+01 3.652337e+02 -4.600737e+02
4.830470e+01 3.657488e+02 -4.597365e+02
4.855156e+01 3.662635e+02 -4.593986e+02
4.879842e+01 3.667778e+02 -4.590600e+02
4.904527e+01 3.672919e+02 -4.587207e+02
4.929212e+01 3.678055e+02 -4.583808e+02
4.953897e+01 3.683188e+02 -4.580401e+02
4.978582e+01 3.688318e+02 -4.576987e+02
5.003266e+01 3.693444e+02 -4.573566e+02
5.027949e+01 3.698567e+02 -4.570139e+02
5.052632e+01 3.703686e+02 -4.566704e+02
5.077315e+01 3.708802e+02 -4.563263e+02
5.101997e+01 3.713914e+02 -4.559814e+02
5.126678e+01 3.719023e+02 -4.556359e+02
5.151359e+01 3.724128e+02 -4.552896e+02
5.176039e+01 3.729229e+02 -4.549427e+02
5.200718e+01 3.734327e+02 -4.545951e+02
5.225397e+01 3.739421e+02 -4.542468e+02
5.250074e+01 3.744512e+02 -4.538978e+02
5.274751e+01 3.749599e+02 -4.535481e+02
5.299427e+01 3.754682e+02 -4.531977e+02
5.324102e+01 3.759762e+02 -4.528466e+02
5.348777e+01 3.764839e+02 -4.524948e+02
5.373450e+01 3.769911e+02 -4.521424e+02
5.398122e+01 3.774980e+02 -4.517892e+02
5.422793e+01 3.780046e+02 -4.514354e+02
5.447463e+01 3.785107e+02 -4.510808e+02
5.472132e+01 3.790165e+02 -4.507256e+02
5.496800e+01 3.795220e+02 -4.503697e+02
5.521466e+01 3.800270e+02 -4.500131e+02
5.546131e+01 3.805317e+02 -4.496558e+02
5.570795e+01 3.810361e+02 -4.492979e+02
5.595458e+01 3.815400e+02 -4.489392e+02
5.620119e+01 3.820436e+02 -4.485799e+02
5.644779e+01 3.825468e+02 -4.482198e+02
5.669438e+01 3.830497e+02 -4.478591e+02
5.694095e+01 3.835521e+02 -4.474977e+02
5.718750e+01 3.840542e+02 -4.471356e+02
5.743404e+01 3.845560e+02 -4.467728e+02
5.768057e+01 3.850573e+02 -4.464094e+02
5.792707e+01 3.855583e+02 -4.460452e+02
5.817357e+01 3.860588e+02 -4.456804e+02
5.842004e+01 3.865590e+02 -4.453149e+02
5.866650e+01 3.870589e+02 -4.449487e+02
5.891294e+01 3.875583e+02 -4.445818e+02
5.915936e+01 3.880574e+02 -4.442142e+02
5.940576e+01 3.885561e+02 -4.438460e+02
5.965215e+01 3.890544e+02 -4.434771e+02
5.989851e+01 3.895523e+02 -4.431074e+02
6.014486e+01 3.900498e+02 -4.427372e+02
6.039118e+01 3.905469e+02 -4.423662e+02
6.063749e+01 3.910437e+02 -4.419945e+02
6.088378e+01 3.915401e+02 -4.416222e+02
6.113004e+01 3.920360e+02 -4.412492e+02
6.137628e+01 3.925316e+02 -4.408755e+02
6.162250e+01 3.930268e+02 -4.405011e+02
6.186870e+01 3.935216e+02 -4.401261e+02
6.211488e+01 3.940161e+02 -4.397504e+02
6.236103e+01 3.945101e+02 -4.393740e+02
6.260717e+01 3.950037e+02 -4.389969e+02
6.285327e+01 3.954970e+02 -4.386191e+02
6.309936e+01 3.959898e+02 -4.382407e+02
6.334542e+01 3.964822e+02 -4.378616e+02
6.359145e+01 3.969743e+02 -4.374818e+02
6.383746e+01 3.974660e+02 -4.371013e+02
6.408344e+01 3.979572e+02 -4.367202e+02
6.432940e+01 3.984481e+02 -4.363384e+02
6.457533e+01 3.989385e+02 -4.359559e+02
6.482124e+01 3.994286e+02 -4.355727e+02
6.506712e+01 3.999182e+02 -4.351889e+02
6.531297e+01 4.004075e+02 -4.348044e+02
6.555879e+01 4.008963e+02 -4.344192e+02
6.580459e+01 4.013848e+02 -4.340334e+02
6.605035e+01 4.018728e+02 -4.336469e+02
6.629609e+01 4.023604e+02 -4.332597e+02
6.654180e+01 4.028476e+02 -4.328718e+02
6.678748e+01 4.033345e+02 -4.324833e+02
6.703313e+01 4.038209e+02 -4.320941e+02
6.727875e+01 4.043069e+02 -4.317042e+02
6.752434e+01 4.047925e+02 -4.313136e+02
6.776990e+01 4.052776e+02 -4.309224e+02
6.801543e+01 4.057624e+02 -4.305305e+02
6.826092e+01 4.062468e+02 -4.301380e+02
6.850638e+01 4.067307e+02 -4.297448e+02
6.875181e+01 4.072142e+02 -4.293509e+02
6.899721e+01 4.076973e+02 -4.289564e+02
6.924258e+01 4.081800e+02 -4.285611e+02
6.948791e+01 4.086623e+02 -4.281653e+02
6.973320e+01 4.091442e+02 -4.277687e+02
6.997847e+01 4.096256e+02 -4.273715e+02
7.022369e+01 4.101066e+02 -4.269736e+02
7.046889e+01 4.105873e+02 -4.265751e+02
7.071404e+01 4.110674e+02 -4.261759e+02
7.095917e+01 4.115472e+02 -4.257760e+02
7.120425e+01 4.120265e+02 -4.253755e+02
7.144930e+01 4.125055e+02 -4.249743e+02
7.169431e+01 4.129840e+02 -4.245724e+02
7.193929e+01 4.134620e+02 -4.241699e+02
7.218422e+01 4.139397e+02 -4.237667e+02
7.242912e+01 4.144169e+02 -4.233629e+02
7.267398e+01 4.148937e+02 -4.229584e+02
7.291880e+01 4.153700e+02 -4.225532e+02
7.316359e+01 4.158460e+02 -4.221474e+02
7.340833e+01 4.163215e+02 -4.217409e+02
7.365303e+01 4.167966e+02 -4.213338e+02
7.389769e+01 4.172712e+02 -4.209260e+02
7.414232e+01 4.177454e+02 -4.205176e+02
7.438690e+01 4.182192e+02 -4.201085e+02
7.463144e+01 4.186925e+02 -4.196987e+02
7.487594e+01 4.191654e+02 -4.192883e+02
7.512039e+01 4.196379e+02 -4.188772e+02
7.536480e+01 4.201100e+02 -4.184655e+02
7.560917e+01 4.205816e+02 -4.180531e+02
7.585350e+01 4.210527e+02 -4.176401e+02
7.609779e+01 4.215234e+02 -4.172264e+02
7.634203e+01 4.219937e+02 -4.168120e+02
7.658622e+01 4.224636e+02 -4.163970e+02
7.683037e+01 4.229330e+02 -4.159814e+02
7.707448e+01 4.234019e+02 -4.155651e+02
7.731854e+01 4.238705e+02 -4.151481e+02
7.756255e+01 4.243386e+02 -4.147305e+02
7.780652e+01 4.248062e+02 -4.143122e+02
7.805044e+01 4.252734e+02 -4.138933e+02
7.829432e+01 4.257401e+02 -4.134738e+02
7.853814e+01 4.262064e+02 -4.130536e+02
7.878192e+01 4.266723e+02 -4.126327e+02
7.902565e+01 4.271377e+02 -4.122112e+02
7.926934e+01 4.276026e+02 -4.117891e+02
7.951297e+01 4.280671e+02 -4.113663e+02
7.975656e+01 4.285312e+02 -4.109428e+02
8.000009e+01 4.289948e+02 -4.105187e+02
8.024358e+01 4.294579e+02 -4.100940e+02
8.048701e+01 4.299206e+02 -4.096686e+02
8.073040e+01 4.303829e+02 -4.092426e+02
8.097373e+01 4.308447e+02 -4.088159e+02
8.121701e+01 4.313060e+02 -4.083886e+02
8.146025e+01 4.317669e+02 -4.079606e+02
8.170342e+01 4.322273e+02 -4.075320e+02
8.194655e+01 4.326873e+02 -4.071028e+02
8.218962e+01 4.331468e+02 -4.066729e+02
8.243264e+01 4.336058e+02 -4.062424e+02
8.267561e+01 4.340644e+02 -4.058112e+02
8.291852e+01 4.345226e+02 -4.053794e+02
8.316138e+01 4.349802e+02 -4.049469e+02
8.340418e+01 4.354374e+02 -4.045139e+02
8.364693e+01 4.358942e+02 -4.040801e+02
8.388963e+01 4.363505e+02 -4.036458e+02
8.413226e+01 4.368063e+02 -4.032108e+02
8.437484e+01 4.372616e+02 -4.027751e+02
8.461737e+01 4.377165e+02 -4.023388e+02
8.485984e+01 4.381709e+02 -4.019019e+02
8.510225e+01 4.386249e+02 -4.014644e+02
8.534460e+01 4.390784e+02 -4.010262e+02
8.558689e+01 4.395314e+02 -4.005874e+02
8.582913e+01 4.399839e+02 -4.001479e+02
8.607131e+01 4.404360e+02 -3.997078e+02
8.631343e+01 4.408876e+02 -3.992671e+02
8.655549e+01 4.413387e+02 -3.988258e+02
8.679749e+01 4.417894e+02 -3.983838e+02
8.703943e+01 4.422396e+02 -3.979411e+02
8.728130e+01 4.426893e+02 -3.974979e+02
8.752312e+01 4.431385e+02 -3.970540e+02
8.776488e+01 4.435872e+02 -3.966095e+02
8.800657e+01 4.440355e+02 -3.961644e+02
8.824820e+01 4.444833e+02 -3.957186e+02
8.848977e+01 4.449307e+02 -3.952722e+02
8.873128e+01 4.453775e+02 -3.948252e+02
8.897273e+01 4.458239e+02 -3.943775e+02
8.921411e+01 4.462698e+02 -3.939292e+02
8.945542e+01 4.467152e+02 -3.934803e+02
8.969668e+01 4.471601e+02 -3.930308e+02
8.993786e+01 4.476045e+02 -3.925806e+02
9.017899e+01 4.480485e+02 -3.921298e+02
9.042004e+01 4.484919e+02 -3.916784e+02
9.066104e+01 4.489349e+02 -3.912264e+02
9.090196e+01 4.493774e+02 -3.907737e+02
9.114282e+01 4.498194e+02 -3.903205e+02
9.138361e+01 4.502610e+02 -3.898666e+02
9.162434e+01 4.507020e+02 -3.894120e+02
9.186500e+01 4.511426e+02 -3.889569e+02
9.210559e+01 4.515826e+02 -3.885011e+02
9.234611e+01 4.520222e+02 -3.880448e+02
9.258656e+01 4.524613e+02 -3.875877e+02
9.282694e+01 4.528998e+02 -3.871301e+02
9.306726e+01 4.533379e+02 -3.866719e+02
9.330750e+01 4.537755e+02 -3.862130e+02
9.354768e+01 4.542126e+02 -3.857535e+02
9.378778e+01 4.546493e+02 -3.852934e+02
9.402782e+01 4.550854e+02 -3.848327e+02
9.426778e+01 4.555210e+02 -3.843714e+02
9.450767e+01 4.559561e+02 -3.839095e+02
9.474749e+01 4.563907e+02 -3.834469e+02
9.498723e+01 4.568249e+02 -3.829837e+02
9.522691e+01 4.572585e+02 -3.825200e+02
9.546651e+01 4.576916e+02 -3.820556e+02
9.570604e+01 4.581242e+02 -3.815906e+02
9.594549e+01 4.585564e+02 -3.811249e+02
9.618487e+01 4.589880e+02 -3.806587e+02
9.642418e+01 4.594191e+02 -3.801919e+02
9.666341e+01 4.598497e+02 -3.797244e+02
9.690256e+01 4.602798e+02 -3.792563e+02
9.714164e+01 4.607095e+02 -3.787877e+02
9.738064e+01 4.611386e+02 -3.783184e+02
9.761957e+01 4.615671e+02 -3.778485e+02
9.785842e+01 4.619952e+02 -3.773780e+02
9.809720e+01 4.624228e+02 -3.769069e+02
9.833589e+01 4.628499e+02 -3.764352e+02
9.857451e+01 4.632764e+02 -3.759629e+02
9.881305e+01 4.637025e+02 -3.754900e+02
9.905151e+01 4.641280e+02 -3.750164e+02
9.928990e+01 4.645531e+02 -3.745423e+02
9.952820e+01 4.649776e+02 -3.740676e+02
9.976642e+01 4.654016e+02 -3.735923e+02
1.000046e+02 4.658251e+02 -3.731163e+02
1.002426e+02 4.662480e+02 -3.726398e+02
1.004806e+02 4.666705e+02 -3.721626e+02
1.007185e+02 4.670924e+02 -3.716849e+02
1.009563e+02 4.675139e+02 -3.712066e+02
1.011941e+02 4.679348e+02 -3.707276e+02
1.014317e+02 4.683552e+02 -3.702481e+02
1.016693e+02 4.687750e+02 -3.697680e+02
1.019068e+02 4.691944e+02 -3.692872e+02
1.021442e+02 4.696132e+02 -3.688059e+02
1.023815e+02 4.700315e+02 -3.683240e+02
1.026188e+02 4.704493e+02 -3.678415e+02
1.028559e+02 4.708666e+02 -3.673583e+02
1.030930e+02 4.712833e+02 -3.668746e+02
1.033300e+02 4.716995e+02 -3.663903e+02
1.035669e+02 4.721152e+02 -3.659054e+02
1.038037e+02 4.725304e+02 -3.654199e+02
1.040404e+02 4.729450e+02 -3.649339e+02
1.042771e+02 4.733591e+02 -3.644472e+02
1.045136e+02 4.737727e+02 -3.639599e+02
1.047501e+02 4.741858e+02 -3.634721e+02
1.049865e+02 4.745983e+02 -3.629836e+02
1.052228e+02 4.750103e+02 -3.624946e+02
1.054590e+02 4.754218e+02 -3.620050e+02
1.056951e+02 4.758327e+02 -3.615148e+02
1.059312e+02 4.762431e+02 -3.610240e+02
1.061671e+02 4.766530e+02 -3.605326e+02
1.064029e+02 4.770624e+02 -3.600406e+02
1.066387e+02 4.774712e+02 -3.595481e+02
1.068744e+02 4.778795e+02 -3.590549e+02
1.071100e+02 4.782872e+02 -3.585612e+02
1.073454e+02 4.786944e+02 -3.580669e+02
1.075808e+02 4.791011e+02 -3.575720e+02
1.078161e+02 4.795072e+02 -3.570765e+02
1.080514e+02 4.799128e+02 -3.565805e+02
1.082865e+02 4.803178e+02 -3.560838e+02
1.085215e+02 4.807224e+02 -3.555866e+02
1.087564e+02 4.811263e+02 -3.550888e+02
1.089913e+02 4.815298e+02 -3.545905e+02
1.092260e+02 4.819327e+02 -3.540915e+02
1.094607e+02 4.823350e+02 -3.535920e+02
1.096952e+02 4.827368e+02 -3.530919e+02
1.099297e+02 4.831381e+02 -3.525912e+02
1.101641e+02 4.835388e+02 -3.520899e+02
1.103983e+02 4.839390e+02 -3.515881e+02
1.106325e+02 4.843386e+02 -3.510857e+02
1.108666e+02 4.847377e+02 -3.505827e+02
1.111006e+02 4.851362e+02 -3.500791e+02
1.113345e+02 4.855342e+02 -3.495750e+02
1.115683e+02 4.859316e+02 -3.490703e+02
1.118019e+02 4.863285e+02 -3.485650e+02
1.120355e+02 4.867249e+02 -3.480591e+02
1.122690e+02 4.871207e+02 -3.475527e+02
1.125024e+02 4.875159e+02 -3.470457e+02
1.127357e+02 4.879106e+02 -3.465382e+02
1.129689e+02 4.883047e+02 -3.460300e+02
1.132020e+02 4.886983e+02 -3.455214e+02
1.134350e+02 4.890914e+02 -3.450121e+02
1.136679e+02 4.894838e+02 -3.445023e+02
1.139007e+02 4.898757e+02 -3.439919e+02
1.141334e+02 4.902671e+02 -3.434809e+02
1.143660e+02 4.906579e+02 -3.429694e+02
1.145985e+02 4.910482e+02 -3.424573e+02
1.148309e+02 4.914379e+02 -3.419446e+02
1.150631e+02 4.918270e+02 -3.414314e+02
1.152953e+02 4.922156e+02 -3.409176e+02
1.155274e+02 4.926036e+02 -3.404033e+02
1.157594e+02 4.929911e+02 -3.398884e+02
1.159913e+02 4.933780e+02 -3.393729e+02
1.162230e+02 4.937643e+02 -3.388569e+02
1.164547e+02 4.941501e+02 -3.383404e+02
1.166862e+02 4.945353e+02 -3.378232e+02
1.169177e+02 4.949199e+02 -3.373055e+02
1.171490e+02 4.953040e+02 -3.367873e+02
1.173803e+02 4.956875e+02 -3.362685e+02
1.176114e+02 4.960705e+02 -3.357491e+02
1.178424e+02 4.964529e+02 -3.352292e+02
1.180733e+02 4.968347e+02 -3.347087e+02
1.183041e+02 4.972159e+02 -3.341877e+02
1.185348e+02 4.975966e+02 -3.336661e+02
1.187654e+02 4.979767e+02 -3.331440e+02
1.189959e+02 4.983563e+02 -3.326213e+02
1.192263e+02 4.987353e+02 -3.320981e+02
1.194566e+02 4.991137e+02 -3.315743e+02
1.196867e+02 4.994915e+02 -3.310499e+02
1.199168e+02 4.998687e+02 -3.305251e+02
1.201467e+02 5.002454e+02 -3.299996e+02
1.203765e+02 5.006216e+02 -3.294737e+02
1.206062e+02 5.009971e+02 -3.289471e+02
1.208358e+02 5.013721e+02 -3.284201e+02
1.210653e+02 5.017465e+02 -3.278924e+02
1.212947e+02 5.021203e+02 -3.273643e+02
1.215240e+02 5.024935e+02 -3.268356e+02
1.217531e+02 5.028662e+02 -3.263063e+02
1.219822e+02 5.032383e+02 -3.257765e+02
1.222111e+02 5.036098e+02 -3.252462e+02
1.224399e+02 5.039807e+02 -3.247153e+02
1.226686e+02 5.043510e+02 -3.241839e+02
1.228972e+02 5.047208e+02 -3.236519e+02
1.231256e+02 5.050900e+02 -3.231195e+02
1.233540e+02 5.054586e+02 -3.225864e+02
1.235822e+02 5.058266e+02 -3.220528e+02
1.238103e+02 5.061941e+02 -3.215187e+02
1.240384e+02 5.065609e+02 -3.209841e+02
1.242662e+02 5.069272e+02 -3.204489e+02
1.244940e+02 5.072929e+02 -3.199132e+02
1.247217e+02 5.076580e+02 -3.193769e+02
1.249492e+02 5.080225e+02 -3.188401e+02
1.251766e+02 5.083864e+02 -3.183028e+02
1.254039e+02 5.087498e+02 -3.177650e+02
1.256311e+02 5.091125e+02 -3.172266e+02
1.258582e+02 5.094747e+02 -3.166877e+02
1.260851e+02 5.098363e+02 -3.161482e+02
1.263119e+02 5.101972e+02 -3.156082e+02
1.265386e+02 5.105576e+02 -3.150677e+02
1.267652e+02 5.109175e+02 -3.145267e+02
1.269917e+02 5.112767e+02 -3.139851e+02
1.272180e+02 5.116353e+02 -3.134430e+02
1.274442e+02 5.119933e+02 -3.129004e+02
1.276703e+02 5.123508e+02 -3.123573e+02
1.278963e+02 5.127076e+02 -3.118136e+02
1.281221e+02 5.130639e+02 -3.112694e+02
1.283479e+02 5.134195e+02 -3.107247e+02
1.285735e+02 5.137746e+02 -3.101795e+02
1.287990e+02 5.141290e+02 -3.096337e+02
1.290243e+02 5.144829e+02 -3.090874e+02
1.292496e+02 5.148362e+02 -3.085406e+02
1.294747e+02 5.151888e+02 -3.079933e+02
1.296997e+02 5.155409e+02 -3.074455e+02
1.299245e+02 5.158924e+02 -3.068971e+02
1.301492e+02 5.162432e+02 -3.063482e+02
1.303739e+02 5.165935e+02 -3.057988e+02
1.305983e+02 5.169432e+02 -3.052489e+02
1.308227e+02 5.172923e+02 -3.046985e+02
1.310469e+02 5.176407e+02 -3.041476e+02
1.312710e+02 5.179886e+02 -3.035961e+02
1.314950e+02 5.183358e+02 -3.030441e+02
1.317188e+02 5.186825e+02 -3.024916e+02
1.319426e+02 5.190285e+02 -3.019387e+02
1.321661e+02 5.193740e+02 -3.013851e+02
1.323896e+02 5.197188e+02 -3.008311e+02
1.326129e+02 5.200631e+02 -3.002766e+02
1.328361e+02 5.204067e+02 -2.997216e+02
1.330592e+02 5.207497e+02 -2.991660e+02
1.332822e+02 5.210921e+02 -2.986100e+02
1.335050e+02 5.214339e+02 -2.980534e+02
1.337276e+02 5.217751e+02 -2.974963e+02
1.339502e+02 5.221157e+02 -2.969388e+02
1.341726e+02 5.224557e+02 -2.963807e+02
1.343949e+02 5.227950e+02 -2.958221e+02
1.346171e+02 5.231338e+02 -2.952630e+02
1.348391e+02 5.234719e+02 -2.947034e+02
1.350610e+02 5.238094e+02 -2.941433e+02
1.352827e+02 5.241463e+02 -2.935827e+02
1.355043e+02 5.244826e+02 -2.930217e+02
1.357258e+02 5.248183e+02 -2.924601e+02
1.359472e+02 5.251534e+02 -2.918980e+02
1.361684e+02 5.254878e+02 -2.913354e+02
1.363895e+02 5.258217e+02 -2.907723e+02
1.366104e+02 5.261549e+02 -2.902087e+02
1.368312e+02 5.264875e+02 -2.896446e+02
1.370519e+02 5.268195e+02 -2.890800e+02
1.372725e+02 5.271508e+02 -2.885150e+02
1.374929e+02 5.274816e+02 -2.879494e+02
1.377131e+02 5.278117e+02 -2.873834e+02
1.379333e+02 5.281412e+02 -2.868168e+02
1.381532e+02 5.284701e+02 -2.862498e+02
1.383731e+02 5.287984e+02 -2.856822e+02
1.385928e+02 5.291260e+02 -2.851142e+02
1.388124e+02 5.294530e+02 -2.845457e+02
1.390318e+02 5.297794e+02 -2.839767e+02
1.392511e+02 5.301052e+02 -2.834072e+02
1.394703e+02 5.304303e+02 -2.828372e+02
1.396893e+02 5.307549e+02 -2.822667e+02
1.399082e+02 5.310788e+02 -2.816958e+02
1.401269e+02 5.314020e+02 -2.811244e+02
1.403455e+02 5.317247e+02 -2.805524e+02
1.405640e+02 5.320467e+02 -2.799800e+02
1.407823e+02 5.323681e+02 -2.794071e+02
1.410005e+02 5.326889e+02 -2.788338e+02
1.412185e+02 5.330090e+02 -2.782599e+02
1.414364e+02 5.333285e+02 -2.776856e+02
1.416542e+02 5.336474e+02 -2.771108e+02
1.418718e+02 5.339656e+02 -2.765355e+02
1.420892e+02 5.342832e+02 -2.759597e+02
1.423065e+02 5.346002e+02 -2.753835e+02
1.425237e+02 5.349166e+02 -2.748068e+02
1.427407e+02 5.352323e+02 -2.742296e+02
1.429576e+02 5.355474e+02 -2.736519e+02
1.431744e+02 5.358619e+02 -2.730737e+02
1.433910e+02 5.361757e+02 -2.724951e+02
1.436074e+02 5.364889e+02 -2.719160e+02
1.438237e+02 5.368014e+02 -2.713364e+02
1.440399e+02 5.371133e+02 -2.707564e+02
1.442559e+02 5.374246e+02 -2.701759e+02
1.444717e+02 5.377353e+02 -2.695949e+02
1.446874e+02 5.380453e+02 -2.690135e+02
1.449030e+02 5.383546e+02 -2.684315e+02
1.451184e+02 5.386634e+02 -2.678492e+02
1.453337e+02 5.389715e+02 -2.672663e+02
1.455488e+02 5.392789e+02 -2.666830e+02
1.457638e+02 5.395857e+02 -2.660992e+02
1.459786e+02 5.398919e+02 -2.655150e+02
1.461933e+02 5.401974e+02 -2.649302e+02
1.464078e+02 5.405023e+02 -2.643451e+02
1.466222e+02 5.408066e+02 -2.637594e+02
1.468364e+02 5.411102e+02 -2.631733e+02
1.470505e+02 5.414131e+02 -2.625868e+02
1.472644e+02 5.417155e+02 -2.619997e+02
1.474782e+02 5.420171e+02 -2.614123e+02
1.476918e+02 5.423182e+02 -2.608243e+02
1.479053e+02 5.426186e+02 -2.602359e+02
1.481186e+02 5.429183e+02 -2.596471e+02
1.483318e+02 5.432174e+02 -2.590578e+02
1.485448e+02 5.435159e+02 -2.584680e+02
1.487576e+02 5.438137e+02 -2.578778e+02
1.489703e+02 5.441108e+02 -2.572871e+02
1.491829e+02 5.444073e+02 -2.566960e+02
1.493953e+02 5.447032e+02 -2.561044e+02
1.496075e+02 5.449984e+02 -2.555124e+02
1.498196e+02 5.452930e+02 -2.549199e+02
1.500315e+02 5.455869e+02 -2.543269e+02
1.502433e+02 5.458801e+02 -2.537336e+02
1.504549e+02 5.461727e+02 -2.531397e+02
1.506664e+02 5.464647e+02 -2.525454e+02
1.508777e+02 5.467560e+02 -2.519507e+02
1.510888e+02 5.470467e+02 -2.513556e+02
1.512998e+02 5.473367e+02 -2.507599e+02
1.515106e+02 5.476260e+02 -2.501639e+02
1.517213e+02 5.479147e+02 -2.495674e+02
1.519318e+02 5.482028e+02 -2.489704e+02
1.521422e+02 5.484901e+02 -2.483730e+02
1.523524e+02 5.487769e+02 -2.477752e+02
1.525624e+02 5.490630e+02 -2.471769e+02
1.527723e+02 5.493484e+02 -2.465782e+02
1.529820e+02 5.496331e+02 -2.459791e+02
1.531916e+02 5.499172e+02 -2.453795e+02
1.534010e+02 5.502007e+02 -2.447795e+02
1.536102e+02 5.504835e+02 -2.441790e+02
1.538193e+02 5.507656e+02 -2.435781e+02
1.540283e+02 5.510471e+02 -2.429768e+02
1.542370e+02 5.513279e+02 -2.423750e+02
1.544456e+02 5.516080e+02 -2.417728e+02
1.546540e+02 5.518875e+02 -2.411702e+02
1.548623e+02 5.521664e+02 -2.405671e+02
1.550704e+02 5.524445e+02 -2.399636e+02
1.552784e+02 5.527220e+02 -2.393597e+02
1.554862e+02 5.529989e+02 -2.387553e+02
1.556938e+02 5.532751e+02 -2.381505e+02
1.559012e+02 5.535506e+02 -2.375453e+02
1.561085e+02 5.538254e+02 -2.369397e+02
1.563156e+02 5.540996e+02 -2.363336e+02
1.565226e+02 5.543731e+02 -2.357271e+02
1.567294e+02 5.546460e+02 -2.351202e+02
1.569360e+02 5.549182e+02 -2.345129e+02
1.571425e+02 5.551897e+02 -2.339051e+02
1.573488e+02 5.554606e+02 -2.332969e+02
1.575549e+02 5.557308e+02 -2.326883e+02
1.577609e+02 5.560003e+02 -2.320793e+02
1.579667e+02 5.562691e+02 -2.314698e+02
1.581723e+02 5.565373e+02 -2.308599e+02
1.583778e+02 5.568049e+02 -2.302497e+02
1.585831e+02 5.570717e+02 -2.296390e+02
1.587882e+02 5.573379e+02 -2.290278e+02
1.589932e+02 5.576034e+02 -2.284163e+02
1.591980e+02 5.578682e+02 -2.278044e+02
1.594026e+02 5.581324e+02 -2.271920e+02
1.596071e+02 5.583959e+02 -2.265792e+02
1.598113e+02 5.586587e+02 -2.259660e+02
1.600155e+02 5.589209e+02 -2.253524e+02
1.602194e+02 5.591823e+02 -2.247384e+02
1.604232e+02 5.594431e+02 -2.241240e+02
1.606268e+02 5.597033e+02 -2.235091e+02
1.608302e+02 5.599627e+02 -2.228939e+02
1.610335e+02 5.602215e+02 -2.222782e+02
1.612366e+02 5.604796e+02 -2.216622e+02
1.614395e+02 5.607371e+02 -2.210457e+02
1.616422e+02 5.609938e+02 -2.204289e+02
1.618448e+02 5.612499e+02 -2.198116e+02
1.620472e+02 5.615053e+02 -2.191939e+02
1.622494e+02 5.617600e+02 -2.185758e+02
1.624515e+02 5.620141e+02 -2.179573e+02
1.626533e+02 5.622674e+02 -2.173385e+02
1.628550e+02 5.625201e+02 -2.167192e+02
1.630566e+02 5.627721e+02 -2.160995e+02
1.632579e+02 5.630234e+02 -2.154794e+02
1.634591e+02 5.632741e+02 -2.148589e+02
1.636601e+02 5.635241e+02 -2.142380e+02
1.638609e+02 5.637734e+02 -2.136168e+02
1.640616e+02 5.640220e+02 -2.129951e+02
1.642621e+02 5.642699e+02 -2.123730e+02
1.644624e+02 5.645171e+02 -2.117506e+02
1.646625e+02 5.647637e+02 -2.111277e+02
1.648624e+02 5.650096e+02 -2.105045e+02
1.650622e+02 5.652548e+02 -2.098809e+02
1.652618e+02 5.654993e+02 -2.092568e+02
1.654612e+02 5.657431e+02 -2.086324e+02
1.656604e+02 5.659862e+02 -2.080076e+02
1.658595e+02 5.662287e+02 -2.073824e+02
1.660584e+02 5.664705e+02 -2.067568e+02
1.662571e+02 5.667116e+02 -2.061309e+02
1.664556e+02 5.669520e+02 -2.055045e+02
1.666539e+02 5.671917e+02 -2.048778e+02
1.668521e+02 5.674307e+02 -2.042507e+02
1.670501e+02 5.676690e+02 -2.036232e+02
1.672479e+02 5.679067e+02 -2.029953e+02
1.674455e+02 5.681436e+02 -2.023670e+02
1.676429e+02 5.683799e+02 -2.017384e+02
1.678402e+02 5.686155e+02 -2.011093e+02
1.680372e+02 5.688504e+02 -2.004799e+02
1.682341e+02 5.690846e+02 -1.998501e+02
1.684308e+02 5.693181e+02 -1.992200e+02
1.686274e+02 5.695509e+02 -1.985894e+02
1.688237e+02 5.697831e+02 -1.979585e+02
1.690199e+02 5.700145e+02 -1.973272e+02
1.692158e+02 5.702452e+02 -1.966956e+02
1.694116e+02 5.704753e+02 -1.960635e+02
1.696072e+02 5.707047e+02 -1.954311e+02
1.698027e+02 5.709333e+02 -1.947983e+02
1.699979e+02 5.711613e+02 -1.941652e+02
1.701930e+02 5.713886e+02 -1.935317e+02
1.703878e+02 5.716152e+02 -1.928978e+02
1.705825e+02 5.718411e+02 -1.922635e+02
1.707770e+02 5.720663e+02 -1.916289e+02
1.709713e+02 5.722908e+02 -1.909939e+02
1.711654e+02 5.725146e+02 -1.903585e+02
1.713594e+02 5.727377e+02 -1.897228e+02
1.715531e+02 5.729601e+02 -1.890867e+02
1.717467e+02 5.731818e+02 -1.884503e+02
1.719401e+02 5.734028e+02 -1.878135e+02
1.721333e+02 5.736232e+02 -1.871763e+02
1.723263e+02 5.738428e+02 -1.865388e+02
1.725191e+02 5.740617e+02 -1.859009e+02
1.727117e+02 5.742799e+02 -1.852626e+02
1.729041e+02 5.744975e+02 -1.846240e+02
1.730964e+02 5.747143e+02 -1.839850e+02
1.732885e+02 5.749304e+02 -1.833457e+02
1.734803e+02 5.751459e+02 -1.827060e+02
1.736720e+02 5.753606e+02 -1.820660e+02
1.738635e+02 5.755746e+02 -1.814256e+02
1.740548e+02 5.757879e+02 -1.807849e+02
1.742459e+02 5.760006e+02 -1.801438e+02
1.744368e+02 5.762125e+02 -1.795023e+02
1.746275e+02 5.764237e+02 -1.788605e+02
1.748181e+02 5.766342e+02 -1.782184e+02
1.750084e+02 5.768440e+02 -1.775759e+02
1.751986e+02 5.770531e+02 -1.769330e+02
1.753885e+02 5.772615e+02 -1.762898e+02
1.755783e+02 5.774692e+02 -1.756463e+02
1.757679e+02 5.776762e+02 -1.750024e+02
1.759572e+02 5.778825e+02 -1.743582e+02
1.761464e+02 5.780881e+02 -1.737136e+02
1.763354e+02 5.782930e+02 -1.730687e+02
1.765242e+02 5.784971e+02 -1.724235e+02
1.767128e+02 5.787006e+02 -1.717779e+02
1.769012e+02 5.789034e+02 -1.711319e+02
1.770894e+02 5.791054e+02 -1.704857e+02
1.772774e+02 5.793068e+02 -1.698390e+02
1.774653e+02 5.795074e+02 -1.691921e+02
1.776529e+02 5.797073e+02 -1.685448e+02
1.778403e+02 5.799066e+02 -1.678972e+02
1.780276e+02 5.801051e+02 -1.672492e+02
1.782146e+02 5.803029e+02 -1.666009e+02
1.784014e+02 5.805000e+02 -1.659523e+02
1.785881e+02 5.806963e+02 -1.653033e+02
1.787745e+02 5.808920e+02 -1.646540e+02
1.789608e+02 5.810870e+02 -1.640044e+02
1.791468e+02 5.812812e+02 -1.633545e+02
1.793327e+02 5.814748e+02 -1.627042e+02
1.795183e+02 5.816676e+02 -1.620536e+02
1.797038e+02 5.818597e+02 -1.614026e+02
1.798891e+02 5.820511e+02 -1.607514e+02
1.800741e+02 5.822418e+02 -1.600998e+02
1.802590e+02 5.824318e+02 -1.594478e+02
1.804436e+02 5.826211e+02 -1.587956e+02
1.806281e+02 5.828096e+02 -1.581430e+02
1.808123e+02 5.829974e+02 -1.574902e+02
1.809964e+02 5.831846e+02 -1.568369e+02
1.811803e+02 5.833710e+02 -1.561834e+02
1.813639e+02 5.835567e+02 -1.555296e+02
1.815474e+02 5.837416e+02 -1.548754e+02
1.817306e+02 5.839259e+02 -1.542209e+02
1.819137e+02 5.841095e+02 -1.535661e+02
1.820965e+02 5.842923e+02 -1.529110e+02
1.822792e+02 5.844744e+02 -1.522556e+02
1.824616e+02 5.846558e+02 -1.515998e+02
1.826439e+02 5.848365e+02 -1.509438e+02
1.828259e+02 5.850164e+02 -1.502874e+02
1.830077e+02 5.851957e+02 -1.496307e+02
1.831894e+02 5.853742e+02 -1.489737e+02
1.833708e+02 5.855520e+02 -1.483164e+02
1.835520e+02 5.857291e+02 -1.476588e+02
1.837330e+02 5.859055e+02 -1.470008e+02
1.839139e+02 5.860811e+02 -1.463426e+02
1.840945e+02 5.862561e+02 -1.456841e+02
1.842749e+02 5.864303e+02 -1.450252e+02
1.844551e+02 5.866038e+02 -1.443661e+02
1.846351e+02 5.867766e+02 -1.437066e+02
1.848149e+02 5.869486e+02 -1.430468e+02
1.849944e+02 5.871199e+02 -1.423868e+02
1.851738e+02 5.872905e+02 -1.417264e+02
1.853530e+02 5.874604e+02 -1.410657e+02
1.855319e+02 5.876296e+02 -1.404048e+02
1.857107e+02 5.877980e+02 -1.397435e+02
1.858892e+02 5.879658e+02 -1.390820e+02
1.860676e+02 5.881328e+02 -1.384201e+02
1.862457e+02 5.882990e+02 -1.377579e+02
1.864236e+02 5.884646e+02 -1.370955e+02
1.866013e+02 5.886294e+02 -1.364327e+02
1.867788e+02 5.887935e+02 -1.357697e+02
1.869561e+02 5.889569e+02 -1.351064e+02
1.871332e+02 5.891196e+02 -1.344427e+02
1.873101e+02 5.892815e+02 -1.337788e+02
1.874868e+02 5.894427e+02 -1.331146e+02
1.876632e+02 5.896032e+02 -1.324501e+02
1.878395e+02 5.897629e+02 -1.317853e+02
1.880155e+02 5.899219e+02 -1.311203e+02
1.881913e+02 5.900802e+02 -1.304549e+02
1.883669e+02 5.902378e+02 -1.297892e+02
1.885423e+02 5.903947e+02 -1.291233e+02
1.887175e+02 5.905508e+02 -1.284571e+02
1.888925e+02 5.907062e+02 -1.277906e+02
1.890673e+02 5.908608e+02 -1.271238e+02
1.892418e+02 5.910148e+02 -1.264568e+02
1.894162e+02 5.911680e+02 -1.257894e+02
1.895903e+02 5.913205e+02 -1.251218e+02
1.897642e+02 5.914722e+02 -1.244539e+02
1.899379e+02 5.916232e+02 -1.237857e+02
1.901114e+02 5.917735e+02 -1.231172e+02
1.902847e+02 5.919231e+02 -1.224485e+02
1.904577e+02 5.920719e+02 -1.217795e+02
1.906306e+02 5.922200e+02 -1.211102e+02
1.908032e+02 5.923674e+02 -1.204406e+02
1.909756e+02 5.925141e+02 -1.197708e+02
1.911478e+02 5.926600e+02 -1.191007e+02
1.913198e+02 5.928051e+02 -1.184303e+02
1.914916e+02 5.929496e+02 -1.177597e+02
1.916631e+02 5.930933e+02 -1.170888e+02
1.918345e+02 5.932363e+02 -1.164176e+02
1.920056e+02 5.933785e+02 -1.157461e+02
1.921765e+02 5.935201e+02 -1.150744e+02
1.923472e+02 5.936609e+02 -1.144024e+02
1.925177e+02 5.938009e+02 -1.137302e+02
1.926879e+02 5.939402e+02 -1.130577e+02
1.928580e+02 5.940788e+02 -1.123849e+02
1.930278e+02 5.942167e+02 -1.117119e+02
1.931974e+02 5.943538e+02 -1.110386e+02
1.933668e+02 5.944902e+02 -1.103650e+02
1.935359e+02 5.946258e+02 -1.096912e+02
1.937049e+02 5.947608e+02 -1.090171e+02
1.938736e+02 5.948949e+02 -1.083428e+02
1.940421e+02 5.950284e+02 -1.076682e+02
1.942104e+02 5.951611e+02 -1.069933e+02
1.943785e+02 5.952931e+02 -1.063182e+02
1.945463e+02 5.954243e+02 -1.056428e+02
1.947140e+02 5.955548e+02 -1.049672e+02
1.948814e+02 5.956846e+02 -1.042914e+02
1.950486e+02 5.958136e+02 -1.036152e+02
1.952155e+02 5.959419e+02 -1.029389e+02
1.953823e+02 5.960695e+02 -1.022623e+02
1.955488e+02 5.961963e+02 -1.015854e+02
1.957151e+02 5.963224e+02 -1.009083e+02
1.958812e+02 5.964477e+02 -1.002309e+02
1.960471e+02 5.965723e+02 -9.955329e+01
1.962127e+02 5.966962e+02 -9.887543e+01
1.963781e+02 5.968193e+02 -9.819733e+01
1.965433e+02 5.969417e+02 -9.751898e+01
1.967083e+02 5.970634e+02 -9.684039e+01
1.968730e+02 5.971843e+02 -9.616156e+01
1.970375e+02 5.973044e+02 -9.548249e+01
1.972018e+02 5.974239e+02 -9.480318e+01
1.973659e+02 5.975426e+02 -9