-6.707700517965e+03 3.715932425289e+03 2.404084324920e-01
-6.706634328482e+03 3.717847726646e+03 -7.998333675955e+00
-6.705559853262e+03 3.719758432841e+03 -1.623706615673e+01
-6.704477094255e+03 3.721664540395e+03 -2.447577906566e+01
-6.703386042497e+03 3.723566065504e+03 -3.271446245861e+01
-6.702286721802e+03 3.725462965365e+03 -4.095310639154e+01
-6.701179123232e+03 3.727355256188e+03 -4.919170092044e+01
-6.700063248781e+03 3.729242934517e+03 -5.743023610144e+01
-6.698939100451e+03 3.731125996905e+03 -6.566870199075e+01
-6.697806680255e+03 3.733004439910e+03 -7.390708864471e+01
-6.696665990218e+03 3.734878260093e+03 -8.214538611986e+01
-6.695517032374e+03 3.736747454025e+03 -9.038358447295e+01
-6.694359797799e+03 3.738612037920e+03 -9.862167376093e+01
-6.693194310481e+03 3.740471969074e+03 -1.068596440410e+02
-6.692020561522e+03 3.742327263718e+03 -1.150974853705e+02
-6.690838552998e+03 3.744177918444e+03 -1.233351878071e+02
-6.689648286997e+03 3.746023929849e+03 -1.315727414086e+02
-6.688449765616e+03 3.747865294539e+03 -1.398101362332e+02
-6.687242990962e+03 3.749702009122e+03 -1.480473623394e+02
-6.686027954146e+03 3.751534089832e+03 -1.562844097857e+02
-6.684804679304e+03 3.753361494053e+03 -1.645212686312e+02
-6.683573157574e+03 3.755184238035e+03 -1.727579289349e+02
-6.682333391105e+03 3.757002318410e+03 -1.809943807562e+02
-6.681085382056e+03 3.758815731819e+03 -1.892306141549e+02
-6.679829132596e+03 3.760624474908e+03 -1.974666191908e+02
-6.678564644906e+03 3.762428544327e+03 -2.057023859241e+02
-6.677291910131e+03 3.764227956326e+03 -2.139379044151e+02
-6.676010952556e+03 3.766022668384e+03 -2.221731647245e+02
-6.674721763351e+03 3.767812696766e+03 -2.304081569133e+02
-6.673424344736e+03 3.769598038144e+03 -2.386428710425e+02
-6.672118698929e+03 3.771378689194e+03 -2.468772971731e+02
-6.670804828170e+03 3.773154646603e+03 -2.551114253668e+02
-6.669482734711e+03 3.774925907065e+03 -2.633452456855e+02
-6.668152420815e+03 3.776692467280e+03 -2.715787481915e+02
-6.666813877667e+03 3.778454343512e+03 -2.798119229473e+02
-6.665467129716e+03 3.780211493351e+03 -2.880447600158e+02
-6.664112168175e+03 3.781963933078e+03 -2.962772494602e+02
-6.662748995348e+03 3.783711659417e+03 -3.045093813440e+02
-6.661377613547e+03 3.785454669098e+03 -3.127411457311e+02
-6.659998025099e+03 3.787192958857e+03 -3.209725326857e+02
-6.658610232337e+03 3.788926525436e+03 -3.292035322725e+02
-6.657214226485e+03 3.790655385115e+03 -3.374341345564e+02
-6.655810032136e+03 3.792379495581e+03 -3.456643296030e+02
-6.654397640541e+03 3.794098873131e+03 -3.538941074780e+02
-6.652977054075e+03 3.795813514530e+03 -3.621234582478e+02
-6.651548275126e+03 3.797523416551e+03 -3.703523719792e+02
-6.650111306091e+03 3.799228575973e+03 -3.785808387395e+02
-6.648666149377e+03 3.800928989581e+03 -3.868088485964e+02
-6.647212807403e+03 3.802624654164e+03 -3.950363916183e+02
-6.645751271437e+03 3.804315586017e+03 -4.032634578740e+02
-6.644281566234e+03 3.806001742944e+03 -4.114900374329e+02
-6.642803683087e+03 3.807683141255e+03 -4.197161203651e+02
-6.641317624429e+03 3.809359777748e+03 -4.279416967394e+02
-6.639823392718e+03 3.811031649239e+03 -4.361667566261e+02
-6.638320990437e+03 3.812698752555e+03 -4.443912900974e+02
-6.636810420081e+03 3.814361084533e+03 -4.526152872258e+02
-6.635291672958e+03 3.816018661478e+03 -4.608387380848e+02
-6.633764773971e+03 3.817671441301e+03 -4.690616327484e+02
-6.632229714452e+03 3.819319440325e+03 -4.772839612916e+02
-6.630686496939e+03 3.820962655410e+03 -4.855057137898e+02
-6.629135123976e+03 3.822601083420e+03 -4.937268803194e+02
-6.627575598119e+03 3.824234721228e+03 -5.019474509575e+02
-6.626007921936e+03 3.825863565710e+03 -5.101674157821e+02
-6.624432098003e+03 3.827487613751e+03 -5.183867648718e+02
-6.622848117673e+03 3.829106881669e+03 -5.266054883061e+02
-6.621256006006e+03 3.830721327496e+03 -5.348235761655e+02
-6.619655754381e+03 3.832330967569e+03 -5.430410185310e+02
-6.618047365415e+03 3.833935798795e+03 -5.512578054848e+02
-6.616430841736e+03 3.835535818089e+03 -5.594739271096e+02
-6.614806185981e+03 3.837131022372e+03 -5.676893734893e+02
-6.613173400800e+03 3.838721408570e+03 -5.759041347087e+02
-6.611532477583e+03 3.840306993013e+03 -5.841182008533e+02
-6.609883441528e+03 3.841887733842e+03 -5.923315620095e+02
-6.608226284051e+03 3.843463647403e+03 -6.005442082646e+02
-6.606561007841e+03 3.845034730649e+03 -6.087561297068e+02
-6.604887615597e+03 3.846600980536e+03 -6.169673164249e+02
-6.603206110028e+03 3.848162394029e+03 -6.251777585089e+02
-6.601516493853e+03 3.849718968099e+03 -6.333874460494e+02
-6.599818758502e+03 3.851270719084e+03 -6.415963691380e+02
-6.598112929296e+03 3.852817605228e+03 -6.498045178661e+02
-6.596398997660e+03 3.854359642873e+03 -6.580118823241e+02
-6.594676966351e+03 3.855896829010e+03 -6.662184526059e+02
-6.592946838137e+03 3.857429160640e+03 -6.744242188064e+02
-6.591208615795e+03 3.858956634770e+03 -6.826291710215e+02
-6.589462302113e+03 3.860479248411e+03 -6.908332993480e+02
-6.587707899890e+03 3.861996998584e+03 -6.990365938836e+02
-6.585945400598e+03 3.863509901635e+03 -7.072390447271e+02
-6.584174829723e+03 3.865017915946e+03 -7.154406419782e+02
-6.582396178762e+03 3.866521057884e+03 -7.236413757376e+02
-6.580609450555e+03 3.868019324492e+03 -7.318412361069e+02
-6.578814647951e+03 3.869512712820e+03 -7.400402131891e+02
-6.577011773810e+03 3.871001219927e+03 -7.482382970878e+02
-6.575200831001e+03 3.872484842875e+03 -7.564354779078e+02
-6.573381811039e+03 3.873963598020e+03 -7.646317457551e+02
-6.571554739542e+03 3.875437443861e+03 -7.728270907367e+02
-6.569719608047e+03 3.876906396772e+03 -7.810215029605e+02
-6.567876419467e+03 3.878370453841e+03 -7.892149725358e+02
-6.566025176722e+03 3.879829612165e+03 -7.974074895729e+02
-6.564165882743e+03 3.881283868844e+03 -8.055990441831e+02
-6.562298540466e+03 3.882733220982e+03 -8.137896264783e+02
-6.560423152801e+03 3.884177665671e+03 -8.219792265671e+02
-6.558539711304e+03 3.885617219267e+03 -8.301678345634e+02
-6.556648241744e+03 3.887051840412e+03 -8.383554405836e+02
-6.554748735712e+03 3.888481545487e+03 -8.465420347452e+02
-6.552841196202e+03 3.889906331634e+03 -8.547276071669e+02
-6.550925626219e+03 3.891326196000e+03 -8.629121479688e+02
-6.549002028779e+03 3.892741135740e+03 -8.710956472720e+02
-6.547070406907e+03 3.894151148014e+03 -8.792780951992e+02
-6.545130752212e+03 3.895556249192e+03 -8.874594818742e+02
-6.543183090592e+03 3.896956398037e+03 -8.956397974221e+02
-6.541227413680e+03 3.898351610936e+03 -9.038190319695e+02
-6.539263724541e+03 3.899741885076e+03 -9.119971756443e+02
-6.537292026254e+03 3.901127217649e+03 -9.201742185756e+02
-6.535312321905e+03 3.902507605854e+03 -9.283501508940e+02
-6.533324614590e+03 3.903883046897e+03 -9.365249627316e+02
-6.531328895961e+03 3.905253557151e+03 -9.446986442218e+02
-6.529325192045e+03 3.906619095506e+03 -9.528711854993e+02
-6.527313494517e+03 3.907979678354e+03 -9.610425767005e+02
-6.525293806513e+03 3.909335302926e+03 -9.692128079630e+02
-6.523266131182e+03 3.910685966460e+03 -9.773818694261e+02
-6.521230471682e+03 3.912031666201e+03 -9.855497512308e+02
-6.519186831181e+03 3.913372399398e+03 -9.937164435194e+02
-6.517135212855e+03 3.914708163310e+03 -1.001881936436e+03
-6.515075608405e+03 3.916038974315e+03 -1.010046220125e+03
-6.513008044002e+03 3.917364791448e+03 -1.018209284734e+03
-6.510932511370e+03 3.918685631106e+03 -1.026371120410e+03
-6.508849013726e+03 3.920001490572e+03 -1.034531717304e+03
-6.506757554299e+03 3.921312367137e+03 -1.042691065567e+03
-6.504658136327e+03 3.922618258098e+03 -1.050849155352e+03
-6.502550763058e+03 3.923919160756e+03 -1.059005976812e+03
-6.500435426235e+03 3.925215091492e+03 -1.067161520104e+03
-6.498312152154e+03 3.926506009475e+03 -1.075315775385e+03
-6.496180932581e+03 3.927791931103e+03 -1.083468732813e+03
-6.494041770804e+03 3.929072853707e+03 -1.091620382551e+03
-6.491894670123e+03 3.930348774621e+03 -1.099770714758e+03
-6.489739633845e+03 3.931619691187e+03 -1.107919719600e+03
-6.487576665288e+03 3.932885600756e+03 -1.116067387242e+03
-6.485405767782e+03 3.934146500681e+03 -1.124213707850e+03
-6.483226933118e+03 3.935402407345e+03 -1.132358671592e+03
-6.481040187733e+03 3.936653280069e+03 -1.140502268641e+03
-6.478845523443e+03 3.937899135255e+03 -1.148644489166e+03
-6.476642943616e+03 3.939139970285e+03 -1.156785323342e+03
-6.474432451631e+03 3.940375782547e+03 -1.164924761344e+03
-6.472214050873e+03 3.941606569433e+03 -1.173062793348e+03
-6.469987744706e+03 3.942832328324e+03 -1.181199409528e+03
-6.467753524948e+03 3.944053075592e+03 -1.189334600058e+03
-6.465511418156e+03 3.945268770694e+03 -1.197468355123e+03
-6.463261416189e+03 3.946479430031e+03 -1.205600664904e+03
-6.461003522482e+03 3.947685051031e+03 -1.213731519588e+03
-6.458737740484e+03 3.948885631126e+03 -1.221860909361e+03
-6.456464073650e+03 3.950081167756e+03 -1.229988824412e+03
-6.454182525446e+03 3.951271658368e+03 -1.238115254931e+03
-6.451893099350e+03 3.952457100415e+03 -1.246240191112e+03
-6.449595787248e+03 3.953637510279e+03 -1.254363623148e+03
-6.447290615833e+03 3.954812847576e+03 -1.262485541236e+03
-6.444977577015e+03 3.955983128707e+03 -1.270605935573e+03
-6.442656674310e+03 3.957148351152e+03 -1.278724796359e+03
-6.440327911239e+03 3.958308512395e+03 -1.286842113795e+03
-6.437991291330e+03 3.959463609922e+03 -1.294957878084e+03
-6.435646818128e+03 3.960613641233e+03 -1.303072079430e+03
-6.433294483568e+03 3.961758622710e+03 -1.311184708040e+03
-6.430934314459e+03 3.962898514109e+03 -1.319295754126e+03
-6.428566302758e+03 3.964033331833e+03 -1.327405207898e+03
-6.426190452052e+03 3.965163073409e+03 -1.335513059569e+03
-6.423806765938e+03 3.966287736368e+03 -1.343619299356e+03
-6.421415248021e+03 3.967407318252e+03 -1.351723917475e+03
-6.419015901919e+03 3.968521816608e+03 -1.359826904147e+03
-6.416608719612e+03 3.969631247813e+03 -1.367928249593e+03
-6.414193728024e+03 3.970735571771e+03 -1.376027944036e+03
-6.411770919159e+03 3.971834804881e+03 -1.384125977703e+03
-6.409340296674e+03 3.972928944715e+03 -1.392222340820e+03
-6.406901864233e+03 3.974017988855e+03 -1.400317023618e+03
-6.404455625513e+03 3.975101934887e+03 -1.408410016329e+03
-6.402001584199e+03 3.976180780404e+03 -1.416501309186e+03
-6.399539743986e+03 3.977254523007e+03 -1.424590892426e+03
-6.397070096908e+03 3.978323179070e+03 -1.432678756288e+03
-6.394592670021e+03 3.979386708663e+03 -1.440764891010e+03
-6.392107455379e+03 3.980445128181e+03 -1.448849286837e+03
-6.389614456719e+03 3.981498435251e+03 -1.456931934012e+03
-6.387113677783e+03 3.982546627507e+03 -1.465012822783e+03
-6.384605122327e+03 3.983589702589e+03 -1.473091943400e+03
-6.382088794113e+03 3.984627658144e+03 -1.481169286112e+03
-6.379564685222e+03 3.985660510541e+03 -1.489244841174e+03
-6.377032822821e+03 3.986688220002e+03 -1.497318598842e+03
-6.374493199012e+03 3.987710802916e+03 -1.505390549374e+03
-6.371945817598e+03 3.988728256959e+03 -1.513460683029e+03
-6.369390682392e+03 3.989740579809e+03 -1.521528990071e+03
-6.366827797215e+03 3.990747769156e+03 -1.529595460763e+03
-6.364257165900e+03 3.991749822693e+03 -1.537660085374e+03
-6.361678792287e+03 3.992746738121e+03 -1.545722854172e+03
-6.359092668511e+03 3.993738531804e+03 -1.553783757429e+03
-6.356498821864e+03 3.994725164137e+03 -1.561842785418e+03
-6.353897244502e+03 3.995706651504e+03 -1.569899928417e+03
-6.351287940305e+03 3.996682991634e+03 -1.577955176702e+03
-6.348670913164e+03 3.997654182262e+03 -1.586008520556e+03
-6.346046166977e+03 3.998620221129e+03 -1.594059950261e+03
-6.343413705654e+03 3.999581105984e+03 -1.602109456102e+03
-6.340773521376e+03 4.000536853185e+03 -1.610157028368e+03
-6.338125641544e+03 4.001487423282e+03 -1.618202657349e+03
-6.335470058361e+03 4.002432832653e+03 -1.626246333337e+03
-6.332806775774e+03 4.003373079074e+03 -1.634288046627e+03
-6.330135797742e+03 4.004308160328e+03 -1.642327787516e+03
-6.327457128231e+03 4.005238074205e+03 -1.650365546305e+03
-6.324770771217e+03 4.006162818501e+03 -1.658401313296e+03
-6.322076718931e+03 4.007082409568e+03 -1.666435078792e+03
-6.319374998879e+03 4.007996808110e+03 -1.674466833102e+03
-6.316665603311e+03 4.008906030502e+03 -1.682496566534e+03
-6.313948536244e+03 4.009810074566e+03 -1.690524269400e+03
-6.311223801691e+03 4.010708938128e+03 -1.698549932013e+03
-6.308491403683e+03 4.011602619020e+03 -1.706573544688e+03
-6.305751346263e+03 4.012491115089e+03 -1.714595097744e+03
-6.303003633485e+03 4.013374424185e+03 -1.722614581504e+03
-6.300248257634e+03 4.014252562650e+03 -1.730631986291e+03
-6.297485246334e+03 4.015125491372e+03 -1.738647302432e+03
-6.294714591894e+03 4.015993226716e+03 -1.746660520258e+03
-6.291936298404e+03 4.016855766559e+03 -1.754671630099e+03
-6.289150369965e+03 4.017713108787e+03 -1.762680622291e+03
-6.286356810690e+03 4.018565251293e+03 -1.770687487171e+03
-6.283555624697e+03 4.019412191975e+03 -1.778692215079e+03
-6.280746804322e+03 4.020253947167e+03 -1.786694796356e+03
-6.277930377293e+03 4.021090477919e+03 -1.794695221349e+03
-6.275106335964e+03 4.021921800587e+03 -1.802693480404e+03
-6.272274684497e+03 4.022747913096e+03 -1.810689563873e+03
-6.269435427057e+03 4.023568813382e+03 -1.818683462108e+03
-6.266588567824e+03 4.024384499384e+03 -1.826675165465e+03
-6.263734110985e+03 4.025194969049e+03 -1.834664664303e+03
-6.260872060737e+03 4.026000220333e+03 -1.842651948982e+03
-6.258002409467e+03 4.026800269553e+03 -1.850637009866e+03
-6.255125184990e+03 4.027595077932e+03 -1.858619837312e+03
-6.252240379714e+03 4.028384661808e+03 -1.866600421689e+03
-6.249347997875e+03 4.029169019165e+03 -1.874578753369e+03
-6.246448043718e+03 4.029948147993e+03 -1.882554822727e+03
-6.243540521501e+03 4.030722046288e+03 -1.890528620141e+03
-6.240625435487e+03 4.031490712054e+03 -1.898500135992e+03
-6.237702778120e+03 4.032254161602e+03 -1.906469360664e+03
-6.234772577344e+03 4.033012356340e+03 -1.914436284543e+03
-6.231834825623e+03 4.033765312601e+03 -1.922400898020e+03
-6.228889527260e+03 4.034513028416e+03 -1.930363191485e+03
-6.225936686568e+03 4.035255501825e+03 -1.938323155336e+03
-6.222976307868e+03 4.035992730871e+03 -1.946280779968e+03
-6.220008395492e+03 4.036724713608e+03 -1.954236055785e+03
-6.217032953780e+03 4.037451448094e+03 -1.962188973189e+03
-6.214049975236e+03 4.038172950626e+03 -1.970139522587e+03
-6.211059487910e+03 4.038889182806e+03 -1.978087694389e+03
-6.208061484328e+03 4.039600160954e+03 -1.986033479008e+03
-6.205055968867e+03 4.040305883157e+03 -1.993976866860e+03
-6.202042945914e+03 4.041006347508e+03 -2.001917848364e+03
-6.199022419867e+03 4.041701552109e+03 -2.009856413940e+03
-6.195994395133e+03 4.042391495066e+03 -2.017792554014e+03
-6.192958864264e+03 4.043076192665e+03 -2.025726259014e+03
-6.189915855408e+03 4.043755606678e+03 -2.033657519370e+03
-6.186865361140e+03 4.044429753414e+03 -2.041586325516e+03
-6.183807385902e+03 4.045098631007e+03 -2.049512667890e+03
-6.180741934148e+03 4.045762237600e+03 -2.057436536932e+03
-6.177669010339e+03 4.046420571343e+03 -2.065357923083e+03
-6.174588618949e+03 4.047073630393e+03 -2.073276816791e+03
-6.171500752582e+03 4.047721431019e+03 -2.081193208504e+03
-6.168405439477e+03 4.048363935171e+03 -2.089107088675e+03
-6.165302672260e+03 4.049001159141e+03 -2.097018447759e+03
-6.162192455440e+03 4.049633101115e+03 -2.104927276215e+03
-6.159074793535e+03 4.050259759283e+03 -2.112833564504e+03
-6.155949691072e+03 4.050881131845e+03 -2.120737303090e+03
-6.152817152588e+03 4.051497217007e+03 -2.128638482442e+03
-6.149677182629e+03 4.052108012981e+03 -2.136537093031e+03
-6.146529773858e+03 4.052713536020e+03 -2.144433125330e+03
-6.143374954620e+03 4.053313748276e+03 -2.152326569817e+03
-6.140212717599e+03 4.053908666024e+03 -2.160217416973e+03
-6.137043067378e+03 4.054498287507e+03 -2.168105657281e+03
-6.133866008549e+03 4.055082610972e+03 -2.175991281228e+03
-6.130681545712e+03 4.055661634674e+03 -2.183874279304e+03
-6.127489683479e+03 4.056235356876e+03 -2.191754642003e+03
-6.124290414567e+03 4.056803793814e+03 -2.199632359821e+03
-6.121083767406e+03 4.057366907819e+03 -2.207507423259e+03
-6.117869734735e+03 4.057924715153e+03 -2.215379822818e+03
-6.114648321201e+03 4.058477214106e+03 -2.223249549006e+03
-6.111419531459e+03 4.059024402974e+03 -2.231116592332e+03
-6.108183370176e+03 4.059566280064e+03 -2.238980943309e+03
-6.104939842025e+03 4.060102843686e+03 -2.246842592454e+03
-6.101688951691e+03 4.060634092160e+03 -2.254701530286e+03
-6.098430691951e+03 4.061160041703e+03 -2.262557747328e+03
-6.095165091337e+03 4.061680654854e+03 -2.270411234107e+03
-6.091892142639e+03 4.062195947852e+03 -2.278261981149e+03
-6.088611850552e+03 4.062705919027e+03 -2.286109978979e+03
-6.085324219803e+03 4.063210566729e+03 -2.293955218131e+03
-6.082029255128e+03 4.063709889320e+03 -2.301797689144e+03
-6.078726961274e+03 4.064203885168e+03 -2.309637382561e+03
-6.075417331073e+03 4.064692570472e+03 -2.317474288928e+03
-6.072100393138e+03 4.065175907955e+03 -2.325308398796e+03
-6.068776140321e+03 4.065653913843e+03 -2.333139702717e+03
-6.065444577404e+03 4.066126586530e+03 -2.340968191248e+03
-6.062105709180e+03 4.066593924421e+03 -2.348793854949e+03
-6.058759540451e+03 4.067055925926e+03 -2.356616684383e+03
-6.055406076028e+03 4.067512589463e+03 -2.364436670118e+03
-6.052045308795e+03 4.067963931214e+03 -2.372253802723e+03
-6.048677267451e+03 4.068409914088e+03 -2.380068072774e+03
-6.045301944899e+03 4.068850554292e+03 -2.387879470847e+03
-6.041919345987e+03 4.069285850271e+03 -2.395687987525e+03
-6.038529475570e+03 4.069715800480e+03 -2.403493613390e+03
-6.035132338515e+03 4.070140403379e+03 -2.411296339033e+03
-6.031727939688e+03 4.070559657431e+03 -2.419096155041e+03
-6.028316283941e+03 4.070973561090e+03 -2.426893051998e+03
-6.024897364219e+03 4.071382130514e+03 -2.434687020501e+03
-6.021471209313e+03 4.071785328830e+03 -2.442478051154e+03
-6.018037812192e+03 4.072183172222e+03 -2.450266134563e+03
-6.014597177775e+03 4.072575659194e+03 -2.458051261338e+03
-6.011149310992e+03 4.072962788258e+03 -2.465833422094e+03
-6.007694216782e+03 4.073344557934e+03 -2.473612607447e+03
-6.004231900093e+03 4.073720966746e+03 -2.481388808020e+03
-6.000762353928e+03 4.074092030835e+03 -2.489162014437e+03
-5.997285607157e+03 4.074457713520e+03 -2.496932217326e+03
-5.993801652804e+03 4.074818030963e+03 -2.504699407321e+03
-5.990310495851e+03 4.075172981721e+03 -2.512463575057e+03
-5.986812141293e+03 4.075522564355e+03 -2.520224711175e+03
-5.983306594129e+03 4.075866777435e+03 -2.527982806318e+03
-5.979793859372e+03 4.076205619538e+03 -2.535737851134e+03
-5.976273942039e+03 4.076539089247e+03 -2.543489836273e+03
-5.972746835200e+03 4.076867202676e+03 -2.551238752391e+03
-5.969212567811e+03 4.077189923368e+03 -2.558984590147e+03
-5.965671132960e+03 4.077507267461e+03 -2.566727340203e+03
-5.962122535702e+03 4.077819233568e+03 -2.574466993227e+03
-5.958566781101e+03 4.078125820309e+03 -2.582203539887e+03
-5.955003874230e+03 4.078427026311e+03 -2.589936970859e+03
-5.951433820171e+03 4.078722850208e+03 -2.597667276821e+03
-5.947856612048e+03 4.079013308092e+03 -2.605394448453e+03
-5.944272278894e+03 4.079298363701e+03 -2.613118476444e+03
-5.940680813851e+03 4.079578033151e+03 -2.620839351482e+03
-5.937082222037e+03 4.079852315106e+03 -2.628557064261e+03
-5.933476508578e+03 4.080121208236e+03 -2.636271605478e+03
-5.929863678608e+03 4.080384711218e+03 -2.643982965836e+03
-5.926243737273e+03 4.080642822739e+03 -2.651691136041e+03
-5.922616689724e+03 4.080895541489e+03 -2.659396106800e+03
-5.918982529150e+03 4.081142883535e+03 -2.667097868829e+03
-5.915341284667e+03 4.081384812840e+03 -2.674796412844e+03
-5.911692949482e+03 4.081621345495e+03 -2.682491729566e+03
-5.908037528783e+03 4.081852480223e+03 -2.690183809722e+03
-5.904375027766e+03 4.082078215750e+03 -2.697872644041e+03
-5.900705451637e+03 4.082298550812e+03 -2.705558223256e+03
-5.897028805611e+03 4.082513484154e+03 -2.713240538104e+03
-5.893345082932e+03 4.082723031816e+03 -2.720919579327e+03
-5.889654312788e+03 4.082927157963e+03 -2.728595337671e+03
-5.885956488441e+03 4.083125878662e+03 -2.736267803885e+03
-5.882251615142e+03 4.083319192686e+03 -2.743936968724e+03
-5.878539698148e+03 4.083507098813e+03 -2.751602822944e+03
-5.874820742726e+03 4.083689595830e+03 -2.759265357307e+03
-5.871094754152e+03 4.083866682533e+03 -2.766924562580e+03
-5.867361725727e+03 4.084038374935e+03 -2.774580429533e+03
-5.863621686708e+03 4.084204637407e+03 -2.782232948940e+03
-5.859874630415e+03 4.084365485990e+03 -2.789882111579e+03
-5.856120562159e+03 4.084520919507e+03 -2.797527908233e+03
-5.852359487258e+03 4.084670936789e+03 -2.805170329689e+03
-5.848591411040e+03 4.084815536674e+03 -2.812809366736e+03
-5.844816338842e+03 4.084954718006e+03 -2.820445010172e+03
-5.841034276008e+03 4.085088479639e+03 -2.828077250794e+03
-5.837245215906e+03 4.085216837558e+03 -2.835706079406e+03
-5.833449187869e+03 4.085339756367e+03 -2.843331486817e+03
-5.829646185284e+03 4.085457252079e+03 -2.850953463837e+03
-5.825836213529e+03 4.085569323575e+03 -2.858572001283e+03
-5.822019277992e+03 4.085675969744e+03 -2.866187089975e+03
-5.818195384071e+03 4.085777189482e+03 -2.873798720738e+03
-5.814364537170e+03 4.085872981694e+03 -2.881406884402e+03
-5.810526730717e+03 4.085963362337e+03 -2.889011571798e+03
-5.806681994108e+03 4.086048296225e+03 -2.896612773765e+03
-5.802830320787e+03 4.086127799342e+03 -2.904210481145e+03
-5.798971716194e+03 4.086201870621e+03 -2.911804684784e+03
-5.795106185777e+03 4.086270509003e+03 -2.919395375533e+03
-5.791233734993e+03 4.086333713435e+03 -2.926982544245e+03
-5.787354369307e+03 4.086391482872e+03 -2.934566181781e+03
-5.783468094193e+03 4.086443816278e+03 -2.942146279003e+03
-5.779574903145e+03 4.086490729578e+03 -2.949722826781e+03
-5.775674825630e+03 4.086532187826e+03 -2.957295815986e+03
-5.771767855161e+03 4.086568206973e+03 -2.964865237495e+03
-5.767853997245e+03 4.086598786012e+03 -2.972431082189e+03
-5.763933257397e+03 4.086623923942e+03 -2.979993340955e+03
-5.760005641144e+03 4.086643619769e+03 -2.987552004680e+03
-5.756071154018e+03 4.086657872509e+03 -2.995107064262e+03
-5.752129789572e+03 4.086666698057e+03 -3.002658510597e+03
-5.748181577336e+03 4.086670061680e+03 -3.010206334590e+03
-5.744226510878e+03 4.086667979300e+03 -3.017750527149e+03
-5.740264595767e+03 4.086660449962e+03 -3.025291079186e+03
-5.736295837577e+03 4.086647472716e+03 -3.032827981617e+03
-5.732320241893e+03 4.086629046620e+03 -3.040361225365e+03
-5.728337814307e+03 4.086605170740e+03 -3.047890801354e+03
-5.724348560421e+03 4.086575844149e+03 -3.055416700517e+03
-5.720352473846e+03 4.086541082704e+03 -3.062938913782e+03
-5.716349584152e+03 4.086500851896e+03 -3.070457432075e+03
-5.712339884969e+03 4.086455167610e+03 -3.077972246337e+03
-5.708323381925e+03 4.086404028944e+03 -3.085483347513e+03
-5.704300080665e+03 4.086347435008e+03 -3.092990726557e+03
-5.700269986839e+03 4.086285384919e+03 -3.100494374425e+03
-5.696233106107e+03 4.086217877802e+03 -3.107994282081e+03
-5.692189432149e+03 4.086144929488e+03 -3.115490440491e+03
-5.688138994617e+03 4.086066505706e+03 -3.122982840627e+03
-5.684081787208e+03 4.085982622312e+03 -3.130471473465e+03
-5.680017815616e+03 4.085893278462e+03 -3.137956329986e+03
-5.675947085541e+03 4.085798473318e+03 -3.145437401175e+03
-5.671869602693e+03 4.085698206047e+03 -3.152914678024e+03
-5.667785372791e+03 4.085592475826e+03 -3.160388151527e+03
-5.663694389574e+03 4.085481298456e+03 -3.167857812683e+03
-5.659596682750e+03 4.085364639882e+03 -3.175323652498e+03
-5.655492246076e+03 4.085242515933e+03 -3.182785661979e+03
-5.651381085302e+03 4.085114925813e+03 -3.190243832143e+03
-5.647263206189e+03 4.084981868736e+03 -3.197698154006e+03
-5.643138614504e+03 4.084843343923e+03 -3.205148618592e+03
-5.639007316024e+03 4.084699350603e+03 -3.212595216931e+03
-5.634869316532e+03 4.084549888010e+03 -3.220037940054e+03
-5.630724609839e+03 4.084394971909e+03 -3.227476778999e+03
-5.626573225712e+03 4.084234568497e+03 -3.234911724810e+03
-5.622415157976e+03 4.084068693565e+03 -3.242342768534e+03
-5.618250412449e+03 4.083897346377e+03 -3.249769901223e+03
-5.614078994956e+03 4.083720526208e+03 -3.257193113934e+03
-5.609900911331e+03 4.083538232337e+03 -3.264612397730e+03
-5.605716167416e+03 4.083350464052e+03 -3.272027743677e+03
-5.601524757082e+03 4.083157237082e+03 -3.279439142847e+03
-5.597326710146e+03 4.082958517849e+03 -3.286846586317e+03
-5.593122020495e+03 4.082754322110e+03 -3.294250065168e+03
-5.588910694004e+03 4.082544649182e+03 -3.301649570488e+03
-5.584692736554e+03 4.082329498390e+03 -3.309045093367e+03
-5.580468154038e+03 4.082108869067e+03 -3.316436624901e+03
-5.576236952354e+03 4.081882760551e+03 -3.323824156194e+03
-5.571999137410e+03 4.081651172192e+03 -3.331207678349e+03
-5.567754703146e+03 4.081414119678e+03 -3.338587182479e+03
-5.563503679434e+03 4.081171569689e+03 -3.345962659701e+03
-5.559246060233e+03 4.080923537942e+03 -3.353334101134e+03
-5.554981851480e+03 4.080670023814e+03 -3.360701497906e+03
-5.550711059125e+03 4.080411026690e+03 -3.368064841147e+03
-5.546433689122e+03 4.080146545963e+03 -3.375424121994e+03
-5.542149747435e+03 4.079876581031e+03 -3.382779331588e+03
-5.537859228068e+03 4.079601147548e+03 -3.390130461076e+03
-5.533562160938e+03 4.079320212422e+03 -3.397477501608e+03
-5.529258540065e+03 4.079033791334e+03 -3.404820444341e+03
-5.524948371444e+03 4.078741883714e+03 -3.412159280436e+03
-5.520631661079e+03 4.078444488999e+03 -3.419494001060e+03
-5.516308414982e+03 4.078141606632e+03 -3.426824597384e+03
-5.511978639173e+03 4.077833236065e+03 -3.434151060585e+03
-5.507642327718e+03 4.077519392916e+03 -3.441473381845e+03
-5.503299510578e+03 4.077200044322e+03 -3.448791552351e+03
-5.498950181835e+03 4.076875205928e+03 -3.456105563295e+03
-5.494594347539e+03 4.076544877216e+03 -3.463415405874e+03
-5.490232013751e+03 4.076209057675e+03 -3.470721071290e+03
-5.485863186539e+03 4.075867746802e+03 -3.478022550751e+03
-5.481487871978e+03 4.075520944100e+03 -3.485319835470e+03
-5.477106076151e+03 4.075168649081e+03 -3.492612916664e+03
-5.472717793197e+03 4.074810877321e+03 -3.499901785557e+03
-5.468323053124e+03 4.074447596221e+03 -3.507186433377e+03
-5.463921850085e+03 4.074078821383e+03 -3.514466851357e+03
-5.459514190194e+03 4.073704552350e+03 -3.521743030737e+03
-5.455100079576e+03 4.073324788670e+03 -3.529014962759e+03
-5.450679524360e+03 4.072939529901e+03 -3.536282638675e+03
-5.446252530686e+03 4.072548775605e+03 -3.543546049737e+03
-5.441819092753e+03 4.072152541321e+03 -3.550805187205e+03
-5.437379240612e+03 4.071750794684e+03 -3.558060042346e+03
-5.432932968476e+03 4.071343551257e+03 -3.565310606429e+03
-5.428480282516e+03 4.070930810637e+03 -3.572556870729e+03
-5.424021188910e+03 4.070512572423e+03 -3.579798826529e+03
-5.419555693844e+03 4.070088836227e+03 -3.587036465113e+03
-5.415083803511e+03 4.069659601663e+03 -3.594269777774e+03
-5.410605524114e+03 4.069224868356e+03 -3.601498755809e+03
-5.406120849923e+03 4.068784651800e+03 -3.608723390520e+03
-5.401629811033e+03 4.068338919897e+03 -3.615943673215e+03
-5.397132401729e+03 4.067887688170e+03 -3.623159595206e+03
-5.392628628245e+03 4.067430956272e+03 -3.630371147813e+03
-5.388118496819e+03 4.066968723865e+03 -3.637578322359e+03
-5.383602013702e+03 4.066500990619e+03 -3.644781110174e+03
-5.379079185148e+03 4.066027756210e+03 -3.651979502592e+03
-5.374550005493e+03 4.065549036092e+03 -3.659173490954e+03
-5.370014504865e+03 4.065064798406e+03 -3.666363066604e+03
-5.365472677615e+03 4.064575058633e+03 -3.673548220895e+03
-5.360924530030e+03 4.064079816480e+03 -3.680728945182e+03
-5.356370068402e+03 4.063579071663e+03 -3.687905230828e+03
-5.351809299036e+03 4.063072823903e+03 -3.695077069200e+03
-5.347242228240e+03 4.062561072929e+03 -3.702244451671e+03
-5.342668862333e+03 4.062043818480e+03 -3.709407369619e+03
-5.338089195722e+03 4.061521075960e+03 -3.716565814429e+03
-5.333503258575e+03 4.060992813787e+03 -3.723719777491e+03
-5.328911045315e+03 4.060459047395e+03 -3.730869250198e+03
-5.324312562289e+03 4.059919776551e+03 -3.738014223952e+03
-5.319707815854e+03 4.059375001031e+03 -3.745154690159e+03
-5.315096812372e+03 4.058824720616e+03 -3.752290640231e+03
-5.310479558214e+03 4.058268935097e+03 -3.759422065585e+03
-5.305856047855e+03 4.057707659838e+03 -3.766548957645e+03
-5.301226311492e+03 4.057140863498e+03 -3.773671307837e+03
-5.296590343612e+03 4.056568561469e+03 -3.780789107598e+03
-5.291948150616e+03 4.055990753571e+03 -3.787902348366e+03
-5.287299738913e+03 4.055407439633e+03 -3.795011021587e+03
-5.282645114920e+03 4.054818619490e+03 -3.802115118712e+03
-5.277984285060e+03 4.054224292984e+03 -3.809214631197e+03
-5.273317243873e+03 4.053624475438e+03 -3.816309550506e+03
-5.268644021584e+03 4.053019135754e+03 -3.823399868106e+03
-5.263964612746e+03 4.052408289281e+03 -3.830485575471e+03
-5.259279023813e+03 4.051791935894e+03 -3.837566664081e+03
-5.254587261247e+03 4.051170075473e+03 -3.844643125420e+03
-5.249889331516e+03 4.050542707905e+03 -3.851714950980e+03
-5.245185241097e+03 4.049909833089e+03 -3.858782132256e+03
-5.240474996475e+03 4.049271450926e+03 -3.865844660753e+03
-5.235758592262e+03 4.048627576688e+03 -3.872902527976e+03
-5.231036058716e+03 4.047978179559e+03 -3.879955725442e+03
-5.226307390463e+03 4.047323274839e+03 -3.887004244668e+03
-5.221572594016e+03 4.046662862462e+03 -3.894048077181e+03
-5.216831675878e+03 4.045996942354e+03 -3.901087214496e+03
-5.212084642568e+03 4.045325514457e+03 -3.908121648145e+03
-5.207331500618e+03 4.044648578724e+03 -3.915151369666e+03
-5.202572244706e+03 4.043966150381e+03 -3.922176370608e+03
-5.197806905115e+03 4.043278198860e+03 -3.929196642524e+03
-5.193035476536e+03 4.042584739417e+03 -3.936212176977e+03
-5.188257965536e+03 4.041885772040e+03 -3.943222965531e+03
-5.183474378689e+03 4.041181296723e+03 -3.950228999760e+03
-5.178684722575e+03 4.040471313468e+03 -3.957230271241e+03
-5.173889003782e+03 4.039755822285e+03 -3.964226771558e+03
-5.169087228907e+03 4.039034823192e+03 -3.971218492302e+03
-5.164279392703e+03 4.038308331363e+03 -3.978205425069e+03
-5.159465525480e+03 4.037576316517e+03 -3.985187561459e+03
-5.154645622005e+03 4.036838793857e+03 -3.992164893081e+03
-5.149819688902e+03 4.036095763431e+03 -3.999137411549e+03
-5.144987732804e+03 4.035347225296e+03 -4.006105108481e+03
-5.140149760351e+03 4.034593179513e+03 -4.013067975505e+03
-5.135305778188e+03 4.033833626153e+03 -4.020026004251e+03
-5.130455781138e+03 4.033068580346e+03 -4.026979186356e+03
-5.125599799529e+03 4.032298012060e+03 -4.033927513465e+03
-5.120737828195e+03 4.031521936454e+03 -4.040870977228e+03
-5.115869873811e+03 4.030740353629e+03 -4.047809569298e+03
-5.110995943061e+03 4.029953263693e+03 -4.054743281339e+03
-5.106116042636e+03 4.029160666762e+03 -4.061672105018e+03
-5.101230179231e+03 4.028362562960e+03 -4.068596032008e+03
-5.096338347736e+03 4.027558967369e+03 -4.075515053990e+03
-5.091440578497e+03 4.026749850212e+03 -4.082429162650e+03
-5.086536866415e+03 4.025935226599e+03 -4.089338349678e+03
-5.081627218217e+03 4.025115096685e+03 -4.096242606774e+03
-5.076711640634e+03 4.024289460631e+03 -4.103141925641e+03
-5.071790140408e+03 4.023458318607e+03 -4.110036297990e+03
-5.066862724287e+03 4.022621670789e+03 -4.116925715538e+03
-5.061929399024e+03 4.021779517362e+03 -4.123810170006e+03
-5.056990159586e+03 4.020931873353e+03 -4.130689653124e+03
-5.052045036337e+03 4.020078709275e+03 -4.137564156626e+03
-5.047094024254e+03 4.019220040186e+03 -4.144433672254e+03
-5.042137130121e+03 4.018355866301e+03 -4.151298191754e+03
-5.037174360727e+03 4.017486187841e+03 -4.158157706880e+03
-5.032205722869e+03 4.016611005038e+03 -4.165012209391e+03
-5.027231223354e+03 4.015730318127e+03 -4.171861691054e+03
-5.022250857212e+03 4.014844142090e+03 -4.178706143640e+03
-5.017264654822e+03 4.013952447695e+03 -4.185545558927e+03
-5.012272611230e+03 4.013055249951e+03 -4.192379928699e+03
-5.007274733267e+03 4.012152549127e+03 -4.199209244748e+03
-5.002271027774e+03 4.011244345498e+03 -4.206033498870e+03
-4.997261501596e+03 4.010330639347e+03 -4.212852682868e+03
-4.992246161587e+03 4.009411430965e+03 -4.219666788552e+03
-4.987225014608e+03 4.008486720650e+03 -4.226475807738e+03
-4.982198055769e+03 4.007556523326e+03 -4.233279732247e+03
-4.977165315462e+03 4.006620810057e+03 -4.240078553908e+03
-4.972126788809e+03 4.005679595796e+03 -4.246872264555e+03
-4.967082482698e+03 4.004732880873e+03 -4.253660856029e+03
-4.962032404024e+03 4.003780665623e+03 -4.260444320177e+03
-4.956976559690e+03 4.002822950391e+03 -4.267222648854e+03
-4.951914956605e+03 4.001859735528e+03 -4.273995833919e+03
-4.946847589947e+03 4.000891035906e+03 -4.280763867238e+03
-4.941774490118e+03 3.999916822853e+03 -4.287526740684e+03
-4.936695652307e+03 3.998937111269e+03 -4.294284446136e+03
-4.931611083451e+03 3.997951901538e+03 -4.301036975479e+03
-4.926520790494e+03 3.996961194048e+03 -4.307784320605e+03
-4.921424780387e+03 3.995964989198e+03 -4.314526473414e+03
-4.916323060086e+03 3.994963287393e+03 -4.321263425808e+03
-4.911215636556e+03 3.993956089044e+03 -4.327995169699e+03
-4.906102505054e+03 3.992943408966e+03 -4.334721697005e+03
-4.900983695989e+03 3.991925218785e+03 -4.341442999650e+03
-4.895859204630e+03 3.990901533344e+03 -4.348159069564e+03
-4.890729037966e+03 3.989872353087e+03 -4.354869898684e+03
-4.885593202998e+03 3.988837678464e+03 -4.361575478953e+03
-4.880451706729e+03 3.987797509934e+03 -4.368275802322e+03
-4.875304556173e+03 3.986751847962e+03 -4.374970860746e+03
-4.870151746653e+03 3.985700707311e+03 -4.381660646189e+03
-4.864993308586e+03 3.984644059871e+03 -4.388345150620e+03
-4.859829237306e+03 3.983581920432e+03 -4.395024366014e+03
-4.854659539854e+03 3.982514289492e+03 -4.401698284355e+03
-4.849484223275e+03 3.981441167555e+03 -4.408366897631e+03
-4.844303294620e+03 3.980362555133e+03 -4.415030197839e+03
-4.839116760950e+03 3.979278452744e+03 -4.421688176979e+03
-4.833924617658e+03 3.978188875099e+03 -4.428340827061e+03
-4.828726895162e+03 3.977093794351e+03 -4.434988140100e+03
-4.823523588868e+03 3.975993225242e+03 -4.441630108118e+03
-4.818314705862e+03 3.974887168319e+03 -4.448266723144e+03
-4.813100253234e+03 3.973775624142e+03 -4.454897977212e+03
-4.807880238086e+03 3.972658593275e+03 -4.461523862365e+03
-4.802654667521e+03 3.971536076291e+03 -4.468144370651e+03
-4.797423548654e+03 3.970408073770e+03 -4.474759494125e+03
-4.792186876957e+03 3.969274600360e+03 -4.481369224848e+03
-4.786944682849e+03 3.968135628522e+03 -4.487973554889e+03
-4.781696961815e+03 3.966991172934e+03 -4.494572476324e+03
-4.776443720993e+03 3.965841234206e+03 -4.501165981233e+03
-4.771184967529e+03 3.964685812959e+03 -4.507754061705e+03
-4.765920708574e+03 3.963524909816e+03 -4.514336709836e+03
-4.760650951287e+03 3.962358525414e+03 -4.520913917728e+03
-4.755375691211e+03 3.961186674343e+03 -4.527485677488e+03
-4.750094958765e+03 3.960009329336e+03 -4.534051981232e+03
-4.744808749501e+03 3.958826505015e+03 -4.540612821083e+03
-4.739517070604e+03 3.957638202044e+03 -4.547168189169e+03
-4.734219929265e+03 3.956444421097e+03 -4.553718077625e+03
-4.728917332682e+03 3.955245162851e+03 -4.560262478595e+03
-4.723609288059e+03 3.954040427995e+03 -4.566801384227e+03
-4.718295802606e+03 3.952830217224e+03 -4.573334786677e+03
-4.712976871947e+03 3.951614545066e+03 -4.579862678109e+03
-4.707652526496e+03 3.950393384562e+03 -4.586385050691e+03
-4.702322761886e+03 3.949166750273e+03 -4.592901896600e+03
-4.696987585353e+03 3.947934642924e+03 -4.599413208019e+03
-4.691647004139e+03 3.946697063248e+03 -4.605918977139e+03
-4.686301025495e+03 3.945454011985e+03 -4.612419196156e+03
-4.680949656676e+03 3.944205489884e+03 -4.618913857274e+03
-4.675592893376e+03 3.942951511418e+03 -4.625402952703e+03
-4.670230766002e+03 3.941692049900e+03 -4.631886474663e+03
-4.664863270258e+03 3.940427119834e+03 -4.638364415375e+03
-4.659490413426e+03 3.939156722000e+03 -4.644836767074e+03
-4.654112202792e+03 3.937880857182e+03 -4.651303521995e+03
-4.648728645650e+03 3.936599526177e+03 -4.657764672385e+03
-4.643339749302e+03 3.935312729785e+03 -4.664220210496e+03
-4.637945509510e+03 3.934020482422e+03 -4.670670128587e+03
-4.632545956676e+03 3.932722757675e+03 -4.677114418923e+03
-4.627141086573e+03 3.931419569993e+03 -4.683553073778e+03
-4.621730906527e+03 3.930110920207e+03 -4.689986085432e+03
-4.616315423869e+03 3.928796809157e+03 -4.696413446172e+03
-4.610894645937e+03 3.927477237691e+03 -4.702835148291e+03
-4.605468580076e+03 3.926152206663e+03 -4.709251184091e+03
-4.600037233635e+03 3.924821716937e+03 -4.715661545879e+03
-4.594600602462e+03 3.923485782863e+03 -4.722066225971e+03
-4.589158716944e+03 3.922144378342e+03 -4.728465216688e+03
-4.583711572936e+03 3.920797517756e+03 -4.734858510359e+03
-4.578259177813e+03 3.919445202000e+03 -4.741246099320e+03
-4.572801538958e+03 3.918087431973e+03 -4.747627975916e+03
-4.567338663757e+03 3.916724208583e+03 -4.754004132494e+03
-4.561870559605e+03 3.915355532749e+03 -4.760374561414e+03
-4.556397222419e+03 3.913981418759e+03 -4.766739255039e+03
-4.550918682575e+03 3.912601840796e+03 -4.773098205741e+03
-4.545434935999e+03 3.911216813181e+03 -4.779451405898e+03
-4.539945990110e+03 3.909826336860e+03 -4.785798847896e+03
-4.534451852332e+03 3.908430412790e+03 -4.792140524127e+03
-4.528952530096e+03 3.907029041930e+03 -4.798476426992e+03
-4.523448030839e+03 3.905622225252e+03 -4.804806548898e+03
-4.517938362004e+03 3.904209963731e+03 -4.811130882258e+03
-4.512423519591e+03 3.902792271593e+03 -4.817449419495e+03
-4.506903533959e+03 3.901369123334e+03 -4.823762153037e+03
-4.501378401114e+03 3.899940533211e+03 -4.830069075319e+03
-4.495848128525e+03 3.898506502231e+03 -4.836370178784e+03
-4.490312723665e+03 3.897067031410e+03 -4.842665455882e+03
-4.484772194014e+03 3.895622121769e+03 -4.848954899072e+03
-4.479226547056e+03 3.894171774341e+03 -4.855238500817e+03
-4.473675778862e+03 3.892716003288e+03 -4.861516253588e+03
-4.468119919777e+03 3.891254783389e+03 -4.867788149866e+03
-4.462558965874e+03 3.889788128837e+03 -4.874054182132e+03
-4.456992924650e+03 3.888316040679e+03 -4.880314342864e+03
-4.451421803620e+03 3.886838519986e+03 -4.886568624564e+03
-4.445845610304e+03 3.885355567832e+03 -4.892817019738e+03
-4.440264352231e+03 3.883867185302e+03 -4.899059520902e+03
-4.434678036935e+03 3.882373373487e+03 -4.905296120580e+03
-4.429086660568e+03 3.880874146482e+03 -4.911526811300e+03
-4.423490253453e+03 3.879369479387e+03 -4.917751585601e+03
-4.417888811750e+03 3.877859386330e+03 -4.923970436026e+03
-4.412282343009e+03 3.876343868424e+03 -4.930183355121e+03
-4.406670854786e+03 3.874822926793e+03 -4.936390335434e+03
-4.401054354649e+03 3.873296562575e+03 -4.942591369533e+03
-4.395432850174e+03 3.871764776913e+03 -4.948786449991e+03
-4.389806337585e+03 3.870227583841e+03 -4.954975569390e+03
-4.384174847184e+03 3.868684958742e+03 -4.961158720319e+03
-4.378538375204e+03 3.867136915682e+03 -4.967335895373e+03
-4.372896929242e+03 3.865583455835e+03 -4.973507087156e+03
-4.367250516904e+03 3.864024580384e+03 -4.979672288278e+03
-4.361599145799e+03 3.862460290520e+03 -4.985831491359e+03
-4.355942823542e+03 3.860890587442e+03 -4.991984689023e+03
-4.350281546433e+03 3.859315485118e+03 -4.998131873904e+03
-4.344615344748e+03 3.857734959219e+03 -5.004273038643e+03
-4.338944214793e+03 3.856149023747e+03 -5.010408175887e+03
-4.333268164207e+03 3.854557679929e+03 -5.016537278292e+03
-4.327587200635e+03 3.852960929002e+03 -5.022660338521e+03
-4.321901331726e+03 3.851358772210e+03 -5.028777349244e+03
-4.316210565137e+03 3.849751210806e+03 -5.034888303140e+03
-4.310514908529e+03 3.848138246047e+03 -5.040993192894e+03
-4.304814358284e+03 3.846519891831e+03 -5.047092011199e+03
-4.299108944651e+03 3.844896124156e+03 -5.053184750754e+03
-4.293398664019e+03 3.843266956950e+03 -5.059271404270e+03
-4.287683524071e+03 3.841632391503e+03 -5.065351964459e+03
-4.281963532499e+03 3.839992429113e+03 -5.071426424047e+03
-4.276238696996e+03 3.838347071083e+03 -5.077494775763e+03
-4.270509025266e+03 3.836696318728e+03 -5.083557012346e+03
-4.264774513763e+03 3.835040185878e+03 -5.089613126542e+03
-4.259035192709e+03 3.833378648821e+03 -5.095663111103e+03
-4.253291058563e+03 3.831711721420e+03 -5.101706958791e+03
-4.247542119052e+03 3.830039405019e+03 -5.107744662374e+03
-4.241788381903e+03 3.828361700968e+03 -5.113776214629e+03
-4.236029854852e+03 3.826678610625e+03 -5.119801608339e+03
-4.230266545640e+03 3.824990135356e+03 -5.125820836296e+03
-4.224498462012e+03 3.823296276535e+03 -5.131833891298e+03
-4.218725600508e+03 3.821597047918e+03 -5.137840766152e+03
-4.212947991314e+03 3.819892426124e+03 -5.143841453673e+03
-4.207165630975e+03 3.818182424942e+03 -5.149835946683e+03
-4.201378527261e+03 3.816467045776e+03 -5.155824238011e+03
-4.195586687945e+03 3.814746290038e+03 -5.161806320495e+03
-4.189790120805e+03 3.813020159146e+03 -5.167782186979e+03
-4.183988833626e+03 3.811288654526e+03 -5.173751830317e+03
-4.178182823022e+03 3.809551789870e+03 -5.179715243369e+03
-4.172372119147e+03 3.807809542088e+03 -5.185672419003e+03
-4.166556718619e+03 3.806061924903e+03 -5.191623350094e+03
-4.160736629246e+03 3.804308939772e+03 -5.197568029527e+03
-4.154911858839e+03 3.802550588159e+03 -5.203506450193e+03
-4.149082415215e+03 3.800786871536e+03 -5.209438604991e+03
-4.143248306196e+03 3.799017791383e+03 -5.215364486827e+03
-4.137409528471e+03 3.797243361325e+03 -5.221284088617e+03
-4.131566112159e+03 3.795463558563e+03 -5.227197403283e+03
-4.125718053953e+03 3.793678396755e+03 -5.233104423755e+03
-4.119865361697e+03 3.791887877410e+03 -5.239005142971e+03
-4.114008043241e+03 3.790092002047e+03 -5.244899553876e+03
-4.108146106438e+03 3.788290772189e+03 -5.250787649425e+03
-4.102279559150e+03 3.786484189370e+03 -5.256669422578e+03
-4.096408409241e+03 3.784672255129e+03 -5.262544866305e+03
-4.090532653485e+03 3.782854983016e+03 -5.268413973584e+03
-4.084652321958e+03 3.781032350566e+03 -5.274276737398e+03
-4.078767411439e+03 3.779204371361e+03 -5.280133150741e+03
-4.072877929814e+03 3.777371046971e+03 -5.285983206613e+03
-4.066983884975e+03 3.775532378974e+03 -5.291826898023e+03
-4.061085284819e+03 3.773688368955e+03 -5.297664217987e+03
-4.055182137248e+03 3.771839018508e+03 -5.303495159530e+03
-4.049274439109e+03 3.769984341113e+03 -5.309319715683e+03
-4.043362220441e+03 3.768124314602e+03 -5.315137879487e+03
-4.037445478096e+03 3.766258952487e+03 -5.320949643990e+03
-4.031524219997e+03 3.764388256392e+03 -5.326755002247e+03
-4.025598454073e+03 3.762512227948e+03 -5.332553947323e+03
-4.019668188256e+03 3.760630868793e+03 -5.338346472289e+03
-4.013733430486e+03 3.758744180573e+03 -5.344132570225e+03
-4.007794188706e+03 3.756852164943e+03 -5.349912234219e+03
-4.001850459848e+03 3.754954835303e+03 -5.355685457366e+03
-3.995902273905e+03 3.753052169824e+03 -5.361452232770e+03
-3.989949627814e+03 3.751144181941e+03 -5.367212553542e+03
-3.983992529539e+03 3.749230873336e+03 -5.372966412803e+03
-3.978030987049e+03 3.747312245702e+03 -5.378713803680e+03
-3.972065008318e+03 3.745388300737e+03 -5.384454719308e+03
-3.966094601327e+03 3.743459040148e+03 -5.390189152831e+03
-3.960119763082e+03 3.741524477268e+03 -5.395917097401e+03
-3.954140523532e+03 3.739584590563e+03 -5.401638546177e+03
-3.948156879690e+03 3.737639393398e+03 -5.407353492327e+03
-3.942168839555e+03 3.735688887511e+03 -5.413061929027e+03
-3.936176411131e+03 3.733733074645e+03 -5.418763849461e+03
-3.930179602428e+03 3.731771956552e+03 -5.424459246821e+03
-3.924178421461e+03 3.729805534992e+03 -5.430148114306e+03
-3.918172876248e+03 3.727833811730e+03 -5.435830445126e+03
-3.912162963884e+03 3.725856800020e+03 -5.441506232495e+03
-3.906148714266e+03 3.723874478670e+03 -5.447175469638e+03
-3.900130124490e+03 3.721886860965e+03 -5.452838149787e+03
-3.894107202596e+03 3.719893948700e+03 -5.458494266182e+03
-3.888079956628e+03 3.717895743680e+03 -5.464143812073e+03
-3.882048394635e+03 3.715892247718e+03 -5.469786780714e+03
-3.876012524671e+03 3.713883462632e+03 -5.475423165373e+03
-3.869972343905e+03 3.711869401605e+03 -5.481052959321e+03
-3.863927882186e+03 3.709850043745e+03 -5.486676155841e+03
-3.857879136689e+03 3.707825402265e+03 -5.492292748220e+03
-3.851826115485e+03 3.705795479015e+03 -5.497902729758e+03
-3.845768826653e+03 3.703760275853e+03 -5.503506093760e+03
-3.839707278277e+03 3.701719794643e+03 -5.509102833540e+03
-3.833641478445e+03 3.699674037257e+03 -5.514692942419e+03
-3.827571424400e+03 3.697623016804e+03 -5.520276413730e+03
-3.821497145944e+03 3.695566712695e+03 -5.525853240809e+03
-3.815418640325e+03 3.693505138071e+03 -5.531423417003e+03
-3.809335915648e+03 3.691438294835e+03 -5.536986935669e+03
-3.803248980027e+03 3.689366184897e+03 -5.542543790169e+03
-3.797157841579e+03 3.687288810173e+03 -5.548093973874e+03
-3.791062508423e+03 3.685206172588e+03 -5.553637480165e+03
-3.784962988688e+03 3.683118274075e+03 -5.559174302430e+03
-3.778859279703e+03 3.681025127660e+03 -5.564704434064e+03
-3.772751411210e+03 3.678926713098e+03 -5.570227868473e+03
-3.766639380543e+03 3.676823043449e+03 -5.575744599070e+03
-3.760523195847e+03 3.674714120675e+03 -5.581254619275e+03
-3.754402865272e+03 3.672599946746e+03 -5.586757922518e+03
-3.748278396972e+03 3.670480523639e+03 -5.592254502238e+03
-3.742149799105e+03 3.668355853338e+03 -5.597744351879e+03
-3.736017069080e+03 3.666225948796e+03 -5.603227464898e+03
-3.729880236583e+03 3.664090790074e+03 -5.608703834756e+03
-3.723739299024e+03 3.661950390156e+03 -5.614173454924e+03
-3.717594264580e+03 3.659804751059e+03 -5.619636318883e+03
-3.711445141434e+03 3.657653874802e+03 -5.625092420121e+03
-3.705291937772e+03 3.655497763417e+03 -5.630541752132e+03
-3.699134661785e+03 3.653336418940e+03 -5.635984308423e+03
-3.692973321669e+03 3.651169843416e+03 -5.641420082506e+03
-3.686807914918e+03 3.648998049712e+03 -5.646849067903e+03
-3.680638471154e+03 3.646821018237e+03 -5.652271258143e+03
-3.674464987876e+03 3.644638761893e+03 -5.657686646765e+03
-3.668287473296e+03 3.642451282754e+03 -5.663095227316e+03
-3.662105935633e+03 3.640258582901e+03 -5.668496993350e+03
-3.655920383109e+03 3.638060664424e+03 -5.673891938431e+03
-3.649730823951e+03 3.635857529419e+03 -5.679280056131e+03
-3.643537255732e+03 3.633649190681e+03 -5.684661340031e+03
-3.637339708014e+03 3.631435628922e+03 -5.690035783719e+03
-3.631138178371e+03 3.629216856971e+03 -5.695403380793e+03
-3.624932675047e+03 3.626992876953e+03 -5.700764124859e+03
-3.618723206293e+03 3.624763691002e+03 -5.706118009530e+03
-3.612509780362e+03 3.622529301260e+03 -5.711465028431e+03
-3.606292405512e+03 3.620289709876e+03 -5.716805175191e+03
-3.600071079391e+03 3.618044929568e+03 -5.722138443452e+03
-3.593845831502e+03 3.615794941356e+03 -5.727464826861e+03
-3.587616659494e+03 3.613539757993e+03 -5.732784319075e+03
-3.581383571645e+03 3.611279381657e+03 -5.738096913759e+03
-3.575146576232e+03 3.609013814534e+03 -5.743402604588e+03
-3.568905681542e+03 3.606743058818e+03 -5.748701385244e+03
-3.562660895861e+03 3.604467116708e+03 -5.753993249418e+03
-3.556412227484e+03 3.602185990414e+03 -5.759278190810e+03
-3.550159674146e+03 3.599899692567e+03 -5.764556203127e+03
-3.543903265277e+03 3.597608204540e+03 -5.769827280087e+03
-3.537642998616e+03 3.595311538997e+03 -5.775091415415e+03
-3.531378882473e+03 3.593009698177e+03 -5.780348602844e+03
-3.525110925161e+03 3.590702684325e+03 -5.785598836118e+03
-3.518839134999e+03 3.588390499693e+03 -5.790842108986e+03
-3.512563520310e+03 3.586073146542e+03 -5.796078415210e+03
-3.506284078907e+03 3.583750637426e+03 -5.801307748558e+03
-3.500000840154e+03 3.581422954028e+03 -5.806530102806e+03
-3.493713801868e+03 3.579090108936e+03 -5.811745471740e+03
-3.487422972387e+03 3.576752104439e+03 -5.816953849154e+03
-3.481128360055e+03 3.574408942834e+03 -5.822155228852e+03
-3.474829973219e+03 3.572060626426e+03 -5.827349604644e+03
-3.468527820232e+03 3.569707157528e+03 -5.832536970352e+03
-3.462221909448e+03 3.567348538457e+03 -5.837717319804e+03
-3.455912238770e+03 3.564984781681e+03 -5.842890646837e+03
-3.449598837487e+03 3.562615869235e+03 -5.848056945298e+03
-3.443281703500e+03 3.560241813621e+03 -5.853216209043e+03
-3.436960845183e+03 3.557862617186e+03 -5.858368431934e+03
-3.430636270912e+03 3.555478282287e+03 -5.863513607846e+03
-3.424307989067e+03 3.553088811287e+03 -5.868651730658e+03
-3.417976008033e+03 3.550694206559e+03 -5.873782794262e+03
-3.411640325788e+03 3.548294480488e+03 -5.878906792555e+03
-3.405300971552e+03 3.545889615425e+03 -5.884023719445e+03
-3.398957943305e+03 3.543479623789e+03 -5.889133568849e+03
-3.392611249447e+03 3.541064507982e+03 -5.894236334690e+03
-3.386260898383e+03 3.538644270411e+03 -5.899332010903e+03
-3.379906898521e+03 3.536218913491e+03 -5.904420591430e+03
-3.373549258274e+03 3.533788439645e+03 -5.909502070223e+03
-3.367187986058e+03 3.531352851302e+03 -5.914576441241e+03
-3.360823079940e+03 3.528912160761e+03 -5.919643698453e+03
-3.354454569059e+03 3.526466350727e+03 -5.924703835837e+03
-3.348082451478e+03 3.524015433526e+03 -5.929756847374e+03
-3.341706735629e+03 3.521559411618e+03 -5.934802727056e+03
-3.335327429947e+03 3.519098287469e+03 -5.939841468888e+03
-3.328944542874e+03 3.516632063552e+03 -5.944873066882e+03
-3.322558082852e+03 3.514160742349e+03 -5.949897515061e+03
-3.316168048026e+03 3.511684336078e+03 -5.954914807455e+03
-3.309774467460e+03 3.509202827758e+03 -5.959924938104e+03
-3.303377339301e+03 3.506716229639e+03 -5.964927901055e+03
-3.296976672006e+03 3.504224544233e+03 -5.969923690366e+03
-3.290572474040e+03 3.501727774057e+03 -5.974912300103e+03
-3.284164753867e+03 3.499225921637e+03 -5.979893724341e+03
-3.277753519960e+03 3.496718989505e+03 -5.984867957164e+03
-3.271338770541e+03 3.494206989799e+03 -5.989834992664e+03
-3.264920534597e+03 3.491689905851e+03 -5.994794824943e+03
-3.258498810353e+03 3.489167749833e+03 -5.999747448111e+03
-3.252073606294e+03 3.486640524307e+03 -6.004692856289e+03
-3.245644930908e+03 3.484108231841e+03 -6.009631043604e+03
-3.239212792688e+03 3.481570875011e+03 -6.014562004193e+03
-3.232777200133e+03 3.479028456403e+03 -6.019485732203e+03
-3.226338161740e+03 3.476480978606e+03 -6.024402221790e+03
-3.219895675823e+03 3.473928453665e+03 -6.029311467116e+03
-3.213449771282e+03 3.471370865274e+03 -6.034213462356e+03
-3.207000446426e+03 3.468808225510e+03 -6.039108201691e+03
-3.200547709772e+03 3.466240536996e+03 -6.043995679313e+03
-3.194091569838e+03 3.463667802356e+03 -6.048875889420e+03
-3.187632035147e+03 3.461090024227e+03 -6.053748826224e+03
-3.181169114223e+03 3.458507205250e+03 -6.058614483941e+03
-3.174702805458e+03 3.455919357388e+03 -6.063472856798e+03
-3.168233137669e+03 3.453326464652e+03 -6.068323939031e+03
-3.161760109248e+03 3.450728539036e+03 -6.073167724887e+03
-3.155283728734e+03 3.448125583213e+03 -6.078004208617e+03
-3.148804004670e+03 3.445517599861e+03 -6.082833384486e+03
-3.142320945604e+03 3.442904591665e+03 -6.087655246766e+03
-3.135834560086e+03 3.440286561318e+03 -6.092469789738e+03
-3.129344856671e+03 3.437663511519e+03 -6.097277007692e+03
-3.122851833838e+03 3.435035454139e+03 -6.102076894928e+03
-3.116355520312e+03 3.432402373549e+03 -6.106869445753e+03
-3.109855914573e+03 3.429764281650e+03 -6.111654654485e+03
-3.103353025187e+03 3.427121181174e+03 -6.116432515451e+03
-3.096846860728e+03 3.424473074855e+03 -6.121203022988e+03
-3.090337429770e+03 3.421819965438e+03 -6.125966171438e+03
-3.083824740891e+03 3.419161855673e+03 -6.130721955158e+03
-3.077308792650e+03 3.416498757346e+03 -6.135470368508e+03
-3.070789613687e+03 3.413830655146e+03 -6.140211405862e+03
-3.064267202559e+03 3.411157560895e+03 -6.144945061600e+03
-3.057741567858e+03 3.408479477369e+03 -6.149671330113e+03
-3.051212718180e+03 3.405796407358e+03 -6.154390205800e+03
-3.044680662123e+03 3.403108353654e+03 -6.159101683069e+03
-3.038145408289e+03 3.400415319059e+03 -6.163805756339e+03
-3.031606955315e+03 3.397717315275e+03 -6.168502420035e+03
-3.025065331755e+03 3.395014327310e+03 -6.173191668595e+03
-3.018520536244e+03 3.392306366901e+03 -6.177873496462e+03
-3.011972577398e+03 3.389593436877e+03 -6.182547898093e+03
-3.005421463834e+03 3.386875540076e+03 -6.187214867949e+03
-2.998867204176e+03 3.384152679341e+03 -6.191874400503e+03
-2.992309807048e+03 3.381424857524e+03 -6.196526490238e+03
-2.985749281078e+03 3.378692077485e+03 -6.201171131645e+03
-2.979185624993e+03 3.375954350828e+03 -6.205808319223e+03
-2.972618867246e+03 3.373211662928e+03 -6.210438047483e+03
-2.966049006562e+03 3.370464025423e+03 -6.215060310942e+03
-2.959476051580e+03 3.367711441202e+03 -6.219675104128e+03
-2.952900010939e+03 3.364953913148e+03 -6.224282421561e+03
-2.946320893282e+03 3.362191444161e+03 -6.228882257783e+03
-2.939738707261e+03 3.359424037151e+03 -6.233474607348e+03
-2.933153451681e+03 3.356651703637e+03 -6.238059464821e+03
-2.926565154904e+03 3.353874429314e+03 -6.242636824778e+03
-2.919973815733e+03 3.351092225736e+03 -6.247206681800e+03
-2.913379442832e+03 3.348305095840e+03 -6.251769030480e+03
-2.906782044867e+03 3.345513042572e+03 -6.256323865421e+03
-2.900181630508e+03 3.342716068883e+03 -6.260871181233e+03
-2.893578208427e+03 3.339914177731e+03 -6.265410972537e+03
-2.886971787300e+03 3.337107372084e+03 -6.269943233963e+03
-2.880362366023e+03 3.334295663364e+03 -6.274467960149e+03
-2.873749972850e+03 3.331479037631e+03 -6.278985145745e+03
-2.867134606676e+03 3.328657506342e+03 -6.283494785408e+03
-2.860516276189e+03 3.325831072492e+03 -6.287996873805e+03
-2.853894990079e+03 3.322999739083e+03 -6.292491405612e+03
-2.847270757040e+03 3.320163509123e+03 -6.296978375516e+03
-2.840643585769e+03 3.317322385627e+03 -6.301457778210e+03
-2.834013475241e+03 3.314476379935e+03 -6.305929608400e+03
-2.827380453616e+03 3.311625478425e+03 -6.310393860799e+03
-2.820744519866e+03 3.308769692471e+03 -6.314850530131e+03
-2.814105682700e+03 3.305909025116e+03 -6.319299611128e+03
-2.807463950830e+03 3.303043479411e+03 -6.323741098531e+03
-2.800819332970e+03 3.300173058415e+03 -6.328174987092e+03
-2.794171837837e+03 3.297297765194e+03 -6.332601271572e+03
-2.787521474151e+03 3.294417602818e+03 -6.337019946740e+03
-2.780868240978e+03 3.291532582528e+03 -6.341431007376e+03
-2.774212166366e+03 3.288642691073e+03 -6.345834448269e+03
-2.767553249380e+03 3.285747939724e+03 -6.350230264217e+03
-2.760891498749e+03 3.282848331582e+03 -6.354618450027e+03
-2.754226923209e+03 3.279943869756e+03 -6.358999000517e+03
-2.747559531496e+03 3.277034557361e+03 -6.363371910513e+03
-2.740889332351e+03 3.274120397517e+03 -6.367737174851e+03
-2.734216324920e+03 3.271201401376e+03 -6.372094788377e+03
-2.727540537149e+03 3.268277556012e+03 -6.376444745945e+03
-2.720861968183e+03 3.265348872608e+03 -6.380787042419e+03
-2.714180626772e+03 3.262415354314e+03 -6.385121672673e+03
-2.707496521670e+03 3.259477004288e+03 -6.389448631591e+03
-2.700809661633e+03 3.256533825694e+03 -6.393767914065e+03
-2.694120055420e+03 3.253585821703e+03 -6.398079514996e+03
-2.687427702257e+03 3.250633003378e+03 -6.402383429298e+03
-2.680732629990e+03 3.247675358116e+03 -6.406679651890e+03
-2.674034837842e+03 3.244712897013e+03 -6.410968177703e+03
-2.667334334581e+03 3.241745623268e+03 -6.415249001678e+03
-2.660631128981e+03 3.238773540088e+03 -6.419522118764e+03
-2.653925229818e+03 3.235796650686e+03 -6.423787523920e+03
-2.647216645867e+03 3.232814958282e+03 -6.428045212114e+03
-2.640505385911e+03 3.229828466104e+03 -6.432295178325e+03
-2.633791449266e+03 3.226837185112e+03 -6.436537417541e+03
-2.627074863659e+03 3.223841103076e+03 -6.440771924758e+03
-2.620355628403e+03 3.220840230989e+03 -6.444998694984e+03
-2.613633752289e+03 3.217834572107e+03 -6.449217723235e+03
-2.606909244110e+03 3.214824129692e+03 -6.453429004536e+03
-2.600182112663e+03 3.211808907013e+03 -6.457632533924e+03
-2.593452366745e+03 3.208788907348e+03 -6.461828306443e+03
-2.586720005753e+03 3.205764141567e+03 -6.466016317147e+03
-2.579985057308e+03 3.202734597763e+03 -6.470196561101e+03
-2.573247520804e+03 3.199700286842e+03 -6.474369033379e+03
-2.566507405047e+03 3.196661212108e+03 -6.478533729064e+03
-2.559764718850e+03 3.193617376873e+03 -6.482690643249e+03
-2.553019471026e+03 3.190568784453e+03 -6.486839771036e+03
-2.546271670390e+03 3.187515438175e+03 -6.490981107538e+03
-2.539521325760e+03 3.184457341369e+03 -6.495114647876e+03
-2.532768436624e+03 3.181394504806e+03 -6.499240387181e+03
-2.526013030481e+03 3.178326916950e+03 -6.503358320595e+03
-2.519255106814e+03 3.175254588603e+03 -6.507468443268e+03
-2.512494674450e+03 3.172177523126e+03 -6.511570750360e+03
-2.505731742220e+03 3.169095723885e+03 -6.515665237041e+03
-2.498966318956e+03 3.166009194254e+03 -6.519751898491e+03
-2.492198413494e+03 3.162917937612e+03 -6.523830729899e+03
-2.485428025399e+03 3.159821964639e+03 -6.527901726463e+03
-2.478655182062e+03 3.156721264125e+03 -6.531964883392e+03
-2.471879883045e+03 3.153615846783e+03 -6.536020195905e+03
-2.465102137192e+03 3.150505716021e+03 -6.540067659228e+03
-2.458321953349e+03 3.147390875255e+03 -6.544107268600e+03
-2.451539340366e+03 3.144271327904e+03 -6.548139019267e+03
-2.444754307092e+03 3.141147077399e+03 -6.552162906487e+03
-2.437966853176e+03 3.138018134327e+03 -6.556178925525e+03
-2.431177005895e+03 3.134884487805e+03 -6.560187071659e+03
-2.424384764890e+03 3.131746148455e+03 -6.564187340174e+03
-2.417590139022e+03 3.128603119733e+03 -6.568179726366e+03
-2.410793137153e+03 3.125455405103e+03 -6.572164225540e+03
-2.403993768146e+03 3.122303008033e+03 -6.576140833011e+03
-2.397192040870e+03 3.119145932001e+03 -6.580109544104e+03
-2.390387964191e+03 3.115984180490e+03 -6.584070354154e+03
-2.383581537849e+03 3.112817763983e+03 -6.588023258505e+03
-2.376772788991e+03 3.109646671972e+03 -6.591968252510e+03
-2.369961717350e+03 3.106470914973e+03 -6.595905331534e+03
-2.363148331803e+03 3.103290496498e+03 -6.599834490951e+03
-2.356332641230e+03 3.100105420064e+03 -6.603755726143e+03
-2.349514654513e+03 3.096915689195e+03 -6.607669032505e+03
-2.342694380534e+03 3.093721307424e+03 -6.611574405439e+03
-2.335871819112e+03 3.090522285142e+03 -6.615471840357e+03
-2.329046997279e+03 3.087318612166e+03 -6.619361332683e+03
-2.322219914848e+03 3.084110298922e+03 -6.623242877847e+03
-2.315390580709e+03 3.080897348969e+03 -6.627116471293e+03
-2.308559003758e+03 3.077679765872e+03 -6.630982108471e+03
-2.301725192889e+03 3.074457553204e+03 -6.634839784844e+03
-2.294889157000e+03 3.071230714542e+03 -6.638689495883e+03
-2.288050904991e+03 3.067999253473e+03 -6.642531237069e+03
-2.281210436773e+03 3.064763180282e+03 -6.646365003892e+03
-2.274367779240e+03 3.061522485163e+03 -6.650190791854e+03
-2.267522932299e+03 3.058277178435e+03 -6.654008596466e+03
-2.260675904855e+03 3.055027263711e+03 -6.657818413248e+03
-2.253826705820e+03 3.051772744610e+03 -6.661620237729e+03
-2.246975344103e+03 3.048513624759e+03 -6.665414065451e+03
-2.240121828618e+03 3.045249907790e+03 -6.669199891963e+03
-2.233266159356e+03 3.041981603896e+03 -6.672977712826e+03
-2.226408363092e+03 3.038708703599e+03 -6.676747523608e+03
-2.219548439811e+03 3.035431217125e+03 -6.680509319889e+03
-2.212686398434e+03 3.032149148134e+03 -6.684263097259e+03
-2.205822247883e+03 3.028862500292e+03 -6.688008851317e+03
-2.198955997082e+03 3.025571277274e+03 -6.691746577672e+03
-2.192087654959e+03 3.022275482759e+03 -6.695476271943e+03
-2.185217230439e+03 3.018975120435e+03 -6.699197929760e+03
-2.178344723607e+03 3.015670200386e+03 -6.702911546760e+03
-2.171470161097e+03 3.012360713510e+03 -6.706617118593e+03
-2.164593542986e+03 3.009046669927e+03 -6.710314640917e+03
-2.157714878210e+03 3.005728073349e+03 -6.714004109401e+03
-2.150834175704e+03 3.002404927497e+03 -6.717685519723e+03
-2.143951444408e+03 2.999077236099e+03 -6.721358867571e+03
-2.137066693261e+03 2.995745002889e+03 -6.725024148645e+03
-2.130179922426e+03 2.992408237856e+03 -6.728681358651e+03
-2.123291158415e+03 2.989066932228e+03 -6.732330493308e+03
-2.116400401384e+03 2.985721096030e+03 -6.735971548344e+03
-2.109507660281e+03 2.982370733022e+03 -6.739604519497e+03
-2.102612944053e+03 2.979015846971e+03 -6.743229402514e+03
-2.095716261651e+03 2.975656441652e+03 -6.746846193155e+03
-2.088817622027e+03 2.972292520844e+03 -6.750454887186e+03
-2.081917025425e+03 2.968924094443e+03 -6.754055480386e+03
-2.075014498229e+03 2.965551154008e+03 -6.757647968545e+03
-2.068110040678e+03 2.962173709468e+03 -6.761232347458e+03
-2.061203661728e+03 2.958791764628e+03 -6.764808612935e+03
-2.054295370340e+03 2.955405323304e+03 -6.768376760793e+03
-2.047385175475e+03 2.952014389316e+03 -6.771936786862e+03
-2.040473086097e+03 2.948618966492e+03 -6.775488686977e+03
-2.033559111170e+03 2.945219058665e+03 -6.779032456989e+03
-2.026643251028e+03 2.941814675620e+03 -6.782568092752e+03
-2.019725531912e+03 2.938405809294e+03 -6.786095590136e+03
-2.012805954148e+03 2.934992469505e+03 -6.789614945018e+03
-2.005884526708e+03 2.931574660115e+03 -6.793126153286e+03
-1.998961258563e+03 2.928152384989e+03 -6.796629210837e+03
-1.992036158687e+03 2.924725648000e+03 -6.800124113578e+03
-1.985109236055e+03 2.921294453031e+03 -6.803610857430e+03
-1.978180491083e+03 2.917858809770e+03 -6.807089438320e+03
-1.971249949879e+03 2.914418710483e+03 -6.810559852185e+03
-1.964317612852e+03 2.910974164893e+03 -6.814022094974e+03
-1.957383488982e+03 2.907525176908e+03 -6.817476162644e+03
-1.950447587251e+03 2.904071750439e+03 -6.820922051163e+03
-1.943509916643e+03 2.900613889406e+03 -6.824359756509e+03
-1.936570486141e+03 2.897151597735e+03 -6.827789274669e+03
-1.929629304732e+03 2.893684879358e+03 -6.831210601643e+03
-1.922686372924e+03 2.890213743855e+03 -6.834623733438e+03
-1.915741716673e+03 2.886738183870e+03 -6.838028666072e+03
-1.908795336481e+03 2.883258209015e+03 -6.841425395573e+03
-1.901847241339e+03 2.879773823250e+03 -6.844813917980e+03
-1.894897440239e+03 2.876285030540e+03 -6.848194229343e+03
-1.887945942175e+03 2.872791834857e+03 -6.851566325720e+03
-1.880992756142e+03 2.869294240179e+03 -6.854930203180e+03
-1.874037882729e+03 2.865792255988e+03 -6.858285857802e+03
-1.867081347759e+03 2.862285875260e+03 -6.861633285675e+03
-1.860123151813e+03 2.858775107510e+03 -6.864972482897e+03
-1.853163303890e+03 2.855259956743e+03 -6.868303445577e+03
-1.846201812989e+03 2.851740426964e+03 -6.871626169824e+03
-1.839238688107e+03 2.848216522184e+03 -6.874940651749e+03
-1.832273938248e+03 2.844688246426e+03 -6.878246887492e+03
-1.825307572416e+03 2.841155603720e+03 -6.881544873202e+03
-1.818339591293e+03 2.837618603438e+03 -6.884834605039e+03
-1.811370020546e+03 2.834077238932e+03 -6.888116079172e+03
-1.804398860848e+03 2.830531519609e+03 -6.891389291782e+03
-1.797426121208e+03 2.826981449523e+03 -6.894654239060e+03
-1.790451810636e+03 2.823427032737e+03 -6.897910917205e+03
-1.783475938145e+03 2.819868273321e+03 -6.901159322427e+03
-1.776498512745e+03 2.816305175348e+03 -6.904399450947e+03
-1.769519535199e+03 2.812737748092e+03 -6.907631298995e+03
-1.762539031037e+03 2.809165985239e+03 -6.910854862812e+03
-1.755557001010e+03 2.805589896094e+03 -6.914070138649e+03
-1.748573454137e+03 2.802009484759e+03 -6.917277122768e+03
-1.741588399434e+03 2.798424755341e+03 -6.920475811440e+03
-1.734601845921e+03 2.794835711955e+03 -6.923666200947e+03
-1.727613802618e+03 2.791242358719e+03 -6.926848287581e+03
-1.720624270366e+03 2.787644704810e+03 -6.930022067643e+03
-1.713633274556e+03 2.784042744244e+03 -6.933187537446e+03
-1.706640816020e+03 2.780436486228e+03 -6.936344693313e+03
-1.699646903782e+03 2.776825934909e+03 -6.939493531575e+03
-1.692651546868e+03 2.773211094439e+03 -6.942634048577e+03
-1.685654754301e+03 2.769591968976e+03 -6.945766240670e+03
-1.678656535110e+03 2.765968562686e+03 -6.948890104219e+03
-1.671656898321e+03 2.762340879739e+03 -6.952005635596e+03
-1.664655844868e+03 2.758708929198e+03 -6.955112831185e+03
-1.657653399979e+03 2.755072705458e+03 -6.958211687381e+03
-1.650649564579e+03 2.751432217613e+03 -6.961302200586e+03
-1.643644347699e+03 2.747787469861e+03 -6.964384367214e+03
-1.636637758371e+03 2.744138466404e+03 -6.967458183692e+03
-1.629629805626e+03 2.740485211452e+03 -6.970523646453e+03
-1.622620498499e+03 2.736827709220e+03 -6.973580751943e+03
-1.615609838004e+03 2.733165968671e+03 -6.976629496616e+03
-1.608597849224e+03 2.729499984532e+03 -6.979669876940e+03
-1.601584533167e+03 2.725829765798e+03 -6.982701889389e+03
-1.594569898867e+03 2.722155316711e+03 -6.985725530451e+03
-1.587553955363e+03 2.718476641517e+03 -6.988740796620e+03
-1.580536711691e+03 2.714793744470e+03 -6.991747684404e+03
-1.573518176892e+03 2.711106629830e+03 -6.994746190321e+03
-1.566498360003e+03 2.707415301862e+03 -6.997736310897e+03
-1.559477262133e+03 2.703719769416e+03 -7.000718042669e+03
-1.552454908198e+03 2.700020027598e+03 -7.003691382186e+03
-1.545431299295e+03 2.696316085288e+03 -7.006656326005e+03
-1.538406444468e+03 2.692607946779e+03 -7.009612870696e+03
-1.531380352758e+03 2.688895616367e+03 -7.012561012836e+03
-1.524353033210e+03 2.685179098357e+03 -7.015500749017e+03
-1.517324494867e+03 2.681458397059e+03 -7.018432075837e+03
-1.510294738918e+03 2.677733521220e+03 -7.021354989908e+03
-1.503263790132e+03 2.674004466281e+03 -7.024269487850e+03
-1.496231649687e+03 2.670271241023e+03 -7.027175566294e+03
-1.489198326630e+03 2.666533849780e+03 -7.030073221882e+03
-1.482163830008e+03 2.662792296894e+03 -7.032962451266e+03
-1.475128168868e+03 2.659046586713e+03 -7.035843251107e+03
-1.468091352260e+03 2.655296723591e+03 -7.038715618079e+03
-1.461053381453e+03 2.651542716175e+03 -7.041579548863e+03
-1.454014281064e+03 2.647784560236e+03 -7.044435040152e+03
-1.446974052354e+03 2.644022264454e+03 -7.047282088649e+03
-1.439932704372e+03 2.640255833207e+03 -7.050120691066e+03
-1.432890246169e+03 2.636485270880e+03 -7.052950844126e+03
-1.425846686797e+03 2.632710581864e+03 -7.055772544564e+03
-1.418802035306e+03 2.628931770556e+03 -7.058585789122e+03
-1.411756300749e+03 2.625148841358e+03 -7.061390574557e+03
-1.404709484487e+03 2.621361802801e+03 -7.064186897631e+03
-1.397661610966e+03 2.617570651037e+03 -7.066974755122e+03
-1.390612681537e+03 2.613775394630e+03 -7.069754143813e+03
-1.383562705253e+03 2.609976038008e+03 -7.072525060501e+03
-1.376511691169e+03 2.606172585603e+03 -7.075287501992e+03
-1.369459648338e+03 2.602365041857e+03 -7.078041465103e+03
-1.362406585816e+03 2.598553411215e+03 -7.080786946661e+03
-1.355352505045e+03 2.594737702106e+03 -7.083523943502e+03
-1.348297430317e+03 2.590917911014e+03 -7.086252452476e+03
-1.341241363064e+03 2.587094046402e+03 -7.088972470440e+03
-1.334184312341e+03 2.583266112739e+03 -7.091683994263e+03
-1.327126287206e+03 2.579434114504e+03 -7.094387020827e+03
-1.320067296715e+03 2.575598056179e+03 -7.097081547021e+03
-1.313007349925e+03 2.571757942253e+03 -7.099767569745e+03
-1.305946455895e+03 2.567913777222e+03 -7.102445085912e+03
-1.298884616157e+03 2.564065569397e+03 -7.105114092442e+03
-1.291821854828e+03 2.560213315644e+03 -7.107774586268e+03
-1.284758173431e+03 2.556357024307e+03 -7.110426564332e+03
-1.277693581024e+03 2.552496699907e+03 -7.113070023587e+03
-1.270628086666e+03 2.548632346969e+03 -7.115704960996e+03
-1.263561699415e+03 2.544763970023e+03 -7.118331373532e+03
-1.256494428330e+03 2.540891573607e+03 -7.120949258177e+03
-1.249426275027e+03 2.537015165930e+03 -7.123558611925e+03
-1.242357263462e+03 2.533134744189e+03 -7.126159431780e+03
-1.235287395241e+03 2.529250316626e+03 -7.128751714757e+03
-1.228216679421e+03 2.525361887803e+03 -7.131335457881e+03
-1.221145125063e+03 2.521469462286e+03 -7.133910658186e+03
-1.214072741226e+03 2.517573044650e+03 -7.136477312719e+03
-1.206999536971e+03 2.513672639474e+03 -7.139035418538e+03
-1.199925521356e+03 2.509768251343e+03 -7.141584972708e+03
-1.192850696089e+03 2.505859888348e+03 -7.144125972307e+03
-1.185775084946e+03 2.501947548067e+03 -7.146658414422e+03
-1.178698689623e+03 2.498031238624e+03 -7.149182296152e+03
-1.171621519181e+03 2.494110964627e+03 -7.151697614605e+03
-1.164543582678e+03 2.490186730693e+03 -7.154204366900e+03
-1.157464889175e+03 2.486258541442e+03 -7.156702550167e+03
-1.150385447731e+03 2.482326401502e+03 -7.159192161545e+03
-1.143305260137e+03 2.478390318860e+03 -7.161673198184e+03
-1.136224350004e+03 2.474450291426e+03 -7.164145657247e+03
-1.129142719111e+03 2.470506327221e+03 -7.166609535903e+03
-1.122060376518e+03 2.466558430895e+03 -7.169064831336e+03
-1.114977331283e+03 2.462606607105e+03 -7.171511540736e+03
-1.107893592467e+03 2.458650860514e+03 -7.173949661308e+03
-1.100809169129e+03 2.454691195791e+03 -7.176379190264e+03
-1.093724063139e+03 2.450727620819e+03 -7.178800124828e+03
-1.086638297948e+03 2.446760133841e+03 -7.181212462235e+03
-1.079551875412e+03 2.442788742772e+03 -7.183616199729e+03
-1.072464804593e+03 2.438813452306e+03 -7.186011334565e+03
-1.065377094548e+03 2.434834267140e+03 -7.188397864010e+03
-1.058288754336e+03 2.430851191978e+03 -7.190775785339e+03
-1.051199793015e+03 2.426864231531e+03 -7.193145095841e+03
-1.044110219645e+03 2.422873390514e+03 -7.195505792811e+03
-1.037020036187e+03 2.418878676692e+03 -7.197857873557e+03
-1.029929265904e+03 2.414880088685e+03 -7.200201335397e+03
-1.022837910744e+03 2.410877634287e+03 -7.202536175648e+03
-1.015745979760e+03 2.406871318228e+03 -7.204862391623e+03
-1.008653482010e+03 2.402861145253e+03 -7.207179980671e+03
-1.001560426551e+03 2.398847120113e+03 -7.209488940153e+03
-9.944668224407e+02 2.394829247565e+03 -7.211789267441e+03
-9.873726717213e+02 2.390807535268e+03 -7.214080959917e+03
-9.802779974897e+02 2.386781982178e+03 -7.216364014974e+03
-9.731828017759e+02 2.382752595985e+03 -7.218638430015e+03
-9.660870936360e+02 2.378719381471e+03 -7.220904202454e+03
-9.589908821255e+02 2.374682343421e+03 -7.223161329716e+03
-9.518941762995e+02 2.370641486626e+03 -7.225409809236e+03
-9.447969852131e+02 2.366596815886e+03 -7.227649638458e+03
-9.376993179206e+02 2.362548336002e+03 -7.229880814840e+03
-9.306011765569e+02 2.358496054514e+03 -7.232103335849e+03
-9.235025840263e+02 2.354439970757e+03 -7.234317198961e+03
-9.164035424511e+02 2.350380092301e+03 -7.236522401664e+03
-9.093040608840e+02 2.346316423974e+03 -7.238718941458e+03
-9.022041483777e+02 2.342248970607e+03 -7.240906815850e+03
-8.951038139842e+02 2.338177737038e+03 -7.243086022362e+03
-8.880030667551e+02 2.334102728112e+03 -7.245256558523e+03
-8.809019089057e+02 2.330023951261e+03 -7.247418421874e+03
-8.738003631705e+02 2.325941406152e+03 -7.249571609966e+03
-8.666984317517e+02 2.321855100250e+03 -7.251716120362e+03
-8.595961236988e+02 2.317765038421e+03 -7.253851950632e+03
-8.524934480603e+02 2.313671225537e+03 -7.255979098355e+03
-8.453904138826e+02 2.309573666468e+03 -7.258097561103e+03
-8.382870302134e+02 2.305472366097e+03 -7.260207336478e+03
-8.311832993484e+02 2.301367331752e+03 -7.262308422095e+03
-8.240792438505e+02 2.297258563431e+03 -7.264400815579e+03
-8.169748660022e+02 2.293146068492e+03 -7.266484514564e+03
-8.098701748493e+02 2.289029851842e+03 -7.268559516698e+03
-8.027651794371e+02 2.284909918393e+03 -7.270625819638e+03
-7.956598888104e+02 2.280786273063e+03 -7.272683421050e+03
-7.885543120131e+02 2.276658920774e+03 -7.274732318612e+03
-7.814484580885e+02 2.272527866455e+03 -7.276772510012e+03
-7.743423294243e+02 2.268393117313e+03 -7.278803992949e+03
-7.672359483851e+02 2.264254673722e+03 -7.280826765133e+03
-7.601293173451e+02 2.260112542921e+03 -7.282840824283e+03
-7.530224453450e+02 2.255966729861e+03 -7.284846168133e+03
-7.459153414252e+02 2.251817239500e+03 -7.286842794423e+03
-7.388080146250e+02 2.247664076800e+03 -7.288830700906e+03
-7.317004739832e+02 2.243507246729e+03 -7.290809885344e+03
-7.245927219678e+02 2.239346756387e+03 -7.292780345513e+03
-7.174847807683e+02 2.235182606480e+03 -7.294742079197e+03
-7.103766528390e+02 2.231014804141e+03 -7.296695084189e+03
-7.032683472157e+02 2.226843354359e+03 -7.298639358297e+03
-6.961598729335e+02 2.222668262130e+03 -7.300574899337e+03
-6.890512390266e+02 2.218489532457e+03 -7.302501705135e+03
-6.819424545285e+02 2.214307170346e+03 -7.304419773529e+03
-6.748335284717e+02 2.210121180811e+03 -7.306329102368e+03
-6.677244634163e+02 2.205931570827e+03 -7.308229689510e+03
-6.606152813493e+02 2.201738341481e+03 -7.310121532826e+03
-6.535059848167e+02 2.197541499781e+03 -7.312004630195e+03
-6.463965828478e+02 2.193341050763e+03 -7.313878979508e+03
-6.392870844711e+02 2.189136999466e+03 -7.315744578668e+03
-6.321774987141e+02 2.184929350936e+03 -7.317601425586e+03
-6.250678346036e+02 2.180718110226e+03 -7.319449518185e+03
-6.179580947797e+02 2.176503284203e+03 -7.321288854399e+03
-6.108483010508e+02 2.172284874285e+03 -7.323119432173e+03
-6.037384560430e+02 2.168062887372e+03 -7.324941249462e+03
-5.966285687795e+02 2.163837328539e+03 -7.326754304234e+03
-5.895186482824e+02 2.159608202865e+03 -7.328558594466e+03
-5.824087035730e+02 2.155375515434e+03 -7.330354118147e+03
-5.752987436714e+02 2.151139271336e+03 -7.332140873276e+03
-5.681887775969e+02 2.146899475667e+03 -7.333918857862e+03
-5.610788080815e+02 2.142656135173e+03 -7.335688069926e+03
-5.539688567273e+02 2.138409251649e+03 -7.337448507499e+03
-5.468589262518e+02 2.134158831872e+03 -7.339200168623e+03
-5.397490256703e+02 2.129904880960e+03 -7.340943051350e+03
-5.326391639968e+02 2.125647404035e+03 -7.342677153744e+03
-5.255293502445e+02 2.121386406226e+03 -7.344402473879e+03
-5.184195934253e+02 2.117121892667e+03 -7.346119009839e+03
-5.113098963513e+02 2.112853869995e+03 -7.347826759720e+03
-5.042002804425e+02 2.108582340334e+03 -7.349525721628e+03
-4.970907484963e+02 2.104307310355e+03 -7.351215893680e+03
-4.899813095203e+02 2.100028785212e+03 -7.352897274002e+03
-4.828719725208e+02 2.095746770066e+03 -7.354569860733e+03
-4.757627465032e+02 2.091461270082e+03 -7.356233652020e+03
-4.686536404715e+02 2.087172290431e+03 -7.357888646020e+03
-4.615446573177e+02 2.082879837642e+03 -7.359534840903e+03
-4.544358182780e+02 2.078583914169e+03 -7.361172234848e+03
-4.473271262295e+02 2.074284526572e+03 -7.362800826046e+03
-4.402185901716e+02 2.069981680045e+03 -7.364420612697e+03
-4.331102191024e+02 2.065675379783e+03 -7.366031593015e+03
-4.260020220188e+02 2.061365630990e+03 -7.367633765220e+03
-4.188940079167e+02 2.057052438874e+03 -7.369227127547e+03
-4.117861857906e+02 2.052735808648e+03 -7.370811678239e+03
-4.046785586238e+02 2.048415746719e+03 -7.372387415550e+03
-3.975711474405e+02 2.044092255914e+03 -7.373954337747e+03
-3.904639552090e+02 2.039765342670e+03 -7.375512443105e+03
-3.833569909186e+02 2.035435012223e+03 -7.377061729911e+03
-3.762502635564e+02 2.031101269806e+03 -7.378602196441e+03
-3.691437821081e+02 2.026764120658e+03 -7.380133840984e+03
-3.620375555593e+02 2.022423570030e+03 -7.381656661858e+03
-3.549315869733e+02 2.018079624219e+03 -7.383170657393e+03
-3.478258971874e+02 2.013732286383e+03 -7.384675825932e+03
-3.407204892495e+02 2.009381562849e+03 -7.386172165827e+03
-3.336153721398e+02 2.005027458890e+03 -7.387659675441e+03
-3.265105548371e+02 2.000669979783e+03 -7.389138353150e+03
-3.194060463187e+02 1.996309130810e+03 -7.390608197337e+03
-3.123018555604e+02 1.991944917257e+03 -7.392069206398e+03
-3.051979915369e+02 1.987577344418e+03 -7.393521378739e+03
-2.980944574027e+02 1.983206418464e+03 -7.394964712777e+03
-2.909912737791e+02 1.978832142929e+03 -7.396399206941e+03
-2.838884438050e+02 1.974454524015e+03 -7.397824859667e+03
-2.767859764490e+02 1.970073567036e+03 -7.399241669406e+03
-2.696838806785e+02 1.965689277310e+03 -7.400649634618e+03
-2.625821654590e+02 1.961301660161e+03 -7.402048753773e+03
-2.554808397548e+02 1.956910720917e+03 -7.403439025352e+03
-2.483799068002e+02 1.952516465641e+03 -7.404820447848e+03
-2.412793870260e+02 1.948118898193e+03 -7.406193019765e+03
-2.341792836506e+02 1.943718024667e+03 -7.407556739615e+03
-2.270796056320e+02 1.939313850412e+03 -7.408911605922e+03
-2.199803619267e+02 1.934906380782e+03 -7.410257617221e+03
-2.128815614895e+02 1.930495621135e+03 -7.411594772055e+03
-2.057832132737e+02 1.926081576836e+03 -7.412923068981e+03
-1.986853205932e+02 1.921664253838e+03 -7.414242506564e+03
-1.915879036867e+02 1.917243656327e+03 -7.415553083384e+03
-1.844909658519e+02 1.912819790288e+03 -7.416854798030e+03
-1.773945160355e+02 1.908392661106e+03 -7.418147649099e+03
-1.702985631828e+02 1.903962274169e+03 -7.419431635202e+03
-1.632031162371e+02 1.899528634872e+03 -7.420706754958e+03
-1.561081841403e+02 1.895091748616e+03 -7.421973006999e+03
-1.490137758325e+02 1.890651620804e+03 -7.423230389967e+03
-1.419198947184e+02 1.886208257263e+03 -7.424478902514e+03
-1.348265608153e+02 1.881761662555e+03 -7.425718543304e+03
-1.277337775115e+02 1.877311842536e+03 -7.426949311010e+03
-1.206415537402e+02 1.872858802631e+03 -7.428171204318e+03
-1.135498984329e+02 1.868402548270e+03 -7.429384221924e+03
-1.064588205195e+02 1.863943084888e+03 -7.430588362533e+03
-9.936832892794e+01 1.859480417924e+03 -7.431783624864e+03
-9.227842714217e+01 1.855014553095e+03 -7.432970007644e+03
-8.518913498440e+01 1.850545495288e+03 -7.434147509611e+03
-7.810045592185e+01 1.846073250249e+03 -7.435316129514e+03
-7.101239887537e+01 1.841597823436e+03 -7.436475866112e+03
-6.392497276398e+01 1.837119220316e+03 -7.437626718175e+03
-5.683818650486e+01 1.832637446357e+03 -7.438768684485e+03
-4.975204901337e+01 1.828152507034e+03 -7.439901763832e+03
-4.266656920300e+01 1.823664407826e+03 -7.441025955019e+03
-3.558175064820e+01 1.819173154321e+03 -7.442141256860e+03
-2.849761294624e+01 1.814678751780e+03 -7.443247668179e+03
-2.141415965465e+01 1.810181205821e+03 -7.444345187810e+03
-1.433139967937e+01 1.805680521944e+03 -7.445433814599e+03
-7.249341924450e+00 1.801176705653e+03 -7.446513547403e+03
-1.679952920129e-01 1.796669762457e+03 -7.447584385089e+03
6.912631317757e+00 1.792159697869e+03 -7.448646326535e+03
1.399253425130e+01 1.787646517367e+03 -7.449699370631e+03
2.107169410974e+01 1.783130226536e+03 -7.450743516275e+03
2.815010725667e+01 1.778610830884e+03 -7.451778762379e+03
3.522776479979e+01 1.774088335944e+03 -7.452805107865e+03
4.230465784876e+01 1.769562747256e+03 -7.453822551667e+03
4.938077751528e+01 1.765034070363e+03 -7.454831092728e+03
5.645611491304e+01 1.760502310812e+03 -7.455830730002e+03
6.353066115778e+01 1.755967474156e+03 -7.456821462456e+03
7.060441250571e+01 1.751429565746e+03 -7.457803289066e+03
7.767734978649e+01 1.746888591538e+03 -7.458776208819e+03
8.474946927378e+01 1.742344556913e+03 -7.459740220714e+03
9.182076209154e+01 1.737797467444e+03 -7.460695323759e+03
9.889121936587e+01 1.733247328707e+03 -7.461641516974e+03
1.059608322249e+02 1.728694146284e+03 -7.462578799389e+03
1.130295917990e+02 1.724137925762e+03 -7.463507170046e+03
1.200974942654e+02 1.719578672379e+03 -7.464426627997e+03
1.271645206555e+02 1.715016392416e+03 -7.465337172303e+03
1.342306671642e+02 1.710451091142e+03 -7.466238802039e+03
1.412959249303e+02 1.705882774163e+03 -7.467131516289e+03
1.483602850951e+02 1.701311447088e+03 -7.468015314149e+03
1.554237388015e+02 1.696737115534e+03 -7.468890194726e+03
1.624862771951e+02 1.692159785119e+03 -7.469756157135e+03
1.695478963745e+02 1.687579460972e+03 -7.470613200504e+03
1.766085775739e+02 1.682996149694e+03 -7.471461323971e+03
1.836683169098e+02 1.678409856444e+03 -7.472300526686e+03
1.907271055366e+02 1.673820586860e+03 -7.473130807809e+03
1.977849346108e+02 1.669228346586e+03 -7.473952166511e+03
2.048417952912e+02 1.664633141269e+03 -7.474764601974e+03
2.118976787389e+02 1.660034976563e+03 -7.475568113390e+03
2.189525761172e+02 1.655433858125e+03 -7.476362699963e+03
2.260064834350e+02 1.650829790952e+03 -7.477148360906e+03
2.330593821603e+02 1.646222782019e+03 -7.477925095444e+03
2.401112683199e+02 1.641612836353e+03 -7.478692902812e+03
2.471621330866e+02 1.636999959630e+03 -7.479451782257e+03
2.542119676353e+02 1.632384157532e+03 -7.480201733036e+03
2.612607631433e+02 1.627765435743e+03 -7.480942754417e+03
2.683085107902e+02 1.623143799952e+03 -7.481674845679e+03
2.753552065065e+02 1.618519255048e+03 -7.482398006112e+03
2.824008319662e+02 1.613891808323e+03 -7.483112235016e+03
2.894453831181e+02 1.609261464694e+03 -7.483817531704e+03
2.964888511515e+02 1.604628229870e+03 -7.484513895496e+03
3.035312272580e+02 1.599992109562e+03 -7.485201325726e+03
3.105725026317e+02 1.595353109490e+03 -7.485879821739e+03
3.176126684692e+02 1.590711235374e+03 -7.486549382888e+03
3.246517159696e+02 1.586066492941e+03 -7.487210008541e+03
3.316896409739e+02 1.581418886949e+03 -7.487861698072e+03
3.387264253932e+02 1.576768425060e+03 -7.488504450870e+03
3.457620650872e+02 1.572115112060e+03 -7.489138266332e+03
3.527965512650e+02 1.567458953696e+03 -7.489763143869e+03
3.598298751380e+02 1.562799955715e+03 -7.490379082899e+03
3.668620279202e+02 1.558138123872e+03 -7.490986082853e+03
3.738930008282e+02 1.553473463925e+03 -7.491584143174e+03
3.809227896251e+02 1.548805980519e+03 -7.492173263314e+03
3.879513764311e+02 1.544135681637e+03 -7.492753442738e+03
3.949787570282e+02 1.539462571953e+03 -7.493324680921e+03
4.020049226432e+02 1.534786657243e+03 -7.493886977350e+03
4.090298645057e+02 1.530107943290e+03 -7.494440331521e+03
4.160535738478e+02 1.525426435878e+03 -7.494984742941e+03
4.230760419043e+02 1.520742140797e+03 -7.495520211131e+03
4.300972643603e+02 1.516055062578e+03 -7.496046735618e+03
4.371172235466e+02 1.511365209525e+03 -7.496564315943e+03
4.441359151672e+02 1.506672586199e+03 -7.497072951656e+03
4.511533304678e+02 1.501977198407e+03 -7.497572642320e+03
4.581694606961e+02 1.497279051961e+03 -7.498063387508e+03
4.651842971032e+02 1.492578152678e+03 -7.498545186802e+03
4.721978309423e+02 1.487874506379e+03 -7.499018039797e+03
4.792100534697e+02 1.483168118888e+03 -7.499481946099e+03
4.862209602818e+02 1.478458994608e+03 -7.499936905323e+03
4.932305339513e+02 1.473747142206e+03 -7.500382917096e+03
5.002387700941e+02 1.469032566114e+03 -7.500819981055e+03
5.072456599770e+02 1.464315272175e+03 -7.501248096846e+03
5.142511948702e+02 1.459595266235e+03 -7.501667264130e+03
5.212553660463e+02 1.454872554146e+03 -7.502077482575e+03
5.282581647808e+02 1.450147141762e+03 -7.502478751862e+03
5.352595865926e+02 1.445419033375e+03 -7.502871071683e+03
5.422596142677e+02 1.440688237968e+03 -7.503254441741e+03
5.492582433446e+02 1.435954759859e+03 -7.503628861747e+03
5.562554651100e+02 1.431218604922e+03 -7.503994331425e+03
5.632512708537e+02 1.426479779034e+03 -7.504350850511e+03
5.702456518680e+02 1.421738288077e+03 -7.504698418748e+03
5.772385994484e+02 1.416994137935e+03 -7.505037035895e+03
5.842301048930e+02 1.412247334499e+03 -7.505366701716e+03
5.912201636326e+02 1.407497881928e+03 -7.505687415991e+03
5.982087586983e+02 1.402745789570e+03 -7.505999178507e+03
6.051958855405e+02 1.397991061614e+03 -7.506301989064e+03
6.121815354692e+02 1.393233703965e+03 -7.506595847473e+03
6.191656997971e+02 1.388473722536e+03 -7.506880753554e+03
6.261483698401e+02 1.383711123242e+03 -7.507156707139e+03
6.331295369170e+02 1.378945912002e+03 -7.507423708071e+03
6.401091963811e+02 1.374178092863e+03 -7.507681756203e+03
6.470873314799e+02 1.369407675487e+03 -7.507930851401e+03
6.540639375869e+02 1.364634663950e+03 -7.508170993538e+03
6.610390060326e+02 1.359859064189e+03 -7.508402182502e+03
6.680125281510e+02 1.355080882142e+03 -7.508624418188e+03
6.749844952788e+02 1.350300123757e+03 -7.508837700505e+03
6.819548987558e+02 1.345516794980e+03 -7.509042029370e+03
6.889237299251e+02 1.340730901767e+03 -7.509237404714e+03
6.958909840519e+02 1.335942448031e+03 -7.509423826477e+03
7.028566446324e+02 1.331151443797e+03 -7.509601294608e+03
7.098207069523e+02 1.326357893011e+03 -7.509769809071e+03
7.167831623667e+02 1.321561801640e+03 -7.509929369837e+03
7.237440022340e+02 1.316763175659e+03 -7.510079976890e+03
7.307032179158e+02 1.311962021047e+03 -7.510221630224e+03
7.376608007766e+02 1.307158343784e+03 -7.510354329844e+03
7.446167460050e+02 1.302352147672e+03 -7.510478075767e+03
7.515710373162e+02 1.297543443050e+03 -7.510592868018e+03
7.585236699191e+02 1.292732233749e+03 -7.510698706635e+03
7.654746351911e+02 1.287918525766e+03 -7.510795591666e+03
7.724239245125e+02 1.283102325104e+03 -7.510883523171e+03
7.793715292671e+02 1.278283637769e+03 -7.510962501219e+03
7.863174408416e+02 1.273462469771e+03 -7.511032525891e+03
7.932616543481e+02 1.268638824798e+03 -7.511093597276e+03
8.002041537217e+02 1.263812713502e+03 -7.511145715478e+03
8.071449340950e+02 1.258984139598e+03 -7.511188880608e+03
8.140839868678e+02 1.254153109113e+03 -7.511223092790e+03
8.210213034432e+02 1.249319628078e+03 -7.511248352159e+03
8.279568752275e+02 1.244483702527e+03 -7.511264658858e+03
8.348906936302e+02 1.239645338497e+03 -7.511272013045e+03
8.418227500644e+02 1.234804542032e+03 -7.511270414885e+03
8.487530395546e+02 1.229961316688e+03 -7.511259864555e+03
8.556815462893e+02 1.225115673475e+03 -7.511240362245e+03
8.626082653139e+02 1.220267615978e+03 -7.511211908153e+03
8.695331880548e+02 1.215417150254e+03 -7.511174502488e+03
8.764563059415e+02 1.210564282365e+03 -7.511128145471e+03
8.833776104069e+02 1.205709018379e+03 -7.511072837333e+03
8.902970928874e+02 1.200851364364e+03 -7.511008578317e+03
8.972147483315e+02 1.195991323762e+03 -7.510935368675e+03
9.041305611504e+02 1.191128907896e+03 -7.510853208672e+03
9.110445263136e+02 1.186264120235e+03 -7.510762098580e+03
9.179566352713e+02 1.181396966865e+03 -7.510662038687e+03
9.248668794766e+02 1.176527453875e+03 -7.510553029287e+03
9.317752503865e+02 1.171655587358e+03 -7.510435070688e+03
9.386817394613e+02 1.166781373412e+03 -7.510308163207e+03
9.455863381647e+02 1.161904818138e+03 -7.510172307173e+03
9.524890413585e+02 1.157025924846e+03 -7.510027502925e+03
9.593898337100e+02 1.152144705213e+03 -7.509873750813e+03
9.662887101023e+02 1.147261162579e+03 -7.509711051199e+03
9.731856620132e+02 1.142375303059e+03 -7.509539404453e+03
9.800806809240e+02 1.137487132773e+03 -7.509358810958e+03
9.869737583194e+02 1.132596657846e+03 -7.509169271107e+03
9.938648856879e+02 1.127703884406e+03 -7.508970785305e+03
1.000754057815e+03 1.122808815647e+03 -7.508763353967e+03
1.007641259595e+03 1.117911463558e+03 -7.508546977518e+03
1.014526485834e+03 1.113011831361e+03 -7.508321656394e+03
1.021409728035e+03 1.108109925200e+03 -7.508087391043e+03
1.028290977705e+03 1.103205751221e+03 -7.507844181924e+03
1.035170226353e+03 1.098299315575e+03 -7.507592029504e+03
1.042047465493e+03 1.093390624416e+03 -7.507330934264e+03
1.048922689835e+03 1.088479680825e+03 -7.507060896694e+03
1.055795884500e+03 1.083566497097e+03 -7.506781917296e+03
1.062667044218e+03 1.078651076342e+03 -7.506493996581e+03
1.069536160520e+03 1.073733424727e+03 -7.506197135073e+03
1.076403224935e+03 1.068813548427e+03 -7.505891333305e+03
1.083268229001e+03 1.063891453616e+03 -7.505576591823e+03
1.090131164255e+03 1.058967146477e+03 -7.505252911180e+03
1.096992022242e+03 1.054040633191e+03 -7.504920291944e+03
1.103850797585e+03 1.049111916709e+03 -7.504578734692e+03
1.110707475665e+03 1.044181009679e+03 -7.504228240010e+03
1.117562051128e+03 1.039247915077e+03 -7.503868808499e+03
1.124414515532e+03 1.034312639101e+03 -7.503500440766e+03
1.131264860440e+03 1.029375187954e+03 -7.503123137432e+03
1.138113077415e+03 1.024435567841e+03 -7.502736899129e+03
1.144959158029e+03 1.019493784972e+03 -7.502341726498e+03
1.151803096830e+03 1.014549842181e+03 -7.501937620191e+03
1.158644879427e+03 1.009603752421e+03 -7.501524580872e+03
1.165484500393e+03 1.004655518556e+03 -7.501102609214e+03
1.172321951312e+03 9.997051468072e+02 -7.500671705904e+03
1.179157223772e+03 9.947526434032e+02 -7.500231871635e+03
1.185990309366e+03 9.897980145746e+02 -7.499783107116e+03
1.192821199690e+03 9.848412665559e+02 -7.499325413063e+03
1.199649886344e+03 9.798824055850e+02 -7.498858790203e+03
1.206476363791e+03 9.749214343639e+02 -7.498383239277e+03
1.213300617906e+03 9.699583661969e+02 -7.497898761032e+03
1.220122643174e+03 9.649932038129e+02 -7.497405356230e+03
1.226942431211e+03 9.600259534640e+02 -7.496903025642e+03
1.233759973637e+03 9.550566214059e+02 -7.496391770050e+03
1.240575262075e+03 9.500852138977e+02 -7.495871590245e+03
1.247388288153e+03 9.451117372019e+02 -7.495342487032e+03
1.254199046260e+03 9.401361939049e+02 -7.494804461224e+03
1.261007522501e+03 9.351585976156e+02 -7.494257513646e+03
1.267813711288e+03 9.301789509474e+02 -7.493701645134e+03
1.274617604265e+03 9.251972601766e+02 -7.493136856534e+03
1.281419193079e+03 9.202135315832e+02 -7.492563148702e+03
1.288218469381e+03 9.152277714504e+02 -7.491980522508e+03
1.295015424827e+03 9.102399860651e+02 -7.491388978828e+03
1.301810051076e+03 9.052501817173e+02 -7.490788518553e+03
1.308602342434e+03 9.002583608614e+02 -7.490179142582e+03
1.315392285271e+03 8.952645374529e+02 -7.489560851826e+03
1.322179873914e+03 8.902687139729e+02 -7.488933647206e+03
1.328965100039e+03 8.852708967250e+02 -7.488297529654e+03
1.335747955327e+03 8.802710920164e+02 -7.487652500113e+03
1.342528431460e+03 8.752693061576e+02 -7.486998559536e+03
1.349306520128e+03 8.702655454623e+02 -7.486335708888e+03
1.356082215560e+03 8.652598122693e+02 -7.485663949143e+03
1.362855504363e+03 8.602521208361e+02 -7.484983281286e+03
1.369626380788e+03 8.552424735280e+02 -7.484293706314e+03
1.376394836542e+03 8.502308766722e+02 -7.483595225234e+03
1.383160863332e+03 8.452173365990e+02 -7.482887839064e+03
1.389924452873e+03 8.402018596422e+02 -7.482171548830e+03
1.396685596880e+03 8.351844521390e+02 -7.481446355573e+03
1.403444289511e+03 8.301651163121e+02 -7.480712260342e+03
1.410200517606e+03 8.251438667204e+02 -7.479969264197e+03
1.416954275345e+03 8.201207056130e+02 -7.479217368209e+03
1.423705554462e+03 8.150956393401e+02 -7.478456573460e+03
1.430454346695e+03 8.100686742551e+02 -7.477686881041e+03
1.437200643786e+03 8.050398167146e+02 -7.476908292056e+03
1.443944437483e+03 8.000090730786e+02 -7.476120807619e+03
1.450685719537e+03 7.949764497100e+02 -7.475324428853e+03
1.457424484020e+03 7.899419486994e+02 -7.474519156892e+03
1.464160718042e+03 7.849055849482e+02 -7.473704992884e+03
1.470894415700e+03 7.798673605731e+02 -7.472881937984e+03
1.477625568762e+03 7.748272819499e+02 -7.472049993358e+03
1.484354168999e+03 7.697853554578e+02 -7.471209160184e+03
1.491080208191e+03 7.647415874790e+02 -7.470359439651e+03
1.497803678116e+03 7.596959843989e+02 -7.469500832956e+03
1.504524572776e+03 7.546485481921e+02 -7.468633341309e+03
1.511242879517e+03 7.495992940588e+02 -7.467756965931e+03
1.517958592362e+03 7.445482239993e+02 -7.466871708051e+03
1.524671703110e+03 7.394953444118e+02 -7.465977568912e+03
1.531382203565e+03 7.344406616974e+02 -7.465074549764e+03
1.538090085533e+03 7.293841822603e+02 -7.464162651871e+03
1.544795340828e+03 7.243259125079e+02 -7.463241876505e+03
1.551497961264e+03 7.192658588505e+02 -7.462312224951e+03
1.558197940759e+03 7.142040231303e+02 -7.461373698502e+03
1.564895266932e+03 7.091404208871e+02 -7.460426298464e+03
1.571589933722e+03 7.040750539888e+02 -7.459470026153e+03
1.578281932965e+03 6.990079288582e+02 -7.458504882894e+03
1.584971256499e+03 6.939390519210e+02 -7.457530870025e+03
1.591657896167e+03 6.888684296060e+02 -7.456547988892e+03
1.598341843817e+03 6.837960683452e+02 -7.455556240855e+03
1.605023093292e+03 6.787219698645e+02 -7.454555627282e+03
1.611701632451e+03 6.736461500000e+02 -7.453546149552e+03
1.618377455162e+03 6.685686105034e+02 -7.452527809055e+03
1.625050553291e+03 6.634893578185e+02 -7.451500607191e+03
1.631720918708e+03 6.584083983923e+02 -7.450464545372e+03
1.638388543288e+03 6.533257386748e+02 -7.449419625020e+03
1.645053418910e+03 6.482413851186e+02 -7.448365847566e+03
1.651715539345e+03 6.431553393339e+02 -7.447303214454e+03
1.658374892694e+03 6.380676174516e+02 -7.446231727138e+03
1.665031472751e+03 6.329782211071e+02 -7.445151387080e+03
1.671685271415e+03 6.278871567651e+02 -7.444062195757e+03
1.678336280587e+03 6.227944308932e+02 -7.442964154653e+03
1.684984492175e+03 6.177000499619e+02 -7.441857265264e+03
1.691629898090e+03 6.126040204448e+02 -7.440741529096e+03
1.698272490250e+03 6.075063488181e+02 -7.439616947666e+03
1.704912262342e+03 6.024070365591e+02 -7.438483522502e+03
1.711549202743e+03 5.973061001344e+02 -7.437341255143e+03
1.718183305165e+03 5.922035410466e+02 -7.436190147135e+03
1.724814561544e+03 5.870993657834e+02 -7.435030200040e+03
1.731442963819e+03 5.819935808357e+02 -7.433861415425e+03
1.738068503935e+03 5.768861926970e+02 -7.432683794873e+03
1.744691173841e+03 5.717772078638e+02 -7.431497339973e+03
1.751310967154e+03 5.666666276972e+02 -7.430302052328e+03
1.757927872492e+03 5.615544689560e+02 -7.429097933548e+03
1.764541883497e+03 5.564407330265e+02 -7.427884985257e+03
1.771152992137e+03 5.513254264164e+02 -7.426663209087e+03
1.777761190385e+03 5.462085556362e+02 -7.425432606682e+03
1.784366470219e+03 5.410901271991e+02 -7.424193179696e+03
1.790968823622e+03 5.359701476212e+02 -7.422944929794e+03
1.797568242580e+03 5.308486234213e+02 -7.421687858651e+03
1.804164720628e+03 5.257255558279e+02 -7.420421967952e+03
1.810758246665e+03 5.206009619323e+02 -7.419147259394e+03
1.817348814249e+03 5.154748429877e+02 -7.417863734682e+03
1.823936415387e+03 5.103472055240e+02 -7.416571395535e+03
1.830521042090e+03 5.052180560736e+02 -7.415270243679e+03
1.837102686375e+03 5.000874011719e+02 -7.413960280853e+03
1.843681340264e+03 4.949552473567e+02 -7.412641508805e+03
1.850256997219e+03 4.898215957405e+02 -7.411313929295e+03
1.856829646383e+03 4.846864637039e+02 -7.409977544092e+03
1.863399281244e+03 4.795498523839e+02 -7.408632354975e+03
1.869965893842e+03 4.744117683293e+02 -7.407278363735e+03
1.876529476224e+03 4.692722180914e+02 -7.405915572174e+03
1.883090020440e+03 4.641312082243e+02 -7.404543982103e+03
1.889647518546e+03 4.589887452845e+02 -7.403163595343e+03
1.896201962602e+03 4.538448358313e+02 -7.401774413728e+03
1.902753345992e+03 4.486994808445e+02 -7.400376439099e+03
1.909301658137e+03 4.435526980339e+02 -7.398969673310e+03
1.915846892444e+03 4.384044884038e+02 -7.397554118225e+03
1.922389040995e+03 4.332548585237e+02 -7.396129775718e+03
1.928928095874e+03 4.281038149661e+02 -7.394696647673e+03
1.935464049172e+03 4.229513643059e+02 -7.393254735987e+03
1.941996892986e+03 4.177975131206e+02 -7.391804042564e+03
1.948526620626e+03 4.126422622736e+02 -7.390344569320e+03
1.955053221761e+03 4.074856297619e+02 -7.388876318182e+03
1.961576689729e+03 4.023276164729e+02 -7.387399291087e+03
1.968097016644e+03 3.971682289946e+02 -7.385913489982e+03
1.974614194628e+03 3.920074739170e+02 -7.384418916824e+03
1.981128215807e+03 3.868453578331e+02 -7.382915573582e+03
1.987639072312e+03 3.816818873380e+02 -7.381403462235e+03
1.994146757381e+03 3.765170631787e+02 -7.379882584762e+03
2.000651260929e+03 3.713509036369e+02 -7.378352943154e+03
2.007152576222e+03 3.661834094841e+02 -7.376814539422e+03
2.013650695412e+03 3.610145873255e+02 -7.375267375588e+03
2.020145610655e+03 3.558444437691e+02 -7.373711453682e+03
2.026637314115e+03 3.506729854250e+02 -7.372146775748e+03
2.033125797958e+03 3.455002189059e+02 -7.370573343838e+03
2.039611054357e+03 3.403261508271e+02 -7.368991160015e+03
2.046093076472e+03 3.351507818030e+02 -7.367400226352e+03
2.052571854505e+03 3.299741304407e+02 -7.365800544933e+03
2.059047381642e+03 3.247961973785e+02 -7.364192117853e+03
2.065519650077e+03 3.196169892414e+02 -7.362574947216e+03
2.071988652008e+03 3.144365126564e+02 -7.360949035137e+03
2.078454379639e+03 3.092547742532e+02 -7.359314383741e+03
2.084916825178e+03 3.040717806637e+02 -7.357670995165e+03
2.091375981717e+03 2.988875323865e+02 -7.356018871555e+03
2.097831839707e+03 2.937020483109e+02 -7.354358015067e+03
2.104284392263e+03 2.885153289591e+02 -7.352688427868e+03
2.110733631617e+03 2.833273809724e+02 -7.351010112136e+03
2.117179550004e+03 2.781382109947e+02 -7.349323070057e+03
2.123622139664e+03 2.729478256718e+02 -7.347627303831e+03
2.130061392843e+03 2.677562316521e+02 -7.345922815666e+03
2.136497301793e+03 2.625634355862e+02 -7.344209607780e+03
2.142929859524e+03 2.573694378401e+02 -7.342487682403e+03
2.149359056775e+03 2.521742576242e+02 -7.340757041773e+03
2.155784886581e+03 2.469778953278e+02 -7.339017688142e+03
2.162207341217e+03 2.417803576105e+02 -7.337269623768e+03
2.168626412960e+03 2.365816511345e+02 -7.335512850923e+03
2.175042094093e+03 2.313817825641e+02 -7.333747371886e+03
2.181454376906e+03 2.261807585655e+02 -7.331973188950e+03
2.187863254340e+03 2.209785793889e+02 -7.330190304416e+03
2.194268717383e+03 2.157752645239e+02 -7.328398720596e+03
2.200670759005e+03 2.105708142437e+02 -7.326598439810e+03
2.207069371514e+03 2.053652352237e+02 -7.324789464392e+03
2.213464547224e+03 2.001585341409e+02 -7.322971796670e+03
2.219856278453e+03 1.949507176751e+02 -7.321145438992e+03
2.226244557528e+03 1.897417925080e+02 -7.319310393721e+03
2.232629377323e+03 1.845317587737e+02 -7.317466663230e+03
2.239010729076e+03 1.793206362400e+02 -7.315614249902e+03
2.245388605689e+03 1.741084250638e+02 -7.313753156130e+03
2.251762999508e+03 1.688951319356e+02 -7.311883384318e+03
2.258133902887e+03 1.636807635480e+02 -7.310004936880e+03
2.264501308187e+03 1.584653265960e+02 -7.308117816240e+03
2.270865207772e+03 1.532488277762e+02 -7.306222024833e+03
2.277225594012e+03 1.480312737878e+02 -7.304317565104e+03
2.283582459702e+03 1.428126646321e+02 -7.302404439507e+03
2.289935796372e+03 1.375930203930e+02 -7.300482650509e+03
2.296285596841e+03 1.323723410946e+02 -7.298552200585e+03
2.302631853504e+03 1.271506334444e+02 -7.296613092221e+03
2.308974558757e+03 1.219279041516e+02 -7.294665327914e+03
2.315313705005e+03 1.167041599276e+02 -7.292708910169e+03
2.321649284658e+03 1.114794074860e+02 -7.290743841505e+03
2.327981290441e+03 1.062536467122e+02 -7.288770124447e+03
2.334309714138e+03 1.010268979650e+02 -7.286787761533e+03
2.340634548501e+03 9.579916115253e+01 -7.284796755311e+03
2.346955785962e+03 9.057044299636e+01 -7.282797108338e+03
2.353273418959e+03 8.534075021995e+01 -7.280788823183e+03
2.359587439934e+03 8.011008954876e+01 -7.278771902423e+03
2.365897841338e+03 7.487846771026e+01 -7.276746348648e+03
2.372204615624e+03 6.964589143384e+01 -7.274712164456e+03
2.378507755442e+03 6.441236047269e+01 -7.272669352455e+03
2.384807252863e+03 5.917789549801e+01 -7.270617915266e+03
2.391103100565e+03 5.394249628535e+01 -7.268557855517e+03
2.397395291024e+03 4.870616957190e+01 -7.266489175847e+03
2.403683816723e+03 4.346892209675e+01 -7.264411878908e+03
2.409968670151e+03 3.823076060089e+01 -7.262325967357e+03
2.416249843803e+03 3.299169182724e+01 -7.260231443866e+03
2.422527330260e+03 2.775171541326e+01 -7.258128311115e+03
2.428801121849e+03 2.251085230187e+01 -7.256016571794e+03
2.435071211180e+03 1.726910215272e+01 -7.253896228603e+03
2.441337590769e+03 1.202647171622e+01 -7.251767284254e+03
2.447600253140e+03 6.782967744634e+00 -7.249629741467e+03
2.453859190823e+03 1.538596992071e+00 -7.247483602973e+03
2.460114396350e+03 -3.706633785515e+00 -7.245328871514e+03
2.466365862264e+03 -8.952717830343e+00 -7.243165549840e+03
2.472613581069e+03 -1.419965563709e+01 -7.240993640713e+03
2.478857545385e+03 -1.944742595414e+01 -7.238813146905e+03
2.485097747744e+03 -2.469602925422e+01 -7.236624071197e+03
2.491334180709e+03 -2.994545877234e+01 -7.234426416381e+03
2.497566836851e+03 -3.519570774171e+01 -7.232220185258e+03
2.503795708744e+03 -4.044676939379e+01 -7.230005380641e+03
2.510020788971e+03 -4.569863695826e+01 -7.227782005352e+03
2.516242069968e+03 -5.095131104532e+01 -7.225550062223e+03
2.522459544613e+03 -5.620477013485e+01 -7.223309554095e+03
2.528673205371e+03 -6.145901481533e+01 -7.221060483822e+03
2.534883044846e+03 -6.671403830946e+01 -7.218802854265e+03
2.541089055649e+03 -7.196983383826e+01 -7.216536668298e+03
2.547291230397e+03 -7.722639462100e+01 -7.214261928801e+03
2.553489561712e+03 -8.248371387528e+01 -7.211978638668e+03
2.559684041966e+03 -8.774179232671e+01 -7.209686800802e+03
2.565874664292e+03 -9.300060818823e+01 -7.207386418115e+03
2.572061421089e+03 -9.826016216394e+01 -7.205077493529e+03
2.578244305003e+03 -1.035204474647e+02 -7.202760029977e+03
2.584423308687e+03 -1.087814572997e+02 -7.200434030402e+03
2.590598424798e+03 -1.140431848766e+02 -7.198099497756e+03
2.596769646001e+03 -1.193056234013e+02 -7.195756435003e+03
2.602936964965e+03 -1.245687660780e+02 -7.193404845115e+03
2.609100373988e+03 -1.298326137643e+02 -7.191044731074e+03
2.615259866496e+03 -1.350971443698e+02 -7.188676095873e+03
2.621415434812e+03 -1.403623587306e+02 -7.186298942516e+03
2.627567071632e+03 -1.456282500446e+02 -7.183913274014e+03
2.633714769654e+03 -1.508948115082e+02 -7.181519093391e+03
2.639858521586e+03 -1.561620363160e+02 -7.179116403678e+03
2.645998320139e+03 -1.614299176612e+02 -7.176705207920e+03
2.652134157543e+03 -1.666984565164e+02 -7.174285509168e+03
2.658266027486e+03 -1.719676305277e+02 -7.171857310489e+03
2.664393922226e+03 -1.772374406468e+02 -7.169420614956e+03
2.670517834500e+03 -1.825078800605e+02 -7.166975425655e+03
2.676637757051e+03 -1.877789419545e+02 -7.164521745680e+03
2.682753682628e+03 -1.930506195127e+02 -7.162059578135e+03
2.688865603987e+03 -1.983229059177e+02 -7.159588926132e+03
2.694973513887e+03 -2.035957943504e+02 -7.157109792793e+03
2.701077404483e+03 -2.088692859150e+02 -7.154622181250e+03
2.707177269758e+03 -2.141433579582e+02 -7.152126094645e+03
2.713273101895e+03 -2.194180115634e+02 -7.149621536131e+03
2.719364893678e+03 -2.246932399056e+02 -7.147108508868e+03
2.725452637898e+03 -2.299690361584e+02 -7.144587016028e+03
2.731536327341e+03 -2.352453934932e+02 -7.142057060762e+03
2.737615954808e+03 -2.405223050803e+02 -7.139518646251e+03
2.743691512387e+03 -2.457997721388e+02 -7.136971775698e+03
2.749762994322e+03 -2.510777717551e+02 -7.134416452313e+03
2.755830392728e+03 -2.563563051276e+02 -7.131852679319e+03
2.761893700435e+03 -2.616353654215e+02 -7.129280459947e+03
2.767952910278e+03 -2.669149458005e+02 -7.126699797438e+03
2.774008015097e+03 -2.721950394270e+02 -7.124110695044e+03
2.780059007740e+03 -2.774756394621e+02 -7.121513156026e+03
2.786105881060e+03 -2.827567390654e+02 -7.118907183656e+03
2.792148627072e+03 -2.880383395870e+02 -7.116292781213e+03
2.798187240317e+03 -2.933204178182e+02 -7.113669951989e+03
2.804221712837e+03 -2.986029750887e+02 -7.111038699284e+03
2.810252037512e+03 -3.038860045528e+02 -7.108399026409e+03
2.816278207225e+03 -3.091694993636e+02 -7.105750936685e+03
2.822300214868e+03 -3.144534526728e+02 -7.103094433441e+03
2.828318053338e+03 -3.197378576309e+02 -7.100429520015e+03
2.834331714584e+03 -3.250227157026e+02 -7.097756199759e+03
2.840341193408e+03 -3.303080034225e+02 -7.095074476030e+03
2.846346481789e+03 -3.355937222350e+02 -7.092384352200e+03
2.852347572649e+03 -3.408798652857e+02 -7.089685831647e+03
2.858344458918e+03 -3.461664257187e+02 -7.086978917760e+03
2.864337133530e+03 -3.514533966768e+02 -7.084263613939e+03
2.870325589428e+03 -3.567407713020e+02 -7.081539923593e+03
2.876309818498e+03 -3.620285511731e+02 -7.078807850140e+03
2.882289815802e+03 -3.673167125700e+02 -7.076067397009e+03
2.888265573255e+03 -3.726052570516e+02 -7.073318567637e+03
2.894237083824e+03 -3.778941777549e+02 -7.070561365473e+03
2.900204340483e+03 -3.831834678157e+02 -7.067795793975e+03
2.906167336212e+03 -3.884731203684e+02 -7.065021856610e+03
2.912126063997e+03 -3.937631285466e+02 -7.062239556856e+03
2.918080516831e+03 -3.990534854824e+02 -7.059448898198e+03
2.924030686527e+03 -4.043441928857e+02 -7.056649884136e+03
2.929976568448e+03 -4.096352267464e+02 -7.053842518174e+03
2.935918154434e+03 -4.149265887546e+02 -7.051026803826e+03
2.941855437498e+03 -4.202182720370e+02 -7.048202744604e+03
2.947788410663e+03 -4.255102697201e+02 -7.045370344042e+03
2.953717066962e+03 -4.308025749294e+02 -7.042529605684e+03
2.959641399431e+03 -4.360951807895e+02 -7.039680533087e+03
2.965561399821e+03 -4.413880891240e+02 -7.036823129815e+03
2.971477063757e+03 -4.466812756716e+02 -7.033957399443e+03
2.977388383017e+03 -4.519747422366e+02 -7.031083345555e+03
2.983295350664e+03 -4.572684819393e+02 -7.028200971745e+03
2.989197959770e+03 -4.625624878986e+02 -7.025310281616e+03
2.995096203408e+03 -4.678567532325e+02 -7.022411278779e+03
3.000990074662e+03 -4.731512710578e+02 -7.019503966855e+03
3.006879566623e+03 -4.784460344908e+02 -7.016588349476e+03
3.012764670966e+03 -4.837410454852e+02 -7.013664430286e+03
3.018645383619e+03 -4.890362794946e+02 -7.010732212937e+03
3.024521696286e+03 -4.943317384537e+02 -7.007791701091e+03
3.030393602086e+03 -4.996274154745e+02 -7.004842898418e+03
3.036261094139e+03 -5.049233036681e+02 -7.001885808601e+03
3.042124165577e+03 -5.102193961448e+02 -6.998920435330e+03
3.047982809534e+03 -5.155156860136e+02 -6.995946782306e+03
3.053837017625e+03 -5.208121753425e+02 -6.992964853239e+03
3.059686786040e+03 -5.261088393367e+02 -6.989974651848e+03
3.065532106422e+03 -5.314056800452e+02 -6.986976181863e+03
3.071372971933e+03 -5.367026905734e+02 -6.983969447023e+03
3.077209375743e+03 -5.419998640258e+02 -6.980954451077e+03
3.083041311027e+03 -5.472971935062e+02 -6.977931197782e+03
3.088868770968e+03 -5.525946721173e+02 -6.974899690906e+03
3.094691747117e+03 -5.578923020405e+02 -6.971859934228e+03
3.100510235928e+03 -5.631900582353e+02 -6.968811931533e+03
3.106324228982e+03 -5.684879428639e+02 -6.965755686618e+03
3.112133719489e+03 -5.737859490259e+02 -6.962691203290e+03
3.117938700663e+03 -5.790840698197e+02 -6.959618485364e+03
3.123739165727e+03 -5.843822983431e+02 -6.956537536665e+03
3.129535107909e+03 -5.896806276928e+02 -6.953448361028e+03
3.135326520446e+03 -5.949790509650e+02 -6.950350962297e+03
3.141113394819e+03 -6.002775704704e+02 -6.947245344327e+03
3.146895727784e+03 -6.055761608894e+02 -6.944131510980e+03
3.152673510850e+03 -6.108748245142e+02 -6.941009466130e+03
3.158446737280e+03 -6.161735544377e+02 -6.937879213659e+03
3.164215400344e+03 -6.214723437520e+02 -6.934740757460e+03
3.169979493317e+03 -6.267711855485e+02 -6.931594101433e+03
3.175739009482e+03 -6.320700729179e+02 -6.928439249489e+03
3.181493940259e+03 -6.373690082839e+02 -6.925276205550e+03
3.187244282668e+03 -6.426679660847e+02 -6.922104973545e+03
3.192990028157e+03 -6.479669487254e+02 -6.918925557411e+03
3.198731170034e+03 -6.532659492937e+02 -6.915737961096e+03
3.204467701617e+03 -6.585649608766e+02 -6.912542188557e+03
3.210199616228e+03 -6.638639765603e+02 -6.909338243765e+03
3.215926907198e+03 -6.691629894306e+02 -6.906126130695e+03
3.221649567864e+03 -6.744619925724e+02 -6.902905853335e+03
3.227367589575e+03 -6.797609885385e+02 -6.899677415681e+03
3.233080969656e+03 -6.850599514923e+02 -6.896440821739e+03
3.238789699485e+03 -6.903588839684e+02 -6.893196075525e+03
3.244493772425e+03 -6.956577790493e+02 -6.889943181063e+03
3.250193181849e+03 -7.009566298167e+02 -6.886682142387e+03
3.255887921135e+03 -7.062554293517e+02 -6.883412963542e+03
3.261577983666e+03 -7.115541707347e+02 -6.880135648580e+03
3.267263360733e+03 -7.168528566314e+02 -6.876850201563e+03
3.272944049924e+03 -7.221514609663e+02 -6.873556626564e+03
3.278620042556e+03 -7.274499863872e+02 -6.870254927664e+03
3.284291332043e+03 -7.327484259722e+02 -6.866945108953e+03
3.289957911804e+03 -7.380467727989e+02 -6.863627174532e+03
3.295619775265e+03 -7.433450199443e+02 -6.860301128509e+03
3.301276915858e+03 -7.486431604848e+02 -6.856966975004e+03
3.306929327024e+03 -7.539411874965e+02 -6.853624718145e+03
3.312576999983e+03 -7.592391037732e+02 -6.850274362070e+03
3.318219932626e+03 -7.645368829693e+02 -6.846915910925e+03
3.323858116204e+03 -7.698345278611e+02 -6.843549368867e+03
3.329491544184e+03 -7.751320315226e+02 -6.840174740061e+03
3.335120210041e+03 -7.804293870270e+02 -6.836792028682e+03
3.340744107255e+03 -7.857265874473e+02 -6.833401238914e+03
3.346363229317e+03 -7.910236258559e+02 -6.830002374952e+03
3.351977567384e+03 -7.963205051590e+02 -6.826595440998e+03
3.357587119616e+03 -8.016171987762e+02 -6.823180441264e+03
3.363191877203e+03 -8.069137095961e+02 -6.819757379972e+03
3.368791833660e+03 -8.122100306894e+02 -6.816326261352e+03
3.374386982511e+03 -8.175061551264e+02 -6.812887089646e+03
3.379977317286e+03 -8.228020759764e+02 -6.809439869100e+03
3.385562831522e+03 -8.280977863088e+02 -6.805984603974e+03
3.391143516317e+03 -8.333932891415e+02 -6.802521298534e+03
3.396719370099e+03 -8.386885576613e+02 -6.799049957059e+03
3.402290383996e+03 -8.439835948691e+02 -6.795570583835e+03
3.407856551575e+03 -8.492783938328e+02 -6.792083183158e+03
3.413417866407e+03 -8.545729476197e+02 -6.788587759333e+03
3.418974322072e+03 -8.598672492970e+02 -6.785084316675e+03
3.424525912157e+03 -8.651612919315e+02 -6.781572859507e+03
3.430072630256e+03 -8.704550685894e+02 -6.778053392162e+03
3.435614467400e+03 -8.757485824165e+02 -6.774525918983e+03
3.441151422321e+03 -8.810418063356e+02 -6.770990444321e+03
3.446683486080e+03 -8.863347434755e+02 -6.767446972536e+03
3.452210652299e+03 -8.916273869014e+02 -6.763895507997e+03
3.457732914607e+03 -8.969197296781e+02 -6.760336055085e+03
3.463250266640e+03 -9.022117648701e+02 -6.756768618188e+03
3.468762702042e+03 -9.075034855418e+02 -6.753193201702e+03
3.474270211786e+03 -9.127948949502e+02 -6.749609810034e+03
3.479772794869e+03 -9.180859657893e+02 -6.746018447600e+03
3.485270442294e+03 -9.233767012994e+02 -6.742419118825e+03
3.490763147733e+03 -9.286670945438e+02 -6.738811828143e+03
3.496250904865e+03 -9.339571385856e+02 -6.735196579997e+03
3.501733707376e+03 -9.392468264876e+02 -6.731573378840e+03
3.507211548960e+03 -9.445361513126e+02 -6.727942229133e+03
3.512684423317e+03 -9.498251061230e+02 -6.724303135348e+03
3.518152321353e+03 -9.551136943028e+02 -6.720656101963e+03
3.523615242372e+03 -9.604018882868e+02 -6.717001133467e+03
3.529073177308e+03 -9.656896914427e+02 -6.713338234360e+03
3.534526119892e+03 -9.709770968320e+02 -6.709667409148e+03
3.539974063860e+03 -9.762640975166e+02 -6.705988662348e+03
3.545417002954e+03 -9.815506865577e+02 -6.702301998484e+03
3.550854930927e+03 -9.868368570166e+02 -6.698607422091e+03
3.556287838625e+03 -9.921226123881e+02 -6.694904937713e+03
3.561715725620e+03 -9.974079248821e+02 -6.691194549902e+03
3.567138582789e+03 -1.002692797977e+03 -6.687476263221e+03
3.572556403912e+03 -1.007977224734e+03 -6.683750082240e+03
3.577969182777e+03 -1.013261198214e+03 -6.680016011539e+03
3.583376913177e+03 -1.018544711477e+03 -6.676274055708e+03
3.588779588913e+03 -1.023827757585e+03 -6.672524219343e+03
3.594177200777e+03 -1.029110340142e+03 -6.668766507054e+03
3.599569748606e+03 -1.034392431136e+03 -6.665000923455e+03
3.604957223221e+03 -1.039674034155e+03 -6.661227473173e+03
3.610339618452e+03 -1.044955142260e+03 -6.657446160840e+03
3.615716928137e+03 -1.050235748512e+03 -6.653656991101e+03
3.621089146121e+03 -1.055515845971e+03 -6.649859968608e+03
3.626456266257e+03 -1.060795427697e+03 -6.646055098022e+03
3.631818282405e+03 -1.066074486751e+03 -6.642242384013e+03
3.637175185289e+03 -1.071353026863e+03 -6.638421831261e+03
3.642526975054e+03 -1.076631019769e+03 -6.634593444453e+03
3.647873642454e+03 -1.081908469184e+03 -6.630757228288e+03
3.653215181378e+03 -1.087185368168e+03 -6.626913187471e+03
3.658551585723e+03 -1.092461709782e+03 -6.623061326717e+03
3.663882849392e+03 -1.097737487086e+03 -6.619201650751e+03
3.669208966297e+03 -1.103012693141e+03 -6.615334164305e+03
3.674529927105e+03 -1.108287331788e+03 -6.611458872122e+03
3.679845732230e+03 -1.113561374543e+03 -6.607575778953e+03
3.685156372367e+03 -1.118834825230e+03 -6.603684889556e+03
3.690461841457e+03 -1.124107676911e+03 -6.599786208701e+03
3.695762133448e+03 -1.129379922647e+03 -6.595879741163e+03
3.701057242295e+03 -1.134651555498e+03 -6.591965491729e+03
3.706347161960e+03 -1.139922568525e+03 -6.588043465194e+03
3.711631886412e+03 -1.145192954790e+03 -6.584113666361e+03
3.716911406255e+03 -1.150462718259e+03 -6.580176100044e+03
3.722185722207e+03 -1.155731830200e+03 -6.576230771064e+03
3.727454824901e+03 -1.161000294563e+03 -6.572277684252e+03
3.732718708337e+03 -1.166268104410e+03 -6.568316844448e+03
3.737977366522e+03 -1.171535252803e+03 -6.564348256500e+03
3.743230793469e+03 -1.176801732806e+03 -6.560371925267e+03
3.748478983202e+03 -1.182067537479e+03 -6.556387855613e+03
3.753721926266e+03 -1.187332670899e+03 -6.552396052415e+03
3.758959623649e+03 -1.192597104118e+03 -6.548396520556e+03
3.764192065927e+03 -1.197860841198e+03 -6.544389264929e+03
3.769419247153e+03 -1.203123875200e+03 -6.540374290436e+03
3.774641161386e+03 -1.208386199190e+03 -6.536351601988e+03
3.779857802692e+03 -1.213647806230e+03 -6.532321204504e+03
3.785069165145e+03 -1.218908689385e+03 -6.528283102912e+03
3.790275242829e+03 -1.224168841720e+03 -6.524237302150e+03
3.795476026223e+03 -1.229428267434e+03 -6.520183807162e+03
3.800671516625e+03 -1.234686937336e+03 -6.516122622905e+03
3.805861704546e+03 -1.239944855613e+03 -6.512053754341e+03
3.811046584099e+03 -1.245202015330e+03 -6.507977206442e+03
3.816226149403e+03 -1.250458409552e+03 -6.503892984191e+03
3.821400394584e+03 -1.255714031347e+03 -6.499801092575e+03
3.826569313777e+03 -1.260968873780e+03 -6.495701536596e+03
3.831732897409e+03 -1.266222941160e+03 -6.491594321258e+03
3.836891147044e+03 -1.271476204086e+03 -6.487479451580e+03
3.842044053140e+03 -1.276728666853e+03 -6.483356932585e+03
3.847191609861e+03 -1.281980322528e+03 -6.479226769307e+03
3.852333811379e+03 -1.287231164179e+03 -6.475088966790e+03
3.857470651874e+03 -1.292481184876e+03 -6.470943530083e+03
3.862602125534e+03 -1.297730377688e+03 -6.466790464247e+03
3.867728222730e+03 -1.302978747032e+03 -6.462629774349e+03
3.872848945295e+03 -1.308226263297e+03 -6.458461465468e+03
3.877964283631e+03 -1.313472930887e+03 -6.454285542689e+03
3.883074231957e+03 -1.318718742872e+03 -6.450102011106e+03
3.888178784497e+03 -1.323963692324e+03 -6.445910875824e+03
3.893277935485e+03 -1.329207772314e+03 -6.441712141954e+03
3.898371679162e+03 -1.334450975915e+03 -6.437505814617e+03
3.903460009774e+03 -1.339693296199e+03 -6.433291898943e+03
3.908542917632e+03 -1.344934737707e+03 -6.429070400068e+03
3.913620404876e+03 -1.350175270592e+03 -6.424841323139e+03
3.918692461847e+03 -1.355414899382e+03 -6.420604673313e+03
3.923759082822e+03 -1.360653617150e+03 -6.416360455752e+03
3.928820262088e+03 -1.365891416972e+03 -6.412108675629e+03
3.933875993939e+03 -1.371128291924e+03 -6.407849338126e+03
3.938926272677e+03 -1.376364235081e+03 -6.403582448431e+03
3.943971088557e+03 -1.381599251091e+03 -6.399308011744e+03
3.949010443988e+03 -1.386833309905e+03 -6.395026033271e+03
3.954044329256e+03 -1.392066416155e+03 -6.390736518226e+03
3.959072738693e+03 -1.397298562922e+03 -6.386439471834e+03
3.964095666639e+03 -1.402529743282e+03 -6.382134899328e+03
3.969113107442e+03 -1.407759950317e+03 -6.377822805948e+03
3.974125055457e+03 -1.412989177105e+03 -6.373503196945e+03
3.979131505047e+03 -1.418217416728e+03 -6.369176077576e+03
3.984132446406e+03 -1.423444673957e+03 -6.364841453110e+03
3.989127882251e+03 -1.428670918509e+03 -6.360499328820e+03
3.994117802806e+03 -1.433896155141e+03 -6.356149709990e+03
3.999102202464e+03 -1.439120376937e+03 -6.351792601912e+03
4.004081075628e+03 -1.444343576980e+03 -6.347428009888e+03
4.009054416707e+03 -1.449565748355e+03 -6.343055939227e+03
4.014022220118e+03 -1.454786884147e+03 -6.338676395247e+03
4.018984476002e+03 -1.460006989232e+03 -6.334289383274e+03
4.023941187344e+03 -1.465226033131e+03 -6.329894908643e+03
4.028892344315e+03 -1.470444020706e+03 -6.325492976698e+03
4.033837941363e+03 -1.475660945045e+03 -6.321083592788e+03
4.038777972943e+03 -1.480876799236e+03 -6.316666762275e+03
4.043712433519e+03 -1.486091576369e+03 -6.312242490525e+03
4.048641317562e+03 -1.491305269534e+03 -6.307810782918e+03
4.053564615162e+03 -1.496517883714e+03 -6.303371644838e+03
4.058482329569e+03 -1.501729388229e+03 -6.298925081678e+03
4.063394450903e+03 -1.506939788050e+03 -6.294471098840e+03
4.068300973667e+03 -1.512149076270e+03 -6.290009701735e+03
4.073201892369e+03 -1.517357245982e+03 -6.285540895781e+03
4.078097201529e+03 -1.522564290281e+03 -6.281064686406e+03
4.082986895671e+03 -1.527770202263e+03 -6.276581079046e+03
4.087870969331e+03 -1.532974975022e+03 -6.272090079146e+03
4.092749412534e+03 -1.538178613664e+03 -6.267591692156e+03
4.097622228842e+03 -1.543381087285e+03 -6.263085923537e+03
4.102489408313e+03 -1.548582400977e+03 -6.258572778760e+03
4.107350945512e+03 -1.553782547839e+03 -6.254052263302e+03
4.112206835013e+03 -1.558981520972e+03 -6.249524382649e+03
4.117057071395e+03 -1.564179313476e+03 -6.244989142296e+03
4.121901649247e+03 -1.569375918453e+03 -6.240446547744e+03
4.126740558544e+03 -1.574571341113e+03 -6.235896604505e+03
4.131573803116e+03 -1.579765550360e+03 -6.231339318097e+03
4.136401372970e+03 -1.584958551390e+03 -6.226774694050e+03
4.141223262726e+03 -1.590150337310e+03 -6.222202737899e+03
4.146039467011e+03 -1.595340901226e+03 -6.217623455189e+03
4.150849980463e+03 -1.600530236245e+03 -6.213036851473e+03
4.155654797723e+03 -1.605718335475e+03 -6.208442932313e+03
4.160453913444e+03 -1.610905192025e+03 -6.203841703277e+03
4.165247317543e+03 -1.616090811226e+03 -6.199233169941e+03
4.170035014155e+03 -1.621275161761e+03 -6.194617337893e+03
4.174816993229e+03 -1.626458248949e+03 -6.189994212728e+03
4.179593249449e+03 -1.631640065904e+03 -6.185363800047e+03
4.184363777505e+03 -1.636820605738e+03 -6.180726105461e+03
4.189128572097e+03 -1.641999861568e+03 -6.176081134592e+03
4.193887627932e+03 -1.647177826508e+03 -6.171428893065e+03
4.198640934877e+03 -1.652354505995e+03 -6.166769386516e+03
4.203388497336e+03 -1.657529868523e+03 -6.162102620591e+03
4.208130305207e+03 -1.662703919516e+03 -6.157428600940e+03
4.212866353229e+03 -1.667876652095e+03 -6.152747333226e+03
4.217596636149e+03 -1.673048059379e+03 -6.148058823115e+03
4.222321148722e+03 -1.678218134491e+03 -6.143363076286e+03
4.227039885710e+03 -1.683386870555e+03 -6.138660098424e+03
4.231752841885e+03 -1.688554260694e+03 -6.133949895221e+03
4.236460007056e+03 -1.693720310463e+03 -6.129232472380e+03
4.241161385932e+03 -1.698884988144e+03 -6.124507835609e+03
4.245856968355e+03 -1.704048299280e+03 -6.119775990626e+03
4.250546749127e+03 -1.709210236998e+03 -6.115036943157e+03
4.255230723058e+03 -1.714370794429e+03 -6.110290698935e+03
4.259908884966e+03 -1.719529964704e+03 -6.105537263702e+03
4.264581229680e+03 -1.724687740953e+03 -6.100776643210e+03
4.269247746957e+03 -1.729844128836e+03 -6.096008843215e+03
4.273908441778e+03 -1.734999096450e+03 -6.091233869486e+03
4.278563303931e+03 -1.740152649442e+03 -6.086451727797e+03
4.283212328276e+03 -1.745304780949e+03 -6.081662423930e+03
4.287855509680e+03 -1.750455484107e+03 -6.076865963676e+03
4.292492843019e+03 -1.755604752057e+03 -6.072062352836e+03
4.297124323174e+03 -1.760752577938e+03 -6.067251597214e+03
4.301749939855e+03 -1.765898967511e+03 -6.062433702627e+03
4.306369698304e+03 -1.771043888690e+03 -6.057608674891e+03
4.310983588260e+03 -1.776187347224e+03 -6.052776519834e+03
4.315591604639e+03 -1.781329336259e+03 -6.047937243297e+03
4.320193742366e+03 -1.786469848942e+03 -6.043090851129e+03
4.324789996373e+03 -1.791608878420e+03 -6.038237349188e+03
4.329380361601e+03 -1.796746417842e+03 -6.033376743339e+03
4.333964832998e+03 -1.801882460358e+03 -6.028509039455e+03
4.338543400221e+03 -1.807017011850e+03 -6.023634243416e+03
4.343116068821e+03 -1.812150040024e+03 -6.018752361114e+03
4.347682828484e+03 -1.817281550752e+03 -6.013863398442e+03
4.352243674191e+03 -1.822411537187e+03 -6.008967361306e+03
4.356798600929e+03 -1.827539992487e+03 -6.004064255616e+03
4.361347603694e+03 -1.832666909808e+03 -5.999154087293e+03
4.365890677491e+03 -1.837792282310e+03 -5.994236862263e+03
4.370427811926e+03 -1.842916115974e+03 -5.989312586462e+03
4.374959012815e+03 -1.848038378332e+03 -5.984381265832e+03
4.379484269797e+03 -1.853159075355e+03 -5.979442906325e+03
4.384003577907e+03 -1.858278200207e+03 -5.974497513899e+03
4.388516932190e+03 -1.863395746054e+03 -5.969545094521e+03
4.393024327699e+03 -1.868511706063e+03 -5.964585654167e+03
4.397525759495e+03 -1.873626073402e+03 -5.959619198819e+03
4.402021222648e+03 -1.878738841242e+03 -5.954645734467e+03
4.406510706707e+03 -1.883850015680e+03 -5.949665267112e+03
4.410994217797e+03 -1.888959564048e+03 -5.944677802759e+03
4.415471745499e+03 -1.894067492433e+03 -5.939683347422e+03
4.419943284916e+03 -1.899173794011e+03 -5.934681907125e+03
4.424408831157e+03 -1.904278461960e+03 -5.929673487897e+03
4.428868379339e+03 -1.909381489456e+03 -5.924658095774e+03
4.433321924588e+03 -1.914482869680e+03 -5.919635736802e+03
4.437769456406e+03 -1.919582608832e+03 -5.914606417034e+03
4.442210981185e+03 -1.924680674068e+03 -5.909570142531e+03
4.446646488457e+03 -1.929777071580e+03 -5.904526919363e+03
4.451075973383e+03 -1.934871794552e+03 -5.899476753607e+03
4.455499431130e+03 -1.939964836172e+03 -5.894419651348e+03
4.459916856872e+03 -1.945056189629e+03 -5.889355618678e+03
4.464328245793e+03 -1.950145848112e+03 -5.884284661699e+03
4.468733587349e+03 -1.955233817924e+03 -5.879206786518e+03
4.473132888198e+03 -1.960320066050e+03 -5.874121999252e+03
4.477526137827e+03 -1.965404598782e+03 -5.869030306024e+03
4.481913331451e+03 -1.970487409316e+03 -5.863931712967e+03
4.486294464295e+03 -1.975568490850e+03 -5.858826226219e+03
4.490669531593e+03 -1.980647836584e+03 -5.853713851928e+03
4.495038528586e+03 -1.985725439719e+03 -5.848594596249e+03
4.499401450522e+03 -1.990801293456e+03 -5.843468465344e+03
4.503758286804e+03 -1.995875404214e+03 -5.838335465384e+03
4.508109044394e+03 -2.000947738784e+03 -5.833195602547e+03
4.512453712726e+03 -2.006018303574e+03 -5.828048883018e+03
4.516792287081e+03 -2.011087091793e+03 -5.822895312991e+03
4.521124762751e+03 -2.016154096651e+03 -5.817734898668e+03
4.525451135034e+03 -2.021219311361e+03 -5.812567646256e+03
4.529771399238e+03 -2.026282729137e+03 -5.807393561974e+03
4.534085544717e+03 -2.031344356496e+03 -5.802212652044e+03
4.538393578701e+03 -2.036404160064e+03 -5.797024922699e+03
4.542695490577e+03 -2.041462146348e+03 -5.791830380179e+03
4.546991275685e+03 -2.046518308570e+03 -5.786629030730e+03
4.551280929373e+03 -2.051572639951e+03 -5.781420880608e+03
4.555564446998e+03 -2.056625133716e+03 -5.776205936075e+03
4.559841823927e+03 -2.061675783090e+03 -5.770984203402e+03
4.564113055531e+03 -2.066724581300e+03 -5.765755688865e+03
4.568378131115e+03 -2.071771534979e+03 -5.760520398751e+03
4.572637058211e+03 -2.076816610563e+03 -5.755278339352e+03
4.576889826154e+03 -2.081859814675e+03 -5.750029516970e+03
4.581136430350e+03 -2.086901140551e+03 -5.744773937912e+03
4.585376866214e+03 -2.091940581425e+03 -5.739511608494e+03
4.589611129171e+03 -2.096978130536e+03 -5.734242535040e+03
4.593839214650e+03 -2.102013781122e+03 -5.728966723878e+03
4.598061111910e+03 -2.107047539915e+03 -5.723684181348e+03
4.602276828748e+03 -2.112079373190e+03 -5.718394913796e+03
4.606486354455e+03 -2.117109287671e+03 -5.713098927576e+03
4.610689684495e+03 -2.122137276603e+03 -5.707796229048e+03
4.614886814343e+03 -2.127163333235e+03 -5.702486824582e+03
4.619077739483e+03 -2.132187450819e+03 -5.697170720556e+03
4.623262455403e+03 -2.137209622606e+03 -5.691847923354e+03
4.627440957604e+03 -2.142229841851e+03 -5.686518439368e+03
4.631613235293e+03 -2.147248115399e+03 -5.681182274997e+03
4.635779296572e+03 -2.152264409343e+03 -5.675839436649e+03
4.639939130680e+03 -2.157278730518e+03 -5.670489930737e+03
4.644092733148e+03 -2.162291072188e+03 -5.665133763683e+03
4.648240099517e+03 -2.167301427614e+03 -5.659770941915e+03
4.652381225338e+03 -2.172309790062e+03 -5.654401471872e+03
4.656516106169e+03 -2.177316152802e+03 -5.649025359997e+03
4.660644731172e+03 -2.182320522774e+03 -5.643642612742e+03
4.664767108713e+03 -2.187322865914e+03 -5.638253236564e+03
4.668883227985e+03 -2.192323189158e+03 -5.632857237930e+03
4.672993084579e+03 -2.197321485780e+03 -5.627454623312e+03
4.677096674098e+03 -2.202317749058e+03 -5.622045399194e+03
4.681193992148e+03 -2.207311972271e+03 -5.616629572064e+03
4.685285034347e+03 -2.212304148699e+03 -5.611207148417e+03
4.689369789813e+03 -2.217294285383e+03 -5.605778134757e+03
4.693448267175e+03 -2.222282348104e+03 -5.600342537592e+03
4.697520455585e+03 -2.227268343894e+03 -5.594900363442e+03
4.701586350693e+03 -2.232252266044e+03 -5.589451618832e+03
4.705645948159e+03 -2.237234107843e+03 -5.583996310297e+03
4.709699243650e+03 -2.242213862585e+03 -5.578534444374e+03
4.713746232840e+03 -2.247191523565e+03 -5.573066027612e+03
4.717786911413e+03 -2.252167084078e+03 -5.567591066564e+03
4.721821268440e+03 -2.257140551278e+03 -5.562109567792e+03
4.725849312852e+03 -2.262111890770e+03 -5.556621537868e+03
4.729871033751e+03 -2.267081109701e+03 -5.551126983367e+03
4.733886426855e+03 -2.272048201374e+03 -5.545625910873e+03
4.737895487890e+03 -2.277013159097e+03 -5.540118326978e+03
4.741898212591e+03 -2.281975976179e+03 -5.534604238279e+03
4.745894596702e+03 -2.286936645933e+03 -5.529083651384e+03
4.749884629252e+03 -2.291895175606e+03 -5.523556572906e+03
4.753868319432e+03 -2.296851530656e+03 -5.518023009465e+03
4.757845656303e+03 -2.301805718324e+03 -5.512482967687e+03
4.761816635641e+03 -2.306757731928e+03 -5.506936454208e+03
4.765781253232e+03 -2.311707564792e+03 -5.501383475668e+03
4.769739504872e+03 -2.316655210239e+03 -5.495824038719e+03
4.773691386362e+03 -2.321600661598e+03 -5.490258150018e+03
4.777636893515e+03 -2.326543912194e+03 -5.484685816226e+03
4.781576015309e+03 -2.331484969388e+03 -5.479107044016e+03
4.785508761238e+03 -2.336423798468e+03 -5.473521840064e+03
4.789435120316e+03 -2.341360406785e+03 -5.467930211059e+03
4.793355088387e+03 -2.346294787676e+03 -5.462332163691e+03
4.797268661304e+03 -2.351226934482e+03 -5.456727704661e+03
4.801175834930e+03 -2.356156840542e+03 -5.451116840673e+03
4.805076605137e+03 -2.361084499203e+03 -5.445499578444e+03
4.808970960862e+03 -2.366009917918e+03 -5.439875924695e+03
4.812858911864e+03 -2.370933061830e+03 -5.434245886154e+03
4.816740447109e+03 -2.375853938386e+03 -5.428609469555e+03
4.820615562503e+03 -2.380772540940e+03 -5.422966681640e+03
4.824484253962e+03 -2.385688862846e+03 -5.417317529161e+03
4.828346517407e+03 -2.390602897463e+03 -5.411662018876e+03
4.832202348769e+03 -2.395514638149e+03 -5.406000157545e+03
4.836051736946e+03 -2.400424092456e+03 -5.400331951942e+03
4.839894691956e+03 -2.405331225383e+03 -5.394657408845e+03
4.843731202729e+03 -2.410236044473e+03 -5.388976535040e+03
4.847561265227e+03 -2.415138543095e+03 -5.383289337316e+03
4.851384875417e+03 -2.420038714615e+03 -5.377595822464e+03
4.855202029279e+03 -2.424936552407e+03 -5.371895997289e+03
4.859012722805e+03 -2.429832049846e+03 -5.366189868604e+03
4.862816951994e+03 -2.434725200312e+03 -5.360477443229e+03
4.866614705697e+03 -2.439616011462e+03 -5.354758727994e+03
4.870405994231e+03 -2.444504448134e+03 -5.349033729731e+03
4.874190806478e+03 -2.449390517982e+03 -5.343302455281e+03
4.877969138472e+03 -2.454274214392e+03 -5.337564911494e+03
4.881740986257e+03 -2.459155530756e+03 -5.331821105226e+03
4.885506345884e+03 -2.464034460465e+03 -5.326071043340e+03
4.889265213412e+03 -2.468910996916e+03 -5.320314732704e+03
4.893017577652e+03 -2.473785147860e+03 -5.314552180196e+03
4.896763449183e+03 -2.478656877998e+03 -5.308783392698e+03
4.900502816846e+03 -2.483526195077e+03 -5.303008377101e+03
4.904235676736e+03 -2.488393092501e+03 -5.297227140303e+03
4.907962024955e+03 -2.493257563677e+03 -5.291439689206e+03
4.911681857617e+03 -2.498119602016e+03 -5.285646030724e+03
4.915395170839e+03 -2.502979200929e+03 -5.279846171774e+03
4.919101960752e+03 -2.507836353831e+03 -5.274040119279e+03
4.922802216121e+03 -2.512691068582e+03 -5.268227880174e+03
4.926495947823e+03 -2.517543309727e+03 -5.262409461397e+03
4.930183144652e+03 -2.522393085120e+03 -5.256584869892e+03
4.933863802775e+03 -2.527240388186e+03 -5.250754112614e+03
4.937537918362e+03 -2.532085212351e+03 -5.244917196521e+03
4.941205487595e+03 -2.536927551046e+03 -5.239074128579e+03
4.944866506662e+03 -2.541767397703e+03 -5.233224915762e+03
4.948520964291e+03 -2.546604760274e+03 -5.227369565050e+03
4.952168871618e+03 -2.551439603173e+03 -5.221508083431e+03
4.955810217399e+03 -2.556271934345e+03 -5.215640477896e+03
4.959444997860e+03 -2.561101747234e+03 -5.209766755448e+03
4.963073209233e+03 -2.565929035284e+03 -5.203886923092e+03
4.966694847759e+03 -2.570753791943e+03 -5.198000987842e+03
4.970309909688e+03 -2.575576010661e+03 -5.192108956720e+03
4.973918391281e+03 -2.580395684892e+03 -5.186210836754e+03
4.977520281219e+03 -2.585212822693e+03 -5.180306634978e+03
4.981115590934e+03 -2.590027388328e+03 -5.174396358433e+03
4.984704309140e+03 -2.594839389850e+03 -5.168480014168e+03
4.988286432133e+03 -2.599648820723e+03 -5.162557609237e+03
4.991861956213e+03 -2.604455674411e+03 -5.156629150702e+03
4.995430877691e+03 -2.609259944385e+03 -5.150694645631e+03
4.998993192889e+03 -2.614061624116e+03 -5.144754101099e+03
5.002548890451e+03 -2.618860721753e+03 -5.138807524188e+03
5.006097982067e+03 -2.623657201433e+03 -5.132854921986e+03
5.009640456414e+03 -2.628451071299e+03 -5.126896301589e+03
5.013176309845e+03 -2.633242324833e+03 -5.120931670097e+03
5.016705538725e+03 -2.638030955522e+03 -5.114961034619e+03
5.020228139425e+03 -2.642816956852e+03 -5.108984402270e+03
5.023744108327e+03 -2.647600322314e+03 -5.103001780173e+03
5.027253434039e+03 -2.652381060150e+03 -5.097013175456e+03
5.030756128508e+03 -2.657159134367e+03 -5.091018595253e+03
5.034252180374e+03 -2.661934553204e+03 -5.085018046707e+03
5.037741586051e+03 -2.666707310161e+03 -5.079011536966e+03
5.041224341966e+03 -2.671477398743e+03 -5.072999073185e+03
5.044700444552e+03 -2.676244812456e+03 -5.066980662525e+03
5.048169890251e+03 -2.681009544811e+03 -5.060956312156e+03
5.051632675513e+03 -2.685771589319e+03 -5.054926029252e+03
5.055088788904e+03 -2.690530954326e+03 -5.048889820994e+03
5.058538242667e+03 -2.695287603700e+03 -5.042847694570e+03
5.061981025398e+03 -2.700041545782e+03 -5.036799657175e+03
5.065417133584e+03 -2.704792774095e+03 -5.030745716010e+03
5.068846563720e+03 -2.709541282166e+03 -5.024685878283e+03
5.072269312308e+03 -2.714287063525e+03 -5.018620151209e+03
5.075685375862e+03 -2.719030111704e+03 -5.012548542007e+03
5.079094742910e+03 -2.723770435138e+03 -5.006471057905e+03
5.082497425951e+03 -2.728507997574e+03 -5.000387706137e+03
5.085893413546e+03 -2.733242807443e+03 -4.994298493943e+03
5.089282702242e+03 -2.737974858289e+03 -4.988203428570e+03
5.092665288596e+03 -2.742704143660e+03 -4.982102517271e+03
5.096041169174e+03 -2.747430657104e+03 -4.975995767308e+03
5.099410340549e+03 -2.752154392174e+03 -4.969883185946e+03
5.102772799303e+03 -2.756875342425e+03 -4.963764780457e+03
5.106128533925e+03 -2.761593516397e+03 -4.957640558121e+03
5.109477557206e+03 -2.766308877698e+03 -4.951510526224e+03
5.112819857667e+03 -2.771021434865e+03 -4.945374692057e+03
5.116155431924e+03 -2.775731181464e+03 -4.939233062920e+03
5.119484276606e+03 -2.780438111064e+03 -4.933085646116e+03
5.122806388347e+03 -2.785142217240e+03 -4.926932448958e+03
5.126121763791e+03 -2.789843493567e+03 -4.920773478764e+03
5.129430391392e+03 -2.794541948674e+03 -4.914608742857e+03
5.132732284197e+03 -2.799237546053e+03 -4.908438248568e+03
5.136027430690e+03 -2.803930294329e+03 -4.902262003235e+03
5.139315827553e+03 -2.808620187091e+03 -4.896080014201e+03
5.142597471473e+03 -2.813307217929e+03 -4.889892288816e+03
5.145872359147e+03 -2.817991380439e+03 -4.883698834436e+03
5.149140487282e+03 -2.822672668216e+03 -4.877499658424e+03
5.152401844296e+03 -2.827351089977e+03 -4.871294768147e+03
5.155656443489e+03 -2.832026609101e+03 -4.865084170981e+03
5.158904273314e+03 -2.836699234303e+03 -4.858867874308e+03
5.162145330512e+03 -2.841368959192e+03 -4.852645885515e+03
5.165379611833e+03 -2.846035777381e+03 -4.846418211998e+03
5.168607114036e+03 -2.850699682483e+03 -4.840184861156e+03
5.171827833890e+03 -2.855360668120e+03 -4.833945840396e+03
5.175041768170e+03 -2.860018727911e+03 -4.827701157130e+03
5.178248905258e+03 -2.864673870674e+03 -4.821450818779e+03
5.181449258744e+03 -2.869326059662e+03 -4.815194832767e+03
5.184642817041e+03 -2.873975303689e+03 -4.808933206526e+03
5.187829576960e+03 -2.878621596388e+03 -4.802665947495e+03
5.191009535322e+03 -2.883264931398e+03 -4.796393063116e+03
5.194182688957e+03 -2.887905302358e+03 -4.790114560840e+03
5.197349034704e+03 -2.892542702912e+03 -4.783830448124e+03
5.200508560911e+03 -2.897177141965e+03 -4.777540732432e+03
5.203661281422e+03 -2.901808582660e+03 -4.771245421231e+03
5.206807184615e+03 -2.906437033900e+03 -4.764944521999e+03
5.209946267364e+03 -2.911062489341e+03 -4.758638042215e+03
5.213078526553e+03 -2.915684942642e+03 -4.752325989368e+03
5.216203959075e+03 -2.920304387466e+03 -4.746008370951e+03
5.219322561829e+03 -2.924920817479e+03 -4.739685194464e+03
5.222434331727e+03 -2.929534226350e+03 -4.733356467414e+03
5.225539257078e+03 -2.934144623083e+03 -4.727022197312e+03
5.228637352013e+03 -2.938751970701e+03 -4.720682391676e+03
5.231728604873e+03 -2.943356278203e+03 -4.714337058031e+03
5.234813012605e+03 -2.947957539272e+03 -4.707986203908e+03
5.237890572163e+03 -2.952555747595e+03 -4.701629836843e+03
5.240961280510e+03 -2.957150896859e+03 -4.695267964379e+03
5.244025134619e+03 -2.961742980757e+03 -4.688900594065e+03
5.247082122769e+03 -2.966332008378e+03 -4.682527733457e+03
5.250132259340e+03 -2.970917942642e+03 -4.676149390115e+03
5.253175532644e+03 -2.975500792636e+03 -4.669765571606e+03
5.256211939687e+03 -2.980080552064e+03 -4.663376285502e+03
5.259241477487e+03 -2.984657214635e+03 -4.656981539385e+03
5.262264143070e+03 -2.989230774062e+03 -4.650581340837e+03
5.265279933470e+03 -2.993801224060e+03 -4.644175697451e+03
5.268288845729e+03 -2.998368558346e+03 -4.637764616823e+03
5.271290868091e+03 -3.002932786107e+03 -4.631348106557e+03
5.274286015223e+03 -3.007493870149e+03 -4.624926174261e+03
5.277274275400e+03 -3.012051819655e+03 -4.618498827551e+03
5.280255645701e+03 -3.016606628358e+03 -4.612066074049e+03
5.283230123214e+03 -3.021158289993e+03 -4.605627921380e+03
5.286197705037e+03 -3.025706798299e+03 -4.599184377178e+03
5.289158388275e+03 -3.030252147018e+03 -4.592735449083e+03
5.292112161140e+03 -3.034794345423e+03 -4.586281144739e+03
5.295059038549e+03 -3.039333356217e+03 -4.579821471797e+03
5.297999008747e+03 -3.043869188672e+03 -4.573356437915e+03
5.300932068874e+03 -3.048401836543e+03 -4.566886050754e+03
5.303858216081e+03 -3.052931293589e+03 -4.560410317983e+03
5.306777447529e+03 -3.057457553574e+03 -4.553929247278e+03
5.309689760385e+03 -3.061980610264e+03 -4.547442846318e+03
5.312595142832e+03 -3.066500473013e+03 -4.540951122788e+03
5.315493610034e+03 -3.071017104433e+03 -4.534454084382e+03
5.318385150206e+03 -3.075530513877e+03 -4.527951738798e+03
5.321269760552e+03 -3.080040695125e+03 -4.521444093740e+03
5.324147438285e+03 -3.084547641962e+03 -4.514931156918e+03
5.327018180627e+03 -3.089051348174e+03 -4.508412936045e+03
5.329881984811e+03 -3.093551807552e+03 -4.501889438845e+03
5.332738848076e+03 -3.098049013890e+03 -4.495360673044e+03
5.335588758569e+03 -3.102542976639e+03 -4.488826646375e+03
5.338431731740e+03 -3.107033658303e+03 -4.482287366575e+03
5.341267755767e+03 -3.111521068330e+03 -4.475742841391e+03
5.344096827928e+03 -3.116005200529e+03 -4.469193078573e+03
5.346918945506e+03 -3.120486048713e+03 -4.462638085875e+03
5.349734105797e+03 -3.124963606697e+03 -4.456077871062e+03
5.352542306104e+03 -3.129437868300e+03 -4.449512441899e+03
5.355343534545e+03 -3.133908843056e+03 -4.442941806160e+03
5.358137806817e+03 -3.138376493377e+03 -4.436365971626e+03
5.360925111069e+03 -3.142840828796e+03 -4.429784946079e+03
5.363705444640e+03 -3.147301843147e+03 -4.423198737312e+03
5.366478804878e+03 -3.151759530267e+03 -4.416607353119e+03
5.369245189141e+03 -3.156213883995e+03 -4.410010801303e+03
5.372004594795e+03 -3.160664898178e+03 -4.403409089671e+03
5.374757019215e+03 -3.165112566663e+03 -4.396802226038e+03
5.377502450487e+03 -3.169556899078e+03 -4.390190218221e+03
5.380240904589e+03 -3.173997857734e+03 -4.383573074045e+03
5.382972369636e+03 -3.178435452257e+03 -4.376950801341e+03
5.385696843040e+03 -3.182869676511e+03 -4.370323407943e+03
5.388414322222e+03 -3.187300524362e+03 -4.363690901695e+03
5.391124804610e+03 -3.191727989680e+03 -4.357053290442e+03
5.393828287643e+03 -3.196152066339e+03 -4.350410582038e+03
5.396524759379e+03 -3.200572764049e+03 -4.343762784341e+03
5.399214236040e+03 -3.204990045034e+03 -4.337109905215e+03
5.401896705715e+03 -3.209403919004e+03 -4.330451952529e+03
5.404572165879e+03 -3.213814379847e+03 -4.323788934159e+03
5.407240614014e+03 -3.218221421455e+03 -4.317120857985e+03
5.409902047612e+03 -3.222625037724e+03 -4.310447731893e+03
5.412556464176e+03 -3.227025222555e+03 -4.303769563775e+03
5.415203851736e+03 -3.231421985739e+03 -4.297086361528e+03
5.417844226758e+03 -3.235815289416e+03 -4.290398133056e+03
5.420477577304e+03 -3.240205143376e+03 -4.283704886266e+03
5.423103900912e+03 -3.244591541536e+03 -4.277006629073e+03
5.425723195127e+03 -3.248974477812e+03 -4.270303369396e+03
5.428335457506e+03 -3.253353946129e+03 -4.263595115159e+03
5.430940685612e+03 -3.257729940412e+03 -4.256881874293e+03
5.433538877020e+03 -3.262102454592e+03 -4.250163654733e+03
5.436130019729e+03 -3.266471498551e+03 -4.243440464422e+03
5.438714130484e+03 -3.270837034338e+03 -4.236712311305e+03
5.441291197316e+03 -3.275199071834e+03 -4.229979203336e+03
5.443861217834e+03 -3.279557604987e+03 -4.223241148470e+03
5.446424189657e+03 -3.283912627744e+03 -4.216498154672e+03
5.448980110413e+03 -3.288264134059e+03 -4.209750229910e+03
5.451528977740e+03 -3.292612117890e+03 -4.202997382158e+03
5.454070779611e+03 -3.296956589200e+03 -4.196239619395e+03
5.456605533012e+03 -3.301297509956e+03 -4.189476949607e+03
5.459133225949e+03 -3.305634890123e+03 -4.182709380782e+03
5.461653856094e+03 -3.309968723672e+03 -4.175936920916e+03
5.464167421129e+03 -3.314299004581e+03 -4.169159578010e+03
5.466673918746e+03 -3.318625726829e+03 -4.162377360069e+03
5.469173346644e+03 -3.322948884402e+03 -4.155590275106e+03
5.471665702532e+03 -3.327268471287e+03 -4.148798331137e+03
5.474150974356e+03 -3.331584497538e+03 -4.142001536185e+03
5.476629179379e+03 -3.335896925037e+03 -4.135199898276e+03
5.479100305575e+03 -3.340205763837e+03 -4.128393425443e+03
5.481564350688e+03 -3.344511007942e+03 -4.121582125725e+03
5.484021312475e+03 -3.348812651360e+03 -4.114766007164e+03
5.486471188700e+03 -3.353110688105e+03 -4.107945077809e+03
5.488913977134e+03 -3.357405112191e+03 -4.101119345715e+03
5.491349665697e+03 -3.361695933749e+03 -4.094288818940e+03
5.493778271892e+03 -3.365983114589e+03 -4.087453505549e+03
5.496199783670e+03 -3.370266664844e+03 -4.080613413611e+03
5.498614198839e+03 -3.374546578544e+03 -4.073768551201e+03
5.501021515218e+03 -3.378822849726e+03 -4.066918926399e+03
5.503421730633e+03 -3.383095472431e+03 -4.060064547290e+03
5.505814842920e+03 -3.387364440703e+03 -4.053205421965e+03
5.508200849925e+03 -3.391629748588e+03 -4.046341558520e+03
5.510579739540e+03 -3.395891406309e+03 -4.039472965054e+03
5.512951529540e+03 -3.400149375592e+03 -4.032599649675e+03
5.515316207849e+03 -3.404403666659e+03 -4.025721620493e+03
5.517673772347e+03 -3.408654273575e+03 -4.018838885625e+03
5.520024220926e+03 -3.412901190407e+03 -4.011951453193e+03
5.522367551485e+03 -3.417144411229e+03 -4.005059331321e+03
5.524703761932e+03 -3.421383930118e+03 -3.998162528143e+03
5.527032840136e+03 -3.425619757369e+03 -3.991261051796e+03
5.529354804111e+03 -3.429851854644e+03 -3.984354910421e+03
5.531669641757e+03 -3.434080232241e+03 -3.977444112165e+03
5.533977351017e+03 -3.438304884253e+03 -3.970528665181e+03
5.536277929848e+03 -3.442525804777e+03 -3.963608577626e+03
5.538571376211e+03 -3.446742987915e+03 -3.956683857663e+03
5.540857688079e+03 -3.450956427772e+03 -3.949754513457e+03
5.543136853296e+03 -3.455166134722e+03 -3.942820553182e+03
5.545408890115e+03 -3.459372070359e+03 -3.935881985016e+03
5.547673786411e+03 -3.463574245058e+03 -3.928938817140e+03
5.549931540193e+03 -3.467772652941e+03 -3.921991057743e+03
5.552182149479e+03 -3.471967288134e+03 -3.915038715017e+03
5.554425612295e+03 -3.476158144770e+03 -3.908081797159e+03
5.556661926679e+03 -3.480345216982e+03 -3.901120312373e+03
5.558891090675e+03 -3.484528498910e+03 -3.894154268865e+03
5.561113092101e+03 -3.488708001012e+03 -3.887183674848e+03
5.563327949479e+03 -3.492883684813e+03 -3.880208538539e+03
5.565535650660e+03 -3.497055560772e+03 -3.873228868161e+03
5.567736193723e+03 -3.501223623046e+03 -3.866244671941e+03
5.569929576762e+03 -3.505387865795e+03 -3.859255958111e+03
5.572115797874e+03 -3.509548283185e+03 -3.852262734909e+03
5.574294855170e+03 -3.513704869384e+03 -3.845265010578e+03
5.576466736446e+03 -3.517857634925e+03 -3.838262793363e+03
5.578631460459e+03 -3.522006541272e+03 -3.831256091517e+03
5.580789015037e+03 -3.526151598961e+03 -3.824244913298e+03
5.582939398325e+03 -3.530292802178e+03 -3.817229266965e+03
5.585082608477e+03 -3.534430145113e+03 -3.810209160788e+03
5.587218643658e+03 -3.538563621960e+03 -3.803184603036e+03
5.589347502038e+03 -3.542693226919e+03 -3.796155601985e+03
5.591469181800e+03 -3.546818954193e+03 -3.789122165918e+03
5.593583670718e+03 -3.550940814400e+03 -3.782084303119e+03
5.595690987815e+03 -3.555058768938e+03 -3.775042021881e+03
5.597791120895e+03 -3.559172828427e+03 -3.767995330498e+03
5.599884068175e+03 -3.563282987088e+03 -3.760944237272e+03
5.601969827882e+03 -3.567389239146e+03 -3.753888750506e+03
5.604048398253e+03 -3.571491578830e+03 -3.746828878511e+03
5.606119777533e+03 -3.575590000374e+03 -3.739764629602e+03
5.608183953476e+03 -3.579684514470e+03 -3.732696012099e+03
5.610240945338e+03 -3.583775082460e+03 -3.725623034326e+03
5.612290740901e+03 -3.587861715038e+03 -3.718545704612e+03
5.614333338449e+03 -3.591944406456e+03 -3.711464031291e+03
5.616368736270e+03 -3.596023150969e+03 -3.704378022701e+03
5.618396932668e+03 -3.600097942838e+03 -3.697287687186e+03
5.620417925949e+03 -3.604168776328e+03 -3.690193033094e+03
5.622431714434e+03 -3.608235645707e+03 -3.683094068777e+03
5.624438285851e+03 -3.612298561750e+03 -3.675990802593e+03
5.626437659721e+03 -3.616357485740e+03 -3.668883242903e+03
5.628429823805e+03 -3.620412428453e+03 -3.661771398075e+03
5.630414776457e+03 -3.624463384176e+03 -3.654655276479e+03
5.632392516041e+03 -3.628510347202e+03 -3.647534886492e+03
5.634363040931e+03 -3.632553311826e+03 -3.640410236494e+03
5.636326349508e+03 -3.636592272347e+03 -3.633281334871e+03
5.638282429485e+03 -3.640627239614e+03 -3.626148190012e+03
5.640231300612e+03 -3.644658174858e+03 -3.619010810313e+03
5.642172950629e+03 -3.648685088929e+03 -3.611869204172e+03
5.644107377956e+03 -3.652707976145e+03 -3.604723379993e+03
5.646034581022e+03 -3.656726830830e+03 -3.597573346186e+03
5.647954558263e+03 -3.660741647311e+03 -3.590419111162e+03
5.649867308126e+03 -3.664752419921e+03 -3.583260683339e+03
5.651772818303e+03 -3.668759159576e+03 -3.576098071139e+03
5.653671108774e+03 -3.672761827462e+03 -3.568931282989e+03
5.655562167261e+03 -3.676760434500e+03 -3.561760327320e+03
5.657445992249e+03 -3.680754975041e+03 -3.554585212569e+03
5.659322582229e+03 -3.684745443440e+03 -3.547405947174e+03
5.661191935701e+03 -3.688731834056e+03 -3.540222539581e+03
5.663054051177e+03 -3.692714141252e+03 -3.533034998239e+03
5.664908927174e+03 -3.696692359399e+03 -3.525843331601e+03
5.666756551365e+03 -3.700666499493e+03 -3.518647548125e+03
5.668596943990e+03 -3.704636522668e+03 -3.511447656274e+03
5.670430092749e+03 -3.708602439926e+03 -3.504243664514e+03
5.672255996198e+03 -3.712564245654e+03 -3.497035581317e+03
5.674074652903e+03 -3.716521934243e+03 -3.489823415159e+03
5.675886061437e+03 -3.720475500091e+03 -3.482607174520e+03
5.677690220384e+03 -3.724424937598e+03 -3.475386867885e+03
5.679487117397e+03 -3.728370257832e+03 -3.468162503742e+03
5.681276772944e+03 -3.732311421884e+03 -3.460934090586e+03
5.683059174708e+03 -3.736248440826e+03 -3.453701636914e+03
5.684834321309e+03 -3.740181309077e+03 -3.446465151229e+03
5.686602211374e+03 -3.744110021062e+03 -3.439224642036e+03
5.688362843543e+03 -3.748034571210e+03 -3.431980117847e+03
5.690116216462e+03 -3.751954953954e+03 -3.424731587177e+03
5.691862328788e+03 -3.755871163733e+03 -3.417479058546e+03
5.693601168154e+03 -3.759783211694e+03 -3.410222540478e+03
5.695332755286e+03 -3.763691058881e+03 -3.402962041501e+03
5.697057077849e+03 -3.767594716447e+03 -3.395697570148e+03
5.698774134535e+03 -3.771494178849e+03 -3.388429134956e+03
5.700483924046e+03 -3.775389440549e+03 -3.381156744467e+03
5.702186445093e+03 -3.779280496014e+03 -3.373880407225e+03
5.703881696396e+03 -3.783167339714e+03 -3.366600131780e+03
5.705569665573e+03 -3.787049982866e+03 -3.359315926686e+03
5.707250373573e+03 -3.790928386476e+03 -3.352027800503e+03
5.708923808044e+03 -3.794802561766e+03 -3.344735761791e+03
5.710589967743e+03 -3.798672503225e+03 -3.337439819118e+03
5.712248851434e+03 -3.802538205349e+03 -3.330139981055e+03
5.713900457894e+03 -3.806399662637e+03 -3.322836256177e+03
5.715544785906e+03 -3.810256869595e+03 -3.315528653064e+03
5.717181823072e+03 -3.814109837506e+03 -3.308217180298e+03
5.718811590564e+03 -3.817958527342e+03 -3.300901846468e+03
5.720434076015e+03 -3.821802950392e+03 -3.293582660166e+03
5.722049278245e+03 -3.825643101179e+03 -3.286259629987e+03
5.723657196084e+03 -3.829478974232e+03 -3.278932764532e+03
5.725257828370e+03 -3.833310564085e+03 -3.271602072406e+03
5.726851173951e+03 -3.837137865277e+03 -3.264267562217e+03
5.728437231685e+03 -3.840960872352e+03 -3.256929242578e+03
5.730015989157e+03 -3.844779596669e+03 -3.249587122105e+03
5.731587467793e+03 -3.848593999164e+03 -3.242241209419e+03
5.733151655207e+03 -3.852404091201e+03 -3.234891513147e+03
5.734708550293e+03 -3.856209867344e+03 -3.227538041915e+03
5.736258151954e+03 -3.860011322160e+03 -3.220180804359e+03
5.737800459101e+03 -3.863808450222e+03 -3.212819809115e+03
5.739335470655e+03 -3.867601246109e+03 -3.205455064823e+03
5.740863174189e+03 -3.871389721244e+03 -3.198086580131e+03
5.742383591346e+03 -3.875173836536e+03 -3.190714363686e+03
5.743896709728e+03 -3.878953603413e+03 -3.183338424143e+03
5.745402528293e+03 -3.882729016475e+03 -3.175958770159e+03
5.746901046006e+03 -3.886500070323e+03 -3.168575410395e+03
5.748392261844e+03 -3.890266759565e+03 -3.161188353517e+03
5.749876174792e+03 -3.894029078812e+03 -3.153797608194e+03
5.751352783842e+03 -3.897787022682e+03 -3.146403183099e+03
5.752822076540e+03 -3.901540602666e+03 -3.139005086904e+03
5.754284074775e+03 -3.905289779637e+03 -3.131603328287e+03
5.755738766134e+03 -3.909034565102e+03 -3.124197915934e+03
5.757186149648e+03 -3.912774953697e+03 -3.116788858534e+03
5.758626224357e+03 -3.916510940065e+03 -3.109376164781e+03
5.760058989308e+03 -3.920242518853e+03 -3.101959843372e+03
5.761484443561e+03 -3.923969684712e+03 -3.094539903008e+03
5.762902574659e+03 -3.927692449208e+03 -3.087116352395e+03
5.764313404714e+03 -3.931410773192e+03 -3.079689200241e+03
5.765716921299e+03 -3.935124668234e+03 -3.072258455259e+03
5.767113123509e+03 -3.938834129007e+03 -3.064824126166e+03
5.768502010448e+03 -3.942539150187e+03 -3.057386221682e+03
5.769883581227e+03 -3.946239726458e+03 -3.049944750533e+03
5.771257834970e+03 -3.949935852507e+03 -3.042499721445e+03
5.772624770807e+03 -3.953627523025e+03 -3.035051143152e+03
5.773984376269e+03 -3.957314749651e+03 -3.027599024390e+03
5.775336673713e+03 -3.960997493211e+03 -3.020143373897e+03
5.776681650699e+03 -3.964675765348e+03 -3.012684200419e+03
5.778019306396e+03 -3.968349560776e+03 -3.005221512701e+03
5.779349639978e+03 -3.972018874212e+03 -2.997755319495e+03
5.780672650632e+03 -3.975683700379e+03 -2.990285629557e+03
5.781988337554e+03 -3.979344034005e+03 -2.982812451644e+03
5.783296688260e+03 -3.982999886790e+03 -2.975335794520e+03
5.784597725326e+03 -3.986651219543e+03 -2.967855666950e+03
5.785891436298e+03 -3.990298043968e+03 -2.960372077704e+03
5.787177820407e+03 -3.993940354816e+03 -2.952885035555e+03
5.788456876895e+03 -3.997578146840e+03 -2.945394549282e+03
5.789728605010e+03 -4.001211414798e+03 -2.937900627665e+03
5.790993004011e+03 -4.004840153454e+03 -2.930403279488e+03
5.792250061407e+03 -4.008464374571e+03 -2.922902513540e+03
5.793499799982e+03 -4.012084038940e+03 -2.915398338613e+03
5.794742207275e+03 -4.015699158329e+03 -2.907890763503e+03
5.795977282580e+03 -4.019309727524e+03 -2.900379797010e+03
5.797205025201e+03 -4.022915741314e+03 -2.892865447935e+03
5.798425434452e+03 -4.026517194494e+03 -2.885347725085e+03
5.799638509655e+03 -4.030114081864e+03 -2.877826637272e+03
5.800844250141e+03 -4.033706398229e+03 -2.870302193308e+03
5.802042643407e+03 -4.037294155423e+03 -2.862774402012e+03
5.803233712482e+03 -4.040877314219e+03 -2.855243272204e+03
5.804417444889e+03 -4.044455886459e+03 -2.847708812708e+03
5.805593839998e+03 -4.048029866967e+03 -2.840171032354e+03
5.806762897185e+03 -4.051599250576e+03 -2.832629939973e+03
5.807924615836e+03 -4.055164032121e+03 -2.825085544399e+03
5.809078995347e+03 -4.058724206446e+03 -2.817537854473e+03
5.810226023205e+03 -4.062279785443e+03 -2.809986879037e+03
5.811365722648e+03 -4.065830729876e+03 -2.802432626936e+03
5.812498081191e+03 -4.069377051645e+03 -2.794875107020e+03
5.813623098267e+03 -4.072918745614e+03 -2.787314328142e+03
5.814740773317e+03 -4.076455806651e+03 -2.779750299158e+03
5.815851105789e+03 -4.079988229629e+03 -2.772183028930e+03
5.816954095145e+03 -4.083516009428e+03 -2.764612526319e+03
5.818049740851e+03 -4.087039140931e+03 -2.757038800193e+03
5.819138030385e+03 -4.090557636101e+03 -2.749461859423e+03
5.820218987224e+03 -4.094071455691e+03 -2.741881712882e+03
5.821292598873e+03 -4.097580611671e+03 -2.734298369448e+03
5.822358864837e+03 -4.101085098945e+03 -2.726711838002e+03
5.823417784631e+03 -4.104584912425e+03 -2.719122127427e+03
5.824469357776e+03 -4.108080047027e+03 -2.711529246611e+03
5.825513583805e+03 -4.111570497673e+03 -2.703933204446e+03
5.826550450186e+03 -4.115056276383e+03 -2.696334009826e+03
5.827579980605e+03 -4.118537343906e+03 -2.688731671648e+03
5.828602162559e+03 -4.122013712269e+03 -2.681126198814e+03
5.829616995616e+03 -4.125485376416e+03 -2.673517600229e+03
5.830624479354e+03 -4.128952331295e+03 -2.665905884800e+03
5.831624613359e+03 -4.132414571860e+03 -2.658291061438e+03
5.832617397227e+03 -4.135872093071e+03 -2.650673139058e+03
5.833602818418e+03 -4.139324907007e+03 -2.643052126578e+03
5.834580900826e+03 -4.142772974410e+03 -2.635428032920e+03
5.835551631931e+03 -4.146216307365e+03 -2.627800867003e+03
5.836515011361e+03 -4.149654900847e+03 -2.620170637755e+03
5.837471038756e+03 -4.153088749843e+03 -2.612537354106e+03
5.838419713768e+03 -4.156517849345e+03 -2.604901024991e+03
5.839361036056e+03 -4.159942194351e+03 -2.597261659346e+03
5.840295005287e+03 -4.163361779863e+03 -2.589619266114e+03
5.841221608916e+03 -4.166776618026e+03 -2.581973854239e+03
5.842140871068e+03 -4.170186669582e+03 -2.574325432667e+03
5.843052779225e+03 -4.173591946685e+03 -2.566674010349e+03
5.843957333091e+03 -4.176992444360e+03 -2.559019596240e+03
5.844854532380e+03 -4.180388157637e+03 -2.551362199296e+03
5.845744376817e+03 -4.183779081551e+03 -2.543701828478e+03
5.846626866132e+03 -4.187165211144e+03 -2.536038492749e+03
5.847501987773e+03 -4.190546558618e+03 -2.528372201076e+03
5.848369766069e+03 -4.193923084716e+03 -2.520702962429e+03
5.849230188495e+03 -4.197294801649e+03 -2.513030785780e+03
5.850083254821e+03 -4.200661704480e+03 -2.505355680106e+03
5.850928964823e+03 -4.204023788279e+03 -2.497677654386e+03
5.851767318288e+03 -4.207381048118e+03 -2.489996717602e+03
5.852598315012e+03 -4.210733479080e+03 -2.482312878740e+03
5.853421954800e+03 -4.214081076247e+03 -2.474626146789e+03
5.854238225094e+03 -4.217423851888e+03 -2.466936530740e+03
5.855047150452e+03 -4.220761766750e+03 -2.459244039588e+03
5.855848718343e+03 -4.224094833108e+03 -2.451548682330e+03
5.856642928610e+03 -4.227423046070e+03 -2.443850467969e+03
5.857429781101e+03 -4.230746400748e+03 -2.436149405507e+03
5.858209275677e+03 -4.234064892263e+03 -2.428445503952e+03
5.858981412206e+03 -4.237378515738e+03 -2.420738772313e+03
5.859746178123e+03 -4.240687283496e+03 -2.413029219605e+03
5.860503598190e+03 -4.243991156289e+03 -2.405316854842e+03
5.861253659869e+03 -4.247290146450e+03 -2.397601687045e+03
5.861996363066e+03 -4.250584249126e+03 -2.389883725234e+03
5.862731707694e+03 -4.253873459467e+03 -2.382162978436e+03
5.863459693676e+03 -4.257157772634e+03 -2.374439455679e+03
5.864180320945e+03 -4.260437183788e+03 -2.366713165992e+03
5.864893589440e+03 -4.263711688101e+03 -2.358984118411e+03
5.865599486593e+03 -4.266981297955e+03 -2.351252321972e+03
5.866298037392e+03 -4.270245974116e+03 -2.343517785715e+03
5.866989229294e+03 -4.273505728976e+03 -2.335780518684e+03
5.867673062278e+03 -4.276760557729e+03 -2.328040529922e+03
5.868349536330e+03 -4.280010455570e+03 -2.320297828480e+03
5.869018651444e+03 -4.283255417705e+03 -2.312552423409e+03
5.869680407625e+03 -4.286495439341e+03 -2.304804323763e+03
5.870334792301e+03 -4.289730532915e+03 -2.297053538599e+03
5.870981830655e+03 -4.292960659206e+03 -2.289300076978e+03
5.871621510144e+03 -4.296185830660e+03 -2.281543947962e+03
5.872253830806e+03 -4.299406042508e+03 -2.273785160618e+03
5.872878792693e+03 -4.302621289988e+03 -2.266023724014e+03
5.873496395862e+03 -4.305831568343e+03 -2.258259647221e+03
5.874106640380e+03 -4.309036872822e+03 -2.250492939314e+03
5.874709513674e+03 -4.312237215914e+03 -2.242723609370e+03
5.875305041120e+03 -4.315432558412e+03 -2.234951666469e+03
5.875893210174e+03 -4.318622912815e+03 -2.227177119694e+03
5.876474020937e+03 -4.321808274394e+03 -2.219399978130e+03
5.877047473522e+03 -4.324988638428e+03 -2.211620250865e+03
5.877613568051e+03 -4.328164000198e+03 -2.203837946990e+03
5.878172304654e+03 -4.331334354995e+03 -2.196053075600e+03
5.878723683471e+03 -4.334499698113e+03 -2.188265645791e+03
5.879267691925e+03 -4.337660042102e+03 -2.180475666661e+03
5.879804355616e+03 -4.340815347771e+03 -2.172683147314e+03
5.880333661993e+03 -4.343965627680e+03 -2.164888096853e+03
5.880855611225e+03 -4.347110877142e+03 -2.157090524383e+03
5.881370203489e+03 -4.350251091474e+03 -2.149290439012e+03
5.881877438979e+03 -4.353386266006e+03 -2.141487849853e+03
5.882377317898e+03 -4.356516396074e+03 -2.133682766021e+03
5.882869827665e+03 -4.359641494277e+03 -2.125875196634e+03
5.883354994075e+03 -4.362761521445e+03 -2.118065150813e+03
5.883832804574e+03 -4.365876490189e+03 -2.110252637681e+03
5.884303259402e+03 -4.368986395867e+03 -2.102437666364e+03
5.884766358806e+03 -4.372091233844e+03 -2.094620245992e+03
5.885222103043e+03 -4.375190999489e+03 -2.086800385695e+03
5.885670492378e+03 -4.378285688179e+03 -2.078978094607e+03
5.886111527086e+03 -4.381375295296e+03 -2.071153381866e+03
5.886545194588e+03 -4.384459833497e+03 -2.063326256609e+03
5.886971520893e+03 -4.387539263638e+03 -2.055496727979e+03
5.887390493450e+03 -4.390613598386e+03 -2.047664805120e+03
5.887802112568e+03 -4.393682833147e+03 -2.039830497178e+03
5.888206378567e+03 -4.396746963333e+03 -2.031993813304e+03
5.888603291776e+03 -4.399805984360e+03 -2.024154762648e+03
5.888992852533e+03 -4.402859891651e+03 -2.016313354366e+03
5.889375048258e+03 -4.405908697915e+03 -2.008469597613e+03
5.889749905149e+03 -4.408952364030e+03 -2.000623501551e+03
5.890117410655e+03 -4.411990902714e+03 -1.992775075340e+03
5.890477565149e+03 -4.415024309414e+03 -1.984924328144e+03
5.890830369013e+03 -4.418052579582e+03 -1.977071269132e+03
5.891175822638e+03 -4.421075708678e+03 -1.969215907471e+03
5.891513926426e+03 -4.424093692166e+03 -1.961358252333e+03
5.891844667797e+03 -4.427106542801e+03 -1.953498312894e+03
5.892168073138e+03 -4.430114221490e+03 -1.945636098329e+03
5.892484129896e+03 -4.433116741000e+03 -1.937771617817e+03
5.892792838508e+03 -4.436114096819e+03 -1.929904880540e+03
5.893094199419e+03 -4.439106284441e+03 -1.922035895682e+03
5.893388213083e+03 -4.442093299367e+03 -1.914164672429e+03
5.893674879963e+03 -4.445075137103e+03 -1.906291219969e+03
5.893954200531e+03 -4.448051793160e+03 -1.898415547493e+03
5.894226162211e+03 -4.451023280351e+03 -1.890537664195e+03
5.894490791599e+03 -4.453989559614e+03 -1.882657579270e+03
5.894748076147e+03 -4.456950643771e+03 -1.874775301916e+03
5.894998016360e+03 -4.459906528359e+03 -1.866890841334e+03
5.895240612757e+03 -4.462857208920e+03 -1.859004206726e+03
5.895475865863e+03 -4.465802681002e+03 -1.851115407296e+03
5.895703776213e+03 -4.468742940159e+03 -1.843224452254e+03
5.895924331231e+03 -4.471677999249e+03 -1.835331350807e+03
5.896137557700e+03 -4.474607819244e+03 -1.827436112168e+03
5.896343443071e+03 -4.477532413013e+03 -1.819538745550e+03
5.896541987914e+03 -4.480451776134e+03 -1.811639260171e+03
5.896733192808e+03 -4.483365904192e+03 -1.803737665248e+03
5.896917058343e+03 -4.486274792777e+03 -1.795833970003e+03
5.897093585115e+03 -4.489178437486e+03 -1.787928183658e+03
5.897262773730e+03 -4.492076833922e+03 -1.780020315439e+03
5.897424611617e+03 -4.494969994995e+03 -1.772110374574e+03
5.897579125766e+03 -4.497857881716e+03 -1.764198370292e+03
5.897726303631e+03 -4.500740507009e+03 -1.756284311824e+03
5.897866145855e+03 -4.503617866499e+03 -1.748368208407e+03
5.897998653087e+03 -4.506489955820e+03 -1.740450069274e+03
5.898123825988e+03 -4.509356770612e+03 -1.732529903666e+03
5.898241665226e+03 -4.512218306519e+03 -1.724607720822e+03
5.898352158234e+03 -4.515074576498e+03 -1.716683529985e+03
5.898455332181e+03 -4.517925541597e+03 -1.708757340401e+03
5.898551174526e+03 -4.520771214784e+03 -1.700829161317e+03
5.898639685973e+03 -4.523611591730e+03 -1.692899001980e+03
5.898720867236e+03 -4.526446668109e+03 -1.684966871644e+03
5.898794719036e+03 -4.529276439606e+03 -1.677032779561e+03
5.898861242105e+03 -4.532100901907e+03 -1.669096734986e+03
5.898920437184e+03 -4.534920050707e+03 -1.661158747178e+03
5.898972291708e+03 -4.537733899014e+03 -1.653218825396e+03
5.899016833052e+03 -4.540542407922e+03 -1.645276978901e+03
5.899054048680e+03 -4.543345590449e+03 -1.637333216958e+03
5.899083939367e+03 -4.546143442315e+03 -1.629387548832e+03
5.899106505898e+03 -4.548935959246e+03 -1.621439983791e+03
5.899121749066e+03 -4.551723136973e+03 -1.613490531105e+03
5.899129669673e+03 -4.554504971234e+03 -1.605539200046e+03
5.899130255162e+03 -4.557281475080e+03 -1.597585999888e+03
5.899123533084e+03 -4.560052609648e+03 -1.589630939906e+03
5.899109490907e+03 -4.562818388000e+03 -1.581674029378e+03
5.899088129469e+03 -4.565578805900e+03 -1.573715277585e+03
5.899059449617e+03 -4.568333859116e+03 -1.565754693808e+03
5.899023452207e+03 -4.571083543424e+03 -1.557792287330e+03
5.898980138102e+03 -4.573827854605e+03 -1.549828067438e+03
5.898929494751e+03 -4.576566805754e+03 -1.541862043419e+03
5.898871549882e+03 -4.579300358050e+03 -1.533894224563e+03
5.898806290966e+03 -4.582028524601e+03 -1.525924620160e+03
5.898733718905e+03 -4.584751301214e+03 -1.517953239505e+03
5.898653834606e+03 -4.587468683701e+03 -1.509980091893e+03
5.898566638989e+03 -4.590180667880e+03 -1.502005186620e+03
5.898472132979e+03 -4.592887249577e+03 -1.494028532986e+03
5.898370317503e+03 -4.595588424616e+03 -1.486050140289e+03
5.898261180015e+03 -4.598284206141e+03 -1.478070017832e+03
5.898144748443e+03 -4.600974555385e+03 -1.470088174920e+03
5.898021010266e+03 -4.603659485505e+03 -1.462104620859e+03
5.897889966455e+03 -4.606338992357e+03 -1.454119364956e+03
5.897751617990e+03 -4.609013071804e+03 -1.446132416523e+03
5.897605965861e+03 -4.611681719716e+03 -1.438143784872e+03
5.897453011065e+03 -4.614344931968e+03 -1.430153479315e+03
5.897292741064e+03 -4.617002721746e+03 -1.422161509168e+03
5.897125183955e+03 -4.619655050333e+03 -1.414167883748e+03
5.896950327228e+03 -4.622301930926e+03 -1.406172612375e+03
5.896768171913e+03 -4.624943359427e+03 -1.398175704369e+03
5.896578719054e+03 -4.627579331743e+03 -1.390177169053e+03
5.896381969701e+03 -4.630209843789e+03 -1.382177015750e+03
5.896177924915e+03 -4.632834891485e+03 -1.374175253787e+03
5.895966585763e+03 -4.635454470757e+03 -1.366171892491e+03
5.895747939716e+03 -4.638068594835e+03 -1.358166941191e+03
5.895522015068e+03 -4.640677225065e+03 -1.350160409219e+03
5.895288799313e+03 -4.643280374690e+03 -1.342152305907e+03
5.895048293557e+03 -4.645878039663e+03 -1.334142640589e+03
5.894800498910e+03 -4.648470215941e+03 -1.326131422602e+03
5.894545416496e+03 -4.651056899490e+03 -1.318118661283e+03
5.894283047443e+03 -4.653638086281e+03 -1.310104365971e+03
5.894013379232e+03 -4.656213789586e+03 -1.302088546008e+03
5.893736440324e+03 -4.658783970802e+03 -1.294071210735e+03
5.893452218222e+03 -4.661348643213e+03 -1.286052369497e+03
5.893160714091e+03 -4.663907802817e+03 -1.278032031640e+03
5.892861929108e+03 -4.666461445617e+03 -1.270010206511e+03
5.892555864454e+03 -4.669009567624e+03 -1.261986903458e+03
5.892242521321e+03 -4.671552164854e+03 -1.253962131833e+03
5.891921887198e+03 -4.674089250615e+03 -1.245935900988e+03
5.891593990712e+03 -4.676620786364e+03 -1.237908220275e+03
5.891258819377e+03 -4.679146785424e+03 -1.229879099050e+03
5.890916374419e+03 -4.681667243838e+03 -1.221848546670e+03
5.890566657075e+03 -4.684182157653e+03 -1.213816572493e+03
5.890209668589e+03 -4.686691522926e+03 -1.205783185878e+03
5.889845410214e+03 -4.689195335718e+03 -1.197748396187e+03
5.889473883213e+03 -4.691693592097e+03 -1.189712212783e+03
5.889095075085e+03 -4.694186305416e+03 -1.181674645029e+03
5.888709014646e+03 -4.696673437199e+03 -1.173635702292e+03
5.888315689420e+03 -4.699155000813e+03 -1.165595393937e+03
5.887915100705e+03 -4.701630992351e+03 -1.157553729335e+03
5.887507249805e+03 -4.704101407916e+03 -1.149510717855e+03
5.887092138037e+03 -4.706566243613e+03 -1.141466368868e+03
5.886669766724e+03 -4.709025495556e+03 -1.133420691747e+03
5.886240123374e+03 -4.711479177135e+03 -1.125373695866e+03
5.885803236969e+03 -4.713927249938e+03 -1.117325390602e+03
5.885359095040e+03 -4.716369727367e+03 -1.109275785330e+03
5.884907698947e+03 -4.718806605562e+03 -1.101224889430e+03
5.884449050049e+03 -4.721237880662e+03 -1.093172712280e+03
5.883983149719e+03 -4.723663548820e+03 -1.085119263261e+03
5.883509999341e+03 -4.726083606193e+03 -1.077064551755e+03
5.883029600310e+03 -4.728498048948e+03 -1.069008587145e+03
5.882541940146e+03 -4.730906890517e+03 -1.060951378818e+03
5.882047048014e+03 -4.733310092558e+03 -1.052892936160e+03
5.881544911460e+03 -4.735707668518e+03 -1.044833268559e+03
5.881035531911e+03 -4.738099614590e+03 -1.036772385403e+03
5.880518910806e+03 -4.740485926971e+03 -1.028710296084e+03
5.879995049590e+03 -4.742866601867e+03 -1.020647009993e+03
5.879463949717e+03 -4.745241635490e+03 -1.012582536523e+03
5.878925598721e+03 -4.747611041307e+03 -1.004516885068e+03
5.878380025925e+03 -4.749974781045e+03 -9.964500650250e+02
5.877827218887e+03 -4.752332868185e+03 -9.883820857895e+02
5.877267179097e+03 -4.754685298967e+03 -9.803129567600e+02
5.876699908053e+03 -4.757032069634e+03 -9.722426873357e+02
5.876125407261e+03 -4.759373176440e+03 -9.641712869172e+02
5.875543678237e+03 -4.761708615641e+03 -9.560987649061e+02
5.874954722505e+03 -4.764038383504e+03 -9.480251307053e+02
5.874358527613e+03 -4.766362493533e+03 -9.399503937188e+02
5.873755123065e+03 -4.768680907537e+03 -9.318745633521e+02
5.873144496432e+03 -4.770993639037e+03 -9.237976490113e+02
5.872526649275e+03 -4.773300684324e+03 -9.157196601042e+02
5.871901583159e+03 -4.775602039696e+03 -9.076406060394e+02
5.871269299663e+03 -4.777897701459e+03 -8.995604962267e+02
5.870629800369e+03 -4.780187665924e+03 -8.914793400771e+02
5.869983072842e+03 -4.782471946630e+03 -8.833971470027e+02
5.869329146738e+03 -4.784750505458e+03 -8.753139264165e+02
5.868668009644e+03 -4.787023355963e+03 -8.672296877329e+02
5.867999663179e+03 -4.789290494482e+03 -8.591444403671e+02
5.867324108972e+03 -4.791551917362e+03 -8.510581937356e+02
5.866641348659e+03 -4.793807620953e+03 -8.429709572558e+02
5.865951383886e+03 -4.796057601614e+03 -8.348827403462e+02
5.865254202230e+03 -4.798301872917e+03 -8.267935524263e+02
5.864549833500e+03 -4.800540396818e+03 -8.187034029168e+02
5.863838265299e+03 -4.802773186904e+03 -8.106123012391e+02
5.863119499306e+03 -4.805000239560e+03 -8.025202568159e+02
5.862393537209e+03 -4.807221551179e+03 -7.944272790707e+02
5.861660380705e+03 -4.809437118159e+03 -7.863333774282e+02
5.860920031502e+03 -4.811646936905e+03 -7.782385613139e+02
5.860172491312e+03 -4.813851003830e+03 -7.701428401543e+02
5.859417747730e+03 -4.816049332544e+03 -7.620462233769e+02
5.858655830740e+03 -4.818241885087e+03 -7.539487204102e+02
5.857886727959e+03 -4.820428675087e+03 -7.458503406835e+02
5.857110441136e+03 -4.822609698981e+03 -7.377510936271e+02
5.856326972029e+03 -4.824784953216e+03 -7.296509886722e+02
5.855536322403e+03 -4.826954434245e+03 -7.215500352511e+02
5.854738494034e+03 -4.829118138526e+03 -7.134482427967e+02
5.853933474531e+03 -4.831276079701e+03 -7.053456207429e+02
5.853121294028e+03 -4.833428219892e+03 -6.972421785247e+02
5.852301940157e+03 -4.835574572755e+03 -6.891379255776e+02
5.851475414727e+03 -4.837715134777e+03 -6.810328713383e+02
5.850641719557e+03 -4.839849902451e+03 -6.729270252441e+02
5.849800856472e+03 -4.841978872277e+03 -6.648203967332e+02
5.848952827307e+03 -4.844102040764e+03 -6.567129952449e+02
5.848097633907e+03 -4.846219404423e+03 -6.486048302190e+02
5.847235263898e+03 -4.848330976933e+03 -6.404959110962e+02
5.846365747584e+03 -4.850436720506e+03 -6.323862473180e+02
5.845489072616e+03 -4.852536648836e+03 -6.242758483268e+02
5.844605240871e+03 -4.854630758464e+03 -6.161647235657e+02
5.843714254237e+03 -4.856719045938e+03 -6.080528824787e+02
5.842816114608e+03 -4.858801507812e+03 -5.999403345103e+02
5.841910823887e+03 -4.860878140649e+03 -5.918270891059e+02
5.840998369720e+03 -4.862948958154e+03 -5.837131557118e+02
5.840078782555e+03 -4.865013922626e+03 -5.755985437749e+02
5.839152050061e+03 -4.867073047788e+03 -5.674832627427e+02
5.838218174175e+03 -4.869126330228e+03 -5.593673220637e+02
5.837277156843e+03 -4.871173766543e+03 -5.512507311868e+02
5.836329000022e+03 -4.873215353336e+03 -5.431334995619e+02
5.835373705673e+03 -4.875251087218e+03 -5.350156366394e+02
5.834411261460e+03 -4.877280981921e+03 -5.268971518705e+02
5.833441697976e+03 -4.879304999834e+03 -5.187780547068e+02
5.832465002907e+03 -4.881323154705e+03 -5.106583546010e+02
5.831481178251e+03 -4.883335443175e+03 -5.025380610060e+02
5.830490226012e+03 -4.885341861886e+03 -4.944171833756e+02
5.829492148207e+03 -4.887342407490e+03 -4.862957311642e+02
5.828486946859e+03 -4.889337076646e+03 -4.781737138268e+02
5.827474623999e+03 -4.891325866019e+03 -4.700511408190e+02
5.826455167311e+03 -4.893308789376e+03 -4.619280215970e+02
5.825428607551e+03 -4.895285809205e+03 -4.538043656176e+02
5.824394932426e+03 -4.897256939289e+03 -4.456801823382e+02
5.823354144002e+03 -4.899222176322e+03 -4.375554812166e+02
5.822306244352e+03 -4.901181517002e+03 -4.294302717114e+02
5.821251235561e+03 -4.903134958039e+03 -4.213045632817e+02
5.820189119719e+03 -4.905082496145e+03 -4.131783653870e+02
5.819119884529e+03 -4.907024145114e+03 -4.050516874875e+02
5.818043560888e+03 -4.908959867527e+03 -3.969245390437e+02
5.816960136522e+03 -4.910889677193e+03 -3.887969295169e+02
5.815869613555e+03 -4.912813570856e+03 -3.806688683687e+02
5.814771994122e+03 -4.914731545263e+03 -3.725403650612e+02
5.813667280365e+03 -4.916643597171e+03 -3.644114290569e+02
5.812555474435e+03 -4.918549723344e+03 -3.562820698191e+02
5.811436578491e+03 -4.920449920550e+03 -3.481522968112e+02
5.810310580259e+03 -4.922344202614e+03 -3.400221194972e+02
5.809177510793e+03 -4.924232532222e+03 -3.318915473415e+02
5.808037357843e+03 -4.926114923218e+03 -3.237605898089e+02
5.806890123600e+03 -4.927991372397e+03 -3.156292563648e+02
5.805735810266e+03 -4.929861876565e+03 -3.074975564748e+02
5.804574420052e+03 -4.931726432535e+03 -2.993654996049e+02
5.803405955176e+03 -4.933585037126e+03 -2.912330952216e+02
5.802230403381e+03 -4.935437704184e+03 -2.831003527916e+02
5.801047795855e+03 -4.937284396489e+03 -2.749672817819e+02
5.799858120367e+03 -4.939125127910e+03 -2.668338916600e+02
5.798661379169e+03 -4.940959895294e+03 -2.587001918940e+02
5.797457574522e+03 -4.942788695495e+03 -2.505661919519e+02
5.796246708695e+03 -4.944611525375e+03 -2.424319013025e+02
5.795028783967e+03 -4.946428381802e+03 -2.342973294146e+02
5.793803802623e+03 -4.948239261654e+03 -2.261624857573e+02
5.792571752435e+03 -4.950044178806e+03 -2.180273798002e+02
5.791332664747e+03 -4.951843096156e+03 -2.098920210129e+02
5.790086527352e+03 -4.953636027600e+03 -2.017564188657e+02
5.788833342571e+03 -4.955422970042e+03 -1.936205828287e+02
5.787573112731e+03 -4.957203920393e+03 -1.854845223724e+02
5.786305840169e+03 -4.958978875572e+03 -1.773482469678e+02
5.785031527230e+03 -4.960747832504e+03 -1.692117660857e+02
5.783750161708e+03 -4.962510805090e+03 -1.610750891975e+02
5.782461775079e+03 -4.964267756328e+03 -1.529382257747e+02
5.781166355159e+03 -4.966018700140e+03 -1.448011852887e+02
5.779863904325e+03 -4.967763633477e+03 -1.366639772116e+02
5.778554424966e+03 -4.969502553302e+03 -1.285266110154e+02
5.777237919477e+03 -4.971235456582e+03 -1.203890961721e+02
5.775914390260e+03 -4.972962340294e+03 -1.122514421543e+02
5.774583825135e+03 -4.974683218360e+03 -1.041136584345e+02
5.773246255704e+03 -4.976398053885e+03 -9.597575448517e+01
5.771901669809e+03 -4.978106860809e+03 -8.783773977927e+01
5.770550069885e+03 -4.979809636137e+03 -7.969962378966e+01
5.769191458378e+03 -4.981506376881e+03 -7.156141598937e+01
5.767825837743e+03 -4.983197080058e+03 -6.342312585155e+01
5.766453210441e+03 -4.984881742694e+03 -5.528476284939e+01
5.765073578942e+03 -4.986560361822e+03 -4.714633645622e+01
5.763686931092e+03 -4.988232951391e+03 -3.900785614541e+01
5.762293298642e+03 -4.989899474625e+03 -3.086933139041e+01
5.760892669457e+03 -4.991559945491e+03 -2.273077166471e+01
5.759485046042e+03 -4.993214361051e+03 -1.459218644184e+01
5.758070430908e+03 -4.994862718374e+03 -6.453585195396e+00
5.756648826577e+03 -4.996505014535e+03 1.685022601033e+00
5.755220235576e+03 -4.998141246618e+03 9.823627473836e+00
5.753784645775e+03 -4.999771428592e+03 1.796221994940e+01
5.752342089051e+03 -5.001395523791e+03 2.610079055411e+01
5.750892553294e+03 -5.003013546202e+03 3.423932981436e+01
5.749436041067e+03 -5.004625492939e+03 4.237782825659e+01
5.747972554933e+03 -5.006231361115e+03 5.051627640723e+01
5.746502097471e+03 -5.007831147855e+03 5.865466479273e+01
5.745024671266e+03 -5.009424850292e+03 6.679298393965e+01
5.743540278913e+03 -5.011012465567e+03 7.493122437459e+01
5.742048908309e+03 -5.012594007673e+03 8.306937662423e+01
5.740550591474e+03 -5.014169440068e+03 9.120743121533e+01
5.739045316326e+03 -5.015738776767e+03 9.934537867476e+01
5.737533085493e+03 -5.017302014937e+03 1.074832095295e+02
5.736013901611e+03 -5.018859151755e+03 1.156209143065e+02
5.734487767325e+03 -5.020410184407e+03 1.237584835332e+02
5.732954685288e+03 -5.021955110082e+03 1.318959077367e+02
5.731414643423e+03 -5.023493942795e+03 1.400331774447e+02
5.729867673872e+03 -5.025026646117e+03 1.481702831847e+02
5.728313764577e+03 -5.026553234081e+03 1.563072154845e+02
5.726752918226e+03 -5.028073703906e+03 1.644439648722e+02
5.725185137512e+03 -5.029588052821e+03 1.725805218759e+02
5.723610425138e+03 -5.031096278061e+03 1.807168770240e+02
5.722028783815e+03 -5.032598376869e+03 1.888530208450e+02
5.720440201492e+03 -5.034094363275e+03 1.969889438678e+02
5.718844710430e+03 -5.035584200968e+03 2.051246366214e+02
5.717242298601e+03 -5.037067903999e+03 2.132600896350e+02
5.715632968747e+03 -5.038545469639e+03 2.213952934382e+02
5.714016723621e+03 -5.040016895167e+03 2.295302385608e+02
5.712393565982e+03 -5.041482177870e+03 2.376649155327e+02
5.710763498599e+03 -5.042941315041e+03 2.457993148844e+02
5.709126524248e+03 -5.044394303981e+03 2.539334271464e+02
5.707482630911e+03 -5.045841158743e+03 2.620672428497e+02
5.705831850982e+03 -5.047281843148e+03 2.702007525255e+02
5.704174172465e+03 -5.048716371268e+03 2.783339467053e+02
5.702509598167e+03 -5.050144740434e+03 2.864668159211e+02
5.700838130907e+03 -5.051566947982e+03 2.945993507051e+02
5.699159773509e+03 -5.052982991259e+03 3.027315415897e+02
5.697474528809e+03 -5.054392867617e+03 3.108633791081e+02
5.695782384813e+03 -5.055796591124e+03 3.189948537935e+02
5.694083374035e+03 -5.057194125723e+03 3.271259561795e+02
5.692377484504e+03 -5.058585485504e+03 3.352566768004e+02
5.690664719087e+03 -5.059970667847e+03 3.433870061905e+02
5.688945080656e+03 -5.061349670142e+03 3.515169348848e+02
5.687218572096e+03 -5.062722489785e+03 3.596464534186e+02
5.685485196297e+03 -5.064089124181e+03 3.677755523277e+02
5.683744956159e+03 -5.065449570740e+03 3.759042221483e+02
5.681997839721e+03 -5.066803843551e+03 3.840324534170e+02
5.680243879628e+03 -5.068151906694e+03 3.921602366709e+02
5.678483063939e+03 -5.069493774280e+03 4.002875624477e+02
5.676715395588e+03 -5.070829443747e+03 4.084144212854e+02
5.674940877513e+03 -5.072158912544e+03 4.165408037225e+02
5.673159512662e+03 -5.073482178128e+03 4.246667002981e+02
5.671371303991e+03 -5.074799237961e+03 4.327921015517e+02
5.669576239573e+03 -5.076110106148e+03 4.409169980235e+02
5.667774352160e+03 -5.077414746896e+03 4.490413802539e+02
5.665965629845e+03 -5.078713174328e+03 4.571652387841e+02
5.664150075617e+03 -5.080005385938e+03 4.652885641558e+02
5.662327692470e+03 -5.081291379225e+03 4.734113469113e+02
5.660498483410e+03 -5.082571151698e+03 4.815335775933e+02
5.658662451448e+03 -5.083844700871e+03 4.896552467452e+02
5.656819599606e+03 -5.085112024267e+03 4.977763449111e+02
5.654969915990e+03 -5.086373136007e+03 5.058968626355e+02
5.653113433477e+03 -5.087628000441e+03 5.140167904637e+02
5.651250140194e+03 -5.088876631709e+03 5.221361189414e+02
5.649380039192e+03 -5.090119027366e+03 5.302548386151e+02
5.647503133534e+03 -5.091355184970e+03 5.383729400319e+02
5.645619426288e+03 -5.092585102089e+03 5.464904137396e+02
5.643728920531e+03 -5.093808776297e+03 5.546072502866e+02
5.641831604399e+03 -5.095026221729e+03 5.627234402218e+02
5.639927510879e+03 -5.096237402866e+03 5.708389740952e+02
5.638016628128e+03 -5.097442333861e+03 5.789538424572e+02
5.636098959253e+03 -5.098641012319e+03 5.870680358588e+02
5.634174507373e+03 -5.099833435854e+03 5.951815448521e+02
5.632243275612e+03 -5.101019602084e+03 6.032943599895e+02
5.630305267103e+03 -5.102199508637e+03 6.114064718243e+02
5.628360470017e+03 -5.103373169661e+03 6.195178709108e+02
5.626408917443e+03 -5.104540549767e+03 6.276285478036e+02
5.624450597570e+03 -5.105701663124e+03 6.357384930584e+02
5.622485513563e+03 -5.106856507388e+03 6.438476972315e+02
5.620513668595e+03 -5.108005080224e+03 6.519561508801e+02
5.618535065847e+03 -5.109147379305e+03 6.600638445620e+02
5.616549708509e+03 -5.110283402311e+03 6.681707688360e+02
5.614557599778e+03 -5.111413146929e+03 6.762769142616e+02
5.612558727860e+03 -5.112536627321e+03 6.843822713993e+02
5.610553125962e+03 -5.113653808250e+03 6.924868308101e+02
5.608540782311e+03 -5.114764703899e+03 7.005905830561e+02
5.606521700135e+03 -5.115869311986e+03 7.086935187002e+02
5.604495882671e+03 -5.116967630235e+03 7.167956283062e+02
5.602463333165e+03 -5.118059656380e+03 7.248969024386e+02
5.600424054869e+03 -5.119145388160e+03 7.329973316630e+02
5.598378036023e+03 -5.120224839749e+03 7.410969065458e+02
5.596325309935e+03 -5.121297976047e+03 7.491956176543e+02
5.594265864864e+03 -5.122364811246e+03 7.572934555566e+02
5.592199704095e+03 -5.123425343118e+03 7.653904108219e+02
5.590126830920e+03 -5.124479569442e+03 7.734864740203e+02
5.588047248640e+03 -5.125527488002e+03 7.815816357228e+02
5.585960960564e+03 -5.126569096592e+03 7.896758865013e+02
5.583867970007e+03 -5.127604393014e+03 7.977692169288e+02
5.581768265248e+03 -5.128633391451e+03 8.058616175792e+02
5.579661879710e+03 -5.129656056962e+03 8.139530790273e+02
5.577548801688e+03 -5.130672403753e+03 8.220435918491e+02
5.575429034530e+03 -5.131682429654e+03 8.301331466213e+02
5.573302581594e+03 -5.132686132506e+03 8.382217339219e+02
5.571169446242e+03 -5.133683510155e+03 8.463093443298e+02
5.569029631846e+03 -5.134674560454e+03 8.543959684249e+02
5.566883126713e+03 -5.135659297593e+03 8.624815967873e+02
5.564729964361e+03 -5.136637686769e+03 8.705662199988e+02
5.562570133119e+03 -5.137609742196e+03 8.786498286424e+02
5.560403636392e+03 -5.138575461761e+03 8.867324133023e+02
5.558230477590e+03 -5.139534843355e+03 8.948139645638e+02
5.556050660133e+03 -5.140487884879e+03 9.028944730132e+02
5.553864187448e+03 -5.141434584239e+03 9.109739292379e+02
5.551671047881e+03 -5.142374955640e+03 9.190523238265e+02
5.549471275048e+03 -5.143308964422e+03 9.271296473686e+02
5.547264857314e+03 -5.144236624811e+03 9.352058904551e+02
5.545051798137e+03 -5.145157934743e+03 9.432810436780e+02
5.542832100984e+03 -5.146072892166e+03 9.513550976302e+02
5.540605769328e+03 -5.146981495033e+03 9.594280429063e+02
5.538372806652e+03 -5.147883741306e+03 9.674998701014e+02
5.536133216444e+03 -5.148779628952e+03 9.755705698124e+02
5.533886987094e+03 -5.149669172186e+03 9.836401326371e+02
5.531634152322e+03 -5.150552336512e+03 9.917085491744e+02
5.529374700534e+03 -5.151429136166e+03 9.997758100246e+02
5.527108635251e+03 -5.152299569148e+03 1.007841905789e+03
5.524835960001e+03 -5.153163633463e+03 1.015906827071e+03
5.522556678323e+03 -5.154021327128e+03 1.023970564474e+03
5.520270793758e+03 -5.154872648166e+03 1.032033108603e+03
5.517978294734e+03 -5.155717610796e+03 1.040094450065e+03
5.515679215060e+03 -5.156556180671e+03 1.048154579467e+03
5.513373543179e+03 -5.157388372033e+03 1.056213487419e+03
5.511061282666e+03 -5.158214182936e+03 1.064271164531e+03
5.508742437104e+03 -5.159033611439e+03 1.072327601414e+03
5.506417010085e+03 -5.159846655613e+03 1.080382788682e+03
5.504085005206e+03 -5.160653313535e+03 1.088436716948e+03
5.501746426074e+03 -5.161453583288e+03 1.096489376828e+03
5.499401261158e+03 -5.162247479099e+03 1.104540758939e+03
5.497049544367e+03 -5.163034966793e+03 1.112590853900e+03
5.494691264189e+03 -5.163816060619e+03 1.120639652330e+03
5.492326424261e+03 -5.164590758692e+03 1.128687144851e+03
5.489955028227e+03 -5.165359059136e+03 1.136733322084e+03
5.487577079741e+03 -5.166120960081e+03 1.144778174654e+03
5.485192582462e+03 -5.166876459666e+03 1.152821693185e+03
5.482801524899e+03 -5.167625572124e+03 1.160863868305e+03
5.480403941046e+03 -5.168368263429e+03 1.168904690642e+03
5.477999819429e+03 -5.169104547837e+03 1.176944150824e+03
5.475589163738e+03 -5.169834423518e+03 1.184982239484e+03
5.473171977673e+03 -5.170557888649e+03 1.193018947253e+03
5.470748264941e+03 -5.171274941415e+03 1.201054264766e+03
5.468318029255e+03 -5.171985580009e+03 1.209088182657e+03
5.465881274337e+03 -5.172689802633e+03 1.217120691564e+03
5.463437988740e+03 -5.173387623522e+03 1.225151782125e+03
5.460988206553e+03 -5.174079008829e+03 1.233181444980e+03
5.458531916347e+03 -5.174763972813e+03 1.241209670769e+03
5.456069121874e+03 -5.175442513707e+03 1.249236450137e+03
5.453599826893e+03 -5.176114629751e+03 1.257261773727e+03
5.451124035175e+03 -5.176780319192e+03 1.265285632185e+03
5.448641750493e+03 -5.177439580285e+03 1.273308016160e+03
5.446152961440e+03 -5.178092427272e+03 1.281328916299e+03
5.443657702187e+03 -5.178738826460e+03 1.289348323254e+03
5.441155961344e+03 -5.179378792113e+03 1.297366227677e+03
5.438647742716e+03 -5.180012322518e+03 1.305382620222e+03
5.436133050118e+03 -5.180639415968e+03 1.313397491545e+03
5.433611887370e+03 -5.181260070766e+03 1.321410832301e+03
5.431084258302e+03 -5.181874285222e+03 1.329422633151e+03
5.428550151545e+03 -5.182482073581e+03 1.337432884755e+03
5.426009601352e+03 -5.183083402308e+03 1.345441577774e+03
5.423462596370e+03 -5.183678285670e+03 1.353448702873e+03
5.420909140460e+03 -5.184266722007e+03 1.361454250716e+03
5.418349237486e+03 -5.184848709669e+03 1.369458211970e+03
5.415782891325e+03 -5.185424247013e+03 1.377460577305e+03
5.413210105858e+03 -5.185993332403e+03 1.385461337390e+03
5.410630884975e+03 -5.186555964213e+03 1.393460482899e+03
5.408045217355e+03 -5.187112156689e+03 1.401458004504e+03
5.405453137337e+03 -5.187661876480e+03 1.409453892881e+03
5.402854633618e+03 -5.188205137856e+03 1.417448138708e+03
5.400249710117e+03 -5.188741939220e+03 1.425440732664e+03
5.397638370762e+03 -5.189272278986e+03 1.433431665429e+03
5.395020619488e+03 -5.189796155572e+03 1.441420927687e+03
5.392396460237e+03 -5.190313567407e+03 1.449408510121e+03
5.389765881730e+03 -5.190824528740e+03 1.457394403418e+03
5.387128918382e+03 -5.191329006379e+03 1.465378598266e+03
5.384485558930e+03 -5.191827014598e+03 1.473361085355e+03
5.381835807347e+03 -5.192318551856e+03 1.481341855376e+03
5.379179667613e+03 -5.192803616619e+03 1.489320899024e+03
5.376517143715e+03 -5.193282207363e+03 1.497298206992e+03
5.373848239649e+03 -5.193754322571e+03 1.505273769978e+03
5.371172959416e+03 -5.194219960733e+03 1.513247578682e+03
5.368491291788e+03 -5.194679136099e+03 1.521219623804e+03
5.365803271261e+03 -5.195131815666e+03 1.529189896047e+03
5.363108886620e+03 -5.195578013708e+03 1.537158386116e+03
5.360408141899e+03 -5.196017728747e+03 1.545125084717e+03
5.357701041137e+03 -5.196450959313e+03 1.553089982559e+03
5.354987588382e+03 -5.196877703945e+03 1.561053070352e+03
5.352267787688e+03 -5.197297961188e+03 1.569014338808e+03
5.349541627870e+03 -5.197711745292e+03 1.576973778642e+03
5.346809143493e+03 -5.198119023420e+03 1.584931380570e+03
5.344070323387e+03 -5.198519809847e+03 1.592887135311e+03
5.341325171636e+03 -5.198914103148e+03 1.600841033583e+03
5.338573692334e+03 -5.199301901912e+03 1.608793066111e+03
5.335815889578e+03 -5.199683204730e+03 1.616743223616e+03
5.333051767477e+03 -5.200058010205e+03 1.624691496827e+03
5.330281330144e+03 -5.200426316946e+03 1.632637876470e+03
5.327504566441e+03 -5.200788139200e+03 1.640582353277e+03
5.324721511016e+03 -5.201143444325e+03 1.648524917978e+03
5.321932152745e+03 -5.201492246592e+03 1.656465561309e+03
5.319136495774e+03 -5.201834544643e+03 1.664404274006e+03
5.316334544253e+03 -5.202170337128e+03 1.672341046807e+03
5.313526302341e+03 -5.202499622702e+03 1.680275870452e+03
5.310711774205e+03 -5.202822400032e+03 1.688208735685e+03
5.307890948753e+03 -5.203138683364e+03 1.696139633249e+03
5.305063860694e+03 -5.203448440225e+03 1.704068553891e+03
5.302230498953e+03 -5.203751684885e+03 1.711995488361e+03
5.299390867725e+03 -5.204048416041e+03 1.719920427409e+03
5.296544971214e+03 -5.204338632399e+03 1.727843361788e+03
5.293692813628e+03 -5.204622332671e+03 1.735764282254e+03
5.290834399186e+03 -5.204899515578e+03 1.743683179564e+03
5.287969716842e+03 -5.205170195364e+03 1.751600044477e+03
5.285098801369e+03 -5.205434339729e+03 1.759514867755e+03
5.282221641736e+03 -5.205691962941e+03 1.767427640162e+03
5.279338242191e+03 -5.205943063752e+03 1.775338352465e+03
5.276448606986e+03 -5.206187640924e+03 1.783246995431e+03
5.273552740384e+03 -5.206425693224e+03 1.791153559830e+03
5.270650646654e+03 -5.206657219431e+03 1.799058036437e+03
5.267742330070e+03 -5.206882218330e+03 1.806960416025e+03
5.264827779641e+03 -5.207100704159e+03 1.814860689371e+03
5.261907030209e+03 -5.207312644818e+03 1.822758847256e+03
5.258980070796e+03 -5.207518054571e+03 1.830654880461e+03
5.256046905707e+03 -5.207716932236e+03 1.838548779770e+03
5.253107539255e+03 -5.207909276636e+03 1.846440535969e+03
5.250161975758e+03 -5.208095086606e+03 1.854330139847e+03
5.247210219545e+03 -5.208274360986e+03 1.862217582195e+03
5.244252259668e+03 -5.208447114010e+03 1.870102853805e+03
5.241288131030e+03 -5.208613313757e+03 1.877985945474e+03
5.238317822700e+03 -5.208772974485e+03 1.885866847999e+03
5.235341339032e+03 -5.208926095067e+03 1.893745552180e+03
5.232358684390e+03 -5.209072674384e+03 1.901622048820e+03
5.229369863144e+03 -5.209212711326e+03 1.909496328724e+03
5.226374879673e+03 -5.209346204791e+03 1.917368382699e+03
5.223373738360e+03 -5.209473153682e+03 1.925238201554e+03
5.220366428313e+03 -5.209593572230e+03 1.933105776102e+03
5.217352984499e+03 -5.209707428715e+03 1.940971097158e+03
5.214333396043e+03 -5.209814737391e+03 1.948834155537e+03
5.211307667356e+03 -5.209915497198e+03 1.956694942060e+03
5.208275802860e+03 -5.210009707079e+03 1.964553447547e+03
5.205237806983e+03 -5.210097365988e+03 1.972409662825e+03
5.202193684160e+03 -5.210178472888e+03 1.980263578717e+03
5.199143423546e+03 -5.210253042001e+03 1.988115186055e+03
5.196087060164e+03 -5.210321041789e+03 1.995964475669e+03
5.193024583183e+03 -5.210382486500e+03 2.003811438394e+03
5.189955997068e+03 -5.210437375128e+03 2.011656065066e+03
5.186881306289e+03 -5.210485706675e+03 2.019498346523e+03
5.183800515324e+03 -5.210527480152e+03 2.027338273608e+03
5.180713628658e+03 -5.210562694575e+03 2.035175837165e+03
5.177620635496e+03 -5.210591364162e+03 2.043011028040e+03
5.174521570912e+03 -5.210613457557e+03 2.050843837082e+03
5.171416424125e+03 -5.210628989001e+03 2.058674255142e+03
5.168305199648e+03 -5.210637957546e+03 2.066502273076e+03
5.165187902003e+03 -5.210640362249e+03 2.074327881740e+03
5.162064535716e+03 -5.210636202178e+03 2.082151071993e+03
5.158935105323e+03 -5.210625476406e+03 2.089971834698e+03
5.155799615366e+03 -5.210608184017e+03 2.097790160718e+03
5.152658055105e+03 -5.210584339218e+03 2.105606040922e+03
5.149510459673e+03 -5.210553910865e+03 2.113419466178e+03
5.146356818344e+03 -5.210516913192e+03 2.121230427360e+03
5.143197135691e+03 -5.210473345315e+03 2.129038915343e+03
5.140031416289e+03 -5.210423206356e+03 2.136844921005e+03
5.136859664723e+03 -5.210366495448e+03 2.144648435225e+03
5.133681885585e+03 -5.210303211729e+03 2.152449448888e+03
5.130498068187e+03 -5.210233369399e+03 2.160247952879e+03
5.127308247706e+03 -5.210156937501e+03 2.168043938086e+03
5.124112413468e+03 -5.210073930259e+03 2.175837395401e+03
5.120910570094e+03 -5.209984346846e+03 2.183628315717e+03
5.117702722209e+03 -5.209888186441e+03 2.191416689931e+03
5.114488874447e+03 -5.209785448233e+03 2.199202508943e+03
5.111269031447e+03 -5.209676131419e+03 2.206985763654e+03
5.108043197859e+03 -5.209560235201e+03 2.214766444969e+03
5.104811363051e+03 -5.209437773771e+03 2.222544543796e+03
5.101573562255e+03 -5.209308716384e+03 2.230320051046e+03
5.098329784852e+03 -5.209173077258e+03 2.238092957631e+03
5.095080035520e+03 -5.209030855627e+03 2.245863254467e+03
5.091824318941e+03 -5.208882050738e+03 2.253630932473e+03
5.088562639803e+03 -5.208726661844e+03 2.261395982571e+03
5.085295002802e+03 -5.208564688206e+03 2.269158395685e+03
5.082021397362e+03 -5.208396144003e+03 2.276918162742e+03
5.078741858754e+03 -5.208220998684e+03 2.284675274673e+03
5.075456376415e+03 -5.208039266454e+03 2.292429722409e+03
5.072164955067e+03 -5.207850946607e+03 2.300181496887e+03
5.068867599442e+03 -5.207656038446e+03 2.307930589046e+03
5.065564314278e+03 -5.207454541279e+03 2.315676989827e+03
5.062255104319e+03 -5.207246454426e+03 2.323420690174e+03
5.058939974317e+03 -5.207031777214e+03 2.331161681035e+03
5.055618913755e+03 -5.206810523809e+03 2.338899953360e+03
5.052291957950e+03 -5.206582663880e+03 2.346635498102e+03
5.048959096391e+03 -5.206348211613e+03 2.354368306214e+03
5.045620333857e+03 -5.206107166365e+03 2.362098368654e+03
5.042275675132e+03 -5.205859527504e+03 2.369825676384e+03
5.038925125009e+03 -5.205605294406e+03 2.377550220369e+03
5.035568688290e+03 -5.205344466454e+03 2.385271991576e+03
5.032206354508e+03 -5.205077057804e+03 2.392990980978e+03
5.028838159021e+03 -5.204803038319e+03 2.400707179546e+03
5.025464091378e+03 -5.204522422180e+03 2.408420578260e+03
5.022084156404e+03 -5.204235208805e+03 2.416131168097e+03
5.018698358935e+03 -5.203941397617e+03 2.423838940041e+03
5.015306703811e+03 -5.203640988051e+03 2.431543885078e+03
5.011909195879e+03 -5.203333979546e+03 2.439245994197e+03
5.008505824730e+03 -5.203020386246e+03 2.446945258390e+03
5.005096625755e+03 -5.202700178210e+03 2.454641668652e+03
5.001681588556e+03 -5.202373369607e+03 2.462335215980e+03
4.998260718007e+03 -5.202039959913e+03 2.470025891376e+03
4.994834018992e+03 -5.201699948607e+03 2.477713685845e+03
4.991401496397e+03 -5.201353335182e+03 2.485398590393e+03
4.987963155119e+03 -5.201000119134e+03 2.493080596031e+03
4.984519000059e+03 -5.200640299972e+03 2.500759693773e+03
4.981069020871e+03 -5.200273891824e+03 2.508435874636e+03
4.977613252983e+03 -5.199900864976e+03 2.516109129639e+03
4.974151686061e+03 -5.199521233582e+03 2.523779449806e+03
4.970684325033e+03 -5.199134997182e+03 2.531446826163e+03
4.967211174837e+03 -5.198742155325e+03 2.539111249739e+03
4.963732240413e+03 -5.198342707566e+03 2.546772711567e+03
4.960247526712e+03 -5.197936653470e+03 2.554431202683e+03
4.956757023441e+03 -5.197524007151e+03 2.562086714125e+03
4.953260766061e+03 -5.197104739095e+03 2.569739236937e+03
4.949758744293e+03 -5.196678863443e+03 2.577388762162e+03
4.946250963111e+03 -5.196246379794e+03 2.585035280850e+03
4.942737427500e+03 -5.195807287752e+03 2.592678784054e+03
4.939218142448e+03 -5.195361586931e+03 2.600319262827e+03
4.935693112952e+03 -5.194909276952e+03 2.607956708228e+03
4.932162344015e+03 -5.194450357447e+03 2.615591111319e+03
4.928625825408e+03 -5.193984842512e+03 2.623222463165e+03
4.925083592625e+03 -5.193512702865e+03 2.630850754834e+03
4.921535635451e+03 -5.193033952631e+03 2.638475977398e+03
4.917981958913e+03 -5.192548591472e+03 2.646098121931e+03
4.914422568049e+03 -5.192056619060e+03 2.653717179512e+03
4.910857467902e+03 -5.191558035074e+03 2.661333141222e+03
4.907286663521e+03 -5.191052839203e+03 2.668945998145e+03
4.903710144733e+03 -5.190541045529e+03 2.676555741371e+03
4.900127947060e+03 -5.190022624972e+03 2.684162361990e+03
4.896540060342e+03 -5.189497591643e+03 2.691765851098e+03
4.892946489654e+03 -5.188965945261e+03 2.699366199792e+03
4.889347240078e+03 -5.188427685557e+03 2.706963399175e+03
4.885742316705e+03 -5.187882812267e+03 2.714557440351e+03
4.882131724630e+03 -5.187331325136e+03 2.722148314428e+03
4.878515453737e+03 -5.186773238232e+03 2.729736012520e+03
4.874893539572e+03 -5.186208522681e+03 2.737320525740e+03
4.871265972032e+03 -5.185637192576e+03 2.744901845208e+03
4.867632756239e+03 -5.185059247696e+03 2.752479962046e+03
4.863993897321e+03 -5.184474687827e+03 2.760054867380e+03
4.860349400413e+03 -5.183883512765e+03 2.767626552337e+03
4.856699270658e+03 -5.183285722314e+03 2.775195008052e+03
4.853043513202e+03 -5.182681316284e+03 2.782760225661e+03
4.849382117999e+03 -5.182070308724e+03 2.790322196301e+03
4.845715120617e+03 -5.181452670995e+03 2.797880911118e+03
4.842042511019e+03 -5.180828417174e+03 2.805436361257e+03
4.838364294379e+03 -5.180197547104e+03 2.812988537868e+03
4.834680475879e+03 -5.179560060639e+03 2.820537432105e+03
4.830991060706e+03 -5.178915957639e+03 2.828083035126e+03
4.827296054053e+03 -5.178265237975e+03 2.835625338090e+03
4.823595445929e+03 -5.177607915675e+03 2.843164332161e+03
4.819889271910e+03 -5.176943962296e+03 2.850700008500e+03
4.816177522016e+03 -5.176273391894e+03 2.858232358276e+03
4.812460201465e+03 -5.175596204370e+03 2.865761372665e+03
4.808737315483e+03 -5.174912399637e+03 2.873287042844e+03
4.805008869305e+03 -5.174221977612e+03 2.880809359997e+03
4.801274868168e+03 -5.173524938225e+03 2.888328315309e+03
4.797535317318e+03 -5.172821281411e+03 2.895843899969e+03
4.793790206833e+03 -5.172111021178e+03 2.903356105170e+03
4.790039572321e+03 -5.171394129341e+03 2.910864922110e+03
4.786283403872e+03 -5.170670619934e+03 2.918370341989e+03
4.782521706757e+03 -5.169940492927e+03 2.925872356010e+03
4.778754486253e+03 -5.169203748297e+03 2.933370955382e+03
4.774981747644e+03 -5.168460386031e+03 2.940866131315e+03
4.771203496221e+03 -5.167710406123e+03 2.948357875026e+03
4.767419722121e+03 -5.166953822561e+03 2.955846177732e+03
4.763630460969e+03 -5.166190607372e+03 2.963331030657e+03
4.759835702912e+03 -5.165420774572e+03 2.970812425027e+03
4.756035453266e+03 -5.164644324189e+03 2.978290352071e+03
4.752229717354e+03 -5.163861256260e+03 2.985764803024e+03
4.748418500504e+03 -5.163071570827e+03 2.993235769123e+03
4.744601808051e+03 -5.162275267943e+03 3.000703241610e+03
4.740779645337e+03 -5.161472347668e+03 3.008167211729e+03
4.736952002569e+03 -5.160662823970e+03 3.015627670729e+03
4.733118915385e+03 -5.159846669119e+03 3.023084609864e+03
4.729280374001e+03 -5.159023897109e+03 3.030538020389e+03
4.725436383784e+03 -5.158194508035e+03 3.037987893565e+03
4.721586950108e+03 -5.157358501998e+03 3.045434220656e+03
4.717732078352e+03 -5.156515879109e+03 3.052876992930e+03
4.713871773901e+03 -5.155666639488e+03 3.060316201658e+03
4.710006027023e+03 -5.154810797079e+03 3.067751838117e+03
4.706134873367e+03 -5.153948324371e+03 3.075183893586e+03
4.702258303210e+03 -5.153079235336e+03 3.082612359349e+03
4.698376321964e+03 -5.152203530127e+03 3.090037226692e+03
4.694488935044e+03 -5.151321208905e+03 3.097458486907e+03
4.690596147875e+03 -5.150432271838e+03 3.104876131289e+03
4.686697965886e+03 -5.149536719104e+03 3.112290151136e+03
4.682794379408e+03 -5.148634564627e+03 3.119700537753e+03
4.678885424094e+03 -5.147725781111e+03 3.127107282445e+03
4.674971090286e+03 -5.146810382511e+03 3.134510376524e+03
4.671051383438e+03 -5.145888369035e+03 3.141909811305e+03
4.667126309010e+03 -5.144959740902e+03 3.149305578104e+03
4.663195872468e+03 -5.144024498339e+03 3.156697668246e+03
4.659260079285e+03 -5.143082641582e+03 3.164086073058e+03
4.655318934941e+03 -5.142134170875e+03 3.171470783868e+03
4.651372429838e+03 -5.141179100116e+03 3.178851792013e+03
4.647420599636e+03 -5.140217402262e+03 3.186229088831e+03
4.643463434747e+03 -5.139249091241e+03 3.193602665665e+03
4.639500940676e+03 -5.138274167328e+03 3.200972513862e+03
4.635533122932e+03 -5.137292630811e+03 3.208338624772e+03
4.631559987031e+03 -5.136304481983e+03 3.215700989750e+03
4.627581538496e+03 -5.135309721146e+03 3.223059600155e+03
4.623597767792e+03 -5.134308362177e+03 3.230414447350e+03
4.619608710583e+03 -5.133300378253e+03 3.237765522702e+03
4.615614357343e+03 -5.132285783278e+03 3.245112817582e+03
4.611614713620e+03 -5.131264577588e+03 3.252456323366e+03
4.607609784967e+03 -5.130236761528e+03 3.259796031433e+03
4.603599576942e+03 -5.129202335449e+03 3.267131933166e+03
4.599584095111e+03 -5.128161299713e+03 3.274464019953e+03
4.595563345044e+03 -5.127113654690e+03 3.281792283185e+03
4.591537317281e+03 -5.126059414227e+03 3.289116714259e+03
4.587506047486e+03 -5.124998551757e+03 3.296437304575e+03
4.583469526206e+03 -5.123931081158e+03 3.303754045536e+03
4.579427759036e+03 -5.122857002832e+03 3.311066928551e+03
4.575380751579e+03 -5.121776317191e+03 3.318375945033e+03
4.571328509442e+03 -5.120689024653e+03 3.325681086398e+03
4.567271038238e+03 -5.119595125647e+03 3.332982344068e+03
4.563208328571e+03 -5.118494633996e+03 3.340279709467e+03
4.559140416103e+03 -5.117387523359e+03 3.347573174025e+03
4.555067291445e+03 -5.116273807587e+03 3.354862729175e+03
4.550988960236e+03 -5.115153487142e+03 3.362148366356e+03
4.546905428120e+03 -5.114026562494e+03 3.369430077009e+03
4.542816700745e+03 -5.112893034121e+03 3.376707852581e+03
4.538722783769e+03 -5.111752902509e+03 3.383981684523e+03
4.534623667858e+03 -5.110606181457e+03 3.391251564289e+03
4.530519388672e+03 -5.109452844849e+03 3.398517483338e+03
4.526409936886e+03 -5.108292906512e+03 3.405779433135e+03
4.522295318181e+03 -5.107126366966e+03 3.413037405147e+03
4.518175538243e+03 -5.105953226739e+03 3.420291390846e+03
4.514050602762e+03 -5.104773486369e+03 3.427541381709e+03
4.509920517436e+03 -5.103587146400e+03 3.434787369216e+03
4.505785287969e+03 -5.102394207386e+03 3.442029344853e+03
4.501644905104e+03 -5.101194683096e+03 3.449267300109e+03
4.497499404491e+03 -5.099988547674e+03 3.456501226478e+03
4.493348776883e+03 -5.098775814917e+03 3.463731115458e+03
4.489193028007e+03 -5.097556485413e+03 3.470956958552e+03
4.485032163595e+03 -5.096330559758e+03 3.478178747268e+03
4.480866189387e+03 -5.095098038555e+03 3.485396473116e+03
4.476695111126e+03 -5.093858922416e+03 3.492610127612e+03
4.472518919624e+03 -5.092613225084e+03 3.499819702278e+03
4.468337650522e+03 -5.091360920933e+03 3.507025188636e+03
4.464151294637e+03 -5.090102023732e+03 3.514226578218e+03
4.459959857739e+03 -5.088836534130e+03 3.521423862556e+03
4.455763345601e+03 -5.087564452778e+03 3.528617033189e+03
4.451561764002e+03 -5.086285780341e+03 3.535806081658e+03
4.447355118730e+03 -5.085000517489e+03 3.542990999512e+03
4.443143415575e+03 -5.083708664901e+03 3.550171778302e+03
4.438926645423e+03 -5.082410236289e+03 3.557348409583e+03
4.434704843905e+03 -5.081105206290e+03 3.564520884917e+03
4.430478001914e+03 -5.079793588643e+03 3.571689195868e+03
4.426246125264e+03 -5.078475384063e+03 3.578853334006e+03
4.422009219777e+03 -5.077150593270e+03 3.586013290906e+03
4.417767291279e+03 -5.075819216994e+03 3.593169058145e+03
4.413520345602e+03 -5.074481255972e+03 3.600320627308e+03
4.409268373700e+03 -5.073136723889e+03 3.607467989981e+03
4.405011411189e+03 -5.071785595614e+03 3.614611137759e+03
4.400749449029e+03 -5.070427884859e+03 3.621750062236e+03
4.396482493077e+03 -5.069063592395e+03 3.628884755016e+03
4.392210549193e+03 -5.067692719003e+03 3.636015207704e+03
4.387933623245e+03 -5.066315265471e+03 3.643141411911e+03
4.383651721103e+03 -5.064931232597e+03 3.650263359253e+03
4.379364848647e+03 -5.063540621185e+03 3.657381041349e+03
4.375072996908e+03 -5.062143444886e+03 3.664494449825e+03
4.370776201484e+03 -5.060739678836e+03 3.671603576310e+03
4.366474453414e+03 -5.059329336716e+03 3.678708412437e+03
4.362167758599e+03 -5.057912419363e+03 3.685808949846e+03
4.357856122945e+03 -5.056488927626e+03 3.692905180180e+03
4.353539552365e+03 -5.055058862359e+03 3.699997095087e+03
4.349218052777e+03 -5.053622224428e+03 3.707084686220e+03
4.344891615281e+03 -5.052179027452e+03 3.714167945237e+03
4.340560275457e+03 -5.050729246805e+03 3.721246863799e+03
4.336224024413e+03 -5.049272896136e+03 3.728321433574e+03
4.331882868088e+03 -5.047809976344e+03 3.735391646234e+03
4.327536812430e+03 -5.046340488334e+03 3.742457493455e+03
4.323185863390e+03 -5.044864433021e+03 3.749518966918e+03
4.318830026926e+03 -5.043381811328e+03 3.756576058310e+03
4.314469294208e+03 -5.041892636845e+03 3.763628759320e+03
4.310103700793e+03 -5.040396885182e+03 3.770677061645e+03
4.305733237859e+03 -5.038894569958e+03 3.777720956985e+03
4.301357911387e+03 -5.037385692131e+03 3.784760437046e+03
4.296977727361e+03 -5.035870252664e+03 3.791795493536e+03
4.292592691772e+03 -5.034348252533e+03 3.798826118171e+03
4.288202810616e+03 -5.032819692718e+03 3.805852302671e+03
4.283808089897e+03 -5.031284574210e+03 3.812874038760e+03
4.279408520864e+03 -5.029742910562e+03 3.819891318167e+03
4.275004139049e+03 -5.028194677659e+03 3.826904132627e+03
4.270594935709e+03 -5.026639889085e+03 3.833912473879e+03
4.266180916869e+03 -5.025078545863e+03 3.840916333666e+03
4.261762088557e+03 -5.023510649026e+03 3.847915703738e+03
4.257338456811e+03 -5.021936199614e+03 3.854910575849e+03
4.252910027669e+03 -5.020355198677e+03 3.861900941757e+03
4.248476792452e+03 -5.018767659734e+03 3.868886793223e+03
4.244038786663e+03 -5.017173558908e+03 3.875868122016e+03
4.239596001632e+03 -5.015572909752e+03 3.882844919908e+03
4.235148443421e+03 -5.013965713347e+03 3.889817178679e+03
4.230696118098e+03 -5.012351970786e+03 3.896784890112e+03
4.226239031736e+03 -5.010731683168e+03 3.903748045995e+03
4.221777190415e+03 -5.009104851601e+03 3.910706638121e+03
4.217310600219e+03 -5.007471477203e+03 3.917660658290e+03
4.212839252552e+03 -5.005831573457e+03 3.924610098303e+03
4.208363182887e+03 -5.004185116764e+03 3.931554949970e+03
4.203882382634e+03 -5.002532120639e+03 3.938495205104e+03
4.199396857898e+03 -5.000872586233e+03 3.945430855523e+03
4.194906614791e+03 -4.999206514704e+03 3.952361893050e+03
4.190411659430e+03 -4.997533907219e+03 3.959288309515e+03
4.185911997938e+03 -4.995854764954e+03 3.966210096750e+03
4.181407621790e+03 -4.994169101359e+03 3.973127246595e+03
4.176898566419e+03 -4.992476893068e+03 3.980039750883e+03
4.172384823302e+03 -4.990778153555e+03 3.986947601458e+03
4.167866398581e+03 -4.989072884031e+03 3.993850790174e+03
4.163343298407e+03 -4.987361085712e+03 4.000749308891e+03
4.158815528933e+03 -4.985642759824e+03 4.007643149471e+03
4.154283096321e+03 -4.983917907602e+03 4.014532303784e+03
4.149745992117e+03 -4.982186542463e+03 4.021416763704e+03
4.145204251732e+03 -4.980448641296e+03 4.028296521110e+03
4.140657866720e+03 -4.978704217548e+03 4.035171567888e+03
4.136106843261e+03 -4.976953272488e+03 4.042041895926e+03
4.131551187543e+03 -4.975195807392e+03 4.048907497119e+03
4.126990905756e+03 -4.973431823545e+03 4.055768363368e+03
4.122426004099e+03 -4.971661322241e+03 4.062624486578e+03
4.117856488773e+03 -4.969884304781e+03 4.069475858659e+03
4.113282351411e+03 -4.968100784543e+03 4.076322471527e+03
4.108703627382e+03 -4.966310738697e+03 4.083164317102e+03
4.104120308323e+03 -4.964514180651e+03 4.090001387312e+03
4.099532400458e+03 -4.962711111741e+03 4.096833674086e+03
4.094939910015e+03 -4.960901533311e+03 4.103661169361e+03
4.090342843228e+03 -4.959085446712e+03 4.110483865081e+03
4.085741206337e+03 -4.957262853307e+03 4.117301753190e+03
4.081134991047e+03 -4.955433766437e+03 4.124114825643e+03
4.076524232690e+03 -4.953598163519e+03 4.130923074396e+03
4.071908922977e+03 -4.951756057927e+03 4.137726491412e+03
4.067289068168e+03 -4.949907451056e+03 4.144525068660e+03
4.062664674528e+03 -4.948052344307e+03 4.151318798113e+03
4.058035748327e+03 -4.946190739093e+03 4.158107671749e+03
4.053402295841e+03 -4.944322636832e+03 4.164891681554e+03
4.048764323351e+03 -4.942448038954e+03 4.171670819517e+03
4.044121822647e+03 -4.940566958760e+03 4.178445077632e+03
4.039474829016e+03 -4.938679373951e+03 4.185214447900e+03
4.034823334252e+03 -4.936785297859e+03 4.191978922325e+03
4.030167344659e+03 -4.934884731946e+03 4.198738492920e+03
4.025506866541e+03 -4.932977677682e+03 4.205493151700e+03
4.020841906210e+03 -4.931064136546e+03 4.212242890688e+03
4.016172469983e+03 -4.929144110025e+03 4.218987701909e+03
4.011498549725e+03 -4.927217611384e+03 4.225727577397e+03
4.006820180681e+03 -4.925284618574e+03 4.232462509190e+03
4.002137354721e+03 -4.923345144891e+03 4.239192489331e+03
3.997450078181e+03 -4.921399191855e+03 4.245917509868e+03
3.992758357405e+03 -4.919446760996e+03 4.252637562856e+03
3.988062198738e+03 -4.917487853850e+03 4.259352640354e+03
3.983361608532e+03 -4.915522471965e+03 4.266062734428e+03
3.978656593146e+03 -4.913550616895e+03 4.272767837149e+03
3.973947144530e+03 -4.911572301860e+03 4.279467940591e+03
3.969233297879e+03 -4.909587505102e+03 4.286163036838e+03
3.964515045147e+03 -4.907596239871e+03 4.292853117975e+03
3.959792392714e+03 -4.905598507757e+03 4.299538176096e+03
3.955065346959e+03 -4.903594310355e+03 4.306218203298e+03
3.950333914272e+03 -4.901583649271e+03 4.312893191686e+03
3.945598101044e+03 -4.899566526118e+03 4.319563133368e+03
3.940857899303e+03 -4.897542954079e+03 4.326228020458e+03
3.936113344195e+03 -4.895512911646e+03 4.332887845078e+03
3.931364427753e+03 -4.893476412035e+03 4.339542599354e+03
3.926611156388e+03 -4.891433456892e+03 4.346192275415e+03
3.921853536518e+03 -4.889384047872e+03 4.352836865400e+03
3.917091574564e+03 -4.887328186640e+03 4.359476361451e+03
3.912325276953e+03 -4.885265874866e+03 4.366110755716e+03
3.907554635791e+03 -4.883197125697e+03 4.372740040348e+03
3.902779686174e+03 -4.881121917878e+03 4.379364207508e+03
3.898000420209e+03 -4.879040264586e+03 4.385983249361e+03
3.893216844345e+03 -4.876952167525e+03 4.392597158076e+03
3.888428965032e+03 -4.874857628411e+03 4.399205925831e+03
3.883636788727e+03 -4.872756648965e+03 4.405809544806e+03
3.878840321891e+03 -4.870649230920e+03 4.412408007191e+03
3.874039570990e+03 -4.868535376013e+03 4.419001305178e+03
3.869234528218e+03 -4.866415097346e+03 4.425589430966e+03
3.864425228610e+03 -4.864288373956e+03 4.432172376760e+03
3.859611664365e+03 -4.862155218974e+03 4.438750134770e+03
3.854793841968e+03 -4.860015634173e+03 4.445322697213e+03
3.849971767909e+03 -4.857869621334e+03 4.451890056310e+03
3.845145448684e+03 -4.855717182248e+03 4.458452204288e+03
3.840314890791e+03 -4.853558318713e+03 4.465009133382e+03
3.835480086503e+03 -4.851393043787e+03 4.471560835829e+03
3.830641070799e+03 -4.849221336763e+03 4.478107303872e+03
3.825797835952e+03 -4.847043210730e+03 4.484648529761e+03
3.820950388483e+03 -4.844858667519e+03 4.491184505750e+03
3.816098734915e+03 -4.842667708971e+03 4.497715224103e+03
3.811242881776e+03 -4.840470336935e+03 4.504240677086e+03
3.806382835599e+03 -4.838266553267e+03 4.510760856975e+03
3.801518602923e+03 -4.836056359833e+03 4.517275756047e+03
3.796650176110e+03 -4.833839769645e+03 4.523785366589e+03
3.791777590075e+03 -4.831616762293e+03 4.530289680891e+03
3.786900837184e+03 -4.829387350822e+03 4.536788691251e+03
3.782019923993e+03 -4.827151537129e+03 4.543282389971e+03
3.777134857064e+03 -4.824909323123e+03 4.549770769359e+03
3.772245642963e+03 -4.822660710718e+03 4.556253821731e+03
3.767352288262e+03 -4.820405701840e+03 4.562731539407e+03
3.762454785400e+03 -4.818144309459e+03 4.569203914712e+03
3.757553169236e+03 -4.815876513425e+03 4.575670939979e+03
3.752647432213e+03 -4.813602326740e+03 4.582132607547e+03
3.747737580921e+03 -4.811321751361e+03 4.588588909759e+03
3.742823621954e+03 -4.809034789255e+03 4.595039838964e+03
3.737905561910e+03 -4.806741442396e+03 4.601485387520e+03
3.732983407394e+03 -4.804441712766e+03 4.607925547787e+03
3.728057150926e+03 -4.802135613296e+03 4.614360312133e+03
3.723126827301e+03 -4.799823124094e+03 4.620789672933e+03
3.718192429043e+03 -4.797504258121e+03 4.627213622565e+03
3.713253962774e+03 -4.795179017393e+03 4.633632153415e+03
3.708311435120e+03 -4.792847403935e+03 4.640045257875e+03
3.703364852712e+03 -4.790509419779e+03 4.646452928343e+03
3.698414222187e+03 -4.788165066969e+03 4.652855157221e+03
3.693459550185e+03 -4.785814347553e+03 4.659251936921e+03
3.688500829317e+03 -4.783457274411e+03 4.665643259856e+03
3.683538094307e+03 -4.781093827953e+03 4.672029118450e+03
3.678571337769e+03 -4.778724021089e+03 4.678409505130e+03
3.673600566361e+03 -4.776347855904e+03 4.684784412329e+03
3.668625786747e+03 -4.773965334489e+03 4.691153832488e+03
3.663647005594e+03 -4.771576458944e+03 4.697517758053e+03
3.658664229575e+03 -4.769181231378e+03 4.703876181475e+03
3.653677451381e+03 -4.766779664626e+03 4.710229095212e+03
3.648686705670e+03 -4.764371739362e+03 4.716576491729e+03
3.643691985136e+03 -4.761957468452e+03 4.722918363496e+03
3.638693296469e+03 -4.759536854038e+03 4.729254702989e+03
3.633690646364e+03 -4.757109898272e+03 4.735585502690e+03
3.628684041519e+03 -4.754676603311e+03 4.741910755089e+03
3.623673488639e+03 -4.752236971322e+03 4.748230452679e+03
3.618658994431e+03 -4.749791004482e+03 4.754544587962e+03
3.613640551679e+03 -4.747338715576e+03 4.760853153445e+03
3.608618194963e+03 -4.744880085577e+03 4.767156141640e+03
3.603591917070e+03 -4.742415127303e+03 4.773453545068e+03
3.598561724726e+03 -4.739943842963e+03 4.779745356254e+03
3.593527624659e+03 -4.737466234774e+03 4.786031567729e+03
3.588489623604e+03 -4.734982304961e+03 4.792312172032e+03
3.583447728301e+03 -4.732492055758e+03 4.798587161706e+03
3.578401931615e+03 -4.729995499907e+03 4.804856529302e+03
3.573352268056e+03 -4.727492618646e+03 4.811120267377e+03
3.568298730490e+03 -4.724983424748e+03 4.817378368493e+03
3.563241325674e+03 -4.722467920480e+03 4.823630825220e+03
3.558180060369e+03 -4.719946108117e+03 4.829877630132e+03
3.553114941340e+03 -4.717417989944e+03 4.836118775811e+03
3.548045975355e+03 -4.714883568253e+03 4.842354254845e+03
3.542973169188e+03 -4.712342845345e+03 4.848584059829e+03
3.537896515800e+03 -4.709795833909e+03 4.854808183362e+03
3.532816049615e+03 -4.707242515488e+03 4.861026618052e+03
3.527731763594e+03 -4.704682902802e+03 4.867239356511e+03
3.522643664529e+03 -4.702116998186e+03 4.873446391358e+03
3.517551759215e+03 -4.699544803981e+03 4.879647715220e+03
3.512456054450e+03 -4.696966322540e+03 4.885843320728e+03
3.507356557038e+03 -4.694381556221e+03 4.892033200522e+03
3.502253260022e+03 -4.691790517667e+03 4.898217347245e+03
3.497146197753e+03 -4.689193188688e+03 4.904395753549e+03
3.492035363273e+03 -4.686589581960e+03 4.910568412091e+03
3.486920763402e+03 -4.683979699874e+03 4.916735315536e+03
3.481802404966e+03 -4.681363544831e+03 4.922896456552e+03
3.476680294794e+03 -4.678741119241e+03 4.929051827818e+03
3.471554439718e+03 -4.676112425521e+03 4.935201422015e+03
3.466424832864e+03 -4.673477476267e+03 4.941345231833e+03
3.461291508505e+03 -4.670836253558e+03 4.947483249969e+03
3.456154459766e+03 -4.668188770021e+03 4.953615469124e+03
3.451013693497e+03 -4.665535028107e+03 4.959741882006e+03
3.445869216553e+03 -4.662875030276e+03 4.965862481332e+03
3.440721035791e+03 -4.660208778994e+03 4.971977259822e+03
3.435569158074e+03 -4.657536276738e+03 4.978086210205e+03
3.430413590268e+03 -4.654857525991e+03 4.984189325215e+03
3.425254325594e+03 -4.652172539295e+03 4.990286597593e+03
3.420091398232e+03 -4.649481299038e+03 4.996378020087e+03
3.414924801405e+03 -4.646783817792e+03 5.002463585451e+03
3.409754541996e+03 -4.644080098075e+03 5.008543286444e+03
3.404580626890e+03 -4.641370142412e+03 5.014617115835e+03
3.399403062979e+03 -4.638653953338e+03 5.020685066397e+03
3.394221857157e+03 -4.635931533394e+03 5.026747130909e+03
3.389037002732e+03 -4.633202895074e+03 5.032803302158e+03
3.383848533799e+03 -4.630468021036e+03 5.038853572938e+03
3.378656443666e+03 -4.627726923806e+03 5.044897936049e+03
3.373460739243e+03 -4.624979605957e+03 5.050936384295e+03
3.368261427445e+03 -4.622226070075e+03 5.056968910492e+03
3.363058515191e+03 -4.619466318751e+03 5.062995507457e+03
3.357852009405e+03 -4.616700354585e+03 5.069016168016e+03
3.352641917014e+03 -4.613928180187e+03 5.075030885004e+03
3.347428231420e+03 -4.611149807993e+03 5.081039651258e+03
3.342210986624e+03 -4.608365220972e+03 5.087042459625e+03
3.336990176029e+03 -4.605574431594e+03 5.093039302957e+03
3.331765806576e+03 -4.602777442499e+03 5.099030174113e+03
3.326537885213e+03 -4.599974256338e+03 5.105015065958e+03
3.321306418891e+03 -4.597164875769e+03 5.110993971365e+03
3.316071414565e+03 -4.594349303458e+03 5.116966883212e+03
3.310832865722e+03 -4.591527551793e+03 5.122933794386e+03
3.305590806274e+03 -4.588699604015e+03 5.128894697777e+03
3.300345229711e+03 -4.585865472543e+03 5.134849586286e+03
3.295096143001e+03 -4.583025160078e+03 5.140798452817e+03
3.289843553119e+03 -4.580178669326e+03 5.146741290282e+03
3.284587467044e+03 -4.577326003004e+03 5.152678091602e+03
3.279327891757e+03 -4.574467163836e+03 5.158608849701e+03
3.274064820832e+03 -4.571602164160e+03 5.164533557512e+03
3.268798288092e+03 -4.568730987490e+03 5.170452207973e+03
3.263528287109e+03 -4.565853646196e+03 5.176364794032e+03
3.258254824883e+03 -4.562970143035e+03 5.182271308640e+03
3.252977908413e+03 -4.560080480773e+03 5.188171744757e+03
3.247697544704e+03 -4.557184662184e+03 5.194066095349e+03
3.242413740767e+03 -4.554282690049e+03 5.199954353389e+03
3.237126503613e+03 -4.551374567159e+03 5.205836511857e+03
3.231835826915e+03 -4.548460305794e+03 5.211712563739e+03
3.226541744391e+03 -4.545539889781e+03 5.217582502029e+03
3.221244249711e+03 -4.542613331434e+03 5.223446319727e+03
3.215943349904e+03 -4.539680633575e+03 5.229304009840e+03
3.210639052001e+03 -4.536741799037e+03 5.235155565382e+03
3.205331363039e+03 -4.533796830657e+03 5.241000979373e+03
3.200020290055e+03 -4.530845731286e+03 5.246840244841e+03
3.194705826808e+03 -4.527888513150e+03 5.252673354820e+03
3.189388006924e+03 -4.524925160355e+03 5.258500302352e+03
3.184066824158e+03 -4.521955685161e+03 5.264321080485e+03
3.178742285565e+03 -4.518980090448e+03 5.270135682274e+03
3.173414398203e+03 -4.515998379107e+03 5.275944100781e+03
3.168083169133e+03 -4.513010554034e+03 5.281746329074e+03
3.162748605420e+03 -4.510016618135e+03 5.287542360230e+03
3.157410714134e+03 -4.507016574324e+03 5.293332187331e+03
3.152069489133e+03 -4.504010434770e+03 5.299115803467e+03
3.146724963930e+03 -4.500998183894e+03 5.304893201735e+03
3.141377132381e+03 -4.497979833896e+03 5.310664375237e+03
3.136026001571e+03 -4.494955387725e+03 5.316429317085e+03
3.130671578586e+03 -4.491924848334e+03 5.322188020397e+03
3.125313870519e+03 -4.488888218689e+03 5.327940478298e+03
3.119952884464e+03 -4.485845501762e+03 5.333686683920e+03
3.114588614367e+03 -4.482796709670e+03 5.339426630403e+03
3.109221093643e+03 -4.479741827110e+03 5.345160310893e+03
3.103850316236e+03 -4.476680866234e+03 5.350887718543e+03
3.098476289257e+03 -4.473613830045e+03 5.356608846513e+03
3.093099019817e+03 -4.470540721558e+03 5.362323687970e+03
3.087718515033e+03 -4.467461543793e+03 5.368032236090e+03
3.082334782024e+03 -4.464376299779e+03 5.373734484052e+03
3.076947827914e+03 -4.461284992554e+03 5.379430425044e+03
3.071557646750e+03 -4.458187634175e+03 5.385120052262e+03
3.066164271829e+03 -4.455084209656e+03 5.390803358907e+03
3.060767697197e+03 -4.451974731086e+03 5.396480338188e+03
3.055367929990e+03 -4.448859201536e+03 5.402150983321e+03
3.049964977351e+03 -4.445737624084e+03 5.407815287529e+03
3.044558846421e+03 -4.442610001816e+03 5.413473244042e+03
3.039149544349e+03 -4.439476337826e+03 5.419124846098e+03
3.033737065271e+03 -4.436336644117e+03 5.424770086941e+03
3.028321442381e+03 -4.433190905985e+03 5.430408959822e+03
3.022902669813e+03 -4.430039135463e+03 5.436041458001e+03
3.017480754727e+03 -4.426881335679e+03 5.441667574743e+03
3.012055704289e+03 -4.423717509769e+03 5.447287303321e+03
3.006627525667e+03 -4.420547660875e+03 5.452900637015e+03
3.001196226032e+03 -4.417371792151e+03 5.458507569112e+03
2.995761799609e+03 -4.414189915544e+03 5.464108092908e+03
2.990324279487e+03 -4.411002016628e+03 5.469702201702e+03
2.984883659886e+03 -4.407808107384e+03 5.475289888804e+03
2.979439947994e+03 -4.404608190997e+03 5.480871147530e+03
2.973993150998e+03 -4.401402270658e+03 5.486445971202e+03
2.968543276089e+03 -4.398190349568e+03 5.492014353153e+03
2.963090330465e+03 -4.394972430937e+03 5.497576286719e+03
2.957634321323e+03 -4.391748517980e+03 5.503131765245e+03
2.952175242990e+03 -4.388518622585e+03 5.508680782084e+03
2.946713128431e+03 -4.385282730646e+03 5.514223330595e+03
2.941247971970e+03 -4.382040854080e+03 5.519759404145e+03
2.935779780819e+03 -4.378792996138e+03 5.525288996107e+03
2.930308562194e+03 -4.375539160076e+03 5.530812099863e+03
2.924834323312e+03 -4.372279349161e+03 5.536328708801e+03
2.919357071395e+03 -4.369013566666e+03 5.541838816317e+03
2.913876800861e+03 -4.365741824421e+03 5.547342415814e+03
2.908393544564e+03 -4.362464108603e+03 5.552839500702e+03
2.902907296917e+03 -4.359180431075e+03 5.558330064400e+03
2.897418065155e+03 -4.355890795143e+03 5.563814100331e+03
2.891925856517e+03 -4.352595204122e+03 5.569291601929e+03
2.886430678243e+03 -4.349293661333e+03 5.574762562633e+03
2.880932537578e+03 -4.345986170107e+03 5.580226975890e+03
2.875431441770e+03 -4.342672733783e+03 5.585684835154e+03
2.869927385339e+03 -4.339353364128e+03 5.591136133888e+03
2.864420401010e+03 -4.336028047640e+03 5.596580865560e+03
2.858910483300e+03 -4.332696796119e+03 5.602019023647e+03
2.853397639470e+03 -4.329359612935e+03 5.607450601633e+03
2.847881876783e+03 -4.326016501468e+03 5.612875593009e+03
2.842363202506e+03 -4.322667465105e+03 5.618293991274e+03
2.836841623909e+03 -4.319312507241e+03 5.623705789934e+03
2.831317135602e+03 -4.315951639586e+03 5.629110982502e+03
2.825789770197e+03 -4.312584848923e+03 5.634509562501e+03
2.820259522300e+03 -4.309212146993e+03 5.639901523457e+03
2.814726399194e+03 -4.305833537224e+03 5.645286858907e+03
2.809190408164e+03 -4.302449023053e+03 5.650665562395e+03
2.803651556499e+03 -4.299058607923e+03 5.656037627471e+03
2.798109851490e+03 -4.295662295285e+03 5.661403047693e+03
2.792565287840e+03 -4.292260096793e+03 5.666761816627e+03
2.787017898042e+03 -4.288851999512e+03 5.672113927847e+03
2.781467676794e+03 -4.285438015128e+03 5.677459374932e+03
2.775914631400e+03 -4.282018147125e+03 5.682798151472e+03
2.770358769167e+03 -4.278592398995e+03 5.688130251063e+03
2.764800097404e+03 -4.275160774238e+03 5.693455667306e+03
2.759238623425e+03 -4.271723276362e+03 5.698774393814e+03
2.753674354546e+03 -4.268279908885e+03 5.704086424204e+03
2.748107285573e+03 -4.264830683392e+03 5.709391752103e+03
2.742537448863e+03 -4.261375587274e+03 5.714690371144e+03
2.736964839219e+03 -4.257914632152e+03 5.719982274967e+03
2.731389463969e+03 -4.254447821573e+03 5.725267457222e+03
2.725811330442e+03 -4.250975159093e+03 5.730545911564e+03
2.720230445974e+03 -4.247496648278e+03 5.735817631658e+03
2.714646817901e+03 -4.244012292700e+03 5.741082611175e+03
2.709060441060e+03 -4.240522103867e+03 5.746340843769e+03
2.703471347746e+03 -4.237026069475e+03 5.751592323151e+03
2.697879532856e+03 -4.233524201086e+03 5.756837043016e+03
2.692285003736e+03 -4.230016502305e+03 5.762074997064e+03
2.686687767739e+03 -4.226502976744e+03 5.767306179006e+03
2.681087832218e+03 -4.222983628023e+03 5.772530582558e+03
2.675485204530e+03 -4.219458459772e+03 5.777748201446e+03
2.669879892036e+03 -4.215927475626e+03 5.782959029401e+03
2.664271889740e+03 -4.212390687048e+03 5.788163060163e+03
2.658661229735e+03 -4.208848082040e+03 5.793360287481e+03
2.653047907020e+03 -4.205299672095e+03 5.798550705109e+03
2.647431928967e+03 -4.201745460883e+03 5.803734306810e+03
2.641813302950e+03 -4.198185452080e+03 5.808911086355e+03
2.636192036345e+03 -4.194619649371e+03 5.814081037523e+03
2.630568136533e+03 -4.191048056447e+03 5.819244154100e+03
2.624941598610e+03 -4.187470684712e+03 5.824400429879e+03
2.619312454544e+03 -4.183887522453e+03 5.829549858662e+03
2.613680699426e+03 -4.180298581106e+03 5.834692434259e+03
2.608046340647e+03 -4.176703864395e+03 5.839828150485e+03
2.602409385601e+03 -4.173103376052e+03 5.844957001167e+03
2.596769841684e+03 -4.169497119818e+03 5.850078980137e+03
2.591127716295e+03 -4.165885099441e+03 5.855194081234e+03
2.585483016836e+03 -4.162267318677e+03 5.860302298308e+03
2.579835738511e+03 -4.158643788858e+03 5.865403625213e+03
2.574185913139e+03 -4.155014498604e+03 5.870498055813e+03
2.568533535918e+03 -4.151379459280e+03 5.875585583981e+03
2.562878614261e+03 -4.147738674672e+03 5.880666203594e+03
2.557221155584e+03 -4.144092148579e+03 5.885739908541e+03
2.551561167304e+03 -4.140439884802e+03 5.890806692715e+03
2.545898656842e+03 -4.136781887155e+03 5.895866550021e+03
2.540233619495e+03 -4.133118166909e+03 5.900919474367e+03
2.534566086952e+03 -4.129448712971e+03 5.905965459672e+03
2.528896054505e+03 -4.125773536645e+03 5.911004499864e+03
2.523223529584e+03 -4.122092641774e+03 5.916036588875e+03
2.517548519624e+03 -4.118406032211e+03 5.921061720647e+03
2.511871032061e+03 -4.114713711814e+03 5.926079889131e+03
2.506191074333e+03 -4.111015684450e+03 5.931091088285e+03
2.500508641833e+03 -4.107311961332e+03 5.936095312073e+03
2.494823766115e+03 -4.103602531652e+03 5.941092554469e+03
2.489136442566e+03 -4.099887406655e+03 5.946082809454e+03
2.483446678633e+03 -4.096166590240e+03 5.951066071019e+03
2.477754481770e+03 -4.092440086314e+03 5.956042333159e+03
2.472059859431e+03 -4.088707898790e+03 5.961011589881e+03
2.466362819071e+03 -4.084970031591e+03 5.965973835196e+03
2.460663368152e+03 -4.081226488649e+03 5.970929063127e+03
2.454961502171e+03 -4.077477281103e+03 5.975877267702e+03
2.449257252529e+03 -4.073722398478e+03 5.980818442958e+03
2.443550614721e+03 -4.069961851947e+03 5.985752582940e+03
2.437841596215e+03 -4.066195645472e+03 5.990679681700e+03
2.432130204482e+03 -4.062423783022e+03 5.995599733300e+03
2.426416446998e+03 -4.058646268576e+03 6.000512731808e+03
2.420700331238e+03 -4.054863106119e+03 6.005418671301e+03
2.414981852798e+03 -4.051074306728e+03 6.010317545864e+03
2.409261042939e+03 -4.047279860219e+03 6.015209349589e+03
2.403537897250e+03 -4.043479777702e+03 6.020094076578e+03
2.397812423217e+03 -4.039674063193e+03 6.024971720938e+03
2.392084628328e+03 -4.035862720718e+03 6.029842276788e+03
2.386354520076e+03 -4.032045754309e+03 6.034705738252e+03
2.380622105954e+03 -4.028223168006e+03 6.039562099463e+03
2.374887393457e+03 -4.024394965857e+03 6.044411354561e+03
2.369150378289e+03 -4.020561158870e+03 6.049253497697e+03
2.363411091552e+03 -4.016721737189e+03 6.054088523027e+03
2.357669528943e+03 -4.012876711853e+03 6.058916424716e+03
2.351925697967e+03 -4.009026086943e+03 6.063737196937e+03
2.346179606132e+03 -4.005169866544e+03 6.068550833873e+03
2.340431260948e+03 -4.001308054753e+03 6.073357329712e+03
2.334680669927e+03 -3.997440655672e+03 6.078156678652e+03
2.328927828868e+03 -3.993567680245e+03 6.082948874899e+03
2.323172768731e+03 -3.989689118907e+03 6.087733912666e+03
2.317415485308e+03 -3.985804982634e+03 6.092511786176e+03
2.311655986121e+03 -3.981915275561e+03 6.097282489659e+03
2.305894278693e+03 -3.978020001828e+03 6.102046017353e+03
2.300130370550e+03 -3.974119165586e+03 6.106802363504e+03
2.294364269221e+03 -3.970212770992e+03 6.111551522367e+03
2.288595982236e+03 -3.966300822211e+03 6.116293488204e+03
2.282825505503e+03 -3.962383330114e+03 6.121028255287e+03
2.277052869817e+03 -3.958460285468e+03 6.125755817895e+03
2.271278071080e+03 -3.954531699177e+03 6.130476170315e+03
2.265501116832e+03 -3.950597575437e+03 6.135189306842e+03
2.259722014612e+03 -3.946657918452e+03 6.139895221780e+03
2.253940771966e+03 -3.942712732434e+03 6.144593909441e+03
2.248157396439e+03 -3.938762021602e+03 6.149285364146e+03
2.242371884035e+03 -3.934805796761e+03 6.153969580221e+03
2.236584265403e+03 -3.930844048972e+03 6.158646552005e+03
2.230794536541e+03 -3.926876789074e+03 6.163316273842e+03
2.225002705003e+03 -3.922904021317e+03 6.167978740084e+03
2.219208778344e+03 -3.918925749959e+03 6.172633945093e+03
2.213412764125e+03 -3.914941979265e+03 6.177281883240e+03
2.207614669905e+03 -3.910952713510e+03 6.181922548901e+03
2.201814491785e+03 -3.906957963433e+03 6.186555936462e+03
2.196012260267e+03 -3.902957720388e+03 6.191182040319e+03
2.190207971442e+03 -3.898951995148e+03 6.195800854874e+03
2.184401632881e+03 -3.894940792017e+03 6.200412374537e+03
2.178593252154e+03 -3.890924115307e+03 6.205016593728e+03
2.172782836835e+03 -3.886901969338e+03 6.209613506875e+03
2.166970394498e+03 -3.882874358437e+03 6.214203108414e+03
2.161155932720e+03 -3.878841286939e+03 6.218785392788e+03
2.155339447713e+03 -3.874802765511e+03 6.223360354450e+03
2.149520969805e+03 -3.870758785838e+03 6.227927987862e+03
2.143700495200e+03 -3.866709358619e+03 6.232488287491e+03
2.137878031484e+03 -3.862654488220e+03 6.237041247816e+03
2.132053586242e+03 -3.858594179015e+03 6.241586863322e+03
2.126227167064e+03 -3.854528435383e+03 6.246125128504e+03
2.120398781541e+03 -3.850457261715e+03 6.250656037864e+03
2.114568425981e+03 -3.846380668610e+03 6.255179585913e+03
2.108736130560e+03 -3.842298648047e+03 6.259695767172e+03
2.102901891579e+03 -3.838211210659e+03 6.264204576166e+03
2.097065716637e+03 -3.834118360865e+03 6.268706007433e+03
2.091227613332e+03 -3.830020103091e+03 6.273200055517e+03
2.085387589269e+03 -3.825916441774e+03 6.277686714972e+03
2.079545652052e+03 -3.821807381354e+03 6.282165980358e+03
2.073701809286e+03 -3.817692926281e+03 6.286637846246e+03
2.067856057392e+03 -3.813573087080e+03 6.291102307213e+03
2.062008426368e+03 -3.809447856065e+03 6.295559357847e+03
2.056158912626e+03 -3.805317243791e+03 6.300008992742e+03
2.050307523779e+03 -3.801181254741e+03 6.304451206503e+03
2.044454267442e+03 -3.797039893401e+03 6.308885993742e+03
2.038599151234e+03 -3.792893164266e+03 6.313313349078e+03
2.032742182772e+03 -3.788741071840e+03 6.317733267142e+03
2.026883358576e+03 -3.784583626580e+03 6.322145742570e+03
2.021022708485e+03 -3.780420821094e+03 6.326550770008e+03
2.015160229009e+03 -3.776252665870e+03 6.330948344112e+03
2.009295927775e+03 -3.772079165443e+03 6.335338459544e+03
2.003429812409e+03 -3.767900324353e+03 6.339721110976e+03
1.997561890543e+03 -3.763716147149e+03 6.344096293088e+03
1.991692169807e+03 -3.759526638387e+03 6.348464000568e+03
1.985820646816e+03 -3.755331808455e+03 6.352824228113e+03
1.979947351254e+03 -3.751131650257e+03 6.357176970430e+03
1.974072279727e+03 -3.746926174214e+03 6.361522222232e+03
1.968195439873e+03 -3.742715384911e+03 6.365859978242e+03
1.962316839332e+03 -3.738499286944e+03 6.370190233191e+03
1.956436485746e+03 -3.734277884912e+03 6.374512981820e+03
1.950554386758e+03 -3.730051183426e+03 6.378828218876e+03
1.944670550013e+03 -3.725819187099e+03 6.383135939115e+03
1.938784972235e+03 -3.721581906237e+03 6.387436137291e+03
1.932897682921e+03 -3.717339334078e+03 6.391728808177e+03
1.927008678791e+03 -3.713091480966e+03 6.396013946556e+03
1.921117967497e+03 -3.708838351547e+03 6.400291547221e+03
1.915225556691e+03 -3.704579950476e+03 6.404561604971e+03
1.909331454029e+03 -3.700316282414e+03 6.408824114615e+03
1.903435667167e+03 -3.696047352030e+03 6.413079070972e+03
1.897538192932e+03 -3.691773169569e+03 6.417326468867e+03
1.891639060658e+03 -3.687493728562e+03 6.421566303137e+03
1.885738267164e+03 -3.683209039286e+03 6.425798568624e+03
1.879835820111e+03 -3.678919106440e+03 6.430023260180e+03
1.873931727164e+03 -3.674623934730e+03 6.434240372667e+03
1.868025995989e+03 -3.670323528870e+03 6.438449900955e+03
1.862118634253e+03 -3.666017893582e+03 6.442651839921e+03
1.856209649625e+03 -3.661707033595e+03 6.446846184454e+03
1.850299039045e+03 -3.657390959073e+03 6.451032929447e+03
1.844386831658e+03 -3.653069663886e+03 6.455212069807e+03
1.838473024395e+03 -3.648743158231e+03 6.459383600445e+03
1.832557624930e+03 -3.644411446867e+03 6.463547516285e+03
1.826640640941e+03 -3.640074534560e+03 6.467703812256e+03
1.820722080103e+03 -3.635732426084e+03 6.471852483299e+03
1.814801950097e+03 -3.631385126219e+03 6.475993524360e+03
1.808880247962e+03 -3.627032645061e+03 6.480126930397e+03
1.802957002675e+03 -3.622674976774e+03 6.484252696375e+03
1.797032211266e+03 -3.618312131487e+03 6.488370817269e+03
1.791105881420e+03 -3.613944114009e+03 6.492481288062e+03
1.785178020822e+03 -3.609570929159e+03 6.496584103745e+03
1.779248637161e+03 -3.605192581762e+03 6.500679259320e+03
1.773317738125e+03 -3.600809076651e+03 6.504766749794e+03
1.767385331405e+03 -3.596420418666e+03 6.508846570188e+03
1.761451414154e+03 -3.592026617823e+03 6.512918715527e+03
1.755516015155e+03 -3.587627668624e+03 6.516983180847e+03
1.749579131550e+03 -3.583223581116e+03 6.521039961194e+03
1.743640771037e+03 -3.578814360169e+03 6.525089051619e+03
1.737700941311e+03 -3.574400010659e+03 6.529130447186e+03
1.731759650071e+03 -3.569980537472e+03 6.533164142965e+03
1.725816905017e+03 -3.565555945500e+03 6.537190134036e+03
1.719872703401e+03 -3.561126244686e+03 6.541208415488e+03
1.713927073836e+03 -3.556691429829e+03 6.545218982419e+03
1.707980013562e+03 -3.552251510905e+03 6.549221829934e+03
1.702031530286e+03 -3.547806492836e+03 6.553216953148e+03
1.696081631712e+03 -3.543356380550e+03 6.557204347187e+03
1.690130325548e+03 -3.538901178983e+03 6.561184007182e+03
1.684177619503e+03 -3.534440893078e+03 6.565155928276e+03
1.678223510930e+03 -3.529975532709e+03 6.569120105619e+03
1.672268028265e+03 -3.525505092969e+03 6.573076534370e+03
1.666311168851e+03 -3.521029583764e+03 6.577025209699e+03
1.660352940401e+03 -3.516549010066e+03 6.580966126782e+03
1.654393350630e+03 -3.512063376856e+03 6.584899280806e+03
1.648432407254e+03 -3.507572689119e+03 6.588824666966e+03
1.642470117988e+03 -3.503076951850e+03 6.592742280466e+03
1.636506490551e+03 -3.498576170051e+03 6.596652116518e+03
1.630541522410e+03 -3.494070353514e+03 6.600554170345e+03
1.624575241802e+03 -3.489559497669e+03 6.604448437178e+03
1.618607646183e+03 -3.485043612342e+03 6.608334912256e+03
1.612638743273e+03 -3.480522702558e+03 6.612213590820e+03
1.606668540795e+03 -3.475996773353e+03 6.616084468121e+03
1.600697046472e+03 -3.471465829770e+03 6.619947539426e+03
1.594724268032e+03 -3.466929876862e+03 6.623802800010e+03
1.588750203041e+03 -3.462388924350e+03 6.627650245158e+03
1.582774879557e+03 -3.457842967960e+03 6.631489870163e+03
1.576798295139e+03 -3.453292017445e+03 6.635321670327e+03
1.570820457515e+03 -3.448736077886e+03 6.639145640962e+03
1.564841374416e+03 -3.444175154372e+03 6.642961777388e+03
1.558861053574e+03 -3.439609251997e+03 6.646770074935e+03
1.552879502722e+03 -3.435038375864e+03 6.650570528941e+03
1.546896729595e+03 -3.430462531085e+03 6.654363134753e+03
1.540912731875e+03 -3.425881727295e+03 6.658147887728e+03
1.534927537415e+03 -3.421295960562e+03 6.661924783232e+03
1.528941143885e+03 -3.416705240553e+03 6.665693816639e+03
1.522953559026e+03 -3.412109572410e+03 6.669454983333e+03
1.516964790574e+03 -3.407508961276e+03 6.673208278706e+03
1.510974846270e+03 -3.402903412306e+03 6.676953698162e+03
1.504983733855e+03 -3.398292930659e+03 6.680691237109e+03
1.498991451113e+03 -3.393677525901e+03 6.684420890969e+03
1.492998025713e+03 -3.389057194393e+03 6.688142655171e+03
1.487003455430e+03 -3.384431945733e+03 6.691856525153e+03
1.481007748006e+03 -3.379801785109e+03 6.695562496362e+03
1.475010911188e+03 -3.375166717717e+03 6.699260564254e+03
1.469012952720e+03 -3.370526748761e+03 6.702950724296e+03
1.463013880351e+03 -3.365881883451e+03 6.706632971961e+03
1.457013691966e+03 -3.361232131279e+03 6.710307302734e+03
1.451012415051e+03 -3.356577488902e+03 6.713973712107e+03
1.445010047479e+03 -3.351917965846e+03 6.717632195583e+03
1.439006597002e+03 -3.347253567348e+03 6.721282748673e+03
1.433002071369e+03 -3.342584298654e+03 6.724925366898e+03
1.426996478334e+03 -3.337910165018e+03 6.728560045786e+03
1.420989825648e+03 -3.333231171699e+03 6.732186780876e+03
1.414982121065e+03 -3.328547323966e+03 6.735805567717e+03
1.408973362587e+03 -3.323858631225e+03 6.739416401865e+03
1.402963577487e+03 -3.319165090474e+03 6.743019278887e+03
1.396952763755e+03 -3.314466711151e+03 6.746614194359e+03
1.390940929148e+03 -3.309763498553e+03 6.750201143864e+03
1.384928081421e+03 -3.305055457983e+03 6.753780122997e+03
1.378914228334e+03 -3.300342594749e+03 6.757351127360e+03
1.372899377646e+03 -3.295624914170e+03 6.760914152567e+03
1.366883527459e+03 -3.290902425577e+03 6.764469194237e+03
1.360866704859e+03 -3.286175126265e+03 6.768016248004e+03
1.354848907937e+03 -3.281443025600e+03 6.771555309505e+03
1.348830144454e+03 -3.276706128925e+03 6.775086374390e+03
1.342810422173e+03 -3.271964441593e+03 6.778609438319e+03
1.336789748856e+03 -3.267217968963e+03 6.782124496958e+03
1.330768132266e+03 -3.262466716401e+03 6.785631545984e+03
1.324745580168e+03 -3.257710689279e+03 6.789130581084e+03
1.318722090782e+03 -3.252949896847e+03 6.792621597953e+03
1.312697690975e+03 -3.248184336736e+03 6.796104592295e+03
1.306672378955e+03 -3.243414018227e+03 6.799579559826e+03
1.300646162489e+03 -3.238638946720e+03 6.803046496268e+03
1.294619049343e+03 -3.233859127624e+03 6.806505397353e+03
1.288591047285e+03 -3.229074566353e+03 6.809956258824e+03
1.282562164084e+03 -3.224285268329e+03 6.813399076433e+03
1.276532398061e+03 -3.219491242727e+03 6.816833845938e+03
1.270501775892e+03 -3.214692487473e+03 6.820260563111e+03
1.264470295887e+03 -3.209889011774e+03 6.823679223730e+03
1.258437965815e+03 -3.205080821079e+03 6.827089823584e+03
1.252404793449e+03 -3.200267920845e+03 6.830492358471e+03
1.246370786558e+03 -3.195450316536e+03 6.833886824197e+03
1.240335952915e+03 -3.190628013621e+03 6.837273216580e+03
1.234300300292e+03 -3.185801017579e+03 6.840651531446e+03
1.228263827130e+03 -3.180969337497e+03 6.844021764628e+03
1.222226559880e+03 -3.176132971642e+03 6.847383911973e+03
1.216188496969e+03 -3.171291929133e+03 6.850737969334e+03
1.210149646173e+03 -3.166446215475e+03 6.854083932574e+03
1.204110015264e+03 -3.161595836180e+03 6.857421797566e+03
1.198069612019e+03 -3.156740796767e+03 6.860751560192e+03
1.192028444212e+03 -3.151881102761e+03 6.864073216344e+03
1.185986510386e+03 -3.147016763175e+03 6.867386761922e+03
1.179943836797e+03 -3.142147776572e+03 6.870692192837e+03
1.173900421976e+03 -3.137274151995e+03 6.873989505008e+03
1.167856273698e+03 -3.132395894997e+03 6.877278694365e+03
1.161811399741e+03 -3.127513011139e+03 6.880559756847e+03
1.155765807883e+03 -3.122625505986e+03 6.883832688400e+03
1.149719505901e+03 -3.117733385114e+03 6.887097484983e+03
1.143672492442e+03 -3.112836657457e+03 6.890354142562e+03
1.137624793563e+03 -3.107935321876e+03 6.893602657113e+03
1.131576407896e+03 -3.103029387336e+03 6.896843024623e+03
1.125527343220e+03 -3.098118859440e+03 6.900075241087e+03
1.119477607316e+03 -3.093203743795e+03 6.903299302509e+03
1.113427207962e+03 -3.088284046015e+03 6.906515204903e+03
1.107376152939e+03 -3.083359771724e+03 6.909722944293e+03
1.101324450028e+03 -3.078430926547e+03 6.912922516712e+03
1.095272097991e+03 -3.073497519335e+03 6.916113918203e+03
1.089219122658e+03 -3.068559549284e+03 6.919297144817e+03
1.083165522778e+03 -3.063617025274e+03 6.922472192617e+03
1.077111306133e+03 -3.058669952960e+03 6.925639057672e+03
1.071056480505e+03 -3.053718338006e+03 6.928797736065e+03
1.065001053675e+03 -3.048762186079e+03 6.931948223885e+03
1.058945033424e+03 -3.043801502855e+03 6.935090517231e+03
1.052888418620e+03 -3.038836297106e+03 6.938224612213e+03
1.046831234889e+03 -3.033866568325e+03 6.941350504949e+03
1.040773481086e+03 -3.028892325315e+03 6.944468191568e+03
1.034715164991e+03 -3.023913573778e+03 6.947577668207e+03
1.028656294387e+03 -3.018930319424e+03 6.950678931013e+03
1.022596877059e+03 -3.013942567969e+03 6.953771976145e+03
1.016536920787e+03 -3.008950325136e+03 6.956856799766e+03
1.010476433355e+03 -3.003953596654e+03 6.959933398055e+03
1.004415413749e+03 -2.998952391205e+03 6.963001767196e+03
9.983538873623e+02 -2.993946708623e+03 6.966061903385e+03
9.922918531654e+02 -2.988936557620e+03 6.969113802825e+03
9.862293189418e+02 -2.983921943953e+03 6.972157461732e+03
9.801662924749e+02 -2.978902873385e+03 6.975192876329e+03
9.741027815480e+02 -2.973879351686e+03 6.978220042850e+03
9.680387939447e+02 -2.968851384631e+03 6.981238957538e+03
9.619743287532e+02 -2.963818980826e+03 6.984249616645e+03
9.559094111624e+02 -2.958782140398e+03 6.987252016433e+03
9.498440402457e+02 -2.953740871983e+03 6.990246153174e+03
9.437782237868e+02 -2.948695181385e+03 6.993232023150e+03
9.377119695691e+02 -2.943645074411e+03 6.996209622652e+03
9.316452853761e+02 -2.938590556879e+03 6.999178947980e+03
9.255781789913e+02 -2.933531634611e+03 7.002139995444e+03
9.195106496064e+02 -2.928468316133e+03 7.005092761365e+03
9.134427222031e+02 -2.923400601870e+03 7.008037242073e+03
9.073743959581e+02 -2.918328500378e+03 7.010973433906e+03
9.013056786547e+02 -2.913252017507e+03 7.013901333214e+03
8.952365780761e+02 -2.908171159112e+03 7.016820936355e+03
8.891671020053e+02 -2.903085931056e+03 7.019732239698e+03
8.830972582253e+02 -2.897996339207e+03 7.022635239621e+03
8.770270545190e+02 -2.892902389442e+03 7.025529932511e+03
8.709564901967e+02 -2.887804090196e+03 7.028416314766e+03
8.648855900008e+02 -2.882701442231e+03 7.031294382794e+03
8.588143532263e+02 -2.877594454014e+03 7.034164133010e+03
8.527427876557e+02 -2.872483131447e+03 7.037025561841e+03
8.466709010709e+02 -2.867367480438e+03 7.039878665724e+03
8.405987012540e+02 -2.862247506902e+03 7.042723441105e+03
8.345261959868e+02 -2.857123216760e+03 7.045559884438e+03
8.284533846835e+02 -2.851994618370e+03 7.048387992190e+03
8.223802918752e+02 -2.846861712787e+03 7.051207760836e+03
8.163069169607e+02 -2.841724508401e+03 7.054019186859e+03
8.102332677210e+02 -2.836583011158e+03 7.056822266756e+03
8.041593519366e+02 -2.831437227013e+03 7.059616997029e+03
7.980851773864e+02 -2.826287161918e+03 7.062403374178e+03
7.920107518500e+02 -2.821132821839e+03 7.065181394720e+03
7.859360831072e+02 -2.815974212749e+03 7.067951055190e+03
7.798611706913e+02 -2.810811342915e+03 7.070712352130e+03
7.737860388898e+02 -2.805644213729e+03 7.073465282093e+03
7.677106872203e+02 -2.800472833490e+03 7.076209841642e+03
7.616351234614e+02 -2.795297208196e+03 7.078946027350e+03
7.555593553918e+02 -2.790117343853e+03 7.081673835798e+03
7.494833907894e+02 -2.784933246472e+03 7.084393263579e+03
7.434072374323e+02 -2.779744922072e+03 7.087104307294e+03
7.373308949577e+02 -2.774552378840e+03 7.089806963556e+03
7.312543874383e+02 -2.769355618463e+03 7.092501228987e+03
7.251777144954e+02 -2.764154649160e+03 7.095187100216e+03
7.191008839054e+02 -2.758949476975e+03 7.097864573886e+03
7.130239034444e+02 -2.753740107957e+03 7.100533646648e+03
7.069467808879e+02 -2.748526548164e+03 7.103194315161e+03
7.008695240112e+02 -2.743308803657e+03 7.105846576098e+03
6.947921405889e+02 -2.738086880507e+03 7.108490426138e+03
6.887146303777e+02 -2.732860786810e+03 7.111125861972e+03
6.826370172024e+02 -2.727630524589e+03 7.113752880300e+03
6.765593008033e+02 -2.722396101970e+03 7.116371477832e+03
6.704814889535e+02 -2.717157525048e+03 7.118981651288e+03
6.644035894254e+02 -2.711914799925e+03 7.121583397398e+03
6.583256099912e+02 -2.706667932708e+03 7.124176712901e+03
6.522475584223e+02 -2.701416929511e+03 7.126761594547e+03
6.461694345799e+02 -2.696161798348e+03 7.129338039095e+03
6.400912620700e+02 -2.690902541538e+03 7.131906043315e+03
6.340130407371e+02 -2.685639167127e+03 7.134465603985e+03
6.279347783509e+02 -2.680371681253e+03 7.137016717895e+03
6.218564826803e+02 -2.675100090062e+03 7.139559381844e+03
6.157781614936e+02 -2.669824399705e+03 7.142093592641e+03
6.096998225589e+02 -2.664544616340e+03 7.144619347103e+03
6.036214658414e+02 -2.659260747902e+03 7.147136642061e+03
5.975431147271e+02 -2.653972797002e+03 7.149645474352e+03
5.914647691649e+02 -2.648680771605e+03 7.152145840826e+03
5.853864369201e+02 -2.643384677893e+03 7.154637738340e+03
5.793081257579e+02 -2.638084522056e+03 7.157121163763e+03
5.732298434423e+02 -2.632780310290e+03 7.159596113973e+03
5.671515977371e+02 -2.627472048795e+03 7.162062585858e+03
5.610733964054e+02 -2.622159743779e+03 7.164520576317e+03
5.549952395319e+02 -2.616843403084e+03 7.166970082258e+03
5.489171502490e+02 -2.611523029657e+03 7.169411100598e+03
5.428391286246e+02 -2.606198631369e+03 7.171843628267e+03
5.367611824191e+02 -2.600870214454e+03 7.174267662201e+03
5.306833193920e+02 -2.595537785149e+03 7.176683199348e+03
5.246055473025e+02 -2.590201349700e+03 7.179090236668e+03
5.185278739086e+02 -2.584860914358e+03 7.181488771127e+03
5.124502994001e+02 -2.579516486883e+03 7.183878799703e+03
5.063728466852e+02 -2.574168070514e+03 7.186260319384e+03
5.002955159364e+02 -2.568815673042e+03 7.188633327169e+03
4.942183149089e+02 -2.563459300742e+03 7.190997820064e+03
4.881412513572e+02 -2.558098959897e+03 7.193353795088e+03
4.820643330352e+02 -2.552734656793e+03 7.195701249268e+03
4.759875676958e+02 -2.547366397725e+03 7.198040179643e+03
4.699109630912e+02 -2.541994188993e+03 7.200370583260e+03
4.638345195306e+02 -2.536618038265e+03 7.202692457177e+03
4.577582596645e+02 -2.531237949112e+03 7.205005798461e+03
4.516821837848e+02 -2.525853929232e+03 7.207310604192e+03
4.456062996405e+02 -2.520465984950e+03 7.209606871455e+03
4.395306149794e+02 -2.515074122595e+03 7.211894597350e+03
4.334551375489e+02 -2.509678348505e+03 7.214173778985e+03
4.273798750953e+02 -2.504278669023e+03 7.216444413477e+03
4.213048280326e+02 -2.498875091732e+03 7.218706497954e+03
4.152300187840e+02 -2.493467620498e+03 7.220960029554e+03
4.091554477459e+02 -2.488056262935e+03 7.223205005426e+03
4.030811226611e+02 -2.482641025411e+03 7.225441422728e+03
3.970070512715e+02 -2.477221914298e+03 7.227669278628e+03
3.909332413179e+02 -2.471798935974e+03 7.229888570304e+03
3.848597005403e+02 -2.466372096826e+03 7.232099294944e+03
3.787864294578e+02 -2.460941404354e+03 7.234301449747e+03
3.727134502644e+02 -2.455506862716e+03 7.236495031922e+03
3.666407634612e+02 -2.450068479443e+03 7.238680038686e+03
3.605683767844e+02 -2.444626260944e+03 7.240856467269e+03
3.544962979691e+02 -2.439180213634e+03 7.243024314910e+03
3.484245347495e+02 -2.433730343933e+03 7.245183578856e+03
3.423530948587e+02 -2.428276658269e+03 7.247334256368e+03
3.362819860288e+02 -2.422819163074e+03 7.249476344714e+03
3.302112088988e+02 -2.417357865754e+03 7.251609841172e+03
3.241407853990e+02 -2.411892770801e+03 7.253734743033e+03
3.180707161502e+02 -2.406423885650e+03 7.255851047596e+03
3.120010088805e+02 -2.400951216757e+03 7.257958752170e+03
3.059316713166e+02 -2.395474770586e+03 7.260057854074e+03
2.998627111844e+02 -2.389994553603e+03 7.262148350639e+03
2.937941362086e+02 -2.384510572284e+03 7.264230239204e+03
2.877259471330e+02 -2.379022833952e+03 7.266303517119e+03
2.816581656558e+02 -2.373531343388e+03 7.268368181744e+03
2.755907925024e+02 -2.368036107944e+03 7.270424230450e+03
2.695238353931e+02 -2.362537134118e+03 7.272471660616e+03
2.634573020470e+02 -2.357034428414e+03 7.274510469634e+03
2.573912001821e+02 -2.351527997341e+03 7.276540654903e+03
2.513255375152e+02 -2.346017847413e+03 7.278562213835e+03
2.452603217619e+02 -2.340503985153e+03 7.280575143850e+03
2.391955537861e+02 -2.334986417788e+03 7.282579442381e+03
2.331312550182e+02 -2.329465150430e+03 7.284575106867e+03
2.270674263038e+02 -2.323940190337e+03 7.286562134761e+03
2.210040753535e+02 -2.318411544053e+03 7.288540523525e+03
2.149412098770e+02 -2.312879218128e+03 7.290510270629e+03
2.088788375828e+02 -2.307343219117e+03 7.292471373556e+03
2.028169661779e+02 -2.301803553583e+03 7.294423829799e+03
1.967555966314e+02 -2.296260228669e+03 7.296367636860e+03
1.906947501379e+02 -2.290713249778e+03 7.298302792250e+03
1.846344276476e+02 -2.285162624082e+03 7.300229293494e+03
1.785746368627e+02 -2.279608358166e+03 7.302147138124e+03
1.725153854839e+02 -2.274050458621e+03 7.304056323684e+03
1.664566812108e+02 -2.268488932043e+03 7.305956847726e+03
1.603985317414e+02 -2.262923785033e+03 7.307848707815e+03
1.543409447727e+02 -2.257355024200e+03 7.309731901524e+03
1.482839213937e+02 -2.251782656591e+03 7.311606426438e+03
1.422274825278e+02 -2.246206687937e+03 7.313472280151e+03
1.361716292451e+02 -2.240627125317e+03 7.315329460267e+03
1.301163692370e+02 -2.235043975360e+03 7.317177964401e+03
1.240617101937e+02 -2.229457244703e+03 7.319017790179e+03
1.180076598037e+02 -2.223866939987e+03 7.320848935236e+03
1.119542257545e+02 -2.218273067860e+03 7.322671397217e+03
1.059014092403e+02 -2.212675635285e+03 7.324485173778e+03
9.984923094522e+01 -2.207074648283e+03 7.326290262585e+03
9.379769204439e+01 -2.201470113845e+03 7.328086661315e+03
8.774680021939e+01 -2.195862038641e+03 7.329874367654e+03
8.169656315041e+01 -2.190250429349e+03 7.331653379299e+03
7.564698851620e+01 -2.184635292648e+03 7.333423693958e+03
6.959808399402e+01 -2.179016635225e+03 7.335185309348e+03
6.354985088326e+01 -2.173394463960e+03 7.336938223196e+03
5.750230962754e+01 -2.167768785160e+03 7.338682433241e+03
5.145546150679e+01 -2.162139605732e+03 7.340417937231e+03
4.540931419230e+01 -2.156506932386e+03 7.342144732924e+03
3.936387535388e+01 -2.150870771837e+03 7.343862818091e+03
3.331915265979e+01 -2.145231130806e+03 7.345572190509e+03
2.727515377677e+01 -2.139588016017e+03 7.347272847968e+03
2.123188637000e+01 -2.133941434203e+03 7.348964788269e+03
1.518935185903e+01 -2.128291392145e+03 7.350648009222e+03
9.147570410679e+00 -2.122637896479e+03 7.352322508647e+03
3.106543424771e+00 -2.116980954015e+03 7.353988284374e+03
-2.933721439789e+00 -2.111320571507e+03 7.355645334246e+03
-8.973216525698e+00 -2.105656755714e+03 7.357293656114e+03
-1.501193417725e+01 -2.099989513400e+03 7.358933247839e+03
-2.104986674038e+01 -2.094318851337e+03 7.360564107294e+03
-2.708701269039e+01 -2.088644776219e+03 7.362186232361e+03
-3.312335210427e+01 -2.082967294969e+03 7.363799620933e+03
-3.915888347728e+01 -2.077286414313e+03 7.365404270914e+03
-4.519359916191e+01 -2.071602141041e+03 7.367000180217e+03
-5.122749151229e+01 -2.065914481952e+03 7.368587346767e+03
-5.726055288428e+01 -2.060223443848e+03 7.370165768496e+03
-6.329277563540e+01 -2.054529033539e+03 7.371735443351e+03
-6.932415212487e+01 -2.048831257837e+03 7.373296369287e+03
-7.535468070785e+01 -2.043130123340e+03 7.374848544268e+03
-8.138434174179e+01 -2.037425637299e+03 7.376391966270e+03
-8.741313360203e+01 -2.031717806339e+03 7.377926633281e+03
-9.344104865469e+01 -2.026006637296e+03 7.379452543296e+03
-9.946807926762e+01 -2.020292137010e+03 7.380969694322e+03
-1.054942178105e+02 -2.014574312329e+03 7.382478084378e+03
-1.115194566546e+02 -2.008853170104e+03 7.383977711490e+03
-1.175437940501e+02 -2.003128716846e+03 7.385468573698e+03
-1.235672106014e+02 -1.997400960090e+03 7.386950669049e+03
-1.295897045789e+02 -1.991669906377e+03 7.388423995603e+03
-1.356112683611e+02 -1.985935562580e+03 7.389888551428e+03
-1.416318943285e+02 -1.980197935577e+03 7.391344334606e+03
-1.476515748633e+02 -1.974457032251e+03 7.392791343227e+03
-1.536703023496e+02 -1.968712859492e+03 7.394229575390e+03
-1.596880749323e+02 -1.962965423725e+03 7.395659029208e+03
-1.657048734643e+02 -1.957214732769e+03 7.397079702801e+03
-1.717206961110e+02 -1.951460793079e+03 7.398491594302e+03
-1.777355352641e+02 -1.945703611565e+03 7.399894701854e+03
-1.837493833170e+02 -1.939943195142e+03 7.401289023609e+03
-1.897622326649e+02 -1.934179550730e+03 7.402674557730e+03
-1.957740757052e+02 -1.928412685256e+03 7.404051302392e+03
-2.017849048369e+02 -1.922642605651e+03 7.405419255778e+03
-2.077947180851e+02 -1.916869318242e+03 7.406778416083e+03
-2.138034965880e+02 -1.911092831173e+03 7.408128781514e+03
-2.198112383916e+02 -1.905313150797e+03 7.409470350284e+03
-2.258179359027e+02 -1.899530284067e+03 7.410803120621e+03
-2.318235815302e+02 -1.893744237941e+03 7.412127090760e+03
-2.378281676851e+02 -1.887955019382e+03 7.413442258949e+03
-2.438316867803e+02 -1.882162635356e+03 7.414748623446e+03
-2.498341367356e+02 -1.876367092104e+03 7.416046182518e+03
-2.558354989409e+02 -1.870568398052e+03 7.417334934444e+03
-2.618357713373e+02 -1.864766559469e+03 7.418614877512e+03
-2.678349463456e+02 -1.858961583342e+03 7.419886010024e+03
-2.738330163890e+02 -1.853153476666e+03 7.421148330287e+03
-2.798299738923e+02 -1.847342246438e+03 7.422401836623e+03
-2.858258112829e+02 -1.841527899664e+03 7.423646527362e+03
-2.918205209898e+02 -1.835710443351e+03 7.424882400847e+03
-2.978141008131e+02 -1.829889883640e+03 7.426109455429e+03
-3.038065324317e+02 -1.824066229281e+03 7.427327689470e+03
-3.097978136669e+02 -1.818239486441e+03 7.428537101344e+03
-3.157879369562e+02 -1.812409662150e+03 7.429737689434e+03
-3.217768947395e+02 -1.806576763442e+03 7.430929452133e+03
-3.277646794584e+02 -1.800740797357e+03 7.432112387847e+03
-3.337512835572e+02 -1.794901770940e+03 7.433286494991e+03
-3.397367047307e+02 -1.789059690243e+03 7.434451771989e+03
-3.457209249124e+02 -1.783214564297e+03 7.435608217279e+03
-3.517039418190e+02 -1.777366399182e+03 7.436755829307e+03
-3.576857479030e+02 -1.771515201965e+03 7.437894606529e+03
-3.636663356194e+02 -1.765660979713e+03 7.439024547415e+03
-3.696456974252e+02 -1.759803739502e+03 7.440145650442e+03
-3.756238257797e+02 -1.753943488412e+03 7.441257914099e+03
-3.816007131446e+02 -1.748080233528e+03 7.442361336885e+03
-3.875763570949e+02 -1.742213980803e+03 7.443455917310e+03
-3.935507398567e+02 -1.736344739587e+03 7.444541653895e+03
-3.995238590269e+02 -1.730472515861e+03 7.445618545171e+03
-4.054957070759e+02 -1.724597316730e+03 7.446686589679e+03
-4.114662764767e+02 -1.718719149303e+03 7.447745785972e+03
-4.174355597043e+02 -1.712838020696e+03 7.448796132611e+03
-4.234035492361e+02 -1.706953938026e+03 7.449837628171e+03
-4.293702425425e+02 -1.701066907160e+03 7.450870271234e+03
-4.353356221069e+02 -1.695176937729e+03 7.451894060396e+03
-4.412996854215e+02 -1.689284035624e+03 7.452908994260e+03
-4.472624249732e+02 -1.683388207985e+03 7.453915071444e+03
-4.532238332508e+02 -1.677489461956e+03 7.454912290571e+03
-4.591839027458e+02 -1.671587804685e+03 7.455900650280e+03
-4.651426259520e+02 -1.665683243327e+03 7.456880149218e+03
-4.711000002350e+02 -1.659775783658e+03 7.457850786041e+03
-4.770560083369e+02 -1.653865435588e+03 7.458812559419e+03
-4.830106476455e+02 -1.647952204921e+03 7.459765468031e+03
-4.889639106642e+02 -1.642036098831e+03 7.460709510566e+03
-4.949157898986e+02 -1.636117124494e+03 7.461644685723e+03
-5.008662778570e+02 -1.630195289095e+03 7.462570992215e+03
-5.068153670499e+02 -1.624270599821e+03 7.463488428762e+03
-5.127630499904e+02 -1.618343063864e+03 7.464396994095e+03
-5.187093239245e+02 -1.612412686899e+03 7.465296686959e+03
-5.246541718918e+02 -1.606479479156e+03 7.466187506105e+03
-5.305975911606e+02 -1.600543446335e+03 7.467069450298e+03
-5.365395742539e+02 -1.594604595650e+03 7.467942518311e+03
-5.424801136970e+02 -1.588662934315e+03 7.468806708930e+03
-5.484192020180e+02 -1.582718469553e+03 7.469662020951e+03
-5.543568317474e+02 -1.576771208589e+03 7.470508453178e+03
-5.602930000266e+02 -1.570821157009e+03 7.471346004431e+03
-5.662276901566e+02 -1.564868325320e+03 7.472174673535e+03
-5.721608993015e+02 -1.558912719134e+03 7.472994459328e+03
-5.780926200019e+02 -1.552954345697e+03 7.473805360660e+03
-5.840228448011e+02 -1.546993212257e+03 7.474607376390e+03
-5.899515662447e+02 -1.541029326069e+03 7.475400505387e+03
-5.958787768813e+02 -1.535062694391e+03 7.476184746532e+03
-6.018044692616e+02 -1.529093324487e+03 7.476960098717e+03
-6.077286404080e+02 -1.523121221842e+03 7.477726560843e+03
-6.136512739218e+02 -1.517146397278e+03 7.478484131822e+03
-6.195723668480e+02 -1.511168856304e+03 7.479232810579e+03
-6.254919117481e+02 -1.505188606205e+03 7.479972596045e+03
-6.314099011860e+02 -1.499205654266e+03 7.480703487167e+03
-6.373263277287e+02 -1.493220007778e+03 7.481425482898e+03
-6.432411839455e+02 -1.487231674037e+03 7.482138582205e+03
-6.491544667542e+02 -1.481240658439e+03 7.482842784064e+03
-6.550661600206e+02 -1.475246972081e+03 7.483538087461e+03
-6.609762606855e+02 -1.469250620385e+03 7.484224491395e+03
-6.668847613290e+02 -1.463251610665e+03 7.484901994874e+03
-6.727916545341e+02 -1.457249950240e+03 7.485570596916e+03
-6.786969328863e+02 -1.451245646432e+03 7.486230296552e+03
-6.846005889741e+02 -1.445238706570e+03 7.486881092822e+03
-6.905026196111e+02 -1.439229135960e+03 7.487522984776e+03
-6.964030089285e+02 -1.433216945972e+03 7.488155971476e+03
-7.023017537631e+02 -1.427202141941e+03 7.488780051995e+03
-7.081988467143e+02 -1.421184731211e+03 7.489395225415e+03
-7.140942803843e+02 -1.415164721133e+03 7.490001490830e+03
-7.199880473780e+02 -1.409142119061e+03 7.490598847344e+03
-7.258801403034e+02 -1.403116932355e+03 7.491187294072e+03
-7.317705517709e+02 -1.397089168379e+03 7.491766830141e+03
-7.376592784752e+02 -1.391058832335e+03 7.492337454685e+03
-7.435463048527e+02 -1.385025935909e+03 7.492899166853e+03
-7.494316276211e+02 -1.378990484330e+03 7.493451965801e+03
-7.553152394026e+02 -1.372952484979e+03 7.493995850699e+03
-7.611971328219e+02 -1.366911945242e+03 7.494530820725e+03
-7.670773005069e+02 -1.360868872510e+03 7.495056875069e+03
-7.729557350880e+02 -1.354823274177e+03 7.495574012932e+03
-7.788324331559e+02 -1.348775155358e+03 7.496082233524e+03
-7.847073794151e+02 -1.342724528007e+03 7.496581536068e+03
-7.905805704796e+02 -1.336671397267e+03 7.497071919795e+03
-7.964519989918e+02 -1.330615770547e+03 7.497553383949e+03
-8.023216575968e+02 -1.324557655266e+03 7.498025927785e+03
-8.081895389428e+02 -1.318497058843e+03 7.498489550565e+03
-8.140556356807e+02 -1.312433988704e+03 7.498944251567e+03
-8.199199404647e+02 -1.306368452279e+03 7.499390030075e+03
-8.257824497667e+02 -1.300300454578e+03 7.499826885387e+03
-8.316431485990e+02 -1.294230007868e+03 7.500254816810e+03
-8.375020334574e+02 -1.288157117186e+03 7.500673823662e+03
-8.433590970077e+02 -1.282081789978e+03 7.501083905271e+03
-8.492143319191e+02 -1.276004033695e+03 7.501485060978e+03
-8.550677308635e+02 -1.269923855793e+03 7.501877290132e+03
-8.609192865160e+02 -1.263841263731e+03 7.502260592095e+03
-8.667689952448e+02 -1.257756262430e+03 7.502634966238e+03
-8.726168423330e+02 -1.251668864425e+03 7.503000411943e+03
-8.784628241727e+02 -1.245579074665e+03 7.503356928604e+03
-8.843069334512e+02 -1.239486900625e+03 7.503704515624e+03
-8.901491628589e+02 -1.233392349786e+03 7.504043172417e+03
-8.959895050893e+02 -1.227295429632e+03 7.504372898410e+03
-9.018279528388e+02 -1.221196147653e+03 7.504693693038e+03
-9.076644988071e+02 -1.215094511342e+03 7.505005555747e+03
-9.134991392441e+02 -1.208990525515e+03 7.505308485995e+03
-9.193318597437e+02 -1.202884203018e+03 7.505602483250e+03
-9.251626565799e+02 -1.196775548693e+03 7.505887546991e+03
-9.309915224648e+02 -1.190664570050e+03 7.506163676708e+03
-9.368184501138e+02 -1.184551274603e+03 7.506430871900e+03
-9.426434322455e+02 -1.178435669870e+03 7.506689132079e+03
-9.484664615816e+02 -1.172317763374e+03 7.506938456766e+03
-9.542875342683e+02 -1.166197559839e+03 7.507178845495e+03
-9.601066361729e+02 -1.160075072380e+03 7.507410297807e+03
-9.659237634662e+02 -1.153950305748e+03 7.507632813257e+03
-9.717389088825e+02 -1.147823267482e+03 7.507846391411e+03
-9.775520651597e+02 -1.141693965124e+03 7.508051031842e+03
-9.833632250388e+02 -1.135562406221e+03 7.508246734137e+03
-9.891723812638e+02 -1.129428598323e+03 7.508433497894e+03
-9.949795298780e+02 -1.123292546066e+03 7.508611322719e+03
-1.000784657023e+03 -1.117154262831e+03 7.508780208231e+03
-1.006587758766e+03 -1.111013753277e+03 7.508940154060e+03
-1.012388827865e+03 -1.104871024971e+03 7.509091159844e+03
-1.018187857079e+03 -1.098726085484e+03 7.509233225235e+03
-1.023984839174e+03 -1.092578942392e+03 7.509366349894e+03
-1.029779766916e+03 -1.086429603272e+03 7.509490533493e+03
-1.035572633076e+03 -1.080278075708e+03 7.509605775715e+03
-1.041363433579e+03 -1.074124364230e+03 7.509712076253e+03
-1.047152154881e+03 -1.067968482523e+03 7.509809434812e+03
-1.052938792933e+03 -1.061810435143e+03 7.509897851106e+03
-1.058723340518e+03 -1.055650229689e+03 7.509977324862e+03
-1.064505790424e+03 -1.049487873762e+03 7.510047855817e+03
-1.070286135440e+03 -1.043323374970e+03 7.510109443716e+03
-1.076064368363e+03 -1.037156740922e+03 7.510162088320e+03
-1.081840485012e+03 -1.030987976059e+03 7.510205789395e+03
-1.087614472123e+03 -1.024817094329e+03 7.510240546723e+03
-1.093386325542e+03 -1.018644100198e+03 7.510266360093e+03
-1.099156038076e+03 -1.012469001291e+03 7.510283229307e+03
-1.104923602537e+03 -1.006291805237e+03 7.510291154175e+03
-1.110689011740e+03 -1.000112519670e+03 7.510290134522e+03
-1.116452258502e+03 -9.939311522273e+02 7.510280170181e+03
-1.122213335645e+03 -9.877477105499e+02 7.510261260995e+03
-1.127972238874e+03 -9.815621989732e+02 7.510233406819e+03
-1.133728955239e+03 -9.753746317476e+02 7.510196607520e+03
-1.139483480471e+03 -9.691850132333e+02 7.510150862974e+03
-1.145235807405e+03 -9.629933510864e+02 7.510096173068e+03
-1.150985928881e+03 -9.567996529669e+02 7.510032537699e+03
-1.156733837739e+03 -9.506039265387e+02 7.509959956778e+03
-1.162479526828e+03 -9.444061794692e+02 7.509878430223e+03
-1.168222991748e+03 -9.382064160024e+02 7.509787957964e+03
-1.173964219830e+03 -9.320046506511e+02 7.509688539944e+03
-1.179703206701e+03 -9.258008876836e+02 7.509580176113e+03
-1.185439945222e+03 -9.195951347824e+02 7.509462866435e+03
-1.191174428256e+03 -9.133873996335e+02 7.509336610883e+03
-1.196906648671e+03 -9.071776899269e+02 7.509201409441e+03
-1.202636599337e+03 -9.009660133560e+02 7.509057262104e+03
-1.208364275756e+03 -8.947523740729e+02 7.508904168878e+03
-1.214089665536e+03 -8.885367868520e+02 7.508742129780e+03
-1.219812764203e+03 -8.823192558695e+02 7.508571144837e+03
-1.225533564643e+03 -8.760997888336e+02 7.508391214086e+03
-1.231252059744e+03 -8.698783934560e+02 7.508202337578e+03
-1.236968242400e+03 -8.636550774522e+02 7.508004515372e+03
-1.242682105507e+03 -8.574298485413e+02 7.507797747538e+03
-1.248393641966e+03 -8.512027144459e+02 7.507582034157e+03
-1.254102847159e+03 -8.449736792128e+02 7.507357375323e+03
-1.259809709018e+03 -8.387427579140e+02 7.507123771137e+03
-1.265514222951e+03 -8.325099546203e+02 7.506881221713e+03
-1.271216381873e+03 -8.262752770685e+02 7.506629727176e+03
-1.276916178704e+03 -8.200387329993e+02 7.506369287661e+03
-1.282613606365e+03 -8.138003301567e+02 7.506099903314e+03
-1.288308657783e+03 -8.075600762883e+02 7.505821574292e+03
-1.294001328239e+03 -8.013179753490e+02 7.505534300763e+03
-1.299691605946e+03 -7.950740426694e+02 7.505238082905e+03
-1.305379486212e+03 -7.888282822280e+02 7.504932920907e+03
-1.311064961978e+03 -7.825807017866e+02 7.504618814969e+03
-1.316748026188e+03 -7.763313091102e+02 7.504295765303e+03
-1.322428671791e+03 -7.700801119675e+02 7.503963772130e+03
-1.328106891741e+03 -7.638271181305e+02 7.503622835682e+03
-1.333782678994e+03 -7.575723353749e+02 7.503272956203e+03
-1.339456028714e+03 -7.513157675498e+02 7.502914133946e+03
-1.345126929440e+03 -7.450574302806e+02 7.502546369177e+03
-1.350795376361e+03 -7.387973274400e+02 7.502169662171e+03
-1.356461362449e+03 -7.325354668173e+02 7.501784013214e+03
-1.362124880681e+03 -7.262718562051e+02 7.501389422605e+03
-1.367785924036e+03 -7.200065033995e+02 7.500985890650e+03
-1.373444485497e+03 -7.137394162000e+02 7.500573417670e+03
-1.379100560128e+03 -7.074705983634e+02 7.500152003992e+03
-1.384754136751e+03 -7.012000657713e+02 7.499721649959e+03
-1.390405210454e+03 -6.949278222039e+02 7.499282355921e+03
-1.396053774237e+03 -6.886538754741e+02 7.498834122241e+03
-1.401699821102e+03 -6.823782333980e+02 7.498376949290e+03
-1.407343344058e+03 -6.761009037953e+02 7.497910837454e+03
-1.412984336115e+03 -6.698218944888e+02 7.497435787126e+03
-1.418622790288e+03 -6.635412133047e+02 7.496951798712e+03
-1.424258701525e+03 -6.572588638938e+02 7.496458872628e+03
-1.429892058972e+03 -6.509748624296e+02 7.495957009301e+03
-1.435522857605e+03 -6.446892125860e+02 7.495446209168e+03
-1.441151090453e+03 -6.384019222023e+02 7.494926472679e+03
-1.446776750552e+03 -6.321129991211e+02 7.494397800292e+03
-1.452399830941e+03 -6.258224511880e+02 7.493860192478e+03
-1.458020324662e+03 -6.195302862522e+02 7.493313649718e+03
-1.463638226563e+03 -6.132365078718e+02 7.492758172502e+03
-1.469253526076e+03 -6.069411324739e+02 7.492193761335e+03
-1.474866218075e+03 -6.006441636395e+02 7.491620416730e+03
-1.480476295620e+03 -5.943456092306e+02 7.491038139210e+03
-1.486083751772e+03 -5.880454771120e+02 7.490446929310e+03
-1.491688579600e+03 -5.817437751521e+02 7.489846787577e+03
-1.497290772175e+03 -5.754405112221e+02 7.489237714567e+03
-1.502890324242e+03 -5.691356887873e+02 7.488619710848e+03
-1.508487225524e+03 -5.628293245275e+02 7.487992776997e+03
-1.514081470791e+03 -5.565214219305e+02 7.487356913604e+03
-1.519673053131e+03 -5.502119888803e+02 7.486712121268e+03
-1.525261965638e+03 -5.439010332638e+02 7.486058400601e+03
-1.530848201406e+03 -5.375885629711e+02 7.485395752223e+03
-1.536431753537e+03 -5.312745858955e+02 7.484724176767e+03
-1.542012615134e+03 -5.249591099332e+02 7.484043674876e+03
-1.547590780828e+03 -5.186421384430e+02 7.483354247204e+03
-1.553166240670e+03 -5.123236883919e+02 7.482655894415e+03
-1.558738989317e+03 -5.060037631613e+02 7.481948617185e+03
-1.564309019891e+03 -4.996823706595e+02 7.481232416201e+03
-1.569876325516e+03 -4.933595187981e+02 7.480507292158e+03
-1.575440899322e+03 -4.870352154916e+02 7.479773245765e+03
-1.581002734444e+03 -4.807094686575e+02 7.479030277742e+03
-1.586561825411e+03 -4.743822815617e+02 7.478278388816e+03
-1.592118162563e+03 -4.680536714206e+02 7.477517579730e+03
-1.597671740458e+03 -4.617236415225e+02 7.476747851232e+03
-1.603222552246e+03 -4.553921997966e+02 7.475969204086e+03
-1.608770591082e+03 -4.490593541755e+02 7.475181639064e+03
-1.614315850125e+03 -4.427251125944e+02 7.474385156950e+03
-1.619858322540e+03 -4.363894829916e+02 7.473579758537e+03
-1.625398001495e+03 -4.300524733082e+02 7.472765444632e+03
-1.630934881404e+03 -4.237140867035e+02 7.471942216048e+03
-1.636468952940e+03 -4.173743406780e+02 7.471110073614e+03
-1.642000210545e+03 -4.110332384130e+02 7.470269018166e+03
-1.647528647405e+03 -4.046907878612e+02 7.469419050554e+03
-1.653054256708e+03 -3.983469969781e+02 7.468560171634e+03
-1.658577031650e+03 -3.920018737225e+02 7.467692382279e+03
-1.664096965429e+03 -3.856554260555e+02 7.466815683367e+03
-1.669614052359e+03 -3.793076570429e+02 7.465930075791e+03
-1.675128283405e+03 -3.729585844324e+02 7.465035560452e+03
-1.680639652908e+03 -3.666082113116e+02 7.464132138264e+03
-1.686148154085e+03 -3.602565456532e+02 7.463219810150e+03
-1.691653780155e+03 -3.539035954325e+02 7.462298577045e+03
-1.697156524344e+03 -3.475493686278e+02 7.461368439893e+03
-1.702656379881e+03 -3.411938732200e+02 7.460429399652e+03
-1.708153340000e+03 -3.348371171930e+02 7.459481457287e+03
-1.713647398901e+03 -3.284791035056e+02 7.458524613777e+03
-1.719138547881e+03 -3.221198501862e+02 7.457558870110e+03
-1.724626781171e+03 -3.157593602153e+02 7.456584227284e+03
-1.730112092020e+03 -3.093976415876e+02 7.455600686311e+03
-1.735594473685e+03 -3.030347023005e+02 7.454608248210e+03
-1.741073919426e+03 -2.966705503543e+02 7.453606914014e+03
-1.746550422508e+03 -2.903051937516e+02 7.452596684764e+03
-1.752023977033e+03 -2.839386353578e+02 7.451577561514e+03
-1.757494574591e+03 -2.775708934454e+02 7.450549545327e+03
-1.762962209311e+03 -2.712019709012e+02 7.449512637278e+03
-1.768426874477e+03 -2.648318757385e+02 7.448466838453e+03
-1.773888563375e+03 -2.584606159736e+02 7.447412149948e+03
-1.779347269298e+03 -2.520881996252e+02 7.446348572869e+03
-1.784802985543e+03 -2.457146347146e+02 7.445276108334e+03
-1.790255706112e+03 -2.393399240135e+02 7.444194757472e+03
-1.795705422888e+03 -2.329640860372e+02 7.443104521422e+03
-1.801152129903e+03 -2.265871235785e+02 7.442005401334e+03
-1.806595820470e+03 -2.202090446691e+02 7.440897398369e+03
-1.812036487910e+03 -2.138298573433e+02 7.439780513698e+03
-1.817474125547e+03 -2.074495696381e+02 7.438654748504e+03
-1.822908726709e+03 -2.010681895927e+02 7.437520103980e+03
-1.828340284730e+03 -1.946857252493e+02 7.436376581329e+03
-1.833768793500e+03 -1.883021792721e+02 7.435224181767e+03
-1.839194245237e+03 -1.819175704523e+02 7.434062906518e+03
-1.844616633861e+03 -1.755319014753e+02 7.432892756819e+03
-1.850035952723e+03 -1.691451803930e+02 7.431713733917e+03
-1.855452195180e+03 -1.627574152600e+02 7.430525839069e+03
-1.860865354593e+03 -1.563686141331e+02 7.429329073544e+03
-1.866275424328e+03 -1.499787850717e+02 7.428123438621e+03
-1.871682398176e+03 -1.435879306465e+02 7.426908935589e+03
-1.877086268653e+03 -1.371960698882e+02 7.425685565750e+03
-1.882487029577e+03 -1.308032053883e+02 7.424453330416e+03
-1.887884674333e+03 -1.244093452158e+02 7.423212230907e+03
-1.893279196312e+03 -1.180144974424e+02 7.421962268557e+03
-1.898670588907e+03 -1.116186701418e+02 7.420703444710e+03
-1.904058845518e+03 -1.052218713904e+02 7.419435760721e+03
-1.909443959547e+03 -9.882410926699e+01 7.418159217953e+03
-1.914825924675e+03 -9.242538623466e+01 7.416873817785e+03
-1.920204733754e+03 -8.602572159671e+01 7.415579561601e+03
-1.925580380492e+03 -7.962511783686e+01 7.414276450800e+03
-1.930952858311e+03 -7.322358304318e+01 7.412964486789e+03
-1.936322160639e+03 -6.682112530608e+01 7.411643670989e+03
-1.941688280910e+03 -6.041775271827e+01 7.410314004827e+03
-1.947051212559e+03 -5.401347337476e+01 7.408975489745e+03
-1.952410949169e+03 -4.760828964478e+01 7.407628127194e+03
-1.957767483888e+03 -4.120222106833e+01 7.406271918636e+03
-1.963120810327e+03 -3.479527003493e+01 7.404906865543e+03
-1.968470921943e+03 -2.838744464867e+01 7.403532969399e+03
-1.973817812196e+03 -2.197875301591e+01 7.402150231698e+03
-1.979161474554e+03 -1.556920324525e+01 7.400758653944e+03
-1.984501902487e+03 -9.158803447490e+00 7.399358237654e+03
-1.989839089479e+03 -2.747555897792e+00 7.397948984353e+03
-1.995173028977e+03 3.664519628494e+00 7.396530895578e+03
-2.000503714493e+03 1.007742083616e+01 7.395103972878e+03
-2.005831139518e+03 1.649113960560e+01 7.393668217811e+03
-2.011155297549e+03 2.290566781502e+01 7.392223631945e+03
-2.016476182084e+03 2.932099734048e+01 7.390770216861e+03
-2.021793786631e+03 3.573712005588e+01 7.389307974150e+03
-2.027108104700e+03 4.215402783297e+01 7.387836905412e+03
-2.032419129663e+03 4.857171850420e+01 7.386357012261e+03
-2.037726855307e+03 5.499017202705e+01 7.384868296318e+03
-2.043031275034e+03 6.140938621413e+01 7.383370759217e+03
-2.048332382375e+03 6.782935292877e+01 7.381864402603e+03
-2.053630170864e+03 7.425006403218e+01 7.380349228130e+03
-2.058924634042e+03 8.067151138350e+01 7.378825237464e+03
-2.064215765455e+03 8.709368683983e+01 7.377292432281e+03
-2.069503558378e+03 9.351658832778e+01 7.375750814269e+03
-2.074788006896e+03 9.994019557264e+01 7.374200385125e+03
-2.080069104316e+03 1.063645064814e+02 7.372641146558e+03
-2.085346844201e+03 1.127895129031e+02 7.371073100286e+03
-2.090621220123e+03 1.192152066846e+02 7.369496248041e+03
-2.095892225657e+03 1.256415796708e+02 7.367910591561e+03
-2.101159854384e+03 1.320686237046e+02 7.366316132599e+03
-2.106424099889e+03 1.384963306270e+02 7.364712872917e+03
-2.111684955338e+03 1.449246984724e+02 7.363100814286e+03
-2.116942415159e+03 1.513537067023e+02 7.361479958492e+03
-2.122196472546e+03 1.577833533320e+02 7.359850307326e+03
-2.127447121104e+03 1.642136301944e+02 7.358211862595e+03
-2.132694354446e+03 1.706445291209e+02 7.356564626114e+03
-2.137938166187e+03 1.770760419406e+02 7.354908599709e+03
-2.143178549949e+03 1.835081604811e+02 7.353243785216e+03
-2.148415498801e+03 1.899408828709e+02 7.351570184483e+03
-2.153649007471e+03 1.963741883428e+02 7.349887799369e+03
-2.158879069056e+03 2.028080750062e+02 7.348196631741e+03
-2.164105677199e+03 2.092425346811e+02 7.346496683480e+03
-2.169328825548e+03 2.156775591856e+02 7.344787956476e+03
-2.174548507753e+03 2.221131403357e+02 7.343070452630e+03
-2.179764717474e+03 2.285492699460e+02 7.341344173852e+03
-2.184977448372e+03 2.349859398289e+02 7.339609122066e+03
-2.190186693407e+03 2.414231482209e+02 7.337865299203e+03
-2.195392447650e+03 2.478608740948e+02 7.336112707209e+03
-2.200594704090e+03 2.542991156683e+02 7.334351348036e+03
-2.205793456411e+03 2.607378647468e+02 7.332581223650e+03
-2.210988698301e+03 2.671771131338e+02 7.330802336026e+03
-2.216180423454e+03 2.736168526313e+02 7.329014687150e+03
-2.221368625569e+03 2.800570750394e+02 7.327218279020e+03
-2.226553297512e+03 2.864977786889e+02 7.325413113642e+03
-2.231734434653e+03 2.929389423269e+02 7.323599193034e+03
-2.236912029886e+03 2.993805642656e+02 7.321776519227e+03
-2.242086076931e+03 3.058226362984e+02 7.319945094258e+03
-2.247256569514e+03 3.122651502167e+02 7.318104920178e+03
-2.252423501367e+03 3.187080978105e+02 7.316255999048e+03
-2.257586866224e+03 3.251514708682e+02 7.314398332939e+03
-2.262746656856e+03 3.315952678148e+02 7.312531923933e+03
-2.267902868935e+03 3.380394671734e+02 7.310656774122e+03
-2.273055495260e+03 3.444840673506e+02 7.308772885611e+03
-2.278204529589e+03 3.509290601283e+02 7.306880260512e+03
-2.283349965684e+03 3.573744372864e+02 7.304978900951e+03
-2.288491797313e+03 3.638201906036e+02 7.303068809062e+03
-2.293630018251e+03 3.702663118567e+02 7.301149986991e+03
-2.298764622276e+03 3.767127928212e+02 7.299222436896e+03
-2.303895602049e+03 3.831596320299e+02 7.297286160942e+03
-2.309022953589e+03 3.896068077517e+02 7.295341161307e+03
-2.314146669585e+03 3.960543185014e+02 7.293387440180e+03
-2.319266743838e+03 4.025021560481e+02 7.291424999760e+03
-2.324383170155e+03 4.089503121596e+02 7.289453842256e+03
-2.329495942346e+03 4.153987786018e+02 7.287473969888e+03
-2.334605054228e+03 4.218475471394e+02 7.285485384888e+03
-2.339710498367e+03 4.282966163999e+02 7.283488089495e+03
-2.344812271086e+03 4.347459644312e+02 7.281482085963e+03
-2.349910364978e+03 4.411955898427e+02 7.279467376554e+03
-2.355004773884e+03 4.476454843932e+02 7.277443963541e+03
-2.360095491647e+03 4.540956398400e+02 7.275411849208e+03
-2.365182512117e+03 4.605460479389e+02 7.273371035849e+03
-2.370265829148e+03 4.669967004443e+02 7.271321525769e+03
-2.375345436602e+03 4.734475891092e+02 7.269263321285e+03
-2.380421326936e+03 4.798987126690e+02 7.267196424721e+03
-2.385493496819e+03 4.863500489211e+02 7.265120838414e+03
-2.390561938739e+03 4.928015965833e+02 7.263036564713e+03
-2.395626646578e+03 4.992533474030e+02 7.260943605974e+03
-2.400687614224e+03 5.057052931263e+02 7.258841964567e+03
-2.405744835572e+03 5.121574254980e+02 7.256731642871e+03
-2.410798304520e+03 5.186097362614e+02 7.254612643274e+03
-2.415848013432e+03 5.250622242464e+02 7.252484968178e+03
-2.420893959282e+03 5.315148670331e+02 7.250348619993e+03
-2.425936134462e+03 5.379676634339e+02 7.248203601140e+03
-2.430974532895e+03 5.444206051869e+02 7.246049914052e+03
-2.436009148508e+03 5.508736840290e+02 7.243887561171e+03
-2.441039975233e+03 5.573268916958e+02 7.241716544950e+03
-2.446067007009e+03 5.637802199217e+02 7.239536867853e+03
-2.451090236105e+03 5.702336676310e+02 7.237348532353e+03
-2.456109659800e+03 5.766872121879e+02 7.235151540936e+03
-2.461125270393e+03 5.831408524995e+02 7.232945896096e+03
-2.466137061846e+03 5.895945802953e+02 7.230731600341e+03
-2.471145028124e+03 5.960483873034e+02 7.228508656185e+03
-2.476149163200e+03 6.025022652509e+02 7.226277066156e+03
-2.481149461052e+03 6.089562058637e+02 7.224036832792e+03
-2.486145915662e+03 6.154102008664e+02 7.221787958640e+03
-2.491138519195e+03 6.218642492912e+02 7.219530446259e+03
-2.496127269276e+03 6.283183282578e+02 7.217264298218e+03
-2.501112158099e+03 6.347724367814e+02 7.214989517096e+03
-2.506093179671e+03 6.412265665822e+02 7.212706105484e+03
-2.511070328003e+03 6.476807093791e+02 7.210414065983e+03
-2.516043597112e+03 6.541348568900e+02 7.208113401203e+03
-2.521012981023e+03 6.605890008317e+02 7.205804113766e+03
-2.525978471806e+03 6.670431403307e+02 7.203486206304e+03
-2.530940067391e+03 6.734972522946e+02 7.201159681460e+03
-2.535897759880e+03 6.799513358332e+02 7.198824541887e+03
-2.540851543320e+03 6.864053826590e+02 7.196480790249e+03
-2.545801411762e+03 6.928593844834e+02 7.194128429220e+03
-2.550747359264e+03 6.993133330170e+02 7.191767461485e+03
-2.555689379889e+03 7.057672199692e+02 7.189397889739e+03
-2.560627467706e+03 7.122210370484e+02 7.187019716687e+03
-2.565561614682e+03 7.186747834890e+02 7.184632945046e+03
-2.570491819095e+03 7.251284359580e+02 7.182237577543e+03
-2.575418072943e+03 7.315819936733e+02 7.179833616914e+03
-2.580340370316e+03 7.380354483395e+02 7.177421065907e+03
-2.585258705315e+03 7.444887916601e+02 7.174999927280e+03
-2.590173072041e+03 7.509420153377e+02 7.172570203802e+03
-2.595083464606e+03 7.573951110741e+02 7.170131898251e+03
-2.599989874883e+03 7.638480781980e+02 7.167685013418e+03
-2.604892301457e+03 7.703008931677e+02 7.165229552102e+03
-2.609790736234e+03 7.767535552957e+02 7.162765517114e+03
-2.614685173345e+03 7.832060562801e+02 7.160292911273e+03
-2.619575606931e+03 7.896583878181e+02 7.157811737413e+03
-2.624462031136e+03 7.961105416062e+02 7.155321998374e+03
-2.629344440111e+03 8.025625093397e+02 7.152823697008e+03
-2.634222828011e+03 8.090142827133e+02 7.150316836179e+03
-2.639097186608e+03 8.154658611636e+02 7.147801418759e+03
-2.643967514836e+03 8.219172209124e+02 7.145277447631e+03
-2.648833804495e+03 8.283683613804e+02 7.142744925691e+03
-2.653696049765e+03 8.348192742590e+02 7.140203855841e+03
-2.658554244833e+03 8.412699512387e+02 7.137654240997e+03
-2.663408383890e+03 8.477203840094e+02 7.135096084085e+03
-2.668258461135e+03 8.541705642602e+02 7.132529388039e+03
-2.673104468246e+03 8.606204915219e+02 7.129954155805e+03
-2.677946404464e+03 8.670701418112e+02 7.127370390341e+03
-2.682784261499e+03 8.735195146435e+02 7.124778094613e+03
-2.687618033572e+03 8.799686017046e+02 7.122177271597e+03
-2.692447714913e+03 8.864173946802e+02 7.119567924283e+03
-2.697273299753e+03 8.928658852548e+02 7.116950055668e+03
-2.702094782332e+03 8.993140651126e+02 7.114323668760e+03
-2.706912154240e+03 9.057619338786e+02 7.111688766578e+03
-2.711725415024e+03 9.122094673662e+02 7.109045352151e+03
-2.716534556302e+03 9.186566651851e+02 7.106393428520e+03
-2.721339572338e+03 9.251035190167e+02 7.103732998734e+03
-2.726140457402e+03 9.315500205416e+02 7.101064065853e+03
-2.730937205771e+03 9.379961614402e+02 7.098386632948e+03
-2.735729811724e+03 9.444419333919e+02 7.095700703100e+03
-2.740518269552e+03 9.508873280757e+02 7.093006279401e+03
-2.745302570737e+03 9.573323452242e+02 7.090303364953e+03
-2.750082715180e+03 9.637769604206e+02 7.087591962868e+03
-2.754858694395e+03 9.702211733824e+02 7.084872076267e+03
-2.759630502693e+03 9.766649757856e+02 7.082143708279e+03
-2.764398134393e+03 9.831083593064e+02 7.079406862049e+03
-2.769161583818e+03 9.895513156204e+02 7.076661540728e+03
-2.773920845299e+03 9.959938364025e+02 7.073907747482e+03
-2.778675910232e+03 1.002435921480e+03 7.071145485485e+03
-2.783426778821e+03 1.008877546236e+03 7.068374757922e+03
-2.788173442494e+03 1.015318710482e+03 7.065595567987e+03
-2.792915895604e+03 1.021759405892e+03 7.062807918886e+03
-2.797654132514e+03 1.028199624138e+03 7.060011813835e+03
-2.802388147590e+03 1.034639356892e+03 7.057207256061e+03
-2.807117935205e+03 1.041078595827e+03 7.054394248799e+03
-2.811843489739e+03 1.047517332614e+03 7.051572795296e+03
-2.816564802485e+03 1.053955567186e+03 7.048742898810e+03
-2.821281874000e+03 1.060393274702e+03 7.045904562607e+03
-2.825994695608e+03 1.066830455080e+03 7.043057789966e+03
-2.830703261715e+03 1.073267099992e+03 7.040202584175e+03
-2.835407566728e+03 1.079703201106e+03 7.037338948532e+03
-2.840107605066e+03 1.086138750091e+03 7.034466886345e+03
-2.844803371151e+03 1.092573738616e+03 7.031586400933e+03
-2.849494856187e+03 1.099008166709e+03 7.028697495627e+03
-2.854182061040e+03 1.105442009332e+03 7.025800173764e+03
-2.858864976943e+03 1.111875266498e+03 7.022894438696e+03
-2.863543598347e+03 1.118307929876e+03 7.019980293782e+03
-2.868217919703e+03 1.124739991132e+03 7.017057742393e+03
-2.872887935472e+03 1.131171441933e+03 7.014126787910e+03
-2.877553640120e+03 1.137602273946e+03 7.011187433722e+03
-2.882215024763e+03 1.144032487292e+03 7.008239683232e+03
-2.886872090574e+03 1.150462056740e+03 7.005283539852e+03
-2.891524828701e+03 1.156890982397e+03 7.002319007002e+03
-2.896173233634e+03 1.163319255929e+03 6.999346088115e+03
-2.900817299871e+03 1.169746869002e+03 6.996364786634e+03
-2.905457021916e+03 1.176173813280e+03 6.993375106010e+03
-2.910092394279e+03 1.182600080428e+03 6.990377049707e+03
-2.914723411476e+03 1.189025662112e+03 6.987370621197e+03
-2.919350064523e+03 1.195450558560e+03 6.984355823965e+03
-2.923972354946e+03 1.201874744321e+03 6.981332661503e+03
-2.928590273789e+03 1.208298219610e+03 6.978301137316e+03
-2.933203815597e+03 1.214720976092e+03 6.975261254917e+03
-2.937812974916e+03 1.221143005430e+03 6.972213017830e+03
-2.942417746301e+03 1.227564299289e+03 6.969156429591e+03
-2.947018124313e+03 1.233984849332e+03 6.966091493744e+03
-2.951614099879e+03 1.240404655882e+03 6.963018213843e+03
-2.956205674834e+03 1.246823693298e+03 6.959936593455e+03
-2.960792840135e+03 1.253241961888e+03 6.956846636154e+03
-2.965375590371e+03 1.259659453317e+03 6.953748345526e+03
-2.969953920132e+03 1.266076159248e+03 6.950641725166e+03
-2.974527824019e+03 1.272492071344e+03 6.947526778682e+03
-2.979097296637e+03 1.278907181269e+03 6.944403509688e+03
-2.983662332598e+03 1.285321480686e+03 6.941271921811e+03
-2.988222922730e+03 1.291734970026e+03 6.938132018689e+03
-2.992779069218e+03 1.298147623430e+03 6.934983803967e+03
-2.997330762924e+03 1.304559441317e+03 6.931827281302e+03
-3.001877998483e+03 1.310970415350e+03 6.928662454363e+03
-3.006420770542e+03 1.317380537191e+03 6.925489326825e+03
-3.010959073749e+03 1.323789798506e+03 6.922307902377e+03
-3.015492902762e+03 1.330198190956e+03 6.919118184716e+03
-3.020022248323e+03 1.336605715067e+03 6.915920177549e+03
-3.024547112925e+03 1.343012344794e+03 6.912713884596e+03
-3.029067487343e+03 1.349418080649e+03 6.909499309583e+03
-3.033583366260e+03 1.355822914295e+03 6.906276456250e+03
-3.038094744364e+03 1.362226837397e+03 6.903045328344e+03
-3.042601616351e+03 1.368629841619e+03 6.899805929624e+03
-3.047103976924e+03 1.375031918625e+03 6.896558263860e+03
-3.051601820791e+03 1.381433060080e+03 6.893302334828e+03
-3.056095138597e+03 1.387833266614e+03 6.890038146320e+03
-3.060583933188e+03 1.394232511974e+03 6.886765702132e+03
-3.065068195238e+03 1.400630796777e+03 6.883485006076e+03
-3.069547919484e+03 1.407028112689e+03 6.880196061970e+03
-3.074023100666e+03 1.413424451375e+03 6.876898873643e+03
-3.078493733532e+03 1.419819804500e+03 6.873593444935e+03
-3.082959812838e+03 1.426214163732e+03 6.870279779696e+03
-3.087421329141e+03 1.432607529794e+03 6.866957881785e+03
-3.091878285596e+03 1.438999876249e+03 6.863627755073e+03
-3.096330672793e+03 1.445391203809e+03 6.860289403438e+03
-3.100778485513e+03 1.451781504142e+03 6.856942830771e+03
-3.105221718544e+03 1.458170768914e+03 6.853588040972e+03
-3.109660366679e+03 1.464558989793e+03 6.850225037952e+03
-3.114094424719e+03 1.470946158447e+03 6.846853825630e+03
-3.118523883138e+03 1.477332275693e+03 6.843474407936e+03
-3.122948745397e+03 1.483717314915e+03 6.840086788808e+03
-3.127369002000e+03 1.490101276916e+03 6.836690972196e+03
-3.131784647776e+03 1.496484153366e+03 6.833286962059e+03
-3.136195677557e+03 1.502865935935e+03 6.829874762368e+03
-3.140602086184e+03 1.509246616293e+03 6.826454377103e+03
-3.145003868503e+03 1.515626186110e+03 6.823025810256e+03
-3.149401019370e+03 1.522004637057e+03 6.819589065826e+03
-3.153793529159e+03 1.528381970057e+03 6.816144147824e+03
-3.158181401687e+03 1.534758158291e+03 6.812691060271e+03
-3.162564627363e+03 1.541133202670e+03 6.809229807198e+03
-3.166943201066e+03 1.547507094866e+03 6.805760392645e+03
-3.171317117685e+03 1.553879826553e+03 6.802282820663e+03
-3.175686372111e+03 1.560251389403e+03 6.798797095313e+03
-3.180050959247e+03 1.566621775092e+03 6.795303220665e+03
-3.184410869384e+03 1.572990984636e+03 6.791801200801e+03
-3.188766106647e+03 1.579358991038e+03 6.788291039810e+03
-3.193116661360e+03 1.585725795302e+03 6.784772741794e+03
-3.197462528450e+03 1.592091389106e+03 6.781246310863e+03
-3.201803702852e+03 1.598455764125e+03 6.777711751138e+03
-3.206140179507e+03 1.604818912037e+03 6.774169066750e+03
-3.210471953361e+03 1.611180824519e+03 6.770618261839e+03
-3.214799019369e+03 1.617541493250e+03 6.767059340557e+03
-3.219121367727e+03 1.623900919353e+03 6.763492307062e+03
-3.223439002914e+03 1.630259075631e+03 6.759917165527e+03
-3.227751915158e+03 1.636615963196e+03 6.756333920131e+03
-3.232060099439e+03 1.642971573728e+03 6.752742575065e+03
-3.236363550748e+03 1.649325898910e+03 6.749143134530e+03
-3.240662264077e+03 1.655678930423e+03 6.745535602735e+03
-3.244956234429e+03 1.662030659949e+03 6.741919983901e+03
-3.249245451917e+03 1.668381088705e+03 6.738296282258e+03
-3.253529921327e+03 1.674730189321e+03 6.734664502046e+03
-3.257809632806e+03 1.681077963003e+03 6.731024647515e+03
-3.262084581381e+03 1.687424401436e+03 6.727376722925e+03
-3.266354762090e+03 1.693769496305e+03 6.723720732546e+03
-3.270620169973e+03 1.700113239298e+03 6.720056680658e+03
-3.274880800081e+03 1.706455622102e+03 6.716384571550e+03
-3.279136642444e+03 1.712796646026e+03 6.712704409522e+03
-3.283387702158e+03 1.719136283531e+03 6.709016198883e+03
-3.287633969284e+03 1.725474535913e+03 6.705319943953e+03
-3.291875438901e+03 1.731811394864e+03 6.701615649060e+03
-3.296112106091e+03 1.738146852075e+03 6.697903318545e+03
-3.300343965945e+03 1.744480899239e+03 6.694182956755e+03
-3.304571013560e+03 1.750813528047e+03 6.690454568049e+03
-3.308793244041e+03 1.757144730194e+03 6.686718156797e+03
-3.313010647325e+03 1.763474507095e+03 6.682973727377e+03
-3.317223228857e+03 1.769802831017e+03 6.679221284176e+03
-3.321430978610e+03 1.776129703365e+03 6.675460831594e+03
-3.325633891713e+03 1.782455115835e+03 6.671692374038e+03
-3.329831963305e+03 1.788779060125e+03 6.667915915926e+03
-3.334025188533e+03 1.795101527935e+03 6.664131461686e+03
-3.338213562548e+03 1.801422510965e+03 6.660339015755e+03
-3.342397075207e+03 1.807742010720e+03 6.656538582580e+03
-3.346575732264e+03 1.814059999304e+03 6.652730166620e+03
-3.350749523608e+03 1.820376478212e+03 6.648913772340e+03
-3.354918444419e+03 1.826691439149e+03 6.645089404217e+03
-3.359082489883e+03 1.833004873818e+03 6.641257066739e+03
-3.363241655196e+03 1.839316773925e+03 6.637416764401e+03
-3.367395935558e+03 1.845627131176e+03 6.633568501709e+03
-3.371545326177e+03 1.851935937280e+03 6.629712283179e+03
-3.375689816817e+03 1.858243193848e+03 6.625848113337e+03
-3.379829413584e+03 1.864548872795e+03 6.621975996718e+03
-3.383964106275e+03 1.870852975723e+03 6.618095937868e+03
-3.388093890125e+03 1.877155494342e+03 6.614207941342e+03
-3.392218760377e+03 1.883456420367e+03 6.610312011703e+03
-3.396338712282e+03 1.889755745510e+03 6.606408153527e+03
-3.400453741095e+03 1.896053461486e+03 6.602496371398e+03
-3.404563836501e+03 1.902349570000e+03 6.598576669909e+03
-3.408669004914e+03 1.908644042804e+03 6.594649053665e+03
-3.412769236048e+03 1.914936881592e+03 6.590713527278e+03
-3.416864525190e+03 1.921228078083e+03 6.586770095372e+03
-3.420954867632e+03 1.927517623998e+03 6.582818762579e+03
-3.425040258672e+03 1.933805511058e+03 6.578859533542e+03
-3.429120693616e+03 1.940091730985e+03 6.574892412914e+03
-3.433196167779e+03 1.946376275503e+03 6.570917405355e+03
-3.437266670751e+03 1.952659146423e+03 6.566934515538e+03
-3.441332209295e+03 1.958940315309e+03 6.562943748137e+03
-3.445392773029e+03 1.965219783960e+03 6.558945107830e+03
-3.449448357296e+03 1.971497544104e+03 6.554938599320e+03
-3.453498957442e+03 1.977773587469e+03 6.550924227317e+03
-3.457544568826e+03 1.984047905789e+03 6.546901996541e+03
-3.461585186809e+03 1.990320490793e+03 6.542871911722e+03
-3.465620800903e+03 1.996591344385e+03 6.538833977601e+03
-3.469651418184e+03 2.002860437975e+03 6.534788198926e+03
-3.473677028196e+03 2.009127773455e+03 6.530734580456e+03
-3.477697626330e+03 2.015393342563e+03 6.526673126960e+03
-3.481713207985e+03 2.021657137037e+03 6.522603843217e+03
-3.485723768567e+03 2.027919148617e+03 6.518526734015e+03
-3.489729303488e+03 2.034179369044e+03 6.514441804150e+03
-3.493729802182e+03 2.040437800312e+03 6.510349058431e+03
-3.497725272031e+03 2.046694413675e+03 6.506248501674e+03
-3.501715702500e+03 2.052949211118e+03 6.502140138705e+03
-3.505701089032e+03 2.059202184388e+03 6.498023974361e+03
-3.509681427074e+03 2.065453325231e+03 6.493900013487e+03
-3.513656712083e+03 2.071702625399e+03 6.489768260938e+03
-3.517626939521e+03 2.077950076642e+03 6.485628721580e+03
-3.521592104859e+03 2.084195670711e+03 6.481481400286e+03
-3.525552197440e+03 2.090439409705e+03 6.477326301942e+03
-3.529507224998e+03 2.096681264704e+03 6.473163431439e+03
-3.533457176909e+03 2.102921237795e+03 6.468992793683e+03
-3.537402048671e+03 2.109159320737e+03 6.464814393584e+03
-3.541341835792e+03 2.115395505289e+03 6.460628236066e+03
-3.545276533784e+03 2.121629783213e+03 6.456434326060e+03
-3.549206138167e+03 2.127862146271e+03 6.452232668505e+03
-3.553130638207e+03 2.134092596650e+03 6.448023268353e+03
-3.557050041943e+03 2.140321105280e+03 6.443806130565e+03
-3.560964338676e+03 2.146547674340e+03 6.439581260109e+03
-3.564873523954e+03 2.152772295600e+03 6.435348661967e+03
-3.568777593335e+03 2.158994960828e+03 6.431108341127e+03
-3.572676542382e+03 2.165215661798e+03 6.426860302587e+03
-3.576570366666e+03 2.171434390283e+03 6.422604551356e+03
-3.580459061767e+03 2.177651138057e+03 6.418341092451e+03
-3.584342616862e+03 2.183865907413e+03 6.414069930901e+03
-3.588221040342e+03 2.190078669109e+03 6.409791071740e+03
-3.592094321418e+03 2.196289425429e+03 6.405504520016e+03
-3.595962455697e+03 2.202498168155e+03 6.401210280784e+03
-3.599825438794e+03 2.208704889069e+03 6.396908359109e+03
-3.603683266331e+03 2.214909579957e+03 6.392598760066e+03
-3.607535933939e+03 2.221112232606e+03 6.388281488739e+03
-3.611383430720e+03 2.227312849397e+03 6.383956550221e+03
-3.615225765368e+03 2.233511400943e+03 6.379623949615e+03
-3.619062927019e+03 2.239707889618e+03 6.375283692033e+03
-3.622894911332e+03 2.245902307215e+03 6.370935782598e+03
-3.626721713973e+03 2.252094645531e+03 6.366580226440e+03
-3.630543330615e+03 2.258284896360e+03 6.362217028700e+03
-3.634359756940e+03 2.264473051502e+03 6.357846194529e+03
-3.638170981973e+03 2.270659113432e+03 6.353467729085e+03
-3.641977014716e+03 2.276843052613e+03 6.349081637539e+03
-3.645777844229e+03 2.283024871513e+03 6.344687925067e+03
-3.649573466221e+03 2.289204561938e+03 6.340286596858e+03
-3.653363876409e+03 2.295382115694e+03 6.335877658109e+03
-3.657149070520e+03 2.301557524590e+03 6.331461114026e+03
-3.660929044286e+03 2.307730780439e+03 6.327036969825e+03
-3.664703793446e+03 2.313901875052e+03 6.322605230732e+03
-3.668473306940e+03 2.320070811008e+03 6.318165901981e+03
-3.672237594119e+03 2.326237558607e+03 6.313718988815e+03
-3.675996643956e+03 2.332402120421e+03 6.309264496489e+03
-3.679750452221e+03 2.338564488269e+03 6.304802430265e+03
-3.683499014690e+03 2.344724653975e+03 6.300332795415e+03
-3.687242327147e+03 2.350882609361e+03 6.295855597220e+03
-3.690980385385e+03 2.357038346254e+03 6.291370840972e+03
-3.694713178267e+03 2.363191867321e+03 6.286878531967e+03
-3.698440715449e+03 2.369343142724e+03 6.282378675516e+03
-3.702162985828e+03 2.375492175123e+03 6.277871276936e+03
-3.705879985228e+03 2.381638956351e+03 6.273356341555e+03
-3.709591709475e+03 2.387783478245e+03 6.268833874711e+03
-3.713298154407e+03 2.393925732642e+03 6.264303881750e+03
-3.716999315867e+03 2.400065711382e+03 6.259766368027e+03
-3.720695189705e+03 2.406203406306e+03 6.255221338908e+03
-3.724385764704e+03 2.412338820186e+03 6.250668799766e+03
-3.728071050866e+03 2.418471923025e+03 6.246108755986e+03
-3.731751037006e+03 2.424602717585e+03 6.241541212960e+03
-3.735425719003e+03 2.430731195718e+03 6.236966176090e+03
-3.739095092747e+03 2.436857349275e+03 6.232383650787e+03
-3.742759154133e+03 2.442981170110e+03 6.227793642472e+03
-3.746417899066e+03 2.449102650079e+03 6.223196156574e+03
-3.750071316252e+03 2.455221792043e+03 6.218591198533e+03
-3.753719415999e+03 2.461338565869e+03 6.213978773797e+03
-3.757362187047e+03 2.467452974410e+03 6.209358887822e+03
-3.760999625330e+03 2.473565009531e+03 6.204731546076e+03
-3.764631726788e+03 2.479674663099e+03 6.200096754034e+03
-3.768258487371e+03 2.485781926983e+03 6.195454517182e+03
-3.771879903034e+03 2.491886793054e+03 6.190804841013e+03
-3.775495969742e+03 2.497989253184e+03 6.186147731031e+03
-3.779106676117e+03 2.504089310338e+03 6.181483192748e+03
-3.782712032815e+03 2.510186934228e+03 6.176811231686e+03
-3.786312028493e+03 2.516282127812e+03 6.172131853377e+03
-3.789906659144e+03 2.522374882970e+03 6.167445063359e+03
-3.793495920770e+03 2.528465191589e+03 6.162750867182e+03
-3.797079809380e+03 2.534553045553e+03 6.158049270405e+03
-3.800658320990e+03 2.540638436753e+03 6.153340278594e+03
-3.804231444153e+03 2.546721368240e+03 6.148623897326e+03
-3.807799189825e+03 2.552801809596e+03 6.143900132188e+03
-3.811361546592e+03 2.558879763867e+03 6.139168988773e+03
-3.814918510501e+03 2.564955222952e+03 6.134430472687e+03
-3.818470077606e+03 2.571028178751e+03 6.129684589540e+03
-3.822016243969e+03 2.577098623165e+03 6.124931344957e+03
-3.825557005659e+03 2.583166548102e+03 6.120170744568e+03
-3.829092351158e+03 2.589231956701e+03 6.115402794013e+03
-3.832622291725e+03 2.595294818415e+03 6.110627498942e+03
-3.836146815873e+03 2.601355136379e+03 6.105844865013e+03
-3.839665919704e+03 2.607412902509e+03 6.101054897894e+03
-3.843179599324e+03 2.613468108720e+03 6.096257603261e+03
-3.846687850849e+03 2.619520746933e+03 6.091452986800e+03
-3.850190670401e+03 2.625570809069e+03 6.086641054206e+03
-3.853688054112e+03 2.631618287052e+03 6.081821811182e+03
-3.857179990381e+03 2.637663184125e+03 6.076995263441e+03
-3.860666490813e+03 2.643705469595e+03 6.072161416705e+03
-3.864147543841e+03 2.649745146699e+03 6.067320276704e+03
-3.867623145626e+03 2.655782207372e+03 6.062471849180e+03
-3.871093292336e+03 2.661816643550e+03 6.057616139879e+03
-3.874557980149e+03 2.667848447171e+03 6.052753154561e+03
-3.878017205249e+03 2.673877610178e+03 6.047882898992e+03
-3.881470955965e+03 2.679904135902e+03 6.043005378949e+03
-3.884919244203e+03 2.685927993525e+03 6.038120600215e+03
-3.888362058327e+03 2.691949186373e+03 6.033228568584e+03
-3.891799394551e+03 2.697967706398e+03 6.028329289860e+03
-3.895231249098e+03 2.703983545554e+03 6.023422769855e+03
-3.898657618199e+03 2.709996695798e+03 6.018509014388e+03
-3.902078498091e+03 2.716007149090e+03 6.013588029290e+03
-3.905493885021e+03 2.722014897392e+03 6.008659820400e+03
-3.908903767237e+03 2.728019944136e+03 6.003724393564e+03
-3.912308156992e+03 2.734022258364e+03 5.998781754640e+03
-3.915707042568e+03 2.740021843503e+03 5.993831909493e+03
-3.919100420242e+03 2.746018691527e+03 5.988874863997e+03
-3.922488286298e+03 2.752012794411e+03 5.983910624035e+03
-3.925870637029e+03 2.758004144132e+03 5.978939195501e+03
-3.929247468734e+03 2.763992732672e+03 5.973960584294e+03
-3.932618769595e+03 2.769978563551e+03 5.968974796325e+03
-3.935984552163e+03 2.775961605690e+03 5.963981837512e+03
-3.939344804653e+03 2.781941862606e+03 5.958981713784e+03
-3.942699523394e+03 2.787919326290e+03 5.953974431078e+03
-3.946048704726e+03 2.793893988736e+03 5.948959995338e+03
-3.949392344996e+03 2.799865841942e+03 5.943938412519e+03
-3.952730440558e+03 2.805834877908e+03 5.938909688584e+03
-3.956062979525e+03 2.811801100242e+03 5.933873829506e+03
-3.959389974748e+03 2.817764477747e+03 5.928830841265e+03
-3.962711414373e+03 2.823725014028e+03 5.923780729851e+03
-3.966027294785e+03 2.829682701095e+03 5.918723501263e+03
-3.969337612378e+03 2.835637530963e+03 5.913659161507e+03
-3.972642363554e+03 2.841589495648e+03 5.908587716601e+03
-3.975941544720e+03 2.847538587170e+03 5.903509172569e+03
-3.979235152294e+03 2.853484797552e+03 5.898423535445e+03
-3.982523174311e+03 2.859428130502e+03 5.893330811272e+03
-3.985805623966e+03 2.865368554690e+03 5.888231006100e+03
-3.989082489325e+03 2.871306073823e+03 5.883124125991e+03
-3.992353766838e+03 2.877240679933e+03 5.878010177013e+03
-3.995619452960e+03 2.883172365058e+03 5.872889165243e+03
-3.998879544156e+03 2.889101121237e+03 5.867761096768e+03
-4.002134036896e+03 2.895026940514e+03 5.862625977684e+03
-4.005382919150e+03 2.900949826685e+03 5.857483814093e+03
-4.008626204410e+03 2.906869748306e+03 5.852334612109e+03
-4.011863880676e+03 2.912786709171e+03 5.847178377854e+03
-4.015095944452e+03 2.918700701333e+03 5.842015117456e+03
-4.018322392249e+03 2.924611716851e+03 5.836844837055e+03
-4.021543220587e+03 2.930519747786e+03 5.831667542798e+03
-4.024758425991e+03 2.936424786200e+03 5.826483240841e+03
-4.027968004995e+03 2.942326824162e+03 5.821291937350e+03
-4.031171945494e+03 2.948225865566e+03 5.816093638496e+03
-4.034370261319e+03 2.954121878842e+03 5.810888350464e+03
-4.037562940397e+03 2.960014867883e+03 5.805676079443e+03
-4.040749979292e+03 2.965904824768e+03 5.800456831632e+03
-4.043931374580e+03 2.971791741579e+03 5.795230613241e+03
-4.047107122843e+03 2.977675610402e+03 5.789997430484e+03
-4.050277220669e+03 2.983556423323e+03 5.784757289589e+03
-4.053441655886e+03 2.989434184327e+03 5.779510196788e+03
-4.056600442624e+03 2.995308861733e+03 5.774256158325e+03
-4.059753568744e+03 3.001180459522e+03 5.768995180449e+03
-4.062901030865e+03 3.007048969793e+03 5.763727269422e+03
-4.066042825619e+03 3.012914384653e+03 5.758452431511e+03
-4.069178949641e+03 3.018776696206e+03 5.753170672993e+03
-4.072309399578e+03 3.024635896564e+03 5.747882000153e+03
-4.075434172083e+03 3.030491977840e+03 5.742586419286e+03
-4.078553254908e+03 3.036344944116e+03 5.737283936694e+03
-4.081666662522e+03 3.042194763591e+03 5.731974558688e+03
-4.084774382711e+03 3.048041440342e+03 5.726658291587e+03
-4.087876412159e+03 3.053884966498e+03 5.721335141721e+03
-4.090972747560e+03 3.059725334187e+03 5.716005115424e+03
-4.094063385615e+03 3.065562535543e+03 5.710668219043e+03
-4.097148323032e+03 3.071396562701e+03 5.705324458931e+03
-4.100227547500e+03 3.077227419830e+03 5.699973841451e+03
-4.103301073783e+03 3.083055075024e+03 5.694616372972e+03
-4.106368889603e+03 3.088879532448e+03 5.689252059874e+03
-4.109430991700e+03 3.094700784252e+03 5.683880908545e+03
-4.112487376823e+03 3.100518822589e+03 5.678502925381e+03
-4.115538041729e+03 3.106333639614e+03 5.673118116786e+03
-4.118582983182e+03 3.112145227488e+03 5.667726489172e+03
-4.121622188808e+03 3.117953590464e+03 5.662328048963e+03
-4.124655673665e+03 3.123758696533e+03 5.656922802586e+03
-4.127683425412e+03 3.129560549949e+03 5.651510756481e+03
-4.130705440844e+03 3.135359142884e+03 5.646091917094e+03
-4.133721716767e+03 3.141154467514e+03 5.640666290880e+03
-4.136732249993e+03 3.146946516020e+03 5.635233884304e+03
-4.139737037344e+03 3.152735280583e+03 5.629794703835e+03
-4.142736075647e+03 3.158520753391e+03 5.624348755956e+03
-4.145729352456e+03 3.164302938797e+03 5.618896047154e+03
-4.148716883166e+03 3.170081804678e+03 5.613436583926e+03
-4.151698655363e+03 3.175857355383e+03 5.607970372778e+03
-4.154674665908e+03 3.181629583114e+03 5.602497420224e+03
-4.157644911669e+03 3.187398480075e+03 5.597017732786e+03
-4.160609389524e+03 3.193164038472e+03 5.591531316993e+03
-4.163568096358e+03 3.198926250518e+03 5.586038179386e+03
-4.166521019661e+03 3.204685120651e+03 5.580538326510e+03
-4.169468175122e+03 3.210440616649e+03 5.575031764922e+03
-4.172409550265e+03 3.216192742949e+03 5.569518501184e+03
-4.175345142007e+03 3.221941491776e+03 5.563998541869e+03
-4.178274947272e+03 3.227686855360e+03 5.558471893558e+03
-4.181198962996e+03 3.233428825933e+03 5.552938562838e+03
-4.184117186118e+03 3.239167395730e+03 5.547398556307e+03
-4.187029613588e+03 3.244902556990e+03 5.541851880570e+03
-4.189936232827e+03 3.250634314251e+03 5.536298542240e+03
-4.192837059858e+03 3.256362635182e+03 5.530738547939e+03
-4.195732082133e+03 3.262087524317e+03 5.525171904296e+03
-4.198621296636e+03 3.267808973911e+03 5.519598617950e+03
-4.201504700355e+03 3.273526976221e+03 5.514018695547e+03
-4.204382290289e+03 3.279241523509e+03 5.508432143742e+03
-4.207254063443e+03 3.284952608041e+03 5.502838969197e+03
-4.210120007179e+03 3.290660234435e+03 5.497239178583e+03
-4.212980137809e+03 3.296364370271e+03 5.491632778579e+03
-4.215834442726e+03 3.302065020167e+03 5.486019775874e+03
-4.218682918970e+03 3.307762176403e+03 5.480400177161e+03
-4.221525563586e+03 3.313455831264e+03 5.474773989146e+03
-4.224362373630e+03 3.319145977037e+03 5.469141218539e+03
-4.227193346164e+03 3.324832606013e+03 5.463501872061e+03
-4.230018468487e+03 3.330515722897e+03 5.457855956440e+03
-4.232837757206e+03 3.336195295176e+03 5.452203478412e+03
-4.235651199652e+03 3.341871327555e+03 5.446544444721e+03
-4.238458792921e+03 3.347543812340e+03 5.440878862121e+03
-4.241260534116e+03 3.353212741840e+03 5.435206737370e+03
-4.244056420349e+03 3.358878108371e+03 5.429528077239e+03
-4.246846448739e+03 3.364539904250e+03 5.423842888504e+03
-4.249630616416e+03 3.370198121798e+03 5.418151177950e+03
-4.252408910609e+03 3.375852765819e+03 5.412452952370e+03
-4.255181348256e+03 3.381503803696e+03 5.406748218564e+03
-4.257947916621e+03 3.387151240231e+03 5.401036983342e+03
-4.260708612865e+03 3.392795067762e+03 5.395319253521e+03
-4.263463434157e+03 3.398435278630e+03 5.389595035925e+03
-4.266212377672e+03 3.404071865179e+03 5.383864337389e+03
-4.268955440597e+03 3.409704819759e+03 5.378127164753e+03
-4.271692610103e+03 3.415334147255e+03 5.372383524867e+03
-4.274423903418e+03 3.420959814967e+03 5.366633424587e+03
-4.277149307745e+03 3.426581827781e+03 5.360876870778e+03
-4.279868820303e+03 3.432200178061e+03 5.355113870315e+03
-4.282582438318e+03 3.437814858176e+03 5.349344430078e+03
-4.285290159023e+03 3.443425860498e+03 5.343568556955e+03
-4.287991979662e+03 3.449033177405e+03 5.337786257845e+03
-4.290687897484e+03 3.454636801277e+03 5.331997539652e+03
-4.293377899596e+03 3.460236737095e+03 5.326202409288e+03
-4.296062003552e+03 3.465832952064e+03 5.320400873676e+03
-4.298740196492e+03 3.471425451165e+03 5.314592939743e+03
-4.301412475699e+03 3.477014226794e+03 5.308778614426e+03
-4.304078838465e+03 3.482599271353e+03 5.302957904671e+03
-4.306739282088e+03 3.488180577247e+03 5.297130817428e+03
-4.309393803877e+03 3.493758136885e+03 5.291297359660e+03
-4.312042390882e+03 3.499331955331e+03 5.285457538334e+03
-4.314685060943e+03 3.504901999708e+03 5.279611360425e+03
-4.317321801142e+03 3.510468275081e+03 5.273758832919e+03
-4.319952608821e+03 3.516030773876e+03 5.267899962807e+03
-4.322577481328e+03 3.521589488523e+03 5.262034757089e+03
-4.325196416020e+03 3.527144411455e+03 5.256163222772e+03
-4.327809410263e+03 3.532695535111e+03 5.250285366872e+03
-4.330416461431e+03 3.538242851932e+03 5.244401196411e+03
-4.333017556508e+03 3.543786367078e+03 5.238510718421e+03
-4.335612713661e+03 3.549326047582e+03 5.232613939942e+03
-4.338201919910e+03 3.554861898604e+03 5.226710868018e+03
-4.340785172659e+03 3.560393912603e+03 5.220801509705e+03
-4.343362469325e+03 3.565922082042e+03 5.214885872065e+03
-4.345933807330e+03 3.571446399389e+03 5.208963962168e+03
-4.348499184105e+03 3.576966857115e+03 5.203035787091e+03
-4.351058586580e+03 3.582483460463e+03 5.197101353921e+03
-4.353612033208e+03 3.587996176388e+03 5.191160669749e+03
-4.356159510949e+03 3.593505010135e+03 5.185213741678e+03
-4.358701017270e+03 3.599009954191e+03 5.179260576816e+03
-4.361236549641e+03 3.604511001050e+03 5.173301182279e+03
-4.363766105545e+03 3.610008143209e+03 5.167335565192e+03
-4.366289682471e+03 3.615501373171e+03 5.161363732686e+03
-4.368807267292e+03 3.620990696259e+03 5.155385691901e+03
-4.371318878746e+03 3.626476079356e+03 5.149401449984e+03
-4.373824503739e+03 3.631957527788e+03 5.143411014090e+03
-4.376324139793e+03 3.637435034073e+03 5.137414391382e+03
-4.378817784440e+03 3.642908590736e+03 5.131411589029e+03
-4.381305435218e+03 3.648378190304e+03 5.125402614210e+03
-4.383787089674e+03 3.653843825311e+03 5.119387474111e+03
-4.386262745364e+03 3.659305488293e+03 5.113366175923e+03
-4.388732389101e+03 3.664763184667e+03 5.107338726850e+03
-4.391196039944e+03 3.670216881235e+03 5.101305134097e+03
-4.393653684738e+03 3.675666583416e+03 5.095265404883e+03
-4.396105321071e+03 3.681112283764e+03 5.089219546429e+03
-4.398550946542e+03 3.686553974839e+03 5.083167565969e+03
-4.400990558754e+03 3.691991649204e+03 5.077109470739e+03
-4.403424155323e+03 3.697425299429e+03 5.071045267988e+03
-4.405851723007e+03 3.702854931011e+03 5.064974964968e+03
-4.408273281148e+03 3.708280510682e+03 5.058898568941e+03
-4.410688816536e+03 3.713702043944e+03 5.052816087176e+03
-4.413098326818e+03 3.719119523384e+03 5.046727526950e+03
-4.415501809651e+03 3.724532941590e+03 5.040632895547e+03
-4.417899262698e+03 3.729942291160e+03 5.034532200259e+03
-4.420290683632e+03 3.735347564694e+03 5.028425448384e+03
-4.422676070132e+03 3.740748754795e+03 5.022312647230e+03
-4.425055408897e+03 3.746145867055e+03 5.016193804110e+03
-4.427428719589e+03 3.751538868131e+03 5.010068926346e+03
-4.429795988940e+03 3.756927763616e+03 5.003938021267e+03
-4.432157214662e+03 3.762312546133e+03 4.997801096210e+03
-4.434512394479e+03 3.767693208310e+03 4.991658158518e+03
-4.436861526121e+03 3.773069742779e+03 4.985509215543e+03
-4.439204607327e+03 3.778442142177e+03 4.979354274644e+03
-4.441541624742e+03 3.783810412176e+03 4.973193343188e+03
-4.443872598310e+03 3.789174519368e+03 4.967026428547e+03
-4.446197514708e+03 3.794534469428e+03 4.960853538102e+03
-4.448516371710e+03 3.799890255012e+03 4.954674679244e+03
-4.450829167095e+03 3.805241868779e+03 4.948489859366e+03
-4.453135898653e+03 3.810589303396e+03 4.942299085873e+03
-4.455436564182e+03 3.815932551531e+03 4.936102366174e+03
-4.457731161486e+03 3.821271605859e+03 4.929899707689e+03
-4.460019677155e+03 3.826606472145e+03 4.923691117842e+03
-4.462302131447e+03 3.831937116909e+03 4.917476604066e+03
-4.464578510983e+03 3.837263545918e+03 4.911256173800e+03
-4.466848813603e+03 3.842585751866e+03 4.905029834492e+03
-4.469113037153e+03 3.847903727452e+03 4.898797593597e+03
-4.471371179490e+03 3.853217465377e+03 4.892559458577e+03
-4.473623238479e+03 3.858526958351e+03 4.886315436899e+03
-4.475869200656e+03 3.863832212218e+03 4.880065536042e+03
-4.478109086559e+03 3.869133193438e+03 4.873809763488e+03
-4.480342882756e+03 3.874429907859e+03 4.867548126729e+03
-4.482570587147e+03 3.879722348208e+03 4.861280633262e+03
-4.484792197638e+03 3.885010507218e+03 4.855007290594e+03
-4.487007712142e+03 3.890294377625e+03 4.848728106236e+03
-4.489217128584e+03 3.895573952171e+03 4.842443087708e+03
-4.491420433451e+03 3.900849236780e+03 4.836152242538e+03
-4.493617647555e+03 3.906120197856e+03 4.829855578260e+03
-4.495808757417e+03 3.911386841327e+03 4.823553102415e+03
-4.497993760992e+03 3.916649159952e+03 4.817244822551e+03
-4.500172656247e+03 3.921907146500e+03 4.810930746225e+03
-4.502345441155e+03 3.927160793741e+03 4.804610881000e+03
-4.504512113697e+03 3.932410094451e+03 4.798285234445e+03
-4.506672671865e+03 3.937655041413e+03 4.791953814138e+03
-4.508827102089e+03 3.942895640639e+03 4.785616627663e+03
-4.510975425496e+03 3.948131858472e+03 4.779273682612e+03
-4.513117628550e+03 3.953363700929e+03 4.772924986582e+03
-4.515253709275e+03 3.958591160811e+03 4.766570547181e+03
-4.517383665703e+03 3.963814230925e+03 4.760210372020e+03
-4.519507495875e+03 3.969032904082e+03 4.753844468720e+03
-4.521625197841e+03 3.974247173098e+03 4.747472844907e+03
-4.523736757983e+03 3.979457044066e+03 4.741095508216e+03
-4.525842197702e+03 3.984662483276e+03 4.734712466287e+03
-4.527941503413e+03 3.989863496823e+03 4.728323726768e+03
-4.530034673199e+03 3.995060077544e+03 4.721929297316e+03
-4.532121705151e+03 4.000252218282e+03 4.715529185591e+03
-4.534202597370e+03 4.005439911883e+03 4.709123399263e+03
-4.536277347963e+03 4.010623151197e+03 4.702711946009e+03
-4.538345955048e+03 4.015801929084e+03 4.696294833511e+03
-4.540408404953e+03 4.020976251724e+03 4.689872069459e+03
-4.542464719389e+03 4.026146085350e+03 4.683443661551e+03
-4.544514884718e+03 4.031311436148e+03 4.677009617492e+03
-4.546558899090e+03 4.036472296997e+03 4.670569944991e+03
-4.548596760663e+03 4.041628660778e+03 4.664124651767e+03
-4.550628467606e+03 4.046780520380e+03 4.657673745546e+03
-4.552654018095e+03 4.051927868695e+03 4.651217234058e+03
-4.554673398410e+03 4.057070711984e+03 4.644755125044e+03
-4.556686630535e+03 4.062209016431e+03 4.638287426247e+03
-4.558693700783e+03 4.067342788302e+03 4.631814145422e+03
-4.560694607365e+03 4.072472020510e+03 4.625335290328e+03
-4.562689348499e+03 4.077596705975e+03 4.618850868731e+03
-4.564677922410e+03 4.082716837619e+03 4.612360888404e+03
-4.566660327335e+03 4.087832408374e+03 4.605865357129e+03
-4.568636549509e+03 4.092943424578e+03 4.599364282691e+03
-4.570606611184e+03 4.098049852369e+03 4.592857672884e+03
-4.572570498629e+03 4.103151698090e+03 4.586345535510e+03
-4.574528210112e+03 4.108248954692e+03 4.579827878375e+03
-4.576479743911e+03 4.113341615131e+03 4.573304709295e+03
-4.578425098311e+03 4.118429672368e+03 4.566776036090e+03
-4.580364271607e+03 4.123513119370e+03 4.560241866588e+03
-4.582297262102e+03 4.128591949110e+03 4.553702208624e+03
-4.584224055980e+03 4.133666168013e+03 4.547157070039e+03
-4.586144675800e+03 4.138735742168e+03 4.540606458682e+03
-4.588059107778e+03 4.143800678009e+03 4.534050382408e+03
-4.589967350251e+03 4.148860968528e+03 4.527488849078e+03
-4.591869401564e+03 4.153916606724e+03 4.520921866560e+03
-4.593765260071e+03 4.158967585602e+03 4.514349442731e+03
-4.595654924134e+03 4.164013898170e+03 4.507771585472e+03
-4.597538379892e+03 4.169055550932e+03 4.501188302671e+03
-4.599415650172e+03 4.174092509937e+03 4.494599602225e+03
-4.601286721145e+03 4.179124781695e+03 4.488005492034e+03
-4.603151591208e+03 4.184152359236e+03 4.481405980007e+03
-4.605010258764e+03 4.189175235597e+03 4.474801074060e+03
-4.606862722228e+03 4.194193403820e+03 4.468190782115e+03
-4.608708980020e+03 4.199206856953e+03 4.461575112100e+03
-4.610549030570e+03 4.204215588049e+03 4.454954071950e+03
-4.612382859968e+03 4.209219603698e+03 4.448327669608e+03
-4.614210491345e+03 4.214218869907e+03 4.441695913021e+03
-4.616031910821e+03 4.219213393271e+03 4.435058810145e+03
-4.617847116860e+03 4.224203166866e+03 4.428416368941e+03
-4.619656107935e+03 4.229188183772e+03 4.421768597378e+03
-4.621458882527e+03 4.234168437075e+03 4.415115503431e+03
-4.623255439125e+03 4.239143919868e+03 4.408457095079e+03
-4.625045763776e+03 4.244114638816e+03 4.401793380312e+03
-4.626829879874e+03 4.249080559889e+03 4.395124367124e+03
-4.628607773497e+03 4.254041689761e+03 4.388450063516e+03
-4.630379443169e+03 4.258998021544e+03 4.381770477495e+03
-4.632144887422e+03 4.263949548359e+03 4.375085617075e+03
-4.633904104795e+03 4.268896263330e+03 4.368395490276e+03
-4.635657093839e+03 4.273838159589e+03 4.361700105126e+03
-4.637403853110e+03 4.278775230272e+03 4.354999469657e+03
-4.639144368606e+03 4.283707482132e+03 4.348293591910e+03
-4.640878664023e+03 4.288634881100e+03 4.341582479932e+03
-4.642606725390e+03 4.293557433935e+03 4.334866141773e+03
-4.644328551299e+03 4.298475133797e+03 4.328144585495e+03
-4.646044140350e+03 4.303387973849e+03 4.321417819162e+03
-4.647753491151e+03 4.308295947263e+03 4.314685850847e+03
-4.649456602318e+03 4.313199047215e+03 4.307948688627e+03
-4.651153459810e+03 4.318097280532e+03 4.301206340589e+03
-4.652844087581e+03 4.322990613114e+03 4.294458814822e+03
-4.654528471622e+03 4.327879051797e+03 4.287706119425e+03
-4.656206610581e+03 4.332762589779e+03 4.280948262501e+03
-4.657878503120e+03 4.337641220265e+03 4.274185252161e+03
-4.659544147906e+03 4.342514936465e+03 4.267417096522e+03
-4.661203543615e+03 4.347383731595e+03 4.260643803706e+03
-4.662856676163e+03 4.352247612558e+03 4.253865381843e+03
-4.664503569768e+03 4.357106545226e+03 4.247081839069e+03
-4.666144210377e+03 4.361960536508e+03 4.240293183524e+03
-4.667778596701e+03 4.366809579643e+03 4.233499423359e+03
-4.669406727457e+03 4.371653667877e+03 4.226700566726e+03
-4.671028601375e+03 4.376492794460e+03 4.219896621788e+03
-4.672644217190e+03 4.381326952649e+03 4.213087596710e+03
-4.674253573647e+03 4.386156135707e+03 4.206273499667e+03
-4.675856656616e+03 4.390980350621e+03 4.199454338838e+03
-4.677453490610e+03 4.395799563234e+03 4.192630122409e+03
-4.679044061531e+03 4.400613780538e+03 4.185800858572e+03
-4.680628368157e+03 4.405422995821e+03 4.178966555525e+03
-4.682206409277e+03 4.410227202374e+03 4.172127221472e+03
-4.683778183685e+03 4.415026393496e+03 4.165282864625e+03
-4.685343690186e+03 4.419820562490e+03 4.158433493200e+03
-4.686902914611e+03 4.424609716416e+03 4.151579115421e+03
-4.688455881731e+03 4.429393821094e+03 4.144719739515e+03
-4.690002577408e+03 4.434172883592e+03 4.137855373720e+03
-4.691543000481e+03 4.438946897237e+03 4.130986026276e+03
-4.693077149796e+03 4.443715855362e+03 4.124111705432e+03
-4.694605024209e+03 4.448479751307e+03 4.117232419440e+03
-4.696126622585e+03 4.453238578418e+03 4.110348176561e+03
-4.697641943795e+03 4.457992330045e+03 4.103458985061e+03
-4.699150973629e+03 4.462741013335e+03 4.096564853212e+03
-4.700653737147e+03 4.467484594080e+03 4.089665789291e+03
-4.702150220169e+03 4.472223079432e+03 4.082761801585e+03
-4.703640421602e+03 4.476956462768e+03 4.075852898382e+03
-4.705124340360e+03 4.481684737469e+03 4.068939087979e+03
-4.706601975369e+03 4.486407896922e+03 4.062020378679e+03
-4.708073325560e+03 4.491125934521e+03 4.055096778791e+03
-4.709538376683e+03 4.495838857483e+03 4.048168296627e+03
-4.710997154055e+03 4.500546631584e+03 4.041234940510e+03
-4.712449643458e+03 4.505249264048e+03 4.034296718766e+03
-4.713895843858e+03 4.509946748293e+03 4.027353639726e+03
-4.715335754230e+03 4.514639077745e+03 4.020405711730e+03
-4.716769373558e+03 4.519326245832e+03 4.013452943123e+03
-4.718196700834e+03 4.524008245991e+03 4.006495342253e+03
-4.719617721772e+03 4.528685085510e+03 3.999532917479e+03
-4.721032461940e+03 4.533356730151e+03 3.992565677162e+03
-4.722440907084e+03 4.538023187209e+03 3.985593629670e+03
-4.723843056229e+03 4.542684450145e+03 3.978616783377e+03
-4.725238908412e+03 4.547340512427e+03 3.971635146664e+03
-4.726628462674e+03 4.551991367528e+03 3.964648727916e+03
-4.728011718068e+03 4.556637008926e+03 3.957657535526e+03
-4.729388673655e+03 4.561277430108e+03 3.950661577890e+03
-4.730759315107e+03 4.565912638445e+03 3.943660863413e+03
-4.732123668280e+03 4.570542599679e+03 3.936655400503e+03
-4.733481718879e+03 4.575167321190e+03 3.929645197577e+03
-4.734833465996e+03 4.579786796489e+03 3.922630263054e+03
-4.736178908737e+03 4.584401019092e+03 3.915610605363e+03
-4.737518046211e+03 4.589009982522e+03 3.908586232935e+03
-4.738850877540e+03 4.593613680308e+03 3.901557154209e+03
-4.740177388362e+03 4.598212119892e+03 3.894523377629e+03
-4.741497604781e+03 4.602805267005e+03 3.887484911645e+03
-4.742811512466e+03 4.607393129100e+03 3.880441764714e+03
-4.744119110572e+03 4.611975699729e+03 3.873393945296e+03
-4.745420398262e+03 4.616552972454e+03 3.866341461859e+03
-4.746715374706e+03 4.621124940840e+03 3.859284322876e+03
-4.748004039085e+03 4.625691598461e+03 3.852222536826e+03
-4.749286390587e+03 4.630252938897e+03 3.845156112192e+03
-4.750562414812e+03 4.634808969670e+03 3.838085057466e+03
-4.751832138146e+03 4.639359656501e+03 3.831009381143e+03
-4.753095546221e+03 4.643905006922e+03 3.823929091724e+03
-4.754352638258e+03 4.648445014538e+03 3.816844197717e+03
-4.755603413488e+03 4.652979672961e+03 3.809754707634e+03
-4.756847871152e+03 4.657508975806e+03 3.802660629995e+03
-4.758086010497e+03 4.662032916699e+03 3.795561973322e+03
-4.759317817090e+03 4.666551503233e+03 3.788458746146e+03
-4.760543317563e+03 4.671064701121e+03 3.781350957003e+03
-4.761762497514e+03 4.675572517966e+03 3.774238614432e+03
-4.762975356225e+03 4.680074947418e+03 3.767121726981e+03
-4.764181892986e+03 4.684571983132e+03 3.760000303202e+03
-4.765382107097e+03 4.689063618770e+03 3.752874351653e+03
-4.766575997866e+03 4.693549848002e+03 3.745743880897e+03
-4.767763564609e+03 4.698030664502e+03 3.738608899502e+03
-4.768944792855e+03 4.702506075944e+03 3.731469416043e+03
-4.770119709518e+03 4.706976048037e+03 3.724325439100e+03
-4.771288300156e+03 4.711440588462e+03 3.717176977259e+03
-4.772450564119e+03 4.715899690922e+03 3.710024039110e+03
-4.773606500768e+03 4.720353349123e+03 3.702866633249e+03
-4.774756109469e+03 4.724801556779e+03 3.695704768280e+03
-4.775899389600e+03 4.729244307613e+03 3.688538452809e+03
-4.777036326656e+03 4.733681609365e+03 3.681367695449e+03
-4.778166947795e+03 4.738113427742e+03 3.674192504818e+03
-4.779291238542e+03 4.742539770498e+03 3.667012889540e+03
-4.780409198309e+03 4.746960631377e+03 3.659828858246e+03
-4.781520826514e+03 4.751376004134e+03 3.652640419568e+03
-4.782626122586e+03 4.755785882529e+03 3.645447582148e+03
-4.783725085959e+03 4.760190260329e+03 3.638250354630e+03
-4.784817702101e+03 4.764589145343e+03 3.631048745666e+03
-4.785903998408e+03 4.768982503280e+03 3.623842763913e+03
-4.786983960376e+03 4.773370341961e+03 3.616632418031e+03
-4.788057587476e+03 4.777752655177e+03 3.609417716687e+03
-4.789124879186e+03 4.782129436730e+03 3.602198668555e+03
-4.790185834994e+03 4.786500680425e+03 3.594975282312e+03
-4.791240454395e+03 4.790866380075e+03 3.587747566641e+03
-4.792288736895e+03 4.795226529500e+03 3.580515530230e+03
-4.793330667923e+03 4.799581136589e+03 3.573279181773e+03
-4.794366275152e+03 4.803930167051e+03 3.566038529970e+03
-4.795395544043e+03 4.808273628786e+03 3.558793583523e+03
-4.796418474135e+03 4.812611515641e+03 3.551544351144e+03
-4.797435064974e+03 4.816943821469e+03 3.544290841546e+03
-4.798445316116e+03 4.821270540128e+03 3.537033063451e+03
-4.799449227125e+03 4.825591665485e+03 3.529771025582e+03
-4.800446783403e+03 4.829907205498e+03 3.522504736672e+03
-4.801438012861e+03 4.834217125881e+03 3.515234205455e+03
-4.802422900928e+03 4.838521434601e+03 3.507959440672e+03
-4.803401447205e+03 4.842820125552e+03 3.500680451070e+03
-4.804373651296e+03 4.847113192635e+03 3.493397245401e+03
-4.805339512819e+03 4.851400629755e+03 3.486109832420e+03
-4.806299031395e+03 4.855682430826e+03 3.478818220890e+03
-4.807252206659e+03 4.859958589768e+03 3.471522419578e+03
-4.808199023979e+03 4.864229114616e+03 3.464222437255e+03
-4.809139511534e+03 4.868493971092e+03 3.456918282698e+03
-4.810073654724e+03 4.872753167242e+03 3.449609964691e+03
-4.811001453214e+03 4.877006697012e+03 3.442297492020e+03
-4.811922906681e+03 4.881254554358e+03 3.434980873478e+03
-4.812838014806e+03 4.885496733239e+03 3.427660117862e+03
-4.813746777283e+03 4.889733227625e+03 3.420335233976e+03
-4.814649179453e+03 4.893964045615e+03 3.413006230627e+03
-4.815545249730e+03 4.898189152942e+03 3.405673116627e+03
-4.816434973484e+03 4.902408557719e+03 3.398335900795e+03
-4.817318350442e+03 4.906622253940e+03 3.390994591954e+03
-4.818195380338e+03 4.910830235608e+03 3.383649198930e+03
-4.819066062916e+03 4.915032496732e+03 3.376299730559e+03
-4.819930397926e+03 4.919229031328e+03 3.368946195676e+03
-4.820788370684e+03 4.923419847562e+03 3.361588603125e+03
-4.821640009835e+03 4.927604911179e+03 3.354226961755e+03
-4.822485300725e+03 4.931784230358e+03 3.346861280417e+03
-4.823324243138e+03 4.935957799142e+03 3.339491567970e+03
-4.824156836868e+03 4.940125611582e+03 3.332117833276e+03
-4.824983081719e+03 4.944287661734e+03 3.324740085204e+03
-4.825802977500e+03 4.948443943665e+03 3.317358332625e+03
-4.826616524032e+03 4.952594451444e+03 3.309972584418e+03
-4.827423706600e+03 4.956739193314e+03 3.302582849464e+03
-4.828224554113e+03 4.960878135035e+03 3.295189136651e+03
-4.829019051886e+03 4.965011284862e+03 3.287791454871e+03
-4.829807199772e+03 4.969138636894e+03 3.280389813022e+03
-4.830588997633e+03 4.973260185236e+03 3.272984220005e+03
-4.831364445341e+03 4.977375924003e+03 3.265574684727e+03
-4.832133542773e+03 4.981485847314e+03 3.258161216100e+03
-4.832896275190e+03 4.985589963476e+03 3.250743823039e+03
-4.833652671731e+03 4.989688238267e+03 3.243322514468e+03
-4.834402717684e+03 4.993780680007e+03 3.235897299310e+03
-4.835146412962e+03 4.997867282842e+03 3.228468186498e+03
-4.835883757488e+03 5.001948040930e+03 3.221035184967e+03
-4.836614751191e+03 5.006022948432e+03 3.213598303658e+03
-4.837339394008e+03 5.010091999518e+03 3.206157551515e+03
-4.838057685889e+03 5.014155188366e+03 3.198712937488e+03
-4.838769612064e+03 5.018212523355e+03 3.191264470534e+03
-4.839475201932e+03 5.022263970286e+03 3.183812159610e+03
-4.840174440753e+03 5.026309537550e+03 3.176356013681e+03
-4.840867328510e+03 5.030349219355e+03 3.168896041715e+03
-4.841553865191e+03 5.034383009911e+03 3.161432252688e+03
-4.842234050793e+03 5.038410903438e+03 3.153964655575e+03
-4.842907885325e+03 5.042432894163e+03 3.146493259362e+03
-4.843575353994e+03 5.046448990530e+03 3.139018073035e+03
-4.844236486424e+03 5.050459158362e+03 3.131539105586e+03
-4.844891267852e+03 5.054463406115e+03 3.124056366013e+03
-4.845539698319e+03 5.058461728044e+03 3.116569863318e+03
-4.846181777874e+03 5.062454118412e+03 3.109079606505e+03
-4.846817506573e+03 5.066440571488e+03 3.101585604586e+03
-4.847446884483e+03 5.070421081550e+03 3.094087866577e+03
-4.848069911678e+03 5.074395642881e+03 3.086586401498e+03
-4.848686573341e+03 5.078364263999e+03 3.079081218372e+03
-4.849296899351e+03 5.082326910753e+03 3.071572326230e+03
-4.849900874919e+03 5.086283591672e+03 3.064059734105e+03
-4.850498500154e+03 5.090234301070e+03 3.056543451035e+03
-4.851089775172e+03 5.094179033266e+03 3.049023486063e+03
-4.851674700099e+03 5.098117782590e+03 3.041499848237e+03
-4.852253275068e+03 5.102050543374e+03 3.033972546608e+03
-4.852825485240e+03 5.105977324200e+03 3.026441590232e+03
-4.853391360716e+03 5.109898090943e+03 3.018906988171e+03
-4.853950886685e+03 5.113812852196e+03 3.011368749490e+03
-4.854504063315e+03 5.117721602322e+03 3.003826883259e+03
-4.855050890783e+03 5.121624335694e+03 2.996281398551e+03
-4.855591369271e+03 5.125521046689e+03 2.988732304446e+03
-4.856125498974e+03 5.129411729695e+03 2.981179610027e+03
-4.856653265032e+03 5.133296393352e+03 2.973623324382e+03
-4.857174697765e+03 5.137175003566e+03 2.966063456601e+03
-4.857689782341e+03 5.141047568992e+03 2.958500015783e+03
-4.858198518987e+03 5.144914084045e+03 2.950933011027e+03
-4.858700907939e+03 5.148774543148e+03 2.943362451439e+03
-4.859196949439e+03 5.152628940731e+03 2.935788346128e+03
-4.859686643741e+03 5.156477271232e+03 2.928210704208e+03
-4.860169991105e+03 5.160319529096e+03 2.920629534798e+03
-4.860646976647e+03 5.164155723034e+03 2.913044847020e+03
-4.861117630938e+03 5.167985818988e+03 2.905456650000e+03
-4.861581939122e+03 5.171809825683e+03 2.897864952871e+03
-4.862039901494e+03 5.175627737594e+03 2.890269764767e+03
-4.862491518357e+03 5.179439549203e+03 2.882671094829e+03
-4.862936790021e+03 5.183245254998e+03 2.875068952200e+03
-4.863375716807e+03 5.187044849478e+03 2.867463346029e+03
-4.863808283814e+03 5.190838341416e+03 2.859854285469e+03
-4.864234521824e+03 5.194625696785e+03 2.852241779676e+03
-4.864654415964e+03 5.198406924373e+03 2.844625837811e+03
-4.865067966589e+03 5.202182018706e+03 2.837006469040e+03
-4.865475174060e+03 5.205950974318e+03 2.829383682533e+03
-4.865876038746e+03 5.209713785752e+03 2.821757487462e+03
-4.866270561027e+03 5.213470447556e+03 2.814127893006e+03
-4.866658741289e+03 5.217220954286e+03 2.806494908347e+03
-4.867040564611e+03 5.220965314786e+03 2.798858542671e+03
-4.867416062019e+03 5.224703495070e+03 2.791218805168e+03
-4.867785218621e+03 5.228435503996e+03 2.783575705034e+03
-4.868148034836e+03 5.232161336149e+03 2.775929251466e+03
-4.868504511094e+03 5.235880986124e+03 2.768279453668e+03
-4.868854647832e+03 5.239594448522e+03 2.760626320846e+03
-4.869198445496e+03 5.243301717953e+03 2.752969862212e+03
-4.869535889147e+03 5.247002803321e+03 2.745310086981e+03
-4.869867010024e+03 5.250697670676e+03 2.737647004371e+03
-4.870191793215e+03 5.254386328938e+03 2.729980623606e+03
-4.870510239199e+03 5.258068772745e+03 2.722310953913e+03
-4.870822348466e+03 5.261744996744e+03 2.714638004524e+03
-4.871128121510e+03 5.265414995590e+03 2.706961784674e+03
-4.871427558837e+03 5.269078763946e+03 2.699282303602e+03
-4.871720645491e+03 5.272736310774e+03 2.691599570552e+03
-4.872007412920e+03 5.276387602166e+03 2.683913594771e+03
-4.872287846198e+03 5.280032647101e+03 2.676224385511e+03
-4.872561945861e+03 5.283671440271e+03 2.668531952027e+03
-4.872829712456e+03 5.287303976376e+03 2.660836303578e+03
-4.873091146539e+03 5.290930250124e+03 2.653137449427e+03
-4.873346248674e+03 5.294550256232e+03 2.645435398843e+03
-4.873595019431e+03 5.298163989423e+03 2.637730161095e+03
-4.873837443837e+03 5.301771458726e+03 2.630021745460e+03
-4.874073553580e+03 5.305372630284e+03 2.622310161216e+03
-4.874303333712e+03 5.308967513141e+03 2.614595417646e+03
-4.874526784838e+03 5.312556102052e+03 2.606877524037e+03
-4.874743907573e+03 5.316138391778e+03 2.599156489680e+03
-4.874954702539e+03 5.319714377090e+03 2.591432323869e+03
-4.875159170367e+03 5.323284052764e+03 2.583705035903e+03
-4.875357296067e+03 5.326847427890e+03 2.575974635083e+03
-4.875549111533e+03 5.330404468653e+03 2.568241130717e+03
-4.875734601802e+03 5.333955184157e+03 2.560504532114e+03
-4.875913767540e+03 5.337499569212e+03 2.552764848587e+03
-4.876086609418e+03 5.341037618632e+03 2.545022089455e+03
-4.876253128117e+03 5.344569327242e+03 2.537276264038e+03
-4.876413324327e+03 5.348094689874e+03 2.529527381663e+03
-4.876567198746e+03 5.351613701368e+03 2.521775451656e+03
-4.876714736368e+03 5.355126370877e+03 2.514020483353e+03
-4.876855969320e+03 5.358632664643e+03 2.506262486088e+03
-4.876990882623e+03 5.362132591836e+03 2.498501469201e+03
-4.877119477009e+03 5.365626147326e+03 2.490737442038e+03
-4.877241753217e+03 5.369113325992e+03 2.482970413945e+03
-4.877357711995e+03 5.372594122721e+03 2.475200394273e+03
-4.877467354100e+03 5.376068532407e+03 2.467427392378e+03
-4.877570664512e+03 5.379536564261e+03 2.459651417618e+03
-4.877667675561e+03 5.382998184575e+03 2.451872479355e+03
-4.877758372255e+03 5.386453402576e+03 2.444090586956e+03
-4.877842755383e+03 5.389902213190e+03 2.436305749790e+03
-4.877920825744e+03 5.393344611349e+03 2.428517977230e+03
-4.877992584144e+03 5.396780591997e+03 2.420727278653e+03
-4.878058031397e+03 5.400210150081e+03 2.412933663439e+03
-4.878117168326e+03 5.403633280560e+03 2.405137140973e+03
-4.878169979900e+03 5.407049992710e+03 2.397337720642e+03
-4.878216498674e+03 5.410460252881e+03 2.389535411837e+03
-4.878256709644e+03 5.413864070365e+03 2.381730223954e+03
-4.878290613665e+03 5.417261440153e+03 2.373922166390e+03
-4.878318211602e+03 5.420652357239e+03 2.366111248547e+03
-4.878339504329e+03 5.424036816630e+03 2.358297479830e+03
-4.878354492725e+03 5.427414813338e+03 2.350480869650e+03
-4.878363161748e+03 5.430786356696e+03 2.342661427417e+03
-4.878365544152e+03 5.434151413108e+03 2.334839162547e+03
-4.878361624920e+03 5.437509991922e+03 2.327014084461e+03
-4.878351404966e+03 5.440862088185e+03 2.319186202581e+03
-4.878334885213e+03 5.444207696947e+03 2.311355526333e+03
-4.878312066592e+03 5.447546813270e+03 2.303522065146e+03
-4.878282950042e+03 5.450879432222e+03 2.295685828455e+03
-4.878247520510e+03 5.454205563192e+03 2.287846825695e+03
-4.878205810945e+03 5.457525172639e+03 2.280005066307e+03
-4.878157806319e+03 5.460838269970e+03 2.272160559734e+03
-4.878103507605e+03 5.464144850283e+03 2.264313315422e+03
-4.878042915784e+03 5.467444908689e+03 2.256463342823e+03
-4.877976031844e+03 5.470738440303e+03 2.248610651388e+03
-4.877902856784e+03 5.474025440250e+03 2.240755250576e+03
-4.877823391609e+03 5.477305903663e+03 2.232897149846e+03
-4.877737621253e+03 5.480579839993e+03 2.225036358662e+03
-4.877645578888e+03 5.483847215768e+03 2.217172886491e+03
-4.877547249474e+03 5.487108040455e+03 2.209306742802e+03
-4.877442634051e+03 5.490362309220e+03 2.201437937070e+03
-4.877331733665e+03 5.493610017234e+03 2.193566478771e+03
-4.877214549371e+03 5.496851159680e+03 2.185692377385e+03
-4.877091082234e+03 5.500085731747e+03 2.177815642395e+03
-4.876961317178e+03 5.503313742939e+03 2.169936283288e+03
-4.876825287568e+03 5.506535159847e+03 2.162054309554e+03
-4.876682978353e+03 5.509749991991e+03 2.154169730685e+03
-4.876534390632e+03 5.512958234594e+03 2.146282556177e+03
-4.876379525509e+03 5.516159882886e+03 2.138392795531e+03
-4.876218384096e+03 5.519354932104e+03 2.130500458248e+03
-4.876050967516e+03 5.522543377494e+03 2.122605553835e+03
-4.875877276898e+03 5.525725214312e+03 2.114708091800e+03
-4.875697297159e+03 5.528900452123e+03 2.106808081656e+03
-4.875511061877e+03 5.532069057589e+03 2.098905532917e+03
-4.875318555996e+03 5.535231040293e+03 2.091000455102e+03
-4.875119780678e+03 5.538386395523e+03 2.083092857733e+03
-4.874914737093e+03 5.541535118574e+03 2.075182750334e+03
-4.874703426421e+03 5.544677204749e+03 2.067270142433e+03
-4.874485849849e+03 5.547812649360e+03 2.059355043560e+03
-4.874261992287e+03 5.550941462026e+03 2.051437463251e+03
-4.874031887501e+03 5.554063609476e+03 2.043517411040e+03
-4.873795520427e+03 5.557179101345e+03 2.035594896470e+03
-4.873552892284e+03 5.560287932978e+03 2.027669929082e+03
-4.873304004301e+03 5.563390099728e+03 2.019742518423e+03
-4.873048857715e+03 5.566485596957e+03 2.011812674042e+03
-4.872787453769e+03 5.569574420031e+03 2.003880405490e+03
-4.872519777358e+03 5.572656578613e+03 1.995945722319e+03
-4.872245862430e+03 5.575732039494e+03 1.988008634086e+03
-4.871965693916e+03 5.578800812366e+03 1.980069150352e+03
-4.871679273092e+03 5.581862892630e+03 1.972127280681e+03
-4.871386601244e+03 5.584918275697e+03 1.964183034641e+03
-4.871087679667e+03 5.587966956986e+03 1.956236421801e+03
-4.870782509663e+03 5.591008931924e+03 1.948287451735e+03
-4.870471092542e+03 5.594044195946e+03 1.940336134017e+03
-4.870153413202e+03 5.597072758785e+03 1.932382478227e+03
-4.869829505804e+03 5.600094587316e+03 1.924426493947e+03
-4.869499355271e+03 5.603109691287e+03 1.916468190760e+03
-4.869162962944e+03 5.606118066169e+03 1.908507578255e+03
-4.868820330178e+03 5.609119707439e+03 1.900544666022e+03
-4.868471458330e+03 5.612114610581e+03 1.892579463653e+03
-4.868116348769e+03 5.615102771090e+03 1.884611980746e+03
-4.867754986389e+03 5.618084198751e+03 1.876642226898e+03
-4.867387405531e+03 5.621058860509e+03 1.868670211711e+03
-4.867013591112e+03 5.624026766167e+03 1.860695944789e+03
-4.866633544534e+03 5.626987911252e+03 1.852719435741e+03
-4.866247267206e+03 5.629942291301e+03 1.844740694175e+03
-4.865854760544e+03 5.632889901857e+03 1.836759729705e+03
-4.865456025975e+03 5.635830738473e+03 1.828776551946e+03
-4.865051064930e+03 5.638764796711e+03 1.820791170516e+03
-4.864639862301e+03 5.641692086413e+03 1.812803595037e+03
-4.864222452631e+03 5.644612574611e+03 1.804813835132e+03
-4.863798820836e+03 5.647526271165e+03 1.796821900428e+03
-4.863368968381e+03 5.650433171671e+03 1.788827800553e+03
-4.862932896741e+03 5.653333271731e+03 1.780831545139e+03
-4.862490607398e+03 5.656226566957e+03 1.772833143822e+03
-4.862042101842e+03 5.659113052971e+03 1.764832606237e+03
-4.861587364961e+03 5.661992739664e+03 1.756829942026e+03
-4.861126431476e+03 5.664865594146e+03 1.748825160830e+03
-4.860659286298e+03 5.667731626326e+03 1.740818272294e+03
-4.860185930950e+03 5.670590831861e+03 1.732809286066e+03
-4.859706366965e+03 5.673443206411e+03 1.724798211797e+03
-4.859220595880e+03 5.676288745650e+03 1.716785059138e+03
-4.858728619244e+03 5.679127445256e+03 1.708769837747e+03
-4.858230438612e+03 5.681959300918e+03 1.700752557280e+03
-4.857726038869e+03 5.684784322584e+03 1.692733227398e+03
-4.857215454935e+03 5.687602477456e+03 1.684711857765e+03
-4.856698671721e+03 5.690413775499e+03 1.676688458045e+03
-4.856175690813e+03 5.693218212438e+03 1.668663037908e+03
-4.855646513808e+03 5.696015784002e+03 1.660635607023e+03
-4.855111142311e+03 5.698806485932e+03 1.652606175064e+03
-4.854569577933e+03 5.701590313975e+03 1.644574751707e+03
-4.854021805558e+03 5.704367278130e+03 1.636541346629e+03
-4.853467860280e+03 5.707137345677e+03 1.628505969512e+03
-4.852907727006e+03 5.709900526634e+03 1.620468630038e+03
-4.852341407382e+03 5.712656816783e+03 1.612429337892e+03
-4.851768903059e+03 5.715406211914e+03 1.604388102763e+03
-4.851190215698e+03 5.718148707829e+03 1.596344934340e+03
-4.850605346969e+03 5.720884300334e+03 1.588299842318e+03
-4.850014281756e+03 5.723612999475e+03 1.580252836389e+03
-4.849417055321e+03 5.726334772619e+03 1.572203926253e+03
-4.848813652571e+03 5.729049629830e+03 1.564153121608e+03
-4.848204075209e+03 5.731757566951e+03 1.556100432157e+03
-4.847588324942e+03 5.734458579833e+03 1.548045867604e+03
-4.846966403490e+03 5.737152664336e+03 1.539989437657e+03
-4.846338312575e+03 5.739839816329e+03 1.531931152024e+03
-4.845704053933e+03 5.742520031689e+03 1.523871020416e+03
-4.845063612447e+03 5.745193320516e+03 1.515809052549e+03
-4.844417023572e+03 5.747859650274e+03 1.507745258136e+03
-4.843764272217e+03 5.750519031083e+03 1.499679646897e+03
-4.843105360146e+03 5.753171458854e+03 1.491612228553e+03
-4.842440289134e+03 5.755816929508e+03 1.483543012825e+03
-4.841769060962e+03 5.758455438974e+03 1.475472009439e+03
-4.841091677419e+03 5.761086983190e+03 1.467399228123e+03
-4.840408123392e+03 5.763711572304e+03 1.459324678605e+03
-4.839718434500e+03 5.766329173867e+03 1.451248370617e+03
-4.839022595653e+03 5.768939798046e+03 1.443170313894e+03
-4.838320608673e+03 5.771543440814e+03 1.435090518170e+03
-4.837612475390e+03 5.774140098152e+03 1.427008993185e+03
-4.836898197640e+03 5.776729766050e+03 1.418925748677e+03
-4.836177777269e+03 5.779312440507e+03 1.410840794391e+03
-4.835451216131e+03 5.781888117531e+03 1.402754140069e+03
-4.834718499116e+03 5.784456807323e+03 1.394665795460e+03
-4.833979662028e+03 5.787018477535e+03 1.386575770311e+03
-4.833234689780e+03 5.789573138390e+03 1.378484074374e+03
-4.832483584258e+03 5.792120785929e+03 1.370390717401e+03
-4.831726347355e+03 5.794661416204e+03 1.362295709147e+03
-4.830962980973e+03 5.797195025274e+03 1.354199059370e+03
-4.830193487020e+03 5.799721609210e+03 1.346100777828e+03
-4.829417850391e+03 5.802241178256e+03 1.338000874282e+03
-4.828636107049e+03 5.804753700159e+03 1.329899358496e+03
-4.827848241912e+03 5.807259185186e+03 1.321796240235e+03
-4.827054256921e+03 5.809757629441e+03 1.313691529265e+03
-4.826254154025e+03 5.812249029036e+03 1.305585235355e+03
-4.825447935180e+03 5.814733380093e+03 1.297477368278e+03
-4.824635602351e+03 5.817210678742e+03 1.289367937805e+03
-4.823817140437e+03 5.819680935275e+03 1.281256953712e+03
-4.822992585560e+03 5.822144117532e+03 1.273144425775e+03
-4.822161922641e+03 5.824600235826e+03 1.265030363773e+03
-4.821325153677e+03 5.827049286321e+03 1.256914777487e+03
-4.820482280671e+03 5.829491265192e+03 1.248797676700e+03
-4.819633305638e+03 5.831926168623e+03 1.240679071196e+03
-4.818778230595e+03 5.834353992806e+03 1.232558970761e+03
-4.817917057573e+03 5.836774733941e+03 1.224437385183e+03
-4.817049771474e+03 5.839188402370e+03 1.216314324252e+03
-4.816176408600e+03 5.841594966046e+03 1.208189797761e+03
-4.815296953877e+03 5.843994435331e+03 1.200063815503e+03
-4.814411409365e+03 5.846386806461e+03 1.191936387274e+03
-4.813519777132e+03 5.848772075681e+03 1.183807522870e+03
-4.812622059253e+03 5.851150239247e+03 1.175677232091e+03
-4.811718257812e+03 5.853521293420e+03 1.167545524738e+03
-4.810808357719e+03 5.855885248587e+03 1.159412410613e+03
-4.809892395428e+03 5.858242072799e+03 1.151277899521e+03
-4.808970355872e+03 5.860591776461e+03 1.143142001268e+03
-4.808042241166e+03 5.862934355873e+03 1.135004725662e+03
-4.807108053432e+03 5.865269807342e+03 1.126866082512e+03
-4.806167794802e+03 5.867598127186e+03 1.118726081630e+03
-4.805221467414e+03 5.869919311729e+03 1.110584732828e+03
-4.804269073414e+03 5.872233357306e+03 1.102442045922e+03
-4.803310597721e+03 5.874540274354e+03 1.094298030727e+03
-4.802346076961e+03 5.876840031037e+03 1.086152697062e+03
-4.801375496075e+03 5.879132637812e+03 1.078006054746e+03
-4.800398857242e+03 5.881418091049e+03 1.069858113601e+03
-4.799416162647e+03 5.883696387129e+03 1.061708883449e+03
-4.798427414483e+03 5.885967522438e+03 1.053558374115e+03
-4.797432614951e+03 5.888231493375e+03 1.045406595425e+03
-4.796431748980e+03 5.890488310419e+03 1.037253557207e+03
-4.795424853343e+03 5.892737941837e+03 1.029099269290e+03
-4.794411912990e+03 5.894980398130e+03 1.020943741505e+03
-4.793392930154e+03 5.897215675731e+03 1.012786983684e+03
-4.792367907074e+03 5.899443771082e+03 1.004629005662e+03
-4.791336846000e+03 5.901664680635e+03 9.964698172730e+02
-4.790299749188e+03 5.903878400851e+03 9.883094283549e+02
-4.789256618901e+03 5.906084928200e+03 9.801478487459e+02
-4.788207440078e+03 5.908284273208e+03 9.719850882860e+02
-4.787152249660e+03 5.910476404264e+03 9.638211568168e+02
-4.786091032606e+03 5.912661331916e+03 9.556560641810e+02
-4.785023791212e+03 5.914839052671e+03 9.474898202232e+02
-4.783950527782e+03 5.917009563043e+03 9.393224347891e+02
-4.782871244625e+03 5.919172859557e+03 9.311539177260e+02
-4.781785944061e+03 5.921328938746e+03 9.229842788825e+02
-4.780694611037e+03 5.923477811178e+03 9.148135281087e+02
-4.779597282639e+03 5.925619445350e+03 9.066416752562e+02
-4.778493943837e+03 5.927753851852e+03 8.984687301778e+02
-4.777384596980e+03 5.929881027253e+03 8.902947027277e+02
-4.776269244426e+03 5.932000968133e+03 8.821196027614e+02
-4.775147888541e+03 5.934113671080e+03 8.739434401361e+02
-4.774020531697e+03 5.936219132690e+03 8.657662247098e+02
-4.772887158854e+03 5.938317363574e+03 8.575879663422e+02
-4.771747807238e+03 5.940408332337e+03 8.494086748942e+02
-4.770602461831e+03 5.942492049611e+03 8.412283602280e+02
-4.769451125036e+03 5.944568512029e+03 8.330470322071e+02
-4.768293799265e+03 5.946637716234e+03 8.248647006962e+02
-4.767130486938e+03 5.948699658879e+03 8.166813755614e+02
-4.765961190483e+03 5.950754336625e+03 8.084970666698e+02
-4.764785912335e+03 5.952801746143e+03 8.003117838901e+02
-4.763604637466e+03 5.954841898087e+03 7.921255370919e+02
-4.762417403263e+03 5.956874761193e+03 7.839383361461e+02
-4.761224194719e+03 5.958900346138e+03 7.757501909249e+02
-4.760025014301e+03 5.960918649628e+03 7.675611113015e+02
-4.758819864482e+03 5.962929668381e+03 7.593711071506e+02
-4.757608747744e+03 5.964933399122e+03 7.511801883476e+02
-4.756391666577e+03 5.966929838587e+03 7.429883647694e+02
-4.755168605965e+03 5.968918997470e+03 7.347956462940e+02
-4.753939603432e+03 5.970900844620e+03 7.266020428004e+02
-4.752704643984e+03 5.972875390753e+03 7.184075641686e+02
-4.751463730141e+03 5.974842632643e+03 7.102122202801e+02
-4.750216864430e+03 5.976802567069e+03 7.020160210171e+02
-4.748964049389e+03 5.978755190823e+03 6.938189762631e+02
-4.747705287559e+03 5.980700500704e+03 6.856210959025e+02
-4.746440581491e+03 5.982638493521e+03 6.774223898209e+02
-4.745169916187e+03 5.984569180014e+03 6.692228679048e+02
-4.743893329323e+03 5.986492529164e+03 6.610225400418e+02
-4.742610805920e+03 5.988408551732e+03 6.528214161206e+02
-4.741322348560e+03 5.990317244564e+03 6.446195060306e+02
-4.740027959832e+03 5.992218604517e+03 6.364168196626e+02
-4.738727642333e+03 5.994112628454e+03 6.282133669080e+02
-4.737421398668e+03 5.995999313250e+03 6.200091576593e+02
-4.736109213851e+03 5.997878669682e+03 6.118042018101e+02
-4.734791125692e+03 5.999750666849e+03 6.035985092547e+02
-4.733467119225e+03 6.001615315552e+03 5.953920898885e+02
-4.732137197086e+03 6.003472612701e+03 5.871849536077e+02
-4.730801361918e+03 6.005322555218e+03 5.789771103094e+02
-4.729459616370e+03 6.007165140032e+03 5.707685698917e+02
-4.728111963101e+03 6.009000364082e+03 5.625593422535e+02
-4.726758387142e+03 6.010828238183e+03 5.543494372944e+02
-4.725398926429e+03 6.012648731555e+03 5.461388649152e+02
-4.724033566014e+03 6.014461855036e+03 5.379276350173e+02
-4.722662308584e+03 6.016267605602e+03 5.297157575029e+02
-4.721285156837e+03 6.018065980238e+03 5.215032422752e+02
-4.719902113475e+03 6.019856975941e+03 5.132900992380e+02
-4.718513181165e+03 6.021640589701e+03 5.050763383021e+02
-4.717118362640e+03 6.023416818537e+03 4.968619693710e+02
-4.715717642980e+03 6.025185673316e+03 4.886470023468e+02
-4.714311060266e+03 6.026947123394e+03 4.804314471364e+02
-4.712898599568e+03 6.028701179652e+03 4.722153136476e+02
-4.711480263635e+03 6.030447839143e+03 4.639986117889e+02
-4.710056055224e+03 6.032187098927e+03 4.557813514692e+02
-4.708625977097e+03 6.033918956073e+03 4.475635425986e+02
-4.707190032027e+03 6.035643407661e+03 4.393451950875e+02
-4.705748205080e+03 6.037360464585e+03 4.311263188472e+02
-4.704300534462e+03 6.039070096328e+03 4.229069237895e+02
-4.702847005261e+03 6.040772313807e+03 4.146870198269e+02
-4.701387620277e+03 6.042467114139e+03 4.064666168727e+02
-4.699922382319e+03 6.044154494449e+03 3.982457248406e+02
-4.698451294203e+03 6.045834451874e+03 3.900243536449e+02
-4.696974358752e+03 6.047506983556e+03 3.818025132006e+02
-4.695491578799e+03 6.049172086650e+03 3.735802134234e+02
-4.694002939429e+03 6.050829772091e+03 3.653574642293e+02
-4.692508478987e+03 6.052480009505e+03 3.571342755351e+02
-4.691008182580e+03 6.054122809848e+03 3.489106572580e+02
-4.689502053069e+03 6.055758170314e+03 3.406866193158e+02
-4.687990093323e+03 6.057386088103e+03 3.324621716270e+02
-4.686472306217e+03 6.059006560425e+03 3.242373241102e+02
-4.684948694635e+03 6.060619584501e+03 3.160120866850e+02
-4.683419243682e+03 6.062225171301e+03 3.077864692712e+02
-4.681883991824e+03 6.063823290580e+03 2.995604817891e+02
-4.680342924186e+03 6.065413953329e+03 2.913341341596e+02
-4.678796043681e+03 6.066997156808e+03 2.831074363038e+02
-4.677243353230e+03 6.068572898284e+03 2.748803981436e+02
-4.675684855761e+03 6.070141175034e+03 2.666530296011e+02
-4.674120554210e+03 6.071701984343e+03 2.584253405987e+02
-4.672550451520e+03 6.073255323509e+03 2.501973410594e+02
-4.670974532818e+03 6.074801203539e+03 2.419690409066e+02
-4.669392836704e+03 6.076339594338e+03 2.337404500641e+02
-4.667805348325e+03 6.077870506939e+03 2.255115784559e+02
-4.666212070655e+03 6.079393938674e+03 2.172824360065e+02
-4.664613006672e+03 6.080909886888e+03 2.090530326406e+02
-4.663008159365e+03 6.082418348933e+03 2.008233782834e+02
-4.661397531728e+03 6.083919322171e+03 1.925934828604e+02
-4.659781108910e+03 6.085412817647e+03 1.843633562972e+02
-4.658158929626e+03 6.086898805395e+03 1.761330085199e+02
-4.656530979041e+03 6.088377296482e+03 1.679024494549e+02
-4.654897260182e+03 6.089848288309e+03 1.596716890288e+02
-4.653257776079e+03 6.091311778284e+03 1.514407371683e+02
-4.651612529771e+03 6.092767763827e+03 1.432096038005e+02
-4.649961524305e+03 6.094216242368e+03 1.349782988529e+02
-4.648304744852e+03 6.095657224984e+03 1.267468322529e+02
-4.646642230236e+03 6.097090681843e+03 1.185152139282e+02
-4.644973965648e+03 6.098516624045e+03 1.102834538069e+02
-4.643299954162e+03 6.099935049058e+03 1.020515618170e+02
-4.641620198861e+03 6.101345954359e+03 9.381954788679e+01
-4.639934702838e+03 6.102749337433e+03 8.558742194479e+01
-4.638243469189e+03 6.104145195778e+03 7.735519391956e+01
-4.636546501021e+03 6.105533526900e+03 6.912287373981e+01
-4.634843783529e+03 6.106914341912e+03 6.089047133439e+01
-4.633135355663e+03 6.108287611138e+03 5.265799663226e+01
-4.631421202637e+03 6.109653345714e+03 4.442545956246e+01
-4.629701327586e+03 6.111011543186e+03 3.619287005412e+01
-4.627975733652e+03 6.112362201107e+03 2.796023803643e+01
-4.626244423984e+03 6.113705317041e+03 1.972757343864e+01
-4.624507401738e+03 6.115040888560e+03 1.149488619008e+01
-4.622764652134e+03 6.116368926809e+03 3.262186220072e+00
-4.621016214228e+03 6.117689402251e+03 -4.970516542029e+00
-4.619262073257e+03 6.119002326054e+03 -1.320321216688e+01
-4.617502232408e+03 6.120307695831e+03 -2.143589072511e+01
-4.615736694873e+03 6.121605509202e+03 -2.966854228738e+01
-4.613965463852e+03 6.122895763799e+03 -3.790115692437e+01
-4.612188542552e+03 6.124178457260e+03 -4.613372470681e+01
-4.610405934188e+03 6.125453587235e+03 -5.436623570546e+01
-4.608617624007e+03 6.126721164906e+03 -6.259867999120e+01
-4.606823651184e+03 6.127981160896e+03 -7.083104763496e+01
-4.605024000984e+03 6.129233586408e+03 -7.906332870776e+01
-4.603218676651e+03 6.130478439131e+03 -8.729551328071e+01
-4.601407681436e+03 6.131715716764e+03 -9.552759142505e+01
-4.599591018596e+03 6.132945417015e+03 -1.037595532122e+02
-4.597768691396e+03 6.134167537600e+03 -1.119913887135e+02
-4.595940685109e+03 6.135382089731e+03 -1.202230880008e+02
-4.594107039011e+03 6.136589044172e+03 -1.284546411459e+02
-4.592267738393e+03 6.137788412159e+03 -1.366860382207e+02
-4.590422786548e+03 6.138980191448e+03 -1.449172692976e+02
-4.588572186778e+03 6.140164379805e+03 -1.531483244488e+02
-4.586715942391e+03 6.141340975006e+03 -1.613791937469e+02
-4.584854056702e+03 6.142509974836e+03 -1.696098672650e+02
-4.582986533035e+03 6.143671377091e+03 -1.778403350759e+02
-4.581113356692e+03 6.144825193016e+03 -1.860705872532e+02
-4.579234567061e+03 6.145971393538e+03 -1.943006138703e+02
-4.577350149462e+03 6.147109989928e+03 -2.025304050012e+02
-4.575460107247e+03 6.148240980019e+03 -2.107599507200e+02
-4.573564443774e+03 6.149364361657e+03 -2.189892411012e+02
-4.571663162410e+03 6.150480132694e+03 -2.272182662196e+02
-4.569756266527e+03 6.151588290993e+03 -2.354470161504e+02
-4.567843741452e+03 6.152688847828e+03 -2.436754809689e+02
-4.565925626674e+03 6.153781774274e+03 -2.519036507510e+02
-4.564001907538e+03 6.154867081630e+03 -2.601315155730e+02
-4.562072587445e+03 6.155944767799e+03 -2.683590655112e+02
-4.560137669803e+03 6.157014830691e+03 -2.765862906427e+02
-4.558197158029e+03 6.158077268229e+03 -2.848131810449e+02
-4.556251055544e+03 6.159132078344e+03 -2.930397267954e+02
-4.554299347706e+03 6.160179272339e+03 -3.012659179725e+02
-4.552342074093e+03 6.161218821436e+03 -3.094917446548e+02
-4.550379220081e+03 6.162250736962e+03 -3.177171969214e+02
-4.548410789120e+03 6.163275016889e+03 -3.259422648518e+02
-4.546436784668e+03 6.164291659196e+03 -3.341669385261e+02
-4.544457210189e+03 6.165300661873e+03 -3.423912080247e+02
-4.542472069156e+03 6.166302022919e+03 -3.506150634287e+02
-4.540481365049e+03 6.167295740346e+03 -3.588384948196e+02
-4.538485083257e+03 6.168281825486e+03 -3.670614922794e+02
-4.536483263463e+03 6.169260249734e+03 -3.752840458909e+02
-4.534475891074e+03 6.170231024449e+03 -3.835061457371e+02
-4.532462969598e+03 6.171194147679e+03 -3.917277819016e+02
-4.530444502548e+03 6.172149617482e+03 -3.999489444688e+02
-4.528420493446e+03 6.173097431928e+03 -4.081696235236e+02
-4.526390945820e+03 6.174037589093e+03 -4.163898091515e+02
-4.524355845089e+03 6.174970100341e+03 -4.246094914385e+02
-4.522315231026e+03 6.175894937214e+03 -4.328286604713e+02
-4.520269089067e+03 6.176812111100e+03 -4.410473063373e+02
-4.518217422767e+03 6.177721620116e+03 -4.492654191245e+02
-4.516160235690e+03 6.178623462390e+03 -4.574829889217e+02
-4.514097531407e+03 6.179517636058e+03 -4.657000058181e+02
-4.512029313496e+03 6.180404139269e+03 -4.739164599039e+02
-4.509955585539e+03 6.181282970176e+03 -4.821323412697e+02
-4.507876332990e+03 6.182154140174e+03 -4.903476400070e+02
-4.505791595722e+03 6.183017620980e+03 -4.985623462080e+02
-4.503701359202e+03 6.183873424013e+03 -5.067764499655e+02
-4.501605627045e+03 6.184721547469e+03 -5.149899413734e+02
-4.499504402868e+03 6.185561989552e+03 -5.232028105260e+02
-4.497397690298e+03 6.186394748479e+03 -5.314150475185e+02
-4.495285492966e+03 6.187219822475e+03 -5.396266424469e+02
-4.493167796360e+03 6.188037222958e+03 -5.478375854080e+02
-4.491044640431e+03 6.188846921802e+03 -5.560478664995e+02
-4.488916010682e+03 6.189648930449e+03 -5.642574758198e+02
-4.486781910773e+03 6.190443247166e+03 -5.724664034681e+02
-4.484642344370e+03 6.191229870226e+03 -5.806746395447e+02
-4.482497315149e+03 6.192008797915e+03 -5.888821741504e+02
-4.480346826790e+03 6.192780028525e+03 -5.970889973870e+02
-4.478190864811e+03 6.193543573500e+03 -6.052950993575e+02
-4.476029469246e+03 6.194299404871e+03 -6.135004701655e+02
-4.473862625627e+03 6.195047534108e+03 -6.217050999155e+02
-4.471690337665e+03 6.195787959542e+03 -6.299089787130e+02
-4.469512609073e+03 6.196520679518e+03 -6.381120966644e+02
-4.467329443573e+03 6.197245692389e+03 -6.463144438770e+02
-4.465140844896e+03 6.197962996518e+03 -6.545160104592e+02
-4.462946816777e+03 6.198672590279e+03 -6.627167865203e+02
-4.460747344770e+03 6.199374485143e+03 -6.709167621707e+02
-4.458542468999e+03 6.200068653320e+03 -6.791159275215e+02
-4.456332175035e+03 6.200755106307e+03 -6.873142726850e+02
-4.454116466639e+03 6.201433842518e+03 -6.955117877745e+02
-4.451895347583e+03 6.202104860374e+03 -7.037084629044e+02
-4.449668821643e+03 6.202768158308e+03 -7.119042881901e+02
-4.447436892602e+03 6.203423734763e+03 -7.200992537480e+02
-4.445199546049e+03 6.204071601232e+03 -7.282933496956e+02
-4.442956822183e+03 6.204711730088e+03 -7.364865661516e+02
-4.440708706607e+03 6.205344132852e+03 -7.446788932356e+02
-4.438455203133e+03 6.205968808005e+03 -7.528703210684e+02
-4.436196315577e+03 6.206585754039e+03 -7.610608397720e+02
-4.433932047764e+03 6.207194969457e+03 -7.692504394694e+02
-4.431662403525e+03 6.207796452770e+03 -7.774391102848e+02
-4.429387386697e+03 6.208390202500e+03 -7.856268423437e+02
-4.427106982908e+03 6.208976230167e+03 -7.938136257724e+02
-4.424821232441e+03 6.209554508330e+03 -8.019994506989e+02
-4.422530120938e+03 6.210125048536e+03 -8.101843072519e+02
-4.420233652264e+03 6.210687849346e+03 -8.183681855617e+02
-4.417931830292e+03 6.211242909332e+03 -8.265510757596e+02
-4.415624658897e+03 6.211790227076e+03 -8.347329679783e+02
-4.413312141967e+03 6.212329801169e+03 -8.429138523514e+02
-4.410994265163e+03 6.212861643152e+03 -8.510937190141e+02
-4.408671068837e+03 6.213385725750e+03 -8.592725581027e+02
-4.406342538669e+03 6.213902060530e+03 -8.674503597549e+02
-4.404008678571e+03 6.214410646125e+03 -8.756271141096e+02
-4.401669492459e+03 6.214911481176e+03 -8.838028113070e+02
-4.399324984259e+03 6.215404564333e+03 -8.919774414888e+02
-4.396975157903e+03 6.215889894260e+03 -9.001509947979e+02
-4.394620017328e+03 6.216367469625e+03 -9.083234613784e+02
-4.392259548240e+03 6.216837301998e+03 -9.164948313760e+02
-4.389893791068e+03 6.217299364290e+03 -9.246650949376e+02
-4.387522731532e+03 6.217753668095e+03 -9.328342422117e+02
-4.385146373596e+03 6.218200212124e+03 -9.410022633479e+02
-4.382764721233e+03 6.218638995098e+03 -9.491691484973e+02
-4.380377778419e+03 6.219070015750e+03 -9.573348878127e+02
-4.377985549139e+03 6.219493272818e+03 -9.654994714478e+02
-4.375588019136e+03 6.219908777893e+03 -9.736628895582e+02
-4.373185228904e+03 6.220316504053e+03 -9.818251323008e+02
-4.370777164199e+03 6.220716462914e+03 -9.899861898339e+02
-4.368363829032e+03 6.221108653256e+03 -9.981460523174e+02
-4.365945227421e+03 6.221493073872e+03 -1.006304709913e+03
-4.363521363390e+03 6.221869723561e+03 -1.014462152782e+03
-4.361092240970e+03 6.222238601135e+03 -1.022618371091e+03
-4.358657845941e+03 6.222599718202e+03 -1.030773355004e+03
-4.356218218858e+03 6.222953048012e+03 -1.038927094689e+03
-4.353773345517e+03 6.223298602199e+03 -1.047079580316e+03
-4.351323229975e+03 6.223636379615e+03 -1.055230802054e+03
-4.348867876294e+03 6.223966379121e+03 -1.063380750075e+03
-4.346407288545e+03 6.224288599588e+03 -1.071529414554e+03
-4.343941470804e+03 6.224603039897e+03 -1.079676785666e+03
-4.341470427154e+03 6.224909698940e+03 -1.087822853587e+03
-4.338994143421e+03 6.225208588346e+03 -1.095967608497e+03
-4.336512660226e+03 6.225499681560e+03 -1.104111040575e+03
-4.334025963410e+03 6.225782990241e+03 -1.112253140002e+03
-4.331534057082e+03 6.226058513319e+03 -1.120393896964e+03
-4.329036945357e+03 6.226326249736e+03 -1.128533301644e+03
-4.326534632356e+03 6.226586198443e+03 -1.136671344230e+03
-4.324027122209e+03 6.226838358402e+03 -1.144808014909e+03
-4.321514400780e+03 6.227082741261e+03 -1.152943303873e+03
-4.318996508749e+03 6.227319320638e+03 -1.161077201314e+03
-4.316473431994e+03 6.227548108210e+03 -1.169209697424e+03
-4.313945174670e+03 6.227769102978e+03 -1.177340782399e+03
-4.311411740937e+03 6.227982303954e+03 -1.185470446438e+03
-4.308873134963e+03 6.228187710159e+03 -1.193598679738e+03
-4.306329360921e+03 6.228385320625e+03 -1.201725472500e+03
-4.303780422990e+03 6.228575134393e+03 -1.209850814927e+03
-4.301226307083e+03 6.228757163135e+03 -1.217974697223e+03
-4.298667053940e+03 6.228931380665e+03 -1.226097109595e+03
-4.296102649486e+03 6.229097798682e+03 -1.234218042250e+03
-4.293533097928e+03 6.229256416268e+03 -1.242337485399e+03
-4.290958403476e+03 6.229407232515e+03 -1.250455429252e+03
-4.288378570349e+03 6.229550246525e+03 -1.258571864025e+03
-4.285793602771e+03 6.229685457409e+03 -1.266686779931e+03
-4.283203486697e+03 6.229812876856e+03 -1.274800167189e+03
-4.280608262917e+03 6.229932478857e+03 -1.282912016017e+03
-4.278007917399e+03 6.230044275129e+03 -1.291022316637e+03
-4.275402454392e+03 6.230148264824e+03 -1.299131059273e+03
-4.272791878153e+03 6.230244447104e+03 -1.307238234148e+03
-4.270176192943e+03 6.230332821141e+03 -1.315343831491e+03
-4.267555403033e+03 6.230413386117e+03 -1.323447841530e+03
-4.264929494417e+03 6.230486153738e+03 -1.331550254495e+03
-4.262298507936e+03 6.230551098173e+03 -1.339651060621e+03
-4.259662429598e+03 6.230608231154e+03 -1.347750250143e+03
-4.257021263698e+03 6.230657551905e+03 -1.355847813296e+03
-4.254375014536e+03 6.230699059658e+03 -1.363943740320e+03
-4.251723686418e+03 6.230732753656e+03 -1.372038021456e+03
-4.249067283659e+03 6.230758633152e+03 -1.380130646947e+03
-4.246405810577e+03 6.230776697408e+03 -1.388221607038e+03
-4.243739253217e+03 6.230786958148e+03 -1.396310891976e+03
-4.241067652472e+03 6.230789389746e+03 -1.404398492011e+03
-4.238390994399e+03 6.230784003954e+03 -1.412484397394e+03
-4.235709283343e+03 6.230770800076e+03 -1.420568598378e+03
-4.233022523655e+03 6.230749777423e+03 -1.428651085219e+03
-4.230330719690e+03 6.230720935321e+03 -1.436731848175e+03
-4.227633875813e+03 6.230684273102e+03 -1.444810877505e+03
-4.224931978113e+03 6.230639802506e+03 -1.452888163472e+03
-4.222225067525e+03 6.230587498087e+03 -1.460963696340e+03
-4.219513130150e+03 6.230527371613e+03 -1.469037466375e+03
-4.216796170377e+03 6.230459422458e+03 -1.477109463846e+03
-4.214074192599e+03 6.230383650006e+03 -1.485179679023e+03
-4.211347201217e+03 6.230300053651e+03 -1.493248102180e+03
-4.208615200638e+03 6.230208632798e+03 -1.501314723592e+03
-4.205878195273e+03 6.230109386861e+03 -1.509379533536e+03
-4.203136171265e+03 6.230002327596e+03 -1.517442522293e+03
-4.200389169593e+03 6.229887429766e+03 -1.525503680143e+03
-4.197637176411e+03 6.229764705157e+03 -1.533562997372e+03
-4.194880196157e+03 6.229634153223e+03 -1.541620464265e+03
-4.192118233273e+03 6.229495773428e+03 -1.549676071113e+03
-4.189351292208e+03 6.229349565250e+03 -1.557729808206e+03
-4.186579377420e+03 6.229195528171e+03 -1.565781665837e+03
-4.183802475094e+03 6.229033673964e+03 -1.573831634303e+03
-4.181020626249e+03 6.228863977575e+03 -1.581879703902e+03
-4.178233817083e+03 6.228686450804e+03 -1.589925864934e+03
-4.175442052076e+03 6.228501093175e+03 -1.597970107702e+03
-4.172645335715e+03 6.228307904225e+03 -1.606012422512e+03
-4.169843672492e+03 6.228106883501e+03 -1.614052799671e+03
-4.167037066905e+03 6.227898030557e+03 -1.622091229490e+03
-4.164225523458e+03 6.227681344961e+03 -1.630127702280e+03
-4.161409028392e+03 6.227456838497e+03 -1.638162208358e+03
-4.158587622764e+03 6.227224486326e+03 -1.646194738041e+03
-4.155761292825e+03 6.226984300262e+03 -1.654225281648e+03
-4.152930043105e+03 6.226736279911e+03 -1.662253829501e+03
-4.150093878138e+03 6.226480424891e+03 -1.670280371927e+03
-4.147252802465e+03 6.226216734829e+03 -1.678304899251e+03
-4.144406820632e+03 6.225945209361e+03 -1.686327401805e+03
-4.141555918926e+03 6.225665860286e+03 -1.694347869920e+03
-4.138700138437e+03 6.225378662951e+03 -1.702366293931e+03
-4.135839465465e+03 6.225083629183e+03 -1.710382664175e+03
-4.132973904580e+03 6.224780758660e+03 -1.718396970993e+03
-4.130103460357e+03 6.224470051069e+03 -1.726409204728e+03
-4.127228137381e+03 6.224151506109e+03 -1.734419355723e+03
-4.124347940239e+03 6.223825123487e+03 -1.742427414328e+03
-4.121462855267e+03 6.223490915014e+03 -1.750433370892e+03
-4.118572923584e+03 6.223148856226e+03 -1.758437215769e+03
-4.115678131537e+03 6.222798958961e+03 -1.766438939313e+03
-4.112778483738e+03 6.222441222970e+03 -1.774438531883e+03
-4.109873984805e+03 6.222075648009e+03 -1.782435983841e+03
-4.106964639363e+03 6.221702233849e+03 -1.790431285548e+03
-4.104050452041e+03 6.221320980267e+03 -1.798424427372e+03
-4.101131427475e+03 6.220931887055e+03 -1.806415399682e+03
-4.098207552058e+03 6.220534966033e+03 -1.814404192848e+03
-4.095278866939e+03 6.220130192957e+03 -1.822390797246e+03
-4.092345358519e+03 6.219717579678e+03 -1.830375203252e+03
-4.089407031459e+03 6.219297126026e+03 -1.838357401245e+03
-4.086463890423e+03 6.218868831840e+03 -1.846337381609e+03
-4.083515940084e+03 6.218432696971e+03 -1.854315134728e+03
-4.080563185117e+03 6.217988721279e+03 -1.862290650990e+03
-4.077605611965e+03 6.217536916597e+03 -1.870263920786e+03
-4.074643261801e+03 6.217077258871e+03 -1.878234934510e+03
-4.071676121076e+03 6.216609759963e+03 -1.886203682557e+03
-4.068704194490e+03 6.216134419774e+03 -1.894170155327e+03
-4.065727486751e+03 6.215651238215e+03 -1.902134343222e+03
-4.062746002570e+03 6.215160215207e+03 -1.910096236646e+03
-4.059759746665e+03 6.214661350681e+03 -1.918055826008e+03
-4.056768723760e+03 6.214154644579e+03 -1.926013101717e+03
-4.053772920353e+03 6.213640108744e+03 -1.933968054186e+03
-4.050772377643e+03 6.213117719345e+03 -1.941920673833e+03
-4.047767082137e+03 6.212587488253e+03 -1.949870951075e+03
-4.044757038584e+03 6.212049415452e+03 -1.957818876336e+03
-4.041742251736e+03 6.211503500934e+03 -1.965764440039e+03
-4.038722726350e+03 6.210949744700e+03 -1.973707632613e+03
-4.035698467191e+03 6.210388146763e+03 -1.981648444489e+03
-4.032669460811e+03 6.209818718977e+03 -1.989586866099e+03
-4.029635748422e+03 6.209241437704e+03 -1.997522887882e+03
-4.026597316588e+03 6.208656314825e+03 -2.005456500276e+03
-4.023554170093e+03 6.208063350395e+03 -2.013387693724e+03
-4.020506313732e+03 6.207462544477e+03 -2.021316458672e+03
-4.017453752302e+03 6.206853897143e+03 -2.029242785568e+03
-4.014396490608e+03 6.206237408478e+03 -2.037166664864e+03
-4.011334515253e+03 6.205613090343e+03 -2.045088087015e+03
-4.008267867466e+03 6.204980919298e+03 -2.053007042478e+03
-4.005196533862e+03 6.204340907232e+03 -2.060923521715e+03
-4.002120519266e+03 6.203693054271e+03 -2.068837515188e+03
-3.999039828512e+03 6.203037360548e+03 -2.076749013366e+03
-3.995954466437e+03 6.202373826209e+03 -2.084658006718e+03
-3.992864437885e+03 6.201702451408e+03 -2.092564485716e+03
-3.989769747706e+03 6.201023236311e+03 -2.100468440839e+03
-3.986670382564e+03 6.200336192788e+03 -2.108369862564e+03
-3.983566383703e+03 6.199641297623e+03 -2.116268741375e+03
-3.980457737797e+03 6.198938562717e+03 -2.124165067757e+03
-3.977344449718e+03 6.198227988276e+03 -2.132058832199e+03
-3.974226524343e+03 6.197509574516e+03 -2.139950025193e+03
-3.971103966556e+03 6.196783321663e+03 -2.147838637234e+03
-3.967976781246e+03 6.196049229952e+03 -2.155724658820e+03
-3.964844955130e+03 6.195307311264e+03 -2.163608080454e+03
-3.961708529463e+03 6.194557542580e+03 -2.171488892640e+03
-3.958567490973e+03 6.193799935809e+03 -2.179367085887e+03
-3.955421844570e+03 6.193034491227e+03 -2.187242650704e+03
-3.952271595172e+03 6.192261209123e+03 -2.195115577609e+03
-3.949116747700e+03 6.191480089794e+03 -2.202985857117e+03
-3.945957307082e+03 6.190691133547e+03 -2.210853479750e+03
-3.942793278252e+03 6.189894340699e+03 -2.218718436033e+03
-3.939624647990e+03 6.189089723138e+03 -2.226580716493e+03
-3.936451457560e+03 6.188277258075e+03 -2.234440311662e+03
-3.933273693750e+03 6.187456957427e+03 -2.242297212074e+03
-3.930091361517e+03 6.186628821551e+03 -2.250151408266e+03
-3.926904465820e+03 6.185792850817e+03 -2.258002890780e+03
-3.923713011627e+03 6.184949045603e+03 -2.265851650160e+03
-3.920517003909e+03 6.184097406298e+03 -2.273697676953e+03
-3.917316429502e+03 6.183237944794e+03 -2.281540961712e+03
-3.914111329673e+03 6.182370638506e+03 -2.289381494990e+03
-3.910901691268e+03 6.181495499354e+03 -2.297219267346e+03
-3.907687519280e+03 6.180612527771e+03 -2.305054269342e+03
-3.904468818709e+03 6.179721724195e+03 -2.312886491541e+03
-3.901245594559e+03 6.178823089077e+03 -2.320715924512e+03
-3.898017851841e+03 6.177916622878e+03 -2.328542558828e+03
-3.894785595570e+03 6.177002326067e+03 -2.336366385063e+03
-3.891548812646e+03 6.176080210544e+03 -2.344187393797e+03
-3.888307544340e+03 6.175150253955e+03 -2.352005575610e+03
-3.885061777560e+03 6.174212468229e+03 -2.359820921090e+03
-3.881811517343e+03 6.173266853876e+03 -2.367633420825e+03
-3.878556768732e+03 6.172313411418e+03 -2.375443065408e+03
-3.875297536774e+03 6.171352141388e+03 -2.383249845435e+03
-3.872033826524e+03 6.170383044326e+03 -2.391053751507e+03
-3.868765624939e+03 6.169406132136e+03 -2.398854774226e+03
-3.865492973287e+03 6.168421382670e+03 -2.406652904199e+03
-3.862215858533e+03 6.167428807859e+03 -2.414448132037e+03
-3.858934285753e+03 6.166428408287e+03 -2.422240448355e+03
-3.855648260027e+03 6.165420184546e+03 -2.430029843769e+03
-3.852357786440e+03 6.164404137240e+03 -2.437816308901e+03
-3.849062870082e+03 6.163380266981e+03 -2.445599834376e+03
-3.845763497971e+03 6.162348585677e+03 -2.453380410823e+03
-3.842459711368e+03 6.161309071384e+03 -2.461158028873e+03
-3.839151497299e+03 6.160261736040e+03 -2.468932679163e+03
-3.835838860875e+03 6.159206580298e+03 -2.476704352333e+03
-3.832521807212e+03 6.158143604822e+03 -2.484473039025e+03
-3.829200341435e+03 6.157072810287e+03 -2.492238729886e+03
-3.825874468669e+03 6.155994197377e+03 -2.500001415567e+03
-3.822544194048e+03 6.154907766787e+03 -2.507761086723e+03
-3.819209504655e+03 6.153813530427e+03 -2.515517734011e+03
-3.815870441747e+03 6.152711466591e+03 -2.523271348093e+03
-3.812526992413e+03 6.151601587220e+03 -2.531021919636e+03
-3.809179161808e+03 6.150483893049e+03 -2.538769439307e+03
-3.805826955091e+03 6.149358384824e+03 -2.546513897780e+03
-3.802470377425e+03 6.148225063301e+03 -2.554255285733e+03
-3.799109433981e+03 6.147083929244e+03 -2.561993593845e+03
-3.795744111901e+03 6.145934994567e+03 -2.569728812801e+03
-3.792374452431e+03 6.144778237774e+03 -2.577460933290e+03
-3.789000442722e+03 6.143613670806e+03 -2.585189946003e+03
-3.785622087963e+03 6.142441294471e+03 -2.592915841637e+03
-3.782239393349e+03 6.141261109586e+03 -2.600638610891e+03
-3.778852364082e+03 6.140073116976e+03 -2.608358244469e+03
-3.775461005366e+03 6.138877317480e+03 -2.616074733079e+03
-3.772065322413e+03 6.137673711945e+03 -2.623788067432e+03
-3.768665302434e+03 6.136462312285e+03 -2.631498238243e+03
-3.765260986662e+03 6.135243097244e+03 -2.639205236231e+03
-3.761852362315e+03 6.134016078768e+03 -2.646909052121e+03
-3.758439434624e+03 6.132781257742e+03 -2.654609676638e+03
-3.755022208827e+03 6.131538635067e+03 -2.662307100514e+03
-3.751600690163e+03 6.130288211651e+03 -2.670001314484e+03
-3.748174883879e+03 6.129029988411e+03 -2.677692309287e+03
-3.744744777250e+03 6.127763977264e+03 -2.685380075665e+03
-3.741310411491e+03 6.126490157165e+03 -2.693064604366e+03
-3.737871773882e+03 6.125208540059e+03 -2.700745886141e+03
-3.734428869691e+03 6.123919126906e+03 -2.708423911744e+03
-3.730981704187e+03 6.122621918676e+03 -2.716098671935e+03
-3.727530282650e+03 6.121316916347e+03 -2.723770157475e+03
-3.724074610359e+03 6.120004120910e+03 -2.731438359133e+03
-3.720614674651e+03 6.118683544280e+03 -2.739103267680e+03
-3.717150516725e+03 6.117355165625e+03 -2.746764873890e+03
-3.713682123921e+03 6.116018996893e+03 -2.754423168543e+03
-3.710209501541e+03 6.114675039112e+03 -2.762078142422e+03
-3.706732654892e+03 6.113323293324e+03 -2.769729786314e+03
-3.703251589287e+03 6.111963760580e+03 -2.777378091012e+03
-3.699766310042e+03 6.110596441940e+03 -2.785023047309e+03
-3.696276822477e+03 6.109221338475e+03 -2.792664646008e+03
-3.692783114002e+03 6.107838462101e+03 -2.800302877910e+03
-3.689285225790e+03 6.106447792231e+03 -2.807937733825e+03
-3.685783145254e+03 6.105049340810e+03 -2.815569204564e+03
-3.682276877736e+03 6.103643108950e+03 -2.823197280944e+03
-3.678766428583e+03 6.102229097774e+03 -2.830821953786e+03
-3.675251803144e+03 6.100807308413e+03 -2.838443213914e+03
-3.671733006778e+03 6.099377742008e+03 -2.846061052157e+03
-3.668210026954e+03 6.097940410476e+03 -2.853675459349e+03
-3.664682904824e+03 6.096495293443e+03 -2.861286426327e+03
-3.661151627863e+03 6.095042402855e+03 -2.868893943932e+03
-3.657616201449e+03 6.093581739894e+03 -2.876498003012e+03
-3.654076630960e+03 6.092113305755e+03 -2.884098594414e+03
-3.650532921783e+03 6.090637101638e+03 -2.891695708996e+03
-3.646985079308e+03 6.089153128759e+03 -2.899289337614e+03
-3.643433108931e+03 6.087661388340e+03 -2.906879471133e+03
-3.639876998195e+03 6.086161892294e+03 -2.914466100419e+03
-3.636316788222e+03 6.084654620496e+03 -2.922049216345e+03
-3.632752466560e+03 6.083139584889e+03 -2.929628809786e+03
-3.629184038625e+03 6.081616786738e+03 -2.937204871623e+03
-3.625611509836e+03 6.080086227317e+03 -2.944777392740e+03
-3.622034885617e+03 6.078547907910e+03 -2.952346364027e+03
-3.618454171396e+03 6.077001829811e+03 -2.959911776378e+03
-3.614869354783e+03 6.075448004931e+03 -2.967473620689e+03
-3.611280476870e+03 6.073886413363e+03 -2.975031887864e+03
-3.607687525271e+03 6.072317067047e+03 -2.982586568809e+03
-3.604090505434e+03 6.070739967320e+03 -2.990137654435e+03
-3.600489422812e+03 6.069155115525e+03 -2.997685135658e+03
-3.596884282862e+03 6.067562513019e+03 -3.005229003398e+03
-3.593275091046e+03 6.065962161166e+03 -3.012769248579e+03
-3.589661852832e+03 6.064354061343e+03 -3.020305862130e+03
-3.586044555903e+03 6.062738225456e+03 -3.027838834985e+03
-3.582423241315e+03 6.061114633848e+03 -3.035368158082e+03
-3.578797896757e+03 6.059483298457e+03 -3.042893822362e+03
-3.575168527715e+03 6.057844220700e+03 -3.050415818773e+03
-3.571535139680e+03 6.056197402002e+03 -3.057934138267e+03
-3.567897738145e+03 6.054542843800e+03 -3.065448771798e+03
-3.564256328612e+03 6.052880547541e+03 -3.072959710329e+03
-3.560610898831e+03 6.051210525127e+03 -3.080466944823e+03
-3.556961489823e+03 6.049532757121e+03 -3.087970466251e+03
-3.553308089343e+03 6.047847255459e+03 -3.095470265586e+03
-3.549650702910e+03 6.046154021627e+03 -3.102966333808e+03
-3.545989336046e+03 6.044453057122e+03 -3.110458661899e+03
-3.542323994279e+03 6.042744363451e+03 -3.117947240849e+03
-3.538654683142e+03 6.041027942133e+03 -3.125432061649e+03
-3.534981390452e+03 6.039303805065e+03 -3.132913115297e+03
-3.531304157193e+03 6.037571933032e+03 -3.140390392794e+03
-3.527622971187e+03 6.035832337964e+03 -3.147863885148e+03
-3.523937837985e+03 6.034085021419e+03 -3.155333583369e+03
-3.520248763143e+03 6.032329984965e+03 -3.162799478474e+03
-3.516555752218e+03 6.030567230179e+03 -3.170261561483e+03
-3.512858810777e+03 6.028796758651e+03 -3.177719823420e+03
-3.509157944386e+03 6.027018571978e+03 -3.185174255317e+03
-3.505453140943e+03 6.025232682053e+03 -3.192624848208e+03
-3.501744441385e+03 6.023439069914e+03 -3.200071593131e+03
-3.498031833610e+03 6.021637747485e+03 -3.207514481131e+03
-3.494315323206e+03 6.019828716405e+03 -3.214953503256e+03
-3.490594915764e+03 6.018011978321e+03 -3.222388650561e+03
-3.486870616879e+03 6.016187534893e+03 -3.229819914103e+03
-3.483142432151e+03 6.014355387789e+03 -3.237247284945e+03
-3.479410349545e+03 6.012515548896e+03 -3.244670754155e+03
-3.475674409956e+03 6.010667999476e+03 -3.252090312806e+03
-3.471934601351e+03 6.008812751447e+03 -3.259505951975e+03
-3.468190929348e+03 6.006949806518e+03 -3.266917662745e+03
-3.464443399569e+03 6.005079166407e+03 -3.274325436202e+03
-3.460692017642e+03 6.003200832845e+03 -3.281729263439e+03
-3.456936789198e+03 6.001314807571e+03 -3.289129135552e+03
-3.453177719872e+03 5.999421092334e+03 -3.296525043643e+03
-3.449414797708e+03 5.997519699013e+03 -3.303916978818e+03
-3.445648063548e+03 5.995610609127e+03 -3.311304932190e+03
-3.441877505440e+03 5.993693834587e+03 -3.318688894873e+03
-3.438103129037e+03 5.991769377183e+03 -3.326068857991e+03
-3.434324939996e+03 5.989837238715e+03 -3.333444812669e+03
-3.430542943979e+03 5.987897420992e+03 -3.340816750037e+03
-3.426757146654e+03 5.985949925835e+03 -3.348184661233e+03
-3.422967536133e+03 5.983994765116e+03 -3.355548537397e+03
-3.419174153212e+03 5.982031920580e+03 -3.362908369676e+03
-3.415376986006e+03 5.980061404130e+03 -3.370264149220e+03
-3.411576040201e+03 5.978083217627e+03 -3.377615867185e+03
-3.407771321483e+03 5.976097362942e+03 -3.384963514733e+03
-3.403962835546e+03 5.974103841955e+03 -3.392307083030e+03
-3.400150588087e+03 5.972102656556e+03 -3.399646563247e+03
-3.396334567290e+03 5.970093818612e+03 -3.406981946559e+03
-3.392514813898e+03 5.968077310093e+03 -3.414313224149e+03
-3.388691316099e+03 5.966053142896e+03 -3.421640387202e+03
-3.384864079608e+03 5.964021318951e+03 -3.428963426911e+03
-3.381033110142e+03 5.961981840200e+03 -3.436282334470e+03
-3.377198413424e+03 5.959934708595e+03 -3.443597101083e+03
-3.373359995181e+03 5.957879926096e+03 -3.450907717956e+03
-3.369517861143e+03 5.955817494675e+03 -3.458214176300e+03
-3.365671999580e+03 5.953747426188e+03 -3.465516467332e+03
-3.361822451170e+03 5.951669702866e+03 -3.472814582276e+03
-3.357969204184e+03 5.949584336597e+03 -3.480108512357e+03
-3.354112264371e+03 5.947491329393e+03 -3.487398248808e+03
-3.350251637481e+03 5.945390683276e+03 -3.494683782868e+03
-3.346387329273e+03 5.943282400277e+03 -3.501965105779e+03
-3.342519345505e+03 5.941166482438e+03 -3.509242208788e+03
-3.338647674519e+03 5.939042941607e+03 -3.516515083149e+03
-3.334772356939e+03 5.936911760244e+03 -3.523783720122e+03
-3.330893381106e+03 5.934772950227e+03 -3.531048110968e+03
-3.327010752798e+03 5.932626513640e+03 -3.538308246958e+03
-3.323124477797e+03 5.930472452574e+03 -3.545564119365e+03
-3.319234561888e+03 5.928310769133e+03 -3.552815719469e+03
-3.315341010861e+03 5.926141465427e+03 -3.560063038555e+03
-3.311443830510e+03 5.923964543581e+03 -3.567306067913e+03
-3.307543009258e+03 5.921780015430e+03 -3.574544798837e+03
-3.303638587662e+03 5.919587863699e+03 -3.581779222630e+03
-3.299730554148e+03 5.917388100254e+03 -3.589009330596e+03
-3.295818914525e+03 5.915180727258e+03 -3.596235114047e+03
-3.291903674608e+03 5.912965746885e+03 -3.603456564300e+03
-3.287984840216e+03 5.910743161317e+03 -3.610673672676e+03
-3.284062417171e+03 5.908512972747e+03 -3.617886430503e+03
-3.280136393970e+03 5.906275193000e+03 -3.625094829114e+03
-3.276206811108e+03 5.904029805032e+03 -3.632298859846e+03
-3.272273657084e+03 5.901776820700e+03 -3.639498514043e+03
-3.268336937736e+03 5.899516242238e+03 -3.646693783055e+03
-3.264396658908e+03 5.897248071887e+03 -3.653884658234e+03
-3.260452826445e+03 5.894972311901e+03 -3.661071130942e+03
-3.256505446199e+03 5.892688964543e+03 -3.668253192542e+03
-3.252554524023e+03 5.890398032086e+03 -3.675430834406e+03
-3.248600048502e+03 5.888099526343e+03 -3.682604047910e+03
-3.244642060055e+03 5.885793430534e+03 -3.689772824436e+03
-3.240680547265e+03 5.883479756505e+03 -3.696937155369e+03
-3.236715516004e+03 5.881158506569e+03 -3.704097032103e+03
-3.232746972146e+03 5.878829683048e+03 -3.711252446036e+03
-3.228774921569e+03 5.876493288275e+03 -3.718403388571e+03
-3.224799370155e+03 5.874149324593e+03 -3.725549851118e+03
-3.220820306564e+03 5.871797803805e+03 -3.732691825090e+03
-3.216837771147e+03 5.869438709363e+03 -3.739829301907e+03
-3.212851752562e+03 5.867072053101e+03 -3.746962272996e+03
-3.208862256709e+03 5.864697837402e+03 -3.754090729788e+03
-3.204869289489e+03 5.862316064658e+03 -3.761214663718e+03
-3.200872856807e+03 5.859926737273e+03 -3.768334066230e+03
-3.196872964572e+03 5.857529857658e+03 -3.775448928771e+03
-3.192869601521e+03 5.855125437605e+03 -3.782559242795e+03
-3.188862807933e+03 5.852713460799e+03 -3.789664999761e+03
-3.184852572544e+03 5.850293939063e+03 -3.796766191133e+03
-3.180838901278e+03 5.847866874848e+03 -3.803862808382e+03
-3.176821800065e+03 5.845432270617e+03 -3.810954842984e+03
-3.172801274837e+03 5.842990128843e+03 -3.818042286419e+03
-3.168777331530e+03 5.840540452009e+03 -3.825125130177e+03
-3.164749976084e+03 5.838083242606e+03 -3.832203365749e+03
-3.160719197322e+03 5.835618512410e+03 -3.839276984634e+03
-3.156685035440e+03 5.833146245377e+03 -3.846345978337e+03
-3.152647479262e+03 5.830666453311e+03 -3.853410338366e+03
-3.148606534742e+03 5.828179138747e+03 -3.860470056239e+03
-3.144562207840e+03 5.825684304226e+03 -3.867525123477e+03
-3.140514504518e+03 5.823181952300e+03 -3.874575531606e+03
-3.136463430742e+03 5.820672085531e+03 -3.881621272159e+03
-3.132408975413e+03 5.818154715682e+03 -3.888662336676e+03
-3.128351178651e+03 5.815629826942e+03 -3.895698716701e+03
-3.124290029356e+03 5.813097431105e+03 -3.902730403783e+03
-3.120225533510e+03 5.810557530772e+03 -3.909757389479e+03
-3.116157697098e+03 5.808010128556e+03 -3.916779665350e+03
-3.112086526107e+03 5.805455227077e+03 -3.923797222965e+03
-3.108012026530e+03 5.802892828968e+03 -3.930810053896e+03
-3.103934204364e+03 5.800322936870e+03 -3.937818149723e+03
-3.099853048597e+03 5.797745562529e+03 -3.944821502031e+03
-3.095768599259e+03 5.795160690404e+03 -3.951820102410e+03
-3.091680845341e+03 5.792568332275e+03 -3.958813942458e+03
-3.087589792853e+03 5.789968490820e+03 -3.965803013777e+03
-3.083495447808e+03 5.787361168733e+03 -3.972787307975e+03
-3.079397816225e+03 5.784746368713e+03 -3.979766816668e+03
-3.075296904124e+03 5.782124093471e+03 -3.986741531474e+03
-3.071192700573e+03 5.779494354738e+03 -3.993711444022e+03
-3.067085245523e+03 5.776857137212e+03 -4.000676545941e+03
-3.062974528040e+03 5.774212452656e+03 -4.007636828872e+03
-3.058860554160e+03 5.771560303819e+03 -4.014592284457e+03
-3.054743329922e+03 5.768900693463e+03 -4.021542904347e+03
-3.050622861368e+03 5.766233624357e+03 -4.028488680197e+03
-3.046499154546e+03 5.763559099281e+03 -4.035429603669e+03
-3.042372198602e+03 5.760877129951e+03 -4.042365666432e+03
-3.038242033401e+03 5.758187701302e+03 -4.049296860159e+03
-3.034108648091e+03 5.755490825082e+03 -4.056223176529e+03
-3.029972048732e+03 5.752786504111e+03 -4.063144607230e+03
-3.025832241386e+03 5.750074741217e+03 -4.070061143952e+03
-3.021689232122e+03 5.747355539239e+03 -4.076972778394e+03
-3.017543027010e+03 5.744628901027e+03 -4.083879502259e+03
-3.013393632124e+03 5.741894829439e+03 -4.090781307258e+03
-3.009241036704e+03 5.739153336172e+03 -4.097678185106e+03
-3.005085280515e+03 5.736404406435e+03 -4.104570127526e+03
-3.000926352794e+03 5.733648051958e+03 -4.111457126246e+03
-2.996764259631e+03 5.730884275638e+03 -4.118339173000e+03
-2.992599007116e+03 5.728113080383e+03 -4.125216259528e+03
-2.988430601343e+03 5.725334469111e+03 -4.132088377578e+03
-2.984259048412e+03 5.722548444750e+03 -4.138955518902e+03
-2.980084337642e+03 5.719755018979e+03 -4.145817675258e+03
-2.975906508709e+03 5.716954177248e+03 -4.152674838412e+03
-2.971725550931e+03 5.714145931269e+03 -4.159527000134e+03
-2.967541470420e+03 5.711330284008e+03 -4.166374152202e+03
-2.963354273292e+03 5.708507238443e+03 -4.173216286399e+03
-2.959163965663e+03 5.705676797559e+03 -4.180053394515e+03
-2.954970553657e+03 5.702838964353e+03 -4.186885468346e+03
-2.950774043398e+03 5.699993741830e+03 -4.193712499693e+03
-2.946574424300e+03 5.697141141652e+03 -4.200534480365e+03
-2.942371735932e+03 5.694281149541e+03 -4.207351402177e+03
-2.938165967705e+03 5.691413777190e+03 -4.214163256948e+03
-2.933957125758e+03 5.688539027645e+03 -4.220970036506e+03
-2.929745216233e+03 5.685656903960e+03 -4.227771732684e+03
-2.925530245274e+03 5.682767409199e+03 -4.234568337321e+03
-2.921312219029e+03 5.679870546438e+03 -4.241359842263e+03
-2.917091126995e+03 5.676966327319e+03 -4.248146239363e+03
-2.912867008645e+03 5.674054737806e+03 -4.254927520478e+03
-2.908639853472e+03 5.671135789574e+03 -4.261703677474e+03
-2.904409667639e+03 5.668209485736e+03 -4.268474702220e+03
-2.900176457308e+03 5.665275829417e+03 -4.275240586595e+03
-2.895940228649e+03 5.662334823748e+03 -4.282001322482e+03
-2.891700987830e+03 5.659386471873e+03 -4.288756901771e+03
-2.887458741027e+03 5.656430776944e+03 -4.295507316358e+03
-2.883213477830e+03 5.653467750582e+03 -4.302252558146e+03
-2.878965237600e+03 5.650497379029e+03 -4.308992619045e+03
-2.874714009927e+03 5.647519673939e+03 -4.315727490969e+03
-2.870459800996e+03 5.644534638502e+03 -4.322457165841e+03
-2.866202616997e+03 5.641542275921e+03 -4.329181635590e+03
-2.861942464123e+03 5.638542589405e+03 -4.335900892148e+03
-2.857679348571e+03 5.635535582176e+03 -4.342614927460e+03
-2.853413260014e+03 5.632521265836e+03 -4.349323733470e+03
-2.849144237713e+03 5.629499626869e+03 -4.356027302135e+03
-2.844872271341e+03 5.626470676910e+03 -4.362725625414e+03
-2.840597367105e+03 5.623434419218e+03 -4.369418695275e+03
-2.836319531218e+03 5.620390857063e+03 -4.376106503692e+03
-2.832038769894e+03 5.617339993723e+03 -4.382789042644e+03
-2.827755089350e+03 5.614281832488e+03 -4.389466304117e+03
-2.823468479346e+03 5.611216384940e+03 -4.396138280107e+03
-2.819178979038e+03 5.608143637807e+03 -4.402804962611e+03
-2.814886578184e+03 5.605063602704e+03 -4.409466343636e+03
-2.810591283011e+03 5.601976282958e+03 -4.416122415196e+03
-2.806293099755e+03 5.598881681906e+03 -4.422773169309e+03
-2.801992034650e+03 5.595779802897e+03 -4.429418598002e+03
-2.797688093936e+03 5.592670649286e+03 -4.436058693307e+03
-2.793381283855e+03 5.589554224441e+03 -4.442693447263e+03
-2.789071594262e+03 5.586430539919e+03 -4.449322851916e+03
-2.784759064194e+03 5.583299582730e+03 -4.455946899319e+03
-2.780443683504e+03 5.580161364465e+03 -4.462565581531e+03
-2.776125458445e+03 5.577015888527e+03 -4.469178890617e+03
-2.771804395274e+03 5.573863158333e+03 -4.475786818649e+03
-2.767480500252e+03 5.570703177307e+03 -4.482389357708e+03
-2.763153779641e+03 5.567535948884e+03 -4.488986499878e+03
-2.758824223382e+03 5.564361484601e+03 -4.495578237252e+03
-2.754491870404e+03 5.561179771712e+03 -4.502164561930e+03
-2.750156710643e+03 5.557990821787e+03 -4.508745466016e+03
-2.745818750374e+03 5.554794638298e+03 -4.515320941623e+03
-2.741477995876e+03 5.551591224728e+03 -4.521890980872e+03
-2.737134453427e+03 5.548380584570e+03 -4.528455575887e+03
-2.732788129312e+03 5.545162721325e+03 -4.535014718801e+03
-2.728439029817e+03 5.541937638506e+03 -4.541568401755e+03
-2.724087144981e+03 5.538705347625e+03 -4.548116616894e+03
-2.719732513604e+03 5.535465836217e+03 -4.554659356371e+03
-2.715375125723e+03 5.532219115826e+03 -4.561196612346e+03
-2.711014987635e+03 5.528965190004e+03 -4.567728376986e+03
-2.706652105639e+03 5.525704062309e+03 -4.574254642464e+03
-2.702286486041e+03 5.522435736311e+03 -4.580775400961e+03
-2.697918135144e+03 5.519160215589e+03 -4.587290644663e+03
-2.693547043076e+03 5.515877511634e+03 -4.593800365765e+03
-2.689173248523e+03 5.512587612227e+03 -4.600304556467e+03
-2.684796741606e+03 5.509290528890e+03 -4.606803208977e+03
-2.680417528644e+03 5.505986265241e+03 -4.613296315508e+03
-2.676035615956e+03 5.502674824906e+03 -4.619783868284e+03
-2.671651009864e+03 5.499356211523e+03 -4.626265859531e+03
-2.667263716694e+03 5.496030428737e+03 -4.632742281486e+03
-2.662873726660e+03 5.492697488017e+03 -4.639213126389e+03
-2.658481078330e+03 5.489357377389e+03 -4.645678386490e+03
-2.654085761914e+03 5.486010108354e+03 -4.652138054044e+03
-2.649687783749e+03 5.482655684597e+03 -4.658592121315e+03
-2.645287150172e+03 5.479294109810e+03 -4.665040580572e+03
-2.640883867526e+03 5.475925387698e+03 -4.671483424091e+03
-2.636477942155e+03 5.472549521973e+03 -4.677920644157e+03
-2.632069380406e+03 5.469166516357e+03 -4.684352233059e+03
-2.627658172592e+03 5.465776382293e+03 -4.690778183096e+03
-2.623244357146e+03 5.462379108090e+03 -4.697198486572e+03
-2.618827924379e+03 5.458974705221e+03 -4.703613135797e+03
-2.614408880647e+03 5.455563177447e+03 -4.710022123091e+03
-2.609987232311e+03 5.452144528538e+03 -4.716425440780e+03
-2.605562985732e+03 5.448718762273e+03 -4.722823081195e+03
-2.601136147277e+03 5.445285882442e+03 -4.729215036676e+03
-2.596706707347e+03 5.441845900461e+03 -4.735601299570e+03
-2.592274704254e+03 5.438398804889e+03 -4.741981862230e+03
-2.587840128395e+03 5.434944607174e+03 -4.748356717018e+03
-2.583402986145e+03 5.431483311144e+03 -4.754725856300e+03
-2.578963283884e+03 5.428014920635e+03 -4.761089272451e+03
-2.574521027990e+03 5.424539439493e+03 -4.767446957854e+03
-2.570076224847e+03 5.421056871574e+03 -4.773798904897e+03
-2.565628880842e+03 5.417567220742e+03 -4.780145105977e+03
-2.561178986477e+03 5.414070498385e+03 -4.786485553496e+03
-2.556726579922e+03 5.410566693347e+03 -4.792820239865e+03
-2.552271651675e+03 5.407055817047e+03 -4.799149157501e+03
-2.547814208132e+03 5.403537873389e+03 -4.805472298830e+03
-2.543354255692e+03 5.400012866285e+03 -4.811789656282e+03
-2.538891800754e+03 5.396480799656e+03 -4.818101222296e+03
-2.534426849722e+03 5.392941677433e+03 -4.824406989319e+03
-2.529959393189e+03 5.389395510979e+03 -4.830706949804e+03
-2.525489469196e+03 5.385842289386e+03 -4.837001096211e+03
-2.521017068333e+03 5.382282024049e+03 -4.843289421008e+03
-2.516542197011e+03 5.378714718936e+03 -4.849571916670e+03
-2.512064861646e+03 5.375140378026e+03 -4.855848575679e+03
-2.507585068655e+03 5.371559005307e+03 -4.862119390523e+03
-2.503102824457e+03 5.367970604774e+03 -4.868384353700e+03
-2.498618135476e+03 5.364375180435e+03 -4.874643457714e+03
-2.494130992408e+03 5.360772743623e+03 -4.880896695074e+03
-2.489641433146e+03 5.357163283715e+03 -4.887144058301e+03
-2.485149448381e+03 5.353546812076e+03 -4.893385539918e+03
-2.480655044544e+03 5.349923332749e+03 -4.899621132459e+03
-2.476158228069e+03 5.346292849789e+03 -4.905850828465e+03
-2.471659005394e+03 5.342655367257e+03 -4.912074620482e+03
-2.467157382955e+03 5.339010889226e+03 -4.918292501066e+03
-2.462653351542e+03 5.335359427002e+03 -4.924504462778e+03
-2.458146948914e+03 5.331700970213e+03 -4.930710498188e+03
-2.453638165853e+03 5.328035530197e+03 -4.936910599872e+03
-2.449127008806e+03 5.324363111063e+03 -4.943104760415e+03
-2.444613484224e+03 5.320683716931e+03 -4.949292972408e+03
-2.440097598558e+03 5.316997351928e+03 -4.955475228450e+03
-2.435579358264e+03 5.313304020191e+03 -4.961651521147e+03
-2.431058754220e+03 5.309603733000e+03 -4.967821843113e+03
-2.426535824052e+03 5.305896480233e+03 -4.973986186969e+03
-2.422010558631e+03 5.302182273201e+03 -4.980144545343e+03
-2.417482964422e+03 5.298461116079e+03 -4.986296910870e+03
-2.412953047890e+03 5.294733013050e+03 -4.992443276195e+03
-2.408420815502e+03 5.290997968309e+03 -4.998583633968e+03
-2.403886273729e+03 5.287255986056e+03 -5.004717976846e+03
-2.399349429043e+03 5.283507070505e+03 -5.010846297496e+03
-2.394810272428e+03 5.279751232903e+03 -5.016968588590e+03
-2.390268841351e+03 5.275988463414e+03 -5.023084842809e+03
-2.385725126790e+03 5.272218773318e+03 -5.029195052842e+03
-2.381179135225e+03 5.268442166863e+03 -5.035299211382e+03
-2.376630873140e+03 5.264658648308e+03 -5.041397311134e+03
-2.372080347019e+03 5.260868221921e+03 -5.047489344807e+03
-2.367527563349e+03 5.257070891977e+03 -5.053575305120e+03
-2.362972513207e+03 5.253266669696e+03 -5.059655184798e+03
-2.358415233919e+03 5.249455545494e+03 -5.065728976574e+03
-2.353855716557e+03 5.245637530622e+03 -5.071796673189e+03
-2.349293967614e+03 5.241812629393e+03 -5.077858267391e+03
-2.344729993588e+03 5.237980846130e+03 -5.083913751935e+03
-2.340163800979e+03 5.234142185165e+03 -5.089963119585e+03
-2.335595396288e+03 5.230296650839e+03 -5.096006363111e+03
-2.331024786018e+03 5.226444247503e+03 -5.102043475291e+03
-2.326451961352e+03 5.222584986342e+03 -5.108074448913e+03
-2.321876959455e+03 5.218718858061e+03 -5.114099276769e+03
-2.317299771501e+03 5.214845873876e+03 -5.120117951660e+03
-2.312720404003e+03 5.210966038175e+03 -5.126130466396e+03
-2.308138863472e+03 5.207079355354e+03 -5.132136813793e+03
-2.303555156426e+03 5.203185829819e+03 -5.138136986674e+03
-2.298969289381e+03 5.199285465984e+03 -5.144130977872e+03
-2.294381253613e+03 5.195378275004e+03 -5.150118780226e+03
-2.289791086142e+03 5.191464247837e+03 -5.156100386583e+03
-2.285198778234e+03 5.187543395670e+03 -5.162075789798e+03
-2.280604336417e+03 5.183615722953e+03 -5.168044982733e+03
-2.276007767216e+03 5.179681234148e+03 -5.174007958258e+03
-2.271409077161e+03 5.175739933724e+03 -5.179964709251e+03
-2.266808272782e+03 5.171791826160e+03 -5.185915228598e+03
-2.262205360611e+03 5.167836915943e+03 -5.191859509192e+03
-2.257600332034e+03 5.163875214195e+03 -5.197797543933e+03
-2.252993223898e+03 5.159906712160e+03 -5.203729325732e+03
-2.248384027580e+03 5.155931420991e+03 -5.209654847503e+03
-2.243772749620e+03 5.151949345212e+03 -5.215574102172e+03
-2.239159396559e+03 5.147960489357e+03 -5.221487082671e+03
-2.234543974942e+03 5.143964857968e+03 -5.227393781938e+03
-2.229926491313e+03 5.139962455597e+03 -5.233294192922e+03
-2.225306937153e+03 5.135953293334e+03 -5.239188308579e+03
-2.220685349157e+03 5.131937362676e+03 -5.245076121871e+03
-2.216061718797e+03 5.127914674745e+03 -5.250957625770e+03
-2.211436052626e+03 5.123885234130e+03 -5.256832813253e+03
-2.206808357198e+03 5.119849045427e+03 -5.262701677309e+03
-2.202178639070e+03 5.115806113242e+03 -5.268564210932e+03
-2.197546904798e+03 5.111756442190e+03 -5.274420407123e+03
-2.192913145958e+03 5.107700043330e+03 -5.280270258894e+03
-2.188277399093e+03 5.103636908412e+03 -5.286113759262e+03
-2.183639655770e+03 5.099567048528e+03 -5.291950901253e+03
-2.178999922553e+03 5.095490468328e+03 -5.297781677902e+03
-2.174358206008e+03 5.091407172473e+03 -5.303606082250e+03
-2.169714512704e+03 5.087317165632e+03 -5.309424107347e+03
-2.165068849210e+03 5.083220452483e+03 -5.315235746251e+03
-2.160421222099e+03 5.079117037714e+03 -5.321040992027e+03
-2.155771623053e+03 5.075006932346e+03 -5.326839837749e+03
-2.151120088440e+03 5.070890128421e+03 -5.332632276498e+03
-2.146466609933e+03 5.066766636992e+03 -5.338418301364e+03
-2.141811194111e+03 5.062636462783e+03 -5.344197905444e+03
-2.137153847554e+03 5.058499610525e+03 -5.349971081844e+03
-2.132494576842e+03 5.054356084961e+03 -5.355737823676e+03
-2.127833388560e+03 5.050205890841e+03 -5.361498124064e+03
-2.123170274487e+03 5.046049039153e+03 -5.367251976135e+03
-2.118505270830e+03 5.041885522193e+03 -5.372999373027e+03
-2.113838369361e+03 5.037715350982e+03 -5.378740307886e+03
-2.109169576668e+03 5.033538530306e+03 -5.384474773865e+03
-2.104498899343e+03 5.029355064960e+03 -5.390202764127e+03
-2.099826343978e+03 5.025164959749e+03 -5.395924271839e+03
-2.095151917166e+03 5.020968219484e+03 -5.401639290180e+03
-2.090475625504e+03 5.016764848989e+03 -5.407347812337e+03
-2.085797460883e+03 5.012554859214e+03 -5.413049831501e+03
-2.081117459324e+03 5.008338242745e+03 -5.418745340876e+03
-2.076435612711e+03 5.004115010566e+03 -5.424434333671e+03
-2.071751927643e+03 4.999885167533e+03 -5.430116803105e+03
-2.067066410725e+03 4.995648718513e+03 -5.435792742403e+03
-2.062379068560e+03 4.991405668381e+03 -5.441462144799e+03
-2.057689907755e+03 4.987156022022e+03 -5.447125003537e+03
-2.052998920297e+03 4.982899790353e+03 -5.452781311867e+03
-2.048306142046e+03 4.978636966215e+03 -5.458431063046e+03
-2.043611564981e+03 4.974367560555e+03 -5.464074250343e+03
-2.038915195712e+03 4.970091578295e+03 -5.469710867032e+03
-2.034217040854e+03 4.965809024362e+03 -5.475340906397e+03
-2.029517107021e+03 4.961519903694e+03 -5.480964361727e+03
-2.024815400828e+03 4.957224221237e+03 -5.486581226324e+03
-2.020111914361e+03 4.952921987873e+03 -5.492191493495e+03
-2.015406683313e+03 4.948613196699e+03 -5.497795156554e+03
-2.010699699762e+03 4.944297858628e+03 -5.503392208828e+03
-2.005990970328e+03 4.939975978642e+03 -5.508982643647e+03
-2.001280501633e+03 4.935647561731e+03 -5.514566454353e+03
-1.996568300301e+03 4.931312612894e+03 -5.520143634293e+03
-1.991854372958e+03 4.926971137140e+03 -5.525714176825e+03
-1.987138726230e+03 4.922623139484e+03 -5.531278075314e+03
-1.982421352316e+03 4.918268630769e+03 -5.536835323134e+03
-1.977702286716e+03 4.913907604383e+03 -5.542385913666e+03
-1.972981521618e+03 4.909540071198e+03 -5.547929840299e+03
-1.968259063654e+03 4.905166036267e+03 -5.553467096433e+03
-1.963534919457e+03 4.900785504650e+03 -5.558997675474e+03
-1.958809095661e+03 4.896398481416e+03 -5.564521570835e+03
-1.954081598901e+03 4.892004971643e+03 -5.570038775941e+03
-1.949352421475e+03 4.887604986138e+03 -5.575549284223e+03
-1.944621598712e+03 4.883198518543e+03 -5.581053089120e+03
-1.939889122899e+03 4.878785579695e+03 -5.586550184080e+03
-1.935155000676e+03 4.874366174708e+03 -5.592040562560e+03
-1.930419238684e+03 4.869940308702e+03 -5.597524218023e+03
-1.925681843566e+03 4.865507986809e+03 -5.603001143944e+03
-1.920942821966e+03 4.861069214166e+03 -5.608471333802e+03
-1.916202180529e+03 4.856623995923e+03 -5.613934781089e+03
-1.911459911666e+03 4.852172342841e+03 -5.619391479301e+03
-1.906716050506e+03 4.847714248858e+03 -5.624841421946e+03
-1.901970589452e+03 4.843249724768e+03 -5.630284602537e+03
-1.897223535151e+03 4.838778775754e+03 -5.635721014599e+03
-1.892474894255e+03 4.834301407006e+03 -5.641150651661e+03
-1.887724673414e+03 4.829817623723e+03 -5.646573507265e+03
-1.882972879283e+03 4.825327431115e+03 -5.651989574959e+03
-1.878219504371e+03 4.820830839908e+03 -5.657398848299e+03
-1.873464583634e+03 4.816327844293e+03 -5.662801320851e+03
-1.868708109570e+03 4.811818455028e+03 -5.668196986187e+03
-1.863950088837e+03 4.807302677355e+03 -5.673585837891e+03
-1.859190528093e+03 4.802780516527e+03 -5.678967869552e+03
-1.854429433996e+03 4.798251977802e+03 -5.684343074769e+03
-1.849666813208e+03 4.793717066450e+03 -5.689711447150e+03
-1.844902672389e+03 4.789175787746e+03 -5.695072980311e+03
-1.840137004165e+03 4.784628152376e+03 -5.700427667875e+03
-1.835369843285e+03 4.780074154822e+03 -5.705775503477e+03
-1.830601182365e+03 4.775513805800e+03 -5.711116480756e+03
-1.825831028068e+03 4.770947110620e+03 -5.716450593364e+03
-1.821059387061e+03 4.766374074602e+03 -5.721777834957e+03
-1.816286266011e+03 4.761794703075e+03 -5.727098199204e+03
-1.811511671586e+03 4.757209001376e+03 -5.732411679779e+03
-1.806735596512e+03 4.752616980151e+03 -5.737718270366e+03
-1.801958075358e+03 4.748018634137e+03 -5.743017964658e+03
-1.797179100839e+03 4.743413974013e+03 -5.748310756356e+03
-1.792398679626e+03 4.738803005150e+03 -5.753596639169e+03
-1.787616818392e+03 4.734185732926e+03 -5.758875606816e+03
-1.782833523811e+03 4.729562162729e+03 -5.764147653023e+03
-1.778048802555e+03 4.724932299957e+03 -5.769412771525e+03
-1.773262647453e+03 4.720296155216e+03 -5.774670956067e+03
-1.768475092892e+03 4.715653723501e+03 -5.779922200401e+03
-1.763686131685e+03 4.711005015450e+03 -5.785166498288e+03
-1.758895770510e+03 4.706350036493e+03 -5.790403843497e+03
-1.754104016047e+03 4.701688792070e+03 -5.795634229808e+03
-1.749310874974e+03 4.697021287627e+03 -5.800857651006e+03
-1.744516353973e+03 4.692347528621e+03 -5.806074100888e+03
-1.739720459723e+03 4.687667520514e+03 -5.811283573258e+03
-1.734923185167e+03 4.682981273870e+03 -5.816486061929e+03
-1.730124564481e+03 4.678288783976e+03 -5.821681560722e+03
-1.725324590595e+03 4.673590061425e+03 -5.826870063468e+03
-1.720523270192e+03 4.668885111714e+03 -5.832051564005e+03
-1.715720609958e+03 4.664173940350e+03 -5.837226056181e+03
-1.710916616578e+03 4.659456552848e+03 -5.842393533852e+03
-1.706111296739e+03 4.654732954729e+03 -5.847553990884e+03
-1.701304643486e+03 4.650003156518e+03 -5.852707421149e+03
-1.696496690804e+03 4.645267153757e+03 -5.857853818531e+03
-1.691687431727e+03 4.640524956998e+03 -5.862993176920e+03
-1.686876872942e+03 4.635776571800e+03 -5.868125490217e+03
-1.682065021142e+03 4.631022003725e+03 -5.873250752329e+03
-1.677251883015e+03 4.626261258348e+03 -5.878368957174e+03
-1.672437465253e+03 4.621494341249e+03 -5.883480098679e+03
-1.667621774548e+03 4.616721258019e+03 -5.888584170777e+03
-1.662804804061e+03 4.611942019134e+03 -5.893681167413e+03
-1.657986587562e+03 4.607156620429e+03 -5.898771082539e+03
-1.653167118200e+03 4.602365072411e+03 -5.903853910115e+03
-1.648346402669e+03 4.597567380704e+03 -5.908929644112e+03
-1.643524447663e+03 4.592763550937e+03 -5.913998278509e+03
-1.638701259879e+03 4.587953588752e+03 -5.919059807293e+03
-1.633876846013e+03 4.583137499795e+03 -5.924114224459e+03
-1.629051199330e+03 4.578315294502e+03 -5.929161524014e+03
-1.624224353404e+03 4.573486968965e+03 -5.934201699971e+03
-1.619396301488e+03 4.568652533648e+03 -5.939234746353e+03
-1.614567050281e+03 4.563811994234e+03 -5.944260657191e+03
-1.609736606481e+03 4.558965356411e+03 -5.949279426526e+03
-1.604904976787e+03 4.554112625876e+03 -5.954291048406e+03
-1.600072167901e+03 4.549253808334e+03 -5.959295516891e+03
-1.595238173189e+03 4.544388914180e+03 -5.964292826047e+03
-1.590403026033e+03 4.539517939760e+03 -5.969282969949e+03
-1.585566719787e+03 4.534640895499e+03 -5.974265942683e+03
-1.580729261152e+03 4.529757787136e+03 -5.979241738341e+03
-1.575890656832e+03 4.524868620416e+03 -5.984210351027e+03
-1.571050913530e+03 4.519973401094e+03 -5.989171774852e+03
-1.566210037948e+03 4.515072134933e+03 -5.994126003935e+03
-1.561368036791e+03 4.510164827703e+03 -5.999073032407e+03
-1.556524903545e+03 4.505251489750e+03 -6.004012854405e+03
-1.551680671365e+03 4.500332117715e+03 -6.008945464076e+03
-1.546835333723e+03 4.495406721972e+03 -6.013870855576e+03
-1.541988897325e+03 4.490475308327e+03 -6.018789023069e+03
-1.537141368878e+03 4.485537882589e+03 -6.023699960731e+03
-1.532292755087e+03 4.480594450578e+03 -6.028603662742e+03
-1.527443062658e+03 4.475645018123e+03 -6.033500123296e+03
-1.522592285183e+03 4.470689595527e+03 -6.038389336592e+03
-1.517740455617e+03 4.465728179684e+03 -6.043271296841e+03
-1.512887567535e+03 4.460760780929e+03 -6.048145998261e+03
-1.508033627645e+03 4.455787405121e+03 -6.053013435079e+03
-1.503178642658e+03 4.450808058129e+03 -6.057873601533e+03
-1.498322619280e+03 4.445822745829e+03 -6.062726491868e+03
-1.493465564220e+03 4.440831474105e+03 -6.067572100337e+03
-1.488607484189e+03 4.435834248850e+03 -6.072410421206e+03
-1.483748372896e+03 4.430831080316e+03 -6.077241448747e+03
-1.478888263065e+03 4.425821965693e+03 -6.082065177241e+03
-1.474027148390e+03 4.420806915264e+03 -6.086881600980e+03
-1.469165035584e+03 4.415785934953e+03 -6.091690714262e+03
-1.464301931356e+03 4.410759030694e+03 -6.096492511397e+03
-1.459437842417e+03 4.405726208425e+03 -6.101286986703e+03
-1.454572775478e+03 4.400687474097e+03 -6.106074134506e+03
-1.449706724354e+03 4.395642837919e+03 -6.110853949143e+03
-1.444839721564e+03 4.390592297335e+03 -6.115626424960e+03
-1.439971760909e+03 4.385535862584e+03 -6.120391556309e+03
-1.435102849099e+03 4.380473539647e+03 -6.125149337554e+03
-1.430232992848e+03 4.375405334513e+03 -6.129899763069e+03
-1.425362198868e+03 4.370331253178e+03 -6.134642827233e+03
-1.420490473870e+03 4.365251301647e+03 -6.139378524439e+03
-1.415617824568e+03 4.360165485931e+03 -6.144106849085e+03
-1.410744244896e+03 4.355073816189e+03 -6.148827795581e+03
-1.405869767137e+03 4.349976290159e+03 -6.153541358345e+03
-1.400994385212e+03 4.344872918028e+03 -6.158247531804e+03
-1.396118105833e+03 4.339763705842e+03 -6.162946310394e+03
-1.391240935714e+03 4.334648659652e+03 -6.167637688561e+03
-1.386362881568e+03 4.329527785517e+03 -6.172321660759e+03
-1.381483950108e+03 4.324401089506e+03 -6.176998221453e+03
-1.376604135375e+03 4.319268581733e+03 -6.181667365115e+03
-1.371723469442e+03 4.314130260189e+03 -6.186329086227e+03
-1.366841946335e+03 4.308986135019e+03 -6.190983379281e+03
-1.361959572769e+03 4.303836212321e+03 -6.195630238778e+03
-1.357076355455e+03 4.298680498203e+03 -6.200269659227e+03
-1.352192301108e+03 4.293518998780e+03 -6.204901635147e+03
-1.347307416442e+03 4.288351720175e+03 -6.209526161067e+03
-1.342421695603e+03 4.283178672455e+03 -6.214143231524e+03
-1.337535170454e+03 4.277999853869e+03 -6.218752841064e+03
-1.332647835125e+03 4.272815274515e+03 -6.223354984244e+03
-1.327759696331e+03 4.267624940547e+03 -6.227949655629e+03
-1.322870760785e+03 4.262428858127e+03 -6.232536849792e+03
-1.317981035201e+03 4.257227033424e+03 -6.237116561318e+03
-1.313090526291e+03 4.252019472615e+03 -6.241688784800e+03
-1.308199240770e+03 4.246806181886e+03 -6.246253514839e+03
-1.303307172906e+03 4.241587171252e+03 -6.250810746047e+03
-1.298414354317e+03 4.236362439253e+03 -6.255360473045e+03
-1.293520779255e+03 4.231131995935e+03 -6.259902690463e+03
-1.288626454434e+03 4.225895847514e+03 -6.264437392940e+03
-1.283731386566e+03 4.220654000213e+03 -6.268964575124e+03
-1.278835582365e+03 4.215406460264e+03 -6.273484231673e+03
-1.273939048542e+03 4.210153233905e+03 -6.277996357255e+03
-1.269041779475e+03 4.204894331108e+03 -6.282500946545e+03
-1.264143806563e+03 4.199629750665e+03 -6.286997994230e+03
-1.259245124167e+03 4.194359502577e+03 -6.291487495004e+03
-1.254345738999e+03 4.189083593112e+03 -6.295969443573e+03
-1.249445657771e+03 4.183802028549e+03 -6.300443834649e+03
-1.244544887194e+03 4.178514815172e+03 -6.304910662955e+03
-1.239643433980e+03 4.173221959275e+03 -6.309369923225e+03
-1.234741304840e+03 4.167923467157e+03 -6.313821610199e+03
-1.229838494273e+03 4.162619348736e+03 -6.318265718629e+03
-1.224935033429e+03 4.157309603095e+03 -6.322702243275e+03
-1.220030916792e+03 4.151994240180e+03 -6.327131178907e+03
-1.215126151071e+03 4.146673266323e+03 -6.331552520304e+03
-1.210220742977e+03 4.141346687862e+03 -6.335966262254e+03
-1.205314699219e+03 4.136014511143e+03 -6.340372399556e+03
-1.200408026508e+03 4.130676742518e+03 -6.344770927016e+03
-1.195500719449e+03 4.125333391858e+03 -6.349161839452e+03
-1.190592808973e+03 4.119984458501e+03 -6.353545131690e+03
-1.185684289671e+03 4.114629952346e+03 -6.357920798565e+03
-1.180775168251e+03 4.109269879777e+03 -6.362288834923e+03
-1.175865451421e+03 4.103904247184e+03 -6.366649235618e+03
-1.170955145888e+03 4.098533060967e+03 -6.371001995513e+03
-1.166044258359e+03 4.093156327532e+03 -6.375347109482e+03
-1.161132783550e+03 4.087774056701e+03 -6.379684572408e+03
-1.156220752168e+03 4.082386248066e+03 -6.384014379183e+03
-1.151308158910e+03 4.076992911478e+03 -6.388336524709e+03
-1.146395010483e+03 4.071594053374e+03 -6.392651003896e+03
-1.141481313592e+03 4.066189680193e+03 -6.396957811660e+03
-1.136567074940e+03 4.060779798385e+03 -6.401256942926e+03
-1.131652301232e+03 4.055364414409e+03 -6.405548392633e+03
-1.126736999172e+03 4.049943534730e+03 -6.409832155731e+03
-1.121821163599e+03 4.044517169114e+03 -6.414108227178e+03
-1.116904824963e+03 4.039085317446e+03 -6.418376601942e+03
-1.111987978086e+03 4.033647989519e+03 -6.422637275000e+03
-1.107070629670e+03 4.028205191830e+03 -6.426890241339e+03
-1.102152786417e+03 4.022756930883e+03 -6.431135495956e+03
-1.097234455029e+03 4.017303213188e+03 -6.435373033855e+03
-1.092315642207e+03 4.011844045263e+03 -6.439602850054e+03
-1.087396342897e+03 4.006379436826e+03 -6.443824939576e+03
-1.082476587324e+03 4.000909388013e+03 -6.448039297456e+03
-1.077556370418e+03 3.995433908571e+03 -6.452245918739e+03
-1.072635698876e+03 3.989953005046e+03 -6.456444798477e+03
-1.067714579398e+03 3.984466683995e+03 -6.460635931734e+03
-1.062793018683e+03 3.978974951980e+03 -6.464819313582e+03
-1.057871023426e+03 3.973477815570e+03 -6.468994939103e+03
-1.052948600325e+03 3.967975281343e+03 -6.473162803390e+03
-1.048025744452e+03 3.962467358959e+03 -6.477322901543e+03
-1.043102485768e+03 3.956954048845e+03 -6.481475228674e+03
-1.038178819327e+03 3.951435360689e+03 -6.485619779902e+03
-1.033254751825e+03 3.945911301099e+03 -6.489756550358e+03
-1.028330289954e+03 3.940381876687e+03 -6.493885535182e+03
-1.023405440409e+03 3.934847094076e+03 -6.498006729522e+03
-1.018480209881e+03 3.929306959893e+03 -6.502120128538e+03
-1.013554593552e+03 3.923761483747e+03 -6.506225727397e+03
-1.008628621152e+03 3.918210666319e+03 -6.510323521279e+03
-1.003702287844e+03 3.912654517249e+03 -6.514413505370e+03
-9.987756003183e+02 3.907093043193e+03 -6.518495674867e+03
-9.938485652645e+02 3.901526250815e+03 -6.522570024979e+03
-9.889211893714e+02 3.895954146788e+03 -6.526636550920e+03
-9.839934793268e+02 3.890376737790e+03 -6.530695247918e+03
-9.790654418182e+02 3.884794030507e+03 -6.534746111208e+03
-9.741370721512e+02 3.879206034492e+03 -6.538789136036e+03
-9.692083997903e+02 3.873612750713e+03 -6.542824317657e+03
-9.642794200231e+02 3.868014188752e+03 -6.546851651335e+03
-9.593501395343e+02 3.862410355323e+03 -6.550871132345e+03
-9.544205650075e+02 3.856801257149e+03 -6.554882755971e+03
-9.494907031258e+02 3.851186900958e+03 -6.558886517507e+03
-9.445605605713e+02 3.845567293488e+03 -6.562882412256e+03
-9.396301327596e+02 3.839942444237e+03 -6.566870435532e+03
-9.346994489196e+02 3.834312354430e+03 -6.570850582657e+03
-9.297685044488e+02 3.828677033594e+03 -6.574822848963e+03
-9.248373060263e+02 3.823036488496e+03 -6.578787229794e+03
-9.199058603303e+02 3.817390725906e+03 -6.582743720501e+03
-9.149741740383e+02 3.811739752604e+03 -6.586692316445e+03
-9.100422538267e+02 3.806083575376e+03 -6.590633012999e+03
-9.051100952217e+02 3.800422203671e+03 -6.594565805542e+03
-9.001777272142e+02 3.794755638964e+03 -6.598490689466e+03
-8.952451453121e+02 3.789083890732e+03 -6.602407660172e+03
-8.903123561884e+02 3.783406965789e+03 -6.606316713069e+03
-8.853793665154e+02 3.777724870957e+03 -6.610217843578e+03
-8.804461829646e+02 3.772037613064e+03 -6.614111047129e+03
-8.755128122065e+02 3.766345198946e+03 -6.617996319160e+03
-8.705792609106e+02 3.760647635445e+03 -6.621873655121e+03
-8.656455247293e+02 3.754944931951e+03 -6.625743050472e+03
-8.607116323799e+02 3.749237090226e+03 -6.629604500681e+03
-8.557775794962e+02 3.743524119687e+03 -6.633458001227e+03
-8.508433727440e+02 3.737806027206e+03 -6.637303547597e+03
-8.459090187882e+02 3.732082819660e+03 -6.641141135291e+03
-8.409745242929e+02 3.726354503932e+03 -6.644970759815e+03
-8.360398959210e+02 3.720621086916e+03 -6.648792416688e+03
-8.311051294357e+02 3.714882577946e+03 -6.652606101438e+03
-8.261702533128e+02 3.709138979037e+03 -6.656411809601e+03
-8.212352632964e+02 3.703390299555e+03 -6.660209536725e+03
-8.163001660456e+02 3.697636546417e+03 -6.663999278366e+03
-8.113649682184e+02 3.691877726551e+03 -6.667781030092e+03
-8.064296764719e+02 3.686113846889e+03 -6.671554787478e+03
-8.014942974619e+02 3.680344914371e+03 -6.675320546112e+03
-7.965588378435e+02 3.674570935943e+03 -6.679078301590e+03
-7.916232935067e+02 3.668791920882e+03 -6.682828049517e+03
-7.866876926487e+02 3.663007871489e+03 -6.686569785511e+03
-7.817520311406e+02 3.657218797067e+03 -6.690303505195e+03
-7.768163156330e+02 3.651424704592e+03 -6.694029204208e+03
-7.718805527755e+02 3.645625601043e+03 -6.697746878192e+03
-7.669447492165e+02 3.639821493409e+03 -6.701456522805e+03
-7.620089116034e+02 3.634012388685e+03 -6.705158133711e+03
-7.570730359378e+02 3.628198296092e+03 -6.708851706586e+03
-7.521371501710e+02 3.622379218182e+03 -6.712537237114e+03
-7.472012502854e+02 3.616555164206e+03 -6.716214720990e+03
-7.422653429238e+02 3.610726141186e+03 -6.719884153919e+03
-7.373294347279e+02 3.604892156150e+03 -6.723545531615e+03
-7.323935323380e+02 3.599053216133e+03 -6.727198849803e+03
-7.274576423936e+02 3.593209328178e+03 -6.730844104218e+03
-7.225217610080e+02 3.587360501453e+03 -6.734481290603e+03
-7.175859158848e+02 3.581506738759e+03 -6.738110404714e+03
-7.126501031179e+02 3.575648049293e+03 -6.741731442314e+03
-7.077143293417e+02 3.569784440124e+03 -6.745344399177e+03
-7.027786011895e+02 3.563915918327e+03 -6.748949271087e+03
-6.978429252935e+02 3.558042490985e+03 -6.752546053839e+03
-6.929073082843e+02 3.552164165188e+03 -6.756134743237e+03
-6.879717567917e+02 3.546280948030e+03 -6.759715335093e+03
-6.830362670569e+02 3.540392848617e+03 -6.763287825232e+03
-6.781008664982e+02 3.534499870038e+03 -6.766852209488e+03
-6.731655513372e+02 3.528602021425e+03 -6.770408483704e+03
-6.682303281983e+02 3.522699309902e+03 -6.773956643734e+03
-6.632952037048e+02 3.516791742597e+03 -6.777496685441e+03
-6.583601844785e+02 3.510879326645e+03 -6.781028604699e+03
-6.534252771400e+02 3.504962069190e+03 -6.784552397392e+03
-6.484904780429e+02 3.499039979282e+03 -6.788068059412e+03
-6.435558143539e+02 3.493113060257e+03 -6.791575586664e+03
-6.386212824065e+02 3.487181321195e+03 -6.795074975061e+03
-6.336868888159e+02 3.481244769264e+03 -6.798566220526e+03
-6.287526401960e+02 3.475303411639e+03 -6.802049318992e+03
-6.238185431592e+02 3.469357255502e+03 -6.805524266402e+03
-6.188846043164e+02 3.463406308039e+03 -6.808991058706e+03
-6.139508302772e+02 3.457450576444e+03 -6.812449691865e+03
-6.090172175236e+02 3.451490069704e+03 -6.815900161852e+03
-6.040837929321e+02 3.445524791439e+03 -6.819342464646e+03
-5.991505529645e+02 3.439554750663e+03 -6.822776596240e+03
-5.942175042247e+02 3.433579954595e+03 -6.826202552633e+03
-5.892846533153e+02 3.427600410462e+03 -6.829620329838e+03
-5.843520068373e+02 3.421616125497e+03 -6.833029923876e+03
-5.794195713903e+02 3.415627106940e+03 -6.836431330777e+03
-5.744873435694e+02 3.409633363721e+03 -6.839824546583e+03
-5.695553499954e+02 3.403634899708e+03 -6.843209567345e+03
-5.646235872427e+02 3.397631723860e+03 -6.846586389126e+03
-5.596920619051e+02 3.391623843442e+03 -6.849955007996e+03
-5.547607805749e+02 3.385611265725e+03 -6.853315420037e+03
-5.498297498429e+02 3.379593997989e+03 -6.856667621342e+03
-5.448989762985e+02 3.373572047518e+03 -6.860011608013e+03
-5.399684665296e+02 3.367545421604e+03 -6.863347376163e+03
-5.350382172604e+02 3.361514129117e+03 -6.866674921918e+03
-5.301082548180e+02 3.355478174205e+03 -6.869994241411e+03
-5.251785759058e+02 3.349437565766e+03 -6.873305330787e+03
-5.202491871056e+02 3.343392311118e+03 -6.876608186201e+03
-5.153200949977e+02 3.337342417583e+03 -6.879902803817e+03
-5.103913061607e+02 3.331287892493e+03 -6.883189179810e+03
-5.054628271717e+02 3.325228743185e+03 -6.886467310365e+03
-5.005346548683e+02 3.319164978470e+03 -6.889737191676e+03
-4.956068153179e+02 3.313096602746e+03 -6.892998819950e+03
-4.906793053373e+02 3.307023624852e+03 -6.896252191401e+03
-4.857521314970e+02 3.300946052150e+03 -6.899497302254e+03
-4.808253003661e+02 3.294863892008e+03 -6.902734148745e+03
-4.758988185120e+02 3.288777151801e+03 -6.905962727119e+03
-4.709726925006e+02 3.282685838911e+03 -6.909183033632e+03
-4.660469192829e+02 3.276589962091e+03 -6.912395064551e+03
-4.611215246652e+02 3.270489525985e+03 -6.915598816150e+03
-4.561965055775e+02 3.264384539377e+03 -6.918794284715e+03
-4.512718685789e+02 3.258275009670e+03 -6.921981466544e+03
-4.463476202268e+02 3.252160944278e+03 -6.925160357943e+03
-4.414237670768e+02 3.246042350619e+03 -6.928330955228e+03
-4.365003156830e+02 3.239919236117e+03 -6.931493254725e+03
-4.315772725976e+02 3.233791608204e+03 -6.934647252773e+03
-4.266546349018e+02 3.227659475568e+03 -6.937792945718e+03
-4.217324281012e+02 3.221522843134e+03 -6.940930329918e+03
-4.168106492554e+02 3.215381719619e+03 -6.944059401739e+03
-4.118893049097e+02 3.209236112477e+03 -6.947180157560e+03
-4.069684016077e+02 3.203086029170e+03 -6.950292593768e+03
-4.020479458912e+02 3.196931477167e+03 -6.953396706762e+03
-3.971279443001e+02 3.190772463941e+03 -6.956492492949e+03
-3.922083940294e+02 3.184608998123e+03 -6.959579948748e+03
-3.872893203201e+02 3.178441084884e+03 -6.962659070588e+03
-3.823707203454e+02 3.172268732881e+03 -6.965729854906e+03
-3.774526006381e+02 3.166091949613e+03 -6.968792298153e+03
-3.725349677291e+02 3.159910742584e+03 -6.971846396787e+03
-3.676178281478e+02 3.153725119305e+03 -6.974892147278e+03
-3.627011884213e+02 3.147535087294e+03 -6.977929546107e+03
-3.577850550750e+02 3.141340654073e+03 -6.980958589765e+03
-3.528694254347e+02 3.135141828208e+03 -6.983979274752e+03
-3.479543244361e+02 3.128938615148e+03 -6.986991597580e+03
-3.430397493829e+02 3.122731023484e+03 -6.989995554769e+03
-3.381257067930e+02 3.116519060764e+03 -6.992991142851e+03
-3.332122031825e+02 3.110302734540e+03 -6.995978358367e+03
-3.282992450655e+02 3.104082052372e+03 -6.998957197870e+03
-3.233868389543e+02 3.097857021825e+03 -7.001927657922e+03
-3.184749822887e+02 3.091627651405e+03 -7.004889735095e+03
-3.135636997362e+02 3.085393946806e+03 -7.007843425972e+03
-3.086529887146e+02 3.079155916559e+03 -7.010788727144e+03
-3.037428557283e+02 3.072913568252e+03 -7.013725635215e+03
-2.988333072798e+02 3.066666909481e+03 -7.016654146797e+03
-2.939243498697e+02 3.060415947846e+03 -7.019574258513e+03
-2.890159899964e+02 3.054160690954e+03 -7.022485966995e+03
-2.841082252146e+02 3.047901147250e+03 -7.025389268888e+03
-2.792010799213e+02 3.041637322671e+03 -7.028284160845e+03
-2.742945516487e+02 3.035369225690e+03 -7.031170639530e+03
-2.693886468872e+02 3.029096863936e+03 -7.034048701617e+03
-2.644833721254e+02 3.022820245047e+03 -7.036918343791e+03
-2.595787338498e+02 3.016539376662e+03 -7.039779562746e+03
-2.546747385447e+02 3.010254266432e+03 -7.042632355189e+03
-2.497713926926e+02 3.003964922008e+03 -7.045476717834e+03
-2.448686939791e+02 2.997671351769e+03 -7.048312647407e+03
-2.399666664904e+02 2.991373561929e+03 -7.051140140644e+03
-2.350653078894e+02 2.985071560892e+03 -7.053959194292e+03
-2.301646246503e+02 2.978765356334e+03 -7.056769805107e+03
-2.252646232451e+02 2.972454955940e+03 -7.059571969856e+03
-2.203653101437e+02 2.966140367396e+03 -7.062365685317e+03
-2.154666918139e+02 2.959821598397e+03 -7.065150948276e+03
-2.105687660565e+02 2.953498657262e+03 -7.067927755533e+03
-2.056715566836e+02 2.947171550446e+03 -7.070696103895e+03
-2.007750614732e+02 2.940840286292e+03 -7.073455990181e+03
-1.958792868845e+02 2.934504872518e+03 -7.076207411220e+03
-1.909842393746e+02 2.928165316848e+03 -7.078950363852e+03
-1.860899253986e+02 2.921821627009e+03 -7.081684844925e+03
-1.811963514092e+02 2.915473810735e+03 -7.084410851298e+03
-1.763035238570e+02 2.909121875766e+03 -7.087128379841e+03
-1.714114406742e+02 2.902765830351e+03 -7.089837427434e+03
-1.665201253581e+02 2.896405681219e+03 -7.092537990965e+03
-1.616295758180e+02 2.890041436646e+03 -7.095230067337e+03
-1.567397984956e+02 2.883673104393e+03 -7.097913653458e+03
-1.518507998305e+02 2.877300692228e+03 -7.100588746251e+03
-1.469625862601e+02 2.870924207926e+03 -7.103255342646e+03
-1.420751642195e+02 2.864543659264e+03 -7.105913439585e+03
-1.371885317562e+02 2.858159054431e+03 -7.108563034021e+03
-1.323027120905e+02 2.851770400398e+03 -7.111204122916e+03
-1.274177032466e+02 2.845377705377e+03 -7.113836703242e+03
-1.225335116505e+02 2.838980977171e+03 -7.116460771983e+03
-1.176501437262e+02 2.832580223586e+03 -7.119076326132e+03
-1.127676058951e+02 2.826175452435e+03 -7.121683362694e+03
-1.078859045764e+02 2.819766671538e+03 -7.124281878683e+03
-1.030050461873e+02 2.813353888717e+03 -7.126871871124e+03
-9.812502890705e+01 2.806937112091e+03 -7.129453337053e+03
-9.324587563714e+01 2.800516348905e+03 -7.132026273514e+03
-8.836758453357e+01 2.794091607300e+03 -7.134590677566e+03
-8.349016200395e+01 2.787662895125e+03 -7.137146546274e+03
-7.861361445357e+01 2.781230220229e+03 -7.139693876716e+03
-7.373794828533e+01 2.774793590472e+03 -7.142232665979e+03
-6.886316989979e+01 2.768353013715e+03 -7.144762911163e+03
-6.398927759209e+01 2.761908498014e+03 -7.147284609375e+03
-5.911629398299e+01 2.755460050855e+03 -7.149797757735e+03
-5.424421734398e+01 2.749007680318e+03 -7.152302353375e+03
-4.937305406605e+01 2.742551394288e+03 -7.154798393434e+03
-4.450281053781e+01 2.736091200656e+03 -7.157285875064e+03
-3.963349314542e+01 2.729627107318e+03 -7.159764795427e+03
-3.476510827266e+01 2.723159122175e+03 -7.162235151696e+03
-2.989765433050e+01 2.716687253222e+03 -7.164696941053e+03
-2.503115365751e+01 2.710211508180e+03 -7.167150160692e+03
-2.016560464077e+01 2.703731895071e+03 -7.169594807816e+03
-1.530101365426e+01 2.697248421816e+03 -7.172030879640e+03
-1.043738706947e+01 2.690761096344e+03 -7.174458373390e+03
-5.574731255404e+00 2.684269926588e+03 -7.176877286299e+03
-7.130525786308e-01 2.677774920488e+03 -7.179287615614e+03
4.147642596788e+00 2.671276085988e+03 -7.181689358591e+03
9.007355727326e+00 2.664773431010e+03 -7.184082512496e+03
1.386606479879e+01 2.658266963549e+03 -7.186467074607e+03
1.872377129178e+01 2.651756691552e+03 -7.188843042212e+03
2.358046885231e+01 2.645242622986e+03 -7.191210412608e+03
2.843615112894e+01 2.638724765820e+03 -7.193569183105e+03
3.329081177279e+01 2.632203128030e+03 -7.195919351020e+03
3.814444443753e+01 2.625677717599e+03 -7.198260913685e+03
4.299705046357e+01 2.619148542386e+03 -7.200593868438e+03
4.784860812220e+01 2.612615610621e+03 -7.202918212631e+03
5.269911877817e+01 2.606078930189e+03 -7.205233943625e+03
5.754857609546e+01 2.599538509093e+03 -7.207541058792e+03
6.239697374070e+01 2.592994355341e+03 -7.209839555513e+03
6.724430538312e+01 2.586446476944e+03 -7.212129431183e+03
7.209056469457e+01 2.579894881922e+03 -7.214410683205e+03
7.693574534957e+01 2.573339578297e+03 -7.216683308993e+03
8.177984855577e+01 2.566780573857e+03 -7.218947305973e+03
8.662285291262e+01 2.560217877103e+03 -7.221202671578e+03
9.146475965235e+01 2.553651495846e+03 -7.223449403254e+03
9.630556246005e+01 2.547081438130e+03 -7.225687498458e+03
1.011452550235e+02 2.540507712005e+03 -7.227916954657e+03
1.059838310331e+02 2.533930325524e+03 -7.230137769326e+03
1.108212841820e+02 2.527349286747e+03 -7.232349939955e+03
1.156576155616e+02 2.520764603397e+03 -7.234553464042e+03
1.204928040599e+02 2.514176284210e+03 -7.236748339095e+03
1.253268507932e+02 2.507584336935e+03 -7.238934562634e+03
1.301597494652e+02 2.500988769650e+03 -7.241112132190e+03
1.349914937826e+02 2.494389590441e+03 -7.243281045301e+03
1.398220774548e+02 2.487786807396e+03 -7.245441299518e+03
1.446514941939e+02 2.481180428610e+03 -7.247592892404e+03
1.494797449749e+02 2.474570461744e+03 -7.249735821528e+03
1.543068089758e+02 2.467956915766e+03 -7.251870084475e+03
1.591326871966e+02 2.461339798360e+03 -7.253995678838e+03
1.639573733605e+02 2.454719117641e+03 -7.256112602220e+03
1.687808611934e+02 2.448094881729e+03 -7.258220852236e+03
1.736031444240e+02 2.441467098748e+03 -7.260320426510e+03
1.784242167841e+02 2.434835776828e+03 -7.262411322677e+03
1.832440720080e+02 2.428200924102e+03 -7.264493538385e+03
1.880627109374e+02 2.421562548158e+03 -7.266567071288e+03
1.928801130840e+02 2.414920658230e+03 -7.268631919055e+03
1.976962793145e+02 2.408275261928e+03 -7.270688079362e+03
2.025112033747e+02 2.401626367408e+03 -7.272735549899e+03
2.073248790132e+02 2.394973982829e+03 -7.274774328363e+03
2.121372999815e+02 2.388318116352e+03 -7.276804412465e+03
2.169484600339e+02 2.381658776149e+03 -7.278825799924e+03
2.217583598955e+02 2.374995969740e+03 -7.280838488472e+03
2.265669793711e+02 2.368329706593e+03 -7.282842475849e+03
2.313743192112e+02 2.361659994253e+03 -7.284837759807e+03
2.361803731815e+02 2.354986840908e+03 -7.286824338108e+03
2.409851350511e+02 2.348310254752e+03 -7.288802208526e+03
2.457885985915e+02 2.341630243982e+03 -7.290771368845e+03
2.505907575775e+02 2.334946816801e+03 -7.292731816858e+03
2.553916057867e+02 2.328259981416e+03 -7.294683550371e+03
2.601911438108e+02 2.321569745275e+03 -7.296626567199e+03
2.649893517914e+02 2.314876118109e+03 -7.298560865169e+03
2.697862303457e+02 2.308179107388e+03 -7.300486442116e+03
2.745817732633e+02 2.301478721341e+03 -7.302403295888e+03
2.793759743365e+02 2.294774968197e+03 -7.304311424345e+03
2.841688273607e+02 2.288067856193e+03 -7.306210825353e+03
2.889603261345e+02 2.281357393569e+03 -7.308101496792e+03
2.937504711327e+02 2.274643587709e+03 -7.309983436553e+03
2.985392427932e+02 2.267926448572e+03 -7.311856642536e+03
3.033266416165e+02 2.261205983564e+03 -7.313721112652e+03
3.081126614132e+02 2.254482200946e+03 -7.315576844823e+03
3.128972959968e+02 2.247755108982e+03 -7.317423836981e+03
3.176805391840e+02 2.241024715939e+03 -7.319262087070e+03
3.224623847943e+02 2.234291030091e+03 -7.321091593044e+03
3.272428266505e+02 2.227554059717e+03 -7.322912352866e+03
3.320218650939e+02 2.220813812123e+03 -7.324724364512e+03
3.367994809025e+02 2.214070297533e+03 -7.326527625968e+03
3.415756744436e+02 2.207323523277e+03 -7.328322135230e+03
3.463504395522e+02 2.200573497651e+03 -7.330107890305e+03
3.511237700665e+02 2.193820228958e+03 -7.331884889211e+03
3.558956598277e+02 2.187063725501e+03 -7.333653129977e+03
3.606661026803e+02 2.180303995591e+03 -7.335412610640e+03
3.654350988485e+02 2.173541046471e+03 -7.337163329252e+03
3.702026294095e+02 2.166774888590e+03 -7.338905283873e+03
3.749686946138e+02 2.160005529213e+03 -7.340638472572e+03
3.797332883184e+02 2.153232976668e+03 -7.342362893434e+03
3.844964043833e+02 2.146457239288e+03 -7.344078544549e+03
3.892580366718e+02 2.139678325411e+03 -7.345785424021e+03
3.940181790505e+02 2.132896243378e+03 -7.347483529964e+03
3.987768316266e+02 2.126111000364e+03 -7.349172860502e+03
4.035339757777e+02 2.119322607047e+03 -7.350853413770e+03
4.082896116374e+02 2.112531070625e+03 -7.352525187914e+03
4.130437330850e+02 2.105736399458e+03 -7.354188181090e+03
4.177963340027e+02 2.098938601909e+03 -7.355842391463e+03
4.225474082762e+02 2.092137686346e+03 -7.357487817209e+03
4.272969497941e+02 2.085333661141e+03 -7.359124456515e+03
4.320449524487e+02 2.078526534670e+03 -7.360752307579e+03
4.367914162131e+02 2.071716314034e+03 -7.362371368609e+03
4.415363228098e+02 2.064903010166e+03 -7.363981637824e+03
4.462796722387e+02 2.058086630189e+03 -7.365583113454e+03
4.510214584047e+02 2.051267182498e+03 -7.367175793738e+03
4.557616752163e+02 2.044444675490e+03 -7.368759676928e+03
4.605003165850e+02 2.037619117568e+03 -7.370334761286e+03
4.652373764257e+02 2.030790517139e+03 -7.371901045083e+03
4.699728545948e+02 2.023958881236e+03 -7.373458526603e+03
4.747067331176e+02 2.017124221019e+03 -7.375007204141e+03
4.794390118772e+02 2.010286543543e+03 -7.376547076000e+03
4.841696848017e+02 2.003445857231e+03 -7.378078140495e+03
4.888987458227e+02 1.996602170513e+03 -7.379600395954e+03
4.936261888750e+02 1.989755491821e+03 -7.381113840713e+03
4.983520078969e+02 1.982905829593e+03 -7.382618473119e+03
5.030761968301e+02 1.976053192269e+03 -7.384114291532e+03
5.077987553969e+02 1.969197586807e+03 -7.385601294319e+03
5.125196659709e+02 1.962339024620e+03 -7.387079479862e+03
5.172389283013e+02 1.955477512688e+03 -7.388548846552e+03
5.219565363435e+02 1.948613059469e+03 -7.390009392788e+03
5.266724840559e+02 1.941745673425e+03 -7.391461116985e+03
5.313867654006e+02 1.934875363022e+03 -7.392904017566e+03
5.360993743431e+02 1.928002136733e+03 -7.394338092965e+03
5.408103104888e+02 1.921126001444e+03 -7.395763341628e+03
5.455195565174e+02 1.914246968796e+03 -7.397179762012e+03
5.502271120612e+02 1.907365045700e+03 -7.398587352585e+03
5.549329710996e+02 1.900480240641e+03 -7.399986111826e+03
5.596371276155e+02 1.893592562113e+03 -7.401376038224e+03
5.643395755952e+02 1.886702018611e+03 -7.402757130278e+03
5.690403090284e+02 1.879808618636e+03 -7.404129386500e+03
5.737393274033e+02 1.872912369007e+03 -7.405492805411e+03
5.784366137067e+02 1.866013281585e+03 -7.406847385544e+03
5.831321674539e+02 1.859111363213e+03 -7.408193125440e+03
5.878259826486e+02 1.852206622408e+03 -7.409530023655e+03
5.925180532982e+02 1.845299067688e+03 -7.410858078751e+03
5.972083734134e+02 1.838388707578e+03 -7.412177289306e+03
6.018969370087e+02 1.831475550607e+03 -7.413487653905e+03
6.065837381018e+02 1.824559605305e+03 -7.414789171144e+03
6.112687760469e+02 1.817640878416e+03 -7.416081839631e+03
6.159520341834e+02 1.810719382053e+03 -7.417365657984e+03
6.206335118928e+02 1.803795122980e+03 -7.418640624833e+03
6.253132032072e+02 1.796868109745e+03 -7.419906738817e+03
6.299911021624e+02 1.789938350899e+03 -7.421163998588e+03
6.346672027977e+02 1.783005854998e+03 -7.422412402805e+03
6.393414991561e+02 1.776070630603e+03 -7.423651950143e+03
6.440139904743e+02 1.769132684386e+03 -7.424882639282e+03
6.486846604015e+02 1.762192028680e+03 -7.426104468916e+03
6.533535082022e+02 1.755248670181e+03 -7.427317437752e+03
6.580205279337e+02 1.748302617464e+03 -7.428521544502e+03
6.626857136572e+02 1.741353879108e+03 -7.429716787894e+03
6.673490594373e+02 1.734402463695e+03 -7.430903166665e+03
6.720105593425e+02 1.727448379813e+03 -7.432080679561e+03
6.766702074446e+02 1.720491636051e+03 -7.433249325342e+03
6.813280028467e+02 1.713532239005e+03 -7.434409102777e+03
6.859839295533e+02 1.706570201258e+03 -7.435560010645e+03
6.906379866951e+02 1.699605529425e+03 -7.436702047738e+03
6.952901683588e+02 1.692638232112e+03 -7.437835212856e+03
6.999404686349e+02 1.685668317929e+03 -7.438959504814e+03
7.045888816177e+02 1.678695795488e+03 -7.440074922432e+03
7.092354014051e+02 1.671720673407e+03 -7.441181464547e+03
7.138800269829e+02 1.664742958212e+03 -7.442279130002e+03
7.185227426676e+02 1.657762662702e+03 -7.443367917652e+03
7.231635474732e+02 1.650779793424e+03 -7.444447826365e+03
7.278024355124e+02 1.643794359010e+03 -7.445518855017e+03
7.324394009018e+02 1.636806368096e+03 -7.446581002497e+03
7.370744377621e+02 1.629815829320e+03 -7.447634267703e+03
7.417075402173e+02 1.622822751325e+03 -7.448678649544e+03
7.463387023954e+02 1.615827142757e+03 -7.449714146942e+03
7.509679231483e+02 1.608829010064e+03 -7.450740758828e+03
7.555951871509e+02 1.601828366291e+03 -7.451758484143e+03
7.602204932832e+02 1.594825217906e+03 -7.452767321841e+03
7.648438356884e+02 1.587819573570e+03 -7.453767270885e+03
7.694652085133e+02 1.580811441947e+03 -7.454758330249e+03
7.740846059090e+02 1.573800831705e+03 -7.455740498920e+03
7.787020220299e+02 1.566787751515e+03 -7.456713775892e+03
7.833174556109e+02 1.559772207754e+03 -7.457678160172e+03
7.879308916413e+02 1.552754213684e+03 -7.458633650779e+03
7.925423288841e+02 1.545733775702e+03 -7.459580246741e+03
7.971517615095e+02 1.538710902493e+03 -7.460517947096e+03
8.017591836914e+02 1.531685602747e+03 -7.461446750896e+03
8.063645896077e+02 1.524657885155e+03 -7.462366657200e+03
8.109679734401e+02 1.517627758416e+03 -7.463277665082e+03
8.155693338063e+02 1.510595228834e+03 -7.464179773624e+03
8.201686560114e+02 1.503560309886e+03 -7.465072981919e+03
8.247659387013e+02 1.496523007897e+03 -7.465957289071e+03
8.293611760735e+02 1.489483331579e+03 -7.466832694195e+03
8.339543623293e+02 1.482441289644e+03 -7.467699196417e+03
8.385454916740e+02 1.475396890810e+03 -7.468556794874e+03
8.431345583167e+02 1.468350143795e+03 -7.469405488713e+03
8.477215564707e+02 1.461301057324e+03 -7.470245277093e+03
8.523064846195e+02 1.454249637623e+03 -7.471076159181e+03
8.568893284305e+02 1.447195898410e+03 -7.471898134158e+03
8.614700864160e+02 1.440139845931e+03 -7.472711201216e+03
8.660487528051e+02 1.433081488923e+03 -7.473515359554e+03
8.706253218307e+02 1.426020836127e+03 -7.474310608386e+03
8.751997877300e+02 1.418957896285e+03 -7.475096946935e+03
8.797721447440e+02 1.411892678145e+03 -7.475874374434e+03
8.843423912392e+02 1.404825187863e+03 -7.476642890128e+03
8.889105132009e+02 1.397755439367e+03 -7.477402493273e+03
8.934765090246e+02 1.390683438833e+03 -7.478153183135e+03
8.980403729674e+02 1.383609195020e+03 -7.478894958991e+03
9.026020992904e+02 1.376532716694e+03 -7.479627820130e+03
9.071616822590e+02 1.369454012618e+03 -7.480351765850e+03
9.117191161424e+02 1.362373091564e+03 -7.481066795460e+03
9.162743952141e+02 1.355289962304e+03 -7.481772908283e+03
9.208275177071e+02 1.348204630913e+03 -7.482470103650e+03
9.253784699712e+02 1.341117111560e+03 -7.483158380903e+03
9.299272502684e+02 1.334027410339e+03 -7.483837739395e+03
9.344738528883e+02 1.326935536036e+03 -7.484508178489e+03
9.390182721248e+02 1.319841497439e+03 -7.485169697562e+03
9.435605022758e+02 1.312745303341e+03 -7.485822295997e+03
9.481005376435e+02 1.305646962536e+03 -7.486465973191e+03
9.526383763436e+02 1.298546481028e+03 -7.487100728552e+03
9.571740050463e+02 1.291443873194e+03 -7.487726561496e+03
9.617074218966e+02 1.284339145057e+03 -7.488343471454e+03
9.662386212131e+02 1.277232305424e+03 -7.488951457864e+03
9.707675973185e+02 1.270123363107e+03 -7.489550520176e+03
9.752943445399e+02 1.263012326918e+03 -7.490140657852e+03
9.798188572082e+02 1.255899205674e+03 -7.490721870364e+03
9.843411296590e+02 1.248784008195e+03 -7.491294157194e+03
9.888611598743e+02 1.241666740401e+03 -7.491857517837e+03
9.933789348915e+02 1.234547416909e+03 -7.492411951796e+03
9.978944527220e+02 1.227426043658e+03 -7.492957458587e+03
1.002407707718e+03 1.220302629481e+03 -7.493494037736e+03
1.006918694236e+03 1.213177183211e+03 -7.494021688781e+03
1.011427406636e+03 1.206049713688e+03 -7.494540411271e+03
1.015933839284e+03 1.198920229750e+03 -7.495050204763e+03
1.020437990045e+03 1.191788737248e+03 -7.495551068828e+03
1.024939846278e+03 1.184655251002e+03 -7.496043003045e+03
1.029439405878e+03 1.177519776882e+03 -7.496526007006e+03
1.033936663227e+03 1.170382323739e+03 -7.497000080313e+03
1.038431612711e+03 1.163242900429e+03 -7.497465222578e+03
1.042924248721e+03 1.156101515809e+03 -7.497921433424e+03
1.047414565650e+03 1.148958178740e+03 -7.498368712487e+03
1.051902561248e+03 1.141812895000e+03 -7.498807059411e+03
1.056388223198e+03 1.134665679615e+03 -7.499236473853e+03
1.060871549277e+03 1.127516538380e+03 -7.499656955478e+03
1.065352533897e+03 1.120365480168e+03 -7.500068503967e+03
1.069831171476e+03 1.113212513855e+03 -7.500471119009e+03
1.074307456433e+03 1.106057648317e+03 -7.500864800302e+03
1.078781383193e+03 1.098900892436e+03 -7.501249547557e+03
1.083252946180e+03 1.091742255089e+03 -7.501625360458e+03
1.087722143008e+03 1.084581741970e+03 -7.501992238721e+03
1.092188961728e+03 1.077419368335e+03 -7.502350182088e+03
1.096653399988e+03 1.070255139900e+03 -7.502699190314e+03
1.101115452231e+03 1.063089065557e+03 -7.503039263162e+03
1.105575112911e+03 1.055921154205e+03 -7.503370400407e+03
1.110032376482e+03 1.048751414743e+03 -7.503692601837e+03
1.114487237404e+03 1.041579856074e+03 -7.504005867248e+03
1.118939693176e+03 1.034406483820e+03 -7.504310196447e+03
1.123389732176e+03 1.027231313441e+03 -7.504605589254e+03
1.127837351933e+03 1.020054350579e+03 -7.504892045498e+03
1.132282546924e+03 1.012875604145e+03 -7.505169565018e+03
1.136725311631e+03 1.005695083057e+03 -7.505438147666e+03
1.141165640540e+03 9.985127962323e+02 -7.505697793305e+03
1.145603528142e+03 9.913287525919e+02 -7.505948501805e+03
1.150038968932e+03 9.841429610595e+02 -7.506190273052e+03
1.154471960276e+03 9.769554271740e+02 -7.506423106940e+03
1.158902490925e+03 9.697661666254e+02 -7.506647003372e+03
1.163330558274e+03 9.625751849705e+02 -7.506861962264e+03
1.167756156837e+03 9.553824911432e+02 -7.507067983542e+03
1.172179281130e+03 9.481880940797e+02 -7.507265067144e+03
1.176599925677e+03 9.409920027191e+02 -7.507453213018e+03
1.181018085002e+03 9.337942260026e+02 -7.507632421123e+03
1.185433756357e+03 9.265947693962e+02 -7.507802691430e+03
1.189846928819e+03 9.193936487890e+02 -7.507964023920e+03
1.194257599667e+03 9.121908696651e+02 -7.508116418585e+03
1.198665763446e+03 9.049864409755e+02 -7.508259875426e+03
1.203071414705e+03 8.977803716741e+02 -7.508394394458e+03
1.207474547998e+03 8.905726707169e+02 -7.508519975705e+03
1.211875157883e+03 8.833633470626e+02 -7.508636619201e+03
1.216273241494e+03 8.761524061038e+02 -7.508744324993e+03
1.220668788236e+03 8.689398639276e+02 -7.508843093137e+03
1.225061795273e+03 8.617257259443e+02 -7.508932923701e+03
1.229452257181e+03 8.545100011221e+02 -7.509013816762e+03
1.233840168541e+03 8.472926984315e+02 -7.509085772410e+03
1.238225523939e+03 8.400738268452e+02 -7.509148790745e+03
1.242608317966e+03 8.328533953386e+02 -7.509202871878e+03
1.246988545217e+03 8.256314128889e+02 -7.509248015929e+03
1.251366202691e+03 8.184078848048e+02 -7.509284223032e+03
1.255741280171e+03 8.111828273982e+02 -7.509311493329e+03
1.260113774687e+03 8.039562459949e+02 -7.509329826974e+03
1.264483680853e+03 7.967281495817e+02 -7.509339224131e+03
1.268850993287e+03 7.894985471474e+02 -7.509339684978e+03
1.273215706611e+03 7.822674476833e+02 -7.509331209698e+03
1.277577815454e+03 7.750348601828e+02 -7.509313798491e+03
1.281937316700e+03 7.678007898806e+02 -7.509287451562e+03
1.286294200459e+03 7.605652532836e+02 -7.509252169132e+03
1.290648463647e+03 7.533282556438e+02 -7.509207951430e+03
1.295000100909e+03 7.460898059634e+02 -7.509154798694e+03
1.299349106897e+03 7.388499132469e+02 -7.509092711178e+03
1.303695476266e+03 7.316085865007e+02 -7.509021689141e+03
1.308039203677e+03 7.243658347337e+02 -7.508941732856e+03
1.312380283794e+03 7.171216669568e+02 -7.508852842608e+03
1.316718713369e+03 7.098760883199e+02 -7.508755018689e+03
1.321054482892e+03 7.026291155514e+02 -7.508648261405e+03
1.325387589144e+03 6.953807538184e+02 -7.508532571072e+03
1.329718026810e+03 6.881310121400e+02 -7.508407948016e+03
1.334045790578e+03 6.808798995378e+02 -7.508274392574e+03
1.338370875141e+03 6.736274250352e+02 -7.508131905094e+03
1.342693275199e+03 6.663735976577e+02 -7.507980485936e+03
1.347012987387e+03 6.591184224809e+02 -7.507820135469e+03
1.351330002524e+03 6.518619164256e+02 -7.507650854072e+03
1.355644317279e+03 6.446040845842e+02 -7.507472642138e+03
1.359955926368e+03 6.373449359902e+02 -7.507285500069e+03
1.364264824513e+03 6.300844796793e+02 -7.507089428277e+03
1.368571006442e+03 6.228227246891e+02 -7.506884427185e+03
1.372874466885e+03 6.155596800592e+02 -7.506670497229e+03
1.377175200580e+03 6.082953548310e+02 -7.506447638853e+03
1.381473204032e+03 6.010297539949e+02 -7.506215852513e+03
1.385768468438e+03 5.937628946899e+02 -7.505975138676e+03
1.390060990334e+03 5.864947819227e+02 -7.505725497819e+03
1.394350764476e+03 5.792254247427e+02 -7.505466930430e+03
1.398637785625e+03 5.719548322009e+02 -7.505199437008e+03
1.402922048546e+03 5.646830133503e+02 -7.504923018063e+03
1.407203548009e+03 5.574099772459e+02 -7.504637674115e+03
1.411482280405e+03 5.501357288031e+02 -7.504343405696e+03
1.415758237263e+03 5.428602853503e+02 -7.504040213347e+03
1.420031415005e+03 5.355836518192e+02 -7.503728097621e+03
1.424301808420e+03 5.283058372722e+02 -7.503407059082e+03
1.428569412303e+03 5.210268507732e+02 -7.503077098303e+03
1.432834221454e+03 5.137467013880e+02 -7.502738215870e+03
1.437096230677e+03 5.064653981844e+02 -7.502390412379e+03
1.441355436247e+03 4.991829460029e+02 -7.502033688436e+03
1.445611830027e+03 4.918993623596e+02 -7.501668044658e+03
1.449865408324e+03 4.846146521113e+02 -7.501293481673e+03
1.454116165961e+03 4.773288243325e+02 -7.500910000119e+03
1.458364097767e+03 4.700418880995e+02 -7.500517600648e+03
1.462609198578e+03 4.627538524906e+02 -7.500116283917e+03
1.466851463232e+03 4.554647265853e+02 -7.499706050599e+03
1.471090886573e+03 4.481745194651e+02 -7.499286901375e+03
1.475327464744e+03 4.408832358849e+02 -7.498858836937e+03
1.479561189991e+03 4.335908935736e+02 -7.498421857989e+03
1.483792058488e+03 4.262974973018e+02 -7.497975965244e+03
1.488020065098e+03 4.190030561576e+02 -7.497521159426e+03
1.492245204692e+03 4.117075792306e+02 -7.497057441272e+03
1.496467472143e+03 4.044110756120e+02 -7.496584811526e+03
1.500686862329e+03 3.971135543950e+02 -7.496103270947e+03
1.504903371280e+03 3.898150202586e+02 -7.495612820300e+03
1.509116991575e+03 3.825154911171e+02 -7.495113460365e+03
1.513327719274e+03 3.752149716652e+02 -7.494605191931e+03
1.517535549276e+03 3.679134710022e+02 -7.494088015797e+03
1.521740476485e+03 3.606109982287e+02 -7.493561932774e+03
1.525942495810e+03 3.533075624470e+02 -7.493026943683e+03
1.530141602166e+03 3.460031727609e+02 -7.492483049355e+03
1.534337790472e+03 3.386978382755e+02 -7.491930250634e+03
1.538531056626e+03 3.313915635839e+02 -7.491368548371e+03
1.542721393590e+03 3.240843668096e+02 -7.490797943431e+03
1.546908797292e+03 3.167762525607e+02 -7.490218436688e+03
1.551093262673e+03 3.094672299483e+02 -7.489630029028e+03
1.555274784678e+03 3.021573080852e+02 -7.489032721347e+03
1.559453358256e+03 2.948464960852e+02 -7.488426514550e+03
1.563628978362e+03 2.875348030638e+02 -7.487811409556e+03
1.567801640778e+03 2.802222335381e+02 -7.487187407292e+03
1.571971338805e+03 2.729088058135e+02 -7.486554508698e+03
1.576138068255e+03 2.655945244221e+02 -7.485912714721e+03
1.580301824105e+03 2.582793984848e+02 -7.485262026323e+03
1.584462601334e+03 2.509634371240e+02 -7.484602444474e+03
1.588620394929e+03 2.436466494633e+02 -7.483933970155e+03
1.592775199881e+03 2.363290446278e+02 -7.483256604358e+03
1.596927011858e+03 2.290106270585e+02 -7.482570348087e+03
1.601075824494e+03 2.216914152411e+02 -7.481875202354e+03
1.605221633492e+03 2.143714136317e+02 -7.481171168183e+03
1.609364433860e+03 2.070506313603e+02 -7.480458246609e+03
1.613504220618e+03 1.997290775584e+02 -7.479736438678e+03
1.617640988785e+03 1.924067613588e+02 -7.479005745445e+03
1.621774733390e+03 1.850836918952e+02 -7.478266167978e+03
1.625905449465e+03 1.777598783030e+02 -7.477517707353e+03
1.630033132547e+03 1.704353249361e+02 -7.476760364658e+03
1.634157776658e+03 1.631100504847e+02 -7.475994140992e+03
1.638279377366e+03 1.557840593174e+02 -7.475219037464e+03
1.642397929725e+03 1.484573605741e+02 -7.474435055194e+03
1.646513428794e+03 1.411299633959e+02 -7.473642195313e+03
1.650625869636e+03 1.338018769251e+02 -7.472840458962e+03
1.654735247319e+03 1.264731103052e+02 -7.472029847292e+03
1.658841557268e+03 1.191436678140e+02 -7.471210361466e+03
1.662944793841e+03 1.118135683186e+02 -7.470382002657e+03
1.667044952493e+03 1.044828161111e+02 -7.469544772049e+03
1.671142028315e+03 9.715142033937e+01 -7.468698670835e+03
1.675236016402e+03 8.981939015240e+01 -7.467843700222e+03
1.679326911854e+03 8.248673470021e+01 -7.466979861424e+03
1.683414709777e+03 7.515346313391e+01 -7.466107155667e+03
1.687499405281e+03 6.781958460559e+01 -7.465225584188e+03
1.691580993653e+03 6.048510330538e+01 -7.464335148204e+03
1.695659469636e+03 5.315003830112e+01 -7.463435848959e+03
1.699734828555e+03 4.581439379729e+01 -7.462527687724e+03
1.703807065544e+03 3.847817895019e+01 -7.461610665780e+03
1.707876175741e+03 3.114140291709e+01 -7.460684784421e+03
1.711942154287e+03 2.380407485626e+01 -7.459750044949e+03
1.716004996333e+03 1.646620392689e+01 -7.458806448677e+03
1.720064697059e+03 9.127794242713e+00 -7.457853996929e+03
1.724121251550e+03 1.788865045707e+00 -7.456892691040e+03
1.728174655017e+03 -5.550579536644e+00 -7.455922532356e+03
1.732224902632e+03 -1.289053034146e+01 -7.454943522231e+03
1.736271989569e+03 -2.023097820498e+01 -7.453955662029e+03
1.740315911008e+03 -2.757191396256e+01 -7.452958953126e+03
1.744356662135e+03 -3.491332844869e+01 -7.451953396906e+03
1.748394238140e+03 -4.225521249697e+01 -7.450938994764e+03
1.752428634076e+03 -4.959756208156e+01 -7.449915748108e+03
1.756459845412e+03 -5.694035776349e+01 -7.448883658353e+03
1.760487867232e+03 -6.428359550341e+01 -7.447842726928e+03
1.764512694748e+03 -7.162726613161e+01 -7.446792955269e+03
1.768534323179e+03 -7.897136047762e+01 -7.445734344826e+03
1.772552747747e+03 -8.631586937013e+01 -7.444666897057e+03
1.776567963682e+03 -9.366078363712e+01 -7.443590613432e+03
1.780579965921e+03 -1.010060993297e+02 -7.442505495431e+03
1.784588750274e+03 -1.083517968382e+02 -7.441411544544e+03
1.788594311713e+03 -1.156978722004e+02 -7.440308762274e+03
1.792596645487e+03 -1.230443162414e+02 -7.439197150130e+03
1.796595746853e+03 -1.303911197853e+02 -7.438076709637e+03
1.800591611071e+03 -1.377382736558e+02 -7.436947442325e+03
1.804584233409e+03 -1.450857686758e+02 -7.435809349740e+03
1.808573608692e+03 -1.524336009734e+02 -7.434662433434e+03
1.812559733069e+03 -1.597817507698e+02 -7.433506694971e+03
1.816542601400e+03 -1.671302141802e+02 -7.432342135928e+03
1.820522208971e+03 -1.744789820248e+02 -7.431168757888e+03
1.824498551078e+03 -1.818280451232e+02 -7.429986562448e+03
1.828471623020e+03 -1.891773942945e+02 -7.428795551214e+03
1.832441420102e+03 -1.965270203571e+02 -7.427595725803e+03
1.836407937635e+03 -2.038769141286e+02 -7.426387087842e+03
1.840371170316e+03 -2.112270718258e+02 -7.425169638970e+03
1.844331114682e+03 -2.185774734781e+02 -7.423943380834e+03
1.848287765465e+03 -2.259281152894e+02 -7.422708315094e+03
1.852241117996e+03 -2.332789880752e+02 -7.421464443418e+03
1.856191167613e+03 -2.406300826506e+02 -7.420211767487e+03
1.860137909661e+03 -2.479813898301e+02 -7.418950288990e+03
1.864081339488e+03 -2.553329004276e+02 -7.417680009630e+03
1.868021451679e+03 -2.626846107372e+02 -7.416400931116e+03
1.871958243113e+03 -2.700365006225e+02 -7.415113055170e+03
1.875891708408e+03 -2.773885663649e+02 -7.413816383525e+03
1.879821842935e+03 -2.847407987766e+02 -7.412510917923e+03
1.883748642071e+03 -2.920931886691e+02 -7.411196660118e+03
1.887672101199e+03 -2.994457268540e+02 -7.409873611876e+03
1.891592215708e+03 -3.067984041420e+02 -7.408541774971e+03
1.895508980991e+03 -3.141512113436e+02 -7.407201151189e+03
1.899422391505e+03 -3.215041448414e+02 -7.405851742324e+03
1.903332444520e+03 -3.288571843112e+02 -7.404493550182e+03
1.907239134523e+03 -3.362103261236e+02 -7.403126576578e+03
1.911142456932e+03 -3.435635610872e+02 -7.401750823338e+03
1.915042407168e+03 -3.509168800108e+02 -7.400366292300e+03
1.918938980658e+03 -3.582702737024e+02 -7.398972985311e+03
1.922832172835e+03 -3.656237329701e+02 -7.397570904227e+03
1.926721978044e+03 -3.729772542740e+02 -7.396160050917e+03
1.930608393896e+03 -3.803308171275e+02 -7.394740427259e+03
1.934491414767e+03 -3.876844179787e+02 -7.393312035141e+03
1.938371036113e+03 -3.950380476344e+02 -7.391874876459e+03
1.942247253394e+03 -4.023916969008e+02 -7.390428953124e+03
1.946120062077e+03 -4.097453565841e+02 -7.388974267054e+03
1.949989457635e+03 -4.170990174905e+02 -7.387510820181e+03
1.953855434300e+03 -4.244526761578e+02 -7.386038614445e+03
1.957717990025e+03 -4.318063119384e+02 -7.384557651798e+03
1.961577119076e+03 -4.391599213585e+02 -7.383067934201e+03
1.965432816948e+03 -4.465134952232e+02 -7.381569463627e+03
1.969285079142e+03 -4.538670243376e+02 -7.380062242058e+03
1.973133901163e+03 -4.612204995064e+02 -7.378546271486e+03
1.976979278525e+03 -4.685739115342e+02 -7.377021553916e+03
1.980821206745e+03 -4.759272512255e+02 -7.375488091361e+03
1.984659679929e+03 -4.832805152074e+02 -7.373945885843e+03
1.988494696420e+03 -4.906336826500e+02 -7.372394939399e+03
1.992326250356e+03 -4.979867501689e+02 -7.370835254073e+03
1.996154337279e+03 -5.053397085682e+02 -7.369266831919e+03
1.999978952735e+03 -5.126925486517e+02 -7.367689675002e+03
2.003800092275e+03 -5.200452612234e+02 -7.366103785400e+03
2.007617751459e+03 -5.273978370872e+02 -7.364509165197e+03
2.011431924279e+03 -5.347502729480e+02 -7.362905816490e+03
2.015242609422e+03 -5.421025478183e+02 -7.361293741386e+03
2.019049800915e+03 -5.494546583919e+02 -7.359672941999e+03
2.022853494339e+03 -5.568065954725e+02 -7.358043420457e+03
2.026653685280e+03 -5.641583498639e+02 -7.356405178898e+03
2.030450369330e+03 -5.715099123698e+02 -7.354758219470e+03
2.034243542088e+03 -5.788612737939e+02 -7.353102544331e+03
2.038033199157e+03 -5.862124249402e+02 -7.351438155650e+03
2.041819334405e+03 -5.935633626028e+02 -7.349765055605e+03
2.045601946910e+03 -6.009140656160e+02 -7.348083246386e+03
2.049381030572e+03 -6.082645307631e+02 -7.346392730193e+03
2.053156581019e+03 -6.156147488481e+02 -7.344693509236e+03
2.056928593882e+03 -6.229647106754e+02 -7.342985585734e+03
2.060697064801e+03 -6.303144070492e+02 -7.341268961918e+03
2.064461989420e+03 -6.376638287738e+02 -7.339543640028e+03
2.068223361496e+03 -6.450129727219e+02 -7.337809622316e+03
2.071981180449e+03 -6.523618175732e+02 -7.336066911043e+03
2.075735440070e+03 -6.597103601897e+02 -7.334315508481e+03
2.079486136026e+03 -6.670585913762e+02 -7.332555416910e+03
2.083233263991e+03 -6.744065019381e+02 -7.330786638624e+03
2.086976819644e+03 -6.817540826807e+02 -7.329009175924e+03
2.090716798669e+03 -6.891013244097e+02 -7.327223031123e+03
2.094453196758e+03 -6.964482179309e+02 -7.325428206544e+03
2.098186007543e+03 -7.037947602061e+02 -7.323624704520e+03
2.101915230834e+03 -7.111409297412e+02 -7.321812527393e+03
2.105640860297e+03 -7.184867234875e+02 -7.319991677519e+03
2.109362891646e+03 -7.258321322518e+02 -7.318162157259e+03
2.113081320600e+03 -7.331771468412e+02 -7.316323968988e+03
2.116796142886e+03 -7.405217580631e+02 -7.314477115090e+03
2.120507354236e+03 -7.478659567252e+02 -7.312621597957e+03
2.124214948170e+03 -7.552097398675e+02 -7.310757419994e+03
2.127918924844e+03 -7.625530858451e+02 -7.308884583616e+03
2.131619277811e+03 -7.698959916879e+02 -7.307003091249e+03
2.135316002828e+03 -7.772384482048e+02 -7.305112945327e+03
2.139009095656e+03 -7.845804462055e+02 -7.303214148296e+03
2.142698552062e+03 -7.919219764995e+02 -7.301306702611e+03
2.146384367819e+03 -7.992630298972e+02 -7.299390610738e+03
2.150066536341e+03 -8.066036035170e+02 -7.297465875154e+03
2.153745058122e+03 -8.139436755647e+02 -7.295532498344e+03
2.157419926609e+03 -8.212832431489e+02 -7.293590482804e+03
2.161091137600e+03 -8.286222970815e+02 -7.291639831042e+03
2.164758686896e+03 -8.359608281747e+02 -7.289680545574e+03
2.168422570306e+03 -8.432988272413e+02 -7.287712628926e+03
2.172082783645e+03 -8.506362850945e+02 -7.285736083636e+03
2.175739322733e+03 -8.579731925479e+02 -7.283750912250e+03
2.179392180859e+03 -8.653095468098e+02 -7.281757117327e+03
2.183041358909e+03 -8.726453259175e+02 -7.279754701433e+03
2.186686850207e+03 -8.799805270695e+02 -7.277743667146e+03
2.190328650595e+03 -8.873151410815e+02 -7.275724017053e+03
2.193966755924e+03 -8.946491587697e+02 -7.273695753752e+03
2.197601162049e+03 -9.019825709507e+02 -7.271658879848e+03
2.201231864834e+03 -9.093153684420e+02 -7.269613397961e+03
2.204858857456e+03 -9.166475485302e+02 -7.267559310719e+03
2.208482141147e+03 -9.239790891071e+02 -7.265496620759e+03
2.212101709120e+03 -9.313099874498e+02 -7.263425330731e+03
2.215717557261e+03 -9.386402343783e+02 -7.261345443292e+03
2.219329681461e+03 -9.459698207127e+02 -7.259256961112e+03
2.222938077619e+03 -9.532987372743e+02 -7.257159886868e+03
2.226542741638e+03 -9.606269748845e+02 -7.255054223250e+03
2.230143669430e+03 -9.679545243658e+02 -7.252939972957e+03
2.233740854049e+03 -9.752813830947e+02 -7.250817138697e+03
2.237334297119e+03 -9.826075287984e+02 -7.248685723190e+03
2.240923991727e+03 -9.899329588441e+02 -7.246545729164e+03
2.244509933807e+03 -9.972576640571e+02 -7.244397159359e+03
2.248092119301e+03 -1.004581635263e+03 -7.242240016523e+03
2.251670544152e+03 -1.011904863288e+03 -7.240074303409e+03
2.255245204304e+03 -1.019227338954e+03 -7.237900022760e+03
2.258816092703e+03 -1.026549059717e+03 -7.235717177350e+03
2.262383211314e+03 -1.033870003162e+03 -7.233525769970e+03
2.265946553118e+03 -1.041190166734e+03 -7.231325803418e+03
2.269506114090e+03 -1.048509541264e+03 -7.229117280501e+03
2.273061890213e+03 -1.055828117582e+03 -7.226900204036e+03
2.276613877474e+03 -1.063145886520e+03 -7.224674576853e+03
2.280162071868e+03 -1.070462838910e+03 -7.222440401790e+03
2.283706466235e+03 -1.077778972288e+03 -7.220197681699e+03
2.287247062882e+03 -1.085094264096e+03 -7.217946419439e+03
2.290783854684e+03 -1.092408711860e+03 -7.215686617879e+03
2.294316837658e+03 -1.099722306416e+03 -7.213418279899e+03
2.297846007830e+03 -1.107035038601e+03 -7.211141408389e+03
2.301371361231e+03 -1.114346899254e+03 -7.208856006249e+03
2.304892893898e+03 -1.121657879212e+03 -7.206562076387e+03
2.308410601874e+03 -1.128967969316e+03 -7.204259621725e+03
2.311924477875e+03 -1.136277167189e+03 -7.201948645190e+03
2.315434524603e+03 -1.143585450117e+03 -7.199629149724e+03
2.318940734807e+03 -1.150892815716e+03 -7.197301138275e+03
2.322443104555e+03 -1.158199254829e+03 -7.194964613803e+03
2.325941629921e+03 -1.165504758301e+03 -7.192619579278e+03
2.329436306983e+03 -1.172809316976e+03 -7.190266037678e+03
2.332927131830e+03 -1.180112921702e+03 -7.187903991993e+03
2.336414097069e+03 -1.187415570181e+03 -7.185533445223e+03
2.339897205744e+03 -1.194717239562e+03 -7.183154400376e+03
2.343376450498e+03 -1.202017927539e+03 -7.180766860472e+03
2.346851827441e+03 -1.209317624962e+03 -7.178370828539e+03
2.350323332691e+03 -1.216616322684e+03 -7.175966307617e+03
2.353790962370e+03 -1.223914011557e+03 -7.173553300754e+03
2.357254712606e+03 -1.231210682436e+03 -7.171131811009e+03
2.360714579536e+03 -1.238506326174e+03 -7.168701841452e+03
2.364170555646e+03 -1.245800940564e+03 -7.166263395159e+03
2.367622644372e+03 -1.253094502601e+03 -7.163816475220e+03
2.371070838233e+03 -1.260387010069e+03 -7.161361084734e+03
2.374515133391e+03 -1.267678453828e+03 -7.158897226807e+03
2.377955526010e+03 -1.274968824739e+03 -7.156424904559e+03
2.381392012263e+03 -1.282258113662e+03 -7.153944121117e+03
2.384824588329e+03 -1.289546311461e+03 -7.151454879619e+03
2.388253246587e+03 -1.296833416007e+03 -7.148957183212e+03
2.391677990816e+03 -1.304119404161e+03 -7.146451035055e+03
2.395098813430e+03 -1.311404273787e+03 -7.143936438314e+03
2.398515710631e+03 -1.318688015752e+03 -7.141413396167e+03
2.401928678630e+03 -1.325970620925e+03 -7.138881911800e+03
2.405337713642e+03 -1.333252080177e+03 -7.136341988411e+03
2.408742811888e+03 -1.340532384378e+03 -7.133793629207e+03
2.412143969596e+03 -1.347811524402e+03 -7.131236837402e+03
2.415541179026e+03 -1.355089498209e+03 -7.128671616225e+03
2.418934444346e+03 -1.362366282511e+03 -7.126097968911e+03
2.422323757850e+03 -1.369641875260e+03 -7.123515898705e+03
2.425709115791e+03 -1.376916267336e+03 -7.120925408865e+03
2.429090514427e+03 -1.384189449617e+03 -7.118326502654e+03
2.432467950023e+03 -1.391461412984e+03 -7.115719183349e+03
2.435841418852e+03 -1.398732148318e+03 -7.113103454235e+03
2.439210913065e+03 -1.406001653659e+03 -7.110479318606e+03
2.442576437176e+03 -1.413269905588e+03 -7.107846779767e+03
2.445937983371e+03 -1.420536902139e+03 -7.105205841033e+03
2.449295547946e+03 -1.427802634199e+03 -7.102556505727e+03
2.452649127205e+03 -1.435067092655e+03 -7.099898777183e+03
2.455998717455e+03 -1.442330268398e+03 -7.097232658743e+03
2.459344315011e+03 -1.449592152319e+03 -7.094558153759e+03
2.462685911920e+03 -1.456852742536e+03 -7.091875265594e+03
2.466023513038e+03 -1.464112015503e+03 -7.089183997620e+03
2.469357110445e+03 -1.471369969331e+03 -7.086484353221e+03
2.472686700482e+03 -1.478626594918e+03 -7.083776335790e+03
2.476012279495e+03 -1.485881883162e+03 -7.081059948727e+03
2.479333843837e+03 -1.493135824963e+03 -7.078335195443e+03
2.482651389864e+03 -1.500388411223e+03 -7.075602079355e+03
2.485964913942e+03 -1.507639632844e+03 -7.072860603892e+03
2.489274407998e+03 -1.514889488034e+03 -7.070110772496e+03
2.492579877278e+03 -1.522137953103e+03 -7.067352588616e+03
2.495881313742e+03 -1.529385026252e+03 -7.064586055713e+03
2.499178713781e+03 -1.536630698392e+03 -7.061811177258e+03
2.502472073792e+03 -1.543874960432e+03 -7.059027956728e+03
2.505761390178e+03 -1.551117803285e+03 -7.056236397614e+03
2.509046659348e+03 -1.558359217867e+03 -7.053436503415e+03
2.512327873125e+03 -1.565599202462e+03 -7.050628277638e+03
2.515605037096e+03 -1.572837733258e+03 -7.047811723802e+03
2.518878143118e+03 -1.580074808533e+03 -7.044986845434e+03
2.522147187624e+03 -1.587310419209e+03 -7.042153646073e+03
2.525412167057e+03 -1.594544556208e+03 -7.039312129265e+03
2.528673077863e+03 -1.601777210453e+03 -7.036462298567e+03
2.531929916496e+03 -1.609008372872e+03 -7.033604157545e+03
2.535182679415e+03 -1.616238034390e+03 -7.030737709775e+03
2.538431358325e+03 -1.623466193385e+03 -7.027862958843e+03
2.541675959203e+03 -1.630692825902e+03 -7.024979908344e+03
2.544916473785e+03 -1.637917930311e+03 -7.022088561883e+03
2.548152898558e+03 -1.645141497546e+03 -7.019188923073e+03
2.551385230012e+03 -1.652363518544e+03 -7.016280995540e+03
2.554613464646e+03 -1.659583984241e+03 -7.013364782917e+03
2.557837598964e+03 -1.666802885578e+03 -7.010440288846e+03
2.561057624566e+03 -1.674020221009e+03 -7.007507516981e+03
2.564273547770e+03 -1.681235966459e+03 -7.004566470984e+03
2.567485360209e+03 -1.688450120378e+03 -7.001617154526e+03
2.570693058414e+03 -1.695662673711e+03 -6.998659571290e+03
2.573896638920e+03 -1.702873617408e+03 -6.995693724966e+03
2.577096098270e+03 -1.710082942418e+03 -6.992719619254e+03
2.580291433013e+03 -1.717290639694e+03 -6.989737257865e+03
2.583482634645e+03 -1.724496707769e+03 -6.986746644519e+03
2.586669709824e+03 -1.731701122448e+03 -6.983747782944e+03
2.589852650082e+03 -1.738903882260e+03 -6.980740676879e+03
2.593031451992e+03 -1.746104978165e+03 -6.977725330073e+03
2.596206112136e+03 -1.753304401123e+03 -6.974701746282e+03
2.599376627100e+03 -1.760502142098e+03 -6.971669929275e+03
2.602542993478e+03 -1.767698192055e+03 -6.968629882828e+03
2.605705207870e+03 -1.774892541962e+03 -6.965581610728e+03
2.608863261654e+03 -1.782085190440e+03 -6.962525116769e+03
2.612017161879e+03 -1.789276113164e+03 -6.959460404758e+03
2.615166899956e+03 -1.796465308750e+03 -6.956387478508e+03
2.618312472512e+03 -1.803652768173e+03 -6.953306341845e+03
2.621453876179e+03 -1.810838482410e+03 -6.950216998601e+03
2.624591107594e+03 -1.818022442440e+03 -6.947119452620e+03
2.627724163402e+03 -1.825204639244e+03 -6.944013707754e+03
2.630853034879e+03 -1.832385071524e+03 -6.940899767864e+03
2.633977729412e+03 -1.839563714835e+03 -6.937777636820e+03
2.637098238311e+03 -1.846740567874e+03 -6.934647318503e+03
2.640214558247e+03 -1.853915621630e+03 -6.931508816803e+03
2.643326685895e+03 -1.861088867094e+03 -6.928362135620e+03
2.646434617940e+03 -1.868260295260e+03 -6.925207278864e+03
2.649538351072e+03 -1.875429897122e+03 -6.922044250453e+03
2.652637881988e+03 -1.882597663679e+03 -6.918873054316e+03
2.655733201845e+03 -1.889763593720e+03 -6.915693694389e+03
2.658824318420e+03 -1.896927662674e+03 -6.912506174620e+03
2.661911222906e+03 -1.904089869327e+03 -6.909310498965e+03
2.664993912026e+03 -1.911250204684e+03 -6.906106671390e+03
2.668072382507e+03 -1.918408659754e+03 -6.902894695869e+03
2.671146631085e+03 -1.925565225546e+03 -6.899674576388e+03
2.674216654501e+03 -1.932719893073e+03 -6.896446316940e+03
2.677282443812e+03 -1.939872661204e+03 -6.893209921528e+03
2.680344007134e+03 -1.947023505256e+03 -6.889965394165e+03
2.683401335558e+03 -1.954172424092e+03 -6.886712738872e+03
2.686454425852e+03 -1.961319408734e+03 -6.883451959682e+03
2.689503274788e+03 -1.968464450206e+03 -6.880183060634e+03
2.692547879147e+03 -1.975607539532e+03 -6.876906045778e+03
2.695588235717e+03 -1.982748667740e+03 -6.873620919174e+03
2.698624341291e+03 -1.989887825861e+03 -6.870327684890e+03
2.701656186808e+03 -1.997025012853e+03 -6.867026347005e+03
2.704683780774e+03 -2.004160203906e+03 -6.863716909605e+03
2.707707114161e+03 -2.011293397976e+03 -6.860399376787e+03
2.710726183791e+03 -2.018424586101e+03 -6.857073752656e+03
2.713740986488e+03 -2.025553759323e+03 -6.853740041329e+03
2.716751519085e+03 -2.032680908685e+03 -6.850398246930e+03
2.719757778421e+03 -2.039806025233e+03 -6.847048373591e+03
2.722759755336e+03 -2.046929108004e+03 -6.843690425457e+03
2.725757458670e+03 -2.054050132082e+03 -6.840324406680e+03
2.728750879300e+03 -2.061169096499e+03 -6.836950321421e+03
2.731740014088e+03 -2.068285992309e+03 -6.833568173851e+03
2.734724859906e+03 -2.075400810573e+03 -6.830177968149e+03
2.737705413633e+03 -2.082513542348e+03 -6.826779708507e+03
2.740681672152e+03 -2.089624178699e+03 -6.823373399121e+03
2.743653626204e+03 -2.096732718740e+03 -6.819959044200e+03
2.746621284967e+03 -2.103839137447e+03 -6.816536647960e+03
2.749584639215e+03 -2.110943433933e+03 -6.813106214629e+03
2.752543685858e+03 -2.118045599269e+03 -6.809667748441e+03
2.755498421814e+03 -2.125145624530e+03 -6.806221253641e+03
2.758448844006e+03 -2.132243500794e+03 -6.802766734483e+03
2.761394949364e+03 -2.139339219141e+03 -6.799304195230e+03
2.764336734825e+03 -2.146432770652e+03 -6.795833640155e+03
2.767274191013e+03 -2.153524154532e+03 -6.792355073537e+03
2.770207327494e+03 -2.160613345638e+03 -6.788868499668e+03
2.773136134924e+03 -2.167700343170e+03 -6.785373922846e+03
2.776060610267e+03 -2.174785138221e+03 -6.781871347380e+03
2.778980750492e+03 -2.181867721884e+03 -6.778360777587e+03
2.781896552574e+03 -2.188948085258e+03 -6.774842217794e+03
2.784808013494e+03 -2.196026219442e+03 -6.771315672336e+03
2.787715123778e+03 -2.203102123718e+03 -6.767781145560e+03
2.790617893329e+03 -2.210175772841e+03 -6.764238641819e+03
2.793516312705e+03 -2.217247166091e+03 -6.760688165477e+03
2.796410378914e+03 -2.224316294576e+03 -6.757129720908e+03
2.799300088973e+03 -2.231383149412e+03 -6.753563312494e+03
2.802185439904e+03 -2.238447721713e+03 -6.749988944626e+03
2.805066428734e+03 -2.245510002598e+03 -6.746406621704e+03
2.807943052498e+03 -2.252569983188e+03 -6.742816348137e+03
2.810815301609e+03 -2.259627662853e+03 -6.739218128345e+03
2.813683186353e+03 -2.266683016235e+03 -6.735611966754e+03
2.816546697176e+03 -2.273736042702e+03 -6.731997867802e+03
2.819405831140e+03 -2.280786733384e+03 -6.728375835935e+03
2.822260585311e+03 -2.287835079417e+03 -6.724745875606e+03
2.825110956765e+03 -2.294881071937e+03 -6.721107991281e+03
2.827956942583e+03 -2.301924702085e+03 -6.717462187431e+03
2.830798533079e+03 -2.308965969309e+03 -6.713808468539e+03
2.833635738873e+03 -2.316004848152e+03 -6.710146839097e+03
2.836468550314e+03 -2.323041338058e+03 -6.706477303603e+03
2.839296964508e+03 -2.330075430180e+03 -6.702799866568e+03
2.842120978571e+03 -2.337107115670e+03 -6.699114532510e+03
2.844940589622e+03 -2.344136385685e+03 -6.695421305955e+03
2.847755794789e+03 -2.351163231385e+03 -6.691720191440e+03
2.850566584288e+03 -2.358187652294e+03 -6.688011193509e+03
2.853372969074e+03 -2.365209622860e+03 -6.684294316718e+03
2.856174939397e+03 -2.372229142606e+03 -6.680569565630e+03
2.858972492411e+03 -2.379246202701e+03 -6.676836944816e+03
2.861765625277e+03 -2.386260794321e+03 -6.673096458858e+03
2.864554335160e+03 -2.393272908640e+03 -6.669348112345e+03
2.867338619235e+03 -2.400282536838e+03 -6.665591909878e+03
2.870118474681e+03 -2.407289670097e+03 -6.661827856064e+03
2.872893891603e+03 -2.414294308031e+03 -6.658055955520e+03
2.875664881340e+03 -2.421296424979e+03 -6.654276212872e+03
2.878431434028e+03 -2.428296020552e+03 -6.650488632755e+03
2.881193546874e+03 -2.435293085943e+03 -6.646693219813e+03
2.883951217092e+03 -2.442287612351e+03 -6.642889978699e+03
2.886704441902e+03 -2.449279590973e+03 -6.639078914074e+03
2.889453218530e+03 -2.456269013013e+03 -6.635260030610e+03
2.892197536982e+03 -2.463255878161e+03 -6.631433332985e+03
2.894937408932e+03 -2.470240160665e+03 -6.627598825888e+03
2.897672824419e+03 -2.477221860211e+03 -6.623756514017e+03
2.900403780697e+03 -2.484200968016e+03 -6.619906402077e+03
2.903130275025e+03 -2.491177475296e+03 -6.616048494784e+03
2.905852304670e+03 -2.498151373273e+03 -6.612182796863e+03
2.908569866904e+03 -2.505122653169e+03 -6.608309313045e+03
2.911282959008e+03 -2.512091306212e+03 -6.604428048073e+03
2.913991570877e+03 -2.519057332180e+03 -6.600539006697e+03
2.916695714564e+03 -2.526020705216e+03 -6.596642193677e+03
2.919395380000e+03 -2.532981425096e+03 -6.592737613782e+03
2.922090564490e+03 -2.539939483061e+03 -6.588825271787e+03
2.924781265346e+03 -2.546894870351e+03 -6.584905172480e+03
2.927467479890e+03 -2.553847578212e+03 -6.580977320654e+03
2.930149205446e+03 -2.560797597893e+03 -6.577041721115e+03
2.932826431815e+03 -2.567744929249e+03 -6.573098378674e+03
2.935499171383e+03 -2.574689546333e+03 -6.569147298152e+03
2.938167413982e+03 -2.581631449000e+03 -6.565188484380e+03
2.940831156965e+03 -2.588570628511e+03 -6.561221942198e+03
2.943490397693e+03 -2.595507076130e+03 -6.557247676451e+03
2.946145133532e+03 -2.602440783123e+03 -6.553265691998e+03
2.948795361854e+03 -2.609371740762e+03 -6.549275993703e+03
2.951441080038e+03 -2.616299940320e+03 -6.545278586441e+03
2.954082277776e+03 -2.623225381741e+03 -6.541273475094e+03
2.956718967832e+03 -2.630148038978e+03 -6.537260664554e+03
2.959351139930e+03 -2.637067911974e+03 -6.533240159722e+03
2.961978791477e+03 -2.643984992016e+03 -6.529211965506e+03
2.964601919884e+03 -2.650899270393e+03 -6.525176086824e+03
2.967220522572e+03 -2.657810738399e+03 -6.521132528604e+03
2.969834596968e+03 -2.664719387329e+03 -6.517081295779e+03
2.972444132666e+03 -2.671625217203e+03 -6.513022393295e+03
2.975049142762e+03 -2.678528201892e+03 -6.508955826105e+03
2.977649616884e+03 -2.685428341414e+03 -6.504881599168e+03
2.980245552486e+03 -2.692325627078e+03 -6.500799717457e+03
2.982836947028e+03 -2.699220050198e+03 -6.496710185950e+03
2.985423797976e+03 -2.706111602090e+03 -6.492613009633e+03
2.988006102804e+03 -2.713000274073e+03 -6.488508193505e+03
2.990583851009e+03 -2.719886066242e+03 -6.484395742565e+03
2.993157056017e+03 -2.726768952382e+03 -6.480275661825e+03
2.995725707362e+03 -2.733648932590e+03 -6.476147956309e+03
2.998289802543e+03 -2.740525998198e+03 -6.472012631046e+03
3.000849339068e+03 -2.747400140543e+03 -6.467869691077e+03
3.003404314450e+03 -2.754271350964e+03 -6.463719141449e+03
3.005954726209e+03 -2.761139620805e+03 -6.459560987220e+03
3.008500571872e+03 -2.768004941413e+03 -6.455395233454e+03
3.011041840832e+03 -2.774867312970e+03 -6.451221885226e+03
3.013578546890e+03 -2.781726709171e+03 -6.447040947619e+03
3.016110679473e+03 -2.788583130198e+03 -6.442852425724e+03
3.018638236135e+03 -2.795436567413e+03 -6.438656324641e+03
3.021161214435e+03 -2.802287012178e+03 -6.434452649478e+03
3.023679611942e+03 -2.809134455863e+03 -6.430241405353e+03
3.026193426229e+03 -2.815978889836e+03 -6.426022597391e+03
3.028702646595e+03 -2.822820314359e+03 -6.421796230727e+03
3.031207287170e+03 -2.829658703046e+03 -6.417562310504e+03
3.033707337288e+03 -2.836494056156e+03 -6.413320841872e+03
3.036202794549e+03 -2.843326365074e+03 -6.409071829993e+03
3.038693656560e+03 -2.850155621190e+03 -6.404815280035e+03
3.041179920936e+03 -2.856981815895e+03 -6.400551197175e+03
3.043661585297e+03 -2.863804940585e+03 -6.396279586598e+03
3.046138647273e+03 -2.870624986659e+03 -6.392000453499e+03
3.048611096054e+03 -2.877441954466e+03 -6.387713803083e+03
3.051078946148e+03 -2.884255817530e+03 -6.383419640560e+03
3.053542186781e+03 -2.891066576200e+03 -6.379117971152e+03
3.056000815607e+03 -2.897874221891e+03 -6.374808800088e+03
3.058454830289e+03 -2.904678746019e+03 -6.370492132606e+03
3.060904228494e+03 -2.911480140006e+03 -6.366167973951e+03
3.063349007899e+03 -2.918278395276e+03 -6.361836329377e+03
3.065789157603e+03 -2.925073512254e+03 -6.357497204147e+03
3.068224692438e+03 -2.931865464388e+03 -6.353150603531e+03
3.070655601537e+03 -2.938654252103e+03 -6.348796532808e+03
3.073081882603e+03 -2.945439866837e+03 -6.344434997266e+03
3.075503533344e+03 -2.952222300033e+03 -6.340066002202e+03
3.077920551476e+03 -2.959001543139e+03 -6.335689552920e+03
3.080332934721e+03 -2.965777587606e+03 -6.331305654733e+03
3.082740672087e+03 -2.972550433931e+03 -6.326914312962e+03
3.085143778732e+03 -2.979320055491e+03 -6.322515532938e+03
3.087542243698e+03 -2.986086452786e+03 -6.318109319998e+03
3.089936064734e+03 -2.992849617281e+03 -6.313695679490e+03
3.092325239595e+03 -2.999609540446e+03 -6.309274616768e+03
3.094709766045e+03 -3.006366213753e+03 -6.304846137197e+03
3.097089641854e+03 -3.013119628679e+03 -6.300410246147e+03
3.099464864797e+03 -3.019869776706e+03 -6.295966949000e+03
3.101835423778e+03 -3.026616658419e+03 -6.291516251143e+03
3.104201334327e+03 -3.033360247111e+03 -6.287058157975e+03
3.106562585380e+03 -3.040100543369e+03 -6.282592674900e+03
3.108919174741e+03 -3.046837538690e+03 -6.278119807334e+03
3.111271100222e+03 -3.053571224573e+03 -6.273639560699e+03
3.113618359639e+03 -3.060301592523e+03 -6.269151940427e+03
3.115960950816e+03 -3.067028634048e+03 -6.264656951955e+03
3.118298862566e+03 -3.073752349807e+03 -6.260154600732e+03
3.120632110742e+03 -3.080472713027e+03 -6.255644892212e+03
3.122960684190e+03 -3.087189724367e+03 -6.251127831860e+03
3.125284580760e+03 -3.093903375352e+03 -6.246603425147e+03
3.127603798312e+03 -3.100613657509e+03 -6.242071677554e+03
3.129918334708e+03 -3.107320562368e+03 -6.237532594571e+03
3.132228187821e+03 -3.114024081466e+03 -6.232986181693e+03
3.134533355528e+03 -3.120724206341e+03 -6.228432444426e+03
3.136833826538e+03 -3.127420937739e+03 -6.223871388283e+03
3.139129617076e+03 -3.134114248809e+03 -6.219303018787e+03
3.141420715882e+03 -3.140804140297e+03 -6.214727341468e+03
3.143707120863e+03 -3.147490603758e+03 -6.210144361863e+03
3.145988829930e+03 -3.154173630753e+03 -6.205554085520e+03
3.148265841002e+03 -3.160853212843e+03 -6.200956517993e+03
3.150538152003e+03 -3.167529341594e+03 -6.196351664844e+03
3.152805751553e+03 -3.174202017828e+03 -6.191739531642e+03
3.155068656197e+03 -3.180871214627e+03 -6.187120123967e+03
3.157326854587e+03 -3.187536932812e+03 -6.182493447408e+03
3.159580344676e+03 -3.194199163968e+03 -6.177859507559e+03
3.161829124424e+03 -3.200857899682e+03 -6.173218310026e+03
3.164073191798e+03 -3.207513131545e+03 -6.168569860420e+03
3.166312544769e+03 -3.214164851153e+03 -6.163914164363e+03
3.168547181319e+03 -3.220813050106e+03 -6.159251227483e+03
3.170777089965e+03 -3.227457729310e+03 -6.154581055416e+03
3.173002287619e+03 -3.234098861775e+03 -6.149903653809e+03
3.175222762827e+03 -3.240736448404e+03 -6.145219028304e+03
3.177438513583e+03 -3.247370480799e+03 -6.140527184539e+03
3.179649537900e+03 -3.254000950581e+03 -6.135828128180e+03
3.181855833798e+03 -3.260627849373e+03 -6.131121864905e+03
3.184057399306e+03 -3.267251168804e+03 -6.126408400399e+03
3.186254222850e+03 -3.273870909854e+03 -6.121687740354e+03
3.188446321664e+03 -3.280487045470e+03 -6.116959890473e+03
3.190633684209e+03 -3.287099576636e+03 -6.112224856467e+03
3.192816308541e+03 -3.293708494997e+03 -6.107482644053e+03
3.194994192721e+03 -3.300313792203e+03 -6.102733258958e+03
3.197167334818e+03 -3.306915459909e+03 -6.097976706917e+03
3.199335732907e+03 -3.313513489771e+03 -6.093212993672e+03
3.201499375329e+03 -3.320107882847e+03 -6.088442124975e+03
3.203658279636e+03 -3.326698612023e+03 -6.083664106584e+03
3.205812434201e+03 -3.333285678358e+03 -6.078878944266e+03
3.207961837128e+03 -3.339869073526e+03 -6.074086643796e+03
3.210106486526e+03 -3.346448789208e+03 -6.069287210958e+03
3.212246380510e+03 -3.353024817088e+03 -6.064480651541e+03
3.214381517204e+03 -3.359597148853e+03 -6.059666971346e+03
3.216511894739e+03 -3.366165776198e+03 -6.054846176179e+03
3.218637501355e+03 -3.372730700262e+03 -6.050018271856e+03
3.220758354966e+03 -3.379291893866e+03 -6.045183264200e+03
3.222874443848e+03 -3.385849358154e+03 -6.040341159042e+03
3.224985766158e+03 -3.392403084835e+03 -6.035491962221e+03
3.227092320059e+03 -3.398953065624e+03 -6.030635679584e+03
3.229194103723e+03 -3.405499292240e+03 -6.025772316986e+03
3.231291115326e+03 -3.412041756406e+03 -6.020901880291e+03
3.233383343025e+03 -3.418580459337e+03 -6.016024375369e+03
3.235470805049e+03 -3.425115373798e+03 -6.011139808100e+03
3.237553489588e+03 -3.431646501006e+03 -6.006248184371e+03
3.239631394846e+03 -3.438173832702e+03 -6.001349510076e+03
3.241704519034e+03 -3.444697360631e+03 -5.996443791119e+03
3.243772860372e+03 -3.451217076544e+03 -5.991531033409e+03
3.245836417085e+03 -3.457732972195e+03 -5.986611242867e+03
3.247895187405e+03 -3.464245039343e+03 -5.981684425418e+03
3.249949159388e+03 -3.470753279286e+03 -5.976750586998e+03
3.251998351628e+03 -3.477257664728e+03 -5.971809733548e+03
3.254042752212e+03 -3.483758196972e+03 -5.966861871019e+03
3.256082359402e+03 -3.490254867792e+03 -5.961907005370e+03
3.258117171463e+03 -3.496747668972e+03 -5.956945142566e+03
3.260147186668e+03 -3.503236592297e+03 -5.951976288580e+03
3.262172403297e+03 -3.509721629556e+03 -5.947000449394e+03
3.264192809322e+03 -3.516202782122e+03 -5.942017630998e+03
3.266208423648e+03 -3.522680022647e+03 -5.937027839390e+03
3.268219234281e+03 -3.529153352507e+03 -5.932031080574e+03
3.270225239527e+03 -3.535622763509e+03 -5.927027360565e+03
3.272226437701e+03 -3.542088247468e+03 -5.922016685383e+03
3.274222827124e+03 -3.548549796201e+03 -5.916999061057e+03
3.276214406125e+03 -3.555007401531e+03 -5.911974493624e+03
3.278201173038e+03 -3.561461055287e+03 -5.906942989130e+03
3.280183115737e+03 -3.567910758922e+03 -5.901904553625e+03
3.282160253488e+03 -3.574356485033e+03 -5.896859193171e+03
3.284132574197e+03 -3.580798235078e+03 -5.891806913835e+03
3.286100076227e+03 -3.587236000904e+03 -5.886747721693e+03
3.288062757946e+03 -3.593669774361e+03 -5.881681622828e+03
3.290020617732e+03 -3.600099547304e+03 -5.876608623333e+03
3.291973653966e+03 -3.606525311593e+03 -5.871528729305e+03
3.293921854438e+03 -3.612947068757e+03 -5.866441946851e+03
3.295865238726e+03 -3.619364791343e+03 -5.861348282086e+03
3.297803794652e+03 -3.625778480883e+03 -5.856247741132e+03
3.299737520627e+03 -3.632188129256e+03 -5.851140330118e+03
3.301666415068e+03 -3.638593728346e+03 -5.846026055183e+03
3.303590476398e+03 -3.644995270041e+03 -5.840904922473e+03
3.305509703049e+03 -3.651392746235e+03 -5.835776938139e+03
3.307424082727e+03 -3.657786158528e+03 -5.830642108344e+03
3.309333635320e+03 -3.664175479423e+03 -5.825500439256e+03
3.311238348569e+03 -3.670560710525e+03 -5.820351937051e+03
3.313138220929e+03 -3.676941843745e+03 -5.815196607912e+03
3.315033250868e+03 -3.683318871002e+03 -5.810034458033e+03
3.316923436857e+03 -3.689691784218e+03 -5.804865493611e+03
3.318808777375e+03 -3.696060575318e+03 -5.799689720854e+03
3.320689270907e+03 -3.702425236235e+03 -5.794507145976e+03
3.322564905065e+03 -3.708785768653e+03 -5.789317775200e+03
3.324435700092e+03 -3.715142145024e+03 -5.784121614755e+03
3.326301643632e+03 -3.721494367036e+03 -5.778918670878e+03
3.328162734198e+03 -3.727842426639e+03 -5.773708949815e+03
3.330018970310e+03 -3.734186315791e+03 -5.768492457819e+03
3.331870350495e+03 -3.740526026452e+03 -5.763269201149e+03
3.333716873287e+03 -3.746861550588e+03 -5.758039186074e+03
3.335558526215e+03 -3.753192889956e+03 -5.752802418869e+03
3.337395329830e+03 -3.759520016964e+03 -5.747558905816e+03
3.339227271694e+03 -3.765842933375e+03 -5.742308653207e+03
3.341054350368e+03 -3.772161631173e+03 -5.737051667340e+03
3.342876564421e+03 -3.778476102349e+03 -5.731787954520e+03
3.344693912427e+03 -3.784786338899e+03 -5.726517521060e+03
3.346506392968e+03 -3.791092332823e+03 -5.721240373282e+03
3.348314004632e+03 -3.797394076127e+03 -5.715956517513e+03
3.350116734856e+03 -3.803691570650e+03 -5.710665960089e+03
3.351914604543e+03 -3.809984788755e+03 -5.705368707355e+03
3.353707601160e+03 -3.816273732286e+03 -5.700064765659e+03
3.355495723324e+03 -3.822558393269e+03 -5.694754141362e+03
3.357278969658e+03 -3.828838763734e+03 -5.689436840828e+03
3.359057338791e+03 -3.835114835717e+03 -5.684112870432e+03
3.360830829360e+03 -3.841386601259e+03 -5.678782236553e+03
3.362599428721e+03 -3.847654062270e+03 -5.673444945581e+03
3.364363158081e+03 -3.853917191077e+03 -5.668101003910e+03
3.366122004830e+03 -3.860175989594e+03 -5.662750417945e+03
3.367875967629e+03 -3.866430449883e+03 -5.657393194095e+03
3.369625045152e+03 -3.872680564010e+03 -5.652029338779e+03
3.371369236075e+03 -3.878926324047e+03 -5.646658858422e+03
3.373108539083e+03 -3.885167722069e+03 -5.641281759457e+03
3.374842941451e+03 -3.891404760060e+03 -5.635898048324e+03
3.376572464692e+03 -3.897637410307e+03 -5.630507731472e+03
3.378297096115e+03 -3.903865674800e+03 -5.625110815354e+03
3.380016834429e+03 -3.910089545636e+03 -5.619707306435e+03
3.381731678356e+03 -3.916309014915e+03 -5.614297211183e+03
3.383441626621e+03 -3.922524074746e+03 -5.608880536075e+03
3.385146677956e+03 -3.928734717240e+03 -5.603457287597e+03
3.386846831101e+03 -3.934940934516e+03 -5.598027472241e+03
3.388542073240e+03 -3.941142728638e+03 -5.592591096505e+03
3.390232426234e+03 -3.947340071856e+03 -5.587148166897e+03
3.391917877299e+03 -3.953532966239e+03 -5.581698689930e+03
3.393598425201e+03 -3.959721403926e+03 -5.576242672127e+03
3.395274068714e+03 -3.965905377062e+03 -5.570780120015e+03
3.396944806620e+03 -3.972084877794e+03 -5.565311040131e+03
3.398610637707e+03 -3.978259898278e+03 -5.559835439018e+03
3.400271549078e+03 -3.984430440649e+03 -5.554353323227e+03
3.401927562897e+03 -3.990596477124e+03 -5.548864699315e+03
3.403578666302e+03 -3.996758009845e+03 -5.543369573849e+03
3.405224858106e+03 -4.002915030987e+03 -5.537867953399e+03
3.406866137132e+03 -4.009067532732e+03 -5.532359844547e+03
3.408502502209e+03 -4.015215507265e+03 -5.526845253879e+03
3.410133952173e+03 -4.021358946777e+03 -5.521324187990e+03
3.411760485867e+03 -4.027497843466e+03 -5.515796653480e+03
3.413382090306e+03 -4.033632199547e+03 -5.510262656959e+03
3.414998787996e+03 -4.039761987205e+03 -5.504722205043e+03
3.416610565986e+03 -4.045887208661e+03 -5.499175304355e+03
3.418217423144e+03 -4.052007856135e+03 -5.493621961525e+03
3.419819358349e+03 -4.058123921849e+03 -5.488062183191e+03
3.421416370484e+03 -4.064235398033e+03 -5.482495975998e+03
3.423008458440e+03 -4.070342276920e+03 -5.476923346597e+03
3.424595609155e+03 -4.076444560799e+03 -5.471344301648e+03
3.426177845434e+03 -4.082542221825e+03 -5.465758847818e+03
3.427755154249e+03 -4.088635262290e+03 -5.460166991779e+03
3.429327534516e+03 -4.094723674451e+03 -5.454568740213e+03
3.430894985161e+03 -4.100807450569e+03 -5.448964099807e+03
3.432457505116e+03 -4.106886582912e+03 -5.443353077257e+03
3.434015093320e+03 -4.112961063753e+03 -5.437735679264e+03
3.435567748719e+03 -4.119030885368e+03 -5.432111912537e+03
3.437115458162e+03 -4.125096050126e+03 -5.426481783794e+03
3.438658244797e+03 -4.131156530152e+03 -5.420845299757e+03
3.440196095506e+03 -4.137212327820e+03 -5.415202467157e+03
3.441729009260e+03 -4.143263435430e+03 -5.409553292732e+03
3.443256985041e+03 -4.149309845288e+03 -5.403897783226e+03
3.444780021836e+03 -4.155351549705e+03 -5.398235945391e+03
3.446298118638e+03 -4.161388540996e+03 -5.392567785985e+03
3.447811262219e+03 -4.167420821599e+03 -5.386893311773e+03
3.449319476022e+03 -4.173448363612e+03 -5.381212529524e+03
3.450822746850e+03 -4.179471169478e+03 -5.375525446017e+03
3.452321073723e+03 -4.185489231534e+03 -5.369832068036e+03
3.453814455669e+03 -4.191502542123e+03 -5.364132402374e+03
3.455302891722e+03 -4.197511093596e+03 -5.358426455831e+03
3.456786380924e+03 -4.203514878309e+03 -5.352714235216e+03
3.458264909974e+03 -4.209513898768e+03 -5.346995747345e+03
3.459738502610e+03 -4.215508127053e+03 -5.341270999038e+03
3.461207145562e+03 -4.221497565677e+03 -5.335539997125e+03
3.462670837900e+03 -4.227482207021e+03 -5.329802748442e+03
3.464129578698e+03 -4.233462043466e+03 -5.324059259832e+03
3.465583367037e+03 -4.239437067397e+03 -5.318309538138e+03
3.467032202004e+03 -4.245407271210e+03 -5.312553590217e+03
3.468476082698e+03 -4.251372647303e+03 -5.306791422931e+03
3.469914995730e+03 -4.257333198265e+03 -5.301023043152e+03
3.471348965176e+03 -4.263288896152e+03 -5.295248457758e+03
3.472777977679e+03 -4.269239743557e+03 -5.289467673632e+03
3.474202032363e+03 -4.275185732904e+03 -5.283680697668e+03
3.475621128361e+03 -4.281126856622e+03 -5.277887536763e+03
3.477035264809e+03 -4.287063107148e+03 -5.272088197823e+03
3.478444440853e+03 -4.292994476921e+03 -5.266282687761e+03
3.479848643032e+03 -4.298920968598e+03 -5.260471013494e+03
3.481247895711e+03 -4.304842554217e+03 -5.254653181951e+03
3.482642185463e+03 -4.310759236441e+03 -5.248829200063e+03
3.484031511458e+03 -4.316671007734e+03 -5.242999074770e+03
3.485415872876e+03 -4.322577860566e+03 -5.237162813020e+03
3.486795268903e+03 -4.328479787412e+03 -5.231320421765e+03
3.488169698733e+03 -4.334376780755e+03 -5.225471907966e+03
3.489539161564e+03 -4.340268833082e+03 -5.219617278590e+03
3.490903643853e+03 -4.346155947126e+03 -5.213756540612e+03
3.492263170297e+03 -4.352038094909e+03 -5.207889701011e+03
3.493617727384e+03 -4.357915279172e+03 -5.202016766777e+03
3.494967314340e+03 -4.363787492426e+03 -5.196137744902e+03
3.496311930400e+03 -4.369654727187e+03 -5.190252642388e+03
3.497651574805e+03 -4.375516975979e+03 -5.184361466243e+03
3.498986246803e+03 -4.381374231330e+03 -5.178464223483e+03
3.500315932776e+03 -4.387226496042e+03 -5.172560921128e+03
3.501640657712e+03 -4.393073742122e+03 -5.166651566206e+03
3.502960408025e+03 -4.398915972381e+03 -5.160736165753e+03
3.504275182991e+03 -4.404753179371e+03 -5.154814726811e+03
3.505584981891e+03 -4.410585355650e+03 -5.148887256427e+03
3.506889804014e+03 -4.416412493781e+03 -5.142953761657e+03
3.508189648657e+03 -4.422234586336e+03 -5.137014249563e+03
3.509484502131e+03 -4.428051636185e+03 -5.131068727213e+03
3.510774389711e+03 -4.433863615322e+03 -5.125117201684e+03
3.512059297738e+03 -4.439670526627e+03 -5.119159680055e+03
3.513339225537e+03 -4.445472362694e+03 -5.113196169417e+03
3.514614172436e+03 -4.451269116123e+03 -5.107226676865e+03
3.515884137774e+03 -4.457060779518e+03 -5.101251209500e+03
3.517149120894e+03 -4.462847345493e+03 -5.095269774431e+03
3.518409121147e+03 -4.468628806665e+03 -5.089282378773e+03
3.519664124763e+03 -4.474405165984e+03 -5.083289029648e+03
3.520914157343e+03 -4.480176395430e+03 -5.077289734185e+03
3.522159205147e+03 -4.485942497963e+03 -5.071284499517e+03
3.523399267555e+03 -4.491703466223e+03 -5.065273332786e+03
3.524634343950e+03 -4.497459292859e+03 -5.059256241141e+03
3.525864433725e+03 -4.503209970525e+03 -5.053233231736e+03
3.527089536277e+03 -4.508955491880e+03 -5.047204311733e+03
3.528309637767e+03 -4.514695859944e+03 -5.041169488299e+03
3.529524764080e+03 -4.520431046688e+03 -5.035128768610e+03
3.530734901408e+03 -4.526161055139e+03 -5.029082159845e+03
3.531940049175e+03 -4.531885877983e+03 -5.023029669194e+03
3.533140206816e+03 -4.537605507909e+03 -5.016971303850e+03
3.534335373769e+03 -4.543319937616e+03 -5.010907071014e+03
3.535525549481e+03 -4.549029159805e+03 -5.004836977893e+03
3.536710733404e+03 -4.554733167186e+03 -4.998761031701e+03
3.537890911621e+03 -4.560431962854e+03 -4.992679239658e+03
3.539066110339e+03 -4.566125518775e+03 -4.986591608990e+03
3.540236315669e+03 -4.571813838053e+03 -4.980498146932e+03
3.541401527093e+03 -4.577496913422e+03 -4.974398860723e+03
3.542561744098e+03 -4.583174737622e+03 -4.968293757608e+03
3.543716966178e+03 -4.588847303399e+03 -4.962182844841e+03
3.544867192833e+03 -4.594514603505e+03 -4.956066129680e+03
3.546012410077e+03 -4.600176641103e+03 -4.949943619391e+03
3.547152644398e+03 -4.605833388155e+03 -4.943815321246e+03
3.548287881840e+03 -4.611484847831e+03 -4.937681242523e+03
3.549418121931e+03 -4.617131012910e+03 -4.931541390507e+03
3.550543364206e+03 -4.622771876175e+03 -4.925395772488e+03
3.551663608208e+03 -4.628407430416e+03 -4.919244395766e+03
3.552778853485e+03 -4.634037668430e+03 -4.913087267644e+03
3.553889099593e+03 -4.639662583019e+03 -4.906924395432e+03
3.554994332468e+03 -4.645282177423e+03 -4.900755786448e+03
3.556094578918e+03 -4.650896423600e+03 -4.894581448014e+03
3.557189824908e+03 -4.656505324798e+03 -4.888401387460e+03
3.558280070022e+03 -4.662108873846e+03 -4.882215612123e+03
3.559365313849e+03 -4.667707063577e+03 -4.876024129344e+03
3.560445555986e+03 -4.673299886833e+03 -4.869826946472e+03
3.561520796037e+03 -4.678887336460e+03 -4.863624070863e+03
3.562591019869e+03 -4.684469415763e+03 -4.857415509876e+03
3.563656254569e+03 -4.690046096703e+03 -4.851201270880e+03
3.564716486035e+03 -4.695617382592e+03 -4.844981361248e+03
3.565771713898e+03 -4.701183266304e+03 -4.838755788361e+03
3.566821937796e+03 -4.706743740718e+03 -4.832524559606e+03
3.567867157372e+03 -4.712298798720e+03 -4.826287682374e+03
3.568907372279e+03 -4.717848433200e+03 -4.820045164064e+03
3.569942568317e+03 -4.723392647530e+03 -4.813797012083e+03
3.570972772850e+03 -4.728931413671e+03 -4.807543233841e+03
3.571997971709e+03 -4.734464735005e+03 -4.801283836756e+03
3.573018164572e+03 -4.739992604449e+03 -4.795018828252e+03
3.574033351124e+03 -4.745515014926e+03 -4.788748215759e+03
3.575043531058e+03 -4.751031959368e+03 -4.782472006713e+03
3.576048704073e+03 -4.756543430711e+03 -4.776190208557e+03
3.577048869875e+03 -4.762049421899e+03 -4.769902828740e+03
3.578044014189e+03 -4.767549936378e+03 -4.763609874716e+03
3.579034164693e+03 -4.773044946114e+03 -4.757311353946e+03
3.580019307141e+03 -4.778534454563e+03 -4.751007273897e+03
3.580999441267e+03 -4.784018454695e+03 -4.744697642043e+03
3.581974566811e+03 -4.789496939486e+03 -4.738382465864e+03
3.582944683519e+03 -4.794969901918e+03 -4.732061752844e+03
3.583909791144e+03 -4.800437334981e+03 -4.725735510476e+03
3.584869875349e+03 -4.805899242188e+03 -4.719403746257e+03
3.585824964082e+03 -4.811355595508e+03 -4.713066467693e+03
3.586775043035e+03 -4.816806398466e+03 -4.706723682292e+03
3.587720111989e+03 -4.822251644076e+03 -4.700375397572e+03
3.588660170730e+03 -4.827691325361e+03 -4.694021621055e+03
3.589595219054e+03 -4.833125435349e+03 -4.687662360269e+03
3.590525256761e+03 -4.838553967076e+03 -4.681297622749e+03
3.591450283660e+03 -4.843976913583e+03 -4.674927416036e+03
3.592370285338e+03 -4.849394278458e+03 -4.668551747676e+03
3.593285290055e+03 -4.854806033680e+03 -4.662170625222e+03
3.594195283429e+03 -4.860212182848e+03 -4.655784056233e+03
3.595100265293e+03 -4.865612719029e+03 -4.649392048273e+03
3.596000235492e+03 -4.871007635300e+03 -4.642994608913e+03
3.596895193872e+03 -4.876396924741e+03 -4.636591745730e+03
3.597785140290e+03 -4.881780580440e+03 -4.630183466307e+03
3.598670060269e+03 -4.887158606051e+03 -4.623769778232e+03
3.599549982340e+03 -4.892530973562e+03 -4.617350689100e+03
3.600424892055e+03 -4.897897686636e+03 -4.610926206512e+03
3.601294789297e+03 -4.903258738389e+03 -4.604496338074e+03
3.602159673957e+03 -4.908614121941e+03 -4.598061091398e+03
3.603019545928e+03 -4.913963830423e+03 -4.591620474104e+03
3.603874405116e+03 -4.919307856968e+03 -4.585174493815e+03
3.604724236981e+03 -4.924646205295e+03 -4.578723158162e+03
3.605569070320e+03 -4.929978847403e+03 -4.572266474782e+03
3.606408890624e+03 -4.935305787020e+03 -4.565804451315e+03
3.607243697824e+03 -4.940627017310e+03 -4.559337095411e+03
3.608073491855e+03 -4.945942531440e+03 -4.552864414723e+03
3.608898272662e+03 -4.951252322587e+03 -4.546386416911e+03
3.609718040195e+03 -4.956556383932e+03 -4.539903109640e+03
3.610532794410e+03 -4.961854708666e+03 -4.533414500583e+03
3.611342520700e+03 -4.967147300579e+03 -4.526920597415e+03
3.612147248164e+03 -4.972434131687e+03 -4.520421407822e+03
3.612946962223e+03 -4.977715205792e+03 -4.513916939491e+03
3.613741662860e+03 -4.982990516109e+03 -4.507407200117e+03
3.614531350067e+03 -4.988260055864e+03 -4.500892197402e+03
3.615316023842e+03 -4.993523818286e+03 -4.494371939051e+03
3.616095684188e+03 -4.998781796611e+03 -4.487846432776e+03
3.616870316435e+03 -5.004033994696e+03 -4.481315686296e+03
3.617639949949e+03 -5.009280384571e+03 -4.474779707335e+03
3.618404570089e+03 -5.014520970102e+03 -4.468238503621e+03
3.619164176885e+03 -5.019755744553e+03 -4.461692082891e+03
3.619918770375e+03 -5.024984701197e+03 -4.455140452884e+03
3.620668350604e+03 -5.030207833310e+03 -4.448583621348e+03
3.621412917622e+03 -5.035425134175e+03 -4.442021596031e+03
3.622152471487e+03 -5.040636597085e+03 -4.435454384693e+03
3.622886997458e+03 -5.045842225964e+03 -4.428881995095e+03
3.623616525198e+03 -5.051041992862e+03 -4.422304435005e+03
3.624341039997e+03 -5.056235901718e+03 -4.415721712197e+03
3.625060541939e+03 -5.061423945850e+03 -4.409133834452e+03
3.625775031116e+03 -5.066606118584e+03 -4.402540809556e+03
3.626484507626e+03 -5.071782413254e+03 -4.395942645300e+03
3.627188971575e+03 -5.076952823202e+03 -4.389339349484e+03
3.627888408164e+03 -5.082117352417e+03 -4.382730929910e+03
3.628582847319e+03 -5.087275972971e+03 -4.376117394388e+03
3.629272274270e+03 -5.092428688865e+03 -4.369498750733e+03
3.629956689148e+03 -5.097575493469e+03 -4.362875006766e+03
3.630636092094e+03 -5.102716380157e+03 -4.356246170312e+03
3.631310483253e+03 -5.107851342314e+03 -4.349612249203e+03
3.631979862777e+03 -5.112980373328e+03 -4.342973251278e+03
3.632644230826e+03 -5.118103466597e+03 -4.336329184377e+03
3.633303572535e+03 -5.123220626183e+03 -4.329680056350e+03
3.633957918123e+03 -5.128331824179e+03 -4.323025875051e+03
3.634607252753e+03 -5.133437064662e+03 -4.316366648339e+03
3.635251576612e+03 -5.138536341055e+03 -4.309702384078e+03
3.635890889891e+03 -5.143629646791e+03 -4.303033090139e+03
3.636525192792e+03 -5.148716975308e+03 -4.296358774399e+03
3.637154485518e+03 -5.153798320053e+03 -4.289679444739e+03
3.637778753150e+03 -5.158873685151e+03 -4.282995109045e+03
3.638398026161e+03 -5.163943042720e+03 -4.276305775212e+03
3.639012289658e+03 -5.169006396898e+03 -4.269611451136e+03
3.639621543873e+03 -5.174063741160e+03 -4.262912144722e+03
3.640225789048e+03 -5.179115068988e+03 -4.256207863879e+03
3.640825025427e+03 -5.184160373869e+03 -4.249498616521e+03
3.641419253265e+03 -5.189199649302e+03 -4.242784410569e+03
3.642008457582e+03 -5.194232899473e+03 -4.236065253947e+03
3.642592669108e+03 -5.199260096524e+03 -4.229341154587e+03
3.643171872892e+03 -5.204281244658e+03 -4.222612120425e+03
3.643746069214e+03 -5.209296337398e+03 -4.215878159403e+03
3.644315258361e+03 -5.214305368276e+03 -4.209139279468e+03
3.644879440625e+03 -5.219308330832e+03 -4.202395488572e+03
3.645438616307e+03 -5.224305218612e+03 -4.195646794674e+03
3.645992785713e+03 -5.229296025169e+03 -4.188893205736e+03
3.646541933801e+03 -5.234280754762e+03 -4.182134729727e+03
3.647086091588e+03 -5.239259379565e+03 -4.175371374622e+03
3.647625244060e+03 -5.244231903849e+03 -4.168603148400e+03
3.648159391549e+03 -5.249198321196e+03 -4.161830059044e+03
3.648688534396e+03 -5.254158625197e+03 -4.155052114546e+03
3.649212672947e+03 -5.259112809449e+03 -4.148269322901e+03
3.649731807557e+03 -5.264060867555e+03 -4.141481692109e+03
3.650245923125e+03 -5.269002803836e+03 -4.134689230176e+03
3.650755050922e+03 -5.273938590495e+03 -4.127891945114e+03
3.651259175876e+03 -5.278868231864e+03 -4.121089844938e+03
3.651758298368e+03 -5.283791721577e+03 -4.114282937671e+03
3.652252418784e+03 -5.288709053275e+03 -4.107471231339e+03
3.652741537517e+03 -5.293620220606e+03 -4.100654733975e+03
3.653225654967e+03 -5.298525217224e+03 -4.093833453616e+03
3.653704771540e+03 -5.303424036791e+03 -4.087007398303e+03
3.654178872076e+03 -5.308316683700e+03 -4.080176576086e+03
3.654647988128e+03 -5.313203130185e+03 -4.073340995017e+03
3.655112104562e+03 -5.318083380652e+03 -4.066500663155e+03
3.655571221812e+03 -5.322957428792e+03 -4.059655588562e+03
3.656025340318e+03 -5.327825268305e+03 -4.052805779309e+03
3.656474460526e+03 -5.332686892896e+03 -4.045951243468e+03
3.656918582889e+03 -5.337542296281e+03 -4.039091989119e+03
3.657357692193e+03 -5.342391482911e+03 -4.032228024346e+03
3.657791820238e+03 -5.347234425056e+03 -4.025359357239e+03
3.658220951838e+03 -5.352071127180e+03 -4.018485995892e+03
3.658645087472e+03 -5.356901583027e+03 -4.011607948404e+03
3.659064227626e+03 -5.361725786349e+03 -4.004725222881e+03
3.659478372793e+03 -5.366543730903e+03 -3.997837827433e+03
3.659887523472e+03 -5.371355410456e+03 -3.990945770174e+03
3.660291664398e+03 -5.376160829519e+03 -3.984049059225e+03
3.660690827614e+03 -5.380959960397e+03 -3.977147702711e+03
3.661084997881e+03 -5.385752807616e+03 -3.970241708762e+03
3.661474175725e+03 -5.390539364971e+03 -3.963331085513e+03
3.661858361678e+03 -5.395319626265e+03 -3.956415841104e+03
3.662237556280e+03 -5.400093585309e+03 -3.949495983682e+03
3.662611760076e+03 -5.404861235920e+03 -3.942571521396e+03
3.662980973619e+03 -5.409622571925e+03 -3.935642462402e+03
3.663345181583e+03 -5.414377597903e+03 -3.928708814860e+03
3.663704416290e+03 -5.419126286202e+03 -3.921770586936e+03
3.664058662441e+03 -5.423868641415e+03 -3.914827786800e+03
3.664407920613e+03 -5.428604657398e+03 -3.907880422628e+03
3.664752191394e+03 -5.433334328014e+03 -3.900928502599e+03
3.665091475375e+03 -5.438057647133e+03 -3.893972034900e+03
3.665425773154e+03 -5.442774608635e+03 -3.887011027721e+03
3.665755069355e+03 -5.447485217158e+03 -3.880045489256e+03
3.666079396539e+03 -5.452189445087e+03 -3.873075427707e+03
3.666398739358e+03 -5.456887297078e+03 -3.866100851277e+03
3.666713098434e+03 -5.461578767038e+03 -3.859121768178e+03
3.667022474401e+03 -5.466263848883e+03 -3.852138186624e+03
3.667326867896e+03 -5.470942536536e+03 -3.845150114835e+03
3.667626279564e+03 -5.475614823929e+03 -3.838157561035e+03
3.667920710056e+03 -5.480280705000e+03 -3.831160533455e+03
3.668210143938e+03 -5.484940184457e+03 -3.824159040328e+03
3.668494614044e+03 -5.489593234731e+03 -3.817153089894e+03
3.668774104968e+03 -5.494239860544e+03 -3.810142690398e+03
3.669048617385e+03 -5.498880055866e+03 -3.803127850087e+03
3.669318151982e+03 -5.503513814672e+03 -3.796108577217e+03
3.669582709447e+03 -5.508141130948e+03 -3.789084880045e+03
3.669842290479e+03 -5.512761998685e+03 -3.782056766835e+03
3.670096879594e+03 -5.517376422651e+03 -3.775024245856e+03
3.670346509862e+03 -5.521984375317e+03 -3.767987325380e+03
3.670591165827e+03 -5.526585861466e+03 -3.760946013685e+03
3.670830848213e+03 -5.531180875121e+03 -3.753900319054e+03
3.671065557748e+03 -5.535769410311e+03 -3.746850249773e+03
3.671295295171e+03 -5.540351461074e+03 -3.739795814137e+03
3.671520061222e+03 -5.544927021456e+03 -3.732737020440e+03
3.671739856653e+03 -5.549496085511e+03 -3.725673876984e+03
3.671954665924e+03 -5.554058658071e+03 -3.718606392077e+03
3.672164522374e+03 -5.558614711662e+03 -3.711534574029e+03
3.672369410491e+03 -5.563164251130e+03 -3.704458431155e+03
3.672569331049e+03 -5.567707270561e+03 -3.697377971777e+03
3.672764284832e+03 -5.572243764046e+03 -3.690293204218e+03
3.672954272629e+03 -5.576773725685e+03 -3.683204136810e+03
3.673139295233e+03 -5.581297149585e+03 -3.676110777886e+03
3.673319337059e+03 -5.585814040639e+03 -3.669013135785e+03
3.673494431678e+03 -5.590324371414e+03 -3.661911218852e+03
3.673664563529e+03 -5.594828146820e+03 -3.654805035434e+03
3.673829733435e+03 -5.599325360994e+03 -3.647694593885e+03
3.673989942222e+03 -5.603816008082e+03 -3.640579902561e+03
3.674145190724e+03 -5.608300082238e+03 -3.633460969827e+03
3.674295479784e+03 -5.612777577623e+03 -3.626337804047e+03
3.674440793767e+03 -5.617248499189e+03 -3.619210413594e+03
3.674581166474e+03 -5.621712819551e+03 -3.612078806843e+03
3.674716582299e+03 -5.626170543676e+03 -3.604942992176e+03
3.674847042108e+03 -5.630621665755e+03 -3.597802977976e+03
3.674972546775e+03 -5.635066179989e+03 -3.590658772635e+03
3.675093097179e+03 -5.639504080588e+03 -3.583510384545e+03
3.675208694207e+03 -5.643935361768e+03 -3.576357822106e+03
3.675319338750e+03 -5.648360017752e+03 -3.569201093721e+03
3.675425015124e+03 -5.652778053557e+03 -3.562040207798e+03
3.675525757389e+03 -5.657189441856e+03 -3.554875172748e+03
3.675621549888e+03 -5.661594187680e+03 -3.547705996990e+03
3.675712393537e+03 -5.665992285285e+03 -3.540532688943e+03
3.675798289263e+03 -5.670383728934e+03 -3.533355257033e+03
3.675879237996e+03 -5.674768512899e+03 -3.526173709692e+03
3.675955240675e+03 -5.679146631459e+03 -3.518988055352e+03
3.676026281569e+03 -5.683518089687e+03 -3.511798302454e+03
3.676092394965e+03 -5.687882860308e+03 -3.504604459440e+03
3.676153565160e+03 -5.692240948410e+03 -3.497406534759e+03
3.676209793115e+03 -5.696592348304e+03 -3.490204536863e+03
3.676261079803e+03 -5.700937054309e+03 -3.482998474209e+03
3.676307426199e+03 -5.705275060751e+03 -3.475788355257e+03
3.676348833287e+03 -5.709606361966e+03 -3.468574188474e+03
3.676385302055e+03 -5.713930952297e+03 -3.461355982328e+03
3.676416816724e+03 -5.718248836880e+03 -3.454133745295e+03
3.676443411836e+03 -5.722559988502e+03 -3.446907485852e+03
3.676465071636e+03 -5.726864412315e+03 -3.439677212483e+03
3.676481797139e+03 -5.731162102694e+03 -3.432442933675e+03
3.676493589367e+03 -5.735453054022e+03 -3.425204657920e+03
3.676500449348e+03 -5.739737260689e+03 -3.417962393713e+03
3.676502378117e+03 -5.744014717094e+03 -3.410716149554e+03
3.676499359849e+03 -5.748285428430e+03 -3.403465933948e+03
3.676491429310e+03 -5.752549367539e+03 -3.396211755404e+03
3.676478570699e+03 -5.756806539629e+03 -3.388953622435e+03
3.676460785079e+03 -5.761056939131e+03 -3.381691543558e+03
3.676438073514e+03 -5.765300560484e+03 -3.374425527295e+03
3.676410437079e+03 -5.769537398134e+03 -3.367155582171e+03
3.676377876852e+03 -5.773767446536e+03 -3.359881716716e+03
3.676340376968e+03 -5.777990710939e+03 -3.352603939465e+03
3.676297972410e+03 -5.782207164242e+03 -3.345322258957e+03
3.676250647336e+03 -5.786416811709e+03 -3.338036683733e+03
3.676198402853e+03 -5.790619647827e+03 -3.330747222341e+03
3.676141240070e+03 -5.794815667091e+03 -3.323453883332e+03
3.676079160105e+03 -5.799004864002e+03 -3.316156675260e+03
3.676012164080e+03 -5.803187233069e+03 -3.308855606682e+03
3.675940253123e+03 -5.807362768808e+03 -3.301550686162e+03
3.675863411320e+03 -5.811531476528e+03 -3.294241922266e+03
3.675781673901e+03 -5.815693329195e+03 -3.286929323564e+03
3.675695024976e+03 -5.819848332132e+03 -3.279612898631e+03
3.675603465698e+03 -5.823996479890e+03 -3.272292656047e+03
3.675506997230e+03 -5.828137767025e+03 -3.264968604393e+03
3.675405620737e+03 -5.832272188104e+03 -3.257640752257e+03
3.675299337393e+03 -5.836399737698e+03 -3.250309108231e+03
3.675188131244e+03 -5.840520421174e+03 -3.242973680909e+03
3.675072037734e+03 -5.844634211558e+03 -3.235634478893e+03
3.674951040937e+03 -5.848741114234e+03 -3.228291510787e+03
3.674825142050e+03 -5.852841123809e+03 -3.220944785199e+03
3.674694342283e+03 -5.856934234900e+03 -3.213594310744e+03
3.674558642848e+03 -5.861020442133e+03 -3.206240096037e+03
3.674418044963e+03 -5.865099740140e+03 -3.198882149699e+03
3.674272549856e+03 -5.869172123563e+03 -3.191520480356e+03
3.674122141527e+03 -5.873237597831e+03 -3.184155096635e+03
3.673966855666e+03 -5.877296136041e+03 -3.176786007171e+03
3.673806676297e+03 -5.881347743641e+03 -3.169413220599e+03
3.673641604672e+03 -5.885392415302e+03 -3.162036745561e+03
3.673471642048e+03 -5.889430145709e+03 -3.154656590702e+03
3.673296789690e+03 -5.893460929551e+03 -3.147272764669e+03
3.673117048867e+03 -5.897484761527e+03 -3.139885276117e+03
3.672932403541e+03 -5.901501647120e+03 -3.132494133701e+03
3.672742889613e+03 -5.905511559492e+03 -3.125099346081e+03
3.672548491068e+03 -5.909514504145e+03 -3.117700921924e+03
3.672349209202e+03 -5.913510475808e+03 -3.110298869896e+03
3.672145045316e+03 -5.917499469222e+03 -3.102893198670e+03
3.671936000719e+03 -5.921481479136e+03 -3.095483916922e+03
3.671722076725e+03 -5.925456500305e+03 -3.088071033332e+03
3.671503274653e+03 -5.929424527495e+03 -3.080654556584e+03
3.671279578425e+03 -5.933385566249e+03 -3.073234495366e+03
3.671051024175e+03 -5.937339589807e+03 -3.065810858369e+03
3.670817595848e+03 -5.941286603728e+03 -3.058383654289e+03
3.670579294790e+03 -5.945226602811e+03 -3.050952891825e+03
3.670336122351e+03 -5.949159581863e+03 -3.043518579680e+03
3.670088079891e+03 -5.953085535698e+03 -3.036080726561e+03
3.669835168773e+03 -5.957004459138e+03 -3.028639341178e+03
3.669577372881e+03 -5.960916357780e+03 -3.021194432247e+03
3.669314728556e+03 -5.964821204932e+03 -3.013746008484e+03
3.669047219705e+03 -5.968719006207e+03 -3.006294078612e+03
3.668774847718e+03 -5.972609756463e+03 -2.998838651358e+03
3.668497613989e+03 -5.976493450562e+03 -2.991379735449e+03
3.668215519922e+03 -5.980370083379e+03 -2.983917339621e+03
3.667928566924e+03 -5.984239649794e+03 -2.976451472608e+03
3.667636738841e+03 -5.988102155458e+03 -2.968982143153e+03
3.667340072221e+03 -5.991957573745e+03 -2.961509359999e+03
3.667038550931e+03 -5.995805910325e+03 -2.954033131895e+03
3.666732176407e+03 -5.999647160111e+03 -2.946553467592e+03
3.666420950087e+03 -6.003481318026e+03 -2.939070375846e+03
3.666104873416e+03 -6.007308379003e+03 -2.931583865416e+03
3.665783947848e+03 -6.011128337980e+03 -2.924093945065e+03
3.665458174839e+03 -6.014941189906e+03 -2.916600623558e+03
3.665127538197e+03 -6.018746940491e+03 -2.909103909667e+03
3.664792074696e+03 -6.022545563193e+03 -2.901603812164e+03
3.664451768167e+03 -6.026337063738e+03 -2.894100339828e+03
3.664106620093e+03 -6.030121437109e+03 -2.886593501438e+03
3.663756631962e+03 -6.033898678297e+03 -2.879083305780e+03
3.663401805270e+03 -6.037668782299e+03 -2.871569761641e+03
3.663042141519e+03 -6.041431744123e+03 -2.864052877814e+03
3.662677624480e+03 -6.045187569531e+03 -2.856532663093e+03
3.662308291129e+03 -6.048936232054e+03 -2.849009126277e+03
3.661934125258e+03 -6.052677737469e+03 -2.841482276168e+03
3.661555128395e+03 -6.056412080817e+03 -2.833952121571e+03
3.661171302072e+03 -6.060139257147e+03 -2.826418671296e+03
3.660782647827e+03 -6.063859261517e+03 -2.818881934156e+03
3.660389167205e+03 -6.067572088994e+03 -2.811341918966e+03
3.659990861758e+03 -6.071277734652e+03 -2.803798634548e+03
3.659587715219e+03 -6.074976204312e+03 -2.796252089724e+03
3.659179764787e+03 -6.078667471591e+03 -2.788702293321e+03
3.658766994219e+03 -6.082351542327e+03 -2.781149254171e+03
3.658349405092e+03 -6.086028411630e+03 -2.773592981106e+03
3.657926998987e+03 -6.089698074616e+03 -2.766033482964e+03
3.657499777491e+03 -6.093360526412e+03 -2.758470768586e+03
3.657067742200e+03 -6.097015762152e+03 -2.750904846816e+03
3.656630876815e+03 -6.100663787707e+03 -2.743335726502e+03
3.656189218728e+03 -6.104304576772e+03 -2.735763416494e+03
3.655742751664e+03 -6.107938135236e+03 -2.728187925647e+03
3.655291477243e+03 -6.111564458267e+03 -2.720609262820e+03
3.654835397089e+03 -6.115183541044e+03 -2.713027436872e+03
3.654374512832e+03 -6.118795378751e+03 -2.705442456669e+03
3.653908826111e+03 -6.122399966583e+03 -2.697854331079e+03
3.653438320594e+03 -6.125997310461e+03 -2.690263068973e+03
3.652963033868e+03 -6.129587384159e+03 -2.682668679225e+03
3.652482949624e+03 -6.133170193616e+03 -2.675071170714e+03
3.651998069525e+03 -6.136745734062e+03 -2.667470552321e+03
3.651508395238e+03 -6.140314000732e+03 -2.659866832931e+03
3.651013928436e+03 -6.143874988875e+03 -2.652260021431e+03
3.650514670801e+03 -6.147428693743e+03 -2.644650126712e+03
3.650010624016e+03 -6.150975110600e+03 -2.637037157670e+03
3.649501771719e+03 -6.154514245425e+03 -2.629421123202e+03
3.648988151710e+03 -6.158046072082e+03 -2.621802032209e+03
3.648469747646e+03 -6.161570596569e+03 -2.614179893595e+03
3.647946561239e+03 -6.165087814183e+03 -2.606554716268e+03
3.647418594204e+03 -6.168597720232e+03 -2.598926509139e+03
3.646885848264e+03 -6.172100310029e+03 -2.591295281121e+03
3.646348325147e+03 -6.175595578898e+03 -2.583661041133e+03
3.645806008460e+03 -6.179083532868e+03 -2.576023798093e+03
3.645258936190e+03 -6.182564145885e+03 -2.568383560927e+03
3.644707091965e+03 -6.186037423997e+03 -2.560740338560e+03
3.644150477538e+03 -6.189503362561e+03 -2.553094139922e+03
3.643589094667e+03 -6.192961956945e+03 -2.545444973948e+03
3.643022945119e+03 -6.196413202524e+03 -2.537792849572e+03
3.642452030663e+03 -6.199857094683e+03 -2.530137775735e+03
3.641876353077e+03 -6.203293628813e+03 -2.522479761379e+03
3.641295895934e+03 -6.206722811000e+03 -2.514818815450e+03
3.640710697431e+03 -6.210144615287e+03 -2.507154946896e+03
3.640120741166e+03 -6.213559047776e+03 -2.499488164670e+03
3.639526028938e+03 -6.216966103896e+03 -2.491818477726e+03
3.638926562554e+03 -6.220365779083e+03 -2.484145895023e+03
3.638322343828e+03 -6.223758068781e+03 -2.476470425520e+03
3.637713374579e+03 -6.227142968445e+03 -2.468792078183e+03
3.637099638353e+03 -6.230520484209e+03 -2.461110861979e+03
3.636481173528e+03 -6.233890590199e+03 -2.453426785878e+03
3.635857963674e+03 -6.237253292568e+03 -2.445739858853e+03
3.635230010634e+03 -6.240608586806e+03 -2.438050089881e+03
3.634597316255e+03 -6.243956468409e+03 -2.430357487940e+03
3.633959882394e+03 -6.247296932885e+03 -2.422662062014e+03
3.633317710912e+03 -6.250629975747e+03 -2.414963821088e+03
3.632670803676e+03 -6.253955592521e+03 -2.407262774150e+03
3.632019144201e+03 -6.257273789394e+03 -2.399558930191e+03
3.631362771073e+03 -6.260584540595e+03 -2.391852298207e+03
3.630701667829e+03 -6.263887852331e+03 -2.384142887195e+03
3.630035836359e+03 -6.267183720161e+03 -2.376430706154e+03
3.629365278561e+03 -6.270472139653e+03 -2.368715764089e+03
3.628689996338e+03 -6.273753106383e+03 -2.360998070005e+03
3.628009991599e+03 -6.277026615938e+03 -2.353277632911e+03
3.627325247833e+03 -6.280292674552e+03 -2.345554461820e+03
3.626635803803e+03 -6.283551256544e+03 -2.337828565747e+03
3.625941643021e+03 -6.286802368168e+03 -2.330099953708e+03
3.625242767417e+03 -6.290046005047e+03 -2.322368634726e+03
3.624539178933e+03 -6.293282162807e+03 -2.314634617823e+03
3.623830879511e+03 -6.296510837090e+03 -2.306897912026e+03
3.623117871104e+03 -6.299732023540e+03 -2.299158526364e+03
3.622400137175e+03 -6.302945728442e+03 -2.291416469869e+03
3.621677716662e+03 -6.306151926204e+03 -2.283671751577e+03
3.620950593050e+03 -6.309350623128e+03 -2.275924380524e+03
3.620218768315e+03 -6.312541814898e+03 -2.268174365752e+03
3.619482244435e+03 -6.315725497204e+03 -2.260421716303e+03
3.618741023398e+03 -6.318901665747e+03 -2.252666441225e+03
3.617995107196e+03 -6.322070316235e+03 -2.244908549565e+03
3.617244497827e+03 -6.325231444388e+03 -2.237148050376e+03
3.616489178727e+03 -6.328385056542e+03 -2.229384952711e+03
3.615729189031e+03 -6.331531127209e+03 -2.221619265629e+03
3.614964512198e+03 -6.334669662748e+03 -2.213850998188e+03
3.614195150248e+03 -6.337800658911e+03 -2.206080159453e+03
3.613421105209e+03 -6.340924111461e+03 -2.198306758487e+03
3.612642379116e+03 -6.344040016170e+03 -2.190530804359e+03
3.611858974006e+03 -6.347148368817e+03 -2.182752306141e+03
3.611070873295e+03 -6.350249175786e+03 -2.174971272905e+03
3.610278116285e+03 -6.353342411685e+03 -2.167187713727e+03
3.609480686413e+03 -6.356428082917e+03 -2.159401637687e+03
3.608678585741e+03 -6.359506185298e+03 -2.151613053866e+03
3.607871816338e+03 -6.362576714653e+03 -2.143821971348e+03
3.607060380278e+03 -6.365639666817e+03 -2.136028399220e+03
3.606244279642e+03 -6.368695037631e+03 -2.128232346571e+03
3.605423516515e+03 -6.371742822948e+03 -2.120433822494e+03
3.604598074288e+03 -6.374783029203e+03 -2.112632836083e+03
3.603767992454e+03 -6.377815631114e+03 -2.104829396435e+03
3.602933254425e+03 -6.380840635137e+03 -2.097023512651e+03
3.602093862308e+03 -6.383858037159e+03 -2.089215193832e+03
3.601249818220e+03 -6.386867833077e+03 -2.081404449084e+03
3.600401124281e+03 -6.389870018796e+03 -2.073591287514e+03
3.599547782619e+03 -6.392864590230e+03 -2.065775718232e+03
3.598689776602e+03 -6.395851553862e+03 -2.057957750352e+03
3.597827145889e+03 -6.398830884505e+03 -2.050137392987e+03
3.596959873869e+03 -6.401802588662e+03 -2.042314655257e+03
3.596087962692e+03 -6.404766662282e+03 -2.034489546280e+03
3.595211414514e+03 -6.407723101326e+03 -2.026662075181e+03
3.594330231497e+03 -6.410671901761e+03 -2.018832251084e+03
3.593444415809e+03 -6.413613059566e+03 -2.011000083116e+03
3.592553950797e+03 -6.416546581266e+03 -2.003165580409e+03
3.591658876284e+03 -6.419472441776e+03 -1.995328752094e+03
3.590759175637e+03 -6.422390647642e+03 -1.987489607307e+03
3.589854851047e+03 -6.425301194877e+03 -1.979648155185e+03
3.588945904711e+03 -6.428204079504e+03 -1.971804404869e+03
3.588032338830e+03 -6.431099297555e+03 -1.963958365500e+03
3.587114155614e+03 -6.433986845070e+03 -1.956110046224e+03
3.586191357276e+03 -6.436866718100e+03 -1.948259456187e+03
3.585263927142e+03 -6.439738923221e+03 -1.940406604540e+03
3.584331905216e+03 -6.442603435462e+03 -1.932551500434e+03
3.583395274844e+03 -6.445460261421e+03 -1.924694153024e+03
3.582454038263e+03 -6.448309397184e+03 -1.916834571467e+03
3.581508197716e+03 -6.451150838847e+03 -1.908972764921e+03
3.580557755451e+03 -6.453984582513e+03 -1.901108742548e+03
3.579602713722e+03 -6.456810624295e+03 -1.893242513512e+03
3.578643055837e+03 -6.459628970816e+03 -1.885374086980e+03
3.577678821957e+03 -6.462439597205e+03 -1.877503472118e+03
3.576709995410e+03 -6.465242510105e+03 -1.869630678099e+03
3.575736578472e+03 -6.468037705665e+03 -1.861755714095e+03
3.574758573427e+03 -6.470825180045e+03 -1.853878589282e+03
3.573775982563e+03 -6.473604929412e+03 -1.845999312837e+03
3.572788808174e+03 -6.476376949943e+03 -1.838117893940e+03
3.571797052559e+03 -6.479141237824e+03 -1.830234341774e+03
3.570800699008e+03 -6.481897799727e+03 -1.822348665522e+03
3.569799787857e+03 -6.484646610901e+03 -1.814460874371e+03
3.568794302415e+03 -6.487387678038e+03 -1.806570977510e+03
3.567784245003e+03 -6.490120997361e+03 -1.798678984131e+03
3.566769617951e+03 -6.492846565101e+03 -1.790784903426e+03
3.565750423592e+03 -6.495564377500e+03 -1.782888744591e+03
3.564726664266e+03 -6.498274430808e+03 -1.774990516824e+03
3.563698323246e+03 -6.500976731739e+03 -1.767090229324e+03
3.562665441019e+03 -6.503671255648e+03 -1.759187891294e+03
3.561628000878e+03 -6.506358009271e+03 -1.751283511937e+03
3.560586005186e+03 -6.509036988894e+03 -1.743377100461e+03
3.559539456309e+03 -6.511708190814e+03 -1.735468666073e+03
3.558488356623e+03 -6.514371611335e+03 -1.727558217985e+03
3.557432708505e+03 -6.517027246773e+03 -1.719645765408e+03
3.556372514341e+03 -6.519675093449e+03 -1.711731317559e+03
3.555307757386e+03 -6.522315158129e+03 -1.703814883653e+03
3.554238478299e+03 -6.524947416288e+03 -1.695896472910e+03
3.553164660355e+03 -6.527571874713e+03 -1.687976094550e+03
3.552086305960e+03 -6.530188529762e+03 -1.680053757798e+03
3.551003417528e+03 -6.532797377807e+03 -1.672129471879e+03
3.549915997478e+03 -6.535398415224e+03 -1.664203246019e+03
3.548824048234e+03 -6.537991638403e+03 -1.656275089448e+03
3.547727553036e+03 -6.540577054149e+03 -1.648345011398e+03
3.546626552691e+03 -6.543154638048e+03 -1.640413021101e+03
3.545521030458e+03 -6.545724396926e+03 -1.632479127794e+03
3.544410988785e+03 -6.548286327210e+03 -1.624543340713e+03
3.543296430122e+03 -6.550840425333e+03 -1.616605669099e+03
3.542177356929e+03 -6.553386687738e+03 -1.608666122192e+03
3.541053771668e+03 -6.555925110878e+03 -1.600724709237e+03
3.539925657568e+03 -6.558455701600e+03 -1.592781439477e+03
3.538793055577e+03 -6.560978435601e+03 -1.584836322161e+03
3.537655948944e+03 -6.563493319750e+03 -1.576889366538e+03
3.536514340153e+03 -6.566000350537e+03 -1.568940581859e+03
3.535368231695e+03 -6.568499524460e+03 -1.560989977377e+03
3.534217626067e+03 -6.570990838027e+03 -1.553037562347e+03
3.533062525773e+03 -6.573474287756e+03 -1.545083346026e+03
3.531902933319e+03 -6.575949870174e+03 -1.537127337672e+03
3.530738831920e+03 -6.578417592174e+03 -1.529169546548e+03
3.529570262687e+03 -6.580877429582e+03 -1.521209981914e+03
3.528397208852e+03 -6.583329389313e+03 -1.513248653036e+03
3.527219672946e+03 -6.585773467933e+03 -1.505285569180e+03
3.526037657504e+03 -6.588209662013e+03 -1.497320739613e+03
3.524851165067e+03 -6.590637968136e+03 -1.489354173607e+03
3.523660198182e+03 -6.593058382894e+03 -1.481385880432e+03
3.522464740050e+03 -6.595470913221e+03 -1.473415869363e+03
3.521264831923e+03 -6.597875535056e+03 -1.465444149674e+03
3.520060457021e+03 -6.600272255356e+03 -1.457470730642e+03
3.518851617912e+03 -6.602661070749e+03 -1.449495621548e+03
3.517638317171e+03 -6.605041977874e+03 -1.441518831671e+03
3.516420557377e+03 -6.607414973378e+03 -1.433540370294e+03
3.515198341114e+03 -6.609780053917e+03 -1.425560246701e+03
3.513971670975e+03 -6.612137216158e+03 -1.417578470178e+03
3.512740530148e+03 -6.614486467081e+03 -1.409595050013e+03
3.511504960041e+03 -6.616827782757e+03 -1.401609995495e+03
3.510264943861e+03 -6.619161170187e+03 -1.393623315916e+03
3.509020484219e+03 -6.621486626075e+03 -1.385635020568e+03
3.507771583731e+03 -6.623804147126e+03 -1.377645118744e+03
3.506518245020e+03 -6.626113730061e+03 -1.369653619740e+03
3.505260470713e+03 -6.628415371612e+03 -1.361660532855e+03
3.503998243993e+03 -6.630709078800e+03 -1.353665867387e+03
3.502731606398e+03 -6.632994827810e+03 -1.345669632639e+03
3.501460541128e+03 -6.635272625687e+03 -1.337671837913e+03
3.500185050834e+03 -6.637542469200e+03 -1.329672492514e+03
3.498905138171e+03 -6.639804355127e+03 -1.321671605747e+03
3.497620805801e+03 -6.642058280255e+03 -1.313669186922e+03
3.496332056391e+03 -6.644304241383e+03 -1.305665245346e+03
3.495038892614e+03 -6.646542235316e+03 -1.297659790332e+03
3.493741297641e+03 -6.648772269121e+03 -1.289652831192e+03
3.492439313162e+03 -6.650994319119e+03 -1.281644377240e+03
3.491132922365e+03 -6.653208392399e+03 -1.273634437792e+03
3.489822127944e+03 -6.655414485805e+03 -1.265623022166e+03
3.488506932599e+03 -6.657612596191e+03 -1.257610139679e+03
3.487187339035e+03 -6.659802720419e+03 -1.249595799653e+03
3.485863349961e+03 -6.661984855362e+03 -1.241580011410e+03
3.484534948543e+03 -6.664159008125e+03 -1.233562784272e+03
3.483202176597e+03 -6.666325155150e+03 -1.225544127565e+03
3.481865017305e+03 -6.668483303563e+03 -1.217524050616e+03
3.480523473399e+03 -6.670633450275e+03 -1.209502562751e+03
3.479177547615e+03 -6.672775592206e+03 -1.201479673302e+03
3.477827242697e+03 -6.674909726284e+03 -1.193455391598e+03
3.476472561392e+03 -6.677035849449e+03 -1.185429726971e+03
3.475113486857e+03 -6.679153968843e+03 -1.177402688757e+03
3.473750061037e+03 -6.681264061029e+03 -1.169374286289e+03
3.472382267106e+03 -6.683366133174e+03 -1.161344528905e+03
3.471010107832e+03 -6.685460182254e+03 -1.153313425943e+03
3.469633585991e+03 -6.687546205254e+03 -1.145280986742e+03
3.468252704363e+03 -6.689624199171e+03 -1.137247220643e+03
3.466867465732e+03 -6.691694161009e+03 -1.129212136989e+03
3.465477872890e+03 -6.693756087782e+03 -1.121175745123e+03
3.464083908988e+03 -6.695809986677e+03 -1.113138054391e+03
3.462685616110e+03 -6.697855834398e+03 -1.105099074138e+03
3.461282977423e+03 -6.699893638153e+03 -1.097058813712e+03
3.459875995741e+03 -6.701923394996e+03 -1.089017282464e+03
3.458464673880e+03 -6.703945101989e+03 -1.080974489743e+03
3.457049014662e+03 -6.705958756201e+03 -1.072930444900e+03
3.455629020915e+03 -6.707964354715e+03 -1.064885157290e+03
3.454204675787e+03 -6.709961904754e+03 -1.056838636266e+03
3.452776021481e+03 -6.711951383145e+03 -1.048790891184e+03
3.451343041161e+03 -6.713932797137e+03 -1.040741931402e+03
3.449905737675e+03 -6.715906143848e+03 -1.032691766277e+03
3.448464113879e+03 -6.717871420407e+03 -1.024640405168e+03
3.447018172631e+03 -6.719828623951e+03 -1.016587857438e+03
3.445567916795e+03 -6.721777751627e+03 -1.008534132447e+03
3.444113349243e+03 -6.723718800593e+03 -1.000479239560e+03
3.442654453116e+03 -6.725651778115e+03 -9.924231881395e+02
3.441191270754e+03 -6.727576661165e+03 -9.843659875525e+02
3.439723785315e+03 -6.729493457032e+03 -9.763076471657e+02
3.438251999692e+03 -6.731402162912e+03 -9.682481763470e+02
3.436775916779e+03 -6.733302776009e+03 -9.601875844657e+02
3.435295539478e+03 -6.735195293537e+03 -9.521258808924e+02
3.433810870696e+03 -6.737079712720e+03 -9.440630749987e+02
3.432321893573e+03 -6.738956040862e+03 -9.359991761572e+02
3.430828650563e+03 -6.740824255060e+03 -9.279341937421e+02
3.429331124822e+03 -6.742684362643e+03 -9.198681371282e+02
3.427829319279e+03 -6.744536360871e+03 -9.118010156918e+02
3.426323236865e+03 -6.746380247016e+03 -9.037328388101e+02
3.424812880518e+03 -6.748216018360e+03 -8.956636158617e+02
3.423298253181e+03 -6.750043672193e+03 -8.875933562260e+02
3.421779337994e+03 -6.751863215854e+03 -8.795220692835e+02
3.420256177522e+03 -6.753674626572e+03 -8.714497644160e+02
3.418728754921e+03 -6.755477911708e+03 -8.633764510061e+02
3.417197073153e+03 -6.757273068593e+03 -8.553021384377e+02
3.415661135188e+03 -6.759060094564e+03 -8.472268360955e+02
3.414120944000e+03 -6.760838986971e+03 -8.391505533654e+02
3.412576502568e+03 -6.762609743172e+03 -8.310732996343e+02
3.411027813877e+03 -6.764372360534e+03 -8.229950842901e+02
3.409474861065e+03 -6.766126846440e+03 -8.149159167218e+02
3.407917686825e+03 -6.767873178265e+03 -8.068358063191e+02
3.406356274309e+03 -6.769611363412e+03 -7.987547624728e+02
3.404790626523e+03 -6.771341399288e+03 -7.906727945747e+02
3.403220746475e+03 -6.773063283307e+03 -7.825899120175e+02
3.401646637182e+03 -6.774777012895e+03 -7.745061241949e+02
3.400068301664e+03 -6.776482585486e+03 -7.664214405016e+02
3.398485723058e+03 -6.778180008494e+03 -7.583358703330e+02
3.396898944163e+03 -6.779869259428e+03 -7.502494230856e+02
3.395307948133e+03 -6.781550345726e+03 -7.421621081569e+02
3.393712738008e+03 -6.783223264861e+03 -7.340739349452e+02
3.392113316835e+03 -6.784888014317e+03 -7.259849128497e+02
3.390509687663e+03 -6.786544591585e+03 -7.178950512707e+02
3.388901853550e+03 -6.788192994170e+03 -7.098043596092e+02
3.387289817556e+03 -6.789833219582e+03 -7.017128472672e+02
3.385673562822e+03 -6.791465275276e+03 -6.936205236476e+02
3.384053132264e+03 -6.793089138913e+03 -6.855273981540e+02
3.382428509040e+03 -6.794704817973e+03 -6.774334801910e+02
3.380799696230e+03 -6.796312310005e+03 -6.693387791640e+02
3.379166696921e+03 -6.797911612571e+03 -6.612433044790e+02
3.377529514204e+03 -6.799502723240e+03 -6.531470655432e+02
3.375888151176e+03 -6.801085639592e+03 -6.450500717642e+02
3.374242590980e+03 -6.802660369117e+03 -6.369523325508e+02
3.372592876634e+03 -6.804226889610e+03 -6.288538573122e+02
3.370938991298e+03 -6.805785208583e+03 -6.207546554587e+02
3.369280938086e+03 -6.807335323656e+03 -6.126547364010e+02
3.367618720122e+03 -6.808877232457e+03 -6.045541095508e+02
3.365952340532e+03 -6.810410932624e+03 -5.964527843205e+02
3.364281802447e+03 -6.811936421804e+03 -5.883507701232e+02
3.362607109004e+03 -6.813453697655e+03 -5.802480763728e+02
3.360928243352e+03 -6.814962767705e+03 -5.721447124837e+02
3.359245248621e+03 -6.816463609904e+03 -5.640406878712e+02
3.357558107972e+03 -6.817956231805e+03 -5.559360119513e+02
3.355866824563e+03 -6.819440631103e+03 -5.478306941404e+02
3.354171401556e+03 -6.820916805505e+03 -5.397247438560e+02
3.352471842117e+03 -6.822384752726e+03 -5.316181705159e+02
3.350768149417e+03 -6.823844470492e+03 -5.235109835387e+02
3.349060306610e+03 -6.825295966363e+03 -5.154031923436e+02
3.347348356921e+03 -6.826739218429e+03 -5.072948063505e+02
3.345632283518e+03 -6.828174234275e+03 -4.991858349799e+02
3.343912089591e+03 -6.829601011664e+03 -4.910762876528e+02
3.342187778337e+03 -6.831019548371e+03 -4.829661737909e+02
3.340459352958e+03 -6.832429842181e+03 -4.748555028165e+02
3.338726816660e+03 -6.833831890886e+03 -4.667442841525e+02
3.336990152602e+03 -6.835225702080e+03 -4.586325272223e+02
3.335249404102e+03 -6.836611253991e+03 -4.505202414498e+02
3.333504554332e+03 -6.837988554238e+03 -4.424074362597e+02
3.331755606519e+03 -6.839357600652e+03 -4.342941210769e+02
3.330002563893e+03 -6.840718391076e+03 -4.261803053271e+02
3.328245429691e+03 -6.842070923363e+03 -4.180659984364e+02
3.326484207154e+03 -6.843415195374e+03 -4.099512098314e+02
3.324718899527e+03 -6.844751204981e+03 -4.018359489393e+02
3.322949489976e+03 -6.846078959815e+03 -3.937202251878e+02
3.321176021924e+03 -6.847398438263e+03 -3.856040480049e+02
3.319398478549e+03 -6.848709647982e+03 -3.774874268192e+02
3.317616863117e+03 -6.850012586881e+03 -3.693703710598e+02
3.315831178899e+03 -6.851307252883e+03 -3.612528901561e+02
3.314041429169e+03 -6.852593643916e+03 -3.531349935381e+02
3.312247617207e+03 -6.853871757921e+03 -3.450166906362e+02
3.310449726187e+03 -6.855141602561e+03 -3.368979908811e+02
3.308647799619e+03 -6.856403156366e+03 -3.287789037041e+02
3.306841820688e+03 -6.857656427022e+03 -3.206594385367e+02
3.305031792696e+03 -6.858901412510e+03 -3.125396048111e+02
3.303217718945e+03 -6.860138110818e+03 -3.044194119594e+02
3.301399602745e+03 -6.861366519946e+03 -2.962988694145e+02
3.299577447410e+03 -6.862586637903e+03 -2.881779866095e+02
3.297751256259e+03 -6.863798462706e+03 -2.800567729779e+02
3.295921012476e+03 -6.865002002056e+03 -2.719352379534e+02
3.294086759665e+03 -6.866197234644e+03 -2.638133909702e+02
3.292248481025e+03 -6.867384168194e+03 -2.556912414628e+02
3.290406179892e+03 -6.868562800765e+03 -2.475687988660e+02
3.288559859611e+03 -6.869733130424e+03 -2.394460726147e+02
3.286709523527e+03 -6.870895155250e+03 -2.313230721444e+02
3.284855174995e+03 -6.872048873328e+03 -2.231998068908e+02
3.282996797207e+03 -6.873194292389e+03 -2.150762862898e+02
3.281134433851e+03 -6.874331391272e+03 -2.069525197775e+02
3.279268068133e+03 -6.875460177729e+03 -1.988285167904e+02
3.277397703425e+03 -6.876580649889e+03 -1.907042867651e+02
3.275523343102e+03 -6.877692805888e+03 -1.825798391386e+02
3.273644990547e+03 -6.878796643872e+03 -1.744551833481e+02
3.271762649145e+03 -6.879892161998e+03 -1.663303288308e+02
3.269876302099e+03 -6.880979368027e+03 -1.582052850242e+02
3.267985993178e+03 -6.882058240941e+03 -1.500800613663e+02
3.266091705597e+03 -6.883128788526e+03 -1.419546672947e+02
3.264193442761e+03 -6.884191008978e+03 -1.338291122478e+02
3.262291208079e+03 -6.885244900502e+03 -1.257034056636e+02
3.260385004967e+03 -6.886290461315e+03 -1.175775569806e+02
3.258474836844e+03 -6.887327689642e+03 -1.094515756375e+02
3.256560707133e+03 -6.888356583718e+03 -1.013254710727e+02
3.254642599051e+03 -6.889377151337e+03 -9.319925272519e+01
3.252720556452e+03 -6.890389371651e+03 -8.507293003384e+01
3.250794562567e+03 -6.891393252481e+03 -7.694651243770e+01
3.248864620836e+03 -6.892388792100e+03 -6.882000937585e+01
3.246930734709e+03 -6.893375988794e+03 -6.069343028752e+01
3.244992907637e+03 -6.894354840857e+03 -5.256678461196e+01
3.243051143076e+03 -6.895325346594e+03 -4.444008178853e+01
3.241105424256e+03 -6.896287513828e+03 -3.631333125661e+01
3.239155795106e+03 -6.897241321861e+03 -2.818654245566e+01
3.237202238866e+03 -6.898186778541e+03 -2.005972482513e+01
3.235244759012e+03 -6.899123882212e+03 -1.193288780453e+01
3.233283359025e+03 -6.900052631228e+03 -3.806040833372e+00
3.231318042388e+03 -6.900973023954e+03 4.320806648816e+00
3.229348812592e+03 -6.901885058764e+03 1.244764520254e+01
3.227375673130e+03 -6.902788734040e+03 2.057446538827e+01
3.225398607247e+03 -6.903684057640e+03 2.870125776656e+01
3.223417658953e+03 -6.904571009036e+03 3.682801289793e+01
3.221432811504e+03 -6.905449596111e+03 4.495472134300e+01
3.219444068412e+03 -6.906319817286e+03 5.308137366245e+01
3.217451433195e+03 -6.907181670997e+03 6.120796041695e+01
3.215454909375e+03 -6.908035155685e+03 6.933447216733e+01
3.213454500477e+03 -6.908880269805e+03 7.746089947445e+01
3.211450189762e+03 -6.909717021242e+03 8.558723289928e+01
3.209442021306e+03 -6.910545389618e+03 9.371346300288e+01
3.207429978380e+03 -6.911365382845e+03 1.018395803465e+02
3.205414064529e+03 -6.912176999416e+03 1.099655754913e+02
3.203394283303e+03 -6.912980237833e+03 1.180914389989e+02
3.201370638255e+03 -6.913775096609e+03 1.262171614307e+02
3.199343132944e+03 -6.914561574267e+03 1.343427333486e+02
3.197311770933e+03 -6.915339669340e+03 1.424681453145e+02
3.195276535500e+03 -6.916109389745e+03 1.505933878903e+02
3.193237470795e+03 -6.916870715279e+03 1.587184516385e+02
3.191194560107e+03 -6.917623653885e+03 1.668433271213e+02
3.189147807017e+03 -6.918368204137e+03 1.749680049015e+02
3.187097215111e+03 -6.919104364615e+03 1.830924755420e+02
3.185042787980e+03 -6.919832133914e+03 1.912167296058e+02
3.182984529219e+03 -6.920551510634e+03 1.993407576563e+02
3.180922422121e+03 -6.921262502721e+03 2.074645502570e+02
3.178856510899e+03 -6.921965090126e+03 2.155880979717e+02
3.176786778860e+03 -6.922659280820e+03 2.237113913645e+02
3.174713229615e+03 -6.923345073444e+03 2.318344209998e+02
3.172635866782e+03 -6.924022466652e+03 2.399571774422e+02
3.170554693984e+03 -6.924691459105e+03 2.480796512567e+02
3.168469714846e+03 -6.925352049476e+03 2.562018330084e+02
3.166380912680e+03 -6.926004245735e+03 2.643237132629e+02
3.164288331759e+03 -6.926648027991e+03 2.724452825861e+02
3.162191955406e+03 -6.927283404239e+03 2.805665315441e+02
3.160091787265e+03 -6.927910373194e+03 2.886874507036e+02
3.157987830984e+03 -6.928528933575e+03 2.968080306313e+02
3.155880090217e+03 -6.929139084117e+03 3.049282618947e+02
3.153768568622e+03 -6.929740823560e+03 3.130481350612e+02
3.151653269861e+03 -6.930334150656e+03 3.211676406989e+02
3.149534177267e+03 -6.930919073408e+03 3.292867693762e+02
3.147411335178e+03 -6.931495572102e+03 3.374055116618e+02
3.145284726936e+03 -6.932063654765e+03 3.455238581251e+02
3.143154356222e+03 -6.932623320189e+03 3.536417993357e+02
3.141020226721e+03 -6.933174567177e+03 3.617593258635e+02
3.138882342121e+03 -6.933717394540e+03 3.698764282791e+02
3.136740706115e+03 -6.934251801101e+03 3.779930971535e+02
3.134595302056e+03 -6.934777794888e+03 3.861093230581e+02
3.132446174336e+03 -6.935295356344e+03 3.942250965648e+02
3.130293306317e+03 -6.935804493523e+03 4.023404082460e+02
3.128136701710e+03 -6.936305205289e+03 4.104552486744e+02
3.125976364230e+03 -6.936797490512e+03 4.185696084236e+02
3.123812297597e+03 -6.937281348075e+03 4.266834780673e+02
3.121644505536e+03 -6.937756776871e+03 4.347968481799e+02
3.119472991774e+03 -6.938223775802e+03 4.429097093365e+02
3.117297739688e+03 -6.938682352924e+03 4.510220521124e+02
3.115118793727e+03 -6.939132488864e+03 4.591338670837e+02
3.112936137278e+03 -6.939574191705e+03 4.672451448270e+02
3.110749774086e+03 -6.940007460390e+03 4.753558759193e+02
3.108559707901e+03 -6.940432293872e+03 4.834660509385e+02
3.106365942479e+03 -6.940848691111e+03 4.915756604629e+02
3.104168481578e+03 -6.941256651082e+03 4.996846950714e+02
3.101967308596e+03 -6.941656181868e+03 5.077931453436e+02
3.099762468031e+03 -6.942047264253e+03 5.159010018596e+02
3.097553943290e+03 -6.942429906346e+03 5.240082552001e+02
3.095341738149e+03 -6.942804107162e+03 5.321148959467e+02
3.093125856389e+03 -6.943169865722e+03 5.402209146815e+02
3.090906301795e+03 -6.943527181059e+03 5.483263019870e+02
3.088683078156e+03 -6.943876052217e+03 5.564310484469e+02
3.086456168893e+03 -6.944216487303e+03 5.645351446452e+02
3.084225618548e+03 -6.944548467264e+03 5.726385811667e+02
3.081991410551e+03 -6.944872000234e+03 5.807413485969e+02
3.079753548709e+03 -6.945187085297e+03 5.888434375219e+02
3.077512036833e+03 -6.945493721546e+03 5.969448385288e+02
3.075266878737e+03 -6.945791908083e+03 6.050455422052e+02
3.073018078240e+03 -6.946081644023e+03 6.131455391395e+02
3.070765639166e+03 -6.946362928490e+03 6.212448199209e+02
3.068509544962e+03 -6.946635769618e+03 6.293433751392e+02
3.066249840220e+03 -6.946900148540e+03 6.374411953853e+02
3.063986508396e+03 -6.947156073420e+03 6.455382712504e+02
3.061719553331e+03 -6.947403543419e+03 6.536345933270e+02
3.059448978869e+03 -6.947642557714e+03 6.617301522081e+02
3.057174788860e+03 -6.947873115487e+03 6.698249384876e+02
3.054896987156e+03 -6.948095215932e+03 6.779189427602e+02
3.052615557229e+03 -6.948308867210e+03 6.860121556214e+02
3.050330543711e+03 -6.948514050616e+03 6.941045676676e+02
3.048041930082e+03 -6.948710774338e+03 7.021961694960e+02
3.045749720213e+03 -6.948899037609e+03 7.102869517048e+02
3.043453917978e+03 -6.949078839674e+03 7.183769048929e+02
3.041154527254e+03 -6.949250179788e+03 7.264660196601e+02
3.038851551924e+03 -6.949413057215e+03 7.345542866073e+02
3.036544995875e+03 -6.949567471230e+03 7.426416963360e+02
3.034234842608e+03 -6.949713430020e+03 7.507282394488e+02
3.031921136797e+03 -6.949850915070e+03 7.588139065493e+02
3.029603861951e+03 -6.949979934592e+03 7.668986882417e+02
3.027283021974e+03 -6.950100487903e+03 7.749825751315e+02
3.024958620773e+03 -6.950212574328e+03 7.830655578250e+02
3.022630662259e+03 -6.950316193201e+03 7.911476269295e+02
3.020299150349e+03 -6.950411343869e+03 7.992287730531e+02
3.017964068570e+03 -6.950498034542e+03 8.073089868052e+02
3.015625461629e+03 -6.950576246869e+03 8.153882587959e+02
3.013283313063e+03 -6.950645989088e+03 8.234665796364e+02
3.010937626804e+03 -6.950707260585e+03 8.315439399391e+02
3.008588406788e+03 -6.950760060755e+03 8.396203303172e+02
3.006235656956e+03 -6.950804389005e+03 8.476957413849e+02
3.003879381252e+03 -6.950840244752e+03 8.557701637576e+02
3.001519583625e+03 -6.950867627421e+03 8.638435880517e+02
2.999156247633e+03 -6.950886545248e+03 8.719160048846e+02
2.996789418021e+03 -6.950896980076e+03 8.799874048748e+02
2.994419078355e+03 -6.950898940166e+03 8.880577786420e+02
2.992045232600e+03 -6.950892424985e+03 8.961271168069e+02
2.989667884725e+03 -6.950877434011e+03 9.041954099912e+02
2.987287038704e+03 -6.950853966731e+03 9.122626488179e+02
2.984902698513e+03 -6.950822022642e+03 9.203288239110e+02
2.982514847740e+03 -6.950781610002e+03 9.283939258957e+02
2.980123531157e+03 -6.950732710820e+03 9.364579453983e+02
2.977728732359e+03 -6.950675333383e+03 9.445208730462e+02
2.975330455339e+03 -6.950609477226e+03 9.525826994682e+02
2.972928704095e+03 -6.950535141900e+03 9.606434152940e+02
2.970523482628e+03 -6.950452326960e+03 9.687030111546e+02
2.968114794943e+03 -6.950361031977e+03 9.767614776821e+02
2.965702624657e+03 -6.950261265229e+03 9.848188055100e+02
2.963287016568e+03 -6.950153008895e+03 9.928749852729e+02
2.960867954300e+03 -6.950036271283e+03 1.000930007607e+03
2.958445441875e+03 -6.949911052001e+03 1.008983863148e+03
2.956019483317e+03 -6.949777350668e+03 1.017036542536e+03
2.953590082657e+03 -6.949635166912e+03 1.025088036409e+03
2.951157243926e+03 -6.949484500375e+03 1.033138335409e+03
2.948720971163e+03 -6.949325350704e+03 1.041187430178e+03
2.946281248019e+03 -6.949157726203e+03 1.049235311358e+03
2.943838119317e+03 -6.948981609247e+03 1.057281969595e+03
2.941391568717e+03 -6.948797008166e+03 1.065327395535e+03
2.938941600271e+03 -6.948603922652e+03 1.073371579824e+03
2.936488218037e+03 -6.948402352403e+03 1.081414513113e+03
2.934031426075e+03 -6.948192297130e+03 1.089456186049e+03
2.931571228450e+03 -6.947973756553e+03 1.097496589285e+03
2.929107608847e+03 -6.947746738997e+03 1.105535713474e+03
2.926640612105e+03 -6.947511227008e+03 1.113573549268e+03
2.924170221918e+03 -6.947267228938e+03 1.121610087325e+03
2.921696442365e+03 -6.947014744548e+03 1.129645318300e+03
2.919219277531e+03 -6.946753773608e+03 1.137679232851e+03
2.916738731503e+03 -6.946484315901e+03 1.145711821639e+03
2.914254808373e+03 -6.946206371218e+03 1.153743075323e+03
2.911767512238e+03 -6.945919939360e+03 1.161772984567e+03
2.909276826819e+03 -6.945625028676e+03 1.169801540034e+03
2.906782796976e+03 -6.945321621908e+03 1.177828732389e+03
2.904285406438e+03 -6.945009727431e+03 1.185854552300e+03
2.901784659315e+03 -6.944689345089e+03 1.193878990433e+03
2.899280559724e+03 -6.944360474734e+03 1.201902037460e+03
2.896773111783e+03 -6.944023116228e+03 1.209923684050e+03
2.894262319615e+03 -6.943677269443e+03 1.217943920877e+03
2.891748166975e+03 -6.943322942749e+03 1.225962738614e+03
2.889230698737e+03 -6.942960119061e+03 1.233980127938e+03
2.886709898664e+03 -6.942588806775e+03 1.241996079525e+03
2.884185770892e+03 -6.942209005804e+03 1.250010584054e+03
2.881658319564e+03 -6.941820716073e+03 1.258023632204e+03
2.879127548826e+03 -6.941423937515e+03 1.266035214659e+03
2.876593462827e+03 -6.941018670074e+03 1.274045322101e+03
2.874056045357e+03 -6.940604922136e+03 1.282053945214e+03
2.871515341301e+03 -6.940182676795e+03 1.290061074686e+03
2.868971334455e+03 -6.939751942464e+03 1.298066701204e+03
2.866424028984e+03 -6.939312719128e+03 1.306070815459e+03
2.863873429056e+03 -6.938865006783e+03 1.314073408140e+03
2.861319538843e+03 -6.938408805433e+03 1.322074469941e+03
2.858762362522e+03 -6.937944115094e+03 1.330073991557e+03
2.856201904271e+03 -6.937470935791e+03 1.338071963684e+03
2.853638147922e+03 -6.936989275933e+03 1.346068377019e+03
2.851071138367e+03 -6.936499118812e+03 1.354063222261e+03
2.848500859445e+03 -6.936000472866e+03 1.362056490113e+03
2.845927315349e+03 -6.935493338160e+03 1.370048171276e+03
2.843350510278e+03 -6.934977714770e+03 1.378038256455e+03
2.840770448434e+03 -6.934453602784e+03 1.386026736356e+03
2.838187134023e+03 -6.933921002299e+03 1.394013601687e+03
2.835600550912e+03 -6.933379921739e+03 1.401998843158e+03
2.833010743999e+03 -6.932830344577e+03 1.409982451480e+03
2.830417697158e+03 -6.932272279267e+03 1.417964417366e+03
2.827821414609e+03 -6.931705725947e+03 1.425944731531e+03
2.825221900577e+03 -6.931130684763e+03 1.433923384691e+03
2.822619159289e+03 -6.930547155875e+03 1.441900367564e+03
2.820013194977e+03 -6.929955139450e+03 1.449875670871e+03
2.817404011876e+03 -6.929354635667e+03 1.457849285334e+03
2.814791593897e+03 -6.928745652972e+03 1.465821201676e+03
2.812175985940e+03 -6.928128175040e+03 1.473791410623e+03
2.809557171921e+03 -6.927502210346e+03 1.481759902902e+03
2.806935156091e+03 -6.926867759109e+03 1.489726669242e+03
2.804309942702e+03 -6.926224821559e+03 1.497691700375e+03
2.801681536011e+03 -6.925573397934e+03 1.505654987032e+03
2.799049940280e+03 -6.924913488486e+03 1.513616519949e+03
2.796415139458e+03 -6.924245101677e+03 1.521576289863e+03
2.793777178443e+03 -6.923568221362e+03 1.529534287511e+03
2.791136041192e+03 -6.922882856033e+03 1.537490503634e+03
2.788491731978e+03 -6.922189005981e+03 1.545444928975e+03
2.785844255080e+03 -6.921486671506e+03 1.553397554277e+03
2.783193614782e+03 -6.920775852919e+03 1.561348370287e+03
2.780539815368e+03 -6.920056550543e+03 1.569297367752e+03
2.777882861128e+03 -6.919328764707e+03 1.577244537422e+03
2.775222736056e+03 -6.918592503896e+03 1.585189870050e+03
2.772559485049e+03 -6.917847752169e+03 1.593133356389e+03
2.769893092105e+03 -6.917094518038e+03 1.601074987194e+03
2.767223561528e+03 -6.916332801876e+03 1.609014753225e+03
2.764550897625e+03 -6.915562604065e+03 1.616952645240e+03
2.761875104708e+03 -6.914783924998e+03 1.624888654001e+03
2.759196187089e+03 -6.913996765077e+03 1.632822770273e+03
2.756514128806e+03 -6.913201132803e+03 1.640754984820e+03
2.753828974746e+03 -6.912397012416e+03 1.648685288411e+03
2.751140708949e+03 -6.911584412446e+03 1.656613671816e+03
2.748449335743e+03 -6.910763333335e+03 1.664540125806e+03
2.745754859461e+03 -6.909933775539e+03 1.672464641155e+03
2.743057284438e+03 -6.909095739520e+03 1.680387208641e+03
2.740356615012e+03 -6.908249225754e+03 1.688307819040e+03
2.737652835261e+03 -6.907394242757e+03 1.696226463133e+03
2.734945990063e+03 -6.906530774952e+03 1.704143131702e+03
2.732236063500e+03 -6.905658830883e+03 1.712057815532e+03
2.729523059925e+03 -6.904778411067e+03 1.719970505409e+03
2.726806983694e+03 -6.903889516028e+03 1.727881192123e+03
2.724087839166e+03 -6.902992146303e+03 1.735789866463e+03
2.721365630706e+03 -6.902086302436e+03 1.743696519223e+03
2.718640362678e+03 -6.901171984985e+03 1.751601141198e+03
2.715912019209e+03 -6.900249202484e+03 1.759503723185e+03
2.713180645164e+03 -6.899317939564e+03 1.767404255985e+03
2.710446224672e+03 -6.898378204790e+03 1.775302730397e+03
2.707708762115e+03 -6.897429998758e+03 1.783199137227e+03
2.704968261874e+03 -6.896473322076e+03 1.791093467280e+03
2.702224728338e+03 -6.895508175360e+03 1.798985711366e+03
2.699478165898e+03 -6.894534559239e+03 1.806875860293e+03
2.696728558721e+03 -6.893552482263e+03 1.814763904876e+03
2.693975951659e+03 -6.892561929247e+03 1.822649835928e+03
2.691220328883e+03 -6.891562908770e+03 1.830533644269e+03
2.688461694799e+03 -6.890555421502e+03 1.838415320716e+03
2.685700053812e+03 -6.889539468120e+03 1.846294856092e+03
2.682935410335e+03 -6.888515049314e+03 1.854172241222e+03
2.680167768782e+03 -6.887482165783e+03 1.862047466930e+03
2.677397133569e+03 -6.886440818237e+03 1.869920524047e+03
2.674623488917e+03 -6.885391015242e+03 1.877791403404e+03
2.671846879655e+03 -6.884332741827e+03 1.885660095833e+03
2.669067290007e+03 -6.883266006587e+03 1.893526592170e+03
2.666284724402e+03 -6.882190810272e+03 1.901390883254e+03
2.663499187276e+03 -6.881107153643e+03 1.909252959925e+03
2.660710683066e+03 -6.880015037471e+03 1.917112813026e+03
2.657919216213e+03 -6.878914462538e+03 1.924970433402e+03
2.655124770982e+03 -6.877805437423e+03 1.932825811901e+03
2.652327392182e+03 -6.876687947342e+03 1.940678939373e+03
2.649527064080e+03 -6.875562000904e+03 1.948529806669e+03
2.646723791131e+03 -6.874427598932e+03 1.956378404646e+03
2.643917577792e+03 -6.873284742257e+03 1.964224724159e+03
2.641108428524e+03 -6.872133431722e+03 1.972068756070e+03
2.638296347791e+03 -6.870973668180e+03 1.979910491239e+03
2.635481319904e+03 -6.869805460226e+03 1.987749920533e+03
2.632663389648e+03 -6.868628793261e+03 1.995587034817e+03
2.629842541337e+03 -6.867443675908e+03 2.003421824961e+03
2.627018779449e+03 -6.866250109062e+03 2.011254281838e+03
2.624192108463e+03 -6.865048093627e+03 2.019084396322e+03
2.621362532862e+03 -6.863837630515e+03 2.026912159289e+03
2.618530057134e+03 -6.862618720653e+03 2.034737561620e+03
2.615694685767e+03 -6.861391364975e+03 2.042560594197e+03
2.612856403128e+03 -6.860155572090e+03 2.050381247905e+03
2.610015253971e+03 -6.858911327615e+03 2.058199513629e+03
2.607171222664e+03 -6.857658640189e+03 2.066015382262e+03
2.604324313709e+03 -6.856397510788e+03 2.073828844693e+03
2.601474531613e+03 -6.855127940396e+03 2.081639891820e+03
2.598621880884e+03 -6.853849930011e+03 2.089448514538e+03
2.595766366035e+03 -6.852563480637e+03 2.097254703749e+03
2.592907971479e+03 -6.851268600900e+03 2.105058450354e+03
2.590046741941e+03 -6.849965276603e+03 2.112859745260e+03
2.587182661838e+03 -6.848653516399e+03 2.120658579373e+03
2.584315735693e+03 -6.847333321333e+03 2.128454943606e+03
2.581445968035e+03 -6.846004692465e+03 2.136248828871e+03
2.578573363396e+03 -6.844667630861e+03 2.144040226083e+03
2.575697926308e+03 -6.843322137600e+03 2.151829126162e+03
2.572819661309e+03 -6.841968213768e+03 2.159615520029e+03
2.569938552871e+03 -6.840605868006e+03 2.167399398607e+03
2.567054645679e+03 -6.839235086331e+03 2.175180752823e+03
2.564167924206e+03 -6.837855877413e+03 2.182959573608e+03
2.561278393003e+03 -6.836468242379e+03 2.190735851892e+03
2.558386056621e+03 -6.835072182369e+03 2.198509578610e+03
2.555490919617e+03 -6.833667698532e+03 2.206280744701e+03
2.552592986549e+03 -6.832254792028e+03 2.214049341103e+03
2.549692241939e+03 -6.830833471507e+03 2.221815358762e+03
2.546788730438e+03 -6.829403723179e+03 2.229578788621e+03
2.543882436568e+03 -6.827965555724e+03 2.237339621630e+03
2.540973364900e+03 -6.826518970343e+03 2.245097848740e+03
2.538061520010e+03 -6.825063968245e+03 2.252853460905e+03
2.535146906473e+03 -6.823600550653e+03 2.260606449083e+03
2.532229528871e+03 -6.822128718796e+03 2.268356804233e+03
2.529309391787e+03 -6.820648473917e+03 2.276104517317e+03
2.526386479799e+03 -6.819159824678e+03 2.283849579301e+03
2.523460837516e+03 -6.817662757510e+03 2.291591981154e+03
2.520532449518e+03 -6.816157281104e+03 2.299331713846e+03
2.517601320401e+03 -6.814643396744e+03 2.307068768352e+03
2.514667454763e+03 -6.813121105720e+03 2.314803135648e+03
2.511730857205e+03 -6.811590409337e+03 2.322534806714e+03
2.508791532332e+03 -6.810051308907e+03 2.330263772533e+03
2.505849464776e+03 -6.808503813104e+03 2.337990024091e+03
2.502904699101e+03 -6.806947908550e+03 2.345713552375e+03
2.499957219942e+03 -6.805383603949e+03 2.353434348378e+03
2.497007031914e+03 -6.803810900654e+03 2.361152403093e+03
2.494054139636e+03 -6.802229800029e+03 2.368867707519e+03
2.491098547731e+03 -6.800640303449e+03 2.376580252654e+03
2.488140260823e+03 -6.799042412298e+03 2.384290029503e+03
2.485179263598e+03 -6.797436135261e+03 2.391997029072e+03
2.482215600576e+03 -6.795821459149e+03 2.399701242368e+03
2.479249256441e+03 -6.794198392677e+03 2.407402660403e+03
2.476280235833e+03 -6.792566937270e+03 2.415101274194e+03
2.473308543389e+03 -6.790927094364e+03 2.422797074757e+03
2.470334183753e+03 -6.789278865403e+03 2.430490053115e+03
2.467357161569e+03 -6.787622251845e+03 2.438180200291e+03
2.464377481486e+03 -6.785957255155e+03 2.445867507313e+03
2.461395128251e+03 -6.784283884030e+03 2.453551965211e+03
2.458410146332e+03 -6.782602125506e+03 2.461233565018e+03
2.455422520475e+03 -6.780911988310e+03 2.468912297771e+03
2.452432255341e+03 -6.779213473947e+03 2.476588154509e+03
2.449439355592e+03 -6.777506583936e+03 2.484261126275e+03
2.446443825894e+03 -6.775791319803e+03 2.491931204114e+03
2.443445670915e+03 -6.774067683087e+03 2.499598379076e+03
2.440444875456e+03 -6.772335682494e+03 2.507262642213e+03
2.437441483936e+03 -6.770595305254e+03 2.514923984578e+03
2.434435481157e+03 -6.768846560104e+03 2.522582397232e+03
2.431426871798e+03 -6.767089448623e+03 2.530237871234e+03
2.428415660541e+03 -6.765323972397e+03 2.537890397650e+03
2.425401852073e+03 -6.763550133027e+03 2.545539967547e+03
2.422385451081e+03 -6.761767932122e+03 2.553186571996e+03
2.419366462255e+03 -6.759977371299e+03 2.560830202071e+03
2.416344870462e+03 -6.758178459278e+03 2.568470848850e+03
2.413320720059e+03 -6.756371183512e+03 2.576108503412e+03
2.410293995911e+03 -6.754555552747e+03 2.583743156842e+03
2.407264702721e+03 -6.752731568644e+03 2.591374800227e+03
2.404232845193e+03 -6.750899232873e+03 2.599003424655e+03
2.401198428036e+03 -6.749058547114e+03 2.606629021222e+03
2.398161455958e+03 -6.747209513057e+03 2.614251581024e+03
2.395121913883e+03 -6.745352139431e+03 2.621871095160e+03
2.392079846112e+03 -6.743486413882e+03 2.629487554734e+03
2.389035237567e+03 -6.741612345169e+03 2.637100950853e+03
2.385988092971e+03 -6.739729935023e+03 2.644711274625e+03
2.382938417046e+03 -6.737839185184e+03 2.652318517165e+03
2.379886214520e+03 -6.735940097404e+03 2.659922669588e+03
2.376831490121e+03 -6.734032673446e+03 2.667523723015e+03
2.373774228830e+03 -6.732116922045e+03 2.675121668568e+03
2.370714474890e+03 -6.730192831046e+03 2.682716497374e+03
2.367652213281e+03 -6.728260409215e+03 2.690308200562e+03
2.364587448743e+03 -6.726319658354e+03 2.697896769267e+03
2.361520186019e+03 -6.724370580277e+03 2.705482194624e+03
2.358450429854e+03 -6.722413176804e+03 2.713064467773e+03
2.355378184997e+03 -6.720447449771e+03 2.720643579858e+03
2.352303456196e+03 -6.718473401020e+03 2.728219522025e+03
2.349226228502e+03 -6.716491039297e+03 2.735792285425e+03
2.346146546085e+03 -6.714500352671e+03 2.743361861210e+03
2.343064393993e+03 -6.712501349918e+03 2.750928240539e+03
2.339979776988e+03 -6.710494032922e+03 2.758491414571e+03
2.336892699832e+03 -6.708478403577e+03 2.766051374471e+03
2.333803167293e+03 -6.706454463788e+03 2.773608111405e+03
2.330711184140e+03 -6.704422215467e+03 2.781161616545e+03
2.327616735479e+03 -6.702381667370e+03 2.788711881066e+03
2.324519865419e+03 -6.700332807764e+03 2.796258896143e+03
2.321420559067e+03 -6.698275645432e+03 2.803802652960e+03
2.318318821202e+03 -6.696210182328e+03 2.811343142702e+03
2.315214656606e+03 -6.694136420420e+03 2.818880356555e+03
2.312108070063e+03 -6.692054361680e+03 2.826414285713e+03
2.308999066361e+03 -6.689964008096e+03 2.833944921370e+03
2.305887650288e+03 -6.687865361663e+03 2.841472254726e+03
2.302773807022e+03 -6.685758431143e+03 2.848996276984e+03
2.299657580594e+03 -6.683643205031e+03 2.856516979348e+03
2.296538956179e+03 -6.681519692117e+03 2.864034353030e+03
2.293417938578e+03 -6.679387894440e+03 2.871548389243e+03
2.290294532593e+03 -6.677247814044e+03 2.879059079203e+03
2.287168743027e+03 -6.675099452987e+03 2.886566414131e+03
2.284040574689e+03 -6.672942813335e+03 2.894070385251e+03
2.280910012817e+03 -6.670777903858e+03 2.901570983791e+03
2.277777101372e+03 -6.668604713249e+03 2.909068200982e+03
2.274641825590e+03 -6.666423250307e+03 2.916562028060e+03
2.271504190290e+03 -6.664233517139e+03 2.924052456263e+03
2.268364200290e+03 -6.662035515863e+03 2.931539476833e+03
2.265221860413e+03 -6.659829248607e+03 2.939023081018e+03
2.262077175484e+03 -6.657614717507e+03 2.946503260065e+03
2.258930150329e+03 -6.655391924713e+03 2.953980005230e+03
2.255780770258e+03 -6.653160879000e+03 2.961453307769e+03
2.252629079149e+03 -6.650921569291e+03 2.968923158943e+03
2.249475062310e+03 -6.648674004392e+03 2.976389550017e+03
2.246318724577e+03 -6.646418186491e+03 2.983852472259e+03
2.243160070791e+03 -6.644154117788e+03 2.991311916941e+03
2.239999105792e+03 -6.641881800490e+03 2.998767875340e+03
2.236835834424e+03 -6.639601236817e+03 3.006220338735e+03
2.233670242062e+03 -6.637312435551e+03 3.013669298409e+03
2.230502372505e+03 -6.635015385815e+03 3.021114745649e+03
2.227332211127e+03 -6.632710096422e+03 3.028556671747e+03
2.224159762779e+03 -6.630396569630e+03 3.035995067998e+03
2.220985032319e+03 -6.628074807709e+03 3.043429925700e+03
2.217808024604e+03 -6.625744812939e+03 3.050861236156e+03
2.214628744496e+03 -6.623406587610e+03 3.058288990672e+03
2.211447177431e+03 -6.621060140510e+03 3.065713180558e+03
2.208263367133e+03 -6.618705460962e+03 3.073133797129e+03
2.205077299037e+03 -6.616342557785e+03 3.080550831701e+03
2.201888978013e+03 -6.613971433310e+03 3.087964275598e+03
2.198698408933e+03 -6.611592089875e+03 3.095374120144e+03
2.195505596673e+03 -6.609204529833e+03 3.102780356670e+03
2.192310546109e+03 -6.606808755543e+03 3.110182976509e+03
2.189113262120e+03 -6.604404769376e+03 3.117581970997e+03
2.185913730220e+03 -6.601992580127e+03 3.124977331477e+03
2.182711994036e+03 -6.599572177349e+03 3.132369049294e+03
2.179508039079e+03 -6.597143569868e+03 3.139757115797e+03
2.176301870238e+03 -6.594706760095e+03 3.147141522340e+03
2.173093492403e+03 -6.592261750449e+03 3.154522260278e+03
2.169882910467e+03 -6.589808543364e+03 3.161899320974e+03
2.166670129326e+03 -6.587347141280e+03 3.169272695793e+03
2.163455134558e+03 -6.584877552996e+03 3.176642376103e+03
2.160237969707e+03 -6.582399768269e+03 3.184008353277e+03
2.157018620351e+03 -6.579913795929e+03 3.191370618694e+03
2.153797091392e+03 -6.577419638458e+03 3.198729163734e+03
2.150573387738e+03 -6.574917298346e+03 3.206083979781e+03
2.147347514297e+03 -6.572406778096e+03 3.213435058227e+03
2.144119475979e+03 -6.569888080221e+03 3.220782390462e+03
2.140889277699e+03 -6.567361207243e+03 3.228125967886e+03
2.137656905111e+03 -6.564826167964e+03 3.235465781899e+03
2.134422401660e+03 -6.562282952376e+03 3.242801823907e+03
2.131185752999e+03 -6.559731569312e+03 3.250134085319e+03
2.127946964049e+03 -6.557172021334e+03 3.257462557550e+03
2.124706039735e+03 -6.554604311014e+03 3.264787232016e+03
2.121462984982e+03 -6.552028440936e+03 3.272108100140e+03
2.118217804719e+03 -6.549444413693e+03 3.279425153349e+03
2.114970484669e+03 -6.546852238092e+03 3.286738383071e+03
2.111721068187e+03 -6.544251904327e+03 3.294047780741e+03
2.108469540993e+03 -6.541643421234e+03 3.301353337799e+03
2.105215908024e+03 -6.539026791448e+03 3.308655045686e+03
2.101960174218e+03 -6.536402017612e+03 3.315952895850e+03
2.098702344518e+03 -6.533769102378e+03 3.323246879741e+03
2.095442423866e+03 -6.531128048410e+03 3.330536988815e+03
2.092180398054e+03 -6.528478864519e+03 3.337823214531e+03
2.088916310344e+03 -6.525821541103e+03 3.345105548353e+03
2.085650146525e+03 -6.523156087003e+03 3.352383981748e+03
2.082381911548e+03 -6.520482504922e+03 3.359658506190e+03
2.079111610368e+03 -6.517800797575e+03 3.366929113154e+03
2.075839247939e+03 -6.515110967684e+03 3.374195794120e+03
2.072564829221e+03 -6.512413017983e+03 3.381458540575e+03
2.069288359171e+03 -6.509706951217e+03 3.388717344006e+03
2.066009823663e+03 -6.506992776199e+03 3.395972195908e+03
2.062729265850e+03 -6.504270483562e+03 3.403223087778e+03
2.059446671597e+03 -6.501540082151e+03 3.410470011119e+03
2.056162045875e+03 -6.498801574748e+03 3.417712957436e+03
2.052875393653e+03 -6.496054964148e+03 3.424951918241e+03
2.049586719902e+03 -6.493300253155e+03 3.432186885048e+03
2.046296029598e+03 -6.490537444584e+03 3.439417849377e+03
2.043003308682e+03 -6.487766547250e+03 3.446644802751e+03
2.039708600209e+03 -6.484987551992e+03 3.453867736699e+03
2.036411890116e+03 -6.482200467657e+03 3.461086642753e+03
2.033113183386e+03 -6.479405297099e+03 3.468301512451e+03
2.029812485003e+03 -6.476602043182e+03 3.475512337332e+03
2.026509799952e+03 -6.473790708780e+03 3.482719108943e+03
2.023205133222e+03 -6.470971296776e+03 3.489921818835e+03
2.019898489803e+03 -6.468143810067e+03 3.497120458561e+03
2.016589855719e+03 -6.465308257470e+03 3.504315019680e+03
2.013279273907e+03 -6.462464630060e+03 3.511505493756e+03
2.009966730387e+03 -6.459612936685e+03 3.518691872356e+03
2.006652230158e+03 -6.456753180279e+03 3.525874147053e+03
2.003335778218e+03 -6.453885363788e+03 3.533052309424e+03
2.000017379569e+03 -6.451009490164e+03 3.540226351049e+03
1.996697039215e+03 -6.448125562373e+03 3.547396263515e+03
1.993374743251e+03 -6.445233589236e+03 3.554562038411e+03
1.990050534512e+03 -6.442333562032e+03 3.561723667333e+03
1.986724399090e+03 -6.439425489612e+03 3.568881141879e+03
1.983396341994e+03 -6.436509374981e+03 3.576034453653e+03
1.980066368239e+03 -6.433585221152e+03 3.583183594264e+03
1.976734482838e+03 -6.430653031150e+03 3.590328555323e+03
1.973400690809e+03 -6.427712808009e+03 3.597469328450e+03
1.970064997170e+03 -6.424764554773e+03 3.604605905265e+03
1.966727388100e+03 -6.421808280265e+03 3.611738277395e+03
1.963387906311e+03 -6.418843976001e+03 3.618866436472e+03
1.960046537979e+03 -6.415871650833e+03 3.625990374130e+03
1.956703288129e+03 -6.412891307846e+03 3.633110082010e+03
1.953358161788e+03 -6.409902950134e+03 3.640225551757e+03
1.950011163986e+03 -6.406906580800e+03 3.647336775021e+03
1.946662299754e+03 -6.403902202958e+03 3.654443743455e+03
1.943311555346e+03 -6.400889825433e+03 3.661546448719e+03
1.939958973364e+03 -6.397869439947e+03 3.668644882475e+03
1.936604540056e+03 -6.394841055354e+03 3.675739036392e+03
1.933248260462e+03 -6.391804674809e+03 3.682828902144e+03
1.929890139620e+03 -6.388760301475e+03 3.689914471408e+03
1.926530182573e+03 -6.385707938525e+03 3.696995735866e+03
1.923168394365e+03 -6.382647589145e+03 3.704072687206e+03
1.919804761324e+03 -6.379579262158e+03 3.711145317118e+03
1.916439325940e+03 -6.376502949494e+03 3.718213617299e+03
1.913072074535e+03 -6.373418660008e+03 3.725277579450e+03
1.909703012161e+03 -6.370326396923e+03 3.732337195276e+03
1.906332143870e+03 -6.367226163473e+03 3.739392456487e+03
1.902959474715e+03 -6.364117962900e+03 3.746443354800e+03
1.899585009753e+03 -6.361001798458e+03 3.753489881934e+03
1.896208754040e+03 -6.357877673409e+03 3.760532029613e+03
1.892830693992e+03 -6.354745596580e+03 3.767569789567e+03
1.889450871968e+03 -6.351605560136e+03 3.774603153531e+03
1.886069274375e+03 -6.348457572935e+03 3.781632113244e+03
1.882685906278e+03 -6.345301638277e+03 3.788656660449e+03
1.879300772744e+03 -6.342137759476e+03 3.795676786895e+03
1.875913878839e+03 -6.338965939855e+03 3.802692484336e+03
1.872525229632e+03 -6.335786182745e+03 3.809703744529e+03
1.869134811616e+03 -6.332598496972e+03 3.816710559239e+03
1.865742667030e+03 -6.329402874911e+03 3.823712920232e+03
1.862348782359e+03 -6.326199325417e+03 3.830710819282e+03
1.858953162680e+03 -6.322987851863e+03 3.837704248167e+03
1.855555813069e+03 -6.319768457630e+03 3.844693198669e+03
1.852156738606e+03 -6.316541146110e+03 3.851677662575e+03
1.848755944370e+03 -6.313305920704e+03 3.858657631679e+03
1.845353435445e+03 -6.310062784823e+03 3.865633097778e+03
1.841949198410e+03 -6.306811747294e+03 3.872604052673e+03
1.838543275366e+03 -6.303552800729e+03 3.879570488172e+03
1.835135652888e+03 -6.300285953983e+03 3.886532396088e+03
1.831726336065e+03 -6.297011210507e+03 3.893489768236e+03
1.828315329985e+03 -6.293728573761e+03 3.900442596440e+03
1.824902639740e+03 -6.290438047217e+03 3.907390872527e+03
1.821488270425e+03 -6.287139634355e+03 3.914334588327e+03
1.818072208696e+03 -6.283833343999e+03 3.921273735680e+03
1.814654496532e+03 -6.280519168971e+03 3.928208306425e+03
1.811235120585e+03 -6.277197118126e+03 3.935138292411e+03
1.807814085954e+03 -6.273867194983e+03 3.942063685490e+03
1.804391397740e+03 -6.270529403072e+03 3.948984477518e+03
1.800967061044e+03 -6.267183745932e+03 3.955900660357e+03
1.797541080971e+03 -6.263830227112e+03 3.962812225875e+03
1.794113462625e+03 -6.260468850173e+03 3.969719165944e+03
1.790684192756e+03 -6.257099623937e+03 3.976621472441e+03
1.787253313197e+03 -6.253722541464e+03 3.983519137248e+03
1.783820810690e+03 -6.250337611609e+03 3.990412152254e+03
1.780386690346e+03 -6.246944837969e+03 3.997300509349e+03
1.776950957277e+03 -6.243544224153e+03 4.004184200433e+03
1.773513616599e+03 -6.240135773779e+03 4.011063217407e+03
1.770074673425e+03 -6.236719490475e+03 4.017937552180e+03
1.766634114585e+03 -6.233295383062e+03 4.024807196665e+03
1.763191981783e+03 -6.229863444811e+03 4.031672142779e+03
1.759748261841e+03 -6.226423684573e+03 4.038532382446e+03
1.756302959880e+03 -6.222976106016e+03 4.045387907594e+03
1.752856081023e+03 -6.219520712816e+03 4.052238710157e+03
1.749407630392e+03 -6.216057508660e+03 4.059084782074e+03
1.745957613115e+03 -6.212586497245e+03 4.065926115289e+03
1.742506016100e+03 -6.209107687389e+03 4.072762701750e+03
1.739052880920e+03 -6.205621072575e+03 4.079594533413e+03
1.735598194477e+03 -6.202126661650e+03 4.086421602237e+03
1.732141961902e+03 -6.198624458351e+03 4.093243900186e+03
1.728684188326e+03 -6.195114466422e+03 4.100061419231e+03
1.725224878884e+03 -6.191596689620e+03 4.106874151346e+03
1.721764038710e+03 -6.188071131708e+03 4.113682088513e+03
1.718301672941e+03 -6.184537796463e+03 4.120485222717e+03
1.714837768580e+03 -6.180996692700e+03 4.127283545949e+03
1.711372367043e+03 -6.177447814140e+03 4.134077050206e+03
1.707905455328e+03 -6.173891169630e+03 4.140865727488e+03
1.704437038576e+03 -6.170326762983e+03 4.147649569804e+03
1.700967121929e+03 -6.166754598022e+03 4.154428569165e+03
1.697495710531e+03 -6.163174678582e+03 4.161202717589e+03
1.694022809529e+03 -6.159587008506e+03 4.167972007099e+03
1.690548406006e+03 -6.155991596605e+03 4.174736429723e+03
1.687072541245e+03 -6.152388436814e+03 4.181495977495e+03
1.683595202322e+03 -6.148777537974e+03 4.188250642453e+03
1.680116394389e+03 -6.145158903967e+03 4.195000416641e+03
1.676636122596e+03 -6.141532538686e+03 4.201745292111e+03
1.673154392097e+03 -6.137898446031e+03 4.208485260915e+03
1.669671208046e+03 -6.134256629915e+03 4.215220315116e+03
1.666186575598e+03 -6.130607094257e+03 4.221950446779e+03
1.662700481934e+03 -6.126949847868e+03 4.228675647975e+03
1.659212968175e+03 -6.123284884920e+03 4.235395910780e+03
1.655724021493e+03 -6.119612214253e+03 4.242111227277e+03
1.652233647048e+03 -6.115931839825e+03 4.248821589554e+03
1.648741850001e+03 -6.112243765608e+03 4.255526989703e+03
1.645248635516e+03 -6.108547995579e+03 4.262227419823e+03
1.641754008757e+03 -6.104844533728e+03 4.268922872017e+03
1.638257956987e+03 -6.101133388859e+03 4.275613338396e+03
1.634760521185e+03 -6.097414555359e+03 4.282298811074e+03
1.631261688606e+03 -6.093688042060e+03 4.288979282170e+03
1.627761464419e+03 -6.089953852992e+03 4.295654743812e+03
1.624259853794e+03 -6.086211992191e+03 4.302325188130e+03
1.620756861902e+03 -6.082462463704e+03 4.308990607262e+03
1.617252493913e+03 -6.078705271588e+03 4.315650993349e+03
1.613746737180e+03 -6.074940424644e+03 4.322306338540e+03
1.610239632532e+03 -6.071167917469e+03 4.328956634988e+03
1.606731167311e+03 -6.067387758892e+03 4.335601874853e+03
1.603221346693e+03 -6.063599953009e+03 4.342242050298e+03
1.599710175856e+03 -6.059804503925e+03 4.348877153495e+03
1.596197659978e+03 -6.056001415754e+03 4.355507176618e+03
1.592683804239e+03 -6.052190692621e+03 4.362132111850e+03
1.589168613819e+03 -6.048372338660e+03 4.368751951378e+03
1.585652076167e+03 -6.044546362666e+03 4.375366687393e+03
1.582134231945e+03 -6.040712759478e+03 4.381976312095e+03
1.578615068590e+03 -6.036871537920e+03 4.388580817687e+03
1.575094591288e+03 -6.033022702165e+03 4.395180196378e+03
1.571572805226e+03 -6.029166256396e+03 4.401774440384e+03
1.568049715589e+03 -6.025302204803e+03 4.408363541926e+03
1.564525327566e+03 -6.021430551588e+03 4.414947493230e+03
1.560999628692e+03 -6.017551305541e+03 4.421526286528e+03
1.557472659477e+03 -6.013664461714e+03 4.428099914058e+03
1.553944407445e+03 -6.009770028925e+03 4.434668368064e+03
1.550414877790e+03 -6.005868011415e+03 4.441231640794e+03
1.546884075704e+03 -6.001958413432e+03 4.447789724505e+03
1.543352006382e+03 -5.998041239236e+03 4.454342611456e+03
1.539818675017e+03 -5.994116493095e+03 4.460890293913e+03
1.536284086806e+03 -5.990184179286e+03 4.467432764150e+03
1.532748229384e+03 -5.986244306594e+03 4.473970014443e+03
1.529211143085e+03 -5.982296870312e+03 4.480502037076e+03
1.525672815533e+03 -5.978341879254e+03 4.487028824339e+03
1.522133251929e+03 -5.974379337736e+03 4.493550368528e+03
1.518592457473e+03 -5.970409250084e+03 4.500066661942e+03
1.515050437367e+03 -5.966431620632e+03 4.506577696889e+03
1.511507196813e+03 -5.962446453727e+03 4.513083465682e+03
1.507962723533e+03 -5.958453758146e+03 4.519583960638e+03
1.504417057707e+03 -5.954453529395e+03 4.526079174082e+03
1.500870187045e+03 -5.950445776282e+03 4.532569098344e+03
1.497322116755e+03 -5.946430503189e+03 4.539053725761e+03
1.493772852043e+03 -5.942407714510e+03 4.545533048672e+03
1.490222398117e+03 -5.938377414646e+03 4.552007059427e+03
1.486670760187e+03 -5.934339608009e+03 4.558475750379e+03
1.483117943461e+03 -5.930294299020e+03 4.564939113886e+03
1.479563935763e+03 -5.926241496451e+03 4.571397142315e+03
1.476008777090e+03 -5.922181196050e+03 4.577849828036e+03
1.472452455256e+03 -5.918113406617e+03 4.584297163426e+03
1.468894975472e+03 -5.914038132612e+03 4.590739140868e+03
1.465336342954e+03 -5.909955378503e+03 4.597175752751e+03
1.461776562916e+03 -5.905865148768e+03 4.603606991470e+03
1.458215640573e+03 -5.901767447896e+03 4.610032849425e+03
1.454653563838e+03 -5.897662284650e+03 4.616453319024e+03
1.451090372547e+03 -5.893549654992e+03 4.622868392677e+03
1.447526054601e+03 -5.889429567716e+03 4.629278062805e+03
1.443960615221e+03 -5.885302027347e+03 4.635682321832e+03
1.440394059624e+03 -5.881167038421e+03 4.642081162188e+03
1.436826393032e+03 -5.877024605482e+03 4.648474576309e+03
1.433257620665e+03 -5.872874733083e+03 4.654862556639e+03
1.429687730526e+03 -5.868717429984e+03 4.661245095625e+03
1.426116762287e+03 -5.864552692356e+03 4.667622185723e+03
1.422544703940e+03 -5.860380528988e+03 4.673993819393e+03
1.418971560709e+03 -5.856200944472e+03 4.680359989101e+03
1.415397337818e+03 -5.852013943408e+03 4.686720687320e+03
1.411822040494e+03 -5.847819530407e+03 4.693075906530e+03
1.408245673961e+03 -5.843617710089e+03 4.699425639213e+03
1.404668243446e+03 -5.839408487083e+03 4.705769877863e+03
1.401089737058e+03 -5.835191870140e+03 4.712108614974e+03
1.397510194276e+03 -5.830967855675e+03 4.718441843051e+03
1.393929603196e+03 -5.826736452468e+03 4.724769554602e+03
1.390347969049e+03 -5.822497665185e+03 4.731091742142e+03
1.386765297064e+03 -5.818251498503e+03 4.737408398193e+03
1.383181592471e+03 -5.813997957108e+03 4.743719515283e+03
1.379596860503e+03 -5.809737045696e+03 4.750025085944e+03
1.376011089359e+03 -5.805468773008e+03 4.756325102717e+03
1.372424318348e+03 -5.801193135674e+03 4.762619558148e+03
1.368836535660e+03 -5.796910142464e+03 4.768908444788e+03
1.365247746529e+03 -5.792619798112e+03 4.775191755195e+03
1.361657956188e+03 -5.788322107361e+03 4.781469481935e+03
1.358067169873e+03 -5.784017074960e+03 4.787741617578e+03
1.354475392819e+03 -5.779704705673e+03 4.794008154699e+03
1.350882630264e+03 -5.775385004268e+03 4.800269085884e+03
1.347288870512e+03 -5.771057979478e+03 4.806524403719e+03
1.343694152677e+03 -5.766723628177e+03 4.812774100801e+03
1.340098465051e+03 -5.762381959123e+03 4.819018169729e+03
1.336501812875e+03 -5.758032977125e+03 4.825256603111e+03
1.332904201386e+03 -5.753676686999e+03 4.831489393561e+03
1.329305635825e+03 -5.749313093570e+03 4.837716533697e+03
1.325706121431e+03 -5.744942201673e+03 4.843938016145e+03
1.322105646604e+03 -5.740564020031e+03 4.850153833539e+03
1.318504250281e+03 -5.736178545731e+03 4.856363978516e+03
1.314901920849e+03 -5.731785787525e+03 4.862568443723e+03
1.311298663552e+03 -5.727385750286e+03 4.868767221810e+03
1.307694483631e+03 -5.722978438897e+03 4.874960305437e+03
1.304089386331e+03 -5.718563858249e+03 4.881147687267e+03
1.300483376895e+03 -5.714142013243e+03 4.887329359970e+03
1.296876443816e+03 -5.709712912593e+03 4.893505316224e+03
1.293268625855e+03 -5.705276553599e+03 4.899675548711e+03
1.289659911493e+03 -5.700832945006e+03 4.905840050123e+03
1.286050305975e+03 -5.696382091751e+03 4.911998813155e+03
1.282439814549e+03 -5.691923998782e+03 4.918151830510e+03
1.278828442460e+03 -5.687458671056e+03 4.924299094896e+03
1.275216194957e+03 -5.682986113539e+03 4.930440599029e+03
1.271603077285e+03 -5.678506331205e+03 4.936576335631e+03
1.267989078048e+03 -5.674019332760e+03 4.942706297429e+03
1.264374235799e+03 -5.669525115746e+03 4.948830477159e+03
1.260758539129e+03 -5.665023688898e+03 4.954948867561e+03
1.257141993285e+03 -5.660515057227e+03 4.961061461383e+03
1.253524603518e+03 -5.655999225754e+03 4.967168251378e+03
1.249906375078e+03 -5.651476199511e+03 4.973269230306e+03
1.246287313215e+03 -5.646945983538e+03 4.979364390935e+03
1.242667406627e+03 -5.642408586528e+03 4.985453726038e+03
1.239046693685e+03 -5.637864006239e+03 4.991537228394e+03
1.235425163075e+03 -5.633312251394e+03 4.997614890789e+03
1.231802820047e+03 -5.628753327070e+03 5.003686706015e+03
1.228179669854e+03 -5.624187238354e+03 5.009752666873e+03
1.224555717749e+03 -5.619613990339e+03 5.015812766168e+03
1.220930968986e+03 -5.615033588131e+03 5.021866996712e+03
1.217305428816e+03 -5.610446036844e+03 5.027915351323e+03
1.213679086048e+03 -5.605851345160e+03 5.033957822828e+03
1.210051978841e+03 -5.601249511079e+03 5.039994404057e+03
1.206424095991e+03 -5.596640543315e+03 5.046025087850e+03
1.202795442751e+03 -5.592024447017e+03 5.052049867051e+03
1.199166024377e+03 -5.587401227345e+03 5.058068734512e+03
1.195535846123e+03 -5.582770889468e+03 5.064081683091e+03
1.191904913246e+03 -5.578133438563e+03 5.070088705652e+03
1.188273214648e+03 -5.573488883303e+03 5.076089795068e+03
1.184640788303e+03 -5.568837221901e+03 5.082084944216e+03
1.181007623102e+03 -5.564178463059e+03 5.088074145980e+03
1.177373724302e+03 -5.559512611992e+03 5.094057393252e+03
1.173739097157e+03 -5.554839673924e+03 5.100034678930e+03
1.170103746927e+03 -5.550159654085e+03 5.106005995919e+03
1.166467678867e+03 -5.545472557719e+03 5.111971337128e+03
1.162830898236e+03 -5.540778390076e+03 5.117930695477e+03
1.159193394048e+03 -5.536077159816e+03 5.123884063889e+03
1.155555204059e+03 -5.531368865397e+03 5.129831435296e+03
1.151916317272e+03 -5.526653515507e+03 5.135772802636e+03
1.148276738944e+03 -5.521931115435e+03 5.141708158853e+03
1.144636474334e+03 -5.517201670477e+03 5.147637496899e+03
1.140995528700e+03 -5.512465185938e+03 5.153560809733e+03
1.137353907302e+03 -5.507721667135e+03 5.159478090319e+03
1.133711599253e+03 -5.502971122716e+03 5.165389331629e+03
1.130068642115e+03 -5.498213551352e+03 5.171294526642e+03
1.126425024990e+03 -5.493448961721e+03 5.177193668342e+03
1.122780753136e+03 -5.488677359175e+03 5.183086749722e+03
1.119135831814e+03 -5.483898749074e+03 5.188973763781e+03
1.115490266282e+03 -5.479113136786e+03 5.194854703523e+03
1.111844061800e+03 -5.474320527690e+03 5.200729561961e+03
1.108197207581e+03 -5.469520930423e+03 5.206598332113e+03
1.104549740992e+03 -5.464714343869e+03 5.212461007005e+03
1.100901651233e+03 -5.459900776693e+03 5.218317579669e+03
1.097252943564e+03 -5.455080234310e+03 5.224168043143e+03
1.093603623244e+03 -5.450252722141e+03 5.230012390474e+03
1.089953695534e+03 -5.445418245619e+03 5.235850614715e+03
1.086303165694e+03 -5.440576810184e+03 5.241682708924e+03
1.082652038985e+03 -5.435728421286e+03 5.247508666168e+03
1.079000304733e+03 -5.430873087549e+03 5.253328479519e+03
1.075348000079e+03 -5.426010808098e+03 5.259142142059e+03
1.071695114337e+03 -5.421141591588e+03 5.264949646874e+03
1.068041652767e+03 -5.416265443502e+03 5.270750987057e+03
1.064387620629e+03 -5.411382369336e+03 5.276546155709e+03
1.060733023185e+03 -5.406492374594e+03 5.282335145938e+03
1.057077865693e+03 -5.401595464787e+03 5.288117950859e+03
1.053422137583e+03 -5.396691648527e+03 5.293894563591e+03
1.049765875794e+03 -5.391780925154e+03 5.299664977264e+03
1.046109069740e+03 -5.386863303307e+03 5.305429185013e+03
1.042451724681e+03 -5.381938788535e+03 5.311187179979e+03
1.038793845879e+03 -5.377007386394e+03 5.316938955312e+03
1.035135438592e+03 -5.372069102451e+03 5.322684504168e+03
1.031476508082e+03 -5.367123942281e+03 5.328423819709e+03
1.027817059608e+03 -5.362171911468e+03 5.334156895105e+03
1.024157082715e+03 -5.357213018608e+03 5.339883723533e+03
1.020496614110e+03 -5.352247263284e+03 5.345604298177e+03
1.016835643322e+03 -5.347274654120e+03 5.351318612227e+03
1.013174175612e+03 -5.342295196738e+03 5.357026658881e+03
1.009512216239e+03 -5.337308896764e+03 5.362728431344e+03
1.005849770463e+03 -5.332315759837e+03 5.368423922828e+03
1.002186843544e+03 -5.327315791601e+03 5.374113126551e+03
9.985234251256e+02 -5.322309000642e+03 5.379796035739e+03
9.948595517129e+02 -5.317295386753e+03 5.385472643625e+03
9.911952129354e+02 -5.312274958548e+03 5.391142943449e+03
9.875304140523e+02 -5.307247721707e+03 5.396806928458e+03
9.838651603226e+02 -5.302213681921e+03 5.402464591906e+03
9.801994570053e+02 -5.297172844890e+03 5.408115927054e+03
9.765333093592e+02 -5.292125216320e+03 5.413760927170e+03
9.728667071315e+02 -5.287070804784e+03 5.419399585529e+03
9.691996866184e+02 -5.282009610287e+03 5.425031895414e+03
9.655322375518e+02 -5.276941641429e+03 5.430657850115e+03
9.618643651900e+02 -5.271866903953e+03 5.436277442927e+03
9.581960747907e+02 -5.266785403612e+03 5.441890667155e+03
9.545273716117e+02 -5.261697146165e+03 5.447497516110e+03
9.508582609106e+02 -5.256602137383e+03 5.453097983109e+03
9.471887479446e+02 -5.251500383045e+03 5.458692061479e+03
9.435188225786e+02 -5.246391891705e+03 5.464279744550e+03
9.398485208689e+02 -5.241276663612e+03 5.469861025664e+03
9.361778326648e+02 -5.236154707350e+03 5.475435898166e+03
9.325067632229e+02 -5.231026028734e+03 5.481004355410e+03
9.288353177992e+02 -5.225890633584e+03 5.486566390759e+03
9.251635016497e+02 -5.220748527732e+03 5.492121997579e+03
9.214913200300e+02 -5.215599717018e+03 5.497671169248e+03
9.178187629089e+02 -5.210444209984e+03 5.503213899146e+03
9.141458661298e+02 -5.205282007089e+03 5.508750180665e+03
9.104726196458e+02 -5.200113116904e+03 5.514280007202e+03
9.067990287115e+02 -5.194937545304e+03 5.519803372162e+03
9.031250985811e+02 -5.189755298171e+03 5.525320268955e+03
8.994508345085e+02 -5.184566381398e+03 5.530830691000e+03
8.957762417475e+02 -5.179370800886e+03 5.536334631725e+03
8.921013255512e+02 -5.174168562544e+03 5.541832084562e+03
8.884260760079e+02 -5.168959674897e+03 5.547323042953e+03
8.847505287154e+02 -5.163744138647e+03 5.552807500344e+03
8.810746737457e+02 -5.158521962349e+03 5.558285450191e+03
8.773985163510e+02 -5.153293151946e+03 5.563756885958e+03
8.737220617828e+02 -5.148057713391e+03 5.569221801113e+03
8.700453152923e+02 -5.142815652645e+03 5.574680189134e+03
8.663682821306e+02 -5.137566975679e+03 5.580132043506e+03
8.626909524906e+02 -5.132311691002e+03 5.585577357719e+03
8.590133617527e+02 -5.127049799528e+03 5.591016125273e+03
8.553355000936e+02 -5.121781309794e+03 5.596448339673e+03
8.516573727627e+02 -5.116506227806e+03 5.601873994433e+03
8.479789850088e+02 -5.111224559575e+03 5.607293083073e+03
8.443003420803e+02 -5.105936311124e+03 5.612705599121e+03
8.406214492253e+02 -5.100641488481e+03 5.618111536114e+03
8.369423116913e+02 -5.095340097686e+03 5.623510887592e+03
8.332629197922e+02 -5.090032147232e+03 5.628903647108e+03
8.295833086570e+02 -5.084717638272e+03 5.634289808218e+03
8.259034685829e+02 -5.079396579328e+03 5.639669364488e+03
8.222234048159e+02 -5.074068976472e+03 5.645042309489e+03
8.185431226013e+02 -5.068734835786e+03 5.650408636802e+03
8.148626271840e+02 -5.063394163360e+03 5.655768340015e+03
8.111819238083e+02 -5.058046965293e+03 5.661121412721e+03
8.075010028945e+02 -5.052693250061e+03 5.666467848524e+03
8.038198993492e+02 -5.047333019031e+03 5.671807641032e+03
8.001386035760e+02 -5.041966280707e+03 5.677140783864e+03
7.964571208173e+02 -5.036593041223e+03 5.682467270644e+03
7.927754563150e+02 -5.031213306719e+03 5.687787095004e+03
7.890936153105e+02 -5.025827083346e+03 5.693100250583e+03
7.854116030448e+02 -5.020434377263e+03 5.698406731031e+03
7.817294100450e+02 -5.015035196930e+03 5.703706530001e+03
7.780470709935e+02 -5.009629543926e+03 5.708999641156e+03
7.743645764004e+02 -5.004217426740e+03 5.714286058167e+03
7.706819315046e+02 -4.998798851564e+03 5.719565774712e+03
7.669991415442e+02 -4.993373824601e+03 5.724838784477e+03
7.633162117569e+02 -4.987942352059e+03 5.730105081153e+03
7.596331473798e+02 -4.982504440159e+03 5.735364658442e+03
7.559499536493e+02 -4.977060095126e+03 5.740617510052e+03
7.522666212153e+02 -4.971609325402e+03 5.745863629698e+03
7.485831844732e+02 -4.966152132783e+03 5.751103011085e+03
7.448996340648e+02 -4.960688525745e+03 5.756335647950e+03
7.412159752425e+02 -4.955218510568e+03 5.761561534043e+03
7.375322132399e+02 -4.949742093520e+03 5.766780663112e+03
7.338483532898e+02 -4.944259280878e+03 5.771993028908e+03
7.301644006242e+02 -4.938770078930e+03 5.777198625195e+03
7.264803460012e+02 -4.933274496100e+03 5.782397445739e+03
7.227962236147e+02 -4.927772534419e+03 5.787589484319e+03
7.191120242054e+02 -4.922264202339e+03 5.792774734718e+03
7.154277530027e+02 -4.916749506180e+03 5.797953190727e+03
7.117434152356e+02 -4.911228452270e+03 5.803124846148e+03
7.080590161321e+02 -4.905701046945e+03 5.808289694785e+03
7.043745609198e+02 -4.900167296551e+03 5.813447730455e+03
7.006900548254e+02 -4.894627207441e+03 5.818598946980e+03
6.970054887313e+02 -4.889080788020e+03 5.823743338189e+03
6.933208965667e+02 -4.883528040558e+03 5.828880897921e+03
6.896362691962e+02 -4.877968973490e+03 5.834011620022e+03
6.859516118436e+02 -4.872403593200e+03 5.839135498344e+03
6.822669297323e+02 -4.866831906086e+03 5.844252526748e+03
6.785822280847e+02 -4.861253918548e+03 5.849362699104e+03
6.748975121224e+02 -4.855669637000e+03 5.854466009287e+03
6.712127728371e+02 -4.850079069830e+03 5.859562451182e+03
6.675280439242e+02 -4.844482219517e+03 5.864652018681e+03
6.638433163572e+02 -4.838879094477e+03 5.869734705683e+03
6.601585953549e+02 -4.833269701155e+03 5.874810506096e+03
6.564738861351e+02 -4.827654046005e+03 5.879879413835e+03
6.527891939149e+02 -4.822032135486e+03 5.884941422822e+03
6.491045239106e+02 -4.816403976070e+03 5.889996526989e+03
6.454198672237e+02 -4.810769576127e+03 5.895044720275e+03
6.417352573134e+02 -4.805128938345e+03 5.900085996625e+03
6.380506852630e+02 -4.799482071124e+03 5.905120349994e+03
6.343661562856e+02 -4.793828980965e+03 5.910147774343e+03
6.306816755934e+02 -4.788169674380e+03 5.915168263643e+03
6.269972483977e+02 -4.782504157887e+03 5.920181811872e+03
6.233128799091e+02 -4.776832438014e+03 5.925188413014e+03
6.196285753371e+02 -4.771154521296e+03 5.930188061063e+03
6.159443259095e+02 -4.765470416085e+03 5.935180750020e+03
6.122601648131e+02 -4.759780125307e+03 5.940166473895e+03
6.085760832573e+02 -4.754083657339e+03 5.945145226704e+03
6.048920864481e+02 -4.748381018751e+03 5.950117002471e+03
6.012081795908e+02 -4.742672216119e+03 5.955081795231e+03
5.975243678899e+02 -4.736957256027e+03 5.960039599023e+03
5.938406565488e+02 -4.731236145069e+03 5.964990407896e+03
5.901570369062e+02 -4.725508891576e+03 5.969934215906e+03
5.864735419083e+02 -4.719775498685e+03 5.974871017117e+03
5.827901628751e+02 -4.714035974754e+03 5.979800805602e+03
5.791069050066e+02 -4.708290326410e+03 5.984723575442e+03
5.754237735014e+02 -4.702538560286e+03 5.989639320723e+03
5.717407735575e+02 -4.696780683023e+03 5.994548035542e+03
5.680579103718e+02 -4.691016701271e+03 5.999449714004e+03
5.643751891404e+02 -4.685246621689e+03 6.004344350220e+03
5.606926013294e+02 -4.679470452587e+03 6.009231938310e+03
5.570101796075e+02 -4.673688197339e+03 6.014112472402e+03
5.533279154220e+02 -4.667899864283e+03 6.018985946632e+03
5.496458139649e+02 -4.662105460110e+03 6.023852355144e+03
5.459638804273e+02 -4.656304991517e+03 6.028711692089e+03
5.422821199993e+02 -4.650498465211e+03 6.033563951629e+03
5.386005378698e+02 -4.644685887907e+03 6.038409127930e+03
5.349191256173e+02 -4.638867267897e+03 6.043247215168e+03
5.312379156652e+02 -4.633042608761e+03 6.048078207529e+03
5.275568995728e+02 -4.627211918820e+03 6.052902099203e+03
5.238760825249e+02 -4.621375204819e+03 6.057718884390e+03
5.201954697054e+02 -4.615532473514e+03 6.062528557300e+03
5.165150662972e+02 -4.609683731667e+03 6.067331112147e+03
5.128348774821e+02 -4.603828986049e+03 6.072126543156e+03
5.091549084406e+02 -4.597968243439e+03 6.076914844560e+03
5.054751508799e+02 -4.592101512106e+03 6.081696010599e+03
5.017956369409e+02 -4.586228795870e+03 6.086470035521e+03
4.981163583112e+02 -4.580350103026e+03 6.091236913584e+03
4.944373201671e+02 -4.574465440385e+03 6.095996639050e+03
4.907585276839e+02 -4.568574814767e+03 6.100749206195e+03
4.870799860357e+02 -4.562678232997e+03 6.105494609297e+03
4.834017003957e+02 -4.556775701912e+03 6.110232842648e+03
4.797236625840e+02 -4.550867229761e+03 6.114963900544e+03
4.760459044920e+02 -4.544952820570e+03 6.119687777292e+03
4.723684179204e+02 -4.539032482615e+03 6.124404467205e+03
4.686912080377e+02 -4.533106222765e+03 6.129113964605e+03
4.650142800112e+02 -4.527174047893e+03 6.133816263823e+03
4.613376390070e+02 -4.521235964882e+03 6.138511359196e+03
4.576612901902e+02 -4.515291980622e+03 6.143199245072e+03
4.539852254949e+02 -4.509342103344e+03 6.147879915805e+03
4.503094765606e+02 -4.503386337280e+03 6.152553365758e+03
4.466340353014e+02 -4.497424690687e+03 6.157219589302e+03
4.429589068777e+02 -4.491457170485e+03 6.161878580815e+03
4.392840964484e+02 -4.485483783605e+03 6.166530334684e+03
4.356096091713e+02 -4.479504536984e+03 6.171174845306e+03
4.319354502029e+02 -4.473519437567e+03 6.175812107083e+03
4.282616246986e+02 -4.467528492307e+03 6.180442114426e+03
4.245881247230e+02 -4.461531709412e+03 6.185064861757e+03
4.209149816255e+02 -4.455529093348e+03 6.189680343503e+03
4.172421874507e+02 -4.449520652348e+03 6.194288554100e+03
4.135697473489e+02 -4.443506393396e+03 6.198889487993e+03
4.098976664691e+02 -4.437486323485e+03 6.203483139636e+03
4.062259499593e+02 -4.431460449615e+03 6.208069503489e+03
4.025546029659e+02 -4.425428778794e+03 6.212648574022e+03
3.988836176684e+02 -4.419391319207e+03 6.217220345713e+03
3.952130251602e+02 -4.413348075528e+03 6.221784813048e+03
3.915428176004e+02 -4.407299055968e+03 6.226341970523e+03
3.878730001303e+02 -4.401244267567e+03 6.230891812639e+03
3.842035778900e+02 -4.395183717371e+03 6.235434333907e+03
3.805345560182e+02 -4.389117412435e+03 6.239969528848e+03
3.768659396524e+02 -4.383045359822e+03 6.244497391989e+03
3.731977339286e+02 -4.376967566600e+03 6.249017917865e+03
3.695299311579e+02 -4.370884040932e+03 6.253531101022e+03
3.658625621387e+02 -4.364794787725e+03 6.258036936011e+03
3.621956191617e+02 -4.358699815166e+03 6.262535417395e+03
3.585291073573e+02 -4.352599130356e+03 6.267026539742e+03
3.548630318551e+02 -4.346492740404e+03 6.271510297630e+03
3.511973977828e+02 -4.340380652426e+03 6.275986685646e+03
3.475322102670e+02 -4.334262873546e+03 6.280455698383e+03
3.438674617347e+02 -4.328139411904e+03 6.284917330446e+03
3.402031827238e+02 -4.322010272612e+03 6.289371576445e+03
3.365393656407e+02 -4.315875463835e+03 6.293818431002e+03
3.328760156063e+02 -4.309734992730e+03 6.298257888743e+03
3.292131377399e+02 -4.303588866457e+03 6.302689944307e+03
3.255507371598e+02 -4.297437092187e+03 6.307114592337e+03
3.218888189825e+02 -4.291279677097e+03 6.311531827487e+03
3.182273757514e+02 -4.285116629306e+03 6.315941644420e+03
3.145664377420e+02 -4.278947954128e+03 6.320344037805e+03
3.109059974767e+02 -4.272773659709e+03 6.324739002321e+03
3.072460600663e+02 -4.266593753256e+03 6.329126532657e+03
3.035866306202e+02 -4.260408241984e+03 6.333506623507e+03
2.999277142462e+02 -4.254217133117e+03 6.337879269575e+03
2.962693160507e+02 -4.248020433886e+03 6.342244465575e+03
2.926114411387e+02 -4.241818151527e+03 6.346602206227e+03
2.889540821862e+02 -4.235610294125e+03 6.350952486247e+03
2.852972691664e+02 -4.229396867225e+03 6.355295300368e+03
2.816409947350e+02 -4.223177878945e+03 6.359630643337e+03
2.779852639908e+02 -4.216953336555e+03 6.363958509910e+03
2.743300820312e+02 -4.210723247330e+03 6.368278894850e+03
2.706754539520e+02 -4.204487618553e+03 6.372591792929e+03
2.670213848476e+02 -4.198246457516e+03 6.376897198930e+03
2.633678675120e+02 -4.191999772289e+03 6.381195107640e+03
2.597149316521e+02 -4.185747568624e+03 6.385485513858e+03
2.560625700405e+02 -4.179489854616e+03 6.389768412391e+03
2.524107877654e+02 -4.173226637587e+03 6.394043798054e+03
2.487595899131e+02 -4.166957924865e+03 6.398311665670e+03
2.451089815687e+02 -4.160683723787e+03 6.402572010072e+03
2.414589678154e+02 -4.154404041694e+03 6.406824826100e+03
2.378095537349e+02 -4.148118885939e+03 6.411070108605e+03
2.341607322559e+02 -4.141828264567e+03 6.415307852444e+03
2.305125327783e+02 -4.135532183558e+03 6.419538052484e+03
2.268649482091e+02 -4.129230650984e+03 6.423760703600e+03
2.232179836236e+02 -4.122923674224e+03 6.427975800677e+03
2.195716440953e+02 -4.116611260667e+03 6.432183338606e+03
2.159259346963e+02 -4.110293417709e+03 6.436383312289e+03
2.122808604968e+02 -4.103970152751e+03 6.440575716636e+03
2.086364145439e+02 -4.097641473817e+03 6.444760546565e+03
2.049926259667e+02 -4.091307387089e+03 6.448937797004e+03
2.013494877902e+02 -4.084967900614e+03 6.453107462889e+03
1.977070050781e+02 -4.078623021824e+03 6.457269539163e+03
1.940651828924e+02 -4.072272758160e+03 6.461424020780e+03
1.904240262935e+02 -4.065917117069e+03 6.465570902702e+03
1.867835403399e+02 -4.059556106003e+03 6.469710179900e+03
1.831437300886e+02 -4.053189732426e+03 6.473841847352e+03
1.795045887220e+02 -4.046818004332e+03 6.477965900047e+03
1.758661450579e+02 -4.040440928133e+03 6.482082332981e+03
1.722283922565e+02 -4.034058511852e+03 6.486191141159e+03
1.685913353679e+02 -4.027670762977e+03 6.490292319597e+03
1.649549794404e+02 -4.021277689008e+03 6.494385863315e+03
1.613193295206e+02 -4.014879297450e+03 6.498471767347e+03
1.576843906533e+02 -4.008475595815e+03 6.502550026732e+03
1.540501561400e+02 -4.002066592075e+03 6.506620636519e+03
1.504166545238e+02 -3.995652292843e+03 6.510683591766e+03
1.467838790840e+02 -3.989232706116e+03 6.514738887540e+03
1.431518348581e+02 -3.982807839435e+03 6.518786518917e+03
1.395205268823e+02 -3.976377700350e+03 6.522826480980e+03
1.358899601906e+02 -3.969942296416e+03 6.526858768822e+03
1.322601398154e+02 -3.963501635197e+03 6.530883377545e+03
1.286310591778e+02 -3.957055724640e+03 6.534900302260e+03
1.250027465443e+02 -3.950604571558e+03 6.538909538085e+03
1.213751953134e+02 -3.944148183924e+03 6.542911080150e+03
1.177484105103e+02 -3.937686569329e+03 6.546904923590e+03
1.141223971581e+02 -3.931219735374e+03 6.550891063551e+03
1.104971602783e+02 -3.924747689663e+03 6.554869495188e+03
1.068727048904e+02 -3.918270439811e+03 6.558840213665e+03
1.032490360121e+02 -3.911787993439e+03 6.562803214153e+03
9.962614720168e+01 -3.905300358465e+03 6.566758491834e+03
9.600406640719e+01 -3.898807541931e+03 6.570706041897e+03
9.238278716414e+01 -3.892309551781e+03 6.574645859542e+03
8.876231448274e+01 -3.885806395664e+03 6.578577939975e+03
8.514265337126e+01 -3.879298081236e+03 6.582502278414e+03
8.152380883612e+01 -3.872784616162e+03 6.586418870084e+03
7.790578588181e+01 -3.866266008110e+03 6.590327710220e+03
7.428857818701e+01 -3.859742264978e+03 6.594228794065e+03
7.067221341932e+01 -3.853213394002e+03 6.598122116871e+03
6.705668523443e+01 -3.846679403104e+03 6.602007673898e+03
6.344199862916e+01 -3.840140299981e+03 6.605885460418e+03
5.982815859835e+01 -3.833596092339e+03 6.609755471708e+03
5.621517013492e+01 -3.827046787892e+03 6.613617703057e+03
5.260303822982e+01 -3.820492394358e+03 6.617472149760e+03
4.899176787204e+01 -3.813932919465e+03 6.621318807124e+03
4.538135287837e+01 -3.807368371080e+03 6.625157670464e+03
4.177182059362e+01 -3.800798756666e+03 6.628988735102e+03
3.816316481134e+01 -3.794224084115e+03 6.632811996371e+03
3.455539051263e+01 -3.787644361182e+03 6.636627449613e+03
3.094850267656e+01 -3.781059595628e+03 6.640435090178e+03
2.734250628021e+01 -3.774469795222e+03 6.644234913426e+03
2.373740629864e+01 -3.767874967740e+03 6.648026914724e+03
2.013319666991e+01 -3.761275121023e+03 6.651811089450e+03
1.652990445443e+01 -3.754670262733e+03 6.655587432991e+03
1.292752356684e+01 -3.748060400736e+03 6.659355940742e+03
9.326058974075e+00 -3.741445542834e+03 6.663116608108e+03
5.725515641066e+00 -3.734825696839e+03 6.666869430502e+03
2.125898530667e+00 -3.728200870567e+03 6.670614403347e+03
-1.472787396313e+00 -3.721571071843e+03 6.674351522073e+03
-5.070548080193e+00 -3.714936308482e+03 6.678080782122e+03
-8.667356746732e+00 -3.708296588343e+03 6.681802178942e+03
-1.226321935985e+01 -3.701651919264e+03 6.685515707993e+03
-1.585813096706e+01 -3.695002309098e+03 6.689221364742e+03
-1.945208661794e+01 -3.688347765703e+03 6.692919144664e+03
-2.304508136420e+01 -3.681688296944e+03 6.696609043248e+03
-2.663711025963e+01 -3.675023910693e+03 6.700291055986e+03
-3.022816836016e+01 -3.668354614830e+03 6.703965178382e+03
-3.381826146661e+01 -3.661680417141e+03 6.707631405951e+03
-3.740736313396e+01 -3.655001325706e+03 6.711289734213e+03
-4.099547918689e+01 -3.648317348336e+03 6.714940158700e+03
-4.458260468984e+01 -3.641628492938e+03 6.718582674952e+03
-4.816873470939e+01 -3.634934767424e+03 6.722217278520e+03
-5.175386431431e+01 -3.628236179713e+03 6.725843964961e+03
-5.533798857548e+01 -3.621532737734e+03 6.729462729843e+03
-5.892111317134e+01 -3.614824449245e+03 6.733073568742e+03
-6.250321194675e+01 -3.608111322522e+03 6.736676477245e+03
-6.608429060417e+01 -3.601393365349e+03 6.740271450946e+03
-6.966434422323e+01 -3.594670585680e+03 6.743858485449e+03
-7.324336788575e+01 -3.587942991474e+03 6.747437576368e+03
-7.682135667575e+01 -3.581210590699e+03 6.751008719326e+03
-8.039830567948e+01 -3.574473391328e+03 6.754571909952e+03
-8.397420998537e+01 -3.567731401342e+03 6.758127143889e+03
-8.754907513149e+01 -3.560984628470e+03 6.761674416786e+03
-9.112287529618e+01 -3.554233081208e+03 6.765213724303e+03
-9.469561604175e+01 -3.547476767312e+03 6.768745062106e+03
-9.826729246562e+01 -3.540715694788e+03 6.772268425876e+03
-1.018378996674e+02 -3.533949871650e+03 6.775783811297e+03
-1.054074327490e+02 -3.527179305918e+03 6.779291214067e+03
-1.089758868147e+02 -3.520404005618e+03 6.782790629890e+03
-1.125432672791e+02 -3.513623978454e+03 6.786282054480e+03
-1.161095486144e+02 -3.506839233116e+03 6.789765483561e+03
-1.196747362598e+02 -3.500049777328e+03 6.793240912860e+03
-1.232388253282e+02 -3.493255619136e+03 6.796708338107e+03
-1.268018109353e+02 -3.486456766600e+03 6.800167755051e+03
-1.303636881990e+02 -3.479653227787e+03 6.803619159454e+03
-1.339244522394e+02 -3.472845010770e+03 6.807062547086e+03
-1.374840981791e+02 -3.466032123627e+03 6.810497913725e+03
-1.410426312917e+02 -3.459214574032e+03 6.813925255160e+03
-1.446000263867e+02 -3.452392370894e+03 6.817344567188e+03
-1.481562887626e+02 -3.445565521909e+03 6.820755845615e+03
-1.517114135510e+02 -3.438734035182e+03 6.824159086258e+03
-1.552653958864e+02 -3.431897918826e+03 6.827554284943e+03
-1.588182309051e+02 -3.425057180960e+03 6.830941437503e+03
-1.623699137462e+02 -3.418211829708e+03 6.834320539784e+03
-1.659204495595e+02 -3.411361872715e+03 6.837691587637e+03
-1.694698134516e+02 -3.404507319083e+03 6.841054576926e+03
-1.730180105972e+02 -3.397648176479e+03 6.844409503523e+03
-1.765650361447e+02 -3.390784453056e+03 6.847756363308e+03
-1.801108852451e+02 -3.383916156970e+03 6.851095152173e+03
-1.836555530516e+02 -3.377043296385e+03 6.854425866018e+03
-1.871990347200e+02 -3.370165879471e+03 6.857748500750e+03
-1.907413352757e+02 -3.363283913846e+03 6.861063052290e+03
-1.942824301244e+02 -3.356397408802e+03 6.864369516565e+03
-1.978223243166e+02 -3.349506371979e+03 6.867667889512e+03
-2.013610130177e+02 -3.342610811572e+03 6.870958167078e+03
-2.048984913958e+02 -3.335710735785e+03 6.874240345219e+03
-2.084347546210e+02 -3.328806152826e+03 6.877514419900e+03
-2.119697978662e+02 -3.321897070910e+03 6.880780387097e+03
-2.155036163067e+02 -3.314983498258e+03 6.884038242793e+03
-2.190362148256e+02 -3.308065442455e+03 6.887287982981e+03
-2.225675691721e+02 -3.301142913011e+03 6.890529603666e+03
-2.260976842546e+02 -3.294215917534e+03 6.893763100860e+03
-2.296265552583e+02 -3.287284464269e+03 6.896988470583e+03
-2.331541773709e+02 -3.280348561471e+03 6.900205708868e+03
-2.366805457827e+02 -3.273408217398e+03 6.903414811755e+03
-2.402056556864e+02 -3.266463440317e+03 6.906615775293e+03
-2.437295118402e+02 -3.259514237783e+03 6.909808595544e+03
-2.472520902957e+02 -3.252560619495e+03 6.912993268574e+03
-2.507733958366e+02 -3.245602593033e+03 6.916169790464e+03
-2.542934236657e+02 -3.238640166687e+03 6.919338157301e+03
-2.578121689884e+02 -3.231673348753e+03 6.922498365181e+03
-2.613296270128e+02 -3.224702147536e+03 6.925650410212e+03
-2.648457929495e+02 -3.217726571344e+03 6.928794288511e+03
-2.683606620115e+02 -3.210746628493e+03 6.931929996202e+03
-2.718742388139e+02 -3.203762326506e+03 6.935057529421e+03
-2.753864997559e+02 -3.196773675298e+03 6.938176884312e+03
-2.788974494781e+02 -3.189780682414e+03 6.941288057031e+03
-2.824070832039e+02 -3.182783356194e+03 6.944391043740e+03
-2.859153961596e+02 -3.175781704986e+03 6.947485840612e+03
-2.894223835738e+02 -3.168775737142e+03 6.950572443831e+03
-2.929280406778e+02 -3.161765461020e+03 6.953650849588e+03
-2.964323719612e+02 -3.154750884115e+03 6.956721054086e+03
-2.999353541287e+02 -3.147732016528e+03 6.959783053535e+03
-3.034369916957e+02 -3.140708865777e+03 6.962836844156e+03
-3.069372799042e+02 -3.133681440244e+03 6.965882422180e+03
-3.104362139985e+02 -3.126649748318e+03 6.968919783846e+03
-3.139337892258e+02 -3.119613798396e+03 6.971948925404e+03
-3.174300008361e+02 -3.112573598877e+03 6.974969843112e+03
-3.209248531928e+02 -3.105529157230e+03 6.977982533240e+03
-3.244183233083e+02 -3.098480483739e+03 6.980986992065e+03
-3.279104155722e+02 -3.091427585892e+03 6.983983215875e+03
-3.314011252451e+02 -3.084370472117e+03 6.986971200967e+03
-3.348904475902e+02 -3.077309150844e+03 6.989950943648e+03
-3.383783778735e+02 -3.070243630510e+03 6.992922440234e+03
-3.418649113636e+02 -3.063173919560e+03 6.995885687052e+03
-3.453500433319e+02 -3.056100026443e+03 6.998840680436e+03
-3.488337779979e+02 -3.049021958591e+03 7.001787416733e+03
-3.523160927270e+02 -3.041939726503e+03 7.004725892296e+03
-3.557969917649e+02 -3.034853337633e+03 7.007656103491e+03
-3.592764703938e+02 -3.027762800454e+03 7.010578046691e+03
-3.627545238989e+02 -3.020668123447e+03 7.013491718281e+03
-3.662311475680e+02 -3.013569315095e+03 7.016397114652e+03
-3.697063366917e+02 -3.006466383892e+03 7.019294232210e+03
-3.731800953630e+02 -2.999359337238e+03 7.022183067365e+03
-3.766524012580e+02 -2.992248185818e+03 7.025063616540e+03
-3.801232584960e+02 -2.985132937054e+03 7.027935876168e+03
-3.835926623787e+02 -2.978013599462e+03 7.030799842689e+03
-3.870606082108e+02 -2.970890181564e+03 7.033655512554e+03
-3.905270912995e+02 -2.963762691885e+03 7.036502882225e+03
-3.939921069550e+02 -2.956631138957e+03 7.039341948172e+03
-3.974556504902e+02 -2.949495531321e+03 7.042172706876e+03
-4.009177258533e+02 -2.942355876342e+03 7.044995154826e+03
-4.043783110772e+02 -2.935212184915e+03 7.047809288521e+03
-4.078374101366e+02 -2.928064464428e+03 7.050615104471e+03
-4.112950183559e+02 -2.920912723443e+03 7.053412599196e+03
-4.147511310621e+02 -2.913756970527e+03 7.056201769222e+03
-4.182057435854e+02 -2.906597214254e+03 7.058982611090e+03
-4.216588512585e+02 -2.899433463203e+03 7.061755121347e+03
-4.251104579026e+02 -2.892265724712e+03 7.064519296550e+03
-4.285605418645e+02 -2.885094009854e+03 7.067275133268e+03
-4.320091069920e+02 -2.877918325990e+03 7.070022628077e+03
-4.354561486295e+02 -2.870738681721e+03 7.072761777564e+03
-4.389016621244e+02 -2.863555085654e+03 7.075492578326e+03
-4.423456428268e+02 -2.856367546404e+03 7.078215026969e+03
-4.457880860898e+02 -2.849176072589e+03 7.080929120110e+03
-4.492289872694e+02 -2.841980672835e+03 7.083634854374e+03
-4.526683500413e+02 -2.834781354443e+03 7.086332226396e+03
-4.561061531127e+02 -2.827578128695e+03 7.089021232823e+03
-4.595424001862e+02 -2.820371002916e+03 7.091701870309e+03
-4.629770866295e+02 -2.813159985753e+03 7.094374135519e+03
-4.664102078135e+02 -2.805945085859e+03 7.097038025128e+03
-4.698417591116e+02 -2.798726311893e+03 7.099693535821e+03
-4.732717359005e+02 -2.791503672518e+03 7.102340664290e+03
-4.767001417284e+02 -2.784277175007e+03 7.104979407241e+03
-4.801269556194e+02 -2.777046830822e+03 7.107609761387e+03
-4.835521811487e+02 -2.769812647256e+03 7.110231723452e+03
-4.869758137048e+02 -2.762574632994e+03 7.112845290169e+03
-4.903978486794e+02 -2.755332796731e+03 7.115450458280e+03
-4.938182814668e+02 -2.748087147162e+03 7.118047224540e+03
-4.972371074646e+02 -2.740837692992e+03 7.120635585711e+03
-5.006543300932e+02 -2.733584441460e+03 7.123215538565e+03
-5.040699286950e+02 -2.726327404210e+03 7.125787079884e+03
-5.074839067178e+02 -2.719066588501e+03 7.128350206462e+03
-5.108962595711e+02 -2.711802003059e+03 7.130904915100e+03
-5.143069826676e+02 -2.704533656615e+03 7.133451202609e+03
-5.177160714229e+02 -2.697261557905e+03 7.135989065812e+03
-5.211235212558e+02 -2.689985715672e+03 7.138518501541e+03
-5.245293275880e+02 -2.682706138663e+03 7.141039506636e+03
-5.279334936937e+02 -2.675422834081e+03 7.143552077948e+03
-5.313359992809e+02 -2.668135813773e+03 7.146056212340e+03
-5.347368476512e+02 -2.660845084963e+03 7.148551906681e+03
-5.381360342387e+02 -2.653550656420e+03 7.151039157853e+03
-5.415335544805e+02 -2.646252536919e+03 7.153517962747e+03
-5.449294038168e+02 -2.638950735240e+03 7.155988318262e+03
-5.483235776912e+02 -2.631645260167e+03 7.158450221311e+03
-5.517160792494e+02 -2.624336118874e+03 7.160903668812e+03
-5.551068885208e+02 -2.617023323382e+03 7.163348657696e+03
-5.584960086789e+02 -2.609706880886e+03 7.165785184903e+03
-5.618834351796e+02 -2.602386800191e+03 7.168213247384e+03
-5.652691634819e+02 -2.595063090110e+03 7.170632842098e+03
-5.686531890478e+02 -2.587735759460e+03 7.173043966015e+03
-5.720355073427e+02 -2.580404817064e+03 7.175446616115e+03
-5.754161138349e+02 -2.573070271750e+03 7.177840789388e+03
-5.787950115235e+02 -2.565732130652e+03 7.180226482833e+03
-5.821721808068e+02 -2.558390405996e+03 7.182603693460e+03
-5.855476247117e+02 -2.551045104937e+03 7.184972418289e+03
-5.889213387194e+02 -2.543696236326e+03 7.187332654349e+03
-5.922933183140e+02 -2.536343809015e+03 7.189684398680e+03
-5.956635589833e+02 -2.528987831866e+03 7.192027648332e+03
-5.990320562179e+02 -2.521628313742e+03 7.194362400365e+03
-6.023988128881e+02 -2.514265261747e+03 7.196688651849e+03
-6.057638097167e+02 -2.506898688282e+03 7.199006399863e+03
-6.091270496019e+02 -2.499528600469e+03 7.201315641498e+03
-6.124885280475e+02 -2.492155007194e+03 7.203616373852e+03
-6.158482405601e+02 -2.484777917348e+03 7.205908594035e+03
-6.192061826498e+02 -2.477397339827e+03 7.208192299166e+03
-6.225623498299e+02 -2.470013283532e+03 7.210467486376e+03
-6.259167376169e+02 -2.462625757370e+03 7.212734152803e+03
-6.292693487339e+02 -2.455234768406e+03 7.214992295597e+03
-6.326201642757e+02 -2.447840329240e+03 7.217241911918e+03
-6.359691869936e+02 -2.440442446956e+03 7.219482998934e+03
-6.393164124171e+02 -2.433041130482e+03 7.221715553826e+03
-6.426618360792e+02 -2.425636388750e+03 7.223939573784e+03
-6.460054535161e+02 -2.418228230696e+03 7.226155056005e+03
-6.493472602670e+02 -2.410816665264e+03 7.228361997702e+03
-6.526872589262e+02 -2.403401699484e+03 7.230560396092e+03
-6.560254309154e+02 -2.395983346130e+03 7.232750248405e+03
-6.593617788570e+02 -2.388561612253e+03 7.234931551882e+03
-6.626962983036e+02 -2.381136506817e+03 7.237104303771e+03
-6.660289848114e+02 -2.373708038787e+03 7.239268501334e+03
-6.693598339397e+02 -2.366276217137e+03 7.241424141839e+03
-6.726888412511e+02 -2.358841050844e+03 7.243571222567e+03
-6.760160092105e+02 -2.351402546907e+03 7.245709740807e+03
-6.793413195679e+02 -2.343960718270e+03 7.247839693860e+03
-6.826647748168e+02 -2.336515571952e+03 7.249961079036e+03
-6.859863705332e+02 -2.329067116950e+03 7.252073893655e+03
-6.893061022967e+02 -2.321615362266e+03 7.254178135048e+03
-6.926239656900e+02 -2.314160316908e+03 7.256273800555e+03
-6.959399562995e+02 -2.306701989886e+03 7.258360887526e+03
-6.992540697147e+02 -2.299240390219e+03 7.260439393323e+03
-7.025663082525e+02 -2.291775524867e+03 7.262509315315e+03
-7.058766540398e+02 -2.284307406969e+03 7.264570650884e+03
-7.091851094223e+02 -2.276836043505e+03 7.266623397420e+03
-7.124916700030e+02 -2.269361443512e+03 7.268667552324e+03
-7.157963313888e+02 -2.261883616030e+03 7.270703113008e+03
-7.190990891896e+02 -2.254402570107e+03 7.272730076893e+03
-7.223999390191e+02 -2.246918314792e+03 7.274748441409e+03
-7.256988830643e+02 -2.239430857013e+03 7.276758203999e+03
-7.289959037834e+02 -2.231940210079e+03 7.278759362114e+03
-7.322910033923e+02 -2.224446380935e+03 7.280751913215e+03
-7.355841775184e+02 -2.216949378652e+03 7.282735854776e+03
-7.388754217925e+02 -2.209449212305e+03 7.284711184276e+03
-7.421647318481e+02 -2.201945890970e+03 7.286677899202e+03
-7.454521033209e+02 -2.194439423728e+03 7.288635997037e+03
-7.487375318522e+02 -2.186929819667e+03 7.290585475293e+03
-7.520210194808e+02 -2.179417085675e+03 7.292526331494e+03
-7.553025490445e+02 -2.171901235253e+03 7.294458563171e+03
-7.585821226112e+02 -2.164382275308e+03 7.296382167868e+03
-7.618597358361e+02 -2.156860214948e+03 7.298297143138e+03
-7.651353843778e+02 -2.149335063287e+03 7.300203486545e+03
-7.684090638987e+02 -2.141806829441e+03 7.302101195662e+03
-7.716807700644e+02 -2.134275522533e+03 7.303990268072e+03
-7.749505047837e+02 -2.126741149416e+03 7.305870701371e+03
-7.782182512282e+02 -2.119203723759e+03 7.307742493161e+03
-7.814840113360e+02 -2.111663252434e+03 7.309605641058e+03
-7.847477807870e+02 -2.104119744582e+03 7.311460142686e+03
-7.880095552646e+02 -2.096573209348e+03 7.313305995679e+03
-7.912693304559e+02 -2.089023655881e+03 7.315143197683e+03
-7.945271020513e+02 -2.081471093337e+03 7.316971746352e+03
-7.977828718297e+02 -2.073915528533e+03 7.318791639353e+03
-8.010366232975e+02 -2.066356975306e+03 7.320602874361e+03
-8.042883582627e+02 -2.058795440491e+03 7.322405449060e+03
-8.075380724302e+02 -2.051230933262e+03 7.324199361148e+03
-8.107857615084e+02 -2.043663462796e+03 7.325984608330e+03
-8.140314212096e+02 -2.036093038274e+03 7.327761188323e+03
-8.172750472494e+02 -2.028519668883e+03 7.329529098853e+03
-8.205166353471e+02 -2.020943363814e+03 7.331288337657e+03
-8.237561871327e+02 -2.013364129844e+03 7.333038902484e+03
-8.269936864968e+02 -2.005781980998e+03 7.334780791089e+03
-8.302291350985e+02 -1.998196924072e+03 7.336514001242e+03
-8.334625286720e+02 -1.990608968276e+03 7.338238530719e+03
-8.366938629546e+02 -1.983018122821e+03 7.339954377311e+03
-8.399231336875e+02 -1.975424396926e+03 7.341661538814e+03
-8.431503366156e+02 -1.967827799813e+03 7.343360013037e+03
-8.463754732383e+02 -1.960228338224e+03 7.345049797801e+03
-8.495985277835e+02 -1.952626026347e+03 7.346730890934e+03
-8.528195017804e+02 -1.945020870943e+03 7.348403290276e+03
-8.560383909885e+02 -1.937412881252e+03 7.350066993677e+03
-8.592551911709e+02 -1.929802066518e+03 7.351721998996e+03
-8.624698980945e+02 -1.922188435988e+03 7.353368304104e+03
-8.656825075299e+02 -1.914571998914e+03 7.355005906882e+03
-8.688930152514e+02 -1.906952764555e+03 7.356634805222e+03
-8.721014226095e+02 -1.899330739611e+03 7.358254997023e+03
-8.753077142187e+02 -1.891705938457e+03 7.359866480199e+03
-8.785118914593e+02 -1.884078367813e+03 7.361469252671e+03
-8.817139501205e+02 -1.876448036952e+03 7.363063312371e+03
-8.849138859951e+02 -1.868814955153e+03 7.364648657242e+03
-8.881116948799e+02 -1.861179131699e+03 7.366225285238e+03
-8.913073725752e+02 -1.853540575875e+03 7.367793194321e+03
-8.945009203009e+02 -1.845899294349e+03 7.369352382465e+03
-8.976923230113e+02 -1.838255301655e+03 7.370902847654e+03
-9.008815819560e+02 -1.830608604477e+03 7.372444587882e+03
-9.040686929506e+02 -1.822959212119e+03 7.373977601154e+03
-9.072536518142e+02 -1.815307133889e+03 7.375501885484e+03
-9.104364543698e+02 -1.807652379097e+03 7.377017438897e+03
-9.136170964444e+02 -1.799994957062e+03 7.378524259431e+03
-9.167955738685e+02 -1.792334877102e+03 7.380022345129e+03
-9.199718877125e+02 -1.784672145842e+03 7.381511694050e+03
-9.231460233201e+02 -1.777006778001e+03 7.382992304258e+03
-9.263179817920e+02 -1.769338780221e+03 7.384464173833e+03
-9.294877589739e+02 -1.761668161838e+03 7.385927300859e+03
-9.326553507154e+02 -1.753994932194e+03 7.387381683437e+03
-9.358207528701e+02 -1.746319100633e+03 7.388827319673e+03
-9.389839612954e+02 -1.738640676503e+03 7.390264207686e+03
-9.421449769308e+02 -1.730959666395e+03 7.391692345605e+03
-9.453037854620e+02 -1.723276085183e+03 7.393111731569e+03
-9.484603878589e+02 -1.715589939474e+03 7.394522363729e+03
-9.516147799941e+02 -1.707901238634e+03 7.395924240243e+03
-9.547669577444e+02 -1.700209992030e+03 7.397317359283e+03
-9.579169169900e+02 -1.692516209036e+03 7.398701719028e+03
-9.610646536154e+02 -1.684819899029e+03 7.400077317671e+03
-9.642101684293e+02 -1.677121068561e+03 7.401444153413e+03
-9.673534474604e+02 -1.669419732666e+03 7.402802224465e+03
-9.704944915476e+02 -1.661715897913e+03 7.404151529050e+03
-9.736332965908e+02 -1.654009573694e+03 7.405492065402e+03
-9.767698584940e+02 -1.646300769407e+03 7.406823831762e+03
-9.799041731648e+02 -1.638589494452e+03 7.408146826385e+03
-9.830362365148e+02 -1.630875758233e+03 7.409461047534e+03
-9.861660444597e+02 -1.623159570159e+03 7.410766493485e+03
-9.892935976585e+02 -1.615440936741e+03 7.412063162521e+03
-9.924188825329e+02 -1.607719873189e+03 7.413351052939e+03
-9.955418997724e+02 -1.599996386031e+03 7.414630163044e+03
-9.986626453084e+02 -1.592270484690e+03 7.415900491151e+03
-1.001781115076e+03 -1.584542178594e+03 7.417162035587e+03
-1.004897305015e+03 -1.576811477175e+03 7.418414794691e+03
-1.008011211067e+03 -1.569078389868e+03 7.419658766807e+03
-1.011122833762e+03 -1.561342923146e+03 7.420893950296e+03
-1.014232159866e+03 -1.553605092375e+03 7.422120343524e+03
-1.017339189937e+03 -1.545864904045e+03 7.423337944871e+03
-1.020443919935e+03 -1.538122367606e+03 7.424546752726e+03
-1.023546345823e+03 -1.530377492512e+03 7.425746765488e+03
-1.026646463567e+03 -1.522630288222e+03 7.426937981567e+03
-1.029744269139e+03 -1.514880764196e+03 7.428120399385e+03
-1.032839758514e+03 -1.507128929900e+03 7.429294017372e+03
-1.035932932071e+03 -1.499374791765e+03 7.430458833969e+03
-1.039023776970e+03 -1.491618365332e+03 7.431614847629e+03
-1.042112293622e+03 -1.483859657047e+03 7.432762056814e+03
-1.045198478017e+03 -1.476098676390e+03 7.433900459997e+03
-1.048282326151e+03 -1.468335432845e+03 7.435030055660e+03
-1.051363834023e+03 -1.460569935900e+03 7.436150842299e+03
-1.054442997637e+03 -1.452802195046e+03 7.437262818416e+03
-1.057519817238e+03 -1.445032216673e+03 7.438365982528e+03
-1.060594280337e+03 -1.437260016478e+03 7.439460333159e+03
-1.063666387212e+03 -1.429485600867e+03 7.440545868844e+03
-1.066736133881e+03 -1.421708979347e+03 7.441622588132e+03
-1.069803516370e+03 -1.413930161426e+03 7.442690489577e+03
-1.072868530705e+03 -1.406149156617e+03 7.443749571748e+03
-1.075931172918e+03 -1.398365974436e+03 7.444799833223e+03
-1.078991443124e+03 -1.390580621236e+03 7.445841272589e+03
-1.082049329183e+03 -1.382793112864e+03 7.446873888446e+03
-1.085104831239e+03 -1.375003455689e+03 7.447897679403e+03
-1.088157945342e+03 -1.367211659240e+03 7.448912644080e+03
-1.091208667544e+03 -1.359417733053e+03 7.449918781108e+03
-1.094256993901e+03 -1.351621686663e+03 7.450916089126e+03
-1.097302920474e+03 -1.343823529611e+03 7.451904566788e+03
-1.100346443327e+03 -1.336023271441e+03 7.452884212754e+03
-1.103387562426e+03 -1.328220918464e+03 7.453855025697e+03
-1.106426266028e+03 -1.320416486695e+03 7.454817004300e+03
-1.109462554130e+03 -1.312609982461e+03 7.455770147257e+03
-1.112496422812e+03 -1.304801415318e+03 7.456714453271e+03
-1.115527868160e+03 -1.296990794829e+03 7.457649921058e+03
-1.118556886264e+03 -1.289178130557e+03 7.458576549342e+03
-1.121583473217e+03 -1.281363432069e+03 7.459494336860e+03
-1.124607628854e+03 -1.273546705639e+03 7.460403282356e+03
-1.127629341781e+03 -1.265727967429e+03 7.461303384588e+03
-1.130648611864e+03 -1.257907223728e+03 7.462194642324e+03
-1.133665435214e+03 -1.250084484116e+03 7.463077054341e+03
-1.136679807945e+03 -1.242259758177e+03 7.463950619427e+03
-1.139691726175e+03 -1.234433055499e+03 7.464815336382e+03
-1.142701186029e+03 -1.226604385673e+03 7.465671204014e+03
-1.145708183633e+03 -1.218773758294e+03 7.466518221145e+03
-1.148712718671e+03 -1.210941179587e+03 7.467356386604e+03
-1.151714780152e+03 -1.203106665886e+03 7.468185699233e+03
-1.154714367790e+03 -1.195270223432e+03 7.469006157883e+03
-1.157711477731e+03 -1.187431861834e+03 7.469817761417e+03
-1.160706106121e+03 -1.179591590701e+03 7.470620508708e+03
-1.163698249115e+03 -1.171749419646e+03 7.471414398638e+03
-1.166687902869e+03 -1.163905358286e+03 7.472199430102e+03
-1.169675066935e+03 -1.156059412810e+03 7.472975602005e+03
-1.172659730674e+03 -1.148211599694e+03 7.473742913262e+03
-1.175641893669e+03 -1.140361925143e+03 7.474501362797e+03
-1.178621552094e+03 -1.132510398784e+03 7.475250949549e+03
-1.181598702128e+03 -1.124657030251e+03 7.475991672462e+03
-1.184573339954e+03 -1.116801829179e+03 7.476723530496e+03
-1.187545461758e+03 -1.108944805206e+03 7.477446522617e+03
-1.190515063731e+03 -1.101085967974e+03 7.478160647805e+03
-1.193482145276e+03 -1.093225323626e+03 7.478865905049e+03
-1.196446696155e+03 -1.085362888804e+03 7.479562293349e+03
-1.199408715803e+03 -1.077498669665e+03 7.480249811715e+03
-1.202368200428e+03 -1.069632675865e+03 7.480928459168e+03
-1.205325146242e+03 -1.061764917059e+03 7.481598234739e+03
-1.208279549464e+03 -1.053895402907e+03 7.482259137472e+03
-1.211231406313e+03 -1.046024143072e+03 7.482911166418e+03
-1.214180716062e+03 -1.038151143657e+03 7.483554320642e+03
-1.217127468826e+03 -1.030276421448e+03 7.484188599216e+03
-1.220071663907e+03 -1.022399982561e+03 7.484814001227e+03
-1.223013297546e+03 -1.014521836672e+03 7.485430525768e+03
-1.225952365985e+03 -1.006641993459e+03 7.486038171945e+03
-1.228888865471e+03 -9.987604626003e+02 7.486636938876e+03
-1.231822792256e+03 -9.908772537808e+02 7.487226825687e+03
-1.234754145480e+03 -9.829923730639e+02 7.487807831516e+03
-1.237682915613e+03 -9.751058373752e+02 7.488379955511e+03
-1.240609101827e+03 -9.672176527926e+02 7.488943196830e+03
-1.243532700391e+03 -9.593278290109e+02 7.489497554644e+03
-1.246453707579e+03 -9.514363757280e+02 7.490043028133e+03
-1.249372119669e+03 -9.435433026441e+02 7.490579616487e+03
-1.252287932943e+03 -9.356486194626e+02 7.491107318907e+03
-1.255201143688e+03 -9.277523358897e+02 7.491626134607e+03
-1.258111750895e+03 -9.198544579432e+02 7.492136062808e+03
-1.261019745439e+03 -9.119550027084e+02 7.492637102745e+03
-1.263925126341e+03 -9.040539762172e+02 7.493129253660e+03
-1.266827889907e+03 -8.961513881867e+02 7.493612514809e+03
-1.269728032445e+03 -8.882472483370e+02 7.494086885457e+03
-1.272625550269e+03 -8.803415663907e+02 7.494552364879e+03
-1.275520439696e+03 -8.724343520731e+02 7.495008952362e+03
-1.278412699586e+03 -8.645256113616e+02 7.495456647204e+03
-1.281302321169e+03 -8.566153614799e+02 7.495895448710e+03
-1.284189303336e+03 -8.487036084193e+02 7.496325356202e+03
-1.287073642423e+03 -8.407903619159e+02 7.496746369006e+03
-1.289955334769e+03 -8.328756317083e+02 7.497158486463e+03
-1.292834376721e+03 -8.249594275381e+02 7.497561707923e+03
-1.295710764627e+03 -8.170417591492e+02 7.497956032747e+03
-1.298584494840e+03 -8.091226362883e+02 7.498341460307e+03
-1.301455566069e+03 -8.012020648864e+02 7.498717989985e+03
-1.304323969953e+03 -7.932800623234e+02 7.499085621174e+03
-1.307189705232e+03 -7.853566345440e+02 7.499444353277e+03
-1.310052768278e+03 -7.774317913050e+02 7.499794185709e+03
-1.312913155467e+03 -7.695055423661e+02 7.500135117894e+03
-1.315770863180e+03 -7.615778974892e+02 7.500467149269e+03
-1.318625887802e+03 -7.536488664391e+02 7.500790279279e+03
-1.321478227910e+03 -7.457184551059e+02 7.501104507382e+03
-1.324327875501e+03 -7.377866810048e+02 7.501409833046e+03
-1.327174829183e+03 -7.298535500393e+02 7.501706255748e+03
-1.330019085359e+03 -7.219190719840e+02 7.501993774977e+03
-1.332860640439e+03 -7.139832566159e+02 7.502272390234e+03
-1.335699490834e+03 -7.060461137145e+02 7.502542101028e+03
-1.338535632961e+03 -6.981076530619e+02 7.502802906880e+03
-1.341369065267e+03 -6.901678805068e+02 7.503054807321e+03
-1.344199780103e+03 -6.822268136987e+02 7.503297801895e+03
-1.347027775951e+03 -6.742844584995e+02 7.503531890153e+03
-1.349853049243e+03 -6.663408247008e+02 7.503757071659e+03
-1.352675596421e+03 -6.583959220967e+02 7.503973345988e+03
-1.355495413928e+03 -6.504497604833e+02 7.504180712725e+03
-1.358312498214e+03 -6.425023496594e+02 7.504379171465e+03
-1.361126845732e+03 -6.345536994259e+02 7.504568721814e+03
-1.363938454779e+03 -6.266038155845e+02 7.504749363389e+03
-1.366747318116e+03 -6.186527159358e+02 7.504921095818e+03
-1.369553434074e+03 -6.107004062945e+02 7.505083918740e+03
-1.372356799124e+03 -6.027468964706e+02 7.505237831802e+03
-1.375157409742e+03 -5.947921962768e+02 7.505382834666e+03
-1.377955262411e+03 -5.868363155276e+02 7.505518927000e+03
-1.380750353614e+03 -5.788792640398e+02 7.505646108483e+03
-1.383542681518e+03 -5.709210475738e+02 7.505764378808e+03
-1.386332239245e+03 -5.629616840609e+02 7.505873737676e+03
-1.389119024991e+03 -5.550011792739e+02 7.505974184802e+03
-1.391903035263e+03 -5.470395430388e+02 7.506065719910e+03
-1.394684266567e+03 -5.390767851828e+02 7.506148342723e+03
-1.397462715414e+03 -5.311129155352e+02 7.506222052974e+03
-1.400238378322e+03 -5.231479439285e+02 7.506286850418e+03
-1.403011251815e+03 -5.151818801973e+02 7.506342734823e+03
-1.405781333908e+03 -5.072147300539e+02 7.506389705965e+03
-1.408548618134e+03 -4.992465115777e+02 7.506427763633e+03
-1.411313102541e+03 -4.912772304935e+02 7.506456907626e+03
-1.414074783672e+03 -4.833068966444e+02 7.506477137752e+03
-1.416833658072e+03 -4.753355198754e+02 7.506488453833e+03
-1.419589722292e+03 -4.673631100339e+02 7.506490855698e+03
-1.422342972889e+03 -4.593896769689e+02 7.506484343190e+03
-1.425093407747e+03 -4.514152263508e+02 7.506468916162e+03
-1.427841020759e+03 -4.434397763870e+02 7.506444574474e+03
-1.430585809842e+03 -4.354633327598e+02 7.506411318003e+03
-1.433327771573e+03 -4.274859053265e+02 7.506369146631e+03
-1.436066902528e+03 -4.195075039466e+02 7.506318060254e+03
-1.438803199294e+03 -4.115281384814e+02 7.506258058778e+03
-1.441536658458e+03 -4.035478187942e+02 7.506189142119e+03
-1.444267276614e+03 -3.955665547502e+02 7.506111310205e+03
-1.446995051498e+03 -3.875843519713e+02 7.506024562973e+03
-1.449719977414e+03 -3.796012288093e+02 7.505928900372e+03
-1.452442052131e+03 -3.716171908980e+02 7.505824322360e+03
-1.455161272261e+03 -3.636322481101e+02 7.505710828909e+03
-1.457877634422e+03 -3.556464103207e+02 7.505588419998e+03
-1.460591135236e+03 -3.476596874063e+02 7.505457095620e+03
-1.463301771329e+03 -3.396720892457e+02 7.505316855775e+03
-1.466009540305e+03 -3.316836214182e+02 7.505167700478e+03
-1.468714436833e+03 -3.236943024002e+02 7.505009629752e+03
-1.471416458549e+03 -3.157041377828e+02 7.504842643631e+03
-1.474115602099e+03 -3.077131374518e+02 7.504666742160e+03
-1.476811864133e+03 -2.997213112950e+02 7.504481925394e+03
-1.479505241309e+03 -2.917286692019e+02 7.504288193402e+03
-1.482195730284e+03 -2.837352210639e+02 7.504085546259e+03
-1.484883328535e+03 -2.757409724174e+02 7.503873984054e+03
-1.487568031088e+03 -2.677459418623e+02 7.503653506885e+03
-1.490249835452e+03 -2.597501349467e+02 7.503424114861e+03
-1.492928738305e+03 -2.517535615687e+02 7.503185808103e+03
-1.495604736332e+03 -2.437562316283e+02 7.502938586742e+03
-1.498277826222e+03 -2.357581550272e+02 7.502682450919e+03
-1.500948004670e+03 -2.277593416688e+02 7.502417400786e+03
-1.503615268373e+03 -2.197598014581e+02 7.502143436506e+03
-1.506279614658e+03 -2.117595398826e+02 7.501860558253e+03
-1.508941038965e+03 -2.037585756813e+02 7.501568766211e+03
-1.511599538654e+03 -1.957569143526e+02 7.501268060575e+03
-1.514255110443e+03 -1.877545658082e+02 7.500958441552e+03
-1.516907751054e+03 -1.797515399614e+02 7.500639909356e+03
-1.519557457215e+03 -1.717478467268e+02 7.500312464217e+03
-1.522204225660e+03 -1.637434960209e+02 7.499976106371e+03
-1.524848053582e+03 -1.557384932881e+02 7.499630836067e+03
-1.527488936787e+03 -1.477328573872e+02 7.499276653565e+03
-1.530126872503e+03 -1.397265937736e+02 7.498913559136e+03
-1.532761857482e+03 -1.317197123698e+02 7.498541553059e+03
-1.535393888481e+03 -1.237122230999e+02 7.498160635627e+03
-1.538022962262e+03 -1.157041358896e+02 7.497770807141e+03
-1.540649075593e+03 -1.076954606658e+02 7.497372067916e+03
-1.543272225244e+03 -9.968620735722e+01 7.496964418274e+03
-1.545892408262e+03 -9.167638135849e+01 7.496547858551e+03
-1.548509620867e+03 -8.366600166424e+01 7.496122389091e+03
-1.551123860137e+03 -7.565507367968e+01 7.495688010250e+03
-1.553735122865e+03 -6.764360733921e+01 7.495244722396e+03
-1.556343405847e+03 -5.963161257857e+01 7.494792525905e+03
-1.558948705884e+03 -5.161909933499e+01 7.494331421166e+03
-1.561551019782e+03 -4.360607754703e+01 7.493861408578e+03
-1.564150344457e+03 -3.559255256566e+01 7.493382488550e+03
-1.566746676493e+03 -2.757854350254e+01 7.492894661502e+03
-1.569340012838e+03 -1.956405571900e+01 7.492397927865e+03
-1.571930350319e+03 -1.154909915901e+01 7.491892288082e+03
-1.574517685767e+03 -3.533683767935e+00 7.491377742604e+03
-1.577102016017e+03 4.482180507609e+00 7.490854291895e+03
-1.579683337910e+03 1.249848371966e+01 7.490321936429e+03
-1.582261648233e+03 2.051522056113e+01 7.489780676690e+03
-1.584836943932e+03 2.853237180482e+01 7.489230513173e+03
-1.587409221827e+03 3.654993213356e+01 7.488671446386e+03
-1.589978478778e+03 4.456789159431e+01 7.488103476844e+03
-1.592544711652e+03 5.258624023285e+01 7.487526605075e+03
-1.595107917319e+03 6.060496809371e+01 7.486940831618e+03
-1.597668092654e+03 6.862406522022e+01 7.486346157021e+03
-1.600225234539e+03 7.664352165454e+01 7.485742581844e+03
-1.602779339610e+03 8.466333213990e+01 7.485130106658e+03
-1.605330405231e+03 9.268347731898e+01 7.484508732044e+03
-1.607878428075e+03 1.007039519252e+02 7.483878458593e+03
-1.610423405040e+03 1.087247459961e+02 7.483239286908e+03
-1.612965333033e+03 1.167458495679e+02 7.482591217604e+03
-1.615504208964e+03 1.247672526761e+02 7.481934251302e+03
-1.618040029750e+03 1.327889453545e+02 7.481268388640e+03
-1.620572791897e+03 1.408109223909e+02 7.480593630261e+03
-1.623102493135e+03 1.488331643156e+02 7.479909976822e+03
-1.625629130004e+03 1.568556659065e+02 7.479217428990e+03
-1.628152699441e+03 1.648784171936e+02 7.478515987443e+03
-1.630673198386e+03 1.729014082056e+02 7.477805652869e+03
-1.633190623786e+03 1.809246289702e+02 7.477086425967e+03
-1.635704972591e+03 1.889480695143e+02 7.476358307447e+03
-1.638216241757e+03 1.969717198637e+02 7.475621298030e+03
-1.640724427644e+03 2.049955748567e+02 7.474875398446e+03
-1.643229528397e+03 2.130196148972e+02 7.474120609438e+03
-1.645731540411e+03 2.210438348144e+02 7.473356931758e+03
-1.648230460660e+03 2.290682246301e+02 7.472584366170e+03
-1.650726286127e+03 2.370927743653e+02 7.471802913448e+03
-1.653219013798e+03 2.451174740400e+02 7.471012574377e+03
-1.655708640665e+03 2.531423136734e+02 7.470213349752e+03
-1.658195162957e+03 2.611672881486e+02 7.469405240380e+03
-1.660678579186e+03 2.691923777604e+02 7.468588247077e+03
-1.663158885615e+03 2.772175773829e+02 7.467762370671e+03
-1.665636079256e+03 2.852428770317e+02 7.466927612001e+03
-1.668110157127e+03 2.932682667216e+02 7.466083971916e+03
-1.670581116250e+03 3.012937364665e+02 7.465231451275e+03
-1.673048953651e+03 3.093192762796e+02 7.464370050950e+03
-1.675513666363e+03 3.173448761731e+02 7.463499771821e+03
-1.677975250469e+03 3.253705310815e+02 7.462620614780e+03
-1.680433704897e+03 3.333962211770e+02 7.461732580730e+03
-1.682889025764e+03 3.414219413851e+02 7.460835670585e+03
-1.685341210122e+03 3.494476817152e+02 7.459929885268e+03
-1.687790255029e+03 3.574734321757e+02 7.459015225715e+03
-1.690236157549e+03 3.654991827743e+02 7.458091692870e+03
-1.692678914749e+03 3.735249235182e+02 7.457159287691e+03
-1.695118522583e+03 3.815506493868e+02 7.456218011143e+03
-1.697554980346e+03 3.895763404465e+02 7.455267864205e+03
-1.699988284025e+03 3.976019916684e+02 7.454308847865e+03
-1.702418430708e+03 4.056275930567e+02 7.453340963122e+03
-1.704845417490e+03 4.136531346152e+02 7.452364210986e+03
-1.707269241470e+03 4.216786063468e+02 7.451378592477e+03
-1.709689899752e+03 4.297039982540e+02 7.450384108626e+03
-1.712107388161e+03 4.377293053616e+02 7.449380760475e+03
-1.714521706357e+03 4.457545076317e+02 7.448368549077e+03
-1.716932850199e+03 4.537796000810e+02 7.447347475495e+03
-1.719340816812e+03 4.618045727095e+02 7.446317540803e+03
-1.721745603325e+03 4.698294155166e+02 7.445278746085e+03
-1.724147206875e+03 4.778541185014e+02 7.444231092437e+03
-1.726545624601e+03 4.858786716621e+02 7.443174580964e+03
-1.728940853650e+03 4.939030649967e+02 7.442109212785e+03
-1.731332889700e+03 5.019272935820e+02 7.441034989025e+03
-1.733721732828e+03 5.099513372630e+02 7.439951910823e+03
-1.736107378747e+03 5.179751911085e+02 7.438859979329e+03
-1.738489824623e+03 5.259988451145e+02 7.437759195700e+03
-1.740869067628e+03 5.340222892764e+02 7.436649561108e+03
-1.743245104939e+03 5.420455135893e+02 7.435531076734e+03
-1.745617933738e+03 5.500685080478e+02 7.434403743768e+03
-1.747987549576e+03 5.580912677744e+02 7.433267563414e+03
-1.750353952895e+03 5.661137725132e+02 7.432122536883e+03
-1.752717139280e+03 5.741360173790e+02 7.430968665400e+03
-1.755077105935e+03 5.821579923648e+02 7.429805950200e+03
-1.757433850067e+03 5.901796874632e+02 7.428634392526e+03
-1.759787368889e+03 5.982010926667e+02 7.427453993635e+03
-1.762137659622e+03 6.062221979671e+02 7.426264754793e+03
-1.764484719488e+03 6.142429933561e+02 7.425066677277e+03
-1.766828543891e+03 6.222634740087e+02 7.423859762375e+03
-1.769169133694e+03 6.302836195556e+02 7.422644011385e+03
-1.771506484335e+03 6.383034251643e+02 7.421419425616e+03
-1.773840593058e+03 6.463228808252e+02 7.420186006387e+03
-1.776171457114e+03 6.543419765286e+02 7.418943755030e+03
-1.778499073759e+03 6.623607022644e+02 7.417692672885e+03
-1.780823440252e+03 6.703790480224e+02 7.416432761305e+03
-1.783144551871e+03 6.783970090237e+02 7.415164021650e+03
-1.785462409844e+03 6.864145648014e+02 7.413886455295e+03
-1.787777009480e+03 6.944317105693e+02 7.412600063623e+03
-1.790088348062e+03 7.024484363163e+02 7.411304848029e+03
-1.792396422877e+03 7.104647320312e+02 7.410000809918e+03
-1.794701231217e+03 7.184805877027e+02 7.408687950705e+03
-1.797002770381e+03 7.264959933193e+02 7.407366271817e+03
-1.799301035516e+03 7.345109441481e+02 7.406035774690e+03
-1.801596028218e+03 7.425254196265e+02 7.404696460774e+03
-1.803887743668e+03 7.505394150146e+02 7.403348331525e+03
-1.806176179187e+03 7.585529203006e+02 7.401991388414e+03
-1.808461332098e+03 7.665659254724e+02 7.400625632919e+03
-1.810743199731e+03 7.745784205179e+02 7.399251066531e+03
-1.813021779421e+03 7.825903954250e+02 7.397867690752e+03
-1.815297068509e+03 7.906018401815e+02 7.396475507091e+03
-1.817569061997e+03 7.986127501077e+02 7.395074517073e+03
-1.819837761899e+03 8.066231045330e+02 7.393664722230e+03
-1.822103163251e+03 8.146328987712e+02 7.392246124105e+03
-1.824365263416e+03 8.226421228099e+02 7.390818724253e+03
-1.826624059760e+03 8.306507666371e+02 7.389382524238e+03
-1.828879549655e+03 8.386588202406e+02 7.387937525636e+03
-1.831131730480e+03 8.466662736083e+02 7.386483730034e+03
-1.833380597111e+03 8.546731221070e+02 7.385021139027e+03
-1.835626151926e+03 8.626793449738e+02 7.383549754224e+03
-1.837868389836e+03 8.706849375691e+02 7.382069577242e+03
-1.840107308240e+03 8.786898898811e+02 7.380580609711e+03
-1.842342904542e+03 8.866941918982e+02 7.379082853269e+03
-1.844575176153e+03 8.946978336091e+02 7.377576309567e+03
-1.846804120487e+03 9.027008050023e+02 7.376060980264e+03
-1.849029734965e+03 9.107030960667e+02 7.374536867034e+03
-1.851252014319e+03 9.187047022226e+02 7.373003971556e+03
-1.853470961346e+03 9.267056026031e+02 7.371462295525e+03
-1.855686570811e+03 9.347057926223e+02 7.369911840643e+03
-1.857898840157e+03 9.427052622700e+02 7.368352608623e+03
-1.860107766830e+03 9.507040015359e+02 7.366784601190e+03
-1.862313348283e+03 9.587020004091e+02 7.365207820072e+03
-1.864515581971e+03 9.666992488784e+02 7.363622267004e+03
-1.866714462497e+03 9.746957424111e+02 7.362027943740e+03
-1.868909993027e+03 9.826914600510e+02 7.360424852049e+03
-1.871102168199e+03 9.906863972595e+02 7.358812993707e+03
-1.873290985492e+03 9.986805440280e+02 7.357192370503e+03
-1.875476442393e+03 1.006673890348e+03 7.355562984236e+03
-1.877658536392e+03 1.014666426212e+03 7.353924836714e+03
-1.879837264986e+03 1.022658141612e+03 7.352277929759e+03
-1.882012625675e+03 1.030649026542e+03 7.350622265200e+03
-1.884184612920e+03 1.038639076521e+03 7.348957844880e+03
-1.886353230304e+03 1.046628270494e+03 7.347284670648e+03
-1.888518472321e+03 1.054616603977e+03 7.345602744369e+03
-1.890680336495e+03 1.062604066963e+03 7.343912067914e+03
-1.892838820354e+03 1.070590649448e+03 7.342212643167e+03
-1.894993921433e+03 1.078576341426e+03 7.340504472023e+03
-1.897145637271e+03 1.086561132894e+03 7.338787556386e+03
-1.899293962201e+03 1.094545019419e+03 7.337061898173e+03
-1.901438900175e+03 1.102527979861e+03 7.335327499308e+03
-1.903580445559e+03 1.110510009781e+03 7.333584361728e+03
-1.905718595915e+03 1.118491099177e+03 7.331832487380e+03
-1.907853348811e+03 1.126471238048e+03 7.330071878222e+03
-1.909984701818e+03 1.134450416392e+03 7.328302536222e+03
-1.912112652514e+03 1.142428624208e+03 7.326524463360e+03
-1.914237195108e+03 1.150405857111e+03 7.324737661624e+03
-1.916358333914e+03 1.158382093877e+03 7.322942133014e+03
-1.918476063176e+03 1.166357330116e+03 7.321137879542e+03
-1.920590380494e+03 1.174331555828e+03 7.319324903228e+03
-1.922701283472e+03 1.182304761017e+03 7.317503206104e+03
-1.924808769721e+03 1.190276935684e+03 7.315672790212e+03
-1.926912836857e+03 1.198248069833e+03 7.313833657605e+03
-1.929013482502e+03 1.206218153468e+03 7.311985810346e+03
-1.931110700720e+03 1.214187182258e+03 7.310129250510e+03
-1.933204496246e+03 1.222155134885e+03 7.308263980181e+03
-1.935294863179e+03 1.230122007013e+03 7.306390001454e+03
-1.937381799161e+03 1.238087788649e+03 7.304507316434e+03
-1.939465301844e+03 1.246052469799e+03 7.302615927239e+03
-1.941545368880e+03 1.254016040473e+03 7.300715835993e+03
-1.943621997930e+03 1.261978490679e+03 7.298807044837e+03
-1.945695182935e+03 1.269939816135e+03 7.296889555917e+03
-1.947764928993e+03 1.277899995441e+03 7.294963371395e+03
-1.949831230080e+03 1.285859024310e+03 7.293028493438e+03
-1.951894083878e+03 1.293816892753e+03 7.291084924229e+03
-1.953953488075e+03 1.301773590785e+03 7.289132665956e+03
-1.956009440363e+03 1.309729108418e+03 7.287171720821e+03
-1.958061938442e+03 1.317683435666e+03 7.285202091036e+03
-1.960110980015e+03 1.325636562545e+03 7.283223778821e+03
-1.962156558881e+03 1.333588484828e+03 7.281236786409e+03
-1.964198680557e+03 1.341539181022e+03 7.279241116043e+03
-1.966237338873e+03 1.349488646898e+03 7.277236769975e+03
-1.968272531556e+03 1.357436872473e+03 7.275223750469e+03
-1.970304256338e+03 1.365383847767e+03 7.273202059798e+03
-1.972332510957e+03 1.373329562800e+03 7.271171700249e+03
-1.974357293156e+03 1.381274007594e+03 7.269132674115e+03
-1.976378596607e+03 1.389217177969e+03 7.267084983702e+03
-1.978396427193e+03 1.397159052357e+03 7.265028631327e+03
-1.980410778621e+03 1.405099626576e+03 7.262963619316e+03
-1.982421648656e+03 1.413038890649e+03 7.260889950006e+03
-1.984429035069e+03 1.420976834605e+03 7.258807625747e+03
-1.986432935637e+03 1.428913448469e+03 7.256716648895e+03
-1.988433348142e+03 1.436848722269e+03 7.254617021821e+03
-1.990430266132e+03 1.444782651876e+03 7.252508746903e+03
-1.992423695855e+03 1.452715215645e+03 7.250391826530e+03
-1.994413630893e+03 1.460646409441e+03 7.248266263104e+03
-1.996400069052e+03 1.468576223298e+03 7.246132059034e+03
-1.998383008141e+03 1.476504647247e+03 7.243989216742e+03
-2.000362445975e+03 1.484431671325e+03 7.241837738658e+03
-2.002338380374e+03 1.492357285566e+03 7.239677627223e+03
-2.004310809164e+03 1.500281480006e+03 7.237508884886e+03
-2.006279725754e+03 1.508204250569e+03 7.235331514110e+03
-2.008245136806e+03 1.516125575528e+03 7.233145517370e+03
-2.010207035762e+03 1.524045450804e+03 7.230950897149e+03
-2.012165420472e+03 1.531963866438e+03 7.228747655941e+03
-2.014120288791e+03 1.539880812472e+03 7.226535796252e+03
-2.016071638577e+03 1.547796278951e+03 7.224315320597e+03
-2.018019467698e+03 1.555710255919e+03 7.222086231502e+03
-2.019963769437e+03 1.563622739349e+03 7.219848531504e+03
-2.021904550822e+03 1.571533707442e+03 7.217602223149e+03
-2.023841805172e+03 1.579443156167e+03 7.215347308995e+03
-2.025775530376e+03 1.587351075573e+03 7.213083791609e+03
-2.027705724326e+03 1.595257455713e+03 7.210811673569e+03
-2.029632384923e+03 1.603162286639e+03 7.208530957463e+03
-2.031555510072e+03 1.611065558405e+03 7.206241645892e+03
-2.033475097683e+03 1.618967261065e+03 7.203943741463e+03
-2.035391140899e+03 1.626867390649e+03 7.201637246798e+03
-2.037303647165e+03 1.634765925276e+03 7.199322164525e+03
-2.039212609660e+03 1.642662860972e+03 7.196998497287e+03
-2.041118026315e+03 1.650558187797e+03 7.194666247733e+03
-2.043019895071e+03 1.658451895813e+03 7.192325418526e+03
-2.044918213871e+03 1.666343975084e+03 7.189976012338e+03
-2.046812980666e+03 1.674234415675e+03 7.187618031850e+03
-2.048704188476e+03 1.682123213662e+03 7.185251479757e+03
-2.050591845110e+03 1.690010347098e+03 7.182876358762e+03
-2.052475943624e+03 1.697895812056e+03 7.180492671578e+03
-2.054356481989e+03 1.705779598608e+03 7.178100420929e+03
-2.056233458185e+03 1.713661696825e+03 7.175699609550e+03
-2.058106870194e+03 1.721542096782e+03 7.173290240186e+03
-2.059976716008e+03 1.729420788552e+03 7.170872315592e+03
-2.061842993621e+03 1.737297762214e+03 7.168445838533e+03
-2.063705695914e+03 1.745173013898e+03 7.166010811786e+03
-2.065564831111e+03 1.753046521582e+03 7.163567238136e+03
-2.067420392127e+03 1.760918281396e+03 7.161115120382e+03
-2.069272376981e+03 1.768788283422e+03 7.158654461330e+03
-2.071120783696e+03 1.776656517745e+03 7.156185263797e+03
-2.072965610301e+03 1.784522974450e+03 7.153707530612e+03
-2.074806854832e+03 1.792387643626e+03 7.151221264612e+03
-2.076644510047e+03 1.800250521454e+03 7.148726468647e+03
-2.078478584533e+03 1.808111585845e+03 7.146223145576e+03
-2.080309071084e+03 1.815970832979e+03 7.143711298267e+03
-2.082135967758e+03 1.823828252950e+03 7.141190929602e+03
-2.083959272617e+03 1.831683835854e+03 7.138662042469e+03
-2.085778983732e+03 1.839537571788e+03 7.136124639771e+03
-2.087595099177e+03 1.847389450851e+03 7.133578724418e+03
-2.089407611589e+03 1.855239469275e+03 7.131024299331e+03
-2.091216529919e+03 1.863087604908e+03 7.128461367442e+03
-2.093021846837e+03 1.870933853978e+03 7.125889931694e+03
-2.094823560442e+03 1.878778206591e+03 7.123309995037e+03
-2.096621668837e+03 1.886620652856e+03 7.120721560435e+03
-2.098416170131e+03 1.894461182882e+03 7.118124630861e+03
-2.100207062438e+03 1.902299786780e+03 7.115519209298e+03
-2.101994343880e+03 1.910136454664e+03 7.112905298739e+03
-2.103778006955e+03 1.917971182821e+03 7.110282902188e+03
-2.105558061026e+03 1.925803949029e+03 7.107652022660e+03
-2.107334498628e+03 1.933634749573e+03 7.105012663180e+03
-2.109107317902e+03 1.941463574573e+03 7.102364826781e+03
-2.110876516999e+03 1.949290414154e+03 7.099708516509e+03
-2.112642094072e+03 1.957115258438e+03 7.097043735420e+03
-2.114404047284e+03 1.964938097551e+03 7.094370486580e+03
-2.116162369011e+03 1.972758927832e+03 7.091688773064e+03
-2.117917068979e+03 1.980577726996e+03 7.088998597958e+03
-2.119668139600e+03 1.988394491381e+03 7.086299964361e+03
-2.121415579058e+03 1.996209211120e+03 7.083592875378e+03
-2.123159385543e+03 2.004021876349e+03 7.080877334128e+03
-2.124899557248e+03 2.011832477206e+03 7.078153343739e+03
-2.126636092376e+03 2.019641003831e+03 7.075420907348e+03
-2.128368989132e+03 2.027447446365e+03 7.072680028104e+03
-2.130098239757e+03 2.035251801202e+03 7.069930709164e+03
-2.131823854388e+03 2.043054045995e+03 7.067172953697e+03
-2.133545825302e+03 2.050854177134e+03 7.064406764883e+03
-2.135264150726e+03 2.058652184770e+03 7.061632145910e+03
-2.136978828897e+03 2.066448059056e+03 7.058849099978e+03
-2.138689858055e+03 2.074241790144e+03 7.056057630297e+03
-2.140397236446e+03 2.082033368193e+03 7.053257740087e+03
-2.142100956193e+03 2.089822789643e+03 7.050449432577e+03
-2.143801027792e+03 2.097610032092e+03 7.047632711009e+03
-2.145497443400e+03 2.105395091981e+03 7.044807578632e+03
-2.147190201285e+03 2.113177959476e+03 7.041974038709e+03
-2.148879299724e+03 2.120958624742e+03 7.039132094509e+03
-2.150564736997e+03 2.128737077950e+03 7.036281749316e+03
-2.152246511392e+03 2.136513309270e+03 7.033423006420e+03
-2.153924614910e+03 2.144287315195e+03 7.030555869124e+03
-2.155599058410e+03 2.152059073267e+03 7.027680340741e+03
-2.157269833926e+03 2.159828579978e+03 7.024796424593e+03
-2.158936939771e+03 2.167595825509e+03 7.021904124012e+03
-2.160600374258e+03 2.175360800041e+03 7.019003442341e+03
-2.162260135710e+03 2.183123493759e+03 7.016094382932e+03
-2.163916222455e+03 2.190883896849e+03 7.013176949150e+03
-2.165568632824e+03 2.198641999502e+03 7.010251144368e+03
-2.167217358685e+03 2.206397798265e+03 7.007316971968e+03
-2.168862411306e+03 2.214151270622e+03 7.004374435345e+03
-2.170503782586e+03 2.221902413122e+03 7.001423537903e+03
-2.172141470882e+03 2.229651215963e+03 6.998464283056e+03
-2.173775474556e+03 2.237397669345e+03 6.995496674228e+03
-2.175405791976e+03 2.245141763473e+03 6.992520714853e+03
-2.177032421515e+03 2.252883488550e+03 6.989536408377e+03
-2.178655354922e+03 2.260622841177e+03 6.986543758254e+03
-2.180274603823e+03 2.268359798786e+03 6.983542767950e+03
-2.181890159999e+03 2.276094357975e+03 6.980533440939e+03
-2.183502021849e+03 2.283826508960e+03 6.977515780708e+03
-2.185110187774e+03 2.291556241959e+03 6.974489790753e+03
-2.186714656183e+03 2.299283547192e+03 6.971455474579e+03
-2.188315425491e+03 2.307008414880e+03 6.968412835702e+03
-2.189912494117e+03 2.314730835249e+03 6.965361877647e+03
-2.191505853674e+03 2.322450804956e+03 6.962302603952e+03
-2.193095516199e+03 2.330168301376e+03 6.959235018161e+03
-2.194681473337e+03 2.337883321166e+03 6.956159123832e+03
-2.196263723533e+03 2.345595854562e+03 6.953074924531e+03
-2.197842265235e+03 2.353305891800e+03 6.949982423835e+03
-2.199417096898e+03 2.361013423121e+03 6.946881625329e+03
-2.200988216984e+03 2.368718438766e+03 6.943772532612e+03
-2.202555616987e+03 2.376420935445e+03 6.940655149290e+03
-2.204119309301e+03 2.384120890484e+03 6.937529478979e+03
-2.205679285456e+03 2.391818300591e+03 6.934395525309e+03
-2.207235543934e+03 2.399513156021e+03 6.931253291917e+03
-2.208788083227e+03 2.407205447028e+03 6.928102782450e+03
-2.210336901830e+03 2.414895163871e+03 6.924944000565e+03
-2.211881998245e+03 2.422582296810e+03 6.921776949931e+03
-2.213423370980e+03 2.430266836109e+03 6.918601634225e+03
-2.214961011394e+03 2.437948778533e+03 6.915418057134e+03
-2.216494932290e+03 2.445628101359e+03 6.912226222356e+03
-2.218025125063e+03 2.453304801352e+03 6.909026133600e+03
-2.219551588244e+03 2.460978868786e+03 6.905817794583e+03
-2.221074320369e+03 2.468650293938e+03 6.902601209033e+03
-2.222593319980e+03 2.476319067089e+03 6.899376380688e+03
-2.224108585627e+03 2.483985178521e+03 6.896143313296e+03
-2.225620108553e+03 2.491648625049e+03 6.892902010616e+03
-2.227127901916e+03 2.499309383907e+03 6.889652476417e+03
-2.228631956995e+03 2.506967451911e+03 6.886394714477e+03
-2.230132272362e+03 2.514622819355e+03 6.883128728585e+03
-2.231628846593e+03 2.522275476535e+03 6.879854522538e+03
-2.233121678273e+03 2.529925413751e+03 6.876572100146e+03
-2.234610765991e+03 2.537572621306e+03 6.873281465227e+03
-2.236096100874e+03 2.545217096064e+03 6.869982621608e+03
-2.237577696436e+03 2.552858815219e+03 6.866675573130e+03
-2.239055543839e+03 2.560497775635e+03 6.863360323639e+03
-2.240529641695e+03 2.568133967628e+03 6.860036876994e+03
-2.241999988624e+03 2.575767381515e+03 6.856705237065e+03
-2.243466583250e+03 2.583398007615e+03 6.853365407731e+03
-2.244929424203e+03 2.591025836250e+03 6.850017392879e+03
-2.246388510119e+03 2.598650857748e+03 6.846661196409e+03
-2.247843831995e+03 2.606273069030e+03 6.843296822229e+03
-2.249295403749e+03 2.613892447244e+03 6.839924274257e+03
-2.250743216409e+03 2.621508989314e+03 6.836543556423e+03
-2.252187268637e+03 2.629122685578e+03 6.833154672664e+03
-2.253627559097e+03 2.636733526377e+03 6.829757626928e+03
-2.255064086462e+03 2.644341502054e+03 6.826352423175e+03
-2.256496849408e+03 2.651946602956e+03 6.822939065374e+03
-2.257925838816e+03 2.659548826057e+03 6.819517557502e+03
-2.259351068958e+03 2.667148148466e+03 6.816087903548e+03
-2.260772530749e+03 2.674744567159e+03 6.812650107510e+03
-2.262190222890e+03 2.682338072494e+03 6.809204173397e+03
-2.263604144086e+03 2.689928654834e+03 6.805750105225e+03
-2.265014293052e+03 2.697516304544e+03 6.802287907024e+03
-2.266420668505e+03 2.705101011993e+03 6.798817582832e+03
-2.267823269171e+03 2.712682767551e+03 6.795339136697e+03
-2.269222085797e+03 2.720261568252e+03 6.791852572677e+03
-2.270617133060e+03 2.727837391162e+03 6.788357894839e+03
-2.272008401744e+03 2.735410233316e+03 6.784855107261e+03
-2.273395890596e+03 2.742980085098e+03 6.781344214032e+03
-2.274779598370e+03 2.750546936896e+03 6.777825219248e+03
-2.276159523826e+03 2.758110779100e+03 6.774298127018e+03
-2.277535665730e+03 2.765671602104e+03 6.770762941458e+03
-2.278908014717e+03 2.773229402992e+03 6.767219666696e+03
-2.280276585814e+03 2.780784158796e+03 6.763668306869e+03
-2.281641369690e+03 2.788335866601e+03 6.760108866124e+03
-2.283002365136e+03 2.795884516816e+03 6.756541348618e+03
-2.284359570946e+03 2.803430099850e+03 6.752965758518e+03
-2.285712985922e+03 2.810972606117e+03 6.749382100001e+03
-2.287062608869e+03 2.818512026033e+03 6.745790377253e+03
-2.288408438601e+03 2.826048350021e+03 6.742190594470e+03
-2.289750465624e+03 2.833581575219e+03 6.738582755859e+03
-2.291088705366e+03 2.841111678625e+03 6.734966865636e+03
-2.292423148367e+03 2.848638657383e+03 6.731342928027e+03
-2.293753793463e+03 2.856162501926e+03 6.727710947267e+03
-2.295080639491e+03 2.863683202685e+03 6.724070927586e+03
-2.296403685297e+03 2.871200750096e+03 6.720422873230e+03
-2.297722929733e+03 2.878715134604e+03 6.716766788464e+03
-2.299038363193e+03 2.886226353400e+03 6.713102677562e+03
-2.300350001455e+03 2.893734383449e+03 6.709430544811e+03
-2.301657834947e+03 2.901239221948e+03 6.705750394504e+03
-2.302961862546e+03 2.908740859354e+03 6.702062230946e+03
-2.304262083135e+03 2.916239286128e+03 6.698366058452e+03
-2.305558495605e+03 2.923734492736e+03 6.694661881345e+03
-2.306851098850e+03 2.931226469645e+03 6.690949703960e+03
-2.308139883151e+03 2.938715214100e+03 6.687229530641e+03
-2.309424864637e+03 2.946200703037e+03 6.683501365742e+03
-2.310706033622e+03 2.953682933702e+03 6.679765213626e+03
-2.311983389024e+03 2.961161896579e+03 6.676021078665e+03
-2.313256929768e+03 2.968637582154e+03 6.672268965244e+03
-2.314526654787e+03 2.976109980916e+03 6.668508877755e+03
-2.315792563017e+03 2.983579083359e+03 6.664740820600e+03
-2.317054653401e+03 2.991044879981e+03 6.660964798192e+03
-2.318312916090e+03 2.998507368083e+03 6.657180814952e+03
-2.319567367613e+03 3.005966524571e+03 6.653388875312e+03
-2.320817998154e+03 3.013422346751e+03 6.649588983714e+03
-2.322064806680e+03 3.020874825133e+03 6.645781144608e+03
-2.323307792165e+03 3.028323950234e+03 6.641965362457e+03
-2.324546953585e+03 3.035769712574e+03 6.638141641729e+03
-2.325782289926e+03 3.043212102674e+03 6.634309986907e+03
-2.327013791229e+03 3.050651117888e+03 6.630470402479e+03
-2.328241474368e+03 3.058086735097e+03 6.626622892946e+03
-2.329465329416e+03 3.065518951657e+03 6.622767462816e+03
-2.330685355383e+03 3.072947758107e+03 6.618904116609e+03
-2.331901551281e+03 3.080373144988e+03 6.615032858855e+03
-2.333113916133e+03 3.087795102846e+03 6.611153694091e+03
-2.334322448963e+03 3.095213622230e+03 6.607266626866e+03
-2.335527148803e+03 3.102628693693e+03 6.603371661738e+03
-2.336728005567e+03 3.110040314647e+03 6.599468803275e+03
-2.337925036526e+03 3.117448461946e+03 6.595558056053e+03
-2.339118231628e+03 3.124853133006e+03 6.591639424660e+03
-2.340307589926e+03 3.132254318396e+03 6.587712913692e+03
-2.341493110485e+03 3.139652008687e+03 6.583778527755e+03
-2.342674792370e+03 3.147046194457e+03 6.579836271465e+03
-2.343852634655e+03 3.154436866285e+03 6.575886149447e+03
-2.345026627140e+03 3.161824021629e+03 6.571928166325e+03
-2.346196787439e+03 3.169207637319e+03 6.567962326738e+03
-2.347363105389e+03 3.176587710822e+03 6.563988635341e+03
-2.348525580086e+03 3.183964232734e+03 6.560007096796e+03
-2.349684210634e+03 3.191337193656e+03 6.556017715778e+03
-2.350838996143e+03 3.198706584190e+03 6.552020496971e+03
-2.351989935727e+03 3.206072394946e+03 6.548015445066e+03
-2.353137019080e+03 3.213434623437e+03 6.544002564766e+03
-2.354280264163e+03 3.220793246476e+03 6.539981860782e+03
-2.355419660702e+03 3.228148261583e+03 6.535953337837e+03
-2.356555207836e+03 3.235499659381e+03 6.531917000661e+03
-2.357686904711e+03 3.242847430499e+03 6.527872853995e+03
-2.358814750477e+03 3.250191565568e+03 6.523820902590e+03
-2.359938744291e+03 3.257532055225e+03 6.519761151204e+03
-2.361058885315e+03 3.264868890110e+03 6.515693604609e+03
-2.362175163119e+03 3.272202067797e+03 6.511618267582e+03
-2.363287596056e+03 3.279531565078e+03 6.507535144912e+03
-2.364396173727e+03 3.286857379532e+03 6.503444241398e+03
-2.365500895320e+03 3.294179501816e+03 6.499345561847e+03
-2.366601760027e+03 3.301497922590e+03 6.495239111076e+03
-2.367698767046e+03 3.308812632520e+03 6.491124893911e+03
-2.368791915582e+03 3.316123622274e+03 6.487002915190e+03
-2.369881195094e+03 3.323430889480e+03 6.482873179757e+03
-2.370966624279e+03 3.330734410912e+03 6.478735692467e+03
-2.372048192630e+03 3.338034184201e+03 6.474590458186e+03
-2.373125899375e+03 3.345330200033e+03 6.470437481787e+03
-2.374199743747e+03 3.352622449099e+03 6.466276768153e+03
-2.375269724989e+03 3.359910922093e+03 6.462108322178e+03
-2.376335842344e+03 3.367195609715e+03 6.457932148765e+03
-2.377398095067e+03 3.374476502667e+03 6.453748252826e+03
-2.378456472493e+03 3.381753598635e+03 6.449556639284e+03
-2.379510993707e+03 3.389026874378e+03 6.445357313067e+03
-2.380561648081e+03 3.396296327586e+03 6.441150279118e+03
-2.381608434888e+03 3.403561948979e+03 6.436935542384e+03
-2.382651353413e+03 3.410823729283e+03 6.432713107827e+03
-2.383690402941e+03 3.418081659227e+03 6.428482980415e+03
-2.384725582768e+03 3.425335729544e+03 6.424245165126e+03
-2.385756882123e+03 3.432585937971e+03 6.419999666949e+03
-2.386784320430e+03 3.439832261256e+03 6.415746490879e+03
-2.387807886953e+03 3.447074697140e+03 6.411485641924e+03
-2.388827581009e+03 3.454313236374e+03 6.407217125098e+03
-2.389843401921e+03 3.461547869715e+03 6.402940945428e+03
-2.390855349020e+03 3.468778587921e+03 6.398657107947e+03
-2.391863421640e+03 3.476005381758e+03 6.394365617700e+03
-2.392867619123e+03 3.483228241995e+03 6.390066479741e+03
-2.393867930577e+03 3.490447166429e+03 6.385759699134e+03
-2.394864375815e+03 3.497662131792e+03 6.381445280949e+03
-2.395856943976e+03 3.504873135889e+03 6.377123230267e+03
-2.396845634426e+03 3.512080169505e+03 6.372793552181e+03
-2.397830446536e+03 3.519283223433e+03 6.368456251790e+03
-2.398811379684e+03 3.526482288468e+03 6.364111334205e+03
-2.399788433253e+03 3.533677355411e+03 6.359758804542e+03
-2.400761596243e+03 3.540868422109e+03 6.355398667932e+03
-2.401730888806e+03 3.548055465290e+03 6.351030929512e+03
-2.402696299976e+03 3.555238482808e+03 6.346655594428e+03
-2.403657829158e+03 3.562417465481e+03 6.342272667836e+03
-2.404615475768e+03 3.569592404133e+03 6.337882154903e+03
-2.405569239223e+03 3.576763289592e+03 6.333484060803e+03
-2.406519118948e+03 3.583930112691e+03 6.329078390720e+03
-2.407465103839e+03 3.591092871331e+03 6.324665149848e+03
-2.408407214384e+03 3.598251542229e+03 6.320244343389e+03
-2.409345439509e+03 3.605406123294e+03 6.315815976555e+03
-2.410279778665e+03 3.612556605376e+03 6.311380054567e+03
-2.411210231306e+03 3.619702979331e+03 6.306936582656e+03
-2.412136796893e+03 3.626845236022e+03 6.302485566062e+03
-2.413059474893e+03 3.633983366312e+03 6.298027010033e+03
-2.413978264777e+03 3.641117361073e+03 6.293560919828e+03
-2.414893155323e+03 3.648247218264e+03 6.289087300715e+03
-2.415804167399e+03 3.655372914599e+03 6.284606157970e+03
-2.416711289815e+03 3.662494448044e+03 6.280117496878e+03
-2.417614522067e+03 3.669611809488e+03 6.275621322736e+03
-2.418513863656e+03 3.676724989826e+03 6.271117640846e+03
-2.419409314093e+03 3.683833979956e+03 6.266606456524e+03
-2.420300872891e+03 3.690938770783e+03 6.262087775091e+03
-2.421188528721e+03 3.698039360319e+03 6.257561601880e+03
-2.422072302788e+03 3.705135725273e+03 6.253027942232e+03
-2.422952183796e+03 3.712227863665e+03 6.248486801496e+03
-2.423828171282e+03 3.719315766417e+03 6.243938185034e+03
-2.424700264792e+03 3.726399424458e+03 6.239382098213e+03
-2.425568463875e+03 3.733478828721e+03 6.234818546411e+03
-2.426432768088e+03 3.740553970144e+03 6.230247535015e+03
-2.427293176993e+03 3.747624839671e+03 6.225669069421e+03
-2.428149679142e+03 3.754691435372e+03 6.221083155036e+03
-2.429002296121e+03 3.761753733956e+03 6.216489797272e+03
-2.429851016514e+03 3.768811733501e+03 6.211889001555e+03
-2.430695839907e+03 3.775865424971e+03 6.207280773316e+03
-2.431536765893e+03 3.782914799333e+03 6.202665117997e+03
-2.432373794069e+03 3.789959847561e+03 6.198042041049e+03
-2.433206924040e+03 3.797000560632e+03 6.193411547933e+03
-2.434036144255e+03 3.804036936669e+03 6.188773644118e+03
-2.434861476629e+03 3.811068952382e+03 6.184128335081e+03
-2.435682909646e+03 3.818096605901e+03 6.179475626310e+03
-2.436500442933e+03 3.825119888225e+03 6.174815523301e+03
-2.437314076121e+03 3.832138790352e+03 6.170148031554e+03
-2.438123808848e+03 3.839153303288e+03 6.165473156577e+03
-2.438929640759e+03 3.846163418045e+03 6.160790903894e+03
-2.439731560201e+03 3.853169132800e+03 6.156101279038e+03
-2.440529589422e+03 3.860170424263e+03 6.151404287550e+03
-2.441323716799e+03 3.867167290619e+03 6.146699934982e+03
-2.442113942005e+03 3.874159722901e+03 6.141988226894e+03
-2.442900264713e+03 3.881147712148e+03 6.137269168854e+03
-2.443682684605e+03 3.888131249404e+03 6.132542766440e+03
-2.444461201368e+03 3.895110325719e+03 6.127809025240e+03
-2.445235814697e+03 3.902084932147e+03 6.123067950849e+03
-2.446006512822e+03 3.909055066924e+03 6.118319548872e+03
-2.446773318365e+03 3.916020706766e+03 6.113563824924e+03
-2.447536219590e+03 3.922981849916e+03 6.108800784627e+03
-2.448295216214e+03 3.929938487450e+03 6.104030433614e+03
-2.449050307959e+03 3.936890610448e+03 6.099252777526e+03
-2.449801494556e+03 3.943838209998e+03 6.094467822013e+03
-2.450548775740e+03 3.950781277189e+03 6.089675572733e+03
-2.451292139640e+03 3.957719810311e+03 6.084876035353e+03
-2.452031609204e+03 3.964653786082e+03 6.080069215548e+03
-2.452767172590e+03 3.971583202790e+03 6.075255118992e+03
-2.453498829556e+03 3.978508051547e+03 6.070433751377e+03
-2.454226579867e+03 3.985428323472e+03 6.065605118407e+03
-2.454950423294e+03 3.992344009688e+03 6.060769225795e+03
-2.455670359614e+03 3.999255101322e+03 6.055926079262e+03
-2.456386388610e+03 4.006161589510e+03 6.051075684538e+03
-2.457098498297e+03 4.013063472599e+03 6.046218047364e+03
-2.457806711997e+03 4.019960727318e+03 6.041353173486e+03
-2.458511017758e+03 4.026853352025e+03 6.036481068662e+03
-2.459211415384e+03 4.033741337875e+03 6.031601738657e+03
-2.459907904691e+03 4.040624676029e+03 6.026715189247e+03
-2.460600485495e+03 4.047503357653e+03 6.021821426215e+03
-2.461289157622e+03 4.054377373920e+03 6.016920455353e+03
-2.461973908987e+03 4.061246723230e+03 6.012012282463e+03
-2.462654763237e+03 4.068111382322e+03 6.007096913356e+03
-2.463331708318e+03 4.074971349606e+03 6.002174353849e+03
-2.464004744080e+03 4.081826616275e+03 5.997244609771e+03
-2.464673870377e+03 4.088677173529e+03 5.992307686959e+03
-2.465339087069e+03 4.095523012573e+03 5.987363591259e+03
-2.466000394021e+03 4.102364124618e+03 5.982412328523e+03
-2.466657791107e+03 4.109200500880e+03 5.977453904617e+03
-2.467311266129e+03 4.116032139819e+03 5.972488325411e+03
-2.467960843102e+03 4.122859018187e+03 5.967515596786e+03
-2.468606509860e+03 4.129681134454e+03 5.962535724632e+03
-2.469248266301e+03 4.136498479859e+03 5.957548714847e+03
-2.469886112324e+03 4.143311045645e+03 5.952554573338e+03
-2.470520047839e+03 4.150118823063e+03 5.947553306021e+03
-2.471150072759e+03 4.156921803367e+03 5.942544918821e+03
-2.471776174788e+03 4.163719985072e+03 5.937529417671e+03
-2.472398378264e+03 4.170513344941e+03 5.932506808513e+03
-2.473016670922e+03 4.177301881498e+03 5.927477097297e+03
-2.473631052700e+03 4.184085586021e+03 5.922440289984e+03
-2.474241523542e+03 4.190864449793e+03 5.917396392542e+03
-2.474848083397e+03 4.197638464104e+03 5.912345410947e+03
-2.475450732220e+03 4.204407620250e+03 5.907287351186e+03
-2.476049457618e+03 4.211171916796e+03 5.902222219252e+03
-2.476644284248e+03 4.217931330522e+03 5.897150021149e+03
-2.477235199748e+03 4.224685860003e+03 5.892070762888e+03
-2.477822204098e+03 4.231435496557e+03 5.886984450491e+03
-2.478405297283e+03 4.238180231510e+03 5.881891089985e+03
-2.478984479294e+03 4.244920056189e+03 5.876790687409e+03
-2.479559750127e+03 4.251654961933e+03 5.871683248809e+03
-2.480131109787e+03 4.258384940082e+03 5.866568780240e+03
-2.480698545768e+03 4.265109989261e+03 5.861447287767e+03
-2.481262083091e+03 4.271830086270e+03 5.856318777460e+03
-2.481821709285e+03 4.278545229745e+03 5.851183255402e+03
-2.482377424376e+03 4.285255411050e+03 5.846040727682e+03
-2.482929228397e+03 4.291960621556e+03 5.840891200397e+03
-2.483477121385e+03 4.298660852640e+03 5.835734679655e+03
-2.484021103386e+03 4.305356095684e+03 5.830571171571e+03
-2.484561161799e+03 4.312046349368e+03 5.825400682268e+03
-2.485097321962e+03 4.318731590507e+03 5.820223217880e+03
-2.485629571307e+03 4.325411817792e+03 5.815038784547e+03
-2.486157909902e+03 4.332087022627e+03 5.809847388420e+03
-2.486682337820e+03 4.338757196427e+03 5.804649035656e+03
-2.487202855143e+03 4.345422330609e+03 5.799443732423e+03
-2.487719461956e+03 4.352082416598e+03 5.794231484895e+03
-2.488232158350e+03 4.358737445824e+03 5.789012299257e+03
-2.488740931617e+03 4.365387417025e+03 5.783786181701e+03
-2.489245807455e+03 4.372032307043e+03 5.778553138428e+03
-2.489746773186e+03 4.378672114624e+03 5.773313175646e+03
-2.490243828925e+03 4.385306831225e+03 5.768066299573e+03
-2.490736974795e+03 4.391936448306e+03 5.762812516437e+03
-2.491226210922e+03 4.398560957333e+03 5.757551832473e+03
-2.491711537440e+03 4.405180349781e+03 5.752284253923e+03
-2.492192941544e+03 4.411794624438e+03 5.747009787040e+03
-2.492670449248e+03 4.418403758168e+03 5.741728438083e+03
-2.493144047778e+03 4.425007749773e+03 5.736440213321e+03
-2.493613737291e+03 4.431606590750e+03 5.731145119033e+03
-2.494079517950e+03 4.438200272601e+03 5.725843161502e+03
-2.494541389924e+03 4.444788786838e+03 5.720534347024e+03
-2.494999353388e+03 4.451372124975e+03 5.715218681900e+03
-2.495453395444e+03 4.457950285855e+03 5.709896172442e+03
-2.495903542415e+03 4.464523246367e+03 5.704566824970e+03
-2.496349781437e+03 4.471091005363e+03 5.699230645811e+03
-2.496792112705e+03 4.477653554385e+03 5.693887641300e+03
-2.497230536426e+03 4.484210884978e+03 5.688537817784e+03
-2.497665052809e+03 4.490762988698e+03 5.683181181613e+03
-2.498095662070e+03 4.497309857101e+03 5.677817739152e+03
-2.498522364431e+03 4.503851481755e+03 5.672447496767e+03
-2.498945146888e+03 4.510387861562e+03 5.667070460839e+03
-2.499364036120e+03 4.516918973439e+03 5.661686637752e+03
-2.499779019153e+03 4.523444816300e+03 5.656296033902e+03
-2.500190096234e+03 4.529965381736e+03 5.650898655693e+03
-2.500597267613e+03 4.536480661345e+03 5.645494509535e+03
-2.501000533548e+03 4.542990646728e+03 5.640083601848e+03
-2.501399894302e+03 4.549495329497e+03 5.634665939060e+03
-2.501795336778e+03 4.555994708607e+03 5.629241527608e+03
-2.502186887965e+03 4.562488761002e+03 5.623810373936e+03
-2.502574534796e+03 4.568977485649e+03 5.618372484497e+03
-2.502958277559e+03 4.575460874183e+03 5.612927865752e+03
-2.503338116545e+03 4.581938918245e+03 5.607476524171e+03
-2.503714052053e+03 4.588411609485e+03 5.602018466231e+03
-2.504086084388e+03 4.594878939555e+03 5.596553698418e+03
-2.504454213860e+03 4.601340900118e+03 5.591082227226e+03
-2.504818427267e+03 4.607797490189e+03 5.585604059159e+03
-2.505178751950e+03 4.614248686745e+03 5.580119200726e+03
-2.505535174735e+03 4.620694488815e+03 5.574627658448e+03
-2.505887695959e+03 4.627134888084e+03 5.569129438849e+03
-2.506236315959e+03 4.633569876245e+03 5.563624548467e+03
-2.506581035082e+03 4.639999445000e+03 5.558112993844e+03
-2.506921853679e+03 4.646423586053e+03 5.552594781533e+03
-2.507258758458e+03 4.652842298473e+03 5.547069918093e+03
-2.507591777063e+03 4.659255559270e+03 5.541538410093e+03
-2.507920896232e+03 4.665663367522e+03 5.536000264108e+03
-2.508246116340e+03 4.672065714963e+03 5.530455486723e+03
-2.508567437768e+03 4.678462593332e+03 5.524904084531e+03
-2.508884860903e+03 4.684853994374e+03 5.519346064132e+03
-2.509198386136e+03 4.691239909841e+03 5.513781432135e+03
-2.509508013868e+03 4.697620331491e+03 5.508210195158e+03
-2.509813730700e+03 4.703995258455e+03 5.502632359824e+03
-2.510115564626e+03 4.710364667776e+03 5.497047932768e+03
-2.510413502281e+03 4.716728558596e+03 5.491456920630e+03
-2.510707544085e+03 4.723086922701e+03 5.485859330059e+03
-2.510997690467e+03 4.729439751881e+03 5.480255167714e+03
-2.511283941859e+03 4.735787037936e+03 5.474644440259e+03
-2.511566298702e+03 4.742128772670e+03 5.469027154368e+03
-2.511844747510e+03 4.748464955265e+03 5.463403316722e+03
-2.512119316572e+03 4.754795562793e+03 5.457772934002e+03
-2.512389992431e+03 4.761120594442e+03 5.452136012899e+03
-2.512656775549e+03 4.767440042043e+03 5.446492560118e+03
-2.512919666395e+03 4.773753897436e+03 5.440842582373e+03
-2.513178665442e+03 4.780062152465e+03 5.435186086386e+03
-2.513433773173e+03 4.786364798983e+03 5.429523078886e+03
-2.513684976010e+03 4.792661836222e+03 5.423853566611e+03
-2.513932302550e+03 4.798953241301e+03 5.418177556307e+03
-2.514175739249e+03 4.805239013464e+03 5.412495054727e+03
-2.514415286610e+03 4.811519144593e+03 5.406806068633e+03
-2.514650945141e+03 4.817793626571e+03 5.401110604794e+03
-2.514882715360e+03 4.824062451293e+03 5.395408669989e+03
-2.515110597786e+03 4.830325610658e+03 5.389700271003e+03
-2.515334592947e+03 4.836583096572e+03 5.383985414629e+03
-2.515554687168e+03 4.842834908329e+03 5.378264107669e+03
-2.515770909384e+03 4.849081023090e+03 5.372536356932e+03
-2.515983245951e+03 4.855321440161e+03 5.366802169235e+03
-2.516191697420e+03 4.861556151476e+03 5.361061551404e+03
-2.516396264345e+03 4.867785148976e+03 5.355314510271e+03
-2.516596947289e+03 4.874008424609e+03 5.349561052678e+03
-2.516793746819e+03 4.880225970330e+03 5.343801185474e+03
-2.516986649174e+03 4.886437785485e+03 5.338034915515e+03
-2.517175683586e+03 4.892643847274e+03 5.332262249665e+03
-2.517360836323e+03 4.898844155056e+03 5.326483194798e+03
-2.517542107976e+03 4.905038700814e+03 5.320697757793e+03
-2.517719499141e+03 4.911227476537e+03 5.314905945538e+03
-2.517893010421e+03 4.917410474223e+03 5.309107764930e+03
-2.518062642424e+03 4.923587685873e+03 5.303303222872e+03
-2.518228395765e+03 4.929759103500e+03 5.297492326276e+03
-2.518390256582e+03 4.935924726508e+03 5.291675082061e+03
-2.518548254446e+03 4.942084532145e+03 5.285851497154e+03
-2.518702375524e+03 4.948238519832e+03 5.280021578489e+03
-2.518852620454e+03 4.954386681606e+03 5.274185333011e+03
-2.518998989880e+03 4.960529009513e+03 5.268342767668e+03
-2.519141484449e+03 4.966665495605e+03 5.262493889419e+03
-2.519280104817e+03 4.972796131943e+03 5.256638705230e+03
-2.519414837037e+03 4.978920917985e+03 5.250777222075e+03
-2.519545710972e+03 4.985039831021e+03 5.244909446934e+03
-2.519672712705e+03 4.991152870525e+03 5.239035386797e+03
-2.519795842912e+03 4.997260028582e+03 5.233155048661e+03
-2.519915102279e+03 5.003361297290e+03 5.227268439529e+03
-2.520030491493e+03 5.009456668750e+03 5.221375566415e+03
-2.520142011251e+03 5.015546135072e+03 5.215476436337e+03
-2.520249647520e+03 5.021629695765e+03 5.209571056323e+03
-2.520353430454e+03 5.027707328167e+03 5.203659433408e+03
-2.520453346051e+03 5.033779031802e+03 5.197741574636e+03
-2.520549395030e+03 5.039844798808e+03 5.191817487056e+03
-2.520641578114e+03 5.045904621329e+03 5.185887177726e+03
-2.520729896032e+03 5.051958491520e+03 5.179950653712e+03
-2.520814349521e+03 5.058006401539e+03 5.174007922087e+03
-2.520894939321e+03 5.064048343553e+03 5.168058989933e+03
-2.520971651304e+03 5.070084317132e+03 5.162103864337e+03
-2.521044515956e+03 5.076114299667e+03 5.156142552396e+03
-2.521113519177e+03 5.082138290741e+03 5.150175061213e+03
-2.521178661731e+03 5.088156282551e+03 5.144201397900e+03
-2.521239944389e+03 5.094168267299e+03 5.138221569575e+03
-2.521297367926e+03 5.100174237197e+03 5.132235583365e+03
-2.521350933124e+03 5.106174184462e+03 5.126243446403e+03
-2.521400625771e+03 5.112168108716e+03 5.120245165832e+03
-2.521446476640e+03 5.118155987398e+03 5.114240748800e+03
-2.521488471548e+03 5.124137820145e+03 5.108230202463e+03
-2.521526611299e+03 5.130113599203e+03 5.102213533986e+03
-2.521560896705e+03 5.136083316828e+03 5.096190750541e+03
-2.521591328580e+03 5.142046965281e+03 5.090161859305e+03
-2.521617907746e+03 5.148004536832e+03 5.084126867467e+03
-2.521640635030e+03 5.153956023757e+03 5.078085782220e+03
-2.521659496128e+03 5.159901425739e+03 5.072038610765e+03
-2.521674522137e+03 5.165840720272e+03 5.065985360312e+03
-2.521685698781e+03 5.171773907054e+03 5.059926038076e+03
-2.521693026910e+03 5.177700978392e+03 5.053860651283e+03
-2.521696507379e+03 5.183621926598e+03 5.047789207162e+03
-2.521696141051e+03 5.189536743995e+03 5.041711712954e+03
-2.521691928793e+03 5.195445422911e+03 5.035628175904e+03
-2.521683856217e+03 5.201347963081e+03 5.029538603265e+03
-2.521671954706e+03 5.207244342051e+03 5.023443002300e+03
-2.521656209901e+03 5.213134559572e+03 5.017341380276e+03
-2.521636622693e+03 5.219018608001e+03 5.011233744469e+03
-2.521613193977e+03 5.224896479707e+03 5.005120102162e+03
-2.521585924654e+03 5.230768167061e+03 4.999000460647e+03
-2.521554815633e+03 5.236633662446e+03 4.992874827220e+03
-2.521519867825e+03 5.242492958250e+03 4.986743209188e+03
-2.521481066753e+03 5.248346054268e+03 4.980605613863e+03
-2.521438444119e+03 5.254192928108e+03 4.974462048565e+03
-2.521391985472e+03 5.260033579579e+03 4.968312520621e+03
-2.521341691745e+03 5.265868001096e+03 4.962157037361e+03
-2.521287563878e+03 5.271696185081e+03 4.955995606124e+03
-2.521229602819e+03 5.277518123969e+03 4.949828234257e+03
-2.521167809519e+03 5.283333810201e+03 4.943654929119e+03
-2.521102169421e+03 5.289143243624e+03 4.937475698072e+03
-2.521032714505e+03 5.294946401903e+03 4.931290548489e+03
-2.520959430243e+03 5.300743284899e+03 4.925099487748e+03
-2.520882317609e+03 5.306533885085e+03 4.918902523235e+03
-2.520801377584e+03 5.312318194941e+03 4.912699662342e+03
-2.520716611156e+03 5.318096206955e+03 4.906490912470e+03
-2.520628019317e+03 5.323867913624e+03 4.900276281026e+03
-2.520535587430e+03 5.329633314846e+03 4.894055775426e+03
-2.520439347753e+03 5.335392388342e+03 4.887829403091e+03
-2.520339285676e+03 5.341145134026e+03 4.881597171450e+03
-2.520235402217e+03 5.346891544426e+03 4.875359087940e+03
-2.520127698394e+03 5.352631612075e+03 4.869115160004e+03
-2.520016175235e+03 5.358365329515e+03 4.862865395093e+03
-2.519900833772e+03 5.364092689298e+03 4.856609800664e+03
-2.519781675042e+03 5.369813683980e+03 4.850348384184e+03
-2.519658684319e+03 5.375528313520e+03 4.844081153123e+03
-2.519531894177e+03 5.381236555707e+03 4.837808114962e+03
-2.519401289916e+03 5.386938410513e+03 4.831529277186e+03
-2.519266872596e+03 5.392633870528e+03 4.825244647290e+03
-2.519128643284e+03 5.398322928349e+03 4.818954232774e+03
-2.518986603052e+03 5.404005576581e+03 4.812658041146e+03
-2.518840752976e+03 5.409681807836e+03 4.806356079920e+03
-2.518691078253e+03 5.415351622124e+03 4.800048356618e+03
-2.518537611729e+03 5.421014997294e+03 4.793734878771e+03
-2.518380338627e+03 5.426671933372e+03 4.787415653913e+03
-2.518219260048e+03 5.432322423003e+03 4.781090689588e+03
-2.518054377097e+03 5.437966458837e+03 4.774759993346e+03
-2.517885690884e+03 5.443604033536e+03 4.768423572744e+03
-2.517713202528e+03 5.449235139766e+03 4.762081435347e+03
-2.517536913149e+03 5.454859770204e+03 4.755733588725e+03
-2.517356807855e+03 5.460477924919e+03 4.749380040458e+03
-2.517172919805e+03 5.466089581831e+03 4.743020798130e+03
-2.516985234134e+03 5.471694741026e+03 4.736655869334e+03
-2.516793751985e+03 5.477293395210e+03 4.730285261668e+03
-2.516598474510e+03 5.482885537099e+03 4.723908982740e+03
-2.516399402864e+03 5.488471159417e+03 4.717527040161e+03
-2.516196538208e+03 5.494050254895e+03 4.711139441552e+03
-2.515989865575e+03 5.499622823654e+03 4.704746194540e+03
-2.515779418392e+03 5.505188843678e+03 4.698347306759e+03
-2.515565181717e+03 5.510748315105e+03 4.691942785850e+03
-2.515347156734e+03 5.516301230699e+03 4.685532639461e+03
-2.515125344634e+03 5.521847583230e+03 4.679116875247e+03
-2.514899746611e+03 5.527387365480e+03 4.672695500869e+03
-2.514670363866e+03 5.532920570234e+03 4.666268523996e+03
-2.514437181355e+03 5.538447197666e+03 4.659835952303e+03
-2.514200232772e+03 5.543967225826e+03 4.653397793471e+03
-2.513959503101e+03 5.549480654902e+03 4.646954055191e+03
-2.513714993567e+03 5.554987477716e+03 4.640504745158e+03
-2.513466705396e+03 5.560487687095e+03 4.634049871076e+03
-2.513214639823e+03 5.565981275876e+03 4.627589440653e+03
-2.512958798087e+03 5.571468236903e+03 4.621123461606e+03
-2.512699181434e+03 5.576948563029e+03 4.614651941658e+03
-2.512435774737e+03 5.582422254485e+03 4.608174888540e+03
-2.512168611990e+03 5.587889289398e+03 4.601692309988e+03
-2.511897678094e+03 5.593349668017e+03 4.595204213746e+03
-2.511622974316e+03 5.598803383225e+03 4.588710607564e+03
-2.511344501929e+03 5.604250427918e+03 4.582211499198e+03
-2.511062262211e+03 5.609690794997e+03 4.575706896414e+03
-2.510776256447e+03 5.615124477372e+03 4.569196806981e+03
-2.510486469435e+03 5.620551475325e+03 4.562681238678e+03
-2.510192935435e+03 5.625971767053e+03 4.556160199288e+03
-2.509895639272e+03 5.631385352855e+03 4.549633696601e+03
-2.509594582253e+03 5.636792225673e+03 4.543101738415e+03
-2.509289765689e+03 5.642192378460e+03 4.536564332535e+03
-2.508981190897e+03 5.647585804175e+03 4.530021486770e+03
-2.508668859200e+03 5.652972495785e+03 4.523473208940e+03
-2.508352771926e+03 5.658352446265e+03 4.516919506867e+03
-2.508032913791e+03 5.663725655960e+03 4.510360388384e+03
-2.507709319353e+03 5.669092103143e+03 4.503795861327e+03
-2.507381973354e+03 5.674451788174e+03 4.497225933540e+03
-2.507050877146e+03 5.679804704063e+03 4.490650612875e+03
-2.506716032083e+03 5.685150843828e+03 4.484069907188e+03
-2.506377439526e+03 5.690490200493e+03 4.477483824344e+03
-2.506035100843e+03 5.695822767094e+03 4.470892372213e+03
-2.505689000678e+03 5.701148544023e+03 4.464295558673e+03
-2.505339173847e+03 5.706467509629e+03 4.457693391607e+03
-2.504985605021e+03 5.711779664322e+03 4.451085878906e+03
-2.504628295589e+03 5.717085001170e+03 4.444473028465e+03
-2.504267246944e+03 5.722383513250e+03 4.437854848189e+03
-2.503902460487e+03 5.727675193644e+03 4.431231345988e+03
-2.503533937622e+03 5.732960035447e+03 4.424602529778e+03
-2.503161679759e+03 5.738238031760e+03 4.417968407481e+03
-2.502785671464e+03 5.743509183034e+03 4.411328987028e+03
-2.502405947843e+03 5.748773467701e+03 4.404684276354e+03
-2.502022493488e+03 5.754030886231e+03 4.398034283401e+03
-2.501635309831e+03 5.759281431759e+03 4.391379016118e+03
-2.501244398309e+03 5.764525097429e+03 4.384718482461e+03
-2.500849760366e+03 5.769761876392e+03 4.378052690392e+03
-2.500451397450e+03 5.774991761809e+03 4.371381647878e+03
-2.500049294056e+03 5.780214754183e+03 4.364705362894e+03
-2.499643485545e+03 5.785430832020e+03 4.358023843421e+03
-2.499233956439e+03 5.790639995842e+03 4.351337097446e+03
-2.498820708208e+03 5.795842238843e+03 4.344645132964e+03
-2.498403742328e+03 5.801037554226e+03 4.337947957974e+03
-2.497983060278e+03 5.806225935202e+03 4.331245580483e+03
-2.497558663547e+03 5.811407374990e+03 4.324538008504e+03
-2.497130536558e+03 5.816581874142e+03 4.317825250053e+03
-2.496698714919e+03 5.821749411229e+03 4.311107313148e+03
-2.496263183083e+03 5.826909986823e+03 4.304384205819e+03
-2.495823942557e+03 5.832063594179e+03 4.297655936106e+03
-2.495380994856e+03 5.837210226558e+03 4.290922512053e+03
-2.494934341497e+03 5.842349877233e+03 4.284183941711e+03
-2.494483984006e+03 5.847482539482e+03 4.277440233138e+03
-2.494029923912e+03 5.852608206595e+03 4.270691394397e+03
-2.493572145564e+03 5.857726879184e+03 4.263937433559e+03
-2.493110684859e+03 5.862838535922e+03 4.257178358698e+03
-2.492645526173e+03 5.867943177440e+03 4.250414177899e+03
-2.492176671056e+03 5.873040797062e+03 4.243644899249e+03
-2.491704121065e+03 5.878131388120e+03 4.236870530844e+03
-2.491227877763e+03 5.883214943953e+03 4.230091080786e+03
-2.490747942716e+03 5.888291457910e+03 4.223306557180e+03
-2.490264300208e+03 5.893360930656e+03 4.216516968142e+03
-2.489776986381e+03 5.898423340943e+03 4.209722321792e+03
-2.489285985544e+03 5.903478689454e+03 4.202922626254e+03
-2.488791299287e+03 5.908526969572e+03 4.196117889663e+03
-2.488292929202e+03 5.913568174691e+03 4.189308120155e+03
-2.487790876890e+03 5.918602298211e+03 4.182493325876e+03
-2.487285143956e+03 5.923629333543e+03 4.175673514977e+03
-2.486775732009e+03 5.928649274105e+03 4.168848695614e+03
-2.486262625257e+03 5.933662120618e+03 4.162018875951e+03
-2.485745860124e+03 5.938667851930e+03 4.155184064157e+03
-2.485225420841e+03 5.943666468781e+03 4.148344268406e+03
-2.484701309040e+03 5.948657964624e+03 4.141499496882e+03
-2.484173526359e+03 5.953642332923e+03 4.134649757770e+03
-2.483642074439e+03 5.958619567148e+03 4.127795059265e+03
-2.483106954928e+03 5.963589660780e+03 4.120935409567e+03
-2.482568151968e+03 5.968552614591e+03 4.114070816880e+03
-2.482025702224e+03 5.973508407510e+03 4.107201289417e+03
-2.481479589864e+03 5.978457040329e+03 4.100326835396e+03
-2.480929816556e+03 5.983398506563e+03 4.093447463040e+03
-2.480376383975e+03 5.988332799737e+03 4.086563180579e+03
-2.479819293800e+03 5.993259913383e+03 4.079673996249e+03
-2.479258547716e+03 5.998179841043e+03 4.072779918292e+03
-2.478694129800e+03 6.003092583541e+03 4.065880954957e+03
-2.478126076958e+03 6.007998119890e+03 4.058977114495e+03
-2.477554373293e+03 6.012896450933e+03 4.052068405168e+03
-2.476979020510e+03 6.017787570246e+03 4.045154835241e+03
-2.476400020321e+03 6.022671471417e+03 4.038236412987e+03
-2.475817374442e+03 6.027548148040e+03 4.031313146681e+03
-2.475231084595e+03 6.032417593719e+03 4.024385044609e+03
-2.474641152507e+03 6.037279802069e+03 4.017452115060e+03
-2.474047562183e+03 6.042134773969e+03 4.010514366329e+03
-2.473450350801e+03 6.046982488531e+03 4.003571806717e+03
-2.472849502390e+03 6.051822946656e+03 3.996624444532e+03
-2.472245018698e+03 6.056656141993e+03 3.989672288087e+03
-2.471636901480e+03 6.061482068200e+03 3.982715345701e+03
-2.471025152494e+03 6.066300718944e+03 3.975753625700e+03
-2.470409773502e+03 6.071112087900e+03 3.968787136412e+03
-2.469790748450e+03 6.075916175999e+03 3.961815886176e+03
-2.469168114748e+03 6.080712962442e+03 3.954839883333e+03
-2.468541856364e+03 6.085502448179e+03 3.947859136232e+03
-2.467911975083e+03 6.090284626921e+03 3.940873653227e+03
-2.467278472695e+03 6.095059492390e+03 3.933883442677e+03
-2.466641350996e+03 6.099827038316e+03 3.926888512948e+03
-2.466000611785e+03 6.104587258437e+03 3.919888872411e+03
-2.465356256869e+03 6.109340146502e+03 3.912884529445e+03
-2.464708270120e+03 6.114085703499e+03 3.905875492431e+03
-2.464056689217e+03 6.118823908730e+03 3.898861769758e+03
-2.463401498057e+03 6.123554763204e+03 3.891843369821e+03
-2.462742698466e+03 6.128278260704e+03 3.884820301020e+03
-2.462080292276e+03 6.132994395025e+03 3.877792571761e+03
-2.461414281322e+03 6.137703159962e+03 3.870760190452e+03
-2.460744667444e+03 6.142404549321e+03 3.863723165506e+03
-2.460071434453e+03 6.147098564141e+03 3.856681505346e+03
-2.459394620259e+03 6.151785183814e+03 3.849635218400e+03
-2.458714208698e+03 6.156464409400e+03 3.842584313104e+03
-2.458030201633e+03 6.161136234745e+03 3.835528797897e+03
-2.457342600932e+03 6.165800653709e+03 3.828468681225e+03
-2.456651408468e+03 6.170457660157e+03 3.821403971540e+03
-2.455956626121e+03 6.175107247966e+03 3.814334677299e+03
-2.455258255774e+03 6.179749411022e+03 3.807260806965e+03
-2.454556281171e+03 6.184384150418e+03 3.800182369006e+03
-2.453850740482e+03 6.189011445656e+03 3.793099371895e+03
-2.453141617475e+03 6.193631297850e+03 3.786011824113e+03
-2.452428914054e+03 6.198243700922e+03 3.778919734145e+03
-2.451712632129e+03 6.202848648804e+03 3.771823110481e+03
-2.450992773615e+03 6.207446135437e+03 3.764721961618e+03
-2.450269340431e+03 6.212036154770e+03 3.757616296057e+03
-2.449542316265e+03 6.216618707949e+03 3.750506122307e+03
-2.448811739509e+03 6.221193774567e+03 3.743391448880e+03
-2.448077593875e+03 6.225761355790e+03 3.736272284294e+03
-2.447339881302e+03 6.230321445605e+03 3.729148637074e+03
-2.446598603736e+03 6.234874038009e+03 3.722020515749e+03
-2.445853763127e+03 6.239419127006e+03 3.714887928855e+03
-2.445105361433e+03 6.243956706612e+03 3.707750884931e+03
-2.444353382281e+03 6.248486778023e+03 3.700609392524e+03
-2.443597864288e+03 6.253009320926e+03 3.693463460185e+03
-2.442838791107e+03 6.257524336538e+03 3.686313096471e+03
-2.442076164714e+03 6.262031818912e+03 3.679158309944e+03
-2.441309987091e+03 6.266531762108e+03 3.671999109173e+03
-2.440540260224e+03 6.271024160199e+03 3.664835502730e+03
-2.439766986105e+03 6.275509007263e+03 3.657667499195e+03
-2.438990166729e+03 6.279986297391e+03 3.650495107151e+03
-2.438209785663e+03 6.284456031835e+03 3.643318335187e+03
-2.437425881774e+03 6.288918190395e+03 3.636137191899e+03
-2.436638438650e+03 6.293372774343e+03 3.628951685887e+03
-2.435847458308e+03 6.297819777808e+03 3.621761825756e+03
-2.435052942770e+03 6.302259194925e+03 3.614567620116e+03
-2.434254894064e+03 6.306691019841e+03 3.607369077586e+03
-2.433453314222e+03 6.311115246711e+03 3.600166206785e+03
-2.432648186751e+03 6.315531876837e+03 3.592959016340e+03
-2.431839550740e+03 6.319940890117e+03 3.585747514884e+03
-2.431027389719e+03 6.324342287874e+03 3.578531711055e+03
-2.430211705742e+03 6.328736064302e+03 3.571311613495e+03
-2.429392500866e+03 6.333122213603e+03 3.564087230852e+03
-2.428569777153e+03 6.337500729989e+03 3.556858571779e+03
-2.427743536671e+03 6.341871607683e+03 3.549625644936e+03
-2.426913781494e+03 6.346234840915e+03 3.542388458985e+03
-2.426080495066e+03 6.350590431044e+03 3.535147022596e+03
-2.425243716721e+03 6.354938358082e+03 3.527901344444e+03
-2.424403429928e+03 6.359278623408e+03 3.520651433206e+03
-2.423559636780e+03 6.363611221292e+03 3.513397297569e+03
-2.422712339374e+03 6.367936146012e+03 3.506138946221e+03
-2.421861539814e+03 6.372253391857e+03 3.498876387858e+03
-2.421007240206e+03 6.376562953125e+03 3.491609631181e+03
-2.420149423945e+03 6.380864831223e+03 3.484338684893e+03
-2.419288130574e+03 6.385159006265e+03 3.477063557707e+03
-2.418423343511e+03 6.389445479680e+03 3.469784258338e+03
-2.417555064882e+03 6.393724245805e+03 3.462500795506e+03
-2.416683296821e+03 6.397995298986e+03 3.455213177937e+03
-2.415808041465e+03 6.402258633577e+03 3.447921414363e+03
-2.414929300957e+03 6.406514243944e+03 3.440625513519e+03
-2.414047058636e+03 6.410762131543e+03 3.433325484147e+03
-2.413161354261e+03 6.415002276592e+03 3.426021334993e+03
-2.412272171191e+03 6.419234680568e+03 3.418713074809e+03
-2.411379511591e+03 6.423459337876e+03 3.411400712350e+03
-2.410483377627e+03 6.427676242928e+03 3.404084256378e+03
-2.409583771472e+03 6.431885390147e+03 3.396763715660e+03
-2.408680695305e+03 6.436086773964e+03 3.389439098967e+03
-2.407774151307e+03 6.440280388823e+03 3.382110415075e+03
-2.406864122759e+03 6.444466236235e+03 3.374777672767e+03
-2.405950649655e+03 6.448644296538e+03 3.367440880827e+03
-2.405033715298e+03 6.452814571265e+03 3.360100048049e+03
-2.404113321890e+03 6.456977054897e+03 3.352755183227e+03
-2.403189471638e+03 6.461131741924e+03 3.345406295165e+03
-2.402262166754e+03 6.465278626847e+03 3.338053392667e+03
-2.401331409455e+03 6.469417704175e+03 3.330696484545e+03
-2.400397182972e+03 6.473548975469e+03 3.323335579615e+03
-2.399459527503e+03 6.477672421172e+03 3.315970686698e+03
-2.398518426300e+03 6.481788042867e+03 3.308601814621e+03
-2.397573881599e+03 6.485895835103e+03 3.301228972213e+03
-2.396625895643e+03 6.489995792438e+03 3.293852168311e+03
-2.395674470678e+03 6.494087909439e+03 3.286471411755e+03
-2.394719608954e+03 6.498172180685e+03 3.279086711390e+03
-2.393761312729e+03 6.502248600764e+03 3.271698076068e+03
-2.392799565175e+03 6.506317171291e+03 3.264305514642e+03
-2.391834406723e+03 6.510377872832e+03 3.256909035973e+03
-2.390865820567e+03 6.514430707025e+03 3.249508648925e+03
-2.389893808983e+03 6.518475668498e+03 3.242104362368e+03
-2.388918374252e+03 6.522512751887e+03 3.234696185176e+03
-2.387939518659e+03 6.526541951837e+03 3.227284126228e+03
-2.386957244494e+03 6.530563263005e+03 3.219868194409e+03
-2.385971534882e+03 6.534576687056e+03 3.212448398605e+03
-2.384982430452e+03 6.538582204663e+03 3.205024747712e+03
-2.383989914351e+03 6.542579817514e+03 3.197597250626e+03
-2.382993988888e+03 6.546569520304e+03 3.190165916251e+03
-2.381994656378e+03 6.550551307737e+03 3.182730753494e+03
-2.380991919139e+03 6.554525174529e+03 3.175291771267e+03
-2.379985779496e+03 6.558491115404e+03 3.167848978487e+03
-2.378976239778e+03 6.562449125097e+03 3.160402384075e+03
-2.377963283055e+03 6.566399205327e+03 3.152951996958e+03
-2.376946950181e+03 6.570341336894e+03 3.145497826066e+03
-2.375927224249e+03 6.574275521540e+03 3.138039880335e+03
-2.374904107605e+03 6.578201754040e+03 3.130578168705e+03
-2.373877602603e+03 6.582120029177e+03 3.123112700120e+03
-2.372847711601e+03 6.586030341745e+03 3.115643483530e+03
-2.371814436961e+03 6.589932686546e+03 3.108170527889e+03
-2.370777761703e+03 6.593827065346e+03 3.100693842153e+03
-2.369737726876e+03 6.597713459044e+03 3.093213435280e+03
-2.368694315523e+03 6.601591869433e+03 3.085729316240e+03
-2.367647530026e+03 6.605462291357e+03 3.078241494004e+03
-2.366597372771e+03 6.609324719668e+03 3.070749977549e+03
-2.365543846151e+03 6.613179149231e+03 3.063254775857e+03
-2.364486952560e+03 6.617025574920e+03 3.055755897914e+03
-2.363426674976e+03 6.620863998551e+03 3.048253352711e+03
-2.362363054642e+03 6.624694401147e+03 3.040747149243e+03
-2.361296074556e+03 6.628516784550e+03 3.033237296510e+03
-2.360225737132e+03 6.632331143671e+03 3.025723803515e+03
-2.359152044791e+03 6.636137473435e+03 3.018206679268e+03
-2.358074999957e+03 6.639935768775e+03 3.010685932781e+03
-2.356994605060e+03 6.643726024635e+03 3.003161573072e+03
-2.355910862533e+03 6.647508235968e+03 2.995633609163e+03
-2.354823755304e+03 6.651282404646e+03 2.988102050081e+03
-2.353733324830e+03 6.655048511822e+03 2.980566904856e+03
-2.352639554058e+03 6.658806559392e+03 2.973028182524e+03
-2.351542445442e+03 6.662556542350e+03 2.965485892124e+03
-2.350442001438e+03 6.666298455698e+03 2.957940042700e+03
-2.349338224509e+03 6.670032294451e+03 2.950390643301e+03
-2.348231117123e+03 6.673758053633e+03 2.942837702979e+03
-2.347120662161e+03 6.677475735162e+03 2.935281230792e+03
-2.346006901269e+03 6.681185320309e+03 2.927721235801e+03
-2.344889817350e+03 6.684886811015e+03 2.920157727072e+03
-2.343769412889e+03 6.688580202345e+03 2.912590713675e+03
-2.342645690376e+03 6.692265489374e+03 2.905020204685e+03
-2.341518652308e+03 6.695942667184e+03 2.897446209180e+03
-2.340388301184e+03 6.699611730872e+03 2.889868736243e+03
-2.339254639508e+03 6.703272675541e+03 2.882287794962e+03
-2.338117650113e+03 6.706925503165e+03 2.874703394428e+03
-2.336977374857e+03 6.710570195147e+03 2.867115543737e+03
-2.335833796591e+03 6.714206753484e+03 2.859524251989e+03
-2.334686917839e+03 6.717835173321e+03 2.851929528289e+03
-2.333536741129e+03 6.721455449814e+03 2.844331381745e+03
-2.332383268993e+03 6.725067578128e+03 2.836729821470e+03
-2.331226503969e+03 6.728671553439e+03 2.829124856581e+03
-2.330066428845e+03 6.732267377764e+03 2.821516496197e+03
-2.328903085659e+03 6.735855032616e+03 2.813904749442e+03
-2.327736457219e+03 6.739434520041e+03 2.806289625443e+03
-2.326566546082e+03 6.743005835253e+03 2.798671133336e+03
-2.325393354807e+03 6.746568973479e+03 2.791049282256e+03
-2.324216885960e+03 6.750123929955e+03 2.783424081347e+03
-2.323037142109e+03 6.753670699928e+03 2.775795539754e+03
-2.321854125830e+03 6.757209278653e+03 2.768163666627e+03
-2.320667819864e+03 6.760739668207e+03 2.760528471121e+03
-2.319478266456e+03 6.764261850246e+03 2.752889962394e+03
-2.318285448369e+03 6.767775826870e+03 2.745248149608e+03
-2.317089368195e+03 6.771281593376e+03 2.737603041930e+03
-2.315890028530e+03 6.774779145072e+03 2.729954648531e+03
-2.314687431977e+03 6.778268477278e+03 2.722302978585e+03
-2.313481581142e+03 6.781749585321e+03 2.714648041271e+03
-2.312272458730e+03 6.785222471325e+03 2.706989845772e+03
-2.311060107157e+03 6.788687117068e+03 2.699328401275e+03
-2.309844509149e+03 6.792143524696e+03 2.691663716970e+03
-2.308625667330e+03 6.795591689580e+03 2.683995802053e+03
-2.307403584328e+03 6.799031607099e+03 2.676324665723e+03
-2.306178262777e+03 6.802463272646e+03 2.668650317181e+03
-2.304949705316e+03 6.805886681620e+03 2.660972765636e+03
-2.303717894610e+03 6.809301836192e+03 2.653292020298e+03
-2.302482873251e+03 6.812708718262e+03 2.645608090382e+03
-2.301244623924e+03 6.816107330026e+03 2.637920985106e+03
-2.300003149284e+03 6.819497666924e+03 2.630230713693e+03
-2.298758451992e+03 6.822879724411e+03 2.622537285370e+03
-2.297510534715e+03 6.826253497949e+03 2.614840709366e+03
-2.296259400122e+03 6.829618983012e+03 2.607140994918e+03
-2.295005050887e+03 6.832976175084e+03 2.599438151262e+03
-2.293747469633e+03 6.836325076389e+03 2.591732187641e+03
-2.292486699146e+03 6.839665668968e+03 2.584023113300e+03
-2.291222722069e+03 6.842997955071e+03 2.576310937490e+03
-2.289955541092e+03 6.846321930222e+03 2.568595669465e+03
-2.288685158914e+03 6.849637589958e+03 2.560877318481e+03
-2.287411578235e+03 6.852944929825e+03 2.553155893800e+03
-2.286134801761e+03 6.856243945381e+03 2.545431404687e+03
-2.284854812078e+03 6.859534638895e+03 2.537703860411e+03
-2.283571652142e+03 6.862816992534e+03 2.529973270244e+03
-2.282285304555e+03 6.866091008595e+03 2.522239643464e+03
-2.280995772041e+03 6.869356682675e+03 2.514502989350e+03
-2.279703057330e+03 6.872614010384e+03 2.506763317186e+03
-2.278407163153e+03 6.875862987341e+03 2.499020636259e+03
-2.277108092248e+03 6.879103609177e+03 2.491274955862e+03
-2.275805847356e+03 6.882335871531e+03 2.483526285289e+03
-2.274500411021e+03 6.885559776729e+03 2.475774633839e+03
-2.273191826389e+03 6.888775307080e+03 2.468020010815e+03
-2.271880076021e+03 6.891982464935e+03 2.460262425523e+03
-2.270565162676e+03 6.895181245976e+03 2.452501887272e+03
-2.269247089119e+03 6.898371645895e+03 2.444738405376e+03
-2.267925858118e+03 6.901553660397e+03 2.436971989152e+03
-2.266601472445e+03 6.904727285195e+03 2.429202647922e+03
-2.265273914610e+03 6.907892522659e+03 2.421430391008e+03
-2.263943227919e+03 6.911049355230e+03 2.413655227740e+03
-2.262609394900e+03 6.914197785301e+03 2.405877167449e+03
-2.261272418342e+03 6.917337808630e+03 2.398096219469e+03
-2.259932301042e+03 6.920469420982e+03 2.390312393140e+03
-2.258589045797e+03 6.923592618136e+03 2.382525697805e+03
-2.257242655410e+03 6.926707395878e+03 2.374736142807e+03
-2.255893112359e+03 6.929813756626e+03 2.366943737499e+03
-2.254540460107e+03 6.932911682947e+03 2.359148491231e+03
-2.253184681151e+03 6.936001177283e+03 2.351350413360e+03
-2.251825778309e+03 6.939082235465e+03 2.343549513247e+03
-2.250463754407e+03 6.942154853332e+03 2.335745800255e+03
-2.249098612275e+03 6.945219026737e+03 2.327939283750e+03
-2.247730354747e+03 6.948274751541e+03 2.320129973103e+03
-2.246358984659e+03 6.951322023616e+03 2.312317877688e+03
-2.244984484452e+03 6.954360845431e+03 2.304503006882e+03
-2.243606897770e+03 6.957391199704e+03 2.296685370066e+03
-2.242226207069e+03 6.960413088928e+03 2.288864976624e+03
-2.240842415204e+03 6.963426509020e+03 2.281041835943e+03
-2.239455525036e+03 6.966431455903e+03 2.273215957415e+03
-2.238065539428e+03 6.969427925515e+03 2.265387350433e+03
-2.236672461249e+03 6.972415913802e+03 2.257556024395e+03
-2.235276272906e+03 6.975395423278e+03 2.249721988703e+03
-2.233877018196e+03 6.978366436794e+03 2.241885252760e+03
-2.232474679546e+03 6.981328956888e+03 2.234045825975e+03
-2.231069259840e+03 6.984282979550e+03 2.226203717759e+03
-2.229660761968e+03 6.987228500780e+03 2.218358937525e+03
-2.228249188823e+03 6.990165516589e+03 2.210511494692e+03
-2.226834543305e+03 6.993094022998e+03 2.202661398681e+03
-2.225416828316e+03 6.996014016039e+03 2.194808658915e+03
-2.223996026227e+03 6.998925498280e+03 2.186953284823e+03
-2.222572181011e+03 7.001828452719e+03 2.179095285836e+03
-2.221145275055e+03 7.004722881950e+03 2.171234671386e+03
-2.219715311281e+03 7.007608782048e+03 2.163371450912e+03
-2.218282292610e+03 7.010486149098e+03 2.155505633854e+03
-2.216846221973e+03 7.013354979196e+03 2.147637229655e+03
-2.215407102299e+03 7.016215268449e+03 2.139766247764e+03
-2.213964915934e+03 7.019067019469e+03 2.131892697628e+03
-2.212519706995e+03 7.021910215391e+03 2.124016588703e+03
-2.211071457841e+03 7.024744858852e+03 2.116137930445e+03
-2.209620171423e+03 7.027570946002e+03 2.108256732312e+03
-2.208165850693e+03 7.030388473002e+03 2.100373003768e+03
-2.206708498608e+03 7.033197436022e+03 2.092486754279e+03
-2.205248118130e+03 7.035997831245e+03 2.084597993313e+03
-2.203784712226e+03 7.038789654863e+03 2.076706730343e+03
-2.202318263204e+03 7.041572909540e+03 2.068812974843e+03
-2.200848815351e+03 7.044347578565e+03 2.060916736293e+03
-2.199376350992e+03 7.047113664626e+03 2.053018024173e+03
-2.197900873110e+03 7.049871163961e+03 2.045116847968e+03
-2.196422384692e+03 7.052620072814e+03 2.037213217164e+03
-2.194940888728e+03 7.055360387444e+03 2.029307141254e+03
-2.193456388214e+03 7.058092104118e+03 2.021398629729e+03
-2.191968865432e+03 7.060815225546e+03 2.013487692087e+03
-2.190478364809e+03 7.063529735151e+03 2.005574337827e+03
-2.188984868644e+03 7.066235635668e+03 1.997658576451e+03
-2.187488379949e+03 7.068932923408e+03 1.989740417465e+03
-2.185988901739e+03 7.071621594693e+03 1.981819870378e+03
-2.184486437034e+03 7.074301645856e+03 1.973896944700e+03
-2.182980988857e+03 7.076973073240e+03 1.965971649946e+03
-2.181472539466e+03 7.079635879599e+03 1.958043995633e+03
-2.179961133425e+03 7.082290048494e+03 1.950113991281e+03
-2.178446753008e+03 7.084935582705e+03 1.942181646414e+03
-2.176929401256e+03 7.087572478618e+03 1.934246970557e+03
-2.175409081211e+03 7.090200732632e+03 1.926309973239e+03
-2.173885795922e+03 7.092820341153e+03 1.918370663992e+03
-2.172359548442e+03 7.095431300602e+03 1.910429052351e+03
-2.170830341827e+03 7.098033607409e+03 1.902485147852e+03
-2.169298158305e+03 7.100627264377e+03 1.894538960036e+03
-2.167763042597e+03 7.103212255227e+03 1.886590498446e+03
-2.166224976947e+03 7.105788582790e+03 1.878639772628e+03
-2.164683964428e+03 7.108356243538e+03 1.870686792130e+03
-2.163140008116e+03 7.110915233956e+03 1.862731566505e+03
-2.161593111093e+03 7.113465550539e+03 1.854774105306e+03
-2.160043276441e+03 7.116007189794e+03 1.846814418091e+03
-2.158490486367e+03 7.118540154569e+03 1.838852514418e+03
-2.156934785723e+03 7.121064428724e+03 1.830888403852e+03
-2.155376156731e+03 7.123580015133e+03 1.822922095956e+03
-2.153814602490e+03 7.126086910347e+03 1.814953600300e+03
-2.152250126105e+03 7.128585110926e+03 1.806982926453e+03
-2.150682730685e+03 7.131074613442e+03 1.799010083990e+03
-2.149112419343e+03 7.133555414477e+03 1.791035082485e+03
-2.147539195196e+03 7.136027510624e+03 1.783057931519e+03
-2.145963040421e+03 7.138490904785e+03 1.775078640672e+03
-2.144384000023e+03 7.140945580978e+03 1.767097219529e+03
-2.142802056193e+03 7.143391542129e+03 1.759113677677e+03
-2.141217212065e+03 7.145828784876e+03 1.751128024704e+03
-2.139629470775e+03 7.148257305868e+03 1.743140270203e+03
-2.138038835465e+03 7.150677101763e+03 1.735150423769e+03
-2.136445309278e+03 7.153088169232e+03 1.727158494998e+03
-2.134848874370e+03 7.155490511220e+03 1.719164493491e+03
-2.133249575874e+03 7.157884111888e+03 1.711168428851e+03
-2.131647395959e+03 7.160268974207e+03 1.703170310681e+03
-2.130042337787e+03 7.162645094893e+03 1.695170148591e+03
-2.128434404522e+03 7.165012470671e+03 1.687167952190e+03
-2.126823599332e+03 7.167371098278e+03 1.679163731090e+03
-2.125209925390e+03 7.169720974462e+03 1.671157494908e+03
-2.123593364830e+03 7.172062102212e+03 1.663149253260e+03
-2.121973962909e+03 7.174394465831e+03 1.655139015768e+03
-2.120351701776e+03 7.176718068335e+03 1.647126792052e+03
-2.118726584620e+03 7.179032906516e+03 1.639112591740e+03
-2.117098614631e+03 7.181338977177e+03 1.631096424457e+03
-2.115467795006e+03 7.183636277131e+03 1.623078299835e+03
-2.113834128945e+03 7.185924803204e+03 1.615058227506e+03
-2.112197619650e+03 7.188204552232e+03 1.607036217104e+03
-2.110558249235e+03 7.190475527252e+03 1.599012278267e+03
-2.108916063095e+03 7.192737712736e+03 1.590986420635e+03
-2.107271043355e+03 7.194991111749e+03 1.582958653850e+03
-2.105623193236e+03 7.197235721171e+03 1.574928987556e+03
-2.103972515961e+03 7.199471537894e+03 1.566897431400e+03
-2.102319014755e+03 7.201698558821e+03 1.558863995032e+03
-2.100662692851e+03 7.203916780865e+03 1.550828688103e+03
-2.099003532340e+03 7.206126207110e+03 1.542791520267e+03
-2.097341578738e+03 7.208326822170e+03 1.534752501179e+03
-2.095676814152e+03 7.210518629155e+03 1.526711640500e+03
-2.094009241828e+03 7.212701625025e+03 1.518668947889e+03
-2.092338865016e+03 7.214875806748e+03 1.510624433010e+03
-2.090665686971e+03 7.217041171305e+03 1.502578105528e+03
-2.088989710948e+03 7.219197715687e+03 1.494529975110e+03
-2.087310940211e+03 7.221345436899e+03 1.486480051427e+03
-2.085629356830e+03 7.223484338072e+03 1.478428344151e+03
-2.083945006455e+03 7.225614403990e+03 1.470374862956e+03
-2.082257871172e+03 7.227735637812e+03 1.462319617519e+03
-2.080567954257e+03 7.229848036586e+03 1.454262617518e+03
-2.078875258991e+03 7.231951597371e+03 1.446203872635e+03
-2.077179788658e+03 7.234046317238e+03 1.438143392552e+03
-2.075481546545e+03 7.236132193266e+03 1.430081186955e+03
-2.073780514709e+03 7.238209228634e+03 1.422017265532e+03
-2.072076738911e+03 7.240277408270e+03 1.413951637971e+03
-2.070370201220e+03 7.242336735379e+03 1.405884313965e+03
-2.068660904939e+03 7.244387207086e+03 1.397815303207e+03
-2.066948853375e+03 7.246428820530e+03 1.389744615394e+03
-2.065234049838e+03 7.248461572857e+03 1.381672260223e+03
-2.063516497642e+03 7.250485461228e+03 1.373598247395e+03
-2.061796200106e+03 7.252500482813e+03 1.365522586611e+03
-2.060073139267e+03 7.254506640839e+03 1.357445287576e+03
-2.058347361012e+03 7.256503920405e+03 1.349366359995e+03
-2.056618847392e+03 7.258492324765e+03 1.341285813579e+03
-2.054887601741e+03 7.260471851134e+03 1.333203658035e+03
-2.053153627394e+03 7.262442496739e+03 1.325119903078e+03
-2.051416927692e+03 7.264404258818e+03 1.317034558421e+03
-2.049677505978e+03 7.266357134620e+03 1.308947633780e+03
-2.047935344276e+03 7.268301127414e+03 1.300859138873e+03
-2.046190488580e+03 7.270236222450e+03 1.292769083421e+03
-2.044442920926e+03 7.272162423026e+03 1.284677477147e+03
-2.042692644673e+03 7.274079726434e+03 1.276584329773e+03
-2.040939663183e+03 7.275988129981e+03 1.268489651026e+03
-2.039183979821e+03 7.277887630983e+03 1.260393450634e+03
-2.037425597958e+03 7.279778226769e+03 1.252295738326e+03
-2.035664499604e+03 7.281659920650e+03 1.244196523834e+03
-2.033900730855e+03 7.283532698026e+03 1.236095816893e+03
-2.032134273735e+03 7.285396562238e+03 1.227993627236e+03
-2.030365131628e+03 7.287251510659e+03 1.219889964601e+03
-2.028593307922e+03 7.289097540672e+03 1.211784838728e+03
-2.026818806007e+03 7.290934649674e+03 1.203678259357e+03
-2.025041629279e+03 7.292762835071e+03 1.195570236231e+03
-2.023261781137e+03 7.294582094282e+03 1.187460779095e+03
-2.021479243575e+03 7.296392430666e+03 1.179349897694e+03
-2.019694062808e+03 7.298193829799e+03 1.171237601777e+03
-2.017906220843e+03 7.299986295068e+03 1.163123901093e+03
-2.016115721093e+03 7.301769823937e+03 1.155008805394e+03
-2.014322566974e+03 7.303544413880e+03 1.146892324433e+03
-2.012526761908e+03 7.305310062384e+03 1.138774467965e+03
-2.010728309317e+03 7.307066766946e+03 1.130655245748e+03
-2.008927191185e+03 7.308814530967e+03 1.122534667538e+03
-2.007123453824e+03 7.310553340177e+03 1.114412743097e+03
-2.005317079230e+03 7.312283198004e+03 1.106289482187e+03
-2.003508070842e+03 7.314004101991e+03 1.098164894569e+03
-2.001696432100e+03 7.315716049693e+03 1.090038990011e+03
-1.999882166449e+03 7.317419038674e+03 1.081911778277e+03
-1.998065277338e+03 7.319113066512e+03 1.073783269138e+03
-1.996245768219e+03 7.320798130794e+03 1.065653472362e+03
-1.994423621063e+03 7.322474234971e+03 1.057522397721e+03
-1.992598882291e+03 7.324141364945e+03 1.049390054988e+03
-1.990771533887e+03 7.325799524196e+03 1.041256453938e+03
-1.988941579318e+03 7.327448710356e+03 1.033121604348e+03
-1.987109022052e+03 7.329088921070e+03 1.024985515994e+03
-1.985273865562e+03 7.330720153994e+03 1.016848198657e+03
-1.983436113325e+03 7.332342406796e+03 1.008709662117e+03
-1.981595747304e+03 7.333955682968e+03 1.000569916157e+03
-1.979752814010e+03 7.335559968568e+03 9.924289705606e+02
-1.977907295419e+03 7.337155267115e+03 9.842868351130e+02
-1.976059195021e+03 7.338741576323e+03 9.761435196012e+02
-1.974208516309e+03 7.340318893916e+03 9.679990338136e+02
-1.972355262780e+03 7.341887217629e+03 9.598533875398e+02
-1.970499437935e+03 7.343446545210e+03 9.517065905712e+02
-1.968641023729e+03 7.344996880191e+03 9.435586527004e+02
-1.966780066762e+03 7.346538208788e+03 9.354095837215e+02
-1.964916549002e+03 7.348070534560e+03 9.272593934298e+02
-1.963050473961e+03 7.349593855301e+03 9.191080916224e+02
-1.961181845158e+03 7.351108168815e+03 9.109556880973e+02
-1.959310666114e+03 7.352613472916e+03 9.028021926543e+02
-1.957436940353e+03 7.354109765431e+03 8.946476150943e+02
-1.955560671403e+03 7.355597044199e+03 8.864919652196e+02
-1.953681841209e+03 7.357075312800e+03 8.783352528337e+02
-1.951800496473e+03 7.358544557626e+03 8.701774877417e+02
-1.949916619150e+03 7.360004782286e+03 8.620186797498e+02
-1.948030212784e+03 7.361455984664e+03 8.538588386656e+02
-1.946141280917e+03 7.362898162654e+03 8.456979742978e+02
-1.944249827098e+03 7.364331314163e+03 8.375360964566e+02
-1.942355854878e+03 7.365755437109e+03 8.293732149534e+02
-1.940459346198e+03 7.367170535114e+03 8.212093396006e+02
-1.938560347840e+03 7.368576594725e+03 8.130444802121e+02
-1.936658841755e+03 7.369973619595e+03 8.048786466031e+02
-1.934754831507e+03 7.371361607687e+03 7.967118485897e+02
-1.932848320665e+03 7.372740556974e+03 7.885440959893e+02
-1.930939312800e+03 7.374110465443e+03 7.803753986207e+02
-1.929027811486e+03 7.375471331092e+03 7.722057663037e+02
-1.927113820300e+03 7.376823151929e+03 7.640352088591e+02
-1.925197321179e+03 7.378165931623e+03 7.558637361091e+02
-1.923278360994e+03 7.379499656905e+03 7.476913578770e+02
-1.921356921692e+03 7.380824331470e+03 7.395180839871e+02
-1.919433006863e+03 7.382139953374e+03 7.313439242649e+02
-1.917506620100e+03 7.383446520682e+03 7.231688885370e+02
-1.915577765003e+03 7.384744031473e+03 7.149929866311e+02
-1.913646445171e+03 7.386032483835e+03 7.068162283759e+02
-1.911712642535e+03 7.387311881478e+03 6.986386236012e+02
-1.909776404045e+03 7.388582211289e+03 6.904601821379e+02
-1.907837711641e+03 7.389843477008e+03 6.822809138179e+02
-1.905896568939e+03 7.391095676769e+03 6.741008284740e+02
-1.903952979554e+03 7.392338808717e+03 6.659199359404e+02
-1.902006947107e+03 7.393572871011e+03 6.577382460518e+02
-1.900058475221e+03 7.394797861821e+03 6.495557686443e+02
-1.898107567522e+03 7.396013779326e+03 6.413725135547e+02
-1.896154205939e+03 7.397220627283e+03 6.331884906210e+02
-1.894198437504e+03 7.398418392762e+03 6.250037096820e+02
-1.892240244156e+03 7.399607079549e+03 6.168181805775e+02
-1.890279629534e+03 7.400786685869e+03 6.086319131481e+02
-1.888316597281e+03 7.401957209961e+03 6.004449172356e+02
-1.886351151041e+03 7.403118650075e+03 5.922572026824e+02
-1.884383294465e+03 7.404271004472e+03 5.840687793321e+02
-1.882413009477e+03 7.405414276947e+03 5.758796570289e+02
-1.880440343182e+03 7.406548454734e+03 5.676898456180e+02
-1.878465277517e+03 7.407673541657e+03 5.594993549455e+02
-1.876487816141e+03 7.408789536023e+03 5.513081948583e+02
-1.874507962721e+03 7.409896436151e+03 5.431163752041e+02
-1.872525720923e+03 7.410994240373e+03 5.349239058315e+02
-1.870541094386e+03 7.412082946991e+03 5.267307966078e+02
-1.868554065060e+03 7.413162559871e+03 5.185370573695e+02
-1.866564680123e+03 7.414233066416e+03 5.103426979629e+02
-1.864572921512e+03 7.415294470493e+03 5.021477282397e+02
-1.862578792910e+03 7.416346770488e+03 4.939521580525e+02
-1.860582298002e+03 7.417389964801e+03 4.857559972544e+02
-1.858583440479e+03 7.418424051846e+03 4.775592556995e+02
-1.856582224034e+03 7.419449030043e+03 4.693619432424e+02
-1.854578652361e+03 7.420464897829e+03 4.611640697386e+02
-1.852572707388e+03 7.421471659084e+03 4.529656450442e+02
-1.850564436359e+03 7.422469301390e+03 4.447666790159e+02
-1.848553821210e+03 7.423457828658e+03 4.365671815114e+02
-1.846540865648e+03 7.424437239368e+03 4.283671623887e+02
-1.844525573385e+03 7.425407532014e+03 4.201666315066e+02
-1.842507948135e+03 7.426368705100e+03 4.119655987245e+02
-1.840487993616e+03 7.427320757141e+03 4.037640739026e+02
-1.838465691754e+03 7.428263692059e+03 3.955620669015e+02
-1.836441089857e+03 7.429197497599e+03 3.873595875825e+02
-1.834414169861e+03 7.430122177713e+03 3.791566458075e+02
-1.832384935495e+03 7.431037730962e+03 3.709532514388e+02
-1.830353390492e+03 7.431944155920e+03 3.627494143395e+02
-1.828319538588e+03 7.432841451173e+03 3.545451443732e+02
-1.826283383520e+03 7.433729615319e+03 3.463404514039e+02
-1.824244929032e+03 7.434608646967e+03 3.381353452963e+02
-1.822204157052e+03 7.435478550082e+03 3.299298359155e+02
-1.820161114955e+03 7.436339312599e+03 3.217239331271e+02
-1.818115784679e+03 7.437190938514e+03 3.135176467971e+02
-1.816068169978e+03 7.438033426482e+03 3.053109867923e+02
-1.814018274608e+03 7.438866775170e+03 2.971039629796e+02
-1.811966102330e+03 7.439690983257e+03 2.888965852266e+02
-1.809911656905e+03 7.440506049434e+03 2.806888634011e+02
-1.807854920266e+03 7.441311977706e+03 2.724808073715e+02
-1.805795939845e+03 7.442108756173e+03 2.642724270066e+02
-1.803734697581e+03 7.442896388870e+03 2.560637321755e+02
-1.801671197250e+03 7.443674874533e+03 2.478547327477e+02
-1.799605442629e+03 7.444444211913e+03 2.396454385931e+02
-1.797537437498e+03 7.445204399768e+03 2.314358595820e+02
-1.795467185639e+03 7.445955436870e+03 2.232260055850e+02
-1.793394668992e+03 7.446697327265e+03 2.150158864730e+02
-1.791319935037e+03 7.447430059218e+03 2.068055121174e+02
-1.789242965722e+03 7.448153636804e+03 1.985948923897e+02
-1.787163764840e+03 7.448868058842e+03 1.903840371618e+02
-1.785082336190e+03 7.449573324160e+03 1.821729563059e+02
-1.782998683571e+03 7.450269431601e+03 1.739616596944e+02
-1.780912810786e+03 7.450956380019e+03 1.657501572001e+02
-1.778824721643e+03 7.451634168277e+03 1.575384586960e+02
-1.776734398085e+03 7.452302800466e+03 1.493265740553e+02
-1.774641887650e+03 7.452962265043e+03 1.411145131513e+02
-1.772547172292e+03 7.453612566126e+03 1.329022858579e+02
-1.770450255827e+03 7.454253702626e+03 1.246899020488e+02
-1.768351142076e+03 7.454885673467e+03 1.164773715981e+02
-1.766249834862e+03 7.455508477584e+03 1.082647043800e+02
-1.764146338010e+03 7.456122113924e+03 1.000519102690e+02
-1.762040633473e+03 7.456726586614e+03 9.183899913951e+01
-1.759932768834e+03 7.457321884279e+03 8.362598086632e+01
-1.757822726053e+03 7.457908011076e+03 7.541286532420e+01
-1.755710508966e+03 7.458484965999e+03 6.719966238811e+01
-1.753596121413e+03 7.459052748051e+03 5.898638193307e+01
-1.751479567237e+03 7.459611356251e+03 5.077303383423e+01
-1.749360850283e+03 7.460160789626e+03 4.255962796679e+01
-1.747239974400e+03 7.460701047216e+03 3.434617420600e+01
-1.745116921549e+03 7.461232133192e+03 2.613268242723e+01
-1.742991739361e+03 7.461754036372e+03 1.791916250581e+01
-1.740864409805e+03 7.462266760957e+03 9.705624317162e+00
-1.738734936739e+03 7.462770306033e+03 1.492077736680e+00
-1.736603324027e+03 7.463264670698e+03 -6.721467360198e+00
-1.734469575531e+03 7.463749854063e+03 -1.493500109809e+01
-1.732333695121e+03 7.464225855249e+03 -2.314851360158e+01
-1.730195664765e+03 7.464692678466e+03 -3.136199499535e+01
-1.728055532136e+03 7.465150312699e+03 -3.957543540406e+01
-1.725913279210e+03 7.465598762189e+03 -4.778882495249e+01
-1.723768909865e+03 7.466038026102e+03 -5.600215376544e+01
-1.721622427982e+03 7.466468103620e+03 -6.421541196785e+01
-1.719473837444e+03 7.466888993934e+03 -7.242858968470e+01
-1.717323142139e+03 7.467300696247e+03 -8.064167704113e+01
-1.715170345954e+03 7.467703209774e+03 -8.885466416234e+01
-1.713015430872e+03 7.468096538768e+03 -9.706754117373e+01
-1.710858444604e+03 7.468480672410e+03 -1.052802982008e+02
-1.708699369140e+03 7.468855614981e+03 -1.134929253693e+02
-1.706538208379e+03 7.469221365744e+03 -1.217054128049e+02
-1.704374966223e+03 7.469577923971e+03 -1.299177506338e+02
-1.702209646576e+03 7.469925288948e+03 -1.381299289822e+02
-1.700042253346e+03 7.470263459972e+03 -1.463419379764e+02
-1.697872768526e+03 7.470592441332e+03 -1.545537677432e+02
-1.695701239862e+03 7.470912222380e+03 -1.627654084095e+02
-1.693527649352e+03 7.471222807436e+03 -1.709768501024e+02
-1.691352000915e+03 7.471524195843e+03 -1.791880829492e+02
-1.689174298471e+03 7.471816386955e+03 -1.873990970777e+02
-1.686994545942e+03 7.472099380141e+03 -1.956098826158e+02
-1.684812747255e+03 7.472373174779e+03 -2.038204296917e+02
-1.682628884414e+03 7.472637775195e+03 -2.120307284340e+02
-1.680443005195e+03 7.472893170912e+03 -2.202407689715e+02
-1.678255091610e+03 7.473139366287e+03 -2.284505414334e+02
-1.676065147594e+03 7.473376360744e+03 -2.366600359494e+02
-1.673873177085e+03 7.473604153722e+03 -2.448692426491e+02
-1.671679184025e+03 7.473822744669e+03 -2.530781516630e+02
-1.669483172356e+03 7.474032133045e+03 -2.612867531217e+02
-1.667285146024e+03 7.474232318322e+03 -2.694950371561e+02
-1.665085087050e+03 7.474423304870e+03 -2.777029938978e+02
-1.662883043241e+03 7.474605082406e+03 -2.859106134785e+02
-1.660678996622e+03 7.474777655331e+03 -2.941178860305e+02
-1.658472951149e+03 7.474941023161e+03 -3.023248016865e+02
-1.656264910781e+03 7.475095185429e+03 -3.105313505796e+02
-1.654054879478e+03 7.475240141676e+03 -3.187375228436e+02
-1.651842861204e+03 7.475375891456e+03 -3.269433086124e+02
-1.649628837993e+03 7.475502439175e+03 -3.351486980206e+02
-1.647412857676e+03 7.475619774723e+03 -3.433536812033e+02
-1.645194902293e+03 7.475727902535e+03 -3.515582482961e+02
-1.642974975817e+03 7.475826822214e+03 -3.597623894351e+02
-1.640753082223e+03 7.475916533369e+03 -3.679660947569e+02
-1.638529225491e+03 7.475997035627e+03 -3.761693543987e+02
-1.636303409599e+03 7.476068328622e+03 -3.843721584983e+02
-1.634075638532e+03 7.476130412001e+03 -3.925744971939e+02
-1.631845894340e+03 7.476183290211e+03 -4.007763606245e+02
-1.629614224879e+03 7.476226953341e+03 -4.089777389296e+02
-1.627380612206e+03 7.476261405868e+03 -4.171786222492e+02
-1.625145060312e+03 7.476286647486e+03 -4.253790007241e+02
-1.622907573194e+03 7.476302677900e+03 -4.335788644956e+02
-1.620668154848e+03 7.476309496828e+03 -4.417782037057e+02
-1.618426809274e+03 7.476307103998e+03 -4.499770084971e+02
-1.616183518541e+03 7.476295503894e+03 -4.581752690131e+02
-1.613938330520e+03 7.476274686778e+03 -4.663729753976e+02
-1.611691227285e+03 7.476244657163e+03 -4.745701177955e+02
-1.609442212844e+03 7.476205414824e+03 -4.827666863519e+02
-1.607191291210e+03 7.476156959549e+03 -4.909626712132e+02
-1.604938466396e+03 7.476099291137e+03 -4.991580625261e+02
-1.602683742418e+03 7.476032409400e+03 -5.073528504381e+02
-1.600427101363e+03 7.475956318855e+03 -5.155470250977e+02
-1.598168591116e+03 7.475871009939e+03 -5.237405766539e+02
-1.595908193769e+03 7.475776487201e+03 -5.319334952566e+02
-1.593645913346e+03 7.475672750499e+03 -5.401257710565e+02
-1.591381753875e+03 7.475559799701e+03 -5.483173942051e+02
-1.589115719387e+03 7.475437634690e+03 -5.565083548545e+02
-1.586847813914e+03 7.475306255359e+03 -5.646986431580e+02
-1.584578041491e+03 7.475165661611e+03 -5.728882492696e+02
-1.582306384223e+03 7.475015858006e+03 -5.810771633439e+02
-1.580032890013e+03 7.474856835182e+03 -5.892653755366e+02
-1.577757540969e+03 7.474688597726e+03 -5.974528760044e+02
-1.575480341137e+03 7.474511145590e+03 -6.056396549047e+02
-1.573201294563e+03 7.474324478739e+03 -6.138257023957e+02
-1.570920405293e+03 7.474128597146e+03 -6.220110086367e+02
-1.568637677380e+03 7.473923500800e+03 -6.301955637880e+02
-1.566353092949e+03 7.473709194294e+03 -6.383793580105e+02
-1.564066699910e+03 7.473485668441e+03 -6.465623814664e+02
-1.561778480391e+03 7.473252927865e+03 -6.547446243187e+02
-1.559488438453e+03 7.473010972600e+03 -6.629260767314e+02
-1.557196578158e+03 7.472759802693e+03 -6.711067288695e+02
-1.554902903569e+03 7.472499418200e+03 -6.792865708990e+02
-1.552607418752e+03 7.472229819190e+03 -6.874655929868e+02
-1.550310127776e+03 7.471951005745e+03 -6.956437853010e+02
-1.548011012790e+03 7.471662982500e+03 -7.038211380107e+02
-1.545710121710e+03 7.471365740467e+03 -7.119976412861e+02
-1.543407436689e+03 7.471059284313e+03 -7.201732852981e+02
-1.541102961804e+03 7.470743614165e+03 -7.283480602193e+02
-1.538796701134e+03 7.470418730163e+03 -7.365219562228e+02
-1.536488658760e+03 7.470084632459e+03 -7.446949634832e+02
-1.534178838766e+03 7.469741321216e+03 -7.528670721760e+02
-1.531867223324e+03 7.469388801103e+03 -7.610382724779e+02
-1.529553860350e+03 7.469027063312e+03 -7.692085545668e+02
-1.527238732020e+03 7.468656112543e+03 -7.773779086217e+02
-1.524921842426e+03 7.468275949006e+03 -7.855463248229e+02
-1.522603195661e+03 7.467886572923e+03 -7.937137933515e+02
-1.520282795823e+03 7.467487984529e+03 -8.018803043903e+02
-1.517960647009e+03 7.467080184068e+03 -8.100458481229e+02
-1.515636753320e+03 7.466663171798e+03 -8.182104147343e+02
-1.513311096954e+03 7.466236952430e+03 -8.263739944107e+02
-1.510983725826e+03 7.465801517356e+03 -8.345365773395e+02
-1.508654622138e+03 7.465356871317e+03 -8.426981537094e+02
-1.506323789998e+03 7.464903014617e+03 -8.508587137104e+02
-1.503991233517e+03 7.464439947572e+03 -8.590182475336e+02
-1.501656956808e+03 7.463967670511e+03 -8.671767453715e+02
-1.499320963986e+03 7.463486183774e+03 -8.753341974180e+02
-1.496983237273e+03 7.462995492103e+03 -8.834905938681e+02
-1.494643824580e+03 7.462495587072e+03 -8.916459249183e+02
-1.492302708132e+03 7.461986473455e+03 -8.998001807664e+02
-1.489959892052e+03 7.461468151638e+03 -9.079533516113e+02
-1.487615380464e+03 7.460940622020e+03 -9.161054276537e+02
-1.485269177497e+03 7.460403885012e+03 -9.242563990953e+02
-1.482921287279e+03 7.459857941035e+03 -9.324062561394e+02
-1.480571692057e+03 7.459302794868e+03 -9.405549889906e+02
-1.478220439735e+03 7.458738438261e+03 -9.487025878548e+02
-1.475867512562e+03 7.458164876024e+03 -9.568490429397e+02
-1.473512914675e+03 7.457582108624e+03 -9.649943444539e+02
-1.471156650213e+03 7.456990136543e+03 -9.731384826078e+02
-1.468798723318e+03 7.456388960273e+03 -9.812814476132e+02
-1.466439138132e+03 7.455778580319e+03 -9.894232296833e+02
-1.464077898801e+03 7.455158997198e+03 -9.975638190328e+02
-1.461714987601e+03 7.454530215724e+03 -1.005703205878e+03
-1.459350452423e+03 7.453892227855e+03 -1.013841380436e+03
-1.456984275547e+03 7.453245038437e+03 -1.021978332927e+03
-1.454616461124e+03 7.452588648032e+03 -1.030114053572e+03
-1.452247013309e+03 7.451923057217e+03 -1.038248532591e+03
-1.449875936260e+03 7.451248266577e+03 -1.046381760211e+03
-1.447503234134e+03 7.450564276711e+03 -1.054513726655e+03
-1.445128889235e+03 7.449871092468e+03 -1.062644422150e+03
-1.442752949441e+03 7.449168705984e+03 -1.070773836926e+03
-1.440375397057e+03 7.448457122138e+03 -1.078901961213e+03
-1.437996236248e+03 7.447736341577e+03 -1.087028785241e+03
-1.435615471184e+03 7.447006364958e+03 -1.095154299246e+03
-1.433233106033e+03 7.446267192948e+03 -1.103278493460e+03
-1.430849144967e+03 7.445518826228e+03 -1.111401358123e+03
-1.428463592160e+03 7.444761265490e+03 -1.119522883470e+03
-1.426076429947e+03 7.443994515623e+03 -1.127643059744e+03
-1.423687706186e+03 7.443218568966e+03 -1.135761877184e+03
-1.421297403215e+03 7.442433430439e+03 -1.143879326035e+03
-1.418905525214e+03 7.441639100779e+03 -1.151995396542e+03
-1.416512076366e+03 7.440835580738e+03 -1.160110078951e+03
-1.414117060854e+03 7.440022871078e+03 -1.168223363512e+03
-1.411720482866e+03 7.439200972574e+03 -1.176335240473e+03
-1.409322324766e+03 7.438369890145e+03 -1.184445700088e+03
-1.406922634392e+03 7.437529616314e+03 -1.192554732610e+03
-1.404521394110e+03 7.436680156030e+03 -1.200662328295e+03
-1.402118608113e+03 7.435821510115e+03 -1.208768477400e+03
-1.399714280596e+03 7.434953679402e+03 -1.216873170184e+03
-1.397308415756e+03 7.434076664735e+03 -1.224976396908e+03
-1.394901017792e+03 7.433190466971e+03 -1.233078147835e+03
-1.392492069098e+03 7.432295091061e+03 -1.241178413229e+03
-1.390081617489e+03 7.431390529709e+03 -1.249277183358e+03
-1.387669645362e+03 7.430476787898e+03 -1.257374448489e+03
-1.385256156921e+03 7.429553866530e+03 -1.265470198893e+03
-1.382841156373e+03 7.428621766520e+03 -1.273564424841e+03
-1.380424647928e+03 7.427680488795e+03 -1.281657116609e+03
-1.378006635795e+03 7.426730034293e+03 -1.289748264471e+03
-1.375587124188e+03 7.425770403963e+03 -1.297837858705e+03
-1.373166095536e+03 7.424801602796e+03 -1.305925889592e+03
-1.370743597625e+03 7.423823623699e+03 -1.314012347413e+03
-1.368319612885e+03 7.422836471694e+03 -1.322097222452e+03
-1.365894145536e+03 7.421840147777e+03 -1.330180504995e+03
-1.363467199798e+03 7.420834652956e+03 -1.338262185328e+03
-1.361038779893e+03 7.419819988251e+03 -1.346342253743e+03
-1.358608890044e+03 7.418796154693e+03 -1.354420700529e+03
-1.356177512716e+03 7.417763157305e+03 -1.362497515982e+03
-1.353744695663e+03 7.416720989175e+03 -1.370572690397e+03
-1.351310421348e+03 7.415669655358e+03 -1.378646214071e+03
-1.348874694001e+03 7.414609156931e+03 -1.386718077304e+03
-1.346437517855e+03 7.413539494983e+03 -1.394788270399e+03
-1.343998897143e+03 7.412460670617e+03 -1.402856783658e+03
-1.341558836100e+03 7.411372684945e+03 -1.410923607389e+03
-1.339117338963e+03 7.410275539093e+03 -1.418988731899e+03
-1.336674388233e+03 7.409169238117e+03 -1.427052147498e+03
-1.334230031627e+03 7.408053775317e+03 -1.435113844500e+03
-1.331784251646e+03 7.406929155780e+03 -1.443173813217e+03
-1.329337052534e+03 7.405795380678e+03 -1.451232043968e+03
-1.326888438535e+03 7.404652451194e+03 -1.459288527070e+03
-1.324438413895e+03 7.403500368523e+03 -1.467343252845e+03
-1.321986982861e+03 7.402339133870e+03 -1.475396211616e+03
-1.319534127969e+03 7.401168752326e+03 -1.483447393707e+03
-1.317079896901e+03 7.399989217370e+03 -1.491496789448e+03
-1.314624272192e+03 7.398800534122e+03 -1.499544389167e+03
-1.312167258095e+03 7.397602703834e+03 -1.507590183196e+03
-1.309708858866e+03 7.396395727772e+03 -1.515634161870e+03
-1.307249078761e+03 7.395179607211e+03 -1.523676315525e+03
-1.304787922038e+03 7.393954343439e+03 -1.531716634500e+03
-1.302325392958e+03 7.392719937755e+03 -1.539755109135e+03
-1.299861474096e+03 7.391476395285e+03 -1.547791729775e+03
-1.297396213089e+03 7.390223709715e+03 -1.555826486764e+03
-1.294929592512e+03 7.388961886203e+03 -1.563859370450e+03
-1.292461616631e+03 7.387690926092e+03 -1.571890371185e+03
-1.289992289712e+03 7.386410830741e+03 -1.579919479319e+03
-1.287521616025e+03 7.385121601520e+03 -1.587946685208e+03
-1.285049599839e+03 7.383823239807e+03 -1.595971979209e+03
-1.282576223766e+03 7.382515750760e+03 -1.603995351682e+03
-1.280101535401e+03 7.381199128249e+03 -1.612016792989e+03
-1.277625517355e+03 7.379873377459e+03 -1.620036293494e+03
-1.275148173905e+03 7.378538499818e+03 -1.628053843564e+03
-1.272669509326e+03 7.377194496764e+03 -1.636069433568e+03
-1.270189527897e+03 7.375841369749e+03 -1.644083053877e+03
-1.267708233899e+03 7.374479120234e+03 -1.652094694865e+03
-1.265225609980e+03 7.373107753405e+03 -1.660104346910e+03
-1.262741703691e+03 7.371727263315e+03 -1.668112000389e+03
-1.260256497679e+03 7.370337655182e+03 -1.676117645685e+03
-1.257769996230e+03 7.368938930513e+03 -1.684121273181e+03
-1.255282203631e+03 7.367531090829e+03 -1.692122873264e+03
-1.252793124169e+03 7.366114137662e+03 -1.700122436322e+03
-1.250302762134e+03 7.364688072554e+03 -1.708119952747e+03
-1.247811121817e+03 7.363252897062e+03 -1.716115412933e+03
-1.245318185911e+03 7.361808616405e+03 -1.724108807276e+03
-1.242824001911e+03 7.360355224846e+03 -1.732100126175e+03
-1.240328552508e+03 7.358892727638e+03 -1.740089360032e+03
-1.237831841999e+03 7.357421126380e+03 -1.748076499252e+03
-1.235333874681e+03 7.355940422688e+03 -1.756061534241e+03
-1.232834654853e+03 7.354450618184e+03 -1.764044455408e+03
-1.230334186814e+03 7.352951714505e+03 -1.772025253165e+03
-1.227832453297e+03 7.351443716903e+03 -1.780003917928e+03
-1.225329501746e+03 7.349926619823e+03 -1.787980440113e+03
-1.222825314892e+03 7.348400428549e+03 -1.795954810141e+03
-1.220319897040e+03 7.346865144761e+03 -1.803927018434e+03
-1.217813252496e+03 7.345320770155e+03 -1.811897055417e+03
-1.215305385567e+03 7.343767306436e+03 -1.819864911519e+03
-1.212796300563e+03 7.342204755323e+03 -1.827830577171e+03
-1.210286001794e+03 7.340633118545e+03 -1.835794042804e+03
-1.207774472039e+03 7.339052401385e+03 -1.843755298857e+03
-1.205261758678e+03 7.337462598504e+03 -1.851714335768e+03
-1.202747844489e+03 7.335863715214e+03 -1.859671143978e+03
-1.200232733788e+03 7.334255753293e+03 -1.867625713933e+03
-1.197716430889e+03 7.332638714528e+03 -1.875578036079e+03
-1.195198940111e+03 7.331012600717e+03 -1.883528100866e+03
-1.192680265773e+03 7.329377413672e+03 -1.891475898747e+03
-1.190160390694e+03 7.327733158706e+03 -1.899421420179e+03
-1.187639362199e+03 7.326079830663e+03 -1.907364655618e+03
-1.185117163105e+03 7.324417434886e+03 -1.915305595528e+03
-1.182593797737e+03 7.322745973234e+03 -1.923244230371e+03
-1.180069270419e+03 7.321065447574e+03 -1.931180550616e+03
-1.177543585475e+03 7.319375859787e+03 -1.939114546732e+03
-1.175016747234e+03 7.317677211766e+03 -1.947046209191e+03
-1.172488738558e+03 7.315969508853e+03 -1.954975528470e+03
-1.169959606711e+03 7.314252746075e+03 -1.962902495047e+03
-1.167429334552e+03 7.312526928809e+03 -1.970827099404e+03
-1.164897926414e+03 7.310792058990e+03 -1.978749332026e+03
-1.162365386629e+03 7.309048138570e+03 -1.986669183398e+03
-1.159831719530e+03 7.307295169509e+03 -1.994586644014e+03
-1.157296929452e+03 7.305533153782e+03 -2.002501704364e+03
-1.154761020730e+03 7.303762093371e+03 -2.010414354947e+03
-1.152223976279e+03 7.301981993655e+03 -2.018324586260e+03
-1.149685843286e+03 7.300192849871e+03 -2.026232388807e+03
-1.147146604664e+03 7.298394667429e+03 -2.034137753093e+03
-1.144606264752e+03 7.296587448357e+03 -2.042040669627e+03
-1.142064827891e+03 7.294771194699e+03 -2.049941128919e+03
-1.139522298423e+03 7.292945908509e+03 -2.057839121484e+03
-1.136978680692e+03 7.291111591852e+03 -2.065734637840e+03
-1.134433957655e+03 7.289268250134e+03 -2.073627668508e+03
-1.131888176435e+03 7.287415878779e+03 -2.081518204010e+03
-1.129341319987e+03 7.285554483222e+03 -2.089406234874e+03
-1.126793392658e+03 7.283684065577e+03 -2.097291751631e+03
-1.124244398796e+03 7.281804627965e+03 -2.105174744811e+03
-1.121694342750e+03 7.279916172522e+03 -2.113055204953e+03
-1.119143228871e+03 7.278018701394e+03 -2.120933122595e+03
-1.116591061511e+03 7.276112216739e+03 -2.128808488280e+03
-1.114037823679e+03 7.274196723994e+03 -2.136681292553e+03
-1.111483562417e+03 7.272272218796e+03 -2.144551525963e+03
-1.108928260732e+03 7.270338706613e+03 -2.152419179062e+03
-1.106371922980e+03 7.268396189650e+03 -2.160284242405e+03
-1.103814553517e+03 7.266444670121e+03 -2.168146706550e+03
-1.101256156698e+03 7.264484150253e+03 -2.176006562060e+03
-1.098696736884e+03 7.262514632284e+03 -2.183863799499e+03
-1.096136277129e+03 7.260536121681e+03 -2.191718409434e+03
-1.093574824404e+03 7.258548614266e+03 -2.199570382438e+03
-1.091012361762e+03 7.256552115534e+03 -2.207419709085e+03
-1.088448893563e+03 7.254546627770e+03 -2.215266379953e+03
-1.085884424171e+03 7.252532153271e+03 -2.223110385622e+03
-1.083318957949e+03 7.250508694342e+03 -2.230951716678e+03
-1.080752499261e+03 7.248476253303e+03 -2.238790363707e+03
-1.078185052473e+03 7.246434832484e+03 -2.246626317302e+03
-1.075616600695e+03 7.244384437382e+03 -2.254459568057e+03
-1.073047190810e+03 7.242325064032e+03 -2.262290106569e+03
-1.070476805925e+03 7.240256717962e+03 -2.270117923439e+03
-1.067905450408e+03 7.238179401548e+03 -2.277943009272e+03
-1.065333128628e+03 7.236093117176e+03 -2.285765354676e+03
-1.062759844957e+03 7.233997867247e+03 -2.293584950262e+03
-1.060185603765e+03 7.231893654171e+03 -2.301401786645e+03
-1.057610388213e+03 7.229780483472e+03 -2.309215854442e+03
-1.055034245101e+03 7.227658351370e+03 -2.317027144275e+03
-1.052457157587e+03 7.225527263421e+03 -2.324835646770e+03
-1.049879130045e+03 7.223387222082e+03 -2.332641352554e+03
-1.047300166849e+03 7.221238229819e+03 -2.340444252260e+03
-1.044720272376e+03 7.219080289111e+03 -2.348244336521e+03
-1.042139451002e+03 7.216913402450e+03 -2.356041595979e+03
-1.039557685937e+03 7.214737575387e+03 -2.363836021274e+03
-1.036975023901e+03 7.212552804328e+03 -2.371627603052e+03
-1.034391448098e+03 7.210359094856e+03 -2.379416331963e+03
-1.031806962909e+03 7.208156449506e+03 -2.387202198660e+03
-1.029221572714e+03 7.205944870826e+03 -2.394985193798e+03
-1.026635281895e+03 7.203724361376e+03 -2.402765308038e+03
-1.024048094832e+03 7.201494923725e+03 -2.410542532044e+03
-1.021460015909e+03 7.199256560455e+03 -2.418316856482e+03
-1.018871028394e+03 7.197009277150e+03 -2.426088272022e+03
-1.016281178908e+03 7.194753070427e+03 -2.433856769340e+03
-1.013690450714e+03 7.192487945899e+03 -2.441622339113e+03
-1.011098848197e+03 7.190213906194e+03 -2.449384972022e+03
-1.008506375744e+03 7.187930953951e+03 -2.457144658752e+03
-1.005913037741e+03 7.185639091819e+03 -2.464901389993e+03
-1.003318838577e+03 7.183338322460e+03 -2.472655156436e+03
-1.000723761570e+03 7.181028651483e+03 -2.480405948777e+03
-9.981278532525e+02 7.178710075693e+03 -2.488153757717e+03
-9.955310969397e+02 7.176382600728e+03 -2.495898573959e+03
-9.929334970213e+02 7.174046229296e+03 -2.503640388209e+03
-9.903350578882e+02 7.171700964115e+03 -2.511379191179e+03
-9.877357839318e+02 7.169346807914e+03 -2.519114973582e+03
-9.851356795440e+02 7.166983763435e+03 -2.526847726138e+03
-9.825347491174e+02 7.164611833430e+03 -2.534577439568e+03
-9.799329760325e+02 7.162231023538e+03 -2.542304104598e+03
-9.773304067158e+02 7.159841330775e+03 -2.550027711958e+03
-9.747270245420e+02 7.157442760811e+03 -2.557748252380e+03
-9.721228339060e+02 7.155035316443e+03 -2.565465716601e+03
-9.695178392035e+02 7.152619000481e+03 -2.573180095364e+03
-9.669120448307e+02 7.150193815744e+03 -2.580891379411e+03
-9.643054551842e+02 7.147759765064e+03 -2.588599559492e+03
-9.616980536982e+02 7.145316854105e+03 -2.596304626359e+03
-9.590898867043e+02 7.142865080071e+03 -2.604006570768e+03
-9.564809376304e+02 7.140404448657e+03 -2.611705383479e+03
-9.538712108756e+02 7.137934962739e+03 -2.619401055256e+03
-9.512607108392e+02 7.135456625205e+03 -2.627093576867e+03
-9.486494419214e+02 7.132969438954e+03 -2.634782939083e+03
-9.460374085226e+02 7.130473406898e+03 -2.642469132679e+03
-9.434246150440e+02 7.127968531957e+03 -2.650152148435e+03
-9.408110449821e+02 7.125454819826e+03 -2.657831977135e+03
-9.381967445564e+02 7.122932267920e+03 -2.665508609565e+03
-9.355816972570e+02 7.120400881963e+03 -2.673182036517e+03
-9.329659074870e+02 7.117860664922e+03 -2.680852248786e+03
-9.303493796499e+02 7.115311619776e+03 -2.688519237170e+03
-9.277321181498e+02 7.112753749513e+03 -2.696182992474e+03
-9.251141273911e+02 7.110187057134e+03 -2.703843505503e+03
-9.224953909261e+02 7.107611548358e+03 -2.711500767069e+03
-9.198759548730e+02 7.105027220788e+03 -2.719154767988e+03
-9.172558027774e+02 7.102434080171e+03 -2.726805499077e+03
-9.146349390457e+02 7.099832129554e+03 -2.734452951161e+03
-9.120133680845e+02 7.097221371994e+03 -2.742097115065e+03
-9.093910943010e+02 7.094601810559e+03 -2.749737981622e+03
-9.067681221026e+02 7.091973448327e+03 -2.757375541667e+03
-9.041444350984e+02 7.089336291044e+03 -2.765009786039e+03
-9.015200793026e+02 7.086690336497e+03 -2.772640705581e+03
-8.988950383171e+02 7.084035590459e+03 -2.780268291140e+03
-8.962693165511e+02 7.081372056056e+03 -2.787892533569e+03
-8.936429184141e+02 7.078699736423e+03 -2.795513423724e+03
-8.910158483161e+02 7.076018634707e+03 -2.803130952463e+03
-8.883881106675e+02 7.073328754066e+03 -2.810745110651e+03
-8.857597098788e+02 7.070630097668e+03 -2.818355889156e+03
-8.831306296249e+02 7.067922671286e+03 -2.825963278851e+03
-8.805009157976e+02 7.065206472922e+03 -2.833567270612e+03
-8.778705520645e+02 7.062481508376e+03 -2.841167855320e+03
-8.752395428376e+02 7.059747780865e+03 -2.848765023860e+03
-8.726078925294e+02 7.057005293611e+03 -2.856358767120e+03
-8.699756055526e+02 7.054254049853e+03 -2.863949075994e+03
-8.673426863202e+02 7.051494052838e+03 -2.871535941381e+03
-8.647091185659e+02 7.048725308362e+03 -2.879119354181e+03
-8.620749480711e+02 7.045947814614e+03 -2.886699305301e+03
-8.594401585619e+02 7.043161577419e+03 -2.894275785651e+03
-8.568047544526e+02 7.040366600070e+03 -2.901848786147e+03
-8.541687401576e+02 7.037562885871e+03 -2.909418297706e+03
-8.515321200919e+02 7.034750438137e+03 -2.916984311253e+03
-8.488948986707e+02 7.031929260194e+03 -2.924546817716e+03
-8.462570803092e+02 7.029099355380e+03 -2.932105808025e+03
-8.436186488092e+02 7.026260729518e+03 -2.939661273117e+03
-8.409796498228e+02 7.023413381010e+03 -2.947213203934e+03
-8.383400671440e+02 7.020557315709e+03 -2.954761591421e+03
-8.356999051891e+02 7.017692536999e+03 -2.962306426526e+03
-8.330591683748e+02 7.014819048271e+03 -2.969847700203e+03
-8.304178611178e+02 7.011936852931e+03 -2.977385403412e+03
-8.277759878354e+02 7.009045954394e+03 -2.984919527115e+03
-8.251335323897e+02 7.006146358508e+03 -2.992450062278e+03
-8.224905403167e+02 7.003238063861e+03 -2.999976999874e+03
-8.198469954707e+02 7.000321076331e+03 -3.007500330878e+03
-8.172029022696e+02 6.997395399378e+03 -3.015020046271e+03
-8.145582651312e+02 6.994461036474e+03 -3.022536137038e+03
-8.119130884740e+02 6.991517991101e+03 -3.030048594169e+03
-8.092673767163e+02 6.988566266752e+03 -3.037557408657e+03
-8.066211137820e+02 6.985605869300e+03 -3.045062571501e+03
-8.039743450879e+02 6.982636797519e+03 -3.052564073704e+03
-8.013270545495e+02 6.979659057310e+03 -3.060061906274e+03
-7.986792465857e+02 6.976672652212e+03 -3.067556060222e+03
-7.960309256158e+02 6.973677585774e+03 -3.075046526565e+03
-7.933820960590e+02 6.970673861556e+03 -3.082533296325e+03
-7.907327623347e+02 6.967661483131e+03 -3.090016360527e+03
-7.880829288624e+02 6.964640454080e+03 -3.097495710201e+03
-7.854325796374e+02 6.961610780301e+03 -3.104971336383e+03
-7.827817599368e+02 6.958572460783e+03 -3.112443230112e+03
-7.801304537474e+02 6.955525501455e+03 -3.119911382433e+03
-7.774786654890e+02 6.952469905941e+03 -3.127375784393e+03
-7.748263995815e+02 6.949405677882e+03 -3.134836427047e+03
-7.721736604449e+02 6.946332820926e+03 -3.142293301453e+03
-7.695204524994e+02 6.943251338732e+03 -3.149746398673e+03
-7.668667598037e+02 6.940161237223e+03 -3.157195709775e+03
-7.642126275097e+02 6.937062515572e+03 -3.164641225831e+03
-7.615580396675e+02 6.933955179731e+03 -3.172082937918e+03
-7.589030006970e+02 6.930839233404e+03 -3.179520837117e+03
-7.562475150188e+02 6.927714680306e+03 -3.186954914515e+03
-7.535915870529e+02 6.924581524164e+03 -3.194385161202e+03
-7.509352212199e+02 6.921439768715e+03 -3.201811568275e+03
-7.482784219400e+02 6.918289417707e+03 -3.209234126834e+03
-7.456211733455e+02 6.915130477088e+03 -3.216652827983e+03
-7.429635204421e+02 6.911962946244e+03 -3.224067662834e+03
-7.403054473527e+02 6.908786831153e+03 -3.231478622500e+03
-7.376469584977e+02 6.905602135607e+03 -3.238885698102e+03
-7.349880582972e+02 6.902408863410e+03 -3.246288880763e+03
-7.323287511716e+02 6.899207018376e+03 -3.253688161613e+03
-7.296690415410e+02 6.895996604329e+03 -3.261083531786e+03
-7.270089136031e+02 6.892777627240e+03 -3.268474982420e+03
-7.243484122323e+02 6.889550086682e+03 -3.275862504660e+03
-7.216875216167e+02 6.886313988654e+03 -3.283246089653e+03
-7.190262461762e+02 6.883069337026e+03 -3.290625728554e+03
-7.163645903307e+02 6.879816135676e+03 -3.298001412520e+03
-7.137025584999e+02 6.876554388498e+03 -3.305373132715e+03
-7.110401551037e+02 6.873284099391e+03 -3.312740880306e+03
-7.083773845614e+02 6.870005272271e+03 -3.320104646467e+03
-7.057142311468e+02 6.866717913130e+03 -3.327464422375e+03
-7.030507395807e+02 6.863422021755e+03 -3.334820199214e+03
-7.003868941266e+02 6.860117604170e+03 -3.342171968170e+03
-6.977226992039e+02 6.856804664332e+03 -3.349519720437e+03
-6.950581592314e+02 6.853483206209e+03 -3.356863447212e+03
-6.923932786280e+02 6.850153233778e+03 -3.364203139699e+03
-6.897280618123e+02 6.846814751030e+03 -3.371538789103e+03
-6.870624931254e+02 6.843467763979e+03 -3.378870386639e+03
-6.843966171506e+02 6.840112272599e+03 -3.386197923523e+03
-6.817304182188e+02 6.836748282935e+03 -3.393521390978e+03
-6.790639007480e+02 6.833375799020e+03 -3.400840780232e+03
-6.763970691561e+02 6.829994824898e+03 -3.408156082518e+03
-6.737299278606e+02 6.826605364623e+03 -3.415467289073e+03
-6.710624812790e+02 6.823207422261e+03 -3.422774391139e+03
-6.683947138205e+02 6.819801003849e+03 -3.430077379966e+03
-6.657266699284e+02 6.816386109546e+03 -3.437376246805e+03
-6.630583340015e+02 6.812962745417e+03 -3.444670982915e+03
-6.603897104562e+02 6.809530915572e+03 -3.451961579558e+03
-6.577208037090e+02 6.806090624132e+03 -3.459248028004e+03
-6.550516181761e+02 6.802641875225e+03 -3.466530319524e+03
-6.523821582731e+02 6.799184672995e+03 -3.473808445399e+03
-6.497124284159e+02 6.795719021593e+03 -3.481082396910e+03
-6.470424130923e+02 6.792244927081e+03 -3.488352165348e+03
-6.443721565825e+02 6.788762389827e+03 -3.495617742006e+03
-6.417016433636e+02 6.785271415925e+03 -3.502879118182e+03
-6.390308778503e+02 6.781772009567e+03 -3.510136285182e+03
-6.363598644567e+02 6.778264174962e+03 -3.517389234315e+03
-6.336886075968e+02 6.774747916326e+03 -3.524637956895e+03
-6.310171116842e+02 6.771223237888e+03 -3.531882444242e+03
-6.283453612770e+02 6.767690145728e+03 -3.539122687682e+03
-6.256734005092e+02 6.764148640402e+03 -3.546358678544e+03
-6.230012139278e+02 6.760598728022e+03 -3.553590408165e+03
-6.203288059451e+02 6.757040412858e+03 -3.560817867885e+03
-6.176561809733e+02 6.753473699193e+03 -3.568041049051e+03
-6.149833434238e+02 6.749898591318e+03 -3.575259943013e+03
-6.123102977082e+02 6.746315093536e+03 -3.582474541128e+03
-6.096370482373e+02 6.742723210163e+03 -3.589684834759e+03
-6.069635796501e+02 6.739122947302e+03 -3.596890815272e+03
-6.042899359107e+02 6.735514305721e+03 -3.604092474041e+03
-6.016161016467e+02 6.731897291553e+03 -3.611289802442e+03
-5.989420812676e+02 6.728271909156e+03 -3.618482791861e+03
-5.962678791824e+02 6.724638162897e+03 -3.625671433684e+03
-5.935934997999e+02 6.720996057154e+03 -3.632855719307e+03
-5.909189475283e+02 6.717345596316e+03 -3.640035640128e+03
-5.882442070785e+02 6.713686786509e+03 -3.647211187552e+03
-5.855693222625e+02 6.710019628682e+03 -3.654382352989e+03
-5.828942777798e+02 6.706344128992e+03 -3.661549127856e+03
-5.802190780368e+02 6.702660291868e+03 -3.668711503572e+03
-5.775437274397e+02 6.698968121754e+03 -3.675869471565e+03
-5.748682303943e+02 6.695267623103e+03 -3.683023023265e+03
-5.721925913056e+02 6.691558800377e+03 -3.690172150111e+03
-5.695167949574e+02 6.687841659722e+03 -3.697316843545e+03
-5.668408850072e+02 6.684116202273e+03 -3.704457095015e+03
-5.641648462267e+02 6.680382434205e+03 -3.711592895975e+03
-5.614886830193e+02 6.676640360022e+03 -3.718724237884e+03
-5.588123997879e+02 6.672889984243e+03 -3.725851112207e+03
-5.561360009348e+02 6.669131311393e+03 -3.732973510413e+03
-5.534594908620e+02 6.665364346012e+03 -3.740091423979e+03
-5.507828739707e+02 6.661589092647e+03 -3.747204844386e+03
-5.481061351288e+02 6.657805557466e+03 -3.754313763119e+03
-5.454293178139e+02 6.654013741815e+03 -3.761418171673e+03
-5.427524068815e+02 6.650213651889e+03 -3.768518061544e+03
-5.400754067310e+02 6.646405292280e+03 -3.775613424236e+03
-5.373983217611e+02 6.642588667589e+03 -3.782704251258e+03
-5.347211563699e+02 6.638763782428e+03 -3.789790534124e+03
-5.320439149552e+02 6.634930641419e+03 -3.796872264355e+03
-5.293665824594e+02 6.631089250750e+03 -3.803949433477e+03
-5.266892021995e+02 6.627239611949e+03 -3.811022033021e+03
-5.240117591055e+02 6.623381731232e+03 -3.818090054524e+03
-5.213342575729e+02 6.619515613264e+03 -3.825153489529e+03
-5.186567019963e+02 6.615641262720e+03 -3.832212329584e+03
-5.159790967700e+02 6.611758684286e+03 -3.839266566244e+03
-5.133014462875e+02 6.607867882659e+03 -3.846316191067e+03
-5.106237549418e+02 6.603968862546e+03 -3.853361195621e+03
-5.079460077617e+02 6.600061630154e+03 -3.860401571475e+03
-5.052682478776e+02 6.596146187224e+03 -3.867437310207e+03
-5.025904603055e+02 6.592222539992e+03 -3.874468403400e+03
-4.999126494358e+02 6.588290693207e+03 -3.881494842642e+03
-4.972348196585e+02 6.584350651629e+03 -3.888516619526e+03
-4.945569753628e+02 6.580402420028e+03 -3.895533725653e+03
-4.918791209371e+02 6.576446003184e+03 -3.902546152629e+03
-4.892012414866e+02 6.572481407325e+03 -3.909553892065e+03
-4.865233799756e+02 6.568508634374e+03 -3.916556935578e+03
-4.838455214963e+02 6.564527690585e+03 -3.923555274792e+03
-4.811676704346e+02 6.560538580782e+03 -3.930548901334e+03
-4.784898311755e+02 6.556541309798e+03 -3.937537806841e+03
-4.758120081037e+02 6.552535882476e+03 -3.944521982953e+03
-4.731342056027e+02 6.548522303671e+03 -3.951501421315e+03
-4.704564280558e+02 6.544500578246e+03 -3.958476113581e+03
-4.677786606565e+02 6.540470712451e+03 -3.965446051409e+03
-4.651009461757e+02 6.536432708416e+03 -3.972411226462e+03
-4.624232697937e+02 6.532386572419e+03 -3.979371630411e+03
-4.597456358908e+02 6.528332309366e+03 -3.986327254932e+03
-4.570680488463e+02 6.524269924174e+03 -3.993278091706e+03
-4.543905130390e+02 6.520199421770e+03 -4.000224132420e+03
-4.517130328465e+02 6.516120807092e+03 -4.007165368770e+03
-4.490355935410e+02 6.512034086405e+03 -4.014101792454e+03
-4.463582377212e+02 6.507939262026e+03 -4.021033395179e+03
-4.436809506455e+02 6.503836340248e+03 -4.027960168654e+03
-4.410037366887e+02 6.499725326050e+03 -4.034882104599e+03
-4.383266002248e+02 6.495606224424e+03 -4.041799194737e+03
-4.356495456271e+02 6.491479040368e+03 -4.048711430797e+03
-4.329725772678e+02 6.487343778894e+03 -4.055618804515e+03
-4.302956804980e+02 6.483200446284e+03 -4.062521307633e+03
-4.276188977419e+02 6.479049045038e+03 -4.069418931897e+03
-4.249422143366e+02 6.474889581466e+03 -4.076311669063e+03
-4.222656346513e+02 6.470722060622e+03 -4.083199510889e+03
-4.195891630543e+02 6.466546487568e+03 -4.090082449142e+03
-4.169128039128e+02 6.462362867376e+03 -4.096960475592e+03
-4.142365615935e+02 6.458171205129e+03 -4.103833582019e+03
-4.115604404621e+02 6.453971505921e+03 -4.110701760207e+03
-4.088844259609e+02 6.449763776055e+03 -4.117565001945e+03
-4.062085603113e+02 6.445548018238e+03 -4.124423299030e+03
-4.035328289415e+02 6.441324238802e+03 -4.131276643264e+03
-4.008572362136e+02 6.437092442882e+03 -4.138125026456e+03
-3.981817864890e+02 6.432852635621e+03 -4.144968440420e+03
-3.955064841280e+02 6.428604822176e+03 -4.151806876978e+03
-3.928313334900e+02 6.424349007712e+03 -4.158640327956e+03
-3.901563200982e+02 6.420085198549e+03 -4.165468785188e+03
-3.874814859937e+02 6.415813397576e+03 -4.172292240513e+03
-3.848068166852e+02 6.411533611142e+03 -4.179110685776e+03
-3.821323165283e+02 6.407245844454e+03 -4.185924112830e+03
-3.794579898781e+02 6.402950102727e+03 -4.192732513532e+03
-3.767838410882e+02 6.398646391189e+03 -4.199535879747e+03
-3.741098745116e+02 6.394334715077e+03 -4.206334203345e+03
-3.714360945002e+02 6.390015079638e+03 -4.213127476203e+03
-3.687624866704e+02 6.385687491212e+03 -4.219915690203e+03
-3.660890928541e+02 6.381351952895e+03 -4.226698837235e+03
-3.634158986530e+02 6.377008471055e+03 -4.233476909195e+03
-3.607429084152e+02 6.372657050979e+03 -4.240249897983e+03
-3.580701264875e+02 6.368297697967e+03 -4.247017795509e+03
-3.553975572161e+02 6.363930417326e+03 -4.253780593687e+03
-3.527252049459e+02 6.359555214375e+03 -4.260538284437e+03
-3.500530553757e+02 6.355172095471e+03 -4.267290859686e+03
-3.473811501518e+02 6.350781063889e+03 -4.274038311368e+03
-3.447094749579e+02 6.346382126015e+03 -4.280780631421e+03
-3.420380341349e+02 6.341975287206e+03 -4.287517811793e+03
-3.393668320228e+02 6.337560552834e+03 -4.294249844436e+03
-3.366958729603e+02 6.333137928276e+03 -4.300976721308e+03
-3.340251612852e+02 6.328707418923e+03 -4.307698434375e+03
-3.313546827795e+02 6.324269031147e+03 -4.314414975607e+03
-3.286844789010e+02 6.319822768404e+03 -4.321126336984e+03
-3.260145354165e+02 6.315368637096e+03 -4.327832510488e+03
-3.233448566597e+02 6.310906642652e+03 -4.334533488112e+03
-3.206754469627e+02 6.306436790511e+03 -4.341229261851e+03
-3.180063106568e+02 6.301959086126e+03 -4.347919823710e+03
-3.153374520721e+02 6.297473534954e+03 -4.354605165699e+03
-3.126688755377e+02 6.292980142467e+03 -4.361285279835e+03
-3.100005669321e+02 6.288478915055e+03 -4.367960158139e+03
-3.073325674940e+02 6.283969856380e+03 -4.374629792642e+03
-3.046648630866e+02 6.279452972862e+03 -4.381294175380e+03
-3.019974580342e+02 6.274928270009e+03 -4.387953298394e+03
-2.993303566602e+02 6.270395753343e+03 -4.394607153735e+03
-2.966635632869e+02 6.265855428395e+03 -4.401255733457e+03
-2.939970822352e+02 6.261307300704e+03 -4.407899029622e+03
-2.913308994687e+02 6.256751376676e+03 -4.414537034299e+03
-2.886650560321e+02 6.252187660154e+03 -4.421169739563e+03
-2.859995378732e+02 6.247616157571e+03 -4.427797137496e+03
-2.833343493084e+02 6.243036874507e+03 -4.434419220185e+03
-2.806694946527e+02 6.238449816554e+03 -4.441035979726e+03
-2.780049782200e+02 6.233854989311e+03 -4.447647408219e+03
-2.753408043231e+02 6.229252398389e+03 -4.454253497773e+03
-2.726769772734e+02 6.224642049408e+03 -4.460854240503e+03
-2.700134831326e+02 6.220023948791e+03 -4.467449628529e+03
-2.673503627205e+02 6.215398100585e+03 -4.474039653979e+03
-2.646876020827e+02 6.210764511241e+03 -4.480624308987e+03
-2.620252055257e+02 6.206123186419e+03 -4.487203585695e+03
-2.593631773549e+02 6.201474131788e+03 -4.493777476251e+03
-2.567015218743e+02 6.196817353030e+03 -4.500345972808e+03
-2.540402433866e+02 6.192152855832e+03 -4.506909067527e+03
-2.513793280402e+02 6.187480646633e+03 -4.513466752577e+03
-2.487188164553e+02 6.182800729659e+03 -4.520019020132e+03
-2.460586947640e+02 6.178113111375e+03 -4.526565862372e+03
-2.433989672639e+02 6.173417797511e+03 -4.533107271486e+03
-2.407396382514e+02 6.168714793805e+03 -4.539643239668e+03
-2.380807120215e+02 6.164004106005e+03 -4.546173759119e+03
-2.354221928678e+02 6.159285739872e+03 -4.552698822047e+03
-2.327640850829e+02 6.154559701174e+03 -4.559218420667e+03
-2.301063749151e+02 6.149825996364e+03 -4.565732547201e+03
-2.274491027534e+02 6.145084629873e+03 -4.572241193876e+03
-2.247922548296e+02 6.140335608180e+03 -4.578744352928e+03
-2.221358354309e+02 6.135578937096e+03 -4.585242016599e+03
-2.194798488428e+02 6.130814622436e+03 -4.591734177136e+03
-2.168242993498e+02 6.126042670028e+03 -4.598220826796e+03
-2.141691912349e+02 6.121263085711e+03 -4.604701957840e+03
-2.115145108348e+02 6.116475875950e+03 -4.611177562538e+03
-2.088602983334e+02 6.111681045355e+03 -4.617647633165e+03
-2.062065400508e+02 6.106878600419e+03 -4.624112162004e+03
-2.035532402645e+02 6.102068547019e+03 -4.630571141344e+03
-2.009004032504e+02 6.097250891041e+03 -4.637024563483e+03
-1.982480332833e+02 6.092425638381e+03 -4.643472420722e+03
-1.955961346364e+02 6.087592794944e+03 -4.649914705373e+03
-1.929446937357e+02 6.082752367211e+03 -4.656351409752e+03
-1.902937505575e+02 6.077904359967e+03 -4.662782526183e+03
-1.876432915107e+02 6.073048779721e+03 -4.669208046997e+03
-1.849933208630e+02 6.068185632416e+03 -4.675627964532e+03
-1.823438428803e+02 6.063314924007e+03 -4.682042271132e+03
-1.796948618274e+02 6.058436660457e+03 -4.688450959149e+03
-1.770463819675e+02 6.053550847739e+03 -4.694854020942e+03
-1.743984075623e+02 6.048657491836e+03 -4.701251448875e+03
-1.717509251406e+02 6.043756599245e+03 -4.707643235322e+03
-1.691039744385e+02 6.038848174952e+03 -4.714029372661e+03
-1.664575419675e+02 6.033932225481e+03 -4.720409853280e+03
-1.638116319835e+02 6.029008756853e+03 -4.726784669571e+03
-1.611662487407e+02 6.024077775099e+03 -4.733153813934e+03
-1.585213964920e+02 6.019139286260e+03 -4.739517278779e+03
-1.558770794888e+02 6.014193296385e+03 -4.745875056518e+03
-1.532332843506e+02 6.009239811986e+03 -4.752227139573e+03
-1.505900506006e+02 6.004278838223e+03 -4.758573520373e+03
-1.479473648410e+02 5.999310381634e+03 -4.764914191353e+03
-1.453052313169e+02 5.994334448308e+03 -4.771249144956e+03
-1.426636542721e+02 5.989351044341e+03 -4.777578373632e+03
-1.400226379486e+02 5.984360175843e+03 -4.783901869838e+03
-1.373821865871e+02 5.979361848930e+03 -4.790219626036e+03
-1.347423044266e+02 5.974356069730e+03 -4.796531634699e+03
-1.321029781914e+02 5.969342844766e+03 -4.802837888304e+03
-1.294642471584e+02 5.964322179402e+03 -4.809138379338e+03
-1.268260980340e+02 5.959294080189e+03 -4.815433100291e+03
-1.241885350511e+02 5.954258553290e+03 -4.821722043663e+03
-1.215515624407e+02 5.949215604882e+03 -4.828005201962e+03
-1.189151844323e+02 5.944165241148e+03 -4.834282567702e+03
-1.162794052539e+02 5.939107468282e+03 -4.840554133402e+03
-1.136442117222e+02 5.934042292820e+03 -4.846819891591e+03
-1.110096428959e+02 5.928969720300e+03 -4.853079834806e+03
-1.083756855736e+02 5.923889757286e+03 -4.859333955587e+03
-1.057423439768e+02 5.918802410009e+03 -4.865582246486e+03
-1.031096223252e+02 5.913707684710e+03 -4.871824700060e+03
-1.004775248370e+02 5.908605587640e+03 -4.878061308871e+03
-9.784605572863e+01 5.903496125058e+03 -4.884292065493e+03
-9.521520191001e+01 5.898379303514e+03 -4.890516962504e+03
-9.258500221919e+01 5.893255128719e+03 -4.896735992490e+03
-8.995544354768e+01 5.888123607249e+03 -4.902949148044e+03
-8.732653010529e+01 5.882984745402e+03 -4.909156421768e+03
-8.469826610013e+01 5.877838549485e+03 -4.915357806268e+03
-8.207065573859e+01 5.872685025815e+03 -4.921553294160e+03
-7.944370322541e+01 5.867524180716e+03 -4.927742878067e+03
-7.681741276356e+01 5.862356020526e+03 -4.933926550619e+03
-7.419177137028e+01 5.857180551805e+03 -4.940104304453e+03
-7.156681762847e+01 5.851997780466e+03 -4.946276132212e+03
-6.894253853670e+01 5.846807713096e+03 -4.952442026551e+03
-6.631893829109e+01 5.841610356069e+03 -4.958601980126e+03
-6.369602108599e+01 5.836405715767e+03 -4.964755985606e+03
-6.107379111400e+01 5.831193798582e+03 -4.970904035665e+03
-5.845225256599e+01 5.825974610914e+03 -4.977046122982e+03
-5.583139255385e+01 5.820748159337e+03 -4.983182240249e+03
-5.321124943463e+01 5.815514449936e+03 -4.989312380159e+03
-5.059181030137e+01 5.810273489310e+03 -4.995436535419e+03
-4.797307933785e+01 5.805025283899e+03 -5.001554698737e+03
-4.535506072605e+01 5.799769840149e+03 -5.007666862834e+03
-4.273775864615e+01 5.794507164517e+03 -5.013773020434e+03
-4.012117727651e+01 5.789237263469e+03 -5.019873164271e+03
-3.750532079373e+01 5.783960143480e+03 -5.025967287087e+03
-3.489017641879e+01 5.778675811137e+03 -5.032055381629e+03
-3.227578224764e+01 5.773384272722e+03 -5.038137440653e+03
-2.966212548213e+01 5.768085534847e+03 -5.044213456922e+03
-2.704921029154e+01 5.762779604025e+03 -5.050283423207e+03
-2.443704084328e+01 5.757466486776e+03 -5.056347332287e+03
-2.182562130292e+01 5.752146189632e+03 -5.062405176947e+03
-1.921495583419e+01 5.746818719132e+03 -5.068456949980e+03
-1.660503175431e+01 5.741484081874e+03 -5.074502644188e+03
-1.399588692822e+01 5.736142284311e+03 -5.080542252378e+03
-1.138750865373e+01 5.730793333067e+03 -5.086575767366e+03
-8.779901087092e+00 5.725437234717e+03 -5.092603181977e+03
-6.173068382644e+00 5.720073995848e+03 -5.098624489040e+03
-3.567014692832e+00 5.714703623055e+03 -5.104639681394e+03
-9.617441682218e-01 5.709326122940e+03 -5.110648751887e+03
1.642739042548e+00 5.703941502118e+03 -5.116651693370e+03
4.246447511401e+00 5.698549767197e+03 -5.122648498706e+03
6.849343640338e+00 5.693150924827e+03 -5.128639160763e+03
9.451440020947e+00 5.687744981643e+03 -5.134623672419e+03
1.205273251225e+01 5.682331944293e+03 -5.140602026557e+03
1.465321697524e+01 5.676911819437e+03 -5.146574216068e+03
1.725288927279e+01 5.671484613742e+03 -5.152540233853e+03
1.985174526977e+01 5.666050333885e+03 -5.158500072818e+03
2.244979744035e+01 5.660608986485e+03 -5.164453725878e+03
2.504700842260e+01 5.655160578360e+03 -5.170401185955e+03
2.764339071057e+01 5.649705116158e+03 -5.176342445980e+03
3.023894017697e+01 5.644242606589e+03 -5.182277498890e+03
3.283365269650e+01 5.638773056376e+03 -5.188206337630e+03
3.542752414583e+01 5.633296472249e+03 -5.194128955153e+03
3.802055040362e+01 5.627812860949e+03 -5.200045344421e+03
4.061274384557e+01 5.622322229104e+03 -5.205955498401e+03
4.320406734816e+01 5.616824583704e+03 -5.211859410070e+03
4.579453330722e+01 5.611319931402e+03 -5.217757072411e+03
4.838413760944e+01 5.605808278975e+03 -5.223648478417e+03
5.097287614355e+01 5.600289633208e+03 -5.229533621087e+03
5.356074480029e+01 5.594764000892e+03 -5.235412493427e+03
5.614773947248e+01 5.589231388832e+03 -5.241285088453e+03
5.873385605493e+01 5.583691803839e+03 -5.247151399188e+03
6.131910680997e+01 5.578145252552e+03 -5.253011418661e+03
6.390345488940e+01 5.572591742153e+03 -5.258865139912e+03
6.648691257592e+01 5.567031279308e+03 -5.264712555985e+03
6.906947577261e+01 5.561463870864e+03 -5.270553659936e+03
7.165114038464e+01 5.555889523677e+03 -5.276388444825e+03
7.423190231923e+01 5.550308244610e+03 -5.282216903722e+03
7.681175748572e+01 5.544720040539e+03 -5.288039029704e+03
7.939071804649e+01 5.539124918112e+03 -5.293854815857e+03
8.196874739675e+01 5.533522884680e+03 -5.299664255273e+03
8.454585771949e+01 5.527913946915e+03 -5.305467341054e+03
8.712204493246e+01 5.522298111729e+03 -5.311264066307e+03
8.969730495557e+01 5.516675386038e+03 -5.317054424151e+03
9.227163371081e+01 5.511045776769e+03 -5.322838407708e+03
9.484502712234e+01 5.505409290857e+03 -5.328616010111e+03
9.741748111645e+01 5.499765935247e+03 -5.334387224502e+03
9.998900774047e+01 5.494115716598e+03 -5.340152044027e+03
1.025595706706e+02 5.488458642451e+03 -5.345910461842e+03
1.051291819751e+02 5.482794719491e+03 -5.351662471113e+03
1.076978375889e+02 5.477123954696e+03 -5.357408065010e+03
1.102655334491e+02 5.471446355056e+03 -5.363147236714e+03
1.128322654950e+02 5.465761927566e+03 -5.368879979412e+03
1.153980296680e+02 5.460070679232e+03 -5.374606286301e+03
1.179628379142e+02 5.454372616723e+03 -5.380326150583e+03
1.205266541580e+02 5.448667747745e+03 -5.386039565470e+03
1.230894903666e+02 5.442956078992e+03 -5.391746524183e+03
1.256513424902e+02 5.437237617504e+03 -5.397447019948e+03
1.282122064814e+02 5.431512370330e+03 -5.403141046002e+03
1.307720782949e+02 5.425780344528e+03 -5.408828595587e+03
1.333309538876e+02 5.420041547163e+03 -5.414509661957e+03
1.358888451035e+02 5.414295984913e+03 -5.420184238369e+03
1.384457161178e+02 5.408543665649e+03 -5.425852318093e+03
1.410015787957e+02 5.402784596075e+03 -5.431513894403e+03
1.435564291031e+02 5.397018783289e+03 -5.437168960583e+03
1.461102630083e+02 5.391246234402e+03 -5.442817509926e+03
1.486630764818e+02 5.385466956532e+03 -5.448459535730e+03
1.512148654963e+02 5.379680956805e+03 -5.454095031305e+03
1.537656260269e+02 5.373888242356e+03 -5.459723989965e+03
1.563153698000e+02 5.368088819871e+03 -5.465346405036e+03
1.588640612800e+02 5.362282697412e+03 -5.470962269848e+03
1.614117122149e+02 5.356469881687e+03 -5.476571577742e+03
1.639583185890e+02 5.350650379868e+03 -5.482174322068e+03
1.665038763888e+02 5.344824199131e+03 -5.487770496180e+03
1.690483816032e+02 5.338991346663e+03 -5.493360093444e+03
1.715918302234e+02 5.333151829658e+03 -5.498943107232e+03
1.741342338723e+02 5.327305654810e+03 -5.504519530926e+03
1.766755572696e+02 5.321452830345e+03 -5.510089357913e+03
1.792158120602e+02 5.315593362980e+03 -5.515652581592e+03
1.817549942447e+02 5.309727259943e+03 -5.521209195367e+03
1.842930998258e+02 5.303854528472e+03 -5.526759192652e+03
1.868301248089e+02 5.297975175812e+03 -5.532302566869e+03
1.893660652015e+02 5.292089209219e+03 -5.537839311447e+03
1.919009170137e+02 5.286196635954e+03 -5.543369419825e+03
1.944346917494e+02 5.280297462718e+03 -5.548892885448e+03
1.969673544229e+02 5.274391697924e+03 -5.554409701771e+03
1.994989165601e+02 5.268479348297e+03 -5.559919862257e+03
2.020293741807e+02 5.262560421133e+03 -5.565423360376e+03
2.045587233065e+02 5.256634923737e+03 -5.570920189608e+03
2.070869599619e+02 5.250702863423e+03 -5.576410343440e+03
2.096140801737e+02 5.244764247510e+03 -5.581893815367e+03
2.121400953409e+02 5.238819082707e+03 -5.587370598893e+03
2.146649707379e+02 5.232867377590e+03 -5.592840687530e+03
2.171887177861e+02 5.226909138889e+03 -5.598304074800e+03
2.197113325220e+02 5.220944373960e+03 -5.603760754229e+03
2.222328109845e+02 5.214973090165e+03 -5.609210719356e+03
2.247531492149e+02 5.208995294877e+03 -5.614653963726e+03
2.272723432572e+02 5.203010995474e+03 -5.620090480891e+03
2.297903891576e+02 5.197020199345e+03 -5.625520264415e+03
2.323072981946e+02 5.191022913204e+03 -5.630943307867e+03
2.348230359425e+02 5.185019145812e+03 -5.636359604825e+03
2.373376137023e+02 5.179008903907e+03 -5.641769148878e+03
2.398510275302e+02 5.172992194911e+03 -5.647171933619e+03
2.423632734849e+02 5.166969026253e+03 -5.652567952652e+03
2.448743476278e+02 5.160939405370e+03 -5.657957199590e+03
2.473842460225e+02 5.154903339709e+03 -5.663339668053e+03
2.498929798412e+02 5.148860835989e+03 -5.668715351669e+03
2.524005149231e+02 5.142811903133e+03 -5.674084244076e+03
2.549068624632e+02 5.136756547885e+03 -5.679446338919e+03
2.574120185354e+02 5.130694777723e+03 -5.684801629853e+03
2.599159792159e+02 5.124626600135e+03 -5.690150110539e+03
2.624187405838e+02 5.118552022615e+03 -5.695491774648e+03
2.649202987205e+02 5.112471052667e+03 -5.700826615859e+03
2.674206646915e+02 5.106383697017e+03 -5.706154627861e+03
2.699198046028e+02 5.100289964747e+03 -5.711475804349e+03
2.724177295428e+02 5.094189862606e+03 -5.716790139029e+03
2.749144356034e+02 5.088083398132e+03 -5.722097625612e+03
2.774099188788e+02 5.081970578866e+03 -5.727398257821e+03
2.799041754660e+02 5.075851412363e+03 -5.732692029385e+03
2.823972014646e+02 5.069725906181e+03 -5.737978934044e+03
2.848889929769e+02 5.063594067888e+03 -5.743258965544e+03
2.873795609453e+02 5.057455904219e+03 -5.748532117640e+03
2.898688717836e+02 5.051311424435e+03 -5.753798384098e+03
2.923569364577e+02 5.045160635294e+03 -5.759057758688e+03
2.948437510802e+02 5.039003544396e+03 -5.764310235194e+03
2.973293117665e+02 5.032840159350e+03 -5.769555807403e+03
2.998136146344e+02 5.026670487771e+03 -5.774794469115e+03
3.022966558041e+02 5.020494537285e+03 -5.780026214136e+03
3.047784461103e+02 5.014312314630e+03 -5.785251036280e+03
3.072589522381e+02 5.008123829227e+03 -5.790468929373e+03
3.097381850455e+02 5.001929087838e+03 -5.795679887247e+03
3.122161406638e+02 4.995728098120e+03 -5.800883903743e+03
3.146928152267e+02 4.989520867737e+03 -5.806080972711e+03
3.171682048710e+02 4.983307404362e+03 -5.811271088009e+03
3.196423057359e+02 4.977087715675e+03 -5.816454243505e+03
3.221151139633e+02 4.970861809365e+03 -5.821630433073e+03
3.245866402634e+02 4.964629692175e+03 -5.826799650599e+03
3.270568516343e+02 4.958391373708e+03 -5.831961889974e+03
3.295257588099e+02 4.952146860729e+03 -5.837117145100e+03
3.319933579431e+02 4.945896160959e+03 -5.842265409888e+03
3.344596451893e+02 4.939639282126e+03 -5.847406678255e+03
3.369246167067e+02 4.933376231965e+03 -5.852540944130e+03
3.393882686565e+02 4.927107018220e+03 -5.857668201448e+03
3.418506116394e+02 4.920831647640e+03 -5.862788444154e+03
3.443116129294e+02 4.914550129981e+03 -5.867901666200e+03
3.467712831512e+02 4.908262472017e+03 -5.873007861550e+03
3.492296184768e+02 4.901968681520e+03 -5.878107024174e+03
3.516866150811e+02 4.895668766275e+03 -5.883199148050e+03
3.541422691414e+02 4.889362734071e+03 -5.888284227168e+03
3.565965768383e+02 4.883050592707e+03 -5.893362255523e+03
3.590495486624e+02 4.876732348936e+03 -5.898433227121e+03
3.615011521658e+02 4.870408012670e+03 -5.903497135977e+03
3.639513978634e+02 4.864077590685e+03 -5.908553976113e+03
3.664002819468e+02 4.857741090810e+03 -5.913603741560e+03
3.688478006102e+02 4.851398520882e+03 -5.918646426360e+03
3.712939500507e+02 4.845049888747e+03 -5.923682024560e+03
3.737387264683e+02 4.838695202255e+03 -5.928710530220e+03
3.761821260658e+02 4.832334469268e+03 -5.933731937405e+03
3.786241592074e+02 4.825967696543e+03 -5.938746240191e+03
3.810647937656e+02 4.819594894169e+03 -5.943753432662e+03
3.835040401291e+02 4.813216068925e+03 -5.948753508911e+03
3.859418945118e+02 4.806831228704e+03 -5.953746463040e+03
3.883783531309e+02 4.800440381402e+03 -5.958732289158e+03
3.908134122062e+02 4.794043534927e+03 -5.963710981386e+03
3.932470679603e+02 4.787640697192e+03 -5.968682533851e+03
3.956793306464e+02 4.781231874957e+03 -5.973646940691e+03
3.981101684192e+02 4.774817078466e+03 -5.978604196050e+03
4.005395915563e+02 4.768396314502e+03 -5.983554294084e+03
4.029675962919e+02 4.761969591008e+03 -5.988497228956e+03
4.053941788633e+02 4.755536915938e+03 -5.993432994838e+03
4.078193355104e+02 4.749098297249e+03 -5.998361585911e+03
4.102430624762e+02 4.742653742909e+03 -6.003282996365e+03
4.126653560065e+02 4.736203260892e+03 -6.008197220399e+03
4.150862262265e+02 4.729746857962e+03 -6.013104252221e+03
4.175056416162e+02 4.723284544537e+03 -6.018004086046e+03
4.199236123257e+02 4.716816327403e+03 -6.022896716101e+03
4.223401346123e+02 4.710342214565e+03 -6.027782136620e+03
4.247552047367e+02 4.703862214035e+03 -6.032660341846e+03
4.271688189624e+02 4.697376333832e+03 -6.037531326031e+03
4.295809735557e+02 4.690884581983e+03 -6.042395083435e+03
4.319916785293e+02 4.684386965254e+03 -6.047251608330e+03
4.344009026499e+02 4.677883494216e+03 -6.052100894994e+03
4.368086559552e+02 4.671374175657e+03 -6.056942937714e+03
4.392149347235e+02 4.664859017635e+03 -6.061777730788e+03
4.416197352360e+02 4.658338028212e+03 -6.066605268521e+03
4.440230537770e+02 4.651811215460e+03 -6.071425545227e+03
4.464248866338e+02 4.645278587459e+03 -6.076238555231e+03
4.488252300967e+02 4.638740152294e+03 -6.081044292864e+03
4.512240940489e+02 4.632195916736e+03 -6.085842752469e+03
4.536214475874e+02 4.625645891526e+03 -6.090633928395e+03
4.560173006207e+02 4.619090083455e+03 -6.095417815003e+03
4.584116494512e+02 4.612528500639e+03 -6.100194406660e+03
4.608044903842e+02 4.605961151202e+03 -6.104963697744e+03
4.631958197281e+02 4.599388043273e+03 -6.109725682643e+03
4.655856337942e+02 4.592809184990e+03 -6.114480355750e+03
4.679739423525e+02 4.586224583125e+03 -6.119227711471e+03
4.703607147903e+02 4.579634248570e+03 -6.123967744219e+03
4.727459609031e+02 4.573038188118e+03 -6.128700448417e+03
4.751296770143e+02 4.566436409935e+03 -6.133425818496e+03
4.775118594507e+02 4.559828922196e+03 -6.138143848897e+03
4.798925045420e+02 4.553215733081e+03 -6.142854534070e+03
4.822716086212e+02 4.546596850782e+03 -6.147557868474e+03
4.846491813439e+02 4.539972282070e+03 -6.152253846579e+03
4.870251923900e+02 4.533342037984e+03 -6.156942462855e+03
4.893996514406e+02 4.526706125316e+03 -6.161623711787e+03
4.917725548410e+02 4.520064552284e+03 -6.166297587870e+03
4.941438989394e+02 4.513417327112e+03 -6.170964085609e+03
4.965136800874e+02 4.506764458034e+03 -6.175623199517e+03
4.988818946396e+02 4.500105953286e+03 -6.180274924116e+03
5.012485389536e+02 4.493441821116e+03 -6.184919253938e+03
5.036136225538e+02 4.486772068299e+03 -6.189556183523e+03
5.059771154575e+02 4.480096706044e+03 -6.194185707421e+03
5.083390272151e+02 4.473415741147e+03 -6.198807820192e+03
5.106993541967e+02 4.466729181883e+03 -6.203422516402e+03
5.130580927757e+02 4.460037036534e+03 -6.208029790630e+03
5.154152393287e+02 4.453339313388e+03 -6.212629637461e+03
5.177707902355e+02 4.446636020741e+03 -6.217222051492e+03
5.201247549051e+02 4.439927165371e+03 -6.221807027326e+03
5.224771036516e+02 4.433212758631e+03 -6.226384559578e+03
5.248278459101e+02 4.426492807320e+03 -6.230954642870e+03
5.271769780731e+02 4.419767319762e+03 -6.235517271836e+03
5.295244965362e+02 4.413036304288e+03 -6.240072441115e+03
5.318703976982e+02 4.406299769236e+03 -6.244620145359e+03
5.342146779612e+02 4.399557722951e+03 -6.249160379227e+03
5.365573337305e+02 4.392810173785e+03 -6.253693137388e+03
5.388983742824e+02 4.386057128515e+03 -6.258218414522e+03
5.412377702729e+02 4.379298598663e+03 -6.262736205314e+03
5.435755310046e+02 4.372534591028e+03 -6.267246504461e+03
5.459116528958e+02 4.365765113989e+03 -6.271749306670e+03
5.482461323677e+02 4.358990175933e+03 -6.276244606655e+03
5.505789658451e+02 4.352209785253e+03 -6.280732399141e+03
5.529101497557e+02 4.345423950351e+03 -6.285212678862e+03
5.552396932596e+02 4.338632678005e+03 -6.289685440559e+03
5.575675673135e+02 4.331835979880e+03 -6.294150678986e+03
5.598937811037e+02 4.325033862775e+03 -6.298608388904e+03
5.622183310712e+02 4.318226335118e+03 -6.303058565083e+03
5.645412136603e+02 4.311413405344e+03 -6.307501202303e+03
5.668624253182e+02 4.304595081895e+03 -6.311936295353e+03
5.691819624959e+02 4.297771373220e+03 -6.316363839032e+03
5.714998342363e+02 4.290942286097e+03 -6.320783828148e+03
5.738160117987e+02 4.284107832335e+03 -6.325196257518e+03
5.761305042528e+02 4.277268018733e+03 -6.329601121968e+03
5.784433080626e+02 4.270422853767e+03 -6.333998416334e+03
5.807544196953e+02 4.263572345919e+03 -6.338388135461e+03
5.830638356215e+02 4.256716503678e+03 -6.342770274203e+03
5.853715523151e+02 4.249855335542e+03 -6.347144827425e+03
5.876775662533e+02 4.242988850012e+03 -6.351511789999e+03
5.899818863447e+02 4.236117053867e+03 -6.355871156807e+03
5.922844841969e+02 4.229239959078e+03 -6.360222922742e+03
5.945853687454e+02 4.222357572444e+03 -6.364567082705e+03
5.968845364807e+02 4.215469902495e+03 -6.368903631605e+03
5.991819838968e+02 4.208576957766e+03 -6.373232564364e+03
6.014777074910e+02 4.201678746801e+03 -6.377553875911e+03
6.037717037639e+02 4.194775278150e+03 -6.381867561184e+03
6.060639815063e+02 4.187866558590e+03 -6.386173615131e+03
6.083545126320e+02 4.180952600233e+03 -6.390472032709e+03
6.106433059588e+02 4.174033409879e+03 -6.394762808886e+03
6.129303580009e+02 4.167108996102e+03 -6.399045938638e+03
6.152156652758e+02 4.160179367486e+03 -6.403321416951e+03
6.174992243045e+02 4.153244532619e+03 -6.407589238819e+03
6.197810316116e+02 4.146304500099e+03 -6.411849399247e+03
6.220610837247e+02 4.139359278527e+03 -6.416101893249e+03
6.243393892990e+02 4.132408874680e+03 -6.420346715849e+03
6.266159206010e+02 4.125453300831e+03 -6.424583862078e+03
6.288906863131e+02 4.118492563776e+03 -6.428813326981e+03
6.311636829768e+02 4.111526672145e+03 -6.433035105607e+03
6.334349071370e+02 4.104555634573e+03 -6.437249193019e+03
6.357043553421e+02 4.097579459700e+03 -6.441455584287e+03
6.379720241440e+02 4.090598156176e+03 -6.445654274491e+03
6.402379220787e+02 4.083611730776e+03 -6.449845258721e+03
6.425020217231e+02 4.076620195911e+03 -6.454028532075e+03
6.447643316405e+02 4.069623558378e+03 -6.458204089663e+03
6.470248483967e+02 4.062621826849e+03 -6.462371926602e+03
6.492835685609e+02 4.055615010006e+03 -6.466532038019e+03
6.515404887056e+02 4.048603116536e+03 -6.470684419053e+03
6.537956054071e+02 4.041586155131e+03 -6.474829064849e+03
6.560489152450e+02 4.034564134491e+03 -6.478965970564e+03
6.583004266185e+02 4.027537061390e+03 -6.483095131363e+03
6.605501124614e+02 4.020504948398e+03 -6.487216542420e+03
6.627979812005e+02 4.013467802308e+03 -6.491330198922e+03
6.650440294296e+02 4.006425631845e+03 -6.495436096061e+03
6.672882537457e+02 3.999378445740e+03 -6.499534229043e+03
6.695306507492e+02 3.992326252730e+03 -6.503624593075e+03
6.717712170426e+02 3.985269061548e+03 -6.507707183366e+03
6.740099609049e+02 3.978206878965e+03 -6.511781995144e+03
6.762468555838e+02 3.971139717687e+03 -6.515849023653e+03
6.784819093861e+02 3.964067584506e+03 -6.519908264143e+03
6.807151189304e+02 3.956990488192e+03 -6.523959711875e+03
6.829464808384e+02 3.949908437518e+03 -6.528003362121e+03
6.851759917356e+02 3.942821441268e+03 -6.532039210160e+03
6.874036482511e+02 3.935729508230e+03 -6.536067251281e+03
6.896294585435e+02 3.928632645174e+03 -6.540087480786e+03
6.918533961762e+02 3.921530864940e+03 -6.544099893981e+03
6.940754693356e+02 3.914424174319e+03 -6.548104486187e+03
6.962956746652e+02 3.907312582123e+03 -6.552101252731e+03
6.985140088119e+02 3.900196097172e+03 -6.556090188951e+03
7.007304684262e+02 3.893074728290e+03 -6.560071290194e+03
7.029450501622e+02 3.885948484309e+03 -6.564044551818e+03
7.051577506777e+02 3.878817374067e+03 -6.568009969190e+03
7.073685779929e+02 3.871681404331e+03 -6.571967537685e+03
7.095775060340e+02 3.864540588095e+03 -6.575917252690e+03
7.117845428495e+02 3.857394932147e+03 -6.579859109601e+03
7.139896851115e+02 3.850244445349e+03 -6.583793103822e+03
7.161929294959e+02 3.843089136567e+03 -6.587719230769e+03
7.183942726821e+02 3.835929014678e+03 -6.591637485867e+03
7.205937113532e+02 3.828764088560e+03 -6.595547864549e+03
7.227912534081e+02 3.821594364979e+03 -6.599450362261e+03
7.249868730920e+02 3.814419857063e+03 -6.603344974454e+03
7.271805783322e+02 3.807240571595e+03 -6.607231696594e+03
7.293723658263e+02 3.800056517480e+03 -6.611110524154e+03
7.315622322758e+02 3.792867703630e+03 -6.614981452617e+03
7.337501743859e+02 3.785674138962e+03 -6.618844477477e+03
7.359361888654e+02 3.778475832398e+03 -6.622699594237e+03
7.381202724268e+02 3.771272792867e+03 -6.626546798410e+03
7.403024328292e+02 3.764065027132e+03 -6.630386085518e+03
7.424826446850e+02 3.756852548470e+03 -6.634217451092e+03
7.446609157820e+02 3.749635363663e+03 -6.638040890672e+03
7.468372428472e+02 3.742413481661e+03 -6.641856399812e+03
7.490116226116e+02 3.735186911424e+03 -6.645663974069e+03
7.511840518098e+02 3.727955661914e+03 -6.649463609017e+03
7.533545271801e+02 3.720719742103e+03 -6.653255300234e+03
7.555230563593e+02 3.713479158748e+03 -6.657039043310e+03
7.576896142823e+02 3.706233925258e+03 -6.660814833846e+03
7.598542086148e+02 3.698984048410e+03 -6.664582667450e+03
7.620168361101e+02 3.691729537198e+03 -6.668342539743e+03
7.641774935251e+02 3.684470400620e+03 -6.672094446353e+03
7.663361776207e+02 3.677206647682e+03 -6.675838382919e+03
7.684928851614e+02 3.669938287394e+03 -6.679574345090e+03
7.706476129155e+02 3.662665328772e+03 -6.683302328525e+03
7.728003683794e+02 3.655387778571e+03 -6.687022328891e+03
7.749511268587e+02 3.648105650348e+03 -6.690734341866e+03
7.770998958789e+02 3.640818950875e+03 -6.694438363140e+03
7.792466722233e+02 3.633527689192e+03 -6.698134388408e+03
7.813914526789e+02 3.626231874344e+03 -6.701822413379e+03
7.835342340369e+02 3.618931515382e+03 -6.705502433771e+03
7.856750130917e+02 3.611626621362e+03 -6.709174445309e+03
7.878137972166e+02 3.604317199036e+03 -6.712838443732e+03
7.899505620433e+02 3.597003262088e+03 -6.716494424786e+03
7.920853149739e+02 3.589684817286e+03 -6.720142384227e+03
7.942180528183e+02 3.582361873710e+03 -6.723782317823e+03
7.963487723903e+02 3.575034440445e+03 -6.727414221349e+03
7.984774705075e+02 3.567702526582e+03 -6.731038090592e+03
8.006041439911e+02 3.560366141216e+03 -6.734653921347e+03
8.027288000906e+02 3.553025291094e+03 -6.738261709422e+03
8.048514147652e+02 3.545679990028e+03 -6.741861450631e+03
8.069719952936e+02 3.538330244782e+03 -6.745453140800e+03
8.090905385123e+02 3.530976064475e+03 -6.749036775765e+03
8.112070412621e+02 3.523617458230e+03 -6.752612351371e+03
8.133215003873e+02 3.516254435178e+03 -6.756179863474e+03
8.154339127362e+02 3.508887004453e+03 -6.759739307939e+03
8.175442751610e+02 3.501515175197e+03 -6.763290680640e+03
8.196525947689e+02 3.494138954150e+03 -6.766833977464e+03
8.217588478958e+02 3.486758355269e+03 -6.770369194304e+03
8.238630416781e+02 3.479373385311e+03 -6.773896327066e+03
8.259651729837e+02 3.471984053440e+03 -6.777415371665e+03
8.280652386841e+02 3.464590368824e+03 -6.780926324025e+03
8.301632356546e+02 3.457192340636e+03 -6.784429180081e+03
8.322591607745e+02 3.449789978056e+03 -6.787923935776e+03
8.343530210267e+02 3.442383287819e+03 -6.791410587067e+03
8.364447930775e+02 3.434972284007e+03 -6.794889129917e+03
8.385344839392e+02 3.427556973372e+03 -6.798359560301e+03
8.406220905067e+02 3.420137365115e+03 -6.801821874202e+03
8.427076096790e+02 3.412713468443e+03 -6.805276067617e+03
8.447910383588e+02 3.405285292569e+03 -6.808722136549e+03
8.468723734529e+02 3.397852846708e+03 -6.812160077015e+03
8.489516118720e+02 3.390416140085e+03 -6.815589885038e+03
8.510287604558e+02 3.382975179430e+03 -6.819011556654e+03
8.531037962508e+02 3.375529978964e+03 -6.822425087907e+03
8.551767261263e+02 3.368080545435e+03 -6.825830474851e+03
8.572475470088e+02 3.360626888088e+03 -6.829227713553e+03
8.593162558287e+02 3.353169016170e+03 -6.832616800086e+03
8.613828495204e+02 3.345706938938e+03 -6.835997730535e+03
8.634473250221e+02 3.338240665649e+03 -6.839370500994e+03
8.655096890482e+02 3.330770203031e+03 -6.842735107569e+03
8.675699189790e+02 3.323295565424e+03 -6.846091546372e+03
8.696280215586e+02 3.315816759571e+03 -6.849439813528e+03
8.716839937412e+02 3.308333794752e+03 -6.852779905171e+03
8.737378324850e+02 3.300846680252e+03 -6.856111817444e+03
8.757895347521e+02 3.293355425361e+03 -6.859435546503e+03
8.778390975088e+02 3.285860039376e+03 -6.862751088512e+03
8.798865273435e+02 3.278360529016e+03 -6.866058439644e+03
8.819318019719e+02 3.270856908744e+03 -6.869357596083e+03
8.839749280124e+02 3.263349185295e+03 -6.872648554025e+03
8.860159024472e+02 3.255837367985e+03 -6.875931309672e+03
8.880547222626e+02 3.248321466137e+03 -6.879205859241e+03
8.900913844488e+02 3.240801489077e+03 -6.882472198954e+03
8.921258860001e+02 3.233277446135e+03 -6.885730325048e+03
8.941582239148e+02 3.225749346650e+03 -6.888980233765e+03
8.961884046371e+02 3.218217197333e+03 -6.892221921361e+03
8.982164062676e+02 3.210681012783e+03 -6.895455384101e+03
9.002422352808e+02 3.203140799730e+03 -6.898680618258e+03
9.022658886911e+02 3.195596567529e+03 -6.901897620119e+03
9.042873635170e+02 3.188048325544e+03 -6.905106385978e+03
9.063066567812e+02 3.180496083140e+03 -6.908306912139e+03
9.083237655103e+02 3.172939849690e+03 -6.911499194919e+03
9.103386960218e+02 3.165379631899e+03 -6.914683230642e+03
9.123514267549e+02 3.157815444485e+03 -6.917859015644e+03
9.143619640575e+02 3.150247294170e+03 -6.921026546271e+03
9.163703049725e+02 3.142675190347e+03 -6.924185818878e+03
9.183764465469e+02 3.135099142411e+03 -6.927336829831e+03
9.203803858321e+02 3.127519159765e+03 -6.930479575507e+03
9.223821198831e+02 3.119935251814e+03 -6.933614052290e+03
9.243816457594e+02 3.112347427970e+03 -6.936740256578e+03
9.263789696334e+02 3.104755694931e+03 -6.939858184775e+03
9.283740703324e+02 3.097160067548e+03 -6.942967833299e+03
9.303669540594e+02 3.089560552535e+03 -6.946069198576e+03
9.323576178902e+02 3.081957159323e+03 -6.949162277043e+03
9.343460589023e+02 3.074349897339e+03 -6.952247065127e+03
9.363322741766e+02 3.066738776015e+03 -6.955323559264e+03
9.383162608015e+02 3.059123804794e+03 -6.958391755922e+03
9.402980248218e+02 3.051504990369e+03 -6.961451651577e+03
9.422775454064e+02 3.043882347707e+03 -6.964503242717e+03
9.442548286308e+02 3.036255883513e+03 -6.967546525839e+03
9.462298715998e+02 3.028625607253e+03 -6.970581497451e+03
9.482026714224e+02 3.020991528395e+03 -6.973608154072e+03
9.501732252114e+02 3.013353656414e+03 -6.976626492230e+03
9.521415300842e+02 3.005712000788e+03 -6.979636508462e+03
9.541075831622e+02 2.998066571000e+03 -6.982638199318e+03
9.560713903442e+02 2.990417373734e+03 -6.985631561356e+03
9.580329311908e+02 2.982764424086e+03 -6.988616591146e+03
9.599922116317e+02 2.975107728754e+03 -6.991593285265e+03
9.619492288051e+02 2.967447297241e+03 -6.994561640304e+03
9.639039798530e+02 2.959783139053e+03 -6.997521652862e+03
9.658564619222e+02 2.952115263701e+03 -7.000473319550e+03
9.678066721630e+02 2.944443680701e+03 -7.003416636985e+03
9.697546163460e+02 2.936768396727e+03 -7.006351601797e+03
9.717002743756e+02 2.929089426990e+03 -7.009278210625e+03
9.736436520536e+02 2.921406778178e+03 -7.012196460120e+03
9.755847465475e+02 2.913720459827e+03 -7.015106346942e+03
9.775235550291e+02 2.906030481475e+03 -7.018007867764e+03
9.794600746742e+02 2.898336852665e+03 -7.020901019267e+03
9.813943026630e+02 2.890639582946e+03 -7.023785798142e+03
9.833262446381e+02 2.882938678984e+03 -7.026662201090e+03
9.852558808491e+02 2.875234156102e+03 -7.029530224825e+03
9.871832169698e+02 2.867526020980e+03 -7.032389866069e+03
9.891082501971e+02 2.859814283186e+03 -7.035241121554e+03
9.910309777324e+02 2.852098952288e+03 -7.038083988023e+03
9.929513967813e+02 2.844380037863e+03 -7.040918462230e+03
9.948695045537e+02 2.836657549488e+03 -7.043744540938e+03
9.967852982637e+02 2.828931496749e+03 -7.046562220920e+03
9.986987834066e+02 2.821201886302e+03 -7.049371498961e+03
1.000609940628e+03 2.813468733595e+03 -7.052172371854e+03
1.002518775456e+03 2.805732045301e+03 -7.054964836405e+03
1.004425285120e+03 2.797991831019e+03 -7.057748889428e+03
1.006329466857e+03 2.790248100357e+03 -7.060524527748e+03
1.008231317905e+03 2.782500862924e+03 -7.063291748200e+03
1.010130835510e+03 2.774750128335e+03 -7.066050547631e+03
1.012028025037e+03 2.766995903238e+03 -7.068800922896e+03
1.013922867480e+03 2.759238203190e+03 -7.071542870861e+03
1.015815368238e+03 2.751477034853e+03 -7.074276388403e+03
1.017705524570e+03 2.743712407861e+03 -7.077001472409e+03
1.019593333744e+03 2.735944331848e+03 -7.079718119776e+03
1.021478793027e+03 2.728172816454e+03 -7.082426327412e+03
1.023361899695e+03 2.720397871324e+03 -7.085126092234e+03
1.025242651027e+03 2.712619506107e+03 -7.087817411172e+03
1.027121052239e+03 2.704837727441e+03 -7.090500281162e+03
1.028997084726e+03 2.697052551005e+03 -7.093174699155e+03
1.030870753736e+03 2.689263983452e+03 -7.095840662109e+03
1.032742056567e+03 2.681472034448e+03 -7.098498166994e+03
1.034610990517e+03 2.673676713662e+03 -7.101147210790e+03
1.036477552892e+03 2.665878030767e+03 -7.103787790487e+03
1.038341741001e+03 2.658075995442e+03 -7.106419903086e+03
1.040203559931e+03 2.650270614316e+03 -7.109043545598e+03
1.042062991426e+03 2.642461903174e+03 -7.111658715044e+03
1.043920040608e+03 2.634649868659e+03 -7.114265408455e+03
1.045774704801e+03 2.626834520466e+03 -7.116863622874e+03
1.047626981338e+03 2.619015868293e+03 -7.119453355352e+03
1.049476867552e+03 2.611193921842e+03 -7.122034602952e+03
1.051324360783e+03 2.603368690819e+03 -7.124607362748e+03
1.053169465991e+03 2.595540181846e+03 -7.127171631822e+03
1.055012165269e+03 2.587708410810e+03 -7.129727407268e+03
1.056852463610e+03 2.579873384346e+03 -7.132274686191e+03
1.058690358369e+03 2.572035112176e+03 -7.134813465704e+03
1.060525846908e+03 2.564193604027e+03 -7.137343742933e+03
1.062358926593e+03 2.556348869630e+03 -7.139865515012e+03
1.064189594793e+03 2.548500918718e+03 -7.142378779088e+03
1.066017848884e+03 2.540649761029e+03 -7.144883532317e+03
1.067843693675e+03 2.532795403174e+03 -7.147379771864e+03
1.069667111665e+03 2.524937861159e+03 -7.149867494907e+03
1.071488107695e+03 2.517077141607e+03 -7.152346698633e+03
1.073306679158e+03 2.509213254271e+03 -7.154817380239e+03
1.075122823450e+03 2.501346208910e+03 -7.157279536934e+03
1.076936537972e+03 2.493476015285e+03 -7.159733165937e+03
1.078747820130e+03 2.485602683162e+03 -7.162178264476e+03
1.080556674603e+03 2.477726219141e+03 -7.164614829791e+03
1.082363084244e+03 2.469846639330e+03 -7.167042859131e+03
1.084167053763e+03 2.461963950340e+03 -7.169462349757e+03
1.085968580585e+03 2.454078161954e+03 -7.171873298939e+03
1.087767662136e+03 2.446189283956e+03 -7.174275703959e+03
1.089564295849e+03 2.438297326134e+03 -7.176669562106e+03
1.091358479160e+03 2.430402298281e+03 -7.179054870684e+03
1.093150209511e+03 2.422504210192e+03 -7.181431627005e+03
1.094939491431e+03 2.414603068456e+03 -7.183799828391e+03
1.096726308179e+03 2.406698889295e+03 -7.186159472175e+03
1.098510664316e+03 2.398791679309e+03 -7.188510555702e+03
1.100292557301e+03 2.390881448310e+03 -7.190853076324e+03
1.102071984598e+03 2.382968206111e+03 -7.193187031407e+03
1.103848943674e+03 2.375051962532e+03 -7.195512418326e+03
1.105623432003e+03 2.367132727394e+03 -7.197829234466e+03
1.107395453981e+03 2.359210507274e+03 -7.200137477222e+03
1.109164993225e+03 2.351285318494e+03 -7.202437144002e+03
1.110932054165e+03 2.343357167643e+03 -7.204728232221e+03
1.112696634291e+03 2.335426064558e+03 -7.207010739308e+03
1.114458731098e+03 2.327492019078e+03 -7.209284662699e+03
1.116218342086e+03 2.319555041048e+03 -7.211549999844e+03
1.117975464757e+03 2.311615140314e+03 -7.213806748201e+03
1.119730096621e+03 2.303672326728e+03 -7.216054905238e+03
1.121482241926e+03 2.295726606854e+03 -7.218294468436e+03
1.123231884695e+03 2.287777997124e+03 -7.220525435284e+03
1.124979029208e+03 2.279826504115e+03 -7.222747803284e+03
1.126723672993e+03 2.271872137692e+03 -7.224961569946e+03
1.128465813579e+03 2.263914907724e+03 -7.227166732791e+03
1.130205448502e+03 2.255954824081e+03 -7.229363289352e+03
1.131942575303e+03 2.247991896641e+03 -7.231551237172e+03
1.133677198098e+03 2.240026131954e+03 -7.233730573802e+03
1.135409301268e+03 2.232057546551e+03 -7.235901296806e+03
1.137138888963e+03 2.224086146996e+03 -7.238063403757e+03
1.138865958740e+03 2.216111943177e+03 -7.240216892240e+03
1.140590508162e+03 2.208134944988e+03 -7.242361759848e+03
1.142312534797e+03 2.200155162323e+03 -7.244498004187e+03
1.144032036216e+03 2.192172605081e+03 -7.246625622871e+03
1.145749016404e+03 2.184187279805e+03 -7.248744613528e+03
1.147463460101e+03 2.176199203116e+03 -7.250854973794e+03
1.149175371326e+03 2.168208381569e+03 -7.252956701315e+03
1.150884747669e+03 2.160214825075e+03 -7.255049793749e+03
1.152591586723e+03 2.152218543551e+03 -7.257134248765e+03
1.154295886088e+03 2.144219546915e+03 -7.259210064041e+03
1.155997643369e+03 2.136217845090e+03 -7.261277237267e+03
1.157696856173e+03 2.128213448002e+03 -7.263335766143e+03
1.159393528335e+03 2.120206362177e+03 -7.265385648380e+03
1.161087645007e+03 2.112196604348e+03 -7.267426881700e+03
1.162779210056e+03 2.104184181052e+03 -7.269459463834e+03
1.164468221109e+03 2.096169102229e+03 -7.271483392526e+03
1.166154675797e+03 2.088151377821e+03 -7.273498665528e+03
1.167838571757e+03 2.080131017772e+03 -7.275505280604e+03
1.169519906630e+03 2.072108032031e+03 -7.277503235529e+03
1.171198684116e+03 2.064082427114e+03 -7.279492528086e+03
1.172874889730e+03 2.056054219842e+03 -7.281473156073e+03
1.174548527208e+03 2.048023416743e+03 -7.283445117294e+03
1.176219594206e+03 2.039990027777e+03 -7.285408409565e+03
1.177888088391e+03 2.031954062908e+03 -7.287363030715e+03
1.179554007430e+03 2.023915532104e+03 -7.289308978581e+03
1.181217348996e+03 2.015874445334e+03 -7.291246251010e+03
1.182878110767e+03 2.007830812572e+03 -7.293174845862e+03
1.184536296293e+03 1.999784640319e+03 -7.295094761005e+03
1.186191891504e+03 1.991735945501e+03 -7.297005994320e+03
1.187844899981e+03 1.983684734629e+03 -7.298908543698e+03
1.189495319421e+03 1.975631017688e+03 -7.300802407038e+03
1.191143147526e+03 1.967574804668e+03 -7.302687582254e+03
1.192788382001e+03 1.959516105559e+03 -7.304564067266e+03
1.194431020556e+03 1.951454930357e+03 -7.306431860007e+03
1.196071066608e+03 1.943391285549e+03 -7.308290958422e+03
1.197708506450e+03 1.935325188149e+03 -7.310141360464e+03
1.199343343532e+03 1.927256644656e+03 -7.311983064096e+03
1.200975575582e+03 1.919185665077e+03 -7.313816067296e+03
1.202605200336e+03 1.911112259420e+03 -7.315640368047e+03
1.204232215530e+03 1.903036437698e+03 -7.317455964346e+03
1.205856618908e+03 1.894958209926e+03 -7.319262854201e+03
1.207478413754e+03 1.886877582578e+03 -7.321061035628e+03
1.209097586725e+03 1.878794572755e+03 -7.322850506654e+03
1.210714141138e+03 1.870709186943e+03 -7.324631265319e+03
1.212328074754e+03 1.862621435169e+03 -7.326403309670e+03
1.213939385340e+03 1.854531327461e+03 -7.328166637768e+03
1.215548070667e+03 1.846438873850e+03 -7.329921247681e+03
1.217154128512e+03 1.838344084373e+03 -7.331667137492e+03
1.218757556654e+03 1.830246969065e+03 -7.333404305290e+03
1.220358358225e+03 1.822147534387e+03 -7.335132749178e+03
1.221956520299e+03 1.814045797538e+03 -7.336852467268e+03
1.223552046042e+03 1.805941764988e+03 -7.338563457683e+03
1.225144933252e+03 1.797835446784e+03 -7.340265718556e+03
1.226735179733e+03 1.789726852978e+03 -7.341959248032e+03
1.228322783295e+03 1.781615993624e+03 -7.343644044266e+03
1.229907741752e+03 1.773502878778e+03 -7.345320105422e+03
1.231490058100e+03 1.765387514887e+03 -7.346987429678e+03
1.233069719781e+03 1.757269919233e+03 -7.348646015219e+03
1.234646729826e+03 1.749150098272e+03 -7.350295860243e+03
1.236221086067e+03 1.741028062072e+03 -7.351936962959e+03
1.237792786342e+03 1.732903820703e+03 -7.353569321586e+03
1.239361828494e+03 1.724777384236e+03 -7.355192934353e+03
1.240928210368e+03 1.716648762748e+03 -7.356807799500e+03
1.242491929817e+03 1.708517966315e+03 -7.358413915279e+03
1.244052989686e+03 1.700385001368e+03 -7.360011279949e+03
1.245611377834e+03 1.692249885284e+03 -7.361599891784e+03
1.247167097141e+03 1.684112624503e+03 -7.363179749064e+03
1.248720145476e+03 1.675973229113e+03 -7.364750850084e+03
1.250270520715e+03 1.667831709204e+03 -7.366313193146e+03
1.251818220738e+03 1.659688074868e+03 -7.367866776565e+03
1.253363243431e+03 1.651542336200e+03 -7.369411598665e+03
1.254905591504e+03 1.643394499616e+03 -7.370947657782e+03
1.256445253185e+03 1.635244582576e+03 -7.372474952262e+03
1.257982231219e+03 1.627092591504e+03 -7.373993480461e+03
1.259516523510e+03 1.618938536505e+03 -7.375503240748e+03
1.261048127966e+03 1.610782427687e+03 -7.377004231500e+03
1.262577042501e+03 1.602624275159e+03 -7.378496451107e+03
1.264103265035e+03 1.594464089033e+03 -7.379979897966e+03
1.265626793489e+03 1.586301879425e+03 -7.381454570490e+03
1.267147630423e+03 1.578137652732e+03 -7.382920467098e+03
1.268665764484e+03 1.569971426505e+03 -7.384377586222e+03
1.270181198265e+03 1.561803207153e+03 -7.385825926305e+03
1.271693929708e+03 1.553633004799e+03 -7.387265485798e+03
1.273203956761e+03 1.545460829570e+03 -7.388696263166e+03
1.274711277375e+03 1.537286691594e+03 -7.390118256883e+03
1.276215889508e+03 1.529110601001e+03 -7.391531465434e+03
1.277717795583e+03 1.520932564177e+03 -7.392935887315e+03
1.279216984619e+03 1.512752598749e+03 -7.394331521031e+03
1.280713459073e+03 1.504570711111e+03 -7.395718365100e+03
1.282207216921e+03 1.496386911402e+03 -7.397096418050e+03
1.283698256145e+03 1.488201209765e+03 -7.398465678419e+03
1.285186574731e+03 1.480013616344e+03 -7.399826144757e+03
1.286672170669e+03 1.471824141284e+03 -7.401177815622e+03
1.288155046249e+03 1.463632790957e+03 -7.402520689587e+03
1.289635190859e+03 1.455439583066e+03 -7.403854765232e+03
1.291112606823e+03 1.447244523989e+03 -7.405180041148e+03
1.292587292150e+03 1.439047623882e+03 -7.406496515940e+03
1.294059244856e+03 1.430848892901e+03 -7.407804188219e+03
1.295528462960e+03 1.422648341206e+03 -7.409103056610e+03
1.296994944487e+03 1.414445978958e+03 -7.410393119747e+03
1.298458687466e+03 1.406241816321e+03 -7.411674376276e+03
1.299919694034e+03 1.398035859646e+03 -7.412946824853e+03
1.301377954002e+03 1.389828126723e+03 -7.414210464144e+03
1.302833469539e+03 1.381618623914e+03 -7.415465292826e+03
1.304286238696e+03 1.373407361389e+03 -7.416711309589e+03
1.305736259525e+03 1.365194349323e+03 -7.417948513130e+03
1.307183530085e+03 1.356979597890e+03 -7.419176902160e+03
1.308628048440e+03 1.348763117268e+03 -7.420396475397e+03
1.310069816591e+03 1.340544913793e+03 -7.421607231573e+03
1.311508824722e+03 1.332325005329e+03 -7.422809169428e+03
1.312945074867e+03 1.324103398221e+03 -7.424002287716e+03
1.314378565109e+03 1.315880102654e+03 -7.425186585198e+03
1.315809293536e+03 1.307655128814e+03 -7.426362060649e+03
1.317237258242e+03 1.299428486892e+03 -7.427528712852e+03
1.318662457324e+03 1.291200187078e+03 -7.428686540602e+03
1.320084888884e+03 1.282970239564e+03 -7.429835542705e+03
1.321504554769e+03 1.274738650670e+03 -7.430975717977e+03
1.322921445590e+03 1.266505438340e+03 -7.432107065247e+03
1.324335563225e+03 1.258270608902e+03 -7.433229583350e+03
1.325746905799e+03 1.250034172555e+03 -7.434343271136e+03
1.327155471437e+03 1.241796139501e+03 -7.435448127465e+03
1.328561258272e+03 1.233556519944e+03 -7.436544151205e+03
1.329964264441e+03 1.225315324090e+03 -7.437631341237e+03
1.331364491656e+03 1.217072558240e+03 -7.438709696454e+03
1.332761930898e+03 1.208828240411e+03 -7.439779215755e+03
1.334156583914e+03 1.200582376913e+03 -7.440839898055e+03
1.335548448860e+03 1.192334977957e+03 -7.441891742276e+03
1.336937523899e+03 1.184086053758e+03 -7.442934747352e+03
1.338323807195e+03 1.175835614532e+03 -7.443968912230e+03
1.339707296922e+03 1.167583670498e+03 -7.444994235863e+03
1.341087994655e+03 1.159330227939e+03 -7.446010717219e+03
1.342465891750e+03 1.151075304941e+03 -7.447018355274e+03
1.343840989818e+03 1.142818907798e+03 -7.448017149017e+03
1.345213287050e+03 1.134561046733e+03 -7.449007097444e+03
1.346582781642e+03 1.126301731973e+03 -7.449988199566e+03
1.347949471795e+03 1.118040973744e+03 -7.450960454402e+03
1.349313355715e+03 1.109778782276e+03 -7.451923860982e+03
1.350674431613e+03 1.101515167799e+03 -7.452878418347e+03
1.352032700911e+03 1.093250136580e+03 -7.453824125550e+03
1.353388155392e+03 1.084983706780e+03 -7.454760981652e+03
1.354740796513e+03 1.076715884674e+03 -7.455688985727e+03
1.356090622504e+03 1.068446680497e+03 -7.456608136858e+03
1.357437631601e+03 1.060176104488e+03 -7.457518434141e+03
1.358781822044e+03 1.051904166887e+03 -7.458419876680e+03
1.360123192078e+03 1.043630877935e+03 -7.459312463592e+03
1.361461742993e+03 1.035356243880e+03 -7.460196194003e+03
1.362797466943e+03 1.027080282952e+03 -7.461071067051e+03
1.364130365250e+03 1.018803001406e+03 -7.461937081883e+03
1.365460436181e+03 1.010524409489e+03 -7.462794237659e+03
1.366787678005e+03 1.002244517449e+03 -7.463642533548e+03
1.368112088997e+03 9.939633355357e+02 -7.464481968730e+03
1.369433667438e+03 9.856808740011e+02 -7.465312542396e+03
1.370752411612e+03 9.773971430975e+02 -7.466134253747e+03
1.372068322654e+03 9.691121490536e+02 -7.466947101997e+03
1.373381393147e+03 9.608259101715e+02 -7.467751086368e+03
1.374691624259e+03 9.525384326865e+02 -7.468546206093e+03
1.375999014295e+03 9.442497268564e+02 -7.469332460418e+03
1.377303561566e+03 9.359598029405e+02 -7.470109848597e+03
1.378605264385e+03 9.276686711994e+02 -7.470878369896e+03
1.379904121073e+03 9.193763418949e+02 -7.471638023592e+03
1.381200132629e+03 9.110828212378e+02 -7.472388808972e+03
1.382493292011e+03 9.027881275931e+02 -7.473130725333e+03
1.383783600253e+03 8.944922671780e+02 -7.473863771985e+03
1.385071055693e+03 8.861952502593e+02 -7.474587948247e+03
1.386355656678e+03 8.778970871048e+02 -7.475303253449e+03
1.387637401556e+03 8.695977879839e+02 -7.476009686931e+03
1.388916288683e+03 8.612973631668e+02 -7.476707248045e+03
1.390192316419e+03 8.529958229250e+02 -7.477395936154e+03
1.391465485607e+03 8.446931734489e+02 -7.478075750630e+03
1.392735789636e+03 8.363894331733e+02 -7.478746690857e+03
1.394003229384e+03 8.280846082944e+02 -7.479408756229e+03
1.395267803230e+03 8.197787090883e+02 -7.480061946150e+03
1.396529509561e+03 8.114717458322e+02 -7.480706260038e+03
1.397788346764e+03 8.031637288042e+02 -7.481341697317e+03
1.399044313237e+03 7.948546682836e+02 -7.481968257426e+03
1.400297409686e+03 7.865445704425e+02 -7.482585939812e+03
1.401547629876e+03 7.782334537751e+02 -7.483194743933e+03
1.402794974551e+03 7.699213244593e+02 -7.483794669258e+03
1.404039442124e+03 7.616081927785e+02 -7.484385715269e+03
1.405281031016e+03 7.532940690171e+02 -7.484967881454e+03
1.406519739653e+03 7.449789634605e+02 -7.485541167316e+03
1.407755566464e+03 7.366628863951e+02 -7.486105572366e+03
1.408988512020e+03 7.283458439743e+02 -7.486661096126e+03
1.410218570465e+03 7.200278547501e+02 -7.487207738127e+03
1.411445742403e+03 7.117089248815e+02 -7.487745497911e+03
1.412670026285e+03 7.033890646583e+02 -7.488274375031e+03
1.413891420566e+03 6.950682843715e+02 -7.488794369050e+03
1.415109923706e+03 6.867465943128e+02 -7.489305479544e+03
1.416325534169e+03 6.784240047749e+02 -7.489807706096e+03
1.417538250426e+03 6.701005260512e+02 -7.490301048302e+03
1.418748072894e+03 6.617761642739e+02 -7.490785505769e+03
1.419954996144e+03 6.534509380592e+02 -7.491261078113e+03
1.421159020628e+03 6.451248535445e+02 -7.491727764962e+03
1.422360144836e+03 6.367979210266e+02 -7.492185565955e+03
1.423558367264e+03 6.284701508031e+02 -7.492634480739e+03
1.424753686411e+03 6.201415531726e+02 -7.493074508976e+03
1.425946100784e+03 6.118121384342e+02 -7.493505650335e+03
1.427135610662e+03 6.034819127010e+02 -7.493927904498e+03
1.428322210997e+03 5.951508946443e+02 -7.494341271156e+03
1.429505902103e+03 5.868190903821e+02 -7.494745750013e+03
1.430686682506e+03 5.784865102166e+02 -7.495141340782e+03
1.431864550737e+03 5.701531644508e+02 -7.495528043188e+03
1.433039505332e+03 5.618190633886e+02 -7.495905856969e+03
1.434211544833e+03 5.534842173344e+02 -7.496274781871e+03
1.435380667785e+03 5.451486365933e+02 -7.496634817653e+03
1.436546874315e+03 5.368123272565e+02 -7.496985964084e+03
1.437710159806e+03 5.284753080561e+02 -7.497328220944e+03
1.438870524416e+03 5.201375850881e+02 -7.497661588021e+03
1.440027966714e+03 5.117991686601e+02 -7.497986065119e+03
1.441182485271e+03 5.034600690802e+02 -7.498301652047e+03
1.442334078664e+03 4.951202966573e+02 -7.498608348629e+03
1.443482745474e+03 4.867798617007e+02 -7.498906154697e+03
1.444628485691e+03 4.784387702820e+02 -7.499195070094e+03
1.445771295076e+03 4.700970411850e+02 -7.499475094677e+03
1.446911173654e+03 4.617546804857e+02 -7.499746228308e+03
1.448048120027e+03 4.534116984956e+02 -7.500008470865e+03
1.449182132802e+03 4.450681055266e+02 -7.500261822232e+03
1.450313210592e+03 4.367239118913e+02 -7.500506282309e+03
1.451441352013e+03 4.283791279026e+02 -7.500741851002e+03
1.452566556920e+03 4.200337596122e+02 -7.500968528228e+03
1.453688821452e+03 4.116878258539e+02 -7.501186313917e+03
1.454808145497e+03 4.033413326836e+02 -7.501395208007e+03
1.455924527694e+03 3.949942904160e+02 -7.501595210451e+03
1.457037966685e+03 3.866467093663e+02 -7.501786321208e+03
1.458148461118e+03 3.782985998499e+02 -7.501968540251e+03
1.459256009646e+03 3.699499721826e+02 -7.502141867563e+03
1.460360610927e+03 3.616008366808e+02 -7.502306303136e+03
1.461462264661e+03 3.532511993733e+02 -7.502461846974e+03
1.462560967418e+03 3.449010791492e+02 -7.502608499092e+03
1.463656718933e+03 3.365504820412e+02 -7.502746259515e+03
1.464749517884e+03 3.281994183669e+02 -7.502875128280e+03
1.465839362955e+03 3.198478984441e+02 -7.502995105432e+03
1.466926252834e+03 3.114959325910e+02 -7.503106191028e+03
1.468010186216e+03 3.031435311259e+02 -7.503208385138e+03
1.469091162663e+03 2.947907000574e+02 -7.503301687838e+03
1.470169179126e+03 2.864374583214e+02 -7.503386099220e+03
1.471244235203e+03 2.780838119300e+02 -7.503461619381e+03
1.472316329608e+03 2.697297712026e+02 -7.503528248433e+03
1.473385461061e+03 2.613753464588e+02 -7.503585986498e+03
1.474451628285e+03 2.530205480181e+02 -7.503634833706e+03
1.475514830011e+03 2.446653862005e+02 -7.503674790201e+03
1.476575064974e+03 2.363098713261e+02 -7.503705856135e+03
1.477632332580e+03 2.279540093798e+02 -7.503728031672e+03
1.478686630215e+03 2.195978193492e+02 -7.503741316988e+03
1.479737957320e+03 2.112413072227e+02 -7.503745712266e+03
1.480786312651e+03 2.028844833209e+02 -7.503741217703e+03
1.481831694968e+03 1.945273579642e+02 -7.503727833505e+03
1.482874103036e+03 1.861699414736e+02 -7.503705559889e+03
1.483913535626e+03 1.778122441696e+02 -7.503674397081e+03
1.484949992010e+03 1.694542720166e+02 -7.503634345322e+03
1.485983469951e+03 1.610960440457e+02 -7.503585404859e+03
1.487013968756e+03 1.527375662241e+02 -7.503527575953e+03
1.488041487216e+03 1.443788488727e+02 -7.503460858874e+03
1.489066024128e+03 1.360199023125e+02 -7.503385253902e+03
1.490087578291e+03 1.276607368643e+02 -7.503300761329e+03
1.491106148513e+03 1.193013628491e+02 -7.503207381458e+03
1.492121733606e+03 1.109417905875e+02 -7.503105114602e+03
1.493134332686e+03 1.025820260199e+02 -7.502993961083e+03
1.494143943949e+03 9.422208822505e+01 -7.502873921237e+03
1.495150566549e+03 8.586198314603e+01 -7.502744995407e+03
1.496154199315e+03 7.750172110332e+01 -7.502607183949e+03
1.497154841087e+03 6.914131241734e+01 -7.502460487229e+03
1.498152490705e+03 6.078076740836e+01 -7.502304905625e+03
1.499147147019e+03 5.242009639651e+01 -7.502140439522e+03
1.500138809008e+03 4.405930530064e+01 -7.501967089319e+03
1.501127475249e+03 3.569841323999e+01 -7.501784855425e+03
1.502113144758e+03 2.733742613598e+01 -7.501593738257e+03
1.503095816402e+03 1.897635430805e+01 -7.501393738247e+03
1.504075489056e+03 1.061520807548e+01 -7.501184855835e+03
1.505052161597e+03 2.253997757296e+00 -7.500967091471e+03
1.506025832908e+03 -6.107266327665e+00 -7.500740445617e+03
1.506996501837e+03 -1.446857828216e+01 -7.500504918745e+03
1.507964167337e+03 -2.282991894808e+01 -7.500260511339e+03
1.508928828288e+03 -3.119128242588e+01 -7.500007223891e+03
1.509890483596e+03 -3.955265839776e+01 -7.499745056905e+03
1.510849132170e+03 -4.791403654629e+01 -7.499474010897e+03
1.511804772923e+03 -5.627540655430e+01 -7.499194086392e+03
1.512757404775e+03 -6.463675810498e+01 -7.498905283925e+03
1.513707026651e+03 -7.299808088182e+01 -7.498607604042e+03
1.514653637242e+03 -8.135936901247e+01 -7.498301047302e+03
1.515597235936e+03 -8.972060329638e+01 -7.497985614271e+03
1.516537821459e+03 -9.808177785916e+01 -7.497661305527e+03
1.517475392756e+03 -1.064428823858e+02 -7.497328121660e+03
1.518409948778e+03 -1.148039065617e+02 -7.496986063269e+03
1.519341488479e+03 -1.231648400726e+02 -7.496635130964e+03
1.520270010822e+03 -1.315256726049e+02 -7.496275325366e+03
1.521195514361e+03 -1.398863983082e+02 -7.495906647105e+03
1.522117998864e+03 -1.482469979463e+02 -7.495529096824e+03
1.523037462921e+03 -1.566074656673e+02 -7.495142675174e+03
1.523953905514e+03 -1.649677911591e+02 -7.494747382819e+03
1.524867325629e+03 -1.733279641104e+02 -7.494343220433e+03
1.525777722258e+03 -1.816879742103e+02 -7.493930188699e+03
1.526685094397e+03 -1.900478111484e+02 -7.493508288312e+03
1.527589441050e+03 -1.984074646150e+02 -7.493077519977e+03
1.528490760616e+03 -2.067669287850e+02 -7.492637884410e+03
1.529389053296e+03 -2.151261843838e+02 -7.492189382338e+03
1.530284317527e+03 -2.234852255848e+02 -7.491732014497e+03
1.531176552330e+03 -2.318440420806e+02 -7.491265781634e+03
1.532065756734e+03 -2.402026235642e+02 -7.490790684509e+03
1.532951929772e+03 -2.485609597293e+02 -7.490306723889e+03
1.533835070481e+03 -2.569190402702e+02 -7.489813900554e+03
1.534715177128e+03 -2.652768593845e+02 -7.489312215293e+03
1.535592250292e+03 -2.736343977651e+02 -7.488801668906e+03
1.536466288275e+03 -2.819916496083e+02 -7.488282262206e+03
1.537337290133e+03 -2.903486046111e+02 -7.487753996012e+03
1.538205254933e+03 -2.987052524713e+02 -7.487216871156e+03
1.539070181742e+03 -3.070615828870e+02 -7.486670888482e+03
1.539932069636e+03 -3.154175855575e+02 -7.486116048843e+03
1.540790916744e+03 -3.237732547030e+02 -7.485552353101e+03
1.541646724026e+03 -3.321285709857e+02 -7.484979802130e+03
1.542499489647e+03 -3.404835286249e+02 -7.484398396817e+03
1.543349212702e+03 -3.488381173227e+02 -7.483808138054e+03
1.544195892291e+03 -3.571923267821e+02 -7.483209026749e+03
1.545039527520e+03 -3.655461467066e+02 -7.482601063817e+03
1.545880117499e+03 -3.738995668009e+02 -7.481984250185e+03
1.546717661344e+03 -3.822525767703e+02 -7.481358586790e+03
1.547552157031e+03 -3.906051708612e+02 -7.480724074579e+03
1.548383605952e+03 -3.989573297027e+02 -7.480080714512e+03
1.549212006118e+03 -4.073090475404e+02 -7.479428507556e+03
1.550037356665e+03 -4.156603140832e+02 -7.478767454691e+03
1.550859656735e+03 -4.240111190407e+02 -7.478097556906e+03
1.551678905476e+03 -4.323614521236e+02 -7.477418815202e+03
1.552495102038e+03 -4.407113030433e+02 -7.476731230590e+03
1.553308244262e+03 -4.490606660696e+02 -7.476034804090e+03
1.554118333920e+03 -4.574095218038e+02 -7.475329536734e+03
1.554925368888e+03 -4.657578645151e+02 -7.474615429564e+03
1.555729348338e+03 -4.741056839188e+02 -7.473892483633e+03
1.556530271448e+03 -4.824529697312e+02 -7.473160700005e+03
1.557328137401e+03 -4.907997116697e+02 -7.472420079751e+03
1.558122945382e+03 -4.991458994517e+02 -7.471670623943e+03
1.558914694585e+03 -5.074915227961e+02 -7.470912333669e+03
1.559703382694e+03 -5.158365759993e+02 -7.470145210037e+03
1.560489011916e+03 -5.241810396331e+02 -7.469369254161e+03
1.561271579971e+03 -5.325249079939e+02 -7.468584467169e+03
1.562051086073e+03 -5.408681708050e+02 -7.467790850197e+03
1.562827529443e+03 -5.492108177912e+02 -7.466988404393e+03
1.563600909305e+03 -5.575528386784e+02 -7.466177130916e+03
1.564371224888e+03 -5.658942231935e+02 -7.465357030933e+03
1.565138473744e+03 -5.742349656563e+02 -7.464528105624e+03
1.565902658457e+03 -5.825750466147e+02 -7.463690356179e+03
1.566663776613e+03 -5.909144603886e+02 -7.462843783797e+03
1.567421827463e+03 -5.992531967094e+02 -7.461988389689e+03
1.568176810262e+03 -6.075912453101e+02 -7.461124175075e+03
1.568928724272e+03 -6.159285959244e+02 -7.460251141188e+03
1.569677568758e+03 -6.242652382876e+02 -7.459369289268e+03
1.570423342994e+03 -6.326011621360e+02 -7.458478620568e+03
1.571166044373e+03 -6.409363618167e+02 -7.457579136350e+03
1.571905675916e+03 -6.492708178516e+02 -7.456670837889e+03
1.572642235052e+03 -6.576045245883e+02 -7.455753726466e+03
1.573375721074e+03 -6.659374717681e+02 -7.454827803377e+03
1.574106133280e+03 -6.742696491337e+02 -7.453893069925e+03
1.574833470973e+03 -6.826010464291e+02 -7.452949527426e+03
1.575557733459e+03 -6.909316533995e+02 -7.451997177204e+03
1.576278918000e+03 -6.992614644163e+02 -7.451036020596e+03
1.576997027994e+03 -7.075904599802e+02 -7.450066058947e+03
1.577712060736e+03 -7.159186344632e+02 -7.449087293614e+03
1.578424015556e+03 -7.242459776158e+02 -7.448099725964e+03
1.579132891786e+03 -7.325724791901e+02 -7.447103357374e+03
1.579838688766e+03 -7.408981289397e+02 -7.446098189232e+03
1.580541405840e+03 -7.492229166193e+02 -7.445084222936e+03
1.581241040135e+03 -7.575468366243e+02 -7.444061459895e+03
1.581937595425e+03 -7.658698694364e+02 -7.443029901528e+03
1.582631068873e+03 -7.741920094516e+02 -7.441989549263e+03
1.583321459843e+03 -7.825132464307e+02 -7.440940404541e+03
1.584008767706e+03 -7.908335701357e+02 -7.439882468812e+03
1.584692991837e+03 -7.991529703301e+02 -7.438815743536e+03
1.585374131616e+03 -8.074714367791e+02 -7.437740230184e+03
1.586052186428e+03 -8.157889592492e+02 -7.436655930238e+03
1.586727153248e+03 -8.241055321638e+02 -7.435562845189e+03
1.587399036282e+03 -8.324211359839e+02 -7.434460976538e+03
1.588067832538e+03 -8.407357651340e+02 -7.433350325800e+03
1.588733541422e+03 -8.490494093869e+02 -7.432230894495e+03
1.589396162347e+03 -8.573620585168e+02 -7.431102684157e+03
1.590055694728e+03 -8.656737022996e+02 -7.429965696331e+03
1.590712137988e+03 -8.739843305128e+02 -7.428819932568e+03
1.591365488966e+03 -8.822939376044e+02 -7.427665394434e+03
1.592015752247e+03 -8.906025040193e+02 -7.426502083504e+03
1.592662924703e+03 -8.989100242068e+02 -7.425330001361e+03
1.593307005779e+03 -9.072164879509e+02 -7.424149149602e+03
1.593947994921e+03 -9.155218850373e+02 -7.422959529831e+03
1.594585891583e+03 -9.238262052533e+02 -7.421761143665e+03
1.595220695224e+03 -9.321294383879e+02 -7.420553992730e+03
1.595852405306e+03 -9.404315742319e+02 -7.419338078661e+03
1.596481018516e+03 -9.487326072615e+02 -7.418113403107e+03
1.597106539868e+03 -9.570325179051e+02 -7.416879967723e+03
1.597728966082e+03 -9.653313006392e+02 -7.415637774169e+03
1.598348296641e+03 -9.736289452612e+02 -7.414386824117e+03
1.598964531035e+03 -9.819254415704e+02 -7.413127119256e+03
1.599577668757e+03 -9.902207793679e+02 -7.411858661286e+03
1.600187709309e+03 -9.985149484568e+02 -7.410581451914e+03
1.600794649241e+03 -1.006807943338e+03 -7.409295492859e+03
1.601398493946e+03 -1.015099744428e+03 -7.408000785852e+03
1.601999240011e+03 -1.023390346228e+03 -7.406697332632e+03
1.602596886956e+03 -1.031679738550e+03 -7.405385134948e+03
1.603191434308e+03 -1.039967911206e+03 -7.404064194562e+03
1.603782881597e+03 -1.048254854009e+03 -7.402734513244e+03
1.604371228359e+03 -1.056540556775e+03 -7.401396092774e+03
1.604956471012e+03 -1.064825014032e+03 -7.400048934945e+03
1.605538615326e+03 -1.073108206182e+03 -7.398693041557e+03
1.606117657753e+03 -1.081390127754e+03 -7.397328414423e+03
1.606693597850e+03 -1.089670768573e+03 -7.395955055365e+03
1.607266435180e+03 -1.097950118463e+03 -7.394572966215e+03
1.607836169309e+03 -1.106228167252e+03 -7.393182148816e+03
1.608402799811e+03 -1.114504904769e+03 -7.391782605020e+03
1.608966326262e+03 -1.122780320846e+03 -7.390374336692e+03
1.609526744928e+03 -1.131054410038e+03 -7.388957345704e+03
1.610084062010e+03 -1.139327152738e+03 -7.387531633940e+03
1.610638273805e+03 -1.147598543503e+03 -7.386097203294e+03
1.611189379913e+03 -1.155868572175e+03 -7.384654055671e+03
1.611737379938e+03 -1.164137228592e+03 -7.383202192986e+03
1.612282273487e+03 -1.172404502601e+03 -7.381741617161e+03
1.612824060177e+03 -1.180670384045e+03 -7.380272330134e+03
1.613362736136e+03 -1.188934867506e+03 -7.378794333849e+03
1.613898307943e+03 -1.197197933369e+03 -7.377307630261e+03
1.614430771762e+03 -1.205459576218e+03 -7.375812221336e+03
1.614960127229e+03 -1.213719785906e+03 -7.374308109051e+03
1.615486373983e+03 -1.221978552289e+03 -7.372795295391e+03
1.616009511669e+03 -1.230235865226e+03 -7.371273782352e+03
1.616529539938e+03 -1.238491714578e+03 -7.369743571942e+03
1.617046458446e+03 -1.246746090207e+03 -7.368204666177e+03
1.617560263171e+03 -1.254998986724e+03 -7.366657067084e+03
1.618070961118e+03 -1.263250384505e+03 -7.365100776701e+03
1.618578548302e+03 -1.271500278164e+03 -7.363535797074e+03
1.619083024398e+03 -1.279748657574e+03 -7.361962130261e+03
1.619584389088e+03 -1.287995512606e+03 -7.360379778331e+03
1.620082642058e+03 -1.296240833138e+03 -7.358788743360e+03
1.620577783001e+03 -1.304484609047e+03 -7.357189027439e+03
1.621069807761e+03 -1.312726834970e+03 -7.355580632664e+03
1.621558723720e+03 -1.320967491280e+03 -7.353963561144e+03
1.622044526758e+03 -1.329206572615e+03 -7.352337814999e+03
1.622527216586e+03 -1.337444068864e+03 -7.350703396356e+03
1.623006792924e+03 -1.345679969915e+03 -7.349060307356e+03
1.623483255494e+03 -1.353914265662e+03 -7.347408550147e+03
1.623956604024e+03 -1.362146945997e+03 -7.345748126890e+03
1.624426838247e+03 -1.370378000819e+03 -7.344079039752e+03
1.624893953857e+03 -1.378607424793e+03 -7.342401290915e+03
1.625357958662e+03 -1.386835198288e+03 -7.340714882568e+03
1.625818848392e+03 -1.395061315974e+03 -7.339019816912e+03
1.626276622800e+03 -1.403285767756e+03 -7.337316096155e+03
1.626731281645e+03 -1.411508543545e+03 -7.335603722520e+03
1.627182824691e+03 -1.419729633249e+03 -7.333882698236e+03
1.627631251708e+03 -1.427949026785e+03 -7.332153025544e+03
1.628076558258e+03 -1.436166718843e+03 -7.330414706695e+03
1.628518752522e+03 -1.444382689791e+03 -7.328667743950e+03
1.628957830097e+03 -1.452596934325e+03 -7.326912139579e+03
1.629393790773e+03 -1.460809442369e+03 -7.325147895864e+03
1.629826634345e+03 -1.469020203849e+03 -7.323375015097e+03
1.630256360613e+03 -1.477229208692e+03 -7.321593499578e+03
1.630682969381e+03 -1.485436446829e+03 -7.319803351607e+03
1.631106456076e+03 -1.493641912975e+03 -7.318004573499e+03
1.631526829254e+03 -1.501845587499e+03 -7.316197167585e+03
1.631944084379e+03 -1.510047465123e+03 -7.314381136206e+03
1.632358221276e+03 -1.518247535788e+03 -7.312556481715e+03
1.632769239776e+03 -1.526445789437e+03 -7.310723206472e+03
1.633177139718e+03 -1.534642216018e+03 -7.308881312850e+03
1.633581920942e+03 -1.542836805479e+03 -7.307030803230e+03
1.633983583295e+03 -1.551029547772e+03 -7.305171680004e+03
1.634382122056e+03 -1.559220437647e+03 -7.303303945574e+03
1.634777546206e+03 -1.567409455471e+03 -7.301427602352e+03
1.635169851057e+03 -1.575596595998e+03 -7.299542652761e+03
1.635559036478e+03 -1.583781849191e+03 -7.297649099232e+03
1.635945102341e+03 -1.591965205014e+03 -7.295746944207e+03
1.636328048523e+03 -1.600146653435e+03 -7.293836190141e+03
1.636707874909e+03 -1.608326184426e+03 -7.291916839494e+03
1.637084576644e+03 -1.616503792761e+03 -7.289988894739e+03
1.637458163083e+03 -1.624679458812e+03 -7.288052358359e+03
1.637828629406e+03 -1.632853177360e+03 -7.286107232846e+03
1.638195975516e+03 -1.641024938386e+03 -7.284153520704e+03
1.638560201322e+03 -1.649194731875e+03 -7.282191224444e+03
1.638921306740e+03 -1.657362547813e+03 -7.280220346590e+03
1.639279291688e+03 -1.665528376191e+03 -7.278240889674e+03
1.639634156090e+03 -1.673692207001e+03 -7.276252856240e+03
1.639985894942e+03 -1.681854035051e+03 -7.274256248840e+03
1.640334518024e+03 -1.690013840716e+03 -7.272251070037e+03
1.640680020365e+03 -1.698171618809e+03 -7.270237322403e+03
1.641022401909e+03 -1.706327359333e+03 -7.268215008522e+03
1.641361662609e+03 -1.714481052296e+03 -7.266184130987e+03
1.641697802418e+03 -1.722632687708e+03 -7.264144692400e+03
1.642030821297e+03 -1.730782255581e+03 -7.262096695375e+03
1.642360714111e+03 -1.738929750750e+03 -7.260040142534e+03
1.642687491010e+03 -1.747075153597e+03 -7.257975036509e+03
1.643011146892e+03 -1.755218458961e+03 -7.255901379945e+03
1.643331681738e+03 -1.763359656868e+03 -7.253819175494e+03
1.643649095535e+03 -1.771498737344e+03 -7.251728425817e+03
1.643963388274e+03 -1.779635690420e+03 -7.249629133589e+03
1.644274559951e+03 -1.787770506130e+03 -7.247521301492e+03
1.644582610569e+03 -1.795903174509e+03 -7.245404932218e+03
1.644887534841e+03 -1.804033690424e+03 -7.243280028470e+03
1.645189343342e+03 -1.812162034267e+03 -7.241146592961e+03
1.645488030819e+03 -1.820288200907e+03 -7.239004628413e+03
1.645783597295e+03 -1.828412180393e+03 -7.236854137558e+03
1.646076042797e+03 -1.836533962777e+03 -7.234695123138e+03
1.646365367358e+03 -1.844653538114e+03 -7.232527587907e+03
1.646651571016e+03 -1.852770896462e+03 -7.230351534625e+03
1.646934648354e+03 -1.860886032713e+03 -7.228166966066e+03
1.647214610315e+03 -1.868998927269e+03 -7.225973885010e+03
1.647491451517e+03 -1.877109575027e+03 -7.223772294250e+03
1.647765172018e+03 -1.885217966059e+03 -7.221562196588e+03
1.648035771881e+03 -1.893324090437e+03 -7.219343594835e+03
1.648303251175e+03 -1.901427938238e+03 -7.217116491813e+03
1.648567609973e+03 -1.909529499543e+03 -7.214880890353e+03
1.648828842729e+03 -1.917628769271e+03 -7.212636793297e+03
1.649086960754e+03 -1.925725727834e+03 -7.210384203495e+03
1.649341958536e+03 -1.933820370158e+03 -7.208123123809e+03
1.649593836168e+03 -1.941912686337e+03 -7.205853557109e+03
1.649842593750e+03 -1.950002666466e+03 -7.203575506277e+03
1.650088231385e+03 -1.958090300643e+03 -7.201288974202e+03
1.650330749185e+03 -1.966175578971e+03 -7.198993963786e+03
1.650570147263e+03 -1.974258491557e+03 -7.196690477938e+03
1.650806419923e+03 -1.982339033351e+03 -7.194378519580e+03
1.651039578898e+03 -1.990417184780e+03 -7.192058091639e+03
1.651269618527e+03 -1.998492940802e+03 -7.189729197058e+03
1.651496538943e+03 -2.006566291536e+03 -7.187391838785e+03
1.651720340288e+03 -2.014637227104e+03 -7.185046019779e+03
1.651941022706e+03 -2.022705737631e+03 -7.182691743011e+03
1.652158586349e+03 -2.030771813247e+03 -7.180329011458e+03
1.652373025390e+03 -2.038835448930e+03 -7.177957828111e+03
1.652584351929e+03 -2.046896625121e+03 -7.175578195967e+03
1.652792560175e+03 -2.054955336807e+03 -7.173190118035e+03
1.652997650298e+03 -2.063011574130e+03 -7.170793597334e+03
1.653199622474e+03 -2.071065327235e+03 -7.168388636892e+03
1.653398476885e+03 -2.079116586271e+03 -7.165975239746e+03
1.653594213716e+03 -2.087165341391e+03 -7.163553408944e+03
1.653786833159e+03 -2.095211582751e+03 -7.161123147544e+03
1.653976329239e+03 -2.103255305362e+03 -7.158684458613e+03
1.654162714477e+03 -2.111296489684e+03 -7.156237345227e+03
1.654345982931e+03 -2.119335130734e+03 -7.153781810475e+03
1.654526134814e+03 -2.127371218682e+03 -7.151317857451e+03
1.654703170341e+03 -2.135404743701e+03 -7.148845489263e+03
1.654877089736e+03 -2.143435695969e+03 -7.146364709027e+03
1.655047893225e+03 -2.151464065666e+03 -7.143875519868e+03
1.655215574705e+03 -2.159489847831e+03 -7.141377924921e+03
1.655380147060e+03 -2.167513022941e+03 -7.138871927333e+03
1.655541604221e+03 -2.175533586042e+03 -7.136357530258e+03
1.655699946435e+03 -2.183551527328e+03 -7.133834736860e+03
1.655855173954e+03 -2.191566836998e+03 -7.131303550315e+03
1.656007287037e+03 -2.199579505253e+03 -7.128763973806e+03
1.656156285946e+03 -2.207589522299e+03 -7.126216010527e+03
1.656302164448e+03 -2.215596883204e+03 -7.123659663681e+03
1.656444935794e+03 -2.223601568463e+03 -7.121094936483e+03
1.656584593784e+03 -2.231603573150e+03 -7.118521832155e+03
1.656721138702e+03 -2.239602887486e+03 -7.115940353929e+03
1.656854570835e+03 -2.247599501694e+03 -7.113350505048e+03
1.656984890476e+03 -2.255593406001e+03 -7.110752288764e+03
1.657112097925e+03 -2.263584590638e+03 -7.108145708338e+03
1.657236193484e+03 -2.271573045839e+03 -7.105530767042e+03
1.657357170773e+03 -2.279558766706e+03 -7.102907468157e+03
1.657475043459e+03 -2.287541733756e+03 -7.100275814974e+03
1.657589805196e+03 -2.295521942097e+03 -7.097635810792e+03
1.657701456307e+03 -2.303499381979e+03 -7.094987458922e+03
1.657809997120e+03 -2.311474043653e+03 -7.092330762684e+03
1.657915427971e+03 -2.319445917379e+03 -7.089665725406e+03
1.658017749196e+03 -2.327414993415e+03 -7.086992350427e+03
1.658116954289e+03 -2.335381266893e+03 -7.084310641096e+03
1.658213057279e+03 -2.343344718350e+03 -7.081620600772e+03
1.658306051690e+03 -2.351305342924e+03 -7.078922232821e+03
1.658395937883e+03 -2.359263130891e+03 -7.076215540621e+03
1.658482716221e+03 -2.367218072530e+03 -7.073500527559e+03
1.658566387073e+03 -2.375170158125e+03 -7.070777197031e+03
1.658646950814e+03 -2.383119377965e+03 -7.068045552444e+03
1.658724407823e+03 -2.391065722339e+03 -7.065305597214e+03
1.658798751446e+03 -2.399009186410e+03 -7.062557334765e+03
1.658869996125e+03 -2.406949750745e+03 -7.059800768532e+03
1.658938135240e+03 -2.414887410513e+03 -7.057035901960e+03
1.659003169191e+03 -2.422822156021e+03 -7.054262738503e+03
1.659065098381e+03 -2.430753977579e+03 -7.051481281625e+03
1.659123923221e+03 -2.438682865503e+03 -7.048691534798e+03
1.659179644125e+03 -2.446608810112e+03 -7.045893501505e+03
1.659232254311e+03 -2.454531806597e+03 -7.043087185239e+03
1.659281768584e+03 -2.462451835548e+03 -7.040272589501e+03
1.659328180194e+03 -2.470368892164e+03 -7.037449717803e+03
1.659371489578e+03 -2.478282966779e+03 -7.034618573665e+03
1.659411697174e+03 -2.486194049734e+03 -7.031779160618e+03
1.659448803428e+03 -2.494102131369e+03 -7.028931482201e+03
1.659482808789e+03 -2.502007202033e+03 -7.026075541965e+03
1.659513713712e+03 -2.509909252077e+03 -7.023211343468e+03
1.659541511270e+03 -2.517808276723e+03 -7.020338890278e+03
1.659566216679e+03 -2.525704256593e+03 -7.017458185974e+03
1.659587823045e+03 -2.533597186920e+03 -7.014569234143e+03
1.659606330843e+03 -2.541487058070e+03 -7.011672038381e+03
1.659621740554e+03 -2.549373860415e+03 -7.008766602296e+03
1.659634052661e+03 -2.557257584330e+03 -7.005852929504e+03
1.659643267656e+03 -2.565138220195e+03 -7.002931023629e+03
1.659649378484e+03 -2.573015763262e+03 -7.000000888306e+03
1.659652400721e+03 -2.580890194180e+03 -6.997062527181e+03
1.659652327345e+03 -2.588761508212e+03 -6.994115943907e+03
1.659649158866e+03 -2.596629695754e+03 -6.991161142148e+03
1.659642895801e+03 -2.604494747204e+03 -6.988198125575e+03
1.659633538669e+03 -2.612356652969e+03 -6.985226897872e+03
1.659621087996e+03 -2.620215403457e+03 -6.982247462730e+03
1.659605536601e+03 -2.628070993949e+03 -6.979259823850e+03
1.659586900416e+03 -2.635923405125e+03 -6.976263984943e+03
1.659565172296e+03 -2.643772632276e+03 -6.973259949729e+03
1.659540352786e+03 -2.651618665827e+03 -6.970247721938e+03
1.659512442435e+03 -2.659461496207e+03 -6.967227305308e+03
1.659481441799e+03 -2.667301113852e+03 -6.964198703588e+03
1.659447351438e+03 -2.675137509200e+03 -6.961161920536e+03
1.659410171918e+03 -2.682970672694e+03 -6.958116959918e+03
1.659369895914e+03 -2.690800599648e+03 -6.955063825512e+03
1.659326539767e+03 -2.698627270778e+03 -6.952002521104e+03
1.659280096187e+03 -2.706450681408e+03 -6.948933050488e+03
1.659230565759e+03 -2.714270821999e+03 -6.945855417471e+03
1.659177949072e+03 -2.722087683014e+03 -6.942769625866e+03
1.659122246723e+03 -2.729901254922e+03 -6.939675679496e+03
1.659063459311e+03 -2.737711528197e+03 -6.936573582195e+03
1.659001579386e+03 -2.745518498184e+03 -6.933463337805e+03
1.658936623647e+03 -2.753322145630e+03 -6.930344950179e+03
1.658868584676e+03 -2.761122465889e+03 -6.927218423177e+03
1.658797463093e+03 -2.768919449452e+03 -6.924083760669e+03
1.658723259524e+03 -2.776713086814e+03 -6.920940966536e+03
1.658645974598e+03 -2.784503368475e+03 -6.917790044667e+03
1.658565608951e+03 -2.792290284940e+03 -6.914630998960e+03
1.658482163224e+03 -2.800073826716e+03 -6.911463833324e+03
1.658395629823e+03 -2.807853989183e+03 -6.908288551675e+03
1.658306025851e+03 -2.815630753127e+03 -6.905105157941e+03
1.658213343748e+03 -2.823404113937e+03 -6.901913656057e+03
1.658117584175e+03 -2.831174062138e+03 -6.898714049968e+03
1.658018747796e+03 -2.838940588262e+03 -6.895506343630e+03
1.657916835282e+03 -2.846703682845e+03 -6.892290541006e+03
1.657811847306e+03 -2.854463336428e+03 -6.889066646069e+03
1.657703776153e+03 -2.862219544418e+03 -6.885834662801e+03
1.657592639279e+03 -2.869972287639e+03 -6.882594595195e+03
1.657478428998e+03 -2.877721561507e+03 -6.879346447252e+03
1.657361146006e+03 -2.885467356581e+03 -6.876090222981e+03
1.657240791003e+03 -2.893209663426e+03 -6.872825926403e+03
1.657117364693e+03 -2.900948472608e+03 -6.869553561546e+03
1.656990867786e+03 -2.908683774700e+03 -6.866273132449e+03
1.656861292439e+03 -2.916415565141e+03 -6.862984643159e+03
1.656728656464e+03 -2.924143824789e+03 -6.859688097732e+03
1.656592952050e+03 -2.931868549094e+03 -6.856383500235e+03
1.656454179927e+03 -2.939589728645e+03 -6.853070854742e+03
1.656312340829e+03 -2.947307354039e+03 -6.849750165338e+03
1.656167435496e+03 -2.955021415876e+03 -6.846421436117e+03
1.656019464672e+03 -2.962731904762e+03 -6.843084671181e+03
1.655868429106e+03 -2.970438811306e+03 -6.839739874642e+03
1.655714320815e+03 -2.978142130981e+03 -6.836387050622e+03
1.655557158009e+03 -2.985841844690e+03 -6.833026203250e+03
1.655396932740e+03 -2.993537947916e+03 -6.829657336667e+03
1.655233645774e+03 -3.001230431288e+03 -6.826280455020e+03
1.655067297886e+03 -3.008919285438e+03 -6.822895562469e+03
1.654897889856e+03 -3.016604501007e+03 -6.819502663180e+03
1.654725422466e+03 -3.024286068637e+03 -6.816101761329e+03
1.654549887609e+03 -3.031963983830e+03 -6.812692861102e+03
1.654371303848e+03 -3.039638227530e+03 -6.809275966694e+03
1.654189663108e+03 -3.047308795250e+03 -6.805851082307e+03
1.654004966192e+03 -3.054975677651e+03 -6.802418212155e+03
1.653817213910e+03 -3.062638865403e+03 -6.798977360460e+03
1.653626407072e+03 -3.070298349176e+03 -6.795528531453e+03
1.653432546499e+03 -3.077954119648e+03 -6.792071729373e+03
1.653235633013e+03 -3.085606167500e+03 -6.788606958472e+03
1.653035658366e+03 -3.093254488270e+03 -6.785134223006e+03
1.652832641520e+03 -3.100899062949e+03 -6.781653527243e+03
1.652626574258e+03 -3.108539887084e+03 -6.778164875461e+03
1.652417457425e+03 -3.116176951376e+03 -6.774668271944e+03
1.652205291866e+03 -3.123810246532e+03 -6.771163720988e+03
1.651990078435e+03 -3.131439763264e+03 -6.767651226896e+03
1.651771817989e+03 -3.139065492286e+03 -6.764130793979e+03
1.651550502156e+03 -3.146687429165e+03 -6.760602426558e+03
1.651326150247e+03 -3.154305554937e+03 -6.757066128965e+03
1.651098753922e+03 -3.161919865177e+03 -6.753521905539e+03
1.650868314060e+03 -3.169530350624e+03 -6.749969760631e+03
1.650634831541e+03 -3.177137002017e+03 -6.746409698598e+03
1.650398307252e+03 -3.184739810105e+03 -6.742841723807e+03
1.650158742086e+03 -3.192338765637e+03 -6.739265840637e+03
1.649916136937e+03 -3.199933859371e+03 -6.735682053471e+03
1.649670483297e+03 -3.207525086907e+03 -6.732090366706e+03
1.649421800870e+03 -3.215112429333e+03 -6.728490784743e+03
1.649170081180e+03 -3.222695882260e+03 -6.724883311997e+03
1.648915325142e+03 -3.230275436465e+03 -6.721267952888e+03
1.648657533677e+03 -3.237851082730e+03 -6.717644711847e+03
1.648396707710e+03 -3.245422811841e+03 -6.714013593313e+03
1.648132848171e+03 -3.252990614592e+03 -6.710374601736e+03
1.647865946431e+03 -3.260554486613e+03 -6.706727741573e+03
1.647596022538e+03 -3.268114409037e+03 -6.703073017290e+03
1.647323067894e+03 -3.275670377507e+03 -6.699410433363e+03
1.647047083449e+03 -3.283222382836e+03 -6.695739994276e+03
1.646768070158e+03 -3.290770415840e+03 -6.692061704523e+03
1.646486028979e+03 -3.298314467344e+03 -6.688375568607e+03
1.646200960877e+03 -3.305854528176e+03 -6.684681591037e+03
1.645912857101e+03 -3.313390593996e+03 -6.680979776335e+03
1.645621738044e+03 -3.320922645987e+03 -6.677270129031e+03
1.645327594986e+03 -3.328450679820e+03 -6.673552653661e+03
1.645030428911e+03 -3.335974686346e+03 -6.669827354773e+03
1.644730240807e+03 -3.343494656417e+03 -6.666094236923e+03
1.644427031668e+03 -3.351010580895e+03 -6.662353304676e+03
1.644120802492e+03 -3.358522450643e+03 -6.658604562605e+03
1.643811554281e+03 -3.366030256532e+03 -6.654848015294e+03
1.643499278147e+03 -3.373533994258e+03 -6.651083667332e+03
1.643183994873e+03 -3.381033645056e+03 -6.647311523318e+03
1.642865695601e+03 -3.388529204635e+03 -6.643531587861e+03
1.642544381355e+03 -3.396020663886e+03 -6.639743865579e+03
1.642220053161e+03 -3.403508013705e+03 -6.635948361099e+03
1.641892712050e+03 -3.410991244995e+03 -6.632145079056e+03
1.641562359060e+03 -3.418470348662e+03 -6.628334024096e+03
1.641228985181e+03 -3.425945320434e+03 -6.624515200871e+03
1.640892611539e+03 -3.433416141597e+03 -6.620688614043e+03
1.640553229156e+03 -3.440882807892e+03 -6.616854268285e+03
1.640210839088e+03 -3.448345310246e+03 -6.613012168276e+03
1.639865442396e+03 -3.455803639595e+03 -6.609162318704e+03
1.639517040145e+03 -3.463257786876e+03 -6.605304724268e+03
1.639165633405e+03 -3.470707743036e+03 -6.601439389673e+03
1.638811223251e+03 -3.478153499025e+03 -6.597566319635e+03
1.638453800537e+03 -3.485595050604e+03 -6.593685518878e+03
1.638093386779e+03 -3.493032379122e+03 -6.589796992135e+03
1.637729972860e+03 -3.500465480351e+03 -6.585900744146e+03
1.637363559875e+03 -3.507894345265e+03 -6.581996779664e+03
1.636994148924e+03 -3.515318964841e+03 -6.578085103445e+03
1.636621741109e+03 -3.522739330063e+03 -6.574165720260e+03
1.636246337539e+03 -3.530155431918e+03 -6.570238634883e+03
1.635867928950e+03 -3.537567266200e+03 -6.566303852101e+03
1.635486537193e+03 -3.544974814310e+03 -6.562361376707e+03
1.635102153036e+03 -3.552378072053e+03 -6.558411213505e+03
1.634714777605e+03 -3.559777030439e+03 -6.554453367306e+03
1.634324412034e+03 -3.567171680486e+03 -6.550487842929e+03
1.633931057458e+03 -3.574562013214e+03 -6.546514645206e+03
1.633534715020e+03 -3.581948019651e+03 -6.542533778972e+03
1.633135375336e+03 -3.589329695622e+03 -6.538545249074e+03
1.632733060596e+03 -3.596707022582e+03 -6.534549060368e+03
1.632327761447e+03 -3.604079996367e+03 -6.530545217717e+03
1.631919479052e+03 -3.611448608027e+03 -6.526533725994e+03
1.631508214574e+03 -3.618812848618e+03 -6.522514590080e+03
1.631093969184e+03 -3.626172709200e+03 -6.518487814865e+03
1.630676744057e+03 -3.633528180841e+03 -6.514453405247e+03
1.630256540373e+03 -3.640879254612e+03 -6.510411366133e+03
1.629833348612e+03 -3.648225926375e+03 -6.506361702440e+03
1.629407191350e+03 -3.655568177647e+03 -6.502304419091e+03
1.628978059099e+03 -3.662906004301e+03 -6.498239521020e+03
1.628545953056e+03 -3.670239397433e+03 -6.494167013168e+03
1.628110874425e+03 -3.677568348143e+03 -6.490086900487e+03
1.627672824415e+03 -3.684892847538e+03 -6.485999187934e+03
1.627231804238e+03 -3.692212886731e+03 -6.481903880477e+03
1.626787804258e+03 -3.699528461611e+03 -6.477800983093e+03
1.626340847383e+03 -3.706839553756e+03 -6.473690500766e+03
1.625890924008e+03 -3.714146159071e+03 -6.469572438491e+03
1.625438035364e+03 -3.721448268689e+03 -6.465446801267e+03
1.624982182688e+03 -3.728745873754e+03 -6.461313594109e+03
1.624523367222e+03 -3.736038965411e+03 -6.457172822034e+03
1.624061590210e+03 -3.743327534815e+03 -6.453024490071e+03
1.623596852904e+03 -3.750611573123e+03 -6.448868603256e+03
1.623129145534e+03 -3.757891076263e+03 -6.444705166634e+03
1.622658491388e+03 -3.765166025878e+03 -6.440534185258e+03
1.622184880727e+03 -3.772436417909e+03 -6.436355664191e+03
1.621708314820e+03 -3.779702243537e+03 -6.432169608503e+03
1.621228794941e+03 -3.786963493952e+03 -6.427976023274e+03
1.620746322370e+03 -3.794220160347e+03 -6.423774913592e+03
1.620260898389e+03 -3.801472233921e+03 -6.419566284553e+03
1.619772513112e+03 -3.808719710632e+03 -6.415350141262e+03
1.619281190159e+03 -3.815962572186e+03 -6.411126488831e+03
1.618786919675e+03 -3.823200814554e+03 -6.406895332383e+03
1.618289702960e+03 -3.830434428960e+03 -6.402656677048e+03
1.617789541324e+03 -3.837663406633e+03 -6.398410527966e+03
1.617286436075e+03 -3.844887738808e+03 -6.394156890284e+03
1.616780388531e+03 -3.852107416727e+03 -6.389895769156e+03
1.616271400012e+03 -3.859322431636e+03 -6.385627169747e+03
1.615759460499e+03 -3.866532779529e+03 -6.381351097230e+03
1.615244593989e+03 -3.873738442182e+03 -6.377067556786e+03
1.614726790494e+03 -3.880939415604e+03 -6.372776553603e+03
1.614206051353e+03 -3.888135691064e+03 -6.368478092881e+03
1.613682377910e+03 -3.895327259840e+03 -6.364172179826e+03
1.613155771513e+03 -3.902514113217e+03 -6.359858819652e+03
1.612626233517e+03 -3.909696242483e+03 -6.355538017585e+03
1.612093753787e+03 -3.916873643663e+03 -6.351209778854e+03
1.611558356647e+03 -3.924046298597e+03 -6.346874108701e+03
1.611020031994e+03 -3.931214203325e+03 -6.342531012373e+03
1.610478781200e+03 -3.938377349159e+03 -6.338180495127e+03
1.609934605642e+03 -3.945535727419e+03 -6.333822562229e+03
1.609387506700e+03 -3.952689329432e+03 -6.329457218953e+03
1.608837485759e+03 -3.959838146529e+03 -6.325084470582e+03
1.608284532573e+03 -3.966982174766e+03 -6.320704322404e+03
1.607728671790e+03 -3.974121396049e+03 -6.316316779718e+03
1.607169893193e+03 -3.981255806448e+03 -6.311921847832e+03
1.606608198187e+03 -3.988385397319e+03 -6.307519532061e+03
1.606043588180e+03 -3.995510160026e+03 -6.303109837730e+03
1.605476064585e+03 -4.002630085937e+03 -6.298692770171e+03
1.604905628820e+03 -4.009745166426e+03 -6.294268334723e+03
1.604332282307e+03 -4.016855392875e+03 -6.289836536735e+03
1.603756014667e+03 -4.023960761376e+03 -6.285397381565e+03
1.603176850923e+03 -4.031061253910e+03 -6.280950874577e+03
1.602594780727e+03 -4.038156866585e+03 -6.276497021147e+03
1.602009805519e+03 -4.045247590806e+03 -6.272035826656e+03
1.601421926744e+03 -4.052333417986e+03 -6.267567296494e+03
1.600831145852e+03 -4.059414339541e+03 -6.263091436058e+03
1.600237464298e+03 -4.066490346898e+03 -6.258608250757e+03
1.599640871590e+03 -4.073561436180e+03 -6.254117746004e+03
1.599041393072e+03 -4.080627589437e+03 -6.249619927225e+03
1.598439018284e+03 -4.087688802807e+03 -6.245114799851e+03
1.597833748697e+03 -4.094745067739e+03 -6.240602369320e+03
1.597225585789e+03 -4.101796375690e+03 -6.236082641081e+03
1.596614531042e+03 -4.108842718122e+03 -6.231555620589e+03
1.596000585942e+03 -4.115884086504e+03 -6.227021313311e+03
1.595383751981e+03 -4.122920472311e+03 -6.222479724719e+03
1.594764018537e+03 -4.129951871704e+03 -6.217930860293e+03
1.594141411323e+03 -4.136978266811e+03 -6.213374725523e+03
1.593515919748e+03 -4.143999653805e+03 -6.208811325905e+03
1.592887545321e+03 -4.151016024188e+03 -6.204240666945e+03
1.592256289555e+03 -4.158027369467e+03 -6.199662754157e+03
1.591622153970e+03 -4.165033681156e+03 -6.195077593064e+03
1.590985140088e+03 -4.172034950774e+03 -6.190485189195e+03
1.590345237175e+03 -4.179031174513e+03 -6.185885548088e+03
1.589702471264e+03 -4.186022334571e+03 -6.181278675289e+03
1.589056831652e+03 -4.193008427155e+03 -6.176664576353e+03
1.588408319880e+03 -4.199989443812e+03 -6.172043256842e+03
1.587756937492e+03 -4.206965376094e+03 -6.167414722329e+03
1.587102686039e+03 -4.213936215558e+03 -6.162778978391e+03
1.586445567076e+03 -4.220901953769e+03 -6.158136030615e+03
1.585785569757e+03 -4.227862586951e+03 -6.153485884596e+03
1.585122720434e+03 -4.234818097375e+03 -6.148828545937e+03
1.584457008290e+03 -4.241768481278e+03 -6.144164020250e+03
1.583788434897e+03 -4.248713730253e+03 -6.139492313152e+03
1.583117001834e+03 -4.255653835895e+03 -6.134813430272e+03
1.582442710681e+03 -4.262588789809e+03 -6.130127377245e+03
1.581765563024e+03 -4.269518583605e+03 -6.125434159714e+03
1.581085560454e+03 -4.276443208899e+03 -6.120733783331e+03
1.580402691998e+03 -4.283362661953e+03 -6.116026253755e+03
1.579716984370e+03 -4.290276925120e+03 -6.111311576655e+03
1.579028426626e+03 -4.297185994675e+03 -6.106589757705e+03
1.578337020376e+03 -4.304089862263e+03 -6.101860802589e+03
1.577642767231e+03 -4.310988519533e+03 -6.097124717001e+03
1.576945668809e+03 -4.317881958141e+03 -6.092381506638e+03
1.576245726733e+03 -4.324770169750e+03 -6.087631177210e+03
1.575542929919e+03 -4.331653150654e+03 -6.082873734432e+03
1.574837305395e+03 -4.338530883281e+03 -6.078109184028e+03
1.574128842109e+03 -4.345403363939e+03 -6.073337531731e+03
1.573417541700e+03 -4.352270584318e+03 -6.068558783281e+03
1.572703405812e+03 -4.359132536115e+03 -6.063772944426e+03
1.571986436093e+03 -4.365989211033e+03 -6.058980020922e+03
1.571266634198e+03 -4.372840600782e+03 -6.054180018533e+03
1.570544001782e+03 -4.379686697079e+03 -6.049372943031e+03
1.569818527639e+03 -4.386527496252e+03 -6.044558800196e+03
1.569090239154e+03 -4.393362980819e+03 -6.039737595816e+03
1.568359125149e+03 -4.400193147124e+03 -6.034909335687e+03
1.567625187298e+03 -4.407017986910e+03 -6.030074025612e+03
1.566888427281e+03 -4.413837491928e+03 -6.025231671403e+03
1.566148846782e+03 -4.420651653935e+03 -6.020382278880e+03
1.565406447490e+03 -4.427460464694e+03 -6.015525853870e+03
1.564661218089e+03 -4.434263920567e+03 -6.010662402208e+03
1.563913186273e+03 -4.441062004148e+03 -6.005791929738e+03
1.563162340756e+03 -4.447854711813e+03 -6.000914442311e+03
1.562408683244e+03 -4.454642035355e+03 -5.996029945786e+03
1.561652215448e+03 -4.461423966569e+03 -5.991138446030e+03
1.560892939081e+03 -4.468200497262e+03 -5.986239948917e+03
1.560130855864e+03 -4.474971619245e+03 -5.981334460330e+03
1.559365967521e+03 -4.481737324335e+03 -5.976421986159e+03
1.558598262610e+03 -4.488497608930e+03 -5.971502532303e+03
1.557827769181e+03 -4.495252455715e+03 -5.966576104668e+03
1.557054475823e+03 -4.502001861104e+03 -5.961642709167e+03
1.556278384278e+03 -4.508745816942e+03 -5.956702351722e+03
1.555499496289e+03 -4.515484315082e+03 -5.951755038263e+03
1.554717813608e+03 -4.522217347383e+03 -5.946800774726e+03
1.553933337988e+03 -4.528944905708e+03 -5.941839567053e+03
1.553146057881e+03 -4.535666986487e+03 -5.936871421196e+03
1.552356001643e+03 -4.542383572485e+03 -5.931896343116e+03
1.551563157755e+03 -4.549094660148e+03 -5.926914338782e+03
1.550767527990e+03 -4.555800241369e+03 -5.921925414169e+03
1.549969114122e+03 -4.562500308051e+03 -5.916929575261e+03
1.549167917933e+03 -4.569194852100e+03 -5.911926828051e+03
1.548363941208e+03 -4.575883865433e+03 -5.906917178539e+03
1.547557172290e+03 -4.582567344512e+03 -5.901900632730e+03
1.546747639845e+03 -4.589245272181e+03 -5.896877196640e+03
1.545935332243e+03 -4.595917644921e+03 -5.891846876292e+03
1.545120251288e+03 -4.602584454674e+03 -5.886809677717e+03
1.544302398787e+03 -4.609245693391e+03 -5.881765606951e+03
1.543481776549e+03 -4.615901353027e+03 -5.876714670042e+03
1.542658386391e+03 -4.622551425547e+03 -5.871656873042e+03
1.541832230132e+03 -4.629195902923e+03 -5.866592222012e+03
1.541003295994e+03 -4.635834781653e+03 -5.861520723022e+03
1.540171612989e+03 -4.642468044679e+03 -5.856442382148e+03
1.539337169367e+03 -4.649095688515e+03 -5.851357205474e+03
1.538499966966e+03 -4.655717705161e+03 -5.846265199091e+03
1.537660007626e+03 -4.662334086624e+03 -5.841166369099e+03
1.536817293192e+03 -4.668944824917e+03 -5.836060721605e+03
1.535971825515e+03 -4.675549912060e+03 -5.830948262724e+03
1.535123592712e+03 -4.682149344586e+03 -5.825828998578e+03
1.534272624094e+03 -4.688743105519e+03 -5.820702935296e+03
1.533418907808e+03 -4.695331191407e+03 -5.815570079016e+03
1.532562445720e+03 -4.701913594299e+03 -5.810430435884e+03
1.531703239701e+03 -4.708490306252e+03 -5.805284012051e+03
1.530841291626e+03 -4.715061319329e+03 -5.800130813678e+03
1.529976603376e+03 -4.721626625600e+03 -5.794970846933e+03
1.529109176834e+03 -4.728186217143e+03 -5.789804117991e+03
1.528238999997e+03 -4.734740090527e+03 -5.784630633034e+03
1.527366102520e+03 -4.741288228874e+03 -5.779450398254e+03
1.526490472429e+03 -4.747830628770e+03 -5.774263419848e+03
1.525612111624e+03 -4.754367282321e+03 -5.769069704022e+03
1.524731022011e+03 -4.760898181640e+03 -5.763869256988e+03
1.523847205499e+03 -4.767423318849e+03 -5.758662084967e+03
1.522960664001e+03 -4.773942686077e+03 -5.753448194188e+03
1.522071385411e+03 -4.780456279923e+03 -5.748227590885e+03
1.521179399682e+03 -4.786964083597e+03 -5.743000281302e+03
1.520284694734e+03 -4.793466093718e+03 -5.737766271689e+03
1.519387272498e+03 -4.799962302442e+03 -5.732525568305e+03
1.518487134908e+03 -4.806452701933e+03 -5.727278177414e+03
1.517584283905e+03 -4.812937284365e+03 -5.722024105289e+03
1.516678721430e+03 -4.819416041916e+03 -5.716763358212e+03
1.515770435273e+03 -4.825888971219e+03 -5.711495942470e+03
1.514859455684e+03 -4.832356055572e+03 -5.706221864358e+03
1.513945770479e+03 -4.838817291625e+03 -5.700941130178e+03
1.513029381619e+03 -4.845272671586e+03 -5.695653746242e+03
1.512110291067e+03 -4.851722187673e+03 -5.690359718866e+03
1.511188500792e+03 -4.858165832107e+03 -5.685059054375e+03
1.510264012767e+03 -4.864603597119e+03 -5.679751759103e+03
1.509336828969e+03 -4.871035474948e+03 -5.674437839388e+03
1.508406937069e+03 -4.877461462264e+03 -5.669117301578e+03
1.507474367653e+03 -4.883881542465e+03 -5.663790152027e+03
1.506539108420e+03 -4.890295712241e+03 -5.658456397097e+03
1.505601161362e+03 -4.896703963859e+03 -5.653116043158e+03
1.504660528479e+03 -4.903106289593e+03 -5.647769096586e+03
1.503717211772e+03 -4.909502681727e+03 -5.642415563766e+03
1.502771213246e+03 -4.915893132549e+03 -5.637055451087e+03
1.501822520472e+03 -4.922277638763e+03 -5.631688764950e+03
1.500871164327e+03 -4.928656183860e+03 -5.626315511759e+03
1.499917132407e+03 -4.935028764559e+03 -5.620935697929e+03
1.498960426735e+03 -4.941395373178e+03 -5.615549329877e+03
1.498001049337e+03 -4.947756002043e+03 -5.610156414029e+03
1.497039002243e+03 -4.954110643487e+03 -5.604756956820e+03
1.496074287489e+03 -4.960459289854e+03 -5.599350964693e+03
1.495106907114e+03 -4.966801933492e+03 -5.593938444096e+03
1.494136848571e+03 -4.973138571141e+03 -5.588519401488e+03
1.493164143070e+03 -4.979469186397e+03 -5.583093843332e+03
1.492188778090e+03 -4.985793776019e+03 -5.577661776099e+03
1.491210755688e+03 -4.992112332384e+03 -5.572223206269e+03
1.490230077924e+03 -4.998424847882e+03 -5.566778140327e+03
1.489246746861e+03 -5.004731314906e+03 -5.561326584766e+03
1.488260764567e+03 -5.011031725859e+03 -5.555868546087e+03
1.487272118394e+03 -5.017326077514e+03 -5.550404030797e+03
1.486280839842e+03 -5.023614353559e+03 -5.544933045412e+03
1.485286916287e+03 -5.029896550785e+03 -5.539455596452e+03
1.484290349816e+03 -5.036172661625e+03 -5.533971690448e+03
1.483291142516e+03 -5.042442678518e+03 -5.528481333935e+03
1.482289296480e+03 -5.048706593914e+03 -5.522984533458e+03
1.481284813805e+03 -5.054964400266e+03 -5.517481295566e+03
1.480277696591e+03 -5.061216090039e+03 -5.511971626817e+03
1.479267932077e+03 -5.067461660043e+03 -5.506455533777e+03
1.478255552087e+03 -5.073701094074e+03 -5.500933023018e+03
1.477240543886e+03 -5.079934388960e+03 -5.495404101118e+03
1.476222909591e+03 -5.086161537195e+03 -5.489868774664e+03
1.475202651322e+03 -5.092382531280e+03 -5.484327050250e+03
1.474179771205e+03 -5.098597363725e+03 -5.478778934475e+03
1.473154271370e+03 -5.104806027046e+03 -5.473224433948e+03
1.472126138954e+03 -5.111008518086e+03 -5.467663555283e+03
1.471095406066e+03 -5.117204820737e+03 -5.462096305102e+03
1.470062059872e+03 -5.123394931860e+03 -5.456522690034e+03
1.469026102517e+03 -5.129578844004e+03 -5.450942716715e+03
1.467987536149e+03 -5.135756549722e+03 -5.445356391787e+03
1.466946362923e+03 -5.141928041578e+03 -5.439763721901e+03
1.465902584996e+03 -5.148093312143e+03 -5.434164713714e+03
1.464856189408e+03 -5.154252358293e+03 -5.428559373889e+03
1.463807208550e+03 -5.160405164016e+03 -5.422947709098e+03
1.462755629487e+03 -5.166551726206e+03 -5.417329726019e+03
1.461701454394e+03 -5.172692037465e+03 -5.411705431337e+03
1.460644685447e+03 -5.178826090403e+03 -5.406074831743e+03
1.459585324829e+03 -5.184953877638e+03 -5.400437933938e+03
1.458523374724e+03 -5.191075391793e+03 -5.394794744627e+03
1.457458837323e+03 -5.197190625503e+03 -5.389145270523e+03
1.456391699552e+03 -5.203299575680e+03 -5.383489518347e+03
1.455321994124e+03 -5.209402226426e+03 -5.377827494824e+03
1.454249707992e+03 -5.215498574671e+03 -5.372159206690e+03
1.453174843362e+03 -5.221588613081e+03 -5.366484660684e+03
1.452097402442e+03 -5.227672334328e+03 -5.360803863555e+03
1.451017387446e+03 -5.233749731091e+03 -5.355116822057e+03
1.449934800592e+03 -5.239820796058e+03 -5.349423542952e+03
1.448849628711e+03 -5.245885526177e+03 -5.343724033009e+03
1.447761904791e+03 -5.251943905646e+03 -5.338018299003e+03
1.446671615688e+03 -5.257995931430e+03 -5.332306347716e+03
1.445578763636e+03 -5.264041596250e+03 -5.326588185938e+03
1.444483350872e+03 -5.270080892832e+03 -5.320863820464e+03
1.443385379637e+03 -5.276113813912e+03 -5.315133258098e+03
1.442284852177e+03 -5.282140352233e+03 -5.309396505650e+03
1.441181770739e+03 -5.288160500547e+03 -5.303653569935e+03
1.440076122046e+03 -5.294174255838e+03 -5.297904457779e+03
1.438967939400e+03 -5.300181602418e+03 -5.292149176011e+03
1.437857209547e+03 -5.306182537293e+03 -5.286387731468e+03
1.436743934754e+03 -5.312177053245e+03 -5.280620130995e+03
1.435628117287e+03 -5.318165143065e+03 -5.274846381443e+03
1.434509759420e+03 -5.324146799552e+03 -5.269066489668e+03
1.433388863429e+03 -5.330122015514e+03 -5.263280462537e+03
1.432265415939e+03 -5.336090787967e+03 -5.257488306919e+03
1.431139450527e+03 -5.342053101327e+03 -5.251690029693e+03
1.430010953844e+03 -5.348008952630e+03 -5.245885637744e+03
1.428879928182e+03 -5.353958334717e+03 -5.240075137964e+03
1.427746375837e+03 -5.359901240434e+03 -5.234258537251e+03
1.426610299109e+03 -5.365837662636e+03 -5.228435842509e+03
1.425471700300e+03 -5.371767594187e+03 -5.222607060652e+03
1.424330565942e+03 -5.377691032137e+03 -5.216772198597e+03
1.423186929884e+03 -5.383607961004e+03 -5.210931263270e+03
1.422040778680e+03 -5.389518377858e+03 -5.205084261603e+03
1.420892114649e+03 -5.395422275596e+03 -5.199231200535e+03
1.419740940116e+03 -5.401319647120e+03 -5.193372087010e+03
1.418587257406e+03 -5.407210485342e+03 -5.187506927982e+03
1.417431068851e+03 -5.413094783183e+03 -5.181635730409e+03
1.416272376784e+03 -5.418972533570e+03 -5.175758501257e+03
1.415111167630e+03 -5.424843733591e+03 -5.169875247498e+03
1.413947475543e+03 -5.430708367885e+03 -5.163985976110e+03
1.412781286972e+03 -5.436566433557e+03 -5.158090694079e+03
1.411612604267e+03 -5.442417923570e+03 -5.152189408397e+03
1.410441429782e+03 -5.448262830892e+03 -5.146282126063e+03
1.409267765873e+03 -5.454101148500e+03 -5.140368854083e+03
1.408091614903e+03 -5.459932869378e+03 -5.134449599467e+03
1.406912963201e+03 -5.465757990648e+03 -5.128524369235e+03
1.405731845190e+03 -5.471576497052e+03 -5.122593170412e+03
1.404548247225e+03 -5.477388385732e+03 -5.116656010030e+03
1.403362171682e+03 -5.483193649705e+03 -5.110712895126e+03
1.402173620941e+03 -5.488992281996e+03 -5.104763832746e+03
1.400982597387e+03 -5.494784275641e+03 -5.098808829941e+03
1.399789103408e+03 -5.500569623681e+03 -5.092847893769e+03
1.398593141395e+03 -5.506348319168e+03 -5.086881031295e+03
1.397394697573e+03 -5.512120359260e+03 -5.080908249589e+03
1.396193806667e+03 -5.517885728821e+03 -5.074929555729e+03
1.394990454925e+03 -5.523644425030e+03 -5.068944956800e+03
1.393784644755e+03 -5.529396440970e+03 -5.062954459891e+03
1.392576378566e+03 -5.535141769733e+03 -5.056958072100e+03
1.391365658775e+03 -5.540880404420e+03 -5.050955800530e+03
1.390152487797e+03 -5.546612338139e+03 -5.044947652291e+03
1.388936851766e+03 -5.552337568082e+03 -5.038933634501e+03
1.387718785671e+03 -5.558056079219e+03 -5.032913754281e+03
1.386498275666e+03 -5.563767868763e+03 -5.026888018761e+03
1.385275324186e+03 -5.569472929856e+03 -5.020856435077e+03
1.384049933668e+03 -5.575171255648e+03 -5.014819010371e+03
1.382822106551e+03 -5.580862839296e+03 -5.008775751791e+03
1.381591845281e+03 -5.586547673968e+03 -5.002726666494e+03
1.380359152305e+03 -5.592225752837e+03 -4.996671761640e+03
1.379124013651e+03 -5.597897073135e+03 -4.990611044398e+03
1.377886464605e+03 -5.603561619956e+03 -4.984544521941e+03
1.376646491220e+03 -5.609219390549e+03 -4.978472201451e+03
1.375404095958e+03 -5.614870378125e+03 -4.972394090114e+03
1.374159281287e+03 -5.620514575898e+03 -4.966310195123e+03
1.372912049675e+03 -5.626151977095e+03 -4.960220523680e+03
1.371662403597e+03 -5.631782574948e+03 -4.954125082989e+03
1.370410328992e+03 -5.637406366720e+03 -4.948023880263e+03
1.369155861402e+03 -5.643023337618e+03 -4.941916922721e+03
1.367898986790e+03 -5.648633484923e+03 -4.935804217589e+03
1.366639707645e+03 -5.654236801902e+03 -4.929685772097e+03
1.365378026459e+03 -5.659833281832e+03 -4.923561593483e+03
1.364113945727e+03 -5.665422917997e+03 -4.917431688992e+03
1.362847467950e+03 -5.671005703688e+03 -4.911296065874e+03
1.361578578976e+03 -5.676581636202e+03 -4.905154731385e+03
1.360307314605e+03 -5.682150700854e+03 -4.899007692788e+03
1.359033660709e+03 -5.687712894962e+03 -4.892854957353e+03
1.357757619803e+03 -5.693268211851e+03 -4.886696532356e+03
1.356479194404e+03 -5.698816644856e+03 -4.880532425076e+03
1.355198387034e+03 -5.704358187321e+03 -4.874362642804e+03
1.353915200217e+03 -5.709892832597e+03 -4.868187192832e+03
1.352629636484e+03 -5.715420574045e+03 -4.862006082462e+03
1.351341681581e+03 -5.720941408999e+03 -4.855819319000e+03
1.350051371597e+03 -5.726455322901e+03 -4.849626909758e+03
1.348758692305e+03 -5.731962313108e+03 -4.843428862056e+03
1.347463646246e+03 -5.737462373013e+03 -4.837225183219e+03
1.346166235967e+03 -5.742955496020e+03 -4.831015880579e+03
1.344866464020e+03 -5.748441675539e+03 -4.824800961473e+03
1.343564332958e+03 -5.753920904992e+03 -4.818580433245e+03
1.342259828442e+03 -5.759393181744e+03 -4.812354303244e+03
1.340952986811e+03 -5.764858491354e+03 -4.806122578828e+03
1.339643793748e+03 -5.770316831209e+03 -4.799885267357e+03
1.338332251823e+03 -5.775768194763e+03 -4.793642376201e+03
1.337018363606e+03 -5.781212575480e+03 -4.787393912734e+03
1.335702131674e+03 -5.786649966831e+03 -4.781139884336e+03
1.334383558605e+03 -5.792080362296e+03 -4.774880298395e+03
1.333062646983e+03 -5.797503755366e+03 -4.768615162302e+03
1.331739382368e+03 -5.802920143443e+03 -4.762344483457e+03
1.330413801384e+03 -5.808329512216e+03 -4.756068269265e+03
1.329085889615e+03 -5.813731859112e+03 -4.749786527137e+03
1.327755649658e+03 -5.819127177653e+03 -4.743499264490e+03
1.326423084114e+03 -5.824515461372e+03 -4.737206488747e+03
1.325088195586e+03 -5.829896703809e+03 -4.730908207336e+03
1.323750986681e+03 -5.835270898514e+03 -4.724604427695e+03
1.322411442876e+03 -5.840638042925e+03 -4.718295157262e+03
1.321069601039e+03 -5.845998122846e+03 -4.711980403487e+03
1.319725446669e+03 -5.851351135734e+03 -4.705660173822e+03
1.318378982388e+03 -5.856697075175e+03 -4.699334475726e+03
1.317030210820e+03 -5.862035934762e+03 -4.693003316664e+03
1.315679134594e+03 -5.867367708096e+03 -4.686666704108e+03
1.314325756341e+03 -5.872692388788e+03 -4.680324645535e+03
1.312970061453e+03 -5.878009974308e+03 -4.673977148427e+03
1.311612087042e+03 -5.883320450576e+03 -4.667624220275e+03
1.310251818522e+03 -5.888623815085e+03 -4.661265868573e+03
1.308889258539e+03 -5.893920061481e+03 -4.654902100821e+03
1.307524409741e+03 -5.899209183416e+03 -4.648532924527e+03
1.306157274782e+03 -5.904491174554e+03 -4.642158347203e+03
1.304787856318e+03 -5.909766028567e+03 -4.635778376369e+03
1.303416157009e+03 -5.915033739134e+03 -4.629393019548e+03
1.302042162148e+03 -5.920294303765e+03 -4.623002284271e+03
1.300665909126e+03 -5.925547708513e+03 -4.616606178074e+03
1.299287383259e+03 -5.930793950910e+03 -4.610204708500e+03
1.297906587220e+03 -5.936033024669e+03 -4.603797883096e+03
1.296523523686e+03 -5.941264923517e+03 -4.597385709416e+03
1.295138195338e+03 -5.946489641185e+03 -4.590968195020e+03
1.293750604859e+03 -5.951707171415e+03 -4.584545347474e+03
1.292360737460e+03 -5.956917511750e+03 -4.578117174348e+03
1.290968630771e+03 -5.962120648362e+03 -4.571683683221e+03
1.289574270022e+03 -5.967316578815e+03 -4.565244881674e+03
1.288177657914e+03 -5.972505296885e+03 -4.558800777296e+03
1.286778797145e+03 -5.977686796358e+03 -4.552351377681e+03
1.285377690420e+03 -5.982861071028e+03 -4.545896690429e+03
1.283974340448e+03 -5.988028114700e+03 -4.539436723147e+03
1.282568749939e+03 -5.993187921185e+03 -4.532971483445e+03
1.281160904009e+03 -5.998340488064e+03 -4.526500978942e+03
1.279750840558e+03 -6.003485801645e+03 -4.520025217261e+03
1.278338544724e+03 -6.008623859531e+03 -4.513544206031e+03
1.276924019232e+03 -6.013754655570e+03 -4.507057952886e+03
1.275507266808e+03 -6.018878183618e+03 -4.500566465468e+03
1.274088290186e+03 -6.023994437541e+03 -4.494069751422e+03
1.272667092100e+03 -6.029103411216e+03 -4.487567818401e+03
1.271243657583e+03 -6.034205102254e+03 -4.481060674062e+03
1.269818024771e+03 -6.039299497085e+03 -4.474548326068e+03
1.268390178718e+03 -6.044386593344e+03 -4.468030782089e+03
1.266960122173e+03 -6.049466384943e+03 -4.461508049798e+03
1.265527857887e+03 -6.054538865801e+03 -4.454980136877e+03
1.264093388616e+03 -6.059604029846e+03 -4.448447051012e+03
1.262656717117e+03 -6.064661871015e+03 -4.441908799893e+03
1.261217846152e+03 -6.069712383256e+03 -4.435365391218e+03
1.259776760663e+03 -6.074755564219e+03 -4.428816832691e+03
1.258333499049e+03 -6.079791400473e+03 -4.422263132018e+03
1.256888046272e+03 -6.084819889691e+03 -4.415704296916e+03
1.255440405108e+03 -6.089841025856e+03 -4.409140335102e+03
1.253990578335e+03 -6.094854802960e+03 -4.402571254303e+03
1.252538568734e+03 -6.099861215001e+03 -4.395997062249e+03
1.251084379089e+03 -6.104860255990e+03 -4.389417766677e+03
1.249627994264e+03 -6.109851923612e+03 -4.382833375329e+03
1.248169452884e+03 -6.114836204557e+03 -4.376243895951e+03
1.246708739834e+03 -6.119813096533e+03 -4.369649336297e+03
1.245245857912e+03 -6.124782593583e+03 -4.363049704126e+03
1.243780809919e+03 -6.129744689764e+03 -4.356445007201e+03
1.242313598658e+03 -6.134699379139e+03 -4.349835253293e+03
1.240844226938e+03 -6.139646655780e+03 -4.343220450176e+03
1.239372679541e+03 -6.144586517405e+03 -4.336600605630e+03
1.237898995322e+03 -6.149518950829e+03 -4.329975727442e+03
1.236423159084e+03 -6.154443953791e+03 -4.323345823404e+03
1.234945173650e+03 -6.159361520400e+03 -4.316710901312e+03
1.233465041841e+03 -6.164271644775e+03 -4.310070968969e+03
1.231982766486e+03 -6.169174321043e+03 -4.303426034182e+03
1.230498350413e+03 -6.174069543339e+03 -4.296776104765e+03
1.229011796458e+03 -6.178957305808e+03 -4.290121188537e+03
1.227523089313e+03 -6.183837606208e+03 -4.283461293321e+03
1.226032268089e+03 -6.188710431493e+03 -4.276796426947e+03
1.224539317500e+03 -6.193575779442e+03 -4.270126597251e+03
1.223044240394e+03 -6.198433644238e+03 -4.263451812073e+03
1.221547039619e+03 -6.203284020070e+03 -4.256772079257e+03
1.220047718029e+03 -6.208126901139e+03 -4.250087406656e+03
1.218546278478e+03 -6.212962281653e+03 -4.243397802126e+03
1.217042705583e+03 -6.217790159402e+03 -4.236703273528e+03
1.215537038678e+03 -6.222610521468e+03 -4.230003828729e+03
1.214029262398e+03 -6.227423365661e+03 -4.223299475603e+03
1.212519379613e+03 -6.232228686229e+03 -4.216590222027e+03
1.211007393195e+03 -6.237026477424e+03 -4.209876075884e+03
1.209493306017e+03 -6.241816733513e+03 -4.203157045062e+03
1.207977120958e+03 -6.246599448767e+03 -4.196433137455e+03
1.206458840899e+03 -6.251374617471e+03 -4.189704360963e+03
1.204938450370e+03 -6.256142237450e+03 -4.182970723489e+03
1.203415988954e+03 -6.260902295932e+03 -4.176232232944e+03
1.201891441200e+03 -6.265654790768e+03 -4.169488897242e+03
1.200364810002e+03 -6.270399716277e+03 -4.162740724305e+03
1.198836098258e+03 -6.275137066788e+03 -4.155987722057e+03
1.197305308866e+03 -6.279866836639e+03 -4.149229898430e+03
1.195772444730e+03 -6.284589020177e+03 -4.142467261358e+03
1.194237490305e+03 -6.289303615263e+03 -4.135699818784e+03
1.192700485389e+03 -6.294010609249e+03 -4.128927578654e+03
1.191161414457e+03 -6.298710000021e+03 -4.122150548919e+03
1.189620280424e+03 -6.303401781961e+03 -4.115368737535e+03
1.188077086208e+03 -6.308085949463e+03 -4.108582152466e+03
1.186531834732e+03 -6.312762496930e+03 -4.101790801678e+03
1.184984528920e+03 -6.317431418774e+03 -4.094994693142e+03
1.183435171700e+03 -6.322092709417e+03 -4.088193834837e+03
1.181883747441e+03 -6.326746366757e+03 -4.081388234746e+03
1.180330296186e+03 -6.331392378293e+03 -4.074577900855e+03
1.178774802325e+03 -6.336030741948e+03 -4.067762841157e+03
1.177217268797e+03 -6.340661452180e+03 -4.060943063651e+03
1.175657698547e+03 -6.345284503457e+03 -4.054118576339e+03
1.174096094519e+03 -6.349899890256e+03 -4.047289387230e+03
1.172532459663e+03 -6.354507607066e+03 -4.040455504338e+03
1.170966778275e+03 -6.359107651817e+03 -4.033616935680e+03
1.169399090610e+03 -6.363700012139e+03 -4.026773689280e+03
1.167829380984e+03 -6.368284685987e+03 -4.019925773167e+03
1.166257652356e+03 -6.372861667884e+03 -4.013073195374e+03
1.164683907692e+03 -6.377430952365e+03 -4.006215963939e+03
1.163108149959e+03 -6.381992533972e+03 -3.999354086906e+03
1.161530382128e+03 -6.386546407256e+03 -3.992487572323e+03
1.159950588421e+03 -6.391092570183e+03 -3.985616428245e+03
1.158368809302e+03 -6.395631010512e+03 -3.978740662729e+03
1.156785029013e+03 -6.400161726232e+03 -3.971860283839e+03
1.155199250537e+03 -6.404684711932e+03 -3.964975299644e+03
1.153611476860e+03 -6.409199962210e+03 -3.958085718217e+03
1.152021710968e+03 -6.413707471676e+03 -3.951191547636e+03
1.150429955854e+03 -6.418207234948e+03 -3.944292795985e+03
1.148836214513e+03 -6.422699246651e+03 -3.937389471353e+03
1.147240471083e+03 -6.427183504790e+03 -3.930481581832e+03
1.145642766267e+03 -6.431659997272e+03 -3.923569135520e+03
1.144043084222e+03 -6.436128722126e+03 -3.916652140522e+03
1.142441427957e+03 -6.440589674015e+03 -3.909730604944e+03
1.140837800478e+03 -6.445042847614e+03 -3.902804536900e+03
1.139232204799e+03 -6.449488237607e+03 -3.895873944508e+03
1.137624643934e+03 -6.453925838686e+03 -3.888938835890e+03
1.136015101954e+03 -6.458355648888e+03 -3.881999219174e+03
1.134403619761e+03 -6.462777656254e+03 -3.875055102492e+03
1.132790181445e+03 -6.467191858844e+03 -3.868106493981e+03
1.131174790031e+03 -6.471598251389e+03 -3.861153401784e+03
1.129557448551e+03 -6.475996828628e+03 -3.854195834047e+03
1.127938160035e+03 -6.480387585313e+03 -3.847233798923e+03
1.126316927520e+03 -6.484770516203e+03 -3.840267304567e+03
1.124693754042e+03 -6.489145616067e+03 -3.833296359141e+03
1.123068623594e+03 -6.493512882978e+03 -3.826320970812e+03
1.121441577307e+03 -6.497872305131e+03 -3.819341147750e+03
1.119812599190e+03 -6.502223880621e+03 -3.812356898131e+03
1.118181692293e+03 -6.506567604257e+03 -3.805368230136e+03
1.116548859669e+03 -6.510903470854e+03 -3.798375151949e+03
1.114914104373e+03 -6.515231475240e+03 -3.791377671761e+03
1.113277429463e+03 -6.519551612250e+03 -3.784375797766e+03
1.111638818860e+03 -6.523863879990e+03 -3.777369538164e+03
1.109998313897e+03 -6.528168266787e+03 -3.770358901159e+03
1.108355898512e+03 -6.532464770773e+03 -3.763343894960e+03
1.106711575774e+03 -6.536753386821e+03 -3.756324527781e+03
1.105065348758e+03 -6.541034109814e+03 -3.749300807839e+03
1.103417220535e+03 -6.545306934636e+03 -3.742272743353e+03
1.101767194182e+03 -6.549571856173e+03 -3.735240342540e+03
1.100115253552e+03 -6.553828872563e+03 -3.728203613633e+03
1.098461440172e+03 -6.558077972269e+03 -3.721162564867e+03
1.096805737913e+03 -6.562319153455e+03 -3.714117204487e+03
1.095148149865e+03 -6.566552411061e+03 -3.707067540736e+03
1.093488679119e+03 -6.570777740037e+03 -3.700013581867e+03
1.091827328771e+03 -6.574995135345e+03 -3.692955336135e+03
1.090164101920e+03 -6.579204591953e+03 -3.685892811800e+03
1.088499001664e+03 -6.583406104841e+03 -3.678826017127e+03
1.086832011781e+03 -6.587599672186e+03 -3.671754960385e+03
1.085163174018e+03 -6.591785282604e+03 -3.664679649848e+03
1.083492472171e+03 -6.595962934296e+03 -3.657600093793e+03
1.081819909350e+03 -6.600132622281e+03 -3.650516300505e+03
1.080145488669e+03 -6.604294341586e+03 -3.643428278271e+03
1.078469213247e+03 -6.608448087249e+03 -3.636336035383e+03
1.076791086203e+03 -6.612593854315e+03 -3.629239580138e+03
1.075111091248e+03 -6.616731640996e+03 -3.622138920836e+03
1.073429270319e+03 -6.620861436045e+03 -3.615034065785e+03
1.071745607145e+03 -6.624983237696e+03 -3.607925023293e+03
1.070060104857e+03 -6.629097041035e+03 -3.600811801677e+03
1.068372766588e+03 -6.633202841157e+03 -3.593694409254e+03
1.066683595474e+03 -6.637300633168e+03 -3.586572854350e+03
1.064992594655e+03 -6.641390412180e+03 -3.579447145291e+03
1.063299767273e+03 -6.645472173319e+03 -3.572317290411e+03
1.061605096963e+03 -6.649545914834e+03 -3.565183298046e+03
1.059908625878e+03 -6.653611625633e+03 -3.558045176539e+03
1.058210337671e+03 -6.657669303989e+03 -3.550902934234e+03
1.056510235495e+03 -6.661718945066e+03 -3.543756579484e+03
1.054808322505e+03 -6.665760544035e+03 -3.536606120641e+03
1.053104601858e+03 -6.669794096080e+03 -3.529451566066e+03
1.051399076716e+03 -6.673819596390e+03 -3.522292924120e+03
1.049691730651e+03 -6.677837043249e+03 -3.515130203174e+03
1.047982605998e+03 -6.681846425704e+03 -3.507963411598e+03
1.046271686348e+03 -6.685847742060e+03 -3.500792557770e+03
1.044558974872e+03 -6.689840987548e+03 -3.493617650070e+03
1.042844474744e+03 -6.693826157410e+03 -3.486438696884e+03
1.041128189139e+03 -6.697803246896e+03 -3.479255706602e+03
1.039410121238e+03 -6.701772251266e+03 -3.472068687618e+03
1.037690274222e+03 -6.705733165791e+03 -3.464877648329e+03
1.035968631590e+03 -6.709685988790e+03 -3.457682597140e+03
1.034245235889e+03 -6.713630709469e+03 -3.450483542456e+03
1.032520070634e+03 -6.717567326171e+03 -3.443280492690e+03
1.030793139018e+03 -6.721495834206e+03 -3.436073456256e+03
1.029064444236e+03 -6.725416228893e+03 -3.428862441574e+03
1.027333989485e+03 -6.729328505560e+03 -3.421647457069e+03
1.025601777965e+03 -6.733232659546e+03 -3.414428511169e+03
1.023867793114e+03 -6.737128689204e+03 -3.407205612307e+03
1.022132077656e+03 -6.741016583879e+03 -3.399978768918e+03
1.020394615046e+03 -6.744896341947e+03 -3.392747989445e+03
1.018655408493e+03 -6.748767958787e+03 -3.385513282332e+03
1.016914461212e+03 -6.752631429786e+03 -3.378274656028e+03
1.015171776416e+03 -6.756486750342e+03 -3.371032118989e+03
1.013427357326e+03 -6.760333915862e+03 -3.363785679670e+03
1.011681187315e+03 -6.764172924731e+03 -3.356535346535e+03
1.009933309287e+03 -6.768003766434e+03 -3.349281128049e+03
1.008183706634e+03 -6.771826439382e+03 -3.342023032683e+03
1.006432382583e+03 -6.775640939022e+03 -3.334761068911e+03
1.004679340366e+03 -6.779447260810e+03 -3.327495245211e+03
1.002924583216e+03 -6.783245400211e+03 -3.320225570067e+03
1.001168114370e+03 -6.787035352702e+03 -3.312952051965e+03
9.994099370644e+02 -6.790817113770e+03 -3.305674699395e+03
9.976500346075e+02 -6.794590681837e+03 -3.298393520854e+03
9.958884500998e+02 -6.798356046549e+03 -3.291108524840e+03
9.941251668642e+02 -6.802113206356e+03 -3.283819719855e+03
9.923601881492e+02 -6.805862156781e+03 -3.276527114409e+03
9.905935172058e+02 -6.809602893361e+03 -3.269230717011e+03
9.888251572875e+02 -6.813335411641e+03 -3.261930536177e+03
9.870551116503e+02 -6.817059707177e+03 -3.254626580427e+03
9.852833635415e+02 -6.820775778423e+03 -3.247318858284e+03
9.835099562334e+02 -6.824483615169e+03 -3.240007378275e+03
9.817348729892e+02 -6.828183215896e+03 -3.232692148933e+03
9.799581170747e+02 -6.831874576197e+03 -3.225373178792e+03
9.781796917584e+02 -6.835557691679e+03 -3.218050476392e+03
9.763996003109e+02 -6.839232557956e+03 -3.210724050276e+03
9.746178460055e+02 -6.842899170651e+03 -3.203393908992e+03
9.728344321178e+02 -6.846557525401e+03 -3.196060061092e+03
9.710493418286e+02 -6.850207620698e+03 -3.188722515129e+03
9.692626186026e+02 -6.853849446494e+03 -3.181381279665e+03
9.674742456361e+02 -6.857483001308e+03 -3.174036363262e+03
9.656842262144e+02 -6.861108280812e+03 -3.166687774486e+03
9.638925636253e+02 -6.864725280693e+03 -3.159335521910e+03
9.620992611592e+02 -6.868333996644e+03 -3.151979614109e+03
9.603043221086e+02 -6.871934424369e+03 -3.144620059660e+03
9.585077295968e+02 -6.875526562395e+03 -3.137256867147e+03
9.567095272542e+02 -6.879110400817e+03 -3.129890045156e+03
9.549096982196e+02 -6.882685938185e+03 -3.122519602279e+03
9.531082457950e+02 -6.886253170244e+03 -3.115145547108e+03
9.513051732852e+02 -6.889812092748e+03 -3.107767888243e+03
9.495004839971e+02 -6.893362701462e+03 -3.100386634286e+03
9.476941812401e+02 -6.896904992159e+03 -3.093001793842e+03
9.458862480810e+02 -6.900438963398e+03 -3.085613375522e+03
9.440767283132e+02 -6.903964605418e+03 -3.078221387938e+03
9.422656050187e+02 -6.907481916803e+03 -3.070825839708e+03
9.404528815163e+02 -6.910990893369e+03 -3.063426739452e+03
9.386385611271e+02 -6.914491530937e+03 -3.056024095797e+03
9.368226471746e+02 -6.917983825344e+03 -3.048617917371e+03
9.350051429847e+02 -6.921467772433e+03 -3.041208212806e+03
9.331860518853e+02 -6.924943368058e+03 -3.033794990738e+03
9.313653568802e+02 -6.928410610816e+03 -3.026378259808e+03
9.295431019458e+02 -6.931869491111e+03 -3.018958028660e+03
9.277192701004e+02 -6.935320007565e+03 -3.011534305941e+03
9.258938646813e+02 -6.938762156073e+03 -3.004107100301e+03
9.240668890284e+02 -6.942195932539e+03 -2.996676420397e+03
9.222383464837e+02 -6.945621332878e+03 -2.989242274887e+03
9.204082403914e+02 -6.949038353013e+03 -2.981804672432e+03
9.185765537006e+02 -6.952446991576e+03 -2.974363621699e+03
9.167433305452e+02 -6.955847239114e+03 -2.966919131358e+03
9.149085538888e+02 -6.959239094283e+03 -2.959471210082e+03
9.130722270848e+02 -6.962622553048e+03 -2.952019866547e+03
9.112343534890e+02 -6.965997611384e+03 -2.944565109435e+03
9.093949364592e+02 -6.969364265276e+03 -2.937106947430e+03
9.075539793557e+02 -6.972722510718e+03 -2.929645389218e+03
9.057114855408e+02 -6.976072343716e+03 -2.922180443493e+03
9.038674379029e+02 -6.979413762937e+03 -2.914712118948e+03
9.020218807519e+02 -6.982746759097e+03 -2.907240424283e+03
9.001747969905e+02 -6.986071330889e+03 -2.899765368199e+03
8.983261899900e+02 -6.989387474358e+03 -2.892286959403e+03
8.964760631239e+02 -6.992695185560e+03 -2.884805206604e+03
8.946244197682e+02 -6.995994460561e+03 -2.877320118514e+03
8.927712633009e+02 -6.999285295436e+03 -2.869831703850e+03
8.909165765577e+02 -7.002567688885e+03 -2.862339971332e+03
8.890604040005e+02 -7.005841631772e+03 -2.854844929683e+03
8.872027284791e+02 -7.009107122821e+03 -2.847346587630e+03
8.853435533802e+02 -7.012364158150e+03 -2.839844953904e+03
8.834828820931e+02 -7.015612733884e+03 -2.832340037239e+03
8.816207180088e+02 -7.018852846160e+03 -2.824831846372e+03
8.797570645208e+02 -7.022084491125e+03 -2.817320390044e+03
8.778919250246e+02 -7.025307664936e+03 -2.809805677000e+03
8.760252822973e+02 -7.028522366330e+03 -2.802287715987e+03
8.741571809707e+02 -7.031728586338e+03 -2.794766515756e+03
8.722876038357e+02 -7.034926323724e+03 -2.787242085062e+03
8.704165542963e+02 -7.038115574685e+03 -2.779714432664e+03
8.685440357590e+02 -7.041296335428e+03 -2.772183567323e+03
8.666700516322e+02 -7.044468602172e+03 -2.764649497803e+03
8.647946053266e+02 -7.047632371144e+03 -2.757112232874e+03
8.629176795690e+02 -7.050787641114e+03 -2.749571781306e+03
8.610393191368e+02 -7.053934403262e+03 -2.742028151875e+03
8.591595067704e+02 -7.057072656384e+03 -2.734481353360e+03
8.572782458889e+02 -7.060202396748e+03 -2.726931394542e+03
8.553955399135e+02 -7.063323620633e+03 -2.719378284206e+03
8.535113922674e+02 -7.066436324329e+03 -2.711822031141e+03
8.516258063762e+02 -7.069540504134e+03 -2.704262644139e+03
8.497387649172e+02 -7.072636158851e+03 -2.696700131995e+03
8.478503128111e+02 -7.075723279808e+03 -2.689134503507e+03
8.459604327485e+02 -7.078801865834e+03 -2.681565767477e+03
8.440691281633e+02 -7.081871913269e+03 -2.673993932710e+03
8.421764024912e+02 -7.084933418463e+03 -2.666419008014e+03
8.402822591702e+02 -7.087986377777e+03 -2.658841002201e+03
8.383867016400e+02 -7.091030787581e+03 -2.651259924086e+03
8.364897333429e+02 -7.094066644257e+03 -2.643675782487e+03
8.345913369009e+02 -7.097093946644e+03 -2.636088586225e+03
8.326915573950e+02 -7.100112686241e+03 -2.628498344125e+03
8.307903774603e+02 -7.103122861914e+03 -2.620905065014e+03
8.288878005470e+02 -7.106124470084e+03 -2.613308757724e+03
8.269838301072e+02 -7.109117507185e+03 -2.605709431089e+03
8.250784695953e+02 -7.112101969658e+03 -2.598107093945e+03
8.231717224674e+02 -7.115077853956e+03 -2.590501755135e+03
8.212635712985e+02 -7.118045158952e+03 -2.582893423500e+03
8.193540613067e+02 -7.121003876293e+03 -2.575282107889e+03
8.174431750797e+02 -7.123954004879e+03 -2.567667817151e+03
8.155309160817e+02 -7.126895541204e+03 -2.560050560140e+03
8.136172877791e+02 -7.129828481770e+03 -2.552430345712e+03
8.117022936399e+02 -7.132752823093e+03 -2.544807182726e+03
8.097859371344e+02 -7.135668561697e+03 -2.537181080044e+03
8.078682217348e+02 -7.138575694117e+03 -2.529552046534e+03
8.059491299633e+02 -7.141474219262e+03 -2.521920091062e+03
8.040287071915e+02 -7.144364128953e+03 -2.514285222502e+03
8.021069359539e+02 -7.147245422125e+03 -2.506647449728e+03
8.001838197305e+02 -7.150118095355e+03 -2.499006781618e+03
7.982593620033e+02 -7.152982145227e+03 -2.491363227052e+03
7.963335662535e+02 -7.155837568315e+03 -2.483716794908e+03
7.944064359664e+02 -7.158684361220e+03 -2.476067494069e+03
7.924779536190e+02 -7.161522522884e+03 -2.468415333426e+03
7.905481647144e+02 -7.164352045280e+03 -2.460760321873e+03
7.886170517418e+02 -7.167172927374e+03 -2.453102468306e+03
7.866846181947e+02 -7.169985165817e+03 -2.445441781624e+03
7.847508675687e+02 -7.172788757265e+03 -2.437778270730e+03
7.828158033611e+02 -7.175583698389e+03 -2.430111944528e+03
7.808794290713e+02 -7.178369985866e+03 -2.422442811927e+03
7.789417271321e+02 -7.181147618672e+03 -2.414770881838e+03
7.770027431751e+02 -7.183916588931e+03 -2.407096163175e+03
7.750624596453e+02 -7.186676895643e+03 -2.399418664856e+03
7.731208800493e+02 -7.189428535528e+03 -2.391738395800e+03
7.711780078960e+02 -7.192171505318e+03 -2.384055364930e+03
7.692338466959e+02 -7.194905801754e+03 -2.376369581173e+03
7.672883999615e+02 -7.197631421587e+03 -2.368681053456e+03
7.653416712071e+02 -7.200348361578e+03 -2.360989790712e+03
7.633936428162e+02 -7.203056620741e+03 -2.353295801876e+03
7.614443605643e+02 -7.205756191372e+03 -2.345599095883e+03
7.594938068464e+02 -7.208447072509e+03 -2.337899681676e+03
7.575419851843e+02 -7.211129260956e+03 -2.330197568196e+03
7.555888991014e+02 -7.213802753526e+03 -2.322492764390e+03
7.536345521232e+02 -7.216467547043e+03 -2.314785279207e+03
7.516789477769e+02 -7.219123638342e+03 -2.307075121598e+03
7.497220684037e+02 -7.221771026467e+03 -2.299362300518e+03
7.477639599019e+02 -7.224409703868e+03 -2.291646824923e+03
7.458046046243e+02 -7.227039669615e+03 -2.283928703775e+03
7.438440061053e+02 -7.229660920586e+03 -2.276207946036e+03
7.418821678811e+02 -7.232273453665e+03 -2.268484560671e+03
7.399190934897e+02 -7.234877265750e+03 -2.260758556648e+03
7.379547864708e+02 -7.237472353747e+03 -2.253029942940e+03
7.359892503659e+02 -7.240058714574e+03 -2.245298728520e+03
7.340224674696e+02 -7.242636347312e+03 -2.237564922364e+03
7.320544838169e+02 -7.245205244587e+03 -2.229828533451e+03
7.300852817136e+02 -7.247765405506e+03 -2.222089570765e+03
7.281148647081e+02 -7.250316827029e+03 -2.214348043289e+03
7.261432363508e+02 -7.252859506125e+03 -2.206603960011e+03
7.241704001938e+02 -7.255393439773e+03 -2.198857329922e+03
7.221963597910e+02 -7.257918624965e+03 -2.191108162013e+03
7.202210973967e+02 -7.260435060812e+03 -2.183356465281e+03
7.182446591631e+02 -7.262942740096e+03 -2.175602248724e+03
7.162670273555e+02 -7.265441661956e+03 -2.167845521343e+03
7.142882055345e+02 -7.267931823424e+03 -2.160086292140e+03
7.123081972627e+02 -7.270413221542e+03 -2.152324570123e+03
7.103270061042e+02 -7.272885853363e+03 -2.144560364299e+03
7.083446356249e+02 -7.275349715951e+03 -2.136793683681e+03
7.063610893921e+02 -7.277804806379e+03 -2.129024537282e+03
7.043763496162e+02 -7.280251123798e+03 -2.121252934118e+03
7.023904625790e+02 -7.282688661162e+03 -2.113478883209e+03
7.004034105012e+02 -7.285117417650e+03 -2.105702393577e+03
6.984151969571e+02 -7.287537390377e+03 -2.097923474245e+03
6.964258255226e+02 -7.289948576468e+03 -2.090142134240e+03
6.944352997752e+02 -7.292350973060e+03 -2.082358382592e+03
6.924436232943e+02 -7.294744577300e+03 -2.074572228332e+03
6.904507782522e+02 -7.297129388370e+03 -2.066783680495e+03
6.884568110416e+02 -7.299505399381e+03 -2.058992748118e+03
6.864617038452e+02 -7.301872609543e+03 -2.051199440240e+03
6.844654602488e+02 -7.304231016044e+03 -2.043403765904e+03
6.824680838399e+02 -7.306580616084e+03 -2.035605734153e+03
6.804695782075e+02 -7.308921406873e+03 -2.027805354034e+03
6.784699469424e+02 -7.311253385629e+03 -2.020002634598e+03
6.764691721800e+02 -7.313576551569e+03 -2.012197584895e+03
6.744673004213e+02 -7.315890897958e+03 -2.004390213980e+03
6.724643138117e+02 -7.318196424039e+03 -1.996580530910e+03
6.704602159484e+02 -7.320493127073e+03 -1.988768544743e+03
6.684550104301e+02 -7.322781004333e+03 -1.980954264542e+03
6.664487008571e+02 -7.325060053102e+03 -1.973137699370e+03
6.644412908314e+02 -7.327330270673e+03 -1.965318858293e+03
6.624327839564e+02 -7.329591654351e+03 -1.957497750381e+03
6.604231623266e+02 -7.331844203387e+03 -1.949674384705e+03
6.584124725631e+02 -7.334087911225e+03 -1.941848770337e+03
6.564006967703e+02 -7.336322777144e+03 -1.934020916354e+03
6.543878385577e+02 -7.338548798491e+03 -1.926190831835e+03
6.523739015368e+02 -7.340765972622e+03 -1.918358525858e+03
6.503588893203e+02 -7.342974296903e+03 -1.910524007509e+03
6.483428055227e+02 -7.345173768712e+03 -1.902687285870e+03
6.463256322037e+02 -7.347364387334e+03 -1.894848370031e+03
6.443074160865e+02 -7.349546146369e+03 -1.887007269082e+03
6.422881392405e+02 -7.351719045128e+03 -1.879163992113e+03
6.402678052861e+02 -7.353883081031e+03 -1.871318548220e+03
6.382464178453e+02 -7.356038251508e+03 -1.863470946500e+03
6.362239805416e+02 -7.358184553999e+03 -1.855621196051e+03
6.342004969999e+02 -7.360321985956e+03 -1.847769305975e+03
6.321759708468e+02 -7.362450544841e+03 -1.839915285375e+03
6.301503841038e+02 -7.364570229975e+03 -1.832059143356e+03
6.281237836070e+02 -7.366681035136e+03 -1.824200889027e+03
6.260961513873e+02 -7.368782959674e+03 -1.816340531498e+03
6.240674910769e+02 -7.370876001091e+03 -1.808478079880e+03
6.220378063098e+02 -7.372960156903e+03 -1.800613543290e+03
6.200071007213e+02 -7.375035424635e+03 -1.792746930842e+03
6.179753779483e+02 -7.377101801822e+03 -1.784878251657e+03
6.159426199796e+02 -7.379159287818e+03 -1.777007514856e+03
6.139088737476e+02 -7.381207876560e+03 -1.769134729561e+03
6.118741212501e+02 -7.383247567427e+03 -1.761259904897e+03
6.098383661298e+02 -7.385278357998e+03 -1.753383049994e+03
6.078016120306e+02 -7.387300245861e+03 -1.745504173979e+03
6.057638625980e+02 -7.389313228616e+03 -1.737623285986e+03
6.037251214788e+02 -7.391317303871e+03 -1.729740395147e+03
6.016853706304e+02 -7.393312471013e+03 -1.721855510598e+03
5.996446570783e+02 -7.395298724135e+03 -1.713968641478e+03
5.976029627887e+02 -7.397276062650e+03 -1.706079796927e+03
5.955602914140e+02 -7.399244484210e+03 -1.698188986087e+03
5.935166466080e+02 -7.401203986478e+03 -1.690296218103e+03
5.914720320261e+02 -7.403154567126e+03 -1.682401502119e+03
5.894264513248e+02 -7.405096223839e+03 -1.674504847286e+03
5.873799081621e+02 -7.407028954310e+03 -1.666606262752e+03
5.853323844607e+02 -7.408952757961e+03 -1.658705757671e+03
5.832839273491e+02 -7.410867629068e+03 -1.650803341196e+03
5.812345187584e+02 -7.412773567080e+03 -1.642899022485e+03
5.791841623519e+02 -7.414670569733e+03 -1.634992810695e+03
5.771328617946e+02 -7.416558634775e+03 -1.627084714987e+03
5.750806207524e+02 -7.418437759963e+03 -1.619174744522e+03
5.730274428930e+02 -7.420307943066e+03 -1.611262908466e+03
5.709733101095e+02 -7.422169183538e+03 -1.603349215985e+03
5.689182696177e+02 -7.424021475813e+03 -1.595433676246e+03
5.668623033190e+02 -7.425864819371e+03 -1.587516298419e+03
5.648054148862e+02 -7.427699212023e+03 -1.579597091677e+03
5.627476079933e+02 -7.429524651591e+03 -1.571676065194e+03
5.606888863156e+02 -7.431341135908e+03 -1.563753228144e+03
5.586292535300e+02 -7.433148662815e+03 -1.555828589707e+03
5.565687133143e+02 -7.434947230166e+03 -1.547902159060e+03
5.545072475296e+02 -7.436736837452e+03 -1.539973945387e+03
5.524449034876e+02 -7.438517479287e+03 -1.532043957870e+03
5.503816630572e+02 -7.440289155190e+03 -1.524112205693e+03
5.483175299214e+02 -7.442051863057e+03 -1.516178698045e+03
5.462525077647e+02 -7.443805600793e+03 -1.508243444114e+03
5.441866002725e+02 -7.445550366316e+03 -1.500306453090e+03
5.421198111319e+02 -7.447286157553e+03 -1.492367734166e+03
5.400521221765e+02 -7.449012974028e+03 -1.484427296536e+03
5.379835807994e+02 -7.450730810514e+03 -1.476485149397e+03
5.359141688418e+02 -7.452439666562e+03 -1.468541301945e+03
5.338438899957e+02 -7.454139540141e+03 -1.460595763381e+03
5.317727479540e+02 -7.455830429233e+03 -1.452648542905e+03
5.297007464112e+02 -7.457512331830e+03 -1.444699649722e+03
5.276278890626e+02 -7.459185245935e+03 -1.436749093036e+03
5.255541796051e+02 -7.460849169559e+03 -1.428796882053e+03
5.234795998427e+02 -7.462504102263e+03 -1.420843025983e+03
5.214041972572e+02 -7.464150039003e+03 -1.412887534034e+03
5.193279536602e+02 -7.465786979365e+03 -1.404930415418e+03
5.172508727529e+02 -7.467414921405e+03 -1.396971679350e+03
5.151729582382e+02 -7.469033863189e+03 -1.389011335043e+03
5.130942138199e+02 -7.470643802793e+03 -1.381049391715e+03
5.110146432029e+02 -7.472244738306e+03 -1.373085858584e+03
5.089342281664e+02 -7.473836669318e+03 -1.365120744871e+03
5.068530162674e+02 -7.475419590946e+03 -1.357154059796e+03
5.047709892917e+02 -7.476993502808e+03 -1.349185812583e+03
5.026881509492e+02 -7.478558403035e+03 -1.341216012458e+03
5.006045049506e+02 -7.480114289767e+03 -1.333244668646e+03
4.985200550079e+02 -7.481661161155e+03 -1.325271790376e+03
4.964348048341e+02 -7.483199015363e+03 -1.317297386878e+03
4.943487361845e+02 -7.484727852012e+03 -1.309321467383e+03
4.922618966879e+02 -7.486247666379e+03 -1.301344041124e+03
4.901742681062e+02 -7.487758458115e+03 -1.293365117336e+03
4.880858541570e+02 -7.489260225425e+03 -1.285384705254e+03
4.859966585590e+02 -7.490752966524e+03 -1.277402814117e+03
4.839066850319e+02 -7.492236679639e+03 -1.269419453163e+03
4.818159372966e+02 -7.493711363006e+03 -1.261434631633e+03
4.797244190750e+02 -7.495177014872e+03 -1.253448358769e+03
4.776321120962e+02 -7.496633634897e+03 -1.245460643815e+03
4.755390640679e+02 -7.498081218542e+03 -1.237471496016e+03
4.734452567258e+02 -7.499519765493e+03 -1.229480924619e+03
4.713506937960e+02 -7.500949274040e+03 -1.221488938873e+03
4.692553790058e+02 -7.502369742485e+03 -1.213495548026e+03
4.671593160837e+02 -7.503781169140e+03 -1.205500761329e+03
4.650625087589e+02 -7.505183552325e+03 -1.197504588036e+03
4.629649387384e+02 -7.506576891724e+03 -1.189507037399e+03
4.608666537948e+02 -7.507961182941e+03 -1.181508118671e+03
4.587676356415e+02 -7.509336425694e+03 -1.173507841108e+03
4.566678880121e+02 -7.510702618348e+03 -1.165506213969e+03
4.545674146414e+02 -7.512059759279e+03 -1.157503246513e+03
4.524662192648e+02 -7.513407846874e+03 -1.149498948002e+03
4.503643056191e+02 -7.514746879530e+03 -1.141493327699e+03
4.482616774420e+02 -7.516076855656e+03 -1.133486394866e+03
4.461583164171e+02 -7.517397774979e+03 -1.125478158770e+03
4.440542703900e+02 -7.518709633303e+03 -1.117468628676e+03
4.419495210503e+02 -7.520012430384e+03 -1.109457813853e+03
4.398440721395e+02 -7.521306164672e+03 -1.101445723570e+03
4.377379274005e+02 -7.522590834629e+03 -1.093432367098e+03
4.356310905766e+02 -7.523866438728e+03 -1.085417753707e+03
4.335235654125e+02 -7.525132975451e+03 -1.077401892673e+03
4.314153335724e+02 -7.526390444559e+03 -1.069384793269e+03
4.293064429617e+02 -7.527638842018e+03 -1.061366464771e+03
4.271968752502e+02 -7.528878167616e+03 -1.053346916456e+03
4.250866341862e+02 -7.530108419879e+03 -1.045326157602e+03
4.229757235192e+02 -7.531329597343e+03 -1.037304197489e+03
4.208641469993e+02 -7.532541698555e+03 -1.029281045398e+03
4.187519083778e+02 -7.533744722075e+03 -1.021256710611e+03
4.166389893003e+02 -7.534938667694e+03 -1.013231202412e+03
4.145254377292e+02 -7.536123531540e+03 -1.005204530084e+03
4.124112353155e+02 -7.537299313432e+03 -9.971767029137e+02
4.102963858140e+02 -7.538466011971e+03 -9.891477301879e+02
4.081808929805e+02 -7.539623625770e+03 -9.811176211946e+02
4.060647605716e+02 -7.540772153451e+03 -9.730863852232e+02
4.039479923449e+02 -7.541911593647e+03 -9.650540315641e+02
4.018305920588e+02 -7.543041945003e+03 -9.570205695089e+02
3.997125413391e+02 -7.544163207346e+03 -9.489860083505e+02
3.975938882096e+02 -7.545275376990e+03 -9.409503573827e+02
3.954746143012e+02 -7.546378453791e+03 -9.329136259006e+02
3.933547233758e+02 -7.547472436435e+03 -9.248758232004e+02
3.912342191962e+02 -7.548557323620e+03 -9.168369585792e+02
3.891131055259e+02 -7.549633114056e+03 -9.087970413355e+02
3.869913861294e+02 -7.550699806460e+03 -9.007560807688e+02
3.848690426164e+02 -7.551757400694e+03 -8.927140861795e+02
3.827461230612e+02 -7.552805893232e+03 -8.846710668694e+02
3.806226090782e+02 -7.553845283961e+03 -8.766270321408e+02
3.784985044351e+02 -7.554875571644e+03 -8.685819912975e+02
3.763738129006e+02 -7.555896755054e+03 -8.605359536443e+02
3.742485382440e+02 -7.556908832974e+03 -8.524889284871e+02
3.721226842356e+02 -7.557911804199e+03 -8.444409251325e+02
3.699962546465e+02 -7.558905667535e+03 -8.363919528884e+02
3.678692310688e+02 -7.559890422877e+03 -8.283420210637e+02
3.657416616315e+02 -7.560866066888e+03 -8.202911389682e+02
3.636135279312e+02 -7.561832599490e+03 -8.122393159128e+02
3.614848337422e+02 -7.562790019532e+03 -8.041865612091e+02
3.593555828395e+02 -7.563738325873e+03 -7.961328841700e+02
3.572257789986e+02 -7.564677517383e+03 -7.880782941091e+02
3.550954259962e+02 -7.565607592944e+03 -7.800228003411e+02
3.529645054104e+02 -7.566528552481e+03 -7.719664121816e+02
3.508330654146e+02 -7.567440392820e+03 -7.639091389470e+02
3.487010875913e+02 -7.568343113917e+03 -7.558509899549e+02
3.465685757198e+02 -7.569236714694e+03 -7.477919745235e+02
3.444355335805e+02 -7.570121194087e+03 -7.397321019720e+02
3.423019649542e+02 -7.570996551040e+03 -7.316713816206e+02
3.401678736226e+02 -7.571862784511e+03 -7.236098227903e+02
3.380332633682e+02 -7.572719893465e+03 -7.155474348028e+02
3.358981157543e+02 -7.573567877867e+03 -7.074842269807e+02
3.337624790016e+02 -7.574406734726e+03 -6.994202086478e+02
3.316263346774e+02 -7.575236464035e+03 -6.913553891282e+02
3.294896865670e+02 -7.576057064802e+03 -6.832897777473e+02
3.273525384561e+02 -7.576868536050e+03 -6.752233838311e+02
3.252148941316e+02 -7.577670876810e+03 -6.671562167065e+02
3.230767573804e+02 -7.578464086124e+03 -6.590882857011e+02
3.209381097544e+02 -7.579248163988e+03 -6.510196001435e+02
3.187989995124e+02 -7.580023107575e+03 -6.429501693629e+02
3.166594082097e+02 -7.580788916908e+03 -6.348800026894e+02
3.145193396362e+02 -7.581545591074e+03 -6.268091094537e+02
3.123787975824e+02 -7.582293129168e+03 -6.187374989873e+02
3.102377858397e+02 -7.583031530298e+03 -6.106651806227e+02
3.080963081998e+02 -7.583760793581e+03 -6.025921636925e+02
3.059543462035e+02 -7.584480919043e+03 -5.945184575305e+02
3.038119481452e+02 -7.585191904023e+03 -5.864440714711e+02
3.016690955692e+02 -7.585893748575e+03 -5.783690148494e+02
2.995257922698e+02 -7.586586451860e+03 -5.702932970014e+02
2.973820420419e+02 -7.587270013050e+03 -5.622169272633e+02
2.952378486812e+02 -7.587944431328e+03 -5.541399149726e+02
2.930932159838e+02 -7.588609705888e+03 -5.460622694668e+02
2.909481477466e+02 -7.589265835933e+03 -5.379840000846e+02
2.888026254992e+02 -7.589912821527e+03 -5.299051161651e+02
2.866566975730e+02 -7.590550660195e+03 -5.218256270479e+02
2.845103455008e+02 -7.591179352026e+03 -5.137455420734e+02
2.823635730818e+02 -7.591798896269e+03 -5.056648705827e+02
2.802163841155e+02 -7.592409292183e+03 -4.975836219172e+02
2.780687824023e+02 -7.593010539035e+03 -4.895018054191e+02
2.759207717429e+02 -7.593602636107e+03 -4.814194304311e+02
2.737723336585e+02 -7.594185583491e+03 -4.733365062966e+02
2.716235165097e+02 -7.594759378878e+03 -4.652530423594e+02
2.694743018204e+02 -7.595324022390e+03 -4.571690479639e+02
2.673246933937e+02 -7.595879513348e+03 -4.490845324551e+02
2.651746950329e+02 -7.596425851088e+03 -4.409995051784e+02
2.630243105421e+02 -7.596963034955e+03 -4.329139754799e+02
2.608735437259e+02 -7.597491064303e+03 -4.248279527060e+02
2.587223983894e+02 -7.598009938499e+03 -4.167414462037e+02
2.565708560451e+02 -7.598519657674e+03 -4.086544653206e+02
2.544189650834e+02 -7.599020219704e+03 -4.005670194047e+02
2.522667070195e+02 -7.599511624747e+03 -3.924791178043e+02
2.501140856605e+02 -7.599993872211e+03 -3.843907698685e+02
2.479611048139e+02 -7.600466961519e+03 -3.763019849465e+02
2.458077682877e+02 -7.600930892101e+03 -3.682127723882e+02
2.436540798903e+02 -7.601385663399e+03 -3.601231415438e+02
2.415000211282e+02 -7.601831275575e+03 -3.520331017640e+02
2.393456404146e+02 -7.602267726670e+03 -3.439426623998e+02
2.371909192581e+02 -7.602695016872e+03 -3.358518328028e+02
2.350358614690e+02 -7.603113145667e+03 -3.277606223248e+02
2.328804708582e+02 -7.603522112551e+03 -3.196690403180e+02
2.307247512368e+02 -7.603921917032e+03 -3.115770961351e+02
2.285687064164e+02 -7.604312558627e+03 -3.034847991290e+02
2.264123178981e+02 -7.604694037529e+03 -2.953921586532e+02
2.242556341154e+02 -7.605066351943e+03 -2.872991840613e+02
2.220986365712e+02 -7.605429502090e+03 -2.792058847073e+02
2.199413290788e+02 -7.605783487530e+03 -2.711122699457e+02
2.177837154521e+02 -7.606128307837e+03 -2.630183491311e+02
2.156257995050e+02 -7.606463962593e+03 -2.549241316185e+02
2.134675850522e+02 -7.606790451391e+03 -2.468296267631e+02
2.113090759085e+02 -7.607107773836e+03 -2.387348439205e+02
2.091502535702e+02 -7.607415930157e+03 -2.306397924466e+02
2.069911664902e+02 -7.607714918745e+03 -2.225444816973e+02
2.048317961663e+02 -7.608004739860e+03 -2.144489210290e+02
2.026721464151e+02 -7.608285393147e+03 -2.063531197984e+02
2.005122210532e+02 -7.608556878265e+03 -1.982570873622e+02
1.983520238977e+02 -7.608819194884e+03 -1.901608330775e+02
1.961915587663e+02 -7.609072342684e+03 -1.820643663015e+02
1.940308071521e+02 -7.609316321925e+03 -1.739676963918e+02
1.918698175217e+02 -7.609551131164e+03 -1.658708327059e+02
1.897085713698e+02 -7.609776770690e+03 -1.577737846018e+02
1.875470725152e+02 -7.609993240226e+03 -1.496765614375e+02
1.853853247771e+02 -7.610200539505e+03 -1.415791725711e+02
1.832233319749e+02 -7.610398668274e+03 -1.334816273610e+02
1.810610979285e+02 -7.610587626288e+03 -1.253839351658e+02
1.788986264578e+02 -7.610767413315e+03 -1.172861053440e+02
1.767358990540e+02 -7.610938029649e+03 -1.091881472545e+02
1.745729641959e+02 -7.611099474036e+03 -1.010900702561e+02
1.724098033756e+02 -7.611251746801e+03 -9.299188370780e+01
1.702464204145e+02 -7.611394847752e+03 -8.489359696871e+01
1.680828191340e+02 -7.611528776712e+03 -7.679521939805e+01
1.659190033559e+02 -7.611653533512e+03 -6.869676035504e+01
1.637549769023e+02 -7.611769117995e+03 -6.059822919904e+01
1.615907212635e+02 -7.611875530487e+03 -5.249963528943e+01
1.594262849258e+02 -7.611972769898e+03 -4.440098798566e+01
1.572616493805e+02 -7.612060836585e+03 -3.630229664721e+01
1.550968184505e+02 -7.612139730433e+03 -2.820357063361e+01
1.529317959592e+02 -7.612209451338e+03 -2.010481930437e+01
1.507665857302e+02 -7.612269999208e+03 -1.200605201908e+01
1.486011915871e+02 -7.612321373961e+03 -3.907278137242e+00
1.464356173540e+02 -7.612363575527e+03 4.191492981557e+00
1.442698445216e+02 -7.612396604268e+03 1.229025197783e+01
1.421039215813e+02 -7.612420459284e+03 2.038898949205e+01
1.399378300244e+02 -7.612435140964e+03 2.848769616480e+01
1.377715736756e+02 -7.612440649281e+03 3.658636263661e+01
1.356051563599e+02 -7.612436984220e+03 4.468497954814e+01
1.334385819026e+02 -7.612424145775e+03 5.278353754009e+01
1.312718541290e+02 -7.612402133951e+03 6.088202725324e+01
1.291049545312e+02 -7.612370949142e+03 6.898043932851e+01
1.269379316021e+02 -7.612330590611e+03 7.707876440685e+01
1.247707668339e+02 -7.612281058780e+03 8.517699312937e+01
1.226034640529e+02 -7.612222353699e+03 9.327511613725e+01
1.204360270850e+02 -7.612154475426e+03 1.013731240718e+02
1.182684597569e+02 -7.612077424030e+03 1.094710075746e+02
1.161007658949e+02 -7.611991199594e+03 1.175687572871e+02
1.139329269936e+02 -7.611895802542e+03 1.256663638511e+02
1.117649915444e+02 -7.611791232302e+03 1.337638179087e+02
1.095969410417e+02 -7.611677489328e+03 1.418611101017e+02
1.074287793127e+02 -7.611554573745e+03 1.499582310727e+02
1.052605101843e+02 -7.611422485684e+03 1.580551714639e+02
1.030921374836e+02 -7.611281225274e+03 1.661519219177e+02
1.009236650380e+02 -7.611130792667e+03 1.742484730768e+02
9.875509667497e+01 -7.610971188029e+03 1.823448155843e+02
9.658641389307e+01 -7.610802411824e+03 1.904409400835e+02
9.441766517838e+01 -7.610624463666e+03 1.985368372180e+02
9.224883202922e+01 -7.610437344045e+03 2.066324976315e+02
9.007991827342e+01 -7.610241053173e+03 2.147279119682e+02
8.791092773886e+01 -7.610035591271e+03 2.228230708722e+02
8.574186425350e+01 -7.609820958572e+03 2.309179649883e+02
8.357273164534e+01 -7.609597155318e+03 2.390125849614e+02
8.140351141775e+01 -7.609364182003e+03 2.471069214366e+02
7.923425204897e+01 -7.609122038407e+03 2.552009650596e+02
7.706493504177e+01 -7.608870725052e+03 2.632947064760e+02
7.489556422433e+01 -7.608610242225e+03 2.713881363321e+02
7.272614342489e+01 -7.608340590222e+03 2.794812452744e+02
7.055667647169e+01 -7.608061769352e+03 2.875740239498e+02
6.838716719301e+01 -7.607773779934e+03 2.956664630055e+02
6.621761941711e+01 -7.607476622298e+03 3.037585530891e+02
6.404801465404e+01 -7.607170296973e+03 3.118502848484e+02
6.187840136954e+01 -7.606854803928e+03 3.199416489320e+02
5.970876107274e+01 -7.606530143720e+03 3.280326359886e+02
5.753909759192e+01 -7.606196316721e+03 3.361232366673e+02
5.536941475534e+01 -7.605853323316e+03 3.442134416177e+02
5.319971639121e+01 -7.605501163900e+03 3.523032414899e+02
5.103000632774e+01 -7.605139838877e+03 3.603926269343e+02
4.886026608191e+01 -7.604769348807e+03 3.684815886018e+02
4.669054410544e+01 -7.604389693826e+03 3.765701171438e+02
4.452082191412e+01 -7.604000874520e+03 3.846582032121e+02
4.235110333604e+01 -7.603602891339e+03 3.927458374590e+02
4.018139219920e+01 -7.603195744743e+03 4.008330105373e+02
3.801169233155e+01 -7.602779435202e+03 4.089197131003e+02
3.584200756099e+01 -7.602353963198e+03 4.170059358018e+02
3.367231941248e+01 -7.601919329322e+03 4.250916692962e+02
3.150267632078e+01 -7.601475533873e+03 4.331769042382e+02
2.933305980942e+01 -7.601022577470e+03 4.412616312833e+02
2.716347370597e+01 -7.600560460639e+03 4.493458410873e+02
2.499392183792e+01 -7.600089183914e+03 4.574295243068e+02
2.282440803264e+01 -7.599608747842e+03 4.655126715988e+02
2.065493611742e+01 -7.599119152981e+03 4.735952736209e+02
1.848550991942e+01 -7.598620399898e+03 4.816773210313e+02
1.631611097401e+01 -7.598112489220e+03 4.897588044889e+02
1.414678769301e+01 -7.597595421435e+03 4.978397146529e+02
1.197752161005e+01 -7.597069197198e+03 5.059200421836e+02
9.808316551804e+00 -7.596533817120e+03 5.139997777414e+02
7.639176344801e+00 -7.595989281822e+03 5.220789119878e+02
5.470104815437e+00 -7.595435591939e+03 5.301574355845e+02
3.301105789946e+00 -7.594872748114e+03 5.382353391942e+02
1.132160813904e+00 -7.594300751004e+03 5.463126134802e+02
-1.036681724034e+00 -7.593719601263e+03 5.543892491063e+02
-3.205440280296e+00 -7.593129299576e+03 5.624652367371e+02
-5.374111029301e+00 -7.592529846631e+03 5.705405670381e+02
-7.542690145639e+00 -7.591921243124e+03 5.786152306750e+02
-9.711173804089e+00 -7.591303489765e+03 5.866892183147e+02
-1.187955817963e+01 -7.590676587274e+03 5.947625206246e+02
-1.404783944742e+01 -7.590040536379e+03 6.028351282728e+02
-1.621603604894e+01 -7.589395337776e+03 6.109070319283e+02
-1.838409962559e+01 -7.588740992304e+03 6.189782222607e+02
-2.055204862119e+01 -7.588077500685e+03 6.270486899404e+02
-2.271987921174e+01 -7.587404863693e+03 6.351184256384e+02
-2.488758757349e+01 -7.586723082112e+03 6.431874200269e+02
-2.705516988288e+01 -7.586032156738e+03 6.512556637783e+02
-2.922262231663e+01 -7.585332088377e+03 6.593231475663e+02
-3.138996330376e+01 -7.584622877752e+03 6.673898620652e+02
-3.355714451514e+01 -7.583904525871e+03 6.754557979502e+02
-3.572418438239e+01 -7.583177033486e+03 6.835209458972e+02
-3.789107908319e+01 -7.582440401445e+03 6.915852965831e+02
-4.005782479550e+01 -7.581694630609e+03 6.996488406855e+02
-4.222441769753e+01 -7.580939721850e+03 7.077115688830e+02
-4.439085396777e+01 -7.580175676048e+03 7.157734718551e+02
-4.655712978500e+01 -7.579402494096e+03 7.238345402820e+02
-4.872326356278e+01 -7.578620176755e+03 7.318947648449e+02
-5.088920700911e+01 -7.577828725218e+03 7.399541362259e+02
-5.305497854044e+01 -7.577028140274e+03 7.480126451081e+02
-5.522057433671e+01 -7.576218422858e+03 7.560702821753e+02
-5.738599057815e+01 -7.575399573916e+03 7.641270381124e+02
-5.955122344533e+01 -7.574571594406e+03 7.721829036052e+02
-6.171626911912e+01 -7.573734485296e+03 7.802378693404e+02
-6.388114599842e+01 -7.572888247378e+03 7.882919260058e+02
-6.604580582688e+01 -7.572032882009e+03 7.963450642901e+02
-6.821026700653e+01 -7.571168390010e+03 8.043972748828e+02
-7.037452571958e+01 -7.570294772391e+03 8.124485484746e+02
-7.253857814860e+01 -7.569412030174e+03 8.204988757573e+02
-7.470242047649e+01 -7.568520164394e+03 8.285482474234e+02
-7.686604888652e+01 -7.567619176093e+03 8.365966541667e+02
-7.902948176189e+01 -7.566709066093e+03 8.446440866819e+02
-8.119267088476e+01 -7.565789835919e+03 8.526905356646e+02
-8.335563464175e+01 -7.564861486420e+03 8.607359918118e+02
-8.551836921760e+01 -7.563924018683e+03 8.687804458212e+02
-8.768087079748e+01 -7.562977433807e+03 8.768238883919e+02
-8.984313556689e+01 -7.562021732898e+03 8.848663102239e+02
-9.200515971178e+01 -7.561056917078e+03 8.929077020182e+02
-9.416693941846e+01 -7.560082987475e+03 9.009480544770e+02
-9.632849305094e+01 -7.559099944948e+03 9.089873583037e+02
-9.848977243896e+01 -7.558107791208e+03 9.170256042026e+02
-1.006507959502e+02 -7.557106527140e+03 9.250627828795e+02
-1.028115597727e+02 -7.556096153918e+03 9.330988850409e+02
-1.049720600949e+02 -7.555076672726e+03 9.411339013946e+02
-1.071322931056e+02 -7.554048084758e+03 9.491678226498e+02
-1.092922549942e+02 -7.553010391220e+03 9.572006395166e+02
-1.114519641067e+02 -7.551963593001e+03 9.652323427063e+02
-1.136113723175e+02 -7.550907691977e+03 9.732629229316e+02
-1.157704979769e+02 -7.549842689063e+03 9.812923709060e+02
-1.179293372758e+02 -7.548768585509e+03 9.893206773446e+02
-1.200878864059e+02 -7.547685382575e+03 9.973478329635e+02
-1.222461415592e+02 -7.546593081530e+03 1.005373828480e+03
-1.244040989284e+02 -7.545491683655e+03 1.013398654613e+03
-1.265617547065e+02 -7.544381190242e+03 1.021422302082e+03
-1.287191272177e+02 -7.543261602216e+03 1.029444761609e+03
-1.308761683913e+02 -7.542132921639e+03 1.037466023915e+03
-1.330328965558e+02 -7.540995149463e+03 1.045486079725e+03
-1.351893079064e+02 -7.539848287024e+03 1.053504919763e+03
-1.373453986385e+02 -7.538692335667e+03 1.061522534756e+03
-1.395011649483e+02 -7.537527296748e+03 1.069538915431e+03
-1.416566030324e+02 -7.536353171635e+03 1.077554052517e+03
-1.438117311949e+02 -7.535169961282e+03 1.085567936744e+03
-1.459665014160e+02 -7.533977667917e+03 1.093580558845e+03
-1.481209320044e+02 -7.532776292523e+03 1.101591909551e+03
-1.502750191588e+02 -7.531565836510e+03 1.109601979597e+03
-1.524287590786e+02 -7.530346301299e+03 1.117610759718e+03
-1.545821479638e+02 -7.529117688321e+03 1.125618240652e+03
-1.567351820147e+02 -7.527879999020e+03 1.133624413137e+03
-1.588878574323e+02 -7.526633234847e+03 1.141629267913e+03
-1.610401924966e+02 -7.525377396794e+03 1.149632795720e+03
-1.631921392494e+02 -7.524112487275e+03 1.157634987302e+03
-1.653437159756e+02 -7.522838507309e+03 1.165635833402e+03
-1.674949188784e+02 -7.521555458391e+03 1.173635324766e+03
-1.696457441618e+02 -7.520263342029e+03 1.181633452141e+03
-1.717961880304e+02 -7.518962159740e+03 1.189630206275e+03
-1.739462466894e+02 -7.517651913053e+03 1.197625577918e+03
-1.760959383964e+02 -7.516332602989e+03 1.205619557821e+03
-1.782452152502e+02 -7.515004232127e+03 1.213612136736e+03
-1.803940955137e+02 -7.513666801515e+03 1.221603305419e+03
-1.825425753945e+02 -7.512320312725e+03 1.229593054625e+03
-1.846906511009e+02 -7.510964767340e+03 1.237581375110e+03
-1.868383188420e+02 -7.509600166952e+03 1.245568257635e+03
-1.889855748273e+02 -7.508226513165e+03 1.253553692959e+03
-1.911324372911e+02 -7.506843807032e+03 1.261537671844e+03
-1.932788583923e+02 -7.505452051294e+03 1.269520185053e+03
-1.954248563705e+02 -7.504051247032e+03 1.277501223352e+03
-1.975704274380e+02 -7.502641395892e+03 1.285480777507e+03
-1.997155678078e+02 -7.501222499531e+03 1.293458838286e+03
-2.018602736934e+02 -7.499794559617e+03 1.301435396459e+03
-2.040045413092e+02 -7.498357577829e+03 1.309410442797e+03
-2.061483668703e+02 -7.496911555856e+03 1.317383968074e+03
-2.082917685828e+02 -7.495456494787e+03 1.325355963062e+03
-2.104346986778e+02 -7.493992397548e+03 1.333326418540e+03
-2.125771753673e+02 -7.492519265256e+03 1.341295325284e+03
-2.147191948691e+02 -7.491037099644e+03 1.349262674075e+03
-2.168607534017e+02 -7.489545902454e+03 1.357228455692e+03
-2.190018471846e+02 -7.488045675439e+03 1.365192660920e+03
-2.211424724377e+02 -7.486536420364e+03 1.373155280542e+03
-2.232826473417e+02 -7.485018138350e+03 1.381116305345e+03
-2.254223241939e+02 -7.483490832484e+03 1.389075726116e+03
-2.275615211808e+02 -7.481954503916e+03 1.397033533646e+03
-2.297002345256e+02 -7.480409154452e+03 1.404989718724e+03
-2.318384604520e+02 -7.478854785910e+03 1.412944272146e+03
-2.339761951845e+02 -7.477291400118e+03 1.420897184704e+03
-2.361134349485e+02 -7.475718998915e+03 1.428848447196e+03
-2.382501759702e+02 -7.474137584153e+03 1.436798050419e+03
-2.403864363997e+02 -7.472547156985e+03 1.444745985175e+03
-2.425221686134e+02 -7.470947720687e+03 1.452692242264e+03
-2.446573907677e+02 -7.469339276442e+03 1.460636812491e+03
-2.467920990921e+02 -7.467721826144e+03 1.468579686660e+03
-2.489262898164e+02 -7.466095371695e+03 1.476520855580e+03
-2.510599591718e+02 -7.464459915009e+03 1.484460310058e+03
-2.531931033898e+02 -7.462815458011e+03 1.492398040905e+03
-2.553257405930e+02 -7.461162001887e+03 1.500334038935e+03
-2.574578232301e+02 -7.459499550076e+03 1.508268294962e+03
-2.595893694297e+02 -7.457828103783e+03 1.516200799801e+03
-2.617203754264e+02 -7.456147664963e+03 1.524131544267e+03
-2.638508374562e+02 -7.454458235594e+03 1.532060519180e+03
-2.659807517558e+02 -7.452759817663e+03 1.539987715362e+03
-2.681101145627e+02 -7.451052413172e+03 1.547913123637e+03
-2.702389439706e+02 -7.449336023336e+03 1.555836734831e+03
-2.723671925035e+02 -7.447610651757e+03 1.563758539771e+03
-2.744948782617e+02 -7.445876299679e+03 1.571678529287e+03
-2.766219974864e+02 -7.444132969145e+03 1.579596694211e+03
-2.787485464196e+02 -7.442380662208e+03 1.587513025376e+03
-2.808745213040e+02 -7.440619380930e+03 1.595427513617e+03
-2.829999183836e+02 -7.438849127386e+03 1.603340149773e+03
-2.851247339028e+02 -7.437069903661e+03 1.611250924681e+03
-2.872489859214e+02 -7.435281711008e+03 1.619159829184e+03
-2.893726270526e+02 -7.433484553212e+03 1.627066854125e+03
-2.914956753630e+02 -7.431678431553e+03 1.634971990349e+03
-2.936181271010e+02 -7.429863348160e+03 1.642875228704e+03
-2.957399785158e+02 -7.428039305169e+03 1.650776560038e+03
-2.978612258577e+02 -7.426206304729e+03 1.658675975204e+03
-2.999818653777e+02 -7.424364349001e+03 1.666573465055e+03
-3.021019151046e+02 -7.422513439267e+03 1.674469020447e+03
-3.042213277329e+02 -7.420653579476e+03 1.682362632236e+03
-3.063401212985e+02 -7.418784770937e+03 1.690254291283e+03
-3.084582920565e+02 -7.416907015853e+03 1.698143988449e+03
-3.105758362627e+02 -7.415020316437e+03 1.706031714598e+03
-3.126927501742e+02 -7.413124674912e+03 1.713917460597e+03
-3.148090300488e+02 -7.411220093511e+03 1.721801217312e+03
-3.169246721454e+02 -7.409306574480e+03 1.729682975615e+03
-3.190396944561e+02 -7.407384119136e+03 1.737562726377e+03
-3.211540497718e+02 -7.405452731612e+03 1.745440460473e+03
-3.232677560922e+02 -7.403512413255e+03 1.753316168779e+03
-3.253808096801e+02 -7.401563166351e+03 1.761189842175e+03
-3.274932067996e+02 -7.399604993197e+03 1.769061471540e+03
-3.296049437155e+02 -7.397637896103e+03 1.776931047759e+03
-3.317160166938e+02 -7.395661877386e+03 1.784798561717e+03
-3.338264436935e+02 -7.393676938398e+03 1.792664004300e+03
-3.359361775928e+02 -7.391683083430e+03 1.800527366399e+03
-3.380452363587e+02 -7.389680313859e+03 1.808388638905e+03
-3.401536162613e+02 -7.387668632047e+03 1.816247812713e+03
-3.422613135716e+02 -7.385648040366e+03 1.824104878719e+03
-3.443683245620e+02 -7.383618541198e+03 1.831959827821e+03
-3.464746455059e+02 -7.381580136936e+03 1.839812650921e+03
-3.485802726775e+02 -7.379532829984e+03 1.847663338921e+03
-3.506852239968e+02 -7.377476621727e+03 1.855511882727e+03
-3.527894524454e+02 -7.375411516641e+03 1.863358273247e+03
-3.548929759515e+02 -7.373337516140e+03 1.871202501391e+03
-3.569957907937e+02 -7.371254622669e+03 1.879044558070e+03
-3.590978932519e+02 -7.369162838685e+03 1.886884434200e+03
-3.611992796070e+02 -7.367062166656e+03 1.894722120698e+03
-3.632999461412e+02 -7.364952609059e+03 1.902557608483e+03
-3.653999107389e+02 -7.362834167310e+03 1.910390888476e+03
-3.674991264756e+02 -7.360706846046e+03 1.918221951601e+03
-3.695976112442e+02 -7.358570646711e+03 1.926050788785e+03
-3.716953613313e+02 -7.356425571826e+03 1.933877390956e+03
-3.737923730247e+02 -7.354271623920e+03 1.941701749046e+03
-3.758886426132e+02 -7.352108805536e+03 1.949523853989e+03
-3.779841663868e+02 -7.349937119224e+03 1.957343696718e+03
-3.800789621939e+02 -7.347756566433e+03 1.965161268175e+03
-3.821729832060e+02 -7.345567151959e+03 1.972976559298e+03
-3.842662472802e+02 -7.343368877276e+03 1.980789561031e+03
-3.863587507113e+02 -7.341161744980e+03 1.988600264321e+03
-3.884504897949e+02 -7.338945757674e+03 1.996408660114e+03
-3.905414608282e+02 -7.336720917974e+03 2.004214739361e+03
-3.926316601095e+02 -7.334487228506e+03 2.012018493017e+03
-3.947210839380e+02 -7.332244691905e+03 2.019819912035e+03
-3.968097501196e+02 -7.329993309654e+03 2.027618987374e+03
-3.988976119393e+02 -7.327733086734e+03 2.035415709995e+03
-4.009846872117e+02 -7.325464024653e+03 2.043210070860e+03
-4.030709722412e+02 -7.323186126091e+03 2.051002060936e+03
-4.051564633333e+02 -7.320899393736e+03 2.058791671190e+03
-4.072411567945e+02 -7.318603830287e+03 2.066578892593e+03
-4.093250489330e+02 -7.316299438455e+03 2.074363716118e+03
-4.114081575159e+02 -7.313986219754e+03 2.082146132740e+03
-4.134904359308e+02 -7.311664179322e+03 2.089926133440e+03
-4.155719019541e+02 -7.309333318700e+03 2.097703709196e+03
-4.176525518987e+02 -7.306993640640e+03 2.105478850993e+03
-4.197323820790e+02 -7.304645147904e+03 2.113251549817e+03
-4.218113888104e+02 -7.302287843267e+03 2.121021796657e+03
-4.238895684095e+02 -7.299921729511e+03 2.128789582503e+03
-4.259669171945e+02 -7.297546809431e+03 2.136554898351e+03
-4.280434528875e+02 -7.295163084576e+03 2.144317735196e+03
-4.301191289963e+02 -7.292770560265e+03 2.152078084038e+03
-4.321939632528e+02 -7.290369238076e+03 2.159835935879e+03
-4.342679519799e+02 -7.287959120845e+03 2.167591281724e+03
-4.363410915024e+02 -7.285540211417e+03 2.175344112580e+03
-4.384133781460e+02 -7.283112512650e+03 2.183094419456e+03
-4.404848082377e+02 -7.280676027413e+03 2.190842193366e+03
-4.425553994593e+02 -7.278230757284e+03 2.198587425326e+03
-4.446251054269e+02 -7.275776707743e+03 2.206330106352e+03
-4.466939438321e+02 -7.273313880396e+03 2.214070227467e+03
-4.487619110072e+02 -7.270842278154e+03 2.221807779693e+03
-4.508290032860e+02 -7.268361903936e+03 2.229542754057e+03
-4.528952170038e+02 -7.265872760674e+03 2.237275141589e+03
-4.549605484970e+02 -7.263374851307e+03 2.245004933320e+03
-4.570250154058e+02 -7.260868177446e+03 2.252732120285e+03
-4.590885714574e+02 -7.258352744730e+03 2.260456693521e+03
-4.611512343022e+02 -7.255828554795e+03 2.268178644070e+03
-4.632130002821e+02 -7.253295610625e+03 2.275897962973e+03
-4.652738657405e+02 -7.250753915213e+03 2.283614641277e+03
-4.673338270221e+02 -7.248203471563e+03 2.291328670030e+03
-4.693928804731e+02 -7.245644282688e+03 2.299040040285e+03
-4.714510224411e+02 -7.243076351613e+03 2.306748743096e+03
-4.735082705176e+02 -7.240499679985e+03 2.314454769519e+03
-4.755645785603e+02 -7.237914273622e+03 2.322158110616e+03
-4.776199641710e+02 -7.235320134195e+03 2.329858757449e+03
-4.796744237031e+02 -7.232717264772e+03 2.337556701084e+03
-4.817279535111e+02 -7.230105668429e+03 2.345251932590e+03
-4.837805499512e+02 -7.227485348253e+03 2.352944443039e+03
-4.858322093808e+02 -7.224856307343e+03 2.360634223506e+03
-4.878829493479e+02 -7.222218547374e+03 2.368321265068e+03
-4.899327238272e+02 -7.219572074323e+03 2.376005558806e+03
-4.919815503773e+02 -7.216916889892e+03 2.383687095803e+03
-4.940294253616e+02 -7.214252997222e+03 2.391365867146e+03
-4.960763451448e+02 -7.211580399461e+03 2.399041863924e+03
-4.981223060932e+02 -7.208899099770e+03 2.406715077229e+03
-5.001673045746e+02 -7.206209101320e+03 2.414385498158e+03
-5.022113369581e+02 -7.203510407292e+03 2.422053117808e+03
-5.042544207407e+02 -7.200803019397e+03 2.429717927281e+03
-5.062965100344e+02 -7.198086943789e+03 2.437379917680e+03
-5.083376223469e+02 -7.195362182209e+03 2.445039080115e+03
-5.103777540535e+02 -7.192628737878e+03 2.452695405695e+03
-5.124169015309e+02 -7.189886614029e+03 2.460348885533e+03
-5.144550611575e+02 -7.187135813906e+03 2.467999510747e+03
-5.164922293128e+02 -7.184376340762e+03 2.475647272456e+03
-5.185284234481e+02 -7.181608196339e+03 2.483292161782e+03
-5.205635977985e+02 -7.178831386950e+03 2.490934169852e+03
-5.225977698263e+02 -7.176045914363e+03 2.498573287794e+03
-5.246309359173e+02 -7.173251781874e+03 2.506209506740e+03
-5.266630924591e+02 -7.170448992788e+03 2.513842817826e+03
-5.286942358408e+02 -7.167637550421e+03 2.521473212190e+03
-5.307243624528e+02 -7.164817458098e+03 2.529100680973e+03
-5.327534686873e+02 -7.161988719158e+03 2.536725215320e+03
-5.347815719420e+02 -7.159151335378e+03 2.544346806378e+03
-5.368086265961e+02 -7.156305313246e+03 2.551965445298e+03
-5.388346500587e+02 -7.153450654568e+03 2.559581123235e+03
-5.408596387282e+02 -7.150587362721e+03 2.567193831344e+03
-5.428835890047e+02 -7.147715441094e+03 2.574803560788e+03
-5.449064972899e+02 -7.144834893086e+03 2.582410302729e+03
-5.469283599871e+02 -7.141945722105e+03 2.590014048335e+03
-5.489491944460e+02 -7.139047929960e+03 2.597614788774e+03
-5.509689551749e+02 -7.136141523296e+03 2.605212515221e+03
-5.529876595353e+02 -7.133226503949e+03 2.612807218852e+03
-5.550053039369e+02 -7.130302875367e+03 2.620398890847e+03
-5.570218847912e+02 -7.127370641013e+03 2.627987522389e+03
-5.590373985111e+02 -7.124429804356e+03 2.635573104663e+03
-5.610518415114e+02 -7.121480368878e+03 2.643155628861e+03
-5.630652310930e+02 -7.118522336419e+03 2.650735086173e+03
-5.650775218958e+02 -7.115555713777e+03 2.658311467798e+03
-5.670887312329e+02 -7.112580502820e+03 2.665884764933e+03
-5.690988555256e+02 -7.109596707070e+03 2.673454968782e+03
-5.711078911968e+02 -7.106604330059e+03 2.681022070551e+03
-5.731158346712e+02 -7.103603375329e+03 2.688586061450e+03
-5.751226823751e+02 -7.100593846435e+03 2.696146932690e+03
-5.771284307365e+02 -7.097575746940e+03 2.703704675489e+03
-5.791330969995e+02 -7.094549078718e+03 2.711259281066e+03
-5.811366359580e+02 -7.091513848746e+03 2.718810740644e+03
-5.831390648682e+02 -7.088470058925e+03 2.726359045448e+03
-5.851403801650e+02 -7.085417712859e+03 2.733904186709e+03
-5.871405782850e+02 -7.082356814163e+03 2.741446155660e+03
-5.891396556664e+02 -7.079287366462e+03 2.748984943537e+03
-5.911376087492e+02 -7.076209373392e+03 2.756520541580e+03
-5.931344547266e+02 -7.073122836858e+03 2.764052941033e+03
-5.951301485301e+02 -7.070027763990e+03 2.771582133142e+03
-5.971247073653e+02 -7.066924156719e+03 2.779108109158e+03
-5.991181276793e+02 -7.063812018723e+03 2.786630860333e+03
-6.011104059207e+02 -7.060691353688e+03 2.794150377927e+03
-6.031015385395e+02 -7.057562165304e+03 2.801666653196e+03
-6.050915219868e+02 -7.054424457266e+03 2.809179677399e+03
-6.070803527166e+02 -7.051278233291e+03 2.816689441806e+03
-6.090680478629e+02 -7.048123495319e+03 2.824195937686e+03
-6.110545625175e+02 -7.044960250656e+03 2.831699156314e+03
-6.130399138274e+02 -7.041788501270e+03 2.839199088968e+03
-6.150240982534e+02 -7.038608250917e+03 2.846695726931e+03
-6.170071122587e+02 -7.035419503366e+03 2.854189061487e+03
-6.189889523079e+02 -7.032222262397e+03 2.861679083926e+03
-6.209696148676e+02 -7.029016531796e+03 2.869165785539e+03
-6.229491170185e+02 -7.025802313535e+03 2.876649157623e+03
-6.249274139963e+02 -7.022579615073e+03 2.884129191477e+03
-6.269045228950e+02 -7.019348438407e+03 2.891605878404e+03
-6.288804401884e+02 -7.016108787367e+03 2.899079209711e+03
-6.308551623522e+02 -7.012860665791e+03 2.906549176709e+03
-6.328286858639e+02 -7.009604077531e+03 2.914015770712e+03
-6.348010072028e+02 -7.006339026446e+03 2.921478983037e+03
-6.367721433960e+02 -7.003065514538e+03 2.928938805006e+03
-6.387420498253e+02 -6.999783549418e+03 2.936395227943e+03
-6.407107435309e+02 -6.996493133114e+03 2.943848243178e+03
-6.426782209998e+02 -6.993194269527e+03 2.951297842043e+03
-6.446444787205e+02 -6.989886962567e+03 2.958744015873e+03
-6.466095131838e+02 -6.986571216156e+03 2.966186756009e+03
-6.485733208818e+02 -6.983247034225e+03 2.973626053794e+03
-6.505358983091e+02 -6.979914420714e+03 2.981061900576e+03
-6.524972624301e+02 -6.976573377662e+03 2.988494287704e+03
-6.544573687966e+02 -6.973223912852e+03 2.995923206534e+03
-6.564162343866e+02 -6.969866028348e+03 3.003348648424e+03
-6.583738557022e+02 -6.966499728131e+03 3.010770604736e+03
-6.603302292473e+02 -6.963125016193e+03 3.018189066837e+03
-6.622853515275e+02 -6.959741896537e+03 3.025604026095e+03
-6.642392190508e+02 -6.956350373174e+03 3.033015473884e+03
-6.661918487255e+02 -6.952950448173e+03 3.040423401581e+03
-6.681431962557e+02 -6.949542129468e+03 3.047827800568e+03
-6.700932785637e+02 -6.946125419154e+03 3.055228662229e+03
-6.720420921650e+02 -6.942700321283e+03 3.062625977953e+03
-6.739896335771e+02 -6.939266839919e+03 3.070019739131e+03
-6.759358993194e+02 -6.935824979133e+03 3.077409937162e+03
-6.778808859134e+02 -6.932374743009e+03 3.084796563444e+03
-6.798245898824e+02 -6.928916135639e+03 3.092179609382e+03
-6.817670280700e+02 -6.925449159127e+03 3.099559066383e+03
-6.837081563568e+02 -6.921973821580e+03 3.106934925860e+03
-6.856479916007e+02 -6.918490125127e+03 3.114307179228e+03
-6.875865303329e+02 -6.914998073900e+03 3.121675817907e+03
-6.895237690867e+02 -6.911497672045e+03 3.129040833320e+03
-6.914597043974e+02 -6.907988923713e+03 3.136402216895e+03
-6.933943328024e+02 -6.904471833068e+03 3.143759960063e+03
-6.953276710874e+02 -6.900946402244e+03 3.151114054259e+03
-6.972596752907e+02 -6.897412639498e+03 3.158464490923e+03
-6.991903622124e+02 -6.893870546990e+03 3.165811261497e+03
-7.011197283979e+02 -6.890320128923e+03 3.173154357429e+03
-7.030477703947e+02 -6.886761389511e+03 3.180493770171e+03
-7.049744847522e+02 -6.883194332978e+03 3.187829491176e+03
-7.068998680221e+02 -6.879618963556e+03 3.195161511905e+03
-7.088239167579e+02 -6.876035285490e+03 3.202489823820e+03
-7.107466476780e+02 -6.872443300949e+03 3.209814418389e+03
-7.126680170042e+02 -6.868843018360e+03 3.217135287083e+03
-7.145880414695e+02 -6.865234439919e+03 3.224452421376e+03
-7.165067176358e+02 -6.861617569907e+03 3.231765812749e+03
-7.184240420671e+02 -6.857992412621e+03 3.239075452685e+03
-7.203400113293e+02 -6.854358972362e+03 3.246381332671e+03
-7.222546219907e+02 -6.850717253444e+03 3.253683444198e+03
-7.241678907096e+02 -6.847067258068e+03 3.260981778762e+03
-7.260797738713e+02 -6.843408994809e+03 3.268276327863e+03
-7.279902881491e+02 -6.839742465893e+03 3.275567083004e+03
-7.298994301195e+02 -6.836067675673e+03 3.282854035693e+03
-7.318071963612e+02 -6.832384628513e+03 3.290137177443e+03
-7.337135834551e+02 -6.828693328786e+03 3.297416499769e+03
-7.356185879839e+02 -6.824993780875e+03 3.304691994192e+03
-7.375222265454e+02 -6.821285987011e+03 3.311963652236e+03
-7.394244556907e+02 -6.817569955919e+03 3.319231465429e+03
-7.413252920325e+02 -6.813845689853e+03 3.326495425304e+03
-7.432247321624e+02 -6.810113193237e+03 3.333755523399e+03
-7.451227726739e+02 -6.806372470504e+03 3.341011751255e+03
-7.470194101629e+02 -6.802623526098e+03 3.348264100415e+03
-7.489146412273e+02 -6.798866364470e+03 3.355512562431e+03
-7.508084624673e+02 -6.795100990085e+03 3.362757128856e+03
-7.527008904098e+02 -6.791327405206e+03 3.369997791247e+03
-7.545918817989e+02 -6.787545618728e+03 3.377234541168e+03
-7.564814531770e+02 -6.783755632941e+03 3.384467370184e+03
-7.583696011530e+02 -6.779957452346e+03 3.391696269866e+03
-7.602563223380e+02 -6.776151081457e+03 3.398921231790e+03
-7.621416133452e+02 -6.772336524796e+03 3.406142247534e+03
-7.640254707902e+02 -6.768513786896e+03 3.413359308682e+03
-7.659079111371e+02 -6.764682870051e+03 3.420572406822e+03
-7.677888913016e+02 -6.760843783301e+03 3.427781533546e+03
-7.696684277635e+02 -6.756996528968e+03 3.434986680450e+03
-7.715465171472e+02 -6.753141111623e+03 3.442187839136e+03
-7.734231560794e+02 -6.749277535848e+03 3.449385001208e+03
-7.752983411888e+02 -6.745405806234e+03 3.456578158275e+03
-7.771720691066e+02 -6.741525927383e+03 3.463767301953e+03
-7.790443364661e+02 -6.737637903906e+03 3.470952423858e+03
-7.809151596587e+02 -6.733741738132e+03 3.478133515613e+03
-7.827844957991e+02 -6.729837439269e+03 3.485310568846e+03
-7.846523612949e+02 -6.725925009673e+03 3.492483575187e+03
-7.865187527882e+02 -6.722004453994e+03 3.499652526273e+03
-7.883836669239e+02 -6.718075776892e+03 3.506817413743e+03
-7.902471003489e+02 -6.714138983038e+03 3.513978229242e+03
-7.921090497123e+02 -6.710194077111e+03 3.521134964419e+03
-7.939695313409e+02 -6.706241061472e+03 3.528287610927e+03
-7.958285025266e+02 -6.702279945474e+03 3.535436160424e+03
-7.976859796123e+02 -6.698310731503e+03 3.542580604573e+03
-7.995419592564e+02 -6.694333424277e+03 3.549720935040e+03
-8.013964381197e+02 -6.690348028525e+03 3.556857143497e+03
-8.032494128652e+02 -6.686354548987e+03 3.563989221618e+03
-8.051008801584e+02 -6.682352990411e+03 3.571117161086e+03
-8.069508562602e+02 -6.678343355187e+03 3.578240953583e+03
-8.087992986424e+02 -6.674325652814e+03 3.585360590800e+03
-8.106462235824e+02 -6.670299885708e+03 3.592476064430e+03
-8.124916277550e+02 -6.666266058655e+03 3.599587366171e+03
-8.143355078373e+02 -6.662224176453e+03 3.606694487727e+03
-8.161778605087e+02 -6.658174243910e+03 3.613797420804e+03
-8.180186824510e+02 -6.654116265843e+03 3.620896157116e+03
-8.198579703485e+02 -6.650050247077e+03 3.627990688377e+03
-8.216957403859e+02 -6.645976190039e+03 3.635081006309e+03
-8.235319502437e+02 -6.641894104391e+03 3.642167102639e+03
-8.253666161234e+02 -6.637803992583e+03 3.649248969095e+03
-8.271997347187e+02 -6.633705859480e+03 3.656326597414e+03
-8.290313027257e+02 -6.629599709959e+03 3.663399979334e+03
-8.308613168428e+02 -6.625485548904e+03 3.670469106600e+03
-8.326897737711e+02 -6.621363381210e+03 3.677533970961e+03
-8.345166896277e+02 -6.617233209333e+03 3.684594564169e+03
-8.363420222783e+02 -6.613095043077e+03 3.691650877984e+03
-8.381657878572e+02 -6.608948884925e+03 3.698702904167e+03
-8.399879830748e+02 -6.604794739810e+03 3.705750634486e+03
-8.418086046443e+02 -6.600632612674e+03 3.712794060714e+03
-8.436276492811e+02 -6.596462508471e+03 3.719833174627e+03
-8.454451137029e+02 -6.592284432163e+03 3.726867968006e+03
-8.472609946302e+02 -6.588098388722e+03 3.733898432638e+03
-8.490753081018e+02 -6.583904380639e+03 3.740924560314e+03
-8.508880121983e+02 -6.579702417883e+03 3.747946342829e+03
-8.526991229759e+02 -6.575492502968e+03 3.754963771984e+03
-8.545086371646e+02 -6.571274640905e+03 3.761976839584e+03
-8.563165514971e+02 -6.567048836716e+03 3.768985537438e+03
-8.581228627086e+02 -6.562815095428e+03 3.775989857362e+03
-8.599275675364e+02 -6.558573422084e+03 3.782989791175e+03
-8.617306819502e+02 -6.554323819202e+03 3.789985330700e+03
-8.635321642212e+02 -6.550066296895e+03 3.796976467768e+03
-8.653320303362e+02 -6.545800857706e+03 3.803963194211e+03
-8.671302770429e+02 -6.541527506714e+03 3.810945501868e+03
-8.689269010913e+02 -6.537246249007e+03 3.817923382584e+03
-8.707218992339e+02 -6.532957089682e+03 3.824896828205e+03
-8.725152682258e+02 -6.528660033847e+03 3.831865830586e+03
-8.743070048247e+02 -6.524355086616e+03 3.838830381584e+03
-8.760971249195e+02 -6.520042250547e+03 3.845790473061e+03
-8.778855870025e+02 -6.515721535910e+03 3.852746096886e+03
-8.796724069805e+02 -6.511392945286e+03 3.859697244932e+03
-8.814575816211e+02 -6.507056483828e+03 3.866643909075e+03
-8.832411076948e+02 -6.502712156702e+03 3.873586081198e+03
-8.850229819742e+02 -6.498359969081e+03 3.880523753188e+03
-8.868032012349e+02 -6.493999926149e+03 3.887456916937e+03
-8.885817812944e+02 -6.489632030491e+03 3.894385564343e+03
-8.903586808413e+02 -6.485256292519e+03 3.901309687308e+03
-8.921339157110e+02 -6.480872714843e+03 3.908229277738e+03
-8.939074826893e+02 -6.476481302685e+03 3.915144327545e+03
-8.956793785645e+02 -6.472082061275e+03 3.922054828646e+03
-8.974496001274e+02 -6.467674995855e+03 3.928960772963e+03
-8.992181441715e+02 -6.463260111674e+03 3.935862152423e+03
-9.009850264421e+02 -6.458837411349e+03 3.942758958958e+03
-9.027502058264e+02 -6.454406905430e+03 3.949651184504e+03
-9.045136980879e+02 -6.449968596557e+03 3.956538821003e+03
-9.062755000306e+02 -6.445522490019e+03 3.963421860403e+03
-9.080356084609e+02 -6.441068591113e+03 3.970300294654e+03
-9.097940201880e+02 -6.436606905147e+03 3.977174115714e+03
-9.115507320237e+02 -6.432137437436e+03 3.984043315545e+03
-9.133057407824e+02 -6.427660193307e+03 3.990907886114e+03
-9.150590621255e+02 -6.423175175408e+03 3.997767819391e+03
-9.168106551686e+02 -6.418682394437e+03 4.004623107347e+03
-9.185605355914e+02 -6.414181853066e+03 4.011473741961e+03
-9.203087002189e+02 -6.409673556657e+03 4.018319715221e+03
-9.220551458788e+02 -6.405157510585e+03 4.025161019119e+03
-9.237998694014e+02 -6.400633720233e+03 4.031997645653e+03
-9.255428676198e+02 -6.396102190991e+03 4.038829586825e+03
-9.272841561214e+02 -6.391562925542e+03 4.045656834644e+03
-9.290236942275e+02 -6.387015934732e+03 4.052479381121e+03
-9.307614975444e+02 -6.382461221264e+03 4.059297218274e+03
-9.324975629157e+02 -6.377898790570e+03 4.066110338128e+03
-9.342318871880e+02 -6.373328648087e+03 4.072918732708e+03
-9.359644672103e+02 -6.368750799266e+03 4.079722394051e+03
-9.376952998347e+02 -6.364165249562e+03 4.086521314193e+03
-9.394243819156e+02 -6.359572004444e+03 4.093315485178e+03
-9.411517289549e+02 -6.354971066628e+03 4.100104899057e+03
-9.428773005102e+02 -6.350362447117e+03 4.106889547883e+03
-9.446011121021e+02 -6.345746148649e+03 4.113669423715e+03
-9.463231605962e+02 -6.341122176731e+03 4.120444518619e+03
-9.480434428607e+02 -6.336490536876e+03 4.127214824663e+03
-9.497619557667e+02 -6.331851234608e+03 4.133980333925e+03
-9.514786961878e+02 -6.327204275459e+03 4.140741038483e+03
-9.531936795499e+02 -6.322549662175e+03 4.147496930424e+03
-9.549068656198e+02 -6.317887405896e+03 4.154248001838e+03
-9.566182698426e+02 -6.313217509392e+03 4.160994244822e+03
-9.583278891031e+02 -6.308539978231e+03 4.167735651478e+03
-9.600357202887e+02 -6.303854817994e+03 4.174472213913e+03
-9.617417602899e+02 -6.299162034270e+03 4.181203924238e+03
-9.634460059998e+02 -6.294461632656e+03 4.187930774571e+03
-9.651484727674e+02 -6.289753615929e+03 4.194652757035e+03
-9.668491205712e+02 -6.285037995363e+03 4.201369863758e+03
-9.685479647798e+02 -6.280314773758e+03 4.208082086875e+03
-9.702450022975e+02 -6.275583956748e+03 4.214789418523e+03
-9.719402300313e+02 -6.270845549979e+03 4.221491850846e+03
-9.736336448912e+02 -6.266099559103e+03 4.228189375996e+03
-9.753252437900e+02 -6.261345989785e+03 4.234881986126e+03
-9.770150236432e+02 -6.256584847696e+03 4.241569673397e+03
-9.787029997111e+02 -6.251816135646e+03 4.248252429975e+03
-9.803891322172e+02 -6.247039865064e+03 4.254930248031e+03
-9.820734364413e+02 -6.242256038783e+03 4.261603119743e+03
-9.837559093105e+02 -6.237464662513e+03 4.268271037291e+03
-9.854365477545e+02 -6.232665741972e+03 4.274933992863e+03
-9.871153487059e+02 -6.227859282888e+03 4.281591978654e+03
-9.887923091003e+02 -6.223045290997e+03 4.288244986860e+03
-9.904674441191e+02 -6.218223769140e+03 4.294893009686e+03
-9.921407142030e+02 -6.213394728878e+03 4.301536039341e+03
-9.938121345534e+02 -6.208558173075e+03 4.308174068041e+03
-9.954817021173e+02 -6.203714107506e+03 4.314807088005e+03
-9.971494138445e+02 -6.198862537951e+03 4.321435091460e+03
-9.988152666879e+02 -6.194003470204e+03 4.328058070637e+03
-1.000479257603e+03 -6.189136910065e+03 4.334676017772e+03
-1.002141383548e+03 -6.184262863345e+03 4.341288925108e+03
-1.003801659614e+03 -6.179381332916e+03 4.347896784893e+03
-1.005460046493e+03 -6.174492330495e+03 4.354499589381e+03
-1.007116559294e+03 -6.169595858977e+03 4.361097330830e+03
-1.008771194990e+03 -6.164691924209e+03 4.367690001505e+03
-1.010423950551e+03 -6.159780532049e+03 4.374277593677e+03
-1.012074822955e+03 -6.154861688360e+03 4.380860099621e+03
-1.013723809181e+03 -6.149935399017e+03 4.387437511619e+03
-1.015370924238e+03 -6.145001666924e+03 4.394009821958e+03
-1.017016129041e+03 -6.140060503928e+03 4.400577022930e+03
-1.018659438620e+03 -6.135111912954e+03 4.407139106834e+03
-1.020300849965e+03 -6.130155899914e+03 4.413696065974e+03
-1.021940360071e+03 -6.125192470727e+03 4.420247892659e+03
-1.023577965935e+03 -6.120221631322e+03 4.426794579204e+03
-1.025213664554e+03 -6.115243387638e+03 4.433336117930e+03
-1.026847452934e+03 -6.110257745620e+03 4.439872501165e+03
-1.028479345990e+03 -6.105264708207e+03 4.446403721239e+03
-1.030109304893e+03 -6.100264287395e+03 4.452929770491e+03
-1.031737344581e+03 -6.095256486144e+03 4.459450641265e+03
-1.033363462069e+03 -6.090241310438e+03 4.465966325909e+03
-1.034987654373e+03 -6.085218766269e+03 4.472476816779e+03
-1.036609918516e+03 -6.080188859638e+03 4.478982106235e+03
-1.038230251520e+03 -6.075151596555e+03 4.485482186644e+03
-1.039848668220e+03 -6.070106979988e+03 4.491977050378e+03
-1.041465130014e+03 -6.065055022062e+03 4.498466689814e+03
-1.043079651758e+03 -6.059995725767e+03 4.504951097337e+03
-1.044692230487e+03 -6.054929097151e+03 4.511430265335e+03
-1.046302863241e+03 -6.049855142268e+03 4.517904186205e+03
-1.047911547061e+03 -6.044773867182e+03 4.524372852346e+03
-1.049518278991e+03 -6.039685277967e+03 4.530836256165e+03
-1.051123073784e+03 -6.034589377620e+03 4.537294390076e+03
-1.052725893067e+03 -6.029486178396e+03 4.543747246497e+03
-1.054326751613e+03 -6.024375683315e+03 4.550194817852e+03
-1.055925646479e+03 -6.019257898487e+03 4.556637096571e+03
-1.057522574725e+03 -6.014132830028e+03 4.563074075089e+03
-1.059117533414e+03 -6.009000484066e+03 4.569505745849e+03
-1.060710519613e+03 -6.003860866737e+03 4.575932101298e+03
-1.062301530390e+03 -5.998713984185e+03 4.582353133890e+03
-1.063890580402e+03 -5.993559839442e+03 4.588768836084e+03
-1.065477631541e+03 -5.988398444908e+03 4.595179200345e+03
-1.067062698485e+03 -5.983229803639e+03 4.601584219144e+03
-1.068645778315e+03 -5.978053921814e+03 4.607983884958e+03
-1.070226868116e+03 -5.972870805623e+03 4.614378190270e+03
-1.071805964977e+03 -5.967680461263e+03 4.620767127569e+03
-1.073383065986e+03 -5.962482894941e+03 4.627150689350e+03
-1.074958185718e+03 -5.957278109720e+03 4.633528868112e+03
-1.076531286297e+03 -5.952066118127e+03 4.639901656364e+03
-1.078102382318e+03 -5.946846923245e+03 4.646269046617e+03
-1.079671470883e+03 -5.941620531318e+03 4.652631031390e+03
-1.081238549100e+03 -5.936386948596e+03 4.658987603207e+03
-1.082803614078e+03 -5.931146181339e+03 4.665338754599e+03
-1.084366662929e+03 -5.925898235816e+03 4.671684478102e+03
-1.085927692770e+03 -5.920643118304e+03 4.678024766258e+03
-1.087486718075e+03 -5.915380831900e+03 4.684359611617e+03
-1.089043701241e+03 -5.910111389274e+03 4.690689006732e+03
-1.090598656764e+03 -5.904834793546e+03 4.697012944165e+03
-1.092151581772e+03 -5.899551051027e+03 4.703331416480e+03
-1.093702473398e+03 -5.894260168040e+03 4.709644416252e+03
-1.095251328776e+03 -5.888962150914e+03 4.715951936058e+03
-1.096798145044e+03 -5.883657005988e+03 4.722253968483e+03
-1.098342936590e+03 -5.878344736388e+03 4.728550506117e+03
-1.099885666051e+03 -5.873025354910e+03 4.734841541559e+03
-1.101426347836e+03 -5.867698864703e+03 4.741127067409e+03
-1.102964979096e+03 -5.862365272140e+03 4.747407076278e+03
-1.104501556985e+03 -5.857024583605e+03 4.753681560780e+03
-1.106036078661e+03 -5.851676805488e+03 4.759950513537e+03
-1.107568541285e+03 -5.846321944189e+03 4.766213927175e+03
-1.109098959156e+03 -5.840960002865e+03 4.772471794328e+03
-1.110627295153e+03 -5.835590994436e+03 4.778724107636e+03
-1.112153563599e+03 -5.830214922078e+03 4.784970859745e+03
-1.113677761667e+03 -5.824831792228e+03 4.791212043305e+03
-1.115199886534e+03 -5.819441611329e+03 4.797447650976e+03
-1.116719935380e+03 -5.814044385832e+03 4.803677675421e+03
-1.118237905388e+03 -5.808640122201e+03 4.809902109310e+03
-1.119753793744e+03 -5.803228826903e+03 4.816120945321e+03
-1.121267614649e+03 -5.797810503128e+03 4.822334176135e+03
-1.122779331260e+03 -5.792385163938e+03 4.828541794442e+03
-1.124288957799e+03 -5.786952812543e+03 4.834743792937e+03
-1.125796491465e+03 -5.781513455448e+03 4.840940164320e+03
-1.127301929461e+03 -5.776067099166e+03 4.847130901301e+03
-1.128805268994e+03 -5.770613750218e+03 4.853315996592e+03
-1.130306507273e+03 -5.765153415134e+03 4.859495442913e+03
-1.131805658409e+03 -5.759686097134e+03 4.865669232991e+03
-1.133302685806e+03 -5.754211809400e+03 4.871837359558e+03
-1.134797603596e+03 -5.748730555173e+03 4.877999815353e+03
-1.136290409003e+03 -5.743242341018e+03 4.884156593122e+03
-1.137781099253e+03 -5.737747173507e+03 4.890307685615e+03
-1.139269671575e+03 -5.732245059222e+03 4.896453085591e+03
-1.140756123201e+03 -5.726736004754e+03 4.902592785813e+03
-1.142240451368e+03 -5.721220016702e+03 4.908726779051e+03
-1.143722670084e+03 -5.715697098317e+03 4.914855058083e+03
-1.145202743037e+03 -5.710167262923e+03 4.920977615691e+03
-1.146680684258e+03 -5.704630513791e+03 4.927094444664e+03
-1.148156490996e+03 -5.699086857557e+03 4.933205537798e+03
-1.149630160505e+03 -5.693536300860e+03 4.939310887896e+03
-1.151101690040e+03 -5.687978850351e+03 4.945410487765e+03
-1.152571076860e+03 -5.682414512689e+03 4.951504330221e+03
-1.154038334884e+03 -5.676843291156e+03 4.957592408083e+03
-1.155503428050e+03 -5.671265199193e+03 4.963674714181e+03
-1.156966370300e+03 -5.665680240103e+03 4.969751241348e+03
-1.158427158907e+03 -5.660088420580e+03 4.975821982425e+03
-1.159885791146e+03 -5.654489747323e+03 4.981886930257e+03
-1.161342264298e+03 -5.648884227043e+03 4.987946077699e+03
-1.162796575645e+03 -5.643271866457e+03 4.993999417609e+03
-1.164248722473e+03 -5.637652672293e+03 5.000046942854e+03
-1.165698718596e+03 -5.632026647863e+03 5.006088646307e+03
-1.167146528244e+03 -5.626393806748e+03 5.012124520846e+03
-1.168592165253e+03 -5.620754152284e+03 5.018154559357e+03
-1.170035626923e+03 -5.615107691230e+03 5.024178754732e+03
-1.171476910558e+03 -5.609454430356e+03 5.030197099869e+03
-1.172916013464e+03 -5.603794376437e+03 5.036209587672e+03
-1.174352932951e+03 -5.598127536259e+03 5.042216211054e+03
-1.175787682741e+03 -5.592453913167e+03 5.048216962933e+03
-1.177220227320e+03 -5.586773520857e+03 5.054211836232e+03
-1.178650580431e+03 -5.581086362695e+03 5.060200823882e+03
-1.180078739399e+03 -5.575392445499e+03 5.066183918822e+03
-1.181504701552e+03 -5.569691776096e+03 5.072161113994e+03
-1.182928464220e+03 -5.563984361322e+03 5.078132402351e+03
-1.184350024738e+03 -5.558270208021e+03 5.084097776848e+03
-1.185769396733e+03 -5.552549319565e+03 5.090057230449e+03
-1.187186544950e+03 -5.546821709770e+03 5.096010756126e+03
-1.188601483041e+03 -5.541087382029e+03 5.101958346853e+03
-1.190014208351e+03 -5.535346343207e+03 5.107899995604e+03
-1.191424718231e+03 -5.529598600187e+03 5.113835695367e+03
-1.192833010037e+03 -5.523844159865e+03 5.119765439139e+03
-1.194239081128e+03 -5.518083029141e+03 5.125689219923e+03
-1.195642928865e+03 -5.512315214926e+03 5.131607030728e+03
-1.197044566770e+03 -5.506540720627e+03 5.137518864573e+03
-1.198443959884e+03 -5.500759560190e+03 5.143424714479e+03
-1.199841121753e+03 -5.494971737044e+03 5.149324573476e+03
-1.201236049751e+03 -5.489177258130e+03 5.155218434602e+03
-1.202628741260e+03 -5.483376130402e+03 5.161106290898e+03
-1.204019193663e+03 -5.477568360819e+03 5.166988135416e+03
-1.205407404346e+03 -5.471753956349e+03 5.172863961212e+03
-1.206793386735e+03 -5.465932920428e+03 5.178733761348e+03
-1.208177106136e+03 -5.460105267116e+03 5.184597528894e+03
-1.209558575998e+03 -5.454270999871e+03 5.190455256927e+03
-1.210937793722e+03 -5.448430125693e+03 5.196306938531e+03
-1.212314756714e+03 -5.442582651591e+03 5.202152566795e+03
-1.213689462381e+03 -5.436728584584e+03 5.207992134816e+03
-1.215061908135e+03 -5.430867931696e+03 5.213825635698e+03
-1.216432091390e+03 -5.425000699961e+03 5.219653062552e+03
-1.217800025465e+03 -5.419126892849e+03 5.225474408494e+03
-1.219165675968e+03 -5.413246524551e+03 5.231289666648e+03
-1.220529056239e+03 -5.407359598557e+03 5.237098830145e+03
-1.221890163708e+03 -5.401466121932e+03 5.242901892123e+03
-1.223248995809e+03 -5.395566101752e+03 5.248698845725e+03
-1.224605549978e+03 -5.389659545099e+03 5.254489684103e+03
-1.225959823656e+03 -5.383746459064e+03 5.260274400414e+03
-1.227311830063e+03 -5.377826847145e+03 5.266052987824e+03
-1.228661535075e+03 -5.371900723646e+03 5.271825439504e+03
-1.230008951937e+03 -5.365968092085e+03 5.277591748632e+03
-1.231354078105e+03 -5.360028959587e+03 5.283351908393e+03
-1.232696911037e+03 -5.354083333281e+03 5.289105911980e+03
-1.234037448194e+03 -5.348131220308e+03 5.294853752591e+03
-1.235375687042e+03 -5.342172627814e+03 5.300595423433e+03
-1.236711640706e+03 -5.336207559327e+03 5.306330917717e+03
-1.238045275329e+03 -5.330236029262e+03 5.312060228664e+03
-1.239376604062e+03 -5.324258041167e+03 5.317783349500e+03
-1.240705624384e+03 -5.318273602220e+03 5.323500273458e+03
-1.242032333779e+03 -5.312282719611e+03 5.329210993779e+03
-1.243356729735e+03 -5.306285400534e+03 5.334915503709e+03
-1.244678809742e+03 -5.300281652192e+03 5.340613796504e+03
-1.245998571295e+03 -5.294271481797e+03 5.346305865423e+03
-1.247316027407e+03 -5.288254892910e+03 5.351991703735e+03
-1.248631144533e+03 -5.282231900071e+03 5.357671304716e+03
-1.249943935711e+03 -5.276202506863e+03 5.363344661646e+03
-1.251254398450e+03 -5.270166720527e+03 5.369011767815e+03
-1.252562530264e+03 -5.264124548315e+03 5.374672616519e+03
-1.253868328668e+03 -5.258075997487e+03 5.380327201060e+03
-1.255171791184e+03 -5.252021075309e+03 5.385975514749e+03
-1.256472930726e+03 -5.245959785370e+03 5.391617550902e+03
-1.257771714023e+03 -5.239892142323e+03 5.397253302843e+03
-1.259068154014e+03 -5.233818149775e+03 5.402882763903e+03
-1.260362248235e+03 -5.227737815026e+03 5.408505927419e+03
-1.261653994224e+03 -5.221651145382e+03 5.414122786737e+03
-1.262943389525e+03 -5.215558148158e+03 5.419733335209e+03
-1.264230431684e+03 -5.209458830677e+03 5.425337566193e+03
-1.265515118250e+03 -5.203353200269e+03 5.430935473056e+03
-1.266797462025e+03 -5.197241260555e+03 5.436527049171e+03
-1.268077430053e+03 -5.191123026312e+03 5.442112287919e+03
-1.269355035161e+03 -5.184998501180e+03 5.447691182686e+03
-1.270630274914e+03 -5.178867692521e+03 5.453263726867e+03
-1.271903146881e+03 -5.172730607705e+03 5.458829913863e+03
-1.273173648634e+03 -5.166587254109e+03 5.464389737083e+03
-1.274441777749e+03 -5.160437639119e+03 5.469943189944e+03
-1.275707546929e+03 -5.154281766386e+03 5.475490265867e+03
-1.276970923494e+03 -5.148119650791e+03 5.481030958282e+03
-1.278231920173e+03 -5.141951296004e+03 5.486565260628e+03
-1.279490534556e+03 -5.135776709442e+03 5.492093166348e+03
-1.280746764240e+03 -5.129595898530e+03 5.497614668893e+03
-1.282000606822e+03 -5.123408870698e+03 5.503129761722e+03
-1.283252059904e+03 -5.117215633387e+03 5.508638438302e+03
-1.284501121095e+03 -5.111016194045e+03 5.514140692104e+03
-1.285747802979e+03 -5.104810556355e+03 5.519636516609e+03
-1.286992073201e+03 -5.098598735319e+03 5.525125905304e+03
-1.288233944371e+03 -5.092380734641e+03 5.530608851685e+03
-1.289473414113e+03 -5.086156561799e+03 5.536085349252e+03
-1.290710480050e+03 -5.079926224278e+03 5.541555391514e+03
-1.291945139813e+03 -5.073689729574e+03 5.547018971988e+03
-1.293177391034e+03 -5.067447085186e+03 5.552476084197e+03
-1.294407246199e+03 -5.061198294828e+03 5.557926721672e+03
-1.295634673232e+03 -5.054943373607e+03 5.563370877951e+03
-1.296859684645e+03 -5.048682325254e+03 5.568808546578e+03
-1.298082278087e+03 -5.042415157300e+03 5.574239721107e+03
-1.299302451209e+03 -5.036141877287e+03 5.579664395097e+03
-1.300520201668e+03 -5.029862492762e+03 5.585082562114e+03
-1.301735527122e+03 -5.023577011278e+03 5.590494215734e+03
-1.302948439957e+03 -5.017285436578e+03 5.595899349539e+03
-1.304158908380e+03 -5.010987783872e+03 5.601297957115e+03
-1.305366944802e+03 -5.004684056920e+03 5.606690032061e+03
-1.306572546898e+03 -4.998374263307e+03 5.612075567980e+03
-1.307775712346e+03 -4.992058410626e+03 5.617454558482e+03
-1.308976438831e+03 -4.985736506479e+03 5.622826997186e+03
-1.310174724038e+03 -4.979408558472e+03 5.628192877716e+03
-1.311370565658e+03 -4.973074574223e+03 5.633552193707e+03
-1.312563975957e+03 -4.966734557503e+03 5.638904938799e+03
-1.313754923473e+03 -4.960388523643e+03 5.644251106638e+03
-1.314943420497e+03 -4.954036476432e+03 5.649590690880e+03
-1.316129464736e+03 -4.947678423517e+03 5.654923685188e+03
-1.317313053899e+03 -4.941314372552e+03 5.660250083231e+03
-1.318494185702e+03 -4.934944331198e+03 5.665569878686e+03
-1.319672857861e+03 -4.928568307122e+03 5.670883065238e+03
-1.320849082540e+03 -4.922186304127e+03 5.676189636579e+03
-1.322022828564e+03 -4.915798337642e+03 5.681489586408e+03
-1.323194108121e+03 -4.909404411486e+03 5.686782908433e+03
-1.324362918946e+03 -4.903004533359e+03 5.692069596367e+03
-1.325529258776e+03 -4.896598710965e+03 5.697349643932e+03
-1.326693125353e+03 -4.890186952019e+03 5.702623044858e+03
-1.327854516421e+03 -4.883769264242e+03 5.707889792880e+03
-1.329013429730e+03 -4.877345655361e+03 5.713149881744e+03
-1.330169877325e+03 -4.870916129209e+03 5.718403305201e+03
-1.331323828361e+03 -4.864480701332e+03 5.723650057010e+03
-1.332475294910e+03 -4.858039375580e+03 5.728890130937e+03
-1.333624274737e+03 -4.851592159712e+03 5.734123520757e+03
-1.334770765610e+03 -4.845139061493e+03 5.739350220251e+03
-1.335914765303e+03 -4.838680088696e+03 5.744570223209e+03
-1.337056271593e+03 -4.832215249101e+03 5.749783523427e+03
-1.338195296418e+03 -4.825744546569e+03 5.754990114708e+03
-1.339331809228e+03 -4.819267996743e+03 5.760189990866e+03
-1.340465821995e+03 -4.812785603493e+03 5.765383145713e+03
-1.341597332526e+03 -4.806297374595e+03 5.770569573056e+03
-1.342726338598e+03 -4.799803317909e+03 5.775749266756e+03
-1.343852838012e+03 -4.793303441260e+03 5.780922220654e+03
-1.344976828572e+03 -4.786797752478e+03 5.786088428601e+03
-1.346098308088e+03 -4.780286259402e+03 5.791247884453e+03
-1.347217288377e+03 -4.773768965925e+03 5.796400582075e+03
-1.348333739226e+03 -4.767245887803e+03 5.801546515339e+03
-1.349447672482e+03 -4.760717028947e+03 5.806685678126e+03
-1.350559085968e+03 -4.754182397225e+03 5.811818064322e+03
-1.351667977513e+03 -4.747642000512e+03 5.816943667824e+03
-1.352774344951e+03 -4.741095846689e+03 5.822062482533e+03
-1.353878186118e+03 -4.734543943647e+03 5.827174502360e+03
-1.354979512726e+03 -4.727986295308e+03 5.832279721223e+03
-1.356078294859e+03 -4.721422917521e+03 5.837378133048e+03
-1.357174544255e+03 -4.714853814227e+03 5.842469731768e+03
-1.358268258769e+03 -4.708278993344e+03 5.847554511325e+03
-1.359359436257e+03 -4.701698462798e+03 5.852632465666e+03
-1.360448074580e+03 -4.695112230520e+03 5.857703588749e+03
-1.361534171603e+03 -4.688520304452e+03 5.862767874538e+03
-1.362617738932e+03 -4.681922688543e+03 5.867825317003e+03
-1.363698746948e+03 -4.675319398739e+03 5.872875910126e+03
-1.364777207285e+03 -4.668710439006e+03 5.877919647892e+03
-1.365853117822e+03 -4.662095817315e+03 5.882956524298e+03
-1.366926476447e+03 -4.655475541639e+03 5.887986533344e+03
-1.367997281048e+03 -4.648849619963e+03 5.893009669043e+03
-1.369065529519e+03 -4.642218060275e+03 5.898025925412e+03
-1.370131219758e+03 -4.635580870574e+03 5.903035296477e+03
-1.371194363247e+03 -4.628938054840e+03 5.908037776272e+03
-1.372254930711e+03 -4.622289629127e+03 5.913033358838e+03
-1.373312933661e+03 -4.615635597433e+03 5.918022038224e+03
-1.374368370010e+03 -4.608975967785e+03 5.923003808488e+03
-1.375421237676e+03 -4.602310748214e+03 5.927978663694e+03
-1.376471534582e+03 -4.595639946759e+03 5.932946597914e+03
-1.377519258654e+03 -4.588963571468e+03 5.937907605229e+03
-1.378564421266e+03 -4.582281626349e+03 5.942861679728e+03
-1.379606993446e+03 -4.575594127549e+03 5.947808815506e+03
-1.380646986596e+03 -4.568901079093e+03 5.952749006666e+03
-1.381684398658e+03 -4.562202489057e+03 5.957682247321e+03
-1.382719227580e+03 -4.555498365522e+03 5.962608531591e+03
-1.383751471312e+03 -4.548788716576e+03 5.967527853601e+03
-1.384781127810e+03 -4.542073550314e+03 5.972440207489e+03
-1.385808195033e+03 -4.535352874840e+03 5.977345587396e+03
-1.386832684231e+03 -4.528626694194e+03 5.982243987473e+03
-1.387854566779e+03 -4.521895024627e+03 5.987135401881e+03
-1.388873853955e+03 -4.515157870196e+03 5.992019824784e+03
-1.389890543735e+03 -4.508415239031e+03 5.996897250358e+03
-1.390904634099e+03 -4.501667139271e+03 6.001767672785e+03
-1.391916123030e+03 -4.494913579057e+03 6.006631086256e+03
-1.392925008519e+03 -4.488154566542e+03 6.011487484968e+03
-1.393931301704e+03 -4.481390105795e+03 6.016336863129e+03
-1.394934974267e+03 -4.474620213155e+03 6.021179214952e+03
-1.395936037377e+03 -4.467844892707e+03 6.026014534660e+03
-1.396934489038e+03 -4.461064152631e+03 6.030842816483e+03
-1.397930327261e+03 -4.454278001112e+03 6.035664054658e+03
-1.398923550058e+03 -4.447486446341e+03 6.040478243431e+03
-1.399914155447e+03 -4.440689496518e+03 6.045285377057e+03
-1.400902154459e+03 -4.433887155738e+03 6.050085449798e+03
-1.401887519082e+03 -4.427079440432e+03 6.054878455923e+03
-1.402870260375e+03 -4.420266354711e+03 6.059664389710e+03
-1.403850376373e+03 -4.413447906802e+03 6.064443245446e+03
-1.404827865114e+03 -4.406624104937e+03 6.069215017423e+03
-1.405802724641e+03 -4.399794957358e+03 6.073979699945e+03
-1.406774953001e+03 -4.392960472309e+03 6.078737287320e+03
-1.407744548245e+03 -4.386120658045e+03 6.083487773868e+03
-1.408711521276e+03 -4.379275518689e+03 6.088231153907e+03
-1.409675844436e+03 -4.372425070767e+03 6.092967421769e+03
-1.410637528656e+03 -4.365569318422e+03 6.097696571794e+03
-1.411596572007e+03 -4.358708269936e+03 6.102418598333e+03
-1.412552972559e+03 -4.351841933594e+03 6.107133495745e+03
-1.413506728389e+03 -4.344970317692e+03 6.111841258395e+03
-1.414457837578e+03 -4.338093430528e+03 6.116541880658e+03
-1.415406310919e+03 -4.331211276259e+03 6.121235356916e+03
-1.416352121066e+03 -4.324323871499e+03 6.125921681560e+03
-1.417295278840e+03 -4.317431220420e+03 6.130600848989e+03
-1.418235782340e+03 -4.310533331348e+03 6.135272853609e+03
-1.419173629667e+03 -4.303630212618e+03 6.139937689835e+03
-1.420108818928e+03 -4.296721872569e+03 6.144595352091e+03
-1.421041348234e+03 -4.289808319550e+03 6.149245834806e+03
-1.421971215698e+03 -4.282889561913e+03 6.153889132422e+03
-1.422898431987e+03 -4.275965603844e+03 6.158525239384e+03
-1.423822970112e+03 -4.269036462056e+03 6.163154150149e+03
-1.424744840767e+03 -4.262102140751e+03 6.167775859180e+03
-1.425664042085e+03 -4.255162648309e+03 6.172390360948e+03
-1.426580572200e+03 -4.248217993117e+03 6.176997649936e+03
-1.427494429254e+03 -4.241268183567e+03 6.181597720629e+03
-1.428405611393e+03 -4.234313228059e+03 6.186190567525e+03
-1.429314129167e+03 -4.227353130807e+03 6.190776185128e+03
-1.430219955904e+03 -4.220387908606e+03 6.195354567951e+03
-1.431123102187e+03 -4.213417565686e+03 6.199925710516e+03
-1.432023566175e+03 -4.206442110471e+03 6.204489607350e+03
-1.432921346037e+03 -4.199461551395e+03 6.209046252993e+03
-1.433816439943e+03 -4.192475896897e+03 6.213595641988e+03
-1.434708846068e+03 -4.185485155420e+03 6.218137768891e+03
-1.435598562591e+03 -4.178489335418e+03 6.222672628263e+03
-1.436485599935e+03 -4.171488441134e+03 6.227200214675e+03
-1.437369931790e+03 -4.164482489458e+03 6.231720522705e+03
-1.438251568608e+03 -4.157471484650e+03 6.236233546940e+03
-1.439130508585e+03 -4.150455435188e+03 6.240739281975e+03
-1.440006749922e+03 -4.143434349554e+03 6.245237722414e+03
-1.440880290825e+03 -4.136408236240e+03 6.249728862869e+03
-1.441751129504e+03 -4.129377103743e+03 6.254212697959e+03
-1.442619276266e+03 -4.122340956333e+03 6.258689222314e+03
-1.443484705123e+03 -4.115299810982e+03 6.263158430569e+03
-1.444347426410e+03 -4.108253671976e+03 6.267620317371e+03
-1.445207438355e+03 -4.101202547837e+03 6.272074877372e+03
-1.446064739191e+03 -4.094146447094e+03 6.276522105233e+03
-1.446919327151e+03 -4.087085378282e+03 6.280961995625e+03
-1.447771200478e+03 -4.080019349942e+03 6.285394543226e+03
-1.448620369365e+03 -4.072948366372e+03 6.289819742722e+03
-1.449466808142e+03 -4.065872444623e+03 6.294237588809e+03
-1.450310527031e+03 -4.058791589007e+03 6.298648076189e+03
-1.451151524292e+03 -4.051705808091e+03 6.303051199574e+03
-1.451989798185e+03 -4.044615110448e+03 6.307446953685e+03
-1.452825346978e+03 -4.037519504657e+03 6.311835333249e+03
-1.453658168941e+03 -4.030418999303e+03 6.316216333004e+03
-1.454488262350e+03 -4.023313602978e+03 6.320589947695e+03
-1.455315637268e+03 -4.016203320009e+03 6.324956172075e+03
-1.456140268391e+03 -4.009088167539e+03 6.329315000906e+03
-1.456962165813e+03 -4.001968149909e+03 6.333666428959e+03
-1.457781327826e+03 -3.994843275736e+03 6.338010451012e+03
-1.458597752727e+03 -3.987713553642e+03 6.342347061853e+03
-1.459411438819e+03 -3.980578992258e+03 6.346676256277e+03
-1.460222384407e+03 -3.973439600216e+03 6.350998029089e+03
-1.461030599439e+03 -3.966295381874e+03 6.355312375101e+03
-1.461836058936e+03 -3.959146354447e+03 6.359619289134e+03
-1.462638772874e+03 -3.951992522306e+03 6.363918766018e+03
-1.463438739578e+03 -3.944833894110e+03 6.368210800590e+03
-1.464235957376e+03 -3.937670478526e+03 6.372495387697e+03
-1.465030424600e+03 -3.930502284224e+03 6.376772522194e+03
-1.465822139589e+03 -3.923329319883e+03 6.381042198945e+03
-1.466611100682e+03 -3.916151594187e+03 6.385304412821e+03
-1.467397317696e+03 -3.908969111521e+03 6.389559158702e+03
-1.468180766023e+03 -3.901781889190e+03 6.393806431478e+03
-1.468961455506e+03 -3.894589931592e+03 6.398046226046e+03
-1.469739384506e+03 -3.887393247437e+03 6.402278537312e+03
-1.470514551387e+03 -3.880191845438e+03 6.406503360190e+03
-1.471286954517e+03 -3.872985734316e+03 6.410720689604e+03
-1.472056592268e+03 -3.865774922798e+03 6.414930520485e+03
-1.472823474339e+03 -3.858559415296e+03 6.419132847772e+03
-1.473587576449e+03 -3.851339229186e+03 6.423327666416e+03
-1.474348908327e+03 -3.844114368896e+03 6.427514971372e+03
-1.475107468362e+03 -3.836884843176e+03 6.431694757607e+03
-1.475863254950e+03 -3.829650660783e+03 6.435867020096e+03
-1.476616266491e+03 -3.822411830478e+03 6.440031753820e+03
-1.477366501389e+03 -3.815168361030e+03 6.444188953772e+03
-1.478113969224e+03 -3.807920256877e+03 6.448338614951e+03
-1.478858646045e+03 -3.800667535471e+03 6.452480732367e+03
-1.479600541463e+03 -3.793410201263e+03 6.456615301037e+03
-1.480339653899e+03 -3.786148263045e+03 6.460742315986e+03
-1.481075981780e+03 -3.778881729616e+03 6.464861772250e+03
-1.481809523538e+03 -3.771610609779e+03 6.468973664871e+03
-1.482540277608e+03 -3.764334912344e+03 6.473077988902e+03
-1.483268242431e+03 -3.757054646128e+03 6.477174739402e+03
-1.483993427452e+03 -3.749769815597e+03 6.481263911441e+03
-1.484715809096e+03 -3.742480438284e+03 6.485345500098e+03
-1.485435396840e+03 -3.735186518672e+03 6.489419500457e+03
-1.486152189143e+03 -3.727888065600e+03 6.493485907614e+03
-1.486866184467e+03 -3.720585087911e+03 6.497544716674e+03
-1.487577381280e+03 -3.713277594459e+03 6.501595922749e+03
-1.488285778053e+03 -3.705965594098e+03 6.505639520961e+03
-1.488991384114e+03 -3.698649091323e+03 6.509675506439e+03
-1.489694176220e+03 -3.691328103737e+03 6.513703874321e+03
-1.490394163729e+03 -3.684002635848e+03 6.517724619756e+03
-1.491091345132e+03 -3.676672696534e+03 6.521737737899e+03
-1.491785718923e+03 -3.669338294682e+03 6.525743223915e+03
-1.492477283600e+03 -3.661999439183e+03 6.529741072976e+03
-1.493166037668e+03 -3.654656138933e+03 6.533731280267e+03
-1.493851979636e+03 -3.647308402836e+03 6.537713840976e+03
-1.494535118693e+03 -3.639956235414e+03 6.541688750304e+03
-1.495215431979e+03 -3.632599654348e+03 6.545656003459e+03
-1.495892928717e+03 -3.625238664178e+03 6.549615595659e+03
-1.496567607431e+03 -3.617873273826e+03 6.553567522129e+03
-1.497239466654e+03 -3.610503492225e+03 6.557511778104e+03
-1.497908504921e+03 -3.603129328311e+03 6.561448358828e+03
-1.498574720772e+03 -3.595750791026e+03 6.565377259551e+03
-1.499238123280e+03 -3.588367884920e+03 6.569298475537e+03
-1.499898689917e+03 -3.580980627742e+03 6.573212002054e+03
-1.500556429786e+03 -3.573589024054e+03 6.577117834381e+03
-1.501211341447e+03 -3.566193082820e+03 6.581015967806e+03
-1.501863423461e+03 -3.558792813012e+03 6.584906397624e+03
-1.502512674397e+03 -3.551388223606e+03 6.588789119141e+03
-1.503159092827e+03 -3.543979323582e+03 6.592664127671e+03
-1.503802677328e+03 -3.536566121927e+03 6.596531418536e+03
-1.504443436835e+03 -3.529148623222e+03 6.600390987068e+03
-1.505081349206e+03 -3.521726845289e+03 6.604242828608e+03
-1.505716423405e+03 -3.514300792720e+03 6.608086938504e+03
-1.506348658029e+03 -3.506870474525e+03 6.611923312115e+03
-1.506978051678e+03 -3.499435899718e+03 6.615751944807e+03
-1.507604602956e+03 -3.491997077320e+03 6.619572831957e+03
-1.508228310473e+03 -3.484554016356e+03 6.623385968950e+03
-1.508849183043e+03 -3.477106721431e+03 6.627191351179e+03
-1.509467198860e+03 -3.469655210432e+03 6.630988974046e+03
-1.510082366771e+03 -3.462199487978e+03 6.634778832962e+03
-1.510694685403e+03 -3.454739563115e+03 6.638560923349e+03
-1.511304153389e+03 -3.447275444897e+03 6.642335240636e+03
-1.511910769365e+03 -3.439807142381e+03 6.646101780260e+03
-1.512514531974e+03 -3.432334664633e+03 6.649860537668e+03
-1.513115449909e+03 -3.424858016281e+03 6.653611508317e+03
-1.513713501704e+03 -3.417377215277e+03 6.657354687671e+03
-1.514308696083e+03 -3.409892266264e+03 6.661090071205e+03
-1.514901031708e+03 -3.402403178326e+03 6.664817654400e+03
-1.515490507242e+03 -3.394909960555e+03 6.668537432750e+03
-1.516077121356e+03 -3.387412622046e+03 6.672249401754e+03
-1.516660872723e+03 -3.379911171900e+03 6.675953556922e+03
-1.517241760022e+03 -3.372405619226e+03 6.679649893773e+03
-1.517819791809e+03 -3.364895968680e+03 6.683338407834e+03
-1.518394947006e+03 -3.357382238286e+03 6.687019094643e+03
-1.518967234199e+03 -3.349864432714e+03 6.690691949744e+03
-1.519536652087e+03 -3.342342561092e+03 6.694356968692e+03
-1.520103199370e+03 -3.334816632553e+03 6.698014147050e+03
-1.520666874757e+03 -3.327286656236e+03 6.701663480393e+03
-1.521227676958e+03 -3.319752641284e+03 6.705304964300e+03
-1.521785614407e+03 -3.312214592381e+03 6.708938594362e+03
-1.522340666368e+03 -3.304672527610e+03 6.712564366179e+03
-1.522892841307e+03 -3.297126451665e+03 6.716182275361e+03
-1.523442137952e+03 -3.289576373713e+03 6.719792317524e+03
-1.523988555040e+03 -3.282022302922e+03 6.723394488295e+03
-1.524532091309e+03 -3.274464248468e+03 6.726988783309e+03
-1.525072745502e+03 -3.266902219525e+03 6.730575198202e+03
-1.525610516368e+03 -3.259336225278e+03 6.734153728627e+03
-1.526145412200e+03 -3.251766270440e+03 6.737724370245e+03
-1.526677412654e+03 -3.244192373159e+03 6.741287118729e+03
-1.527206526055e+03 -3.236614538161e+03 6.744841969761e+03
-1.527732751173e+03 -3.229032774652e+03 6.748388919030e+03
-1.528256086778e+03 -3.221447091841e+03 6.751927962235e+03
-1.528776531648e+03 -3.213857498945e+03 6.755459095086e+03
-1.529294084566e+03 -3.206264005186e+03 6.758982313299e+03
-1.529808753702e+03 -3.198666615300e+03 6.762497612601e+03
-1.530320519056e+03 -3.191065347494e+03 6.766004988728e+03
-1.530829388832e+03 -3.183460206517e+03 6.769504437425e+03
-1.531335361831e+03 -3.175851201612e+03 6.772995954445e+03
-1.531838436857e+03 -3.168238342023e+03 6.776479535552e+03
-1.532338612721e+03 -3.160621637002e+03 6.779955176518e+03
-1.532835888239e+03 -3.153001095806e+03 6.783422873124e+03
-1.533330271458e+03 -3.145376723197e+03 6.786882621161e+03
-1.533821742724e+03 -3.137748537438e+03 6.790334416428e+03
-1.534310310117e+03 -3.130116543301e+03 6.793778254735e+03
-1.534795972470e+03 -3.122480750064e+03 6.797214131899e+03
-1.535278728624e+03 -3.114841167008e+03 6.800642043748e+03
-1.535758577420e+03 -3.107197803418e+03 6.804061986118e+03
-1.536235517708e+03 -3.099550668585e+03 6.807473954853e+03
-1.536709548340e+03 -3.091899771806e+03 6.810877945810e+03
-1.537180677223e+03 -3.084245117872e+03 6.814273954852e+03
-1.537648885100e+03 -3.076586725106e+03 6.817661977852e+03
-1.538114179908e+03 -3.068924598311e+03 6.821042010693e+03
-1.538576560521e+03 -3.061258746802e+03 6.824414049265e+03
-1.539036025814e+03 -3.053589179899e+03 6.827778089471e+03
-1.539492574670e+03 -3.045915906927e+03 6.831134127219e+03
-1.539946205975e+03 -3.038238937217e+03 6.834482158428e+03
-1.540396927510e+03 -3.030558275584e+03 6.837822179028e+03
-1.540844720368e+03 -3.022873940405e+03 6.841154184957e+03
-1.541289592362e+03 -3.015185936506e+03 6.844478172160e+03
-1.541731542398e+03 -3.007494273237e+03 6.847794136594e+03
-1.542170569387e+03 -2.999798959952e+03 6.851102074224e+03
-1.542606672242e+03 -2.992100006008e+03 6.854401981026e+03
-1.543039849884e+03 -2.984397420771e+03 6.857693852982e+03
-1.543470101238e+03 -2.976691213607e+03 6.860977686087e+03
-1.543897433944e+03 -2.968981389361e+03 6.864253476343e+03
-1.544321829491e+03 -2.961267966469e+03 6.867521219762e+03
-1.544743295553e+03 -2.953550949783e+03 6.870780912364e+03
-1.545161831072e+03 -2.945830348692e+03 6.874032550180e+03
-1.545577434998e+03 -2.938106172587e+03 6.877276129250e+03
-1.545990106284e+03 -2.930378430864e+03 6.880511645622e+03
-1.546399843887e+03 -2.922647132925e+03 6.883739095356e+03
-1.546806655324e+03 -2.914912283638e+03 6.886958474517e+03
-1.547210522434e+03 -2.907173901488e+03 6.890169779185e+03
-1.547611452766e+03 -2.899431991353e+03 6.893373005444e+03
-1.548009445297e+03 -2.891686562653e+03 6.896568149390e+03
-1.548404499009e+03 -2.883937624812e+03 6.899755207129e+03
-1.548796612888e+03 -2.876185187259e+03 6.902934174774e+03
-1.549185785928e+03 -2.868429259427e+03 6.906105048449e+03
-1.549572017124e+03 -2.860669850756e+03 6.909267824287e+03
-1.549955313849e+03 -2.852906966139e+03 6.912422498431e+03
-1.550335658345e+03 -2.845140624118e+03 6.915569067031e+03
-1.550713058016e+03 -2.837370829598e+03 6.918707526250e+03
-1.551087511879e+03 -2.829597592035e+03 6.921837872257e+03
-1.551459018955e+03 -2.821820920891e+03 6.924960101233e+03
-1.551827578268e+03 -2.814040825630e+03 6.928074209366e+03
-1.552193188851e+03 -2.806257315722e+03 6.931180192856e+03
-1.552555857947e+03 -2.798470396086e+03 6.934278047909e+03
-1.552915568154e+03 -2.790680085311e+03 6.937367770745e+03
-1.553272326751e+03 -2.782886388325e+03 6.940449357588e+03
-1.553626132786e+03 -2.775089314616e+03 6.943522804676e+03
-1.553976985315e+03 -2.767288873676e+03 6.946588108255e+03
-1.554324883398e+03 -2.759485075002e+03 6.949645264578e+03
-1.554669826098e+03 -2.751677928094e+03 6.952694269912e+03
-1.555011820535e+03 -2.743867437895e+03 6.955735120529e+03
-1.555350849660e+03 -2.736053623039e+03 6.958767812713e+03
-1.555686920625e+03 -2.728236488478e+03 6.961792342758e+03
-1.556020032514e+03 -2.720416043731e+03 6.964808706964e+03
-1.556350184415e+03 -2.712592298321e+03 6.967816901644e+03
-1.556677375423e+03 -2.704765261775e+03 6.970816923119e+03
-1.557001604635e+03 -2.696934943624e+03 6.973808767720e+03
-1.557322871155e+03 -2.689101353403e+03 6.976792431787e+03
-1.557641181958e+03 -2.681264496084e+03 6.979767911669e+03
-1.557956520400e+03 -2.673424390350e+03 6.982735203726e+03
-1.558268893489e+03 -2.665581041179e+03 6.985694304325e+03
-1.558578300348e+03 -2.657734458126e+03 6.988645209846e+03
-1.558884740104e+03 -2.649884650746e+03 6.991587916675e+03
-1.559188211890e+03 -2.642031628603e+03 6.994522421210e+03
-1.559488714844e+03 -2.634175401261e+03 6.997448719857e+03
-1.559786255812e+03 -2.626315973714e+03 7.000366809032e+03
-1.560080818509e+03 -2.618453364688e+03 7.003276685161e+03
-1.560372409815e+03 -2.610587579185e+03 7.006178344679e+03
-1.560661028887e+03 -2.602718626789e+03 7.009071784031e+03
-1.560946674887e+03 -2.594846517086e+03 7.011956999670e+03
-1.561229346981e+03 -2.586971259667e+03 7.014833988061e+03
-1.561509044342e+03 -2.579092864126e+03 7.017702745676e+03
-1.561785766145e+03 -2.571211340064e+03 7.020563268998e+03
-1.562059519093e+03 -2.563326692500e+03 7.023415554521e+03
-1.562330287307e+03 -2.555438940207e+03 7.026259598745e+03
-1.562598077524e+03 -2.547548088215e+03 7.029095398182e+03
-1.562862888938e+03 -2.539654146138e+03 7.031922949353e+03
-1.563124720751e+03 -2.531757123598e+03 7.034742248789e+03
-1.563383572170e+03 -2.523857030216e+03 7.037553293030e+03
-1.563639442404e+03 -2.515953875622e+03 7.040356078626e+03
-1.563892338026e+03 -2.508047664858e+03 7.043150602130e+03
-1.564142243518e+03 -2.500138416732e+03 7.045936860107e+03
-1.564389165484e+03 -2.492226136298e+03 7.048714849135e+03
-1.564633103157e+03 -2.484310833199e+03 7.051484565802e+03
-1.564874055772e+03 -2.476392517084e+03 7.054246006707e+03
-1.565112022568e+03 -2.468471197604e+03 7.056999168455e+03
-1.565347002792e+03 -2.460546884416e+03 7.059744047665e+03
-1.565579002888e+03 -2.452619582587e+03 7.062480640963e+03
-1.565808007699e+03 -2.444689310965e+03 7.065208944984e+03
-1.566034023702e+03 -2.436756074626e+03 7.067928956375e+03
-1.566257050162e+03 -2.428819883242e+03 7.070640671792e+03
-1.566477086350e+03 -2.420880746489e+03 7.073344087898e+03
-1.566694131540e+03 -2.412938674047e+03 7.076039201370e+03
-1.566908185013e+03 -2.404993675598e+03 7.078726008891e+03
-1.567119246052e+03 -2.397045760830e+03 7.081404507155e+03
-1.567327320957e+03 -2.389094934836e+03 7.084074692866e+03
-1.567532394981e+03 -2.381141216508e+03 7.086736562738e+03
-1.567734474455e+03 -2.373184610946e+03 7.089390113493e+03
-1.567933558685e+03 -2.365225127853e+03 7.092035341864e+03
-1.568129646979e+03 -2.357262776936e+03 7.094672244594e+03
-1.568322738651e+03 -2.349297567906e+03 7.097300818434e+03
-1.568512833023e+03 -2.341329510476e+03 7.099921060147e+03
-1.568699936262e+03 -2.333358609762e+03 7.102532966503e+03
-1.568884033984e+03 -2.325384884690e+03 7.105136534284e+03
-1.569065132392e+03 -2.317408340385e+03 7.107731760280e+03
-1.569243230825e+03 -2.309428986575e+03 7.110318641293e+03
-1.569418328627e+03 -2.301446832993e+03 7.112897174132e+03
-1.569590425148e+03 -2.293461889376e+03 7.115467355617e+03
-1.569759519740e+03 -2.285474165465e+03 7.118029182579e+03
-1.569925611764e+03 -2.277483671004e+03 7.120582651856e+03
-1.570088707241e+03 -2.269490411134e+03 7.123127760297e+03
-1.570248792201e+03 -2.261494404820e+03 7.125664504762e+03
-1.570405872698e+03 -2.253495657210e+03 7.128192882119e+03
-1.570559948112e+03 -2.245494178063e+03 7.130712889246e+03
-1.570711017826e+03 -2.237489977143e+03 7.133224523032e+03
-1.570859081229e+03 -2.229483064215e+03 7.135727780374e+03
-1.571004137715e+03 -2.221473449049e+03 7.138222658181e+03
-1.571146193177e+03 -2.213461136810e+03 7.140709153368e+03
-1.571285234007e+03 -2.205446146491e+03 7.143187262864e+03
-1.571421266131e+03 -2.197428483266e+03 7.145656983605e+03
-1.571554288962e+03 -2.189408156919e+03 7.148118312538e+03
-1.571684301920e+03 -2.181385177236e+03 7.150571246619e+03
-1.571811304427e+03 -2.173359554009e+03 7.153015782815e+03
-1.571935295912e+03 -2.165331297034e+03 7.155451918101e+03
-1.572056275810e+03 -2.157300416108e+03 7.157879649464e+03
-1.572174249863e+03 -2.149266916421e+03 7.160298973898e+03
-1.572289204881e+03 -2.141230817002e+03 7.162709888410e+03
-1.572401146642e+03 -2.133192123049e+03 7.165112390014e+03
-1.572510074599e+03 -2.125150844374e+03 7.167506475735e+03
-1.572615988210e+03 -2.117106990792e+03 7.169892142609e+03
-1.572718886939e+03 -2.109060572123e+03 7.172269387680e+03
-1.572818770255e+03 -2.101011598190e+03 7.174638208003e+03
-1.572915643771e+03 -2.092960074204e+03 7.176998600641e+03
-1.573009494662e+03 -2.084906019223e+03 7.179350562669e+03
-1.573100328574e+03 -2.076849438466e+03 7.181694091171e+03
-1.573188144997e+03 -2.068790341769e+03 7.184029183240e+03
-1.573272943423e+03 -2.060728738972e+03 7.186355835981e+03
-1.573354723352e+03 -2.052664639919e+03 7.188674046507e+03
-1.573433484287e+03 -2.044598054455e+03 7.190983811941e+03
-1.573509231711e+03 -2.036528987813e+03 7.193285129416e+03
-1.573581953164e+03 -2.028457459081e+03 7.195577996076e+03
-1.573651654163e+03 -2.020383473496e+03 7.197862409073e+03
-1.573718334232e+03 -2.012307040920e+03 7.200138365570e+03
-1.573781992900e+03 -2.004228171216e+03 7.202405862740e+03
-1.573842629699e+03 -1.996146874249e+03 7.204664897766e+03
-1.573900244169e+03 -1.988063159889e+03 7.206915467839e+03
-1.573954835853e+03 -1.979977038009e+03 7.209157570162e+03
-1.574006410084e+03 -1.971888513868e+03 7.211391201948e+03
-1.574054954822e+03 -1.963797606579e+03 7.213616360418e+03
-1.574100475436e+03 -1.955704321408e+03 7.215833042805e+03
-1.574142971487e+03 -1.947608668240e+03 7.218041246350e+03
-1.574182442545e+03 -1.939510656965e+03 7.220240968304e+03
-1.574218888185e+03 -1.931410297474e+03 7.222432205931e+03
-1.574252307983e+03 -1.923307599663e+03 7.224614956501e+03
-1.574282707143e+03 -1.915202568811e+03 7.226789217296e+03
-1.574310073992e+03 -1.907095224057e+03 7.228954985607e+03
-1.574334413767e+03 -1.898985570687e+03 7.231112258736e+03
-1.574355726066e+03 -1.890873618610e+03 7.233261033994e+03
-1.574374010493e+03 -1.882759377735e+03 7.235401308703e+03
-1.574389266657e+03 -1.874642857977e+03 7.237533080193e+03
-1.574401494172e+03 -1.866524069254e+03 7.239656345805e+03
-1.574410692657e+03 -1.858403021484e+03 7.241771102891e+03
-1.574416867163e+03 -1.850279719973e+03 7.243877348812e+03
-1.574420006441e+03 -1.842154183884e+03 7.245975080939e+03
-1.574420115574e+03 -1.834026418528e+03 7.248064296653e+03
-1.574417194204e+03 -1.825896433838e+03 7.250144993344e+03
-1.574411241973e+03 -1.817764239748e+03 7.252217168413e+03
-1.574402258531e+03 -1.809629846197e+03 7.254280819272e+03
-1.574390243532e+03 -1.801493263126e+03 7.256335943341e+03
-1.574375201897e+03 -1.793354495861e+03 7.258382538050e+03
-1.574357122744e+03 -1.785213563587e+03 7.260420600842e+03
-1.574336011026e+03 -1.777070471634e+03 7.262450129165e+03
-1.574311866418e+03 -1.768925229956e+03 7.264471120482e+03
-1.574284688600e+03 -1.760777848510e+03 7.266483572262e+03
-1.574254477256e+03 -1.752628337254e+03 7.268487481988e+03
-1.574221232075e+03 -1.744476706149e+03 7.270482847148e+03
-1.574184957846e+03 -1.736322960543e+03 7.272469665244e+03
-1.574145644057e+03 -1.728167119639e+03 7.274447933788e+03
-1.574103295530e+03 -1.720009188790e+03 7.276417650298e+03
-1.574057911975e+03 -1.711849177969e+03 7.278378812307e+03
-1.574009493107e+03 -1.703687097153e+03 7.280331417355e+03
-1.573958038645e+03 -1.695522956319e+03 7.282275462993e+03
-1.573903548314e+03 -1.687356765451e+03 7.284210946782e+03
-1.573846021844e+03 -1.679188534532e+03 7.286137866292e+03
-1.573785463873e+03 -1.671018268933e+03 7.288056219104e+03
-1.573721864311e+03 -1.662845987878e+03 7.289966002810e+03
-1.573655227831e+03 -1.654671696744e+03 7.291867215010e+03
-1.573585554181e+03 -1.646495405525e+03 7.293759853316e+03
-1.573512843119e+03 -1.638317124220e+03 7.295643915348e+03
-1.573437094402e+03 -1.630136862830e+03 7.297519398737e+03
-1.573358307798e+03 -1.621954631359e+03 7.299386301125e+03
-1.573276487811e+03 -1.613770435198e+03 7.301244620163e+03
-1.573191624723e+03 -1.605584293587e+03 7.303094353512e+03
-1.573103723073e+03 -1.597396211924e+03 7.304935498844e+03
-1.573012782647e+03 -1.589206200221e+03 7.306768053840e+03
-1.572918803236e+03 -1.581014268497e+03 7.308592016191e+03
-1.572821784635e+03 -1.572820426771e+03 7.310407383599e+03
-1.572721726645e+03 -1.564624685066e+03 7.312214153775e+03
-1.572618629071e+03 -1.556427053406e+03 7.314012324442e+03
-1.572512496268e+03 -1.548227537206e+03 7.315801893332e+03
-1.572403318942e+03 -1.540026155724e+03 7.317582858185e+03
-1.572291101481e+03 -1.531822914378e+03 7.319355216755e+03
-1.572175843710e+03 -1.523617823204e+03 7.321118966802e+03
-1.572057545462e+03 -1.515410892240e+03 7.322874106100e+03
-1.571936206572e+03 -1.507202131526e+03 7.324620632431e+03
-1.571811826882e+03 -1.498991551106e+03 7.326358543587e+03
-1.571684410611e+03 -1.490779156413e+03 7.328087837371e+03
-1.571553948840e+03 -1.482564966718e+03 7.329808511595e+03
-1.571420445824e+03 -1.474348987460e+03 7.331520564082e+03
-1.571283901423e+03 -1.466131228692e+03 7.333223992665e+03
-1.571144315505e+03 -1.457911700471e+03 7.334918795187e+03
-1.571001687941e+03 -1.449690412852e+03 7.336604969501e+03
-1.570856018608e+03 -1.441467375897e+03 7.338282513470e+03
-1.570707307389e+03 -1.433242599669e+03 7.339951424967e+03
-1.570555558351e+03 -1.425016089625e+03 7.341611701877e+03
-1.570400763000e+03 -1.416787865047e+03 7.343263342093e+03
-1.570242925439e+03 -1.408557931399e+03 7.344906343518e+03
-1.570082045569e+03 -1.400326298752e+03 7.346540704067e+03
-1.569918123299e+03 -1.392092977181e+03 7.348166421663e+03
-1.569751158541e+03 -1.383857976763e+03 7.349783494241e+03
-1.569581151212e+03 -1.375621307578e+03 7.351391919745e+03
-1.569408105247e+03 -1.367382975101e+03 7.352991696131e+03
-1.569232012526e+03 -1.359142998628e+03 7.354582821361e+03
-1.569052877017e+03 -1.350901383638e+03 7.356165293412e+03
-1.568870698658e+03 -1.342658140221e+03 7.357739110268e+03
-1.568685477393e+03 -1.334413278467e+03 7.359304269925e+03
-1.568497213170e+03 -1.326166808470e+03 7.360860770388e+03
-1.568305905941e+03 -1.317918740325e+03 7.362408609672e+03
-1.568111559507e+03 -1.309669079528e+03 7.363947785804e+03
-1.567914166123e+03 -1.301417845381e+03 7.365478296819e+03
-1.567713729624e+03 -1.293165043385e+03 7.367000140763e+03
-1.567510249983e+03 -1.284910683645e+03 7.368513315693e+03
-1.567303727179e+03 -1.276654776266e+03 7.370017819674e+03
-1.567094161195e+03 -1.268397331356e+03 7.371513650785e+03
-1.566881552021e+03 -1.260138359028e+03 7.373000807111e+03
-1.566665899650e+03 -1.251877869392e+03 7.374479286750e+03
-1.566447207730e+03 -1.243615867969e+03 7.375949087808e+03
-1.566225468943e+03 -1.235352374068e+03 7.377410208404e+03
-1.566000686972e+03 -1.227087393212e+03 7.378862646666e+03
-1.565772861831e+03 -1.218820935521e+03 7.380306400730e+03
-1.565541993540e+03 -1.210553011119e+03 7.381741468746e+03
-1.565308082122e+03 -1.202283630132e+03 7.383167848871e+03
-1.565071127607e+03 -1.194012802686e+03 7.384585539274e+03
-1.564831133509e+03 -1.185740534321e+03 7.385994538134e+03
-1.564588092886e+03 -1.177466844351e+03 7.387394843640e+03
-1.564342009286e+03 -1.169191738317e+03 7.388786453991e+03
-1.564092882759e+03 -1.160915226355e+03 7.390169367397e+03
-1.563840713359e+03 -1.152637318603e+03 7.391543582078e+03
-1.563585501147e+03 -1.144358025199e+03 7.392909096263e+03
-1.563327246188e+03 -1.136077356286e+03 7.394265908192e+03
-1.563065948553e+03 -1.127795322007e+03 7.395614016116e+03
-1.562801611601e+03 -1.119511927923e+03 7.396953418296e+03
-1.562534228821e+03 -1.111227193350e+03 7.398284113003e+03
-1.562263803606e+03 -1.102941123854e+03 7.399606098518e+03
-1.561990336047e+03 -1.094653729584e+03 7.400919373132e+03
-1.561713826240e+03 -1.086365020694e+03 7.402223935148e+03
-1.561434274286e+03 -1.078075007339e+03 7.403519782877e+03
-1.561151680291e+03 -1.069783699676e+03 7.404806914641e+03
-1.560866047481e+03 -1.061491103283e+03 7.406085328773e+03
-1.560577369720e+03 -1.053197237481e+03 7.407355023616e+03
-1.560285650266e+03 -1.044902107851e+03 7.408615997523e+03
-1.559990889247e+03 -1.036605724559e+03 7.409868248857e+03
-1.559693086795e+03 -1.028308097769e+03 7.411111775992e+03
-1.559392243046e+03 -1.020009237649e+03 7.412346577312e+03
-1.559088358141e+03 -1.011709154370e+03 7.413572651211e+03
-1.558781435173e+03 -1.003407853528e+03 7.414789996094e+03
-1.558471468380e+03 -9.951053544438e+02 7.415