2.617994e-02 2.617994e-02 2.617994e-02
2.609968e-02 2.609204e-02 2.618660e-02
2.601771e-02 2.600609e-02 2.619283e-02
2.593404e-02 2.592214e-02 2.619855e-02
2.584730e-02 2.584166e-02 2.620364e-02
2.575905e-02 2.576309e-02 2.620799e-02
2.566938e-02 2.568667e-02 2.621156e-02
2.557694e-02 2.561378e-02 2.621410e-02
2.548312e-02 2.554301e-02 2.621567e-02
2.538818e-02 2.547427e-02 2.621621e-02
2.529097e-02 2.540916e-02 2.621524e-02
2.519263e-02 2.534602e-02 2.621301e-02
2.509331e-02 2.528497e-02 2.620953e-02
2.499195e-02 2.522755e-02 2.620407e-02
2.488985e-02 2.517223e-02 2.619720e-02
2.478700e-02 2.511892e-02 2.618888e-02
2.468267e-02 2.506921e-02 2.617822e-02
2.457776e-02 2.502143e-02 2.616596e-02
2.447233e-02 2.497561e-02 2.615205e-02
2.436588e-02 2.493323e-02 2.613553e-02
2.425923e-02 2.489262e-02 2.611735e-02
2.415223e-02 2.485386e-02 2.609737e-02
2.404473e-02 2.481849e-02 2.607455e-02
2.393729e-02 2.478496e-02 2.604983e-02
2.382984e-02 2.475307e-02 2.602323e-02
2.372235e-02 2.472424e-02 2.599369e-02
2.361506e-02 2.469715e-02 2.596218e-02
2.350801e-02 2.467155e-02 2.592878e-02
2.340138e-02 2.464870e-02 2.589222e-02
2.329540e-02 2.462741e-02 2.585373e-02
2.319001e-02 2.460756e-02 2.581321e-02
2.308543e-02 2.459007e-02 2.576954e-02
2.298159e-02 2.457384e-02 2.572387e-02
2.287858e-02 2.455882e-02 2.567630e-02
2.277702e-02 2.454606e-02 2.562557e-02
2.267634e-02 2.453428e-02 2.557291e-02
2.257674e-02 2.452351e-02 2.551833e-02
2.247874e-02 2.451454e-02 2.546051e-02
2.238201e-02 2.450644e-02 2.540085e-02
2.228656e-02 2.449912e-02 2.533936e-02
2.219324e-02 2.449337e-02 2.527475e-02
2.210108e-02 2.448820e-02 2.520831e-02
2.201041e-02 2.448362e-02 2.514012e-02
2.192226e-02 2.448022e-02 2.506886e-02
2.183546e-02 2.447717e-02 2.499597e-02
2.175027e-02 2.447450e-02 2.492154e-02
2.166774e-02 2.447260e-02 2.484433e-02
2.158689e-02 2.447088e-02 2.476566e-02
2.150770e-02 2.446931e-02 2.468549e-02
2.143129e-02 2.446816e-02 2.460282e-02
2.135685e-02 2.446699e-02 2.451876e-02
2.128423e-02 2.446571e-02 2.443334e-02
2.121444e-02 2.446436e-02 2.434549e-02
2.114661e-02 2.446265e-02 2.425637e-02
2.108060e-02 2.446057e-02 2.416615e-02
2.101780e-02 2.445814e-02 2.407390e-02
2.095681e-02 2.445518e-02 2.398064e-02
2.089786e-02 2.445174e-02 2.388634e-02
2.084203e-02 2.444763e-02 2.379041e-02
2.078816e-02 2.444292e-02 2.369366e-02
2.073617e-02 2.443754e-02 2.359610e-02
2.068756e-02 2.443120e-02 2.349706e-02
2.064082e-02 2.442405e-02 2.339750e-02
2.059594e-02 2.441607e-02 2.329731e-02
2.055422e-02 2.440692e-02 2.319605e-02
2.051451e-02 2.439679e-02 2.309436e-02
2.047654e-02 2.438578e-02 2.299238e-02
2.044171e-02 2.437330e-02 2.288965e-02
2.040863e-02 2.435981e-02 2.278676e-02
2.037737e-02 2.434524e-02 2.268370e-02
2.034921e-02 2.432896e-02 2.258006e-02
2.032261e-02 2.431158e-02 2.247640e-02
2.029766e-02 2.429312e-02 2.237293e-02
2.027573e-02 2.427278e-02 2.226948e-02
2.025539e-02 2.425117e-02 2.216612e-02
2.023666e-02 2.422832e-02 2.206304e-02
2.022059e-02 2.420343e-02 2.196016e-02
2.020591e-02 2.417725e-02 2.185767e-02
2.019272e-02 2.414977e-02 2.175571e-02
2.018201e-02 2.412012e-02 2.165432e-02
2.017272e-02 2.408901e-02 2.155342e-02
2.016461e-02 2.405660e-02 2.145314e-02
2.015879e-02 2.402182e-02 2.135364e-02
2.015413e-02 2.398569e-02 2.125485e-02
2.015065e-02 2.394811e-02 2.115693e-02
2.014928e-02 2.390814e-02 2.106013e-02
2.014898e-02 2.386669e-02 2.096422e-02
2.014964e-02 2.382380e-02 2.086926e-02
2.015209e-02 2.377871e-02 2.077575e-02
2.015542e-02 2.373207e-02 2.068322e-02
2.015954e-02 2.368405e-02 2.059178e-02
2.016522e-02 2.363360e-02 2.050188e-02
2.017156e-02 2.358178e-02 2.041325e-02
2.017859e-02 2.352861e-02 2.032578e-02
2.018679e-02 2.347315e-02 2.023998e-02
2.019559e-02 2.341644e-02 2.015560e-02
2.020489e-02 2.335837e-02 2.007258e-02
2.021516e-02 2.329800e-02 1.999164e-02
2.022586e-02 2.323637e-02 1.991208e-02
2.023685e-02 2.317342e-02 1.983388e-02
2.024859e-02 2.310839e-02 1.975780e-02
2.026060e-02 2.304216e-02 1.968315e-02
2.027288e-02 2.297470e-02 1.960994e-02
2.028571e-02 2.290513e-02 1.953910e-02
2.029868e-02 2.283450e-02 1.946977e-02
2.031169e-02 2.276292e-02 1.940183e-02
2.032493e-02 2.268943e-02 1.933633e-02
2.033813e-02 2.261496e-02 1.927245e-02
2.035128e-02 2.253960e-02 1.921010e-02
2.036440e-02 2.246244e-02 1.915027e-02
2.037740e-02 2.238445e-02 1.909209e-02
2.039019e-02 2.230573e-02 1.903549e-02
2.040260e-02 2.222539e-02 1.898127e-02
2.041471e-02 2.214420e-02 1.892872e-02
2.042645e-02 2.206243e-02 1.887773e-02
2.043766e-02 2.197921e-02 1.882936e-02
2.044835e-02 2.189546e-02 1.878242e-02
2.045855e-02 2.181122e-02 1.873703e-02
2.046799e-02 2.172587e-02 1.869432e-02
2.047683e-02 2.164003e-02 1.865303e-02
2.048502e-02 2.155368e-02 1.861323e-02
2.049212e-02 2.146620e-02 1.857612e-02
2.049853e-02 2.137854e-02 1.854042e-02
2.050417e-02 2.129051e-02 1.850612e-02
2.050857e-02 2.120167e-02 1.847429e-02
2.051206e-02 2.111267e-02 1.844396e-02
2.051462e-02 2.102342e-02 1.841503e-02
2.051575e-02 2.093353e-02 1.838842e-02
2.051589e-02 2.084356e-02 1.836320e-02
2.051503e-02 2.075352e-02 1.833932e-02
2.051252e-02 2.066316e-02 1.831777e-02
2.050890e-02 2.057285e-02 1.829751e-02
2.050419e-02 2.048261e-02 1.827844e-02
2.049780e-02 2.039227e-02 1.826140e-02
2.049016e-02 2.030196e-02 1.824559e-02
2.048128e-02 2.021186e-02 1.823095e-02
2.047058e-02 2.012193e-02 1.821835e-02
2.045851e-02 2.003227e-02 1.820694e-02
2.044520e-02 1.994290e-02 1.819655e-02
2.042985e-02 1.985371e-02 1.818798e-02
2.041322e-02 1.976499e-02 1.818039e-02
2.039526e-02 1.967668e-02 1.817377e-02
2.037519e-02 1.958891e-02 1.816891e-02
2.035402e-02 1.950168e-02 1.816480e-02
2.033159e-02 1.941498e-02 1.816157e-02
2.030708e-02 1.932906e-02 1.815992e-02
2.028138e-02 1.924362e-02 1.815894e-02
2.025449e-02 1.915876e-02 1.815859e-02
2.022557e-02 1.907485e-02 1.815963e-02
2.019551e-02 1.899171e-02 1.816123e-02
2.016429e-02 1.890915e-02 1.816334e-02
2.013097e-02 1.882769e-02 1.816662e-02
2.009659e-02 1.874703e-02 1.817029e-02
2.006100e-02 1.866709e-02 1.817442e-02
2.002329e-02 1.858845e-02 1.817952e-02
1.998433e-02 1.851059e-02 1.818497e-02
1.994429e-02 1.843365e-02 1.819072e-02
1.990223e-02 1.835794e-02 1.819716e-02
1.985911e-02 1.828314e-02 1.820376e-02
1.981484e-02 1.820930e-02 1.821059e-02
1.976876e-02 1.813693e-02 1.821789e-02
1.972159e-02 1.806550e-02 1.822528e-02
1.967333e-02 1.799501e-02 1.823272e-02
1.962331e-02 1.792601e-02 1.824042e-02
1.957220e-02 1.785796e-02 1.824812e-02
1.952010e-02 1.779094e-02 1.825573e-02
1.946624e-02 1.772556e-02 1.826341e-02
1.941137e-02 1.766119e-02 1.827092e-02
1.935554e-02 1.759784e-02 1.827821e-02
1.929802e-02 1.753642e-02 1.828548e-02
1.923977e-02 1.747583e-02 1.829243e-02
1.918063e-02 1.741632e-02 1.829908e-02
1.911986e-02 1.735869e-02 1.830546e-02
1.905827e-02 1.730205e-02 1.831144e-02
1.899588e-02 1.724644e-02 1.831701e-02
1.893203e-02 1.719269e-02 1.832214e-02
1.886740e-02 1.714006e-02 1.832675e-02
1.880209e-02 1.708850e-02 1.833088e-02
1.873537e-02 1.703877e-02 1.833435e-02
1.866807e-02 1.699012e-02 1.833728e-02
1.860006e-02 1.694258e-02 1.833960e-02
1.853085e-02 1.689689e-02 1.834117e-02
1.846110e-02 1.685235e-02 1.834208e-02
1.839086e-02 1.680889e-02 1.834232e-02
1.831952e-02 1.676722e-02 1.834163e-02
1.824759e-02 1.672660e-02 1.834020e-02
1.817530e-02 1.668710e-02 1.833805e-02
1.810221e-02 1.664952e-02 1.833486e-02
1.802871e-02 1.661291e-02 1.833086e-02
1.795483e-02 1.657731e-02 1.832607e-02
1.788022e-02 1.654358e-02 1.832013e-02
1.780539e-02 1.651082e-02 1.831335e-02
1.773031e-02 1.647914e-02 1.830571e-02
1.765461e-02 1.644924e-02 1.829679e-02
1.757885e-02 1.642025e-02 1.828703e-02
1.750287e-02 1.639222e-02 1.827635e-02
1.742645e-02 1.636603e-02 1.826426e-02
1.734988e-02 1.634082e-02 1.825124e-02
1.727333e-02 1.631656e-02 1.823734e-02
1.719661e-02 1.629404e-02 1.822197e-02
1.711996e-02 1.627243e-02 1.820569e-02
1.704332e-02 1.625165e-02 1.818844e-02
1.696669e-02 1.623241e-02 1.816979e-02
1.689026e-02 1.621412e-02 1.815017e-02
1.681391e-02 1.619674e-02 1.812953e-02
1.673786e-02 1.618077e-02 1.810754e-02
1.666189e-02 1.616567e-02 1.808445e-02
1.658605e-02 1.615129e-02 1.806041e-02
1.651063e-02 1.613838e-02 1.803485e-02
1.643558e-02 1.612615e-02 1.800836e-02
1.636088e-02 1.611460e-02 1.798093e-02
1.628658e-02 1.610439e-02 1.795177e-02
1.621269e-02 1.609481e-02 1.792169e-02
1.613923e-02 1.608588e-02 1.789062e-02
1.606632e-02 1.607801e-02 1.785804e-02
1.599398e-02 1.607067e-02 1.782454e-02
1.592215e-02 1.606395e-02 1.779006e-02
1.585096e-02 1.605833e-02 1.775396e-02
1.578047e-02 1.605318e-02 1.771699e-02
1.571054e-02 1.604846e-02 1.767913e-02
1.564147e-02 1.604472e-02 1.763968e-02
1.557306e-02 1.604138e-02 1.759938e-02
1.550536e-02 1.603846e-02 1.755819e-02
1.543856e-02 1.603628e-02 1.751554e-02
1.537239e-02 1.603445e-02 1.747195e-02
1.530693e-02 1.603291e-02 1.742749e-02
1.524281e-02 1.603189e-02 1.738163e-02
1.517934e-02 1.603108e-02 1.733481e-02
1.511656e-02 1.603035e-02 1.728716e-02
1.505508e-02 1.603007e-02 1.723817e-02
1.499426e-02 1.602989e-02 1.718823e-02
1.493432e-02 1.602978e-02 1.713760e-02
1.487576e-02 1.602999e-02 1.708568e-02
1.481813e-02 1.603026e-02 1.703302e-02
1.476128e-02 1.603056e-02 1.697955e-02
1.470574e-02 1.603106e-02 1.692479e-02
1.465105e-02 1.603158e-02 1.686932e-02
1.459717e-02 1.603205e-02 1.681317e-02
1.454478e-02 1.603260e-02 1.675583e-02
1.449332e-02 1.603312e-02 1.669788e-02
1.444277e-02 1.603356e-02 1.663929e-02
1.439372e-02 1.603401e-02 1.657962e-02
1.434553e-02 1.603434e-02 1.651935e-02
1.429826e-02 1.603452e-02 1.645854e-02
1.425245e-02 1.603464e-02 1.639674e-02
1.420760e-02 1.603458e-02 1.633449e-02
1.416367e-02 1.603434e-02 1.627170e-02
1.412130e-02 1.603392e-02 1.620804e-02
1.407983e-02 1.603325e-02 1.614395e-02
1.403929e-02 1.603237e-02 1.607946e-02
1.400033e-02 1.603120e-02 1.601406e-02
1.396230e-02 1.602979e-02 1.594831e-02
1.392509e-02 1.602808e-02 1.588221e-02
1.388942e-02 1.602600e-02 1.581540e-02
1.385473e-02 1.602360e-02 1.574836e-02
1.382096e-02 1.602092e-02 1.568111e-02
1.378852e-02 1.601779e-02 1.561328e-02
1.375712e-02 1.601430e-02 1.554524e-02
1.372664e-02 1.601045e-02 1.547699e-02
1.369782e-02 1.600612e-02 1.540834e-02
1.366972e-02 1.600138e-02 1.533956e-02
1.364250e-02 1.599619e-02 1.527054e-02
1.361689e-02 1.599046e-02 1.520113e-02
1.359201e-02 1.598426e-02 1.513161e-02
1.356805e-02 1.597762e-02 1.506201e-02
1.354546e-02 1.597030e-02 1.499209e-02
1.352380e-02 1.596251e-02 1.492226e-02
1.350297e-02 1.595427e-02 1.485238e-02
1.348356e-02 1.594532e-02 1.478239e-02
1.346486e-02 1.593581e-02 1.471229e-02
1.344697e-02 1.592581e-02 1.464231e-02
1.343042e-02 1.591504e-02 1.457223e-02
1.341457e-02 1.590372e-02 1.450228e-02
1.339952e-02 1.589187e-02 1.443245e-02
1.338580e-02 1.587911e-02 1.436265e-02
1.337267e-02 1.586587e-02 1.429299e-02
1.336030e-02 1.585201e-02 1.422343e-02
1.334919e-02 1.583718e-02 1.415390e-02
1.333877e-02 1.582182e-02 1.408471e-02
1.332891e-02 1.580590e-02 1.401573e-02
1.332018e-02 1.578911e-02 1.394714e-02
1.331221e-02 1.577157e-02 1.387865e-02
1.330479e-02 1.575345e-02 1.381044e-02
1.329829e-02 1.573438e-02 1.374241e-02
1.329245e-02 1.571465e-02 1.367470e-02
1.328709e-02 1.569434e-02 1.360738e-02
1.328276e-02 1.567297e-02 1.354043e-02
1.327898e-02 1.565096e-02 1.347386e-02
1.327569e-02 1.562834e-02 1.340768e-02
1.327339e-02 1.560460e-02 1.334186e-02
1.327161e-02 1.558017e-02 1.327646e-02
1.327024e-02 1.555510e-02 1.321150e-02
1.326986e-02 1.552900e-02 1.314713e-02
1.326984e-02 1.550229e-02 1.308322e-02
1.327021e-02 1.547495e-02 1.301975e-02
1.327136e-02 1.544653e-02 1.295679e-02
1.327293e-02 1.541748e-02 1.289439e-02
1.327487e-02 1.538777e-02 1.283245e-02
1.327753e-02 1.535704e-02 1.277118e-02
1.328060e-02 1.532552e-02 1.271039e-02
1.328398e-02 1.529342e-02 1.265014e-02
1.328800e-02 1.526035e-02 1.259060e-02
1.329231e-02 1.522667e-02 1.253162e-02
1.329700e-02 1.519238e-02 1.247321e-02
1.330240e-02 1.515696e-02 1.241554e-02
1.330811e-02 1.512097e-02 1.235841e-02
1.331411e-02 1.508447e-02 1.230189e-02
1.332064e-02 1.504700e-02 1.224625e-02
1.332751e-02 1.500896e-02 1.219124e-02
1.333461e-02 1.497039e-02 1.213681e-02
1.334212e-02 1.493094e-02 1.208327e-02
1.334993e-02 1.489087e-02 1.203037e-02
1.335796e-02 1.485028e-02 1.197816e-02
1.336628e-02 1.480890e-02 1.192667e-02
1.337487e-02 1.476691e-02 1.187586e-02
1.338362e-02 1.472455e-02 1.182580e-02
1.339266e-02 1.468124e-02 1.177670e-02
1.340183e-02 1.463755e-02 1.172829e-02
1.341115e-02 1.459336e-02 1.168059e-02
1.342071e-02 1.454828e-02 1.163371e-02
1.343040e-02 1.450275e-02 1.158769e-02
1.344019e-02 1.445682e-02 1.154243e-02
1.345017e-02 1.441012e-02 1.149805e-02
1.346017e-02 1.436301e-02 1.145441e-02
1.347019e-02 1.431545e-02 1.141143e-02
1.348031e-02 1.426722e-02 1.136954e-02
1.349045e-02 1.421857e-02 1.132832e-02
1.350056e-02 1.416954e-02 1.128775e-02
1.351067e-02 1.411982e-02 1.124812e-02
1.352075e-02 1.406985e-02 1.120927e-02
1.353075e-02 1.401956e-02 1.117111e-02
1.354081e-02 1.396856e-02 1.113412e-02
1.355074e-02 1.391720e-02 1.109783e-02
1.356055e-02 1.386556e-02 1.106225e-02
1.357028e-02 1.381322e-02 1.102762e-02
1.357986e-02 1.376060e-02 1.099375e-02
1.358929e-02 1.370772e-02 1.096054e-02
1.359852e-02 1.365448e-02 1.092843e-02
1.360757e-02 1.360084e-02 1.089698e-02
1.361643e-02 1.354695e-02 1.086626e-02
1.362504e-02 1.349249e-02 1.083655e-02
1.363342e-02 1.343792e-02 1.080743e-02
1.364159e-02 1.338310e-02 1.077908e-02
1.364948e-02 1.332780e-02 1.075195e-02
1.365710e-02 1.327223e-02 1.072535e-02
1.366443e-02 1.321648e-02 1.069932e-02
1.367140e-02 1.316048e-02 1.067439e-02
1.367807e-02 1.310427e-02 1.065010e-02
1.368441e-02 1.304789e-02 1.062646e-02
1.369034e-02 1.299115e-02 1.060386e-02
1.369595e-02 1.293430e-02 1.058186e-02
1.370119e-02 1.287733e-02 1.056051e-02
1.370599e-02 1.282012e-02 1.054007e-02
1.371039e-02 1.276277e-02 1.052037e-02
1.371440e-02 1.270541e-02 1.050126e-02
1.371790e-02 1.264781e-02 1.048308e-02
1.372095e-02 1.259001e-02 1.046539e-02
1.372358e-02 1.253215e-02 1.044840e-02
1.372559e-02 1.247401e-02 1.043252e-02
1.372717e-02 1.241591e-02 1.041718e-02
1.372831e-02 1.235779e-02 1.040236e-02
1.372882e-02 1.229960e-02 1.038845e-02
1.372889e-02 1.224147e-02 1.037508e-02
1.372845e-02 1.218329e-02 1.036232e-02
1.372732e-02 1.212506e-02 1.035055e-02
1.372564e-02 1.206670e-02 1.033924e-02
1.372347e-02 1.200833e-02 1.032841e-02
1.372061e-02 1.195006e-02 1.031839e-02
1.371724e-02 1.189192e-02 1.030896e-02
1.371334e-02 1.183380e-02 1.029998e-02
1.370867e-02 1.177562e-02 1.029179e-02
1.370351e-02 1.171757e-02 1.028401e-02
1.369778e-02 1.165962e-02 1.027669e-02
1.369119e-02 1.160171e-02 1.027035e-02
1.368408e-02 1.154398e-02 1.026445e-02
1.367640e-02 1.148638e-02 1.025899e-02
1.366797e-02 1.142899e-02 1.025426e-02
1.365893e-02 1.137162e-02 1.024990e-02
1.364929e-02 1.131439e-02 1.024594e-02
1.363882e-02 1.125730e-02 1.024269e-02
1.362778e-02 1.120040e-02 1.023976e-02
1.361620e-02 1.114384e-02 1.023721e-02
1.360374e-02 1.108750e-02 1.023556e-02
1.359083e-02 1.103140e-02 1.023418e-02
1.357744e-02 1.097551e-02 1.023315e-02
1.356333e-02 1.091990e-02 1.023270e-02
1.354874e-02 1.086461e-02 1.023261e-02
1.353368e-02 1.080956e-02 1.023280e-02
1.351782e-02 1.075470e-02 1.023355e-02
1.350152e-02 1.070006e-02 1.023455e-02
1.348480e-02 1.064578e-02 1.023581e-02
1.346739e-02 1.059183e-02 1.023765e-02
1.344948e-02 1.053806e-02 1.023967e-02
1.343111e-02 1.048458e-02 1.024198e-02
1.341208e-02 1.043158e-02 1.024473e-02
1.339252e-02 1.037884e-02 1.024775e-02
1.337252e-02 1.032641e-02 1.025099e-02
1.335188e-02 1.027440e-02 1.025453e-02
1.333070e-02 1.022268e-02 1.025832e-02
1.330907e-02 1.017128e-02 1.026230e-02
1.328666e-02 1.012037e-02 1.026674e-02
1.326384e-02 1.006982e-02 1.027129e-02
1.324059e-02 1.001956e-02 1.027592e-02
1.321662e-02 9.969782e-03 1.028087e-02
1.319220e-02 9.920392e-03 1.028598e-02
1.316733e-02 9.871364e-03 1.029119e-02
1.314179e-02 9.822637e-03 1.029659e-02
1.311567e-02 9.774365e-03 1.030219e-02
1.308907e-02 9.726537e-03 1.030790e-02
1.306182e-02 9.679055e-03 1.031375e-02
1.303408e-02 9.632096e-03 1.031975e-02
1.300595e-02 9.585590e-03 1.032581e-02
1.297699e-02 9.539607e-03 1.033212e-02
1.294765e-02 9.493936e-03 1.033837e-02
1.291797e-02 9.448753e-03 1.034463e-02
1.288753e-02 9.404069e-03 1.035105e-02
1.285668e-02 9.359762e-03 1.035745e-02
1.282548e-02 9.315806e-03 1.036382e-02
1.279352e-02 9.272459e-03 1.037030e-02
1.276122e-02 9.229535e-03 1.037672e-02
1.272852e-02 9.186985e-03 1.038307e-02
1.269509e-02 9.145107e-03 1.038957e-02
1.266128e-02 9.103594e-03 1.039598e-02
1.262709e-02 9.062562e-03 1.040232e-02
1.259222e-02 9.022254e-03 1.040875e-02
1.255705e-02 8.982269e-03 1.041500e-02
1.252149e-02 8.942657e-03 1.042115e-02
1.248517e-02 8.903714e-03 1.042733e-02
1.244848e-02 8.865194e-03 1.043338e-02
1.241144e-02 8.827102e-03 1.043934e-02
1.237374e-02 8.789736e-03 1.044524e-02
1.233573e-02 8.752851e-03 1.045101e-02
1.229741e-02 8.716434e-03 1.045663e-02
1.225842e-02 8.680488e-03 1.046220e-02
1.221923e-02 8.645073e-03 1.046756e-02
1.217971e-02 8.610129e-03 1.047275e-02
1.213961e-02 8.575831e-03 1.047780e-02
1.209915e-02 8.542064e-03 1.048272e-02
1.205835e-02 8.508739e-03 1.048743e-02
1.201704e-02 8.476156e-03 1.049199e-02
1.197548e-02 8.444015e-03 1.049633e-02
1.193361e-02 8.412290e-03 1.050048e-02
1.189121e-02 8.381143e-03 1.050442e-02
1.184870e-02 8.350430e-03 1.050811e-02
1.180585e-02 8.320248e-03 1.051160e-02
1.176250e-02 8.290714e-03 1.051488e-02
1.171893e-02 8.261606e-03 1.051791e-02
1.167508e-02 8.233002e-03 1.052069e-02
1.163080e-02 8.205025e-03 1.052324e-02
1.158632e-02 8.177522e-03 1.052552e-02
1.154162e-02 8.150521e-03 1.052754e-02
1.149661e-02 8.124202e-03 1.052925e-02
1.145139e-02 8.098237e-03 1.053067e-02
1.140599e-02 8.072765e-03 1.053183e-02
1.136032e-02 8.048062e-03 1.053268e-02
1.131442e-02 8.023770e-03 1.053325e-02
1.126836e-02 7.999892e-03 1.053352e-02
1.122199e-02 7.976718e-03 1.053345e-02
1.117546e-02 7.953858e-03 1.053313e-02
1.112883e-02 7.931526e-03 1.053250e-02
1.108189e-02 7.909923e-03 1.053153e-02
1.103479e-02 7.888756e-03 1.053026e-02
1.098754e-02 7.868069e-03 1.052867e-02
1.094004e-02 7.848049e-03 1.052669e-02
1.089252e-02 7.828393e-03 1.052443e-02
1.084496e-02 7.809154e-03 1.052185e-02
1.079713e-02 7.790529e-03 1.051888e-02
1.074932e-02 7.772308e-03 1.051559e-02
1.070150e-02 7.754608e-03 1.051198e-02
1.065351e-02 7.737543e-03 1.050796e-02
1.060541e-02 7.720870e-03 1.050361e-02
1.055727e-02 7.704583e-03 1.049897e-02
1.050907e-02 7.688949e-03 1.049388e-02
1.046085e-02 7.673807e-03 1.048845e-02
1.041260e-02 7.659063e-03 1.048269e-02
1.036424e-02 7.644904e-03 1.047648e-02
1.031576e-02 7.631072e-03 1.046996e-02
1.026742e-02 7.617643e-03 1.046314e-02
1.021908e-02 7.604840e-03 1.045586e-02
1.017071e-02 7.592436e-03 1.044824e-02
1.012232e-02 7.580431e-03 1.044026e-02
1.007394e-02 7.569101e-03 1.043182e-02
1.002567e-02 7.558104e-03 1.042307e-02
9.977510e-03 7.547437e-03 1.041401e-02
9.929307e-03 7.537554e-03 1.040439e-02
9.881225e-03 7.527904e-03 1.039448e-02
9.833156e-03 7.518605e-03 1.038424e-02
9.785263e-03 7.509834e-03 1.037355e-02
9.737393e-03 7.501498e-03 1.036250e-02
9.689666e-03 7.493507e-03 1.035113e-02
9.641903e-03 7.486064e-03 1.033921e-02
9.594408e-03 7.478966e-03 1.032701e-02
9.547107e-03 7.472171e-03 1.031452e-02
9.499861e-03 7.465867e-03 1.030153e-02
9.452716e-03 7.459881e-03 1.028817e-02
9.405774e-03 7.454111e-03 1.027447e-02
9.359082e-03 7.448627e-03 1.026033e-02
9.312483e-03 7.443379e-03 1.024580e-02
9.266100e-03 7.438296e-03 1.023094e-02
9.219849e-03 7.433544e-03 1.021558e-02
9.173847e-03 7.429005e-03 1.019986e-02
9.127987e-03 7.424678e-03 1.018377e-02
9.082422e-03 7.420771e-03 1.016715e-02
9.036953e-03 7.416926e-03 1.015024e-02
8.991645e-03 7.413271e-03 1.013295e-02
8.946649e-03 7.409951e-03 1.011521e-02
8.901865e-03 7.406715e-03 1.009718e-02
8.857222e-03 7.403677e-03 1.007874e-02
8.812845e-03 7.400928e-03 1.005983e-02
8.768678e-03 7.398383e-03 1.004052e-02
8.724754e-03 7.396009e-03 1.002083e-02
8.681117e-03 7.393840e-03 1.000071e-02
8.637631e-03 7.391790e-03 9.980227e-03
8.594370e-03 7.389914e-03 9.959357e-03
8.551433e-03 7.388210e-03 9.938064e-03
8.508715e-03 7.386535e-03 9.916519e-03
8.466271e-03 7.384993e-03 9.894631e-03
8.424203e-03 7.383799e-03 9.872149e-03
8.382330e-03 7.382657e-03 9.849386e-03
8.340658e-03 7.381577e-03 9.826303e-03
8.299438e-03 7.380712e-03 9.802833e-03
8.258471e-03 7.379920e-03 9.779057e-03
8.217690e-03 7.379209e-03 9.754960e-03
8.177168e-03 7.378553e-03 9.730480e-03
8.136939e-03 7.378058e-03 9.705641e-03
8.096963e-03 7.377612e-03 9.680550e-03
8.057432e-03 7.377384e-03 9.655012e-03
8.018110e-03 7.377098e-03 9.629327e-03
7.979023e-03 7.376883e-03 9.603334e-03
7.940333e-03 7.376827e-03 9.576881e-03
7.901946e-03 7.376820e-03 9.550182e-03
7.863859e-03 7.376945e-03 9.523146e-03
7.826303e-03 7.377149e-03 9.495848e-03
7.788943e-03 7.377468e-03 9.468208e-03
7.751838e-03 7.377802e-03 9.440354e-03
7.715123e-03 7.378268e-03 9.412048e-03
7.678751e-03 7.378767e-03 9.383543e-03
7.642681e-03 7.379327e-03 9.354751e-03
7.606968e-03 7.379993e-03 9.325546e-03
7.571704e-03 7.380716e-03 9.296150e-03
7.536650e-03 7.381464e-03 9.266528e-03
7.502118e-03 7.382251e-03 9.236678e-03
7.467795e-03 7.383065e-03 9.206534e-03
7.433718e-03 7.383894e-03 9.176144e-03
7.400162e-03 7.384825e-03 9.145415e-03
7.366934e-03 7.385791e-03 9.114476e-03
7.333999e-03 7.386795e-03 9.083249e-03
7.301414e-03 7.387759e-03 9.051862e-03
7.269124e-03 7.388729e-03 9.020265e-03
7.237197e-03 7.389744e-03 8.988422e-03
7.205692e-03 7.390871e-03 8.956194e-03
7.174483e-03 7.391976e-03 8.923795e-03
7.143598e-03 7.393016e-03 8.891339e-03
7.113195e-03 7.394098e-03 8.858527e-03
7.083156e-03 7.395168e-03 8.825605e-03
7.053327e-03 7.396203e-03 8.792530e-03
7.023988e-03 7.397286e-03 8.759146e-03
6.995069e-03 7.398321e-03 8.725715e-03
6.966425e-03 7.399328e-03 8.692121e-03
6.938162e-03 7.400330e-03 8.658241e-03
6.910264e-03 7.401322e-03 8.624227e-03
6.882752e-03 7.402325e-03 8.590025e-03
6.855565e-03 7.403273e-03 8.555637e-03
6.828674e-03 7.404204e-03 8.521052e-03
6.802156e-03 7.405101e-03 8.486424e-03
6.776137e-03 7.405962e-03 8.451590e-03
6.750568e-03 7.406796e-03 8.416686e-03
6.725277e-03 7.407598e-03 8.381625e-03
6.700471e-03 7.408386e-03 8.346261e-03
6.675891e-03 7.409077e-03 8.310904e-03
6.651655e-03 7.409732e-03 8.275467e-03
6.627965e-03 7.410344e-03 8.239800e-03
6.604523e-03 7.410884e-03 8.204065e-03
6.581344e-03 7.411356e-03 8.168289e-03
6.558764e-03 7.411784e-03 8.132384e-03
6.536466e-03 7.412153e-03 8.096337e-03
6.514411e-03 7.412445e-03 8.060197e-03
6.492799e-03 7.412634e-03 8.024014e-03
6.471527e-03 7.412776e-03 7.987718e-03
6.450516e-03 7.412841e-03 7.951362e-03
6.429972e-03 7.412826e-03 7.914917e-03
6.409743e-03 7.412722e-03 7.878389e-03
6.389699e-03 7.412528e-03 7.841787e-03
6.370111e-03 7.412232e-03 7.805063e-03
6.350906e-03 7.411854e-03 7.768325e-03
6.331966e-03 7.411385e-03 7.731572e-03
6.313553e-03 7.410843e-03 7.694735e-03
6.295391e-03 7.410201e-03 7.657850e-03
6.277571e-03 7.409466e-03 7.620914e-03
6.260230e-03 7.408607e-03 7.583842e-03
6.243171e-03 7.407662e-03 7.546765e-03
6.226367e-03 7.406604e-03 7.509721e-03
6.209949e-03 7.405412e-03 7.472639e-03
6.193794e-03 7.404102e-03 7.435464e-03
6.177926e-03 7.402712e-03 7.398272e-03
6.162449e-03 7.401178e-03 7.361010e-03
6.147333e-03 7.399537e-03 7.323767e-03
6.132504e-03 7.397772e-03 7.286542e-03
6.118007e-03 7.395868e-03 7.249256e-03
6.103809e-03 7.393839e-03 7.211993e-03
6.089884e-03 7.391697e-03 7.174791e-03
6.076270e-03 7.389409e-03 7.137443e-03
6.062996e-03 7.387003e-03 7.100211e-03
6.050035e-03 7.384483e-03 7.063040e-03
6.037439e-03 7.381770e-03 7.025732e-03
6.025097e-03 7.378947e-03 6.988574e-03
6.013009e-03 7.376005e-03 6.951402e-03
6.001228e-03 7.372885e-03 6.914256e-03
5.989748e-03 7.369632e-03 6.877223e-03
5.978581e-03 7.366230e-03 6.840137e-03
5.967920e-03 7.362642e-03 6.803035e-03
5.957382e-03 7.358931e-03 6.766062e-03
5.947036e-03 7.355084e-03 6.729095e-03
5.937012e-03 7.351066e-03 6.692170e-03
5.927340e-03 7.346863e-03 6.655275e-03
5.917960e-03 7.342515e-03 6.618356e-03
5.908796e-03 7.337988e-03 6.581520e-03
5.899842e-03 7.333334e-03 6.544765e-03
5.891166e-03 7.328523e-03 6.508104e-03
5.883023e-03 7.323486e-03 6.471507e-03
5.874913e-03 7.318317e-03 6.434952e-03
5.866978e-03 7.312993e-03 6.398414e-03
5.859495e-03 7.307431e-03 6.361877e-03
5.852126e-03 7.301733e-03 6.325492e-03
5.844914e-03 7.295891e-03 6.289225e-03
5.838207e-03 7.289789e-03 6.252863e-03
5.831601e-03 7.283563e-03 6.216798e-03
5.825177e-03 7.277154e-03 6.180724e-03
5.819073e-03 7.270524e-03 6.144598e-03
5.813063e-03 7.263766e-03 6.108657e-03
5.807265e-03 7.256853e-03 6.072880e-03
5.801810e-03 7.249689e-03 6.037152e-03
5.796541e-03 7.242340e-03 6.001418e-03
5.791409e-03 7.234844e-03 5.965788e-03
5.786513e-03 7.227106e-03 5.930230e-03
5.781879e-03 7.219207e-03 5.894861e-03
5.777346e-03 7.211170e-03 5.859646e-03
5.773122e-03 7.202870e-03 5.824457e-03
5.769067e-03 7.194379e-03 5.789388e-03
5.765076e-03 7.185751e-03 5.754462e-03
5.761412e-03 7.176858e-03 5.719536e-03
5.757937e-03 7.167806e-03 5.684839e-03
5.754613e-03 7.158580e-03 5.650220e-03
5.751540e-03 7.149061e-03 5.615604e-03
5.748462e-03 7.139408e-03 5.581109e-03
5.745592e-03 7.129585e-03 5.546802e-03
5.742931e-03 7.119526e-03 5.512646e-03
5.740550e-03 7.109222e-03 5.478622e-03
5.738291e-03 7.098744e-03 5.444719e-03
5.736215e-03 7.088046e-03 5.410980e-03
5.734286e-03 7.077113e-03 5.377304e-03
5.732421e-03 7.066018e-03 5.343678e-03
5.730760e-03 7.054655e-03 5.310102e-03
5.729158e-03 7.043218e-03 5.276830e-03
5.727754e-03 7.031595e-03 5.243714e-03
5.726562e-03 7.019652e-03 5.210579e-03
5.725479e-03 7.007581e-03 5.177689e-03
5.724501e-03 6.995333e-03 5.144908e-03
5.723676e-03 6.982846e-03 5.112197e-03
5.722956e-03 6.970231e-03 5.079785e-03
5.722379e-03 6.957437e-03 5.047525e-03
5.722068e-03 6.944343e-03 5.015358e-03
5.721804e-03 6.931067e-03 4.983267e-03
5.721602e-03 6.917654e-03 4.951331e-03
5.721669e-03 6.903981e-03 4.919577e-03
5.721808e-03 6.890160e-03 4.888005e-03
5.722089e-03 6.876169e-03 4.856631e-03
5.722409e-03 6.861940e-03 4.825311e-03
5.722831e-03 6.847555e-03 4.794165e-03
5.723334e-03 6.833041e-03 4.763235e-03
5.723927e-03 6.818316e-03 4.732440e-03
5.724566e-03 6.803435e-03 4.701795e-03
5.725405e-03 6.788299e-03 4.671243e-03
5.726276e-03 6.773036e-03 4.640918e-03
5.727284e-03 6.757564e-03 4.610703e-03
5.728401e-03 6.741954e-03 4.580643e-03
5.729755e-03 6.726122e-03 4.550865e-03
5.731167e-03 6.710184e-03 4.521261e-03
5.732632e-03 6.694135e-03 4.491799e-03
5.734350e-03 6.677895e-03 4.462651e-03
5.736084e-03 6.661509e-03 4.433564e-03
5.737895e-03 6.644973e-03 4.404585e-03
5.739829e-03 6.628210e-03 4.375775e-03
5.741799e-03 6.611337e-03 4.347089e-03
5.743867e-03 6.594375e-03 4.318632e-03
5.746126e-03 6.577198e-03 4.290427e-03
5.748445e-03 6.559897e-03 4.262385e-03
5.750873e-03 6.542467e-03 4.234537e-03
5.753428e-03 6.524944e-03 4.206986e-03
5.756048e-03 6.507288e-03 4.179573e-03
5.758746e-03 6.489437e-03 4.152234e-03
5.761615e-03 6.471438e-03 4.125166e-03
5.764511e-03 6.453355e-03 4.098265e-03
5.767438e-03 6.435152e-03 4.071483e-03
5.770487e-03 6.416703e-03 4.044845e-03
5.773606e-03 6.398223e-03 4.018453e-03
5.776801e-03 6.379679e-03 3.992312e-03
5.780088e-03 6.360940e-03 3.966373e-03
5.783482e-03 6.342052e-03 3.940595e-03
5.786914e-03 6.323117e-03 3.915012e-03
5.790336e-03 6.304094e-03 3.889567e-03
5.793895e-03 6.284885e-03 3.864323e-03
5.797544e-03 6.265566e-03 3.839277e-03
5.801275e-03 6.246056e-03 3.814416e-03
5.805071e-03 6.226459e-03 3.789735e-03
5.808923e-03 6.206807e-03 3.765266e-03
5.812870e-03 6.186971e-03 3.741006e-03
5.816792e-03 6.167036e-03 3.716829e-03
5.820806e-03 6.147035e-03 3.692868e-03
5.824869e-03 6.126997e-03 3.669223e-03
5.829057e-03 6.106819e-03 3.645783e-03
5.833254e-03 6.086564e-03 3.622499e-03
5.837503e-03 6.066247e-03 3.599499e-03
5.841841e-03 6.045768e-03 3.576687e-03
5.846173e-03 6.025206e-03 3.553948e-03
5.850608e-03 6.004418e-03 3.531360e-03
5.855122e-03 5.983542e-03 3.509038e-03
5.859655e-03 5.962643e-03 3.486903e-03
5.864164e-03 5.941635e-03 3.464911e-03
5.868713e-03 5.920500e-03 3.443038e-03
5.873220e-03 5.899417e-03 3.421362e-03
5.877873e-03 5.878186e-03 3.400008e-03
5.882622e-03 5.856827e-03 3.378847e-03
5.887354e-03 5.835421e-03 3.357845e-03
5.892008e-03 5.814004e-03 3.336981e-03
5.896811e-03 5.792344e-03 3.316312e-03
5.901658e-03 5.770614e-03 3.295855e-03
5.906515e-03 5.748907e-03 3.275709e-03
5.911340e-03 5.727174e-03 3.255680e-03
5.916213e-03 5.705328e-03 3.235825e-03
5.921143e-03 5.683416e-03 3.216284e-03
5.926027e-03 5.661458e-03 3.196859e-03
5.930929e-03 5.639380e-03 3.177553e-03
5.935931e-03 5.617134e-03 3.158540e-03
5.940955e-03 5.594889e-03 3.139729e-03
5.945978e-03 5.572567e-03 3.121049e-03
5.950978e-03 5.550185e-03 3.102554e-03
5.956035e-03 5.527700e-03 3.084290e-03
5.961050e-03 5.505163e-03 3.066125e-03
5.966113e-03 5.482588e-03 3.048310e-03
5.971106e-03 5.460064e-03 3.030608e-03
5.976142e-03 5.437411e-03 3.013063e-03
5.981214e-03 5.414676e-03 2.995790e-03
5.986243e-03 5.391841e-03 2.978616e-03
5.991295e-03 5.368907e-03 2.961607e-03
5.996351e-03 5.345950e-03 2.944862e-03
6.886205e-03 3.909596e-03 3.482641e-03
6.889506e-03 3.889364e-03 3.465147e-03
6.891625e-03 3.870908e-03 3.447081e-03
6.893737e-03 3.852226e-03 3.429112e-03
6.895847e-03 3.833556e-03 3.411328e-03
6.897883e-03 3.814861e-03 3.393708e-03
6.899948e-03 3.795991e-03 3.376225e-03
7.726921e-03 2.345642e-03 3.991280e-03
7.726228e-03 2.331222e-03 3.971964e-03
7.725556e-03 2.316667e-03 3.952832e-03
7.724880e-03 2.302037e-03 3.933853e-03
7.724244e-03 2.287226e-03 3.915146e-03
7.723606e-03 2.272215e-03 3.896606e-03
7.722902e-03 2.257143e-03 3.878152e-03
7.722135e-03 2.241893e-03 3.859802e-03
7.721337e-03 2.226506e-03 3.841578e-03
7.720513e-03 2.210997e-03 3.823465e-03
7.719724e-03 2.195343e-03 3.805662e-03
7.718881e-03 2.179659e-03 3.788029e-03
7.717980e-03 2.163775e-03 3.770447e-03
7.717032e-03 2.147656e-03 3.753003e-03
7.716076e-03 2.131489e-03 3.735750e-03
7.715053e-03 2.115179e-03 3.718608e-03
7.713990e-03 2.098652e-03 3.701603e-03
7.712883e-03 2.082059e-03 3.684757e-03
7.711732e-03 2.065321e-03 3.668066e-03
7.710544e-03 2.048457e-03 3.651562e-03
7.709322e-03 2.031501e-03 3.635231e-03
7.708025e-03 2.014459e-03 3.618998e-03
7.706641e-03 1.997246e-03 3.602928e-03
7.705205e-03 1.979980e-03 3.586965e-03
7.703710e-03 1.962649e-03 3.571161e-03
7.702198e-03 1.945121e-03 3.555634e-03
7.700578e-03 1.927473e-03 3.540152e-03
7.698896e-03 1.909707e-03 3.524792e-03
7.697123e-03 1.891841e-03 3.509624e-03
8.246288e-03 4.186275e-04 4.425755e-03
8.243364e-03 4.034554e-04 4.409068e-03
8.239570e-03 3.900952e-04 4.391228e-03
8.235657e-03 3.765255e-04 4.373457e-03
8.231677e-03 3.627817e-04 4.355814e-03
8.227683e-03 3.488610e-04 4.338476e-03
8.223576e-03 3.349282e-04 4.321232e-03
8.219396e-03 3.208864e-04 4.304122e-03
8.215080e-03 3.066397e-04 4.287110e-03
8.210690e-03 2.922201e-04 4.270260e-03
8.206209e-03 2.776896e-04 4.253563e-03
8.201566e-03 2.629419e-04 4.236974e-03
8.196773e-03 2.480662e-04 4.220384e-03
8.191926e-03 2.331117e-04 4.204034e-03
8.187019e-03 2.179837e-04 4.187949e-03
8.181978e-03 2.027736e-04 4.171942e-03
8.176861e-03 1.874668e-04 4.156116e-03
8.171558e-03 1.718775e-04 4.140378e-03
8.166206e-03 1.562876e-04 4.124830e-03
8.160715e-03 1.405814e-04 4.109390e-03
8.155100e-03 1.247783e-04 4.094090e-03
8.149402e-03 1.090201e-04 4.078926e-03
8.143566e-03 9.315325e-05 4.063901e-03
8.137545e-03 7.702228e-05 4.049031e-03
8.131410e-03 6.079704e-05 4.034295e-03
8.125114e-03 4.447073e-05 4.019629e-03
8.118660e-03 2.801044e-05 4.005123e-03
8.112067e-03 1.143911e-05 3.990761e-03
8.105378e-03 -5.194059e-06 3.976555e-03
8.098502e-03 -2.189384e-05 3.962458e-03
8.091515e-03 -3.856928e-05 3.948419e-03
8.084395e-03 -5.540595e-05 3.934557e-03
8.077088e-03 -7.237655e-05 3.920878e-03
8.069687e-03 -8.939504e-05 3.907385e-03
8.062130e-03 -1.064216e-04 3.893954e-03
8.054412e-03 -1.235666e-04 3.880710e-03
8.046567e-03 -1.408040e-04 3.867614e-03
8.038582e-03 -1.581192e-04 3.854660e-03
8.030417e-03 -1.755587e-04 3.841893e-03
8.022113e-03 -1.929698e-04 3.829165e-03
8.013688e-03 -2.104400e-04 3.816609e-03
8.005137e-03 -2.279851e-04 3.804292e-03
7.996364e-03 -2.455555e-04 3.791966e-03
7.987416e-03 -2.631814e-04 3.779729e-03
8.033355e-03 -1.569979e-03 5.029909e-03
8.023930e-03 -1.584370e-03 5.014636e-03
8.014323e-03 -1.597946e-03 4.998673e-03
8.004503e-03 -1.611621e-03 4.982839e-03
7.994541e-03 -1.625306e-03 4.967121e-03
7.984336e-03 -1.639085e-03 4.951431e-03
7.974022e-03 -1.652924e-03 4.936073e-03
7.963472e-03 -1.666870e-03 4.920766e-03
7.952667e-03 -1.680937e-03 4.905507e-03
7.941699e-03 -1.695173e-03 4.890558e-03
7.930561e-03 -1.709393e-03 4.875643e-03
7.919246e-03 -1.723632e-03 4.860863e-03
7.907739e-03 -1.737847e-03 4.846225e-03
7.895980e-03 -1.752194e-03 4.831650e-03
7.884053e-03 -1.766561e-03 4.817194e-03
7.871924e-03 -1.781003e-03 4.802941e-03
7.859599e-03 -1.795454e-03 4.788807e-03
7.847095e-03 -1.809920e-03 4.774776e-03
7.834354e-03 -1.824469e-03 4.760900e-03
7.821402e-03 -1.839036e-03 4.747062e-03
7.808273e-03 -1.853593e-03 4.733356e-03
7.794902e-03 -1.868278e-03 4.719850e-03
7.781354e-03 -1.882921e-03 4.706479e-03
7.767630e-03 -1.897534e-03 4.693160e-03
7.753686e-03 -1.912186e-03 4.680029e-03
7.739525e-03 -1.926867e-03 4.666926e-03
7.725189e-03 -1.941529e-03 4.653886e-03
7.710704e-03 -1.956205e-03 4.641087e-03
7.696076e-03 -1.970854e-03 4.628444e-03
7.681338e-03 -1.985461e-03 4.615872e-03
7.666455e-03 -2.000078e-03 4.603427e-03
7.651507e-03 -2.014647e-03 4.591057e-03
7.636421e-03 -2.029229e-03 4.578734e-03
7.621185e-03 -2.043860e-03 4.566675e-03
7.605845e-03 -2.058474e-03 4.554681e-03
7.590409e-03 -2.073060e-03 4.542772e-03
7.574808e-03 -2.087611e-03 4.530994e-03
7.559108e-03 -2.102144e-03 4.519280e-03
7.543309e-03 -2.116634e-03 4.507646e-03
7.527394e-03 -2.131153e-03 4.496227e-03
7.511301e-03 -2.145687e-03 4.484891e-03
7.066784e-03 -3.072025e-03 5.842030e-03
7.051863e-03 -3.083505e-03 5.826286e-03
7.036818e-03 -3.094994e-03 5.810652e-03
7.021656e-03 -3.106457e-03 5.795061e-03
7.006368e-03 -3.117885e-03 5.779702e-03
6.990960e-03 -3.129316e-03 5.764417e-03
6.975408e-03 -3.140734e-03 5.749178e-03
6.959664e-03 -3.152194e-03 5.734127e-03
6.943754e-03 -3.163624e-03 5.719083e-03
6.927692e-03 -3.175053e-03 5.704110e-03
6.911582e-03 -3.186459e-03 5.689425e-03
6.895280e-03 -3.197795e-03 5.674640e-03
6.878840e-03 -3.209115e-03 5.659943e-03
6.862201e-03 -3.220427e-03 5.645288e-03
6.845467e-03 -3.231671e-03 5.630654e-03
6.828583e-03 -3.242938e-03 5.616218e-03
6.811478e-03 -3.254186e-03 5.601898e-03
6.794323e-03 -3.265371e-03 5.587679e-03
6.777023e-03 -3.276512e-03 5.573527e-03
6.759670e-03 -3.287624e-03 5.559703e-03
6.742111e-03 -3.298689e-03 5.545793e-03
6.724319e-03 -3.309724e-03 5.531882e-03
6.706332e-03 -3.320762e-03 5.518149e-03
6.688285e-03 -3.331711e-03 5.504440e-03
6.670094e-03 -3.342616e-03 5.490803e-03
6.651910e-03 -3.353423e-03 5.477361e-03
6.633487e-03 -3.364203e-03 5.463875e-03
6.614866e-03 -3.374960e-03 5.450493e-03
6.596090e-03 -3.385670e-03 5.437232e-03
6.577148e-03 -3.396321e-03 5.423946e-03
6.558015e-03 -3.406909e-03 5.410787e-03
6.538733e-03 -3.417460e-03 5.397835e-03
7.571296e-03 -3.192080e-03 6.672121e-03
7.549694e-03 -3.202938e-03 6.656570e-03
7.526482e-03 -3.214054e-03 6.639511e-03
7.503257e-03 -3.225060e-03 6.622615e-03
7.479774e-03 -3.236011e-03 6.605832e-03
7.456080e-03 -3.246907e-03 6.589157e-03
7.432172e-03 -3.257714e-03 6.572472e-03
7.408146e-03 -3.268421e-03 6.555822e-03
7.384139e-03 -3.279010e-03 6.539535e-03
7.359781e-03 -3.289551e-03 6.523203e-03
7.335189e-03 -3.300011e-03 6.506904e-03
7.310455e-03 -3.310368e-03 6.490791e-03
7.285549e-03 -3.320637e-03 6.474814e-03
7.260514e-03 -3.330804e-03 6.458886e-03
7.235324e-03 -3.340890e-03 6.443085e-03
7.209976e-03 -3.350873e-03 6.427252e-03
7.184475e-03 -3.360761e-03 6.411582e-03
7.158763e-03 -3.370528e-03 6.396157e-03
7.132896e-03 -3.380195e-03 6.380730e-03
7.106837e-03 -3.389774e-03 6.365348e-03
7.080719e-03 -3.399225e-03 6.350187e-03
7.054443e-03 -3.408550e-03 6.334969e-03
7.028021e-03 -3.417755e-03 6.319834e-03
7.001271e-03 -3.426890e-03 6.304845e-03
6.974428e-03 -3.435867e-03 6.289900e-03
6.947505e-03 -3.444735e-03 6.274981e-03
6.920372e-03 -3.453485e-03 6.260291e-03
6.893093e-03 -3.462132e-03 6.245650e-03
6.865668e-03 -3.470640e-03 6.231097e-03
6.838067e-03 -3.479011e-03 6.216602e-03
6.810334e-03 -3.487286e-03 6.202183e-03
6.782470e-03 -3.495418e-03 6.187898e-03
6.754518e-03 -3.503408e-03 6.173758e-03
6.726436e-03 -3.511250e-03 6.159733e-03
6.698175e-03 -3.518972e-03 6.145788e-03
6.669914e-03 -3.526517e-03 6.131970e-03
6.641443e-03 -3.533981e-03 6.118031e-03
6.612771e-03 -3.541318e-03 6.104159e-03
6.583823e-03 -3.548503e-03 6.090469e-03
6.554859e-03 -3.555567e-03 6.076838e-03
6.525861e-03 -3.562500e-03 6.063208e-03
6.496578e-03 -3.569282e-03 6.049737e-03
6.467320e-03 -3.575929e-03 6.036276e-03
6.437854e-03 -3.582422e-03 6.022889e-03
6.408389e-03 -3.588724e-03 6.009732e-03
6.378758e-03 -3.594919e-03 5.996556e-03
6.348983e-03 -3.600979e-03 5.983431e-03
6.319043e-03 -3.606841e-03 5.970515e-03
6.288966e-03 -3.612544e-03 5.957707e-03
6.258782e-03 -3.618116e-03 5.944946e-03
6.228501e-03 -3.623536e-03 5.932244e-03
6.198067e-03 -3.628808e-03 5.919630e-03
6.167486e-03 -3.633932e-03 5.907010e-03
6.136835e-03 -3.638892e-03 5.894571e-03
6.106157e-03 -3.643706e-03 5.882128e-03
6.075323e-03 -3.648353e-03 5.869762e-03
6.044397e-03 -3.652862e-03 5.857477e-03
5.404713e-03 -3.311270e-03 6.822463e-03
5.374833e-03 -3.316192e-03 6.808322e-03
5.345648e-03 -3.321384e-03 6.793114e-03
5.316411e-03 -3.326412e-03 6.777962e-03
5.287030e-03 -3.331275e-03 6.762860e-03
5.257527e-03 -3.335975e-03 6.747846e-03
5.227933e-03 -3.340524e-03 6.732887e-03
5.198209e-03 -3.344922e-03 6.717960e-03
4.639357e-03 -2.897843e-03 7.705732e-03
4.610901e-03 -2.903103e-03 7.688385e-03
4.582630e-03 -2.908516e-03 7.670378e-03
4.554283e-03 -2.913753e-03 7.652562e-03
4.525876e-03 -2.918833e-03 7.634701e-03
4.497373e-03 -2.923784e-03 7.616848e-03
4.468788e-03 -2.928553e-03 7.599111e-03
4.440056e-03 -2.933195e-03 7.581380e-03
4.411300e-03 -2.937674e-03 7.563722e-03
4.382423e-03 -2.941922e-03 7.546223e-03
4.353460e-03 -2.945984e-03 7.528822e-03
4.324476e-03 -2.949903e-03 7.511505e-03
4.295287e-03 -2.953687e-03 7.494101e-03
3.867839e-03 -2.341340e-03 8.512524e-03
3.839447e-03 -2.346025e-03 8.493298e-03
3.811484e-03 -2.351365e-03 8.472764e-03
3.783508e-03 -2.356532e-03 8.452289e-03
3.755386e-03 -2.361522e-03 8.431879e-03
3.727135e-03 -2.366330e-03 8.411542e-03
3.698897e-03 -2.371043e-03 8.391203e-03
3.670442e-03 -2.375576e-03 8.370868e-03
3.641860e-03 -2.379821e-03 8.350803e-03
3.613266e-03 -2.383918e-03 8.330700e-03
3.584732e-03 -2.387918e-03 8.310581e-03
3.556103e-03 -2.391721e-03 8.290642e-03
3.527339e-03 -2.395377e-03 8.270677e-03
3.498552e-03 -2.398831e-03 8.250809e-03
3.469618e-03 -2.402076e-03 8.230998e-03
3.440697e-03 -2.405156e-03 8.211302e-03
3.411785e-03 -2.408037e-03 8.191719e-03
3.382794e-03 -2.410675e-03 8.172304e-03
3.353763e-03 -2.413238e-03 8.152800e-03
3.324655e-03 -2.415619e-03 8.133353e-03
3.106554e-03 -1.580716e-03 9.160768e-03
3.078007e-03 -1.584974e-03 9.138733e-03
3.049454e-03 -1.589601e-03 9.115975e-03
3.020798e-03 -1.593985e-03 9.093374e-03
2.992217e-03 -1.598203e-03 9.070847e-03
2.963515e-03 -1.602238e-03 9.048294e-03
2.934685e-03 -1.605973e-03 9.025925e-03
2.905834e-03 -1.609613e-03 9.003521e-03
2.876945e-03 -1.613080e-03 8.981154e-03
2.848070e-03 -1.616349e-03 8.958942e-03
2.819255e-03 -1.619476e-03 8.936772e-03
2.790402e-03 -1.622471e-03 8.914579e-03
2.761475e-03 -1.625089e-03 8.892634e-03
2.732496e-03 -1.627549e-03 8.870674e-03
2.703550e-03 -1.629876e-03 8.848747e-03
2.674538e-03 -1.631950e-03 8.826988e-03
2.645511e-03 -1.633925e-03 8.805165e-03
2.616481e-03 -1.635645e-03 8.783442e-03
2.587418e-03 -1.637115e-03 8.761842e-03
2.558363e-03 -1.638412e-03 8.740299e-03
2.529288e-03 -1.639558e-03 8.718750e-03
2.500178e-03 -1.640460e-03 8.697317e-03
2.471183e-03 -1.641294e-03 8.675922e-03
2.442129e-03 -1.641891e-03 8.654560e-03
2.413087e-03 -1.642215e-03 8.633368e-03
2.384062e-03 -1.642423e-03 8.612188e-03
2.445557e-03 -5.806681e-04 9.582322e-03
2.416164e-03 -5.840634e-04 9.558022e-03
2.386875e-03 -5.873480e-04 9.533819e-03
2.357456e-03 -5.904070e-04 9.509616e-03
2.328083e-03 -5.933643e-04 9.485487e-03
2.298750e-03 -5.962591e-04 9.461384e-03
2.269329e-03 -5.989236e-04 9.437320e-03
2.239900e-03 -6.014066e-04 9.413391e-03
2.210506e-03 -6.037344e-04 9.389487e-03
2.181071e-03 -6.058919e-04 9.365619e-03
2.151661e-03 -6.078004e-04 9.341941e-03
2.122192e-03 -6.095964e-04 9.318224e-03
2.092693e-03 -6.111585e-04 9.294547e-03
2.063168e-03 -6.124880e-04 9.271006e-03
2.033719e-03 -6.137141e-04 9.247518e-03
2.004258e-03 -6.148254e-04 9.224027e-03
1.974789e-03 -6.157884e-04 9.200587e-03
1.945342e-03 -6.165489e-04 9.177230e-03
1.915937e-03 -6.171346e-04 9.153960e-03
1.886486e-03 -6.173477e-04 9.130865e-03
1.857025e-03 -6.175390e-04 9.107705e-03
1.827586e-03 -6.176143e-04 9.084570e-03
1.798252e-03 -6.175260e-04 9.061602e-03
1.768914e-03 -6.172994e-04 9.038644e-03
1.739585e-03 -6.168848e-04 9.015730e-03
1.710304e-03 -6.161781e-04 8.993028e-03
1.680988e-03 -6.153208e-04 8.970296e-03
1.651780e-03 -6.143949e-04 8.947649e-03
1.622557e-03 -6.130839e-04 8.925118e-03
1.593384e-03 -6.117292e-04 8.902624e-03
1.969682e-03 6.001705e-04 9.704748e-03
1.939172e-03 5.979302e-04 9.679712e-03
1.908766e-03 5.957408e-04 9.654695e-03
1.878369e-03 5.936947e-04 9.629699e-03
1.848033e-03 5.919084e-04 9.604884e-03
1.817601e-03 5.904528e-04 9.579997e-03
1.787281e-03 5.890829e-04 9.555206e-03
1.756994e-03 5.880122e-04 9.530564e-03
1.726830e-03 5.870637e-04 9.505991e-03
1.696658e-03 5.863234e-04 9.481441e-03
1.666589e-03 5.858003e-04 9.457031e-03
1.636450e-03 5.854901e-04 9.432572e-03
1.606348e-03 5.853403e-04 9.408159e-03
1.576323e-03 5.854521e-04 9.383887e-03
1.546382e-03 5.857505e-04 9.359695e-03
1.516472e-03 5.862146e-04 9.335523e-03
1.486650e-03 5.869150e-04 9.311483e-03
1.456848e-03 5.878265e-04 9.287438e-03
1.427128e-03 5.888860e-04 9.263460e-03
1.397524e-03 5.901656e-04 9.239656e-03
1.368038e-03 5.916155e-04 9.215934e-03
1.338623e-03 5.931698e-04 9.192254e-03
1.309269e-03 5.949635e-04 9.168673e-03
1.280008e-03 5.969051e-04 9.145176e-03
1.250810e-03 5.990577e-04 9.121726e-03
1.221761e-03 6.014538e-04 9.098418e-03
1.192813e-03 6.041337e-04 9.075182e-03
1.163933e-03 6.069108e-04 9.052022e-03
1.135081e-03 6.097522e-04 9.028916e-03
1.106417e-03 6.128110e-04 9.005936e-03
1.077839e-03 6.160527e-04 8.983004e-03
1.049274e-03 6.197571e-04 8.960103e-03
1.020858e-03 6.234632e-04 8.937290e-03
1.701498e-03 1.863871e-03 9.461751e-03
1.670955e-03 1.863861e-03 9.437339e-03
1.640527e-03 1.864013e-03 9.413002e-03
1.610220e-03 1.864347e-03 9.388736e-03
1.580008e-03 1.865113e-03 9.364521e-03
1.549854e-03 1.866048e-03 9.340313e-03
1.519787e-03 1.867036e-03 9.316152e-03
1.489888e-03 1.868391e-03 9.292137e-03
1.460084e-03 1.869778e-03 9.268198e-03
1.430422e-03 1.871408e-03 9.244295e-03
1.400944e-03 1.873372e-03 9.220551e-03
1.371547e-03 1.875561e-03 9.196846e-03
1.342244e-03 1.877801e-03 9.173208e-03
1.313089e-03 1.880369e-03 9.149636e-03
1.284084e-03 1.883029e-03 9.126157e-03
1.255253e-03 1.885913e-03 9.102754e-03
1.226550e-03 1.889113e-03 9.079446e-03
1.197923e-03 1.892497e-03 9.056160e-03
1.169377e-03 1.895924e-03 9.032905e-03
1.141060e-03 1.899630e-03 9.009820e-03
1.112806e-03 1.903559e-03 8.986691e-03
1.084696e-03 1.907697e-03 8.963619e-03
1.056789e-03 1.912000e-03 8.940721e-03
1.029066e-03 1.916515e-03 8.917902e-03
1.001477e-03 1.921184e-03 8.895121e-03
9.741603e-04 1.926079e-03 8.872550e-03
9.469504e-04 1.931153e-03 8.849989e-03
9.198702e-04 1.936392e-03 8.827478e-03
8.930752e-04 1.941839e-03 8.805202e-03
8.663647e-04 1.947463e-03 8.782886e-03
8.398340e-04 1.953229e-03 8.760656e-03
8.135241e-04 1.959311e-03 8.738551e-03
7.873480e-04 1.965501e-03 8.716500e-03
7.612827e-04 1.971800e-03 8.694479e-03
7.354315e-04 1.978482e-03 8.672506e-03
4.178296e-04 3.111558e-03 7.836596e-03
1.077360e-04 4.240730e-03 6.997202e-03
-1.010566e-04 4.988649e-03 6.431293e-03
-3.069920e-04 5.733695e-03 5.865632e-03
-5.101850e-04 6.475949e-03 5.300091e-03
-7.892734e-04 7.583837e-03 4.451379e-03
-1.062291e-03 8.690190e-03 3.598123e-03
-1.082239e-03 8.677026e-03 3.591744e-03
-1.101802e-03 8.662662e-03 3.586414e-03
-1.121330e-03 8.648236e-03 3.581081e-03
-1.140898e-03 8.633922e-03 3.575592e-03
-1.160429e-03 8.619957e-03 3.569954e-03
-1.179991e-03 8.605897e-03 3.564303e-03
-1.199557e-03 8.591913e-03 3.558551e-03
-1.219142e-03 8.578006e-03 3.552713e-03
-1.238671e-03 8.564259e-03 3.546817e-03
-1.258197e-03 8.550616e-03 3.540834e-03
-1.277676e-03 8.537242e-03 3.534705e-03
-1.297026e-03 8.523941e-03 3.528589e-03
-1.316424e-03 8.510677e-03 3.522348e-03
-1.335712e-03 8.497507e-03 3.516150e-03
-1.355026e-03 8.484425e-03 3.509835e-03
-1.374392e-03 8.471417e-03 3.503377e-03
-1.393819e-03 8.458536e-03 3.496771e-03
-1.413165e-03 8.445689e-03 3.490185e-03
-1.432445e-03 8.432923e-03 3.483538e-03
-1.451722e-03 8.420284e-03 3.476800e-03
-1.470992e-03 8.407714e-03 3.469991e-03
-1.490204e-03 8.395238e-03 3.463127e-03
-1.509293e-03 8.382928e-03 3.456248e-03
-1.528337e-03 8.370802e-03 3.449253e-03
-1.547356e-03 8.358710e-03 3.442211e-03
-1.566437e-03 8.346725e-03 3.435042e-03
-1.585490e-03 8.334826e-03 3.427772e-03
-1.604495e-03 8.322966e-03 3.420472e-03
-1.623444e-03 8.311245e-03 3.413135e-03
-1.642296e-03 8.299617e-03 3.405775e-03
-1.661134e-03 8.287981e-03 3.398394e-03
-1.679978e-03 8.276529e-03 3.390837e-03
-1.698801e-03 8.265024e-03 3.383294e-03
-1.768739e-03 9.292968e-03 2.404799e-03
-1.787307e-03 9.278357e-03 2.400251e-03
-1.805778e-03 9.263768e-03 2.395726e-03
-1.824262e-03 9.249245e-03 2.391079e-03
-1.842694e-03 9.234798e-03 2.386380e-03
-1.861159e-03 9.220369e-03 2.381538e-03
-1.879609e-03 9.205965e-03 2.376653e-03
-1.898028e-03 9.191738e-03 2.371595e-03
-1.916466e-03 9.177595e-03 2.366421e-03
-1.934901e-03 9.163435e-03 2.361205e-03
-1.953179e-03 9.149485e-03 2.355928e-03
-1.971473e-03 9.135539e-03 2.350554e-03
-1.989723e-03 9.121580e-03 2.345189e-03
-2.007979e-03 9.107740e-03 2.339677e-03
-2.026207e-03 9.093842e-03 2.334173e-03
-2.044418e-03 9.080029e-03 2.328533e-03
-2.062565e-03 9.066376e-03 2.322786e-03
-2.080796e-03 9.052724e-03 2.316878e-03
-2.098987e-03 9.039072e-03 2.310940e-03
-2.117117e-03 9.025569e-03 2.304894e-03
-2.135052e-03 9.012213e-03 2.298894e-03
-2.153014e-03 8.998871e-03 2.292782e-03
-2.170997e-03 8.985546e-03 2.286563e-03
-2.188995e-03 8.972188e-03 2.280285e-03
-2.206908e-03 8.958870e-03 2.274013e-03
-2.224809e-03 8.945677e-03 2.267572e-03
-2.242549e-03 8.932598e-03 2.261139e-03
-2.260239e-03 8.919584e-03 2.254660e-03
-2.277967e-03 8.906580e-03 2.248081e-03
-2.295549e-03 8.893683e-03 2.241536e-03
-2.313042e-03 8.880849e-03 2.234963e-03
-2.330652e-03 8.867979e-03 2.228240e-03
-2.348146e-03 8.855172e-03 2.221531e-03
-2.365630e-03 8.842429e-03 2.214674e-03
-2.383195e-03 8.829690e-03 2.207659e-03
-2.400577e-03 8.817068e-03 2.200684e-03
-2.417895e-03 8.804469e-03 2.193688e-03
-2.435249e-03 8.791892e-03 2.186570e-03
-2.452453e-03 8.779410e-03 2.179497e-03
-2.469631e-03 8.766994e-03 2.172294e-03
-2.486718e-03 8.754656e-03 2.165089e-03
-2.503792e-03 8.742333e-03 2.157812e-03
-2.520855e-03 8.730013e-03 2.150498e-03
-2.537773e-03 8.717853e-03 2.143159e-03
-2.554702e-03 8.705661e-03 2.135755e-03
-2.571536e-03 8.693549e-03 2.128332e-03
-2.588383e-03 8.681462e-03 2.120803e-03
-2.605139e-03 8.669403e-03 2.113327e-03
-2.621894e-03 8.657343e-03 2.105778e-03
-2.638615e-03 8.645337e-03 2.098143e-03
-3.514708e-03 8.442202e-03 1.022481e-03
-4.390386e-03 8.237101e-03 -5.477280e-05
-4.975160e-03 8.096964e-03 -7.705169e-04
-5.558331e-03 7.955985e-03 -1.485424e-03
-6.139798e-03 7.814186e-03 -2.199409e-03
-6.144993e-03 7.804695e-03 -2.193130e-03
-6.150106e-03 7.795188e-03 -2.186900e-03
-6.155257e-03 7.785563e-03 -2.180703e-03
-6.160384e-03 7.775779e-03 -2.174475e-03
-6.165518e-03 7.765983e-03 -2.168368e-03
-6.170629e-03 7.756066e-03 -2.162231e-03
-6.175774e-03 7.745905e-03 -2.156048e-03
-6.180887e-03 7.735763e-03 -2.149997e-03
-6.186017e-03 7.725467e-03 -2.143931e-03
-6.191205e-03 7.714886e-03 -2.137844e-03
-6.196363e-03 7.704299e-03 -2.131798e-03
-6.201451e-03 7.693713e-03 -2.125784e-03
-6.206550e-03 7.682932e-03 -2.119796e-03
-6.211639e-03 7.672088e-03 -2.113904e-03
-6.216716e-03 7.661183e-03 -2.108038e-03
-6.221767e-03 7.650231e-03 -2.102253e-03
-6.226827e-03 7.639142e-03 -2.096499e-03
-6.231847e-03 7.627956e-03 -2.090716e-03
-6.236938e-03 7.616596e-03 -2.085023e-03
-6.241977e-03 7.605198e-03 -2.079390e-03
-6.247020e-03 7.593696e-03 -2.073785e-03
-6.252076e-03 7.581995e-03 -2.068243e-03
-6.257144e-03 7.570182e-03 -2.062739e-03
-6.262143e-03 7.558368e-03 -2.057259e-03
-6.266982e-03 7.546658e-03 -2.051839e-03
-6.271886e-03 7.534699e-03 -2.046381e-03
-6.276758e-03 7.522702e-03 -2.040965e-03
-6.281748e-03 7.510497e-03 -2.035762e-03
-6.286611e-03 7.498231e-03 -2.030412e-03
-6.291503e-03 7.485774e-03 -2.025099e-03
-6.296328e-03 7.473337e-03 -2.019908e-03
-6.301172e-03 7.460719e-03 -2.014727e-03
-7.079738e-03 7.196444e-03 -3.053403e-03
-7.081931e-03 7.184512e-03 -3.044834e-03
-7.084080e-03 7.172479e-03 -3.036267e-03
-7.086232e-03 7.160349e-03 -3.027797e-03
-7.088432e-03 7.147970e-03 -3.019407e-03
-7.090607e-03 7.135520e-03 -3.011072e-03
-7.092735e-03 7.122943e-03 -3.002697e-03
-7.094822e-03 7.110367e-03 -2.994532e-03
-7.096882e-03 7.097601e-03 -2.986284e-03
-7.098948e-03 7.084695e-03 -2.978066e-03
-7.100946e-03 7.071715e-03 -2.969933e-03
-7.102889e-03 7.058612e-03 -2.961826e-03
-7.104765e-03 7.045397e-03 -2.953686e-03
-7.106643e-03 7.031985e-03 -2.945613e-03
-7.108558e-03 7.018437e-03 -2.937653e-03
-7.110390e-03 7.004855e-03 -2.929700e-03
-7.112224e-03 6.991125e-03 -2.921838e-03
-7.114026e-03 6.977273e-03 -2.914012e-03
-7.115739e-03 6.963422e-03 -2.906245e-03
-7.117296e-03 6.949432e-03 -2.898356e-03
-7.118956e-03 6.935288e-03 -2.890657e-03
-7.120645e-03 6.920985e-03 -2.883048e-03
-7.122282e-03 6.906598e-03 -2.875549e-03
-7.123751e-03 6.892264e-03 -2.868001e-03
-7.125196e-03 6.877812e-03 -2.860484e-03
-7.126575e-03 6.863243e-03 -2.853023e-03
-7.127949e-03 6.848551e-03 -2.845647e-03
-7.129305e-03 6.833733e-03 -2.838302e-03
-7.130614e-03 6.818699e-03 -2.831025e-03
-7.131925e-03 6.803560e-03 -2.823839e-03
-7.133172e-03 6.788369e-03 -2.816651e-03
-7.134295e-03 6.772977e-03 -2.809362e-03
-7.135435e-03 6.757572e-03 -2.802290e-03
-7.136556e-03 6.742151e-03 -2.795336e-03
-7.137583e-03 6.726489e-03 -2.788334e-03
-7.138578e-03 6.710881e-03 -2.781480e-03
-7.139514e-03 6.695209e-03 -2.774627e-03
-7.140347e-03 6.679349e-03 -2.767746e-03
-7.749112e-03 6.336356e-03 -3.715421e-03
-7.748680e-03 6.321081e-03 -3.706831e-03
-7.747409e-03 6.305974e-03 -3.697065e-03
-7.746050e-03 6.290936e-03 -3.687365e-03
-7.744675e-03 6.275814e-03 -3.677724e-03
-7.743211e-03 6.260456e-03 -3.668135e-03
-7.741675e-03 6.245014e-03 -3.658553e-03
-7.740120e-03 6.229502e-03 -3.649019e-03
-7.738449e-03 6.213858e-03 -3.639565e-03
-7.736703e-03 6.198133e-03 -3.630135e-03
-7.734895e-03 6.182376e-03 -3.620725e-03
-7.733049e-03 6.166582e-03 -3.611499e-03
-7.731156e-03 6.150672e-03 -3.602343e-03
-7.729199e-03 6.134669e-03 -3.593195e-03
-7.727177e-03 6.118396e-03 -3.584091e-03
-7.725106e-03 6.102228e-03 -3.575127e-03
-7.722962e-03 6.085955e-03 -3.566162e-03
-7.720697e-03 6.069596e-03 -3.557214e-03
-7.718378e-03 6.053093e-03 -3.548307e-03
-7.716017e-03 6.036520e-03 -3.539509e-03
-7.713581e-03 6.019835e-03 -3.530883e-03
-7.711091e-03 6.002970e-03 -3.522256e-03
-7.708605e-03 5.985895e-03 -3.513795e-03
-7.705931e-03 5.968596e-03 -3.505295e-03
-7.703204e-03 5.951167e-03 -3.496887e-03
-7.700435e-03 5.933683e-03 -3.488560e-03
-7.697587e-03 5.915999e-03 -3.480369e-03
-7.694658e-03 5.898208e-03 -3.472227e-03
-8.117610e-03 5.486126e-03 -4.303059e-03
-8.113182e-03 5.469359e-03 -4.292495e-03
-8.108645e-03 5.452461e-03 -4.281898e-03
-8.104012e-03 5.435415e-03 -4.271313e-03
-8.099275e-03 5.418121e-03 -4.260897e-03
-8.094446e-03 5.400787e-03 -4.250496e-03
-8.089585e-03 5.383319e-03 -4.240222e-03
-8.084535e-03 5.365630e-03 -4.229937e-03
-8.079464e-03 5.347865e-03 -4.219813e-03
-8.074304e-03 5.330034e-03 -4.209759e-03
-8.068967e-03 5.311976e-03 -4.199700e-03
-8.063573e-03 5.293799e-03 -4.189744e-03
-8.058098e-03 5.275509e-03 -4.179878e-03
-8.052500e-03 5.257130e-03 -4.170195e-03
-8.046818e-03 5.238654e-03 -4.160599e-03
-8.041043e-03 5.220088e-03 -4.151064e-03
-8.035110e-03 5.201336e-03 -4.141547e-03
-8.318226e-03 4.748965e-03 -4.872489e-03
-8.311549e-03 4.730741e-03 -4.861638e-03
-8.304337e-03 4.712982e-03 -4.849916e-03
-8.297020e-03 4.695181e-03 -4.838249e-03
-8.289626e-03 4.677304e-03 -4.826672e-03
-8.282021e-03 4.659221e-03 -4.815138e-03
-8.274361e-03 4.641093e-03 -4.803715e-03
-8.266593e-03 4.622823e-03 -4.792358e-03
-8.258659e-03 4.604560e-03 -4.781132e-03
-8.250620e-03 4.586159e-03 -4.769944e-03
-8.242468e-03 4.567627e-03 -4.758811e-03
-8.234194e-03 4.549019e-03 -4.747885e-03
-8.405011e-03 4.072632e-03 -5.390520e-03
-8.396141e-03 4.054691e-03 -5.378351e-03
-8.386820e-03 4.037195e-03 -5.365333e-03
-8.377420e-03 4.019689e-03 -5.352393e-03
-8.367896e-03 4.002108e-03 -5.339504e-03
-8.358192e-03 3.984431e-03 -5.326690e-03
-8.348384e-03 3.966639e-03 -5.313987e-03
-8.338442e-03 3.948796e-03 -5.301314e-03
-8.328279e-03 3.930881e-03 -5.288657e-03
-8.318049e-03 3.912822e-03 -5.276152e-03
-8.388466e-03 3.420809e-03 -5.833958e-03
-8.377667e-03 3.404242e-03 -5.819606e-03
-8.366735e-03 3.387566e-03 -5.805278e-03
-8.355685e-03 3.370821e-03 -5.790995e-03
-8.344471e-03 3.354006e-03 -5.776915e-03
-8.364075e-03 2.857703e-03 -6.288251e-03
-8.352562e-03 2.841661e-03 -6.273180e-03
-8.340814e-03 2.826223e-03 -6.257494e-03
-8.328897e-03 2.810618e-03 -6.241786e-03
-8.316887e-03 2.795020e-03 -6.226145e-03
-8.284176e-03 2.299550e-03 -6.684402e-03
-8.271940e-03 2.285133e-03 -6.667632e-03
-8.259532e-03 2.270905e-03 -6.650524e-03
-8.246966e-03 2.256665e-03 -6.633589e-03
-8.234254e-03 2.242344e-03 -6.616575e-03
-8.146597e-03 1.748018e-03 -7.018563e-03
-8.133874e-03 1.735203e-03 -7.000327e-03
-8.026672e-03 1.243791e-03 -7.379915e-03
-8.013867e-03 1.231844e-03 -7.360900e-03
-8.001019e-03 1.220525e-03 -7.341383e-03
-7.987959e-03 1.209102e-03 -7.321813e-03
-7.974769e-03 1.197578e-03 -7.302257e-03
-7.814609e-03 7.167515e-04 -7.618257e-03
-7.801477e-03 7.064301e-04 -7.597771e-03
-7.621880e-03 2.316264e-04 -7.888133e-03
-7.490701e-03 -8.583921e-05 -8.065454e-03
-7.418950e-03 -2.480601e-04 -8.142781e-03
-7.406472e-03 -2.553811e-04 -8.120286e-03
-7.186478e-03 -7.154514e-04 -8.355517e-03
-7.174353e-03 -7.214565e-04 -8.332277e-03
-6.935434e-03 -1.171988e-03 -8.538845e-03
-6.766202e-03 -1.469784e-03 -8.658431e-03
-6.676136e-03 -1.620090e-03 -8.705670e-03
-6.409853e-03 -2.052560e-03 -8.866641e-03
-6.399539e-03 -2.054209e-03 -8.841127e-03
-6.389103e-03 -2.055855e-03 -8.815447e-03
-6.097326e-03 -2.468543e-03 -8.930937e-03
-5.892959e-03 -2.739597e-03 -8.988440e-03
-5.686634e-03 -3.007415e-03 -9.040686e-03
-5.478242e-03 -3.272207e-03 -9.087776e-03
-5.154605e-03 -3.655355e-03 -9.141629e-03
-4.824541e-03 -4.028888e-03 -9.179330e-03
-4.488441e-03 -4.392803e-03 -9.201268e-03
-4.483170e-03 -4.387020e-03 -9.173309e-03
-4.134159e-03 -4.730111e-03 -9.161310e-03
-3.779666e-03 -5.061932e-03 -9.132458e-03
-3.539665e-03 -5.273726e-03 -9.094437e-03
-3.298489e-03 -5.481416e-03 -9.051042e-03
-3.055993e-03 -5.685124e-03 -9.002244e-03
-2.684128e-03 -5.971202e-03 -8.909837e-03
-2.309776e-03 -6.245789e-03 -8.803332e-03
-1.931380e-03 -6.508103e-03 -8.680389e-03
-1.678189e-03 -6.670372e-03 -8.578978e-03
-1.425081e-03 -6.827477e-03 -8.472364e-03
-1.172042e-03 -6.979475e-03 -8.360585e-03
-7.881307e-04 -7.185905e-03 -8.175671e-03
-4.033434e-04 -7.380084e-03 -7.977472e-03
-1.963259e-05 -7.557333e-03 -7.763258e-03
2.326751e-04 -7.661101e-03 -7.603411e-03
4.849776e-04 -7.760301e-03 -7.438806e-03
7.371286e-04 -7.854858e-03 -7.269558e-03
1.116070e-03 -7.973512e-03 -7.000916e-03
1.493547e-03 -8.076870e-03 -6.718284e-03
1.869559e-03 -8.165318e-03 -6.422055e-03
2.112196e-03 -8.207672e-03 -6.209457e-03
2.353202e-03 -8.244738e-03 -5.993021e-03
2.592482e-03 -8.276534e-03 -5.772819e-03
1.535180e-03 -7.553401e-03 -5.430744e-03
4.691761e-04 -6.834642e-03 -5.075531e-03
-6.035719e-04 -6.119871e-03 -4.709522e-03
-1.323311e-03 -5.643422e-03 -4.453345e-03
-2.043383e-03 -5.169911e-03 -4.193814e-03
-2.763841e-03 -4.699247e-03 -3.930863e-03
-3.852723e-03 -4.008480e-03 -3.524211e-03
-4.943973e-03 -3.324436e-03 -3.108391e-03
-6.036413e-03 -2.648292e-03 -2.683406e-03
-6.760887e-03 -2.203207e-03 -2.390370e-03
-7.484756e-03 -1.761577e-03 -2.094526e-03
-8.207905e-03 -1.323437e-03 -1.795855e-03
-9.300167e-03 -6.820805e-04 -1.335875e-03
-1.039127e-02 -4.976008e-05 -8.679529e-04
-1.148003e-02 5.739083e-04 -3.936527e-04
-1.144912e-02 5.624304e-04 -3.897351e-04
-1.141804e-02 5.509667e-04 -3.858898e-04
-1.138699e-02 5.395637e-04 -3.820580e-04
-1.135583e-02 5.282048e-04 -3.783269e-04
-1.132463e-02 5.168853e-04 -3.746207e-04
-1.129340e-02 5.056054e-04 -3.709474e-04
-1.126226e-02 4.944380e-04 -3.674123e-04
-1.123102e-02 4.833184e-04 -3.639011e-04
-1.119981e-02 4.722432e-04 -3.604177e-04
-1.116868e-02 4.613015e-04 -3.569997e-04
-1.113745e-02 4.503582e-04 -3.536857e-04
-1.110624e-02 4.394800e-04 -3.503527e-04
-1.107498e-02 4.287460e-04 -3.470392e-04
-1.104368e-02 4.179964e-04 -3.438117e-04
-1.101238e-02 4.072695e-04 -3.406671e-04
-1.098105e-02 3.966606e-04 -3.375995e-04
-1.094975e-02 3.861192e-04 -3.344776e-04
-1.091835e-02 3.755574e-04 -3.314574e-04
-1.088694e-02 3.651405e-04 -3.283728e-04
-1.085549e-02 3.547270e-04 -3.253349e-04
-1.082401e-02 3.443633e-04 -3.223265e-04
-1.079262e-02 3.341156e-04 -3.194776e-04
-1.076123e-02 3.238750e-04 -3.166654e-04
-1.072978e-02 3.136512e-04 -3.138520e-04
-1.069829e-02 3.035451e-04 -3.110366e-04
-1.066676e-02 2.934737e-04 -3.082915e-04
-1.063519e-02 2.834468e-04 -3.054764e-04
-1.160268e-02 6.081557e-04 3.477768e-04
-1.156849e-02 5.973882e-04 3.488611e-04
-1.153361e-02 5.864302e-04 3.493911e-04
-1.149878e-02 5.756036e-04 3.498485e-04
-1.146397e-02 5.648191e-04 3.503521e-04
-1.142905e-02 5.540525e-04 3.507746e-04
-1.139412e-02 5.434043e-04 3.512576e-04
-1.135914e-02 5.327917e-04 3.516159e-04
-1.132422e-02 5.222263e-04 3.519733e-04
-1.128935e-02 5.117695e-04 3.522908e-04
-1.125456e-02 5.013860e-04 3.527251e-04
-1.121971e-02 4.910362e-04 3.532005e-04
-1.118492e-02 4.808203e-04 3.535804e-04
-1.115011e-02 4.706581e-04 3.539423e-04
-1.111522e-02 4.605007e-04 3.542950e-04
-1.108044e-02 4.504749e-04 3.545840e-04
-1.104558e-02 4.404741e-04 3.548153e-04
-1.101076e-02 4.305267e-04 3.551839e-04
-1.097588e-02 4.206689e-04 3.555552e-04
-1.094113e-02 4.108500e-04 3.559136e-04
-1.090633e-02 4.010783e-04 3.562388e-04
-1.087155e-02 3.914026e-04 3.565767e-04
-1.083679e-02 3.817744e-04 3.569698e-04
-1.080211e-02 3.722084e-04 3.573437e-04
-1.076748e-02 3.627356e-04 3.578733e-04
-1.073271e-02 3.532702e-04 3.584586e-04
-1.069803e-02 3.438543e-04 3.590416e-04
-1.066346e-02 3.345920e-04 3.594269e-04
-1.062885e-02 3.253100e-04 3.599909e-04
-1.059432e-02 3.160793e-04 3.605490e-04
-1.055986e-02 3.069561e-04 3.611924e-04
-1.127534e-02 2.830001e-04 1.112042e-03
-1.123954e-02 2.740242e-04 1.111214e-03
-1.120276e-02 2.651872e-04 1.109309e-03
-1.116597e-02 2.563637e-04 1.107489e-03
-1.112924e-02 2.475676e-04 1.105731e-03
-1.109264e-02 2.389049e-04 1.103910e-03
-1.105614e-02 2.302602e-04 1.102189e-03
-1.101965e-02 2.216398e-04 1.100491e-03
-1.098305e-02 2.131058e-04 1.099007e-03
-1.094664e-02 2.046230e-04 1.097461e-03
-1.091027e-02 1.961607e-04 1.095931e-03
-1.087395e-02 1.877988e-04 1.094530e-03
-1.083770e-02 1.794921e-04 1.093042e-03
-1.080141e-02 1.711802e-04 1.091603e-03
-1.076513e-02 1.629426e-04 1.090307e-03
-1.072912e-02 1.547858e-04 1.088927e-03
-1.069318e-02 1.466427e-04 1.087594e-03
-1.065725e-02 1.385872e-04 1.086273e-03
-1.062133e-02 1.305105e-04 1.085121e-03
-1.058549e-02 1.224742e-04 1.083998e-03
-1.054969e-02 1.145761e-04 1.082817e-03
-1.051402e-02 1.067125e-04 1.081647e-03
-1.047839e-02 9.886801e-05 1.080531e-03
-1.094948e-02 -1.701048e-04 1.832040e-03
-1.091270e-02 -1.772189e-04 1.829199e-03
-1.087558e-02 -1.841772e-04 1.825909e-03
-1.083853e-02 -1.910697e-04 1.822667e-03
-1.080153e-02 -1.978982e-04 1.819476e-03
-1.076463e-02 -2.047119e-04 1.816310e-03
-1.072786e-02 -2.115120e-04 1.813326e-03
-1.069121e-02 -2.182401e-04 1.810283e-03
-1.065460e-02 -2.249498e-04 1.807268e-03
-1.061815e-02 -2.315656e-04 1.804369e-03
-1.058177e-02 -2.382354e-04 1.801594e-03
-1.054538e-02 -2.449063e-04 1.798847e-03
-1.050909e-02 -2.514950e-04 1.796107e-03
-1.047286e-02 -2.580403e-04 1.793381e-03
-1.043662e-02 -2.645625e-04 1.790659e-03
-1.040066e-02 -2.710660e-04 1.788122e-03
-1.036469e-02 -2.775810e-04 1.785651e-03
-1.032875e-02 -2.840694e-04 1.783173e-03
-1.058642e-02 -7.201538e-04 2.487980e-03
-1.054994e-02 -7.254575e-04 2.483809e-03
-1.051334e-02 -7.304458e-04 2.479158e-03
-1.047704e-02 -7.354543e-04 2.474684e-03
-1.044071e-02 -7.404425e-04 2.470225e-03
-1.040444e-02 -7.454529e-04 2.465831e-03
-1.036821e-02 -7.504258e-04 2.461508e-03
-1.033208e-02 -7.553340e-04 2.457154e-03
-1.029603e-02 -7.602463e-04 2.452867e-03
-1.026011e-02 -7.652021e-04 2.448743e-03
-1.022425e-02 -7.701630e-04 2.444689e-03
-1.018841e-02 -7.750904e-04 2.440629e-03
-1.015274e-02 -7.800128e-04 2.436664e-03
-1.025464e-02 -1.318469e-03 3.087574e-03
-1.021890e-02 -1.322335e-03 3.082400e-03
-1.018297e-02 -1.325444e-03 3.076406e-03
-1.014712e-02 -1.328667e-03 3.070542e-03
-1.011136e-02 -1.331886e-03 3.064720e-03
-1.007578e-02 -1.334968e-03 3.058895e-03
-1.004014e-02 -1.338167e-03 3.053221e-03
-1.000462e-02 -1.341345e-03 3.047547e-03
-9.969316e-03 -1.344551e-03 3.042042e-03
-9.933976e-03 -1.347712e-03 3.036458e-03
-9.914171e-03 -1.951243e-03 3.630293e-03
-9.879128e-03 -1.952526e-03 3.622989e-03
-9.844164e-03 -1.953699e-03 3.615572e-03
-9.809199e-03 -1.954952e-03 3.608256e-03
-9.774271e-03 -1.956250e-03 3.601002e-03
-9.739412e-03 -1.957533e-03 3.593793e-03
-9.704606e-03 -1.958857e-03 3.586656e-03
-9.670074e-03 -1.960238e-03 3.579651e-03
-9.635516e-03 -1.961566e-03 3.572595e-03
-9.508674e-03 -2.611738e-03 4.105520e-03
-9.474643e-03 -2.610954e-03 4.096814e-03
-9.440667e-03 -2.610231e-03 4.088170e-03
-9.406792e-03 -2.609513e-03 4.079538e-03
-9.373033e-03 -2.608758e-03 4.070948e-03
-9.339324e-03 -2.608019e-03 4.062402e-03
-9.305741e-03 -2.607280e-03 4.053846e-03
-9.272149e-03 -2.606643e-03 4.045400e-03
-9.055167e-03 -3.284625e-03 4.515506e-03
-9.022085e-03 -3.282693e-03 4.506166e-03
-8.989439e-03 -3.279780e-03 4.496253e-03
-8.956805e-03 -3.277000e-03 4.486401e-03
-8.924163e-03 -3.274310e-03 4.476583e-03
-8.891776e-03 -3.271573e-03 4.466796e-03
-8.607723e-03 -3.964769e-03 4.884661e-03
-8.575801e-03 -3.960769e-03 4.874078e-03
-8.544310e-03 -3.955875e-03 4.862995e-03
-8.512927e-03 -3.951099e-03 4.851979e-03
-8.481561e-03 -3.946261e-03 4.840906e-03
-8.450247e-03 -3.941387e-03 4.829852e-03
-8.418977e-03 -3.936642e-03 4.818860e-03
-8.387760e-03 -3.931934e-03 4.807883e-03
-8.356665e-03 -3.927269e-03 4.796961e-03
-7.983734e-03 -4.626314e-03 5.131278e-03
-7.953396e-03 -4.620286e-03 5.119668e-03
-7.923584e-03 -4.613401e-03 5.107694e-03
-7.893742e-03 -4.606571e-03 5.095693e-03
-7.863990e-03 -4.599793e-03 5.083694e-03
-7.443270e-03 -5.297197e-03 5.368252e-03
-7.414683e-03 -5.288554e-03 5.355459e-03
-7.386344e-03 -5.279479e-03 5.342443e-03
-7.358108e-03 -5.270531e-03 5.329481e-03
-7.329881e-03 -5.261723e-03 5.316537e-03
-7.301577e-03 -5.252959e-03 5.303507e-03
-7.273451e-03 -5.244379e-03 5.290523e-03
-7.245315e-03 -5.235816e-03 5.277475e-03
-6.757168e-03 -5.919781e-03 5.480386e-03
-6.730665e-03 -5.909222e-03 5.466683e-03
-6.704083e-03 -5.898653e-03 5.452863e-03
-6.677494e-03 -5.888226e-03 5.439008e-03
-6.651033e-03 -5.877926e-03 5.425170e-03
-6.624523e-03 -5.867702e-03 5.411263e-03
-6.092895e-03 -6.533968e-03 5.552236e-03
-6.068195e-03 -6.521647e-03 5.537769e-03
-6.043579e-03 -6.509363e-03 5.523231e-03
-6.018891e-03 -6.497282e-03 5.508676e-03
-5.994155e-03 -6.485273e-03 5.494039e-03
-5.969537e-03 -6.473302e-03 5.479377e-03
-5.398508e-03 -7.114774e-03 5.555333e-03
-5.375847e-03 -7.100828e-03 5.540333e-03
-5.353217e-03 -7.087056e-03 5.525310e-03
-5.330651e-03 -7.073369e-03 5.510230e-03
-5.308048e-03 -7.059918e-03 5.495113e-03
-5.285534e-03 -7.046477e-03 5.479927e-03
-4.683406e-03 -7.655435e-03 5.491340e-03
-4.662999e-03 -7.640144e-03 5.475989e-03
-4.642530e-03 -7.624858e-03 5.460536e-03
-4.622117e-03 -7.609701e-03 5.445041e-03
-4.601774e-03 -7.594660e-03 5.429494e-03
-4.581361e-03 -7.579707e-03 5.413860e-03
-4.561067e-03 -7.564746e-03 5.398142e-03
-3.931923e-03 -8.128309e-03 5.336019e-03
-3.913376e-03 -8.112122e-03 5.320353e-03
-3.895299e-03 -8.095546e-03 5.304654e-03
-3.877326e-03 -8.079141e-03 5.288922e-03
-3.859428e-03 -8.062676e-03 5.273062e-03
-3.215682e-03 -8.587746e-03 5.157115e-03
-3.199996e-03 -8.569616e-03 5.141461e-03
-3.184220e-03 -8.551563e-03 5.125660e-03
-3.168588e-03 -8.533597e-03 5.109830e-03
-3.153037e-03 -8.515650e-03 5.093899e-03
-3.137542e-03 -8.497746e-03 5.077895e-03
-3.122134e-03 -8.479907e-03 5.061817e-03
-3.106674e-03 -8.462305e-03 5.045651e-03
-2.450885e-03 -8.920586e-03 4.849576e-03
-2.436877e-03 -8.902182e-03 4.833647e-03
-2.423847e-03 -8.883042e-03 4.817861e-03
-2.410836e-03 -8.864060e-03 4.801987e-03
-2.397861e-03 -8.845144e-03 4.786007e-03
-1.742078e-03 -9.256005e-03 4.541753e-03
-1.730956e-03 -9.236167e-03 4.526245e-03
-1.720368e-03 -9.216047e-03 4.510819e-03
-1.709859e-03 -9.195942e-03 4.495266e-03
-1.699351e-03 -9.175848e-03 4.479580e-03
-1.688957e-03 -9.155754e-03 4.463795e-03
-1.039503e-03 -9.504821e-03 4.163156e-03
-1.030993e-03 -9.483922e-03 4.147980e-03
-1.022964e-03 -9.462806e-03 4.132884e-03
-1.014952e-03 -9.441750e-03 4.117678e-03
-1.007038e-03 -9.420710e-03 4.102383e-03
-3.704670e-04 -9.715004e-03 3.759177e-03
-3.649057e-04 -9.693096e-03 3.744854e-03
-3.593156e-04 -9.671133e-03 3.730381e-03
-3.538485e-04 -9.649158e-03 3.715836e-03
2.678855e-04 -9.898940e-03 3.342319e-03
2.714620e-04 -9.876330e-03 3.328585e-03
2.746130e-04 -9.853567e-03 3.314940e-03
2.777338e-04 -9.830868e-03 3.301163e-03
2.807719e-04 -9.808234e-03 3.287280e-03
2.836811e-04 -9.785557e-03 3.273315e-03
8.780061e-04 -9.963884e-03 2.854947e-03
8.792127e-04 -9.940795e-03 2.841836e-03
8.799044e-04 -9.917544e-03 2.828920e-03
1.455653e-03 -1.005967e-02 2.392518e-03
1.454611e-03 -1.003610e-02 2.380553e-03
1.453087e-03 -1.001238e-02 2.368780e-03
1.451473e-03 -9.988723e-03 2.356880e-03
1.449782e-03 -9.964997e-03 2.344857e-03
1.448026e-03 -9.941262e-03 2.332745e-03
1.446212e-03 -9.917500e-03 2.320441e-03
1.969834e-03 -9.971699e-03 1.847453e-03
2.486707e-03 -1.001340e-02 1.368591e-03
2.481076e-03 -9.989297e-03 1.359183e-03
2.475313e-03 -9.965215e-03 1.349744e-03
2.469444e-03 -9.941109e-03 1.340205e-03
2.463474e-03 -9.916973e-03 1.330524e-03
2.932086e-03 -9.894688e-03 8.354203e-04
2.925004e-03 -9.870608e-03 8.265328e-04
2.917147e-03 -9.846513e-03 8.182132e-04
3.354418e-03 -9.785839e-03 3.157877e-04
3.345462e-03 -9.761797e-03 3.083133e-04
3.335753e-03 -9.737798e-03 3.014143e-04
3.741307e-03 -9.639986e-03 -2.067033e-04
4.135859e-03 -9.530040e-03 -7.160230e-04
4.123132e-03 -9.506610e-03 -7.197774e-04
4.110359e-03 -9.483238e-03 -7.236559e-04
4.097462e-03 -9.459730e-03 -7.276189e-04
4.439821e-03 -9.301059e-03 -1.233824e-03
4.425781e-03 -9.278011e-03 -1.236633e-03
4.411329e-03 -9.255030e-03 -1.239088e-03
4.713094e-03 -9.061302e-03 -1.739968e-03
4.697588e-03 -9.038763e-03 -1.741267e-03
4.681761e-03 -9.016280e-03 -1.742306e-03
3.731667e-03 -8.788646e-03 -5.808026e-04
3.978998e-03 -8.550191e-03 -1.072489e-03
3.033833e-03 -8.300137e-03 1.062184e-04
3.180085e-03 -8.120620e-03 -2.236350e-04
3.322553e-03 -7.937663e-03 -5.531775e-04
3.461195e-03 -7.751421e-03 -8.822748e-04
2.522158e-03 -7.463479e-03 3.295062e-04
1.586768e-03 -7.165499e-03 1.547484e-03
1.761069e-03 -6.860216e-03 1.059936e-03
1.870354e-03 -6.645455e-03 7.290955e-04
1.614702e-03 -6.428696e-03 9.733147e-04
9.948016e-04 -6.210024e-03 1.791495e-03
1.141488e-03 -5.874649e-03 1.299541e-03
2.217464e-04 -5.532038e-03 2.547697e-03
3.587416e-04 -5.183365e-03 2.052085e-03
4.479472e-04 -4.944164e-03 1.713841e-03
1.880975e-04 -4.703310e-03 1.961950e-03
-4.201093e-04 -4.461014e-03 2.795361e-03
-2.949508e-04 -4.092196e-03 2.289398e-03
-1.706948e-04 -3.720487e-03 1.781417e-03
-4.928821e-05 -3.343942e-03 1.271425e-03
-1.325065e-04 -4.277134e-03 2.114611e-03
-2.147217e-04 -5.208738e-03 2.957308e-03
-2.959417e-04 -6.138747e-03 3.799471e-03
-4.115292e-04 -7.538564e-03 5.076327e-03
-5.243972e-04 -8.936198e-03 6.353832e-03
-5.262303e-04 -8.914912e-03 6.326362e-03
-5.280313e-04 -8.891735e-03 6.297098e-03
-5.299182e-04 -8.868553e-03 6.267738e-03
-5.319753e-04 -8.845326e-03 6.238455e-03
-5.341818e-04 -8.822165e-03 6.209223e-03
-5.365083e-04 -8.799028e-03 6.180007e-03
-5.389336e-04 -8.775871e-03 6.150727e-03
-5.414857e-04 -8.752765e-03 6.121446e-03
-5.442081e-04 -8.729538e-03 6.092187e-03
-5.470487e-04 -8.706319e-03 6.062919e-03
-5.500552e-04 -8.683194e-03 6.033661e-03
-5.532008e-04 -8.660069e-03 6.004456e-03
-5.564790e-04 -8.636894e-03 5.975206e-03
-5.598881e-04 -8.613645e-03 5.945825e-03
-5.634539e-04 -8.590418e-03 5.916512e-03
-5.670892e-04 -8.567282e-03 5.887143e-03
-5.709122e-04 -8.544202e-03 5.857902e-03
-5.748168e-04 -8.521196e-03 5.828593e-03
-5.789015e-04 -8.498065e-03 5.799300e-03
-5.831844e-04 -8.474888e-03 5.770133e-03
-5.875862e-04 -8.451690e-03 5.740877e-03
-5.921030e-04 -8.428477e-03 5.711628e-03
-5.968279e-04 -8.405236e-03 5.682529e-03
-6.434872e-04 -9.768614e-03 6.995105e-03
-6.483440e-04 -9.742678e-03 6.963271e-03
-6.533495e-04 -9.714952e-03 6.929734e-03
-6.584681e-04 -9.687206e-03 6.896152e-03
-6.637600e-04 -9.659375e-03 6.862614e-03
-6.692339e-04 -9.631692e-03 6.829199e-03
-6.748207e-04 -9.603813e-03 6.795619e-03
-6.805520e-04 -9.575954e-03 6.762070e-03
-6.864889e-04 -9.548114e-03 6.728709e-03
-6.926096e-04 -9.520085e-03 6.695280e-03
-6.988756e-04 -9.492030e-03 6.661881e-03
-7.053147e-04 -9.463972e-03 6.628578e-03
-7.118858e-04 -9.435890e-03 6.595236e-03
-7.185737e-04 -9.407793e-03 6.561932e-03
-7.254347e-04 -9.379735e-03 6.528812e-03
-7.324551e-04 -9.351562e-03 6.495759e-03
-7.396080e-04 -9.323349e-03 6.462727e-03
-7.469176e-04 -9.295143e-03 6.429847e-03
-7.543930e-04 -9.266817e-03 6.396930e-03
-7.619982e-04 -9.238505e-03 6.364042e-03
-7.697218e-04 -9.210206e-03 6.331234e-03
-7.775531e-04 -9.181924e-03 6.298404e-03
-7.855177e-04 -9.153548e-03 6.265675e-03
-7.936781e-04 -9.125114e-03 6.233128e-03
-8.019488e-04 -9.096642e-03 6.200449e-03
-8.103634e-04 -9.068032e-03 6.167908e-03
-8.189565e-04 -9.039384e-03 6.135497e-03
-8.276337e-04 -9.010752e-03 6.103062e-03
-8.364405e-04 -8.982077e-03 6.070701e-03
-8.453891e-04 -8.953321e-03 6.038509e-03
-8.544739e-04 -8.924501e-03 6.006521e-03
-8.636694e-04 -8.895598e-03 5.974534e-03
-8.729993e-04 -8.866632e-03 5.942522e-03
-8.824519e-04 -8.837593e-03 5.910683e-03
-8.920124e-04 -8.808493e-03 5.878848e-03
-9.017014e-04 -8.779522e-03 5.847257e-03
-9.115056e-04 -8.750408e-03 5.815717e-03
-9.214147e-04 -8.721254e-03 5.784267e-03
-9.314664e-04 -8.691950e-03 5.752858e-03
-9.416045e-04 -8.662671e-03 5.721386e-03
-9.518603e-04 -8.633297e-03 5.690106e-03
-9.622398e-04 -8.603785e-03 5.659055e-03
-9.727001e-04 -8.574364e-03 5.628078e-03
-9.832763e-04 -8.544857e-03 5.597262e-03
-9.939667e-04 -8.515221e-03 5.566617e-03
-1.004751e-03 -8.485506e-03 5.535962e-03
-1.015613e-03 -8.455684e-03 5.505366e-03
-8.990679e-04 -9.562485e-03 6.734296e-03
-9.104703e-04 -9.529736e-03 6.700644e-03
-9.220603e-04 -9.496047e-03 6.666291e-03
-9.337690e-04 -9.462305e-03 6.632109e-03
-9.455584e-04 -9.428428e-03 6.598071e-03
-9.574423e-04 -9.394462e-03 6.564015e-03
-9.694646e-04 -9.360540e-03 6.530167e-03
-9.815500e-04 -9.326550e-03 6.496483e-03
-9.937088e-04 -9.292417e-03 6.462841e-03
-1.005970e-03 -9.258132e-03 6.429472e-03
-1.018337e-03 -9.223797e-03 6.396188e-03
-1.030779e-03 -9.189450e-03 6.363004e-03
-1.043262e-03 -9.154977e-03 6.330012e-03
-1.055823e-03 -9.120533e-03 6.297304e-03
-1.068450e-03 -9.085941e-03 6.264710e-03
-1.081191e-03 -9.051354e-03 6.232019e-03
-1.093979e-03 -9.016652e-03 6.199568e-03
-1.106842e-03 -8.981961e-03 6.167212e-03
-1.119759e-03 -8.947150e-03 6.135180e-03
-1.132734e-03 -8.912292e-03 6.103276e-03
-1.145765e-03 -8.877318e-03 6.071447e-03
-1.158900e-03 -8.842385e-03 6.039748e-03
-1.172053e-03 -8.807288e-03 6.008253e-03
-1.185233e-03 -8.772117e-03 5.976962e-03
-1.198512e-03 -8.736985e-03 5.945781e-03
-1.211814e-03 -8.701780e-03 5.914738e-03
-1.225130e-03 -8.666424e-03 5.883924e-03
-1.238507e-03 -8.631166e-03 5.853331e-03
-1.251953e-03 -8.595769e-03 5.822761e-03
-1.265423e-03 -8.560362e-03 5.792310e-03
-1.278885e-03 -8.524796e-03 5.762221e-03
-1.292415e-03 -8.489168e-03 5.732166e-03
-1.305967e-03 -8.453518e-03 5.702277e-03
-1.319555e-03 -8.417847e-03 5.672621e-03
-1.333138e-03 -8.382122e-03 5.643156e-03
-1.780024e-03 -9.152838e-03 4.398547e-03
-2.089471e-03 -9.646600e-03 3.560277e-03
-2.249548e-03 -9.872838e-03 3.130834e-03
-2.260594e-03 -9.832027e-03 3.109411e-03
-2.271501e-03 -9.790756e-03 3.088819e-03
-2.282460e-03 -9.749514e-03 3.068488e-03
-2.792399e-03 -1.044733e-02 1.833903e-03
-2.801897e-03 -1.040363e-02 1.817794e-03
-2.811478e-03 -1.036003e-02 1.801938e-03
-2.821114e-03 -1.031637e-02 1.786297e-03
-2.830754e-03 -1.027269e-02 1.771078e-03
-2.840514e-03 -1.022901e-02 1.755951e-03
-2.850398e-03 -1.018534e-02 1.740954e-03
-2.860361e-03 -1.014182e-02 1.726200e-03
-2.870425e-03 -1.009826e-02 1.711537e-03
-3.462954e-03 -1.067353e-02 5.177236e-04
-3.471165e-03 -1.062786e-02 5.075761e-04
-3.479524e-03 -1.058232e-02 4.975471e-04
-3.487952e-03 -1.053688e-02 4.877134e-04
-3.496475e-03 -1.049149e-02 4.781236e-04
-3.505090e-03 -1.044619e-02 4.687386e-04
-3.513788e-03 -1.040089e-02 4.595585e-04
-3.522590e-03 -1.035564e-02 4.506462e-04
-3.531462e-03 -1.031039e-02 4.419093e-04
-3.540380e-03 -1.026519e-02 4.333977e-04
-3.549404e-03 -1.022019e-02 4.251564e-04
-3.558483e-03 -1.017519e-02 4.171188e-04
-3.567663e-03 -1.013018e-02 4.092029e-04
-4.175823e-03 -9.688547e-03 -6.126692e-04
-4.797702e-03 -9.260378e-03 -1.634562e-03
-5.433307e-03 -8.844900e-03 -2.657249e-03
-5.868297e-03 -8.563950e-03 -3.338410e-03
-6.307578e-03 -8.287318e-03 -4.019357e-03
-6.751128e-03 -8.014993e-03 -4.700024e-03
-6.750414e-03 -7.977200e-03 -4.689441e-03
-6.749830e-03 -7.939455e-03 -4.678685e-03
-6.749377e-03 -7.901782e-03 -4.667774e-03
-6.748964e-03 -7.864399e-03 -4.656495e-03
-6.748800e-03 -7.827207e-03 -4.645214e-03
-6.748701e-03 -7.790109e-03 -4.633713e-03
-6.748731e-03 -7.753259e-03 -4.621984e-03
-6.748864e-03 -7.716442e-03 -4.610038e-03
-6.749090e-03 -7.679817e-03 -4.597905e-03
-6.749329e-03 -7.643580e-03 -4.585431e-03
-6.749708e-03 -7.607402e-03 -4.572850e-03
-6.750214e-03 -7.571343e-03 -4.560142e-03
-6.750786e-03 -7.535619e-03 -4.547174e-03
-6.751509e-03 -7.499961e-03 -4.534095e-03
-7.694541e-03 -7.272850e-03 -5.672175e-03
-7.692213e-03 -7.238413e-03 -5.654822e-03
-7.690083e-03 -7.204154e-03 -5.637435e-03
-7.688022e-03 -7.170014e-03 -5.619820e-03
-7.686137e-03 -7.136174e-03 -5.602109e-03
-7.684239e-03 -7.102568e-03 -5.584132e-03
-7.682377e-03 -7.069235e-03 -5.565951e-03
-7.680597e-03 -7.036125e-03 -5.547562e-03
-7.678919e-03 -7.003302e-03 -5.529068e-03
-7.677291e-03 -6.970644e-03 -5.510364e-03
-7.675752e-03 -6.938386e-03 -5.491554e-03
-7.674260e-03 -6.906395e-03 -5.472568e-03
-7.672822e-03 -6.874563e-03 -5.453395e-03
-7.671422e-03 -6.843026e-03 -5.434013e-03
-7.670061e-03 -6.811669e-03 -5.414458e-03
-7.668772e-03 -6.780529e-03 -5.394766e-03
-7.667513e-03 -6.749770e-03 -5.374914e-03
-7.666326e-03 -6.719253e-03 -5.354945e-03
-7.665159e-03 -6.689009e-03 -5.334851e-03
-7.663991e-03 -6.659080e-03 -5.314550e-03
-7.662918e-03 -6.629389e-03 -5.294142e-03
-7.661798e-03 -6.599899e-03 -5.273514e-03
-7.660813e-03 -6.570756e-03 -5.252837e-03
-7.659772e-03 -6.541981e-03 -5.232032e-03
-7.658797e-03 -6.513350e-03 -5.211072e-03
-7.657845e-03 -6.485040e-03 -5.189977e-03
-7.656916e-03 -6.456928e-03 -5.168743e-03
-7.655953e-03 -6.429126e-03 -5.147368e-03
-7.654995e-03 -6.401738e-03 -5.125936e-03
-7.654114e-03 -6.374481e-03 -5.104372e-03
-7.653161e-03 -6.347504e-03 -5.082627e-03
-7.652379e-03 -6.320917e-03 -5.060934e-03
-7.651444e-03 -6.294664e-03 -5.039009e-03
-7.650492e-03 -6.268661e-03 -5.016929e-03
-7.451500e-03 -4.666461e-03 -3.632014e-03
-7.267088e-03 -3.073206e-03 -2.241265e-03
-7.094898e-03 -1.487333e-03 -8.454867e-04
-6.989254e-03 -4.334358e-04 9.044086e-05
-6.888395e-03 6.165567e-04 1.027518e-03
-6.792409e-03 1.662717e-03 1.965661e-03
-6.673108e-03 3.222014e-03 3.388399e-03
-6.566667e-03 4.779090e-03 4.821857e-03
-6.473455e-03 4.798519e-03 4.935333e-03
-6.420618e-03 4.817904e-03 5.009127e-03
-6.371971e-03 4.843127e-03 5.084336e-03
-6.327450e-03 4.874072e-03 5.160950e-03
-6.285053e-03 4.965365e-03 5.294966e-03
-6.253893e-03 5.075276e-03 5.436209e-03
-6.256753e-03 5.062794e-03 5.422577e-03
-6.259603e-03 5.050254e-03 5.408543e-03
-6.262402e-03 5.037768e-03 5.394369e-03
-6.265094e-03 5.025194e-03 5.379995e-03
-6.293632e-03 5.231606e-03 5.557037e-03
-6.296136e-03 5.218587e-03 5.541791e-03
-6.298573e-03 5.205439e-03 5.526216e-03
-6.300922e-03 5.192374e-03 5.510473e-03
-6.303107e-03 5.179288e-03 5.494653e-03
-6.305234e-03 5.166239e-03 5.478661e-03
-6.307353e-03 5.153315e-03 5.462412e-03
-6.309329e-03 5.140391e-03 5.446065e-03
-6.311229e-03 5.127517e-03 5.429597e-03
-6.312966e-03 5.114647e-03 5.412910e-03
-6.314574e-03 5.101822e-03 5.396180e-03
-6.316102e-03 5.089052e-03 5.379328e-03
-6.317560e-03 5.076324e-03 5.362211e-03
-6.490520e-03 5.535443e-03 5.644852e-03
-6.491446e-03 5.521908e-03 5.626911e-03
-6.492086e-03 5.507738e-03 5.608231e-03
-6.492515e-03 5.493568e-03 5.589509e-03
-6.492857e-03 5.479458e-03 5.570616e-03
-6.493123e-03 5.465442e-03 5.551434e-03
-6.493235e-03 5.451488e-03 5.532281e-03
-6.493214e-03 5.437524e-03 5.512993e-03
-6.493038e-03 5.423633e-03 5.493544e-03
-6.492727e-03 5.409665e-03 5.473840e-03
-6.492307e-03 5.395701e-03 5.453936e-03
-6.491861e-03 5.381920e-03 5.433895e-03
-6.491213e-03 5.368046e-03 5.413787e-03
-6.490452e-03 5.354180e-03 5.393561e-03
-6.489608e-03 5.340369e-03 5.373070e-03
-6.488632e-03 5.326539e-03 5.352488e-03
-6.487529e-03 5.312702e-03 5.331795e-03
-6.486224e-03 5.298850e-03 5.311009e-03
-6.484838e-03 5.285029e-03 5.290049e-03
-6.483365e-03 5.271246e-03 5.268862e-03
-6.481724e-03 5.257459e-03 5.247647e-03
-6.479977e-03 5.243681e-03 5.226253e-03
-6.478091e-03 5.229877e-03 5.204648e-03
-6.476071e-03 5.216165e-03 5.182993e-03
-6.473868e-03 5.202328e-03 5.161185e-03
-6.471535e-03 5.188491e-03 5.139277e-03
-6.469019e-03 5.174600e-03 5.117015e-03
-6.466371e-03 5.160742e-03 5.094715e-03
-6.463583e-03 5.146871e-03 5.072334e-03
-7.225187e-03 6.470205e-03 4.496025e-03
-7.220061e-03 6.452764e-03 4.474869e-03
-7.214275e-03 6.434405e-03 4.453961e-03
-7.208346e-03 6.416105e-03 4.432879e-03
-7.202191e-03 6.397663e-03 4.411764e-03
-7.195908e-03 6.379212e-03 4.390447e-03
-7.189437e-03 6.360726e-03 4.368892e-03
-7.182752e-03 6.342072e-03 4.347164e-03
-7.175904e-03 6.323419e-03 4.325362e-03
-7.168875e-03 6.304714e-03 4.303610e-03
-7.161719e-03 6.286061e-03 4.281624e-03
-7.154370e-03 6.267308e-03 4.259512e-03
-7.146811e-03 6.248496e-03 4.237230e-03
-7.139034e-03 6.229565e-03 4.214734e-03
-7.131130e-03 6.210690e-03 4.192156e-03
-7.123016e-03 6.191738e-03 4.169432e-03
-7.114726e-03 6.172790e-03 4.146656e-03
-7.106261e-03 6.153797e-03 4.123741e-03
-7.097560e-03 6.134739e-03 4.100649e-03
-7.088713e-03 6.115680e-03 4.077417e-03
-7.079637e-03 6.096437e-03 4.054148e-03
-7.070401e-03 6.077254e-03 4.030770e-03
-7.060905e-03 6.057853e-03 4.007304e-03
-7.051243e-03 6.038481e-03 3.983678e-03
-7.041348e-03 6.019062e-03 3.959855e-03
-7.031272e-03 5.999564e-03 3.936027e-03
-7.021016e-03 5.980028e-03 3.912126e-03
-7.010511e-03 5.960351e-03 3.888162e-03
-6.999800e-03 5.940593e-03 3.864054e-03
-6.988908e-03 5.920857e-03 3.839767e-03
-6.977811e-03 5.901033e-03 3.815464e-03
-6.966578e-03 5.881185e-03 3.791186e-03
-6.955164e-03 5.861322e-03 3.766808e-03
-6.943435e-03 5.841210e-03 3.742264e-03
-6.931527e-03 5.821101e-03 3.717603e-03
-6.188514e-03 4.234712e-03 2.860420e-03
-5.687314e-03 3.165976e-03 2.277894e-03
-5.185634e-03 2.095857e-03 1.694357e-03
-4.683484e-03 1.024377e-03 1.109797e-03
-3.927229e-03 -5.926600e-04 2.346783e-04
-3.926040e-03 2.764156e-04 -6.434170e-04
-3.919417e-03 1.141832e-03 -1.522138e-03
-3.909788e-03 1.712196e-03 -2.109883e-03
-3.647993e-03 1.450229e-03 -2.696025e-03
-3.134578e-03 3.576019e-04 -3.280476e-03
-3.108809e-03 1.194923e-03 -4.147963e-03
-3.079102e-03 2.024984e-03 -5.012114e-03
-2.277936e-03 3.732197e-04 -5.867848e-03
-2.257401e-03 9.143621e-04 -6.430604e-03
-2.237654e-03 1.452242e-03 -6.989316e-03
-2.218689e-03 1.986842e-03 -7.544012e-03
-1.374090e-03 3.246552e-04 -8.359581e-03
-1.352555e-03 1.102916e-03 -9.160474e-03
-1.336253e-03 1.874365e-03 -9.948238e-03
-7.470026e-04 7.618447e-04 -1.045574e-02
-4.523596e-04 4.556513e-04 -1.095664e-02
-4.517311e-04 9.542361e-04 -1.145096e-02
-4.597742e-04 9.478719e-04 -1.142577e-02
-4.678404e-04 9.413037e-04 -1.140045e-02
-4.758773e-04 9.345246e-04 -1.137508e-02
-4.838515e-04 9.275500e-04 -1.134985e-02
-4.918574e-04 9.205080e-04 -1.132453e-02
-4.998374e-04 9.133018e-04 -1.129918e-02
-5.078283e-04 9.059561e-04 -1.127383e-02
-5.157374e-04 8.983911e-04 -1.124846e-02
-5.236519e-04 8.907375e-04 -1.122308e-02
-5.315501e-04 8.828465e-04 -1.119766e-02
-5.393937e-04 8.748295e-04 -1.117231e-02
-5.472701e-04 8.666735e-04 -1.114681e-02
-5.550720e-04 8.582772e-04 -1.112135e-02
-5.628570e-04 8.497878e-04 -1.109584e-02
-5.706264e-04 8.411548e-04 -1.107026e-02
-5.783355e-04 8.322499e-04 -1.104467e-02
-5.860759e-04 8.232909e-04 -1.101899e-02
-5.938086e-04 8.142181e-04 -1.099324e-02
-6.013482e-04 8.048981e-04 -1.096768e-02
-6.088918e-04 7.954712e-04 -1.094206e-02
-6.163839e-04 7.859130e-04 -1.091645e-02
-6.238302e-04 7.761070e-04 -1.089073e-02
-6.312832e-04 7.662104e-04 -1.086496e-02
-6.386660e-04 7.561696e-04 -1.083919e-02
-6.460149e-04 7.460180e-04 -1.081349e-02
-6.532151e-04 7.355921e-04 -1.078774e-02
-6.603795e-04 7.250457e-04 -1.076192e-02
-6.675315e-04 7.143850e-04 -1.073607e-02
-6.747158e-04 7.036732e-04 -1.071020e-02
-6.818471e-04 6.928172e-04 -1.068430e-02
-6.888142e-04 6.817126e-04 -1.065842e-02
-6.956949e-04 6.704704e-04 -1.063258e-02
-7.025169e-04 6.590984e-04 -1.060669e-02
-7.092670e-04 6.475392e-04 -1.058082e-02
-7.160595e-04 6.359548e-04 -1.055488e-02
-7.227599e-04 6.242344e-04 -1.052893e-02
-2.190017e-03 9.210917e-04 -8.752409e-03
-3.667163e-03 1.205155e-03 -6.978485e-03
-5.155334e-03 1.474072e-03 -5.208361e-03
-4.991114e-03 4.509319e-04 -4.031457e-03
-5.408580e-03 1.865714e-05 -2.858865e-03
-6.406577e-03 1.760934e-04 -1.690568e-03
-7.917831e-03 3.988972e-04 5.258062e-05
-9.431367e-03 6.105233e-04 1.787101e-03
-9.246360e-03 -9.502775e-04 3.514131e-03
-1.024854e-02 -8.225859e-04 4.650605e-03
-1.073513e-02 -7.626686e-04 5.205147e-03
-1.070699e-02 -7.705365e-04 5.178859e-03
-1.067809e-02 -7.783008e-04 5.151678e-03
-1.064900e-02 -7.860545e-04 5.124381e-03
-1.061962e-02 -7.938026e-04 5.096897e-03
-1.059010e-02 -8.013690e-04 5.069248e-03
-1.056045e-02 -8.088322e-04 5.041486e-03
-1.053066e-02 -8.162392e-04 5.013612e-03
-1.050072e-02 -8.235086e-04 4.985618e-03
-1.047054e-02 -8.307017e-04 4.957405e-03
-1.044021e-02 -8.378770e-04 4.929124e-03
-1.040977e-02 -8.448691e-04 4.900723e-03
-1.037904e-02 -8.518971e-04 4.872127e-03
-1.034816e-02 -8.589004e-04 4.843464e-03
-1.031718e-02 -8.656692e-04 4.814683e-03
-1.028604e-02 -8.724942e-04 4.785868e-03
-1.025472e-02 -8.792852e-04 4.756929e-03
-1.022329e-02 -8.858525e-04 4.727862e-03
-1.019175e-02 -8.923416e-04 4.698690e-03
-1.015999e-02 -8.987210e-04 4.669329e-03
-1.012812e-02 -9.049827e-04 4.639907e-03
-1.009622e-02 -9.111105e-04 4.610472e-03
-1.006411e-02 -9.172183e-04 4.580903e-03
-1.003194e-02 -9.233251e-04 4.551380e-03
-9.999538e-03 -9.293761e-04 4.521656e-03
-9.966929e-03 -9.353425e-04 4.491783e-03
-9.934315e-03 -9.410406e-04 4.461877e-03
-9.901514e-03 -9.466710e-04 4.431814e-03
-9.868597e-03 -9.522325e-04 4.401685e-03
-9.835491e-03 -9.576828e-04 4.371402e-03
-9.802329e-03 -9.631817e-04 4.341168e-03
-9.769064e-03 -9.685539e-04 4.310854e-03
-9.735686e-03 -9.736911e-04 4.280413e-03
-9.702153e-03 -9.788292e-04 4.249896e-03
-9.668527e-03 -9.838836e-04 4.219332e-03
-9.634809e-03 -9.889104e-04 4.188740e-03
-9.600990e-03 -9.937554e-04 4.158071e-03
-9.567054e-03 -9.985610e-04 4.127328e-03
-9.533093e-03 -1.003182e-03 4.096566e-03
-9.498969e-03 -1.007747e-03 4.065693e-03
-9.464732e-03 -1.012212e-03 4.034740e-03
-9.430421e-03 -1.016594e-03 4.003777e-03
-8.631386e-03 -9.892453e-04 3.176959e-03
-7.816606e-03 -9.622920e-04 2.334825e-03
-7.254248e-03 -9.462507e-04 1.756034e-03
-6.687821e-03 -9.311042e-04 1.174171e-03
-6.117302e-03 -9.169708e-04 5.891994e-04
-5.251760e-03 -8.958550e-04 -2.975596e-04
-4.377699e-03 -8.763182e-04 -1.191225e-03
-3.495524e-03 -8.583545e-04 -2.091393e-03
-2.900502e-03 -8.475383e-04 -2.697173e-03
-2.304776e-03 -8.375909e-04 -3.302803e-03
-1.708429e-03 -8.283178e-04 -3.908221e-03
-8.166862e-04 -8.146873e-04 -4.813403e-03
7.448939e-05 -8.021885e-04 -5.716801e-03
9.631332e-04 -7.915956e-04 -6.615670e-03
1.552324e-03 -7.860031e-04 -7.210025e-03
2.138722e-03 -7.811331e-04 -7.800879e-03
2.722352e-03 -7.768062e-04 -8.388280e-03
3.583948e-03 -7.708448e-04 -9.255202e-03
4.434746e-03 -7.667814e-04 -1.010933e-02
4.425434e-03 -7.712009e-04 -1.009497e-02
4.414951e-03 -7.758078e-04 -1.007938e-02
4.404391e-03 -7.803373e-04 -1.006369e-02
4.393764e-03 -7.848891e-04 -1.004789e-02
4.383101e-03 -7.894294e-04 -1.003203e-02
4.372393e-03 -7.940197e-04 -1.001611e-02
4.361633e-03 -7.986346e-04 -1.000010e-02
4.350722e-03 -8.032241e-04 -9.983931e-03
4.339727e-03 -8.077910e-04 -9.967662e-03
4.328662e-03 -8.123803e-04 -9.951269e-03
4.317588e-03 -8.170179e-04 -9.934862e-03
4.306468e-03 -8.216685e-04 -9.918375e-03
4.295272e-03 -8.262411e-04 -9.901807e-03
4.284012e-03 -8.309978e-04 -9.885102e-03
4.272720e-03 -8.356189e-04 -9.868372e-03
4.261378e-03 -8.402516e-04 -9.851576e-03
4.250024e-03 -8.450365e-04 -9.834693e-03
4.238564e-03 -8.497504e-04 -9.817728e-03
4.226964e-03 -8.544381e-04 -9.800588e-03
4.215284e-03 -8.591718e-04 -9.783382e-03
4.203576e-03 -8.639098e-04 -9.766112e-03
4.191806e-03 -8.686440e-04 -9.748749e-03
4.179945e-03 -8.733797e-04 -9.731303e-03
4.168131e-03 -8.780832e-04 -9.713867e-03
4.156200e-03 -8.827512e-04 -9.696314e-03
4.144248e-03 -8.874804e-04 -9.678702e-03
4.132139e-03 -8.922699e-04 -9.660919e-03
4.119916e-03 -8.970814e-04 -9.642991e-03
4.107663e-03 -9.019235e-04 -9.625013e-03
4.095351e-03 -9.066945e-04 -9.606989e-03
4.082971e-03 -9.115368e-04 -9.588851e-03
4.070417e-03 -9.165273e-04 -9.570494e-03
4.057821e-03 -9.214498e-04 -9.552112e-03
4.045159e-03 -9.263772e-04 -9.533638e-03
4.032514e-03 -9.313785e-04 -9.515122e-03
4.019751e-03 -9.362394e-04 -9.496571e-03
2.460483e-03 -1.016870e-03 -8.009162e-03
1.414565e-03 -1.074000e-03 -7.010817e-03
3.681193e-04 -1.132141e-03 -6.013027e-03
-6.787473e-04 -1.191376e-03 -5.015826e-03
-2.254574e-03 -1.282232e-03 -3.521953e-03
-3.830913e-03 -1.376548e-03 -2.030980e-03
-5.406168e-03 -1.474334e-03 -5.444984e-04
-6.445779e-03 -1.541687e-03 4.373737e-04
-7.482010e-03 -1.609919e-03 1.414988e-03
-8.514744e-03 -1.679118e-03 2.388288e-03
-1.006193e-02 -1.784911e-03 3.838779e-03
-1.002834e-02 -1.787017e-03 3.813981e-03
-9.993599e-03 -1.788933e-03 3.788059e-03
-9.958765e-03 -1.790716e-03 3.762035e-03
-9.923797e-03 -1.792363e-03 3.735862e-03
-9.888775e-03 -1.793932e-03 3.709629e-03
-9.853672e-03 -1.795496e-03 3.683352e-03
-9.818444e-03 -1.796869e-03 3.656911e-03
-9.783084e-03 -1.798208e-03 3.630354e-03
-9.747790e-03 -1.799399e-03 3.603789e-03
-9.712399e-03 -1.800503e-03 3.577132e-03
-9.676827e-03 -1.801465e-03 3.550292e-03
-9.641270e-03 -1.802260e-03 3.523426e-03
-9.605589e-03 -1.803004e-03 3.496455e-03
-1.098485e-02 -1.917343e-03 4.770558e-03
-1.094436e-02 -1.917480e-03 4.739126e-03
-1.090370e-02 -1.917603e-03 4.707541e-03
-1.086289e-02 -1.917627e-03 4.675804e-03
-1.082207e-02 -1.917606e-03 4.644071e-03
-1.078121e-02 -1.917440e-03 4.612259e-03
-1.074021e-02 -1.917102e-03 4.580267e-03
-1.069932e-02 -1.916456e-03 4.548319e-03
-1.065840e-02 -1.915880e-03 4.516357e-03
-1.061731e-02 -1.915222e-03 4.484219e-03
-1.057615e-02 -1.914303e-03 4.451967e-03
-1.053493e-02 -1.913298e-03 4.419620e-03
-1.049363e-02 -1.912238e-03 4.387170e-03
-1.045237e-02 -1.911041e-03 4.354774e-03
-1.041099e-02 -1.909714e-03 4.322216e-03
-1.036953e-02 -1.908273e-03 4.289569e-03
-1.032813e-02 -1.906685e-03 4.256952e-03
-1.028675e-02 -1.905018e-03 4.224302e-03
-1.024531e-02 -1.903230e-03 4.191570e-03
-1.020381e-02 -1.901281e-03 4.158781e-03
-1.016232e-02 -1.899324e-03 4.125956e-03
-1.012079e-02 -1.897226e-03 4.093073e-03
-1.007931e-02 -1.895049e-03 4.060235e-03
-1.003773e-02 -1.892661e-03 4.027309e-03
-9.996101e-03 -1.890181e-03 3.994327e-03
-9.954550e-03 -1.887505e-03 3.961408e-03
-9.912898e-03 -1.884793e-03 3.928387e-03
-9.871214e-03 -1.882035e-03 3.895333e-03
-9.829560e-03 -1.879135e-03 3.862323e-03
-9.787830e-03 -1.876186e-03 3.829220e-03
-9.746112e-03 -1.873162e-03 3.796095e-03
-9.704445e-03 -1.869945e-03 3.763042e-03
-9.662760e-03 -1.866623e-03 3.729951e-03
-9.621077e-03 -1.863158e-03 3.696863e-03
-9.579419e-03 -1.859707e-03 3.663756e-03
-9.537723e-03 -1.856230e-03 3.630584e-03
-8.181355e-03 -1.866117e-03 2.291248e-03
-7.258070e-03 -1.867930e-03 1.378771e-03
-6.333675e-03 -1.868161e-03 4.635825e-04
-5.408132e-03 -1.866703e-03 -4.543154e-04
-4.025376e-03 -1.855968e-03 -1.840405e-03
-2.641589e-03 -1.838957e-03 -3.233796e-03
-1.257959e-03 -1.818391e-03 -4.630571e-03
-3.335841e-04 -1.799640e-03 -5.564446e-03
-7.823609e-05 -1.779008e-03 -5.810284e-03
-4.905587e-04 -1.756516e-03 -5.369483e-03
-1.115488e-03 -1.713951e-03 -4.695335e-03
-1.739257e-03 -1.666249e-03 -4.017328e-03
-2.360297e-03 -1.613417e-03 -3.337029e-03
-2.765083e-03 -1.574167e-03 -2.887311e-03
-3.167994e-03 -1.533265e-03 -2.437975e-03
-3.569012e-03 -1.490840e-03 -1.989081e-03
-4.166892e-03 -1.420174e-03 -1.314410e-03
-4.758109e-03 -1.344804e-03 -6.417921e-04
-5.338364e-03 -1.265124e-03 2.408542e-05
-5.707004e-03 -1.207427e-03 4.555759e-04
-6.071045e-03 -1.148702e-03 8.833973e-04
-6.430585e-03 -1.089039e-03 1.307599e-03
-6.957767e-03 -9.916856e-04 1.937804e-03
-7.469308e-03 -8.908825e-04 2.555773e-03
-7.965203e-03 -7.878049e-04 3.160329e-03
-8.269696e-03 -7.148661e-04 3.542453e-03
-8.567513e-03 -6.409936e-04 3.918772e-03
-8.858739e-03 -5.661778e-04 4.289391e-03
-7.413149e-03 -4.486638e-04 2.731073e-03
-5.958701e-03 -3.284951e-04 1.161208e-03
-4.499311e-03 -2.052717e-04 -4.166733e-04
-3.516815e-03 -1.212269e-04 -1.477861e-03
-2.534592e-03 -3.650247e-05 -2.539393e-03
-1.552814e-03 4.879518e-05 -3.601136e-03
-9.133106e-05 1.812927e-04 -5.190235e-03
-4.572011e-04 3.161294e-04 -4.682779e-03
-8.248311e-04 4.536915e-04 -4.170727e-03
-1.065580e-03 5.462572e-04 -3.830379e-03
-1.305981e-03 6.388203e-04 -3.490428e-03
-1.546073e-03 7.313493e-04 -3.150843e-03
-1.912174e-03 8.733379e-04 -2.636008e-03
-2.276078e-03 1.016042e-03 -2.122684e-03
-2.636998e-03 1.158285e-03 -1.612825e-03
-2.867625e-03 1.253105e-03 -1.280552e-03
-3.096321e-03 1.347302e-03 -9.508264e-04
-3.323138e-03 1.440966e-03 -6.235273e-04
-3.663733e-03 1.582535e-03 -1.347281e-04
-3.998203e-03 1.722078e-03 3.459151e-04
-4.324594e-03 1.859980e-03 8.168389e-04
-4.527181e-03 1.949212e-03 1.115466e-03
-4.726786e-03 2.037568e-03 1.410203e-03
-4.923542e-03 2.124958e-03 1.701135e-03
-5.210645e-03 2.257043e-03 2.126975e-03
-5.487354e-03 2.385499e-03 2.538825e-03
-5.752889e-03 2.511104e-03 2.936684e-03
-5.910959e-03 2.589716e-03 3.180182e-03
-6.064224e-03 2.667305e-03 3.417836e-03
-6.212737e-03 2.743856e-03 3.649704e-03
-4.646805e-03 2.855979e-03 1.970208e-03
-3.073660e-03 2.964495e-03 2.870981e-04
-1.494095e-03 3.068631e-03 -1.398050e-03
-4.351734e-04 3.132632e-03 -2.525186e-03
6.230742e-04 3.195391e-03 -3.650286e-03
1.680511e-03 3.256863e-03 -4.773231e-03
1.472987e-03 3.345647e-03 -4.468595e-03
1.258587e-03 3.430869e-03 -4.160608e-03
1.038093e-03 3.511354e-03 -3.851219e-03
8.911898e-04 3.558395e-03 -3.648121e-03
7.427978e-04 3.603922e-03 -3.445012e-03
5.928443e-04 3.647820e-03 -3.241898e-03
3.544462e-04 3.709904e-03 -2.932820e-03
1.119362e-04 3.766849e-03 -2.624712e-03
-1.346836e-04 3.817092e-03 -2.319136e-03
-2.957622e-04 3.843889e-03 -2.121815e-03
-4.573850e-04 3.868466e-03 -1.926146e-03
-6.195675e-04 3.890737e-03 -1.732169e-03
-8.725641e-04 3.919234e-03 -1.441767e-03
-1.125374e-03 3.942248e-03 -1.156981e-03
-1.377606e-03 3.959777e-03 -8.782023e-04
-1.539131e-03 3.963052e-03 -7.036954e-04
-1.699573e-03 3.965006e-03 -5.315547e-04
-1.858786e-03 3.965679e-03 -3.618949e-04
-2.103311e-03 3.959680e-03 -1.141716e-04
-2.344913e-03 3.948964e-03 1.259744e-04
-2.582421e-03 3.933140e-03 3.569807e-04
-2.729340e-03 3.914531e-03 4.952084e-04
-2.874751e-03 3.893940e-03 6.299637e-04
-3.018641e-03 3.871292e-03 7.611771e-04
-3.235262e-03 3.833654e-03 9.496258e-04
-3.445053e-03 3.790576e-03 1.125848e-03
-3.648796e-03 3.743619e-03 1.292182e-03
-3.770232e-03 3.704847e-03 1.384886e-03
-3.889360e-03 3.664341e-03 1.473570e-03
-4.006245e-03 3.622100e-03 1.558281e-03
-4.176857e-03 3.555887e-03 1.672294e-03
-4.338347e-03 3.485401e-03 1.772944e-03
-4.491108e-03 3.410253e-03 1.860228e-03
-4.575959e-03 3.355058e-03 1.899928e-03
-4.657201e-03 3.298474e-03 1.934635e-03
-4.734910e-03 3.240622e-03 1.964509e-03
-4.844287e-03 3.153863e-03 1.996755e-03
-3.077260e-03 3.063645e-03 3.191826e-04
-1.304274e-03 2.969975e-03 -1.360776e-03
-1.170952e-04 2.902448e-03 -2.483519e-03
1.068644e-03 2.834688e-03 -3.604534e-03
2.252915e-03 2.766693e-03 -4.723786e-03
2.153125e-03 2.663812e-03 -4.718221e-03
2.045602e-03 2.558302e-03 -4.707546e-03
1.933464e-03 2.452116e-03 -4.692934e-03
1.857639e-03 2.378584e-03 -4.682120e-03
1.780014e-03 2.304243e-03 -4.670341e-03
1.700579e-03 2.228917e-03 -4.657725e-03
1.567125e-03 2.117481e-03 -4.627071e-03
1.427872e-03 2.004574e-03 -4.592109e-03
1.285161e-03 1.894099e-03 -4.551282e-03
1.190535e-03 1.817847e-03 -4.524464e-03
1.094870e-03 1.741651e-03 -4.496587e-03
9.982401e-04 1.665524e-03 -4.467708e-03
8.418041e-04 1.553772e-03 -4.414540e-03
6.819429e-04 1.443694e-03 -4.356312e-03
5.198257e-04 1.334512e-03 -4.294977e-03
4.142901e-04 1.261036e-03 -4.254695e-03
3.084605e-04 1.188287e-03 -4.213442e-03
2.023081e-04 1.116240e-03 -4.171212e-03
3.392724e-05 1.012444e-03 -4.098437e-03
-1.359217e-04 9.114682e-04 -4.021432e-03
-3.048991e-04 8.129228e-04 -3.942930e-03
-4.130009e-04 7.480018e-04 -3.891870e-03
-5.204522e-04 6.847695e-04 -3.839833e-03
-6.272052e-04 6.233208e-04 -3.786800e-03
-7.942660e-04 5.364043e-04 -3.698884e-03
-9.596884e-04 4.530773e-04 -3.609095e-03
-1.123473e-03 3.725608e-04 -3.518215e-03
-1.224448e-03 3.225128e-04 -3.459867e-03
-1.325130e-03 2.732386e-04 -3.401127e-03
-1.425472e-03 2.247622e-04 -3.342012e-03
-1.578014e-03 1.616376e-04 -3.245346e-03
-1.726589e-03 1.037045e-04 -3.147560e-03
-1.872369e-03 4.901352e-05 -3.049433e-03
-1.960062e-03 1.606735e-05 -2.987838e-03
-2.046057e-03 -1.524035e-05 -2.926396e-03
-2.130367e-03 -4.487963e-05 -2.865073e-03
-2.257202e-03 -8.000847e-05 -2.766736e-03
-2.378911e-03 -1.099966e-04 -2.668494e-03
-2.494713e-03 -1.336740e-04 -2.569957e-03
-2.561341e-03 -1.458964e-04 -2.509339e-03
-2.625661e-03 -1.560167e-04 -2.449026e-03
-2.687677e-03 -1.639686e-04 -2.388960e-03
-2.778864e-03 -1.666785e-04 -2.294512e-03
-2.863785e-03 -1.626714e-04 -2.199732e-03
-2.942440e-03 -1.550675e-04 -2.107742e-03
-2.982097e-03 -1.452535e-04 -2.052732e-03
-3.019260e-03 -1.332509e-04 -1.998136e-03
-3.053911e-03 -1.190109e-04 -1.943925e-03
-3.103089e-03 -8.825507e-05 -1.858709e-03
-3.144852e-03 -5.278706e-05 -1.776309e-03
-3.179982e-03 -1.221759e-05 -1.695554e-03
-3.190236e-03 1.885829e-05 -1.649346e-03
-3.197632e-03 5.182770e-05 -1.604217e-03
-3.202222e-03 8.658739e-05 -1.560208e-03
-3.205697e-03 1.482446e-04 -1.490463e-03
-3.200631e-03 2.149810e-04 -1.424285e-03
-3.188194e-03 2.860154e-04 -1.361283e-03
-3.167391e-03 3.371536e-04 -1.326713e-03
-3.144073e-03 3.892797e-04 -1.293763e-03
-3.118209e-03 4.423569e-04 -1.262512e-03
-3.075192e-03 5.311364e-04 -1.212740e-03
-3.024417e-03 6.245919e-04 -1.166145e-03
-2.966665e-03 7.211617e-04 -1.123505e-03
-2.915787e-03 7.881271e-04 -1.103745e-03
-2.862840e-03 8.563193e-04 -1.084910e-03
-2.807798e-03 9.257254e-04 -1.067039e-03
-2.722821e-03 1.035984e-03 -1.038265e-03
-2.629739e-03 1.149716e-03 -1.014197e-03
-2.532061e-03 1.264969e-03 -9.932750e-04
-2.456663e-03 1.342778e-03 -9.876629e-04
-2.378866e-03 1.421570e-03 -9.835225e-04
-2.298629e-03 1.501228e-03 -9.810287e-04
-2.177391e-03 1.624944e-03 -9.754617e-04
-2.051962e-03 1.749394e-03 -9.734009e-04
-1.921563e-03 1.874968e-03 -9.752347e-04
-1.825384e-03 1.958525e-03 -9.849948e-04
-1.727462e-03 2.042535e-03 -9.960806e-04
-1.627831e-03 2.126815e-03 -1.008655e-03
-1.479891e-03 2.254920e-03 -1.025663e-03
-1.328548e-03 2.383326e-03 -1.045805e-03
-1.174970e-03 2.510081e-03 -1.069860e-03
-1.064480e-03 2.593804e-03 -1.093970e-03
-9.535749e-04 2.676954e-03 -1.119091e-03
-8.422288e-04 2.759575e-03 -1.145200e-03
-6.782059e-04 2.883025e-03 -1.183068e-03
-5.135004e-04 3.005635e-03 -1.222459e-03
-3.481114e-04 3.125064e-03 -1.265712e-03
-2.328161e-04 3.201098e-03 -1.302375e-03
-1.177631e-04 3.276374e-03 -1.339537e-03
-2.901010e-06 3.350822e-03 -1.377339e-03
1.631273e-04 3.460600e-03 -1.430862e-03
3.278787e-04 3.567184e-03 -1.486283e-03
4.917438e-04 3.670570e-03 -1.543988e-03
6.036251e-04 3.734364e-03 -1.589396e-03
7.147455e-04 3.796807e-03 -1.635373e-03
8.250996e-04 3.857963e-03 -1.681838e-03
9.810793e-04 3.945544e-03 -1.747357e-03
1.134605e-03 4.028753e-03 -1.814754e-03
1.285678e-03 4.108757e-03 -1.882860e-03
1.386081e-03 4.154670e-03 -1.934474e-03
1.485336e-03 4.199249e-03 -1.986230e-03
1.583516e-03 4.242536e-03 -2.038156e-03
1.717426e-03 4.301792e-03 -2.109657e-03
1.846574e-03 4.355913e-03 -2.181477e-03
1.970961e-03 4.403337e-03 -2.255174e-03
2.052409e-03 4.429263e-03 -2.307509e-03
2.132138e-03 4.453295e-03 -2.359966e-03
2.210148e-03 4.475457e-03 -2.412514e-03
2.313229e-03 4.503046e-03 -2.484506e-03
2.410790e-03 4.523952e-03 -2.557601e-03
2.500100e-03 4.538564e-03 -2.628680e-03
2.557903e-03 4.541443e-03 -2.680063e-03
2.613182e-03 4.542104e-03 -2.731086e-03
2.666092e-03 4.540676e-03 -2.781753e-03
2.728453e-03 4.532506e-03 -2.848395e-03
2.784892e-03 4.518819e-03 -2.914569e-03
2.835018e-03 4.499224e-03 -2.980277e-03
2.864830e-03 4.478470e-03 -3.026933e-03
2.892140e-03 4.456108e-03 -3.072621e-03
2.916987e-03 4.432040e-03 -3.117488e-03
2.937245e-03 4.390252e-03 -3.175266e-03
2.949693e-03 4.342624e-03 -3.231015e-03
2.954729e-03 4.289545e-03 -3.284735e-03
2.953901e-03 4.246395e-03 -3.322738e-03
2.950547e-03 4.201639e-03 -3.359717e-03
2.944667e-03 4.155268e-03 -3.395678e-03
2.920161e-03 4.081672e-03 -3.439997e-03
2.887914e-03 4.003429e-03 -3.481128e-03
2.848313e-03 3.919761e-03 -3.520243e-03
2.819351e-03 3.858728e-03 -3.547437e-03
2.787860e-03 3.796234e-03 -3.573483e-03
2.753825e-03 3.732235e-03 -3.598408e-03
2.685676e-03 3.632906e-03 -3.624314e-03
2.610967e-03 3.529721e-03 -3.647448e-03
2.530868e-03 3.423853e-03 -3.667809e-03
2.474873e-03 3.347982e-03 -3.682362e-03
2.416792e-03 3.271538e-03 -3.695343e-03
2.356691e-03 3.194510e-03 -3.706835e-03
2.252119e-03 3.077475e-03 -3.713666e-03
2.141400e-03 2.957790e-03 -3.716958e-03
2.025703e-03 2.836237e-03 -3.717101e-03
1.946916e-03 2.751616e-03 -3.717315e-03
1.866977e-03 2.667078e-03 -3.716267e-03
1.785945e-03 2.582617e-03 -3.714035e-03
1.651049e-03 2.456261e-03 -3.699661e-03
1.511578e-03 2.328070e-03 -3.682537e-03
1.369480e-03 2.199606e-03 -3.663057e-03
1.275404e-03 2.112362e-03 -3.650490e-03
1.180335e-03 2.025442e-03 -3.636605e-03
1.084240e-03 1.938863e-03 -3.621370e-03
9.292061e-04 1.811126e-03 -3.588239e-03
7.723230e-04 1.685055e-03 -3.551610e-03
6.147596e-04 1.560652e-03 -3.512655e-03
5.122976e-04 1.477388e-03 -3.487791e-03
4.092310e-04 1.394712e-03 -3.461768e-03
3.055319e-04 1.312535e-03 -3.434633e-03
1.424900e-04 1.194734e-03 -3.383731e-03
-2.084677e-05 1.079764e-03 -3.329749e-03
-1.836999e-04 9.676270e-04 -3.273469e-03
-2.865839e-04 8.949964e-04 -3.237794e-03
-3.887867e-04 8.241303e-04 -3.201082e-03
-4.905178e-04 7.549899e-04 -3.163192e-03
-6.490731e-04 6.557040e-04 -3.098608e-03
-8.056230e-04 5.596194e-04 -3.032901e-03
-9.601686e-04 4.679073e-04 -2.964904e-03
-1.056110e-03 4.108560e-04 -2.921010e-03
-1.150876e-03 3.553268e-04 -2.876843e-03
-1.244472e-03 3.014233e-04 -2.832317e-03
-1.386621e-03 2.283158e-04 -2.758456e-03
-1.525603e-03 1.607628e-04 -2.682304e-03
-1.660249e-03 9.876475e-05 -2.605035e-03
-1.741002e-03 6.141017e-05 -2.557181e-03
-1.820182e-03 2.623558e-05 -2.508818e-03
-1.897854e-03 -6.732638e-06 -2.459863e-03
-2.014031e-03 -4.756147e-05 -2.380309e-03
-2.125465e-03 -8.167260e-05 -2.298892e-03
-2.230988e-03 -1.106259e-04 -2.218343e-03
-2.290817e-03 -1.243667e-04 -2.168451e-03
-2.349017e-03 -1.363657e-04 -2.118556e-03
-2.405546e-03 -1.465620e-04 -2.068651e-03
-2.487338e-03 -1.502122e-04 -1.986994e-03
-2.562488e-03 -1.475697e-04 -1.905806e-03
-2.631385e-03 -1.394147e-04 -1.825477e-03
-2.665690e-03 -1.289324e-04 -1.777582e-03
-2.697914e-03 -1.162745e-04 -1.729717e-03
-2.727956e-03 -1.015020e-04 -1.682041e-03
-2.769403e-03 -6.981218e-05 -1.606103e-03
-2.803834e-03 -3.182593e-05 -1.531005e-03
-2.830860e-03 1.284598e-05 -1.456747e-03
-2.837731e-03 4.736329e-05 -1.412970e-03
-2.842026e-03 8.354403e-05 -1.370219e-03
-2.843773e-03 1.213391e-04 -1.328512e-03
-2.843549e-03 1.866438e-04 -1.261329e-03
-2.836336e-03 2.577853e-04 -1.195409e-03
-2.822523e-03 3.339824e-04 -1.131141e-03
-2.800785e-03 3.900015e-04 -1.095141e-03
-2.776711e-03 4.474432e-04 -1.060164e-03
-2.750413e-03 5.062368e-04 -1.026157e-03
-2.707644e-03 6.020991e-04 -9.715870e-04
-2.658682e-03 7.026220e-04 -9.186447e-04
-2.602746e-03 8.062440e-04 -8.696693e-04
-2.554105e-03 8.800817e-04 -8.433336e-04
-2.503747e-03 9.547048e-04 -8.180167e-04
-2.451676e-03 1.030164e-03 -7.936590e-04
-2.370872e-03 1.149730e-03 -7.539375e-04
-2.283508e-03 1.271599e-03 -7.185454e-04
-2.190751e-03 1.397329e-03 -6.847514e-04
-2.119671e-03 1.482198e-03 -6.702752e-04
-2.046966e-03 1.567620e-03 -6.569417e-04
-1.972800e-03 1.653566e-03 -6.445925e-04
-1.860364e-03 1.787321e-03 -6.226870e-04
-1.743738e-03 1.922560e-03 -6.035300e-04
-1.621750e-03 2.058892e-03 -5.886801e-04
-1.532105e-03 2.149670e-03 -5.871644e-04
-1.441556e-03 2.240471e-03 -5.865577e-04
-1.350037e-03 2.331357e-03 -5.868648e-04
-1.213596e-03 2.470563e-03 -5.837074e-04
-1.073737e-03 2.609301e-03 -5.844506e-04
-9.312380e-04 2.748741e-03 -5.871429e-04
-8.302773e-04 2.838697e-03 -5.979009e-04
-7.288562e-04 2.928522e-03 -6.092456e-04
-6.269642e-04 3.018173e-03 -6.212397e-04
-4.773802e-04 3.152266e-03 -6.363697e-04
-3.275288e-04 3.285074e-03 -6.530337e-04
-1.766284e-04 3.415425e-03 -6.731801e-04
-7.220108e-05 3.499449e-03 -6.932669e-04
3.242369e-05 3.582147e-03 -7.148623e-04
1.372332e-04 3.663472e-03 -7.380021e-04
2.886164e-04 3.783796e-03 -7.685579e-04
4.383405e-04 3.900116e-03 -8.014156e-04
5.871869e-04 4.013210e-03 -8.365737e-04
6.886430e-04 4.083518e-03 -8.671998e-04
7.891075e-04 4.152452e-03 -8.981545e-04
8.886628e-04 4.220110e-03 -9.294337e-04
1.028986e-03 4.316571e-03 -9.724822e-04
1.166884e-03 4.408270e-03 -1.017800e-03
1.303918e-03 4.495596e-03 -1.066556e-03
1.394456e-03 4.547636e-03 -1.104172e-03
1.483802e-03 4.597500e-03 -1.142708e-03
1.572006e-03 4.645171e-03 -1.182219e-03
1.693269e-03 4.710958e-03 -1.236452e-03
1.810575e-03 4.772372e-03 -1.291015e-03
1.923142e-03 4.828631e-03 -1.345909e-03
1.997068e-03 4.858303e-03 -1.388814e-03
2.069172e-03 4.885950e-03 -1.431830e-03
2.139455e-03 4.911565e-03 -1.474974e-03
2.231318e-03 4.943670e-03 -1.532958e-03
2.318842e-03 4.969869e-03 -1.592417e-03
2.400466e-03 4.989773e-03 -1.652181e-03
2.452560e-03 4.995275e-03 -1.696878e-03
2.502683e-03 4.998685e-03 -1.741602e-03
2.550825e-03 5.000007e-03 -1.786332e-03
2.607235e-03 4.993988e-03 -1.846423e-03
2.658171e-03 4.982879e-03 -1.906032e-03
2.703630e-03 4.966290e-03 -1.965551e-03
2.729856e-03 4.946966e-03 -2.008626e-03
2.753725e-03 4.925365e-03 -2.051532e-03
2.775223e-03 4.901348e-03 -2.094390e-03
2.792088e-03 4.859407e-03 -2.150287e-03
2.802738e-03 4.811246e-03 -2.206103e-03
2.806781e-03 4.757644e-03 -2.260667e-03
2.806710e-03 4.714653e-03 -2.300578e-03
2.804368e-03 4.670157e-03 -2.339622e-03
2.799667e-03 4.624148e-03 -2.377751e-03
2.776830e-03 4.549256e-03 -2.426386e-03
2.746619e-03 4.468542e-03 -2.473394e-03
2.711763e-03 4.384737e-03 -2.518775e-03
2.684991e-03 4.322002e-03 -2.551233e-03
2.656239e-03 4.257583e-03 -2.583333e-03
2.625415e-03 4.191378e-03 -2.615066e-03
2.564696e-03 4.088901e-03 -2.652990e-03
2.497002e-03 3.981392e-03 -2.688913e-03
2.423502e-03 3.869245e-03 -2.723618e-03
2.372499e-03 3.790092e-03 -2.747900e-03
2.319624e-03 3.710230e-03 -2.770957e-03
2.264807e-03 3.629764e-03 -2.792655e-03
2.170660e-03 3.506896e-03 -2.817258e-03
2.070731e-03 3.381352e-03 -2.838718e-03
1.966189e-03 3.252742e-03 -2.858599e-03
1.896236e-03 3.164815e-03 -2.872483e-03
1.824826e-03 3.076354e-03 -2.885418e-03
1.752055e-03 2.987464e-03 -2.897407e-03
1.629268e-03 2.852536e-03 -2.905298e-03
1.503057e-03 2.717321e-03 -2.910046e-03
1.374200e-03 2.581041e-03 -2.913213e-03
1.288984e-03 2.488959e-03 -2.915924e-03
1.202649e-03 2.396769e-03 -2.917619e-03
1.115108e-03 2.304541e-03 -2.918175e-03
9.755434e-04 2.168635e-03 -2.910307e-03
8.333248e-04 2.033618e-03 -2.898920e-03
6.896211e-04 1.899102e-03 -2.885578e-03
5.959740e-04 1.810230e-03 -2.876759e-03
5.022992e-04 1.721859e-03 -2.867449e-03
4.084931e-04 1.633876e-03 -2.857652e-03
2.607392e-04 1.506361e-03 -2.833412e-03
1.130375e-04 1.380901e-03 -2.807226e-03
-3.539330e-05 1.258275e-03 -2.777536e-03
-1.300295e-04 1.177791e-03 -2.759610e-03
-2.244397e-04 1.098742e-03 -2.740558e-03
-3.186519e-04 1.020990e-03 -2.720473e-03
-4.648921e-04 9.104621e-04 -2.681142e-03
-6.102932e-04 8.035276e-04 -2.639130e-03
-7.532959e-04 7.017473e-04 -2.594441e-03
-8.423829e-04 6.366101e-04 -2.567164e-03
-9.304327e-04 5.730847e-04 -2.539403e-03
-1.017375e-03 5.112230e-04 -2.511180e-03
-1.151231e-03 4.265399e-04 -2.458900e-03
-1.282301e-03 3.462361e-04 -2.405124e-03
-1.411367e-03 2.714822e-04 -2.347900e-03
-1.489260e-03 2.262031e-04 -2.312532e-03
-1.565592e-03 1.829081e-04 -2.276848e-03
-1.640459e-03 1.414859e-04 -2.240857e-03
-1.753529e-03 8.876910e-05 -2.178026e-03
-1.861489e-03 4.197322e-05 -2.114496e-03
-1.965508e-03 -7.154097e-08 -2.050266e-03
-2.024938e-03 -2.245021e-05 -2.011119e-03
-2.083024e-03 -4.278454e-05 -1.971391e-03
-2.139743e-03 -6.110115e-05 -1.931125e-03
-2.223174e-03 -7.896880e-05 -1.863775e-03
-2.301551e-03 -8.976443e-05 -1.794526e-03
-2.374874e-03 -9.543821e-05 -1.725329e-03
-2.413599e-03 -9.321011e-05 -1.682991e-03
-2.450153e-03 -8.877474e-05 -1.640744e-03
-2.484665e-03 -8.228664e-05 -1.598602e-03
-2.533658e-03 -6.240930e-05 -1.528666e-03
-2.576815e-03 -3.663167e-05 -1.458788e-03
-2.616084e-03 -5.344305e-06 -1.387407e-03
-2.630887e-03 2.127795e-05 -1.345328e-03
-2.643031e-03 5.022466e-05 -1.303700e-03
-2.652467e-03 8.146096e-05 -1.262607e-03
-2.665614e-03 1.364840e-04 -1.194080e-03
-2.672962e-03 1.962122e-04 -1.126758e-03
-2.673732e-03 2.625946e-04 -1.059470e-03
-2.663773e-03 3.120488e-04 -1.020009e-03
-2.651900e-03 3.633831e-04 -9.806827e-04
-2.637931e-03 4.166233e-04 -9.416599e-04
-2.613599e-03 5.038434e-04 -8.790592e-04
-2.583449e-03 5.945723e-04 -8.188669e-04
-2.549040e-03 6.903688e-04 -7.579622e-04
-2.515184e-03 7.584792e-04 -7.243517e-04
-2.479818e-03 8.280749e-04 -6.908482e-04
-2.442796e-03 8.991684e-04 -6.576030e-04
-2.384262e-03 1.012477e-03 -6.036660e-04
-2.320717e-03 1.128492e-03 -5.521110e-04
-2.252550e-03 1.249162e-03 -5.005970e-04
-2.197778e-03 1.332480e-03 -4.731834e-04
-2.141401e-03 1.416502e-03 -4.467445e-04
-2.083429e-03 1.501164e-03 -4.213365e-04
-1.996243e-03 1.631829e-03 -3.791243e-04
-1.904089e-03 1.765544e-03 -3.388811e-04
-1.808526e-03 1.900357e-03 -3.009957e-04
-1.736737e-03 1.991464e-03 -2.831838e-04
-1.663839e-03 2.083174e-03 -2.659217e-04
-1.589813e-03 2.175539e-03 -2.491709e-04
-1.478890e-03 2.315960e-03 -2.212042e-04
-1.365350e-03 2.456682e-03 -1.955770e-04
-1.248801e-03 2.599262e-03 -1.711180e-04
-1.164779e-03 2.692481e-03 -1.636223e-04
-1.080006e-03 2.785621e-03 -1.569840e-04
-9.944646e-04 2.878736e-03 -1.511506e-04
-8.696059e-04 3.019836e-03 -1.365446e-04
-7.432610e-04 3.158123e-03 -1.262396e-04
-6.154285e-04 3.296326e-03 -1.175040e-04
-5.248810e-04 3.386317e-03 -1.198216e-04
-4.343952e-04 3.475246e-03 -1.231227e-04
-3.440188e-04 3.563083e-03 -1.273837e-04
-2.126224e-04 3.693568e-03 -1.298778e-04
-8.207995e-05 3.821605e-03 -1.339415e-04
4.838970e-05 3.946024e-03 -1.415231e-04
1.386353e-04 4.024614e-03 -1.548155e-04
2.284926e-04 4.102648e-03 -1.682369e-04
3.179317e-04 4.180136e-03 -1.817545e-04
4.449831e-04 4.290996e-03 -1.993340e-04
5.719480e-04 4.399820e-03 -2.188125e-04
6.957074e-04 4.502708e-03 -2.409687e-04
7.793288e-04 4.565827e-03 -2.628495e-04
8.621879e-04 4.627603e-03 -2.852465e-04
9.444616e-04 4.688102e-03 -3.082845e-04
1.059070e-03 4.773221e-03 -3.388323e-04
1.171291e-03 4.854389e-03 -3.708755e-04
1.279955e-03 4.930043e-03 -4.048029e-04
1.352399e-03 4.974536e-03 -4.337480e-04
1.423491e-03 5.016695e-03 -4.636096e-04
1.493313e-03 5.056516e-03 -4.944533e-04
1.588214e-03 5.110668e-03 -5.358277e-04
1.677997e-03 5.158893e-03 -5.779296e-04
1.765393e-03 5.201582e-03 -6.230983e-04
1.821102e-03 5.221971e-03 -6.589590e-04
1.875418e-03 5.240453e-03 -6.952565e-04
1.928339e-03 5.257068e-03 -7.319295e-04
1.995857e-03 5.274511e-03 -7.821447e-04
2.059048e-03 5.287597e-03 -8.323043e-04
2.117521e-03 5.294764e-03 -8.835776e-04
2.152906e-03 5.291377e-03 -9.223703e-04
2.187195e-03 5.286705e-03 -9.612663e-04
2.220425e-03 5.280692e-03 -1.000365e-03
2.256093e-03 5.262821e-03 -1.053522e-03
2.287422e-03 5.239853e-03 -1.107357e-03
2.311682e-03 5.209838e-03 -1.161090e-03
2.326270e-03 5.183520e-03 -1.201507e-03
2.338624e-03 5.154901e-03 -1.241907e-03
2.348716e-03 5.123941e-03 -1.282323e-03
2.351931e-03 5.071778e-03 -1.336830e-03
2.349289e-03 5.014542e-03 -1.390477e-03
2.340789e-03 4.951844e-03 -1.443652e-03
2.332274e-03 4.902518e-03 -1.483499e-03
2.321987e-03 4.851806e-03 -1.522878e-03
2.309828e-03 4.799741e-03 -1.561677e-03
2.279168e-03 4.715847e-03 -1.613612e-03
2.242674e-03 4.627691e-03 -1.663910e-03
2.200344e-03 4.535274e-03 -1.712571e-03
2.170512e-03 4.468347e-03 -1.748290e-03
2.138676e-03 4.399759e-03 -1.783611e-03
2.104820e-03 4.329459e-03 -1.818576e-03
2.043207e-03 4.220688e-03 -1.864094e-03
1.976954e-03 4.109648e-03 -1.907196e-03
1.905670e-03 3.995169e-03 -1.948663e-03
1.855895e-03 3.913911e-03 -1.978470e-03
1.805149e-03 3.831948e-03 -2.007974e-03
1.753460e-03 3.749380e-03 -2.037112e-03
1.665729e-03 3.624113e-03 -2.072786e-03
1.573746e-03 3.496196e-03 -2.106838e-03
1.477510e-03 3.366023e-03 -2.138879e-03
1.413054e-03 3.276484e-03 -2.162135e-03
1.347381e-03 3.186622e-03 -2.184465e-03
1.280363e-03 3.096404e-03 -2.205803e-03
1.170915e-03 2.961031e-03 -2.229785e-03
1.058800e-03 2.825767e-03 -2.250996e-03
9.432381e-04 2.688662e-03 -2.270606e-03
8.675604e-04 2.596525e-03 -2.285205e-03
7.910316e-04 2.504250e-03 -2.299103e-03
7.135638e-04 2.411760e-03 -2.312292e-03
5.903013e-04 2.276167e-03 -2.322751e-03
4.651378e-04 2.142608e-03 -2.329302e-03
3.388525e-04 2.009522e-03 -2.334284e-03
2.574426e-04 1.921156e-03 -2.339518e-03
1.759410e-04 1.833360e-03 -2.344121e-03
9.422124e-05 1.746104e-03 -2.348012e-03
-3.547531e-05 1.619206e-03 -2.343558e-03
-1.651299e-04 1.495544e-03 -2.335966e-03
-2.939635e-04 1.374337e-03 -2.326796e-03
-3.753797e-04 1.296670e-03 -2.321599e-03
-4.570732e-04 1.219323e-03 -2.315873e-03
-5.390358e-04 1.142257e-03 -2.309654e-03
-6.666124e-04 1.033089e-03 -2.289959e-03
-7.933599e-04 9.263390e-04 -2.268746e-03
-9.161588e-04 8.251269e-04 -2.246015e-03
-9.932355e-04 7.612186e-04 -2.231824e-03
-1.069547e-03 6.986857e-04 -2.217090e-03
-1.145200e-03 6.376304e-04 -2.201635e-03
-1.262880e-03 5.530925e-04 -2.167685e-03
-1.376225e-03 4.736934e-04 -2.133015e-03
-1.487966e-03 3.982637e-04 -2.096068e-03
-1.555179e-03 3.530104e-04 -2.073608e-03
-1.621673e-03 3.093490e-04 -2.050368e-03
-1.687663e-03 2.671549e-04 -2.026257e-03
-1.786601e-03 2.121670e-04 -1.982068e-03
-1.882801e-03 1.626863e-04 -1.935208e-03
-1.975873e-03 1.179334e-04 -1.886848e-03
-2.029349e-03 9.430059e-05 -1.857109e-03
-2.081288e-03 7.305792e-05 -1.826622e-03
-2.131603e-03 5.416368e-05 -1.795508e-03
-2.208426e-03 3.243550e-05 -1.740802e-03
-2.279802e-03 1.699171e-05 -1.685365e-03
-2.347679e-03 7.442284e-06 -1.627639e-03
-2.384649e-03 6.534343e-06 -1.592322e-03
-2.420064e-03 7.668690e-06 -1.556634e-03
-2.453975e-03 1.074148e-05 -1.520616e-03
-2.503022e-03 2.438893e-05 -1.458960e-03
-2.547416e-03 4.392492e-05 -1.396177e-03
-2.586767e-03 6.817905e-05 -1.333824e-03
-2.604431e-03 9.080931e-05 -1.294936e-03
-2.620254e-03 1.153921e-04 -1.256045e-03
-2.634324e-03 1.419258e-04 -1.217057e-03
-2.653768e-03 1.892281e-04 -1.151991e-03
-2.668577e-03 2.415660e-04 -1.086622e-03
-2.678751e-03 2.993287e-04 -1.020559e-03
-2.677584e-03 3.428031e-04 -9.802835e-04
-2.674237e-03 3.881055e-04 -9.404609e-04
-2.668775e-03 4.351013e-04 -9.011538e-04
-2.659682e-03 5.117821e-04 -8.358233e-04
-2.645145e-03 5.943256e-04 -7.701670e-04
-2.625552e-03 6.819506e-04 -7.045742e-04
-2.604212e-03 7.438790e-04 -6.665830e-04
-2.581248e-03 8.074972e-04 -6.286143e-04
-2.556722e-03 8.726349e-04 -5.907679e-04
-2.518348e-03 9.763230e-04 -5.282225e-04
-2.476559e-03 1.083063e-03 -4.661059e-04
-2.430186e-03 1.192854e-03 -4.055869e-04
-2.390262e-03 1.269798e-03 -3.716370e-04
-2.349731e-03 1.347519e-03 -3.375703e-04
-2.308498e-03 1.426063e-03 -3.034524e-04
-2.245307e-03 1.548651e-03 -2.472232e-04
-2.179077e-03 1.672732e-03 -1.925900e-04
-2.109026e-03 1.799473e-03 -1.391616e-04
-2.055339e-03 1.885847e-03 -1.098961e-04
-2.000416e-03 1.972929e-03 -8.120058e-05
-1.944205e-03 2.060771e-03 -5.307154e-05
-1.861819e-03 2.194288e-03 -5.371586e-06
-1.775196e-03 2.329706e-03 3.995953e-05
-1.686286e-03 2.464683e-03 8.253300e-05
-1.622161e-03 2.554217e-03 1.043067e-04
-1.556709e-03 2.644085e-03 1.250686e-04
-1.489794e-03 2.734357e-03 1.447544e-04
-1.393624e-03 2.870983e-03 1.816410e-04
-1.294056e-03 3.005948e-03 2.134630e-04
-1.193427e-03 3.141592e-03 2.449017e-04
-1.122347e-03 3.229819e-03 2.583398e-04
-1.050624e-03 3.317993e-03 2.710737e-04
-9.782658e-04 3.406191e-03 2.832088e-04
-8.742678e-04 3.536847e-03 3.063029e-04
-7.691674e-04 3.665475e-03 3.262821e-04
-6.633534e-04 3.792854e-03 3.443175e-04
-5.891458e-04 3.874407e-03 3.480063e-04
-5.153478e-04 3.954875e-03 3.510494e-04
-4.419755e-04 4.034293e-03 3.535017e-04
-3.367166e-04 4.151247e-03 3.617705e-04
-2.311666e-04 4.264992e-03 3.665786e-04
-1.268848e-04 4.375527e-03 3.694871e-04
-5.555072e-05 4.445199e-03 3.643711e-04
1.505967e-05 4.513135e-03 3.582936e-04
8.504367e-05 4.579375e-03 3.511993e-04
1.844854e-04 4.675182e-03 3.443990e-04
2.815480e-04 4.767814e-03 3.368627e-04
3.774020e-04 4.855319e-03 3.254714e-04
4.412809e-04 4.907820e-03 3.109550e-04
5.047646e-04 4.958946e-03 2.955167e-04
5.678783e-04 5.008581e-03 2.790161e-04
6.558700e-04 5.079557e-03 2.591939e-04
7.398961e-04 5.143041e-03 2.359121e-04
8.215168e-04 5.202930e-03 2.115114e-04
8.754737e-04 5.236392e-03 1.882705e-04
9.283271e-04 5.268086e-03 1.644411e-04
9.800010e-04 5.297945e-03 1.400288e-04
1.049974e-03 5.337545e-03 1.072783e-04
1.114049e-03 5.371235e-03 7.460133e-05
1.176126e-03 5.400184e-03 3.926833e-05
1.216747e-03 5.412509e-03 8.683392e-06
1.255902e-03 5.422584e-03 -2.260557e-05
1.293501e-03 5.430346e-03 -5.455622e-05
1.340075e-03 5.436758e-03 -9.661376e-05
1.383119e-03 5.438475e-03 -1.397556e-04
1.421463e-03 5.433936e-03 -1.843715e-04
1.445821e-03 5.424357e-03 -2.200952e-04
1.468927e-03 5.412820e-03 -2.564545e-04
1.490903e-03 5.399363e-03 -2.935199e-04
1.512704e-03 5.372868e-03 -3.432268e-04
1.530599e-03 5.341671e-03 -3.936510e-04
1.543028e-03 5.304604e-03 -4.444024e-04
1.549963e-03 5.273995e-03 -4.832370e-04
1.555114e-03 5.241292e-03 -5.222950e-04
1.558502e-03 5.206664e-03 -5.614528e-04
1.553704e-03 5.149756e-03 -6.145043e-04
1.545807e-03 5.087783e-03 -6.694550e-04
1.533639e-03 5.021918e-03 -7.239652e-04
1.523511e-03 4.971401e-03 -7.651991e-04
1.512307e-03 4.919677e-03 -8.064923e-04
1.499870e-03 4.866644e-03 -8.477859e-04
1.470595e-03 4.782657e-03 -9.030362e-04
1.437451e-03 4.694805e-03 -9.582234e-04
1.400437e-03 4.604649e-03 -1.011788e-03
1.374195e-03 4.539127e-03 -1.051515e-03
1.346447e-03 4.471979e-03 -1.091306e-03
1.317191e-03 4.403212e-03 -1.131150e-03
1.265480e-03 4.298219e-03 -1.184651e-03
1.208739e-03 4.190152e-03 -1.236146e-03
1.148526e-03 4.077843e-03 -1.288367e-03
1.107659e-03 4.000157e-03 -1.325333e-03
1.065648e-03 3.921398e-03 -1.362200e-03
1.022581e-03 3.841580e-03 -1.399019e-03
9.509352e-04 3.721990e-03 -1.446953e-03
8.761789e-04 3.600095e-03 -1.494060e-03
7.983110e-04 3.477064e-03 -1.539171e-03
7.458390e-04 3.392358e-03 -1.571367e-03
6.926522e-04 3.307139e-03 -1.603351e-03
6.387937e-04 3.221436e-03 -1.635123e-03
5.507299e-04 3.094370e-03 -1.674011e-03
4.599884e-04 2.965799e-03 -1.711718e-03
3.685185e-04 2.838845e-03 -1.747076e-03
3.070851e-04 2.751161e-03 -1.773246e-03
2.452960e-04 2.663713e-03 -1.798830e-03
1.833001e-04 2.576646e-03 -1.823824e-03
8.437100e-05 2.449175e-03 -1.852267e-03
-1.569462e-05 2.321786e-03 -1.879510e-03
-1.176775e-04 2.194871e-03 -1.904384e-03
-1.837215e-04 2.110720e-03 -1.922462e-03
-2.500983e-04 2.027360e-03 -1.939439e-03
-3.167979e-04 1.944877e-03 -1.955264e-03
-4.222868e-04 1.823699e-03 -1.970999e-03
-5.277486e-04 1.704183e-03 -1.985141e-03
-6.331838e-04 1.587500e-03 -1.996521e-03
-7.003176e-04 1.511049e-03 -2.006016e-03
-7.671073e-04 1.435736e-03 -2.014774e-03
-8.335153e-04 1.361481e-03 -2.022896e-03
-9.369988e-04 1.255565e-03 -2.025641e-03
4.290651e-04 1.150920e-03 -3.282221e-03
1.791247e-03 1.051055e-03 -4.539560e-03
2.693798e-03 9.869162e-04 -5.373888e-03
3.592783e-03 9.243148e-04 -6.206246e-03
4.488251e-03 8.631937e-04 -7.036711e-03
5.820762e-03 7.754454e-04 -8.276827e-03
5.808733e-03 7.782604e-04 -8.265437e-03
5.795750e-03 7.810792e-04 -8.253168e-03
5.782743e-03 7.837158e-04 -8.240871e-03
5.769639e-03 7.862594e-04 -8.228508e-03
7.057791e-03 7.152247e-04 -9.441405e-03
7.040307e-03 7.178138e-04 -9.424895e-03
7.022755e-03 7.201627e-04 -9.408443e-03
7.005217e-03 7.225274e-04 -9.391953e-03
6.987581e-03 7.247333e-04 -9.375328e-03
6.969919e-03 7.268214e-04 -9.358690e-03
6.952211e-03 7.288165e-04 -9.342015e-03
6.934568e-03 7.306528e-04 -9.325351e-03
6.916786e-03 7.324805e-04 -9.308522e-03
6.898957e-03 7.341925e-04 -9.291653e-03
6.881170e-03 7.357552e-04 -9.274746e-03
6.863386e-03 7.373249e-04 -9.257789e-03
6.845533e-03 7.388228e-04 -9.240768e-03
6.827732e-03 7.402083e-04 -9.223698e-03
6.809838e-03 7.415617e-04 -9.206500e-03
6.791934e-03 7.429024e-04 -9.189254e-03
6.773970e-03 7.440498e-04 -9.171935e-03
6.756005e-03 7.451883e-04 -9.154541e-03
6.738016e-03 7.462831e-04 -9.137085e-03
6.720026e-03 7.474057e-04 -9.119486e-03
6.701977e-03 7.483932e-04 -9.101846e-03
6.683943e-03 7.493647e-04 -9.084176e-03
6.665893e-03 7.502198e-04 -9.066410e-03
6.647841e-03 7.511926e-04 -9.048522e-03
6.629740e-03 7.521138e-04 -9.030566e-03
6.611578e-03 7.528797e-04 -9.012476e-03
6.593448e-03 7.536992e-04 -8.994348e-03
6.575262e-03 7.544760e-04 -8.976114e-03
6.557101e-03 7.550834e-04 -8.957839e-03
6.538929e-03 7.557228e-04 -8.939489e-03
6.520682e-03 7.563492e-04 -8.921011e-03
6.502451e-03 7.568981e-04 -8.902437e-03
6.484148e-03 7.575080e-04 -8.883746e-03
6.465757e-03 7.580591e-04 -8.864933e-03
6.447369e-03 7.586318e-04 -8.846019e-03
6.429107e-03 7.591377e-04 -8.827155e-03
6.410819e-03 7.596194e-04 -8.808226e-03
6.392464e-03 7.599570e-04 -8.789122e-03
6.374079e-03 7.602804e-04 -8.769942e-03
6.355667e-03 7.605741e-04 -8.750705e-03
6.337287e-03 7.609561e-04 -8.731341e-03
6.318886e-03 7.612360e-04 -8.711929e-03
6.300420e-03 7.614680e-04 -8.692420e-03
6.282085e-03 7.616832e-04 -8.672865e-03
6.263625e-03 7.618857e-04 -8.653149e-03
6.245100e-03 7.620179e-04 -8.633340e-03
6.226465e-03 7.622405e-04 -8.613300e-03
6.207921e-03 7.623108e-04 -8.593308e-03
6.189342e-03 7.623787e-04 -8.573237e-03
6.170737e-03 7.624285e-04 -8.553036e-03
6.152143e-03 7.624470e-04 -8.532784e-03
6.133482e-03 7.625572e-04 -8.512390e-03
6.114855e-03 7.625652e-04 -8.491958e-03
6.096178e-03 7.625656e-04 -8.471403e-03
6.077493e-03 7.626145e-04 -8.450791e-03
6.058856e-03 7.626773e-04 -8.430113e-03
6.040140e-03 7.626842e-04 -8.409303e-03
6.021380e-03 7.626617e-04 -8.388398e-03
6.002634e-03 7.626163e-04 -8.367379e-03
5.983876e-03 7.626186e-04 -8.346305e-03
5.965031e-03 7.625906e-04 -8.325119e-03
5.946319e-03 7.624284e-04 -8.303913e-03
5.927624e-03 7.623780e-04 -8.282741e-03
5.908863e-03 7.623448e-04 -8.261454e-03
5.890049e-03 7.624013e-04 -8.240012e-03
5.871180e-03 7.624191e-04 -8.218451e-03
5.852218e-03 7.623863e-04 -8.196753e-03
5.833439e-03 7.622707e-04 -8.175126e-03
5.814524e-03 7.621811e-04 -8.153302e-03
5.795499e-03 7.621317e-04 -8.131316e-03
6.211446e-03 8.091149e-04 -8.590527e-03
6.191359e-03 8.090427e-04 -8.567253e-03
6.170900e-03 8.089696e-04 -8.543541e-03
6.150397e-03 8.087236e-04 -8.519644e-03
6.129890e-03 8.084632e-04 -8.495668e-03
6.109452e-03 8.081747e-04 -8.471700e-03
6.089016e-03 8.079679e-04 -8.447666e-03
6.068573e-03 8.077430e-04 -8.423615e-03
6.048065e-03 8.075131e-04 -8.399429e-03
6.027613e-03 8.073206e-04 -8.375219e-03
6.007033e-03 8.071891e-04 -8.350875e-03
5.986439e-03 8.070418e-04 -8.326448e-03
5.965861e-03 8.068950e-04 -8.301917e-03
5.945267e-03 8.068006e-04 -8.277372e-03
5.924616e-03 8.067192e-04 -8.252728e-03
5.904007e-03 8.066037e-04 -8.228027e-03
5.883414e-03 8.065554e-04 -8.203317e-03
5.862762e-03 8.065645e-04 -8.178550e-03
5.842213e-03 8.065223e-04 -8.153764e-03
5.821619e-03 8.064185e-04 -8.128891e-03
5.962321e-03 8.602892e-04 -8.319622e-03
5.941204e-03 8.600485e-04 -8.293889e-03
5.919992e-03 8.598955e-04 -8.268064e-03
5.898750e-03 8.597223e-04 -8.242177e-03
5.877485e-03 8.596135e-04 -8.216226e-03
5.856227e-03 8.595356e-04 -8.190296e-03
5.834947e-03 8.594836e-04 -8.164327e-03
5.813771e-03 8.593131e-04 -8.138243e-03
5.849154e-03 9.107561e-04 -8.221139e-03
5.827715e-03 9.106193e-04 -8.194758e-03
5.806160e-03 9.105521e-04 -8.168212e-03
5.784655e-03 9.104275e-04 -8.141617e-03
5.763072e-03 9.102596e-04 -8.114876e-03
5.733300e-03 9.616171e-04 -8.132480e-03
5.690571e-03 1.012935e-03 -8.137096e-03
5.635275e-03 1.062652e-03 -8.127554e-03
5.582696e-03 1.095527e-03 -8.103425e-03
5.525869e-03 1.128339e-03 -8.074950e-03
5.464777e-03 1.161094e-03 -8.042152e-03
4.273811e-03 1.207787e-03 -6.804176e-03
3.081183e-03 1.255249e-03 -5.563812e-03
1.887690e-03 1.300362e-03 -4.324973e-03
1.089969e-03 1.329915e-03 -3.495085e-03
2.937791e-04 1.359283e-03 -2.666902e-03
-5.008615e-04 1.388465e-03 -1.840451e-03
-1.690077e-03 1.430956e-03 -6.083788e-04
-2.876956e-03 1.472645e-03 6.205384e-04
-4.062264e-03 1.513145e-03 1.846676e-03
-4.845925e-03 1.538684e-03 2.658436e-03
-5.627155e-03 1.564027e-03 3.467577e-03
-6.405938e-03 1.589117e-03 4.274182e-03
-7.576568e-03 1.624675e-03 5.480815e-03
-8.743244e-03 1.660223e-03 6.683456e-03
-8.718674e-03 1.657773e-03 6.663681e-03
-8.692535e-03 1.655323e-03 6.642164e-03
-8.666459e-03 1.652861e-03 6.620611e-03
-8.640301e-03 1.650316e-03 6.599025e-03
-8.614191e-03 1.647718e-03 6.577465e-03
-8.588027e-03 1.645169e-03 6.555755e-03
-8.561832e-03 1.642542e-03 6.534068e-03
-8.535729e-03 1.640012e-03 6.512234e-03
-8.509629e-03 1.637409e-03 6.490437e-03
-8.483488e-03 1.634782e-03 6.468581e-03
-8.457370e-03 1.632047e-03 6.446741e-03
-8.431298e-03 1.629300e-03 6.424937e-03
-8.405169e-03 1.626523e-03 6.403063e-03
-8.379039e-03 1.623726e-03 6.381126e-03
-8.352985e-03 1.620964e-03 6.359160e-03
-8.326889e-03 1.618188e-03 6.337082e-03
-8.300836e-03 1.615381e-03 6.315030e-03
-8.274802e-03 1.612559e-03 6.292958e-03
-8.248776e-03 1.609814e-03 6.270752e-03
-8.222799e-03 1.607001e-03 6.248559e-03
-8.196842e-03 1.604210e-03 6.226298e-03
-8.170844e-03 1.601452e-03 6.203925e-03
-8.144889e-03 1.598703e-03 6.181530e-03
-8.118959e-03 1.595903e-03 6.159129e-03
-8.093017e-03 1.593045e-03 6.136709e-03
-8.067008e-03 1.590245e-03 6.114114e-03
-8.041077e-03 1.587377e-03 6.091577e-03
-8.015165e-03 1.584424e-03 6.069044e-03
-7.989309e-03 1.581605e-03 6.046403e-03
-7.963486e-03 1.578807e-03 6.023743e-03
-7.937634e-03 1.575997e-03 6.001029e-03
-7.911800e-03 1.573129e-03 5.978262e-03
-7.886089e-03 1.570284e-03 5.955541e-03
-7.550116e-03 1.577722e-03 5.614400e-03
-7.311400e-03 1.581234e-03 5.373688e-03
-7.069891e-03 1.584682e-03 5.130176e-03
-6.825475e-03 1.588139e-03 4.883744e-03
-6.452025e-03 1.593625e-03 4.506998e-03
-6.070946e-03 1.598690e-03 4.123027e-03
-5.681074e-03 1.602164e-03 3.731836e-03
-5.410625e-03 1.603765e-03 3.461094e-03
-5.138843e-03 1.604990e-03 3.189316e-03
-4.865747e-03 1.606082e-03 2.916404e-03
-4.451691e-03 1.607202e-03 2.503316e-03
-4.034367e-03 1.608723e-03 2.086562e-03
-3.612220e-03 1.609475e-03 1.665756e-03
-3.325379e-03 1.609451e-03 1.380098e-03
-3.037435e-03 1.608717e-03 1.094087e-03
-2.748345e-03 1.607168e-03 8.077113e-04
-2.315837e-03 1.606366e-03 3.780516e-04
-1.882069e-03 1.604365e-03 -5.168931e-05
-1.447047e-03 1.602334e-03 -4.826768e-04
-1.155572e-03 1.598121e-03 -7.688581e-04
-8.651284e-04 1.593851e-03 -1.053907e-03
-5.756928e-04 1.589424e-03 -1.337819e-03
-1.445471e-04 1.584284e-03 -1.761841e-03
2.847284e-04 1.579146e-03 -2.183999e-03
7.109584e-04 1.573227e-03 -2.602339e-03
9.920694e-04 1.567773e-03 -2.876912e-03
1.271551e-03 1.562013e-03 -3.149580e-03
1.549406e-03 1.556122e-03 -3.420395e-03
1.958419e-03 1.548643e-03 -3.819964e-03
2.362818e-03 1.540797e-03 -4.214548e-03
2.761430e-03 1.532194e-03 -4.602582e-03
3.019704e-03 1.525035e-03 -4.852540e-03
3.275139e-03 1.517674e-03 -5.099487e-03
3.527646e-03 1.510234e-03 -5.343390e-03
3.897105e-03 1.499649e-03 -5.700304e-03
4.258434e-03 1.489077e-03 -6.049100e-03
4.612019e-03 1.477737e-03 -6.389385e-03
4.835089e-03 1.469025e-03 -6.602532e-03
5.054805e-03 1.460161e-03 -6.812112e-03
5.271129e-03 1.450963e-03 -7.017988e-03
5.582784e-03 1.437665e-03 -7.314371e-03
5.883988e-03 1.424786e-03 -7.600714e-03
6.173566e-03 1.411544e-03 -7.875065e-03
6.152398e-03 1.409075e-03 -7.851444e-03
6.131286e-03 1.406566e-03 -7.827802e-03
6.110127e-03 1.404026e-03 -7.804059e-03
6.089034e-03 1.401574e-03 -7.780329e-03
6.067844e-03 1.399018e-03 -7.756414e-03
6.287543e-03 1.382167e-03 -7.957298e-03
6.265684e-03 1.379794e-03 -7.932688e-03
6.243739e-03 1.377531e-03 -7.907991e-03
6.221746e-03 1.375286e-03 -7.883211e-03
6.199826e-03 1.372924e-03 -7.858307e-03
6.177857e-03 1.370561e-03 -7.833334e-03
6.155860e-03 1.368283e-03 -7.808361e-03
6.133909e-03 1.366166e-03 -7.783479e-03
6.112001e-03 1.363891e-03 -7.758478e-03
6.090004e-03 1.361673e-03 -7.733377e-03
5.047527e-03 1.342164e-03 -6.710608e-03
4.001759e-03 1.321101e-03 -5.686106e-03
2.954270e-03 1.300827e-03 -4.659100e-03
2.252519e-03 1.286394e-03 -3.969985e-03
1.551216e-03 1.271510e-03 -3.281836e-03
8.503949e-04 1.256133e-03 -2.594626e-03
-1.979554e-04 1.234025e-03 -1.568541e-03
-1.245246e-03 1.211526e-03 -5.438815e-04
-2.291076e-03 1.188249e-03 4.785623e-04
-2.983609e-03 1.172272e-03 1.156862e-03
-3.674361e-03 1.156088e-03 1.833130e-03
-4.363287e-03 1.139639e-03 2.507362e-03
-5.395747e-03 1.115338e-03 3.515374e-03
-6.424716e-03 1.091042e-03 4.519926e-03
-7.448234e-03 1.066755e-03 5.519057e-03
-8.119099e-03 1.049180e-03 6.174093e-03
-8.441312e-03 1.039869e-03 6.490511e-03
-8.415632e-03 1.038838e-03 6.469039e-03
-8.389454e-03 1.037671e-03 6.447081e-03
-8.363446e-03 1.036546e-03 6.425210e-03
-8.337369e-03 1.035416e-03 6.403252e-03
-8.311375e-03 1.034216e-03 6.381263e-03
-8.285414e-03 1.033147e-03 6.359232e-03
-8.259358e-03 1.032009e-03 6.337090e-03
-8.233448e-03 1.030880e-03 6.314995e-03
-8.207456e-03 1.029718e-03 6.292821e-03
-8.181393e-03 1.028582e-03 6.270531e-03
-8.155487e-03 1.027442e-03 6.248301e-03
-8.129602e-03 1.026382e-03 6.225991e-03
-8.103671e-03 1.025272e-03 6.203585e-03
-8.077753e-03 1.024006e-03 6.181235e-03
-8.051780e-03 1.022743e-03 6.158799e-03
-8.025872e-03 1.021454e-03 6.136376e-03
-8.000127e-03 1.020293e-03 6.113907e-03
-7.974355e-03 1.019112e-03 6.091377e-03
-7.948604e-03 1.017853e-03 6.068862e-03
-7.922942e-03 1.016732e-03 6.046267e-03
-7.897250e-03 1.015523e-03 6.023668e-03
-7.552495e-03 9.898853e-04 5.707285e-03
-7.308787e-03 9.721609e-04 5.483649e-03
-7.062775e-03 9.545692e-04 5.257522e-03
-6.814495e-03 9.372116e-04 5.028932e-03
-6.437398e-03 9.113010e-04 4.680388e-03
-6.053483e-03 8.865969e-04 4.323824e-03
-5.662366e-03 8.607587e-04 3.961191e-03
-5.392708e-03 8.436266e-04 3.710904e-03
-5.121485e-03 8.266878e-04 3.458850e-03
-4.848683e-03 8.098591e-04 3.205041e-03
-4.438835e-03 7.869246e-04 2.820724e-03
-4.025338e-03 7.639912e-04 2.432744e-03
-3.607807e-03 7.406687e-04 2.041105e-03
-3.323280e-03 7.255746e-04 1.773753e-03
-3.038728e-03 7.108108e-04 1.506050e-03
-2.754041e-03 6.962579e-04 1.237940e-03
-2.329697e-03 6.758467e-04 8.365574e-04
-1.904829e-03 6.557979e-04 4.342540e-04
-1.479443e-03 6.368910e-04 3.025362e-05
-1.195519e-03 6.246904e-04 -2.394208e-04
-9.117773e-04 6.125950e-04 -5.089759e-04
-6.282267e-04 6.003940e-04 -7.783348e-04
-2.075104e-04 5.843831e-04 -1.180564e-03
2.121213e-04 5.687994e-04 -1.582127e-03
6.271539e-04 5.540325e-04 -1.979902e-03
9.021446e-04 5.440842e-04 -2.242951e-03
1.175100e-03 5.344923e-04 -2.504272e-03
1.446066e-03 5.252059e-04 -2.763891e-03
1.845161e-03 5.140004e-04 -3.149325e-03
2.238496e-03 5.040114e-04 -3.530200e-03
2.628408e-03 4.932883e-04 -3.906901e-03
2.880719e-03 4.873333e-04 -4.151281e-03
3.130369e-03 4.815107e-04 -4.393138e-03
3.377531e-03 4.758780e-04 -4.632651e-03
3.740218e-03 4.698511e-04 -4.986852e-03
4.094803e-03 4.650105e-04 -5.334140e-03
4.441673e-03 4.597956e-04 -5.673343e-03
4.661738e-03 4.565271e-04 -5.888129e-03
4.878734e-03 4.539554e-04 -6.100491e-03
5.092608e-03 4.520741e-04 -6.310397e-03
5.403061e-03 4.488018e-04 -6.615158e-03
5.703488e-03 4.474645e-04 -6.911842e-03
5.994275e-03 4.472815e-04 -7.200056e-03
6.173600e-03 4.477021e-04 -7.377693e-03
5.974027e-03 4.479605e-04 -7.178116e-03
5.396444e-03 4.480786e-04 -6.602190e-03
4.532497e-03 4.498157e-04 -5.739140e-03
3.666714e-03 4.531122e-04 -4.872700e-03
2.797545e-03 4.552394e-04 -4.004046e-03
2.214273e-03 4.582317e-04 -3.419513e-03
1.631874e-03 4.617887e-04 -2.835349e-03
1.050230e-03 4.658580e-04 -2.251422e-03
1.804417e-04 4.714876e-04 -1.378641e-03
-6.895827e-04 4.783007e-04 -5.044695e-04
-1.558273e-03 4.866888e-04 3.699135e-04
-2.133555e-03 4.928271e-04 9.495034e-04
-2.706984e-03 4.991138e-04 1.527339e-03
-3.278444e-03 5.054927e-04 2.103346e-03
-4.133918e-03 5.165719e-04 2.967193e-03
-4.985306e-03 5.276767e-04 3.826933e-03
-5.832209e-03 5.395884e-04 4.682947e-03
-6.385911e-03 5.475247e-04 5.242610e-03
-6.936785e-03 5.560892e-04 5.800041e-03
-7.484820e-03 5.652616e-04 6.355258e-03
-8.306390e-03 5.790483e-04 7.187804e-03
-8.280602e-03 5.796117e-04 7.162347e-03
-8.254202e-03 5.801822e-04 7.136194e-03
-8.227885e-03 5.808017e-04 7.110020e-03
-8.201610e-03 5.813472e-04 7.083879e-03
-8.175284e-03 5.818953e-04 7.057656e-03
-8.149085e-03 5.824598e-04 7.031430e-03
-8.122941e-03 5.830198e-04 7.005268e-03
-8.096769e-03 5.835656e-04 6.979016e-03
-8.070512e-03 5.841654e-04 6.952603e-03
-8.044369e-03 5.847555e-04 6.926277e-03
-8.018300e-03 5.852531e-04 6.899993e-03
-7.992315e-03 5.858438e-04 6.873718e-03
-7.966407e-03 5.864257e-04 6.847431e-03
-7.940512e-03 5.869858e-04 6.821119e-03
-7.914628e-03 5.876626e-04 6.794674e-03
-7.888748e-03 5.882094e-04 6.768221e-03
-7.862933e-03 5.888237e-04 6.741770e-03
-7.837078e-03 5.894105e-04 6.715229e-03
-7.811361e-03 5.898878e-04 6.688786e-03
-7.785697e-03 5.903952e-04 6.662365e-03
-7.760078e-03 5.910231e-04 6.635859e-03
-7.734503e-03 5.916479e-04 6.609360e-03
-7.708951e-03 5.922905e-04 6.582839e-03
-7.683567e-03 5.929111e-04 6.556425e-03
-7.658193e-03 5.936397e-04 6.529951e-03
-7.632801e-03 5.944356e-04 6.503420e-03
-7.607483e-03 5.950304e-04 6.476916e-03
-7.112697e-03 6.262831e-04 5.952837e-03
-6.612027e-03 6.583444e-04 5.422078e-03
-6.267354e-03 6.801088e-04 5.056699e-03
-5.921566e-03 7.019849e-04 4.690090e-03
-5.574792e-03 7.240157e-04 4.322370e-03
-5.055202e-03 7.590811e-04 3.769622e-03
-4.531626e-03 7.929680e-04 3.214084e-03
-4.006021e-03 8.280159e-04 2.655369e-03
-3.648901e-03 8.513803e-04 2.275892e-03
-3.292197e-03 8.746183e-04 1.896867e-03
-2.935918e-03 8.978428e-04 1.518287e-03
-2.403715e-03 9.342633e-04 9.515249e-04
-1.872243e-03 9.714482e-04 3.847301e-04
-1.339559e-03 1.008227e-03 -1.828723e-04
-9.835623e-04 1.032000e-03 -5.617440e-04
-6.286324e-04 1.056315e-03 -9.400380e-04
-2.748238e-04 1.081054e-03 -1.317679e-03
2.510533e-04 1.118439e-03 -1.879097e-03
7.742173e-04 1.155394e-03 -2.437394e-03
1.294272e-03 1.191527e-03 -2.991785e-03
1.636870e-03 1.215784e-03 -3.357708e-03
1.977434e-03 1.239750e-03 -3.721408e-03
2.316035e-03 1.263656e-03 -4.082964e-03
2.818394e-03 1.299599e-03 -4.619477e-03
3.313739e-03 1.335930e-03 -5.149348e-03
3.803622e-03 1.372259e-03 -5.673742e-03
4.120961e-03 1.396087e-03 -6.013988e-03
4.435529e-03 1.419819e-03 -6.351395e-03
4.747295e-03 1.443539e-03 -6.685939e-03
5.207835e-03 1.477695e-03 -7.178835e-03
5.659414e-03 1.511010e-03 -7.661971e-03
6.102025e-03 1.545041e-03 -8.136906e-03
6.081579e-03 1.542655e-03 -8.114813e-03
6.061005e-03 1.540234e-03 -8.092552e-03
6.040401e-03 1.537768e-03 -8.070214e-03
6.019870e-03 1.535275e-03 -8.047871e-03
5.999395e-03 1.532765e-03 -8.025574e-03
5.978934e-03 1.530310e-03 -8.003241e-03
5.958529e-03 1.527811e-03 -7.980843e-03
5.938070e-03 1.525319e-03 -7.958320e-03
5.917599e-03 1.522759e-03 -7.935763e-03
5.897187e-03 1.520306e-03 -7.913217e-03
6.235793e-03 1.547477e-03 -8.277310e-03
6.214653e-03 1.545018e-03 -8.253940e-03
6.192982e-03 1.542352e-03 -8.229882e-03
6.171344e-03 1.539703e-03 -8.205852e-03
6.149721e-03 1.537056e-03 -8.181788e-03
6.128116e-03 1.534434e-03 -8.157673e-03
6.106516e-03 1.531797e-03 -8.133511e-03
6.084902e-03 1.529143e-03 -8.109295e-03
6.063241e-03 1.526504e-03 -8.084966e-03
6.041707e-03 1.523893e-03 -8.060738e-03
6.020134e-03 1.521276e-03 -8.036423e-03
5.998601e-03 1.518682e-03 -8.012067e-03
5.977079e-03 1.516093e-03 -7.987674e-03
5.955526e-03 1.513492e-03 -7.963241e-03
5.934066e-03 1.510804e-03 -7.938795e-03
5.912550e-03 1.508202e-03 -7.914306e-03
5.124980e-03 1.523394e-03 -7.112277e-03
4.591688e-03 1.532083e-03 -6.568807e-03
4.057602e-03 1.540209e-03 -6.025061e-03
3.522691e-03 1.547827e-03 -5.481022e-03
2.722480e-03 1.558230e-03 -4.671014e-03
1.920787e-03 1.568608e-03 -3.859521e-03
1.117230e-03 1.578182e-03 -3.046939e-03
5.794276e-04 1.582617e-03 -2.503170e-03
4.239675e-05 1.587012e-03 -1.960145e-03
-4.938362e-04 1.591301e-03 -1.417860e-03
-1.297505e-03 1.597338e-03 -6.087002e-04
-2.100649e-03 1.603355e-03 1.999427e-04
-2.902478e-03 1.608183e-03 1.006112e-03
-3.433185e-03 1.609401e-03 1.539687e-03
-3.962300e-03 1.610211e-03 2.071284e-03
-4.489781e-03 1.610575e-03 2.600892e-03
-5.281452e-03 1.611517e-03 3.392972e-03
-6.070987e-03 1.610868e-03 4.181387e-03
-6.855648e-03 1.609800e-03 4.964571e-03
-7.369183e-03 1.607352e-03 5.477331e-03
-7.880119e-03 1.604491e-03 5.987108e-03
-8.388412e-03 1.601296e-03 6.493847e-03
-8.362590e-03 1.598342e-03 6.471014e-03
-8.336887e-03 1.595431e-03 6.448268e-03
-8.311144e-03 1.592513e-03 6.425446e-03
-8.285507e-03 1.589461e-03 6.402684e-03
-8.259861e-03 1.586513e-03 6.379900e-03
-8.234208e-03 1.583574e-03 6.357079e-03
-8.208563e-03 1.580608e-03 6.334159e-03
-8.182924e-03 1.577684e-03 6.311238e-03
-8.157366e-03 1.574757e-03 6.288376e-03
-8.131927e-03 1.571891e-03 6.265534e-03
-8.106493e-03 1.569018e-03 6.242643e-03
-8.081029e-03 1.566122e-03 6.219690e-03
-8.055571e-03 1.563206e-03 6.196774e-03
-8.030193e-03 1.560267e-03 6.173864e-03
-8.004850e-03 1.557344e-03 6.150928e-03
-7.979604e-03 1.554555e-03 6.128011e-03
-7.954254e-03 1.551641e-03 6.105029e-03
-7.928997e-03 1.548795e-03 6.082076e-03
-7.903792e-03 1.545968e-03 6.059103e-03
-7.878601e-03 1.543117e-03 6.036123e-03
-7.853425e-03 1.540286e-03 6.013133e-03
-7.828406e-03 1.537437e-03 5.990259e-03
-7.445863e-03 1.515497e-03 5.631088e-03
-7.057811e-03 1.493558e-03 5.266410e-03
-6.787067e-03 1.477880e-03 5.012029e-03
-6.514800e-03 1.462024e-03 4.756339e-03
-6.241117e-03 1.445791e-03 4.499478e-03
-5.831207e-03 1.422039e-03 4.114715e-03
-5.416058e-03 1.397161e-03 3.725871e-03
-4.996843e-03 1.371547e-03 3.333727e-03
-4.710420e-03 1.354125e-03 3.065209e-03
-4.423431e-03 1.336570e-03 2.796326e-03
-4.135792e-03 1.318822e-03 2.526996e-03
-3.704651e-03 1.292503e-03 2.123547e-03
-3.271039e-03 1.265828e-03 1.717997e-03
-2.835741e-03 1.239187e-03 1.310740e-03
-2.542312e-03 1.219812e-03 1.037226e-03
-2.248931e-03 1.200796e-03 7.634353e-04
-1.955557e-03 1.181963e-03 4.893660e-04
-1.519484e-03 1.155050e-03 8.155659e-05
-1.084077e-03 1.127759e-03 -3.252166e-04
-6.481683e-04 1.100089e-03 -7.321205e-04
-3.583381e-04 1.080959e-03 -1.002354e-03
-6.934661e-05 1.061856e-03 -1.271679e-03
2.188318e-04 1.042582e-03 -1.540085e-03
6.465224e-04 1.014653e-03 -1.938547e-03
1.071172e-03 9.871183e-04 -2.334382e-03
1.493557e-03 9.599791e-04 -2.728367e-03
1.770473e-03 9.417614e-04 -2.986512e-03
2.045759e-03 9.234960e-04 -3.243049e-03
2.319382e-03 9.053050e-04 -3.497970e-03
2.725359e-03 8.779941e-04 -3.875332e-03
3.126346e-03 8.514741e-04 -4.248508e-03
3.521948e-03 8.241845e-04 -4.615547e-03
3.777135e-03 8.064142e-04 -4.852474e-03
4.029898e-03 7.886410e-04 -5.086998e-03
4.280090e-03 7.708074e-04 -5.318975e-03
4.649208e-03 7.447667e-04 -5.660835e-03
5.011765e-03 7.195247e-04 -5.996944e-03
5.366979e-03 6.943006e-04 -6.325741e-03
5.591835e-03 6.775544e-04 -6.533355e-03
5.813947e-03 6.607668e-04 -6.738233e-03
6.033191e-03 6.440092e-04 -6.940244e-03
5.368828e-03 6.200745e-04 -6.303024e-03
4.700525e-03 5.965363e-04 -5.661468e-03
4.029458e-03 5.741753e-04 -5.015971e-03
3.575449e-03 5.588920e-04 -4.579690e-03
3.121036e-03 5.436638e-04 -4.142975e-03
2.666182e-03 5.283937e-04 -3.705725e-03
1.986011e-03 5.061119e-04 -3.050969e-03
1.305474e-03 4.850291e-04 -2.394673e-03
6.226277e-04 4.647566e-04 -1.735282e-03
1.668186e-04 4.516781e-04 -1.294811e-03
-2.880895e-04 4.388765e-04 -8.551334e-04
-7.421555e-04 4.261653e-04 -4.161190e-04
-1.422298e-03 4.063889e-04 2.410732e-04
-2.100816e-03 3.881999e-04 8.982065e-04
-2.778873e-03 3.696496e-04 1.554496e-03
-3.224665e-03 3.587294e-04 1.986891e-03
-3.669278e-03 3.476350e-04 2.418036e-03
-4.112704e-03 3.364781e-04 2.847860e-03
-4.776964e-03 3.207342e-04 3.493180e-03
-5.437648e-03 3.053810e-04 4.135332e-03
-6.094749e-03 2.900298e-04 4.773921e-03
-6.522596e-03 2.815950e-04 5.190834e-03
-6.948294e-03 2.731408e-04 5.605633e-03
-7.371777e-03 2.646737e-04 6.018266e-03
-8.005776e-03 2.518799e-04 6.636105e-03
-7.981194e-03 2.533154e-04 6.611881e-03
-7.956168e-03 2.547288e-04 6.587211e-03
-7.931317e-03 2.562362e-04 6.562633e-03
-7.906371e-03 2.576928e-04 6.537967e-03
-7.881476e-03 2.591266e-04 6.513304e-03
-7.856765e-03 2.606564e-04 6.488698e-03
-7.832075e-03 2.620739e-04 6.464161e-03
-7.807393e-03 2.635293e-04 6.439566e-03
-7.782811e-03 2.649133e-04 6.415000e-03
-7.758166e-03 2.664668e-04 6.390311e-03
-7.368757e-03 2.616198e-04 6.008076e-03
-7.097333e-03 2.584063e-04 5.741881e-03
-6.824638e-03 2.554117e-04 5.474130e-03
-6.550822e-03 2.527709e-04 5.204939e-03
-6.142230e-03 2.510661e-04 4.800289e-03
-5.729172e-03 2.478161e-04 4.392747e-03
-5.312043e-03 2.453604e-04 3.980367e-03
-5.026756e-03 2.448858e-04 3.697524e-03
-4.740702e-03 2.447509e-04 3.413496e-03
-4.453954e-03 2.450392e-04 3.128354e-03
-4.025703e-03 2.457876e-04 2.701635e-03
-3.596152e-03 2.473090e-04 2.272831e-03
-3.165305e-03 2.496026e-04 1.841947e-03
-2.874864e-03 2.519644e-04 1.550975e-03
-2.584576e-03 2.545789e-04 1.259881e-03
-2.294531e-03 2.575113e-04 9.687482e-04
-1.864012e-03 2.629865e-04 5.350172e-04
-1.433400e-03 2.684509e-04 1.011879e-04
-1.003087e-03 2.742939e-04 -3.327367e-04
-7.164323e-04 2.790395e-04 -6.223187e-04
-4.306036e-04 2.841595e-04 -9.114709e-04
-1.455920e-04 2.896618e-04 -1.200196e-03
2.780628e-04 2.994319e-04 -1.631387e-03
6.994719e-04 3.083961e-04 -2.059558e-03
1.117461e-03 3.185040e-04 -2.485486e-03
1.392567e-03 3.255098e-04 -2.765854e-03
1.665493e-03 3.332562e-04 -3.044797e-03
1.936277e-03 3.417692e-04 -3.322378e-03
2.338296e-03 3.549409e-04 -3.735436e-03
2.735320e-03 3.688659e-04 -4.144282e-03
3.128125e-03 3.823733e-04 -4.548524e-03
3.381766e-03 3.926230e-04 -4.810702e-03
3.632958e-03 4.029637e-04 -5.070544e-03
3.881607e-03 4.133345e-04 -5.327960e-03
4.251074e-03 4.283280e-04 -5.710394e-03
4.612835e-03 4.448576e-04 -6.086680e-03
4.968056e-03 4.605823e-04 -6.455647e-03
5.194278e-03 4.716674e-04 -6.691323e-03
5.417419e-03 4.832632e-04 -6.924388e-03
5.637508e-03 4.952827e-04 -7.154878e-03
5.962535e-03 5.132405e-04 -7.495926e-03
6.278668e-03 5.307671e-04 -7.827697e-03
6.256483e-03 5.315370e-04 -7.805314e-03
6.233939e-03 5.322718e-04 -7.782517e-03
6.524286e-03 5.508907e-04 -8.089656e-03
6.501176e-03 5.515365e-04 -8.066160e-03
6.477644e-03 5.521060e-04 -8.042160e-03
6.454134e-03 5.528125e-04 -8.018179e-03
6.430609e-03 5.534771e-04 -7.994169e-03
6.407212e-03 5.540113e-04 -7.970191e-03
6.383857e-03 5.545766e-04 -7.946240e-03
6.360424e-03 5.552140e-04 -7.922201e-03
6.336978e-03 5.557518e-04 -7.898117e-03
6.313588e-03 5.562934e-04 -7.874066e-03
6.290172e-03 5.568502e-04 -7.849968e-03
6.266793e-03 5.574030e-04 -7.825853e-03
6.243396e-03 5.579491e-04 -7.801732e-03
5.582620e-03 5.771131e-04 -7.125012e-03
5.133305e-03 5.907897e-04 -6.664006e-03
4.683551e-03 6.047344e-04 -6.202321e-03
4.233240e-03 6.188860e-04 -5.739871e-03
3.562476e-03 6.398704e-04 -5.051224e-03
2.888598e-03 6.600569e-04 -4.360274e-03
2.212784e-03 6.798371e-04 -3.667805e-03
1.758603e-03 6.930301e-04 -3.202334e-03
1.305081e-03 7.062840e-04 -2.737380e-03
8.522076e-04 7.196112e-04 -2.272944e-03
1.747558e-04 7.396198e-04 -1.578496e-03
-5.018773e-04 7.592313e-04 -8.852803e-04
-1.180416e-03 7.776674e-04 -1.913508e-04
-1.630534e-03 7.908756e-04 2.701913e-04
-2.079764e-03 8.035354e-04 7.303102e-04
-2.528052e-03 8.156365e-04 1.188952e-03
-3.198722e-03 8.351286e-04 1.876102e-03
-3.869328e-03 8.538137e-04 2.562416e-03
-4.537524e-03 8.720837e-04 3.245938e-03
-4.977040e-03 8.840381e-04 3.695699e-03
-5.414884e-03 8.959952e-04 4.143738e-03
-5.851002e-03 9.079726e-04 4.590013e-03
-6.507021e-03 9.262167e-04 5.261223e-03
-7.159051e-03 9.432959e-04 5.927273e-03
-7.807476e-03 9.599918e-04 6.589328e-03
-7.784501e-03 9.591917e-04 6.566173e-03
-7.761538e-03 9.583385e-04 6.543019e-03
-7.738645e-03 9.574504e-04 6.519899e-03
-7.715910e-03 9.565997e-04 6.496855e-03
-7.693076e-03 9.558557e-04 6.473696e-03
-7.670247e-03 9.551824e-04 6.450480e-03
-7.647571e-03 9.545198e-04 6.427333e-03
-7.624904e-03 9.538034e-04 6.404255e-03
-7.602204e-03 9.530202e-04 6.381169e-03
-7.579482e-03 9.521452e-04 6.358074e-03
-8.178246e-03 9.673014e-04 6.968870e-03
-8.154356e-03 9.664530e-04 6.944494e-03
-8.129667e-03 9.656472e-04 6.919237e-03
-8.105100e-03 9.648429e-04 6.894096e-03
-8.080584e-03 9.641244e-04 6.868953e-03
-8.056098e-03 9.634529e-04 6.843712e-03
-8.031658e-03 9.627153e-04 6.818534e-03
-8.007226e-03 9.619628e-04 6.793381e-03
-7.982791e-03 9.612014e-04 6.768164e-03
-7.958496e-03 9.604571e-04 6.743034e-03
-7.934249e-03 9.597439e-04 6.717930e-03
-7.910000e-03 9.590429e-04 6.692828e-03
-7.885724e-03 9.583779e-04 6.667660e-03
-7.861519e-03 9.577928e-04 6.642513e-03
-7.837402e-03 9.572156e-04 6.617440e-03
-7.813304e-03 9.566127e-04 6.592313e-03
-7.789236e-03 9.560555e-04 6.567195e-03
-7.765187e-03 9.554695e-04 6.542036e-03
-7.741284e-03 9.549267e-04 6.516964e-03
-7.717331e-03 9.544189e-04 6.491820e-03
-7.693500e-03 9.539114e-04 6.466776e-03
-7.669654e-03 9.533651e-04 6.441713e-03
-7.645816e-03 9.528274e-04 6.416637e-03
-7.622022e-03 9.523662e-04 6.391622e-03
-7.233476e-03 9.658875e-04 5.990483e-03
-6.838674e-03 9.786079e-04 5.583862e-03
-6.566203e-03 9.877360e-04 5.302266e-03
-6.292389e-03 9.960634e-04 5.020175e-03
-6.017285e-03 1.003571e-03 4.737537e-03
-5.606463e-03 1.015891e-03 4.315324e-03
-5.193126e-03 1.028603e-03 3.890215e-03
-4.776107e-03 1.040924e-03 3.461824e-03
-4.491700e-03 1.049138e-03 3.169147e-03
-4.207149e-03 1.057097e-03 2.876607e-03
-3.922541e-03 1.064739e-03 2.584264e-03
-3.497170e-03 1.076281e-03 2.148341e-03
-3.071691e-03 1.088566e-03 1.711536e-03
-2.644548e-03 1.099643e-03 1.274242e-03
-2.357512e-03 1.107692e-03 9.790011e-04
-2.070650e-03 1.115456e-03 6.843400e-04
-1.783906e-03 1.122762e-03 3.901945e-04
-1.347727e-03 2.574645e-04 -4.713029e-05
-9.126117e-04 -6.072686e-04 -4.849607e-04
-4.777865e-04 -1.471432e-03 -9.225168e-04
-1.891261e-04 -2.042192e-03 -1.213150e-03
9.880454e-05 -2.611834e-03 -1.503468e-03
3.859786e-04 -3.180588e-03 -1.793449e-03
7.988657e-04 -3.152454e-03 -2.227893e-03
1.205971e-03 -3.119254e-03 -2.661652e-03
1.609240e-03 -3.083717e-03 -3.093942e-03
1.871151e-03 -3.052856e-03 -3.378414e-03
2.130795e-03 -3.020872e-03 -3.661777e-03
2.388208e-03 -2.987767e-03 -3.944067e-03
2.767722e-03 -2.937530e-03 -4.367396e-03
3.141067e-03 -2.884586e-03 -4.787296e-03
3.507848e-03 -2.826208e-03 -5.206106e-03
3.743820e-03 -2.783467e-03 -5.476673e-03
3.976865e-03 -2.739604e-03 -5.745541e-03
4.207094e-03 -2.694433e-03 -6.012840e-03
4.544785e-03 -2.625782e-03 -6.412940e-03
4.875564e-03 -2.554823e-03 -6.808475e-03
5.197476e-03 -2.479997e-03 -7.199053e-03
5.399501e-03 -2.424437e-03 -7.448678e-03
5.598327e-03 -2.368142e-03 -7.695834e-03
5.793941e-03 -2.311251e-03 -7.940489e-03
6.079962e-03 -2.226316e-03 -8.305438e-03
6.057542e-03 -2.216012e-03 -8.281946e-03
6.034891e-03 -2.205775e-03 -8.258185e-03
6.012251e-03 -2.195534e-03 -8.234506e-03
5.989582e-03 -2.185408e-03 -8.210809e-03
5.966880e-03 -2.175302e-03 -8.187062e-03
5.944225e-03 -2.165149e-03 -8.163378e-03
5.921541e-03 -2.155051e-03 -8.139640e-03
5.898855e-03 -2.144991e-03 -8.115911e-03
5.876182e-03 -2.134998e-03 -8.092155e-03
5.853574e-03 -2.125046e-03 -8.068532e-03
5.830886e-03 -2.115159e-03 -8.044845e-03
5.808222e-03 -2.105331e-03 -8.021115e-03
5.274429e-03 -1.992730e-03 -7.382425e-03
4.739020e-03 -1.877816e-03 -6.739814e-03
4.374000e-03 -1.796593e-03 -6.301551e-03
4.008603e-03 -1.715665e-03 -5.863267e-03
3.642825e-03 -1.635034e-03 -5.424850e-03
3.099529e-03 -1.512623e-03 -4.766751e-03
2.554963e-03 -1.389502e-03 -4.106709e-03
2.008742e-03 -1.264500e-03 -3.443168e-03
1.640735e-03 -1.178735e-03 -2.997466e-03
1.273291e-03 -1.092371e-03 -2.551478e-03
9.063841e-04 -1.005185e-03 -2.105354e-03
3.601982e-04 -8.745985e-04 -1.436289e-03
-1.856560e-04 -7.440928e-04 -7.676540e-04
-7.323434e-04 -6.128858e-04 -9.750141e-05
-1.095594e-03 -5.240034e-04 3.466077e-04
-1.458273e-03 -4.346300e-04 7.906094e-04
-1.820362e-03 -3.448484e-04 1.234535e-03
-2.361054e-03 -2.104879e-04 1.901924e-03
-2.899047e-03 -7.503421e-05 2.567690e-03
-3.436287e-03 6.073419e-05 3.233000e-03
-3.789801e-03 1.524361e-04 3.670241e-03
-4.141576e-03 2.443763e-04 4.105930e-03
-4.491545e-03 3.365046e-04 4.540044e-03
-5.016150e-03 4.743861e-04 5.194690e-03
-5.538044e-03 6.121838e-04 5.846553e-03
-6.057221e-03 7.495090e-04 6.495239e-03
-6.394174e-03 8.411843e-04 6.915883e-03
-6.728985e-03 9.330844e-04 7.334550e-03
-7.061664e-03 1.025206e-03 7.751311e-03
-7.042227e-03 1.024725e-03 7.722964e-03
-7.022793e-03 1.024206e-03 7.694556e-03
-7.003356e-03 1.023710e-03 7.666097e-03
-6.983999e-03 1.023377e-03 7.637657e-03
-6.964649e-03 1.022980e-03 7.609306e-03
-6.945289e-03 1.022580e-03 7.580958e-03
-6.926163e-03 1.022268e-03 7.552723e-03
-6.906941e-03 1.022014e-03 7.524381e-03
-6.887721e-03 1.021758e-03 7.496054e-03
-6.868450e-03 1.021443e-03 7.467767e-03
-6.849302e-03 1.021212e-03 7.439509e-03
-6.830182e-03 1.021045e-03 7.411285e-03
-6.811096e-03 1.020911e-03 7.383072e-03
-6.792066e-03 1.020788e-03 7.354892e-03
-6.773097e-03 1.020688e-03 7.326802e-03
-6.754183e-03 1.020686e-03 7.298725e-03
-6.735244e-03 1.020660e-03 7.270626e-03
-6.716280e-03 1.020561e-03 7.242508e-03
-6.697457e-03 1.020530e-03 7.214529e-03
-7.113846e-03 1.159377e-03 7.761253e-03
-7.094196e-03 1.159680e-03 7.732420e-03
-7.073996e-03 1.159846e-03 7.702802e-03
-7.053759e-03 1.159956e-03 7.673123e-03
-7.033565e-03 1.160164e-03 7.643507e-03
-7.013536e-03 1.160478e-03 7.613965e-03
-6.993468e-03 1.160743e-03 7.584473e-03
-6.973380e-03 1.161045e-03 7.554940e-03
-6.953356e-03 1.161455e-03 7.525452e-03
-6.933346e-03 1.161851e-03 7.495992e-03
-6.913371e-03 1.162275e-03 7.466583e-03
-6.893428e-03 1.162638e-03 7.437231e-03
-6.873584e-03 1.163072e-03 7.407936e-03
-6.853772e-03 1.163554e-03 7.378667e-03
-6.833989e-03 1.164094e-03 7.349428e-03
-6.814274e-03 1.164643e-03 7.320251e-03
-6.794474e-03 1.165152e-03 7.291006e-03
-6.774773e-03 1.165640e-03 7.261895e-03
-6.755105e-03 1.166303e-03 7.232743e-03
-6.735461e-03 1.166940e-03 7.203653e-03
-6.715888e-03 1.167429e-03 7.174655e-03
-7.025857e-03 1.302111e-03 7.610799e-03
-7.005648e-03 1.302515e-03 7.580888e-03
-6.985075e-03 1.302757e-03 7.550409e-03
-6.964503e-03 1.303084e-03 7.519892e-03
-6.943969e-03 1.303428e-03 7.489408e-03
-6.923465e-03 1.303801e-03 7.458981e-03
-6.903022e-03 1.304153e-03 7.428623e-03
-6.882606e-03 1.304485e-03 7.398351e-03
-6.862325e-03 1.304912e-03 7.368191e-03
-6.841996e-03 1.305338e-03 7.338009e-03
-6.821636e-03 1.305781e-03 7.307788e-03
-6.801481e-03 1.306211e-03 7.277662e-03
-6.781272e-03 1.306855e-03 7.247611e-03
-6.761067e-03 1.307510e-03 7.217524e-03
-6.740930e-03 1.308077e-03 7.187528e-03
-6.969747e-03 1.438872e-03 7.538700e-03
-6.949160e-03 1.439258e-03 7.508007e-03
-6.928289e-03 1.439569e-03 7.476855e-03
-6.907492e-03 1.439779e-03 7.445712e-03
-6.886683e-03 1.439982e-03 7.414589e-03
-6.865971e-03 1.440392e-03 7.383589e-03
-6.845235e-03 1.440740e-03 7.352597e-03
-6.824495e-03 1.441144e-03 7.321627e-03
-6.803781e-03 1.441543e-03 7.290735e-03
-6.783152e-03 1.442017e-03 7.259882e-03
-6.762538e-03 1.442554e-03 7.229077e-03
-6.742004e-03 1.443045e-03 7.198232e-03
-6.721459e-03 1.443665e-03 7.167525e-03
-6.700928e-03 1.444312e-03 7.136858e-03
-6.680463e-03 1.444971e-03 7.106180e-03
-6.825509e-03 1.570250e-03 7.368234e-03
-6.804791e-03 1.570659e-03 7.337067e-03
-6.783931e-03 1.571116e-03 7.305682e-03
-6.763073e-03 1.571536e-03 7.274275e-03
-6.742181e-03 1.572030e-03 7.242869e-03
-6.721509e-03 1.572446e-03 7.211696e-03
-6.700803e-03 1.572936e-03 7.180512e-03
-6.680053e-03 1.573447e-03 7.149304e-03
-6.659342e-03 1.574092e-03 7.118183e-03
-6.756026e-03 1.694973e-03 7.327652e-03
-6.735197e-03 1.695258e-03 7.296122e-03
-6.714356e-03 1.695528e-03 7.264426e-03
-6.693369e-03 1.695844e-03 7.232646e-03
-6.672429e-03 1.696115e-03 7.200895e-03
-6.651488e-03 1.696523e-03 7.169295e-03
-6.630717e-03 1.696911e-03 7.137830e-03
-6.609983e-03 1.697234e-03 7.106333e-03
-6.662719e-03 1.813705e-03 7.267603e-03
-6.641822e-03 1.813886e-03 7.235699e-03
-6.620884e-03 1.813998e-03 7.203735e-03
-6.600076e-03 1.814166e-03 7.171951e-03
-6.579313e-03 1.814424e-03 7.140221e-03
-6.604159e-03 1.927633e-03 7.270444e-03
-6.583260e-03 1.927565e-03 7.238312e-03
-6.562450e-03 1.927618e-03 7.206335e-03
-6.541656e-03 1.927682e-03 7.174368e-03
-6.520802e-03 1.927786e-03 7.142386e-03
-6.519759e-03 2.036553e-03 7.242434e-03
-6.499040e-03 2.036364e-03 7.210374e-03
-6.478302e-03 2.036205e-03 7.178261e-03
-6.461596e-03 2.143305e-03 7.261059e-03
-6.440887e-03 2.143023e-03 7.228840e-03
-6.420369e-03 2.142620e-03 7.196652e-03
-6.399773e-03 2.142164e-03 7.164371e-03
-6.361925e-03 2.245553e-03 7.222444e-03
-6.341483e-03 2.244896e-03 7.190090e-03
-6.292730e-03 2.347028e-03 7.236039e-03
-6.272238e-03 2.346345e-03 7.203596e-03
-6.214519e-03 2.445623e-03 7.237806e-03
-6.194304e-03 2.444545e-03 7.205286e-03
-6.126046e-03 2.542495e-03 7.227703e-03
-6.070558e-03 2.605937e-03 7.227072e-03
-6.013361e-03 2.668843e-03 7.224228e-03
-5.954402e-03 2.731248e-03 7.219111e-03
-5.866811e-03 2.823766e-03 7.216897e-03
-5.774562e-03 2.914241e-03 7.208036e-03
-5.678043e-03 3.004233e-03 7.194478e-03
-5.605248e-03 3.062085e-03 7.171132e-03
-5.530721e-03 3.119263e-03 7.145433e-03
-5.454540e-03 3.175597e-03 7.117244e-03
-5.341279e-03 3.258070e-03 7.079586e-03
-5.223732e-03 3.337404e-03 7.034539e-03
-5.102678e-03 3.415158e-03 6.984442e-03
-5.013057e-03 3.465169e-03 6.936587e-03
-4.922544e-03 3.514494e-03 6.887212e-03
-4.831136e-03 3.563038e-03 6.836111e-03
-4.694957e-03 3.634324e-03 6.764481e-03
-4.556529e-03 3.703213e-03 6.688251e-03
-4.413122e-03 3.769705e-03 6.604693e-03
-4.311813e-03 3.811121e-03 6.536723e-03
-4.209041e-03 3.851881e-03 6.466646e-03
-4.104745e-03 3.891874e-03 6.394315e-03
-3.950675e-03 3.948725e-03 6.290575e-03
-3.793510e-03 4.004405e-03 6.182608e-03
-3.634032e-03 4.057354e-03 6.069634e-03
-3.522373e-03 4.089041e-03 5.981843e-03
-3.410266e-03 4.119959e-03 5.892839e-03
-3.297691e-03 4.150169e-03 5.802709e-03
-3.130321e-03 4.193937e-03 5.672856e-03
-2.961081e-03 4.234939e-03 5.538410e-03
-2.791140e-03 4.273174e-03 5.400540e-03
-2.673112e-03 4.295063e-03 5.296810e-03
-2.554635e-03 4.316043e-03 5.191787e-03
-2.435698e-03 4.336079e-03 5.085426e-03
-2.260269e-03 4.364027e-03 4.932025e-03
-2.083357e-03 4.389221e-03 4.774437e-03
-1.906132e-03 4.412831e-03 4.615001e-03
-1.784630e-03 4.424621e-03 4.498022e-03
-1.663277e-03 4.434752e-03 4.379681e-03
-1.542222e-03 4.443073e-03 4.259823e-03
-1.363866e-03 4.454812e-03 4.087610e-03
-1.184818e-03 4.464588e-03 3.912799e-03
-1.005080e-03 4.471233e-03 3.734222e-03
-8.841804e-04 4.471668e-03 3.606876e-03
-7.635872e-04 4.471596e-03 3.479415e-03
-6.432863e-04 4.471014e-03 3.351790e-03
-4.663452e-04 4.467827e-03 3.166426e-03
-2.898912e-04 4.461493e-03 2.978448e-03
-1.139253e-04 4.452790e-03 2.788634e-03
2.570995e-06 4.442507e-03 2.655399e-03
1.189506e-04 4.431703e-03 2.521781e-03
2.352529e-04 4.420372e-03 2.387774e-03
4.061081e-04 4.401120e-03 2.192762e-03
5.753149e-04 4.380689e-03 1.998279e-03
7.424821e-04 4.357517e-03 1.803155e-03
8.524699e-04 4.337600e-03 1.667137e-03
9.615823e-04 4.316778e-03 1.531152e-03
1.069871e-03 4.295064e-03 1.395155e-03
1.227587e-03 4.260561e-03 1.198380e-03
1.383654e-03 4.224118e-03 1.001369e-03
1.537682e-03 4.185736e-03 8.045102e-04
1.637078e-03 4.157159e-03 6.708647e-04
1.735364e-03 4.127260e-03 5.370236e-04
1.832516e-03 4.096055e-03 4.030756e-04
1.974055e-03 4.048353e-03 2.096166e-04
2.112357e-03 3.997511e-03 1.627918e-05
2.248981e-03 3.946258e-03 -1.757666e-04
2.335803e-03 3.907972e-03 -3.062461e-04
2.421181e-03 3.869007e-03 -4.359433e-04
2.505345e-03 3.829471e-03 -5.648715e-04
2.628013e-03 3.769763e-03 -7.512025e-04
2.746312e-03 3.708109e-03 -9.350672e-04
2.860632e-03 3.644510e-03 -1.116856e-03
2.931065e-03 3.598960e-03 -1.237847e-03
3.000580e-03 3.552947e-03 -1.358346e-03
3.069076e-03 3.506406e-03 -1.478349e-03
3.167908e-03 3.435967e-03 -1.651294e-03
3.261184e-03 3.363563e-03 -1.820623e-03
3.350853e-03 3.289584e-03 -1.987895e-03
3.404952e-03 3.238176e-03 -2.098087e-03
3.457078e-03 3.185785e-03 -2.207261e-03
3.507314e-03 3.132395e-03 -2.315480e-03
3.578913e-03 3.053184e-03 -2.469726e-03
3.646146e-03 2.972034e-03 -2.621529e-03
3.707452e-03 2.888166e-03 -2.770108e-03
3.741420e-03 2.831254e-03 -2.865375e-03
3.774051e-03 2.773882e-03 -2.959726e-03
3.805301e-03 2.716040e-03 -3.053115e-03
3.847919e-03 2.630063e-03 -3.184921e-03
3.885006e-03 2.541771e-03 -3.313506e-03
3.916953e-03 2.452724e-03 -3.437701e-03
3.931118e-03 2.392188e-03 -3.516522e-03
3.943492e-03 2.331401e-03 -3.593775e-03
3.954188e-03 2.270452e-03 -3.669437e-03
3.965175e-03 2.178169e-03 -3.775771e-03
3.972603e-03 2.087058e-03 -3.877352e-03
3.972960e-03 1.993609e-03 -3.974180e-03
3.966260e-03 1.931026e-03 -4.033947e-03
3.957831e-03 1.868328e-03 -4.092063e-03
3.947764e-03 1.805633e-03 -4.148511e-03
3.928561e-03 1.711329e-03 -4.226510e-03
3.904649e-03 1.617066e-03 -4.299754e-03
3.875637e-03 1.523622e-03 -4.367071e-03
3.849142e-03 1.460621e-03 -4.407266e-03
3.821018e-03 1.397812e-03 -4.445582e-03
3.791194e-03 1.335108e-03 -4.482077e-03
3.742282e-03 1.241939e-03 -4.529131e-03
3.687120e-03 1.148848e-03 -4.569887e-03
3.626878e-03 1.055057e-03 -4.606293e-03
3.580063e-03 9.937534e-04 -4.624390e-03
3.532146e-03 9.329794e-04 -4.640850e-03
3.483101e-03 8.727153e-04 -4.655679e-03
3.404718e-03 7.817512e-04 -4.671190e-03
3.320885e-03 6.924317e-04 -4.679638e-03
3.233550e-03 6.043669e-04 -4.683361e-03
3.168775e-03 5.465800e-04 -4.680064e-03
3.102348e-03 4.891975e-04 -4.674746e-03
3.034339e-03 4.321133e-04 -4.667538e-03
2.928503e-03 3.479836e-04 -4.648925e-03
2.818788e-03 2.639434e-04 -4.626400e-03
2.704415e-03 1.811631e-04 -4.598016e-03
2.622908e-03 1.277882e-04 -4.573709e-03
2.540144e-03 7.522616e-05 -4.547346e-03
2.456040e-03 2.347286e-05 -4.518886e-03
2.326513e-03 -5.376449e-05 -4.469931e-03
2.191923e-03 -1.301767e-04 -4.415137e-03
2.054221e-03 -2.045936e-04 -4.355286e-03
1.958657e-03 -2.508708e-04 -4.309992e-03
1.861757e-03 -2.971499e-04 -4.263445e-03
1.763505e-03 -3.435761e-04 -4.215679e-03
1.611888e-03 -4.129093e-04 -4.136988e-03
1.458005e-03 -4.786594e-04 -4.052492e-03
1.301858e-03 -5.419963e-04 -3.963360e-03
1.194661e-03 -5.813349e-04 -3.899731e-03
1.086625e-03 -6.199344e-04 -3.834555e-03
9.777022e-04 -6.577848e-04 -3.767782e-03
8.104698e-04 -7.140804e-04 -3.660718e-03
6.421203e-04 -7.679687e-04 -3.550186e-03
4.707046e-04 -8.202299e-04 -3.435018e-03
3.547063e-04 -8.514150e-04 -3.354689e-03
2.381235e-04 -8.818339e-04 -3.273070e-03
1.209130e-04 -9.115635e-04 -3.190171e-03
-5.798667e-05 -9.553148e-04 -3.059205e-03
-2.387278e-04 -9.978454e-04 -2.925230e-03
-4.197492e-04 -1.037986e-03 -2.788636e-03
-5.407585e-04 -1.059993e-03 -2.694436e-03
-6.620684e-04 -1.081434e-03 -2.599410e-03
-7.837429e-04 -1.102404e-03 -2.503555e-03
-9.678959e-04 -1.132158e-03 -2.353631e-03
-1.153540e-03 -1.160288e-03 -2.200658e-03
-1.339115e-03 -1.185235e-03 -2.044637e-03
-1.462708e-03 -1.198251e-03 -1.939178e-03
-1.586283e-03 -1.210270e-03 -1.832751e-03
-1.709754e-03 -1.221166e-03 -1.725375e-03
-1.897219e-03 -1.238528e-03 -1.560074e-03
-2.084974e-03 -1.253124e-03 -1.391769e-03
-2.272238e-03 -1.264955e-03 -1.221241e-03
-2.394232e-03 -1.268660e-03 -1.108350e-03
-2.515902e-03 -1.271340e-03 -9.948578e-04
-2.637210e-03 -1.273145e-03 -8.808771e-04
-2.821677e-03 -1.275458e-03 -7.038490e-04
-3.004865e-03 -1.275407e-03 -5.257828e-04
-3.186771e-03 -1.271822e-03 -3.455094e-04
-3.304507e-03 -1.265166e-03 -2.268880e-04
-3.421535e-03 -1.257847e-03 -1.083605e-04
-3.537881e-03 -1.249909e-03 1.008060e-05
-3.714661e-03 -1.237703e-03 1.936511e-04
-3.889368e-03 -1.223128e-03 3.774688e-04
-4.063172e-03 -1.206966e-03 5.619230e-04
-4.173379e-03 -1.190924e-03 6.820717e-04
-4.282544e-03 -1.174274e-03 8.017563e-04
-4.390790e-03 -1.157017e-03 9.210902e-04
-4.555223e-03 -1.130732e-03 1.106102e-03
-4.716820e-03 -1.102481e-03 1.290204e-03
-4.876360e-03 -1.072265e-03 1.474177e-03
-4.976200e-03 -1.047772e-03 1.592117e-03
-5.074893e-03 -1.022615e-03 1.709510e-03
-5.172553e-03 -9.969032e-04 1.826406e-03
-5.320344e-03 -9.581530e-04 2.006969e-03
-5.464919e-03 -9.174701e-04 2.186228e-03
-5.606279e-03 -8.748550e-04 2.364181e-03
-5.692750e-03 -8.420082e-04 2.476810e-03
-5.777881e-03 -8.080688e-04 2.589078e-03
-5.861675e-03 -7.731469e-04 2.701004e-03
-5.989077e-03 -7.217010e-04 2.873659e-03
-6.112841e-03 -6.698889e-04 3.043033e-03
-6.233746e-03 -6.149815e-04 3.212637e-03
-6.305454e-03 -5.743457e-04 3.317981e-03
-6.375398e-03 -5.332338e-04 3.421995e-03
-6.443632e-03 -4.916557e-04 3.524733e-03
-6.549093e-03 -4.310750e-04 3.684424e-03
-6.649412e-03 -3.685910e-04 3.840871e-03
-6.743419e-03 -3.022548e-04 3.994854e-03
-6.797865e-03 -2.560990e-04 4.088253e-03
-6.850226e-03 -2.093953e-04 4.180059e-03
-6.900604e-03 -1.622730e-04 4.270264e-03
-6.978836e-03 -9.187509e-05 4.412407e-03
-7.052695e-03 -2.031482e-05 4.551331e-03
-7.121011e-03 5.357676e-05 4.687036e-03
-7.156952e-03 1.049811e-04 4.766987e-03
-7.191328e-03 1.568717e-04 4.845852e-03
-7.224043e-03 2.094223e-04 4.923689e-03
-7.273967e-03 2.869153e-04 5.044532e-03
-7.319158e-03 3.659005e-04 5.162143e-03
-7.358836e-03 4.475468e-04 5.276911e-03
-7.375695e-03 5.027142e-04 5.341435e-03
-7.390557e-03 5.583898e-04 5.404426e-03
-7.403446e-03 6.144184e-04 5.465824e-03
-7.423681e-03 6.981130e-04 5.563144e-03
-7.439982e-03 7.817134e-04 5.656471e-03
-7.450788e-03 8.652184e-04 5.744247e-03
-7.447459e-03 9.221288e-04 5.790300e-03
-7.442264e-03 9.799086e-04 5.835283e-03
-7.435103e-03 1.038709e-03 5.879337e-03
-7.425861e-03 1.124950e-03 5.949809e-03
-7.412290e-03 1.211525e-03 6.016314e-03
-7.393220e-03 1.298431e-03 6.077682e-03
-7.369907e-03 1.357112e-03 6.105518e-03
-7.344995e-03 1.416116e-03 6.132042e-03
-7.318512e-03 1.475486e-03 6.157370e-03
-7.281106e-03 1.562334e-03 6.200424e-03
-7.238994e-03 1.649520e-03 6.239125e-03
-7.191792e-03 1.735905e-03 6.271924e-03
-7.149616e-03 1.794264e-03 6.280572e-03
-7.106129e-03 1.852639e-03 6.287906e-03
-7.061176e-03 1.911076e-03 6.293801e-03
-6.994256e-03 1.997975e-03 6.307337e-03
-6.923423e-03 2.083287e-03 6.315395e-03
-6.848676e-03 2.168181e-03 6.319147e-03
-6.789251e-03 2.224926e-03 6.308884e-03
-6.728214e-03 2.281460e-03 6.296779e-03
-6.665581e-03 2.337836e-03 6.282947e-03
-6.575879e-03 2.419329e-03 6.268408e-03
-6.480371e-03 2.501551e-03 6.248792e-03
-6.381009e-03 2.582161e-03 6.223709e-03
-6.306112e-03 2.635503e-03 6.194647e-03
-6.229767e-03 2.688629e-03 6.163906e-03
-6.151947e-03 2.741587e-03 6.131556e-03
-6.036915e-03 2.818841e-03 6.087537e-03
-5.919205e-03 2.895658e-03 6.040434e-03
-5.798429e-03 2.971646e-03 5.989468e-03
-5.710160e-03 3.020481e-03 5.942675e-03
-5.620801e-03 3.068728e-03 5.894238e-03
-5.530335e-03 3.116476e-03 5.844250e-03
-5.397121e-03 3.185941e-03 5.774488e-03
-5.261220e-03 3.254591e-03 5.701265e-03
-5.123023e-03 3.321255e-03 5.623801e-03
-5.023765e-03 3.363822e-03 5.560004e-03
-4.923625e-03 3.406102e-03 5.495073e-03
-4.822543e-03 3.448056e-03 5.428973e-03
-4.674418e-03 3.509744e-03 5.336800e-03
-4.524395e-03 3.568640e-03 5.239988e-03
-4.372474e-03 3.625913e-03 5.139710e-03
-4.265080e-03 3.661417e-03 5.061018e-03
-4.156898e-03 3.696642e-03 4.981298e-03
-4.047964e-03 3.731583e-03 4.900643e-03
-3.889275e-03 3.781132e-03 4.786093e-03
-3.729103e-03 3.828297e-03 4.667733e-03
-3.567838e-03 3.874246e-03 4.547126e-03
-3.455166e-03 3.902616e-03 4.456431e-03
-3.342606e-03 3.930331e-03 4.365245e-03
-3.230081e-03 3.957416e-03 4.273509e-03
-3.065233e-03 3.995672e-03 4.141867e-03
-2.900433e-03 4.031958e-03 4.008381e-03
-2.734125e-03 4.066273e-03 3.871490e-03
-2.620834e-03 4.085485e-03 3.771425e-03
-2.507509e-03 4.104256e-03 3.670950e-03
-2.394099e-03 4.122561e-03 3.569990e-03
-2.228147e-03 4.148010e-03 3.424833e-03
-2.061893e-03 4.171855e-03 3.277822e-03
-1.895726e-03 4.192924e-03 3.128176e-03
-1.783327e-03 4.203714e-03 3.021010e-03
-1.671380e-03 4.213539e-03 2.913415e-03
-1.559869e-03 4.222363e-03 2.805307e-03
-1.397578e-03 4.233855e-03 2.650261e-03
-1.236164e-03 4.242191e-03 2.492997e-03
-1.076017e-03 4.249710e-03 2.336245e-03
-9.686841e-04 4.251332e-03 2.225438e-03
-8.620647e-04 4.252157e-03 2.114649e-03
-7.561808e-04 4.252081e-03 2.003731e-03
-6.022344e-04 4.249645e-03 1.843495e-03
-4.507305e-04 4.244829e-03 1.683377e-03
-3.008902e-04 4.236852e-03 1.521818e-03
-2.005974e-04 4.229448e-03 1.409487e-03
-1.016294e-04 4.220647e-03 1.297137e-03
-3.878304e-06 4.210512e-03 1.184745e-03
1.378963e-04 4.195016e-03 1.024013e-03
2.764358e-04 4.175591e-03 8.626404e-04
4.117390e-04 4.153797e-03 7.021856e-04
5.010673e-04 4.136602e-03 5.914557e-04
5.892950e-04 4.118612e-03 4.811073e-04
6.763851e-04 4.099849e-03 3.712130e-04
8.000993e-04 4.069040e-03 2.136088e-04
9.206139e-04 4.036641e-03 5.766313e-05
1.037928e-03 4.002264e-03 -9.701382e-05
1.113034e-03 3.975647e-03 -2.025112e-04
1.187304e-03 3.948635e-03 -3.075191e-04
1.260744e-03 3.921200e-03 -4.120758e-04
1.364580e-03 3.877432e-03 -5.624355e-04
1.464054e-03 3.831308e-03 -7.107454e-04
1.558776e-03 3.782435e-03 -8.570054e-04
1.618226e-03 3.746529e-03 -9.557721e-04
1.676374e-03 3.710645e-03 -1.053121e-03
1.733284e-03 3.674755e-03 -1.149194e-03
1.813046e-03 3.619719e-03 -1.286417e-03
1.887655e-03 3.561538e-03 -1.421606e-03
1.958283e-03 3.502553e-03 -1.553590e-03
2.001557e-03 3.460631e-03 -1.641814e-03
2.043047e-03 3.417800e-03 -1.729111e-03
2.082794e-03 3.374126e-03 -1.815440e-03
2.136316e-03 3.307490e-03 -1.937750e-03
2.184678e-03 3.239282e-03 -2.056447e-03
2.228269e-03 3.168722e-03 -2.172701e-03
2.253044e-03 3.119819e-03 -2.249074e-03
2.275723e-03 3.070398e-03 -2.323824e-03
2.296369e-03 3.020507e-03 -2.396976e-03
2.320171e-03 2.943475e-03 -2.499739e-03
2.340419e-03 2.865679e-03 -2.599690e-03
2.354774e-03 2.786728e-03 -2.694881e-03
2.358797e-03 2.731961e-03 -2.756096e-03
2.361371e-03 2.676564e-03 -2.816465e-03
2.362498e-03 2.620607e-03 -2.875892e-03
2.357556e-03 2.537183e-03 -2.956106e-03
2.347911e-03 2.452214e-03 -3.033144e-03
2.332782e-03 2.366092e-03 -3.105837e-03
2.317735e-03 2.307151e-03 -3.151922e-03
2.300541e-03 2.247851e-03 -3.196189e-03
2.281369e-03 2.188221e-03 -3.238749e-03
2.247509e-03 2.098825e-03 -3.295861e-03
2.209344e-03 2.008686e-03 -3.349403e-03
2.164923e-03 1.917804e-03 -3.397423e-03
2.130236e-03 1.856330e-03 -3.426215e-03
2.094007e-03 1.794742e-03 -3.453546e-03
2.056295e-03 1.733139e-03 -3.479395e-03
1.994082e-03 1.640628e-03 -3.511159e-03
1.926027e-03 1.546598e-03 -3.538599e-03
1.854080e-03 1.452999e-03 -3.561716e-03
1.801383e-03 1.390286e-03 -3.573588e-03
1.746913e-03 1.327619e-03 -3.583646e-03
1.690668e-03 1.264791e-03 -3.592057e-03
1.600278e-03 1.170370e-03 -3.597496e-03
1.505613e-03 1.076372e-03 -3.598238e-03
1.406673e-03 9.827963e-04 -3.594283e-03
1.336383e-03 9.202843e-04 -3.588306e-03
1.264885e-03 8.580463e-04 -3.580813e-03
1.192183e-03 7.962359e-04 -3.571711e-03
1.077271e-03 7.034210e-04 -3.551006e-03
9.600623e-04 6.118437e-04 -3.526779e-03
8.378275e-04 5.195549e-04 -3.498250e-03
7.531979e-04 4.596375e-04 -3.475306e-03
6.671618e-04 3.998007e-04 -3.450907e-03
5.798414e-04 3.400130e-04 -3.425163e-03
4.440895e-04 2.500706e-04 -3.380806e-03
3.037200e-04 1.609434e-04 -3.331025e-03
1.606834e-04 7.185229e-05 -3.278550e-03
6.327288e-05 1.527824e-05 -3.239563e-03
-3.510165e-05 -4.115981e-05 -3.199502e-03
-1.345452e-04 -9.752099e-05 -3.158311e-03
-2.898686e-04 -1.826562e-04 -3.089689e-03
-4.474564e-04 -2.654113e-04 -3.016436e-03
-6.073080e-04 -3.469552e-04 -2.939722e-03
-7.150523e-04 -3.996757e-04 -2.886654e-03
-8.235416e-04 -4.515069e-04 -2.831983e-03
-9.327531e-04 -5.024320e-04 -2.775723e-03
-1.101674e-03 -5.796765e-04 -2.685753e-03
-1.273212e-03 -6.548860e-04 -2.591169e-03
-1.443857e-03 -7.280596e-04 -2.495479e-03
-1.558252e-03 -7.743440e-04 -2.429505e-03
-1.673111e-03 -8.199505e-04 -2.362457e-03
-1.788404e-03 -8.649687e-04 -2.294414e-03
-1.964914e-03 -9.319533e-04 -2.186786e-03
-2.145240e-03 -9.977143e-04 -2.074159e-03
-2.325091e-03 -1.061861e-03 -1.960433e-03
-2.443134e-03 -1.100149e-03 -1.883074e-03
-2.561686e-03 -1.138277e-03 -1.805074e-03
-2.680631e-03 -1.176067e-03 -1.726436e-03
-2.863118e-03 -1.232420e-03 -1.602452e-03
-3.046284e-03 -1.286380e-03 -1.475438e-03
-3.229736e-03 -1.337946e-03 -1.345784e-03
-3.348761e-03 -1.369350e-03 -1.260855e-03
-3.467748e-03 -1.399903e-03 -1.175169e-03
-3.586676e-03 -1.429616e-03 -1.088766e-03
-3.769686e-03 -1.473405e-03 -9.520025e-04
-3.951034e-03 -1.514798e-03 -8.145498e-04
-4.131888e-03 -1.553404e-03 -6.748487e-04
-4.248306e-03 -1.574857e-03 -5.829564e-04
-4.364110e-03 -1.595848e-03 -4.912592e-04
-4.479305e-03 -1.616399e-03 -3.997831e-04
-4.657697e-03 -1.647650e-03 -2.554295e-04
-4.834033e-03 -1.675340e-03 -1.096245e-04
-5.008701e-03 -1.700641e-03 3.685137e-05
-5.119043e-03 -1.713012e-03 1.313669e-04
-5.229089e-03 -1.724916e-03 2.259884e-04
-5.338713e-03 -1.736322e-03 3.206005e-04
-5.506737e-03 -1.753529e-03 4.682754e-04
-5.672724e-03 -1.767593e-03 6.170102e-04
-5.836671e-03 -1.779294e-03 7.660246e-04
-5.937970e-03 -1.781862e-03 8.608681e-04
-6.038861e-03 -1.783705e-03 9.559423e-04
-6.139174e-03 -1.784777e-03 1.051130e-03
-6.292133e-03 -1.786875e-03 1.198500e-03
-6.441472e-03 -1.786584e-03 1.344592e-03
-6.588750e-03 -1.784294e-03 1.490573e-03
-6.678964e-03 -1.777917e-03 1.582856e-03
-6.767977e-03 -1.770703e-03 1.674702e-03
-6.855764e-03 -1.762685e-03 1.766049e-03
-6.990972e-03 -1.750452e-03 1.909629e-03
-7.122599e-03 -1.735432e-03 2.052359e-03
-7.251814e-03 -1.719964e-03 2.193068e-03
-7.327901e-03 -1.704247e-03 2.280150e-03
-7.402601e-03 -1.687752e-03 2.366575e-03
-7.475849e-03 -1.670407e-03 2.452299e-03
-7.588755e-03 -1.643931e-03 2.587484e-03
-7.698431e-03 -1.615468e-03 2.721382e-03
-7.804486e-03 -1.584628e-03 2.853991e-03
-7.863954e-03 -1.560279e-03 2.932763e-03
-7.921746e-03 -1.534770e-03 3.010892e-03
-7.978098e-03 -1.508268e-03 3.088518e-03
-8.067248e-03 -1.469964e-03 3.211506e-03
-8.151222e-03 -1.428908e-03 3.332029e-03
-8.231579e-03 -1.385879e-03 3.450869e-03
-8.273946e-03 -1.352425e-03 3.521263e-03
-8.314223e-03 -1.317999e-03 3.590454e-03
-8.352381e-03 -1.282607e-03 3.658462e-03
-8.413579e-03 -1.231409e-03 3.766149e-03
-8.470777e-03 -1.178637e-03 3.871382e-03
-8.522413e-03 -1.123122e-03 3.973769e-03
-8.544552e-03 -1.081388e-03 4.031914e-03
-8.565169e-03 -1.039277e-03 4.088897e-03
-8.584215e-03 -9.967886e-04 4.144639e-03
-8.617119e-03 -9.358398e-04 4.233616e-03
-8.644513e-03 -8.725426e-04 4.319411e-03
-8.667174e-03 -8.076780e-04 4.402024e-03
-8.670516e-03 -7.604093e-04 4.446756e-03
-8.671944e-03 -7.128335e-04 4.489880e-03
-8.671613e-03 -6.649994e-04 4.531507e-03
-8.674528e-03 -5.952468e-04 4.599230e-03
-8.672714e-03 -5.223653e-04 4.665324e-03
-8.666170e-03 -4.498661e-04 4.726278e-03
-8.649030e-03 -3.973188e-04 4.755746e-03
-8.630195e-03 -3.442826e-04 4.783992e-03
-8.609586e-03 -2.907518e-04 4.810978e-03
-8.583438e-03 -2.129947e-04 4.857617e-03
-8.551779e-03 -1.352707e-04 4.898737e-03
-8.515780e-03 -5.602091e-05 4.937069e-03
-8.480652e-03 -5.550134e-07 4.951525e-03
-8.443188e-03 5.578957e-05 4.964464e-03
-8.403459e-03 1.129733e-04 4.976024e-03
-8.348727e-03 1.950893e-04 4.998528e-03
-8.288915e-03 2.787208e-04 5.017481e-03
-8.224805e-03 3.615263e-04 5.031324e-03
-8.169888e-03 4.195452e-04 5.028659e-03
-8.113388e-03 4.774092e-04 5.024318e-03
-8.055434e-03 5.350455e-04 5.018286e-03
-7.973542e-03 6.195172e-04 5.016184e-03
-7.887349e-03 7.043331e-04 5.010157e-03
-7.798026e-03 7.883220e-04 5.000207e-03
-7.726912e-03 8.457020e-04 4.981003e-03
-7.654137e-03 9.036993e-04 4.960723e-03
-7.579763e-03 9.622763e-04 4.939468e-03
-7.472391e-03 1.047461e-03 4.912840e-03
-7.361914e-03 1.131805e-03 4.882316e-03
-7.248332e-03 1.216086e-03 4.848677e-03
-7.161463e-03 1.273070e-03 4.813593e-03
-7.073563e-03 1.329933e-03 4.777406e-03
-6.984596e-03 1.386661e-03 4.740100e-03
-6.857380e-03 1.468958e-03 4.691071e-03
-6.727455e-03 1.549649e-03 4.637798e-03
-6.594041e-03 1.629511e-03 4.580281e-03
-6.495427e-03 1.683879e-03 4.531233e-03
-6.396146e-03 1.738122e-03 4.481425e-03
-6.296147e-03 1.792254e-03 4.430947e-03
-6.151891e-03 1.869346e-03 4.360066e-03
-6.005749e-03 1.944801e-03 4.285730e-03
-5.856942e-03 2.019400e-03 4.207938e-03
-5.749727e-03 2.069345e-03 4.146315e-03
-5.642064e-03 2.118621e-03 4.083657e-03
-5.533824e-03 2.167348e-03 4.019937e-03
-5.377374e-03 2.236859e-03 3.929724e-03
-5.219438e-03 2.304342e-03 3.836064e-03
-5.060017e-03 2.370185e-03 3.739349e-03
-4.947496e-03 2.413367e-03 3.666188e-03
-4.834067e-03 2.456199e-03 3.591822e-03
-4.719852e-03 2.498666e-03 3.516398e-03
-4.556352e-03 2.558637e-03 3.410047e-03
-4.390584e-03 2.616981e-03 3.299862e-03
-4.224889e-03 2.673306e-03 3.187793e-03
-4.109062e-03 2.709163e-03 3.104470e-03
-3.993126e-03 2.744463e-03 3.020590e-03
-3.877100e-03 2.779113e-03 2.936039e-03
-3.709411e-03 2.827597e-03 2.814461e-03
-3.541776e-03 2.875243e-03 2.692156e-03
-3.374585e-03 2.919321e-03 2.566787e-03
-3.259075e-03 2.947526e-03 2.476652e-03
-3.143723e-03 2.974747e-03 2.385787e-03
-3.028603e-03 3.000917e-03 2.294193e-03
-2.863787e-03 3.037193e-03 2.163734e-03
-2.698632e-03 3.071854e-03 2.031378e-03
-2.535478e-03 3.102172e-03 1.896737e-03
-2.424182e-03 3.120681e-03 1.801641e-03
-2.313483e-03 3.138177e-03 1.706206e-03
-2.203369e-03 3.154711e-03 1.610497e-03
-2.046785e-03 3.175748e-03 1.473493e-03
-1.891464e-03 3.194391e-03 1.335422e-03
-1.737018e-03 3.210252e-03 1.195505e-03
-1.632904e-03 3.218152e-03 1.097486e-03
-1.529282e-03 3.225590e-03 9.995542e-04
-1.426237e-03 3.232546e-03 9.018013e-04
-1.280689e-03 3.238784e-03 7.614390e-04
-1.137957e-03 3.241470e-03 6.204047e-04
-9.980409e-04 3.241777e-03 4.798687e-04
-9.043163e-04 3.239643e-03 3.826292e-04
-8.115081e-04 3.236472e-03 2.853613e-04
-7.197024e-04 3.232225e-03 1.881108e-04
-5.921463e-04 3.222975e-03 5.065174e-05
-4.681604e-04 3.209420e-03 -8.748255e-05
-3.465759e-04 3.193120e-03 -2.259016e-04
-2.664918e-04 3.179376e-03 -3.206728e-04
-1.877383e-04 3.164727e-03 -4.149433e-04
-1.102496e-04 3.149118e-03 -5.088443e-04
-1.775815e-06 3.123335e-03 -6.434194e-04
1.011573e-04 3.094407e-03 -7.755484e-04
2.008887e-04 3.062726e-03 -9.071808e-04
2.656197e-04 3.038801e-03 -9.964174e-04
3.288701e-04 3.014168e-03 -1.084843e-03
3.906793e-04 2.988900e-03 -1.172409e-03
4.742977e-04 2.946696e-03 -1.298252e-03
5.523947e-04 2.902145e-03 -1.420876e-03
6.273096e-04 2.855247e-03 -1.542620e-03
6.739627e-04 2.820970e-03 -1.623848e-03
7.193545e-04 2.786091e-03 -1.704369e-03
7.635516e-04 2.750628e-03 -1.784225e-03
8.197549e-04 2.693258e-03 -1.897575e-03
8.708296e-04 2.633951e-03 -2.007699e-03
9.167746e-04 2.572708e-03 -2.114598e-03
9.444302e-04 2.528659e-03 -2.186343e-03
9.704174e-04 2.484109e-03 -2.256890e-03
9.947965e-04 2.439017e-03 -2.326345e-03
1.020525e-03 2.367760e-03 -2.422925e-03
1.041566e-03 2.294579e-03 -2.516713e-03
1.058698e-03 2.219474e-03 -2.608489e-03
1.066470e-03 2.166702e-03 -2.668915e-03
1.072402e-03 2.113664e-03 -2.727723e-03
1.076425e-03 2.060462e-03 -2.784777e-03
1.071562e-03 1.976667e-03 -2.863170e-03
1.062785e-03 1.891721e-03 -2.938784e-03
1.046973e-03 1.803675e-03 -3.010447e-03
1.033499e-03 1.744153e-03 -3.056271e-03
1.018773e-03 1.684314e-03 -3.101155e-03
1.002778e-03 1.623996e-03 -3.145232e-03
9.682310e-04 1.530467e-03 -3.203609e-03
9.297810e-04 1.436587e-03 -3.258426e-03
8.854775e-04 1.340405e-03 -3.309683e-03
8.526840e-04 1.275940e-03 -3.341093e-03
8.185497e-04 1.211203e-03 -3.371424e-03
7.829445e-04 1.146156e-03 -3.400629e-03
7.176965e-04 1.043342e-03 -3.437595e-03
6.493480e-04 9.409752e-04 -3.471013e-03
5.751686e-04 8.367167e-04 -3.500492e-03
5.230793e-04 7.676389e-04 -3.517260e-03
4.695952e-04 6.983718e-04 -3.532832e-03
4.147224e-04 6.289691e-04 -3.547170e-03
3.220507e-04 5.224021e-04 -3.560514e-03
2.263274e-04 4.143837e-04 -3.572274e-03
1.256028e-04 3.060848e-04 -3.579328e-03
5.643879e-05 2.345169e-04 -3.581630e-03
-1.413055e-05 1.625819e-04 -3.582917e-03
-8.617740e-05 9.023246e-05 -3.583154e-03
-2.029192e-04 -2.034589e-05 -3.576556e-03
-3.239184e-04 -1.300689e-04 -3.564870e-03
-4.487847e-04 -2.397154e-04 -3.549265e-03
-5.326257e-04 -3.110809e-04 -3.536842e-03
-6.179063e-04 -3.821263e-04 -3.522716e-03
-7.045868e-04 -4.529343e-04 -3.506971e-03
-8.433425e-04 -5.608409e-04 -3.475863e-03
-9.855267e-04 -6.702070e-04 -3.442820e-03
-1.130749e-03 -7.786916e-04 -3.405890e-03
-1.227330e-03 -8.482373e-04 -3.379154e-03
-1.324664e-03 -9.173904e-04 -3.351328e-03
-1.422885e-03 -9.863271e-04 -3.322430e-03
-1.579594e-03 -1.092296e-03 -3.271665e-03
-1.738185e-03 -1.197397e-03 -3.218187e-03
-1.900217e-03 -1.302799e-03 -3.161608e-03
-2.006858e-03 -1.368540e-03 -3.121330e-03
-2.113680e-03 -1.433831e-03 -3.080425e-03
-2.220710e-03 -1.498572e-03 -3.038817e-03
-2.389412e-03 -1.597523e-03 -2.969313e-03
-2.559970e-03 -1.696413e-03 -2.897920e-03
-2.732773e-03 -1.793291e-03 -2.822299e-03
-2.845420e-03 -1.853840e-03 -2.771118e-03
-2.957770e-03 -1.913638e-03 -2.719517e-03
-3.069758e-03 -1.972632e-03 -2.667530e-03
-3.246440e-03 -2.063019e-03 -2.581782e-03
-3.424174e-03 -2.151754e-03 -2.493374e-03
-3.602568e-03 -2.238834e-03 -2.402697e-03
-3.716780e-03 -2.291893e-03 -2.342791e-03
-3.830871e-03 -2.344078e-03 -2.282222e-03
-3.945011e-03 -2.395520e-03 -2.220932e-03
-4.123743e-03 -2.474655e-03 -2.122193e-03
-4.302366e-03 -2.551766e-03 -2.021581e-03
-4.481270e-03 -2.626854e-03 -1.918708e-03
-4.594446e-03 -2.670362e-03 -1.850693e-03
-4.707522e-03 -2.713590e-03 -1.782555e-03
-4.820515e-03 -2.756504e-03 -1.714290e-03
-4.996202e-03 -2.823237e-03 -1.606522e-03
-5.170595e-03 -2.885959e-03 -1.496101e-03
-5.343695e-03 -2.946229e-03 -1.384589e-03
-5.451556e-03 -2.979717e-03 -1.312251e-03
-5.559368e-03 -3.012509e-03 -1.239373e-03
-5.667121e-03 -3.044799e-03 -1.166045e-03
-5.834273e-03 -3.095199e-03 -1.050860e-03
-5.998591e-03 -3.142808e-03 -9.357552e-04
-6.161245e-03 -3.188405e-03 -8.203421e-04
-6.261516e-03 -3.211494e-03 -7.455743e-04
-6.360543e-03 -3.233032e-03 -6.705845e-04
-6.458337e-03 -3.253035e-03 -5.953382e-04
-6.611165e-03 -3.286136e-03 -4.774909e-04
-6.761923e-03 -3.316844e-03 -3.593593e-04
-6.908660e-03 -3.343988e-03 -2.417238e-04
-6.996771e-03 -3.354753e-03 -1.671458e-04
-7.083893e-03 -3.364544e-03 -9.267668e-05
-7.170103e-03 -3.373538e-03 -1.838511e-05
-7.304346e-03 -3.388610e-03 9.859877e-05
-7.435350e-03 -3.402046e-03 2.139431e-04
-7.563503e-03 -3.412288e-03 3.295975e-04
-7.636706e-03 -3.410298e-03 4.016766e-04
-7.708850e-03 -3.407703e-03 4.732644e-04
-7.779880e-03 -3.404563e-03 5.442311e-04
-7.892153e-03 -3.400923e-03 6.576647e-04
-8.000007e-03 -3.395671e-03 7.682707e-04
-8.103830e-03 -3.386467e-03 8.787786e-04
-8.160246e-03 -3.372425e-03 9.458494e-04
-8.215181e-03 -3.357448e-03 1.012341e-03
-8.268668e-03 -3.341486e-03 1.078320e-03
-8.353164e-03 -3.320020e-03 1.181605e-03
-8.432479e-03 -3.295000e-03 1.283228e-03
-8.507393e-03 -3.267597e-03 1.382798e-03
-8.544324e-03 -3.241432e-03 1.442300e-03
-8.579704e-03 -3.214497e-03 1.501009e-03
-8.613572e-03 -3.186759e-03 1.558965e-03
-8.669282e-03 -3.148013e-03 1.650584e-03
-8.719445e-03 -3.106501e-03 1.739404e-03
-8.764061e-03 -3.061442e-03 1.826205e-03
-8.779921e-03 -3.023062e-03 1.876685e-03
-8.794004e-03 -2.984355e-03 1.925765e-03
-8.806399e-03 -2.945318e-03 1.973454e-03
-8.829591e-03 -2.889807e-03 2.049237e-03
-8.847647e-03 -2.831162e-03 2.122997e-03
-8.859787e-03 -2.770164e-03 2.193175e-03
-8.853600e-03 -2.721642e-03 2.231736e-03
-8.845599e-03 -2.672237e-03 2.269367e-03
-8.835654e-03 -2.622003e-03 2.305872e-03
-8.824981e-03 -2.549891e-03 2.364349e-03
-8.808812e-03 -2.477036e-03 2.418091e-03
-8.787536e-03 -2.400319e-03 2.470611e-03
-8.759841e-03 -2.343196e-03 2.496320e-03
-8.730643e-03 -2.285239e-03 2.521354e-03
-8.699856e-03 -2.226415e-03 2.545674e-03
-8.657833e-03 -2.142111e-03 2.585046e-03
-8.609555e-03 -2.055901e-03 2.620083e-03
-8.555802e-03 -1.967788e-03 2.651564e-03
-8.506131e-03 -1.902658e-03 2.663415e-03
-8.455125e-03 -1.837034e-03 2.674439e-03
-8.402708e-03 -1.770836e-03 2.684649e-03
-8.329217e-03 -1.677274e-03 2.701965e-03
-8.250260e-03 -1.581026e-03 2.716502e-03
-8.166616e-03 -1.484043e-03 2.727091e-03
-8.097469e-03 -1.413529e-03 2.725063e-03
-8.026664e-03 -1.342701e-03 2.721737e-03
-7.954218e-03 -1.271552e-03 2.717126e-03
-7.851759e-03 -1.170315e-03 2.713329e-03
-7.744602e-03 -1.068343e-03 2.705593e-03
-7.632358e-03 -9.644680e-04 2.694700e-03
-7.545602e-03 -8.914463e-04 2.677860e-03
-7.457509e-03 -8.183898e-04 2.659789e-03
-7.368189e-03 -7.453929e-04 2.640472e-03
-7.238817e-03 -6.397051e-04 2.614441e-03
-7.105207e-03 -5.340985e-04 2.584131e-03
-6.968919e-03 -4.277943e-04 2.551881e-03
-6.866772e-03 -3.534453e-04 2.521293e-03
-6.763592e-03 -2.790910e-04 2.489735e-03
-6.659448e-03 -2.048147e-04 2.457183e-03
-6.508923e-03 -9.831865e-05 2.411085e-03
-6.355717e-03 6.932808e-06 2.361110e-03
-6.200610e-03 1.117188e-04 2.308819e-03
-6.087215e-03 1.841783e-04 2.265479e-03
-5.972710e-03 2.563952e-04 2.220837e-03
-5.857263e-03 3.283221e-04 2.175051e-03
-5.690335e-03 4.321340e-04 2.110185e-03
-5.521123e-03 5.339112e-04 2.041053e-03
-5.350410e-03 6.348231e-04 1.969606e-03
-5.228690e-03 7.028039e-04 1.913860e-03
-5.106635e-03 7.702265e-04 1.857283e-03
-4.984263e-03 8.371350e-04 1.799929e-03
-4.806891e-03 9.331481e-04 1.717177e-03
-4.627652e-03 1.027523e-03 1.630974e-03
-4.448885e-03 1.119868e-03 1.543270e-03
-4.322470e-03 1.181810e-03 1.477203e-03
-4.196013e-03 1.242972e-03 1.410403e-03
-4.069457e-03 1.303400e-03 1.342857e-03
-3.886830e-03 1.388545e-03 1.244372e-03
-3.703894e-03 1.471663e-03 1.143607e-03
-3.521822e-03 1.552364e-03 1.041343e-03
-3.394384e-03 1.606084e-03 9.664804e-04
-3.267286e-03 1.659000e-03 8.912117e-04
-3.140508e-03 1.711104e-03 8.155050e-04
-2.959278e-03 1.783428e-03 7.059429e-04
-2.778890e-03 1.852190e-03 5.937264e-04
-2.600514e-03 1.917780e-03 4.804163e-04
-2.477559e-03 1.961187e-03 4.001169e-04
-2.354994e-03 2.003639e-03 3.193417e-04
-2.232912e-03 2.045045e-03 2.380595e-04
-2.060070e-03 2.100788e-03 1.206884e-04
-1.888504e-03 2.153340e-03 1.456256e-06
-1.720166e-03 2.202699e-03 -1.176864e-04
-1.605017e-03 2.233920e-03 -2.019687e-04
-1.490787e-03 2.263872e-03 -2.865460e-04
-1.377525e-03 2.292545e-03 -3.713860e-04
-1.217384e-03 2.329040e-03 -4.949542e-04
-1.060069e-03 2.361956e-03 -6.192314e-04
-9.067481e-04 2.391291e-03 -7.430469e-04
-8.036539e-04 2.408576e-03 -8.288982e-04
-7.013086e-04 2.425106e-03 -9.146697e-04
-5.998493e-04 2.440768e-03 -1.000367e-03
-4.593642e-04 2.456956e-03 -1.124270e-03
-3.224397e-04 2.468829e-03 -1.248873e-03
-1.890769e-04 2.478337e-03 -1.372228e-03
-1.010010e-04 2.481807e-03 -1.456530e-03
-1.449944e-05 2.484067e-03 -1.540416e-03
7.040809e-05 2.485072e-03 -1.623927e-03
1.867178e-04 2.479561e-03 -1.745066e-03
2.986643e-04 2.469343e-03 -1.866508e-03
4.058567e-04 2.456757e-03 -1.985522e-03
4.753632e-04 2.445250e-03 -2.065975e-03
5.431855e-04 2.432845e-03 -2.145588e-03
6.093137e-04 2.419455e-03 -2.224473e-03
6.968281e-04 2.391594e-03 -2.338932e-03
7.788439e-04 2.360235e-03 -2.451346e-03
8.565300e-04 2.325768e-03 -2.562494e-03
9.045975e-04 2.299180e-03 -2.636408e-03
9.510167e-04 2.271822e-03 -2.709408e-03
9.957471e-04 2.243692e-03 -2.781470e-03
1.051937e-03 2.195238e-03 -2.885002e-03
1.101459e-03 2.143268e-03 -2.985352e-03
1.146263e-03 2.087781e-03 -3.084469e-03
1.172656e-03 2.047685e-03 -3.150091e-03
1.197253e-03 2.006765e-03 -3.214703e-03
1.219847e-03 1.964943e-03 -3.278221e-03
1.240599e-03 1.894851e-03 -3.367834e-03
1.255869e-03 1.822424e-03 -3.454273e-03
1.266825e-03 1.746495e-03 -3.539879e-03
1.269524e-03 1.694157e-03 -3.593976e-03
1.270464e-03 1.640864e-03 -3.647277e-03
1.269699e-03 1.586595e-03 -3.699840e-03
1.256340e-03 1.498112e-03 -3.773675e-03
1.237116e-03 1.406938e-03 -3.844325e-03
1.212025e-03 1.313075e-03 -3.911789e-03
1.191752e-03 1.249539e-03 -3.954154e-03
1.169262e-03 1.185112e-03 -3.995199e-03
1.144658e-03 1.119914e-03 -4.034894e-03
1.096173e-03 1.016291e-03 -4.088750e-03
1.041458e-03 9.104050e-04 -4.138643e-03
9.816846e-04 8.018652e-04 -4.186131e-03
9.390278e-04 7.292895e-04 -4.215250e-03
8.950409e-04 6.565719e-04 -4.243175e-03
8.497255e-04 5.837566e-04 -4.269894e-03
7.683177e-04 4.679208e-04 -4.303118e-03
6.814878e-04 3.498188e-04 -4.333195e-03
5.892353e-04 2.294517e-04 -4.360127e-03
5.258772e-04 1.509511e-04 -4.374622e-03
4.608549e-04 7.225283e-05 -4.387678e-03
3.942244e-04 -6.582336e-06 -4.399307e-03
2.823937e-04 -1.314456e-04 -4.411281e-03
1.659467e-04 -2.577659e-04 -4.420119e-03
4.527350e-05 -3.855421e-04 -4.426210e-03
-3.646280e-05 -4.681240e-04 -4.426628e-03
-1.194307e-04 -5.507390e-04 -4.425881e-03
-2.035626e-04 -6.332994e-04 -4.423965e-03
-3.409280e-04 -7.631690e-04 -4.415620e-03
-4.813428e-04 -8.933439e-04 -4.404555e-03
-6.255868e-04 -1.023043e-03 -4.389213e-03
-7.213366e-04 -1.106227e-03 -4.376488e-03
-8.186496e-04 -1.189583e-03 -4.362459e-03
-9.175661e-04 -1.273236e-03 -4.347161e-03
-1.075312e-03 -1.402687e-03 -4.318267e-03
-1.237642e-03 -1.532386e-03 -4.285093e-03
-1.401434e-03 -1.661555e-03 -4.249979e-03
-1.509383e-03 -1.742830e-03 -4.223519e-03
-1.618071e-03 -1.823505e-03 -4.195750e-03
-1.727478e-03 -1.903419e-03 -4.166578e-03
-1.900328e-03 -2.029593e-03 -4.119618e-03
-2.075433e-03 -2.153716e-03 -4.068403e-03
-2.253183e-03 -2.277739e-03 -4.014494e-03
-2.367805e-03 -2.353567e-03 -3.976301e-03
-2.483193e-03 -2.429354e-03 -3.937360e-03
-2.599548e-03 -2.505153e-03 -3.897535e-03
-2.779997e-03 -2.621811e-03 -3.833811e-03
-2.961128e-03 -2.735615e-03 -3.766616e-03
-3.143720e-03 -2.848515e-03 -3.697122e-03
-3.259619e-03 -2.915799e-03 -3.649494e-03
-3.375804e-03 -2.982774e-03 -3.601345e-03
-3.492394e-03 -3.049503e-03 -3.552622e-03
-3.675307e-03 -3.153955e-03 -3.474618e-03
-3.856969e-03 -3.254403e-03 -3.393928e-03
-4.038549e-03 -3.352795e-03 -3.311332e-03
-4.153148e-03 -3.410356e-03 -3.255717e-03
-4.266976e-03 -3.466836e-03 -3.199851e-03
-4.380005e-03 -3.522268e-03 -3.143794e-03
-4.556434e-03 -3.608333e-03 -3.054301e-03
-4.731598e-03 -3.691160e-03 -2.962913e-03
-4.905107e-03 -3.771916e-03 -2.871190e-03
-5.012103e-03 -3.815660e-03 -2.809795e-03
-5.118541e-03 -3.858641e-03 -2.748260e-03
-5.224391e-03 -3.900823e-03 -2.686612e-03
-5.388465e-03 -3.967016e-03 -2.590026e-03
-5.550081e-03 -4.029575e-03 -2.492343e-03
-5.708069e-03 -4.088109e-03 -2.394345e-03
-5.803720e-03 -4.117913e-03 -2.330782e-03
-5.898593e-03 -4.146584e-03 -2.266937e-03
-5.992789e-03 -4.174075e-03 -2.202670e-03
-6.137993e-03 -4.217379e-03 -2.102493e-03
-6.279193e-03 -4.255539e-03 -2.001250e-03
-6.416389e-03 -4.290506e-03 -1.900894e-03
-6.496351e-03 -4.302944e-03 -1.836087e-03
-6.575020e-03 -4.314021e-03 -1.771283e-03
-6.652407e-03 -4.323727e-03 -1.706473e-03
-6.772173e-03 -4.341575e-03 -1.606683e-03
-6.886779e-03 -4.354671e-03 -1.507371e-03
-6.997005e-03 -4.363795e-03 -1.408537e-03
-7.057827e-03 -4.358836e-03 -1.345857e-03
-7.117235e-03 -4.352434e-03 -1.283214e-03
-7.174998e-03 -4.344538e-03 -1.220755e-03
-7.265591e-03 -4.336360e-03 -1.124488e-03
-7.349105e-03 -4.321878e-03 -1.029069e-03
-7.428269e-03 -4.304993e-03 -9.356668e-04
-7.468287e-03 -4.283226e-03 -8.773070e-04
-7.505966e-03 -4.259443e-03 -8.193186e-04
-7.541130e-03 -4.233462e-03 -7.616926e-04
-7.595340e-03 -4.197473e-03 -6.743199e-04
-7.644823e-03 -4.158331e-03 -5.885793e-04
-7.687239e-03 -4.112917e-03 -5.036906e-04
-7.703079e-03 -4.073562e-03 -4.521828e-04
-7.716636e-03 -4.032689e-03 -4.014760e-04
-7.727916e-03 -3.990227e-03 -3.514848e-04
-7.747873e-03 -3.929712e-03 -2.741431e-04
-7.760397e-03 -3.864507e-03 -1.995901e-04
-7.766659e-03 -3.795003e-03 -1.270458e-04
-7.757021e-03 -3.738560e-03 -8.414716e-05
-7.745392e-03 -3.681423e-03 -4.254014e-05
-7.731846e-03 -3.623585e-03 -2.162420e-06
-7.712276e-03 -3.537942e-03 6.054932e-05
-7.686088e-03 -3.448791e-03 1.201143e-04
-7.652892e-03 -3.355354e-03 1.769229e-04
-7.618142e-03 -3.284468e-03 2.090288e-04
-7.581151e-03 -3.212723e-03 2.397559e-04
-7.542018e-03 -3.140142e-03 2.691606e-04
-7.485503e-03 -3.034575e-03 3.146969e-04
-7.423563e-03 -2.926715e-03 3.570743e-04
-7.353857e-03 -2.814613e-03 3.959032e-04
-7.294266e-03 -2.731284e-03 4.155487e-04
-7.233125e-03 -2.647453e-03 4.341651e-04
-7.170354e-03 -2.563133e-03 4.516146e-04
-7.077906e-03 -2.440594e-03 4.780981e-04
-6.980433e-03 -2.316151e-03 5.014457e-04
-6.877545e-03 -2.189805e-03 5.212682e-04
-6.796335e-03 -2.098146e-03 5.276630e-04
-6.713349e-03 -2.005654e-03 5.331035e-04
-6.628551e-03 -1.912203e-03 5.377329e-04
-6.502757e-03 -1.775975e-03 5.445345e-04
-6.373116e-03 -1.640189e-03 5.470544e-04
-6.238849e-03 -1.502507e-03 5.468535e-04
-6.138477e-03 -1.404817e-03 5.402067e-04
-6.036586e-03 -1.306643e-03 5.325399e-04
-5.933139e-03 -1.207997e-03 5.238247e-04
-5.780824e-03 -1.065982e-03 5.099679e-04
-5.625435e-03 -9.236382e-04 4.933701e-04
-5.465411e-03 -7.801852e-04 4.732520e-04
-5.349612e-03 -6.803984e-04 4.534193e-04
-5.232671e-03 -5.808618e-04 4.322512e-04
-5.114488e-03 -4.815002e-04 4.096923e-04
-4.941595e-03 -3.396132e-04 3.752636e-04
-4.766058e-03 -1.978215e-04 3.381101e-04
-4.587487e-03 -5.573634e-05 2.982326e-04
-4.460300e-03 4.206647e-05 2.652647e-04
-4.332155e-03 1.397895e-04 2.312848e-04
-4.203082e-03 2.374383e-04 1.963603e-04
-4.015646e-03 3.767695e-04 1.449984e-04
-3.826740e-03 5.140603e-04 9.016079e-05
-3.635585e-03 6.504794e-04 3.223831e-05
-3.502287e-03 7.429287e-04 -1.194252e-05
-3.368591e-03 8.345143e-04 -5.733488e-05
-3.234457e-03 9.252561e-04 -1.039671e-04
-3.039162e-03 1.053865e-03 -1.736589e-04
-2.844342e-03 1.180048e-03 -2.452616e-04
-2.649996e-03 1.303803e-03 -3.187743e-04
-2.515369e-03 1.386777e-03 -3.734673e-04
-2.381098e-03 1.468682e-03 -4.288087e-04
-2.247157e-03 1.549521e-03 -4.848302e-04
-2.054533e-03 1.662365e-03 -5.673420e-04
-1.861639e-03 1.772372e-03 -6.529124e-04
-1.671595e-03 1.877982e-03 -7.399806e-04
-1.540804e-03 1.948253e-03 -8.032220e-04
-1.411129e-03 2.017242e-03 -8.665522e-04
-1.282660e-03 2.084807e-03 -9.300725e-04
-1.097843e-03 2.176480e-03 -1.025633e-03
-9.154564e-04 2.264555e-03 -1.122306e-03
-7.347200e-04 2.349810e-03 -1.220092e-03
-6.142085e-04 2.403654e-03 -1.289144e-03
-4.948413e-04 2.456263e-03 -1.358246e-03
-3.765730e-04 2.507698e-03 -1.427372e-03
-2.083841e-04 2.574866e-03 -1.530465e-03
-4.497715e-05 2.637243e-03 -1.633515e-03
1.163771e-04 2.695217e-03 -1.738864e-03
2.220422e-04 2.730905e-03 -1.810930e-03
3.265541e-04 2.765219e-03 -1.883148e-03
4.300777e-04 2.798186e-03 -1.955663e-03
5.730935e-04 2.835834e-03 -2.062777e-03
7.121401e-04 2.869522e-03 -2.169816e-03
8.464366e-04 2.898080e-03 -2.277169e-03
9.333254e-04 2.913649e-03 -2.350264e-03
1.018353e-03 2.927365e-03 -2.423293e-03
1.101547e-03 2.939171e-03 -2.496349e-03
1.215251e-03 2.947508e-03 -2.603125e-03
1.322645e-03 2.950710e-03 -2.708665e-03
1.424898e-03 2.947996e-03 -2.814920e-03
1.489195e-03 2.942505e-03 -2.886181e-03
1.551660e-03 2.935276e-03 -2.957336e-03
1.612548e-03 2.926486e-03 -3.028419e-03
1.689739e-03 2.902200e-03 -3.130996e-03
1.760980e-03 2.873568e-03 -3.231912e-03
1.826270e-03 2.839811e-03 -3.331949e-03
1.865954e-03 2.813852e-03 -3.398847e-03
1.903545e-03 2.786073e-03 -3.465435e-03
1.938957e-03 2.756477e-03 -3.531644e-03
1.978588e-03 2.702053e-03 -3.626527e-03
2.010774e-03 2.641383e-03 -3.720162e-03
2.035513e-03 2.576030e-03 -3.810987e-03
2.048028e-03 2.529521e-03 -3.871074e-03
2.058149e-03 2.481663e-03 -3.930086e-03
2.065942e-03 2.432340e-03 -3.988204e-03
2.064805e-03 2.349215e-03 -4.070793e-03
2.056635e-03 2.260660e-03 -4.151742e-03
2.042213e-03 2.168237e-03 -4.230271e-03
2.027745e-03 2.104547e-03 -4.280436e-03
2.011253e-03 2.039427e-03 -4.329992e-03
1.992635e-03 1.972747e-03 -4.378981e-03
1.951250e-03 1.862665e-03 -4.448147e-03
1.902851e-03 1.749121e-03 -4.513731e-03
1.848609e-03 1.632115e-03 -4.576904e-03
1.807867e-03 1.552529e-03 -4.616636e-03
1.764958e-03 1.471815e-03 -4.655338e-03
1.719949e-03 1.389975e-03 -4.693056e-03
1.641395e-03 1.259026e-03 -4.745824e-03
1.555437e-03 1.125010e-03 -4.794242e-03
1.464415e-03 9.875392e-04 -4.841041e-03
1.399029e-03 8.955521e-04 -4.868564e-03
1.332074e-03 8.029300e-04 -4.895152e-03
1.263510e-03 7.096566e-04 -4.920795e-03
1.149042e-03 5.626342e-04 -4.953730e-03
1.029159e-03 4.133484e-04 -4.983514e-03
9.038613e-04 2.625805e-04 -5.009367e-03
8.182473e-04 1.634383e-04 -5.023893e-03
7.310222e-04 6.409222e-05 -5.037047e-03
6.421273e-04 -3.569153e-05 -5.048972e-03
4.982361e-04 -1.935749e-04 -5.063430e-03
3.501146e-04 -3.497987e-04 -5.072009e-03
1.977628e-04 -5.078716e-04 -5.078221e-03
9.389030e-05 -6.112943e-04 -5.078941e-03
-1.076875e-05 -7.144845e-04 -5.078691e-03
-1.161632e-04 -8.174943e-04 -5.077550e-03
-2.818938e-04 -9.759268e-04 -5.070886e-03
-4.518217e-04 -1.135851e-03 -5.061537e-03
-6.239965e-04 -1.294925e-03 -5.049113e-03
-7.392319e-04 -1.397113e-03 -5.037479e-03
-8.548207e-04 -1.498430e-03 -5.024668e-03
-9.707766e-04 -1.598947e-03 -5.010743e-03
-1.151974e-03 -1.754527e-03 -4.985978e-03
-1.335438e-03 -1.908420e-03 -4.957313e-03
-1.520778e-03 -2.061013e-03 -4.925530e-03
-1.642076e-03 -2.156491e-03 -4.901444e-03
-1.762998e-03 -2.251135e-03 -4.876928e-03
-1.883627e-03 -2.344918e-03 -4.851935e-03
-2.071258e-03 -2.488911e-03 -4.809483e-03
-2.259971e-03 -2.630074e-03 -4.763180e-03
-2.449764e-03 -2.769185e-03 -4.713805e-03
-2.571758e-03 -2.854375e-03 -4.679098e-03
-2.693042e-03 -2.937916e-03 -4.643522e-03
-2.813586e-03 -3.019801e-03 -4.607105e-03
-2.999810e-03 -3.145285e-03 -4.547940e-03
-3.184373e-03 -3.267153e-03 -4.486886e-03
-3.367667e-03 -3.385794e-03 -4.423946e-03
-3.484192e-03 -3.456340e-03 -4.380499e-03
-3.599823e-03 -3.524928e-03 -4.336074e-03
-3.714442e-03 -3.591495e-03 -4.290716e-03
-3.889941e-03 -3.693099e-03 -4.218836e-03
-4.062211e-03 -3.789515e-03 -4.145081e-03
-4.232421e-03 -3.880744e-03 -4.068282e-03
-4.337616e-03 -3.931199e-03 -4.016538e-03
-4.441427e-03 -3.980223e-03 -3.964805e-03
-4.543816e-03 -4.027805e-03 -3.913138e-03
-4.699288e-03 -4.098602e-03 -3.830966e-03
-4.851940e-03 -4.164636e-03 -3.746943e-03
-4.999820e-03 -4.224735e-03 -3.661850e-03
-5.088571e-03 -4.254513e-03 -3.606328e-03
-5.175853e-03 -4.282118e-03 -3.550197e-03
-5.261758e-03 -4.307606e-03 -3.493385e-03
-5.391033e-03 -4.345800e-03 -3.405319e-03
-5.514396e-03 -4.378095e-03 -3.317353e-03
-5.631846e-03 -4.403710e-03 -3.228709e-03
-5.699757e-03 -4.409481e-03 -3.170511e-03
-5.765465e-03 -4.412499e-03 -3.111874e-03
-5.828978e-03 -4.412915e-03 -3.052895e-03
-5.924111e-03 -4.414446e-03 -2.962833e-03
-6.013340e-03 -4.409263e-03 -2.872067e-03
-6.097055e-03 -4.398146e-03 -2.780989e-03
-6.140516e-03 -4.378400e-03 -2.722219e-03
-6.182011e-03 -4.356839e-03 -2.663670e-03
-6.221392e-03 -4.333353e-03 -2.605395e-03
-6.277890e-03 -4.297191e-03 -2.516802e-03
-6.327709e-03 -4.255542e-03 -2.429493e-03
-6.372799e-03 -4.207237e-03 -2.340348e-03
-6.389757e-03 -4.163595e-03 -2.284626e-03
-6.404538e-03 -4.117914e-03 -2.229113e-03
-6.417114e-03 -4.070241e-03 -2.173866e-03
-6.433229e-03 -3.997810e-03 -2.089881e-03
-6.441511e-03 -3.921092e-03 -2.009516e-03
-6.442742e-03 -3.835797e-03 -1.927701e-03
-6.430748e-03 -3.768409e-03 -1.877559e-03
-6.416770e-03 -3.699493e-03 -1.827926e-03
-6.400739e-03 -3.628905e-03 -1.778739e-03
-6.374050e-03 -3.522932e-03 -1.704419e-03
-6.340734e-03 -3.411891e-03 -1.631736e-03
-6.300399e-03 -3.295003e-03 -1.560301e-03
-6.260311e-03 -3.207272e-03 -1.518212e-03
-6.218138e-03 -3.118139e-03 -1.476840e-03
-6.173875e-03 -3.027560e-03 -1.436141e-03
-6.105346e-03 -2.893220e-03 -1.375617e-03
-6.030620e-03 -2.753461e-03 -1.315938e-03
-5.948528e-03 -2.608675e-03 -1.258663e-03
-5.882356e-03 -2.504388e-03 -1.226306e-03
-5.814270e-03 -2.399011e-03 -1.194798e-03
-5.744248e-03 -2.292476e-03 -1.164094e-03
-5.638057e-03 -2.133559e-03 -1.116913e-03
-5.525685e-03 -1.971591e-03 -1.072900e-03
-5.407522e-03 -1.807353e-03 -1.032447e-03
-5.318047e-03 -1.690532e-03 -1.010969e-03
-5.226877e-03 -1.572664e-03 -9.901564e-04
-5.134072e-03 -1.453855e-03 -9.700406e-04
-4.995082e-03 -1.279087e-03 -9.399360e-04
-4.850720e-03 -1.102101e-03 -9.130120e-04
-4.702155e-03 -9.240690e-04 -8.892674e-04
-4.593931e-03 -7.994275e-04 -8.787519e-04
-4.484176e-03 -6.750111e-04 -8.699767e-04
-4.372888e-03 -5.507859e-04 -8.629232e-04
-4.206345e-03 -3.685898e-04 -8.529736e-04
-4.035997e-03 -1.857261e-04 -8.461620e-04
-3.861844e-03 -1.416678e-06 -8.417072e-04
-3.739272e-03 1.234898e-04 -8.452078e-04
-3.615650e-03 2.483936e-04 -8.497373e-04
-3.490938e-03 3.733591e-04 -8.552560e-04
-3.305932e-03 5.543496e-04 -8.648946e-04
-3.119088e-03 7.348392e-04 -8.768455e-04
-2.930014e-03 9.140458e-04 -8.922776e-04
-2.798002e-03 1.035328e-03 -9.086535e-04
-2.665928e-03 1.155427e-03 -9.262578e-04
-2.533801e-03 1.274474e-03 -9.448992e-04
-2.339806e-03 1.446776e-03 -9.720296e-04
-2.143205e-03 1.616993e-03 -1.003806e-03
-1.947508e-03 1.784733e-03 -1.037107e-03
-1.813908e-03 1.895375e-03 -1.065448e-03
-1.680400e-03 2.005003e-03 -1.094665e-03
-1.546952e-03 2.113617e-03 -1.124798e-03
-1.350605e-03 2.269098e-03 -1.170802e-03
-1.156295e-03 2.419376e-03 -1.219917e-03
-9.624618e-04 2.566790e-03 -1.271363e-03
-8.317167e-04 2.661673e-03 -1.312284e-03
-7.021056e-04 2.755138e-03 -1.353416e-03
-5.737952e-04 2.846976e-03 -1.394844e-03
-3.863398e-04 2.976649e-03 -1.457418e-03
-2.013294e-04 3.100763e-03 -1.523019e-03
-1.993416e-05 3.218146e-03 -1.591646e-03
1.000850e-04 3.292513e-03 -1.641987e-03
2.188119e-04 3.365187e-03 -1.692646e-03
3.360804e-04 3.436111e-03 -1.743510e-03
5.033797e-04 3.531642e-03 -1.819591e-03
6.686568e-04 3.621972e-03 -1.898772e-03
8.295712e-04 3.705930e-03 -1.979882e-03
9.343057e-04 3.757251e-03 -2.037519e-03
1.037208e-03 3.805960e-03 -2.095866e-03
1.138192e-03 3.852002e-03 -2.154882e-03
1.280394e-03 3.911122e-03 -2.241778e-03
1.418238e-03 3.963145e-03 -2.331314e-03
1.548995e-03 4.007289e-03 -2.421540e-03
1.632447e-03 4.031911e-03 -2.484114e-03
1.713693e-03 4.053817e-03 -2.547127e-03
1.792660e-03 4.072988e-03 -2.610522e-03
1.900984e-03 4.090845e-03 -2.704264e-03
2.001852e-03 4.100434e-03 -2.798716e-03
2.097213e-03 4.103315e-03 -2.894266e-03
2.155753e-03 4.100023e-03 -2.959353e-03
2.211936e-03 4.093823e-03 -3.024929e-03
2.265674e-03 4.084751e-03 -3.090857e-03
2.335646e-03 4.060884e-03 -3.187432e-03
2.397805e-03 4.029563e-03 -3.283552e-03
2.452539e-03 3.989617e-03 -3.380774e-03
2.482722e-03 3.957622e-03 -3.445766e-03
2.510604e-03 3.923298e-03 -3.510724e-03
2.536254e-03 3.886538e-03 -3.575816e-03
2.561512e-03 3.820008e-03 -3.669845e-03
2.580119e-03 3.747221e-03 -3.763390e-03
2.592075e-03 3.667396e-03 -3.857231e-03
2.592861e-03 3.608572e-03 -3.919258e-03
2.591610e-03 3.547977e-03 -3.980945e-03
2.588168e-03 3.485573e-03 -4.042222e-03
2.571248e-03 3.380658e-03 -4.132027e-03
2.546925e-03 3.270698e-03 -4.219408e-03
2.515978e-03 3.154136e-03 -4.306704e-03
2.488817e-03 3.071773e-03 -4.364045e-03
2.459576e-03 2.987936e-03 -4.420734e-03
2.428090e-03 2.902546e-03 -4.476716e-03
2.368478e-03 2.764261e-03 -4.556937e-03
2.302281e-03 2.620955e-03 -4.635548e-03
2.229886e-03 2.473018e-03 -4.712548e-03
2.176191e-03 2.372099e-03 -4.761762e-03
2.120607e-03 2.269903e-03 -4.810355e-03
2.063194e-03 2.166471e-03 -4.858340e-03
1.964916e-03 2.002765e-03 -4.925166e-03
1.860458e-03 1.834868e-03 -4.989982e-03
1.750989e-03 1.665511e-03 -5.051229e-03
1.674268e-03 1.551488e-03 -5.090464e-03
1.595281e-03 1.435960e-03 -5.128970e-03
1.514039e-03 1.318975e-03 -5.166701e-03
1.383608e-03 1.136818e-03 -5.219811e-03
1.246615e-03 9.535979e-04 -5.267419e-03
1.105009e-03 7.673677e-04 -5.313426e-03
1.007958e-03 6.445766e-04 -5.341216e-03
9.101861e-04 5.219612e-04 -5.368100e-03
8.114565e-04 3.994200e-04 -5.393999e-03
6.540909e-04 2.102872e-04 -5.427264e-03
4.925411e-04 2.087138e-05 -5.456642e-03
3.283664e-04 -1.692151e-04 -5.484085e-03
2.170750e-04 -2.929867e-04 -5.498828e-03
1.048359e-04 -4.165655e-04 -5.512490e-03
-8.410237e-06 -5.400588e-04 -5.525092e-03
-1.835750e-04 -7.267492e-04 -5.538351e-03
-3.613744e-04 -9.121264e-04 -5.547713e-03
-5.406389e-04 -1.096578e-03 -5.554739e-03
-6.592841e-04 -1.213506e-03 -5.555608e-03
-7.778906e-04 -1.329683e-03 -5.555825e-03
-8.964276e-04 -1.445014e-03 -5.555363e-03
-1.080401e-03 -1.620627e-03 -5.549125e-03
-1.263895e-03 -1.791801e-03 -5.539001e-03
-1.447691e-03 -1.960096e-03 -5.525772e-03
-1.567968e-03 -2.065020e-03 -5.513467e-03
-1.687890e-03 -2.168627e-03 -5.500283e-03
-1.807443e-03 -2.270926e-03 -5.486237e-03
-1.989695e-03 -2.421809e-03 -5.457507e-03
-2.170690e-03 -2.569459e-03 -5.426890e-03
-2.350037e-03 -2.712312e-03 -5.393215e-03
-2.464797e-03 -2.797961e-03 -5.367706e-03
-2.578782e-03 -2.881823e-03 -5.341261e-03
-2.691897e-03 -2.963771e-03 -5.313871e-03
-2.861498e-03 -3.083460e-03 -5.267184e-03
-3.028304e-03 -3.197167e-03 -5.217426e-03
-3.193093e-03 -3.305281e-03 -5.164209e-03
-3.296602e-03 -3.366874e-03 -5.126512e-03
-3.398537e-03 -3.426224e-03 -5.088241e-03
-3.498884e-03 -3.483293e-03 -5.049384e-03
-3.647790e-03 -3.564923e-03 -4.986014e-03
-3.792324e-03 -3.639787e-03 -4.920377e-03
-3.932876e-03 -3.707885e-03 -4.852085e-03
-4.018248e-03 -3.740768e-03 -4.804467e-03
-4.101858e-03 -3.771282e-03 -4.756358e-03
-4.183666e-03 -3.799572e-03 -4.707928e-03
-4.303843e-03 -3.838249e-03 -4.631068e-03
-4.418521e-03 -3.869408e-03 -4.552324e-03
-4.527310e-03 -3.892267e-03 -4.471306e-03
-4.590730e-03 -3.894968e-03 -4.416151e-03
-4.652308e-03 -3.895080e-03 -4.360355e-03
-4.711946e-03 -3.892455e-03 -4.303871e-03
-4.796919e-03 -3.883407e-03 -4.215239e-03
-4.874878e-03 -3.866503e-03 -4.125893e-03
-4.946603e-03 -3.842912e-03 -4.036225e-03
-4.984239e-03 -3.814385e-03 -3.976280e-03
-5.019300e-03 -3.782753e-03 -3.915904e-03
-5.051702e-03 -3.747933e-03 -3.855121e-03
-5.094734e-03 -3.691475e-03 -3.761721e-03
-5.131902e-03 -3.626385e-03 -3.665690e-03
-5.162037e-03 -3.553834e-03 -3.569371e-03
-5.171387e-03 -3.493474e-03 -3.506501e-03
-5.178596e-03 -3.431129e-03 -3.443870e-03
-5.183565e-03 -3.366732e-03 -3.381533e-03
-5.185212e-03 -3.265469e-03 -3.285392e-03
-5.179474e-03 -3.156803e-03 -3.189349e-03
-5.164790e-03 -3.040345e-03 -3.094572e-03
-5.145920e-03 -2.952241e-03 -3.032726e-03
-5.124226e-03 -2.861662e-03 -2.971307e-03
-5.099803e-03 -2.768566e-03 -2.910188e-03
-5.059263e-03 -2.627216e-03 -2.816707e-03
-5.010952e-03 -2.478892e-03 -2.724123e-03
-4.956039e-03 -2.325157e-03 -2.632827e-03
-4.909396e-03 -2.212385e-03 -2.574525e-03
-4.860630e-03 -2.098162e-03 -2.516950e-03
-4.809771e-03 -1.982653e-03 -2.460241e-03
-4.728729e-03 -1.806523e-03 -2.372951e-03
-4.640708e-03 -1.626558e-03 -2.288880e-03
-4.547268e-03 -1.441979e-03 -2.205687e-03
-4.475454e-03 -1.310334e-03 -2.154018e-03
-4.401766e-03 -1.177493e-03 -2.103049e-03
-4.326143e-03 -1.043466e-03 -2.052865e-03
-4.207942e-03 -8.437564e-04 -1.979467e-03
-4.085513e-03 -6.402495e-04 -1.906560e-03
-3.957684e-03 -4.345083e-04 -1.836873e-03
-3.864474e-03 -2.916777e-04 -1.795590e-03
-3.769895e-03 -1.483046e-04 -1.755147e-03
-3.673901e-03 -4.435934e-06 -1.715651e-03
-3.526526e-03 2.092839e-04 -1.657588e-03
-3.375717e-03 4.240441e-04 -1.601947e-03
-3.220693e-03 6.394518e-04 -1.549895e-03
-3.111215e-03 7.865407e-04 -1.520677e-03
-3.001059e-03 9.333769e-04 -1.492370e-03
-2.890156e-03 1.079930e-03 -1.465103e-03
-2.722265e-03 1.295806e-03 -1.425433e-03
-2.551367e-03 1.511138e-03 -1.389303e-03
-2.377461e-03 1.725531e-03 -1.357100e-03
-2.257322e-03 1.868948e-03 -1.342149e-03
-2.136847e-03 2.011763e-03 -1.328100e-03
-2.016046e-03 2.153892e-03 -1.315042e-03
-1.836330e-03 2.360522e-03 -1.296308e-03
-1.655540e-03 2.563855e-03 -1.281917e-03
-1.474453e-03 2.764277e-03 -1.270697e-03
-1.351526e-03 2.897029e-03 -1.268988e-03
-1.228247e-03 3.028150e-03 -1.269213e-03
-1.104739e-03 3.157494e-03 -1.271389e-03
-9.233231e-04 3.343193e-03 -1.275009e-03
-7.420009e-04 3.523661e-03 -1.283704e-03
-5.619412e-04 3.699676e-03 -1.295525e-03
-4.414417e-04 3.813825e-03 -1.309656e-03
-3.217390e-04 3.925643e-03 -1.325275e-03
-2.028947e-04 4.035133e-03 -1.342287e-03
-2.794734e-05 4.190240e-03 -1.369616e-03
1.430072e-04 4.338159e-03 -1.400055e-03
3.111393e-04 4.479278e-03 -1.434383e-03
4.217930e-04 4.568016e-03 -1.463655e-03
5.313497e-04 4.654576e-03 -1.493924e-03
6.398632e-04 4.739020e-03 -1.525185e-03
7.955699e-04 4.853130e-03 -1.573752e-03
9.480737e-04 4.960856e-03 -1.625392e-03
1.097374e-03 5.060249e-03 -1.682056e-03
1.192945e-03 5.119426e-03 -1.725321e-03
1.287066e-03 5.176139e-03 -1.769498e-03
1.379726e-03 5.230293e-03 -1.814689e-03
1.508908e-03 5.296973e-03 -1.883572e-03
1.634898e-03 5.357284e-03 -1.955516e-03
1.754184e-03 5.408107e-03 -2.030130e-03
1.828855e-03 5.433766e-03 -2.085451e-03
1.901715e-03 5.456628e-03 -2.141658e-03
1.972788e-03 5.476614e-03 -2.198851e-03
2.068977e-03 5.493039e-03 -2.284354e-03
2.159647e-03 5.501181e-03 -2.372502e-03
2.244015e-03 5.500647e-03 -2.462906e-03
2.294984e-03 5.492191e-03 -2.528074e-03
2.343451e-03 5.480533e-03 -2.593848e-03
2.389352e-03 5.465699e-03 -2.660132e-03
2.446930e-03 5.429833e-03 -2.758676e-03
2.497834e-03 5.386103e-03 -2.858293e-03
2.541672e-03 5.332950e-03 -2.960153e-03
2.564110e-03 5.289832e-03 -3.030883e-03
2.584348e-03 5.244091e-03 -3.101945e-03
2.602310e-03 5.195788e-03 -3.173226e-03
2.617961e-03 5.110689e-03 -3.278464e-03
2.627384e-03 5.017402e-03 -3.385558e-03
2.630578e-03 4.917099e-03 -3.493338e-03
2.625077e-03 4.842825e-03 -3.566784e-03
2.617338e-03 4.765846e-03 -3.640621e-03
2.607185e-03 4.686107e-03 -3.714735e-03
2.581872e-03 4.556393e-03 -3.823108e-03
2.549172e-03 4.419698e-03 -3.930988e-03
2.510254e-03 4.276021e-03 -4.039546e-03
2.477721e-03 4.175131e-03 -4.112159e-03
2.442949e-03 4.071804e-03 -4.184923e-03
2.405891e-03 3.966036e-03 -4.257777e-03
2.340649e-03 3.799466e-03 -4.362665e-03
2.268020e-03 3.627091e-03 -4.465910e-03
2.190735e-03 3.449695e-03 -4.569462e-03
2.134120e-03 3.327961e-03 -4.638539e-03
2.075231e-03 3.204919e-03 -4.706626e-03
2.014152e-03 3.080497e-03 -4.773855e-03
1.912641e-03 2.886671e-03 -4.869471e-03
1.806123e-03 2.688662e-03 -4.964229e-03
1.694988e-03 2.487645e-03 -5.057352e-03
1.616342e-03 2.352172e-03 -5.117987e-03
1.536395e-03 2.216451e-03 -5.177559e-03
1.455085e-03 2.080436e-03 -5.236071e-03
1.325720e-03 1.872084e-03 -5.318247e-03
1.191360e-03 1.661934e-03 -5.397227e-03
1.053952e-03 1.450379e-03 -5.474571e-03
9.594337e-04 1.311063e-03 -5.523192e-03
8.636834e-04 1.171281e-03 -5.571077e-03
7.666480e-04 1.030909e-03 -5.618279e-03
6.158020e-04 8.195718e-04 -5.682039e-03
4.607256e-04 6.079994e-04 -5.741844e-03
3.037582e-04 3.973645e-04 -5.798865e-03
1.993306e-04 2.613539e-04 -5.834447e-03
9.392345e-05 1.259948e-04 -5.868441e-03
-1.252871e-05 -8.705342e-06 -5.900788e-03
-1.766990e-04 -2.108660e-04 -5.942339e-03
-3.407788e-04 -4.081989e-04 -5.979206e-03
-5.051586e-04 -6.022613e-04 -6.012561e-03
-6.136968e-04 -7.258841e-04 -6.031971e-03
-7.226502e-04 -8.479189e-04 -6.049477e-03
-8.319262e-04 -9.683679e-04 -6.065143e-03
-9.976213e-04 -1.146156e-03 -6.081221e-03
-1.162879e-03 -1.318746e-03 -6.092629e-03
-1.327700e-03 -1.486524e-03 -6.099760e-03
-1.434226e-03 -1.589518e-03 -6.101065e-03
-1.540614e-03 -1.690598e-03 -6.100698e-03
-1.646844e-03 -1.789731e-03 -6.098632e-03
-1.805920e-03 -1.932314e-03 -6.086708e-03
-1.961417e-03 -2.067350e-03 -6.070925e-03
-2.115676e-03 -2.196005e-03 -6.050114e-03
-2.213740e-03 -2.271103e-03 -6.032600e-03
-2.310619e-03 -2.343691e-03 -6.013859e-03
-2.406330e-03 -2.413691e-03 -5.993835e-03
-2.548365e-03 -2.512668e-03 -5.956041e-03
-2.688032e-03 -2.604107e-03 -5.913221e-03
-2.822209e-03 -2.686838e-03 -5.867325e-03
-2.906742e-03 -2.730473e-03 -5.832584e-03
-2.989680e-03 -2.771072e-03 -5.796506e-03
-3.070963e-03 -2.808525e-03 -5.759078e-03
-3.189474e-03 -2.855526e-03 -5.693626e-03
-3.302470e-03 -2.893855e-03 -5.625156e-03
-3.410343e-03 -2.923122e-03 -5.552888e-03
-3.475907e-03 -2.931113e-03 -5.502209e-03
-3.539591e-03 -2.935693e-03 -5.450116e-03
-3.601297e-03 -2.936725e-03 -5.396580e-03
-3.688580e-03 -2.928572e-03 -5.308011e-03
-3.770399e-03 -2.912970e-03 -5.217600e-03
-3.845973e-03 -2.887188e-03 -5.123397e-03
-3.888709e-03 -2.857709e-03 -5.058808e-03
-3.929174e-03 -2.824970e-03 -4.993349e-03
-3.967334e-03 -2.788881e-03 -4.926983e-03
-4.019338e-03 -2.726326e-03 -4.820090e-03
-4.063541e-03 -2.653980e-03 -4.711345e-03
-4.100719e-03 -2.572623e-03 -4.600750e-03
-4.117720e-03 -2.506927e-03 -4.526376e-03
-4.132544e-03 -2.438204e-03 -4.451257e-03
-4.145139e-03 -2.366339e-03 -4.375346e-03
-4.158859e-03 -2.251961e-03 -4.255668e-03
-4.164849e-03 -2.127495e-03 -4.133746e-03
-4.163888e-03 -1.996063e-03 -4.011921e-03
-4.155502e-03 -1.897514e-03 -3.930714e-03
-4.144886e-03 -1.796300e-03 -3.849149e-03
-4.131977e-03 -1.692342e-03 -3.767216e-03
-4.105827e-03 -1.530183e-03 -3.640237e-03
-4.073875e-03 -1.361846e-03 -3.512983e-03
-4.035340e-03 -1.186162e-03 -3.385064e-03
-4.001703e-03 -1.060030e-03 -3.302007e-03
-3.965958e-03 -9.319222e-04 -3.219147e-03
-3.928056e-03 -8.017558e-04 -3.136469e-03
-3.865281e-03 -6.018784e-04 -3.008878e-03
-3.797867e-03 -3.977845e-04 -2.881787e-03
-3.724252e-03 -1.890871e-04 -2.756365e-03
-3.667939e-03 -4.278886e-05 -2.676166e-03
-3.610044e-03 1.046944e-04 -2.596411e-03
-3.550618e-03 2.533289e-04 -2.517065e-03
-3.456395e-03 4.785511e-04 -2.395902e-03
-3.357940e-03 7.052229e-04 -2.277558e-03
-3.253693e-03 9.360708e-04 -2.160863e-03
-3.178572e-03 1.093319e-03 -2.088704e-03
-3.102293e-03 1.251335e-03 -2.016950e-03
-3.024873e-03 1.410073e-03 -1.945619e-03
-2.904040e-03 1.647547e-03 -1.838922e-03
-2.779752e-03 1.885249e-03 -1.735461e-03
-2.651227e-03 2.123955e-03 -1.635234e-03
-2.562129e-03 2.283628e-03 -1.574639e-03
-2.471859e-03 2.443254e-03 -1.515258e-03
-2.380505e-03 2.602785e-03 -1.457016e-03
-2.242062e-03 2.836348e-03 -1.371764e-03
-2.101347e-03 3.069727e-03 -1.288935e-03
-1.957187e-03 3.300577e-03 -1.212039e-03
-1.857954e-03 3.453956e-03 -1.167675e-03
-1.758586e-03 3.606235e-03 -1.124511e-03
-1.659114e-03 3.757456e-03 -1.082449e-03
-1.508974e-03 3.978432e-03 -1.021195e-03
-1.358116e-03 4.194537e-03 -9.654623e-04
-1.207708e-03 4.406156e-03 -9.136905e-04
-1.105799e-03 4.542688e-03 -8.884994e-04
-1.003911e-03 4.677612e-03 -8.648188e-04
-9.020489e-04 4.810887e-03 -8.426871e-04
-7.495429e-04 5.003345e-03 -8.118409e-04
-6.006055e-04 5.188590e-03 -7.845276e-04
-4.501656e-04 5.367790e-03 -7.646459e-04
-3.510330e-04 5.480316e-03 -7.601678e-04
-2.525887e-04 5.590711e-03 -7.570213e-04
-1.547537e-04 5.698992e-03 -7.552976e-04
-1.148793e-05 5.849377e-03 -7.566405e-04
1.305525e-04 5.992965e-03 -7.634218e-04
2.698081e-04 6.129362e-03 -7.744704e-04
3.603479e-04 6.211668e-03 -7.909631e-04
4.495613e-04 6.290725e-03 -8.092530e-04
5.375562e-04 6.366581e-03 -8.294149e-04
6.650183e-04 6.468433e-03 -8.627049e-04
7.885176e-04 6.560360e-03 -9.018055e-04
9.084438e-04 6.644310e-03 -9.451556e-04
9.847347e-04 6.690054e-03 -9.831865e-04
1.059609e-03 6.732576e-03 -1.022892e-03
1.133203e-03 6.772039e-03 -1.064221e-03
1.237150e-03 6.818181e-03 -1.128837e-03
1.335993e-03 6.853684e-03 -1.198820e-03
1.430899e-03 6.880886e-03 -1.273000e-03
1.489627e-03 6.887933e-03 -1.331350e-03
1.546502e-03 6.891616e-03 -1.391067e-03
1.601466e-03 6.891995e-03 -1.452043e-03
1.676255e-03 6.880465e-03 -1.544251e-03
1.746380e-03 6.860664e-03 -1.639895e-03
1.810668e-03 6.829862e-03 -1.740536e-03
1.847888e-03 6.798684e-03 -1.814744e-03
1.883292e-03 6.764396e-03 -1.890101e-03
1.916850e-03 6.726933e-03 -1.966656e-03
1.958362e-03 6.658116e-03 -2.081963e-03
1.995204e-03 6.581819e-03 -2.199922e-03
2.025814e-03 6.494921e-03 -2.322094e-03
2.040043e-03 6.427281e-03 -2.408944e-03
2.052601e-03 6.356990e-03 -2.496644e-03
2.063517e-03 6.284222e-03 -2.585040e-03
2.070292e-03 6.162723e-03 -2.717463e-03
2.072064e-03 6.034591e-03 -2.851367e-03
2.067660e-03 5.899048e-03 -2.986362e-03
2.057904e-03 5.799468e-03 -3.080405e-03
2.046258e-03 5.697684e-03 -3.174670e-03
2.032918e-03 5.593654e-03 -3.269364e-03
2.005628e-03 5.430755e-03 -3.408363e-03
1.972902e-03 5.260895e-03 -3.548780e-03
1.933957e-03 5.083296e-03 -3.690615e-03
1.902659e-03 4.959353e-03 -3.786880e-03
1.869970e-03 4.833634e-03 -3.883429e-03
1.835686e-03 4.706119e-03 -3.980117e-03
1.776422e-03 4.509694e-03 -4.120093e-03
1.710936e-03 4.307864e-03 -4.259176e-03
1.641957e-03 4.103363e-03 -4.397368e-03
1.591535e-03 3.962677e-03 -4.490794e-03
1.539572e-03 3.821159e-03 -4.583434e-03
1.486003e-03 3.678864e-03 -4.675206e-03
1.398723e-03 3.463123e-03 -4.806097e-03
1.306036e-03 3.244349e-03 -4.934568e-03
1.210669e-03 3.024884e-03 -5.061010e-03
1.142865e-03 2.876392e-03 -5.144588e-03
1.074460e-03 2.728326e-03 -5.227095e-03
1.005428e-03 2.580664e-03 -5.308547e-03
8.953488e-04 2.359098e-03 -5.422280e-03
7.818023e-04 2.137652e-03 -5.532423e-03
6.663473e-04 1.917110e-03 -5.639756e-03
5.863414e-04 1.770579e-03 -5.709076e-03
5.055753e-04 1.624864e-03 -5.776827e-03
4.240252e-04 1.479940e-03 -5.843010e-03
2.981444e-04 1.265900e-03 -5.933471e-03
1.707773e-04 1.055524e-03 -6.018809e-03
4.153272e-05 8.484237e-04 -6.099028e-03
-4.576687e-05 7.140876e-04 -6.148996e-03
-1.330805e-04 5.816782e-04 -6.197054e-03
-2.204297e-04 4.512839e-04 -6.243130e-03
-3.534253e-04 2.623613e-04 -6.301584e-03
-4.875228e-04 7.828239e-05 -6.354161e-03
-6.223330e-04 -1.005595e-04 -6.400860e-03
-7.108933e-04 -2.129414e-04 -6.427913e-03
-7.992999e-04 -3.228614e-04 -6.452719e-03
-8.876243e-04 -4.304829e-04 -6.475370e-03
-1.019942e-03 -5.825846e-04 -6.498107e-03
-1.152984e-03 -7.283302e-04 -6.513856e-03
-1.285191e-03 -8.669370e-04 -6.523400e-03
-1.370653e-03 -9.508905e-04 -6.525584e-03
-1.456165e-03 -1.032226e-03 -6.525196e-03
-1.541657e-03 -1.110860e-03 -6.522215e-03
-1.668754e-03 -1.217372e-03 -6.505177e-03
-1.792285e-03 -1.315215e-03 -6.483143e-03
-1.914200e-03 -1.403610e-03 -6.453383e-03
-1.991519e-03 -1.453041e-03 -6.429758e-03
-2.068088e-03 -1.499413e-03 -6.403917e-03
-2.143924e-03 -1.542622e-03 -6.375766e-03
-2.255666e-03 -1.594500e-03 -6.320107e-03
-2.365030e-03 -1.636917e-03 -6.257498e-03
-2.470844e-03 -1.669483e-03 -6.188720e-03
-2.536398e-03 -1.680905e-03 -6.139494e-03
-2.600566e-03 -1.688436e-03 -6.087873e-03
-2.663470e-03 -1.692225e-03 -6.033878e-03
-2.754113e-03 -1.685381e-03 -5.941325e-03
-2.842025e-03 -1.669548e-03 -5.842643e-03
-2.925256e-03 -1.643946e-03 -5.739004e-03
-2.975435e-03 -1.615765e-03 -5.666221e-03
-3.024294e-03 -1.584591e-03 -5.591872e-03
-3.071775e-03 -1.550433e-03 -5.516008e-03
-3.138390e-03 -1.486089e-03 -5.390701e-03
-3.199913e-03 -1.412791e-03 -5.261652e-03
-3.256343e-03 -1.329370e-03 -5.127693e-03
-3.288256e-03 -1.264060e-03 -5.036659e-03
-3.318303e-03 -1.195528e-03 -4.944367e-03
-3.346495e-03 -1.123919e-03 -4.850959e-03
-3.384857e-03 -1.005959e-03 -4.700942e-03
-3.417745e-03 -8.786553e-04 -4.547166e-03
-3.445549e-03 -7.427900e-04 -4.390019e-03
-3.457510e-03 -6.437298e-04 -4.285730e-03
-3.467653e-03 -5.419770e-04 -4.180644e-03
-3.475985e-03 -4.374815e-04 -4.074706e-03
-3.485882e-03 -2.721632e-04 -3.906334e-03
-3.489918e-03 -9.945368e-05 -3.736519e-03
-3.488480e-03 7.986444e-05 -3.565650e-03
-3.480437e-03 2.060324e-04 -3.454686e-03
-3.470908e-03 3.340002e-04 -3.343452e-03
-3.459862e-03 4.638617e-04 -3.231890e-03
-3.439013e-03 6.668740e-04 -3.056955e-03
-3.413476e-03 8.745137e-04 -2.882138e-03
-3.382860e-03 1.086388e-03 -2.708217e-03
-3.356873e-03 1.232657e-03 -2.595357e-03
-3.329250e-03 1.380055e-03 -2.483028e-03
-3.300002e-03 1.528604e-03 -2.371188e-03
-3.252806e-03 1.755376e-03 -2.199040e-03
-3.198971e-03 1.985932e-03 -2.029768e-03
-3.142006e-03 2.218708e-03 -1.861420e-03
-3.098804e-03 2.374778e-03 -1.756031e-03
-3.054040e-03 2.531349e-03 -1.651721e-03
-3.007811e-03 2.688385e-03 -1.548387e-03
-2.935869e-03 2.925438e-03 -1.390697e-03
-2.859665e-03 3.162696e-03 -1.237038e-03
-2.779975e-03 3.401325e-03 -1.085459e-03
-2.722462e-03 3.558264e-03 -9.933992e-04
-2.664373e-03 3.714669e-03 -9.023993e-04
-2.605659e-03 3.870456e-03 -8.126212e-04
-2.514534e-03 4.103156e-03 -6.782260e-04
-2.420281e-03 4.334136e-03 -5.486188e-04
-2.324459e-03 4.562223e-03 -4.234082e-04
-2.256869e-03 4.710030e-03 -3.502459e-04
-2.188829e-03 4.856334e-03 -2.789661e-04
-2.120300e-03 5.001197e-03 -2.095432e-04
-2.016954e-03 5.213589e-03 -1.072313e-04
-1.912051e-03 5.421086e-03 -1.127280e-05
-1.805200e-03 5.623685e-03 7.794348e-05
-1.731994e-03 5.751791e-03 1.262971e-04
-1.658703e-03 5.877956e-03 1.727358e-04
-1.585392e-03 6.002122e-03 2.172547e-04
-1.474539e-03 6.182123e-03 2.803191e-04
-1.364470e-03 6.354894e-03 3.370709e-04
-1.253233e-03 6.521210e-03 3.863416e-04
-1.178557e-03 6.622626e-03 4.072303e-04
-1.103668e-03 6.721722e-03 4.257070e-04
-1.028525e-03 6.818487e-03 4.417234e-04
-9.183103e-04 6.954512e-03 4.622662e-04
-8.076760e-04 7.082190e-03 4.741965e-04
-6.985717e-04 7.200352e-03 4.782955e-04
-6.254329e-04 7.268612e-03 4.683588e-04
-5.528132e-04 7.333944e-03 4.561783e-04
-4.806181e-04 7.396326e-03 4.416356e-04
-3.772160e-04 7.480082e-03 4.176712e-04
-2.745719e-04 7.554330e-03 3.851294e-04
-1.742459e-04 7.619462e-03 3.459614e-04
-1.085578e-04 7.649875e-03 3.065746e-04
-4.333001e-05 7.677794e-03 2.653176e-04
2.141508e-05 7.703231e-03 2.222231e-04
1.133700e-04 7.731113e-03 1.548549e-04
2.025831e-04 7.749111e-03 8.051456e-05
2.886360e-04 7.756441e-03 -1.185887e-06
3.441917e-04 7.748685e-03 -6.770516e-05
3.989232e-04 7.738005e-03 -1.361951e-04
4.527900e-04 7.724293e-03 -2.067223e-04
5.269231e-04 7.692688e-03 -3.149051e-04
5.979000e-04 7.652426e-03 -4.284415e-04
6.649393e-04 7.602728e-03 -5.473314e-04
7.073540e-04 7.557271e-03 -6.376383e-04
7.487518e-04 7.509067e-03 -7.295583e-04
7.891820e-04 7.458119e-03 -8.231185e-04
8.416284e-04 7.371721e-03 -9.635937e-04
8.901692e-04 7.277081e-03 -1.108268e-03
9.348030e-04 7.172641e-03 -1.258702e-03
9.609579e-04 7.092946e-03 -1.366243e-03
9.856261e-04 7.010180e-03 -1.475243e-03
1.008646e-03 6.924347e-03 -1.585559e-03
1.036376e-03 6.789350e-03 -1.749179e-03
1.060205e-03 6.646565e-03 -1.916571e-03
1.079742e-03 6.497556e-03 -2.085785e-03
1.089162e-03 6.388192e-03 -2.205615e-03
1.097072e-03 6.276801e-03 -2.325851e-03
1.103446e-03 6.163394e-03 -2.446460e-03
1.105804e-03 5.989885e-03 -2.622599e-03
1.104265e-03 5.810562e-03 -2.800566e-03
1.097658e-03 5.625430e-03 -2.979192e-03
1.090294e-03 5.495292e-03 -3.102468e-03
1.081602e-03 5.363717e-03 -3.225791e-03
1.071660e-03 5.230813e-03 -3.349115e-03
1.049136e-03 5.030079e-03 -3.527140e-03
1.021537e-03 4.825503e-03 -3.703876e-03
9.896434e-04 4.618649e-03 -3.878544e-03
9.657919e-04 4.476568e-03 -3.996915e-03
9.408354e-04 4.333932e-03 -4.114690e-03
9.147093e-04 4.190707e-03 -4.231852e-03
8.681379e-04 3.976527e-03 -4.399004e-03
8.169099e-04 3.761295e-03 -4.562527e-03
7.633644e-04 3.546963e-03 -4.722812e-03
7.245456e-04 3.401193e-03 -4.829723e-03
6.844473e-04 3.256188e-03 -4.934574e-03
6.431763e-04 3.112021e-03 -5.037399e-03
5.750139e-04 2.900206e-03 -5.180510e-03
5.037641e-04 2.688538e-03 -5.320401e-03
4.298162e-04 2.478581e-03 -5.455902e-03
3.793203e-04 2.340229e-03 -5.543710e-03
3.275197e-04 2.202894e-03 -5.629229e-03
2.744908e-04 2.066581e-03 -5.712519e-03
1.887513e-04 1.869738e-03 -5.823199e-03
1.006622e-04 1.677306e-03 -5.927166e-03
1.022299e-05 1.488511e-03 -6.025203e-03
-5.092976e-05 1.366785e-03 -6.085914e-03
-1.129972e-04 1.246618e-03 -6.144197e-03
-1.760239e-04 1.128038e-03 -6.199983e-03
-2.742898e-04 9.605032e-04 -6.269132e-03
-3.740918e-04 7.981952e-04 -6.331596e-03
-4.762101e-04 6.415077e-04 -6.386205e-03
-5.441562e-04 5.428734e-04 -6.417380e-03
-6.123090e-04 4.467690e-04 -6.445887e-03
-6.806951e-04 3.532018e-04 -6.471702e-03
-7.871541e-04 2.258842e-04 -6.492909e-03
-8.939568e-04 1.060904e-04 -6.506340e-03
-1.002273e-03 -6.566860e-06 -6.511217e-03
-1.072411e-03 -7.392963e-05 -6.509392e-03
-1.142714e-03 -1.382391e-04 -6.504439e-03
-1.213200e-03 -1.995356e-04 -6.496391e-03
-1.321172e-03 -2.771704e-04 -6.466962e-03
-1.429088e-03 -3.468843e-04 -6.429782e-03
-1.536948e-03 -4.086757e-04 -6.384850e-03
-1.606367e-03 -4.419461e-04 -6.350219e-03
-1.675674e-03 -4.720169e-04 -6.312595e-03
-1.744876e-03 -4.988348e-04 -6.271930e-03
-1.850467e-03 -5.242935e-04 -6.193350e-03
-1.954830e-03 -5.406904e-04 -6.107057e-03
-2.057963e-03 -5.476347e-04 -6.012661e-03
-2.122952e-03 -5.442275e-04 -5.946378e-03
-2.187200e-03 -5.369513e-04 -5.877069e-03
-2.250765e-03 -5.258551e-04 -5.804736e-03
-2.345757e-03 -4.951251e-04 -5.681221e-03
-2.439933e-03 -4.557664e-04 -5.550014e-03
-2.532122e-03 -4.077795e-04 -5.412284e-03
-2.588932e-03 -3.673085e-04 -5.317721e-03
-2.645117e-03 -3.240405e-04 -5.221084e-03
-2.700728e-03 -2.779058e-04 -5.122248e-03
-2.782846e-03 -1.940484e-04 -4.959120e-03
-2.862581e-03 -1.027661e-04 -4.791057e-03
-2.939934e-03 -3.670139e-06 -4.617669e-03
-2.986569e-03 6.990318e-05 -4.500731e-03
-3.032463e-03 1.460650e-04 -4.382031e-03
-3.077668e-03 2.248883e-04 -4.261431e-03
-3.143442e-03 3.548780e-04 -4.069075e-03
-3.205280e-03 4.910574e-04 -3.874549e-03
-3.262793e-03 6.353743e-04 -3.676293e-03
-3.296188e-03 7.371272e-04 -3.544876e-03
-3.328492e-03 8.406808e-04 -3.412815e-03
-3.359731e-03 9.459594e-04 -3.280147e-03
-3.404136e-03 1.115109e-03 -3.070436e-03
-3.444629e-03 1.289246e-03 -2.859708e-03
-3.481987e-03 1.468367e-03 -2.647181e-03
-3.500441e-03 1.591358e-03 -2.509806e-03
-3.517708e-03 1.715468e-03 -2.372538e-03
-3.533740e-03 1.840666e-03 -2.235461e-03
-3.556467e-03 2.036156e-03 -2.021368e-03
-3.572911e-03 2.235075e-03 -1.810164e-03
-3.587359e-03 2.436250e-03 -1.598730e-03
-3.591021e-03 2.571861e-03 -1.463714e-03
-3.593386e-03 2.708043e-03 -1.329433e-03
-3.594367e-03 2.844749e-03 -1.196042e-03
-3.593540e-03 3.053479e-03 -9.923592e-04
-3.588778e-03 3.264425e-03 -7.903950e-04
-3.581249e-03 3.475243e-03 -5.913193e-04
-3.568657e-03 3.614396e-03 -4.690475e-04
-3.554890e-03 3.753537e-03 -3.479456e-04
-3.539931e-03 3.892665e-03 -2.280389e-04
-3.514456e-03 4.103157e-03 -4.715190e-05
-3.485026e-03 4.313147e-03 1.293057e-04
-3.453978e-03 4.520681e-03 3.017246e-04
-3.426356e-03 4.655420e-03 4.047127e-04
-3.397794e-03 4.788614e-03 5.052564e-04
-3.368368e-03 4.920197e-03 6.033794e-04
-3.322481e-03 5.117630e-03 7.510573e-04
-3.273456e-03 5.311774e-03 8.923815e-04
-3.221681e-03 5.501067e-03 1.026183e-03
-3.181153e-03 5.621617e-03 1.102406e-03
-3.140229e-03 5.740060e-03 1.176210e-03
-3.098884e-03 5.856493e-03 1.247635e-03
-3.034689e-03 6.029095e-03 1.352648e-03
-2.967746e-03 6.195661e-03 1.448980e-03
-2.898834e-03 6.355796e-03 1.537020e-03
-2.847841e-03 6.454124e-03 1.581055e-03
-2.796152e-03 6.550284e-03 1.622343e-03
-2.743617e-03 6.644352e-03 1.660785e-03
-2.664708e-03 6.778510e-03 1.713285e-03
-2.583825e-03 6.907059e-03 1.758332e-03
-2.501357e-03 7.027267e-03 1.793586e-03
-2.442716e-03 7.097502e-03 1.802572e-03
-2.383094e-03 7.165015e-03 1.807953e-03
-2.322615e-03 7.229705e-03 1.809780e-03
-2.232889e-03 7.319824e-03 1.808200e-03
-2.141980e-03 7.401991e-03 1.797636e-03
-2.050278e-03 7.476206e-03 1.778477e-03
-1.985934e-03 7.514539e-03 1.750617e-03
-1.921310e-03 7.549806e-03 1.719548e-03
-1.856340e-03 7.582090e-03 1.685307e-03
-1.762507e-03 7.622879e-03 1.631182e-03
-1.668670e-03 7.654576e-03 1.568123e-03
-1.573271e-03 7.677569e-03 1.494961e-03
-1.507888e-03 7.681483e-03 1.432522e-03
-1.442840e-03 7.682038e-03 1.367211e-03
-1.378106e-03 7.679280e-03 1.299039e-03
-1.285618e-03 7.667951e-03 1.195085e-03
-1.193552e-03 7.648312e-03 1.083403e-03
-1.100740e-03 7.620363e-03 9.628245e-04
-1.037366e-03 7.589604e-03 8.686168e-04
-9.746845e-04 7.555816e-03 7.722334e-04
-9.127403e-04 7.518956e-03 6.736516e-04
-8.239986e-04 7.459289e-03 5.260219e-04
-7.395448e-04 7.389437e-03 3.726622e-04
-6.550899e-04 7.312523e-03 2.124026e-04
-5.986139e-04 7.249625e-03 9.386231e-05
-5.428547e-04 7.184659e-03 -2.588464e-05
-4.878032e-04 7.117676e-03 -1.468128e-04
-4.109713e-04 7.012028e-03 -3.276281e-04
-3.372544e-04 6.898553e-03 -5.130132e-04
-2.650936e-04 6.779596e-03 -7.021884e-04
-2.176104e-04 6.689926e-03 -8.376971e-04
-1.712339e-04 6.598702e-03 -9.735181e-04
-1.259188e-04 6.505862e-03 -1.109781e-03
-6.603152e-05 6.362296e-03 -1.310794e-03
-7.713556e-06 6.214458e-03 -1.514398e-03
4.630402e-05 6.061572e-03 -1.718644e-03
8.143613e-05 5.952057e-03 -1.860950e-03
1.150399e-04 5.840779e-03 -2.003373e-03
1.470841e-04 5.727707e-03 -2.145928e-03
1.865115e-04 5.556667e-03 -2.353343e-03
2.224531e-04 5.382977e-03 -2.559830e-03
2.549079e-04 5.205861e-03 -2.766170e-03
2.761761e-04 5.082706e-03 -2.907691e-03
2.957826e-04 4.958492e-03 -3.048557e-03
3.138163e-04 4.833258e-03 -3.188804e-03
3.317921e-04 4.648738e-03 -3.387792e-03
3.462336e-04 4.461950e-03 -3.585472e-03
3.563597e-04 4.274067e-03 -3.779895e-03
3.610653e-04 4.145111e-03 -3.910325e-03
3.643209e-04 4.016220e-03 -4.039204e-03
3.661997e-04 3.887445e-03 -4.166534e-03
3.595479e-04 3.699670e-03 -4.343929e-03
3.482129e-04 3.512403e-03 -4.516120e-03
3.321935e-04 3.326039e-03 -4.682719e-03
3.198303e-04 3.200352e-03 -4.792650e-03
3.065518e-04 3.075628e-03 -4.900700e-03
2.923727e-04 2.951946e-03 -5.006815e-03
2.608410e-04 2.773908e-03 -5.149556e-03
2.246414e-04 2.597531e-03 -5.285975e-03
1.853328e-04 2.425548e-03 -5.414904e-03
1.562287e-04 2.310360e-03 -5.497602e-03
1.260081e-04 2.196829e-03 -5.577517e-03
9.468528e-05 2.085150e-03 -5.654491e-03
3.832218e-05 1.928376e-03 -5.751202e-03
-2.149961e-05 1.774882e-03 -5.841209e-03
-8.634091e-05 1.626230e-03 -5.921392e-03
-1.301372e-04 1.530450e-03 -5.970091e-03
-1.753493e-04 1.436060e-03 -6.016022e-03
-2.219475e-04 1.343115e-03 -6.059152e-03
-3.002881e-04 1.216982e-03 -6.103468e-03
-3.832700e-04 1.096036e-03 -6.138012e-03
-4.685537e-04 9.810603e-04 -6.164346e-03
-5.261939e-04 9.080445e-04 -6.176698e-03
-5.847777e-04 8.377650e-04 -6.185409e-03
-6.443713e-04 7.701876e-04 -6.190469e-03
-7.426319e-04 6.807401e-04 -6.178523e-03
-8.431953e-04 5.995756e-04 -6.156062e-03
-9.476217e-04 5.247459e-04 -6.123477e-03
-1.015264e-03 4.804441e-04 -6.097445e-03
-1.083854e-03 4.385104e-04 -6.068174e-03
-1.153348e-03 3.989182e-04 -6.035726e-03
-1.264026e-03 3.545797e-04 -5.966673e-03
-1.378182e-03 3.173303e-04 -5.887137e-03
-1.493476e-03 2.860008e-04 -5.800630e-03
-1.568091e-03 2.719328e-04 -5.737801e-03
-1.642976e-03 2.606350e-04 -5.672000e-03
-1.718120e-03 2.521022e-04 -5.603241e-03
-1.837239e-03 2.541606e-04 -5.479812e-03
-1.957872e-03 2.632863e-04 -5.347888e-03
-2.078456e-03 2.798690e-04 -5.208641e-03
-2.155218e-03 2.966567e-04 -5.113237e-03
-2.232146e-03 3.158162e-04 -5.015374e-03
-2.309220e-03 3.372683e-04 -4.915137e-03
-2.430116e-03 3.838824e-04 -4.745830e-03
-2.549362e-03 4.383155e-04 -4.570433e-03
-2.668906e-03 4.990066e-04 -4.388556e-03
-2.744726e-03 5.438797e-04 -4.266420e-03
-2.820054e-03 5.909962e-04 -4.142587e-03
-2.894891e-03 6.403961e-04 -4.017021e-03
-3.010422e-03 7.269983e-04 -3.813500e-03
-3.123545e-03 8.202150e-04 -3.605835e-03
-3.235819e-03 9.192643e-04 -3.393246e-03
-3.304937e-03 9.889141e-04 -3.253370e-03
-3.373280e-03 1.060573e-03 -3.112314e-03
-3.440915e-03 1.134154e-03 -2.970074e-03
-3.543279e-03 1.255763e-03 -2.745026e-03
-3.643653e-03 1.382397e-03 -2.516980e-03
-3.741256e-03 1.513665e-03 -2.287105e-03
-3.799271e-03 1.603188e-03 -2.138719e-03
-3.856130e-03 1.693918e-03 -1.990301e-03
-3.911787e-03 1.785950e-03 -1.841820e-03
-3.996708e-03 1.933773e-03 -1.608197e-03
-4.078825e-03 2.084253e-03 -1.374735e-03
-4.156575e-03 2.237780e-03 -1.142606e-03
-4.200462e-03 2.340985e-03 -9.947745e-04
-4.243107e-03 2.444863e-03 -8.475459e-04
-4.284627e-03 2.549237e-03 -7.009325e-04
-4.346304e-03 2.712478e-03 -4.751663e-04
-4.404794e-03 2.876397e-03 -2.518923e-04
-4.459314e-03 3.041772e-03 -3.111030e-05
-4.486225e-03 3.150247e-03 1.050250e-04
-4.511864e-03 3.259177e-03 2.403586e-04
-4.536293e-03 3.368543e-03 3.749522e-04
-4.571657e-03 3.536915e-03 5.796684e-04
-4.601865e-03 3.704416e-03 7.783969e-04
-4.627696e-03 3.871822e-03 9.726980e-04
-4.635715e-03 3.978462e-03 1.088281e-03
-4.641925e-03 4.084671e-03 1.201687e-03
-4.646222e-03 4.190521e-03 1.312873e-03
-4.652225e-03 4.352273e-03 1.481908e-03
-4.653860e-03 4.511911e-03 1.644533e-03
-4.649565e-03 4.669041e-03 1.798799e-03
-4.637147e-03 4.768225e-03 1.886837e-03
-4.623324e-03 4.866012e-03 1.972172e-03
-4.607974e-03 4.962311e-03 2.054554e-03
-4.584378e-03 5.106831e-03 2.177236e-03
-4.555260e-03 5.248868e-03 2.292008e-03
-4.521789e-03 5.386471e-03 2.398092e-03
-4.489950e-03 5.469717e-03 2.451292e-03
-4.456655e-03 5.551455e-03 2.501629e-03
-4.421910e-03 5.631736e-03 2.549149e-03
-4.368409e-03 5.751318e-03 2.617587e-03
-4.311356e-03 5.865677e-03 2.677375e-03
-4.249192e-03 5.975201e-03 2.727346e-03
-4.199388e-03 6.038085e-03 2.742858e-03
-4.147937e-03 6.099202e-03 2.755067e-03
-4.094805e-03 6.158607e-03 2.764011e-03
-4.015889e-03 6.245151e-03 2.774734e-03
-3.933068e-03 6.326117e-03 2.776116e-03
-3.847125e-03 6.399555e-03 2.766988e-03
-3.781197e-03 6.438405e-03 2.743079e-03
-3.714401e-03 6.475297e-03 2.716482e-03
-3.646694e-03 6.510235e-03 2.687143e-03
-3.546011e-03 6.559282e-03 2.639414e-03
-5.092683e-03 5.021704e-03 2.581580e-03
-4.985755e-03 5.057699e-03 2.514800e-03
-4.900334e-03 5.076623e-03 2.452315e-03
-4.813347e-03 5.094403e-03 2.387196e-03
-4.724762e-03 5.111069e-03 2.319430e-03
-4.590663e-03 5.138362e-03 2.217178e-03
-4.451485e-03 5.162481e-03 2.106758e-03
-4.306057e-03 5.183428e-03 1.987000e-03
-4.198962e-03 5.191310e-03 1.892225e-03
-4.090781e-03 5.197716e-03 1.794977e-03
-3.981525e-03 5.202685e-03 1.695286e-03
-3.818769e-03 5.210912e-03 1.545784e-03
-3.652152e-03 5.217159e-03 1.390526e-03
-3.481284e-03 5.220647e-03 1.228344e-03
-3.359231e-03 5.216113e-03 1.106665e-03
-3.236624e-03 5.210352e-03 9.832850e-04
-3.113413e-03 5.203377e-03 8.581492e-04
-2.932341e-03 5.193875e-03 6.730906e-04
-2.749760e-03 5.181601e-03 4.838338e-04
-2.566453e-03 5.166556e-03 2.911597e-04
-2.437784e-03 5.150232e-03 1.515619e-04
-2.308938e-03 5.132968e-03 1.092031e-05
-2.179949e-03 5.114786e-03 -1.306928e-04
-1.995041e-03 5.088019e-03 -3.363558e-04
-1.809052e-03 5.058892e-03 -5.453845e-04
-1.623933e-03 5.027014e-03 -7.562181e-04
-1.497089e-03 4.999557e-03 -9.046346e-04
-1.370956e-03 4.971203e-03 -1.053155e-03
-1.245637e-03 4.941861e-03 -1.201791e-03
-1.067940e-03 4.900300e-03 -1.414555e-03
-8.918902e-04 4.856366e-03 -1.627976e-03
-7.194376e-04 4.810451e-03 -1.839716e-03
-6.029465e-04 4.773789e-03 -1.986503e-03
-4.883472e-04 4.736218e-03 -2.132227e-03
-3.755571e-04 4.697801e-03 -2.276890e-03
-2.186648e-04 4.644215e-03 -2.480416e-03
-6.651973e-05 4.587133e-03 -2.682621e-03
8.126772e-05 4.528898e-03 -2.881554e-03
1.790354e-04 4.485217e-03 -3.016157e-03
2.748428e-04 4.441229e-03 -3.149018e-03
3.686244e-04 4.396877e-03 -3.280154e-03
4.950879e-04 4.333322e-03 -3.462792e-03
6.141181e-04 4.267836e-03 -3.639863e-03
7.261042e-04 4.201198e-03 -3.810976e-03
7.986413e-04 4.152436e-03 -3.924974e-03
8.686497e-04 4.103109e-03 -4.036944e-03
9.362765e-04 4.053184e-03 -4.147050e-03
1.020075e-03 3.982868e-03 -4.293379e-03
1.097211e-03 3.912975e-03 -4.432567e-03
1.165345e-03 3.840774e-03 -4.565004e-03
1.205950e-03 3.788053e-03 -4.650616e-03
1.244282e-03 3.735633e-03 -4.733583e-03
1.280304e-03 3.683543e-03 -4.813848e-03
1.314256e-03 3.610031e-03 -4.913172e-03
1.340013e-03 3.536147e-03 -5.004629e-03
1.357575e-03 3.463452e-03 -5.086660e-03
1.364881e-03 3.410874e-03 -5.138450e-03
1.369589e-03 3.358811e-03 -5.187062e-03
1.371721e-03 3.307182e-03 -5.232615e-03
1.354582e-03 3.233257e-03 -5.280972e-03
1.327718e-03 3.160543e-03 -5.318353e-03
1.292688e-03 3.087482e-03 -5.347880e-03
1.264829e-03 3.035990e-03 -5.363107e-03
1.234126e-03 2.984835e-03 -5.375109e-03
1.200713e-03 2.934058e-03 -5.383978e-03
1.131159e-03 2.864351e-03 -5.375463e-03
1.053105e-03 2.795895e-03 -5.357175e-03
9.661606e-04 2.728300e-03 -5.329114e-03
9.047223e-04 2.680765e-03 -5.306552e-03
8.410547e-04 2.633964e-03 -5.280992e-03
7.752061e-04 2.587934e-03 -5.252454e-03
6.575420e-04 2.525714e-03 -5.188181e-03
5.321642e-04 2.464722e-03 -5.114958e-03
3.986825e-04 2.404566e-03 -5.032785e-03
3.073771e-04 2.362224e-03 -4.974998e-03
2.142152e-04 2.320629e-03 -4.914589e-03
1.190935e-04 2.279761e-03 -4.851478e-03
-4.020270e-05 2.226956e-03 -4.736082e-03
-2.055910e-04 2.175652e-03 -4.613003e-03
-3.766876e-04 2.126271e-03 -4.482232e-03
-4.910937e-04 2.091877e-03 -4.393171e-03
-6.070896e-04 2.058298e-03 -4.301688e-03
-7.246267e-04 2.025580e-03 -4.207805e-03
-9.151239e-04 1.985079e-03 -4.048740e-03
-1.108966e-03 1.946594e-03 -3.884326e-03
-1.306154e-03 1.909734e-03 -3.714953e-03
-1.436085e-03 1.884376e-03 -3.601321e-03
-1.567088e-03 1.859205e-03 -3.486442e-03
-1.699138e-03 1.834189e-03 -3.370357e-03
-1.908961e-03 1.806157e-03 -3.179556e-03
-2.120954e-03 1.778971e-03 -2.985762e-03
-2.333945e-03 1.754581e-03 -2.788196e-03
-2.471178e-03 1.737682e-03 -2.658882e-03
-2.608203e-03 1.722005e-03 -2.528571e-03
-2.745082e-03 1.707563e-03 -2.397197e-03
-2.959646e-03 1.694706e-03 -2.186604e-03
-3.173660e-03 1.683837e-03 -1.974596e-03
-3.387515e-03 1.673785e-03 -1.761952e-03
-3.521763e-03 1.667510e-03 -1.625120e-03
-3.655613e-03 1.662143e-03 -1.487832e-03
-3.789048e-03 1.657583e-03 -1.350178e-03
-3.993940e-03 1.659399e-03 -1.134745e-03
-4.195166e-03 1.663960e-03 -9.202550e-04
-4.394674e-03 1.670095e-03 -7.059309e-04
-4.517236e-03 1.673719e-03 -5.711055e-04
-4.638225e-03 1.678266e-03 -4.369658e-04
-4.757616e-03 1.683772e-03 -3.035067e-04
-4.939232e-03 1.700163e-03 -9.696079e-05
-5.115629e-03 1.718131e-03 1.059188e-04
-5.287588e-03 1.738456e-03 3.066909e-04
-5.388642e-03 1.752108e-03 4.297795e-04
-5.487803e-03 1.766518e-03 5.517002e-04
-5.585045e-03 1.781777e-03 6.724992e-04
-5.731465e-03 1.811930e-03 8.573978e-04
-5.871513e-03 1.844027e-03 1.037845e-03
-6.004407e-03 1.879238e-03 1.214229e-03
-6.078135e-03 1.901387e-03 1.318247e-03
-6.149214e-03 1.924347e-03 1.420375e-03
-6.217586e-03 1.948123e-03 1.520553e-03
-6.318103e-03 1.990724e-03 1.671792e-03
-6.410328e-03 2.034098e-03 1.815492e-03
-6.494262e-03 2.079804e-03 1.953212e-03
-6.534338e-03 2.109151e-03 2.030519e-03
-6.570987e-03 2.139393e-03 2.105237e-03
-6.604267e-03 2.170503e-03 2.177421e-03
-6.652541e-03 2.223526e-03 2.286643e-03
-6.691410e-03 2.276932e-03 2.386828e-03
-6.720876e-03 2.331890e-03 2.479145e-03
-6.723773e-03 2.367472e-03 2.525262e-03
-6.723566e-03 2.403698e-03 2.568878e-03
-6.720171e-03 2.440573e-03 2.609939e-03
-6.712314e-03 2.500074e-03 2.669350e-03
-6.695062e-03 2.560345e-03 2.720120e-03
-6.667637e-03 2.622164e-03 2.762252e-03
-6.632784e-03 2.661242e-03 2.773927e-03
-6.594764e-03 2.700322e-03 2.782408e-03
-6.553628e-03 2.739432e-03 2.787771e-03
-6.488105e-03 2.804161e-03 2.794617e-03
-6.414401e-03 2.869257e-03 2.793640e-03
-6.332516e-03 2.934329e-03 2.784450e-03
-6.261165e-03 2.975163e-03 2.761237e-03
-6.187242e-03 3.015424e-03 2.734876e-03
-6.110917e-03 3.055048e-03 2.705463e-03
-5.995821e-03 3.119869e-03 2.662802e-03
-5.871393e-03 3.183835e-03 2.609974e-03
-5.741145e-03 3.247338e-03 2.550879e-03
-5.638723e-03 3.286854e-03 2.495316e-03
-5.534348e-03 3.325658e-03 2.437122e-03
-5.428026e-03 3.363759e-03 2.376284e-03
-5.267973e-03 3.424992e-03 2.285196e-03
-5.102904e-03 3.485403e-03 2.188302e-03
-4.930479e-03 3.545384e-03 2.083654e-03
-4.803568e-03 3.580457e-03 1.999307e-03
-4.675070e-03 3.615061e-03 1.912935e-03
-4.544956e-03 3.649203e-03 1.824519e-03
-4.354204e-03 3.702629e-03 1.695120e-03
-4.157300e-03 3.755619e-03 1.559166e-03
-3.958145e-03 3.806613e-03 1.418999e-03
-3.815037e-03 3.836160e-03 1.313133e-03
-3.670803e-03 3.864881e-03 1.205358e-03
-3.525463e-03 3.892768e-03 1.095691e-03
-3.313555e-03 3.938021e-03 9.371987e-04
-3.100194e-03 3.980511e-03 7.745426e-04
-2.886550e-03 4.020240e-03 6.088939e-04
-2.736377e-03 4.041795e-03 4.882585e-04
-2.586332e-03 4.062138e-03 3.666016e-04
-2.436420e-03 4.081226e-03 2.438675e-04
-2.221439e-03 4.112078e-03 6.821293e-05
-2.007743e-03 4.139781e-03 -1.092474e-04
-1.795333e-03 4.163946e-03 -2.889021e-04
-1.648861e-03 4.174911e-03 -4.160852e-04
-1.503145e-03 4.184842e-03 -5.434707e-04
-1.358236e-03 4.193671e-03 -6.710922e-04
-1.154591e-03 4.208269e-03 -8.513012e-04
-9.537764e-04 4.220500e-03 -1.030987e-03
-7.581313e-04 4.228416e-03 -1.209759e-03
-6.251773e-04 4.228499e-03 -1.333881e-03
-4.941424e-04 4.226873e-03 -1.457721e-03
-3.649663e-04 4.223544e-03 -1.581333e-03
-1.857954e-04 4.221620e-03 -1.753184e-03
-1.375540e-05 4.215386e-03 -1.922150e-03
1.531034e-04 4.206013e-03 -2.089010e-03
2.629054e-04 4.193174e-03 -2.202468e-03
3.710810e-04 4.179560e-03 -2.315006e-03
4.776385e-04 4.165148e-03 -2.426642e-03
6.176596e-04 4.143243e-03 -2.578913e-03
7.509886e-04 4.119396e-03 -2.726368e-03
8.752850e-04 4.091267e-03 -2.869006e-03
9.558602e-04 4.066217e-03 -2.964997e-03
1.033642e-03 4.040262e-03 -3.059028e-03
1.108797e-03 4.013477e-03 -3.151181e-03
1.200237e-03 3.974502e-03 -3.271514e-03
1.283047e-03 3.932054e-03 -3.386631e-03
1.355666e-03 3.885353e-03 -3.495751e-03
1.401140e-03 3.848864e-03 -3.567634e-03
1.443378e-03 3.811329e-03 -3.637263e-03
1.482459e-03 3.772788e-03 -3.704667e-03
1.518174e-03 3.716082e-03 -3.786624e-03
1.543365e-03 3.655524e-03 -3.861858e-03
1.558421e-03 3.593454e-03 -3.928419e-03
1.564581e-03 3.546680e-03 -3.970867e-03
1.567582e-03 3.499102e-03 -4.010896e-03
1.567257e-03 3.450572e-03 -4.048499e-03
1.543275e-03 3.379393e-03 -4.084898e-03
1.508811e-03 3.304364e-03 -4.114627e-03
1.465424e-03 3.228606e-03 -4.136125e-03
1.432349e-03 3.173363e-03 -4.147478e-03
1.396412e-03 3.117462e-03 -4.156583e-03
1.357547e-03 3.060811e-03 -4.163462e-03
1.275857e-03 2.978050e-03 -4.153486e-03
1.184864e-03 2.893411e-03 -4.136061e-03
1.084958e-03 2.808454e-03 -4.110017e-03
1.015565e-03 2.747495e-03 -4.090532e-03
9.432484e-04 2.685847e-03 -4.068781e-03
8.679383e-04 2.623525e-03 -4.044681e-03
7.326246e-04 2.533915e-03 -3.987779e-03
5.900324e-04 2.444036e-03 -3.923862e-03
4.397709e-04 2.353107e-03 -3.853321e-03
3.383893e-04 2.289813e-03 -3.804036e-03
2.348577e-04 2.226428e-03 -3.752693e-03
1.292173e-04 2.162913e-03 -3.699366e-03
-4.992600e-05 2.069762e-03 -3.602149e-03
-2.344289e-04 1.978636e-03 -3.497553e-03
-4.262416e-04 1.886023e-03 -3.387139e-03
-5.527080e-04 1.822952e-03 -3.312555e-03
-6.802363e-04 1.760308e-03 -3.236501e-03
-8.088803e-04 1.697983e-03 -3.159017e-03
-1.019588e-03 1.609073e-03 -3.026068e-03
-1.234432e-03 1.521441e-03 -2.887732e-03
-1.453412e-03 1.434699e-03 -2.744401e-03
-1.595337e-03 1.376264e-03 -2.649849e-03
-1.737621e-03 1.318480e-03 -2.554314e-03
-1.880372e-03 1.261339e-03 -2.457710e-03
-2.108417e-03 1.180193e-03 -2.299846e-03
-2.337503e-03 1.101861e-03 -2.138167e-03
-2.568021e-03 1.025173e-03 -1.973454e-03
-2.714767e-03 9.747730e-04 -1.866298e-03
-2.861423e-03 9.249330e-04 -1.758740e-03
-3.007857e-03 8.755723e-04 -1.650960e-03
-3.239155e-03 8.072242e-04 -1.477331e-03
-3.467933e-03 7.429113e-04 -1.302254e-03
-3.695749e-03 6.810734e-04 -1.125730e-03
-3.838277e-03 6.406620e-04 -1.013157e-03
-3.979438e-03 6.015769e-04 -9.007003e-04
-4.119285e-03 5.637666e-04 -7.883489e-04
-4.336660e-03 5.132783e-04 -6.111687e-04
-4.550783e-03 4.659614e-04 -4.341278e-04
-4.759702e-03 4.233757e-04 -2.576184e-04
-4.886848e-03 3.962322e-04 -1.476028e-04
-5.011738e-03 3.706490e-04 -3.837323e-05
-5.134466e-03 3.466090e-04 7.015710e-05
-5.322823e-03 3.173053e-04 2.390730e-04
-5.505965e-03 2.915856e-04 4.062828e-04
-5.682331e-03 2.698392e-04 5.706151e-04
-5.784778e-03 2.573057e-04 6.700466e-04
-5.884656e-03 2.463271e-04 7.683588e-04
-5.981985e-03 2.367749e-04 8.654768e-04
-6.129400e-03 2.305282e-04 1.016016e-03
-6.270088e-03 2.278415e-04 1.163312e-03
-6.401320e-03 2.302741e-04 1.306193e-03
-6.471947e-03 2.335307e-04 1.389038e-03
-6.539483e-03 2.386421e-04 1.470538e-03
-6.604091e-03 2.456269e-04 1.550896e-03
-6.700385e-03 2.630490e-04 1.673473e-03
-6.786086e-03 2.851910e-04 1.790096e-03
-6.863144e-03 3.101019e-04 1.900765e-03
-6.896178e-03 3.295766e-04 1.961678e-03
-6.925894e-03 3.501204e-04 2.020258e-03
-6.952302e-03 3.717688e-04 2.076537e-03
-6.990011e-03 4.119231e-04 2.162757e-03
-7.017548e-03 4.559938e-04 2.242644e-03
-7.035304e-03 5.028100e-04 2.315420e-03
-7.028133e-03 5.368373e-04 2.350135e-03
-7.017785e-03 5.720194e-04 2.382745e-03
-7.004192e-03 6.082573e-04 2.413082e-03
-6.981762e-03 6.678314e-04 2.458115e-03
-6.949998e-03 7.309204e-04 2.497259e-03
-6.906950e-03 7.986936e-04 2.529735e-03
-6.860007e-03 8.451072e-04 2.536576e-03
-6.809654e-03 8.923323e-04 2.540756e-03
-6.755905e-03 9.402361e-04 2.542150e-03
-6.673766e-03 1.018686e-03 2.545911e-03
-6.582717e-03 1.098680e-03 2.542254e-03
-6.482760e-03 1.180217e-03 2.531178e-03
-6.398445e-03 1.236306e-03 2.509914e-03
-6.311164e-03 1.292693e-03 2.485930e-03
-6.220958e-03 1.349401e-03 2.459294e-03
-6.086090e-03 1.438827e-03 2.420970e-03
-5.942354e-03 1.529765e-03 2.375246e-03
-5.792481e-03 1.621827e-03 2.324466e-03
-6.808809e-03 5.994980e-04 2.276250e-03
-7.823406e-03 -4.191901e-04 2.226346e-03
-8.836351e-03 -1.434229e-03 2.174805e-03
-1.037240e-02 -2.943027e-03 2.098909e-03
-1.032593e-02 -2.931293e-03 2.070448e-03
-1.027855e-02 -2.918416e-03 2.042019e-03
-1.023153e-02 -2.905478e-03 2.013681e-03
-1.018470e-02 -2.892421e-03 1.985392e-03
-1.013806e-02 -2.879177e-03 1.957270e-03
-1.009181e-02 -2.865839e-03 1.929311e-03
-1.004582e-02 -2.852447e-03 1.901449e-03
-1.000005e-02 -2.839000e-03 1.873598e-03
-9.954552e-03 -2.825419e-03 1.845853e-03
-9.909329e-03 -2.811752e-03 1.818239e-03
-9.864327e-03 -2.798009e-03 1.790642e-03
-9.819594e-03 -2.784050e-03 1.763289e-03
-9.775037e-03 -2.770012e-03 1.735922e-03
-9.730723e-03 -2.755881e-03 1.708646e-03
-9.686722e-03 -2.741640e-03 1.681531e-03
-1.114890e-02 -4.094371e-03 1.527342e-03
-1.110249e-02 -4.077256e-03 1.500718e-03
-1.105450e-02 -4.058254e-03 1.474445e-03
-1.100677e-02 -4.039119e-03 1.448277e-03
-1.095924e-02 -4.019800e-03 1.422198e-03
-1.091205e-02 -4.000363e-03 1.396205e-03
-1.086506e-02 -3.980788e-03 1.370303e-03
-1.081838e-02 -3.961096e-03 1.344546e-03
-1.077211e-02 -3.941287e-03 1.319069e-03
-1.072614e-02 -3.921422e-03 1.293659e-03
-1.068042e-02 -3.901458e-03 1.268271e-03
-1.063514e-02 -3.881365e-03 1.243290e-03
-1.059008e-02 -3.861174e-03 1.218257e-03
-1.054526e-02 -3.840848e-03 1.193350e-03
-1.050082e-02 -3.820471e-03 1.168607e-03
-1.045669e-02 -3.800025e-03 1.143990e-03
-1.041280e-02 -3.779441e-03 1.119451e-03
-1.036938e-02 -3.758848e-03 1.095119e-03
-1.032626e-02 -3.738174e-03 1.071019e-03
-1.028347e-02 -3.717442e-03 1.047053e-03
-1.024091e-02 -3.696498e-03 1.023349e-03
-1.019868e-02 -3.675509e-03 9.997120e-04
-1.015670e-02 -3.654434e-03 9.761405e-04
-1.011512e-02 -3.633306e-03 9.527894e-04
-1.007383e-02 -3.612139e-03 9.294979e-04
-1.003280e-02 -3.590876e-03 9.063471e-04
-9.992130e-03 -3.569550e-03 8.832974e-04
-9.951735e-03 -3.548129e-03 8.605129e-04
-9.911644e-03 -3.526654e-03 8.378601e-04
-9.871916e-03 -3.505128e-03 8.153949e-04
-9.832425e-03 -3.483511e-03 7.931450e-04
-9.793214e-03 -3.461823e-03 7.710470e-04
-9.754388e-03 -3.440112e-03 7.492449e-04
-9.715848e-03 -3.418346e-03 7.274749e-04
-9.677537e-03 -3.396477e-03 7.058566e-04
-9.639628e-03 -3.374593e-03 6.844507e-04
-9.601905e-03 -3.352590e-03 6.631561e-04
-1.069442e-02 -4.275421e-03 4.614717e-04
-1.065376e-02 -4.250310e-03 4.410480e-04
-1.061327e-02 -4.225021e-03 4.208579e-04
-1.057307e-02 -4.199652e-03 4.008598e-04
-1.053331e-02 -4.174296e-03 3.811570e-04
-1.049388e-02 -4.148881e-03 3.615328e-04
-1.045476e-02 -4.123415e-03 3.420359e-04
-1.041599e-02 -4.097891e-03 3.228857e-04
-1.037755e-02 -4.072336e-03 3.038053e-04
-1.033940e-02 -4.046715e-03 2.848123e-04
-1.030156e-02 -4.021029e-03 2.662597e-04
-1.026409e-02 -3.995342e-03 2.478406e-04
-1.022694e-02 -3.969617e-03 2.295437e-04
-1.019023e-02 -3.943940e-03 2.115405e-04
-1.015388e-02 -3.918232e-03 1.935855e-04
-1.011778e-02 -3.892463e-03 1.758219e-04
-1.008196e-02 -3.866615e-03 1.582595e-04
-1.004643e-02 -3.840714e-03 1.408703e-04
-1.001120e-02 -3.814784e-03 1.236614e-04
-9.976382e-03 -3.788920e-03 1.066318e-04
-9.941880e-03 -3.763046e-03 8.980836e-05
-9.907602e-03 -3.737089e-03 7.318423e-05
-9.873756e-03 -3.711189e-03 5.687341e-05
-9.840176e-03 -3.685250e-03 4.076206e-05
-9.806818e-03 -3.659223e-03 2.476414e-05
-9.773887e-03 -3.633272e-03 9.060527e-06
-9.741194e-03 -3.607281e-03 -6.474165e-06
-9.708811e-03 -3.581268e-03 -2.189427e-05
-9.676894e-03 -3.555379e-03 -3.706902e-05
-9.645171e-03 -3.529373e-03 -5.218162e-05
-9.613668e-03 -3.503329e-03 -6.700202e-05
-1.024953e-02 -4.054028e-03 -1.716837e-04
-1.021690e-02 -4.026472e-03 -1.858547e-04
-1.018419e-02 -3.998551e-03 -1.998145e-04
-1.015185e-02 -3.970734e-03 -2.133910e-04
-1.011979e-02 -3.942864e-03 -2.268575e-04
-1.008801e-02 -3.914980e-03 -2.401624e-04
-1.005661e-02 -3.887174e-03 -2.531108e-04
-1.002551e-02 -3.859319e-03 -2.660381e-04
-9.994645e-03 -3.831426e-03 -2.787908e-04
-9.964172e-03 -3.803608e-03 -2.912419e-04
-9.933942e-03 -3.775738e-03 -3.035684e-04
-9.903968e-03 -3.747884e-03 -3.156893e-04
-9.874401e-03 -3.720173e-03 -3.275396e-04
-9.845067e-03 -3.692405e-03 -3.391662e-04
-9.816046e-03 -3.664699e-03 -3.505628e-04
-9.787477e-03 -3.637153e-03 -3.617502e-04
-9.759133e-03 -3.609523e-03 -3.728162e-04
-9.731069e-03 -3.581942e-03 -3.836656e-04
-9.703394e-03 -3.554506e-03 -3.942160e-04
-9.675974e-03 -3.527034e-03 -4.046406e-04
-9.648768e-03 -3.499582e-03 -4.148056e-04
-9.621890e-03 -3.472284e-03 -4.246366e-04
-9.891885e-03 -3.775839e-03 -4.019186e-04
-9.864952e-03 -3.747878e-03 -4.115375e-04
-9.837936e-03 -3.719566e-03 -4.209100e-04
-9.811304e-03 -3.691324e-03 -4.301919e-04
-9.784851e-03 -3.663096e-03 -4.392041e-04
-9.758728e-03 -3.634945e-03 -4.480110e-04
-9.732815e-03 -3.606806e-03 -4.565759e-04
-9.707203e-03 -3.578727e-03 -4.649703e-04
-9.681976e-03 -3.550813e-03 -4.731410e-04
-9.656995e-03 -3.522963e-03 -4.811010e-04
-9.632232e-03 -3.495113e-03 -4.888772e-04
-9.607792e-03 -3.467341e-03 -4.964248e-04
-9.676113e-03 -3.648459e-03 -3.899851e-04
-9.652011e-03 -3.620386e-03 -3.974056e-04
-9.628209e-03 -3.592242e-03 -4.047418e-04
-9.604510e-03 -3.564035e-03 -4.118280e-04
-9.581089e-03 -3.535853e-03 -4.188172e-04
-9.566149e-03 -3.669478e-03 -2.748045e-04
-9.534229e-03 -3.792064e-03 -1.245791e-04
-9.511604e-03 -3.763435e-03 -1.317719e-04
-9.447338e-03 -3.866315e-03 3.166837e-05
-9.366525e-03 -3.960536e-03 2.032721e-04
-9.269944e-03 -4.043372e-03 3.795297e-04
-9.188160e-03 -4.081124e-03 4.971568e-04
-9.101146e-03 -4.115346e-03 6.167623e-04
-9.008803e-03 -4.145973e-03 7.383863e-04
-8.851430e-03 -4.187941e-03 9.356375e-04
-8.678705e-03 -4.218197e-03 1.136764e-03
-8.491796e-03 -4.239473e-03 1.343325e-03
-8.351904e-03 -4.236191e-03 1.479613e-03
-8.207955e-03 -4.229440e-03 1.616712e-03
-8.060006e-03 -4.219144e-03 1.754519e-03
-7.819364e-03 -4.197994e-03 1.973306e-03
-7.566156e-03 -4.166733e-03 2.194751e-03
-7.301159e-03 -4.123414e-03 2.416120e-03
-7.113197e-03 -4.078968e-03 2.560585e-03
-6.921858e-03 -4.031775e-03 2.705886e-03
-6.727038e-03 -3.981861e-03 2.852111e-03
-6.421006e-03 -3.901122e-03 3.077792e-03
-6.105962e-03 -3.811909e-03 3.304157e-03
-5.783069e-03 -3.713444e-03 3.529253e-03
-5.560463e-03 -3.632322e-03 3.672617e-03
-5.335782e-03 -3.548520e-03 3.815503e-03
-5.108991e-03 -3.461996e-03 3.957911e-03
-4.760029e-03 -3.330323e-03 4.176313e-03
-4.405910e-03 -3.190555e-03 4.391873e-03
-4.046628e-03 -3.042303e-03 4.604198e-03
-3.804501e-03 -2.931048e-03 4.737490e-03
-3.561817e-03 -2.817682e-03 4.869278e-03
-3.318638e-03 -2.702221e-03 4.999513e-03
-2.948569e-03 -2.527250e-03 5.196100e-03
-2.577994e-03 -2.346589e-03 5.387522e-03
-2.206126e-03 -2.159456e-03 5.573777e-03
-1.961517e-03 -2.024908e-03 5.686381e-03
-1.717489e-03 -1.888805e-03 5.796837e-03
-1.474075e-03 -1.751184e-03 5.905125e-03
-1.110403e-03 -1.546827e-03 6.065888e-03
-7.497126e-04 -1.339131e-03 6.220297e-03
-3.931661e-04 -1.128489e-03 6.367567e-03
-1.627152e-04 -9.796730e-04 6.451497e-03
6.592118e-05 -8.300496e-04 6.532702e-03
2.926536e-04 -6.796007e-04 6.611082e-03
6.256426e-04 -4.589350e-04 6.724420e-03
9.514509e-04 -2.372662e-04 6.829474e-03
1.268915e-03 -1.576427e-05 6.926244e-03
1.470390e-03 1.377859e-04 6.975816e-03
1.668126e-03 2.909979e-04 7.021837e-03
1.862222e-03 4.438979e-04 7.064362e-03
2.141653e-03 6.645572e-04 7.123378e-03
2.411235e-03 8.858280e-04 7.171788e-03
2.670584e-03 1.105761e-03 7.211151e-03
2.827705e-03 1.254132e-03 7.220532e-03
2.980690e-03 1.401625e-03 7.226483e-03
3.129625e-03 1.548114e-03 7.229154e-03
3.336653e-03 1.756758e-03 7.226714e-03
3.530374e-03 1.961727e-03 7.214450e-03
3.710011e-03 2.163021e-03 7.191581e-03
3.811726e-03 2.296588e-03 7.159080e-03
3.909170e-03 2.428528e-03 7.123690e-03
4.002187e-03 2.558724e-03 7.085400e-03
4.122625e-03 2.740220e-03 7.022193e-03
4.228291e-03 2.917288e-03 6.948427e-03
4.318019e-03 3.087980e-03 6.864880e-03
4.358844e-03 3.198704e-03 6.792841e-03
4.394672e-03 3.307474e-03 6.717509e-03
4.425554e-03 3.414400e-03 6.638802e-03
4.450345e-03 3.558822e-03 6.515578e-03
4.460061e-03 3.695727e-03 6.384556e-03
4.451974e-03 3.824725e-03 6.243399e-03
4.428493e-03 3.906964e-03 6.133974e-03
4.399614e-03 3.986709e-03 6.021392e-03
4.365329e-03 4.063941e-03 5.905653e-03
4.292852e-03 4.161852e-03 5.730181e-03
4.205356e-03 4.251892e-03 5.547332e-03
4.102452e-03 4.334064e-03 5.356716e-03
4.016083e-03 4.382495e-03 5.216673e-03
3.924893e-03 4.428060e-03 5.074411e-03
3.828776e-03 4.470582e-03 4.930047e-03
3.665106e-03 4.517231e-03 4.713244e-03
3.488028e-03 4.555675e-03 4.491027e-03
3.295588e-03 4.584357e-03 4.263009e-03
3.152743e-03 4.597771e-03 4.100124e-03
3.005777e-03 4.608122e-03 3.935990e-03
2.854827e-03 4.615512e-03 3.770620e-03
2.610116e-03 4.608534e-03 3.525211e-03
2.353994e-03 4.591808e-03 3.277973e-03
2.086458e-03 4.566894e-03 3.027348e-03
1.897283e-03 4.544760e-03 2.852568e-03
1.704842e-03 4.519733e-03 2.677249e-03
1.509061e-03 4.491771e-03 2.501389e-03
1.201629e-03 4.431952e-03 2.245199e-03
8.851228e-04 4.363982e-03 1.987987e-03
5.603185e-04 4.288251e-03 1.730143e-03
3.366328e-04 4.232117e-03 1.554125e-03
1.116343e-04 4.173762e-03 1.378885e-03
-1.148438e-04 4.113033e-03 1.204493e-03
-4.653431e-04 4.006247e-03 9.516913e-04
-8.202791e-04 3.892131e-03 7.017358e-04
-1.180049e-03 3.769518e-03 4.554084e-04
-1.422594e-03 3.684712e-03 2.888765e-04
-1.665715e-03 3.597862e-03 1.238165e-04
-1.909319e-03 3.509039e-03 -3.975475e-05
-2.278427e-03 3.361442e-03 -2.704328e-04
-2.648873e-03 3.208100e-03 -4.966691e-04
-3.019494e-03 3.050184e-03 -7.184623e-04
-3.264001e-03 2.942485e-03 -8.638896e-04
-3.507782e-03 2.833247e-03 -1.006953e-03
-3.751054e-03 2.722415e-03 -1.147831e-03
-4.114310e-03 2.544513e-03 -1.341992e-03
-4.475452e-03 2.361670e-03 -1.528994e-03
-4.831758e-03 2.176228e-03 -1.708448e-03
-5.062537e-03 2.053546e-03 -1.824489e-03
-5.291350e-03 1.929806e-03 -1.937388e-03
-5.518259e-03 1.804844e-03 -2.046964e-03
-5.852795e-03 1.606911e-03 -2.191576e-03
-6.180556e-03 1.407592e-03 -2.327868e-03
-6.499599e-03 1.206500e-03 -2.453499e-03
-6.701136e-03 1.076661e-03 -2.532086e-03
-6.899561e-03 9.462086e-04 -2.606715e-03
-7.094871e-03 8.151153e-04 -2.677364e-03
-7.377266e-03 6.117442e-04 -2.763219e-03
-7.648667e-03 4.085535e-04 -2.838042e-03
-9.143040e-03 2.055439e-04 -4.564009e-03
-1.012785e-02 7.520923e-05 -5.709513e-03
-1.060621e-02 1.829992e-05 -6.276708e-03
-1.057926e-02 3.455873e-05 -6.266634e-03
-1.055208e-02 5.088271e-05 -6.255774e-03
-1.052530e-02 6.715363e-05 -6.244836e-03
-1.049886e-02 8.335006e-05 -6.233776e-03
-1.047283e-02 9.948369e-05 -6.222623e-03
-1.044714e-02 1.155204e-04 -6.211324e-03
-1.042182e-02 1.315804e-04 -6.200023e-03
-1.039681e-02 1.476391e-04 -6.188610e-03
-1.037219e-02 1.635256e-04 -6.177071e-03
-1.034790e-02 1.793808e-04 -6.165465e-03
-1.032410e-02 1.950244e-04 -6.153764e-03
-1.030052e-02 2.106675e-04 -6.141933e-03
-1.027725e-02 2.262844e-04 -6.129989e-03
-1.025438e-02 2.416978e-04 -6.117932e-03
-1.023185e-02 2.570641e-04 -6.105820e-03
-1.020959e-02 2.724401e-04 -6.093636e-03
-1.018778e-02 2.876849e-04 -6.081436e-03
-1.016631e-02 3.028123e-04 -6.069161e-03
-1.014511e-02 3.178806e-04 -6.056773e-03
-1.012419e-02 3.328359e-04 -6.044160e-03
-1.010368e-02 3.476473e-04 -6.031587e-03
-1.008350e-02 3.623167e-04 -6.018927e-03
-1.006361e-02 3.770232e-04 -6.006227e-03
-1.004398e-02 3.915814e-04 -5.993356e-03
-1.002463e-02 4.060037e-04 -5.980383e-03
-1.000577e-02 4.202272e-04 -5.967403e-03
-9.987109e-03 4.344873e-04 -5.954333e-03
-9.968720e-03 4.486179e-04 -5.941186e-03
-9.950665e-03 4.624913e-04 -5.927848e-03
-9.932910e-03 4.763847e-04 -5.914575e-03
-9.915393e-03 4.901858e-04 -5.901177e-03
-9.898244e-03 5.037524e-04 -5.887689e-03
-9.881397e-03 5.172041e-04 -5.874206e-03
-9.864786e-03 5.305669e-04 -5.860632e-03
-9.848467e-03 5.437737e-04 -5.846895e-03
-9.832482e-03 5.568171e-04 -5.833195e-03
-9.816754e-03 5.696881e-04 -5.819376e-03
-9.801320e-03 5.823683e-04 -5.805455e-03
-9.786163e-03 5.949496e-04 -5.791520e-03
-9.771252e-03 6.073724e-04 -5.777481e-03
-9.756596e-03 6.195736e-04 -5.763249e-03
-9.742179e-03 6.316061e-04 -5.748956e-03
-9.728028e-03 6.435556e-04 -5.734654e-03
-9.714137e-03 6.554096e-04 -5.720281e-03
-9.700582e-03 6.670223e-04 -5.705912e-03
-9.687243e-03 6.784491e-04 -5.691459e-03
-9.674232e-03 6.897379e-04 -5.677032e-03
-9.661412e-03 7.008982e-04 -5.662477e-03
-9.648798e-03 7.119075e-04 -5.647834e-03
-9.636478e-03 7.227521e-04 -5.633203e-03
-9.624308e-03 7.334074e-04 -5.618382e-03
-9.612372e-03 7.438663e-04 -5.603509e-03
-9.600707e-03 7.539745e-04 -5.588549e-03
-9.589302e-03 7.640334e-04 -5.573650e-03
-9.578126e-03 7.739187e-04 -5.558710e-03
-9.567209e-03 7.835420e-04 -5.543724e-03
-9.556517e-03 7.931127e-04 -5.528715e-03
-9.546001e-03 8.024975e-04 -5.513609e-03
-9.535795e-03 8.115780e-04 -5.498545e-03
-9.525753e-03 8.206406e-04 -5.483401e-03
-9.515905e-03 8.295107e-04 -5.468224e-03
-9.506242e-03 8.380808e-04 -5.452901e-03
-9.496787e-03 8.464856e-04 -5.437564e-03
-9.487548e-03 8.547148e-04 -5.422235e-03
-9.478509e-03 8.627792e-04 -5.406865e-03
-9.469738e-03 8.706041e-04 -5.391555e-03
-9.461146e-03 8.782666e-04 -5.376196e-03
-9.452701e-03 8.858158e-04 -5.360732e-03
-9.444478e-03 8.930188e-04 -5.345303e-03
-9.436445e-03 9.000791e-04 -5.329854e-03
-9.428558e-03 9.070074e-04 -5.314289e-03
-9.420856e-03 9.136551e-04 -5.298713e-03
-9.413351e-03 9.201986e-04 -5.283165e-03
-9.406025e-03 9.263633e-04 -5.267581e-03
-9.398886e-03 9.324535e-04 -5.252025e-03
-9.391891e-03 9.383402e-04 -5.236438e-03
-9.385072e-03 9.439958e-04 -5.220782e-03
-9.378364e-03 9.493936e-04 -5.205065e-03
-9.371819e-03 9.546393e-04 -5.189347e-03
-9.365476e-03 9.596083e-04 -5.173658e-03
-9.359306e-03 9.644126e-04 -5.157981e-03
-9.353280e-03 9.690754e-04 -5.142298e-03
-9.347435e-03 9.734320e-04 -5.126627e-03
-9.341712e-03 9.776134e-04 -5.110910e-03
-9.336144e-03 9.816316e-04 -5.095206e-03
-9.330709e-03 9.853801e-04 -5.079500e-03
-9.325406e-03 9.889481e-04 -5.063774e-03
-9.320270e-03 9.923454e-04 -5.048084e-03
-9.315375e-03 9.955524e-04 -5.032514e-03
-9.310501e-03 9.985489e-04 -5.016803e-03
-9.305743e-03 1.001343e-03 -5.001093e-03
-9.301146e-03 1.003797e-03 -4.985495e-03
-9.296666e-03 1.006037e-03 -4.969901e-03
-9.292269e-03 1.008122e-03 -4.954253e-03
-9.288030e-03 1.010011e-03 -4.938626e-03
-9.283868e-03 1.011645e-03 -4.922983e-03
-9.279811e-03 1.013037e-03 -4.907360e-03
-9.275976e-03 1.014201e-03 -4.891914e-03
-9.272179e-03 1.015151e-03 -4.876405e-03
-9.268492e-03 1.015997e-03 -4.860870e-03
-9.264819e-03 1.016409e-03 -4.845287e-03
-9.261337e-03 1.016779e-03 -4.829815e-03
-9.257989e-03 1.017006e-03 -4.814391e-03
-9.254739e-03 1.016967e-03 -4.799033e-03
-9.251632e-03 1.016715e-03 -4.783743e-03
-9.248590e-03 1.016327e-03 -4.768430e-03
-9.245557e-03 1.015569e-03 -4.753122e-03
-9.242642e-03 1.014683e-03 -4.737831e-03
-9.239805e-03 1.013623e-03 -4.722572e-03
-9.237140e-03 1.012224e-03 -4.707562e-03
-9.234539e-03 1.010738e-03 -4.692479e-03
-9.231960e-03 1.008987e-03 -4.677393e-03
-9.229444e-03 1.006882e-03 -4.662406e-03
-9.226997e-03 1.004621e-03 -4.647437e-03
-9.224629e-03 1.002268e-03 -4.632464e-03
-9.222415e-03 9.996777e-04 -4.617663e-03
-9.220211e-03 9.968259e-04 -4.602870e-03
-9.218093e-03 9.937998e-04 -4.588167e-03
-9.216007e-03 9.905052e-04 -4.573516e-03
-9.214018e-03 9.870535e-04 -4.558958e-03
-9.212093e-03 9.834008e-04 -4.544506e-03
-9.210163e-03 9.794564e-04 -4.530018e-03
-9.208301e-03 9.754234e-04 -4.515494e-03
-9.206493e-03 9.711755e-04 -4.501106e-03
-9.204723e-03 9.667012e-04 -4.486779e-03
-9.203007e-03 9.620354e-04 -4.472504e-03
-9.201337e-03 9.571991e-04 -4.458282e-03
-9.199710e-03 9.520887e-04 -4.444160e-03
-9.198140e-03 9.468501e-04 -4.430079e-03
-9.196624e-03 9.414119e-04 -4.416132e-03
-9.195053e-03 9.355813e-04 -4.402240e-03
-9.193580e-03 9.297023e-04 -4.388408e-03
-8.960274e-03 1.844071e-04 -4.893257e-03
-8.796418e-03 -3.166209e-04 -5.219361e-03
-8.714696e-03 -5.678775e-04 -5.373915e-03
-8.714845e-03 -5.699950e-04 -5.357192e-03
-8.715149e-03 -5.720002e-04 -5.340277e-03
-8.415873e-03 -1.337900e-03 -5.798862e-03
-8.416802e-03 -1.338822e-03 -5.781145e-03
-8.418170e-03 -1.339022e-03 -5.762978e-03
-8.419500e-03 -1.339405e-03 -5.744678e-03
-8.420839e-03 -1.339952e-03 -5.726333e-03
-8.422170e-03 -1.340863e-03 -5.708149e-03
-8.048831e-03 -2.119928e-03 -6.104711e-03
-8.050950e-03 -2.119660e-03 -6.085848e-03
-8.053494e-03 -2.118735e-03 -6.066526e-03
-8.056016e-03 -2.118034e-03 -6.047224e-03
-7.636773e-03 -2.900153e-03 -6.400206e-03
-7.640739e-03 -2.897265e-03 -6.379770e-03
-7.644701e-03 -2.894554e-03 -6.359269e-03
-7.648560e-03 -2.892176e-03 -6.338811e-03
-7.652395e-03 -2.890024e-03 -6.318356e-03
-7.181854e-03 -3.668710e-03 -6.615694e-03
-7.186578e-03 -3.665439e-03 -6.594666e-03
-7.191994e-03 -3.661318e-03 -6.573357e-03
-7.197333e-03 -3.657453e-03 -6.552017e-03
-7.202610e-03 -3.653808e-03 -6.530647e-03
-7.207815e-03 -3.650448e-03 -6.509298e-03
-7.212939e-03 -3.647343e-03 -6.488029e-03
-7.218057e-03 -3.644399e-03 -6.466763e-03
-7.223099e-03 -3.641705e-03 -6.445407e-03
-7.228123e-03 -3.639174e-03 -6.424091e-03
-7.233089e-03 -3.636860e-03 -6.402787e-03
-7.237994e-03 -3.634826e-03 -6.381587e-03
-7.242901e-03 -3.632920e-03 -6.360400e-03
-7.247755e-03 -3.631201e-03 -6.339209e-03
-6.647747e-03 -4.386217e-03 -6.481064e-03
-6.041879e-03 -5.137721e-03 -6.613387e-03
-6.049768e-03 -5.132629e-03 -6.591389e-03
-6.058352e-03 -5.126810e-03 -6.569204e-03
-5.432213e-03 -5.864266e-03 -6.666746e-03
-5.442031e-03 -5.857231e-03 -6.644384e-03
-5.452531e-03 -5.849504e-03 -6.621731e-03
-5.462977e-03 -5.841941e-03 -6.599107e-03
-5.473392e-03 -5.834520e-03 -6.576435e-03
-5.483631e-03 -5.827412e-03 -6.553752e-03
-5.493748e-03 -5.820526e-03 -6.531017e-03
-5.503870e-03 -5.813756e-03 -6.508282e-03
-5.513862e-03 -5.807261e-03 -6.485539e-03
-4.840039e-03 -6.494863e-03 -6.484116e-03
-4.851316e-03 -6.487294e-03 -6.461355e-03
-4.863340e-03 -6.479047e-03 -6.438494e-03
-4.875296e-03 -6.470951e-03 -6.415568e-03
-4.887140e-03 -6.463049e-03 -6.392608e-03
-4.898922e-03 -6.455306e-03 -6.369635e-03
-4.910575e-03 -6.447768e-03 -6.346626e-03
-4.210218e-03 -7.089152e-03 -6.271414e-03
-4.224077e-03 -7.079840e-03 -6.248717e-03
-4.237927e-03 -7.070596e-03 -6.225894e-03
-3.529540e-03 -7.688738e-03 -6.119011e-03
-3.545464e-03 -7.677857e-03 -6.096426e-03
-3.561363e-03 -7.667047e-03 -6.073782e-03
-3.577144e-03 -7.656391e-03 -6.051056e-03
-3.592665e-03 -7.646013e-03 -6.028262e-03
-3.608186e-03 -7.635693e-03 -6.005465e-03
-3.623662e-03 -7.625463e-03 -5.982635e-03
-3.638986e-03 -7.615383e-03 -5.959653e-03
-3.654202e-03 -7.605434e-03 -5.936604e-03
-3.669295e-03 -7.595629e-03 -5.913448e-03
-2.438526e-03 -8.128754e-03 -4.121603e-03
-1.203143e-03 -8.654121e-03 -2.332835e-03
3.684174e-05 -9.170540e-03 -5.483364e-04
8.559653e-04 -9.502534e-03 6.373081e-04
1.675304e-03 -9.831534e-03 1.820421e-03
2.494851e-03 -1.015755e-02 3.000969e-03
2.459280e-03 -1.013909e-02 2.995447e-03
2.423706e-03 -1.012053e-02 2.989922e-03
2.388137e-03 -1.010186e-02 2.984499e-03
2.352639e-03 -1.008304e-02 2.979309e-03
2.317042e-03 -1.006401e-02 2.974225e-03
2.281445e-03 -1.004484e-02 2.969237e-03
2.245817e-03 -1.002542e-02 2.964526e-03
2.210304e-03 -1.000598e-02 2.959871e-03
2.174868e-03 -9.986463e-03 2.955304e-03
2.139431e-03 -9.966691e-03 2.951019e-03
2.104007e-03 -9.946780e-03 2.946876e-03
2.068586e-03 -9.926744e-03 2.942811e-03
2.033248e-03 -9.906580e-03 2.938862e-03
1.997975e-03 -9.886322e-03 2.935019e-03
1.962728e-03 -9.865950e-03 2.931277e-03
1.927615e-03 -9.845495e-03 2.927667e-03
1.892538e-03 -9.824898e-03 2.924252e-03
1.857459e-03 -9.804147e-03 2.920940e-03
1.822464e-03 -9.783209e-03 2.917870e-03
1.787483e-03 -9.762095e-03 2.914942e-03
1.752560e-03 -9.740874e-03 2.912115e-03
1.717730e-03 -9.719517e-03 2.909443e-03
1.682881e-03 -9.697928e-03 2.906938e-03
1.648097e-03 -9.676261e-03 2.904517e-03
1.613548e-03 -9.654505e-03 2.902352e-03
1.579061e-03 -9.632665e-03 2.900258e-03
1.544603e-03 -9.610749e-03 2.898173e-03
1.510155e-03 -9.588618e-03 2.896248e-03
1.475779e-03 -9.566309e-03 2.894515e-03
4.782981e-05 -8.200439e-03 2.944283e-03
-9.145406e-04 -7.281265e-03 2.975185e-03
-1.875547e-03 -6.361738e-03 3.004477e-03
-2.835171e-03 -5.441906e-03 3.032159e-03
-4.261803e-03 -4.063147e-03 3.068220e-03
-5.686699e-03 -2.682948e-03 3.101100e-03
-7.107893e-03 -1.302492e-03 3.130018e-03
-8.052845e-03 -3.857701e-04 3.146153e-03
-8.993705e-03 5.279889e-04 3.161227e-03
-9.930490e-03 1.438733e-03 3.175179e-03
-9.927474e-03 1.425310e-03 3.172636e-03
-9.924506e-03 1.411794e-03 3.169902e-03
-9.921527e-03 1.398219e-03 3.167055e-03
-9.918559e-03 1.384608e-03 3.164155e-03
-9.915605e-03 1.370933e-03 3.161104e-03
-9.912682e-03 1.357202e-03 3.157914e-03
-9.909878e-03 1.343491e-03 3.154553e-03
-9.907107e-03 1.329742e-03 3.151052e-03
-9.904422e-03 1.316035e-03 3.147436e-03
-9.901867e-03 1.302272e-03 3.143557e-03
-9.899282e-03 1.288409e-03 3.139493e-03
-9.896658e-03 1.274491e-03 3.135318e-03
-9.894184e-03 1.260634e-03 3.131037e-03
-9.891704e-03 1.246767e-03 3.126685e-03
-9.889218e-03 1.232868e-03 3.122220e-03
-9.886862e-03 1.218941e-03 3.117493e-03
-9.884610e-03 1.205094e-03 3.112585e-03
-9.882359e-03 1.191247e-03 3.107603e-03
-9.880164e-03 1.177349e-03 3.102416e-03
-9.878023e-03 1.163437e-03 3.097002e-03
-9.875860e-03 1.149530e-03 3.091584e-03
-9.873737e-03 1.135520e-03 3.085836e-03
-9.871665e-03 1.121626e-03 3.080075e-03
-9.869639e-03 1.107743e-03 3.074145e-03
-9.867716e-03 1.093909e-03 3.068018e-03
-9.865676e-03 1.079930e-03 3.061797e-03
-9.863684e-03 1.065976e-03 3.055398e-03
-9.861844e-03 1.052145e-03 3.048822e-03
-9.859934e-03 1.038274e-03 3.042221e-03
-9.858042e-03 1.024413e-03 3.035474e-03
-9.856162e-03 1.010509e-03 3.028531e-03
-9.854320e-03 9.966241e-04 3.021391e-03
-9.852485e-03 9.827651e-04 3.014140e-03
-9.850763e-03 9.690116e-04 3.006702e-03
-9.849009e-03 9.552256e-04 2.999128e-03
-9.847271e-03 9.414540e-04 2.991353e-03
-9.845510e-03 9.276222e-04 2.983366e-03
-9.843854e-03 9.139461e-04 2.975313e-03
-9.842179e-03 9.002502e-04 2.967071e-03
-9.840570e-03 8.866599e-04 2.958751e-03
-9.838917e-03 8.730103e-04 2.950206e-03
-9.837346e-03 8.594840e-04 2.941521e-03
-9.835758e-03 8.459519e-04 2.932790e-03
-9.834228e-03 8.325023e-04 2.923816e-03
-9.832657e-03 8.190656e-04 2.914753e-03
-9.831174e-03 8.057380e-04 2.905575e-03
-9.829639e-03 7.923890e-04 2.896245e-03
-9.828096e-03 7.790640e-04 2.886759e-03
-9.826561e-03 7.657862e-04 2.877117e-03
-9.825095e-03 7.526304e-04 2.867423e-03
-9.823618e-03 7.395094e-04 2.857572e-03
-9.822140e-03 7.263723e-04 2.847462e-03
-9.820733e-03 7.134077e-04 2.837207e-03
-9.819265e-03 7.004309e-04 2.826837e-03
-9.817914e-03 6.876214e-04 2.816365e-03
-9.816497e-03 6.747781e-04 2.805757e-03
-9.815045e-03 6.619725e-04 2.795091e-03
-9.813675e-03 6.492958e-04 2.784216e-03
-9.812281e-03 6.366670e-04 2.773280e-03
-9.810893e-03 6.241159e-04 2.762124e-03
-9.809542e-03 6.116334e-04 2.750841e-03
-9.808127e-03 5.991680e-04 2.739478e-03
-9.806727e-03 5.868053e-04 2.728003e-03
-9.805354e-03 5.745124e-04 2.716358e-03
-9.803979e-03 5.622897e-04 2.704508e-03
-9.802604e-03 5.501697e-04 2.692624e-03
-9.801320e-03 5.382197e-04 2.680557e-03
-9.799995e-03 5.263096e-04 2.668422e-03
-9.798673e-03 5.144968e-04 2.656094e-03
-9.797341e-03 5.027416e-04 2.643755e-03
-9.796015e-03 4.910874e-04 2.631158e-03
-9.794657e-03 4.795005e-04 2.618541e-03
-9.793281e-03 4.679289e-04 2.605791e-03
-9.791926e-03 4.565152e-04 2.592900e-03
-9.790531e-03 4.451592e-04 2.579887e-03
-9.789190e-03 4.339595e-04 2.566798e-03
-9.787829e-03 4.228385e-04 2.553598e-03
-9.786414e-03 4.117471e-04 2.540295e-03
-1.042616e-02 1.475922e-03 2.101924e-03
-1.042308e-02 1.462222e-03 2.089535e-03
-1.041955e-02 1.447879e-03 2.077255e-03
-1.041604e-02 1.433624e-03 2.064811e-03
-1.041247e-02 1.419403e-03 2.052224e-03
-1.040888e-02 1.405281e-03 2.039559e-03
-1.040541e-02 1.391452e-03 2.026832e-03
-1.040179e-02 1.377503e-03 2.013948e-03
-1.039813e-02 1.363611e-03 2.000938e-03
-1.039452e-02 1.349910e-03 1.987705e-03
-1.039089e-02 1.336288e-03 1.974342e-03
-1.038721e-02 1.322701e-03 1.960901e-03
-1.038358e-02 1.309320e-03 1.947372e-03
-1.037986e-02 1.295896e-03 1.933798e-03
-1.037613e-02 1.282605e-03 1.920016e-03
-1.037238e-02 1.269388e-03 1.906057e-03
-1.036863e-02 1.256348e-03 1.891963e-03
-1.036484e-02 1.243380e-03 1.877766e-03
-1.036110e-02 1.230589e-03 1.863456e-03
-1.035732e-02 1.217834e-03 1.849140e-03
-1.035350e-02 1.205166e-03 1.834685e-03
-1.034972e-02 1.192723e-03 1.820049e-03
-1.034586e-02 1.180301e-03 1.805250e-03
-1.034197e-02 1.167955e-03 1.790375e-03
-1.033812e-02 1.155794e-03 1.775432e-03
-1.033424e-02 1.143741e-03 1.760477e-03
-1.033034e-02 1.131816e-03 1.745437e-03
-1.032638e-02 1.119900e-03 1.730182e-03
-1.032246e-02 1.108215e-03 1.714874e-03
-1.031848e-02 1.096593e-03 1.699393e-03
-1.031452e-02 1.085162e-03 1.683799e-03
-1.031050e-02 1.073721e-03 1.668268e-03
-1.030644e-02 1.062364e-03 1.652613e-03
-1.030243e-02 1.051200e-03 1.636990e-03
-1.029841e-02 1.040215e-03 1.621198e-03
-1.029434e-02 1.029311e-03 1.605275e-03
-1.029027e-02 1.018554e-03 1.589259e-03
-1.028614e-02 1.007866e-03 1.573094e-03
-1.028199e-02 9.972449e-04 1.556877e-03
-1.027790e-02 9.867799e-04 1.540636e-03
-1.027379e-02 9.763726e-04 1.524297e-03
-1.026968e-02 9.660447e-04 1.507974e-03
-1.026554e-02 9.557791e-04 1.491429e-03
-1.026139e-02 9.455539e-04 1.474847e-03
-1.025724e-02 9.354460e-04 1.458170e-03
-1.025311e-02 9.254214e-04 1.441501e-03
-1.024891e-02 9.154203e-04 1.424586e-03
-1.024469e-02 9.054512e-04 1.407715e-03
-1.024051e-02 8.956609e-04 1.390690e-03
-1.023633e-02 8.860152e-04 1.373593e-03
-1.023211e-02 8.763557e-04 1.356520e-03
-1.022792e-02 8.667850e-04 1.339440e-03
-1.022369e-02 8.572559e-04 1.322305e-03
-1.021944e-02 8.477792e-04 1.305091e-03
-1.021525e-02 8.386286e-04 1.287717e-03
-1.021104e-02 8.295126e-04 1.270297e-03
-1.020677e-02 8.203725e-04 1.252838e-03
-1.020256e-02 8.113908e-04 1.235479e-03
-1.019829e-02 8.024745e-04 1.217959e-03
-1.019402e-02 7.936370e-04 1.200410e-03
-1.018973e-02 7.849096e-04 1.182727e-03
-1.018542e-02 7.761905e-04 1.165093e-03
-1.018110e-02 7.675797e-04 1.147475e-03
-1.017680e-02 7.591267e-04 1.129738e-03
-1.017246e-02 7.507292e-04 1.111977e-03
-1.016810e-02 7.423588e-04 1.094212e-03
-1.016369e-02 7.339739e-04 1.076396e-03
-1.015930e-02 7.257896e-04 1.058532e-03
-1.015489e-02 7.176887e-04 1.040626e-03
-1.015049e-02 7.096371e-04 1.022781e-03
-1.014608e-02 7.017676e-04 1.004842e-03
-1.014162e-02 6.938991e-04 9.869018e-04
-1.013717e-02 6.863636e-04 9.687080e-04
-1.013267e-02 6.787091e-04 9.505557e-04
-1.012817e-02 6.711423e-04 9.325133e-04
-1.012363e-02 6.636155e-04 9.143868e-04
-1.011911e-02 6.562252e-04 8.963441e-04
-1.011457e-02 6.488681e-04 8.783145e-04
-1.011005e-02 6.417136e-04 8.603253e-04
-1.010547e-02 6.345645e-04 8.422656e-04
-1.012694e-02 1.495869e-03 -9.324270e-06
-1.012224e-02 1.486028e-03 -2.473274e-05
-1.011751e-02 1.476222e-03 -4.005995e-05
-1.011271e-02 1.466374e-03 -5.546497e-05
-1.010787e-02 1.456590e-03 -7.086614e-05
-1.010300e-02 1.446891e-03 -8.624387e-05
-1.009808e-02 1.437181e-03 -1.016527e-04
-1.009315e-02 1.427616e-03 -1.170500e-04
-1.008810e-02 1.417964e-03 -1.326440e-04
-1.008301e-02 1.408347e-03 -1.481659e-04
-1.007791e-02 1.398889e-03 -1.637675e-04
-1.007278e-02 1.389475e-03 -1.792183e-04
-1.004703e-02 2.229703e-03 -1.056462e-03
-1.004186e-02 2.217638e-03 -1.069260e-03
-1.003666e-02 2.205564e-03 -1.081952e-03
-1.003138e-02 2.193480e-03 -1.094664e-03
-1.002598e-02 2.181286e-03 -1.107529e-03
-1.002052e-02 2.169164e-03 -1.120394e-03
-1.001498e-02 2.157110e-03 -1.133362e-03
-1.000938e-02 2.145124e-03 -1.146339e-03
-1.000373e-02 2.133117e-03 -1.159226e-03
-9.998017e-03 2.121105e-03 -1.172092e-03
-9.992257e-03 2.109248e-03 -1.184998e-03
-9.986416e-03 2.097374e-03 -1.197952e-03
-9.980483e-03 2.085463e-03 -1.210964e-03
-9.974494e-03 2.073595e-03 -1.223950e-03
-9.968439e-03 2.061838e-03 -1.236987e-03
-9.962311e-03 2.050125e-03 -1.250073e-03
-9.956121e-03 2.038308e-03 -1.263084e-03
-9.949836e-03 2.026525e-03 -1.276178e-03
-9.943478e-03 2.014807e-03 -1.289316e-03
-9.937016e-03 2.003014e-03 -1.302483e-03
-9.930513e-03 1.991313e-03 -1.315599e-03
-9.923925e-03 1.979585e-03 -1.328752e-03
-9.917298e-03 1.967877e-03 -1.341843e-03
-9.910621e-03 1.956393e-03 -1.354989e-03
-9.903872e-03 1.944842e-03 -1.368102e-03
-9.897017e-03 1.933203e-03 -1.381221e-03
-9.794737e-03 2.700936e-03 -2.261265e-03
-9.787906e-03 2.687847e-03 -2.272777e-03
-9.781098e-03 2.673746e-03 -2.283189e-03
-9.774200e-03 2.659649e-03 -2.293640e-03
-9.767205e-03 2.645501e-03 -2.304092e-03
-9.760136e-03 2.631332e-03 -2.314426e-03
-9.752948e-03 2.617121e-03 -2.324859e-03
-9.745679e-03 2.602927e-03 -2.335280e-03
-9.738347e-03 2.588925e-03 -2.345711e-03
-9.730906e-03 2.574850e-03 -2.356170e-03
-9.723348e-03 2.560688e-03 -2.366659e-03
-9.715672e-03 2.546526e-03 -2.377200e-03
-9.707944e-03 2.532384e-03 -2.387639e-03
-9.700097e-03 2.518153e-03 -2.398143e-03
-9.692130e-03 2.503929e-03 -2.408710e-03
-9.684083e-03 2.489844e-03 -2.419323e-03
-9.675974e-03 2.475828e-03 -2.429901e-03
-9.667732e-03 2.461632e-03 -2.440477e-03
-9.659407e-03 2.447526e-03 -2.451082e-03
-9.651017e-03 2.433470e-03 -2.461678e-03
-9.642544e-03 2.419375e-03 -2.472231e-03
-9.633936e-03 2.405292e-03 -2.482902e-03
-9.625231e-03 2.391184e-03 -2.493584e-03
-9.616472e-03 2.377144e-03 -2.504166e-03
-9.607609e-03 2.363033e-03 -2.514755e-03
-9.598639e-03 2.348956e-03 -2.525426e-03
-9.589630e-03 2.335034e-03 -2.536038e-03
-9.580470e-03 2.320943e-03 -2.546702e-03
-9.571220e-03 2.306801e-03 -2.557348e-03
-1.015063e-02 2.968867e-03 -1.312666e-03
-1.013967e-02 2.953057e-03 -1.326590e-03
-1.012820e-02 2.936828e-03 -1.341435e-03
-1.011656e-02 2.920566e-03 -1.356402e-03
-1.010492e-02 2.904413e-03 -1.371254e-03
-1.009318e-02 2.888325e-03 -1.386148e-03
-1.008133e-02 2.872284e-03 -1.401135e-03
-1.006944e-02 2.856391e-03 -1.416075e-03
-1.005748e-02 2.840575e-03 -1.431020e-03
-1.004541e-02 2.824757e-03 -1.446011e-03
-1.003321e-02 2.808945e-03 -1.461093e-03
-1.002093e-02 2.793118e-03 -1.476150e-03
-1.000864e-02 2.777436e-03 -1.491087e-03
-9.996210e-03 2.761814e-03 -1.506166e-03
-9.983687e-03 2.746208e-03 -1.521279e-03
-9.971184e-03 2.730880e-03 -1.536280e-03
-9.958537e-03 2.715378e-03 -1.551351e-03
-9.945814e-03 2.699932e-03 -1.566428e-03
-9.932966e-03 2.684538e-03 -1.581604e-03
-9.920085e-03 2.669173e-03 -1.596675e-03
-9.907121e-03 2.653821e-03 -1.611756e-03
-9.894087e-03 2.638794e-03 -1.626963e-03
-9.880988e-03 2.623626e-03 -1.642058e-03
-9.867816e-03 2.608513e-03 -1.657159e-03
-9.854584e-03 2.593444e-03 -1.672206e-03
-9.841305e-03 2.578379e-03 -1.687206e-03
-9.827919e-03 2.563301e-03 -1.702256e-03
-9.814481e-03 2.548458e-03 -1.717336e-03
-9.800958e-03 2.533650e-03 -1.732467e-03
-9.787368e-03 2.518822e-03 -1.747564e-03
-9.773718e-03 2.504005e-03 -1.762621e-03
-9.759987e-03 2.489334e-03 -1.777743e-03
-9.746192e-03 2.474656e-03 -1.792838e-03
-9.732379e-03 2.460135e-03 -1.807869e-03
-9.718479e-03 2.445561e-03 -1.822916e-03
-9.704511e-03 2.431077e-03 -1.837987e-03
-9.690492e-03 2.416610e-03 -1.853025e-03
-9.676397e-03 2.402247e-03 -1.868103e-03
-9.938730e-03 9.616169e-04 -7.177851e-04
-1.010992e-02 -9.013792e-07 4.055640e-05
-1.028119e-02 -9.613740e-04 7.966238e-04
-1.045262e-02 -1.919795e-03 1.550545e-03
-1.043572e-02 -1.919560e-03 1.524094e-03
-1.041891e-02 -1.919174e-03 1.497705e-03
-1.040214e-02 -1.918708e-03 1.471344e-03
-1.038548e-02 -1.918085e-03 1.445111e-03
-1.036890e-02 -1.917403e-03 1.418979e-03
-1.035237e-02 -1.916653e-03 1.392935e-03
-1.033589e-02 -1.915786e-03 1.366891e-03
-1.031951e-02 -1.914731e-03 1.340974e-03
-1.030319e-02 -1.913545e-03 1.315150e-03
-1.028700e-02 -1.912397e-03 1.289519e-03
-1.027086e-02 -1.911096e-03 1.263927e-03
-1.025472e-02 -1.909692e-03 1.238289e-03
-1.023871e-02 -1.908099e-03 1.212805e-03
-1.022276e-02 -1.906475e-03 1.187395e-03
-1.020685e-02 -1.904718e-03 1.162024e-03
-1.019107e-02 -1.902873e-03 1.136853e-03
-1.017533e-02 -1.901035e-03 1.111708e-03
-1.015969e-02 -1.899001e-03 1.086745e-03
-1.014412e-02 -1.897035e-03 1.061861e-03
-1.012865e-02 -1.894884e-03 1.037085e-03
-1.011320e-02 -1.892621e-03 1.012320e-03
-1.009783e-02 -1.890265e-03 9.876546e-04
-1.008254e-02 -1.887927e-03 9.630988e-04
-1.006730e-02 -1.885568e-03 9.386445e-04
-1.005216e-02 -1.883039e-03 9.142758e-04
-1.003712e-02 -1.880343e-03 8.900824e-04
-1.002214e-02 -1.877624e-03 8.659767e-04
-1.000726e-02 -1.874864e-03 8.419818e-04
-9.992393e-03 -1.871999e-03 8.179763e-04
-9.977574e-03 -1.869087e-03 7.940287e-04
-1.028210e-02 -3.254905e-03 1.849779e-03
-1.026670e-02 -3.248197e-03 1.823381e-03
-1.025117e-02 -3.240509e-03 1.796336e-03
-1.023577e-02 -3.232811e-03 1.769424e-03
-1.022050e-02 -3.224907e-03 1.742650e-03
-1.020534e-02 -3.216926e-03 1.716050e-03
-1.019032e-02 -3.208839e-03 1.689564e-03
-1.017540e-02 -3.200771e-03 1.663191e-03
-1.016058e-02 -3.192599e-03 1.636898e-03
-1.014590e-02 -3.184321e-03 1.610810e-03
-1.013135e-02 -3.176034e-03 1.584905e-03
-1.011689e-02 -3.167654e-03 1.559112e-03
-1.010256e-02 -3.159183e-03 1.533415e-03
-1.008833e-02 -3.150533e-03 1.507842e-03
-1.007420e-02 -3.141858e-03 1.482406e-03
-1.006022e-02 -3.133202e-03 1.457179e-03
-1.004636e-02 -3.124450e-03 1.432134e-03
-1.003257e-02 -3.115706e-03 1.407116e-03
-1.001893e-02 -3.106972e-03 1.382368e-03
-1.000544e-02 -3.098232e-03 1.357821e-03
-9.992006e-03 -3.089441e-03 1.333298e-03
-9.978747e-03 -3.080405e-03 1.309017e-03
-9.965580e-03 -3.071442e-03 1.284854e-03
-9.952481e-03 -3.062348e-03 1.260709e-03
-9.939549e-03 -3.053141e-03 1.236833e-03
-9.926722e-03 -3.043987e-03 1.213099e-03
-9.913978e-03 -3.034877e-03 1.189445e-03
-9.901352e-03 -3.025848e-03 1.165952e-03
-9.888834e-03 -3.016669e-03 1.142568e-03
-9.876415e-03 -3.007438e-03 1.119326e-03
-9.864144e-03 -2.998073e-03 1.096295e-03
-9.851978e-03 -2.988782e-03 1.073438e-03
-9.839886e-03 -2.979491e-03 1.050638e-03
-9.827932e-03 -2.969995e-03 1.028014e-03
-9.816073e-03 -2.960612e-03 1.005510e-03
-9.804315e-03 -2.951210e-03 9.831282e-04
-9.792712e-03 -2.941826e-03 9.610623e-04
-9.781182e-03 -2.932411e-03 9.390157e-04
-9.769721e-03 -2.922971e-03 9.169970e-04
-9.758422e-03 -2.913399e-03 8.952524e-04
-9.747198e-03 -2.903787e-03 8.735481e-04
-1.001235e-02 -2.162810e-03 1.869907e-03
-1.000046e-02 -2.155859e-03 1.845238e-03
-9.988648e-03 -2.148690e-03 1.820686e-03
-9.976910e-03 -2.141475e-03 1.796197e-03
-9.965262e-03 -2.134306e-03 1.771905e-03
-9.953693e-03 -2.127106e-03 1.747659e-03
-9.942207e-03 -2.119854e-03 1.723536e-03
-9.930851e-03 -2.112628e-03 1.699655e-03
-9.919560e-03 -2.105362e-03 1.675871e-03
-9.908357e-03 -2.098077e-03 1.652224e-03
-9.897199e-03 -2.090782e-03 1.628533e-03
-9.886169e-03 -2.083405e-03 1.605103e-03
-9.875195e-03 -2.076031e-03 1.581670e-03
-9.864368e-03 -2.068650e-03 1.558638e-03
-9.853597e-03 -2.061210e-03 1.535584e-03
-9.842908e-03 -2.053766e-03 1.512634e-03
-1.005714e-02 -1.285049e-03 2.485435e-03
-1.004601e-02 -1.279554e-03 2.460071e-03
-1.003479e-02 -1.274580e-03 2.434145e-03
-1.002366e-02 -1.269519e-03 2.408419e-03
-1.001259e-02 -1.264514e-03 2.382752e-03
-1.000157e-02 -1.259465e-03 2.357143e-03
-9.990611e-03 -1.254253e-03 2.331641e-03
-9.979706e-03 -1.249033e-03 2.306189e-03
-9.968869e-03 -1.243804e-03 2.280862e-03
-9.958090e-03 -1.238477e-03 2.255678e-03
-9.947404e-03 -1.233178e-03 2.230669e-03
-9.936763e-03 -1.227826e-03 2.205673e-03
-9.926220e-03 -1.222459e-03 2.180881e-03
-9.915709e-03 -1.217000e-03 2.156048e-03
-9.905264e-03 -1.211503e-03 2.131338e-03
-9.894892e-03 -1.205927e-03 2.106725e-03
-9.884603e-03 -1.200401e-03 2.082316e-03
-9.874354e-03 -1.194829e-03 2.057921e-03
-9.864151e-03 -1.189258e-03 2.033532e-03
-9.854036e-03 -1.183667e-03 2.009375e-03
-1.001708e-02 -4.070597e-04 2.938345e-03
-1.000652e-02 -4.038353e-04 2.911276e-03
-9.995993e-03 -4.006391e-04 2.884201e-03
-9.985515e-03 -3.973882e-04 2.857206e-03
-9.975107e-03 -3.939338e-04 2.830456e-03
-9.964722e-03 -3.904689e-04 2.803668e-03
-9.954361e-03 -3.870294e-04 2.776862e-03
-9.944081e-03 -3.834455e-04 2.750299e-03
-9.933828e-03 -3.799235e-04 2.723762e-03
-9.923603e-03 -3.763899e-04 2.697244e-03
-9.913426e-03 -3.726549e-04 2.670872e-03
-9.903286e-03 -3.689401e-04 2.644509e-03
-9.893189e-03 -3.651882e-04 2.618240e-03
-9.883160e-03 -3.613118e-04 2.592230e-03
-9.873159e-03 -3.574572e-04 2.566169e-03
-9.863200e-03 -3.535980e-04 2.540159e-03
-9.853276e-03 -3.495128e-04 2.514279e-03
-9.843404e-03 -3.454133e-04 2.488494e-03
-9.833579e-03 -3.412389e-04 2.462784e-03
-9.823804e-03 -3.370355e-04 2.437225e-03
-9.948040e-03 4.199787e-04 3.307089e-03
-9.938073e-03 4.226443e-04 3.279826e-03
-9.927953e-03 4.245514e-04 3.251582e-03
-9.917836e-03 4.265470e-04 3.223284e-03
-9.907754e-03 4.285937e-04 3.195141e-03
-9.897683e-03 4.307150e-04 3.167067e-03
-9.887622e-03 4.329699e-04 3.139014e-03
-9.877563e-03 4.352464e-04 3.110931e-03
-9.867495e-03 4.377277e-04 3.082937e-03
-9.857467e-03 4.401738e-04 3.055000e-03
-9.847456e-03 4.426300e-04 3.027093e-03
-9.837457e-03 4.451918e-04 2.999274e-03
-9.827479e-03 4.478228e-04 2.971537e-03
-9.817547e-03 4.504942e-04 2.943931e-03
-9.807610e-03 4.532352e-04 2.916407e-03
-9.797700e-03 4.561386e-04 2.888963e-03
-9.787788e-03 4.591221e-04 2.861536e-03
-9.777932e-03 4.620353e-04 2.834300e-03
-9.768063e-03 4.651292e-04 2.807066e-03
-9.758208e-03 4.683004e-04 2.779878e-03
-9.748347e-03 4.716609e-04 2.752761e-03
-9.738532e-03 4.749524e-04 2.725755e-03
-9.728726e-03 4.783445e-04 2.698813e-03
-9.718927e-03 4.817876e-04 2.671959e-03
-9.709114e-03 4.852751e-04 2.645007e-03
-9.310430e-03 1.191468e-03 1.532333e-03
-9.040086e-03 1.659872e-03 7.841920e-04
-8.769507e-03 2.126664e-03 3.738270e-05
-8.498666e-03 2.591956e-03 -7.080799e-04
-8.091070e-03 3.282222e-03 -1.813504e-03
-7.681398e-03 3.966186e-03 -2.914673e-03
-7.269647e-03 4.645012e-03 -4.012748e-03
-6.994436e-03 5.088777e-03 -4.741177e-03
-6.719482e-03 5.529431e-03 -5.466406e-03
-6.444779e-03 5.967121e-03 -6.188387e-03
-6.445476e-03 5.952129e-03 -6.186504e-03
-6.446114e-03 5.936969e-03 -6.184791e-03
-6.446666e-03 5.921662e-03 -6.183240e-03
-6.447124e-03 5.906257e-03 -6.181842e-03
-6.447508e-03 5.890750e-03 -6.180554e-03
-6.447868e-03 5.874995e-03 -6.179303e-03
-6.448173e-03 5.859087e-03 -6.178186e-03
-6.448394e-03 5.843109e-03 -6.177165e-03
-6.448530e-03 5.827028e-03 -6.176249e-03
-6.448537e-03 5.810717e-03 -6.175617e-03
-6.448501e-03 5.794303e-03 -6.174961e-03
-6.448383e-03 5.777670e-03 -6.174405e-03
-6.448122e-03 5.760996e-03 -6.174080e-03
-6.447805e-03 5.744179e-03 -6.173789e-03
-6.447424e-03 5.727273e-03 -6.173550e-03
-6.446910e-03 5.710028e-03 -6.173517e-03
-6.446306e-03 5.692836e-03 -6.173565e-03
-6.445642e-03 5.675571e-03 -6.173636e-03
-6.444834e-03 5.658094e-03 -6.173918e-03
-6.443929e-03 5.640556e-03 -6.174309e-03
-6.442909e-03 5.622992e-03 -6.174818e-03
-6.441763e-03 5.605328e-03 -6.175391e-03
-6.440507e-03 5.587452e-03 -6.176173e-03
-6.439184e-03 5.569559e-03 -6.176966e-03
-6.437716e-03 5.551533e-03 -6.177876e-03
-6.436117e-03 5.533460e-03 -6.178940e-03
-6.434398e-03 5.515359e-03 -6.180103e-03
-6.432509e-03 5.497083e-03 -6.181456e-03
-6.430528e-03 5.478764e-03 -6.182839e-03
-6.428519e-03 5.460424e-03 -6.184167e-03
-6.426287e-03 5.441700e-03 -6.185758e-03
-6.423916e-03 5.423094e-03 -6.187476e-03
-6.421481e-03 5.404404e-03 -6.189185e-03
-6.418806e-03 5.385623e-03 -6.191147e-03
-6.416050e-03 5.366708e-03 -6.193131e-03
-6.413206e-03 5.347859e-03 -6.195163e-03
-6.410171e-03 5.328896e-03 -6.197339e-03
-6.406971e-03 5.309758e-03 -6.199643e-03
-6.403698e-03 5.290584e-03 -6.201944e-03
-6.400192e-03 5.271363e-03 -6.204475e-03
-6.396532e-03 5.251989e-03 -6.207072e-03
-6.392770e-03 5.232554e-03 -6.209722e-03
-6.388800e-03 5.213142e-03 -6.212521e-03
-6.384726e-03 5.193638e-03 -6.215360e-03
-6.380564e-03 5.174170e-03 -6.218219e-03
-6.376147e-03 5.154600e-03 -6.221281e-03
-6.371592e-03 5.135049e-03 -6.224436e-03
-6.366900e-03 5.115382e-03 -6.227636e-03
-6.362076e-03 5.095624e-03 -6.230904e-03
-6.357047e-03 5.075840e-03 -6.234305e-03
-6.351915e-03 5.056146e-03 -6.237733e-03
-6.346591e-03 5.036340e-03 -6.241270e-03
-6.341185e-03 5.016594e-03 -6.244798e-03
-6.335644e-03 4.996791e-03 -6.248375e-03
-6.329761e-03 4.976980e-03 -6.252231e-03
-6.323746e-03 4.957072e-03 -6.256131e-03
-6.317573e-03 4.937099e-03 -6.260089e-03
-6.311201e-03 4.917033e-03 -6.264125e-03
-6.304672e-03 4.896938e-03 -6.268196e-03
-6.297991e-03 4.876844e-03 -6.272330e-03
-6.290992e-03 4.856574e-03 -6.276665e-03
-6.283890e-03 4.836401e-03 -6.281002e-03
-6.874529e-03 3.496363e-03 -5.551908e-03
-7.266810e-03 2.600109e-03 -5.072501e-03
-7.660074e-03 1.705224e-03 -4.595436e-03
-8.054266e-03 8.116932e-04 -4.120772e-03
-8.659731e-03 -5.201238e-04 -3.415250e-03
-9.270988e-03 -1.850285e-03 -2.717233e-03
-9.886867e-03 -3.179174e-03 -2.025175e-03
-9.866559e-03 -3.172995e-03 -2.044014e-03
-9.846361e-03 -3.166642e-03 -2.062749e-03
-9.826106e-03 -3.160142e-03 -2.081498e-03
-9.805884e-03 -3.153444e-03 -2.100172e-03
-9.785628e-03 -3.146623e-03 -2.118853e-03
-9.765358e-03 -3.139765e-03 -2.137523e-03
-9.745098e-03 -3.132781e-03 -2.156130e-03
-9.724982e-03 -3.125691e-03 -2.174570e-03
-9.704841e-03 -3.118540e-03 -2.193002e-03
-9.684700e-03 -3.111296e-03 -2.211377e-03
-9.664548e-03 -3.103988e-03 -2.229741e-03
-9.644348e-03 -3.096645e-03 -2.248109e-03
-9.624241e-03 -3.089145e-03 -2.266339e-03
-9.604179e-03 -3.081620e-03 -2.284516e-03
-9.584152e-03 -3.074039e-03 -2.302641e-03
-9.564169e-03 -3.066449e-03 -2.320670e-03
-9.544123e-03 -3.058719e-03 -2.338732e-03
-9.524134e-03 -3.050866e-03 -2.356712e-03
-9.504042e-03 -3.042942e-03 -2.374706e-03
-9.484003e-03 -3.034835e-03 -2.392639e-03
-1.020109e-02 -4.348472e-03 -1.816920e-03
-1.017885e-02 -4.335921e-03 -1.836533e-03
-1.015662e-02 -4.323304e-03 -1.856140e-03
-1.013446e-02 -4.310542e-03 -1.875658e-03
-1.011235e-02 -4.297614e-03 -1.895032e-03
-1.009033e-02 -4.284619e-03 -1.914354e-03
-1.006831e-02 -4.271588e-03 -1.933660e-03
-1.004640e-02 -4.258399e-03 -1.952810e-03
-1.002463e-02 -4.245138e-03 -1.971817e-03
-1.000289e-02 -4.231839e-03 -1.990803e-03
-9.981168e-03 -4.218406e-03 -2.009690e-03
-9.959509e-03 -4.204940e-03 -2.028536e-03
-9.937936e-03 -4.191443e-03 -2.047313e-03
-9.916494e-03 -4.177831e-03 -2.065887e-03
-9.895111e-03 -4.164068e-03 -2.084410e-03
-9.873734e-03 -4.150190e-03 -2.102904e-03
-9.852488e-03 -4.136253e-03 -2.121243e-03
-9.831292e-03 -4.122338e-03 -2.139523e-03
-9.810187e-03 -4.108354e-03 -2.157737e-03
-9.789195e-03 -4.094361e-03 -2.175816e-03
-9.768259e-03 -4.080186e-03 -2.193786e-03
-9.747427e-03 -4.065948e-03 -2.211669e-03
-9.726736e-03 -4.051481e-03 -2.229305e-03
-9.706144e-03 -4.037093e-03 -2.246897e-03
-9.685598e-03 -4.022674e-03 -2.264479e-03
-9.665144e-03 -4.008158e-03 -2.281882e-03
-9.644757e-03 -3.993686e-03 -2.299256e-03
-9.624455e-03 -3.979141e-03 -2.316526e-03
-9.604189e-03 -3.964460e-03 -2.333678e-03
-9.584080e-03 -3.949736e-03 -2.350694e-03
-9.564058e-03 -3.934929e-03 -2.367604e-03
-9.544155e-03 -3.920078e-03 -2.384378e-03
-9.524301e-03 -3.905145e-03 -2.401045e-03
-9.504525e-03 -3.890212e-03 -2.417674e-03
-9.484810e-03 -3.875190e-03 -2.434182e-03
-9.465230e-03 -3.860196e-03 -2.450578e-03
-9.445725e-03 -3.845080e-03 -2.466871e-03
-9.426326e-03 -3.829898e-03 -2.483013e-03
-9.406987e-03 -3.814668e-03 -2.499093e-03
-9.387723e-03 -3.799460e-03 -2.515113e-03
-9.368616e-03 -3.784252e-03 -2.530950e-03
-9.349628e-03 -3.769079e-03 -2.546697e-03
-9.330662e-03 -3.753760e-03 -2.562393e-03
-9.311762e-03 -3.738355e-03 -2.577916e-03
-9.292953e-03 -3.722947e-03 -2.593364e-03
-9.274251e-03 -3.707524e-03 -2.608733e-03
-9.255633e-03 -3.692052e-03 -2.623929e-03
-9.237158e-03 -3.676519e-03 -2.638987e-03
-9.218753e-03 -3.660919e-03 -2.653947e-03
-9.200466e-03 -3.645221e-03 -2.668683e-03
-1.006062e-02 -4.862367e-03 -2.328491e-03
-1.004078e-02 -4.844237e-03 -2.343801e-03
-1.001988e-02 -4.824440e-03 -2.359420e-03
-9.999103e-03 -4.804585e-03 -2.374915e-03
-9.978423e-03 -4.784673e-03 -2.390296e-03
-9.957884e-03 -4.764791e-03 -2.405476e-03
-9.937371e-03 -4.744778e-03 -2.420592e-03
-9.916981e-03 -4.724789e-03 -2.435610e-03
-9.896850e-03 -4.704739e-03 -2.450249e-03
-9.876777e-03 -4.684716e-03 -2.464846e-03
-9.856803e-03 -4.664708e-03 -2.479367e-03
-9.837022e-03 -4.644663e-03 -2.493605e-03
-9.817235e-03 -4.624566e-03 -2.507826e-03
-9.797534e-03 -4.604400e-03 -2.521933e-03
-9.778070e-03 -4.584346e-03 -2.535823e-03
-9.758585e-03 -4.564215e-03 -2.549687e-03
-9.739306e-03 -4.544102e-03 -2.563356e-03
-9.720104e-03 -4.523902e-03 -2.576829e-03
-9.701028e-03 -4.503754e-03 -2.590215e-03
-9.682039e-03 -4.483598e-03 -2.603507e-03
-9.663165e-03 -4.463429e-03 -2.616540e-03
-9.644427e-03 -4.443252e-03 -2.629410e-03
-9.625798e-03 -4.423078e-03 -2.642187e-03
-9.607274e-03 -4.402991e-03 -2.654849e-03
-9.588807e-03 -4.382829e-03 -2.667402e-03
-9.570414e-03 -4.362602e-03 -2.679806e-03
-9.552200e-03 -4.342417e-03 -2.691936e-03
-9.534043e-03 -4.322105e-03 -2.703901e-03
-9.515947e-03 -4.301786e-03 -2.715769e-03
-9.498055e-03 -4.281631e-03 -2.727477e-03
-9.480254e-03 -4.261460e-03 -2.739085e-03
-9.462529e-03 -4.241225e-03 -2.750518e-03
-9.444878e-03 -4.221026e-03 -2.761737e-03
-9.427324e-03 -4.200834e-03 -2.772881e-03
-9.409806e-03 -4.180604e-03 -2.783951e-03
-9.392493e-03 -4.160481e-03 -2.794734e-03
-9.375243e-03 -4.140353e-03 -2.805435e-03
-9.358048e-03 -4.120183e-03 -2.816044e-03
-9.340911e-03 -4.100043e-03 -2.826450e-03
-9.323871e-03 -4.079950e-03 -2.836812e-03
-9.306924e-03 -4.059851e-03 -2.847024e-03
-9.290001e-03 -4.039647e-03 -2.856983e-03
-9.273192e-03 -4.019506e-03 -2.866859e-03
-9.256456e-03 -3.999419e-03 -2.876698e-03
-9.239850e-03 -3.979358e-03 -2.886247e-03
-9.223322e-03 -3.959277e-03 -2.895683e-03
-9.206866e-03 -3.939205e-03 -2.904965e-03
-9.190539e-03 -3.919276e-03 -2.914066e-03
-9.174235e-03 -3.899233e-03 -2.923056e-03
-9.157975e-03 -3.879206e-03 -2.931966e-03
-9.141772e-03 -3.859195e-03 -2.940642e-03
-9.125639e-03 -3.839211e-03 -2.949240e-03
-9.109563e-03 -3.819274e-03 -2.957826e-03
-9.093662e-03 -3.799392e-03 -2.965961e-03
-9.077728e-03 -3.779473e-03 -2.974120e-03
-9.061891e-03 -3.759601e-03 -2.982147e-03
-9.046112e-03 -3.739787e-03 -2.990103e-03
-9.030390e-03 -3.719914e-03 -2.997840e-03
-9.014717e-03 -3.700053e-03 -3.005448e-03
-9.785475e-03 -4.648822e-03 -2.837467e-03
-9.767875e-03 -4.626553e-03 -2.845253e-03
-9.749847e-03 -4.603669e-03 -2.853037e-03
-9.731882e-03 -4.580854e-03 -2.860647e-03
-9.714037e-03 -4.558106e-03 -2.868078e-03
-9.696224e-03 -4.535348e-03 -2.875367e-03
-9.678448e-03 -4.512593e-03 -2.882486e-03
-9.660769e-03 -4.489918e-03 -2.889420e-03
-9.643106e-03 -4.467209e-03 -2.896216e-03
-9.625487e-03 -4.444525e-03 -2.902775e-03
-9.607959e-03 -4.421874e-03 -2.909225e-03
-9.590512e-03 -4.399277e-03 -2.915592e-03
-9.573136e-03 -4.376801e-03 -2.921674e-03
-9.555728e-03 -4.354274e-03 -2.927733e-03
-9.538345e-03 -4.331700e-03 -2.933658e-03
-9.521104e-03 -4.309339e-03 -2.939412e-03
-9.503914e-03 -4.286993e-03 -2.945042e-03
-9.486762e-03 -4.264656e-03 -2.950492e-03
-9.469661e-03 -4.242417e-03 -2.955794e-03
-9.452686e-03 -4.220248e-03 -2.960929e-03
-9.435802e-03 -4.198173e-03 -2.965959e-03
-9.418930e-03 -4.176145e-03 -2.970731e-03
-9.402155e-03 -4.154217e-03 -2.975503e-03
-9.385386e-03 -4.132267e-03 -2.980154e-03
-9.368759e-03 -4.110455e-03 -2.984524e-03
-9.352080e-03 -4.088602e-03 -2.988814e-03
-9.335495e-03 -4.066857e-03 -2.993032e-03
-9.318994e-03 -4.045274e-03 -2.997102e-03
-9.302525e-03 -4.023682e-03 -3.001060e-03
-9.286135e-03 -4.002168e-03 -3.004857e-03
-9.269745e-03 -3.980689e-03 -3.008338e-03
-9.253435e-03 -3.959334e-03 -3.011906e-03
-9.237126e-03 -3.937984e-03 -3.015331e-03
-9.220957e-03 -3.916835e-03 -3.018590e-03
-9.204812e-03 -3.895693e-03 -3.021782e-03
-9.188720e-03 -3.874621e-03 -3.024823e-03
-9.172638e-03 -3.853633e-03 -3.027593e-03
-9.156626e-03 -3.832742e-03 -3.030256e-03
-9.140640e-03 -3.811877e-03 -3.032843e-03
-9.124618e-03 -3.791010e-03 -3.035455e-03
-9.108666e-03 -3.770258e-03 -3.037769e-03
-9.092764e-03 -3.749561e-03 -3.039942e-03
-9.076921e-03 -3.729040e-03 -3.041961e-03
-9.061042e-03 -3.708471e-03 -3.043940e-03
-9.045199e-03 -3.687954e-03 -3.045871e-03
-9.554945e-03 -4.326079e-03 -2.922788e-03
-9.537768e-03 -4.303997e-03 -2.924845e-03
-9.520295e-03 -4.281557e-03 -2.926829e-03
-9.502819e-03 -4.259190e-03 -2.928578e-03
-9.485373e-03 -4.236884e-03 -2.930128e-03
-9.467934e-03 -4.214622e-03 -2.931645e-03
-9.450602e-03 -4.192586e-03 -2.932992e-03
-9.433250e-03 -4.170567e-03 -2.934255e-03
-9.415959e-03 -4.148615e-03 -2.935483e-03
-9.398779e-03 -4.126869e-03 -2.936575e-03
-9.381581e-03 -4.105152e-03 -2.937470e-03
-9.364378e-03 -4.083473e-03 -2.938258e-03
-9.347157e-03 -4.061906e-03 -2.938976e-03
-9.329889e-03 -4.040318e-03 -2.939579e-03
-9.312668e-03 -4.018826e-03 -2.940021e-03
-9.295443e-03 -3.997407e-03 -2.940389e-03
-9.278251e-03 -3.976066e-03 -2.940659e-03
-9.261083e-03 -3.954785e-03 -2.940802e-03
-9.243950e-03 -3.933637e-03 -2.940855e-03
-9.226867e-03 -3.912595e-03 -2.940766e-03
-9.209749e-03 -3.891563e-03 -2.940612e-03
-9.192601e-03 -3.870619e-03 -2.940313e-03
-9.175428e-03 -3.849720e-03 -2.939905e-03
-9.158270e-03 -3.828861e-03 -2.939472e-03
-9.141072e-03 -3.808111e-03 -2.938890e-03
-9.123871e-03 -3.787443e-03 -2.938212e-03
-9.106693e-03 -3.766858e-03 -2.937407e-03
-9.089653e-03 -3.746490e-03 -2.936449e-03
-9.072499e-03 -3.726023e-03 -2.935493e-03
-9.055348e-03 -3.705599e-03 -2.934473e-03
-9.315631e-03 -4.097291e-03 -2.805687e-03
-9.297796e-03 -4.076021e-03 -2.804793e-03
-9.279761e-03 -4.054519e-03 -2.803858e-03
-9.261665e-03 -4.033087e-03 -2.802767e-03
-9.243600e-03 -4.011775e-03 -2.801576e-03
-9.225548e-03 -3.990474e-03 -2.800393e-03
-9.207457e-03 -3.969328e-03 -2.799009e-03
-9.189437e-03 -3.948315e-03 -2.797537e-03
-9.171389e-03 -3.927294e-03 -2.796058e-03
-9.153389e-03 -3.906457e-03 -2.794531e-03
-9.135332e-03 -3.885629e-03 -2.792858e-03
-9.117224e-03 -3.864803e-03 -2.791079e-03
-9.099140e-03 -3.844129e-03 -2.789305e-03
-9.080977e-03 -3.823406e-03 -2.787416e-03
-9.062806e-03 -3.802741e-03 -2.785393e-03
-9.182903e-03 -4.064134e-03 -2.645412e-03
-9.164353e-03 -4.042925e-03 -2.643603e-03
-9.145709e-03 -4.021557e-03 -2.641849e-03
-9.127110e-03 -4.000335e-03 -2.640061e-03
-9.108523e-03 -3.979185e-03 -2.638167e-03
-9.089884e-03 -3.958018e-03 -2.636217e-03
-9.152946e-03 -4.165950e-03 -2.492129e-03
-9.134090e-03 -4.144516e-03 -2.490286e-03
-9.115147e-03 -4.122873e-03 -2.488507e-03
-9.096171e-03 -4.101364e-03 -2.486585e-03
-9.077258e-03 -4.079890e-03 -2.484703e-03
-9.058374e-03 -4.058507e-03 -2.482785e-03
-9.039407e-03 -4.037196e-03 -2.480766e-03
-9.033748e-03 -4.179858e-03 -2.332556e-03
-9.017569e-03 -4.313509e-03 -2.182715e-03
-8.998414e-03 -4.291282e-03 -2.181440e-03
-8.963096e-03 -4.405351e-03 -2.031873e-03
-8.943995e-03 -4.382956e-03 -2.030738e-03
-8.888822e-03 -4.476979e-03 -1.881207e-03
-8.824740e-03 -4.561906e-03 -1.731735e-03
-8.750192e-03 -4.636177e-03 -1.582321e-03
-8.688579e-03 -4.671078e-03 -1.483963e-03
-8.623808e-03 -4.702584e-03 -1.385765e-03
-8.555979e-03 -4.730747e-03 -1.287815e-03
-8.443911e-03 -4.763174e-03 -1.142406e-03
-8.323740e-03 -4.786533e-03 -9.978245e-04
-8.193517e-03 -4.798095e-03 -8.548499e-04
-8.095655e-03 -4.791334e-03 -7.615213e-04
-7.994777e-03 -4.781206e-03 -6.684388e-04
-7.891002e-03 -4.767921e-03 -5.756204e-04
-7.727043e-03 -4.737993e-03 -4.401128e-04
-7.554999e-03 -4.697487e-03 -3.069746e-04
-7.375648e-03 -4.647575e-03 -1.758161e-04
-7.245647e-03 -4.599051e-03 -9.179679e-05
-7.113517e-03 -4.547322e-03 -8.801511e-06
-6.979183e-03 -4.492446e-03 7.327290e-05
-6.769504e-03 -4.399460e-03 1.919077e-04
-6.554891e-03 -4.299062e-03 3.081791e-04
-6.333783e-03 -4.189303e-03 4.216960e-04
-6.177815e-03 -4.102265e-03 4.934244e-04
-6.019766e-03 -4.011827e-03 5.638753e-04
-5.859712e-03 -3.918151e-03 6.330932e-04
-5.615975e-03 -3.769552e-03 7.305725e-04
-5.366540e-03 -3.612423e-03 8.253084e-04
-5.112966e-03 -3.447156e-03 9.161293e-04
-4.938446e-03 -3.324830e-03 9.712529e-04
-4.763196e-03 -3.200320e-03 1.024968e-03
-4.587217e-03 -3.073776e-03 1.077356e-03
-4.319279e-03 -2.877023e-03 1.151137e-03
-4.048008e-03 -2.671802e-03 1.219831e-03
-3.773013e-03 -2.458895e-03 1.284605e-03
-3.587166e-03 -2.307274e-03 1.321797e-03
-3.401290e-03 -2.153984e-03 1.357357e-03
-3.215362e-03 -1.999037e-03 1.391311e-03
-2.935141e-03 -1.761576e-03 1.436763e-03
-2.653907e-03 -1.518403e-03 1.477535e-03
-2.371267e-03 -1.268740e-03 1.513232e-03
-2.183921e-03 -1.095499e-03 1.530265e-03
-1.996642e-03 -9.207976e-04 1.545739e-03
-1.809445e-03 -7.446170e-04 1.559629e-03
-1.529001e-03 -4.763870e-04 1.574505e-03
-1.249110e-03 -2.044328e-04 1.585090e-03
-9.725000e-04 6.968281e-05 1.590210e-03
-7.911412e-04 2.573748e-04 1.586614e-03
-6.104341e-04 4.458128e-04 1.581587e-03
-4.304992e-04 6.349009e-04 1.575112e-03
-1.634492e-04 9.211239e-04 1.558392e-03
1.003364e-04 1.207172e-03 1.538539e-03
3.612485e-04 1.495383e-03 1.513600e-03
5.289305e-04 1.688759e-03 1.490360e-03
6.949102e-04 1.881849e-03 1.465622e-03
8.591522e-04 2.074703e-03 1.439337e-03
1.100032e-03 2.363983e-03 1.393050e-03
1.336114e-03 2.652656e-03 1.342484e-03
1.567788e-03 2.940717e-03 1.288028e-03
1.712701e-03 3.130371e-03 1.245355e-03
1.855472e-03 3.319218e-03 1.201287e-03
1.996161e-03 3.507266e-03 1.155862e-03
2.199390e-03 3.787482e-03 1.080510e-03
2.397446e-03 4.065499e-03 1.002061e-03
2.587598e-03 4.340144e-03 9.189522e-04
2.703797e-03 4.518086e-03 8.588230e-04
2.817460e-03 4.694228e-03 7.978515e-04
2.928626e-03 4.868557e-03 7.360901e-04
3.087059e-03 5.127619e-03 6.364701e-04
3.238809e-03 5.381393e-03 5.352999e-04
3.379587e-03 5.629879e-03 4.282875e-04
3.461582e-03 5.788175e-03 3.530332e-04
3.540268e-03 5.944345e-03 2.765258e-04
3.615675e-03 6.098346e-03 1.987904e-04
3.720314e-03 6.322794e-03 7.924501e-05
3.815165e-03 6.540022e-03 -4.302789e-05
3.901790e-03 6.751199e-03 -1.676397e-04
3.946117e-03 6.882117e-03 -2.538144e-04
3.986848e-03 7.010163e-03 -3.408155e-04
4.024030e-03 7.135341e-03 -4.286298e-04
4.069772e-03 7.314849e-03 -5.629777e-04
4.104990e-03 7.485591e-03 -6.992616e-04
4.131635e-03 7.649516e-03 -8.374822e-04
4.134272e-03 7.746032e-03 -9.316372e-04
4.133909e-03 7.839765e-03 -1.026142e-03
4.130595e-03 7.930857e-03 -1.121068e-03
4.114790e-03 8.057159e-03 -1.264689e-03
4.089262e-03 8.174315e-03 -1.409076e-03
4.053231e-03 8.281155e-03 -1.553840e-03
4.016004e-03 8.340776e-03 -1.651721e-03
3.974886e-03 8.396465e-03 -1.749680e-03
3.929817e-03 8.448243e-03 -1.847830e-03
3.853949e-03 8.516964e-03 -1.994895e-03
3.767253e-03 8.574264e-03 -2.141562e-03
3.670507e-03 8.621312e-03 -2.288221e-03
3.593906e-03 8.639127e-03 -2.384477e-03
3.513846e-03 8.653470e-03 -2.480845e-03
3.430288e-03 8.664258e-03 -2.577308e-03
3.296783e-03 8.671131e-03 -2.721141e-03
3.154826e-03 8.667427e-03 -2.863054e-03
3.004417e-03 8.653147e-03 -3.003047e-03
2.892384e-03 8.629748e-03 -3.094354e-03
2.777417e-03 8.602971e-03 -3.185325e-03
2.659516e-03 8.572795e-03 -3.275938e-03
2.475433e-03 8.517121e-03 -3.408784e-03
2.283328e-03 8.450505e-03 -3.538895e-03
2.083592e-03 8.374510e-03 -3.667439e-03
1.940379e-03 8.310085e-03 -3.749652e-03
1.795887e-03 8.243043e-03 -3.830688e-03
1.649945e-03 8.173326e-03 -3.910612e-03
1.423711e-03 8.059827e-03 -4.028681e-03
1.191039e-03 7.936206e-03 -4.143222e-03
9.538801e-04 7.804029e-03 -4.253844e-03
7.878462e-04 7.703100e-03 -4.323088e-03
6.204596e-04 7.599589e-03 -4.391230e-03
4.515452e-04 7.493302e-03 -4.458202e-03
1.947349e-04 7.326276e-03 -4.554111e-03
-6.533597e-05 7.151927e-03 -4.646092e-03
-3.298385e-04 6.969090e-03 -4.734143e-03
-5.103450e-04 6.836871e-03 -4.787171e-03
-6.910544e-04 6.702909e-03 -4.838816e-03
-8.720040e-04 6.567122e-03 -4.888906e-03
-1.147469e-03 6.355189e-03 -4.959172e-03
-1.423488e-03 6.139089e-03 -5.025933e-03
-1.701621e-03 5.916486e-03 -5.088407e-03
-1.888534e-03 5.759584e-03 -5.123625e-03
-2.075580e-03 5.601183e-03 -5.157546e-03
-2.262756e-03 5.441215e-03 -5.190111e-03
-2.541639e-03 5.197559e-03 -5.232512e-03
-2.819900e-03 4.948600e-03 -5.269031e-03
-3.097541e-03 4.696293e-03 -5.301615e-03
-3.280727e-03 4.522313e-03 -5.316338e-03
-3.463441e-03 4.347368e-03 -5.329646e-03
-3.645630e-03 4.171465e-03 -5.341511e-03
-3.915484e-03 3.905350e-03 -5.352621e-03
-4.182408e-03 3.636700e-03 -5.358280e-03
-4.446405e-03 3.365909e-03 -5.358873e-03
-4.617691e-03 3.183926e-03 -5.353784e-03
-4.787328e-03 3.001164e-03 -5.346252e-03
-4.955271e-03 2.817666e-03 -5.336309e-03
-5.203367e-03 2.541816e-03 -5.315903e-03
-5.446601e-03 2.265799e-03 -5.290433e-03
-5.684197e-03 1.989618e-03 -5.259118e-03
-5.834205e-03 1.807887e-03 -5.232915e-03
-5.982214e-03 1.626047e-03 -5.204531e-03
-6.128316e-03 1.443951e-03 -5.173939e-03
-6.340835e-03 1.172850e-03 -5.122428e-03
-6.546189e-03 9.054962e-04 -5.067437e-03
-6.743989e-03 6.391619e-04 -5.005844e-03
-6.866110e-03 4.654650e-04 -4.959470e-03
-6.985270e-03 2.931864e-04 -4.911507e-03
-7.101402e-03 1.223421e-04 -4.861873e-03
-7.266586e-03 -1.303563e-04 -4.780958e-03
-7.423892e-03 -3.789247e-04 -4.696195e-03
-7.571763e-03 -6.237513e-04 -4.605630e-03
-7.659192e-03 -7.804621e-04 -4.541061e-03
-7.742942e-03 -9.349796e-04 -4.474934e-03
-7.823019e-03 -1.087326e-03 -4.407188e-03
-7.932326e-03 -1.309632e-03 -4.300150e-03
-8.031830e-03 -1.526247e-03 -4.188853e-03
-8.121925e-03 -1.737168e-03 -4.073685e-03
-8.168218e-03 -1.868789e-03 -3.992464e-03
-8.211130e-03 -1.997609e-03 -3.910567e-03
-8.250750e-03 -2.123666e-03 -3.828036e-03
-8.299552e-03 -2.305663e-03 -3.700010e-03
-8.336261e-03 -2.479250e-03 -3.568132e-03
-8.363219e-03 -2.645597e-03 -3.433571e-03
-8.366971e-03 -2.744742e-03 -3.341647e-03
-8.367062e-03 -2.841008e-03 -3.248801e-03
-8.363552e-03 -2.934553e-03 -3.154990e-03
-8.346402e-03 -3.065621e-03 -3.011176e-03
-8.317998e-03 -3.188401e-03 -2.864283e-03
-8.278340e-03 -3.302112e-03 -2.715090e-03
-8.237842e-03 -3.364849e-03 -2.614910e-03
-8.193446e-03 -3.424251e-03 -2.514123e-03
-8.145072e-03 -3.480290e-03 -2.412650e-03
-8.060564e-03 -3.553777e-03 -2.258594e-03
-7.966020e-03 -3.618987e-03 -2.102656e-03
-7.860659e-03 -3.673190e-03 -1.946785e-03
-7.777360e-03 -3.696273e-03 -1.843143e-03
-7.690556e-03 -3.716140e-03 -1.739160e-03
-7.600116e-03 -3.732724e-03 -1.634813e-03
-7.453345e-03 -3.746960e-03 -1.477235e-03
-7.297356e-03 -3.751455e-03 -1.320076e-03
-7.131758e-03 -3.745040e-03 -1.164117e-03
-7.009728e-03 -3.727485e-03 -1.062065e-03
-6.884297e-03 -3.706227e-03 -9.602721e-04
-6.755523e-03 -3.681286e-03 -8.587860e-04
-6.553480e-03 -3.633543e-03 -7.074392e-04
-6.343793e-03 -3.576465e-03 -5.576845e-04
-6.124901e-03 -3.508881e-03 -4.091324e-04
-5.968782e-03 -3.450356e-03 -3.137096e-04
-5.810724e-03 -3.388805e-03 -2.193143e-04
-5.650540e-03 -3.324241e-03 -1.257665e-04
-5.402100e-03 -3.216937e-03 1.282411e-05
-5.147222e-03 -3.100739e-03 1.490421e-04
-4.887074e-03 -2.976428e-03 2.824964e-04
-4.706688e-03 -2.881764e-03 3.663167e-04
-4.524673e-03 -2.784620e-03 4.493559e-04
-4.341136e-03 -2.685174e-03 5.316160e-04
-4.059509e-03 -2.524878e-03 6.507709e-04
-3.773778e-03 -2.356886e-03 7.663928e-04
-3.483942e-03 -2.181197e-03 8.784798e-04
-3.287112e-03 -2.054252e-03 9.466859e-04
-3.089212e-03 -1.924891e-03 1.013540e-03
-2.890361e-03 -1.793106e-03 1.078949e-03
-2.587660e-03 -1.587574e-03 1.174181e-03
-2.283988e-03 -1.375163e-03 1.263536e-03
-1.977781e-03 -1.156265e-03 1.348962e-03
-1.773521e-03 -1.003829e-03 1.399212e-03
-1.569834e-03 -8.500744e-04 1.447561e-03
-1.366658e-03 -6.948916e-04 1.493992e-03
-1.060524e-03 -4.557256e-04 1.559131e-03
-7.542165e-04 -2.104723e-04 1.618374e-03
-4.500727e-04 3.852708e-05 1.671717e-03
-2.498585e-04 2.091022e-04 1.699788e-03
-5.064962e-05 3.806520e-04 1.725865e-03
1.474735e-04 5.530833e-04 1.749952e-03
4.439122e-04 8.148011e-04 1.782804e-03
7.362389e-04 1.080617e-03 1.807430e-03
1.024456e-03 1.348580e-03 1.825777e-03
1.211241e-03 1.528252e-03 1.831198e-03
1.396091e-03 1.708350e-03 1.834244e-03
1.579007e-03 1.888886e-03 1.834898e-03
1.849022e-03 2.160895e-03 1.830871e-03
2.113060e-03 2.433893e-03 1.819819e-03
2.371514e-03 2.705928e-03 1.804078e-03
2.534014e-03 2.885609e-03 1.784998e-03
2.693912e-03 3.064542e-03 1.764044e-03
2.851327e-03 3.242666e-03 1.741338e-03
3.081327e-03 3.510173e-03 1.701438e-03
3.303382e-03 3.774744e-03 1.656445e-03
3.517494e-03 4.036378e-03 1.606356e-03
3.647181e-03 4.206346e-03 1.563848e-03
3.774307e-03 4.374541e-03 1.520453e-03
3.898923e-03 4.541045e-03 1.476198e-03
4.076676e-03 4.788921e-03 1.403204e-03
4.244595e-03 5.033108e-03 1.323958e-03
4.403073e-03 5.271653e-03 1.240800e-03
4.494909e-03 5.423728e-03 1.177891e-03
4.583185e-03 5.573357e-03 1.113766e-03
4.668006e-03 5.720709e-03 1.048408e-03
4.784199e-03 5.936167e-03 9.456319e-04
4.889491e-03 6.144047e-03 8.393752e-04
4.982714e-03 6.346296e-03 7.265171e-04
5.030446e-03 6.471495e-03 6.458325e-04
5.074141e-03 6.594318e-03 5.634048e-04
5.113778e-03 6.714676e-03 4.792566e-04
5.161935e-03 6.885839e-03 3.519129e-04
5.197264e-03 7.049405e-03 2.191352e-04
5.221327e-03 7.204204e-03 8.365321e-05
5.221931e-03 7.295914e-03 -1.152130e-05
5.218992e-03 7.384538e-03 -1.073433e-04
5.212441e-03 7.470077e-03 -2.038248e-04
5.189080e-03 7.588466e-03 -3.510274e-04
5.152949e-03 7.696962e-03 -5.013211e-04
5.104831e-03 7.795955e-03 -6.543153e-04
5.057866e-03 7.848555e-03 -7.589150e-04
5.006771e-03 7.897510e-03 -8.641729e-04
4.951520e-03 7.942621e-03 -9.698876e-04
4.857197e-03 8.000084e-03 -1.128267e-03
4.751689e-03 8.046916e-03 -1.287410e-03
4.634998e-03 8.082340e-03 -1.446536e-03
4.542821e-03 8.093239e-03 -1.555619e-03
4.447817e-03 8.100676e-03 -1.664248e-03
4.349921e-03 8.104674e-03 -1.772465e-03
4.189719e-03 8.098921e-03 -1.934570e-03
4.019177e-03 8.082209e-03 -2.096249e-03
3.839855e-03 8.055712e-03 -2.257112e-03
3.708258e-03 8.024099e-03 -2.363990e-03
3.573620e-03 7.989169e-03 -2.470715e-03
3.435925e-03 7.950917e-03 -2.577350e-03
3.220438e-03 7.882839e-03 -2.733390e-03
2.996586e-03 7.803843e-03 -2.887043e-03
2.764366e-03 7.715885e-03 -3.040256e-03
2.600443e-03 7.644604e-03 -3.140546e-03
2.434580e-03 7.570394e-03 -3.239987e-03
2.266764e-03 7.493192e-03 -3.338489e-03
2.006761e-03 7.366350e-03 -3.481066e-03
1.740752e-03 7.229824e-03 -3.620089e-03
1.467565e-03 7.084787e-03 -3.757896e-03
1.279747e-03 6.977131e-03 -3.846308e-03
1.090803e-03 6.866432e-03 -3.932897e-03
9.006519e-04 6.752636e-03 -4.017645e-03
6.081468e-04 6.573444e-03 -4.140922e-03
-5.998576e-04 6.386539e-03 -5.537101e-03
-1.802578e-03 6.190381e-03 -6.937506e-03
-2.598798e-03 6.051345e-03 -7.866414e-03
-2.993726e-03 5.975733e-03 -8.322270e-03
-2.987957e-03 5.963582e-03 -8.306066e-03
-2.981544e-03 5.951692e-03 -8.289298e-03
-2.975182e-03 5.939820e-03 -8.272686e-03
-2.968877e-03 5.927904e-03 -8.256224e-03
-2.962660e-03 5.915929e-03 -8.239892e-03
-2.956372e-03 5.903937e-03 -8.223549e-03
-2.950160e-03 5.891910e-03 -8.207387e-03
-2.943917e-03 5.879892e-03 -8.191258e-03
-2.937716e-03 5.867844e-03 -8.175320e-03
-2.931489e-03 5.855804e-03 -8.159427e-03
-2.925284e-03 5.843798e-03 -8.143776e-03
-2.919133e-03 5.831777e-03 -8.128254e-03
-2.912942e-03 5.819713e-03 -8.112743e-03
-2.906735e-03 5.807650e-03 -8.097356e-03
-2.900541e-03 5.795530e-03 -8.082005e-03
-2.894377e-03 5.783383e-03 -8.066784e-03
-2.888190e-03 5.771254e-03 -8.051669e-03
-2.882027e-03 5.759105e-03 -8.036679e-03
-2.875869e-03 5.746968e-03 -8.021830e-03
-2.869640e-03 5.734809e-03 -8.006995e-03
-2.863424e-03 5.722641e-03 -7.992226e-03
-2.857231e-03 5.710472e-03 -7.977585e-03
-2.851110e-03 5.698212e-03 -7.963107e-03
-2.845004e-03 5.685981e-03 -7.948795e-03
-2.838890e-03 5.673750e-03 -7.934567e-03
-2.832733e-03 5.661525e-03 -7.920398e-03
-2.826555e-03 5.649283e-03 -7.906233e-03
-2.820378e-03 5.637019e-03 -7.892148e-03
-2.814171e-03 5.624752e-03 -7.878189e-03
-2.807939e-03 5.612564e-03 -7.864332e-03
-3.803532e-03 5.166358e-03 -9.310481e-03
-3.793978e-03 5.155583e-03 -9.291939e-03
-3.784369e-03 5.144863e-03 -9.273470e-03
-3.774779e-03 5.134105e-03 -9.255095e-03
-3.765258e-03 5.123309e-03 -9.236868e-03
-3.755740e-03 5.112466e-03 -9.218702e-03
-3.746225e-03 5.101613e-03 -9.200617e-03
-3.736638e-03 5.090776e-03 -9.182548e-03
-3.727037e-03 5.079963e-03 -9.164562e-03
-3.717404e-03 5.069127e-03 -9.146611e-03
-3.707760e-03 5.058338e-03 -9.128834e-03
-3.698173e-03 5.047489e-03 -9.111170e-03
-3.688542e-03 5.036695e-03 -9.093553e-03
-3.678912e-03 5.025883e-03 -9.075995e-03
-3.669295e-03 5.015086e-03 -9.058590e-03
-3.659671e-03 5.004279e-03 -9.041269e-03
-3.650039e-03 4.993481e-03 -9.024005e-03
-3.640388e-03 4.982685e-03 -9.006795e-03
-3.630675e-03 4.971975e-03 -8.989646e-03
-3.621018e-03 4.961199e-03 -8.972617e-03
-3.611315e-03 4.950454e-03 -8.955608e-03
-3.601580e-03 4.939702e-03 -8.938569e-03
-3.591894e-03 4.928861e-03 -8.921645e-03
-3.582096e-03 4.918121e-03 -8.904713e-03
-3.572300e-03 4.907432e-03 -8.887953e-03
-3.562506e-03 4.896718e-03 -8.871338e-03
-3.552683e-03 4.886033e-03 -8.854754e-03
-3.542808e-03 4.875346e-03 -8.838171e-03
-3.532913e-03 4.864583e-03 -8.821638e-03
-3.523020e-03 4.853801e-03 -8.805117e-03
-3.513100e-03 4.843066e-03 -8.788641e-03
-3.503091e-03 4.832465e-03 -8.772266e-03
-3.493053e-03 4.821936e-03 -8.755971e-03
-3.483024e-03 4.811278e-03 -8.739704e-03
-3.472991e-03 4.800686e-03 -8.723634e-03
-3.462868e-03 4.790089e-03 -8.707390e-03
-3.452723e-03 4.779495e-03 -8.691212e-03
-3.442560e-03 4.768936e-03 -8.675161e-03
-3.432376e-03 4.758421e-03 -8.659185e-03
-3.422142e-03 4.747933e-03 -8.643177e-03
-3.411892e-03 4.737402e-03 -8.627265e-03
-3.401625e-03 4.726920e-03 -8.611398e-03
-3.391325e-03 4.716511e-03 -8.595569e-03
-3.381001e-03 4.706088e-03 -8.579818e-03
-3.370688e-03 4.695656e-03 -8.564165e-03
-3.360347e-03 4.685141e-03 -8.548464e-03
-3.349974e-03 4.674679e-03 -8.532770e-03
-3.339595e-03 4.664184e-03 -8.517123e-03
-3.329167e-03 4.653845e-03 -8.501535e-03
-3.318726e-03 4.643496e-03 -8.486037e-03
-3.308201e-03 4.633317e-03 -8.470457e-03
-3.297638e-03 4.623163e-03 -8.454884e-03
-3.287131e-03 4.612977e-03 -8.439544e-03
-3.276567e-03 4.602834e-03 -8.424104e-03
-3.265973e-03 4.592717e-03 -8.408692e-03
-3.255320e-03 4.582732e-03 -8.393316e-03
-3.383749e-03 5.996550e-03 -9.674294e-03
-3.372769e-03 5.983780e-03 -9.656376e-03
-3.361564e-03 5.969150e-03 -9.636791e-03
-3.350331e-03 5.954555e-03 -9.617179e-03
-3.339053e-03 5.940122e-03 -9.597582e-03
-3.327756e-03 5.925594e-03 -9.578141e-03
-3.316444e-03 5.911123e-03 -9.558762e-03
-3.305060e-03 5.896722e-03 -9.539253e-03
-3.293692e-03 5.882454e-03 -9.519821e-03
-3.282270e-03 5.868183e-03 -9.500348e-03
-3.270821e-03 5.854003e-03 -9.480916e-03
-3.259381e-03 5.839977e-03 -9.461569e-03
-3.247870e-03 5.826078e-03 -9.442153e-03
-3.236375e-03 5.812158e-03 -9.422826e-03
-3.224885e-03 5.798321e-03 -9.403616e-03
-3.213365e-03 5.784525e-03 -9.384347e-03
-3.201829e-03 5.770696e-03 -9.365054e-03
-3.190267e-03 5.757034e-03 -9.345829e-03
-3.178726e-03 5.743394e-03 -9.326696e-03
-3.167143e-03 5.729889e-03 -9.307491e-03
-3.155572e-03 5.716563e-03 -9.288324e-03
-3.143965e-03 5.703165e-03 -9.269129e-03
-3.132343e-03 5.689784e-03 -9.249919e-03
-3.120696e-03 5.676589e-03 -9.230630e-03
-3.109059e-03 5.663463e-03 -9.211377e-03
-3.097399e-03 5.650370e-03 -9.192078e-03
-3.085708e-03 5.637335e-03 -9.172732e-03
-3.074052e-03 5.624394e-03 -9.153519e-03
-3.062399e-03 5.611499e-03 -9.134300e-03
-3.050739e-03 5.598796e-03 -9.115041e-03
-3.039086e-03 5.586102e-03 -9.095790e-03
-3.027419e-03 5.573451e-03 -9.076492e-03
-3.015764e-03 5.560916e-03 -9.057198e-03
-3.004094e-03 5.548404e-03 -9.037864e-03
-2.992425e-03 5.535955e-03 -9.018455e-03
-2.980772e-03 5.523555e-03 -8.999166e-03
-2.969103e-03 5.511137e-03 -8.979807e-03
-2.957459e-03 5.498875e-03 -8.960397e-03
-2.945790e-03 5.486605e-03 -8.941047e-03
-2.934157e-03 5.474447e-03 -8.921607e-03
-2.922562e-03 5.462399e-03 -8.902201e-03
-2.910963e-03 5.450454e-03 -8.882813e-03
-2.899409e-03 5.438582e-03 -8.863314e-03
-2.887859e-03 5.426792e-03 -8.843796e-03
-2.876307e-03 5.414979e-03 -8.824136e-03
-2.864798e-03 5.403310e-03 -8.804510e-03
-2.853326e-03 5.391673e-03 -8.784907e-03
-2.841888e-03 5.380276e-03 -8.765331e-03
-2.830471e-03 5.368862e-03 -8.745689e-03
-2.819071e-03 5.357437e-03 -8.726029e-03
-2.807664e-03 5.346104e-03 -8.706364e-03
-2.796325e-03 5.334893e-03 -8.686643e-03
-2.785034e-03 5.323741e-03 -8.666851e-03
-2.773753e-03 5.312592e-03 -8.647127e-03
-2.762472e-03 5.301459e-03 -8.627336e-03
-2.751246e-03 5.290430e-03 -8.607490e-03
-2.740103e-03 5.279584e-03 -8.587829e-03
-2.728983e-03 5.268741e-03 -8.568021e-03
-2.717884e-03 5.257919e-03 -8.548112e-03
-2.706827e-03 5.247233e-03 -8.528292e-03
-2.695821e-03 5.236602e-03 -8.508453e-03
-2.684872e-03 5.226036e-03 -8.488497e-03
-2.673954e-03 5.215465e-03 -8.468550e-03
-2.663083e-03 5.204998e-03 -8.448579e-03
-2.652265e-03 5.194589e-03 -8.428508e-03
-2.641439e-03 5.184131e-03 -8.408504e-03
-2.630705e-03 5.173770e-03 -8.388363e-03
-2.620043e-03 5.163477e-03 -8.368187e-03
-2.609414e-03 5.153287e-03 -8.348126e-03
-2.598871e-03 5.143167e-03 -8.327914e-03
-2.588366e-03 5.133047e-03 -8.307634e-03
-2.577898e-03 5.122931e-03 -8.287383e-03
-2.567482e-03 5.112865e-03 -8.267079e-03
-3.067871e-03 6.200619e-03 -6.668848e-03
-3.405341e-03 6.914841e-03 -5.596843e-03
-3.746183e-03 7.624948e-03 -4.525553e-03
-4.090366e-03 8.330932e-03 -3.455003e-03
-4.636315e-03 9.379325e-03 -1.850411e-03
-4.619396e-03 9.356030e-03 -1.849907e-03
-4.602075e-03 9.331992e-03 -1.850517e-03
-4.584808e-03 9.307894e-03 -1.851101e-03
-4.567568e-03 9.283847e-03 -1.851683e-03
-4.550379e-03 9.259862e-03 -1.852231e-03
-4.533229e-03 9.235865e-03 -1.852964e-03
-4.516107e-03 9.211869e-03 -1.853541e-03
-4.499015e-03 9.187913e-03 -1.854120e-03
-4.481942e-03 9.163931e-03 -1.854728e-03
-4.464924e-03 9.140026e-03 -1.855283e-03
-4.447950e-03 9.116165e-03 -1.855821e-03
-4.431079e-03 9.092438e-03 -1.856333e-03
-4.414232e-03 9.068710e-03 -1.856901e-03
-4.397363e-03 9.044909e-03 -1.857530e-03
-4.380588e-03 9.021116e-03 -1.857962e-03
-4.363823e-03 8.997333e-03 -1.858478e-03
-4.347076e-03 8.973600e-03 -1.859058e-03
-4.330382e-03 8.949851e-03 -1.859547e-03
-4.313742e-03 8.926187e-03 -1.860076e-03
-4.297122e-03 8.902526e-03 -1.860636e-03
-4.280632e-03 8.878948e-03 -1.861080e-03
-4.264131e-03 8.855333e-03 -1.861594e-03
-4.247635e-03 8.831694e-03 -1.862158e-03
-5.036401e-03 9.604464e-03 -2.893961e-04
-5.017841e-03 9.578721e-03 -2.941023e-04
-4.998748e-03 9.552440e-03 -2.998864e-04
-4.979758e-03 9.526234e-03 -3.056727e-04
-4.960781e-03 9.499979e-03 -3.114040e-04
-4.941804e-03 9.473782e-03 -3.172518e-04
-4.922947e-03 9.447623e-03 -3.230095e-04
-4.904074e-03 9.421407e-03 -3.287748e-04
-4.885122e-03 9.395177e-03 -3.346417e-04
-4.866237e-03 9.369106e-03 -3.405239e-04
-4.847318e-03 9.343072e-03 -3.464008e-04
-4.828320e-03 9.316960e-03 -3.523565e-04
-4.809248e-03 9.290781e-03 -3.583430e-04
-4.790176e-03 9.264689e-03 -3.642972e-04
-4.771089e-03 9.238579e-03 -3.702155e-04
-4.752039e-03 9.212566e-03 -3.761734e-04
-4.732923e-03 9.186477e-03 -3.821279e-04
-4.713747e-03 9.160408e-03 -3.881208e-04
-4.694570e-03 9.134277e-03 -3.940475e-04
-4.675376e-03 9.108219e-03 -4.000083e-04
-4.656120e-03 9.082155e-03 -4.060133e-04
-4.636793e-03 9.056003e-03 -4.120786e-04
-4.617458e-03 9.030038e-03 -4.181782e-04
-4.598101e-03 9.004145e-03 -4.243278e-04
-4.578819e-03 8.978240e-03 -4.303718e-04
-4.559470e-03 8.952330e-03 -4.364505e-04
-4.540064e-03 8.926435e-03 -4.425742e-04
-4.520663e-03 8.900612e-03 -4.486917e-04
-4.501186e-03 8.874714e-03 -4.548280e-04
-4.481671e-03 8.848838e-03 -4.609787e-04
-5.477166e-03 9.234546e-03 9.345144e-04
-5.454954e-03 9.207636e-03 9.246424e-04
-5.431985e-03 9.180443e-03 9.137735e-04
-5.408981e-03 9.153360e-03 9.027398e-04
-5.385915e-03 9.126160e-03 8.917509e-04
-5.362853e-03 9.099030e-03 8.807517e-04
-5.339904e-03 9.071941e-03 8.698269e-04
-5.316866e-03 9.044844e-03 8.588068e-04
-5.293796e-03 9.017771e-03 8.477941e-04
-5.270782e-03 8.990810e-03 8.367783e-04
-5.247675e-03 8.963810e-03 8.256694e-04
-5.224496e-03 8.936847e-03 8.144767e-04
-5.201341e-03 8.909963e-03 8.033039e-04
-5.178193e-03 8.882985e-03 7.921600e-04
-5.155050e-03 8.856108e-03 7.810201e-04
-5.131958e-03 8.829339e-03 7.698416e-04
-5.108756e-03 8.802563e-03 7.586120e-04
-5.085508e-03 8.775706e-03 7.473705e-04
-5.062350e-03 8.749009e-03 7.361344e-04
-5.039090e-03 8.722189e-03 7.248288e-04
-5.015825e-03 8.695476e-03 7.135287e-04
-4.992584e-03 8.668825e-03 7.022231e-04
-4.969332e-03 8.642214e-03 6.909170e-04
-4.946014e-03 8.615633e-03 6.795437e-04
-4.922698e-03 8.589150e-03 6.681399e-04
-4.899313e-03 8.562606e-03 6.567022e-04
-5.546292e-03 6.757039e-03 1.782517e-03
-5.978842e-03 5.545444e-03 2.519141e-03
-6.414842e-03 4.335262e-03 3.250837e-03
-6.854379e-03 3.126386e-03 3.977670e-03
-7.556226e-03 1.315830e-03 5.053217e-03
-8.270404e-03 -4.962785e-04 6.117762e-03
-8.236446e-03 -4.952510e-04 6.089036e-03
-8.201697e-03 -4.918736e-04 6.058863e-03
-8.167008e-03 -4.884324e-04 6.028541e-03
-8.132359e-03 -4.849086e-04 5.998078e-03
-8.097930e-03 -4.813151e-04 5.967572e-03
-8.063646e-03 -4.777142e-04 5.937052e-03
-8.871604e-03 -2.306060e-03 6.923277e-03
-8.834796e-03 -2.296416e-03 6.889281e-03
-8.798041e-03 -2.286679e-03 6.855109e-03
-8.761386e-03 -2.276851e-03 6.820801e-03
-8.725073e-03 -2.266864e-03 6.786578e-03
-8.688813e-03 -2.256812e-03 6.752175e-03
-8.652632e-03 -2.246845e-03 6.717634e-03
-8.616616e-03 -2.236898e-03 6.682992e-03
-8.580799e-03 -2.226876e-03 6.648354e-03
-8.545158e-03 -2.216764e-03 6.613677e-03
-8.509665e-03 -2.206551e-03 6.578880e-03
-8.474285e-03 -2.196318e-03 6.543989e-03
-8.439067e-03 -2.185984e-03 6.509052e-03
-8.404175e-03 -2.175637e-03 6.474200e-03
-8.369375e-03 -2.165094e-03 6.439256e-03
-8.334677e-03 -2.154503e-03 6.404236e-03
-8.300169e-03 -2.144035e-03 6.369093e-03
-8.265784e-03 -2.133399e-03 6.333917e-03
-8.231557e-03 -2.122727e-03 6.298696e-03
-8.197641e-03 -2.111995e-03 6.263596e-03
-8.163808e-03 -2.101021e-03 6.228415e-03
-8.130084e-03 -2.090099e-03 6.193125e-03
-8.096651e-03 -2.079144e-03 6.157874e-03
-8.063285e-03 -2.068077e-03 6.122528e-03
-8.030036e-03 -2.056974e-03 6.087121e-03
-7.997084e-03 -2.045732e-03 6.051849e-03
-7.964240e-03 -2.034392e-03 6.016499e-03
-7.931540e-03 -2.023034e-03 5.981113e-03
-7.899086e-03 -2.011511e-03 5.945787e-03
-7.866723e-03 -2.000001e-03 5.910366e-03
-7.834491e-03 -1.988433e-03 5.874925e-03
-8.938578e-03 -3.738968e-03 6.487157e-03
-8.903763e-03 -3.722517e-03 6.450073e-03
-8.868378e-03 -3.704806e-03 6.412560e-03
-8.833177e-03 -3.686987e-03 6.375000e-03
-8.798219e-03 -3.669077e-03 6.337501e-03
-8.763495e-03 -3.651088e-03 6.300082e-03
-8.729053e-03 -3.633037e-03 6.262748e-03
-8.694754e-03 -3.614875e-03 6.225364e-03
-8.660641e-03 -3.596596e-03 6.188016e-03
-8.626698e-03 -3.578179e-03 6.150639e-03
-8.592954e-03 -3.559741e-03 6.113331e-03
-8.559310e-03 -3.541154e-03 6.076026e-03
-8.525923e-03 -3.522421e-03 6.038898e-03
-8.492688e-03 -3.503537e-03 6.001826e-03
-8.459590e-03 -3.484585e-03 5.964740e-03
-8.426659e-03 -3.465407e-03 5.927799e-03
-8.393860e-03 -3.446150e-03 5.890846e-03
-8.361199e-03 -3.426795e-03 5.853937e-03
-8.328841e-03 -3.407381e-03 5.817203e-03
-8.296597e-03 -3.387935e-03 5.780435e-03
-8.264513e-03 -3.368399e-03 5.743706e-03
-8.232637e-03 -3.348633e-03 5.707220e-03
-8.200989e-03 -3.328916e-03 5.670701e-03
-8.169452e-03 -3.309042e-03 5.634249e-03
-8.138188e-03 -3.289105e-03 5.597975e-03
-8.107074e-03 -3.269066e-03 5.561754e-03
-8.076053e-03 -3.248933e-03 5.525493e-03
-8.045264e-03 -3.228671e-03 5.489417e-03
-8.014580e-03 -3.208291e-03 5.453387e-03
-7.984136e-03 -3.187859e-03 5.417584e-03
-7.953850e-03 -3.167293e-03 5.381851e-03
-7.923671e-03 -3.146591e-03 5.346160e-03
-7.893687e-03 -3.125846e-03 5.310567e-03
-8.289267e-03 -4.503613e-03 3.484056e-03
-8.704954e-03 -5.867105e-03 1.651679e-03
-8.673318e-03 -5.838752e-03 1.626012e-03
-8.641493e-03 -5.808635e-03 1.603028e-03
-8.609750e-03 -5.778374e-03 1.580004e-03
-8.578151e-03 -5.747997e-03 1.557048e-03
-8.546858e-03 -5.717615e-03 1.534404e-03
-8.515680e-03 -5.687089e-03 1.511748e-03
-8.484732e-03 -5.656550e-03 1.489118e-03
-8.454020e-03 -5.625972e-03 1.466740e-03
-8.423524e-03 -5.595354e-03 1.444377e-03
-8.393248e-03 -5.564673e-03 1.422203e-03
-8.363297e-03 -5.534076e-03 1.400157e-03
-7.316998e-03 -4.666455e-03 -4.978561e-04
-6.284479e-03 -3.781964e-03 -2.398984e-03
-5.598788e-03 -3.175286e-03 -3.667912e-03
-4.948045e-03 -2.565090e-03 -4.710776e-03
-4.332178e-03 -1.951383e-03 -5.527918e-03
-3.589349e-03 -1.010875e-03 -5.339963e-03
-2.844780e-03 -5.921815e-05 -5.142759e-03
-2.099236e-03 9.031897e-04 -4.935910e-03
-1.600237e-03 1.553419e-03 -4.792041e-03
-1.102786e-03 2.205007e-03 -4.645352e-03
-6.069181e-04 2.857883e-03 -4.495801e-03
1.266840e-04 3.843762e-03 -4.253706e-03
8.551004e-04 4.832909e-03 -4.003166e-03
1.576005e-03 5.822195e-03 -3.744960e-03
9.727318e-04 5.033221e-03 -3.569865e-03
3.704194e-04 4.243624e-03 -3.393171e-03
-2.310436e-04 3.453279e-03 -3.214862e-03
-1.128971e-03 2.259836e-03 -2.931549e-03
-2.024004e-03 1.064480e-03 -2.643352e-03
-2.913425e-03 -1.292711e-04 -2.351053e-03
-3.497880e-03 -9.183623e-04 -2.156630e-03
-4.078380e-03 -1.704644e-03 -1.960883e-03
-4.654995e-03 -2.488174e-03 -1.763842e-03
-5.508119e-03 -3.660991e-03 -1.455517e-03
-6.348313e-03 -4.823972e-03 -1.143888e-03
-5.609350e-03 -3.753332e-03 -8.297364e-04
-5.102586e-03 -3.021857e-03 -6.241221e-04
-5.114490e-03 -3.029811e-03 -4.186430e-04
-5.644010e-03 -3.775687e-03 -2.132983e-04
-4.861658e-03 -2.655482e-03 1.047135e-04
-4.070956e-03 -1.526212e-03 4.232700e-04
-3.271109e-03 -3.886687e-04 7.408129e-04
-2.730024e-03 3.776238e-04 9.449693e-04
-2.188135e-03 1.144224e-03 1.148631e-03
-1.645406e-03 1.911147e-03 1.351787e-03
-8.265488e-04 3.061535e-03 1.663143e-03
-4.718082e-06 4.209611e-03 1.969212e-03
8.165947e-04 5.356146e-03 2.274285e-03
3.035550e-04 4.630707e-03 2.466349e-03
-2.101332e-04 3.906017e-03 2.656923e-03
-7.244474e-04 3.182143e-03 2.846148e-03
-1.538782e-03 2.097741e-03 9.156686e-04
-2.319833e-03 1.016023e-03 1.199725e-03
-3.098817e-03 -6.261471e-05 1.484285e-03
-3.611105e-03 -7.714852e-04 1.665136e-03
-4.142057e-03 -1.476685e-03 1.107173e-03
-4.691699e-03 -2.178279e-03 -1.879624e-04
-5.444954e-03 -3.221844e-03 9.065783e-05
-6.187308e-03 -4.254140e-03 3.691113e-04
-6.916828e-03 -5.274771e-03 6.489580e-04
-6.416215e-03 -4.460742e-03 -6.444581e-04
-5.857466e-03 -3.644010e-03 -1.199022e-03
-5.240679e-03 -2.824548e-03 -1.016266e-03
-4.306112e-03 -1.584221e-03 -7.304825e-04
-3.364850e-03 -3.341125e-04 -4.418304e-04
-2.418822e-03 9.222582e-04 -1.518699e-04
-1.785284e-03 1.765094e-03 3.727679e-05
-1.151765e-03 2.607818e-03 2.262620e-04
-5.182040e-04 3.450459e-03 4.151850e-04
4.312917e-04 4.713119e-03 7.080161e-04
-2.258407e-04 3.750768e-03 1.000287e-03
-8.863203e-04 2.785627e-03 1.291606e-03
-1.512164e-03 2.145417e-03 -3.096314e-06
-2.043991e-03 1.506473e-03 -5.550293e-04
-2.482042e-03 8.687423e-04 -3.656424e-04
-3.132539e-03 -8.729810e-05 -7.059064e-05
-3.777228e-03 -1.038391e-03 2.254236e-04
-4.729293e-03 -1.982193e-03 -1.704889e-03
-5.141757e-03 -2.597466e-03 -1.507895e-03
-5.549839e-03 -3.208917e-03 -1.310083e-03
-5.953698e-03 -3.816716e-03 -1.111512e-03
-6.539122e-03 -4.720291e-03 -8.001199e-04
-5.530783e-03 -3.376021e-03 -4.865478e-04
-4.512838e-03 -2.019394e-03 -1.707965e-04
-3.827362e-03 -1.104446e-03 3.539319e-05
-3.140322e-03 -1.882393e-04 2.411905e-04
-2.451772e-03 7.291074e-04 4.466373e-04
-1.415396e-03 2.106775e-03 7.646965e-04
-8.816592e-04 3.485495e-03 -1.149777e-03
1.552571e-04 4.866440e-03 -8.289412e-04
8.419215e-04 5.784048e-03 -6.159112e-04
1.007244e-03 5.952051e-03 -4.022618e-04
6.523244e-04 5.372023e-03 -1.880282e-04
1.153168e-04 4.491749e-03 1.449189e-04
-4.236591e-04 3.607774e-03 4.795867e-04
-1.433396e-03 2.721271e-03 -1.440174e-03
-1.791516e-03 2.133639e-03 -1.217970e-03
-2.147842e-03 1.546730e-03 -9.946214e-04
-2.502337e-03 9.606221e-04 -7.701143e-04
-3.026005e-03 8.041588e-05 -4.212046e-04
-3.543147e-03 -7.948717e-04 -7.053132e-05
-4.330851e-03 -1.664848e-03 -9.731513e-04
-4.660043e-03 -2.231717e-03 -7.400401e-04
-4.985069e-03 -2.794810e-03 -5.063375e-04
-5.305950e-03 -3.354160e-03 -2.719599e-04
-6.341392e-03 -4.184727e-03 -2.177662e-03
-6.786262e-03 -5.002204e-03 -1.808776e-03
-7.214655e-03 -5.806589e-03 -1.435098e-03
-7.480124e-03 -6.320248e-03 -1.186392e-03
-7.738524e-03 -6.827399e-03 -9.367289e-04
-7.989922e-03 -7.328017e-03 -6.862955e-04
-7.968525e-03 -7.288244e-03 -6.979129e-04
-7.947508e-03 -7.248666e-03 -7.093793e-04
-7.926774e-03 -7.209133e-03 -7.207271e-04
-7.906373e-03 -7.169748e-03 -7.318402e-04
-7.886278e-03 -7.130479e-03 -7.428031e-04
-7.866475e-03 -7.091293e-03 -7.535942e-04
-7.847044e-03 -7.052306e-03 -7.641916e-04
-7.827833e-03 -7.013354e-03 -7.745725e-04
-7.808912e-03 -6.974521e-03 -7.847598e-04
-7.790281e-03 -6.935844e-03 -7.947233e-04
-7.771912e-03 -6.897143e-03 -8.045725e-04
-7.753833e-03 -6.858610e-03 -8.141732e-04
-7.736116e-03 -6.820281e-03 -8.236573e-04
-7.718710e-03 -6.782078e-03 -8.329694e-04
-7.701549e-03 -6.743950e-03 -8.420966e-04
-7.684739e-03 -6.706139e-03 -8.509133e-04
-7.668185e-03 -6.668442e-03 -8.595589e-04
-7.651873e-03 -6.630840e-03 -8.679913e-04
-6.366632e-03 -4.883130e-03 -4.350502e-04
-5.076577e-03 -3.128384e-03 5.689026e-08
-3.782451e-03 -1.366992e-03 4.377087e-04
-2.918028e-03 -1.852663e-04 7.254538e-04
-2.054613e-03 9.954706e-04 1.013181e-03
-1.192180e-03 2.175181e-03 1.300888e-03
1.037514e-04 3.942537e-03 1.742540e-03
1.396497e-03 5.706385e-03 2.183896e-03
2.688435e-03 7.468676e-03 2.624554e-03
3.539780e-03 8.635399e-03 2.910533e-03
4.387874e-03 9.798280e-03 3.195984e-03
5.232766e-03 1.095729e-02 3.480956e-03
5.206157e-03 1.093661e-02 3.458465e-03
5.179839e-03 1.091619e-02 3.435816e-03
5.153873e-03 1.089602e-02 3.413110e-03
5.128165e-03 1.087604e-02 3.390226e-03
5.102710e-03 1.085611e-02 3.367317e-03
5.077490e-03 1.083626e-02 3.344328e-03
5.052616e-03 1.081661e-02 3.321342e-03
5.027965e-03 1.079701e-02 3.298271e-03
5.003542e-03 1.077746e-02 3.275136e-03
4.979456e-03 1.075802e-02 3.252069e-03
4.955595e-03 1.073863e-02 3.228907e-03
4.931994e-03 1.071938e-02 3.205616e-03
4.908654e-03 1.070026e-02 3.182232e-03
4.885555e-03 1.068114e-02 3.158904e-03
4.862712e-03 1.066210e-02 3.135532e-03
4.840176e-03 1.064309e-02 3.112243e-03
4.817832e-03 1.062415e-02 3.088789e-03
4.795791e-03 1.060531e-02 3.065360e-03
4.773982e-03 1.058657e-02 3.041779e-03
4.752400e-03 1.056785e-02 3.018212e-03
4.731097e-03 1.054925e-02 2.994558e-03
4.710036e-03 1.053070e-02 2.970836e-03
4.689267e-03 1.051224e-02 2.947145e-03
4.668689e-03 1.049378e-02 2.923371e-03
4.648402e-03 1.047539e-02 2.899558e-03
4.628335e-03 1.045697e-02 2.875881e-03
4.608540e-03 1.043864e-02 2.852163e-03
4.588934e-03 1.042028e-02 2.828315e-03
4.569581e-03 1.040200e-02 2.804410e-03
4.550467e-03 1.038378e-02 2.780471e-03
4.531628e-03 1.036564e-02 2.756588e-03
4.513029e-03 1.034749e-02 2.732617e-03
4.494618e-03 1.032932e-02 2.708620e-03
4.476470e-03 1.031123e-02 2.684563e-03
4.458557e-03 1.029313e-02 2.660508e-03
4.440844e-03 1.027499e-02 2.636486e-03
4.423433e-03 1.025695e-02 2.612429e-03
4.406285e-03 1.023899e-02 2.588338e-03
4.389295e-03 1.022092e-02 2.564255e-03
4.372553e-03 1.020290e-02 2.540286e-03
4.355965e-03 1.018479e-02 2.516243e-03
4.339611e-03 1.016669e-02 2.492207e-03
4.323523e-03 1.014862e-02 2.468155e-03
4.307630e-03 1.013054e-02 2.444013e-03
4.291963e-03 1.011246e-02 2.419885e-03
4.276517e-03 1.009440e-02 2.395802e-03
4.261191e-03 1.007621e-02 2.371721e-03
4.246087e-03 1.005805e-02 2.347671e-03
4.231248e-03 1.003997e-02 2.323588e-03
4.216588e-03 1.002188e-02 2.299506e-03
4.202051e-03 1.000368e-02 2.275361e-03
4.187772e-03 9.985563e-03 2.251446e-03
4.173654e-03 9.967378e-03 2.227438e-03
4.159733e-03 9.949186e-03 2.203366e-03
4.146030e-03 9.931023e-03 2.179408e-03
4.132571e-03 9.912932e-03 2.155471e-03
4.119286e-03 9.894819e-03 2.131631e-03
4.106140e-03 9.876606e-03 2.107770e-03
4.093155e-03 9.858354e-03 2.083947e-03
4.080363e-03 9.840082e-03 2.060077e-03
4.067798e-03 9.821855e-03 2.036235e-03
4.055455e-03 9.803677e-03 2.012412e-03
4.043262e-03 9.785399e-03 1.988593e-03
4.031261e-03 9.767131e-03 1.964818e-03
4.019467e-03 9.748878e-03 1.941022e-03
4.007806e-03 9.730544e-03 1.917277e-03
3.996393e-03 9.712289e-03 1.893701e-03
3.985050e-03 9.693877e-03 1.870091e-03
3.973880e-03 9.675454e-03 1.846551e-03
3.962935e-03 9.657051e-03 1.823025e-03
3.952182e-03 9.638663e-03 1.799581e-03
3.941601e-03 9.620255e-03 1.776223e-03
3.931208e-03 9.601819e-03 1.752938e-03
3.920838e-03 9.583209e-03 1.729694e-03
3.910728e-03 9.564664e-03 1.706365e-03
3.900849e-03 9.546195e-03 1.683194e-03
3.891120e-03 9.527663e-03 1.660024e-03
3.881538e-03 9.509082e-03 1.636897e-03
3.872051e-03 9.490367e-03 1.613877e-03
3.862801e-03 9.471738e-03 1.590841e-03
3.853719e-03 9.453132e-03 1.567948e-03
3.844796e-03 9.434468e-03 1.545157e-03
3.836100e-03 9.415855e-03 1.522429e-03
3.827545e-03 9.397180e-03 1.499701e-03
3.819180e-03 9.378487e-03 1.476941e-03
3.810936e-03 9.359766e-03 1.454345e-03
3.802863e-03 9.340981e-03 1.431716e-03
3.794853e-03 9.322144e-03 1.409352e-03
3.787040e-03 9.303287e-03 1.386922e-03
3.779381e-03 9.284395e-03 1.364534e-03
3.771888e-03 9.265488e-03 1.342245e-03
3.764500e-03 9.246516e-03 1.320000e-03
3.757276e-03 9.227522e-03 1.297842e-03
3.750224e-03 9.208552e-03 1.275783e-03
3.743292e-03 9.189530e-03 1.253773e-03
3.736554e-03 9.170535e-03 1.231870e-03
3.729976e-03 9.151533e-03 1.210089e-03
3.723505e-03 9.132418e-03 1.188335e-03
3.717179e-03 9.113258e-03 1.166626e-03
3.710965e-03 9.094044e-03 1.145039e-03
3.704984e-03 9.074836e-03 1.123396e-03
3.699056e-03 9.055585e-03 1.101937e-03
3.693229e-03 9.036287e-03 1.080610e-03
2.277032e-03 7.447234e-03 1.227701e-03
8.531452e-04 5.853871e-03 1.371331e-03
7.030779e-04 4.789353e-03 1.331790e-04
1.518629e-04 3.726473e-03 -4.417544e-04
-7.996705e-04 2.665358e-03 -3.547235e-04
-1.015602e-03 1.073701e-03 -2.193072e-03
-1.231435e-03 -5.176506e-04 -4.031003e-03
-2.501627e-03 -2.109455e-03 -4.134003e-03
-2.640376e-03 -3.162994e-03 -5.361232e-03
-2.780260e-03 -4.214106e-03 -6.587123e-03
-2.921432e-03 -5.262871e-03 -7.811590e-03
-4.295932e-03 -6.848257e-03 -7.603588e-03
-4.276966e-03 -6.815783e-03 -7.596027e-03
-4.257370e-03 -6.782168e-03 -7.588595e-03
-4.238143e-03 -6.748623e-03 -7.581175e-03
-4.219151e-03 -6.714978e-03 -7.573752e-03
-4.200459e-03 -6.681304e-03 -7.566328e-03
-4.182056e-03 -6.647714e-03 -7.558963e-03
-4.163987e-03 -6.614111e-03 -7.551568e-03
-4.146239e-03 -6.580517e-03 -7.544134e-03
-4.128802e-03 -6.546978e-03 -7.536662e-03
-4.111622e-03 -6.513395e-03 -7.529239e-03
-4.094753e-03 -6.479823e-03 -7.521791e-03
-4.078096e-03 -6.446246e-03 -7.514444e-03
-4.061794e-03 -6.412702e-03 -7.507007e-03
-4.045847e-03 -6.379244e-03 -7.499501e-03
-4.030238e-03 -6.345951e-03 -7.492032e-03
-4.014801e-03 -6.312459e-03 -7.484518e-03
-3.999680e-03 -6.279023e-03 -7.476933e-03
-3.984948e-03 -6.245868e-03 -7.469323e-03
-3.970424e-03 -6.212577e-03 -7.461697e-03
-3.956161e-03 -6.179283e-03 -7.454056e-03
-3.942119e-03 -6.145994e-03 -7.446536e-03
-3.928399e-03 -6.112785e-03 -7.438846e-03
-3.914982e-03 -6.079641e-03 -7.431114e-03
-3.901873e-03 -6.046617e-03 -7.423262e-03
-3.889005e-03 -6.013592e-03 -7.415373e-03
-3.876395e-03 -5.980540e-03 -7.407452e-03
-3.864094e-03 -5.947736e-03 -7.399637e-03
-3.851997e-03 -5.914851e-03 -7.391726e-03
-3.840165e-03 -5.881997e-03 -7.383743e-03
-3.828630e-03 -5.849288e-03 -7.375660e-03
-4.572535e-03 -7.318195e-03 -6.644304e-03
-4.560056e-03 -7.282581e-03 -6.637637e-03
-4.546867e-03 -7.245052e-03 -6.631855e-03
-4.533947e-03 -7.207541e-03 -6.625992e-03
-4.521301e-03 -7.170076e-03 -6.620050e-03
-4.508923e-03 -7.132645e-03 -6.613956e-03
-4.496830e-03 -7.095301e-03 -6.607825e-03
-4.484987e-03 -7.057952e-03 -6.601618e-03
-4.473439e-03 -7.020824e-03 -6.595290e-03
-4.462132e-03 -6.983670e-03 -6.588868e-03
-4.451072e-03 -6.946524e-03 -6.582425e-03
-4.440307e-03 -6.909562e-03 -6.575914e-03
-4.429816e-03 -6.872703e-03 -6.569341e-03
-4.419579e-03 -6.835913e-03 -6.562700e-03
-4.409582e-03 -6.799213e-03 -6.555955e-03
-4.399858e-03 -6.762658e-03 -6.549175e-03
-4.390378e-03 -6.726140e-03 -6.542369e-03
-4.381147e-03 -6.689724e-03 -6.535332e-03
-4.372140e-03 -6.653308e-03 -6.528307e-03
-4.363379e-03 -6.617004e-03 -6.521109e-03
-4.354900e-03 -6.580941e-03 -6.513849e-03
-4.346680e-03 -6.544849e-03 -6.506518e-03
-4.338719e-03 -6.508791e-03 -6.499069e-03
-4.543802e-03 -7.744679e-03 -5.454556e-03
-4.535859e-03 -7.705567e-03 -5.449665e-03
-4.528051e-03 -7.665673e-03 -5.445326e-03
-4.520480e-03 -7.625795e-03 -5.440808e-03
-4.513180e-03 -7.586002e-03 -5.436056e-03
-4.506155e-03 -7.546236e-03 -5.431281e-03
-4.499430e-03 -7.506635e-03 -5.426505e-03
-4.492953e-03 -7.467238e-03 -5.421520e-03
-4.486731e-03 -7.427939e-03 -5.416383e-03
-4.480799e-03 -7.388879e-03 -5.411165e-03
-4.475104e-03 -7.349924e-03 -5.405652e-03
-4.419428e-03 -8.427760e-03 -4.254618e-03
-4.414422e-03 -8.385303e-03 -4.252644e-03
-4.409694e-03 -8.343026e-03 -4.250606e-03
-4.405242e-03 -8.300943e-03 -4.248489e-03
-4.401033e-03 -8.258944e-03 -4.246082e-03
-4.397085e-03 -8.217039e-03 -4.243637e-03
-4.393415e-03 -8.175287e-03 -4.241170e-03
-4.175375e-03 -9.136571e-03 -3.042244e-03
-4.172768e-03 -9.092545e-03 -3.042581e-03
-4.170533e-03 -9.047919e-03 -3.043567e-03
-4.168539e-03 -9.003570e-03 -3.044276e-03
-4.166751e-03 -8.959268e-03 -3.044830e-03
-4.165240e-03 -8.915088e-03 -3.045351e-03
-4.163975e-03 -8.871182e-03 -3.045687e-03
-4.162934e-03 -8.827356e-03 -3.045868e-03
-4.162106e-03 -8.783734e-03 -3.045836e-03
-3.747543e-03 -9.574479e-03 -1.818253e-03
-3.748287e-03 -9.529066e-03 -1.821125e-03
-3.749523e-03 -9.483186e-03 -1.824679e-03
-3.750958e-03 -9.437524e-03 -1.828017e-03
-3.752584e-03 -9.391957e-03 -1.831156e-03
-3.754425e-03 -9.346649e-03 -1.834125e-03
-3.756522e-03 -9.301494e-03 -1.837001e-03
-3.758779e-03 -9.256558e-03 -1.839609e-03
-3.180710e-03 -9.881725e-03 -6.118706e-04
-3.185352e-03 -9.834978e-03 -6.182174e-04
-3.190148e-03 -9.788463e-03 -6.243101e-04
-3.195111e-03 -9.742122e-03 -6.302064e-04
-3.200248e-03 -9.695923e-03 -6.359046e-04
-3.205536e-03 -9.649948e-03 -6.413856e-04
-3.211056e-03 -9.604079e-03 -6.467640e-04
-3.216708e-03 -9.558308e-03 -6.518626e-04
-2.491563e-03 -1.000972e-02 5.511246e-04
-2.498962e-03 -9.963412e-03 5.440576e-04
-2.507549e-03 -9.916806e-03 5.355454e-04
-2.516267e-03 -9.870309e-03 5.272391e-04
-2.525105e-03 -9.823924e-03 5.191288e-04
-2.534037e-03 -9.777928e-03 5.113110e-04
-2.543091e-03 -9.731989e-03 5.037188e-04
-1.704997e-03 -1.002737e-02 1.665105e-03
-1.717162e-03 -9.980834e-03 1.654038e-03
-1.729460e-03 -9.934374e-03 1.643160e-03
-1.741887e-03 -9.888074e-03 1.632461e-03
-1.754338e-03 -9.842065e-03 1.622088e-03
-8.474671e-04 -1.002562e-02 2.741284e-03
-8.619701e-04 -9.979426e-03 2.729075e-03
-8.777326e-04 -9.933246e-03 2.715670e-03
-8.936176e-04 -9.887106e-03 2.702405e-03
-9.095455e-04 -9.841132e-03 2.689380e-03
-9.255216e-04 -9.795469e-03 2.676624e-03
-9.415209e-04 -9.749883e-03 2.664141e-03
-9.575763e-04 -9.704506e-03 2.651881e-03
-9.738516e-04 -9.659274e-03 2.639706e-03
3.457196e-05 -9.639736e-03 3.658798e-03
1.638538e-05 -9.594838e-03 3.645203e-03
-3.257622e-06 -9.550094e-03 3.630454e-03
-2.290296e-05 -9.505578e-03 3.615921e-03
-4.253061e-05 -9.461151e-03 3.601639e-03
-6.213575e-05 -9.417060e-03 3.587667e-03
-8.190443e-05 -9.373052e-03 3.573773e-03
9.866316e-04 -9.200458e-03 4.500774e-03
9.634106e-04 -9.157228e-03 4.484393e-03
9.401591e-04 -9.114099e-03 4.468205e-03
9.168968e-04 -9.071210e-03 4.452197e-03
8.937528e-04 -9.028480e-03 4.436529e-03
8.705942e-04 -8.985923e-03 4.421024e-03
8.474804e-04 -8.943477e-03 4.405755e-03
1.988502e-03 -6.926235e-03 5.228815e-03
3.140426e-03 -4.913040e-03 6.036959e-03
4.302894e-03 -2.903878e-03 6.830551e-03
5.072411e-03 -1.562271e-03 7.340830e-03
5.844661e-03 -2.240712e-04 7.845223e-03
6.619613e-03 1.110782e-03 8.343658e-03
6.577735e-03 1.120423e-03 8.316162e-03
6.536032e-03 1.130016e-03 8.288693e-03
6.494507e-03 1.139724e-03 8.261231e-03
6.453274e-03 1.149560e-03 8.233867e-03
6.412283e-03 1.159523e-03 8.206533e-03
6.371484e-03 1.169498e-03 8.179222e-03
6.330968e-03 1.179710e-03 8.151973e-03
6.290668e-03 1.190024e-03 8.124772e-03
6.250600e-03 1.200409e-03 8.097623e-03
6.210747e-03 1.210871e-03 8.070528e-03
6.171061e-03 1.221435e-03 8.043416e-03
6.131665e-03 1.232058e-03 8.016375e-03
6.092542e-03 1.242787e-03 7.989461e-03
6.053688e-03 1.253529e-03 7.962603e-03
6.015057e-03 1.264395e-03 7.935769e-03
5.976679e-03 1.275551e-03 7.908970e-03
5.938478e-03 1.286668e-03 7.882199e-03
5.900492e-03 1.297789e-03 7.855463e-03
5.862895e-03 1.309144e-03 7.828866e-03
5.825377e-03 1.320584e-03 7.802198e-03
5.788083e-03 1.332012e-03 7.775586e-03
4.310294e-03 1.704866e-03 6.663016e-03
2.826941e-03 2.077510e-03 5.544506e-03
1.338779e-03 2.449166e-03 4.420069e-03
3.401290e-04 2.698251e-03 3.664649e-03
-6.573275e-04 2.946787e-03 2.909955e-03
-1.653582e-03 3.194987e-03 2.155946e-03
-3.136136e-03 3.558192e-03 1.028513e-03
-4.612324e-03 3.918453e-03 -9.544023e-05
-6.081391e-03 4.274991e-03 -1.215902e-03
-7.051830e-03 4.510409e-03 -1.956444e-03
-8.016851e-03 4.743776e-03 -2.693406e-03
-8.976422e-03 4.975110e-03 -3.426759e-03
-8.965188e-03 4.974720e-03 -3.416147e-03
-8.954166e-03 4.974301e-03 -3.405544e-03
-8.943325e-03 4.973792e-03 -3.394905e-03
-8.932770e-03 4.973058e-03 -3.384311e-03
-8.922395e-03 4.972317e-03 -3.373712e-03
-8.912166e-03 4.971441e-03 -3.363063e-03
-8.902160e-03 4.970302e-03 -3.352472e-03
-8.892385e-03 4.969205e-03 -3.341904e-03
-8.882718e-03 4.968029e-03 -3.331281e-03
-8.873250e-03 4.966676e-03 -3.320702e-03
-8.863921e-03 4.965168e-03 -3.310093e-03
-8.854777e-03 4.963578e-03 -3.299494e-03
-8.845859e-03 4.961944e-03 -3.288964e-03
-8.837072e-03 4.960024e-03 -3.278400e-03
-8.828526e-03 4.957957e-03 -3.267886e-03
-8.820132e-03 4.956082e-03 -3.257426e-03
-8.811815e-03 4.953959e-03 -3.246883e-03
-8.803639e-03 4.951747e-03 -3.236325e-03
-8.795622e-03 4.949521e-03 -3.225849e-03
-8.787781e-03 4.947109e-03 -3.215361e-03
-8.780054e-03 4.944587e-03 -3.204853e-03
-8.772442e-03 4.941954e-03 -3.194359e-03
-8.764951e-03 4.939263e-03 -3.183862e-03
-8.757613e-03 4.936457e-03 -3.173378e-03
-8.750485e-03 4.933491e-03 -3.163005e-03
-8.743441e-03 4.930393e-03 -3.152602e-03
-8.736532e-03 4.927176e-03 -3.142213e-03
-8.729775e-03 4.923894e-03 -3.131904e-03
-8.723100e-03 4.920429e-03 -3.121575e-03
-8.716514e-03 4.916869e-03 -3.111223e-03
-8.710074e-03 4.913143e-03 -3.100970e-03
-8.703799e-03 4.909305e-03 -3.090776e-03
-8.697599e-03 4.905472e-03 -3.080523e-03
-8.691384e-03 4.901433e-03 -3.070244e-03
-8.685314e-03 4.897277e-03 -3.060001e-03
-8.679332e-03 4.893046e-03 -3.049750e-03
-8.673409e-03 4.888599e-03 -3.039549e-03
-8.667650e-03 4.884171e-03 -3.029395e-03
-8.661991e-03 4.879653e-03 -3.019250e-03
-8.656403e-03 4.874898e-03 -3.009179e-03
-8.650864e-03 4.870087e-03 -2.999058e-03
-8.645404e-03 4.865135e-03 -2.988940e-03
-8.640007e-03 4.860121e-03 -2.978862e-03
-8.634665e-03 4.854959e-03 -2.968791e-03
-8.629391e-03 4.849591e-03 -2.958763e-03
-8.624197e-03 4.844151e-03 -2.948796e-03
-8.618990e-03 4.838542e-03 -2.938774e-03
-8.613909e-03 4.832847e-03 -2.928806e-03
-8.608899e-03 4.827026e-03 -2.918929e-03
-8.603967e-03 4.821187e-03 -2.909026e-03
-8.599056e-03 4.815219e-03 -2.899112e-03
-8.594203e-03 4.809053e-03 -2.889354e-03
-8.589326e-03 4.802712e-03 -2.879532e-03
-8.584471e-03 4.796267e-03 -2.869692e-03
-8.579591e-03 4.789607e-03 -2.859863e-03
-8.574842e-03 4.782895e-03 -2.850125e-03
-8.570120e-03 4.776102e-03 -2.840385e-03
-8.565413e-03 4.769133e-03 -2.830720e-03
-8.560686e-03 4.761982e-03 -2.821049e-03
-8.555993e-03 4.754811e-03 -2.811322e-03
-8.551321e-03 4.747388e-03 -2.801760e-03
-8.546653e-03 4.739863e-03 -2.792182e-03
-8.542013e-03 4.732259e-03 -2.782591e-03
-8.537441e-03 4.724631e-03 -2.773063e-03
-8.532839e-03 4.716881e-03 -2.763504e-03
-8.528240e-03 4.709021e-03 -2.753943e-03
-8.523599e-03 4.700863e-03 -2.744521e-03
-8.519025e-03 4.692638e-03 -2.735148e-03
-8.514408e-03 4.684329e-03 -2.725696e-03
-8.509791e-03 4.675888e-03 -2.716326e-03
-8.596800e-03 4.410736e-03 -3.061343e-03
-8.592030e-03 4.402585e-03 -3.051313e-03
-8.587093e-03 4.394606e-03 -3.040855e-03
-8.582150e-03 4.386528e-03 -3.030382e-03
-8.584386e-03 4.082637e-03 -3.328691e-03
-8.570659e-03 3.872075e-03 -3.515613e-03
-8.549840e-03 3.658384e-03 -3.698397e-03
-8.521876e-03 3.441596e-03 -3.876965e-03
-8.441486e-03 3.105231e-03 -4.124402e-03
-8.340860e-03 2.762307e-03 -4.357931e-03
-8.219998e-03 2.413603e-03 -4.576771e-03
-8.124787e-03 2.177019e-03 -4.707082e-03
-8.023354e-03 1.939276e-03 -4.832112e-03
-7.915755e-03 1.700459e-03 -4.951809e-03
-7.717205e-03 1.335053e-03 -5.108743e-03
-7.500056e-03 9.669699e-04 -5.249463e-03
-7.265479e-03 5.981586e-04 -5.373190e-03
-7.096224e-03 3.518763e-04 -5.437679e-03
-6.921978e-03 1.061959e-04 -5.496314e-03
-6.742751e-03 -1.389337e-04 -5.549122e-03
-6.440473e-03 -5.064871e-04 -5.602807e-03
-6.122823e-03 -8.735801e-04 -5.640368e-03
-5.790971e-03 -1.237870e-03 -5.660636e-03
-5.561188e-03 -1.477006e-03 -5.655815e-03
-5.327338e-03 -1.714200e-03 -5.644684e-03
-5.089413e-03 -1.949546e-03 -5.627360e-03
-4.705209e-03 -2.297360e-03 -5.577662e-03
-4.310313e-03 -2.639273e-03 -5.511078e-03
-3.904334e-03 -2.975279e-03 -5.427219e-03
-3.630801e-03 -3.190574e-03 -5.353105e-03
-3.354873e-03 -3.403089e-03 -5.273587e-03
-3.076732e-03 -3.612668e-03 -5.188636e-03
-1.601317e-03 -3.916676e-03 -3.375945e-03
-1.202701e-04 -4.211212e-03 -1.567087e-03
1.366016e-03 -4.496635e-03 2.379121e-04
2.348432e-03 -4.676109e-03 1.437103e-03
3.330728e-03 -4.852032e-03 2.632850e-03
4.312943e-03 -5.024432e-03 3.825106e-03
5.808712e-03 -5.273183e-03 5.603236e-03
7.307347e-03 -5.512703e-03 7.375079e-03
7.261679e-03 -5.493951e-03 7.356445e-03
7.214041e-03 -5.474824e-03 7.335542e-03
7.166416e-03 -5.455554e-03 7.314717e-03
7.118882e-03 -5.436169e-03 7.294023e-03
7.071484e-03 -5.416731e-03 7.273511e-03
7.024134e-03 -5.397231e-03 7.253013e-03
6.976815e-03 -5.377590e-03 7.232628e-03
6.929536e-03 -5.357886e-03 7.212311e-03
6.882325e-03 -5.338127e-03 7.192028e-03
6.835140e-03 -5.318242e-03 7.171825e-03
6.788086e-03 -5.298168e-03 7.151963e-03
6.741108e-03 -5.278138e-03 7.132024e-03
6.694239e-03 -5.258026e-03 7.112200e-03
6.647502e-03 -5.237788e-03 7.092652e-03
6.600880e-03 -5.217520e-03 7.073099e-03
6.554320e-03 -5.197132e-03 7.053639e-03
6.507906e-03 -5.176733e-03 7.034312e-03
6.461570e-03 -5.156267e-03 7.015011e-03
6.415283e-03 -5.135714e-03 6.995752e-03
6.369202e-03 -5.115119e-03 6.976713e-03
6.323104e-03 -5.094296e-03 6.957804e-03
6.277079e-03 -5.073425e-03 6.938926e-03
6.231173e-03 -5.052441e-03 6.920251e-03
6.185489e-03 -5.031401e-03 6.901722e-03
6.139851e-03 -5.010274e-03 6.883242e-03
6.094421e-03 -4.989209e-03 6.864899e-03
6.049028e-03 -4.967996e-03 6.846635e-03
6.003731e-03 -4.946707e-03 6.828438e-03
5.958631e-03 -4.925462e-03 6.810332e-03
5.913638e-03 -4.904116e-03 6.792332e-03
5.868687e-03 -4.882650e-03 6.774406e-03
5.823942e-03 -4.861093e-03 6.756686e-03
5.779253e-03 -4.839430e-03 6.739050e-03
5.734692e-03 -4.817716e-03 6.721486e-03
5.690372e-03 -4.796121e-03 6.704020e-03
5.646149e-03 -4.774344e-03 6.686692e-03
5.602018e-03 -4.752540e-03 6.669419e-03
5.558029e-03 -4.730627e-03 6.652308e-03
5.245686e-03 -4.611910e-03 6.463800e-03
4.918965e-03 -4.484925e-03 6.269054e-03
4.678097e-03 -4.388309e-03 6.129633e-03
4.433153e-03 -4.289035e-03 5.988726e-03
4.183942e-03 -4.186951e-03 5.846269e-03
3.806054e-03 -4.030715e-03 5.629211e-03
3.416298e-03 -3.866688e-03 5.407983e-03
3.015844e-03 -3.695264e-03 5.183368e-03
2.730544e-03 -3.570137e-03 5.027563e-03
2.442801e-03 -3.443362e-03 4.870904e-03
2.152618e-03 -3.314997e-03 4.713377e-03
1.718161e-03 -3.119374e-03 4.478770e-03
1.278145e-03 -2.919955e-03 4.242367e-03
8.329607e-04 -2.715183e-03 4.006121e-03
5.238563e-04 -2.570084e-03 3.846292e-03
2.140372e-04 -2.424414e-03 3.686325e-03
-9.666198e-05 -2.278057e-03 3.526168e-03
-5.547195e-04 -2.059481e-03 3.290870e-03
-1.014022e-03 -1.837934e-03 3.057317e-03
-1.473402e-03 -1.614202e-03 2.825902e-03
-1.785760e-03 -1.459579e-03 2.672484e-03
-2.097075e-03 -1.304975e-03 2.520109e-03
-2.407427e-03 -1.150490e-03 2.368668e-03
-2.858176e-03 -9.233096e-04 2.149535e-03
-3.304721e-03 -6.966937e-04 1.934107e-03
-3.747064e-03 -4.694757e-04 1.723557e-03
-4.041159e-03 -3.168153e-04 1.586854e-03
-4.332732e-03 -1.648611e-04 1.452042e-03
-4.621821e-03 -1.365636e-05 1.319067e-03
-6.162162e-03 1.709821e-03 1.130416e-03
-6.561514e-03 1.921614e-03 9.481681e-04
-6.947757e-03 2.125948e-03 7.719353e-04
-7.196162e-03 2.257020e-03 6.606611e-04
-7.439913e-03 2.385800e-03 5.518489e-04
-7.679003e-03 2.512273e-03 4.454957e-04
-8.004804e-03 2.685237e-03 2.987699e-04
-8.315592e-03 2.849434e-03 1.584279e-04
-8.609416e-03 3.004080e-03 2.564148e-05
-8.791936e-03 3.099805e-03 -5.440370e-05
-8.968026e-03 3.191808e-03 -1.316007e-04
-9.137606e-03 3.280105e-03 -2.058586e-04
-9.357459e-03 3.394077e-03 -3.048064e-04
-9.557274e-03 3.497362e-03 -3.942617e-04
-9.551724e-03 3.491233e-03 -3.870286e-04
-9.545937e-03 3.484850e-03 -3.797840e-04
-9.540118e-03 3.478321e-03 -3.725359e-04
-9.534373e-03 3.471626e-03 -3.654170e-04
-9.528611e-03 3.464818e-03 -3.583144e-04
-9.522832e-03 3.457928e-03 -3.512027e-04
-9.517052e-03 3.450903e-03 -3.441493e-04
-9.511359e-03 3.443712e-03 -3.372982e-04
-9.505576e-03 3.436375e-03 -3.304229e-04
-9.499827e-03 3.428918e-03 -3.236326e-04
-9.493981e-03 3.421263e-03 -3.169514e-04
-9.488199e-03 3.413483e-03 -3.103725e-04
-9.482393e-03 3.405558e-03 -3.038521e-04
-9.476569e-03 3.397523e-03 -2.974297e-04
-9.470702e-03 3.389369e-03 -2.910372e-04
-1.099434e-02 4.866568e-03 -2.482366e-04
-1.098333e-02 4.853139e-03 -2.422096e-04
-1.097238e-02 4.839740e-03 -2.362263e-04
-1.096130e-02 4.826182e-03 -2.302328e-04
-1.095017e-02 4.812497e-03 -2.243583e-04
-1.093909e-02 4.798706e-03 -2.186245e-04
-1.092791e-02 4.784777e-03 -2.129103e-04
-1.091670e-02 4.770680e-03 -2.074727e-04
-1.090540e-02 4.756439e-03 -2.020512e-04
-1.089406e-02 4.742117e-03 -1.966603e-04
-1.088272e-02 4.727684e-03 -1.915043e-04
-1.087137e-02 4.713208e-03 -1.863566e-04
-1.085988e-02 4.698576e-03 -1.812766e-04
-1.084839e-02 4.683880e-03 -1.763208e-04
-1.083673e-02 4.668936e-03 -1.715324e-04
-1.082500e-02 4.653913e-03 -1.668061e-04
-1.081320e-02 4.638848e-03 -1.622049e-04
-1.080127e-02 4.623614e-03 -1.575997e-04
-1.078930e-02 4.608258e-03 -1.531350e-04
-1.077716e-02 4.592765e-03 -1.487882e-04
-1.076499e-02 4.577201e-03 -1.446028e-04
-1.075275e-02 4.561563e-03 -1.404208e-04
-1.074028e-02 4.545743e-03 -1.363597e-04
-1.072784e-02 4.529843e-03 -1.324744e-04
-1.071533e-02 4.513854e-03 -1.286799e-04
-1.070270e-02 4.497853e-03 -1.248621e-04
-1.068998e-02 4.481693e-03 -1.212413e-04
-1.067715e-02 4.465412e-03 -1.177269e-04
-1.066423e-02 4.449113e-03 -1.142975e-04
-1.065115e-02 4.432680e-03 -1.108902e-04
-1.063790e-02 4.416084e-03 -1.075510e-04
-1.062457e-02 4.399417e-03 -1.044247e-04
-1.061107e-02 4.382626e-03 -1.013667e-04
-1.059746e-02 4.365758e-03 -9.833199e-05
-1.058380e-02 4.348854e-03 -9.555615e-05
-1.056996e-02 4.331803e-03 -9.283687e-05
-1.055597e-02 4.314645e-03 -9.014325e-05
-1.054187e-02 4.297451e-03 -8.764805e-05
-1.052762e-02 4.280151e-03 -8.520911e-05
-1.051329e-02 4.262793e-03 -8.280857e-05
-1.049872e-02 4.245336e-03 -8.047662e-05
-1.048409e-02 4.227824e-03 -7.833586e-05
-1.046926e-02 4.210193e-03 -7.620698e-05
-1.045429e-02 4.192500e-03 -7.418637e-05
-1.043922e-02 4.174738e-03 -7.224622e-05
-1.042397e-02 4.156842e-03 -7.043513e-05
-1.040843e-02 4.138804e-03 -6.877265e-05
-1.039279e-02 4.120726e-03 -6.711068e-05
-1.037704e-02 4.102577e-03 -6.555396e-05
-1.036129e-02 4.084487e-03 -6.412224e-05
-1.034538e-02 4.066305e-03 -6.277758e-05
-1.032928e-02 4.048029e-03 -6.153729e-05
-1.031302e-02 4.029715e-03 -6.045282e-05
-1.029665e-02 4.011352e-03 -5.941270e-05
-1.028006e-02 3.992868e-03 -5.847107e-05
-1.026325e-02 3.974309e-03 -5.760296e-05
-1.024635e-02 3.955713e-03 -5.682547e-05
-1.022932e-02 3.937056e-03 -5.607506e-05
-1.021200e-02 3.918298e-03 -5.549968e-05
-1.019454e-02 3.899491e-03 -5.503786e-05
-1.017693e-02 3.880618e-03 -5.459979e-05
-1.015920e-02 3.861740e-03 -5.430317e-05
-1.014123e-02 3.842751e-03 -5.404598e-05
-1.012323e-02 3.823815e-03 -5.394885e-05
-1.010507e-02 3.804834e-03 -5.383092e-05
-1.008669e-02 3.785757e-03 -5.386832e-05
-1.006817e-02 3.766650e-03 -5.400036e-05
-1.004940e-02 3.747480e-03 -5.424121e-05
-1.003054e-02 3.728320e-03 -5.456865e-05
-1.001146e-02 3.709020e-03 -5.489854e-05
-9.992174e-03 3.689695e-03 -5.535140e-05
-9.972733e-03 3.670333e-03 -5.587390e-05
-9.953172e-03 3.650925e-03 -5.643858e-05
-9.933547e-03 3.631572e-03 -5.703439e-05
-9.913771e-03 3.612214e-03 -5.781170e-05
-9.893742e-03 3.592734e-03 -5.862894e-05
-9.873510e-03 3.573201e-03 -5.943314e-05
-9.853204e-03 3.553667e-03 -6.028102e-05
-9.832746e-03 3.534142e-03 -6.130294e-05
-9.812049e-03 3.514499e-03 -6.226980e-05
-9.791152e-03 3.494830e-03 -6.338423e-05
-9.770103e-03 3.475134e-03 -6.458260e-05
-9.749032e-03 3.455564e-03 -6.593020e-05
-9.727770e-03 3.435918e-03 -6.729512e-05
-9.706331e-03 3.416209e-03 -6.870032e-05
-9.684723e-03 3.396565e-03 -7.026303e-05
-9.662822e-03 3.376767e-03 -7.184316e-05
-9.640758e-03 3.356927e-03 -7.348469e-05
-9.618691e-03 3.337171e-03 -7.512980e-05
-9.596330e-03 3.317390e-03 -7.696274e-05
-9.573807e-03 3.297548e-03 -7.881949e-05
-9.551215e-03 3.277803e-03 -8.075553e-05
-9.528516e-03 3.258007e-03 -8.267310e-05
-9.505636e-03 3.238156e-03 -8.464099e-05
-7.950017e-03 1.970260e-03 2.067987e-04
-6.390980e-03 6.968678e-04 4.960854e-04
-4.830113e-03 -5.804338e-04 7.832181e-04
-4.978947e-03 -6.240634e-04 9.705144e-04
-5.124784e-03 -6.692368e-04 1.156423e-03
-5.267692e-03 -7.158603e-04 1.340898e-03
-5.468451e-03 -7.923820e-04 1.612714e-03
-5.659237e-03 -8.747175e-04 1.880413e-03
-5.840046e-03 -9.624751e-04 2.143600e-03
-5.949642e-03 -1.025157e-03 2.311048e-03
-6.055262e-03 -1.089055e-03 2.475800e-03
-6.156960e-03 -1.154062e-03 2.637813e-03
-6.293486e-03 -1.257685e-03 2.872807e-03
-6.418877e-03 -1.365569e-03 3.100984e-03
-6.531570e-03 -1.478492e-03 3.321559e-03
-6.594085e-03 -1.556724e-03 3.457893e-03
-6.652493e-03 -1